figure,variant,snr_db,trial_id,seed,receiver_mode,K,paper_k,effective_K,selected_branch,reliability_decision,trigger_reasons,gof_pass,position_error_m,peb_position_m,error_over_peb,relative_outlier_5peb,y_nmse,raw_objective_final,direct_candidate_position_error_m,direct_candidate_y_nmse,direct_candidate_raw_objective,rescue_candidate_position_error_m,rescue_candidate_y_nmse,rescue_candidate_raw_objective,rescue_candidate_available,rescue_accept_decision,rescue_reject_reason,direct_candidate_lambda_jones_per_path,direct_candidate_snr_eff_per_path,direct_candidate_jones_leakage_per_path,rescue_candidate_lambda_jones_per_path,rescue_candidate_snr_eff_per_path,rescue_candidate_jones_leakage_per_path,direct_candidate_data_only_scaled_efim_lambda_min,direct_candidate_data_only_scaled_efim_condition_number,rescue_candidate_data_only_scaled_efim_lambda_min,rescue_candidate_data_only_scaled_efim_condition_number,legacy_stage1_decision,gof_reliability_decision,stage1_geometry_trigger,stage1_geometry_trigger_reasons
fig1_fig2,adaptive_jones_vp_proposed_force_lower_raw,-10.0,2,3251202663,full_6d,3,3,3,direct_vp_rollback,jnpp_then_vp,"[""poor_clock_consistency""]",True,0.00047215011796076226,0.0011044035239813662,0.4275159465796204,False,8.112450985233215e-05,2.2850568427675846,0.00047215011796076226,8.112450985233215e-05,2.2850568427675846,0.00047204390697864714,8.112231849303404e-05,2.2850568427677,True,rollback,existing_selector_rollback,"[60.34948672671642,21.58204684582606,26.62356556555159]","[0.016570149212171436,0.04633480814503082,0.037560709045946994]","[6.991905166923638e-10,2.8498737219767828e-08,2.0367671619082933e-07]","[60.34948644263648,21.582046804953645,26.62356592000279]","[0.01657014929017122,0.0463348082327804,0.037560708545884815]","[6.516430664692461e-10,2.7057284855525634e-08,2.0350817958374222e-07]",845274.8740580764,73.8959645852695,845275.1617866827,73.89593754741072,ris_only_stage2_then_vp,direct_vp,True,"[""poor_clock_consistency""]"
fig1_fig2,adaptive_jones_vp_proposed_force_lower_raw,-10.0,4,287230138,full_6d,3,3,3,direct_vp_rollback,jnpp_then_vp,"[""poor_clock_consistency""]",True,0.001064856194773368,0.001003554190456147,1.061084896959433,False,4.548606014275392e-05,4.9430920682842086,0.001064856194773368,4.548606014275392e-05,4.9430920682842086,0.0010648481660663325,4.5486364472609406e-05,4.9430920682844315,True,rollback,existing_selector_rollback,"[142.51975391887936,23.112229924643422,20.091595761768428]","[0.0070165711935390295,0.043267136197474285,0.04977205453649293]","[3.4574160390781816e-09,5.218487513829498e-09,2.906041281030949e-07]","[142.5197545611145,23.112229921663715,20.091595837201645]","[0.007016571161920336,0.043267136203052434,0.049772054349625436]","[3.6560478934290585e-09,5.662572929816707e-09,2.917202722549968e-07]",920349.1553423025,76.16100943243927,920349.1624179891,76.16101088190153,ris_only_stage2_then_vp,direct_vp,True,"[""poor_clock_consistency""]"
fig1_fig2,adaptive_jones_vp_proposed_force_lower_raw,-10.0,0,3147786918,full_6d,3,3,3,direct_vp_rollback,jnpp_then_vp,"[""poor_clock_consistency""]",True,0.0011793780217935037,0.001129316608688006,1.0443289443548138,False,2.597259984423452e-05,3.9631128937020983,0.0011793780217935037,2.597259984423452e-05,3.9631128937020983,0.0011794220775352294,2.597284615865444e-05,3.9631128937021187,True,rollback,existing_selector_rollback,"[72.09819048264322,18.799690678638335,30.135775451178954]","[0.013869973618389769,0.05319236454871451,0.033183151420473664]","[1.1982117561953878e-08,2.4889751066759858e-08,7.127068440055138e-08]","[72.09819041155592,18.799690676304007,30.135775443633467]","[0.01386997363206527,0.05319236455531932,0.033183151428782164]","[1.7688444495067658e-08,2.545124985359179e-08,8.063885350526092e-08]",826432.8294771122,69.53545334479595,826432.9513678538,69.53544363961015,ris_only_stage2_then_vp,direct_vp,True,"[""poor_clock_consistency""]"
fig1_fig2,adaptive_jones_vp_proposed_force_lower_raw,-10.0,3,3422926171,full_6d,3,3,3,direct_vp_rollback,jnpp_then_vp,"[""poor_clock_consistency""]",True,0.0016216485254757255,0.0010931293132064352,1.4834919399599713,False,0.000114168788835377,2.7814473116160445,0.0016216485254757255,0.000114168788835377,2.7814473116160445,0.0016219387535679145,0.00011416949685671477,2.7814473116160143,True,rollback,existing_selector_rollback,"[88.38380167105747,24.307383060908982,21.005714204378858]","[0.011314290413003136,0.04113976389271982,0.047606093763311985]","[1.7381356560761804e-08,6.440402797342569e-09,4.56736221786086e-08]","[88.38380270330944,24.307382975591086,21.005714257236253]","[0.011314290280861294,0.041139764037118665,0.04760609364351915]","[1.7304113622471993e-08,6.351468907922666e-09,4.7082642382432627e-08]",858433.1238501463,79.12499215827154,858433.7029455049,79.124941142159,ris_only_stage2_then_vp,direct_vp,True,"[""poor_clock_consistency""]"
fig1_fig2,adaptive_jones_vp_proposed_force_lower_raw,-10.0,6,1919806993,full_6d,3,3,3,direct_vp_rollback,jnpp_then_vp,"[""poor_clock_consistency""]",True,0.00034925319524521545,0.001115990090586808,0.312953670638394,False,2.2952432280146276e-05,4.1980149611106885,0.00034925319524521545,2.2952432280146276e-05,4.1980149611106885,0.00034924070936324925,2.295692019885808e-05,4.198014961111329,True,rollback,existing_selector_rollback,"[24.84171676255641,237.33378528659742,17.958154238968135]","[0.04025486682476169,0.0042134751213574375,0.0556850100892942]","[1.4855980601135478e-07,1.8487087092362653e-09,1.5944870998361418e-09]","[24.841716738110097,237.33378112054308,17.958154292202845]","[0.04025486686437582,0.004213475195318954,0.05568500992422292]","[1.5473052313363234e-07,3.540259623597289e-09,2.4799995643999857e-09]",824738.3233424108,72.27160616664234,824738.2665133062,72.27160611498957,ris_only_stage2_then_vp,direct_vp,True,"[""poor_clock_consistency""]"
fig1_fig2,adaptive_jones_vp_proposed_force_lower_raw,-10.0,7,1914929603,full_6d,3,3,3,direct_vp_rollback,jnpp_then_vp,"[""poor_clock_consistency""]",True,0.0013217136597437618,0.0010722217098529105,1.2326869038354735,False,5.38317513114108e-05,7.354901825245583,0.0013217136597437618,5.38317513114108e-05,7.354901825245583,0.0013218116271752612,5.3835512392645954e-05,7.354901825246502,True,rollback,existing_selector_rollback,"[146.96179074553734,48.73667821895946,13.703583213852415]","[0.006804489757371878,0.020518427527181058,0.07297361459267351]","[1.7312619773402066e-10,8.98994723893919e-09,1.5937078726619313e-06]","[146.96178881557788,48.73667780728596,13.703583305587104]","[0.006804489846731088,0.020518427700498023,0.07297361410417268]","[4.722376188235335e-11,6.351620723307876e-09,1.5989971977567013e-06]",811837.3107728121,85.06207352018464,811837.264593666,85.06206651880072,ris_only_stage2_then_vp,direct_vp,True,"[""poor_clock_consistency""]"
fig1_fig2,adaptive_jones_vp_proposed_force_lower_raw,-10.0,8,641399591,full_6d,3,3,3,direct_vp_rollback,jnpp_then_vp,"[""poor_clock_consistency""]",True,0.0007085169082601929,0.0010986110724718816,0.6449205965729305,False,3.732569471936574e-05,2.2558786983816117,0.0007085169082601929,3.732569471936574e-05,2.2558786983816117,0.0007085435341729067,3.7325642708028636e-05,2.2558786983816344,True,rollback,existing_selector_rollback,"[103.86217568990638,22.597303145238207,21.81676665650234]","[0.009628144155979977,0.04425306832192171,0.04583630634744585]","[1.0306786989901131e-08,2.8631510096293442e-09,3.984828265093662e-07]","[103.86217526921054,22.59730315603339,21.816766651601057]","[0.00962814419497897,0.044253068300781136,0.04583630635774329]","[1.056916028997688e-08,1.929132425143232e-09,3.6626816038928253e-07]",854083.0796211532,78.2316107812247,854083.1215334118,78.23160707514887,ris_only_stage2_then_vp,direct_vp,True,"[""poor_clock_consistency""]"
fig1_fig2,adaptive_jones_vp_proposed_force_lower_raw,-10.0,10,781873798,full_6d,3,3,3,direct_vp_rollback,jnpp_then_vp,"[""poor_clock_consistency""]",True,0.000718518689777751,0.0010995103100430099,0.6534897246662875,False,4.173192046906891e-05,2.2036031086999577,0.000718518689777751,4.173192046906891e-05,2.2036031086999577,0.0007185189754875232,4.173189445876268e-05,2.2036031086999683,True,rollback,existing_selector_rollback,"[39.05933012766797,362.45622286279314,13.93660907740282]","[0.02560207757512419,0.002758953872385552,0.07175346559784684]","[5.3221771617834376e-08,2.1586070767726495e-09,1.5034752981885425e-07]","[39.059330132087986,362.4562223597237,13.936609076936863]","[0.025602077572227017,0.002758953876214829,0.07175346560024586]","[5.862480871084705e-08,3.0636158729789965e-09,1.4624131977773124e-07]",816636.8036888589,81.25372110373758,816636.8000941124,81.25372173803551,ris_only_stage2_then_vp,direct_vp,True,"[""poor_clock_consistency""]"
fig1_fig2,adaptive_jones_vp_proposed_force_lower_raw,-10.0,13,634888206,full_6d,3,3,3,direct_vp_rollback,jnpp_then_vp,"[""poor_clock_consistency""]",True,0.001585644866875988,0.0011789249478039749,1.3449922065264839,False,4.152812554945881e-05,2.044646807993855,0.001585644866875988,4.152812554945881e-05,2.044646807993855,0.0015856858074452752,4.15284382580243e-05,2.0446468079938676,True,rollback,existing_selector_rollback,"[17.021815093784255,255.36684854820933,27.124092591326626]","[0.0587481413981604,0.003915935077046026,0.036867592772214706]","[2.0693118381114323e-07,2.960941948646503e-11,5.7053359184572626e-06]","[17.021815087016154,255.36684941181574,27.12409255698083]","[0.05874814142151944,0.003915935063803013,0.036867592818898176]","[2.3398004299984598e-07,1.0219043773159958e-09,1.3572041043922357e-07]",754056.0612063741,80.41011790478002,754056.129349869,80.41010811247918,ris_only_stage2_then_vp,direct_vp,True,"[""poor_clock_consistency""]"
fig1_fig2,adaptive_jones_vp_proposed_force_lower_raw,-10.0,5,2290547997,full_6d,3,3,3,direct_vp_rollback,jnpp_then_vp,"[""poor_clock_consistency""]",True,0.0017093345583367944,0.001213276957871888,1.4088576785757156,False,4.4996153431115666e-05,2.727697676226,0.0017093345583367944,4.4996153431115666e-05,2.727697676226,0.0017092808706214383,4.4995180379719765e-05,2.727697676226016,True,rollback,existing_selector_rollback,"[57.87522228056458,17.058355308713416,40.37985590512458]","[0.01727855134783544,0.058622298685040354,0.024764823388899487]","[5.179681179024573e-08,3.7551484995557867e-10,4.976406894163344e-08]","[57.875221747510125,17.05835535722208,40.37985597508212]","[0.017278551506977963,0.058622298518336745,0.024764823345994773]","[4.934646146460087e-08,3.351738204694703e-10,5.031650810011714e-08]",723093.7902387159,74.46660954143569,723093.6201294243,74.4666256115593,ris_only_stage2_then_vp,direct_vp,True,"[""poor_clock_consistency""]"
fig1_fig2,adaptive_jones_vp_proposed_force_lower_raw,-10.0,15,2734808712,full_6d,3,3,3,direct_vp_rollback,jnpp_then_vp,"[""poor_clock_consistency""]",True,0.0012986535978252286,0.0010946639617456621,1.1863490926971452,False,4.771841191935227e-05,1.1545138876721155,0.0012986535978252286,4.771841191935227e-05,1.1545138876721155,0.0012982730231782277,4.771525239865909e-05,1.1545138876718721,True,rollback,existing_selector_rollback,"[110.47903150667086,20.304042823775145,24.410858206703747]","[0.009051491366749894,0.04925127516027201,0.040965376616745396]","[1.3547211197693333e-09,1.4684782902922449e-09,2.409361970055893e-07]","[110.47902254991797,20.304042766878336,24.410858644535608]","[0.009051492100572205,0.04925127529828592,0.04096537588199258]","[1.4967503975010257e-09,1.5412224463058996e-09,2.4791729691939e-07]",865621.1124929201,70.1321193727963,865622.0697969829,70.13203349088691,ris_only_stage2_then_vp,direct_vp,True,"[""poor_clock_consistency""]"
fig1_fig2,adaptive_jones_vp_proposed_force_lower_raw,-10.0,9,3933360494,full_6d,3,3,3,direct_vp_rollback,jnpp_then_vp,"[""poor_clock_consistency""]",True,0.0003159370006886649,0.0012031253848123942,0.26259690359532195,False,5.098287940546506e-05,1.1912266562051912,0.0003159370006886649,5.098287940546506e-05,1.1912266562051912,0.0003159454475534593,5.09533085674335e-05,1.1912266562081364,True,rollback,existing_selector_rollback,"[22.285282978766492,37.45319179064385,35.33875245782942]","[0.04487266331464217,0.02669999410336921,0.028297546755731835]","[4.005876494218458e-08,3.325011955895832e-08,3.2509235965904694e-07]","[22.285283469360927,37.4531926769895,35.33875208398222]","[0.04487266232680286,0.02669999347150255,0.02829754705509041]","[3.79667717292079e-08,1.6674201929745244e-09,3.351095158077186e-07]",717663.1192433278,77.10473550584642,717663.001782439,77.10475840091904,ris_only_stage2_then_vp,direct_vp,True,"[""poor_clock_consistency""]"
fig1_fig2,adaptive_jones_vp_proposed_force_lower_raw,-10.0,12,2210497206,full_6d,3,3,3,direct_vp_rollback,jnpp_then_vp,[],True,0.0012580921913760892,0.0010167793032284742,1.237330645284969,False,3.0337992462191498e-05,4.559175738799348,0.0012580921913760892,3.0337992462191498e-05,4.559175738799348,0.0012581523048370658,3.0340645304537864e-05,4.559175738800873,True,rollback,existing_selector_rollback,"[51.46685029825501,35.3240606691893,18.970224315616164]","[0.019429982486852092,0.028309316115429105,0.05271418952899974]","[4.6336579359594684e-08,3.591690159786446e-08,6.995243648891832e-08]","[51.466851082818955,35.32406090011901,18.970223799522017]","[0.019429982190660205,0.02830931593035802,0.05271419096311485]","[5.178301187036644e-08,5.05200864165448e-08,8.782699189514224e-08]",911871.9838721618,71.36700596321215,911872.039904183,71.3670076813458,direct_vp,direct_vp,False,[]
fig1_fig2,adaptive_jones_vp_proposed_force_lower_raw,-10.0,11,3685333214,full_6d,3,3,3,direct_vp_rollback,jnpp_then_vp,"[""poor_clock_consistency""]",True,0.00010354845454053385,0.0013621409396788239,0.07601889901712322,False,2.5843319969427313e-05,2.8631281834070923,0.00010354845454053385,2.5843319969427313e-05,2.8631281834070923,0.00010345853729652805,2.5841860562575287e-05,2.863128183407334,True,rollback,existing_selector_rollback,"[319.1287417742574,12.084108701762768,69.91180201126511]","[0.0031335316089712876,0.08275331053932351,0.014303736581828558]","[1.7032962885600253e-09,2.7846272767209683e-07,1.10852208295889e-08]","[319.1287147980414,12.084108790278655,69.91180217469939]","[0.0031335318738513235,0.08275330993315695,0.014303736548390416]","[3.028871969317637e-09,2.7707673123204943e-07,1.143837488162201e-08]",601748.6801517614,91.82831426794142,601748.7608631758,91.82829558373697,ris_only_stage2_then_vp,direct_vp,True,"[""poor_clock_consistency""]"
fig1_fig2,adaptive_jones_vp_proposed_force_lower_raw,-10.0,17,2127997378,full_6d,3,3,3,direct_vp_rollback,jnpp_then_vp,"[""poor_clock_consistency""]",True,0.0009426507996956309,0.00126521488460785,0.7450519363655786,False,5.501227569877384e-05,4.004865708710878,0.0009426507996956309,5.501227569877384e-05,4.004865708710878,0.0009424971114962782,5.5012394237650386e-05,4.004865708710972,True,rollback,existing_selector_rollback,"[44.50687483557632,16.553705191774647,58.09450254667996]","[0.022468438946788256,0.06040943634059251,0.017213332692510585]","[9.105078959263461e-08,9.992491788066617e-09,6.413077328732681e-08]","[44.50687462601293,16.553705209152085,58.094502746173355]","[0.0224684390525823,0.06040943627717703,0.017213332633400927]","[8.308087819347702e-08,5.185430672076444e-09,5.750305431248896e-08]",655563.2009545494,82.9116935270365,655562.7455747642,82.91175363288626,ris_only_stage2_then_vp,direct_vp,True,"[""poor_clock_consistency""]"
fig1_fig2,adaptive_jones_vp_proposed_force_lower_raw,-10.0,18,3644258948,full_6d,3,3,3,direct_vp_rollback,jnpp_then_vp,"[""poor_clock_consistency""]",True,0.0005109416425222073,0.0010552850122600296,0.4841740729624877,False,3.669779245869093e-05,4.394780839674873,0.0005109416425222073,3.669779245869093e-05,4.394780839674873,0.0005110091526037532,3.669880935857707e-05,4.394780839674635,True,rollback,existing_selector_rollback,"[64.05487489348474,108.1992259288262,13.327460469389017]","[0.015611614285389213,0.009242210295936904,0.07503304941579139]","[9.38169347470478e-09,5.676226333046835e-09,5.038750977252688e-08]","[64.05487561561,108.1992253049203,13.327460475004404]","[0.015611614109391037,0.009242210349229979,0.075033049384177]","[4.388793856844491e-09,6.356467690361556e-09,6.883942199480756e-08]",808336.2057136612,80.65498606378686,808336.2283966715,80.65498273848972,ris_only_stage2_then_vp,direct_vp,True,"[""poor_clock_consistency""]"
fig1_fig2,adaptive_jones_vp_proposed_force_lower_raw,-10.0,19,3846521747,full_6d,3,3,3,direct_vp_rollback,jnpp_then_vp,"[""poor_clock_consistency""]",True,0.0022616663956822563,0.0012511146204778243,1.8077211781111495,False,6.801161557738064e-05,1.1852845875166582,0.0022616663956822563,6.801161557738064e-05,1.1852845875166582,0.0022617833444509706,6.80111126490276e-05,1.1852845875166536,True,rollback,existing_selector_rollback,"[39.15189715162259,18.67000899830257,47.945783232529514]","[0.025541546456565634,0.053561838136888286,0.020856891524791896]","[2.9451813555357537e-08,8.494207421086984e-09,3.278989285592524e-08]","[39.15189733654438,18.670008981048213,47.945783230374154]","[0.0255415463359281,0.0535618381863888,0.0208568915257295]","[5.046277465260769e-08,1.6230942292496035e-09,2.9416330692401027e-08]",667050.604983404,80.26256490244099,667050.9710372589,80.26251846127933,ris_only_stage2_then_vp,direct_vp,True,"[""poor_clock_consistency""]"
fig1_fig2,adaptive_jones_vp_proposed_force_lower_raw,-10.0,20,3607282624,full_6d,3,3,3,direct_vp_rollback,jnpp_then_vp,"[""poor_clock_consistency""]",True,0.00042725634295734773,0.00106757230283559,0.4002130270919428,False,6.764497527645972e-05,5.7181199546044335,0.00042725634295734773,6.764497527645972e-05,5.7181199546044335,0.00042719393466913097,6.764175987621731e-05,5.718119954605434,True,rollback,existing_selector_rollback,"[42.84698076481959,79.33591914359307,15.830716740072587]","[0.023338867339241415,0.01260463117734511,0.06316833384131311]","[8.271175435742728e-08,3.4458060265008445e-09,6.170199733015762e-08]","[42.84697930246383,79.33592325745155,15.830716863677386]","[0.023338868135790614,0.012604630523748774,0.0631683333481005]","[8.370078671148743e-08,3.479992573404822e-09,6.218591888490822e-08]",856213.1432055569,65.48366769759068,856212.9548573733,65.48368220408192,ris_only_stage2_then_vp,direct_vp,True,"[""poor_clock_consistency""]"
fig1_fig2,adaptive_jones_vp_proposed_force_lower_raw,-10.0,22,3206710796,full_6d,3,3,3,direct_vp_rollback,jnpp_then_vp,"[""poor_clock_consistency""]",True,0.0006275205218457333,0.0013433830462335197,0.46711957814647875,False,5.039083719052071e-05,1.0713587781139395,0.0006275205218457333,5.039083719052071e-05,1.0713587781139395,0.0006274882427544014,5.039081564103655e-05,1.0713587781139464,True,rollback,existing_selector_rollback,"[24.656397554376113,21.9133072130987,70.89377529690601]","[0.04055742521874854,0.04563437140060427,0.01410561076400665]","[1.1989945245215757e-07,4.334070103180889e-08,1.0523163870440275e-07]","[24.65639754105084,21.913307213147952,70.8937754077722]","[0.04055742524066735,0.04563437140050171,0.0141056107419478]","[1.1963416007959746e-07,4.344599455952069e-08,1.0526930192218332e-07]",568962.3502140029,85.35874101011383,568962.2562535793,85.35875508211059,ris_only_stage2_then_vp,direct_vp,True,"[""poor_clock_consistency""]"
fig1_fig2,adaptive_jones_vp_proposed_force_lower_raw,-10.0,21,4000820147,full_6d,3,3,3,direct_vp_rollback,jnpp_then_vp,"[""poor_clock_consistency""]",True,0.0007149525444851274,0.0014759415970070314,0.48440435985741875,False,3.0923162128665096e-05,3.478441292620828,0.0007149525444851274,3.0923162128665096e-05,3.478441292620828,0.0007145072347095849,3.090576516278288e-05,3.4784412926176027,True,rollback,existing_selector_rollback,"[11.458518279832434,462.55187346650064,93.8573293799279]","[0.08727131864410353,0.002161919682744234,0.010654468931863729]","[3.689923163208556e-08,7.3374847461456945e-09,1.9045520947532046e-08]","[11.458518263098751,462.5519479861775,93.85732292874061]","[0.08727131877155199,0.002161919334447017,0.010654469664187776]","[1.8393295628304863e-08,2.181202362456653e-10,5.511303115720963e-09]",509999.4308941791,136.26239111677302,509998.85028830817,136.26250280997832,ris_only_stage2_then_vp,direct_vp,True,"[""poor_clock_consistency""]"
fig1_fig2,adaptive_jones_vp_proposed_force_lower_raw,-10.0,14,1092560480,full_6d,3,3,3,direct_vp_rollback,jnpp_then_vp,"[""poor_clock_consistency""]",True,0.0011081150579330176,0.0011431537096209005,0.9693491335478387,False,6.063326040318495e-05,2.1617529816192276,0.0011081150579330176,6.063326040318495e-05,2.1617529816192276,0.001108062592721335,6.063395839364445e-05,2.161752981619289,True,rollback,existing_selector_rollback,"[37.59174736964779,35.38756205441082,22.514979491250823]","[0.026601583324371483,0.028258516323533208,0.04441487501092677]","[5.110235815023582e-08,4.828614336815906e-08,2.2244730313350467e-07]","[37.59174723800527,35.38756228010002,22.514979501507227]","[0.026601583417527556,0.02825851614331051,0.04441487499069416]","[4.753551213014542e-08,4.7197635421339556e-08,1.898151206508377e-07]",792488.19806709,68.69347077336909,792487.9330512255,68.69349348811346,ris_only_stage2_then_vp,direct_vp,True,"[""poor_clock_consistency""]"
fig1_fig2,adaptive_jones_vp_proposed_force_lower_raw,-10.0,23,2043173887,full_6d,3,3,3,direct_vp_rollback,jnpp_then_vp,"[""poor_clock_consistency""]",True,0.0016639732759041273,0.0011079693799400164,1.501822438445196,False,5.141619117803837e-05,3.2753090571116195,0.0016639732759041273,5.141619117803837e-05,3.2753090571116195,0.0016639576029180846,5.141282534746752e-05,3.2753090571122114,True,rollback,existing_selector_rollback,"[123.96996080715867,20.733152017436407,22.849073660384093]","[0.008066470242993614,0.048231933048012925,0.04376545040033544]","[5.3570542195524516e-08,2.2713309431754623e-09,2.4961345709147973e-09]","[123.96996459501926,20.73315196484542,22.849073261469986]","[0.008066469996525327,0.04823193317035636,0.043765451164421376]","[5.353688425003873e-08,2.1148844616022245e-09,2.5711422301367976e-09]",837638.0385656568,64.17189407695491,837638.1465677399,64.17189690959036,ris_only_stage2_then_vp,direct_vp,True,"[""poor_clock_consistency""]"
fig1_fig2,adaptive_jones_vp_proposed_force_lower_raw,-10.0,26,890721611,full_6d,3,3,3,direct_vp_rollback,jnpp_then_vp,"[""poor_clock_consistency""]",True,0.0017397357147467352,0.0011642683246888541,1.494273852388514,False,2.6466926801856703e-05,4.766393530106699,0.0017397357147467352,2.6466926801856703e-05,4.766393530106699,0.0017397592155896269,2.6467164071476927e-05,4.7663935301067095,True,rollback,existing_selector_rollback,"[19.55165519378348,98.79520695514165,25.601115461485417]","[0.05114656483397897,0.010121948530916674,0.039060798014008774]","[3.305179111972927e-08,1.860169963273266e-09,2.0534488998184243e-07]","[19.55165520027327,98.7952068584694,25.601115457738377]","[0.05114656481700186,0.010121948540821117,0.039060798019725805]","[3.3481713470020236e-08,1.926841918109006e-09,2.049960027879844e-07]",768534.4259912047,86.75093093494694,768534.3610215252,86.75093819571559,ris_only_stage2_then_vp,direct_vp,True,"[""poor_clock_consistency""]"
fig1_fig2,adaptive_jones_vp_proposed_force_lower_raw,-10.0,25,3407116044,full_6d,3,3,3,direct_vp_rollback,jnpp_then_vp,"[""poor_clock_consistency""]",True,0.0010165645255795293,0.0013626566801322015,0.7460166162183308,False,7.04622906381762e-05,2.045387890719765,0.0010165645255795293,7.04622906381762e-05,2.045387890719765,0.001016497778345776,7.046186059100223e-05,2.0453878907197813,True,rollback,existing_selector_rollback,"[21.21028422134577,25.18033089145033,76.41314118388823]","[0.04714694011372097,0.03971353689853049,0.013086754247114207]","[1.3112325379990451e-08,8.601582789649108e-09,2.4833679892913912e-08]","[21.210284234434145,25.180330909659443,76.41314095595456]","[0.047146940084627685,0.03971353686981171,0.013086754286150842]","[1.309639007490369e-08,8.746279152016944e-09,2.4668337621413398e-08]",550108.159914208,83.24115144877409,550108.3577061077,83.24112141032346,ris_only_stage2_then_vp,direct_vp,True,"[""poor_clock_consistency""]"
fig1_fig2,adaptive_jones_vp_proposed_force_lower_raw,-10.0,28,4133035554,full_6d,3,3,3,direct_vp_rollback,jnpp_then_vp,[],True,0.0007896085048266958,0.0014163952249484026,0.5574775252828603,False,2.9302470659319144e-05,3.542768288666307,0.0007896085048266958,2.9302470659319144e-05,3.542768288666307,0.0007893453409839778,2.92982950529008e-05,3.5427682886661755,True,rollback,existing_selector_rollback,"[18.341262999202325,25.758860763725718,147.21914032071902]","[0.054521872350074774,0.03882159266074634,0.00679259502313535]","[6.687473201369004e-08,1.3298465165670582e-08,2.106647672727652e-08]","[18.341263100685218,25.758860770998442,147.21913971414477]","[0.054521872048403225,0.0388215926497855,0.00679259505112229]","[6.025170286163034e-08,1.1419203765992732e-08,1.6770381273103307e-08]",511663.2242750797,89.1945295960333,511663.9318948383,89.19441166878552,direct_vp,direct_vp,False,[]
fig1_fig2,adaptive_jones_vp_proposed_force_lower_raw,-10.0,30,635628036,full_6d,3,3,3,direct_vp_rollback,jnpp_then_vp,"[""poor_clock_consistency""]",True,0.002249015955205327,0.001122363957541241,2.0038205433220067,False,6.707929488673753e-05,3.85678018344948,0.002249015955205327,6.707929488673753e-05,3.85678018344948,0.0022489372821139766,6.707830391391037e-05,3.8567801834494584,True,rollback,existing_selector_rollback,"[32.95586768876187,30.98216778002848,26.74519634158189]","[0.030343610109469205,0.03227663109531126,0.03738989189690533]","[2.7110227222789798e-08,3.6424226856750003e-09,1.2919110618587242e-08]","[32.9558677518876,30.982167759243602,26.745196253368892]","[0.030343610051347152,0.03227663111696455,0.03738989202022746]","[3.0455248109546404e-08,1.4654220943865467e-09,1.4082618897823862e-08]",822057.958374116,70.4752731573509,822057.7234387359,70.47529253581537,ris_only_stage2_then_vp,direct_vp,True,"[""poor_clock_consistency""]"
fig1_fig2,adaptive_jones_vp_proposed_force_lower_raw,-10.0,1,112311654,full_6d,3,3,3,ris_only_stage2_then_vp,jnpp_then_vp,"[""low_assignment_margin"",""poor_clock_consistency""]",False,1.0104428384951798,0.001436574485184122,703.3696121685427,True,0.8553977207654877,3.295549042752271,1.1337025643511474,0.9967458532356012,3.3382752157698086,1.0104428384951798,0.8553977207654877,3.295549042752271,True,accepted,accepted,"[10184.26157373231,676267.1042324139,5704.797105941715]","[9.819072129833957e-05,1.4787046678367254e-06,0.00017529107095740063]","[4.078102295852464e-08,1.4082921062485106e-13,7.002251505136526e-11]","[75.71697044332019,109135.98562643297,44127.47731502699]","[0.013207078863157338,9.162879549986052e-06,2.266161622459181e-05]","[7.90886995185776e-09,1.3877775754874097e-10,2.693078271061863e-10]",280.7964235951483,870.6791400044032,10575.97806484789,1406.5597813847264,ris_only_stage2_then_vp,jnpp_then_vp,True,"[""low_assignment_margin"",""poor_clock_consistency""]"
fig1_fig2,adaptive_jones_vp_proposed_force_lower_raw,-10.0,32,2857393641,full_6d,3,3,3,direct_vp_rollback,jnpp_then_vp,"[""poor_clock_consistency""]",True,0.002118275014318804,0.0011542732131935695,1.835159120134215,False,8.649509081260921e-05,1.8062187147547284,0.002118275014318804,8.649509081260921e-05,1.8062187147547284,0.002118781751792856,8.650117511711476e-05,1.8062187147549063,True,rollback,existing_selector_rollback,"[21.357891737736022,45.194645499621735,32.08873825924269]","[0.04682110070872773,0.02212651496432636,0.031163581188172022]","[2.2582717978188806e-08,9.468794907114312e-09,3.6099599644806497e-07]","[21.35789198018096,45.19464517713345,32.08873806598294]","[0.046821100177236195,0.022126515122211036,0.031163581375859863]","[2.3993246154791265e-08,8.886345532842308e-09,3.540271479579102e-07]",775171.4679910048,73.96456280902495,775169.8814504537,73.96471299971486,ris_only_stage2_then_vp,direct_vp,True,"[""poor_clock_consistency""]"
fig1_fig2,adaptive_jones_vp_proposed_force_lower_raw,-10.0,16,1080178429,full_6d,3,3,3,direct_vp_rollback,jnpp_then_vp,"[""low_assignment_margin"",""poor_clock_consistency""]",False,0.0002675569981174075,0.0010492150088653523,0.2550068344969163,False,1.8684955480742225e-05,4.8092889548212145,0.0002675569981174075,1.8684955480742225e-05,4.8092889548212145,0.00026766224791845394,1.8685915648365846e-05,4.809288954821254,True,rollback,existing_selector_rollback,"[28.057614502594745,2011.365146372346,15.834561415872171]","[0.03564094872995932,0.0004971747669945524,0.06315299639318019]","[2.132532959561068e-07,3.2389253873758906e-07,6.896967021264101e-08]","[28.057614505849333,2011.3650917401715,15.834561444604592]","[0.03564094872582509,0.0004971747804986839,0.06315299627858664]","[1.7595702161142765e-07,3.077418283555636e-07,1.4232186035314853e-08]",856473.1954159081,87.57449387841355,856473.1400411287,87.57450279553709,ris_only_stage2_then_vp,jnpp_then_vp,True,"[""low_assignment_margin"",""poor_clock_consistency""]"
fig1_fig2,adaptive_jones_vp_proposed_force_lower_raw,-10.0,29,1456316145,full_6d,3,3,3,direct_vp_rollback,jnpp_then_vp,"[""poor_clock_consistency""]",True,0.0005415937133008346,0.00107917732895236,0.5018579419441669,False,4.6150711693171196e-05,5.857033549825508,0.0005415937133008346,4.6150711693171196e-05,5.857033549825508,0.0005415917411802925,4.615042315910821e-05,5.857033549825534,True,rollback,existing_selector_rollback,"[70.30048007885914,23.486893315412143,23.176792441682156]","[0.014224653925662464,0.042576937977587326,0.04314660894051843]","[9.230981594838842e-09,1.9026071559999568e-08,1.6680969746542913e-07]","[70.30048004413266,23.48689335077162,23.176792430878244]","[0.014224653932689048,0.042576937913487815,0.043146608960631314]","[1.4636776369412488e-08,1.7377268827105445e-08,1.769498516487433e-07]",871402.5921327226,77.29536621694513,871402.584234214,77.29536620463743,ris_only_stage2_then_vp,direct_vp,True,"[""poor_clock_consistency""]"
fig1_fig2,adaptive_jones_vp_proposed_force_lower_raw,-10.0,34,1995992425,full_6d,3,3,3,direct_vp_rollback,jnpp_then_vp,"[""poor_clock_consistency""]",True,0.0006594154553439169,0.0012635780725055042,0.5218636423758014,False,4.305947077440118e-05,7.6429948964022785,0.0006594154553439169,4.305947077440118e-05,7.6429948964022785,0.0006594285548843607,4.306177446968477e-05,7.642994896402309,True,rollback,existing_selector_rollback,"[117.18587157274864,14.939987463460337,41.96544859827958]","[0.008533451912434828,0.06693446044923548,0.02382912689747896]","[4.2528853329820236e-08,9.80314708593659e-09,8.616802757748881e-08]","[117.18587202362912,14.939987477270087,41.96544853746534]","[0.008533451879601802,0.06693446038736474,0.023829126932010943]","[4.48942624444276e-08,1.0372899178988804e-08,8.815451362578805e-08]",670793.0652114814,76.69430789494787,670793.1940336656,76.69429169616006,ris_only_stage2_then_vp,direct_vp,True,"[""poor_clock_consistency""]"
fig1_fig2,adaptive_jones_vp_proposed_force_lower_raw,-10.0,24,2465240206,full_6d,3,3,3,direct_vp_rollback,jnpp_then_vp,"[""low_assignment_margin"",""poor_clock_consistency""]",True,0.00040449889855185406,0.0014217162358910092,0.2845145102379372,False,3.380299535944842e-05,5.251363788216717,0.00040449889855185406,3.380299535944842e-05,5.251363788216717,0.0004045395431725243,3.3803491786510686e-05,5.251363788216757,True,rollback,existing_selector_rollback,"[56.27988230602981,12.455722255668832,571.8425759192814]","[0.01776833850693004,0.08028438491653309,0.0017487330281775182]","[2.7504134800405166e-09,3.488846542338744e-09,6.215843630548938e-07]","[56.27988226999452,12.455722264576119,571.8425665028851]","[0.01776833851830688,0.08028438485912043,0.0017487330569734916]","[1.483649068315329e-09,5.605053462838435e-10,6.349897979353195e-07]",515920.5602802487,105.6960411765786,515920.6803998837,105.69601527205448,ris_only_stage2_then_vp,direct_vp,True,"[""low_assignment_margin"",""poor_clock_consistency""]"
fig1_fig2,adaptive_jones_vp_proposed_force_lower_raw,-10.0,35,714029656,full_6d,3,3,3,direct_vp_rollback,jnpp_then_vp,"[""poor_clock_consistency""]",True,0.0016686013666405565,0.00121110425305121,1.3777520493687854,False,7.581633730967458e-05,1.9215008319151694,0.0016686013666405565,7.581633730967458e-05,1.9215008319151694,0.0016685291729226026,7.581237375601435e-05,1.9215008319152218,True,rollback,existing_selector_rollback,"[271.751088292227,13.474283499877748,45.330293078377785]","[0.0036798380680371037,0.07421544900666507,0.022060302990444647]","[1.0891381043567665e-09,1.1065620175330034e-08,4.335670923371669e-09]","[271.751088615742,13.474283500153167,45.33029327641388]","[0.0036798380636563197,0.0742154490051481,0.022060302894069]","[8.564839321304364e-10,1.2479245622764627e-08,5.2263745218789746e-09]",743606.6163297122,81.10701156330647,743606.7614886094,81.10698918137894,ris_only_stage2_then_vp,direct_vp,True,"[""poor_clock_consistency""]"
fig1_fig2,adaptive_jones_vp_proposed_force_lower_raw,-10.0,38,445142407,full_6d,3,3,3,direct_vp_rollback,jnpp_then_vp,"[""poor_clock_consistency""]",True,0.002623948691949304,0.0015192585699481732,1.7271244960223033,False,6.945543447380951e-05,7.09371610270266,0.002623948691949304,6.945543447380951e-05,7.09371610270266,0.0026238881253479746,6.945285698974701e-05,7.093716102704314,True,rollback,existing_selector_rollback,"[11.563728128998331,159.94600215394237,137.59780794237818]","[0.08647730116386416,0.006252110001959219,0.007267557636391795]","[5.4196812968407136e-08,8.207117699390025e-07,3.712928047636092e-08]","[11.563728139855467,159.94600174929855,137.59781062478416]","[0.08647730108267099,0.0062521100177762925,0.007267557494714105]","[7.371436867031922e-08,4.9101929764914626e-09,5.6215129988252895e-09]",470229.0986615906,122.54616425779813,470229.1402344229,122.54614661503874,ris_only_stage2_then_vp,direct_vp,True,"[""poor_clock_consistency""]"
fig1_fig2,adaptive_jones_vp_proposed_force_lower_raw,-10.0,31,3399679668,full_6d,3,3,3,direct_vp_rollback,jnpp_then_vp,"[""poor_clock_consistency""]",False,0.0012195776532480309,0.0013861815680638022,0.8798109002066149,False,3.321287992570372e-05,4.027999965593585,0.0012195776532480309,3.321287992570372e-05,4.027999965593585,0.001219766722755494,3.32125068140736e-05,4.0279999655936445,True,rollback,existing_selector_rollback,"[17.713935469591643,29.65202997252355,100.36521753957071]","[0.056452729078691796,0.03372450388378056,0.00996361114352557]","[1.0610578191254305e-07,4.121076762573115e-09,3.2865629149319327e-09]","[17.713935510436666,29.65202987596328,100.36521647050758]","[0.05645272894852236,0.03372450399360263,0.00996361124965526]","[1.0653601997907538e-07,4.72235484378691e-09,2.6159086264486343e-09]",532651.8702176142,94.1660216788746,532651.2798976498,94.16612601144048,ris_only_stage2_then_vp,jnpp_then_vp,True,"[""poor_clock_consistency""]"
fig1_fig2,adaptive_jones_vp_proposed_force_lower_raw,-10.0,27,4133001221,full_6d,3,3,3,direct_vp_rollback,jnpp_then_vp,"[""low_assignment_margin"",""poor_clock_consistency""]",True,0.0009114131093133678,0.0015147281989840444,0.6017007605223624,False,2.6773257189379988e-05,2.3382179760902875,0.0009114131093133678,2.6773257189379988e-05,2.3382179760902875,0.0009114414715138007,2.6773379483228725e-05,2.338217976090289,True,rollback,existing_selector_rollback,"[55.195890908792414,12.450086089228545,1109.6640360126341]","[0.01811729068015658,0.08032072973798317,0.0009011736583656844]","[3.831139832882348e-10,4.718210698390935e-09,2.83745063416989e-06]","[55.19589084385572,12.450086091682296,1109.6640414744004]","[0.018117290701471157,0.080320729722153,0.0009011736539301077]","[4.3634062768542894e-10,3.914625348322183e-09,2.877918154426258e-06]",454903.9774064819,100.3764854347976,454904.04031408275,100.3764711613508,ris_only_stage2_then_vp,direct_vp,True,"[""low_assignment_margin"",""poor_clock_consistency""]"
fig1_fig2,adaptive_jones_vp_proposed_force_lower_raw,-10.0,33,3489193506,full_6d,3,3,3,direct_vp_rollback,jnpp_then_vp,"[""poor_clock_consistency""]",True,0.0003144678911212694,0.001159415437043294,0.2712296913375726,False,3.512171249438185e-05,5.01982910568315,0.0003144678911212694,3.512171249438185e-05,5.01982910568315,0.00031458591427105165,3.5123788564574325e-05,5.019829105684382,True,rollback,existing_selector_rollback,"[23.167014074939452,57.28252452466957,25.281468444962687]","[0.04316482032350328,0.017457331153623523,0.03955466440375886]","[3.7875511644633664e-08,9.014661335955857e-09,1.0766602291641968e-07]","[23.16701392493467,57.28252483827279,25.28146848247053]","[0.043164820602992454,0.017457331058050304,0.039554664345075166]","[3.786003279797817e-08,7.776085896442867e-09,1.0333049203015025e-07]",776115.3803308192,79.41372535932908,776114.2912676206,79.4138354154419,ris_only_stage2_then_vp,direct_vp,True,"[""poor_clock_consistency""]"
fig1_fig2,adaptive_jones_vp_proposed_force_lower_raw,-10.0,39,1925729663,full_6d,3,3,3,direct_vp_rollback,jnpp_then_vp,"[""poor_clock_consistency""]",True,0.0007299394742435942,0.0010316082605915417,0.7075742819517891,False,7.484910787525117e-05,0.8880981102583528,0.0007299394742435942,7.484910787525117e-05,0.8880981102583528,0.0007299413415086258,7.484919075844279e-05,0.8880981102583553,True,rollback,existing_selector_rollback,"[44.975996526912816,208.59857926614583,13.569869624626719]","[0.022234082114370547,0.004793896503559239,0.07369267558559452]","[8.85743627978965e-08,6.115462247988278e-09,3.605491513252686e-07]","[44.97599653615187,208.5985791309665,13.569869624273377]","[0.02223408210980318,0.004793896506665856,0.07369267558751338]","[5.58244179731844e-08,5.717124282026802e-09,4.1820210428006206e-07]",832028.9963258554,89.97345240489737,832028.9968352605,89.9734520035925,ris_only_stage2_then_vp,direct_vp,True,"[""poor_clock_consistency""]"
fig1_fig2,adaptive_jones_vp_proposed_force_lower_raw,-10.0,40,1007248754,full_6d,3,3,3,direct_vp_rollback,jnpp_then_vp,"[""poor_clock_consistency""]",True,0.0012604709672313337,0.0014354260822166268,0.8781162491382891,False,3.953656899201364e-05,2.9398490533975843,0.0012604709672313337,3.953656899201364e-05,2.9398490533975843,0.001260311128401699,3.953561710230858e-05,2.9398490533975417,True,rollback,existing_selector_rollback,"[13.67198166528622,64.3228068289632,93.29322797675177]","[0.07314228650008896,0.015546585250776065,0.010718891623686791]","[1.4776965539812417e-07,6.21253795154942e-09,1.8112642276682816e-08]","[13.671981608723994,64.32280783044105,93.29322854175453]","[0.07314228680268521,0.015546585008722563,0.010718891558771005]","[1.6054998508071956e-07,2.3677177866897097e-09,1.469562287700357e-08]",504564.8166701853,101.94868171574673,504565.2733453258,101.94858982193733,ris_only_stage2_then_vp,direct_vp,True,"[""poor_clock_consistency""]"
fig1_fig2,adaptive_jones_vp_proposed_force_lower_raw,-10.0,43,409305243,full_6d,3,3,3,direct_vp_rollback,jnpp_then_vp,[],True,0.002048078082247333,0.0013404332208674181,1.5279225032351746,False,4.236978018947735e-05,3.3334016676625486,0.002048078082247333,4.236978018947735e-05,3.3334016676625486,0.002047733035363219,4.2364273679827e-05,3.333401667662851,True,rollback,existing_selector_rollback,"[18.34005403665676,29.848531333005052,82.32259188396273]","[0.05452546639082595,0.03350248589498942,0.012147333763825376]","[1.0612342461715606e-07,5.044058683771033e-09,9.189913084253767e-08]","[18.340053685049092,29.84853270658509,82.32259022482873]","[0.054525467436164876,0.03350248435326051,0.012147334008643408]","[1.0617730698642303e-07,4.786913962547254e-09,9.013558739167263e-08]",578740.2373421579,96.51196598215422,578739.206296407,96.51213787657356,direct_vp,direct_vp,False,[]
fig1_fig2,adaptive_jones_vp_proposed_force_lower_raw,-10.0,42,1970772956,full_6d,3,3,3,direct_vp_rollback,jnpp_then_vp,"[""poor_clock_consistency""]",True,0.00029365189294528653,0.0010700230858484586,0.2744351003534094,False,1.840999306497486e-05,1.719775435876928,0.00029365189294528653,1.840999306497486e-05,1.719775435876928,0.0002936244845461444,1.8410063222178095e-05,1.719775435876929,True,rollback,existing_selector_rollback,"[104.08237651790778,28.918920406945997,17.839315674470107]","[0.009607774470098343,0.03457943747204659,0.0560559619118834]","[3.129932071458474e-08,4.052654802981177e-08,1.9810410523639198e-08]","[104.08237679875049,28.91892039717126,17.83931567443079]","[0.00960777444417394,0.034579437483734606,0.056055961912006944]","[3.1581230653763974e-08,3.983010102371484e-08,1.8878959871879587e-08]",858108.7879824938,72.53035683287409,858108.8215530104,72.53035384777988,ris_only_stage2_then_vp,direct_vp,True,"[""poor_clock_consistency""]"
fig1_fig2,adaptive_jones_vp_proposed_force_lower_raw,-10.0,37,1911328645,full_6d,3,3,3,direct_vp_rollback,jnpp_then_vp,"[""poor_clock_consistency""]",True,0.0013958431901192466,0.0013637632982206713,1.0235230644059938,False,4.2588192036119794e-05,2.2844109884970503,0.0013958431901192466,4.2588192036119794e-05,2.2844109884970503,0.0013958295315883709,4.2587994343117946e-05,2.2844109884970654,True,rollback,existing_selector_rollback,"[52.53168297485256,14.816482711043465,71.97084380965435]","[0.019036131022609315,0.06749240150226973,0.013894515431454292]","[5.273941991636433e-08,5.380991575671355e-08,2.1703680309928724e-08]","[52.53168254233068,14.816482743011104,71.97084389314821]","[0.019036131179344124,0.06749240135664997,0.013894515415335172]","[3.840269063291868e-08,1.8614374522576345e-08,1.6758750629947874e-08]",565220.8138485042,84.64820501341552,565220.7805978251,84.64821027576204,ris_only_stage2_then_vp,direct_vp,True,"[""poor_clock_consistency""]"
fig1_fig2,adaptive_jones_vp_proposed_force_lower_raw,-10.0,45,2629875502,full_6d,3,3,3,direct_vp_rollback,jnpp_then_vp,"[""poor_clock_consistency""]",True,0.00037040649462459746,0.0011130707313227605,0.33277893686451593,False,4.467380182117991e-05,3.6892605038092863,0.00037040649462459746,4.467380182117991e-05,3.6892605038092863,0.00037039937351026703,4.467379293221561e-05,3.689260503809266,True,rollback,existing_selector_rollback,"[38.473656480521306,23.50054347066088,32.136514825127946]","[0.025991810798326718,0.042552207408519886,0.031117251058784722]","[9.042441224505357e-09,7.964892144491864e-09,5.8226303150971376e-08]","[38.47365647219753,23.50054346671205,32.13651482038742]","[0.025991810803950046,0.04255220741566999,0.031117251063374898]","[1.2720241675936792e-08,6.37753479034592e-09,6.692991120952838e-08]",820937.73122745,71.71065174774719,820937.6941865264,71.71065487639919,ris_only_stage2_then_vp,direct_vp,True,"[""poor_clock_consistency""]"
fig1_fig2,adaptive_jones_vp_proposed_force_lower_raw,-10.0,46,3306807379,full_6d,3,3,3,direct_vp_rollback,jnpp_then_vp,[],True,0.0018923282047493394,0.001043733864655041,1.8130370862066096,False,5.238399458384645e-05,4.312209137270818,0.0018923282047493394,5.238399458384645e-05,4.312209137270818,0.0018922863163677757,5.238308788432809e-05,4.3122091372708224,True,rollback,existing_selector_rollback,"[124.79239184356366,43.84532452313945,14.366368576491318]","[0.008013309025511589,0.022807448931719113,0.06960701270201314]","[7.620300366804937e-09,5.410657080529816e-09,3.619849213967003e-07]","[124.7923917254141,43.84532464819373,14.366368579625625]","[0.008013309033098341,0.02280744886666841,0.069607012686827]","[8.468291972315662e-09,5.33436043674849e-09,3.627359456932903e-07]",853663.2514899113,78.09488941846286,853663.2763793869,78.09488766671595,direct_vp,direct_vp,False,[]
fig1_fig2,adaptive_jones_vp_proposed_force_lower_raw,-10.0,47,582567175,full_6d,3,3,3,direct_vp_rollback,jnpp_then_vp,"[""poor_clock_consistency""]",True,0.0010179284460365026,0.001381373393494047,0.7368959405405613,False,8.000676793759469e-05,2.1487053844654125,0.0010179284460365026,8.000676793759469e-05,2.1487053844654125,0.001017815860461463,8.000472701216781e-05,2.1487053844653903,True,rollback,existing_selector_rollback,"[36.37220760873625,14.641754825783035,220.99621694598758]","[0.02749351952240143,0.06829782439905584,0.0045249643346764075]","[3.4371187229371276e-06,4.1143213066854165e-08,1.2896933353417188e-10]","[36.37220757934787,14.641754828993708,220.9962171999073]","[0.027493519544615916,0.06829782438407936,0.004524964329477324]","[3.463836012331255e-06,3.8631015447875816e-08,9.261732239096957e-10]",536715.992286046,96.16386876575274,536716.3259559884,96.16381612814034,ris_only_stage2_then_vp,direct_vp,True,"[""poor_clock_consistency""]"
fig1_fig2,adaptive_jones_vp_proposed_force_lower_raw,-10.0,48,3302385666,full_6d,3,3,3,direct_vp_rollback,jnpp_then_vp,"[""poor_clock_consistency""]",True,0.0006270369920760595,0.0011458153659228702,0.5472408650856477,False,6.772897866274291e-05,4.150319129880456,0.0006270369920760595,6.772897866274291e-05,4.150319129880456,0.0006270202745341989,6.772916093086735e-05,4.150319129880443,True,rollback,existing_selector_rollback,"[22.582836253291102,117.27846138011162,21.623865365903022]","[0.04428141747835959,0.008526714864050084,0.04624520098775669]","[2.6442943194916273e-08,1.5322000728905558e-10,9.047670945028024e-08]","[22.5828362252708,117.27846149525804,21.623865392725016]","[0.04428141753330303,0.008526714855678378,0.04624520093039468]","[2.6381776262234134e-08,1.7021239521128014e-10,9.141247533508114e-08]",790929.933239083,73.64556450442673,790930.0505913094,73.64555326663901,ris_only_stage2_then_vp,direct_vp,True,"[""poor_clock_consistency""]"
fig1_fig2,adaptive_jones_vp_proposed_force_lower_raw,-10.0,49,3038295588,full_6d,3,3,3,direct_vp_rollback,jnpp_then_vp,"[""poor_clock_consistency""]",True,0.0008397533205612951,0.0010414866567453618,0.8063025244946662,False,0.00010406063608104148,5.8033577945443415,0.0008397533205612951,0.00010406063608104148,5.8033577945443415,0.0008396372076252546,0.00010405718068933135,5.80335779454448,True,rollback,existing_selector_rollback,"[25.986395656017212,379.30841317715306,16.72349937920521]","[0.03848167376542123,0.002636377061200721,0.059796097533673105]","[3.009381115650116e-08,1.356086961697109e-09,1.4067195899357212e-07]","[25.98639566475105,379.3084101229074,16.72349937325007]","[0.038481673752487816,0.0026363770824292068,0.059796097554966156]","[6.256463280999627e-08,5.592259942044609e-10,2.2918413467337016e-07]",878297.3827133701,78.38452409487509,878297.2736239448,78.38453134222752,ris_only_stage2_then_vp,direct_vp,True,"[""poor_clock_consistency""]"
fig1_fig2,adaptive_jones_vp_proposed_force_lower_raw,-10.0,50,3229661427,full_6d,3,3,3,direct_vp_rollback,jnpp_then_vp,"[""poor_clock_consistency""]",True,0.0016595297262873025,0.0015690312945895314,1.057677901014362,False,6.393038841724243e-05,4.885456138888555,0.0016595297262873025,6.393038841724243e-05,4.885456138888555,0.0016589925661179264,6.393763367724044e-05,4.885456138888105,True,rollback,existing_selector_rollback,"[12.540193810264366,79.63888712617269,126.71266254565754]","[0.07974358411980383,0.012556679732805043,0.007891871102566122]","[1.8152302047035702e-07,3.869372996896393e-09,1.7097323435896374e-08]","[12.540193824572773,79.63889160751337,126.71266163684952]","[0.07974358402881611,0.012556679026231175,0.007891871159168166]","[1.894589747384516e-07,3.3906343691798584e-09,1.314416597260732e-08]",423531.5430930685,124.49445061155896,423533.0744830673,124.49398896490568,ris_only_stage2_then_vp,direct_vp,True,"[""poor_clock_consistency""]"
fig1_fig2,adaptive_jones_vp_proposed_force_lower_raw,-10.0,51,2092735507,full_6d,3,3,3,direct_vp_rollback,jnpp_then_vp,"[""poor_clock_consistency""]",True,0.0019281408175482728,0.0013317385237289231,1.447837381882893,False,4.282460089477614e-05,7.0858245990441,0.0019281408175482728,4.282460089477614e-05,7.0858245990441,0.0019280757912445337,4.282864807470707e-05,7.085824599045075,True,rollback,existing_selector_rollback,"[140.6591703130768,11.727081379269725,131.7114582091006]","[0.007109383608857906,0.08527270918030803,0.0075923538731210655]","[2.0234825764721173e-08,6.71437199346571e-08,1.3268667658323407e-09]","[140.65917944439443,11.727081369102184,131.71145155478027]","[0.007109383147330687,0.08527270925424064,0.007592354256701645]","[2.009614129075077e-08,7.804412662264599e-08,2.319681167814474e-09]",601554.8835447852,97.3048360378693,601555.3143222181,97.30477475143323,ris_only_stage2_then_vp,direct_vp,True,"[""poor_clock_consistency""]"
fig1_fig2,adaptive_jones_vp_proposed_force_lower_raw,-10.0,44,2937526438,full_6d,3,3,3,direct_vp_rollback,jnpp_then_vp,"[""poor_clock_consistency""]",True,0.00047963812112065935,0.0010973705548523495,0.4370794523324843,False,7.633122427897802e-05,3.167812187926373,0.00047963812112065935,7.633122427897802e-05,3.167812187926373,0.0004796535604167618,7.633093808131042e-05,3.16781218792638,True,rollback,existing_selector_rollback,"[98.88642404503722,19.194475293345647,26.473985010518383]","[0.010112611610322461,0.05209832437188248,0.03777293065536661]","[6.49570850606127e-08,1.6384704431723577e-08,3.576711883061804e-09]","[98.88642374801556,19.1944752975874,26.473985035831472]","[0.010112611640697355,0.05209832436036936,0.03777293061925004]","[5.197118560681365e-08,1.0677815106291649e-08,6.289890662091242e-09]",848386.9114120288,72.76620968678851,848386.8887125084,72.766211631606,ris_only_stage2_then_vp,direct_vp,True,"[""poor_clock_consistency""]"
fig1_fig2,adaptive_jones_vp_proposed_force_lower_raw,-10.0,55,3199904066,full_6d,3,3,3,direct_vp_rollback,jnpp_then_vp,"[""poor_clock_consistency""]",True,0.0004979538697982256,0.0010862244274421897,0.45842632260700783,False,3.470052323772569e-05,3.9241461583065966,0.0004979538697982256,3.470052323772569e-05,3.9241461583065966,0.0004979769718025428,3.470049374472635e-05,3.924146158306602,True,rollback,existing_selector_rollback,"[39.19960117443812,37.49039703282488,20.807804887680096]","[0.02551046362718853,0.026673497191479604,0.04805888969918558]","[8.104810885087642e-08,1.9464525527099607e-08,3.2966506993067054e-08]","[39.19960119890116,37.490397032404324,20.807804873399494]","[0.025510463611268377,0.026673497191778816,0.04805888973216887]","[8.167013437225589e-08,1.8900397285367168e-08,3.323435259106113e-08]",853290.6327531178,66.28539706668242,853290.7800775014,66.28538481711406,ris_only_stage2_then_vp,direct_vp,True,"[""poor_clock_consistency""]"
fig1_fig2,adaptive_jones_vp_proposed_force_lower_raw,-10.0,53,3576518520,full_6d,3,3,3,ris_only_stage2_then_vp,jnpp_then_vp,"[""low_assignment_margin"",""poor_clock_consistency""]",True,0.0007929698124145992,0.0016873163838050024,0.4699591730546724,False,1.718054844850466e-05,1.8751556776317746,0.05990527846309379,0.012630712344441275,1.8775841625688137,0.0007929698124145992,1.718054844850466e-05,1.8751556776317746,True,accepted,accepted,"[10165.946674599107,268.4661976375027,66876.49702219822]","[9.83676210236946e-05,0.0037248637203920426,1.4952935300896133e-05]","[7.00852522496867e-08,4.8317119426596395e-11,7.991714349153817e-15]","[1630.3920086653818,10.409583471239317,311.5551618586906]","[0.000613349423362419,0.09606532314693424,0.0032097044828999052]","[2.2224442930481353e-06,1.5343225473271082e-08,1.174315053042316e-10]",298811.62676275393,208.29152907977203,363182.00358473294,167.16773894332522,ris_only_stage2_then_vp,direct_vp,True,"[""low_assignment_margin"",""poor_clock_consistency""]"
fig1_fig2,adaptive_jones_vp_proposed_force_lower_raw,-10.0,41,4278604885,full_6d,3,3,3,direct_vp_rollback,jnpp_then_vp,"[""low_assignment_margin"",""poor_clock_consistency""]",True,0.0008564099754191498,0.0015329843284880812,0.5586554014311362,False,5.925784277457748e-05,2.849161795126131,0.0008564099754191498,5.925784277457748e-05,2.849161795126131,0.0008565099503617149,5.9257929925827144e-05,2.8491617951261485,True,rollback,existing_selector_rollback,"[17.093245541551134,25.358429411980392,545.2426258676784]","[0.05850264056361068,0.03943461890830666,0.0018340458944555104]","[5.646587632723522e-08,3.072493528549495e-08,1.0022957437860784e-07]","[17.093245534570194,25.358429405866072,545.2426269819688]","[0.05850264058750335,0.03943461891781497,0.0018340458907073445]","[3.357463977073894e-08,1.5695199221977633e-08,1.1229141287420649e-07]",434359.8960897309,110.53199037973991,434359.5148724395,110.53208853032471,ris_only_stage2_then_vp,direct_vp,True,"[""low_assignment_margin"",""poor_clock_consistency""]"
fig1_fig2,adaptive_jones_vp_proposed_force_lower_raw,-10.0,56,2167631329,full_6d,3,3,3,direct_vp_rollback,jnpp_then_vp,"[""poor_clock_consistency""]",True,0.00026286241895157655,0.001068946960662571,0.24590782202013572,False,3.178484186224032e-05,3.9487011026652663,0.00026286241895157655,3.178484186224032e-05,3.9487011026652663,0.0002628141609210265,3.178514413690877e-05,3.9487011026653445,True,rollback,existing_selector_rollback,"[43.1152352904673,221.60208274632745,13.812923058544719]","[0.023193657490673213,0.00451259296566774,0.0723959726516817]","[9.141140066141999e-08,1.3609089689564314e-10,8.008981650479498e-08]","[43.11523541435529,221.6020777573083,13.812923062105366]","[0.023193657424028194,0.004512593067261611,0.07239597263301972]","[9.243438652792132e-08,1.1303282380426089e-10,7.746602082200326e-08]",812227.7127135737,84.94006230615578,812227.7233474848,84.9400544620622,ris_only_stage2_then_vp,direct_vp,True,"[""poor_clock_consistency""]"
fig1_fig2,adaptive_jones_vp_proposed_force_lower_raw,-10.0,57,476784074,full_6d,3,3,3,direct_vp_rollback,jnpp_then_vp,"[""poor_clock_consistency""]",True,0.0005386335998047308,0.0010949932382749352,0.49190586843558987,False,5.426236757761466e-05,1.7667710677753692,0.0005386335998047308,5.426236757761466e-05,1.7667710677753692,0.0005386060719205945,5.426301820299377e-05,1.7667710677754043,True,rollback,existing_selector_rollback,"[33.680329408960276,41.130609783445514,22.110635424854713]","[0.029690921006855737,0.024312792959402106,0.045227103643244136]","[1.1867360411370595e-07,7.073136988794278e-09,6.33736587295887e-08]","[33.680329371210526,41.13060976716543,22.110635498022017]","[0.029690921040134058,0.024312792969025457,0.045227103493581076]","[1.1939788369200963e-07,6.9874543163666246e-09,6.293711677870649e-08]",852261.9316094486,61.68798945229007,852261.8984861487,61.687991025326355,ris_only_stage2_then_vp,direct_vp,True,"[""poor_clock_consistency""]"
fig1_fig2,adaptive_jones_vp_proposed_force_lower_raw,-10.0,58,1249403404,full_6d,3,3,3,direct_vp_rollback,jnpp_then_vp,"[""poor_clock_consistency""]",True,0.0009410175396085565,0.0015257911518762766,0.6167407239525411,False,4.7146742047365e-05,6.789274454558632,0.0009410175396085565,4.7146742047365e-05,6.789274454558632,0.000941027968453888,4.714676213015612e-05,6.78927445455863,True,rollback,existing_selector_rollback,"[19.567460486472108,23.20544675603962,174.84698773528567]","[0.051105252041867104,0.04309333108256264,0.005719286404516902]","[2.9645360101297386e-08,1.9060069837343117e-08,2.7093265320545535e-08]","[19.56746048908523,23.205446763239255,174.84698744105677]","[0.051105252035042285,0.043093331069192664,0.005719286414141199]","[3.049640745144621e-08,1.6219268210016182e-08,2.4795438041160728e-08]",439646.37672465557,95.6807103656975,439646.35463688767,95.6807153543296,ris_only_stage2_then_vp,direct_vp,True,"[""poor_clock_consistency""]"
fig1_fig2,adaptive_jones_vp_proposed_force_lower_raw,-10.0,59,1187262716,full_6d,3,3,3,direct_vp_rollback,jnpp_then_vp,"[""poor_clock_consistency""]",True,0.0008323397978668203,0.0011902208972583582,0.6993153958093767,False,4.8303188518280584e-05,2.493570694862502,0.0008323397978668203,4.8303188518280584e-05,2.493570694862502,0.0008323325050223066,4.829767136489023e-05,2.4935706948627665,True,rollback,existing_selector_rollback,"[16.293893468229488,285.4171017382579,27.8413323531561]","[0.061372685536059735,0.0035036442932968826,0.03591782129129314]","[1.7303551088903367e-07,3.0075132152203713e-09,6.557564239182707e-08]","[16.293893401693612,285.41710285673724,27.84133210439791]","[0.0613726857866742,0.0035036442795669627,0.03591782161221357]","[1.6339641848002109e-07,1.9777468060779105e-09,7.266962740194826e-08]",767742.3283547069,73.7691247818122,767742.1144557225,73.76914416338698,ris_only_stage2_then_vp,direct_vp,True,"[""poor_clock_consistency""]"
fig1_fig2,adaptive_jones_vp_proposed_force_lower_raw,-10.0,60,1839575832,full_6d,3,3,3,direct_vp_rollback,jnpp_then_vp,"[""low_assignment_margin"",""poor_clock_consistency""]",True,0.0018553386663357112,0.0013668471377324787,1.3573856323199478,False,3.749247230789271e-05,5.609026988120356,0.0018553386663357112,3.749247230789271e-05,5.609026988120356,0.001855337189403899,3.7492414904329676e-05,5.609026988120406,True,rollback,existing_selector_rollback,"[78.69619497482537,12.301569800064154,171.42682199428495]","[0.0127070946726357,0.08129043823191437,0.005833392862301975]","[3.861830434744802e-06,1.71452625417905e-09,7.510298805657664e-10]","[78.69619468242446,12.301569804576186,171.42682269114587]","[0.012707094719849748,0.08129043820209826,0.005833392838588863]","[3.824293405895131e-06,3.2815810645448096e-10,6.911774129556144e-10]",565987.5857971368,94.63471098296867,565987.5894915838,94.6347103754923,ris_only_stage2_then_vp,direct_vp,True,"[""low_assignment_margin"",""poor_clock_consistency""]"
fig1_fig2,adaptive_jones_vp_proposed_force_lower_raw,-10.0,54,1185050677,full_6d,3,3,3,direct_vp_rollback,jnpp_then_vp,"[""poor_clock_consistency""]",True,0.0011940952933580619,0.0010666703827746098,1.1194604374895982,False,4.523267852780123e-05,2.7568404559578057,0.0011940952933580619,4.523267852780123e-05,2.7568404559578057,0.0011940804041154843,4.523265004712091e-05,2.756840455957802,True,rollback,existing_selector_rollback,"[178.30378225897044,65.14080722741632,12.664516841401575]","[0.005608405986415279,0.015351360268590308,0.07896076988253]","[5.559839532566485e-09,1.1622912095538845e-09,2.741589053597268e-07]","[178.30378278202102,65.14080719404309,12.664516838552913]","[0.005608405969963132,0.015351360276455183,0.07896076990029084]","[8.709480613307715e-10,1.899120474416114e-09,1.7297578070255784e-07]",768834.900021416,87.24518069562946,768834.9042408199,87.24518036159762,ris_only_stage2_then_vp,direct_vp,True,"[""poor_clock_consistency""]"
fig1_fig2,adaptive_jones_vp_proposed_force_lower_raw,-10.0,63,3424526765,full_6d,3,3,3,direct_vp_rollback,jnpp_then_vp,"[""poor_clock_consistency""]",True,0.0003513344442250237,0.0011907643546135674,0.29504951409050234,False,5.879287306410158e-05,3.254165778167082,0.0003513344442250237,5.879287306410158e-05,3.254165778167082,0.00035120612662364946,5.878696972005867e-05,3.2541657781670987,True,rollback,existing_selector_rollback,"[83.05009003727722,18.50067593535742,29.367583305968164]","[0.012040926138287118,0.05405207914973297,0.03405115053397702]","[1.8791850702658857e-08,1.8890776753531824e-08,2.4215787527748494e-07]","[83.05009015390233,18.500676140148702,29.367583305949662]","[0.012040926121378354,0.054052078551409186,0.03405115053399847]","[5.0743211463346945e-08,3.43241348953223e-09,1.9593497352175111e-07]",749922.6553311803,71.78468063089657,749922.6258862,71.78467256225765,ris_only_stage2_then_vp,direct_vp,True,"[""poor_clock_consistency""]"
fig1_fig2,adaptive_jones_vp_proposed_force_lower_raw,-10.0,52,2910844986,full_6d,3,3,3,direct_vp_rollback,jnpp_then_vp,"[""low_assignment_margin"",""poor_clock_consistency""]",True,0.002206464110627987,0.0011624060580244762,1.8981870366177378,False,5.769605224359349e-05,1.6636676874908687,0.002206464110627987,5.769605224359349e-05,1.6636676874908687,0.002206371094598948,5.7695699410732755e-05,1.6636676874909553,True,rollback,existing_selector_rollback,"[358.5244815528762,16.215410520959306,27.801426564206878]","[0.0027892098060087224,0.061669730697920346,0.03596937724266477]","[4.055731767730776e-06,1.6949036492101744e-08,4.202286690064441e-09]","[358.5245073529461,16.215410412636107,27.801426670634225]","[0.002789209605292156,0.06166973110989033,0.03596937710496948]","[4.0039374475394904e-06,1.3467456432854437e-08,1.0507132728882714e-09]",801278.1232130519,74.94356043660862,801277.9893487223,74.94357314344914,ris_only_stage2_then_vp,direct_vp,True,"[""low_assignment_margin"",""poor_clock_consistency""]"
fig1_fig2,adaptive_jones_vp_proposed_force_lower_raw,-10.0,65,2236466502,full_6d,3,3,3,direct_vp_rollback,jnpp_then_vp,"[""poor_clock_consistency""]",True,0.0006217426739215624,0.0010744984598680988,0.5786352397358346,False,5.160706565517274e-05,1.0593867980102734,0.0006217426739215624,5.160706565517274e-05,1.0593867980102734,0.0006216991677013734,5.160287860386013e-05,1.0593867980103109,True,rollback,existing_selector_rollback,"[25.55260414714083,62.05166517220173,22.257851731436567]","[0.039134954473371786,0.016115602976371605,0.04492796573738341]","[7.981393262022646e-08,2.3099487057452733e-08,4.663054412300341e-08]","[25.552604347621028,62.05166452194672,22.257851645961033]","[0.03913495416632741,0.016115603145251064,0.04492796590991767]","[7.991239600488369e-08,2.1139053695842597e-08,4.706934131799193e-08]",882099.8476273656,70.04418486796943,882099.9665419433,70.0441765749742,ris_only_stage2_then_vp,direct_vp,True,"[""poor_clock_consistency""]"
fig1_fig2,adaptive_jones_vp_proposed_force_lower_raw,-10.0,66,437355907,full_6d,3,3,3,direct_vp_rollback,jnpp_then_vp,[],True,0.0017588822518074482,0.0011219353536922588,1.567721567930821,False,8.100806161162975e-05,5.809972771619445,0.0017588822518074482,8.100806161162975e-05,5.809972771619445,0.0017588095557167858,8.100764120363666e-05,5.8099727716194165,True,rollback,existing_selector_rollback,"[26.631938358370682,75.53042697684653,20.31634036638244]","[0.037548900366054586,0.01323969742989821,0.04922146321364005]","[1.3737501504212965e-08,2.502007631890799e-09,1.2183445905201389e-07]","[26.63193833463425,75.5304266541885,20.316340346425093]","[0.03754890039952106,0.013239697486456804,0.04922146326199176]","[1.4863064010051542e-08,2.1023647841214245e-09,1.2377938288557024e-07]",830115.4880877772,78.21282933589177,830115.6704923408,78.21281136221918,direct_vp,direct_vp,False,[]
fig1_fig2,adaptive_jones_vp_proposed_force_lower_raw,-10.0,67,804537149,full_6d,3,3,3,direct_vp_rollback,jnpp_then_vp,"[""poor_clock_consistency""]",True,0.0025464535152881934,0.0011200162436660194,2.273586235636353,False,7.880739512196784e-05,4.5439312646854875,0.0025464535152881934,7.880739512196784e-05,4.5439312646854875,0.0025464525328260284,7.88072618389589e-05,4.543931264685496,True,rollback,existing_selector_rollback,"[29.02265446335544,30.23144204415386,31.274763722264726]","[0.034455842115806344,0.03307814422180857,0.0319746620262016]","[2.2595246262477303e-08,9.867014063345474e-09,7.997822150455994e-08]","[29.022654493252233,30.231442015959995,31.27476372897392]","[0.03445584208031272,0.03307814425265727,0.03197466201934226]","[2.296762746926428e-08,9.850165128140129e-09,8.0414494409207e-08]",806618.3474704665,70.7609968150044,806618.3505238036,70.76099673734832,ris_only_stage2_then_vp,direct_vp,True,"[""poor_clock_consistency""]"
fig1_fig2,adaptive_jones_vp_proposed_force_lower_raw,-10.0,69,1134195269,full_6d,3,3,3,direct_vp_rollback,jnpp_then_vp,"[""low_assignment_margin"",""poor_clock_consistency""]",True,0.0015631007035238759,0.001050649559177789,1.4877469750685641,False,3.678407592637087e-05,6.785533860305105,0.0015631007035238759,3.678407592637087e-05,6.785533860305105,0.001563248067632436,3.678480996961752e-05,6.7855338603061055,True,rollback,existing_selector_rollback,"[681.8338005756921,27.427401101906923,16.058002642765782]","[0.0014666330687534662,0.03645988900869818,0.06227424557277972]","[1.4222418898117727e-07,8.629260301842944e-09,2.65304477714543e-09]","[681.8337620438022,27.427401226837315,16.05800236660862]","[0.0014666331516360502,0.03645988884262528,0.06227424664373977]","[1.4245062454702356e-07,8.496517124857034e-09,2.692563756349693e-09]",827352.0903601504,85.58117062665002,827352.1428412846,85.58116756397293,ris_only_stage2_then_vp,direct_vp,True,"[""low_assignment_margin"",""poor_clock_consistency""]"
fig1_fig2,adaptive_jones_vp_proposed_force_lower_raw,-10.0,64,1096511241,full_6d,3,3,3,direct_vp_rollback,jnpp_then_vp,[],True,0.000720328693307159,0.001127155334955533,0.6390678116566573,False,3.254790803096422e-05,1.6392504125698766,0.000720328693307159,3.254790803096422e-05,1.6392504125698766,0.0007203000356056853,3.254801768362195e-05,1.6392504125699885,True,rollback,existing_selector_rollback,"[29.899030059317685,42.85402030929341,23.203609682133987]","[0.0334459010204066,0.02333503351003649,0.04309674286353659]","[9.538786694338089e-08,7.854441562991316e-09,2.2033157366373613e-07]","[29.899030096239287,42.85402041476481,23.203609503484902]","[0.033445900979105055,0.023335033452604802,0.04309674319534676]","[1.2729873614210815e-07,5.723214797902505e-09,2.571503506108327e-07]",802967.3253690341,78.75598783573282,802967.4174468127,78.75597940932776,direct_vp,direct_vp,False,[]
fig1_fig2,adaptive_jones_vp_proposed_force_lower_raw,-10.0,70,1909013635,full_6d,3,3,3,direct_vp_rollback,jnpp_then_vp,"[""poor_clock_consistency""]",True,0.0016823139977430472,0.0015024432970662924,1.1197187947312053,False,5.08401017328775e-05,2.1130244789128128,0.0016823139977430472,5.08401017328775e-05,2.1130244789128128,0.0016828969347412249,5.0850579032884794e-05,2.1130244789103023,True,rollback,existing_selector_rollback,"[11.74729144492148,151.8677518500245,132.04205588706222]","[0.08512600582669351,0.006584676388939189,0.0075733446677267325]","[6.160436639066614e-09,1.2082248109613455e-08,2.193376780375106e-08]","[11.747291467269692,151.8677574103415,132.04203778340303]","[0.0851260056647486,0.006584676147855178,0.007573345706072196]","[1.0597785833036063e-08,6.545026812558354e-09,2.5557728334759827e-08]",472606.3620070046,131.702790100053,472605.5925321455,131.7030630959785,ris_only_stage2_then_vp,direct_vp,True,"[""poor_clock_consistency""]"
fig1_fig2,adaptive_jones_vp_proposed_force_lower_raw,-10.0,36,3263447461,full_6d,3,3,3,ris_only_stage2_then_vp,jnpp_then_vp,"[""low_assignment_margin"",""poor_clock_consistency""]",False,1.0586061634132784,0.0010068566079147994,1051.3971454243642,True,0.8198079409988369,2.6503769272474638,0.9902958422787721,0.9840339145863102,2.690185373205184,1.0586061634132784,0.8198079409988369,2.6503769272474638,True,accepted,accepted,"[55360.70812304176,21109.684565851025,697.7702413695049]","[1.806335176235003e-05,4.737162110456201e-05,0.0014331364968209912]","[1.450490448543439e-11,1.1128218825587368e-09,2.3346779912308815e-07]","[60.73179730102763,1088275.5419312667,13243.256979575732]","[0.016465839055982416,9.188839344398462e-07,7.551012476001803e-05]","[2.168227055462711e-07,3.667600460173848e-13,4.1087046958300287e-10]",7912.674564888545,198.00754242972113,5561.774117959537,1542.6824471644206,ris_only_stage2_then_vp,jnpp_then_vp,True,"[""low_assignment_margin"",""poor_clock_consistency""]"
fig1_fig2,adaptive_jones_vp_proposed_force_lower_raw,-10.0,62,1815661330,full_6d,3,3,3,direct_vp_rollback,jnpp_then_vp,"[""low_assignment_margin"",""poor_clock_consistency""]",True,0.0012810685354196871,0.001800085357985258,0.7116709936763891,False,5.048282740282653e-05,5.661605471298055,0.0012810685354196871,5.048282740282653e-05,5.661605471298055,0.001281024443475017,5.048270666553306e-05,5.661605471298067,True,rollback,existing_selector_rollback,"[10.858448783475925,189.65285892006838,444.8527758018733]","[0.09209418582062226,0.005272791591461375,0.0022479347189698624]","[3.1883489957857354e-09,1.2635977363392807e-09,5.683290007594434e-06]","[10.858448785217444,189.6528588745273,444.85277528660566]","[0.09209418580585184,0.005272791592727523,0.002247934721573618]","[3.5680664696661373e-09,1.4392493901475342e-09,5.720842910527501e-06]",338787.57765389624,174.80004332325734,338787.66886006895,174.79999720893613,ris_only_stage2_then_vp,direct_vp,True,"[""low_assignment_margin"",""poor_clock_consistency""]"
fig1_fig2,adaptive_jones_vp_proposed_force_lower_raw,-10.0,73,1489186484,full_6d,3,3,3,direct_vp_rollback,jnpp_then_vp,[],True,0.00047860640073320553,0.0010680397990855675,0.4481166349259437,False,7.990410188307069e-05,2.824982095516199,0.00047860640073320553,7.990410188307069e-05,2.824982095516199,0.00047858134979954323,7.990614568155185e-05,2.8249820955162406,True,rollback,existing_selector_rollback,"[29.913879793718834,55.27306657948703,20.405302448582766]","[0.033429297933465024,0.018091994199501273,0.04900686978295923]","[1.4247152509707902e-08,2.369809635108656e-08,2.9080081543216624e-07]","[29.913879823996687,55.27306666603553,20.405302442877385]","[0.03342929789962898,0.018091994171172195,0.04900686979666169]","[1.4342924407946336e-08,9.814386381834343e-09,2.665459709068054e-07]",892239.512383437,68.25650350682962,892239.6043463831,68.2564948654185,direct_vp,direct_vp,False,[]
fig1_fig2,adaptive_jones_vp_proposed_force_lower_raw,-10.0,74,2087150408,full_6d,3,3,3,direct_vp_rollback,jnpp_then_vp,"[""poor_clock_consistency""]",True,0.0002485029801833523,0.001257486844353385,0.19761875147977037,False,5.914588520831796e-05,2.4086285751888314,0.0002485029801833523,5.914588520831796e-05,2.4086285751888314,0.0002485552330170342,5.914587128165013e-05,2.4086285751888274,True,rollback,existing_selector_rollback,"[21.928287063175365,33.01027803030792,40.80364328514682]","[0.045603197235473666,0.03029359519628565,0.024507615483522583]","[1.2343164944903371e-11,7.594894200468107e-10,1.6448992613195865e-09]","[21.928287081530637,33.010278007212754,40.80364333925205]","[0.04560319719730109,0.03029359521748013,0.024507615451025724]","[1.2687637957404165e-10,1.4833442367736172e-09,6.705737008548939e-10]",658831.6385448782,79.30446212805037,658831.8391473974,79.30443564501314,ris_only_stage2_then_vp,direct_vp,True,"[""poor_clock_consistency""]"
fig1_fig2,adaptive_jones_vp_proposed_force_lower_raw,-10.0,68,217409269,full_6d,3,3,3,direct_vp_rollback,jnpp_then_vp,"[""poor_clock_consistency""]",True,0.0005129620622917884,0.001419256325348707,0.3614301751769577,False,9.316958308222194e-05,1.8288918843295294,0.0005129620622917884,9.316958308222194e-05,1.8288918843295294,0.0005129605920038984,9.316955344263236e-05,1.828891884329547,True,rollback,existing_selector_rollback,"[20.713579160442787,23.786648353838373,102.20712950629056]","[0.048277508789452,0.042040391109361426,0.009784053272293942]","[7.548071046966391e-07,2.2544603862385046e-08,3.766415933253348e-08]","[20.713579159101222,23.786648352813938,102.20712950942907]","[0.04827750879257881,0.04204039111117201,0.0097840532719935]","[7.437831185200575e-07,1.4453532655033786e-09,1.5320680931020694e-08]",509576.74567518226,95.23749267066569,509576.7498682368,95.237491765244,ris_only_stage2_then_vp,direct_vp,True,"[""poor_clock_consistency""]"
fig1_fig2,adaptive_jones_vp_proposed_force_lower_raw,-10.0,61,3445288900,full_6d,3,3,3,direct_vp_rollback,jnpp_then_vp,"[""low_assignment_margin"",""poor_clock_consistency""]",True,0.0011560679005517608,0.0013907142833705735,0.8312763551618113,False,3.988697077598527e-05,5.671066131394046,0.0011560679005517608,3.988697077598527e-05,5.671066131394046,0.0011560651679660724,3.988700353949216e-05,5.6710661313939035,True,rollback,existing_selector_rollback,"[116.22478586677296,11.765117530564309,152.73886009035695]","[0.008604016711461725,0.08499702594473531,0.006547122318810571]","[2.7439524665976136e-06,1.615691281651681e-06,9.602602878352626e-09]","[116.22478589292852,11.765117531671569,152.7388600843436]","[0.008604016709525453,0.08499702593673591,0.0065471223190683315]","[2.7631152531590732e-06,1.4681090503433081e-06,6.692976737874076e-09]",566502.8332792879,108.77215408011273,566502.820386411,108.77215653461397,ris_only_stage2_then_vp,direct_vp,True,"[""low_assignment_margin"",""poor_clock_consistency""]"
fig1_fig2,adaptive_jones_vp_proposed_force_lower_raw,-10.0,75,3035140021,full_6d,3,3,3,direct_vp_rollback,jnpp_then_vp,[],True,0.001060188440225671,0.0015899183558691912,0.6668194227156258,False,6.177896255417381e-05,3.313046067510556,0.001060188440225671,6.177896255417381e-05,3.313046067510556,0.0010598546117840217,6.177488001845998e-05,3.3130460675103905,True,rollback,existing_selector_rollback,"[12.222895016125515,79.6596120947588,186.4106119313978]","[0.08181367823813339,0.012553412872897173,0.005364501459721649]","[8.157495782247543e-09,7.609552016856428e-09,3.0789275359926756e-08]","[12.22289504689515,79.65961347274337,186.41060673019115]","[0.08181367803217751,0.012553412655743102,0.005364501609401333]","[8.523107396930936e-09,7.50530186742278e-09,3.05435822152475e-08]",416523.79480733717,139.7946403972934,416524.51146434655,139.79439693034317,direct_vp,direct_vp,False,[]
fig1_fig2,adaptive_jones_vp_proposed_force_lower_raw,-10.0,78,3639033133,full_6d,3,3,3,direct_vp_rollback,jnpp_then_vp,"[""poor_clock_consistency""]",True,0.0006511976556352302,0.0013996272228791568,0.46526506843419285,False,4.097543197938888e-05,1.7195383901391696,0.0006511976556352302,4.097543197938888e-05,1.7195383901391696,0.0006518321330567525,4.097661941183266e-05,1.7195383901393901,True,rollback,existing_selector_rollback,"[32.64956284087382,15.534021512518786,241.8251861130149]","[0.03062828145176436,0.06437483037979387,0.004135218567725338]","[1.808230937439009e-08,6.240273515881618e-09,5.444213102492343e-09]","[32.64956317638945,15.534021428000203,241.8251867569754]","[0.030628281137019958,0.06437483073004892,0.004135218556713592]","[1.865487548061361e-08,7.591926830776159e-09,5.719363669211394e-09]",515243.3111770155,93.98291704433366,515241.6513016025,93.98322023881337,ris_only_stage2_then_vp,direct_vp,True,"[""poor_clock_consistency""]"
fig1_fig2,adaptive_jones_vp_proposed_force_lower_raw,-10.0,76,125194699,full_6d,3,3,3,direct_vp_rollback,jnpp_then_vp,"[""poor_clock_consistency""]",True,0.0004894737200480721,0.0014406859228115485,0.3397504704514966,False,4.9619155856878416e-05,1.6807368804304605,0.0004894737200480721,4.9619155856878416e-05,1.6807368804304605,0.0004894897999185944,4.961681048621099e-05,1.680736880430425,True,rollback,existing_selector_rollback,"[12.845986622152155,108.37154970888372,78.01856686515508]","[0.07784532472287588,0.009227514071524381,0.012817461792785183]","[2.3027747951004002e-07,4.679327555124783e-09,1.2863887739530732e-08]","[12.845986603340558,108.37154902234565,78.01856736942823]","[0.07784532483687218,0.00922751412998105,0.012817461709939498]","[2.2682010159645518e-07,4.482734776472773e-09,1.1120234983235122e-08]",508312.5183281741,116.62660888386257,508312.63647677726,116.6265756711284,ris_only_stage2_then_vp,direct_vp,True,"[""poor_clock_consistency""]"
fig1_fig2,adaptive_jones_vp_proposed_force_lower_raw,-10.0,71,1982555292,full_6d,3,3,3,direct_vp_rollback,jnpp_then_vp,"[""poor_clock_consistency""]",True,0.0033532906198094443,0.001164882157179308,2.878652230307343,False,7.086222672452048e-05,4.340090313363529,0.0033532906198094443,7.086222672452048e-05,4.340090313363529,0.003353310255946105,7.08625323291952e-05,4.3400903133635405,True,rollback,existing_selector_rollback,"[19.996904033337625,156.0967247163563,23.239726260293043]","[0.050007741113967635,0.006406284319296291,0.04302976673547749]","[9.010794976073992e-08,5.307954849123262e-09,1.5290876643086298e-07]","[19.99690403867633,156.09672487477985,23.239726254544088]","[0.05000774110061674,0.006406284312794513,0.04302976674612203]","[7.434417902862774e-08,2.6690243124005554e-09,1.4422057059094607e-07]",761385.6572726887,86.4586950866525,761385.6032556655,86.4587010370747,ris_only_stage2_then_vp,direct_vp,True,"[""poor_clock_consistency""]"
fig1_fig2,adaptive_jones_vp_proposed_force_lower_raw,-10.0,79,2511075941,full_6d,3,3,3,direct_vp_rollback,jnpp_then_vp,"[""poor_clock_consistency""]",True,0.0003608883182313434,0.001467757002283925,0.2458774290770051,False,5.1588725346966994e-05,4.01380637564365,0.0003608883182313434,5.1588725346966994e-05,4.01380637564365,0.0003609689624096479,5.1589221256837386e-05,4.0138063756435995,True,rollback,existing_selector_rollback,"[94.54579413418547,12.23076261758906,131.32525632848308]","[0.010576885085826132,0.08176105049652989,0.007614681500163082]","[1.4584956337593808e-08,2.616536647365936e-07,3.2633960189436996e-09]","[94.54579422493906,12.230762615981709,131.3252567945526]","[0.010576885075673484,0.08176105050727482,0.007614681473138799]","[1.7704809426031858e-08,2.649415497580575e-07,4.403087164077546e-09]",493387.950209892,90.39357680120301,493388.10415997746,90.39354505931064,ris_only_stage2_then_vp,direct_vp,True,"[""poor_clock_consistency""]"
fig1_fig2,adaptive_jones_vp_proposed_force_lower_raw,-10.0,80,2843598472,full_6d,3,3,3,direct_vp_rollback,jnpp_then_vp,"[""poor_clock_consistency""]",True,0.0006584207619649205,0.0010962998433042977,0.6005845626871662,False,6.644245636496424e-05,6.814624633506721,0.0006584207619649205,6.644245636496424e-05,6.814624633506721,0.0006584245510350325,6.644263458677934e-05,6.814624633506711,True,rollback,existing_selector_rollback,"[27.54638130864196,93.50434375861893,18.682991252742916]","[0.036302408972271424,0.010694690318216567,0.05352461961006932]","[7.103834375586877e-08,1.078184777753121e-09,2.5496178862612824e-08]","[27.54638130491598,93.50434384516709,18.682991251844374]","[0.03630240897718176,0.010694690308317501,0.053524619612643536]","[6.29086771204644e-08,1.18969209922263e-09,2.3786183916067003e-08]",866670.3254037304,66.75032450636505,866670.304751631,66.75032642241592,ris_only_stage2_then_vp,direct_vp,True,"[""poor_clock_consistency""]"
fig1_fig2,adaptive_jones_vp_proposed_force_lower_raw,-10.0,72,2100195688,full_6d,3,3,3,direct_vp_rollback,jnpp_then_vp,"[""poor_clock_consistency""]",True,0.0005010580782007131,0.0012336509076348286,0.40615872375220646,False,6.980730917471455e-05,3.2918534556878782,0.0005010580782007131,6.980730917471455e-05,3.2918534556878782,0.0005010575975441033,6.980722789930688e-05,3.29185345568792,True,rollback,existing_selector_rollback,"[52.772321713090335,16.73900154579856,46.62703203542724]","[0.01894932736490111,0.05974071973452074,0.021446786473425385]","[1.1469795622059553e-07,8.622993284838297e-09,4.508815919177718e-08]","[52.77232171517255,16.739001546570638,46.62703202815962]","[0.018949327364153435,0.059740719731765216,0.021446786476768235]","[9.532078093989772e-08,4.692324596438797e-09,3.199958455431211e-08]",686002.8384892787,79.1061275728261,686002.8312666618,79.10612843361973,ris_only_stage2_then_vp,direct_vp,True,"[""poor_clock_consistency""]"
fig1_fig2,adaptive_jones_vp_proposed_force_lower_raw,-10.0,84,3985341227,full_6d,3,3,3,direct_vp_rollback,jnpp_then_vp,[],True,0.0008890772034444589,0.001470919761743559,0.6044362354548752,False,7.419770339168204e-05,6.9507773427872355,0.0008890772034444589,7.419770339168204e-05,6.9507773427872355,0.0008891952748487422,7.419902315741017e-05,6.950777342787338,True,rollback,existing_selector_rollback,"[15.112792395685238,53.778632092209264,68.03669047089272]","[0.0661691085143465,0.018594745924954238,0.014697951840555511]","[3.6563027941854474e-08,9.52409892693176e-10,5.575033666313615e-09]","[15.112792468497942,53.77863098930107,68.03668975770803]","[0.06616910819554693,0.01859474630630083,0.014697951994624649]","[3.840516418900006e-08,4.0706902442389995e-10,6.090571263976245e-09]",484566.7299727538,107.84713338493859,484567.0089866703,107.8470714485232,direct_vp,direct_vp,False,[]
fig1_fig2,adaptive_jones_vp_proposed_force_lower_raw,-10.0,85,2249164774,full_6d,3,3,3,direct_vp_rollback,jnpp_then_vp,[],True,0.0006265605690688116,0.001129993223636197,0.5544817048128898,False,5.332545218946334e-05,2.573216803600175,0.0006265605690688116,5.332545218946334e-05,2.573216803600175,0.0006265346591537605,5.332554767598849e-05,2.573216803600161,True,rollback,existing_selector_rollback,"[48.826812891962945,27.821971005655822,23.03512426477839]","[0.02048055035178789,0.03594281655202976,0.04341196463637074]","[9.152912384042167e-09,3.166046967874307e-08,6.238787813725112e-08]","[48.82681291051099,27.821971002527363,23.03512426967075]","[0.02048055034400786,0.03594281655607137,0.0434119646271506]","[6.8900199982785575e-09,3.543405065189541e-08,6.797052640150491e-08]",815658.0805390977,66.7412863698557,815658.1425161593,66.74128130011427,direct_vp,direct_vp,False,[]
fig1_fig2,adaptive_jones_vp_proposed_force_lower_raw,-10.0,86,2710333116,full_6d,3,3,3,direct_vp_rollback,jnpp_then_vp,"[""poor_clock_consistency""]",True,0.0010143935055558467,0.0014191551456966204,0.7147868988333277,False,4.27673524055909e-05,1.6808639432192432,0.0010143935055558467,4.27673524055909e-05,1.6808639432192432,0.0010143779077467169,4.276678804448305e-05,1.680863943219242,True,rollback,existing_selector_rollback,"[12.995376968926097,204.1497250878753,56.22371228274518]","[0.07695044186699279,0.004898365644947133,0.01778608987814332]","[3.14748454189668e-08,1.5581713351541716e-09,3.566159657852379e-08]","[12.995376962505716,204.1497246924263,56.223712351990166]","[0.07695044190501024,0.004898365654435531,0.017786089856238016]","[3.002975977634465e-08,1.074395424991568e-09,3.5919945567057164e-08]",541141.0572359392,112.22026705951757,541141.0178378954,112.22027414134944,ris_only_stage2_then_vp,direct_vp,True,"[""poor_clock_consistency""]"
fig1_fig2,adaptive_jones_vp_proposed_force_lower_raw,-10.0,87,3576217426,full_6d,3,3,3,direct_vp_rollback,jnpp_then_vp,"[""poor_clock_consistency""]",True,0.0007075301115709038,0.0015009962123042142,0.4713736822058717,False,5.3343966834269296e-05,0.6620725461327999,0.0007075301115709038,5.3343966834269296e-05,0.6620725461327999,0.0007075184053247026,5.334497206553472e-05,0.6620725461327976,True,rollback,existing_selector_rollback,"[16.30404319280206,32.55887807679749,116.32321655225903]","[0.06133447931646661,0.030713589012763727,0.008596736141958555]","[2.927352940176125e-07,1.734928981966585e-08,8.715544996005892e-11]","[16.304043198317775,32.558878076358724,116.32321539692019]","[0.061334479295716934,0.030713589013177625,0.008596736227342569]","[2.903784927269303e-07,1.7302680258499047e-08,8.30692165031371e-11]",459833.7273716375,103.99390709931782,459833.85687311884,103.993877836577,ris_only_stage2_then_vp,direct_vp,True,"[""poor_clock_consistency""]"
fig1_fig2,adaptive_jones_vp_proposed_force_lower_raw,-10.0,88,2932252539,full_6d,3,3,3,direct_vp_rollback,jnpp_then_vp,"[""poor_clock_consistency""]",True,0.0017307850338687514,0.0010938541647871568,1.5822813402237483,False,5.7887511289047094e-05,3.913972389952819,0.0017307850338687514,5.7887511289047094e-05,3.913972389952819,0.0017307930860375816,5.788764865408441e-05,3.913972389952821,True,rollback,existing_selector_rollback,"[31.456090996155407,56.52801304999817,19.757851445439698]","[0.0317903454720666,0.017690344061076183,0.05061279070458098]","[8.562002823280328e-08,3.0900698498136426e-09,1.1614196787835369e-07]","[31.456091014560585,56.52801300246368,19.75785144802016]","[0.031790345453465846,0.01769034407595202,0.05061279069797073]","[8.927255041572998e-08,3.4847910395799705e-09,1.1954551054549144e-07]",855016.3808817781,71.02424976972803,855016.4000518208,71.0242479239502,ris_only_stage2_then_vp,direct_vp,True,"[""poor_clock_consistency""]"
fig1_fig2,adaptive_jones_vp_proposed_force_lower_raw,-10.0,90,4175219143,full_6d,3,3,3,direct_vp_rollback,jnpp_then_vp,"[""poor_clock_consistency""]",True,0.00014745803877652417,0.0014280113987449187,0.10326110765371009,False,3.850891736017292e-05,0.9024442804151144,0.00014745803877652417,3.850891736017292e-05,0.9024442804151144,0.00014727093480278834,3.8508815254640046e-05,0.9024442804150737,True,rollback,existing_selector_rollback,"[29.940152134348907,16.006001956860473,224.67601991922064]","[0.03339996388404479,0.06247656364651232,0.004450853278132935]","[6.452648359968102e-08,8.40008002340639e-09,2.599185195689631e-08]","[29.940152038830945,16.006001946432907,224.67602015671625]","[0.03339996399060057,0.06247656368721446,0.004450853273428125]","[6.541691646660153e-08,9.08496682301159e-09,2.603179131777974e-08]",502926.9914137878,99.95927250072337,502927.61807172874,99.95915180629721,ris_only_stage2_then_vp,direct_vp,True,"[""poor_clock_consistency""]"
fig1_fig2,adaptive_jones_vp_proposed_force_lower_raw,-10.0,82,2146768378,full_6d,3,3,3,direct_vp_rollback,jnpp_then_vp,"[""poor_clock_consistency""]",True,0.0007395832033505197,0.0011354535747526032,0.6513548592347008,False,4.8686469036895357e-05,6.5995152044420475,0.0007395832033505197,4.8686469036895357e-05,6.5995152044420475,0.0007395809224257546,4.86858124426924e-05,6.599515204442238,True,rollback,existing_selector_rollback,"[20.35092191937854,237.81627420415495,21.590426407580836]","[0.0491378230402147,0.004204926694393198,0.04631682492511076]","[6.694555469686263e-10,4.847762281943511e-09,7.227017037856557e-08]","[20.35092194001225,237.81627237808513,21.590426246867413]","[0.04913782299039408,0.004204926726680685,0.04631682526988096]","[9.556028038974198e-10,5.086908983139031e-09,7.130157190275758e-08]",811667.5971830335,72.01863716251265,811667.4749219816,72.01863940652436,ris_only_stage2_then_vp,direct_vp,True,"[""poor_clock_consistency""]"
fig1_fig2,adaptive_jones_vp_proposed_force_lower_raw,-10.0,91,3347136468,full_6d,3,3,3,direct_vp_rollback,jnpp_then_vp,"[""poor_clock_consistency""]",True,0.0005240149301404373,0.0010803658270640648,0.4850347141805362,False,4.921077490685398e-05,2.4663673129127237,0.0005240149301404373,4.921077490685398e-05,2.4663673129127237,0.0005240206906334481,4.9210543140546846e-05,2.466367312912732,True,rollback,existing_selector_rollback,"[99.25583313575247,239.55629508467783,11.647759536431025]","[0.010074974621723657,0.004174384143847966,0.08585342072530121]","[6.751460678576691e-10,2.9094873949373594e-09,9.393839164142734e-07]","[99.2558330701981,239.55629469739887,11.647759515552812]","[0.010074974628377762,0.004174384150596489,0.08585342087919055]","[2.9880836501056134e-09,1.7857635275783351e-09,8.874775753077933e-07]",685796.596880914,113.5638858133488,685796.5965186527,113.56388614829315,ris_only_stage2_then_vp,direct_vp,True,"[""poor_clock_consistency""]"
fig1_fig2,adaptive_jones_vp_proposed_force_lower_raw,-10.0,83,2856883752,full_6d,3,3,3,direct_vp_rollback,jnpp_then_vp,"[""low_assignment_margin"",""poor_clock_consistency""]",True,0.0006647194524571112,0.0009942237159744995,0.6685813683347706,False,6.464124238396935e-05,2.056904628932976,0.0006647194524571112,6.464124238396935e-05,2.056904628932976,0.0006647175217363716,6.464124728963002e-05,2.056904628932975,True,rollback,existing_selector_rollback,"[42.756728402179505,7759.503423873254,13.057119821463235]","[0.02338813181754731,0.00012887422527114938,0.07658656837499088]","[5.855696304112117e-08,1.9632240524739892e-08,1.4270721412618666e-08]","[42.756728404033666,7759.50339295057,13.057119820906413]","[0.023388131816533077,0.00012887422578473082,0.07658656837825692]","[5.82921951748682e-08,1.952247490185609e-08,4.1144321992530133e-08]",805882.2624685476,97.91847084656914,805882.2594692562,97.91847085744865,ris_only_stage2_then_vp,direct_vp,True,"[""low_assignment_margin"",""poor_clock_consistency""]"
fig1_fig2,adaptive_jones_vp_proposed_force_lower_raw,-10.0,81,3893654042,full_6d,3,3,3,direct_vp_rollback,jnpp_then_vp,"[""low_assignment_margin"",""poor_clock_consistency""]",True,0.0027320216162138706,0.001374356952884877,1.9878544729439864,False,7.269717431715305e-05,6.726585859843629,0.0027320216162138706,7.269717431715305e-05,6.726585859843629,0.0027318620922527734,7.269497150702868e-05,6.726585859843691,True,rollback,existing_selector_rollback,"[275.2980401386151,747.1055941805037,10.531554231293635]","[0.0036324268753282546,0.001338498877591446,0.09495274657733346]","[3.020541695413411e-06,1.2131037848175464e-09,0.00017781214316305507]","[275.29803831728066,747.1056125517734,10.53155423812831]","[0.003632426899359897,0.0013384988446778609,0.09495274651571187]","[2.9515039813944386e-06,4.390061291252431e-10,0.00017783672624576547]",345363.0924851198,214.5142807063284,345363.046991515,214.5142904220079,ris_only_stage2_then_vp,direct_vp,True,"[""low_assignment_margin"",""poor_clock_consistency""]"
fig1_fig2,adaptive_jones_vp_proposed_force_lower_raw,-10.0,89,850792180,full_6d,3,3,3,direct_vp_rollback,jnpp_then_vp,"[""poor_clock_consistency""]",True,0.0012901866092198716,0.0012201386586936462,1.0574098279954698,False,6.273068404960059e-05,7.891154458000634,0.0012901866092198716,6.273068404960059e-05,7.891154458000634,0.001290330291427596,6.290118292490484e-05,7.891154475759433,True,rollback,existing_selector_rollback,"[69.87340733745334,16.84886901038092,37.526098143125175]","[0.01431159632878114,0.05935116472013827,0.026648120893050405]","[6.102396553598413e-10,2.48193497386878e-08,3.4522311929282803e-07]","[69.87341853369395,16.848868600985103,37.526110711674995]","[0.014311594035547473,0.059351166162259945,0.026648111967845296]","[2.0864593229462946e-09,3.95497283450434e-08,3.458192717767781e-07]",717411.1070643543,66.8949936444751,717411.6765290624,66.89493922991434,ris_only_stage2_then_vp,direct_vp,True,"[""poor_clock_consistency""]"
fig1_fig2,adaptive_jones_vp_proposed_force_lower_raw,-10.0,94,3608384463,full_6d,3,3,3,direct_vp_rollback,jnpp_then_vp,"[""poor_clock_consistency""]",True,0.00046036790162062505,0.0013477256840140944,0.3415887276477923,False,7.576720134503996e-05,4.679274759251305,0.00046036790162062505,7.576720134503996e-05,4.679274759251305,0.0004603829005623104,7.576699678907262e-05,4.679274759251317,True,rollback,existing_selector_rollback,"[51.54896489689916,13.470641984441292,150.56106041261748]","[0.01939903161874361,0.07423551165130347,0.006641823570509575]","[1.4945004283833974e-07,7.061719104593502e-09,1.0443935629768685e-08]","[51.54896484499326,13.470641989921983,150.56106039429605]","[0.019399031638276963,0.07423551162109987,0.006641823571317804]","[1.1530121171015542e-07,1.2067763826293246e-08,2.306290587403776e-08]",577032.4634454143,101.59777487879354,577032.5040493289,101.59776715567489,ris_only_stage2_then_vp,direct_vp,True,"[""poor_clock_consistency""]"
fig1_fig2,adaptive_jones_vp_proposed_force_lower_raw,-5.0,1,112311654,full_6d,3,3,3,direct_vp_rollback,jnpp_then_vp,"[""poor_clock_consistency""]",True,0.0002249695470845996,0.0008078451997330827,0.2784810099248358,False,2.805305006508485e-05,0.9607540616153052,0.0002249695470845996,2.805305006508485e-05,0.9607540616153052,0.00022487145411668704,2.8052677558433606e-05,0.960754061615336,True,rollback,existing_selector_rollback,"[21.736294663992986,3.8286607407753643,126.07064665056643]","[0.04600600127282974,0.2611879369060147,0.007932060526711325]","[1.7583728724656135e-08,1.469937481843575e-07,1.2637714082866574e-09]","[21.736294683121912,3.828660736393323,126.07064683563773]","[0.04600600123234238,0.2611879372049538,0.007932060515067086]","[3.7769342511601e-09,9.930143520508098e-08,1.6487717169007283e-09]",1611318.3629228259,98.44486710806117,1611317.3144984522,98.44493243161666,ris_only_stage2_then_vp,direct_vp,True,"[""poor_clock_consistency""]"
fig1_fig2,adaptive_jones_vp_proposed_force_lower_raw,-5.0,0,3147786918,full_6d,3,3,3,direct_vp_rollback,jnpp_then_vp,[],True,0.0006625506773512407,0.0006350613982890841,1.0432860179129377,False,8.20755710527468e-06,1.253246337961699,0.0006625506773512407,8.20755710527468e-06,1.253246337961699,0.0006625838440534719,8.20767995678176e-06,1.2532463379617014,True,rollback,existing_selector_rollback,"[22.931267884602967,5.928821268934096,9.549290707076235]","[0.043608578688686964,0.16866759084708496,0.10471981958297999]","[2.158849244336994e-08,5.2967734985934846e-08,2.0727021686421985e-07]","[22.931267874189693,5.928821267077901,9.549290706274478]","[0.04360857870848997,0.1686675908998914,0.10471981959177223]","[3.297041261687895e-08,4.99626698403307e-08,2.3577581640776492e-07]",2607424.1211276148,69.67145797629206,2607424.410220273,69.67145076395904,direct_vp,direct_vp,False,[]
fig1_fig2,adaptive_jones_vp_proposed_force_lower_raw,-10.0,92,971995857,full_6d,3,3,3,direct_vp_rollback,jnpp_then_vp,"[""poor_clock_consistency""]",True,0.00022284800360582743,0.0010085393080804643,0.22096114828679336,False,1.807328763310231e-05,5.369682931937251,0.00022284800360582743,1.807328763310231e-05,5.369682931937251,0.00022303827821096224,1.807223711951135e-05,5.369682931938069,True,rollback,existing_selector_rollback,"[283.75977075324727,39.66850231254613,13.96512517422831]","[0.0035241077234511283,0.025208917444913395,0.07160694856007928]","[1.2111491684064547e-08,1.1412208610637171e-07,8.789802328371508e-08]","[283.7597727052245,39.668502974535784,13.965125067712718]","[0.0035241076992088686,0.025208917024225917,0.07160694910624385]","[1.4771582499603924e-08,8.456711394827005e-08,6.266852753636397e-08]",834213.4414480643,80.15773664935567,834213.3536338487,80.15772858724912,ris_only_stage2_then_vp,direct_vp,True,"[""poor_clock_consistency""]"
fig1_fig2,adaptive_jones_vp_proposed_force_lower_raw,-5.0,3,3422926171,full_6d,3,3,3,direct_vp_rollback,jnpp_then_vp,"[""poor_clock_consistency""]",True,0.0009142836040621564,0.0006147117865929228,1.4873370317651275,False,3.611399887927698e-05,0.8795708682294735,0.0009142836040621564,3.611399887927698e-05,0.8795708682294735,0.0009143398589695229,3.611415555961566e-05,0.8795708682294702,True,rollback,existing_selector_rollback,"[27.806285927394132,7.684643042323666,6.6551854805053114]","[0.03596309131623422,0.13012966177931115,0.15025877233964294]","[4.196338444260526e-08,1.981791059732032e-08,7.452819920897236e-08]","[27.806285990422364,7.684643037906225,6.655185483282206]","[0.03596309123471704,0.1301296618541149,0.15025877227694706]","[4.166931733684736e-08,1.994164310502623e-08,7.567489778575863e-08]",2710085.322061222,79.2119669691085,2710085.6890623523,79.21195690598775,ris_only_stage2_then_vp,direct_vp,True,"[""poor_clock_consistency""]"
fig1_fig2,adaptive_jones_vp_proposed_force_lower_raw,-5.0,2,3251202663,full_6d,3,3,3,direct_vp_rollback,jnpp_then_vp,[],True,0.00026501360695188397,0.000621051741220573,0.426717436507052,False,2.564493864275898e-05,0.722598421624966,0.00026501360695188397,2.564493864275898e-05,0.722598421624966,0.0002649811891208885,2.5644848950700337e-05,0.7225984216249693,True,rollback,existing_selector_rollback,"[19.239921987020512,6.842027546392716,8.415086916185244]","[0.05197526271963953,0.14615550627538504,0.11883418554694006]","[4.1124092378322704e-09,6.950462475445079e-08,5.890260525418426e-07]","[19.23992196721643,6.842027543890277,8.415086942482043]","[0.05197526277313883,0.14615550632884072,0.11883418517558812]","[3.985028996984357e-09,6.61358714707143e-08,5.901592518162106e-07]",2669484.795829765,73.87965443634182,2669485.10082943,73.87964539775868,direct_vp,direct_vp,False,[]
fig1_fig2,adaptive_jones_vp_proposed_force_lower_raw,-10.0,93,3741086398,full_6d,3,3,3,direct_vp_rollback,jnpp_then_vp,"[""poor_clock_consistency""]",True,0.0005075331938014776,0.0009559987279309044,0.5308931685504921,False,5.571665237097478e-05,1.4866759430743888,0.0005075331938014776,5.571665237097478e-05,1.4866759430743888,0.0005073818578148365,5.571692535752758e-05,1.486675943074431,True,rollback,existing_selector_rollback,"[48.831949946663336,82.8827922238405,14.762163911217694]","[0.02047839582575378,0.012065230587507598,0.0677407462753711]","[4.324849877544835e-09,3.6047873938777305e-08,2.489192156439733e-07]","[48.831949889345864,82.88279062744026,14.762163912839808]","[0.020478395849790706,0.012065230819895249,0.06774074626792753]","[1.1753395173288392e-08,1.202021737615599e-08,1.9374484398766956e-07]",903493.1159271317,75.40548244113607,903493.0491612665,75.40547703703426,ris_only_stage2_then_vp,direct_vp,True,"[""poor_clock_consistency""]"
fig1_fig2,adaptive_jones_vp_proposed_force_lower_raw,-5.0,4,287230138,full_6d,3,3,3,direct_vp_rollback,jnpp_then_vp,"[""poor_clock_consistency""]",True,0.0005994861937033835,0.0005643399933614378,1.062278415060752,False,1.4419912718912406e-05,1.56314295308513,0.0005994861937033835,1.4419912718912406e-05,1.56314295308513,0.0005994932790690867,1.441996756378274e-05,1.5631429530851095,True,rollback,existing_selector_rollback,"[45.01160202007383,7.30221402513955,6.344709720775356]","[0.022216494305379718,0.13694476723771282,0.15761162354192781]","[1.0426573420033015e-08,1.5545347203172088e-08,6.484612758949567e-07]","[45.01160202222503,7.302214025835373,6.344709725466434]","[0.022216494304317946,0.13694476722466345,0.15761162342539473]","[1.0783617156852902e-08,1.6711557243655098e-08,6.527021702682033e-07]",2913594.028531692,76.15271137118194,2913594.061097578,76.1527107362977,ris_only_stage2_then_vp,direct_vp,True,"[""poor_clock_consistency""]"
fig1_fig2,adaptive_jones_vp_proposed_force_lower_raw,-5.0,5,2290547997,full_6d,3,3,3,direct_vp_rollback,jnpp_then_vp,[],True,0.0009639650692833807,0.0006822757723125929,1.4128672135256892,False,1.4236324916666843e-05,0.8625737414877857,0.0009639650692833807,1.4236324916666843e-05,0.8625737414877857,0.0009640442308411612,1.4236297855245075e-05,0.8625737414878151,True,rollback,existing_selector_rollback,"[18.263422759697196,5.399578419613799,12.831217888918188]","[0.05475424914263532,0.1851996438022146,0.07793492470039254]","[2.816954685848549e-07,1.1016655347034864e-09,1.2969365351778161e-07]","[18.26342245917113,5.399578453978787,12.8312179233219]","[0.054754250043620833,0.18519964262353303,0.07793492449142947]","[2.399223049934862e-07,1.5152329008336167e-09,1.329147120308877e-07]",2274041.511707315,74.73015346767855,2274042.270979015,74.73012697832876,direct_vp,direct_vp,False,[]
fig1_fig2,adaptive_jones_vp_proposed_force_lower_raw,-5.0,6,1919806993,full_6d,3,3,3,direct_vp_rollback,jnpp_then_vp,"[""poor_clock_consistency""]",True,0.00019642743954248018,0.0006275673464398835,0.31299818363206783,False,7.261861651040755e-06,1.3275288920346304,0.00019642743954248018,7.261861651040755e-06,1.3275288920346304,0.00019643248494018728,7.2621363036972085e-06,1.327528892034636,True,rollback,existing_selector_rollback,"[7.84785969312416,74.64054637619746,5.688671595736348]","[0.12742327705836715,0.013397543941937904,0.17578796440698213]","[4.911407239883704e-07,6.884979676008477e-09,1.0587093307201293e-08]","[7.847859691621208,74.64054638957538,5.6886715972385975]","[0.12742327708277013,0.013397543939536644,0.1757879643605605]","[4.986512613788955e-07,1.0219371777286282e-08,1.3958182950786847e-08]",2607389.193241224,72.23891201221005,2607389.1388107943,72.23891318880544,ris_only_stage2_then_vp,direct_vp,True,"[""poor_clock_consistency""]"
fig1_fig2,adaptive_jones_vp_proposed_force_lower_raw,-5.0,7,1914929603,full_6d,3,3,3,direct_vp_rollback,jnpp_then_vp,"[""poor_clock_consistency""]",True,0.0007425564674063558,0.0006029545772165476,1.2315296963732494,False,1.699027086362243e-05,2.325824185468304,0.0007425564674063558,1.699027086362243e-05,2.325824185468304,0.0007425494077142302,1.699033976401445e-05,2.3258241854683637,True,rollback,existing_selector_rollback,"[46.637170415747,15.494469292157603,4.329908621021294]","[0.021442124190615856,0.06453915788459093,0.23095175615041053]","[2.151022140188505e-08,1.893612465963322e-08,8.728877077238951e-07]","[46.63717037558192,15.494469226603012,4.329908629254755]","[0.02144212420908234,0.06453915815764566,0.2309517557112483]","[2.0415354747193308e-08,1.599251955943199e-08,9.019583377374461e-07]",2562816.1498175813,85.18652320365936,2562816.1133039454,85.186522551633,ris_only_stage2_then_vp,direct_vp,True,"[""poor_clock_consistency""]"
fig1_fig2,adaptive_jones_vp_proposed_force_lower_raw,-10.0,77,4292676672,full_6d,3,3,3,ris_only_stage2_then_vp,jnpp_then_vp,"[""low_assignment_margin"",""poor_clock_consistency""]",False,0.0006344996726900575,0.0012521582502547609,0.5067248269625375,False,1.997273111601306e-05,8.723823578086586,1.3260477527527412,0.9898630481707869,9.588413251977874,0.0006344996726900575,1.997273111601306e-05,8.723823578086586,True,accepted,accepted,"[2839.5187009056835,1858.1850131858148,41359.85968522883]","[0.0003521723582385721,0.0005381595433424244,2.4178030734404982e-05]","[5.516818876428062e-08,1.3411434632737287e-08,8.181577536077948e-12]","[14.729543394832115,2292.8913805320763,31.14013426489065]","[0.06789076709167523,0.00043613055821033,0.032112899432688795]","[0.0018579466898025782,3.636000776950763e-07,5.510246303986556e-08]",11527.829517414879,55.883080450224405,692407.9982971371,87.80232894153083,ris_only_stage2_then_vp,jnpp_then_vp,True,"[""low_assignment_margin"",""poor_clock_consistency""]"
fig1_fig2,adaptive_jones_vp_proposed_force_lower_raw,-5.0,8,641399591,full_6d,3,3,3,direct_vp_rollback,jnpp_then_vp,"[""poor_clock_consistency""]",True,0.00040086724614906875,0.0006177944063626284,0.6488683646542611,False,1.1814702363464592e-05,0.7133714799124954,0.00040086724614906875,1.1814702363464592e-05,0.7133714799124954,0.00040088549639236723,1.1814705426235244e-05,0.7133714799124933,True,rollback,existing_selector_rollback,"[32.888163267207595,7.12590051704668,6.900602435796621]","[0.030406076248234888,0.1403331407168343,0.14491488377965903]","[1.843872869332925e-08,1.1869969756241731e-09,3.6455830480968135e-07]","[32.88816324669251,7.125900517567209,6.900602434840058]","[0.030406076267201692,0.14033314070658331,0.14491488379974715]","[1.8898327650127314e-08,6.168235818700167e-10,3.266415060218512e-07]",2701028.6786071435,78.29421157835421,2701028.788985902,78.29420851210268,ris_only_stage2_then_vp,direct_vp,True,"[""poor_clock_consistency""]"
fig1_fig2,adaptive_jones_vp_proposed_force_lower_raw,-5.0,10,781873798,full_6d,3,3,3,direct_vp_rollback,jnpp_then_vp,"[""poor_clock_consistency""]",True,0.0004054721946850874,0.0006183000848100379,0.6557854424517211,False,1.3238615651141415e-05,0.6968404836098799,0.0004054721946850874,1.3238615651141415e-05,0.6968404836098799,0.0004054852089852474,1.3238538348669293e-05,0.6968404836098886,True,rollback,existing_selector_rollback,"[12.362860340833738,113.97024392769387,4.411664897717596]","[0.08088742996511099,0.008774220054494746,0.2266717947033885]","[3.622024180913598e-08,3.4681509910406403e-09,2.371132447531676e-07]","[12.362860352979842,113.97024318302736,4.411664896242633]","[0.08088742988564174,0.00877422011182434,0.22667179477917224]","[4.074279931720936e-08,3.4984494855835707e-09,2.3422799236261104e-07]",2580319.9633961576,81.22890019914335,2580319.980212893,81.22890127600076,ris_only_stage2_then_vp,direct_vp,True,"[""poor_clock_consistency""]"
fig1_fig2,adaptive_jones_vp_proposed_force_lower_raw,-5.0,12,2210497206,full_6d,3,3,3,direct_vp_rollback,jnpp_then_vp,[],True,0.0007073746109301603,0.0005717770208036201,1.2371511711610248,False,9.58063420358445e-06,1.4417379617027626,0.0007073746109301603,9.58063420358445e-06,1.4417379617027626,0.0007073785432419292,9.580805597381133e-06,1.4417379617027808,True,rollback,existing_selector_rollback,"[16.278316133816173,11.217908723564406,5.997033128996079]","[0.06143141537264695,0.08914317495632462,0.16674912052076757]","[1.2919589393246035e-07,1.8616539295584e-07,2.32808097078796e-07]","[16.278316152548904,11.217908733075792,5.9970331148047125]","[0.061431415301953014,0.08914317488074235,0.16674912091536231]","[1.2392030705402947e-07,1.4553875373185854e-07,2.2235695808837628e-07]",2879276.518014694,71.4306100579682,2879276.531552383,71.43061044028794,direct_vp,direct_vp,False,[]
fig1_fig2,adaptive_jones_vp_proposed_force_lower_raw,-5.0,13,634888206,full_6d,3,3,3,direct_vp_rollback,jnpp_then_vp,"[""poor_clock_consistency""]",True,0.0008936792304322774,0.0006629582174480504,1.3480174269086669,False,1.3137557702957608e-05,0.6465740918407157,0.0008936792304322774,1.3137557702957608e-05,0.6465740918407157,0.0008937199889958151,1.313698484213187e-05,0.6465740918407274,True,rollback,existing_selector_rollback,"[5.38019991198265,81.21390686256292,8.551428612885637]","[0.18586669944502326,0.012313162099331967,0.11693952499171989]","[6.46580928062141e-07,2.0305014395876624e-08,5.45250575767186e-07]","[5.380199899097108,81.21390815285055,8.551428624238223]","[0.18586669989017274,0.012313161903706352,0.11693952483647495]","[6.854697824090751e-07,2.2598306719402654e-09,3.0983712539531073e-07]",2384615.4559356826,80.55102377001066,2384615.7076147352,80.55101505575047,ris_only_stage2_then_vp,direct_vp,True,"[""poor_clock_consistency""]"
fig1_fig2,adaptive_jones_vp_proposed_force_lower_raw,-5.0,15,2734808712,full_6d,3,3,3,direct_vp_rollback,jnpp_then_vp,"[""poor_clock_consistency""]",True,0.0007280618862473377,0.0006155747828861733,1.1827350737692004,False,1.502815009347355e-05,0.36508935102904705,0.0007280618862473377,1.502815009347355e-05,0.36508935102904705,0.0007279147361420124,1.5026222615365888e-05,0.3650893510290633,True,rollback,existing_selector_rollback,"[34.986464813102664,6.4061876175667365,7.732152408733547]","[0.028582481977158975,0.1560990810277617,0.12933009427785688]","[7.53086255568484e-09,2.625660939294677e-09,3.4724974779668994e-07]","[34.98646388072046,6.406187644256115,7.7321524182646755]","[0.028582482738876355,0.15609908037742368,0.12933009411843663]","[6.975906684451956e-09,2.2446674549726755e-09,3.364246563720374e-07]",2740598.7128684497,70.07776089779223,2740599.8409467572,70.07773229426394,ris_only_stage2_then_vp,direct_vp,True,"[""poor_clock_consistency""]"
fig1_fig2,adaptive_jones_vp_proposed_force_lower_raw,-5.0,17,2127997378,full_6d,3,3,3,direct_vp_rollback,jnpp_then_vp,"[""poor_clock_consistency""]",True,0.0005362585347446253,0.0007114826148609328,0.7537198007985662,False,1.744546398184563e-05,1.266449726339144,0.0005362585347446253,1.744546398184563e-05,1.266449726339144,0.0005362371649332987,1.7445506874785003e-05,1.2664497263391388,True,rollback,existing_selector_rollback,"[14.00126251873625,5.245831490736706,18.478161913048247]","[0.07142213058628219,0.19062754908551544,0.05411793687527858]","[2.567526335064188e-07,8.365479310341384e-09,1.926372068329119e-07]","[14.001262505596479,5.245831493001982,18.478161917024707]","[0.07142213065330974,0.1906275490031979,0.05411793686363252]","[2.588725110288105e-07,1.0164564000509347e-08,1.6773214047535477e-07]",2064004.1130048654,83.0950106759708,2064003.9089843405,83.09501937862268,ris_only_stage2_then_vp,direct_vp,True,"[""poor_clock_consistency""]"
fig1_fig2,adaptive_jones_vp_proposed_force_lower_raw,-5.0,9,3933360494,full_6d,3,3,3,direct_vp_rollback,jnpp_then_vp,"[""poor_clock_consistency""]",True,0.00017839393781239648,0.0006765671232655503,0.2636751501482248,False,1.6119959460016475e-05,0.37669894444263746,0.00017839393781239648,1.6119959460016475e-05,0.37669894444263746,0.00017840448813484248,1.611898840772648e-05,0.3766989444426489,True,rollback,existing_selector_rollback,"[7.042957586034406,11.898696013638942,11.105999930643769]","[0.14198580465341337,0.084042822746446,0.09004141961406693]","[8.405343706318838e-08,5.358266170971564e-08,1.1211157835562426e-06]","[7.04295759891178,11.89869600619326,11.105999913123936]","[0.14198580439380593,0.08404282279903631,0.09004141975610823]","[7.440946519267241e-08,5.8711365698452745e-09,1.0793686705866172e-06]",2276658.1494991607,77.0478022112547,2276658.0125648445,77.04780840262755,ris_only_stage2_then_vp,direct_vp,True,"[""poor_clock_consistency""]"
fig1_fig2,adaptive_jones_vp_proposed_force_lower_raw,-5.0,11,3685333214,full_6d,3,3,3,direct_vp_rollback,jnpp_then_vp,"[""poor_clock_consistency""]",True,5.665828328668022e-05,0.0007659881411150172,0.07396757240158457,False,8.174940096283892e-06,0.9054006288681147,5.665828328668022e-05,8.174940096283892e-06,0.9054006288681147,5.6678668137915655e-05,8.175021811478066e-06,0.9054006288681178,True,rollback,existing_selector_rollback,"[101.73701886357752,3.820948785108895,22.204476467775546]","[0.009829263832068792,0.2617151017290277,0.04503596387102641]","[4.527825776134252e-09,5.3077725183991487e-08,1.751823819608589e-07]","[101.73701934460685,3.8209487812957135,22.204476459300306]","[0.009829263785594419,0.26171510199021075,0.045035963888216214]","[2.0025414067115247e-09,8.211821002212911e-08,1.1228624232022848e-07]",1900341.338730834,91.89677475473745,1900341.1561479846,91.89678320652118,ris_only_stage2_then_vp,direct_vp,True,"[""poor_clock_consistency""]"
fig1_fig2,adaptive_jones_vp_proposed_force_lower_raw,-10.0,95,1902842209,full_6d,3,3,3,direct_vp_rollback,jnpp_then_vp,"[""low_assignment_margin"",""poor_clock_consistency""]",True,0.0013287573477812735,0.0010404652643098268,1.2770799692795893,False,7.047384169073093e-05,2.8299638091595414,0.0013287573477812735,7.047384169073093e-05,2.8299638091595414,0.001328816646451771,7.047472996759073e-05,2.8299638091595853,True,rollback,existing_selector_rollback,"[514.478121501802,57.79247987868231,12.417574063823759]","[0.001943717249951161,0.01730328932140311,0.08053102762647434]","[9.157513996323301e-06,4.688012238869066e-09,4.1094765474808414e-08]","[514.4781501192834,57.79247976484739,12.417574079508892]","[0.0019437171418332704,0.017303289355485717,0.08053102752475239]","[9.446477810985823e-06,3.096332250496007e-09,3.946201892526814e-08]",706680.2397299674,97.505774398101,706680.2415064133,97.5057662590495,ris_only_stage2_then_vp,direct_vp,True,"[""low_assignment_margin"",""poor_clock_consistency""]"
fig1_fig2,adaptive_jones_vp_proposed_force_lower_raw,-5.0,14,1092560480,full_6d,3,3,3,direct_vp_rollback,jnpp_then_vp,[],True,0.0006228668702201956,0.0006428425719644807,0.9689259818570498,False,1.918194876908799e-05,0.6836063151740334,0.0006228668702201956,1.918194876908799e-05,0.6836063151740334,0.0006228581692914028,1.9181962984300186e-05,0.6836063151740348,True,rollback,existing_selector_rollback,"[11.846627034616482,11.154935920489915,7.119045019384552]","[0.08441221261259424,0.08964641366984435,0.14046827871855935]","[1.382245898257648e-07,1.2545236402048144e-07,5.590064332670599e-07]","[11.846627032507376,11.154935920574257,7.119045020709869]","[0.08441221262762251,0.08964641366916655,0.14046827869240905]","[1.3699048632305596e-07,1.2808748551122394e-07,5.29343391047462e-07]",2507723.3737104745,68.75081525900522,2507723.2572526922,68.75081841470468,direct_vp,direct_vp,False,[]
fig1_fig2,adaptive_jones_vp_proposed_force_lower_raw,-5.0,19,3846521747,full_6d,3,3,3,direct_vp_rollback,jnpp_then_vp,"[""poor_clock_consistency""]",True,0.0012784840533210206,0.0007035534536445204,1.817181120635919,False,2.15557902370418e-05,0.37481989428957363,0.0012784840533210206,2.15557902370418e-05,0.37481989428957363,0.0012784843241145521,2.155491408925955e-05,0.37481989428958007,True,rollback,existing_selector_rollback,"[12.386167441119376,5.903254996338469,15.13000200652643]","[0.08073522376807468,0.1693980694742736,0.06609384450534198]","[1.2590465340842907e-07,3.1367423520446455e-08,8.297368693422109e-08]","[12.386167543278814,5.903254972011866,15.130001998347248]","[0.08073522310218145,0.16939807017234265,0.06609384454107188]","[1.5346265503615681e-07,2.0285155280894126e-09,8.215804725467892e-08]",2103235.839035306,80.59318127415426,2103235.8898284063,80.5931805551488,ris_only_stage2_then_vp,direct_vp,True,"[""poor_clock_consistency""]"
fig1_fig2,adaptive_jones_vp_proposed_force_lower_raw,-5.0,20,3607282624,full_6d,3,3,3,direct_vp_rollback,jnpp_then_vp,[],True,0.00024265860782328658,0.0006003400235130783,0.4042019494274153,False,2.1471730321419742e-05,1.8082282756499903,0.00024265860782328658,2.1471730321419742e-05,1.8082282756499903,0.00024265448312082275,2.1471135904366514e-05,1.8082282756500054,True,rollback,existing_selector_rollback,"[13.579447957740749,24.842649447956774,4.997725415644588]","[0.07364069607972439,0.04025335550743377,0.20009102478192592]","[2.6198024705096175e-07,1.2066763262482165e-08,1.7939718183613666e-07]","[13.579447898335482,24.842649597576674,4.997725417727589]","[0.0736406964018763,0.04025335526499977,0.20009102469853]","[2.656136926941554e-07,1.2395850223402568e-08,1.82641024634056e-07]",2712531.2756508808,65.46767396740366,2712531.213243546,65.46767550265614,direct_vp,direct_vp,False,[]
fig1_fig2,adaptive_jones_vp_proposed_force_lower_raw,-5.0,21,4000820147,full_6d,3,3,3,direct_vp_rollback,jnpp_then_vp,"[""poor_clock_consistency""]",True,0.0003985250664870397,0.0008299829535644942,0.4801605439913076,False,9.73785148854206e-06,1.0999797253280514,0.0003985250664870397,9.73785148854206e-06,1.0999797253280514,0.00039853985800431115,9.73765621184792e-06,1.0999797253280463,True,rollback,existing_selector_rollback,"[3.628835669145874,143.8310070160029,29.589106556121536]","[0.2755704835297056,0.0069526037577203855,0.033796221527463664]","[2.07719756562115e-07,7.32019767689627e-10,1.2021874817077418e-09]","[3.62883566868693,143.83100705487809,29.58910653912037]","[0.2755704835645574,0.00695260375584121,0.03379622154688214]","[1.883057495390613e-07,1.495613796926862e-09,9.879336028193411e-10]",1615727.458041457,135.88651965132797,1615727.1156853563,135.8865473872628,ris_only_stage2_then_vp,direct_vp,True,"[""poor_clock_consistency""]"
fig1_fig2,adaptive_jones_vp_proposed_force_lower_raw,-5.0,22,3206710796,full_6d,3,3,3,direct_vp_rollback,jnpp_then_vp,"[""poor_clock_consistency""]",True,0.0003556160226233846,0.0007554398024572056,0.47074038390177314,False,1.598185100523324e-05,0.3387933904752475,0.0003556160226233846,1.598185100523324e-05,0.3387933904752475,0.00035549027527043424,1.5982154124330805e-05,0.3387933904752637,True,rollback,existing_selector_rollback,"[7.784675719536482,6.9552708637218394,22.305431950873206]","[0.12845750240855988,0.14377585281530417,0.04483212888143809]","[3.8995107990853587e-07,1.1948754104439138e-07,2.777985402151711e-07]","[7.784675700138555,6.955270883027679,22.305432019046453]","[0.12845750272865147,0.1437758524162236,0.044832128744415334]","[3.8675735233791356e-07,1.2297290222065776e-07,2.789394275693676e-07]",1798176.899337257,85.42555504602085,1798175.7746677736,85.42560813003713,ris_only_stage2_then_vp,direct_vp,True,"[""poor_clock_consistency""]"
fig1_fig2,adaptive_jones_vp_proposed_force_lower_raw,-5.0,16,1080178429,full_6d,3,3,3,direct_vp_rollback,jnpp_then_vp,"[""poor_clock_consistency""]",False,0.00015067478995643157,0.0005900169584949459,0.25537365966697423,False,5.911960950423032e-06,1.5208307015374585,0.00015067478995643157,5.911960950423032e-06,1.5208307015374585,0.00015067443212086025,5.911956904630113e-06,1.5208307015374587,True,rollback,existing_selector_rollback,"[8.850199589336134,632.5560903367763,5.001804174643086]","[0.11299180203755849,0.0015808874732911645,0.19992785904425284]","[3.1659830714439083e-06,8.69361472609843e-11,8.001850399384428e-08]","[8.850199589010915,632.5560894859489,5.001804174285332]","[0.1129918020417106,0.0015808874754175569,0.19992785905855265]","[3.2251939398584685e-06,4.778028612248268e-10,1.3756545451718723e-07]",2712945.5296462025,87.55639206184082,2712945.5220313454,87.5563923299442,ris_only_stage2_then_vp,jnpp_then_vp,True,"[""poor_clock_consistency""]"
fig1_fig2,adaptive_jones_vp_proposed_force_lower_raw,-5.0,23,2043173887,full_6d,3,3,3,direct_vp_rollback,jnpp_then_vp,"[""poor_clock_consistency""]",True,0.0009366319373925056,0.0006230569693857981,1.5032845845795222,False,1.626728183365647e-05,1.0357436647024325,0.0009366319373925056,1.626728183365647e-05,1.0357436647024325,0.0009366517758519063,1.626715532937494e-05,1.0357436647024483,True,rollback,existing_selector_rollback,"[39.18980680870899,6.572011034121434,7.221493316555211]","[0.025516839234292536,0.15216042620767006,0.1384755141572017]","[1.699692426139547e-07,5.205396552402977e-09,1.8800043448211332e-08]","[39.189807041779865,6.572011027247591,7.221493300428958]","[0.02551683908253797,0.15216042636681876,0.13847551446643014]","[1.6761762303193422e-07,7.163609036655805e-09,1.7847033475352632e-08]",2651762.3045523716,64.07560349465766,2651762.237702311,64.07560733267529,ris_only_stage2_then_vp,direct_vp,True,"[""poor_clock_consistency""]"
fig1_fig2,adaptive_jones_vp_proposed_force_lower_raw,-5.0,26,890721611,full_6d,3,3,3,direct_vp_rollback,jnpp_then_vp,[],True,0.0009773382635344524,0.0006547161925826777,1.4927662926421876,False,8.361376816890677e-06,1.5072659799372825,0.0009773382635344524,8.361376816890677e-06,1.5072659799372825,0.0009773351353624003,8.361540474626534e-06,1.5072659799373123,True,rollback,existing_selector_rollback,"[6.1747258293128295,31.270468924279008,8.125713056661324]","[0.16195051045774334,0.031979053540585375,0.12306612269209911]","[9.211811045966597e-08,6.98074107543345e-09,5.016071799339985e-07]","[6.174725831642186,31.270468884525368,8.125713056275252]","[0.16195051039664904,0.03197905358123983,0.12306612269794627]","[9.300356746156829e-08,7.168352119698969e-09,4.954536937085744e-07]",2432390.0607841653,86.6089497350643,2432390.0032553575,86.60894865509141,direct_vp,direct_vp,False,[]
fig1_fig2,adaptive_jones_vp_proposed_force_lower_raw,-5.0,25,3407116044,full_6d,3,3,3,direct_vp_rollback,jnpp_then_vp,[],True,0.0005706419256227278,0.0007662781632850238,0.7446929234892898,False,2.231929369154759e-05,0.6468084395023204,0.0005706419256227278,2.231929369154759e-05,0.6468084395023204,0.0005704707082132589,2.231859740276349e-05,0.6468084395023654,True,rollback,existing_selector_rollback,"[6.711895035630134,7.925377646213396,24.184752771111196]","[0.14898921909308507,0.1261769526490459,0.04134836561861902]","[8.166822644197453e-08,3.040939725921399e-08,2.2778878568070907e-08]","[6.711895044706838,7.925377666319302,24.184752736252186]","[0.14898921889160233,0.12617695232894735,0.04134836567821703]","[8.129946092157e-08,3.084895668216086e-08,2.269850815407404e-08]",1745792.7567479867,83.05317246837309,1745794.3306369768,83.05309664810514,direct_vp,direct_vp,False,[]
fig1_fig2,adaptive_jones_vp_proposed_force_lower_raw,-5.0,18,3644258948,full_6d,3,3,3,direct_vp_rollback,jnpp_then_vp,"[""poor_clock_consistency""]",True,0.000288628581604708,0.0005934303722478188,0.48637311991873516,False,1.1619038209220157e-05,1.3897517240045925,0.000288628581604708,1.1619038209220157e-05,1.3897517240045925,0.0002886456961091694,1.1619195033077645e-05,1.389751724004598,True,rollback,existing_selector_rollback,"[20.385547490819558,34.22006862756389,4.212809218524861]","[0.04905436071461682,0.029222618190785594,0.23737129979646757]","[2.816099627303481e-08,1.4525535102282621e-08,1.8656708536317593e-07]","[20.385547446597876,34.2200685825416,4.212809218839179]","[0.0490543608210288,0.029222618229232895,0.23737129977875734]","[3.1340664459710226e-08,1.3760724280584959e-08,1.839722503609944e-07]",2552501.702435175,80.75504794038436,2552501.66818453,80.75504853769635,ris_only_stage2_then_vp,direct_vp,True,"[""poor_clock_consistency""]"
fig1_fig2,adaptive_jones_vp_proposed_force_lower_raw,-5.0,27,4133001221,full_6d,3,3,3,direct_vp_rollback,jnpp_then_vp,"[""poor_clock_consistency""]",True,0.0005096014561876785,0.0008517942627198783,0.5982682420992854,False,8.457810610559388e-06,0.7394094480535678,0.0005096014561876785,8.457810610559388e-06,0.7394094480535678,0.0005096210843513447,8.45785534814601e-06,0.7394094480535709,True,rollback,existing_selector_rollback,"[17.42729399651349,3.928060408048027,350.01985719748063]","[0.05738125495459209,0.2545785696032619,0.00285698076576776]","[1.6445006844890392e-06,1.7531415784967862e-08,3.347205202790137e-09]","[17.427293971622966,3.928060409688025,350.0198575321005]","[0.05738125503654684,0.2545785694969732,0.002856980763036479]","[1.6135495580495308e-06,2.373410042192524e-09,2.354487373634858e-09]",1438971.9116036945,100.57599444524195,1438972.0536262107,100.57598422735934,ris_only_stage2_then_vp,direct_vp,True,"[""poor_clock_consistency""]"
fig1_fig2,adaptive_jones_vp_proposed_force_lower_raw,-5.0,28,4133035554,full_6d,3,3,3,direct_vp_rollback,jnpp_then_vp,[],True,0.0004384419049722449,0.0007964975677907675,0.5504623274473319,False,9.251620964121325e-06,1.120321703760013,0.0004384419049722449,9.251620964121325e-06,1.120321703760013,0.00043849571236227736,9.250865314736888e-06,1.1203217037601407,True,rollback,existing_selector_rollback,"[5.805848452908298,8.16686304252829,46.303293272320374]","[0.1722401141030935,0.12244603525055,0.021596735983172202]","[8.515664843236242e-08,1.833847057392436e-08,1.0435813739496827e-07]","[5.805848474660639,8.166863003041382,46.30329457864387]","[0.17224011345777426,0.12244603584257847,0.021596735373878115]","[6.528138913354689e-08,1.1768327980820279e-08,7.87454381069154e-08]",1620088.65368839,89.01928691104385,1620087.984643683,89.01932565180431,direct_vp,direct_vp,False,[]
fig1_fig2,adaptive_jones_vp_proposed_force_lower_raw,-5.0,30,635628036,full_6d,3,3,3,direct_vp_rollback,jnpp_then_vp,"[""poor_clock_consistency""]",True,0.0012683224012725333,0.0006311516352296262,2.00953674280047,False,2.121364934571608e-05,1.2196209811754413,0.0012683224012725333,2.121364934571608e-05,1.2196209811754413,0.0012683006747267076,2.121355547146914e-05,1.2196209811754415,True,rollback,existing_selector_rollback,"[10.352328532452496,9.815002978898816,8.474064196416448]","[0.09659662527660767,0.10188483917326115,0.1180071305589602]","[7.982133422870989e-08,3.1224037064594714e-09,5.6324404729941586e-08]","[10.35232853414346,9.815002978128657,8.474064193287477]","[0.09659662526082945,0.1018848391812558,0.11800713060253326]","[7.998759584162999e-08,1.6795924920191736e-09,4.5427096762134634e-08]",2589578.635777045,70.70741816602852,2589578.426868489,70.70742364134668,ris_only_stage2_then_vp,direct_vp,True,"[""poor_clock_consistency""]"
fig1_fig2,adaptive_jones_vp_proposed_force_lower_raw,-5.0,32,2857393641,full_6d,3,3,3,direct_vp_rollback,jnpp_then_vp,[],True,0.0011907557292248482,0.0006490955283389941,1.8344845669664955,False,2.7353606401262914e-05,0.5711765089772639,0.0011907557292248482,2.7353606401262914e-05,0.5711765089772639,0.0011908303040613103,2.7354236010637184e-05,0.5711765089772678,True,rollback,existing_selector_rollback,"[6.746385764428486,14.303807872718126,10.164118687256126]","[0.14822751542995521,0.06991145357125578,0.09838531315495615]","[7.243215097871668e-08,2.3208054822638477e-08,8.962491407071867e-07]","[6.746385774933937,14.303807852893751,10.164118676747664]","[0.1482275151991358,0.06991145366814962,0.0983853132566746]","[7.138512283405769e-08,2.392074043511267e-08,8.855065311425472e-07]",2458366.9950334486,73.73214694186936,2458366.2679658905,73.73216881912148,direct_vp,direct_vp,False,[]
fig1_fig2,adaptive_jones_vp_proposed_force_lower_raw,-5.0,34,1995992425,full_6d,3,3,3,direct_vp_rollback,jnpp_then_vp,[],True,0.00037211883832886965,0.0007105621677742123,0.5236963846450011,False,1.368816569949933e-05,2.4169271743776553,0.00037211883832886965,1.368816569949933e-05,2.4169271743776553,0.0003721107747082994,1.3688196479403719e-05,2.4169271743776584,True,rollback,existing_selector_rollback,"[37.029695578907194,4.714679706605881,13.295840830073068]","[0.02700535298304178,0.21210348575623386,0.07521149002663027]","[1.506454373632678e-07,2.6284632793169125e-08,2.0042506885537549e-07]","[37.02969561037285,4.7146797089752495,13.295840830259639]","[0.027005352960094223,0.212103485649641,0.07521149002557488]","[1.6043027067375363e-07,3.1032862368773277e-08,2.0716611841447352e-07]",2123185.4711728925,76.69931474392955,2123185.775553765,76.69930329296103,direct_vp,direct_vp,False,[]
fig1_fig2,adaptive_jones_vp_proposed_force_lower_raw,-5.0,35,714029656,full_6d,3,3,3,direct_vp_rollback,jnpp_then_vp,[],True,0.0009370312957293647,0.0006810539706044853,1.3758546843177213,False,2.3933964461935736e-05,0.6076319194381352,0.0009370312957293647,2.3933964461935736e-05,0.6076319194381352,0.0009370217906958498,2.393345762821149e-05,0.6076319194381412,True,rollback,existing_selector_rollback,"[85.26973523407896,4.262759893135421,14.431650371671674]","[0.011727490382954415,0.2345898021622324,0.06929214429615747]","[6.8809002754837135e-09,3.4790783350668845e-08,2.2106825430059894e-08]","[85.26973521317991,4.262759894916953,14.431650392868002]","[0.011727490385828746,0.23458980206419044,0.0692921441943854]","[6.687637048889245e-09,3.614526173450525e-08,2.607527509933113e-08]",2350801.4068413638,80.97957399415985,2350801.4392195316,80.97957152679477,direct_vp,direct_vp,False,[]
fig1_fig2,adaptive_jones_vp_proposed_force_lower_raw,-5.0,24,2465240206,full_6d,3,3,3,direct_vp_rollback,jnpp_then_vp,"[""poor_clock_consistency""]",True,0.00022763541208713515,0.0007994897921355851,0.2847258518199199,False,1.0718224803286929e-05,1.6606270317210792,0.00022763541208713515,1.0718224803286929e-05,1.6606270317210792,0.00022763820791806564,1.071822060614532e-05,1.6606270317210878,True,rollback,existing_selector_rollback,"[17.77949807575706,3.9365447961404216,179.58006670736972]","[0.056244557395338055,0.2540298794456783,0.0055685467666628345]","[6.74253746812084e-08,9.636773924766168e-09,3.079390757190048e-08]","[17.77949807489145,3.9365447961836675,179.5800667067219]","[0.05624455739807637,0.2540298794428876,0.005568546766682923]","[1.1550150797712842e-08,3.339665036922924e-09,4.412985783332564e-08]",1632265.913726964,105.73758181729443,1632265.962198753,105.73757856539109,ris_only_stage2_then_vp,direct_vp,True,"[""poor_clock_consistency""]"
fig1_fig2,adaptive_jones_vp_proposed_force_lower_raw,-5.0,29,1456316145,full_6d,3,3,3,direct_vp_rollback,jnpp_then_vp,"[""poor_clock_consistency""]",True,0.00030463163935873775,0.0006068660092784514,0.5019751225166444,False,1.4581583538627067e-05,1.8521566386027721,0.00030463163935873775,1.4581583538627067e-05,1.8521566386027721,0.00030468757255462404,1.4580730956507952e-05,1.8521566386028596,True,rollback,existing_selector_rollback,"[22.30138236972112,7.388764649565776,7.350843965424432]","[0.04484026969267213,0.13534062152749435,0.13603880108138167]","[3.9476071430850894e-08,4.843161321789192e-08,1.7421518180442274e-07]","[22.301382268980504,7.388764715669389,7.3508439628331415]","[0.044840269895226235,0.13534062031666896,0.13603880112933753]","[5.8337159664671e-08,4.51729181517279e-08,1.1989293140216808e-07]",2753069.7090536477,77.34054546408575,2753070.1006441726,77.34053108742393,ris_only_stage2_then_vp,direct_vp,True,"[""poor_clock_consistency""]"
fig1_fig2,adaptive_jones_vp_proposed_force_lower_raw,-5.0,38,445142407,full_6d,3,3,3,direct_vp_rollback,jnpp_then_vp,"[""poor_clock_consistency""]",True,0.0014735063102826983,0.0008543418775314503,1.7247267739470669,False,2.1916787000048004e-05,2.243230012444246,0.0014735063102826983,2.1916787000048004e-05,2.243230012444246,0.0014735040777760318,2.1916563847276495e-05,2.2432300124442675,True,rollback,existing_selector_rollback,"[3.652335675994941,50.965008652339264,43.78922285451715]","[0.27379739670941816,0.01962130540917971,0.02283666927085129]","[4.963645203642566e-07,1.8566091143028387e-08,9.938742662257757e-10]","[3.6523356761692303,50.96500869481057,43.78922294632316]","[0.27379739669635256,0.019621305392828442,0.022836669222973224]","[5.042564956275852e-07,2.0691183355252386e-08,5.569805704596417e-09]",1494471.9017752907,121.95608849098538,1494471.872990794,121.95608998209924,ris_only_stage2_then_vp,direct_vp,True,"[""poor_clock_consistency""]"
fig1_fig2,adaptive_jones_vp_proposed_force_lower_raw,-5.0,33,3489193506,full_6d,3,3,3,direct_vp_rollback,jnpp_then_vp,"[""poor_clock_consistency""]",True,0.00017698587009873801,0.0006519872133130736,0.2714560446659439,False,1.1123793964302727e-05,1.5874093395431723,0.00017698587009873801,1.1123793964302727e-05,1.5874093395431723,0.00017699457801955955,1.1123836744118617e-05,1.5874093395431959,True,rollback,existing_selector_rollback,"[7.33381282498236,18.124368413664996,7.968438185549024]","[0.13635472077855648,0.05517433640489886,0.12549510665785904]","[1.2775311852057837e-07,9.342116760028033e-09,1.8058493740775632e-07]","[7.333812823365021,18.124368410512524,7.968438186980009]","[0.13635472080862704,0.055174336414495644,0.12549510663532243]","[4.890662999956154e-08,2.2064125508180297e-08,2.7308112227503716e-07]",2458589.9098250247,79.38279626635662,2458589.59582408,79.38280619934022,ris_only_stage2_then_vp,direct_vp,True,"[""poor_clock_consistency""]"
fig1_fig2,adaptive_jones_vp_proposed_force_lower_raw,-5.0,40,1007248754,full_6d,3,3,3,direct_vp_rollback,jnpp_then_vp,"[""poor_clock_consistency""]",True,0.0007072485809219948,0.0008071994052864888,0.8761757953364451,False,1.2505395027537021e-05,0.9296618981549027,0.0007072485809219948,1.2505395027537021e-05,0.9296618981549027,0.0007071502115427133,1.2504998411575138e-05,0.929661898154897,True,rollback,existing_selector_rollback,"[4.310369410234791,20.267783969772665,29.478909904655616]","[0.23199867687006864,0.049339385177537436,0.03392255694680863]","[4.572718368941667e-07,7.688121521205478e-09,5.875232109510164e-08]","[4.310369397934724,20.267784220050267,29.478909972477886]","[0.23199867753209988,0.04933938456826792,0.03392255686876284]","[4.6848518965107357e-07,6.171324170042654e-09,5.592037160620522e-08]",1604002.5113121697,101.68194839087468,1604003.414624447,101.68189035065899,ris_only_stage2_then_vp,direct_vp,True,"[""poor_clock_consistency""]"
fig1_fig2,adaptive_jones_vp_proposed_force_lower_raw,-5.0,39,1925729663,full_6d,3,3,3,direct_vp_rollback,jnpp_then_vp,"[""poor_clock_consistency""]",True,0.00040993179277031634,0.0005801159563383586,0.7066376787112875,False,2.3669089902553595e-05,0.2808412813984935,0.00040993179277031634,2.3669089902553595e-05,0.2808412813984935,0.00040995379131755094,2.366964302493215e-05,0.280841281398491,True,rollback,existing_selector_rollback,"[14.301176837576147,65.82960243939563,4.303402626474722]","[0.06992431541425405,0.01519073430307885,0.23237425981098137]","[2.217556298382545e-07,9.949524182795916e-09,9.379992707615711e-07]","[14.301176856623288,65.8296024404746,4.303402622220761]","[0.06992431532112477,0.01519073430282987,0.23237426004068584]","[1.6767665743546962e-07,1.4231353051449073e-08,1.0436116180766383e-06]",2622579.732890668,90.03002772185141,2622579.742797675,90.03002529013129,ris_only_stage2_then_vp,direct_vp,True,"[""poor_clock_consistency""]"
fig1_fig2,adaptive_jones_vp_proposed_force_lower_raw,-5.0,31,3399679668,full_6d,3,3,3,direct_vp_rollback,jnpp_then_vp,[],False,0.0006844405721843475,0.0007795071799394346,0.8780426785004424,False,1.0486113782236494e-05,1.2737654339715065,0.0006844405721843475,1.0486113782236494e-05,1.2737654339715065,0.0006844597029286169,1.0486169004101572e-05,1.2737654339715099,True,rollback,existing_selector_rollback,"[5.609239688805151,9.385085721410746,31.64961919995558]","[0.17827728096379586,0.10655203688861958,0.03159595676809135]","[3.23354952380602e-07,5.445523791590001e-08,3.927188092700485e-09]","[5.609239687233281,9.385085723373221,31.649619173309812]","[0.17827728101375429,0.10655203686633895,0.03159595679469194]","[2.449812360358047e-07,1.3164307626016445e-08,3.247707572030939e-09]",1688345.3974702219,93.8779499971676,1688345.2125687075,93.87796029637427,direct_vp,jnpp_then_vp,False,[]
fig1_fig2,adaptive_jones_vp_proposed_force_lower_raw,-5.0,41,4278604885,full_6d,3,3,3,direct_vp_rollback,jnpp_then_vp,"[""poor_clock_consistency""]",True,0.00048218743502638977,0.0008620604387780249,0.5593429571015843,False,1.8735943248966655e-05,0.90098406987632,0.00048218743502638977,1.8735943248966655e-05,0.90098406987632,0.00048204041524175595,1.8735459507114866e-05,0.9009840698763085,True,rollback,existing_selector_rollback,"[5.3921904664669436,8.035516558387572,171.4162495032189]","[0.18545338971488987,0.1244475066071704,0.005833752650210711]","[1.479520881222591e-07,8.327470448165005e-09,1.037601146378228e-08]","[5.39219047597476,8.035516532642683,171.41624761847046]","[0.18545338938788788,0.12444750700588618,0.005833752714353733]","[2.06218911230117e-08,2.061796588591242e-08,9.736584397213273e-09]",1376196.2807274666,110.5174330149655,1376198.1510170097,110.5172814891891,ris_only_stage2_then_vp,direct_vp,True,"[""poor_clock_consistency""]"
fig1_fig2,adaptive_jones_vp_proposed_force_lower_raw,-5.0,42,1970772956,full_6d,3,3,3,direct_vp_rollback,jnpp_then_vp,"[""poor_clock_consistency""]",True,0.00016414502202504228,0.0006017182000802888,0.2727938460281573,False,5.8214465229352166e-06,0.5438407441595176,0.00016414502202504228,5.8214465229352166e-06,0.5438407441595176,0.00016407891924122045,5.821874339887165e-06,0.5438407441595474,True,rollback,existing_selector_rollback,"[33.01116653161619,9.142494973221194,5.648947348851625]","[0.03029277983888411,0.10937933276637345,0.17702413179645607]","[1.1480438174239684e-07,3.661389739274774e-08,1.1955015664749985e-07]","[33.0111668892412,9.142494954087734,5.648947353885006]","[0.030292779510708627,0.10937933299528307,0.17702413163872224]","[1.1736020854688995e-07,3.3788827421794357e-08,1.0718423225613755e-07]",2711217.023178398,72.51622509342309,2711217.2561417785,72.51622053938053,ris_only_stage2_then_vp,direct_vp,True,"[""poor_clock_consistency""]"
fig1_fig2,adaptive_jones_vp_proposed_force_lower_raw,-5.0,43,409305243,full_6d,3,3,3,direct_vp_rollback,jnpp_then_vp,[],True,0.0011506944445936395,0.0007537809937517517,1.526563357436691,False,1.3379148012519586e-05,1.054114165815002,0.0011506944445936395,1.3379148012519586e-05,1.054114165815002,0.0011506882858282083,1.3378832299001288e-05,1.054114165815,True,rollback,existing_selector_rollback,"[5.8085060339104935,9.438420665212723,25.85439842753676]","[0.17216130863187823,0.10594992906771693,0.038678138374671094]","[2.962451639145983e-07,1.3082860660789246e-08,2.507360950236565e-07]","[5.808506028229637,9.438420692764588,25.85439841373692]","[0.17216130880025607,0.10594992875843656,0.038678138395315635]","[2.97068806807778e-07,1.3107132741150137e-08,2.4969020009800933e-07]",1824558.4467929895,96.78996874919599,1824558.400809054,96.78997109300907,direct_vp,direct_vp,False,[]
fig1_fig2,adaptive_jones_vp_proposed_force_lower_raw,-5.0,37,1911328645,full_6d,3,3,3,direct_vp_rollback,jnpp_then_vp,"[""poor_clock_consistency""]",True,0.0007851989400171983,0.0007669004603673736,1.0238603059920697,False,1.3438882454295281e-05,0.7223941867994215,0.0007851989400171983,1.3438882454295281e-05,0.7223941867994215,0.0007851621881862437,1.3438486419313574e-05,0.7223941867994296,True,rollback,existing_selector_rollback,"[16.653567564123765,4.694506162898641,22.603149083058675]","[0.06004719385998792,0.21301495094381806,0.04424162298371551]","[1.946067143067614e-07,1.2329196262123878e-07,5.028751468981514e-08]","[16.65356741240426,4.694506175408794,22.603149122257456]","[0.0600471944070377,0.21301495037616525,0.04424162290699091]","[1.4204849302176228e-07,3.6873633107542984e-08,3.582398588537606e-08]",1784488.6896746983,84.81749663958699,1784488.3984013104,84.81751124489175,ris_only_stage2_then_vp,direct_vp,True,"[""poor_clock_consistency""]"
fig1_fig2,adaptive_jones_vp_proposed_force_lower_raw,-5.0,45,2629875502,full_6d,3,3,3,direct_vp_rollback,jnpp_then_vp,[],True,0.0002077525381622891,0.0006259256700826321,0.3319124747429874,False,1.4145114472240756e-05,1.1666466040417127,0.0002077525381622891,1.4145114472240756e-05,1.1666466040417127,0.00020776236662531817,1.4145144283657798e-05,1.1666466040417165,True,rollback,existing_selector_rollback,"[12.189037795315627,7.444231841889079,10.110720755521918]","[0.08204093028344872,0.13433219454094697,0.09890491728235541]","[2.4817065163703004e-08,8.235661023199478e-09,2.2581403432842324e-07]","[12.18903779844452,7.444231841654309,10.110720757682236]","[0.08204093026238904,0.13433219454518341,0.09890491726122277]","[2.9871367814731436e-08,6.820166666121554e-09,2.4988702499606906e-07]",2599792.150488291,71.69100106205825,2599792.2913692957,71.69099725771797,direct_vp,direct_vp,False,[]
fig1_fig2,adaptive_jones_vp_proposed_force_lower_raw,-5.0,46,3306807379,full_6d,3,3,3,direct_vp_rollback,jnpp_then_vp,[],True,0.001061661602105769,0.0005869346845961599,1.8088240991180216,False,1.6549976975231116e-05,1.3636402653486481,0.001061661602105769,1.6549976975231116e-05,1.3636402653486481,0.001061634640316213,1.654965494632702e-05,1.3636402653486621,True,rollback,existing_selector_rollback,"[39.794124923456636,13.813194159517165,4.544876675254021]","[0.025129337606586147,0.07239455179142587,0.22002797247288639]","[2.8119244401452685e-08,1.7789307720803257e-08,1.085070445620925e-06]","[39.79412461500707,13.81319424681892,4.5448766784851475]","[0.025129337801366995,0.0723945513338799,0.22002797231646007]","[3.4226376510397396e-08,1.777509692320646e-08,1.0807136779287854e-06]",2699946.5743193305,78.05612513146926,2699946.6444205595,78.05612569917615,direct_vp,direct_vp,False,[]
fig1_fig2,adaptive_jones_vp_proposed_force_lower_raw,-5.0,47,582567175,full_6d,3,3,3,direct_vp_rollback,jnpp_then_vp,"[""poor_clock_consistency""]",True,0.0005736592507267177,0.0007768033446801319,0.7384871018583682,False,2.5305493760381305e-05,0.6794803029759822,0.0005736592507267177,2.5305493760381305e-05,0.6794803029759822,0.0005735272974706229,2.5304851889221532e-05,0.6794803029760036,True,rollback,existing_selector_rollback,"[11.564447137391042,4.617908733812467,70.3022803762949]","[0.08647192452072872,0.2165482380960351,0.014224289661404581]","[1.3891478981466e-06,1.625183834697477e-08,2.034672352216482e-10]","[11.564447216956928,4.6179087211080985,70.30227891866305]","[0.08647192392578326,0.21654823869178283,0.014224289956327846]","[1.3918325536790282e-06,1.3430266796755736e-08,2.0684395582183764e-10]",1701166.028990342,96.02093407129883,1701167.2087017244,96.02087090038593,ris_only_stage2_then_vp,direct_vp,True,"[""poor_clock_consistency""]"
fig1_fig2,adaptive_jones_vp_proposed_force_lower_raw,-5.0,48,3302385666,full_6d,3,3,3,direct_vp_rollback,jnpp_then_vp,[],True,0.00035352319082019673,0.0006443393312965315,0.5486599585793432,False,2.1429966140926543e-05,1.3124461441262585,0.00035352319082019673,2.1429966140926543e-05,1.3124461441262585,0.0003535284389253182,2.1430505817524984e-05,1.3124461441262674,True,rollback,existing_selector_rollback,"[7.12781483065996,36.825954416821105,6.815357006744143]","[0.14029545151641976,0.027154761249212893,0.14672745668402018]","[1.4227236572368791e-08,6.37643761713066e-10,1.7616590048752006e-07]","[7.127814823482169,36.825954470722664,6.815357015573171]","[0.14029545165769888,0.027154761209466905,0.1467274564939405]","[1.60532835080357e-08,1.5628025401104687e-10,1.959427589314743e-07]",2510704.508247318,73.59271924241568,2510704.4207927766,73.59272186482605,direct_vp,direct_vp,False,[]
fig1_fig2,adaptive_jones_vp_proposed_force_lower_raw,-5.0,49,3038295588,full_6d,3,3,3,direct_vp_rollback,jnpp_then_vp,[],True,0.000473962435658816,0.0005856709867222529,0.8092639833695343,False,3.292350040662796e-05,1.8351828661893055,0.000473962435658816,3.292350040662796e-05,1.8351828661893055,0.0004739135129952217,3.2922899419935733e-05,1.835182866189296,True,rollback,existing_selector_rollback,"[8.23875919043342,116.97726211833701,5.309036423345857]","[0.12137750077134536,0.008548669901945548,0.18835809745009655]","[3.600463505193785e-07,9.705865915236051e-09,3.4643657083556494e-07]","[8.238759180007689,116.9772619001972,5.309036424142486]","[0.12137750092494244,0.008548669917887152,0.18835809742183313]","[2.3942821141267206e-07,2.1528868061095058e-09,5.805690267488917e-07]",2769768.4428086868,78.34377224479323,2769768.291725722,78.34377530185353,direct_vp,direct_vp,False,[]
fig1_fig2,adaptive_jones_vp_proposed_force_lower_raw,-5.0,50,3229661427,full_6d,3,3,3,direct_vp_rollback,jnpp_then_vp,"[""poor_clock_consistency""]",True,0.0009318506220624497,0.0008823311374646061,1.0561234694041726,False,2.0191992006048585e-05,1.5449168870798178,0.0009318506220624497,2.0191992006048585e-05,1.5449168870798178,0.0009318627597985442,2.019274513937136e-05,1.5449168870798256,True,rollback,existing_selector_rollback,"[3.9617438315163547,25.278819924979256,40.103412645681665]","[0.2524140990744697,0.039558808636734326,0.024935533761054538]","[1.0749491172475153e-07,9.78138453617309e-09,5.317320467429207e-08]","[3.961743827689671,25.278820127279626,40.103412701897184]","[0.25241409931827874,0.03955880832015461,0.024935533726100804]","[1.0911571212599972e-07,8.38904794502195e-09,4.141582941308952e-08]",1344371.3156724102,124.11738311920008,1344371.246752925,124.11739048047367,ris_only_stage2_then_vp,direct_vp,True,"[""poor_clock_consistency""]"
fig1_fig2,adaptive_jones_vp_proposed_force_lower_raw,-5.0,51,2092735507,full_6d,3,3,3,direct_vp_rollback,jnpp_then_vp,"[""poor_clock_consistency""]",True,0.0010844880997146085,0.0007488916062407619,1.448124255469296,False,1.3034376849147974e-05,2.2407353690720195,0.0010844880997146085,1.3034376849147974e-05,2.2407353690720195,0.0010844765051023714,1.3034326803894358e-05,2.2407353690739784,True,rollback,existing_selector_rollback,"[44.836569749266744,3.709112903358906,41.39397519618033]","[0.022303222694049146,0.2696062444178253,0.02415810501937205]","[1.2216590225523757e-08,9.937453377084316e-08,2.34574696560346e-08]","[44.836569748717395,3.7091129035409542,41.393975219161305]","[0.02230322269432241,0.2696062444045927,0.024158105005960027]","[1.5641845257804876e-08,1.3640354328299688e-07,3.0829999039023015e-08]",1909731.525846977,96.94914378029628,1909731.6263431555,96.94913876020333,ris_only_stage2_then_vp,direct_vp,True,"[""poor_clock_consistency""]"
fig1_fig2,adaptive_jones_vp_proposed_force_lower_raw,-5.0,52,2910844986,full_6d,3,3,3,direct_vp_rollback,jnpp_then_vp,"[""poor_clock_consistency""]",True,0.0012436285683769318,0.0006536689630787738,1.902535746105268,False,1.8262466656285966e-05,0.5260979147275893,0.0012436285683769318,1.8262466656285966e-05,0.5260979147275893,0.0012436527547512377,1.8262987049994418e-05,0.5260979147275998,True,rollback,existing_selector_rollback,"[113.35539171240242,5.137593007109587,8.806549779666982]","[0.008821812397100408,0.1946436781993097,0.1135518477735793]","[2.7318220660640886e-08,5.12996418215236e-08,3.056051658976942e-07]","[113.35539120405309,5.137593007182977,8.806549780095615]","[0.008821812436662376,0.19464367819652925,0.11355184776805248]","[2.490572798935853e-08,4.9954210861451115e-08,3.2927351242871563e-07]",2524162.3720765538,75.11345198707052,2524162.55304864,75.11344533885216,ris_only_stage2_then_vp,direct_vp,True,"[""poor_clock_consistency""]"
fig1_fig2,adaptive_jones_vp_proposed_force_lower_raw,-5.0,55,3199904066,full_6d,3,3,3,direct_vp_rollback,jnpp_then_vp,[],True,0.0002810116354871025,0.0006108288839819692,0.4600496847090773,False,1.0985405893917129e-05,1.2409239707625017,0.0002810116354871025,1.0985405893917129e-05,1.2409239707625017,0.0002810044802845834,1.0985683676627339e-05,1.240923970762513,True,rollback,existing_selector_rollback,"[12.412656715514949,11.820784726446231,6.57364342180712]","[0.08056293047544427,0.0845967525109322,0.15212264125493477]","[1.6880188025203353e-07,5.395100345765404e-08,1.0251419691353157e-07]","[12.412656678426837,11.820784751911505,6.573643422285984]","[0.08056293071616043,0.08459675232868714,0.15212264124385325]","[1.712428547721324e-07,5.177713781763322e-08,1.0523439304800305e-07]",2700929.238786098,66.28565861813071,2700929.0698697036,66.28566331301478,direct_vp,direct_vp,False,[]
fig1_fig2,adaptive_jones_vp_proposed_force_lower_raw,-5.0,56,2167631329,full_6d,3,3,3,direct_vp_rollback,jnpp_then_vp,"[""poor_clock_consistency""]",True,0.00014816348484103327,0.0006011130504171862,0.2464818967716712,False,1.0057885465198666e-05,1.248688927048887,0.00014816348484103327,1.0057885465198666e-05,1.248688927048887,0.00014815951737750962,1.0057894040249104e-05,1.2486889270488841,True,rollback,existing_selector_rollback,"[13.61769870012757,70.34044432702261,4.364293929766156]","[0.07343384679064857,0.01421657212286745,0.22913213823094103]","[2.8528216204818906e-07,5.088703004222171e-10,1.3209954757964394e-07]","[13.617698703026896,70.34044419260654,4.3642939298194054]","[0.07343384677501387,0.014216572150034407,0.22913213822814535]","[2.9268061308250244e-07,4.739575743077417e-10,1.2303769310805612e-07]",2569990.1956475712,84.94091148139724,2569990.189015912,84.94091131178624,ris_only_stage2_then_vp,direct_vp,True,"[""poor_clock_consistency""]"
fig1_fig2,adaptive_jones_vp_proposed_force_lower_raw,-5.0,44,2937526438,full_6d,3,3,3,direct_vp_rollback,jnpp_then_vp,[],True,0.0002720188196080203,0.0006170968120405389,0.44080412392431967,False,2.4144621800206215e-05,1.0017501702740093,0.0002720188196080203,2.4144621800206215e-05,1.0017501702740093,0.0002720137814872849,2.4144588779377695e-05,1.0017501702740093,True,rollback,existing_selector_rollback,"[31.160263256802413,6.073949568453655,8.371140297476058]","[0.03209215505425923,0.16463752106004273,0.1194580385055945]","[8.645873839045501e-08,1.0031064507886171e-08,1.7171942985184581e-07]","[31.1602632603554,6.073949568118462,8.371140296557005]","[0.03209215505059999,0.1646375210691283,0.11945803851870959]","[4.5230629419714805e-08,4.851833391605659e-08,7.250785754285946e-08]",2684392.799100965,72.71624475331683,2684392.829066147,72.71624392551567,direct_vp,direct_vp,False,[]
fig1_fig2,adaptive_jones_vp_proposed_force_lower_raw,-5.0,53,3576518520,full_6d,3,3,3,ris_only_stage2_then_vp,jnpp_then_vp,"[""poor_clock_consistency""]",True,0.0004422336523197852,0.0009488477312842927,0.46607441609330635,False,5.417836218566685e-06,0.5929762921366195,0.04198517006198836,0.005578618979140358,0.5940474925717502,0.0004422336523197852,5.417836218566685e-06,0.5929762921366195,True,accepted,accepted,"[823.6726086857109,103.26816001693042,32687.796877875884]","[0.0012140746075943601,0.009683526846346305,3.0592455375572714e-05]","[2.300268083717781e-07,1.318098062532673e-10,6.1672455101952196e-15]","[515.539734118847,3.2914108549353815,98.3158412726171]","[0.0019397146976336277,0.30382107979538187,0.010171300849969981]","[5.541381880910673e-07,4.668945256786576e-08,3.827054619480569e-10]",1064620.3157732838,183.96137610525793,1150057.0188422624,167.01979793591954,ris_only_stage2_then_vp,direct_vp,True,"[""poor_clock_consistency""]"
fig1_fig2,adaptive_jones_vp_proposed_force_lower_raw,-5.0,57,476784074,full_6d,3,3,3,direct_vp_rollback,jnpp_then_vp,[],True,0.0003048257688633023,0.0006157599486859987,0.49503994131769274,False,1.7150389526786996e-05,0.5587020685750035,0.0003048257688633023,1.7150389526786996e-05,0.5587020685750035,0.0003048153785707256,1.7150417642944818e-05,0.5587020685750005,True,rollback,existing_selector_rollback,"[10.667804084533483,12.914903179800199,6.997391793074408]","[0.09374000422815822,0.07742992619187065,0.14291039140937364]","[3.0611408837795683e-07,1.4177382139450172e-08,1.293290363876735e-07]","[10.66780407771541,12.914903184784553,6.997391797730884]","[0.0937400042880699,0.07742992616198749,0.14291039131427266]","[3.1160164078680957e-07,1.4306166075431539e-08,1.2204935801912154e-07]",2695110.3269720976,61.75190179717734,2695110.263714697,61.75190303528062,direct_vp,direct_vp,False,[]
fig1_fig2,adaptive_jones_vp_proposed_force_lower_raw,-5.0,58,1249403404,full_6d,3,3,3,direct_vp_rollback,jnpp_then_vp,"[""poor_clock_consistency""]",True,0.0005303048616521076,0.0008580154183098144,0.6180598277554773,False,1.4934800842143602e-05,2.146957084922595,0.0005303048616521076,1.4934800842143602e-05,2.146957084922595,0.00053023810992784,1.4934506330837903e-05,2.1469570849226147,True,rollback,existing_selector_rollback,"[6.186940128654251,7.337561558508932,55.69318467560293]","[0.16163078665694597,0.13628505764738996,0.01795551835954479]","[2.503497704789169e-07,2.679621650739423e-08,3.039535476010548e-08]","[6.186940132025102,7.337561565728539,55.69318446936089]","[0.16163078656888413,0.13628505751329575,0.017955518426037355]","[2.519065309637159e-07,2.649587811532983e-08,3.001940709490255e-08]",1391377.4338513885,95.5287914581438,1391377.9117368895,95.52875700044419,ris_only_stage2_then_vp,direct_vp,True,"[""poor_clock_consistency""]"
fig1_fig2,adaptive_jones_vp_proposed_force_lower_raw,-5.0,59,1187262716,full_6d,3,3,3,direct_vp_rollback,jnpp_then_vp,"[""poor_clock_consistency""]",True,0.0004674039533431971,0.0006693103966335114,0.6983366098810646,False,1.5220595851327287e-05,0.7885362969902597,0.0004674039533431971,1.5220595851327287e-05,0.7885362969902597,0.00046740585623700084,1.5220297650578327e-05,0.7885362969902608,True,rollback,existing_selector_rollback,"[5.151964501312746,90.40240167648494,8.818961440744433]","[0.19410071628794084,0.011061653024310227,0.113392036773297]","[3.2276163932298523e-07,5.564279292330338e-09,1.5106554719155632e-07]","[5.1519645012637465,90.40240193037957,8.818961434148894]","[0.19410071628978692,0.011061652993243638,0.11339203685810081]","[3.1008106866969166e-07,3.491143615813654e-09,1.585958707606308e-07]",2426099.3051367863,73.77186421213048,2426098.8996421983,73.77187613880162,ris_only_stage2_then_vp,direct_vp,True,"[""poor_clock_consistency""]"
fig1_fig2,adaptive_jones_vp_proposed_force_lower_raw,-5.0,36,3263447461,full_6d,3,3,3,direct_vp_rollback,jnpp_then_vp,"[""low_assignment_margin"",""poor_clock_consistency""]",False,0.0006846869157312216,0.0005661970791714683,1.209273132834141,False,2.186809164928668e-05,0.7744221587929316,0.0006846869157312216,2.186809164928668e-05,0.7744221587929316,0.0006846830053409067,2.1868068521060162e-05,0.7744221587929344,True,rollback,existing_selector_rollback,"[17.568424517209593,958.3628568474315,3.868864851109393]","[0.0569203003378508,0.00104344611427364,0.2584737483681763]","[1.6806739930064913e-06,2.0818666567670295e-06,4.5547949422588216e-07]","[17.568424516846864,958.3628552458546,3.8688648512608905]","[0.056920300339026016,0.0010434461160174046,0.258473748358055]","[2.1291604734477145e-06,1.9019509908771908e-06,2.3148924760506924e-07]",2450382.1367924702,90.42014554148966,2450382.138969693,90.42014513027215,ris_only_stage2_then_vp,jnpp_then_vp,True,"[""low_assignment_margin"",""poor_clock_consistency""]"
fig1_fig2,adaptive_jones_vp_proposed_force_lower_raw,-5.0,60,1839575832,full_6d,3,3,3,direct_vp_rollback,jnpp_then_vp,"[""poor_clock_consistency""]",True,0.0010424020522344349,0.0007686346307651176,1.3561736753869684,False,1.1865722977787417e-05,1.7737300712961914,0.0010424020522344349,1.1865722977787417e-05,1.7737300712961914,0.0010423926648094176,1.1865666077526355e-05,1.7737300712961757,True,rollback,existing_selector_rollback,"[24.77285798285583,3.8968800810945634,53.937246317338015]","[0.0403667594860182,0.25661554350813415,0.01854006402296839]","[2.9659176008600885e-07,3.1720380912404976e-10,4.601750481907007e-09]","[24.772857940870992,3.896880082416425,53.93724637652413]","[0.040366759554431454,0.2566155434210875,0.01854006400262411]","[2.886587593052788e-07,2.1738478064730887e-09,3.3694956104704996e-09]",1795972.2468990819,94.20079429589893,1795972.3241391312,94.20079021741064,ris_only_stage2_then_vp,direct_vp,True,"[""poor_clock_consistency""]"
fig1_fig2,adaptive_jones_vp_proposed_force_lower_raw,-5.0,61,3445288900,full_6d,3,3,3,direct_vp_rollback,jnpp_then_vp,[],True,0.000652577104757189,0.0007820561130717549,0.8344377006325044,False,1.768108683395146e-05,1.7933481250714893,0.000652577104757189,1.768108683395146e-05,1.7933481250714893,0.0006526100046185834,1.7736662328864792e-05,1.7933481280989771,True,rollback,existing_selector_rollback,"[36.942654480872626,3.7195489147833425,48.35292485839962]","[0.027068980667883945,0.2688498048840766,0.020681272185294336]","[1.8476304572233738e-08,1.393219217197482e-07,3.57174912459473e-08]","[36.94265717581339,3.7195489545656937,48.3529111505305]","[0.02706897869322092,0.26884980200859965,0.020681278048357503]","[1.9383994876915457e-08,1.346711058185936e-07,3.595639170012883e-08]",1787418.5099144755,109.00518229647527,1787418.503243935,109.00518087311944,direct_vp,direct_vp,False,[]
fig1_fig2,adaptive_jones_vp_proposed_force_lower_raw,-5.0,62,1815661330,full_6d,3,3,3,direct_vp_rollback,jnpp_then_vp,"[""poor_clock_consistency""]",True,0.0007221044047628069,0.001012262385665174,0.7133569467646479,False,1.5998073158807617e-05,1.7903568405436208,0.0007221044047628069,1.5998073158807617e-05,1.7903568405436208,0.0007221581674578948,1.5998403827874208e-05,1.7903568405435344,True,rollback,existing_selector_rollback,"[3.42961849327752,59.64961800807856,140.89753099219496]","[0.2915776206469306,0.01676456670359426,0.007097356446327634]","[1.526628404098714e-07,3.875870382748109e-08,7.675395818633138e-09]","[3.4296184888620904,59.649618113920454,140.89753108981748]","[0.29157762102231943,0.016764566673847323,0.007097356441410146]","[1.6452668706294223e-07,1.474149771182871e-08,5.50091192126206e-09]",1076203.467043609,174.21969450715153,1076203.428864129,174.21971459040122,ris_only_stage2_then_vp,direct_vp,True,"[""poor_clock_consistency""]"
fig1_fig2,adaptive_jones_vp_proposed_force_lower_raw,-5.0,65,2236466502,full_6d,3,3,3,direct_vp_rollback,jnpp_then_vp,"[""poor_clock_consistency""]",True,0.00035156603924891953,0.0006042348878372157,0.5818367100703286,False,1.6333947709125146e-05,0.33500751968979176,0.00035156603924891953,1.6333947709125146e-05,0.33500751968979176,0.000351544863781349,1.633363018114146e-05,0.3350075196897927,True,rollback,existing_selector_rollback,"[8.093530622845265,19.53795169531393,7.056964846536706]","[0.12355547246207346,0.051182437932851814,0.14170397922326416]","[1.7314762633329797e-07,7.121027429267297e-08,1.6079997247498668e-07]","[8.093530629196003,19.537951664723725,7.0569648444815405]","[0.12355547236512338,0.0511824380129872,0.14170397926453193]","[1.7726011338193912e-07,6.421255307567498e-08,1.6568374062761324e-07]",2786950.986708088,70.00262295491244,2786951.2158650937,70.00261772796591,ris_only_stage2_then_vp,direct_vp,True,"[""poor_clock_consistency""]"
fig1_fig2,adaptive_jones_vp_proposed_force_lower_raw,-5.0,63,3424526765,full_6d,3,3,3,direct_vp_rollback,jnpp_then_vp,[],True,0.00019587707852944953,0.0006696160051628242,0.2925215004110004,False,1.85548037644529e-05,1.0290575801796424,0.00019587707852944953,1.85548037644529e-05,1.0290575801796424,0.0001958899532450857,1.8553539469979793e-05,1.0290575801796737,True,rollback,existing_selector_rollback,"[26.162452108829754,5.860860832747869,9.311208308016038]","[0.03822271688502548,0.17062339962187575,0.10739744691672151]","[1.544315159915278e-07,3.3969734213790375e-08,4.82127932117762e-07]","[26.162452002745678,5.8608608384549035,9.311208320527234]","[0.03822271704001178,0.1706233994557306,0.10739744677241472]","[2.0862881031836883e-07,8.092909662839364e-09,4.370285598597419e-07]",2367526.1159562413,71.7712753566284,2367525.9582125177,71.77127991721021,direct_vp,direct_vp,False,[]
fig1_fig2,adaptive_jones_vp_proposed_force_lower_raw,-5.0,66,437355907,full_6d,3,3,3,direct_vp_rollback,jnpp_then_vp,[],True,0.0009889527329150088,0.0006309106135732077,1.5675005486339877,False,2.5620915636747767e-05,1.8372747089780401,0.0009889527329150088,2.5620915636747767e-05,1.8372747089780401,0.0009890020141111793,2.5620676535881362e-05,1.837274708978235,True,rollback,existing_selector_rollback,"[8.408118823492698,24.124447932686273,6.4130312162620005]","[0.1189326674591637,0.04145172576658109,0.15593250153808896]","[5.215428864253131e-08,6.113116559348874e-09,3.0413202469593984e-07]","[8.408118803668481,24.124448224929747,6.41303123038214]","[0.11893266773957684,0.041451725264435045,0.15593250119475854]","[5.4538251282339314e-08,5.486100203403853e-09,3.1027053630843823e-07]",2632770.3293694933,78.0478683456604,2632770.102181631,78.0478789967174,direct_vp,direct_vp,False,[]
fig1_fig2,adaptive_jones_vp_proposed_force_lower_raw,-5.0,54,1185050677,full_6d,3,3,3,direct_vp_rollback,jnpp_then_vp,[],True,0.0006721036677055426,0.0005998328365907712,1.1204849529837884,False,1.43094572433324e-05,0.8717894979017601,0.0006721036677055426,1.43094572433324e-05,0.8717894979017601,0.0006721022419410942,1.4309446033115171e-05,0.8717894979017575,True,rollback,existing_selector_rollback,"[56.499958807425685,20.591386226135114,4.003171414196736]","[0.01769912794718838,0.048563996080564165,0.2498019436413901]","[9.909082182809931e-10,1.8561558742911582e-09,3.718630258504223e-07]","[56.499958811509536,20.591386226301854,4.003171414211335]","[0.017699127945909075,0.04856399608017092,0.2498019436404791]","[7.512391439821138e-10,4.6078346095839975e-09,3.866286672589038e-07]",2431700.189306855,87.25768590429676,2431700.190327693,87.25768586365285,direct_vp,direct_vp,False,[]
fig1_fig2,adaptive_jones_vp_proposed_force_lower_raw,-5.0,68,217409269,full_6d,3,3,3,direct_vp_rollback,jnpp_then_vp,"[""poor_clock_consistency""]",True,0.0002878625271464118,0.0007981064827813772,0.36068185556295634,False,2.9465645469462215e-05,0.5783463946073789,0.0002878625271464118,2.9465645469462215e-05,0.5783463946073789,0.00028787582933952386,2.9465877283731628e-05,0.5783463946073779,True,rollback,existing_selector_rollback,"[6.545851452583501,7.5367480508686,32.30934045214535]","[0.15276851410961617,0.1326832200364207,0.030950802027321807]","[7.859740415304025e-07,1.6215478350201735e-09,4.6093344513517316e-08]","[6.545851468920777,7.536748036735925,32.30934046140544]","[0.15276851372833325,0.13268322028522414,0.030950802018451084]","[7.726950460076036e-07,1.991179190214468e-09,4.587856382101664e-08]",1612291.8677070367,95.18162195782698,1612291.6926146,95.18163040130116,ris_only_stage2_then_vp,direct_vp,True,"[""poor_clock_consistency""]"
fig1_fig2,adaptive_jones_vp_proposed_force_lower_raw,-5.0,67,804537149,full_6d,3,3,3,direct_vp_rollback,jnpp_then_vp,"[""poor_clock_consistency""]",True,0.0014306114218962987,0.0006298314186978662,2.2714195885209905,False,2.488707032369149e-05,1.43691724050073,0.0014306114218962987,2.488707032369149e-05,1.43691724050073,0.001430638061865513,2.4886814290221408e-05,1.4369172405007493,True,rollback,existing_selector_rollback,"[9.169908653118735,9.50111183539259,9.90880512115472]","[0.10905234041243417,0.10525083982965014,0.10092034183366365]","[8.060046843292486e-08,2.421616931789399e-08,1.2729425828868856e-07]","[9.169908668822504,9.501111803992684,9.908805115983949]","[0.10905234022567846,0.10525084017749013,0.1009203418863275]","[7.705925246458186e-08,2.3868398584843368e-08,1.2502602398400765e-07]",2561829.886266011,70.51221722408968,2561829.635774677,70.51222439166827,ris_only_stage2_then_vp,direct_vp,True,"[""poor_clock_consistency""]"
fig1_fig2,adaptive_jones_vp_proposed_force_lower_raw,-5.0,70,1909013635,full_6d,3,3,3,direct_vp_rollback,jnpp_then_vp,"[""poor_clock_consistency""]",True,0.0009410973556738221,0.0008448859546956159,1.1138750152532337,False,1.6067222941748864e-05,0.668197011864133,0.0009410973556738221,1.6067222941748864e-05,0.668197011864133,0.0009410179515363849,1.6066138280353746e-05,0.6681970118641852,True,rollback,existing_selector_rollback,"[3.7038267262050666,47.998804021385624,41.463065955395194]","[0.26999103195653384,0.020833852433207633,0.024117849872325143]","[1.2929276142129946e-08,3.082331532709178e-08,7.233272468206132e-08]","[3.703826721221158,47.99880409676316,41.46306657338848]","[0.2699910323198366,0.02083385240049006,0.024117849512856573]","[2.014415792197791e-08,1.9618695183328007e-08,8.06312409519166e-08]",1505871.2871503953,131.12117741507663,1505871.7013386977,131.12113541252776,ris_only_stage2_then_vp,direct_vp,True,"[""poor_clock_consistency""]"
fig1_fig2,adaptive_jones_vp_proposed_force_lower_raw,-5.0,73,1489186484,full_6d,3,3,3,direct_vp_rollback,jnpp_then_vp,[],True,0.0002700741027154113,0.0006006029159738121,0.44967164749361166,False,2.5264067069703216e-05,0.8933377776639573,0.0002700741027154113,2.5264067069703216e-05,0.8933377776639573,0.0002700636177900998,2.5263917250674183e-05,0.8933377776639589,True,rollback,existing_selector_rollback,"[9.473135917232527,17.48833990255576,6.454822432154347]","[0.10556166497848221,0.05718095631457683,0.1549229294073373]","[6.984405444889543e-08,4.334850588033358e-08,8.289754717469666e-07]","[9.473135914092518,17.488339913981857,6.454822435890541]","[0.10556166501347217,0.05718095627721735,0.1549229293176645]","[5.971831477945099e-08,2.545119474162499e-08,7.383600019219122e-07]",2820846.250181417,68.22674796577213,2820846.3204436433,68.22674624033192,direct_vp,direct_vp,False,[]
fig1_fig2,adaptive_jones_vp_proposed_force_lower_raw,-5.0,74,2087150408,full_6d,3,3,3,direct_vp_rollback,jnpp_then_vp,[],True,0.00014210459552683606,0.000707136818463113,0.20095770976214386,False,1.8716892720586956e-05,0.7616752318821067,0.00014210459552683606,1.8716892720586956e-05,0.7616752318821067,0.00014212500766607058,1.871689212534005e-05,0.7616752318821016,True,rollback,existing_selector_rollback,"[6.944094062687154,10.43524320005556,12.943795090059897]","[0.14400726588171908,0.09582910343519742,0.07725709446335408]","[3.793640839205827e-09,3.091570142880809e-09,2.6422803774107554e-08]","[6.944094063075621,10.435243198340201,12.943795089694719]","[0.14400726587366303,0.09582910345094993,0.0772570944655337]","[1.0724943449048673e-09,2.9286582232675405e-09,4.261077497210802e-09]",2078839.134595904,79.35240600581288,2078839.3749726696,79.35239664008314,direct_vp,direct_vp,False,[]
fig1_fig2,adaptive_jones_vp_proposed_force_lower_raw,-5.0,75,3035140021,full_6d,3,3,3,direct_vp_rollback,jnpp_then_vp,[],True,0.0005932473158905674,0.000894076795183942,0.6635306039550174,False,1.9516141490463583e-05,1.0476771598235157,0.0005932473158905674,1.9516141490463583e-05,1.0476771598235157,0.0005932097318980411,1.9515034087772764e-05,1.0476771598235353,True,rollback,existing_selector_rollback,"[3.85570896360375,25.427064742686646,58.81494609602465]","[0.25935567477621324,0.03932817295642407,0.017002480939258668]","[1.3562423243499703e-08,2.3087544405701503e-08,8.89906641136583e-08]","[3.855708965744199,25.42706493164545,58.81494505418343]","[0.25935567463223513,0.03932817266416051,0.017002481240438672]","[1.500034560769207e-08,2.236020884055062e-08,9.162000441817373e-08]",1321357.0897730347,139.63706911565347,1321357.161743697,139.63705759249098,direct_vp,direct_vp,False,[]
fig1_fig2,adaptive_jones_vp_proposed_force_lower_raw,-5.0,76,125194699,full_6d,3,3,3,direct_vp_rollback,jnpp_then_vp,"[""poor_clock_consistency""]",True,0.00027560061930716076,0.0008101572310169272,0.34018164469287127,False,1.56291402407809e-05,0.5314956740836486,0.00027560061930716076,1.56291402407809e-05,0.5314956740836486,0.0002757103654596966,1.5628540894541122e-05,0.5314956740836498,True,rollback,existing_selector_rollback,"[4.0623874192585925,34.309167104028695,24.566154465930868]","[0.24616066780219673,0.029146729121508393,0.04070641179767334]","[3.188195930125191e-07,1.1027913977936376e-07,1.7721046437755583e-07]","[4.062387420241306,34.30916657888387,24.56615447728239]","[0.24616066774264914,0.02914672956763564,0.040706411778863735]","[3.156386103071898e-07,1.214546979859584e-08,6.506913843927459e-08]",1607816.5743056033,116.64032517875734,1607817.7845746432,116.64023150145046,ris_only_stage2_then_vp,direct_vp,True,"[""poor_clock_consistency""]"
fig1_fig2,adaptive_jones_vp_proposed_force_lower_raw,-5.0,64,1096511241,full_6d,3,3,3,direct_vp_rollback,jnpp_then_vp,[],True,0.00040274071740172565,0.0006338460247542662,0.6353920379288691,False,1.028397104050135e-05,0.5183764965982122,0.00040274071740172565,1.028397104050135e-05,0.5183764965982122,0.00040274405665594054,1.0284029240492501e-05,0.518376496598214,True,rollback,existing_selector_rollback,"[9.43856745681226,13.547802365663015,7.327317750428387]","[0.10594828130076181,0.07381270947094401,0.13647558821018896]","[2.1938279437761464e-07,4.661318548074573e-08,6.843278569062205e-07]","[9.438567458288887,13.547802368815084,7.327317748769049]","[0.10594828128418662,0.07381270945377054,0.1364755882410951]","[3.1873986489560874e-07,1.5896747693959822e-08,6.746009998095462e-07]",2545044.634855784,78.66610175108272,2545044.6085788417,78.66610266670013,direct_vp,direct_vp,False,[]
fig1_fig2,adaptive_jones_vp_proposed_force_lower_raw,-5.0,77,4292676672,full_6d,3,3,3,direct_vp_rollback,jnpp_then_vp,"[""poor_clock_consistency""]",True,0.0003585421767551583,0.000704140329796291,0.5091913665261656,False,6.3256813940338325e-06,2.758715236950479,0.0003585421767551583,6.3256813940338325e-06,2.758715236950479,0.00035853849163708606,6.325621145445389e-06,2.7587152369504966,True,rollback,existing_selector_rollback,"[4.656265445689063,706.247878658682,9.870562484427074]","[0.21476438825479321,0.0014159334555354263,0.10131134892949044]","[6.464456064905112e-08,3.775893434744766e-09,4.1363029308536056e-08]","[4.656265439219477,706.2478978706155,9.870562505371533]","[0.21476438855319474,0.0014159334170180454,0.10131134871451675]","[4.138874786214546e-08,6.580885800936632e-10,3.026946279098719e-08]",2188933.3189394176,87.78035538579194,2188933.343570897,87.78035418274803,ris_only_stage2_then_vp,direct_vp,True,"[""poor_clock_consistency""]"
fig1_fig2,adaptive_jones_vp_proposed_force_lower_raw,-5.0,78,3639033133,full_6d,3,3,3,direct_vp_rollback,jnpp_then_vp,[],True,0.00036465376320786653,0.0007870682272863532,0.4633064206709455,False,1.2955820654525107e-05,0.543765783878805,0.00036465376320786653,1.2955820654525107e-05,0.543765783878805,0.0003644426567421956,1.2955425201173513e-05,0.5437657838786986,True,rollback,existing_selector_rollback,"[10.299256266287056,4.893448682987834,75.5858043931174]","[0.09709438954956762,0.20435485580376583,0.013229997457240409]","[1.207606182275988e-07,3.360433298925647e-08,1.104342488320922e-08]","[10.299256161357858,4.893448714359773,75.58580412085679]","[0.0970943905387688,0.20435485449364515,0.013229997504894956]","[1.2326364014467175e-07,3.670004996822444e-08,1.1325390961855095e-08]",1638639.6449100936,93.82053677830618,1638641.5056948261,93.82043341936016,direct_vp,direct_vp,False,[]
fig1_fig2,adaptive_jones_vp_proposed_force_lower_raw,-5.0,79,2511075941,full_6d,3,3,3,direct_vp_rollback,jnpp_then_vp,[],True,0.0002036577270506903,0.000825380417721757,0.24674407422074932,False,1.6331978681957612e-05,1.2692770197623984,0.0002036577270506903,1.6331978681957612e-05,1.2692770197623984,0.00020364631902899182,1.6331947994910057e-05,1.2692770197623984,True,rollback,existing_selector_rollback,"[29.770356135034213,3.8706541233142184,41.56968086117004]","[0.03359046144541799,0.2583542647153104,0.02405599415829347]","[4.935987557851695e-09,2.0235340122191346e-07,8.893297065282162e-09]","[29.77035610601091,3.87065412351884,41.56968088255403]","[0.03359046147816554,0.25835426470165257,0.02405599414591875]","[5.647088478633857e-10,2.133552613520596e-07,2.5239194212516504e-08]",1559414.5485618587,90.4127963494599,1559414.4248690126,90.41280407653136,direct_vp,direct_vp,False,[]
fig1_fig2,adaptive_jones_vp_proposed_force_lower_raw,-5.0,80,2843598472,full_6d,3,3,3,direct_vp_rollback,jnpp_then_vp,"[""poor_clock_consistency""]",True,0.0003722921349137823,0.0006164947066897109,0.6038853713972947,False,2.1053111457978528e-05,2.154973509607159,0.0003722921349137823,2.1053111457978528e-05,2.154973509607159,0.000372290723400562,2.1053000996858137e-05,2.1549735096071854,True,rollback,existing_selector_rollback,"[8.739172763236871,29.6630595030116,5.931873103884922]","[0.11442730646062596,0.03371196419805617,0.168580814606291]","[1.0356189158706838e-07,4.08400488253531e-09,7.61327067893082e-08]","[8.739172743022042,29.663059555946163,5.931873106243506]","[0.11442730672531101,0.033711964137896226,0.16858081453926127]","[9.031464201084758e-08,4.013154985960583e-09,7.192537199470884e-08]",2729142.4347812636,66.77155191713265,2729142.596586927,66.77154759285263,ris_only_stage2_then_vp,direct_vp,True,"[""poor_clock_consistency""]"
fig1_fig2,adaptive_jones_vp_proposed_force_lower_raw,-5.0,81,3893654042,full_6d,3,3,3,direct_vp_rollback,jnpp_then_vp,"[""poor_clock_consistency""]",True,0.0015397398674115552,0.0007728577101698518,1.9922682366372004,False,2.2982993518761613e-05,2.127133222241681,0.0015397398674115552,2.2982993518761613e-05,2.127133222241681,0.0015396605718561865,2.2982337378075622e-05,2.1271332222416732,True,rollback,existing_selector_rollback,"[88.01840410175102,238.84759215359622,3.3280373237494545]","[0.01136126029683476,0.004186770277835082,0.30047739935501855]","[5.985242380502302e-08,4.187256456664004e-10,2.4386799018245843e-06]","[88.01840382128549,238.84759340681546,3.3280373255778115]","[0.011361260333036754,0.004186770255867345,0.3004773991899423]","[6.228499613485896e-08,8.660861355831499e-10,2.377067727873525e-06]",1081830.1762183178,216.50408260061928,1081830.108228322,216.50408653532742,ris_only_stage2_then_vp,direct_vp,True,"[""poor_clock_consistency""]"
fig1_fig2,adaptive_jones_vp_proposed_force_lower_raw,-5.0,71,1982555292,full_6d,3,3,3,direct_vp_rollback,jnpp_then_vp,"[""poor_clock_consistency""]",True,0.0018798501365867584,0.0006550613759588045,2.869731303933539,False,2.24134410000862e-05,1.3724570630076953,0.0018798501365867584,2.24134410000862e-05,1.3724570630076953,0.0018798214357241972,2.241323413922825e-05,1.3724570630077138,True,rollback,existing_selector_rollback,"[6.3152539053180305,48.8906200374885,7.334510086931698]","[0.15834676087236838,0.020453821186647382,0.13634175809157598]","[3.013386714551056e-07,4.43261291862648e-08,4.013080460955483e-07]","[6.3152539005432455,48.89062017427626,7.334510091408098]","[0.15834676099208989,0.020453821129421023,0.13634175800836384]","[1.7756361878030026e-07,5.1690161877177e-09,3.132259934989876e-07]",2426329.114195211,85.99034479892,2426329.3692018045,85.99033636138232,ris_only_stage2_then_vp,direct_vp,True,"[""poor_clock_consistency""]"
fig1_fig2,adaptive_jones_vp_proposed_force_lower_raw,-5.0,72,2100195688,full_6d,3,3,3,direct_vp_rollback,jnpp_then_vp,[],True,0.00028089218422126924,0.0006937328862216464,0.40489962318367695,False,2.203575374567904e-05,1.0409754707437682,0.00028089218422126924,2.203575374567904e-05,1.0409754707437682,0.00028089595242976995,2.203577103387094e-05,1.0409754707437737,True,rollback,existing_selector_rollback,"[16.706755178800844,5.295194464280382,14.776895784108476]","[0.05985602765354404,0.18885047692589418,0.06767321192456764]","[2.690649537182183e-07,1.1761519679832475e-08,5.5526159200042545e-08]","[16.706755173550956,5.295194465052434,14.776895786645516]","[0.05985602767235304,0.1888504768983593,0.06767321191294885]","[2.9385340356684213e-07,1.2327433753346192e-08,8.647219649559676e-08]",2168193.589337776,79.10192991819798,2168193.437230872,79.10193525142415,direct_vp,direct_vp,False,[]
fig1_fig2,adaptive_jones_vp_proposed_force_lower_raw,-5.0,85,2249164774,full_6d,3,3,3,direct_vp_rollback,jnpp_then_vp,[],True,0.00035270464948052824,0.0006354418868356935,0.5550541391548638,False,1.6865185118702948e-05,0.8137226009825945,0.00035270464948052824,1.6865185118702948e-05,0.8137226009825945,0.00035271564570929715,1.686516531483335e-05,0.813722600982597,True,rollback,existing_selector_rollback,"[15.44764588139195,8.812118743683564,7.289868890396947]","[0.06473478274053009,0.11348008680749762,0.13717667835014496]","[6.848099068039595e-08,4.2724110210434134e-08,2.3764831481658734e-07]","[15.44764585500055,8.812118749885935,7.289868891184364]","[0.06473478285112567,0.11348008672762518,0.1371766783353278]","[6.314257846582041e-08,4.711170138705246e-08,2.5119297121682693e-07]",2579020.886849693,66.67994155061753,2579020.79270871,66.67994403959834,direct_vp,direct_vp,False,[]
fig1_fig2,adaptive_jones_vp_proposed_force_lower_raw,-5.0,86,2710333116,full_6d,3,3,3,direct_vp_rollback,jnpp_then_vp,"[""poor_clock_consistency""]",True,0.0005719413119169242,0.0007980495852817404,0.716673904059493,False,1.3518273816431575e-05,0.5315358502161809,0.0005719413119169242,1.3518273816431575e-05,0.5315358502161809,0.0005719011176516075,1.3518554120291657e-05,0.5315358502161849,True,rollback,existing_selector_rollback,"[4.103875162474942,64.73127883311179,17.801974527681242]","[0.24367212948866157,0.015448482062488497,0.05617354403171652]","[8.729820992936268e-08,2.0115396152324633e-09,6.853424220001875e-08]","[4.103875167025688,64.73127902844419,17.801974480970262]","[0.24367212921845602,0.015448482015871325,0.056173544179111475]","[1.2462969067395358e-07,5.3966765861761516e-09,8.792710226470095e-08]",1707354.2289988147,112.5655897142092,1707353.8420058468,112.5656160904864,ris_only_stage2_then_vp,direct_vp,True,"[""poor_clock_consistency""]"
fig1_fig2,adaptive_jones_vp_proposed_force_lower_raw,-5.0,69,1134195269,full_6d,3,3,3,direct_vp_rollback,jnpp_then_vp,"[""low_assignment_margin"",""poor_clock_consistency""]",True,0.0008810204082410536,0.0005908236654186941,1.4911731872092635,False,1.1629710469602154e-05,2.145774214660368,0.0008810204082410536,1.1629710469602154e-05,2.145774214660368,0.0008810265964583398,1.1629752839214307e-05,2.145774214660389,True,rollback,existing_selector_rollback,"[220.5010326350673,8.670047805242065,5.07530648151863]","[0.004535126152604077,0.11533961778004408,0.1970324360974759]","[1.168877509212635e-06,8.023984004650493e-08,2.295298367201622e-06]","[220.50103251041813,8.67004780512258,5.075306481434792]","[0.004535126155167783,0.11533961778163361,0.19703243610073065]","[1.3206958459147168e-06,3.4040625923391614e-08,2.162493695391868e-06]",2614867.547643563,85.6298353672056,2614867.5554741793,85.6298352800117,ris_only_stage2_then_vp,direct_vp,True,"[""low_assignment_margin"",""poor_clock_consistency""]"
fig1_fig2,adaptive_jones_vp_proposed_force_lower_raw,-5.0,87,3576217426,full_6d,3,3,3,direct_vp_rollback,jnpp_then_vp,"[""poor_clock_consistency""]",True,0.00039620094023606385,0.0008440721991328464,0.46939223995660445,False,1.686453782446082e-05,0.20936572237477405,0.00039620094023606385,1.686453782446082e-05,0.20936572237477405,0.0003962743989636488,1.686445229322412e-05,0.20936572237475823,True,rollback,existing_selector_rollback,"[5.164044313643237,10.322771767825268,37.01398972718916]","[0.19364667289025161,0.0968732063908016,0.02701681194957542]","[3.8500678043984557e-07,3.213463787883205e-08,1.4112521336368255e-09]","[5.164044313097282,10.322771789838098,37.01398900663585]","[0.19364667291072443,0.096873206184224,0.02701681247551315]","[3.8756243385952615e-07,3.938053857279124e-08,3.521552584513609e-10]",1450793.6629653198,103.98793476025268,1450793.3801455644,103.98795649105116,ris_only_stage2_then_vp,direct_vp,True,"[""poor_clock_consistency""]"
fig1_fig2,adaptive_jones_vp_proposed_force_lower_raw,-5.0,88,2932252539,full_6d,3,3,3,direct_vp_rollback,jnpp_then_vp,[],True,0.0009771211421050932,0.0006151194005913921,1.5885064609662172,False,1.832196199457786e-05,1.2377067418702405,0.0009771211421050932,1.832196199457786e-05,1.2377067418702405,0.0009770936375174955,1.832189325494775e-05,1.2377067418702392,True,rollback,existing_selector_rollback,"[9.934457729071795,17.875939610551008,6.256769087241812]","[0.10065974683889449,0.05594111536335069,0.15982689884350132]","[2.841701265168592e-07,1.0854790506183559e-08,2.7164624137144295e-07]","[9.93445771792592,17.875939673613914,6.2567690869721355]","[0.10065974695182878,0.0559411151660011,0.15982689885039011]","[2.841982211835067e-07,1.085185975690387e-08,2.7148360128223215e-07]",2696481.8674789737,71.16856579814358,2696481.6543744323,71.16857194576616,direct_vp,direct_vp,False,[]
fig1_fig2,adaptive_jones_vp_proposed_force_lower_raw,-5.0,89,850792180,full_6d,3,3,3,direct_vp_rollback,jnpp_then_vp,[],True,0.0007322434279758569,0.00068613439024576,1.0672011757253292,False,2.0972733429293435e-05,2.495402392956037,0.0007322434279758569,2.0972733429293435e-05,2.495402392956037,0.0007322279418339794,2.0972405258531487e-05,2.4954023929596625,True,rollback,existing_selector_rollback,"[22.214746253904117,5.3209104870117585,11.890262262509857]","[0.045015143929543686,0.1879377603580553,0.08410243423655354]","[9.780538416138818e-09,1.0578519500874511e-07,5.98197126941751e-07]","[22.214746312637626,5.320910489416141,11.890262273621168]","[0.04501514381052827,0.18793776027313103,0.0841024341579608]","[6.03360333978762e-09,1.0015523633071576e-07,6.416462031513215e-07]",2262012.836372039,67.01853881119816,2262012.666983287,67.01854365989672,direct_vp,direct_vp,False,[]
fig1_fig2,adaptive_jones_vp_proposed_force_lower_raw,-5.0,90,4175219143,full_6d,3,3,3,direct_vp_rollback,jnpp_then_vp,"[""poor_clock_consistency""]",True,8.358877179911812e-05,0.0008030298223571415,0.10409174039609034,False,1.2180366780765174e-05,0.28537793862220534,8.358877179911812e-05,1.2180366780765174e-05,0.28537793862220534,8.354806221985238e-05,1.2180413523970377e-05,0.2853779386221956,True,rollback,existing_selector_rollback,"[9.498113481179859,5.061311071395113,70.8202486393797]","[0.10528406530117405,0.1975772652360006,0.01412025542329328]","[3.0846836988085817e-07,1.301663935150034e-08,8.451593842554696e-08]","[9.498113468761563,5.061311074529227,70.82024861783586]","[0.10528406543882757,0.1975772651136549,0.014120255427588727]","[3.281162189076407e-07,2.575817014365745e-08,8.549230362312864e-08]",1590374.1103485785,99.9210970655392,1590374.4792767963,99.92107517507908,ris_only_stage2_then_vp,direct_vp,True,"[""poor_clock_consistency""]"
fig1_fig2,adaptive_jones_vp_proposed_force_lower_raw,-5.0,91,3347136468,full_6d,3,3,3,direct_vp_rollback,jnpp_then_vp,"[""poor_clock_consistency""]",True,0.0002945395747354293,0.0006075343508815739,0.4848113926529953,False,1.5565107441997127e-05,0.7799338251366703,0.0002945395747354293,1.5565107441997127e-05,0.7799338251366703,0.00029451636183615835,1.5564701069989692e-05,0.779933825136662,True,rollback,existing_selector_rollback,"[31.24537665411639,76.27268485784239,3.690796343360025]","[0.03200473500571518,0.013110853535410938,0.27094423722278044]","[1.1636302294039538e-08,1.0366367052637362e-08,1.5218332272215007e-06]","[31.245376574140288,76.27268516861366,3.6907963374362542]","[0.03200473508763495,0.013110853481991072,0.2709442376576491]","[3.815208660999061e-08,4.0740596576320355e-09,1.090246459997832e-06]",2168474.775696752,113.36879256884703,2168474.793378928,113.36879029632912,ris_only_stage2_then_vp,direct_vp,True,"[""poor_clock_consistency""]"
fig1_fig2,adaptive_jones_vp_proposed_force_lower_raw,-5.0,92,971995857,full_6d,3,3,3,direct_vp_rollback,jnpp_then_vp,"[""poor_clock_consistency""]",True,0.00012576180860097012,0.000567143331012526,0.22174607673944866,False,5.716102293136864e-06,1.6980428375896057,0.00012576180860097012,5.716102293136864e-06,1.6980428375896057,0.00012576092728782247,5.715733311717219e-06,1.6980428375895886,True,rollback,existing_selector_rollback,"[90.68415584887205,12.542453280441146,4.423818245037888]","[0.011027284651310497,0.07972921864870484,0.2260490699673878]","[3.581889937544297e-08,2.754989092196267e-08,9.655748862785892e-07]","[90.68415596370865,12.542453286527497,4.423818247533708]","[0.01102728463734625,0.07972921861001545,0.22604906983985593]","[3.188076706261352e-08,3.0172349160713784e-08,8.790024257133205e-07]",2633404.2661721664,80.18330498693757,2633404.310915917,80.18330512156925,ris_only_stage2_then_vp,direct_vp,True,"[""poor_clock_consistency""]"
fig1_fig2,adaptive_jones_vp_proposed_force_lower_raw,-5.0,94,3608384463,full_6d,3,3,3,direct_vp_rollback,jnpp_then_vp,[],True,0.00026171900232745024,0.0007578818471415555,0.3453295567304529,False,2.3974535137231628e-05,1.4797166001634081,0.00026171900232745024,2.3974535137231628e-05,1.4797166001634081,0.00026168698432056366,2.397378660501034e-05,1.479716600163464,True,rollback,existing_selector_rollback,"[16.30557003952883,4.266960016647348,47.94398295541684]","[0.06132873598159655,0.23435888691112153,0.020857674692608602]","[1.4887213075455654e-06,2.192161436640445e-08,4.613121245836027e-09]","[16.30556995740164,4.266960028052887,47.94398321149489]","[0.06132873629049448,0.23435888628468268,0.020857674581203745]","[1.3622580097927687e-06,3.9891789756398754e-08,4.0600056101906505e-08]",1818868.771877135,101.7238233244263,1818868.4939448594,101.72383688213147,direct_vp,direct_vp,False,[]
fig1_fig2,adaptive_jones_vp_proposed_force_lower_raw,-5.0,82,2146768378,full_6d,3,3,3,direct_vp_rollback,jnpp_then_vp,"[""poor_clock_consistency""]",True,0.000415215667609225,0.0006385124679184979,0.6502859199645646,False,1.5396519127140854e-05,2.086949949691416,0.000415215667609225,1.5396519127140854e-05,2.086949949691416,0.0004152190711438986,1.5396482238381148e-05,2.0869499496914283,True,rollback,existing_selector_rollback,"[6.433439738034038,74.28798276256529,6.821711834912664]","[0.15543784362844618,0.01346112739555536,0.14659077137725224]","[7.01209038182455e-08,1.713277686397973e-08,1.535324938893114e-07]","[6.433439739357817,74.2879826287719,6.8217118280195965]","[0.15543784359646245,0.013461127419798984,0.14659077152537636]","[3.010422112901015e-09,1.2567003035866356e-08,1.4422748977622842e-07]",2568333.346578515,72.03947884176164,2568333.309684882,72.03947854268822,ris_only_stage2_then_vp,direct_vp,True,"[""poor_clock_consistency""]"
fig1_fig2,adaptive_jones_vp_proposed_force_lower_raw,-5.0,95,1902842209,full_6d,3,3,3,direct_vp_rollback,jnpp_then_vp,"[""poor_clock_consistency""]",True,0.0007472913012410736,0.0005850966155465147,1.2772100904105548,False,2.233752158945648e-05,0.8949131259243897,0.0007472913012410736,2.233752158945648e-05,0.8949131259243897,0.0007472884715165186,2.233748273050478e-05,0.894913125924393,True,rollback,existing_selector_rollback,"[162.4155269561976,18.25986800661775,3.917043145827397]","[0.006157046795823147,0.0547649084658947,0.2552946094202016]","[6.980658734207298e-08,4.7416324696061186e-08,3.273999851704063e-07]","[162.41552703455358,18.259868007386476,3.9170431462279525]","[0.0061570467928527325,0.05476490846358914,0.25529460939409526]","[6.135341266404362e-08,3.733460392289954e-08,4.238166035722606e-07]",2238895.8010066524,97.6090656482053,2238895.801311714,97.60906570754545,ris_only_stage2_then_vp,direct_vp,True,"[""poor_clock_consistency""]"
fig1_fig2,adaptive_jones_vp_proposed_force_lower_raw,0.0,0,3147786918,full_6d,3,3,3,direct_vp_rollback,jnpp_then_vp,[],True,0.00037238283077235243,0.0003571212682911197,1.0427349582237475,False,2.594488736908091e-06,0.396311289918062,0.00037238283077235243,2.594488736908091e-06,0.396311289918062,0.0003723783262812498,2.594479397937758e-06,0.39631128991806386,True,rollback,existing_selector_rollback,"[7.275069259860519,1.8719907503192201,3.0232219715662856]","[0.1374557360587791,0.5341906736599011,0.3307729334471898]","[5.997905303381672e-08,7.6167414542417e-08,4.395487279465215e-07]","[7.27506926009589,1.871990750410257,3.0232219715716577]","[0.13745573605433198,0.5341906736339229,0.330772933446602]","[6.806729371787693e-08,8.003957275006339e-08,4.94930359304307e-07]",8234769.096700589,69.74847898456615,8234768.971895625,69.7484799711292,direct_vp,direct_vp,False,[]
fig1_fig2,adaptive_jones_vp_proposed_force_lower_raw,-5.0,84,3985341227,full_6d,3,3,3,direct_vp_rollback,jnpp_then_vp,[],True,0.000498357889349124,0.0008271589680675452,0.6024934850351867,False,2.3450978837454142e-05,2.1980287954936473,0.000498357889349124,2.3450978837454142e-05,2.1980287954936473,0.0004983453177571207,2.3451100272621667e-05,2.1980287954936655,True,rollback,existing_selector_rollback,"[4.761724355038379,17.059513447567017,21.51836671253963]","[0.21000795624323332,0.05861831892547662,0.04647192853144104]","[6.677807568969403e-08,2.8738588506856817e-08,1.3828392073657925e-08]","[4.761724360102066,17.059513364859377,21.518366665601455]","[0.2100079560199078,0.058618319209668944,0.04647192863281061]","[1.0412837473794484e-07,1.1248485492514334e-09,1.4601638485608812e-08]",1530725.2512640986,108.23018541955497,1530725.1378495588,108.2301931781377,direct_vp,direct_vp,False,[]
fig1_fig2,adaptive_jones_vp_proposed_force_lower_raw,0.0,1,112311654,full_6d,3,3,3,direct_vp_rollback,jnpp_then_vp,"[""poor_clock_consistency""]",True,0.00012757919449609786,0.00045428474016656395,0.28083530705724524,False,8.866666761809928e-06,0.3038171112657052,0.00012757919449609786,8.866666761809928e-06,0.3038171112657052,0.00012754061746787042,8.866491929335694e-06,0.30381711126570976,True,rollback,existing_selector_rollback,"[6.861981350415876,1.2076017225964397,40.01626333224579]","[0.14573050390650394,0.8280875898791473,0.02498983954741638]","[1.1616551654336376e-08,1.573094759319299e-07,6.3663505370685074e-09]","[6.861981355505632,1.2076017217416377,40.016263363311204]","[0.14573050379841085,0.8280875904653099,0.024989839528016273]","[7.459134411088348e-09,1.5424711715738861e-07,5.159407808963164e-09]",5104870.006213317,98.49344373326065,5104868.7922741035,98.49346761352876,ris_only_stage2_then_vp,direct_vp,True,"[""poor_clock_consistency""]"
fig1_fig2,adaptive_jones_vp_proposed_force_lower_raw,0.0,2,3251202663,full_6d,3,3,3,direct_vp_rollback,jnpp_then_vp,[],True,0.0001488746844973588,0.0003492430591697508,0.4262781480934106,False,8.108065852249397e-06,0.22850568477780991,0.0001488746844973588,8.108065852249397e-06,0.22850568477780991,0.000148866736458261,8.108074694006935e-06,0.22850568477780936,True,rollback,existing_selector_rollback,"[6.111837779614468,2.166693228486949,2.6603704762476896]","[0.16361690804839518,0.4615328034675938,0.37588749722098336]","[1.4179791457822668e-08,1.3048039588396784e-07,1.224385610747605e-06]","[6.111837777519448,2.1666932282442106,2.660370478198574]","[0.16361690810447987,0.46153280351930015,0.3758874969453402]","[1.418063741194205e-08,1.254887423269871e-07,1.2306079392326946e-06]",8435433.021326331,73.8709116663858,8435433.309485812,73.87090898342277,direct_vp,direct_vp,False,[]
fig1_fig2,adaptive_jones_vp_proposed_force_lower_raw,0.0,3,3422926171,full_6d,3,3,3,direct_vp_rollback,jnpp_then_vp,[],True,0.0005148656431152095,0.00034567784068279125,1.4894378016775227,False,1.142206953841401e-05,0.2781447304634289,0.0005148656431152095,1.142206953841401e-05,0.2781447304634289,0.0005148731674732431,1.1422073813165912e-05,0.2781447304634285,True,rollback,existing_selector_rollback,"[8.767214916958611,2.429690861093292,2.1067884720390775]","[0.11406130789116523,0.41157499335022346,0.47465610015894605]","[9.978200390438999e-08,4.044993300875584e-08,1.3432029552981674e-07]","[8.767214921981003,2.4296908607452274,2.106788472097086]","[0.114061307825824,0.4115749934091835,0.4746561001458768]","[9.920910808241014e-08,4.0493779060008735e-08,1.3535920109322453e-07]",8562001.45961222,79.26211256626557,8562001.621992402,79.26211119085093,direct_vp,direct_vp,False,[]
fig1_fig2,adaptive_jones_vp_proposed_force_lower_raw,0.0,4,287230138,full_6d,3,3,3,direct_vp_rollback,jnpp_then_vp,[],True,0.0003373277646360249,0.00031735169972478365,1.0629461412324719,False,4.56637008941625e-06,0.49430920243726095,0.0003373277646360249,4.56637008941625e-06,0.49430920243726095,0.0003373301284472794,4.566385389744111e-06,0.4943092024372632,True,rollback,existing_selector_rollback,"[14.2233998083104,2.307996623278834,2.0047936431045246]","[0.07030667867477787,0.43327619716230403,0.4988044547315326]","[2.9978011473000045e-08,3.304339579423344e-08,1.1705161222966018e-06]","[14.223399810097082,2.3079966233742226,2.004793643243787]","[0.07030667866594625,0.4332761971443969,0.4988044546968834]","[3.0602852558902275e-08,3.48583551763908e-08,1.1786649804046883e-06]",9219335.576152455,76.14797597972985,9219335.599669673,76.14797582115622,direct_vp,direct_vp,False,[]
fig1_fig2,adaptive_jones_vp_proposed_force_lower_raw,0.0,6,1919806993,full_6d,3,3,3,direct_vp_rollback,jnpp_then_vp,[],True,0.00011047446184539349,0.000352907053243195,0.31304124083137386,False,2.297108177488556e-06,0.41980149569878233,0.00011047446184539349,2.297108177488556e-06,0.41980149569878233,0.00011047298587590322,2.2971362178016705e-06,0.41980149569878444,True,rollback,existing_selector_rollback,"[2.480327823871481,23.529740786546196,1.8006596910074877]","[0.4031725122676102,0.04249940571161111,0.5553520218130107]","[1.1221545459173742e-06,2.205967380790092e-08,2.2000795214562082e-08]","[2.480327823800023,23.52974078782884,1.8006596910902704]","[0.4031725122792257,0.0424994057092944,0.5553520217874792]","[1.1166354702525792e-06,2.87673886721534e-08,2.907092491765139e-08]",8244134.148685537,72.22051560060324,8244134.17489272,72.22051536433237,direct_vp,direct_vp,False,[]
fig1_fig2,adaptive_jones_vp_proposed_force_lower_raw,0.0,7,1914929603,full_6d,3,3,3,direct_vp_rollback,jnpp_then_vp,"[""poor_clock_consistency""]",True,0.00041733626348013943,0.00033906627598154004,1.2308397886873912,False,5.366931602453487e-06,0.7354901884361658,0.00041733626348013943,5.366931602453487e-06,0.7354901884361658,0.0004173544614080686,5.367017459649177e-06,0.7354901884361651,True,rollback,existing_selector_rollback,"[14.776859041353035,4.914491784132153,1.3686017538050057]","[0.06767338019444616,0.2034798396090258,0.7306727448057241]","[6.92987006500205e-08,4.124780672697102e-08,1.1732503849803676e-06]","[14.776859048650142,4.9144917847450955,1.3686017542356457]","[0.0676733801610277,0.2034798395836475,0.7306727445758129]","[6.732587269338915e-08,3.969767802577095e-08,1.188849979903444e-06]",8096514.915886273,85.25650452442514,8096514.96881302,85.25650358520964,ris_only_stage2_then_vp,direct_vp,True,"[""poor_clock_consistency""]"
fig1_fig2,adaptive_jones_vp_proposed_force_lower_raw,-5.0,93,3741086398,full_6d,3,3,3,direct_vp_rollback,jnpp_then_vp,"[""poor_clock_consistency""]",True,0.0002866229735336939,0.0005375975915449526,0.5331552410977035,False,1.7632919569401253e-05,0.4701282112370664,0.0002866229735336939,1.7632919569401253e-05,0.4701282112370664,0.00028660209071718697,1.7632859867391228e-05,0.47012821123707055,True,rollback,existing_selector_rollback,"[15.465882405478801,26.389869014566465,4.669475928625436]","[0.06465845101927603,0.03789332942204595,0.21415679516945335]","[3.1849303710820914e-08,3.33021478116931e-08,5.059582217533728e-07]","[15.46588240037002,26.38986890929294,4.669475928850032]","[0.06465845104063439,0.03789332957320867,0.2141567951591527]","[3.438740584882797e-08,3.145095752998346e-08,5.197444586444075e-07]",2851980.059132806,75.47780454188087,2851980.0457757902,75.47780359621063,ris_only_stage2_then_vp,direct_vp,True,"[""poor_clock_consistency""]"
fig1_fig2,adaptive_jones_vp_proposed_force_lower_raw,0.0,8,641399591,full_6d,3,3,3,direct_vp_rollback,jnpp_then_vp,"[""poor_clock_consistency""]",True,0.00022618817862028395,0.0003474113251691455,0.6510673724011697,False,3.738162452393023e-06,0.22558786920274237,0.00022618817862028395,3.738162452393023e-06,0.22558786920274237,0.0002262010420462859,3.738165402511936e-06,0.2255878692027423,True,rollback,existing_selector_rollback,"[10.407740274639393,2.249853997300328,2.1824295598889893]","[0.09608233618457011,0.44447328635444006,0.45820493745909635]","[4.137362807351459e-08,1.1500695165014018e-09,4.967757196781143e-07]","[10.407740271324634,2.2498539972728526,2.182429559373679]","[0.09608233621517134,0.44447328635986794,0.4582049375672867]","[4.133675821203356e-08,1.0601780144807896e-09,4.963263931630351e-07]",8541703.762559334,78.32999293208717,8541704.006805634,78.32999079818615,ris_only_stage2_then_vp,direct_vp,True,"[""poor_clock_consistency""]"
fig1_fig2,adaptive_jones_vp_proposed_force_lower_raw,0.0,10,781873798,full_6d,3,3,3,direct_vp_rollback,jnpp_then_vp,[],True,0.0002284678185079782,0.000347695689057382,0.6570913177766579,False,4.1939047027005675e-06,0.22036030857084768,0.0002284678185079782,4.1939047027005675e-06,0.22036030857084768,0.0002284704508553122,4.193909563378702e-06,0.220360308570848,True,rollback,existing_selector_rollback,"[3.911465230939664,35.921794922856115,1.3958908857202381]","[0.255658670333075,0.0278382525737266,0.7163883726360416]","[8.774657062495727e-08,7.956492972854204e-09,3.633780081881976e-07]","[3.9114652313005354,35.92179490665505,1.3958908857197592]","[0.25565867030948797,0.027838252586281906,0.7163883726362874]","[9.433002785828847e-08,7.543299752277148e-09,3.6743728843373605e-07]",8155993.126213363,81.21478422266424,8155993.151494163,81.2147841114287,direct_vp,direct_vp,False,[]
fig1_fig2,adaptive_jones_vp_proposed_force_lower_raw,-5.0,83,2856883752,full_6d,3,3,3,direct_vp_rollback,jnpp_then_vp,"[""low_assignment_margin"",""poor_clock_consistency""]",True,0.00037172985455415195,0.0005590930819767731,0.6648800826507008,False,2.0425294475176914e-05,0.6504503573199606,0.00037172985455415195,2.0425294475176914e-05,0.6504503573199606,0.0003719411435692577,2.0431160971908832e-05,0.6504503573205185,True,rollback,existing_selector_rollback,"[13.506574871804517,2502.7546282384656,4.134824597627397]","[0.07403801552042857,0.0003995597435778527,0.24184822750877386]","[2.1912387990261412e-07,7.403870043450758e-08,1.3364308728239152e-07]","[13.506574987778727,2502.7540800641486,4.134824580643055]","[0.07403801488470113,0.00039955983109279947,0.24184822850219767]","[1.9880887088777713e-07,6.91486699775152e-08,1.337737064906359e-07]",2546607.266414832,97.85671738673383,2546607.589368942,97.85671734359344,ris_only_stage2_then_vp,direct_vp,True,"[""low_assignment_margin"",""poor_clock_consistency""]"
fig1_fig2,adaptive_jones_vp_proposed_force_lower_raw,0.0,13,634888206,full_6d,3,3,3,direct_vp_rollback,jnpp_then_vp,[],True,0.0005031875473234649,0.00037280880254556817,1.3497201350602783,False,4.155412847325214e-06,0.20446468052867664,0.0005031875473234649,4.155412847325214e-06,0.20446468052867664,0.0005032043744350578,4.155406989529367e-06,0.20446468052867664,True,rollback,existing_selector_rollback,"[1.7009084407350148,25.76308201325162,2.6995782100462664]","[0.5879211226479472,0.03881523179019778,0.37042823811359854]","[1.123820817899805e-06,9.10181803690074e-09,1.0372412873278705e-06]","[1.7009084400300323,25.76308207176436,2.6995782097299004]","[0.5879211228916252,0.03881523170204119,0.37042823815700937]","[1.2364278331161612e-06,5.6969125392069365e-09,6.218648339953645e-07]",7540964.992404731,80.6307213250964,7540965.305702453,80.63071740822002,direct_vp,direct_vp,False,[]
fig1_fig2,adaptive_jones_vp_proposed_force_lower_raw,0.0,5,2290547997,full_6d,3,3,3,direct_vp_rollback,jnpp_then_vp,[],True,0.0005429745495457618,0.00038367186194753237,1.4152055529681096,False,4.503318754914088e-06,0.27276976710982365,0.0005429745495457618,4.503318754914088e-06,0.27276976710982365,0.0005429638341285089,4.503279905992768e-06,0.2727697671098264,True,rollback,existing_selector_rollback,"[5.768545116076141,1.7084211043234234,4.068662667109267]","[0.17335393584898368,0.5853357801935584,0.24578100516414123]","[7.782032634408074e-07,3.451209982559064e-09,3.123091206368928e-07]","[5.768545119006893,1.7084211037115495,4.068662666777701]","[0.17335393576090993,0.5853357804031973,0.24578100518417054]","[6.923001060434497e-07,3.3023045158501936e-09,3.188376458938589e-07]",7168793.762060017,74.88002694016292,7168793.433526502,74.8800304573196,direct_vp,direct_vp,False,[]
fig1_fig2,adaptive_jones_vp_proposed_force_lower_raw,0.0,15,2734808712,full_6d,3,3,3,direct_vp_rollback,jnpp_then_vp,"[""poor_clock_consistency""]",True,0.0004087665562458936,0.0003461631391619722,1.1808494608509685,False,4.741528081337901e-06,0.11545139049077129,0.0004087665562458936,4.741528081337901e-06,0.11545139049077129,0.0004087482001663439,4.741434566612563e-06,0.11545139049077179,True,rollback,existing_selector_rollback,"[11.072197599892663,2.0232455791142505,2.447362803509954]","[0.09031630721606902,0.49425537380181167,0.4086030884196551]","[3.4098357449867784e-08,4.543575913494504e-09,6.15893310192058e-07]","[11.072197579130364,2.023245579613499,2.4473628042067235]","[0.09031630738542781,0.494255373679851,0.40860308830332487]","[3.0664071238876985e-08,3.215676775425116e-09,5.970129084954569e-07]",8672365.126329757,70.04754974140188,8672365.579548316,70.04754607154898,ris_only_stage2_then_vp,direct_vp,True,"[""poor_clock_consistency""]"
fig1_fig2,adaptive_jones_vp_proposed_force_lower_raw,0.0,17,2127997378,full_6d,3,3,3,direct_vp_rollback,jnpp_then_vp,"[""poor_clock_consistency""]",True,0.000303526303641342,0.0004000960764907918,0.7586335419820784,False,5.525606305449925e-06,0.40048656595004734,0.000303526303641342,5.525606305449925e-06,0.40048656595004734,0.0003035272553162017,5.525616987899557e-06,0.4004865659500492,True,rollback,existing_selector_rollback,"[4.414616660227479,1.660849461041284,5.862440186542688]","[0.22652023424929876,0.6021015290400735,0.17057743331687225]","[6.983216057328544e-07,4.4792481285844456e-08,5.318509537580349e-07]","[4.41461665954331,1.6608494612194284,5.862440186382738]","[0.2265202342844044,0.6021015289754915,0.17057743332152628]","[6.214923962849468e-07,1.4430637036070467e-08,4.3611720617529584e-07]",6510789.737451506,83.20003983879002,6510789.75524716,83.20003969146931,ris_only_stage2_then_vp,direct_vp,True,"[""poor_clock_consistency""]"
fig1_fig2,adaptive_jones_vp_proposed_force_lower_raw,0.0,9,3933360494,full_6d,3,3,3,direct_vp_rollback,jnpp_then_vp,[],True,0.00010055519737115652,0.0003804616526773719,0.26429785147473567,False,5.0971894282755215e-06,0.11912266568504545,0.00010055519737115652,5.0971894282755215e-06,0.11912266568504545,0.00010054931650842855,5.097163373237103e-06,0.11912266568504616,True,rollback,existing_selector_rollback,"[2.2264181243646175,3.772502294019006,3.4997916902380837]","[0.4491519311015117,0.26507604821914776,0.2857312916039504]","[1.8957594051384933e-07,3.232838249827518e-07,1.921681222449083e-06]","[2.2264181250347326,3.772502292668516,3.4997916901535735]","[0.4491519309663244,0.26507604831404036,0.28573129161085]","[1.298681406942519e-07,1.6459500590944066e-08,2.5401083807683257e-06]",7212345.844822569,77.0157181468506,7212346.016382611,77.01571619744277,direct_vp,direct_vp,False,[]
fig1_fig2,adaptive_jones_vp_proposed_force_lower_raw,0.0,11,3685333214,full_6d,3,3,3,direct_vp_rollback,jnpp_then_vp,"[""poor_clock_consistency""]",True,3.138274644719336e-05,0.0004307467863547109,0.07285660030751878,False,2.5856422693281907e-06,0.2863128181445631,3.138274644719336e-05,2.5856422693281907e-06,0.2863128181445631,3.138725939611839e-05,2.5856539092134037e-06,0.2863128181445619,True,rollback,existing_selector_rollback,"[32.31760563547053,1.208221160269578,7.038851522084577]","[0.030942886402144903,0.8276630412396286,0.14206863106224582]","[1.0127083582519617e-09,1.5270286342073592e-07,3.4643214033535654e-07]","[32.31760567379744,1.2082211599415216,7.038851521222233]","[0.030942886365448334,0.827663041464356,0.14206863107965093]","[2.207064003895218e-08,1.27247255693734e-07,4.3289375966420415e-07]",6004870.262435593,91.93557748307141,6004870.160516709,91.93557894482647,ris_only_stage2_then_vp,direct_vp,True,"[""poor_clock_consistency""]"
fig1_fig2,adaptive_jones_vp_proposed_force_lower_raw,0.0,12,2210497206,full_6d,3,3,3,direct_vp_rollback,jnpp_then_vp,[],True,0.00039776473141046143,0.0003215338475920975,1.2370850981607122,False,3.0273864487053307e-06,0.4559175753340896,0.00039776473141046143,3.0273864487053307e-06,0.4559175753340896,0.00039776696945374636,3.0274036646825232e-06,0.4559175753340889,True,rollback,existing_selector_rollback,"[5.148189812237422,3.55588002244142,1.89608634120962]","[0.19424303230192055,0.2812243365033046,0.527402143174634]","[2.4964846071375405e-07,8.083621276655228e-08,4.275305546077747e-07]","[5.148189812695316,3.5558800229014964,1.8960863405045956]","[0.19424303228464404,0.28122433646691847,0.5274021433707387]","[2.875439388815946e-07,3.383068094214261e-07,3.9449730843972463e-07]",9097435.519196928,71.46653369369122,9097435.53795031,71.46653360714599,direct_vp,direct_vp,False,[]
fig1_fig2,adaptive_jones_vp_proposed_force_lower_raw,0.0,19,3846521747,full_6d,3,3,3,direct_vp_rollback,jnpp_then_vp,"[""poor_clock_consistency""]",True,0.0007210443032299555,0.0003956371814647065,1.8224887270719714,False,6.825305184523227e-06,0.11852845730879595,0.0007210443032299555,6.825305184523227e-06,0.11852845730879595,0.0007210513019916567,6.825254993157014e-06,0.1185284573087964,True,rollback,existing_selector_rollback,"[3.9177404549518675,1.8666281440527346,4.778806538663469]","[0.255249170151668,0.5357253415385567,0.2092572678773684]","[3.8320253446549534e-07,1.071737448249655e-08,1.6435411365533124e-07]","[3.917740457298037,1.866628143663923,4.778806538518644]","[0.25524916999881003,0.5357253416501463,0.20925726788371007]","[3.938167501691637e-07,3.6121473542986332e-09,1.7899184103430785e-07]",6639999.425612839,80.7818962937199,6639999.649917381,80.78189338460746,ris_only_stage2_then_vp,direct_vp,True,"[""poor_clock_consistency""]"
fig1_fig2,adaptive_jones_vp_proposed_force_lower_raw,0.0,20,3607282624,full_6d,3,3,3,direct_vp_rollback,jnpp_then_vp,[],True,0.0001372180211321525,0.00033759600438714983,0.4064562949471197,False,6.804563031434289e-06,0.5718119838399832,0.0001372180211321525,6.804563031434289e-06,0.5718119838399832,0.00013721859912188943,6.804496350765906e-06,0.5718119838399836,True,rollback,existing_selector_rollback,"[4.2994868726957245,7.81265254730483,1.5789248139239556]","[0.2325858944578456,0.12799750071275887,0.6333423803209564]","[6.505978199354008e-07,3.5530802344945094e-08,3.265493644029584e-07]","[4.299486869944492,7.81265255347042,1.5789248138820906]","[0.23258589460667684,0.12799750061174578,0.6333423803377494]","[6.569489119260229e-07,3.6888346441481986e-08,3.3482909704855933e-07]",8586674.485079544,65.45865633475542,8586674.489418179,65.45865627815714,direct_vp,direct_vp,False,[]
fig1_fig2,adaptive_jones_vp_proposed_force_lower_raw,0.0,21,4000820147,full_6d,3,3,3,direct_vp_rollback,jnpp_then_vp,[],True,0.00022310084396797602,0.0004667337139928578,0.4780045608005725,False,3.073170133875104e-06,0.34784413228343986,0.00022310084396797602,3.073170133875104e-06,0.34784413228343986,0.0002230846573170715,3.0730460786477953e-06,0.34784413228344024,True,rollback,existing_selector_rollback,"[1.148486220306615,45.05504415957379,9.340749253859833]","[0.8707113610225801,0.022195073129063932,0.10705779298993964]","[3.9325437364893506e-07,1.926813521682418e-09,7.051291126618245e-09]","[1.148486220423742,45.055044190897114,9.340749243976841]","[0.8707113609337817,0.022195073113633394,0.10705779310321228]","[3.3630754397911107e-07,4.281806446512796e-09,3.82162636795058e-09]",5114671.918983316,135.67595006238133,5114672.211916929,135.6759418662513,direct_vp,direct_vp,False,[]
fig1_fig2,adaptive_jones_vp_proposed_force_lower_raw,0.0,14,1092560480,full_6d,3,3,3,direct_vp_rollback,jnpp_then_vp,[],True,0.0003501749054091072,0.0003614969438072783,0.9686801269218831,False,6.0673551164797476e-06,0.2161752977241097,0.0003501749054091072,6.0673551164797476e-06,0.2161752977241097,0.00035016693728986194,6.067324315444333e-06,0.216175297724111,True,rollback,existing_selector_rollback,"[3.738941893988557,3.521155827760513,2.2510803055411683]","[0.26745534655247083,0.2839976555745015,0.44423115316507783]","[3.3238050773261717e-07,3.92430054369607e-07,7.180756805525164e-07]","[3.738941894321022,3.521155828339291,2.25108030565084]","[0.2674553465286888,0.28399765552782036,0.4442311531434351]","[3.1746852284289115e-07,2.8299480914252594e-07,1.0825603234616533e-06]",7933101.624079568,68.78333660803138,7933101.316246325,68.78333927294136,direct_vp,direct_vp,False,[]
fig1_fig2,adaptive_jones_vp_proposed_force_lower_raw,0.0,22,3206710796,full_6d,3,3,3,direct_vp_rollback,jnpp_then_vp,[],True,0.00020081326163618759,0.0004248150196153206,0.4727075370782051,False,5.06230194635359e-06,0.1071358765584039,0.00020081326163618759,5.06230194635359e-06,0.1071358765584039,0.0002008053492839251,5.0623250877165414e-06,0.10713587655840394,True,rollback,existing_selector_rollback,"[2.459539981737393,2.2040288505894363,7.033328141521467]","[0.4065800952303085,0.4537145689950293,0.1421801997392154]","[8.260143538289587e-07,2.415344538935702e-07,7.18398036951897e-07]","[2.4595399807873766,2.204028851649194,7.033328143012799]","[0.40658009538735324,0.4537145687768709,0.14218019970906778]","[8.264302025355666e-07,2.423745437175325e-07,7.186806812460368e-07]",5684530.566010401,85.46367956939812,5684530.351116177,85.46368274547127,direct_vp,direct_vp,False,[]
fig1_fig2,adaptive_jones_vp_proposed_force_lower_raw,0.0,23,2043173887,full_6d,3,3,3,direct_vp_rollback,jnpp_then_vp,[],True,0.0005270220213619724,0.0003503706818334925,1.504184136081427,False,5.145748460783647e-06,0.32753090499166104,0.0005270220213619724,5.145748460783647e-06,0.32753090499166104,0.0005270213434603419,5.145723236970862e-06,0.3275309049916626,True,rollback,existing_selector_rollback,"[12.390132181765686,2.0810318603853983,2.282902605744597]","[0.08070938915884127,0.4805308457952793,0.43803883594567744]","[5.19160421164524e-07,7.749524147064867e-09,2.49331946741482e-08]","[12.39013219569449,2.0810318598523896,2.2829026050495833]","[0.08070938906810897,0.4805308459183563,0.4380388360790353]","[5.139474180870735e-07,1.521644885170938e-08,5.353313929108014e-08]",8390753.295059122,64.02240319939138,8390753.343349576,64.0224033618915,direct_vp,direct_vp,False,[]
fig1_fig2,adaptive_jones_vp_proposed_force_lower_raw,0.0,24,2465240206,full_6d,3,3,3,direct_vp_rollback,jnpp_then_vp,[],True,0.0001280624104227991,0.00044958614918568163,0.2848450973295189,False,3.3945043469681618e-06,0.5251363750805521,0.0001280624104227991,3.3945043469681618e-06,0.5251363750805521,0.00012807747805844094,3.394567585803051e-06,0.5251363750805496,True,rollback,existing_selector_rollback,"[5.619178453318826,1.244432189486778,56.56159885379905]","[0.17796195801607903,0.8035793420059073,0.01767983968289595]","[7.710452688173666e-08,2.608117887443418e-08,6.890381496110637e-08]","[5.619178451285144,1.244432189509461,56.56159868310725]","[0.17796195808048668,0.8035793419912599,0.017679839736250234]","[8.728493857484558e-08,2.2190848708262512e-08,6.783049823349682e-08]",5163125.530320325,105.76033928462192,5163126.135878771,105.76032628588804,direct_vp,direct_vp,False,[]
fig1_fig2,adaptive_jones_vp_proposed_force_lower_raw,0.0,25,3407116044,full_6d,3,3,3,direct_vp_rollback,jnpp_then_vp,[],True,0.00032059538443206215,0.00043090987780612704,0.7439963689491076,False,7.0646343626269645e-06,0.20453878718472504,0.00032059538443206215,7.0646343626269645e-06,0.20453878718472504,0.0003205785985479131,7.064565359476301e-06,0.20453878718472446,True,rollback,existing_selector_rollback,"[2.123270634339399,2.499616544976097,7.651547034503492]","[0.47097152092860783,0.4000613622146844,0.13069252472513074]","[2.0951456317317534e-07,7.068920164023883e-08,3.0385631810189346e-08]","[2.123270634488469,2.49961654566316,7.65154703428447]","[0.47097152089554206,0.40006136210472065,0.13069252472887175]","[2.1088472685026325e-07,6.761961735421833e-08,3.011421958077626e-08]",5531754.298364266,82.94854780669309,5531754.783553021,82.94854051385813,direct_vp,direct_vp,False,[]
fig1_fig2,adaptive_jones_vp_proposed_force_lower_raw,0.0,26,890721611,full_6d,3,3,3,direct_vp_rollback,jnpp_then_vp,[],True,0.000549279994288367,0.0003681739713605228,1.49190338539848,False,2.642635664225199e-06,0.47663935397348883,0.000549279994288367,2.642635664225199e-06,0.47663935397348883,0.0005492735798968883,2.6426318093865854e-06,0.47663935397348783,True,rollback,existing_selector_rollback,"[1.9511907828197832,9.893588648568237,2.574907662474294]","[0.5125075460600981,0.10107555867858146,0.38836344097733577]","[1.77380704905452e-07,2.1186062914317024e-08,1.0014128610956015e-06]","[1.9511907830546324,9.893588643788776,2.5749076622894496]","[0.5125075459984116,0.10107555872740973,0.3883634410052152]","[1.7898247749829542e-07,2.1305742669752385e-08,9.8779136569034e-07]",7695569.875717452,86.52964829117525,7695570.017229074,86.52964640440597,direct_vp,direct_vp,False,[]
fig1_fig2,adaptive_jones_vp_proposed_force_lower_raw,0.0,27,4133001221,full_6d,3,3,3,direct_vp_rollback,jnpp_then_vp,"[""poor_clock_consistency""]",True,0.00028566079366378614,0.00047899911448743274,0.5963701915596774,False,2.673070074915787e-06,0.23382179810719375,0.00028566079366378614,2.673070074915787e-06,0.23382179810719375,0.00028565446899445686,2.6730719498462444e-06,0.23382179810719497,True,rollback,existing_selector_rollback,"[5.5061147399516654,1.2405641949095225,110.51597091743304]","[0.18161626613746742,0.8060848476057234,0.009048465951012531]","[7.932281010817878e-07,8.652705597634902e-08,1.812679560255314e-08]","[5.506114739506493,1.2405641949432062,110.51597085402324]","[0.1816162661521512,0.8060848475838367,0.009048465956204193]","[7.639175645585498e-07,2.3439516477930537e-09,8.696094765483155e-09]",4551272.777302377,100.68714508777481,4551272.631835482,100.68714835586815,ris_only_stage2_then_vp,direct_vp,True,"[""poor_clock_consistency""]"
fig1_fig2,adaptive_jones_vp_proposed_force_lower_raw,0.0,16,1080178429,full_6d,3,3,3,direct_vp_rollback,jnpp_then_vp,"[""poor_clock_consistency""]",False,8.47935541356051e-05,0.00033179091832482714,0.2555632160268812,False,1.8700996047835251e-06,0.4809288950988952,8.47935541356051e-05,1.8700996047835251e-06,0.4809288950988952,8.479747286554793e-05,1.8701170906845454e-06,0.480928895098895,True,rollback,existing_selector_rollback,"[2.794698763911505,199.39405273005937,1.5807264272085186]","[0.3578203178497812,0.005015194716737167,0.6326205362204058]","[2.0680523490717044e-07,3.6890009961842703e-10,6.016110258765521e-08]","[2.794698763925466,199.3940531828145,1.58072642730948]","[0.35782031784799373,0.00501519470534939,0.6326205361800001]","[2.2640712555583303e-07,8.407972396380706e-10,8.273764892196138e-08]",8587193.555161769,87.5461105622494,8587193.544204915,87.54611077439809,ris_only_stage2_then_vp,jnpp_then_vp,True,"[""poor_clock_consistency""]"
fig1_fig2,adaptive_jones_vp_proposed_force_lower_raw,0.0,28,4133035554,full_6d,3,3,3,direct_vp_rollback,jnpp_then_vp,[],True,0.00024483734139873787,0.00044790349778235,0.5466296704780631,False,2.923297600563925e-06,0.3542768300032745,0.00024483734139873787,2.923297600563925e-06,0.3542768300032745,0.0002448589280780485,2.923245270140807e-06,0.3542768300032763,True,rollback,existing_selector_rollback,"[1.8370010101353587,2.5863587001216417,14.597976295896341]","[0.5443655144884643,0.38664397167739406,0.06850264582677212]","[5.4019418647491284e-08,2.6510355900848403e-08,3.1715732698249946e-07]","[1.8370010109502528,2.586358698876867,14.59797635778041]","[0.5443655142469835,0.3866439718634798,0.06850264553637417]","[9.98834853046542e-08,1.6240893743026647e-08,2.5243673753300287e-07]",5126751.840297145,88.92296227076186,5126751.117298425,88.92297501211628,direct_vp,direct_vp,False,[]
fig1_fig2,adaptive_jones_vp_proposed_force_lower_raw,0.0,30,635628036,full_6d,3,3,3,direct_vp_rollback,jnpp_then_vp,[],True,0.0007143655436339448,0.00035492264695108377,2.0127358729306453,False,6.708569746626442e-06,0.38567801821662767,0.0007143655436339448,6.708569746626442e-06,0.38567801821662767,0.000714369410197861,6.708597995161851e-06,0.3856780182166251,True,rollback,existing_selector_rollback,"[3.2614604992210574,3.106867976685614,2.6826608050853733]","[0.30661110267488173,0.321867555203838,0.3727642339656479]","[1.642704288213574e-07,6.833656290120416e-09,1.2643546163065156e-07]","[3.2614604993782232,3.1068679767499674,2.682660805114923]","[0.3066111026601065,0.32186755519717103,0.37276423396154185]","[1.729268897984387e-07,1.9171715789536404e-09,1.0631198376391981e-07]",8170948.897594337,70.84156935274696,8170949.011083872,70.84156844356141,direct_vp,direct_vp,False,[]
fig1_fig2,adaptive_jones_vp_proposed_force_lower_raw,0.0,18,3644258948,full_6d,3,3,3,direct_vp_rollback,jnpp_then_vp,[],True,0.00016270802026886207,0.0003337104219380406,0.48757248672045306,False,3.6767700941389336e-06,0.4394780824555106,0.00016270802026886207,3.6767700941389336e-06,0.4394780824555106,0.00016271345801880998,3.676723911643045e-06,0.4394780824555142,True,rollback,existing_selector_rollback,"[6.469648355366307,10.821952865926413,1.3319008062870932]","[0.1545679061774774,0.09240476394401419,0.7508066631375825]","[1.1543427278825313e-07,8.436170970029541e-08,3.109577809498976e-07]","[6.4696483513938325,10.821952855346925,1.3319008063688282]","[0.15456790627238473,0.09240476403434862,0.7508066630915076]","[9.669177561757766e-08,3.648277520957396e-08,3.0263720459190597e-07]",8065215.38115025,80.81145067852302,8065215.344728997,80.81145087614836,direct_vp,direct_vp,False,[]
fig1_fig2,adaptive_jones_vp_proposed_force_lower_raw,0.0,32,2857393641,full_6d,3,3,3,direct_vp_rollback,jnpp_then_vp,[],True,0.0006694602634979778,0.00036501323958127975,1.8340711812698642,False,8.650189289766075e-06,0.1806218714132006,0.0006694602634979778,8.650189289766075e-06,0.1806218714132006,0.000669474586573871,8.650262328993762e-06,0.18062187141320085,True,rollback,existing_selector_rollback,"[2.132022247701992,4.525335823026646,3.217111973816889]","[0.4690382574927264,0.22097807524186175,0.3108377974206318]","[1.492110549983426e-07,6.030451326639243e-08,1.8558471937100509e-06]","[2.1320222482875923,4.5253358217222655,3.217111973239705]","[0.46903825736389604,0.22097807530555638,0.3108377974763994]","[1.4888287437059104e-07,5.63551689057027e-08,1.8169371928543525e-06]",7786668.737837638,73.6024325682589,7786668.301756262,73.60243673723949,direct_vp,direct_vp,False,[]
fig1_fig2,adaptive_jones_vp_proposed_force_lower_raw,0.0,34,1995992425,full_6d,3,3,3,direct_vp_rollback,jnpp_then_vp,[],True,0.00020966824376890972,0.00039957847105627763,0.5247235748579145,False,4.341351351119968e-06,0.7642994760913636,0.00020966824376890972,4.341351351119968e-06,0.7642994760913636,0.00020966748518874999,4.3413624053973274e-06,0.7642994760913663,True,rollback,existing_selector_rollback,"[11.704820194022092,1.4891685205944662,4.209003613479762]","[0.08543488779938858,0.6715156721143404,0.23758592099878204]","[4.2855228634612756e-07,4.822991099874265e-08,4.89089805991882e-07]","[11.704820193335072,1.4891685205415939,4.209003613328975]","[0.08543488780440323,0.6715156721381822,0.23758592100729353]","[4.459236555258594e-07,5.7558247491050994e-08,4.944968373266314e-07]",6717639.894411084,76.70198436539974,6717639.881339837,76.7019845003044,direct_vp,direct_vp,False,[]
fig1_fig2,adaptive_jones_vp_proposed_force_lower_raw,0.0,35,714029656,full_6d,3,3,3,direct_vp_rollback,jnpp_then_vp,[],True,0.0005265436406807891,0.00038298479235587536,1.3748421639455508,False,7.5612636873588404e-06,0.19215008515137202,0.0005265436406807891,7.5612636873588404e-06,0.19215008515137202,0.0005265260511941698,7.561175553287259e-06,0.19215008515137183,True,rollback,existing_selector_rollback,"[26.846693333102873,1.348315030044735,4.581006501918641]","[0.03724853513859451,0.7416664338196046,0.21829263930898019]","[2.0915061204653125e-08,5.2559039978181206e-08,6.056044240831199e-08]","[26.846693359360284,1.348315029901371,4.5810065039412855]","[0.037248535102163575,0.7416664338984648,0.21829263921259778]","[2.1852120359535735e-08,5.288183843113496e-08,7.267499382644432e-08]",7432720.364254895,80.90830181381935,7432720.783564678,80.90829692620474,direct_vp,direct_vp,False,[]
fig1_fig2,adaptive_jones_vp_proposed_force_lower_raw,0.0,38,445142407,full_6d,3,3,3,direct_vp_rollback,jnpp_then_vp,[],True,0.000827961199409944,0.00048043174357664673,1.7233690539389876,False,6.9224529927108546e-06,0.7093716184024159,0.000827961199409944,6.9224529927108546e-06,0.7093716184024159,0.0008279473100228497,6.92244778698877e-06,0.7093716184024149,True,rollback,existing_selector_rollback,"[1.1541744664063576,16.18538330910513,13.896450396386802]","[0.8664201376005571,0.06178414072042779,0.07196082247349382]","[6.212200310659187e-07,8.437772880022545e-08,6.328783226427523e-09]","[1.1541744662243953,16.18538331196951,13.896450389486796]","[0.8664201377371532,0.06178414070949366,0.07196082250922453]","[7.310775269873826e-07,6.131003003305263e-08,9.395139541208306e-09]",4739274.59195637,121.6270304323603,4739275.040913938,121.62701916237242,direct_vp,direct_vp,False,[]
fig1_fig2,adaptive_jones_vp_proposed_force_lower_raw,0.0,37,1911328645,full_6d,3,3,3,direct_vp_rollback,jnpp_then_vp,"[""poor_clock_consistency""]",True,0.0004416615103511428,0.00043125982117207763,1.024119309679245,False,4.244719950875699e-06,0.22844110044896382,0.0004416615103511428,4.244719950875699e-06,0.22844110044896382,0.0004416690235483419,4.244704621016514e-06,0.22844110044896473,True,rollback,existing_selector_rollback,"[5.2736980704707905,1.486153603830786,7.120173079524542]","[0.18962026013473593,0.6728779565052108,0.1404460241098038]","[3.3286066033291067e-07,6.071173003061661e-08,1.0388699175435594e-07]","[5.273698062526842,1.4861536045187287,7.120173079990491]","[0.1896202604203673,0.6728779561937346,0.1404460241006129]","[3.3576629905889813e-07,5.939670739687182e-08,9.917653647841609e-08]",5637941.159480685,84.91295494202505,5637941.379301033,84.91295161882347,ris_only_stage2_then_vp,direct_vp,True,"[""poor_clock_consistency""]"
fig1_fig2,adaptive_jones_vp_proposed_force_lower_raw,0.0,40,1007248754,full_6d,3,3,3,direct_vp_rollback,jnpp_then_vp,[],True,0.000397215926203887,0.00045392158326166583,0.8750760943105661,False,3.9550692340033666e-06,0.29398490512724734,0.000397215926203887,3.9550692340033666e-06,0.29398490512724734,0.000397186058942314,3.9549770024547055e-06,0.2939849051272422,True,rollback,existing_selector_rollback,"[1.3607309658896394,6.396346244342528,9.317891193028862]","[0.7348991277969809,0.15633925397301446,0.10732042039070253]","[7.403594459124436e-07,2.3355974786447287e-08,2.080447500121968e-07]","[1.3607309647584107,6.396346269761336,9.317891205086651]","[0.7348991284079311,0.1563392533517289,0.10732042025182484]","[8.017940971231571e-07,1.5517192050028334e-08,1.8535474438325293e-07]",5087336.19766613,101.53306143493108,5087337.069449901,101.53304418029941,direct_vp,direct_vp,False,[]
fig1_fig2,adaptive_jones_vp_proposed_force_lower_raw,0.0,39,1925729663,full_6d,3,3,3,direct_vp_rollback,jnpp_then_vp,"[""poor_clock_consistency""]",True,0.00023036785089398896,0.00032622317565137924,0.706166416392725,False,7.4850130046244205e-06,0.08880981101982006,0.00023036785089398896,7.4850130046244205e-06,0.08880981101982006,0.00023037253521042536,7.485057102192387e-06,0.08880981101982037,True,rollback,existing_selector_rollback,"[4.536466903890762,20.791743562720807,1.363027563262926]","[0.22043586367571646,0.04809601450511293,0.7336608788781613]","[5.682761163210662e-07,1.9817039854095912e-08,1.6513399326559192e-06]","[4.5364669048330475,20.791743562363404,1.3630275630737163]","[0.22043586362992895,0.04809601450593968,0.7336608789800051]","[4.792953412466344e-07,3.5376110172049154e-08,1.7891387396718413e-06]",8278292.018213184,90.0615043300452,8278292.025867348,90.0615039513615,ris_only_stage2_then_vp,direct_vp,True,"[""poor_clock_consistency""]"
fig1_fig2,adaptive_jones_vp_proposed_force_lower_raw,0.0,29,1456316145,full_6d,3,3,3,direct_vp_rollback,jnpp_then_vp,"[""poor_clock_consistency""]",True,0.00017134341436456454,0.00034126583587062304,0.5020819442047002,False,4.60888365577836e-06,0.5857033567858015,0.00017134341436456454,4.60888365577836e-06,0.5857033567858015,0.00017133479068694876,4.608866719303704e-06,0.5857033567858024,True,rollback,existing_selector_rollback,"[7.064842918084689,2.3297197503318783,2.3284132796706785]","[0.14154596380807286,0.4292361773793677,0.42947702142426697]","[2.073594681584637e-07,8.864704213244573e-08,1.4347910772028895e-07]","[7.0648429174007585,2.3297197499543794,2.328413279767714]","[0.14154596382177556,0.42923617744891945,0.4294770214063686]","[1.679816526864767e-07,7.894437012456308e-08,1.6384666629553647e-07]",8701435.741167082,77.36662919207883,8701435.536066974,77.36663073530534,ris_only_stage2_then_vp,direct_vp,True,"[""poor_clock_consistency""]"
fig1_fig2,adaptive_jones_vp_proposed_force_lower_raw,0.0,42,1970772956,full_6d,3,3,3,direct_vp_rollback,jnpp_then_vp,[],True,9.19972233572837e-05,0.00033837101002430123,0.271882698670541,False,1.8408632472721936e-06,0.1719775435975937,9.19972233572837e-05,1.8408632472721936e-06,0.1719775435975937,9.199659400023288e-05,1.8408938658954692e-06,0.17197754359759473,True,rollback,existing_selector_rollback,"[10.456402094691772,2.890654671943166,1.787717208516263]","[0.09563518989932464,0.3459423948848535,0.5593725871376347]","[3.5611723817013374e-07,4.341559704879855e-08,2.723412009211151e-07]","[10.456402106652517,2.8906546710688135,1.7877172086776933]","[0.09563518978993059,0.34594239498949264,0.5593725870871235]","[3.592073485048458e-07,4.114483530058932e-08,2.4858376935665104e-07]",8569435.595952662,72.50835625441341,8569435.593462666,72.50835649739254,direct_vp,direct_vp,False,[]
fig1_fig2,adaptive_jones_vp_proposed_force_lower_raw,0.0,43,409305243,full_6d,3,3,3,direct_vp_rollback,jnpp_then_vp,[],True,0.0006468009802086188,0.00042388220292965826,1.5258979398952335,False,4.227535195000448e-06,0.33334016835291275,0.0006468009802086188,4.227535195000448e-06,0.33334016835291275,0.000646791659564741,4.2274292656704005e-06,0.3333401683529108,True,rollback,existing_selector_rollback,"[1.8383855084425726,2.984569748096616,8.144392740910344]","[0.5439555498048573,0.33505666960363617,0.12278386268981423]","[5.022013911280543e-07,2.8393934308676562e-08,6.536231679909891e-07]","[1.838385509206863,2.984569747059718,8.144392742112393]","[0.5439555495787132,0.3350566697200414,0.1227838626716923]","[5.040784259361515e-07,2.8568582643658247e-08,6.498567646724159e-07]",5759913.222237347,96.94642189837715,5759912.96300369,96.94642602477956,direct_vp,direct_vp,False,[]
fig1_fig2,adaptive_jones_vp_proposed_force_lower_raw,0.0,33,3489193506,full_6d,3,3,3,direct_vp_rollback,jnpp_then_vp,[],True,9.956830167082704e-05,0.0003666393535416366,0.2715701430002652,False,3.520694983241729e-06,0.5019829084230987,9.956830167082704e-05,3.520694983241729e-06,0.5019829084230987,9.957282315937617e-05,3.520718567533646e-06,0.5019829084231024,True,rollback,existing_selector_rollback,"[2.3205277193333553,5.733218355101038,2.515168553167318]","[0.4309364596967456,0.174422102570807,0.39758766812593865]","[5.084983517307126e-08,6.529067383846249e-08,6.263640586187871e-07]","[2.320527719052377,5.733218355135631,2.5151685531454926]","[0.430936459748925,0.1744221025697546,0.3975876681293887]","[6.459818361821137e-08,5.5021056085952375e-08,5.459294831767073e-07]",7782414.536889594,79.36566833030543,7782414.134378936,79.36567239639832,direct_vp,direct_vp,False,[]
fig1_fig2,adaptive_jones_vp_proposed_force_lower_raw,0.0,31,3399679668,full_6d,3,3,3,direct_vp_rollback,jnpp_then_vp,[],False,0.0003844369154225374,0.0004383491005625335,0.8770108457601246,False,3.313037503451598e-06,0.40279999820292334,0.0003844369154225374,3.313037503451598e-06,0.40279999820292334,0.00038444884597108834,3.313056537662061e-06,0.4027999982029261,True,rollback,existing_selector_rollback,"[1.775148763497842,2.9692816177893517,9.992561919597708]","[0.563333068507326,0.3367817973229285,0.10007443616924483]","[6.768129981884904e-07,2.471284853691751e-07,1.6000039128964995e-08]","[1.7751487632769727,2.969281618703376,9.992561918736769]","[0.5633330685774176,0.33678179721925805,0.10007443617786704]","[4.16584980474336e-07,2.8740405536043303e-08,4.694520317583505e-09]",5346066.472518943,93.71675533436681,5346066.108675422,93.71676171494732,direct_vp,jnpp_then_vp,False,[]
fig1_fig2,adaptive_jones_vp_proposed_force_lower_raw,0.0,44,2937526438,full_6d,3,3,3,direct_vp_rollback,jnpp_then_vp,[],True,0.00015368952015451965,0.00034701903905361647,0.4428849799528542,False,7.636416591365978e-06,0.31678121825486016,0.00015368952015451965,7.636416591365978e-06,0.31678121825486016,0.00015368577110111122,7.636347004771828e-06,0.31678121825486427,True,rollback,existing_selector_rollback,"[9.833828536486074,1.9214812734389064,2.6470142227789437]","[0.10168979419154044,0.5204318219601288,0.377784143126935]","[5.8556411989635385e-08,1.389739410205312e-07,2.3560857940332187e-07]","[9.833828519435102,1.9214812736745583,2.647014220992516]","[0.10168979436786137,0.5204318218963027,0.37778414338189553]","[6.575836990942726e-08,1.396731606746716e-07,2.3319166892532238e-07]",8491728.075555531,72.68770350524758,8491728.076258259,72.68770328474757,direct_vp,direct_vp,False,[]
fig1_fig2,adaptive_jones_vp_proposed_force_lower_raw,0.0,45,2629875502,full_6d,3,3,3,direct_vp_rollback,jnpp_then_vp,[],True,0.00011665663724197708,0.00035198387078492463,0.33142608774042,False,4.476292847399738e-06,0.3689260487328394,0.00011665663724197708,4.476292847399738e-06,0.3689260487328394,0.00011665519778497179,4.476287465806702e-06,0.36892604873284096,True,rollback,existing_selector_rollback,"[3.8585133852117086,2.356333749977665,3.188115497881161]","[0.2591671714367459,0.4243880986753775,0.3136649223221108]","[5.7289405072532944e-08,9.63016851477175e-09,5.570960805388755e-07]","[3.858513380863648,2.3563337510182727,3.1881154979461614]","[0.2591671717287948,0.4243880984879586,0.3136649223157157]","[6.381932073319055e-08,7.915477737734795e-09,6.066654586848736e-07]",8228028.8116846215,71.67983240059655,8228028.688316673,71.67983329656143,direct_vp,direct_vp,False,[]
fig1_fig2,adaptive_jones_vp_proposed_force_lower_raw,0.0,46,3306807379,full_6d,3,3,3,direct_vp_rollback,jnpp_then_vp,[],True,0.0005962332260944654,0.00033005762833598424,1.806451888721463,False,5.230853118398207e-06,0.43122091533978446,0.0005962332260944654,5.230853118398207e-06,0.43122091533978446,0.0005962193138876492,5.230774799219919e-06,0.43122091533978446,True,rollback,existing_selector_rollback,"[12.643145240176139,4.358878979514659,1.4375374541638937]","[0.07909424284786791,0.2294167846125855,0.6956340491178273]","[9.853572144165393e-08,4.31942152900357e-08,1.6887796083940556e-06]","[12.643145218179964,4.358878985639165,1.4375374543788753]","[0.07909424298547377,0.22941678429024018,0.6956340490137963]","[1.0833588815806802e-07,4.389966583909428e-08,1.678481102582614e-06]",8538785.49743472,78.03456009626763,8538785.58488161,78.03455962493082,direct_vp,direct_vp,False,[]
fig1_fig2,adaptive_jones_vp_proposed_force_lower_raw,0.0,36,3263447461,full_6d,3,3,3,direct_vp_rollback,jnpp_then_vp,[],False,0.00038452357569235897,0.0003183960158201883,1.2076896587472241,False,6.908149670493601e-06,0.244893790103398,0.00038452357569235897,6.908149670493601e-06,0.244893790103398,0.000384528922439443,6.908204413567782e-06,0.2448937901034021,True,rollback,existing_selector_rollback,"[5.5482329373426955,302.1195554957657,1.2249281439242263]","[0.18023756595796386,0.003309947937851695,0.8163744175190041]","[4.3668983816151237e-07,5.5326670131132326e-09,6.913454726380841e-08]","[5.548232933676539,302.1195639329995,1.2249281436801338]","[0.1802375660770611,0.0033099478454154284,0.8163744176816837]","[4.009970872164537e-07,5.544983329400635e-09,7.83405892617904e-08]",7748343.767741153,90.34306809668621,7748343.75867271,90.34306972013086,direct_vp,jnpp_then_vp,False,[]
fig1_fig2,adaptive_jones_vp_proposed_force_lower_raw,0.0,47,582567175,full_6d,3,3,3,direct_vp_rollback,jnpp_then_vp,[],True,0.00032294952827767914,0.00043682862225972085,0.7393048711118253,False,8.003175155619898e-06,0.21487053815912602,0.00032294952827767914,8.003175155619898e-06,0.21487053815912602,0.00032293255238052495,8.00311254634783e-06,0.21487053815912707,True,rollback,existing_selector_rollback,"[3.668118145233185,1.4581406967394557,22.304762931386502]","[0.27261935423095845,0.6858048761924271,0.04483347359727054]","[3.477255436843972e-06,2.4181037116787965e-08,3.112303167698437e-09]","[3.66811815025253,1.4581406955657656,22.304762822302035]","[0.27261935385791414,0.6858048767444468,0.04483347381653472]","[3.53585278163534e-06,2.0435198134521297e-08,9.50884466106941e-10]",5386646.351828356,95.94036344968883,5386646.833153016,95.94035555463873,direct_vp,direct_vp,False,[]
fig1_fig2,adaptive_jones_vp_proposed_force_lower_raw,0.0,48,3302385666,full_6d,3,3,3,direct_vp_rollback,jnpp_then_vp,[],True,0.00019909070930243321,0.00036233863343355493,0.5494603416031875,False,6.7789632280698445e-06,0.4150319117105448,0.00019909070930243321,6.7789632280698445e-06,0.4150319117105448,0.00019909119136480354,6.7789901257884525e-06,0.4150319117105442,True,rollback,existing_selector_rollback,"[2.2515871365757416,11.59901145052239,2.151181002641587]","[0.44413115697514965,0.08621424370982611,0.4648609293080769]","[2.0934834411461936e-08,5.442784151677174e-09,3.3002123281897197e-07]","[2.2515871363189843,11.599011450818232,2.1511810029781833]","[0.4441311570257957,0.08621424370762715,0.46486092923533995]","[2.5912111418995514e-08,1.0311676364165544e-10,3.5510569813961815e-07]",7956641.353357756,73.56313525380503,7956641.372356552,73.56313502477174,direct_vp,direct_vp,False,[]
fig1_fig2,adaptive_jones_vp_proposed_force_lower_raw,0.0,51,2092735507,full_6d,3,3,3,direct_vp_rollback,jnpp_then_vp,"[""poor_clock_consistency""]",True,0.0006101173984894132,0.00042113269827735906,1.4487533287847156,False,4.1986808497994505e-06,0.7085828799186281,0.0006101173984894132,4.1986808497994505e-06,0.7085828799186281,0.0006100924640930648,4.198614931906084e-06,0.7085828799186824,True,rollback,existing_selector_rollback,"[14.242628731888242,1.173041795271776,13.04396427649559]","[0.07021175787211442,0.8524845440542399,0.07666381008026016]","[3.905607606399968e-08,1.465567726984781e-07,5.935466221238081e-08]","[14.242628730800867,1.1730417954140084,13.04396428920317]","[0.07021175787747484,0.8524845439508753,0.07666381000557339]","[4.978944584063799e-08,2.0847994273631994e-07,9.607440880210214e-08]",6052372.450444052,96.75055614195037,6052373.12026961,96.75054559712886,ris_only_stage2_then_vp,direct_vp,True,"[""poor_clock_consistency""]"
fig1_fig2,adaptive_jones_vp_proposed_force_lower_raw,0.0,52,2910844986,full_6d,3,3,3,direct_vp_rollback,jnpp_then_vp,[],True,0.0007002582117764223,0.000367585070933519,1.9050235364511583,False,5.778294045081554e-06,0.166366768013189,0.0007002582117764223,5.778294045081554e-06,0.166366768013189,0.0007002643084566065,5.778340985180063e-06,0.16636676801318875,True,rollback,existing_selector_rollback,"[35.8381571478572,1.6263973638163662,2.7875115370149284]","[0.02790322046522844,0.6148558908456777,0.3587429098385314]","[7.286774536052621e-08,1.2354528577430309e-07,3.6153186206223184e-07]","[35.83815705945554,1.626397363991618,2.787511536993791]","[0.027903220534057062,0.6148558907794242,0.3587429098412517]","[7.304732004168605e-08,1.1410910554770337e-07,4.399742688234149e-07]",7964812.545658852,75.21062261087046,7964812.677851289,75.21062113309621,direct_vp,direct_vp,False,[]
fig1_fig2,adaptive_jones_vp_proposed_force_lower_raw,0.0,53,3576518520,full_6d,3,3,3,direct_vp_rollback,jnpp_then_vp,"[""poor_clock_consistency""]",True,0.0002476711193412541,0.0005335762906142651,0.46417189762335487,False,1.710840987795451e-06,0.18751556838208427,0.0002476711193412541,1.710840987795451e-06,0.18751556838208427,0.0002477155195027388,1.7109011957466538e-06,0.18751556838208525,True,rollback,existing_selector_rollback,"[163.02004445995058,1.0407644989147198,31.052579035279898]","[0.006134214986566585,0.9608321585159096,0.03220344432044801]","[1.298580013502324e-09,9.372005020137386e-08,8.007807589993441e-08]","[163.0200454101733,1.0407644996069678,31.052578974841893]","[0.006134214950811041,0.9608321578768273,0.03220344438312596]","[1.1951510224062681e-09,9.273198985536203e-08,8.077201393214608e-08]",3639663.128567837,166.93408940042414,3639662.991741054,166.9340913735346,ris_only_stage2_then_vp,direct_vp,True,"[""poor_clock_consistency""]"
fig1_fig2,adaptive_jones_vp_proposed_force_lower_raw,0.0,55,3199904066,full_6d,3,3,3,direct_vp_rollback,jnpp_then_vp,[],True,0.00015833323303504618,0.0003434943240829625,0.4609486152580638,False,3.476065848098766e-06,0.39241461464078314,0.00015833323303504618,3.476065848098766e-06,0.39241461464078314,0.00015833457203291305,3.4760843148600257e-06,0.3924146146407862,True,rollback,existing_selector_rollback,"[3.928167882719579,3.7318749951751697,2.0776333633093818]","[0.25457160433370896,0.2679618157867395,0.48131687604643636]","[3.671008090985934e-07,1.2233998522362802e-07,2.1715524057917152e-07]","[3.9281678826281774,3.7318749948887455,2.077633363209814]","[0.2545716043396324,0.26796181580730577,0.4813168760695029]","[3.6905262980025745e-07,1.201278593790548e-07,2.1934253859995854e-07]",8545720.943036208,66.28593347394393,8545721.021947116,66.28593287367826,direct_vp,direct_vp,False,[]
fig1_fig2,adaptive_jones_vp_proposed_force_lower_raw,0.0,56,2167631329,full_6d,3,3,3,direct_vp_rollback,jnpp_then_vp,[],True,8.342613763403137e-05,0.00033803070936081365,0.24680046908099817,False,3.181765112091805e-06,0.39487010961661534,8.342613763403137e-05,3.181765112091805e-06,0.39487010961661534,8.342685003148243e-05,3.181766221851949e-06,0.39487010961661834,True,rollback,existing_selector_rollback,"[4.303281702383899,22.29050272313872,1.3794463213966992]","[0.23238078962893005,0.044862155528670816,0.724928534360158]","[7.233153040649875e-07,1.458423462217275e-09,1.799660215045958e-07]","[4.303281702434738,22.290502713208184,1.3794463213833426]","[0.23238078962618466,0.04486215554865714,0.7249285343671772]","[7.248823463572568e-07,1.458914471866212e-09,1.8016161872659086e-07]",8129749.647752376,84.94105326092046,8129749.631147224,84.94105359804102,direct_vp,direct_vp,False,[]
fig1_fig2,adaptive_jones_vp_proposed_force_lower_raw,0.0,41,4278604885,full_6d,3,3,3,direct_vp_rollback,jnpp_then_vp,[],True,0.00027124940727143537,0.0004847722095366083,0.5595399281050404,False,5.924488616894236e-06,0.28491617970486427,0.00027124940727143537,5.924488616894236e-06,0.28491617970486427,0.0002712322335715018,5.924386060875221e-06,0.28491617970486666,True,rollback,existing_selector_rollback,"[1.7028197891560657,2.543957873425979,54.02403291855401]","[0.5872612042486933,0.3930882702278179,0.01851028044229064]","[9.213527327915915e-08,1.827682881075779e-08,1.1890806779672045e-08]","[1.7028197893753794,2.543957872162108,54.02403297053163]","[0.5872612041730574,0.3930882704231091,0.018510280424481523]","[1.1062058607008588e-07,4.380206044280603e-08,4.236063308941829e-08]",4356675.780880333,110.50823066470167,4356676.4506038595,110.5082129775744,direct_vp,direct_vp,False,[]
fig1_fig2,adaptive_jones_vp_proposed_force_lower_raw,0.0,57,476784074,full_6d,3,3,3,direct_vp_rollback,jnpp_then_vp,[],True,0.0001720159638516647,0.0003462672655432258,0.49677223627190176,False,5.421935548156069e-06,0.17667710714226822,0.0001720159638516647,5.421935548156069e-06,0.17667710714226822,0.00017201494520865953,5.421913604755525e-06,0.17667710714226853,True,rollback,existing_selector_rollback,"[3.3764926167952907,4.067853758887071,2.2137132064719514]","[0.29616531516237915,0.24582987965366862,0.4517296988038982]","[6.888329763232127e-07,2.5790824087849095e-08,2.233386775845249e-07]","[3.376492615479292,4.067853760827311,2.2137132071230576]","[0.29616531527781054,0.2458298795364154,0.45172969867103363]","[6.898573927984974e-07,2.759647046390371e-08,2.110649090227685e-07]",8522737.362227218,61.78839341600389,8522737.35798052,61.788393460083654,direct_vp,direct_vp,False,[]
fig1_fig2,adaptive_jones_vp_proposed_force_lower_raw,0.0,58,1249403404,full_6d,3,3,3,direct_vp_rollback,jnpp_then_vp,"[""poor_clock_consistency""]",True,0.00029851859680543483,0.00048249752736609266,0.6186945629235013,False,4.727360725960665e-06,0.6789274411460507,0.00029851859680543483,4.727360725960665e-06,0.6789274411460507,0.0002985233256124649,4.72734294022252e-06,0.678927441146049,True,rollback,existing_selector_rollback,"[1.956317039273136,2.3202127443349303,17.683651382083422]","[0.5111645913842221,0.4309949604575254,0.05654940704132452]","[6.528701598937878e-07,4.3410952342412925e-08,5.7792931321925454e-08]","[1.956317039396567,2.3202127444543135,17.683651377982994]","[0.5111645913519709,0.4309949604353492,0.05654940705443701]","[6.2267866995733e-07,4.830593714957042e-08,6.312561206523456e-08]",4401919.279267283,95.44311768296835,4401919.178199279,95.4431198828147,ris_only_stage2_then_vp,direct_vp,True,"[""poor_clock_consistency""]"
fig1_fig2,adaptive_jones_vp_proposed_force_lower_raw,0.0,59,1187262716,full_6d,3,3,3,direct_vp_rollback,jnpp_then_vp,[],True,0.00026263660198002617,0.000376380895406567,0.6977947212127381,False,4.80355736349862e-06,0.24935707281858638,0.00026263660198002617,4.80355736349862e-06,0.24935707281858638,0.00026263457432416535,4.803531117229367e-06,0.24935707281858505,True,rollback,existing_selector_rollback,"[1.629068763760734,28.61336922571409,2.7914182118798445]","[0.613847630157645,0.034948698004872235,0.3582408382023744]","[5.488186084177518e-07,1.2888585293429258e-08,3.0021954375055474e-07]","[1.6290687636765364,28.613369237458265,2.7914182116683293]","[0.6138476301893714,0.034948697990527765,0.3582408382295195]","[5.408116707830303e-07,8.569819412288994e-09,3.023155142122025e-07]",7669024.563213762,73.77341492029912,7669024.705323755,73.77341358069262,direct_vp,direct_vp,False,[]
fig1_fig2,adaptive_jones_vp_proposed_force_lower_raw,0.0,60,1839575832,full_6d,3,3,3,direct_vp_rollback,jnpp_then_vp,[],True,0.0005858754381341242,0.0004322350168516508,1.3554557481288123,False,3.7539430767552846e-06,0.5609026974825991,0.0005858754381341242,3.7539430767552846e-06,0.5609026974825991,0.0005858830101048498,3.753959160731559e-06,0.5609026974825961,True,rollback,existing_selector_rollback,"[7.81382554397268,1.2335055989070045,17.007918536309]","[0.12797828597076272,0.8106975767964534,0.05879614238792143]","[5.017889492295442e-07,1.089240726660808e-09,1.7474773722779427e-08]","[7.813825543500744,1.233505598867336,17.00791853908636]","[0.12797828597849228,0.8106975768225247,0.05879614237832013]","[4.849563350178326e-07,5.0312781417224225e-09,1.1882985012012073e-08]",5690352.98612162,93.95818496610943,5690352.791621343,93.95818830410663,direct_vp,direct_vp,False,[]
fig1_fig2,adaptive_jones_vp_proposed_force_lower_raw,0.0,49,3038295588,full_6d,3,3,3,direct_vp_rollback,jnpp_then_vp,[],True,0.0002670425742126909,0.0003293469987989311,0.8108243742513119,False,1.0413947264042952e-05,0.5803357772088602,0.0002670425742126909,1.0413947264042952e-05,0.5803357772088602,0.00026704760077712794,1.0413950606323003e-05,0.5803357772088585,True,rollback,existing_selector_rollback,"[2.609072286106037,36.47645807900868,1.6825265221665358]","[0.38327799705766735,0.027414942475980128,0.5943442714416468]","[8.520889403340585e-07,3.6599904877554402e-09,1.0455037389539044e-06]","[2.6090722864122036,36.476458081496574,1.6825265221729155]","[0.38327799701269083,0.02741494247411028,0.5943442714393932]","[4.691133527737034e-07,6.542075996486474e-09,1.0671160246946062e-06]",8745281.423348848,78.3209576016087,8745281.463426733,78.32095725848198,direct_vp,direct_vp,False,[]
fig1_fig2,adaptive_jones_vp_proposed_force_lower_raw,0.0,61,3445288900,full_6d,3,3,3,direct_vp_rollback,jnpp_then_vp,[],True,0.000368058784177515,0.00043978247099798416,0.8369109922509896,False,5.15992201131754e-06,0.5671064602717045,0.000368058784177515,5.15992201131754e-06,0.5671064602717045,0.00036804982022676066,5.160012202769794e-06,0.5671064602717103,True,rollback,existing_selector_rollback,"[11.71582761660919,1.176059458788443,15.299899683388064]","[0.08535461878686343,0.8502971448646035,0.06535990566464005]","[2.460652141767553e-08,2.048056277375651e-07,1.4120978427949783e-07]","[11.715827627688608,1.1760594591431424,15.299899666827894]","[0.08535461870614532,0.850297144608154,0.06535990573538372]","[3.0739959645955637e-08,1.7743573727765833e-07,1.430578312956969e-07]",5645203.111919297,109.13642945642287,5645202.743187755,109.13643595616996,direct_vp,direct_vp,False,[]
fig1_fig2,adaptive_jones_vp_proposed_force_lower_raw,0.0,62,1815661330,full_6d,3,3,3,direct_vp_rollback,jnpp_then_vp,"[""poor_clock_consistency""]",True,0.0004066357917008455,0.0005692369713952982,0.714352391244214,False,5.065186284694243e-06,0.5661605423265488,0.0004066357917008455,5.065186284694243e-06,0.5661605423265488,0.00040662835150879486,5.065204035895578e-06,0.5661605423265401,True,rollback,existing_selector_rollback,"[1.0838011200362423,18.80509904587964,44.59470627311704]","[0.9226785076264511,0.05317706636596012,0.02242418626621236]","[2.0739481186036987e-07,2.6934186364272425e-09,3.2571306015883025e-08]","[1.0838011197865554,18.805099086603832,44.59470619382769]","[0.9226785078390185,0.05317706625080023,0.022424186306082547]","[2.100092813260538e-07,4.4988649992308426e-08,2.1488778838077864e-08]",3411979.8844634253,173.89305087197027,3411980.3181702443,173.89303318324414,ris_only_stage2_then_vp,direct_vp,True,"[""poor_clock_consistency""]"
fig1_fig2,adaptive_jones_vp_proposed_force_lower_raw,0.0,63,3424526765,full_6d,3,3,3,direct_vp_rollback,jnpp_then_vp,[],True,0.00010961357036613268,0.0003765527517119302,0.2910975152028343,False,5.86108760613685e-06,0.32541658072709445,0.00010961357036613268,5.86108760613685e-06,0.32541658072709445,0.00010963895916287462,5.861427226071133e-06,0.32541658072709895,True,rollback,existing_selector_rollback,"[8.255196890571792,1.8552138800309388,2.9488076430367776]","[0.12113581459623797,0.5390214092088769,0.339120119400945]","[5.372486124405801e-07,5.152683874049457e-08,9.429442299068803e-07]","[8.255196902236719,1.8552138761660455,2.9488076420676967]","[0.12113581442506817,0.5390214103317987,0.3391201195123917]","[6.306733248081378e-07,1.4199954186397915e-08,9.038884207709772e-07]",7479816.908837734,71.76390935266723,7479816.740636757,71.7639127378292,direct_vp,direct_vp,False,[]
fig1_fig2,adaptive_jones_vp_proposed_force_lower_raw,0.0,50,3229661427,full_6d,3,3,3,direct_vp_rollback,jnpp_then_vp,[],True,0.0005236365084462666,0.0004961712610985548,1.0553543695515577,False,6.380656209939719e-06,0.4885456170146398,0.0005236365084462666,6.380656209939719e-06,0.4885456170146398,0.0005236595243870259,6.380752603815727e-06,0.488545617014641,True,rollback,existing_selector_rollback,"[1.2521270041421229,8.010549083828614,12.687653083382738]","[0.7986410297762756,0.12483538762789066,0.07881678301064453]","[2.3088335598500025e-07,3.0254768402253876e-08,9.640960143157395e-08]","[1.2521270037832528,8.010549094895989,12.687653085191732]","[0.7986410300051728,0.12483538745541808,0.0788167829994069]","[1.6372941050248957e-07,2.4971408029323774e-08,1.0830142613832377e-07]",4260285.360616275,123.90677128060265,4260284.775264404,123.90678834633975,direct_vp,direct_vp,False,[]
fig1_fig2,adaptive_jones_vp_proposed_force_lower_raw,0.0,54,1185050677,full_6d,3,3,3,direct_vp_rollback,jnpp_then_vp,[],True,0.00037814512967119287,0.00033731079222114026,1.1210584967684096,False,4.526010594542091e-06,0.2756840452294439,0.00037814512967119287,4.526010594542091e-06,0.2756840452294439,0.0003781774653955878,4.52627840717694e-06,0.27568404522945394,True,rollback,existing_selector_rollback,"[17.886852268326226,6.510002294029187,1.2656082320018465]","[0.05590698603537406,0.15360977689833769,0.7901339251065139]","[7.95365837551688e-08,1.1894615070322627e-08,8.098125108036881e-07]","[17.886852353376227,6.5100022863441165,1.2656082316194626]","[0.05590698576954253,0.15360977707967433,0.7901339253452406]","[7.200088853799022e-10,1.436546929434107e-08,5.456339659432128e-07]",7690580.767309834,87.26407313544136,7690580.696768232,87.26407331929799,direct_vp,direct_vp,False,[]
fig1_fig2,adaptive_jones_vp_proposed_force_lower_raw,0.0,66,437355907,full_6d,3,3,3,direct_vp_rollback,jnpp_then_vp,[],True,0.0005561036400750019,0.00035478711051341387,1.5674290964805966,False,8.102810889925822e-06,0.5809972765632742,0.0005561036400750019,8.102810889925822e-06,0.5809972765632742,0.0005561116597639605,8.102776542209816e-06,0.5809972765632837,True,rollback,existing_selector_rollback,"[2.6564276006469383,7.671666684823149,2.025922822960332]","[0.37644541855904773,0.13034977157840125,0.4936022185370061]","[1.329195273548734e-07,1.6367201098009446e-08,5.623430085553174e-07]","[2.6564275995188225,7.671666702402508,2.025922823812329]","[0.37644541871891435,0.13034977127970926,0.4936022183294229]","[1.3461731695068858e-07,1.5833359902477182e-08,5.736531125568344e-07]",8339253.087939948,77.95649245260806,8339252.993565835,77.95649412135663,direct_vp,direct_vp,False,[]
fig1_fig2,adaptive_jones_vp_proposed_force_lower_raw,0.0,65,2236466502,full_6d,3,3,3,direct_vp_rollback,jnpp_then_vp,[],True,0.0001983080261083711,0.00033978624755262186,0.5836258163381366,False,5.167935669793967e-06,0.10593867940410752,0.0001983080261083711,5.167935669793967e-06,0.10593867940410752,0.00019830793630554777,5.167917331637077e-06,0.10593867940410755,True,rollback,existing_selector_rollback,"[2.561709871556086,6.163424850140221,2.234882253744526]","[0.3903642684524606,0.16224745564490592,0.4474508660678985]","[3.2120874242545125e-07,1.835611437533325e-07,3.5290845246595764e-07]","[2.561709871859431,6.163424848737329,2.2348822536396833]","[0.3903642684062356,0.162247455681836,0.44745086608888934]","[3.3011504438761844e-07,1.7111467310142988e-07,3.6526573017039053e-07]",8808771.15014685,69.9790519689791,8808771.15368975,69.97905193195906,direct_vp,direct_vp,False,[]
fig1_fig2,adaptive_jones_vp_proposed_force_lower_raw,0.0,67,804537149,full_6d,3,3,3,direct_vp_rollback,jnpp_then_vp,[],True,0.0008040557265909806,0.00035418023463707567,2.27018802281524,False,7.863923644964197e-06,0.4543931302908198,0.0008040557265909806,7.863923644964197e-06,0.4543931302908198,0.000804066784029832,7.86396498456118e-06,0.4543931302908177,True,rollback,existing_selector_rollback,"[2.8983306133378695,2.9941096152002578,3.1367678757689577]","[0.34502620073610213,0.3339891081209203,0.3187994903039231]","[1.892302042865074e-07,5.084004340447183e-08,2.1338869597312414e-07]","[2.898330613461773,2.994109614821338,3.13676787559783]","[0.34502620072135226,0.3339891081631883,0.3187994903213153]","[1.792767928399853e-07,4.8526491099118864e-08,2.0827776964963622e-07]",8120968.481201496,70.3737713184648,8120968.173952321,70.3737739968512,direct_vp,direct_vp,False,[]
fig1_fig2,adaptive_jones_vp_proposed_force_lower_raw,0.0,68,217409269,full_6d,3,3,3,direct_vp_rollback,jnpp_then_vp,[],True,0.00016168542724128985,0.00044880825717028813,0.3602550190602725,False,9.318365205472166e-06,0.18288918830371353,0.00016168542724128985,9.318365205472166e-06,0.18288918830371353,0.00016167688418921208,9.318386280818787e-06,0.1828891883037129,True,rollback,existing_selector_rollback,"[2.0691719031724523,2.3859300128784957,10.214829035201577]","[0.4832851240946834,0.4191237775625984,0.09789689054448784]","[1.1964615764221642e-06,2.789941813801975e-09,1.262974722815962e-07]","[2.069171903446928,2.385930012688523,10.214829032524321]","[0.48328512403057566,0.4191237775959699,0.09789689057014613]","[1.1744448240312001e-06,3.4090833025541383e-09,1.254722892906252e-07]",5100132.506607553,95.15041368734376,5100132.781154721,95.1504081407015,direct_vp,direct_vp,False,[]
fig1_fig2,adaptive_jones_vp_proposed_force_lower_raw,0.0,69,1134195269,full_6d,3,3,3,direct_vp_rollback,jnpp_then_vp,[],True,0.0004960839096535618,0.00033224456296536783,1.493128751982834,False,3.677244118704835e-06,0.6785533864163519,0.0004960839096535618,3.677244118704835e-06,0.6785533864163519,0.0004960823296424283,3.6772300218842318e-06,0.6785533864163502,True,rollback,existing_selector_rollback,"[70.61829198499623,2.741125233334392,1.604468102142653]","[0.014160637022229942,0.36481368594050956,0.6232595080344487]","[6.917212195276403e-08,1.6714738113285133e-07,2.4448505399161066e-07]","[70.61829190394151,2.7411252338827232,1.604468101804854]","[0.014160637038483331,0.3648136858675327,0.6232595081656676]","[6.699516688573477e-08,1.2229419003704406e-07,3.232247421275481e-07]",8266401.467528734,85.65716906309277,8266401.460508826,85.65716907811024,direct_vp,direct_vp,False,[]
fig1_fig2,adaptive_jones_vp_proposed_force_lower_raw,0.0,70,1909013635,full_6d,3,3,3,direct_vp_rollback,jnpp_then_vp,"[""poor_clock_consistency""]",True,0.0005275767753233178,0.00047511428739824605,1.110420775204129,False,5.078642179861738e-06,0.2113024485573288,0.0005275767753233178,5.078642179861738e-06,0.2113024485573288,0.000527562146175382,5.078600486092334e-06,0.21130244855733,True,rollback,existing_selector_rollback,"[1.1692999832023119,15.173418221665445,13.060161747490033]","[0.8552125325959327,0.06590472795094854,0.07656873010620445]","[1.120875137584898e-08,4.925438351278207e-08,2.387583451531594e-07]","[1.1692999831541049,15.173418229187488,13.060161754358022]","[0.8552125326311908,0.06590472791827705,0.076568730065939]","[2.4069265898272843e-08,5.4253288672438965e-08,2.4380921880961763e-07]",4782211.477000246,130.79808571820925,4782211.842707231,130.7980755275243,ris_only_stage2_then_vp,direct_vp,True,"[""poor_clock_consistency""]"
fig1_fig2,adaptive_jones_vp_proposed_force_lower_raw,0.0,73,1489186484,full_6d,3,3,3,direct_vp_rollback,jnpp_then_vp,[],True,0.0001521717187182796,0.00033774383968190137,0.4505536469935324,False,7.98850068843587e-06,0.28249820982654605,0.0001521717187182796,7.98850068843587e-06,0.28249820982654605,0.00015216443176889146,7.988478672925575e-06,0.2824982098265461,True,rollback,existing_selector_rollback,"[2.998042878435861,5.5318740742399495,2.041544016604833]","[0.3335509332403952,0.18077056465387145,0.4898253438889833]","[1.8364396835252901e-07,8.275556493098988e-08,1.658364875830854e-06]","[2.9980428786773046,5.5318740772040815,2.0415440167150205]","[0.3335509332135331,0.18077056455700957,0.4898253438625461]","[1.5251098505044516e-07,6.05523019281857e-08,1.4487144448806755e-06]",8919237.758692935,68.20994633816545,8919237.903009322,68.2099451136282,direct_vp,direct_vp,False,[]
fig1_fig2,adaptive_jones_vp_proposed_force_lower_raw,0.0,75,3035140021,full_6d,3,3,3,direct_vp_rollback,jnpp_then_vp,[],True,0.0003327368562760611,0.0005027763298256784,0.6617989681245077,False,6.16807984979586e-06,0.3313046083258021,0.0003327368562760611,6.16807984979586e-06,0.3313046083258021,0.0003326810263461857,6.167939676382805e-06,0.3313046083258028,True,rollback,existing_selector_rollback,"[1.2175932081961462,8.083009311025473,18.574886564662375]","[0.8212923604265777,0.12371629940199207,0.053836129577440654]","[1.9233688081552817e-08,6.563443634040786e-08,2.4176675535324276e-07]","[1.2175932087572152,8.083009331493763,18.574886511391732]","[0.8212923600481248,0.12371629908871008,0.0538361297318365]","[2.127812600709497e-08,6.284768657945417e-08,2.574204063678619e-07]",4185973.914191759,139.54913449127514,4185975.1419373415,139.54909329291476,direct_vp,direct_vp,False,[]
fig1_fig2,adaptive_jones_vp_proposed_force_lower_raw,0.0,74,2087150408,full_6d,3,3,3,direct_vp_rollback,jnpp_then_vp,[],True,8.06698015643528e-05,0.00039765225558543424,0.20286519297014566,False,5.921188860997259e-06,0.24086285672001606,8.06698015643528e-05,5.921188860997259e-06,0.24086285672001606,8.067315016310026e-05,5.921155604203577e-06,0.2408628567200169,True,rollback,existing_selector_rollback,"[2.197638698997086,3.2992486454191767,4.100382801183092]","[0.45503385085735987,0.30309931365286613,0.24387966891953783]","[5.389724126091044e-09,2.5201350492259517e-09,3.042328874600305e-08]","[2.197638701110385,3.2992486460046893,4.100382799403884]","[0.45503385041978905,0.3030993135990756,0.24387966902536032]","[2.9323549767540316e-09,6.9094804150000355e-09,1.5625312347704582e-08]",6565760.565468315,79.38007652704425,6565760.681891367,79.38007505642759,direct_vp,direct_vp,False,[]
fig1_fig2,adaptive_jones_vp_proposed_force_lower_raw,0.0,76,125194699,full_6d,3,3,3,direct_vp_rollback,jnpp_then_vp,[],True,0.0001550926290776308,0.00045558489090260254,0.34042531298692114,False,4.93138045608426e-06,0.16807369056338853,0.0001550926290776308,4.93138045608426e-06,0.16807369056338853,0.0001551347941747403,4.93138921517354e-06,0.16807369056338842,True,rollback,existing_selector_rollback,"[1.284655640807993,10.85630340119685,7.749711367654431]","[0.7784187203426426,0.0921123851309184,0.12903706377582363]","[4.748653784190952e-07,5.0973670082548136e-08,4.6215113805366874e-07]","[1.2846556410170844,10.856303369538669,7.749711361960995]","[0.7784187202159466,0.0921123853995283,0.12903706387062255]","[4.5723905716295067e-07,3.477915075186044e-08,2.060210010501449e-07]",5085091.188580859,116.6483989531916,5085092.5288969595,116.64836678343781,direct_vp,direct_vp,False,[]
fig1_fig2,adaptive_jones_vp_proposed_force_lower_raw,0.0,78,3639033133,full_6d,3,3,3,direct_vp_rollback,jnpp_then_vp,[],True,0.00020439463787484495,0.00044260098994742674,0.4618033906772858,False,4.09654854926784e-06,0.17195383910485568,0.00020439463787484495,4.09654854926784e-06,0.17195383910485568,0.0002043511930054667,4.0964855879775285e-06,0.17195383910484527,True,rollback,existing_selector_rollback,"[3.2523811591373755,1.5441076442098605,23.746434456120042]","[0.30746703755410276,0.6476232429444183,0.04211158529185121]","[3.0114010794279275e-07,6.72348141851898e-08,3.008538360795179e-08]","[3.252381146948626,1.5441076479430191,23.746434435538877]","[0.30746703870637815,0.6476232413786723,0.042111585328349556]","[3.070272693756432e-07,6.827909164851223e-08,3.0003092456939755e-08]",5198420.616905457,93.72973892864209,5198421.849182777,93.72971757058289,direct_vp,direct_vp,False,[]
fig1_fig2,adaptive_jones_vp_proposed_force_lower_raw,0.0,77,4292676672,full_6d,3,3,3,direct_vp_rollback,jnpp_then_vp,"[""poor_clock_consistency""]",True,0.00020215640110325474,0.00039596720617761583,0.5105382414233948,False,2.0019641588287174e-06,0.8723823556931565,0.00020215640110325474,2.0019641588287174e-06,0.8723823556931565,0.00020218708172376336,2.002116993687233e-06,0.8723823556931375,True,rollback,existing_selector_rollback,"[1.472149152905555,220.05841242001628,3.1254751102245524]","[0.6792789969853567,0.004544247996624112,0.3199513561075931]","[1.2099478662524893e-07,3.5898314957264014e-10,2.2879423406482082e-07]","[1.4721491524191177,220.05841235220967,3.125475109917187]","[0.6792789972098086,0.004544247998024331,0.31995135613905773]","[1.3805457488089157e-07,1.944634859363844e-09,3.6042312236353864e-07]",6920905.33881202,87.76757588665417,6920904.591393268,87.7675853160169,ris_only_stage2_then_vp,direct_vp,True,"[""poor_clock_consistency""]"
fig1_fig2,adaptive_jones_vp_proposed_force_lower_raw,0.0,79,2511075941,full_6d,3,3,3,direct_vp_rollback,jnpp_then_vp,[],True,0.00011473487526718103,0.00046414551788781673,0.24719591344823086,False,5.1678443329912684e-06,0.40138063576827765,0.00011473487526718103,5.1678443329912684e-06,0.40138063576827765,0.00011474041834050002,5.1678469110794054e-06,0.40138063576827704,True,rollback,existing_selector_rollback,"[9.391370935374072,1.2245295501350795,13.152264240610945]","[0.10648072649584649,0.8166401536724566,0.07603253566782019]","[6.612873612564335e-09,2.7712704785101964e-07,3.205740025678109e-08]","[9.391370936534297,1.2245295501328013,13.15226423797655]","[0.10648072648269168,0.816640153673976,0.07603253568304949]","[1.0033110025887232e-09,2.952381810871126e-07,7.436031803520052e-08]",4929918.169863488,90.4231869751408,4929918.452471571,90.42318154058029,direct_vp,direct_vp,False,[]
fig1_fig2,adaptive_jones_vp_proposed_force_lower_raw,0.0,64,1096511241,full_6d,3,3,3,direct_vp_rollback,jnpp_then_vp,[],True,0.00022574416616765383,0.0003564378135269489,0.6333339438201502,False,3.250591995223101e-06,0.16392504159538154,0.00022574416616765383,3.250591995223101e-06,0.16392504159538154,0.00022575391360246303,3.2506266782087236e-06,0.16392504159538135,True,rollback,existing_selector_rollback,"[2.9818320053463125,4.283470525291118,2.3152595329865946]","[0.3353642989289993,0.2334555576118394,0.4319170208567174]","[2.1460171155655132e-07,1.5909757068815436e-07,1.5639052598614449e-06]","[2.9818320060163006,4.283470525534049,2.315259533371287]","[0.33536429885364627,0.2334555575985993,0.4319170207849522]","[6.504179985109971e-07,3.745824489869861e-08,1.3575290733403883e-06]",8058525.90891805,78.61609487327321,8058525.638249074,78.61609756445984,direct_vp,direct_vp,False,[]
fig1_fig2,adaptive_jones_vp_proposed_force_lower_raw,0.0,80,2843598472,full_6d,3,3,3,direct_vp_rollback,jnpp_then_vp,"[""poor_clock_consistency""]",True,0.00021000478180820736,0.0003466804503327276,0.6057589391229147,False,6.665152896836891e-06,0.6814624561718147,0.00021000478180820736,6.665152896836891e-06,0.6814624561718147,0.00021000688794571586,6.665170531878784e-06,0.6814624561718117,True,rollback,existing_selector_rollback,"[2.7685808644003664,9.396927447643524,1.8800668542617816]","[0.3611958793964346,0.1064177632063525,0.5318959789814365]","[1.420247235651406e-07,1.2662477599226285e-08,1.515459547946805e-07]","[2.768580864004858,9.396927447977685,1.8800668542866303]","[0.36119587944803366,0.10641776320256822,0.5318959789744064]","[1.25889282409838e-07,1.2018776563157941e-08,1.4540401272303703e-07]",8609933.556348639,66.78351217815775,8609933.614232447,66.78351181589014,ris_only_stage2_then_vp,direct_vp,True,"[""poor_clock_consistency""]"
fig1_fig2,adaptive_jones_vp_proposed_force_lower_raw,0.0,81,3893654042,full_6d,3,3,3,direct_vp_rollback,jnpp_then_vp,"[""poor_clock_consistency""]",True,0.0008667993330808679,0.00043460982892049276,1.9944310399833125,False,7.266155549582389e-06,0.6726585875216622,0.0008667993330808679,7.266155549582389e-06,0.6726585875216622,0.0008667656307073227,7.266037577681658e-06,0.6726585875216863,True,rollback,existing_selector_rollback,"[28.004236139869544,75.97328881219593,1.0519999518655592]","[0.0357088832909925,0.013162520874882773,0.9505703856978346]","[1.9293142841268121e-07,1.594173620546399e-09,2.219437750116701e-06]","[28.004236148316245,75.97328891808952,1.0519999510650093]","[0.035708883280221905,0.0131625208565365,0.9505703864211987]","[1.9776386807877403e-07,2.2061542721650374e-09,2.1610464755258582e-06]",3403190.7725761407,217.61159521541785,3403190.686353181,217.61159652518185,ris_only_stage2_then_vp,direct_vp,True,"[""poor_clock_consistency""]"
fig1_fig2,adaptive_jones_vp_proposed_force_lower_raw,0.0,82,2146768378,full_6d,3,3,3,direct_vp_rollback,jnpp_then_vp,[],True,0.0002332836889243261,0.00035906194735984843,0.6497031797427741,False,4.868918654054133e-06,0.6599515203433245,0.0002332836889243261,4.868918654054133e-06,0.6599515203433245,0.0002332900802140951,4.8689240203002245e-06,0.6599515203433267,True,rollback,existing_selector_rollback,"[2.0340358049283243,23.331304783394962,2.156185531506273]","[0.49163343023512024,0.042860869088143544,0.4637819822950308]","[1.6391839602870585e-08,3.3355121688364815e-08,1.5163508953157315e-07]","[2.0340358053563796,23.33130480208722,2.1561855311165394]","[0.4916334301316578,0.04286086905380485,0.46378198237886004]","[4.2624989828876215e-09,3.343573397433203e-08,2.8048854783846147e-07]",8124688.255810464,72.05137158914818,8124688.383270976,72.0513703120397,direct_vp,direct_vp,False,[]
fig1_fig2,adaptive_jones_vp_proposed_force_lower_raw,0.0,85,2249164774,full_6d,3,3,3,direct_vp_rollback,jnpp_then_vp,[],True,0.0001984466945859495,0.0003573352327246397,0.5553516037946118,False,5.333649524515509e-06,0.25732168021103186,0.0001984466945859495,5.333649524515509e-06,0.25732168021103186,0.0001984536252950674,5.333663150029859e-06,0.25732168021103197,True,rollback,existing_selector_rollback,"[4.886189924901661,2.78911105542538,2.306230959458606]","[0.20465843844889833,0.358537175510459,0.4336079159358985]","[2.3352411219990221e-07,5.502921190021674e-08,4.954152185151225e-07]","[4.886189923929635,2.789111055732999,2.306230959290434]","[0.20465843848961174,0.3585371754709149,0.4336079159675175]","[2.1264659465228906e-07,6.772276017733343e-08,5.476890087516667e-07]",8155068.421990408,66.64555516692836,8155068.256288043,66.64555657549937,direct_vp,direct_vp,False,[]
fig1_fig2,adaptive_jones_vp_proposed_force_lower_raw,0.0,71,1982555292,full_6d,3,3,3,direct_vp_rollback,jnpp_then_vp,[],True,0.00105528915376308,0.0003683680822376877,2.8647681616513125,False,7.088696862108133e-06,0.43400903078896697,0.00105528915376308,7.088696862108133e-06,0.43400903078896697,0.0010552885907512417,7.088690464583187e-06,0.4340090307889711,True,rollback,existing_selector_rollback,"[1.9955732656247782,15.377421064787947,2.3167588353507167]","[0.5011091385236224,0.06503041022102703,0.43163750354114905]","[6.346169891670758e-07,1.0416731029801696e-07,8.512164416695544e-07]","[1.9955732654367377,15.377421076582866,2.3167588353786885]","[0.5011091385708413,0.06503041017114686,0.4316375035359376]","[3.219730694616777e-07,1.132918879299048e-08,5.798322242633602e-07]",7705760.730119024,85.7319462731728,7705760.741423982,85.73194613505451,direct_vp,direct_vp,False,[]
fig1_fig2,adaptive_jones_vp_proposed_force_lower_raw,0.0,72,2100195688,full_6d,3,3,3,direct_vp_rollback,jnpp_then_vp,[],True,0.00015768189970704098,0.00039011467056600637,0.4041937194473224,False,6.9614055604704275e-06,0.3291853487223534,0.00015768189970704098,6.9614055604704275e-06,0.3291853487223534,0.0001577014311803347,6.961850150541657e-06,0.3291853487223607,True,rollback,existing_selector_rollback,"[5.286453174759768,1.6747916090281436,4.678558719319727]","[0.18916274616206288,0.5970892107458134,0.21374103863779734]","[7.282586115504631e-07,2.0731098508339607e-08,1.8886281047383477e-07]","[5.28645317012438,1.6747916088082815,4.6785587265596424]","[0.18916274632792887,0.5970892108241977,0.2137410383070401]","[7.549293369154158e-07,2.092119017676766e-08,2.1120368993975063e-07]",6854439.903366372,79.10005618785428,6854439.268028039,79.10006221224211,direct_vp,direct_vp,False,[]
fig1_fig2,adaptive_jones_vp_proposed_force_lower_raw,0.0,86,2710333116,full_6d,3,3,3,direct_vp_rollback,jnpp_then_vp,[],True,0.0003220997862030083,0.0004487762613549425,0.7177291090008341,False,4.273782727742743e-06,0.16808639455094107,0.0003220997862030083,4.273782727742743e-06,0.16808639455094107,0.00032211764526866334,4.273847466496595e-06,0.1680863945509421,True,rollback,existing_selector_rollback,"[1.2967567266856215,20.500642022400243,5.633354017932927]","[0.771154665651592,0.04877896013631373,0.17751414109800637]","[2.5666274279254445e-07,1.7000391439255576e-08,2.278213452541683e-07]","[1.2967567269624842,20.500642012225217,5.633354015024418]","[0.7711546654869473,0.04877896016052404,0.17751414118965717]","[2.569344899405598e-07,1.763281318762658e-08,2.3364517426030918e-07]",5392259.644119797,112.76044821475315,5392260.163998593,112.76043750772861,direct_vp,direct_vp,False,[]
fig1_fig2,adaptive_jones_vp_proposed_force_lower_raw,0.0,87,3576217426,full_6d,3,3,3,direct_vp_rollback,jnpp_then_vp,[],True,0.000222320030830223,0.00047465667901669715,0.4683807068527574,False,5.332189582650251e-06,0.06620725469706608,0.000222320030830223,5.332189582650251e-06,0.06620725469706608,0.00022230082489064118,5.331923857104687e-06,0.0662072546970652,True,rollback,existing_selector_rollback,"[1.634478889754557,3.269105109251051,11.745373362637025]","[0.6118157941755561,0.305894110644191,0.08513990735869963]","[4.633415817724719e-07,1.0404645161381696e-07,1.8753166064598656e-08]","[1.6344788894546902,3.269105108768553,11.745373374011466]","[0.6118157942878019,0.30589411068933886,0.08513990727624852]","[5.883055850539946e-07,8.569708165870579e-08,3.93310190754118e-09]",4581916.94156376,103.98516485611263,4581917.502304643,103.98515191560696,direct_vp,direct_vp,False,[]
fig1_fig2,adaptive_jones_vp_proposed_force_lower_raw,0.0,88,2932252539,full_6d,3,3,3,direct_vp_rollback,jnpp_then_vp,[],True,0.0005507017833115679,0.0003459070588788567,1.5920513015735658,False,5.796919859056554e-06,0.3913972373763151,0.0005507017833115679,5.796919859056554e-06,0.3913972373763151,0.0005506995417169723,5.796941828494847e-06,0.39139723737631454,True,rollback,existing_selector_rollback,"[3.1392591711606994,5.6528211719159565,1.9801085630913213]","[0.3185464931291812,0.17690281889023726,0.5050228147273057]","[6.375170517615473e-07,2.565408714616392e-08,4.773728206125024e-07]","[3.139259171493901,5.652821172515261,1.9801085629891144]","[0.31854649309537064,0.17690281887148224,0.5050228147533734]","[6.486389778976069e-07,2.888473263006221e-08,5.030770702692012e-07]",8513929.164245784,71.2515198012958,8513929.107561667,71.25152044850219,direct_vp,direct_vp,False,[]
fig1_fig2,adaptive_jones_vp_proposed_force_lower_raw,0.0,89,850792180,full_6d,3,3,3,direct_vp_rollback,jnpp_then_vp,[],True,0.00041341615554638626,0.0003858417222694729,1.0714656598429118,False,6.290338194886132e-06,0.78911542471754,0.00041341615554638626,6.290338194886132e-06,0.78911542471754,0.00041341337410834815,6.290309660492677e-06,0.7891154247175385,True,rollback,existing_selector_rollback,"[7.046073124781722,1.6813408365067615,3.7641218737165283]","[0.14192302326183034,0.5947634044718554,0.26566621207959984]","[2.8654600191681583e-08,1.7304399406871367e-07,1.2782625703575323e-06]","[7.0460731279368085,1.6813408365991573,3.7641218746048253]","[0.14192302319828012,0.594763404439171,0.26566621201690516]","[1.8918096788479107e-08,1.7268944727473627e-07,1.3627452214025862e-06]",7141254.47845764,67.08967384668313,7141254.381023513,67.08967473602777,direct_vp,direct_vp,False,[]
fig1_fig2,adaptive_jones_vp_proposed_force_lower_raw,0.0,90,4175219143,full_6d,3,3,3,direct_vp_rollback,jnpp_then_vp,[],True,4.72192946702356e-05,0.0004515768544716856,0.10456535626804653,False,3.852267032542192e-06,0.09024442797832538,4.72192946702356e-05,3.852267032542192e-06,0.09024442797832538,4.7206796229758235e-05,3.8522846656279895e-06,0.09024442797832376,True,rollback,existing_selector_rollback,"[3.0089352784371086,1.6004847804229878,22.353557358975234]","[0.3323434728434597,0.6248106900048823,0.04473560891980953]","[6.22025746003175e-07,2.842159482270798e-08,2.523128213852387e-07]","[3.008935276532595,1.6004847810311362,22.353557352677633]","[0.3323434730538174,0.6248106897674682,0.04473560893241276]","[6.458682208226445e-07,4.728283265056303e-08,2.560691384568969e-07]",5029238.030437531,99.89897932607826,5029238.331602612,99.89897391323076,direct_vp,direct_vp,False,[]
fig1_fig2,adaptive_jones_vp_proposed_force_lower_raw,0.0,91,3347136468,full_6d,3,3,3,direct_vp_rollback,jnpp_then_vp,"[""poor_clock_consistency""]",True,0.0001655825393139251,0.0003416416719734027,0.48466727831379985,False,4.922604831178445e-06,0.24663673108795325,0.0001655825393139251,4.922604831178445e-06,0.24663673108795325,0.00016558248280844966,4.922607494791866e-06,0.2466367310879538,True,rollback,existing_selector_rollback,"[9.855477930295763,24.21058110732607,1.168456615600005]","[0.1014664136090389,0.041304254348244106,0.8558298071557663]","[6.737584271110775e-08,2.1311249151203926e-08,1.654292971107619e-06]","[9.855477937711255,24.210581132255783,1.1684566165403611]","[0.1014664135326932,0.04130425430571298,0.8558298064670075]","[1.1181065426515875e-07,1.1765318630880833e-08,1.230328697704061e-06]",6857051.777845899,113.2582564812323,6857051.768631539,113.25825651390744,ris_only_stage2_then_vp,direct_vp,True,"[""poor_clock_consistency""]"
fig1_fig2,adaptive_jones_vp_proposed_force_lower_raw,0.0,92,971995857,full_6d,3,3,3,direct_vp_rollback,jnpp_then_vp,"[""poor_clock_consistency""]",True,7.086140995329062e-05,0.00031892813233445265,0.22218613778159862,False,1.8076607150232049e-06,0.5369682930918502,7.086140995329062e-05,1.8076607150232049e-06,0.5369682930918502,7.086237138151063e-05,1.8076499430707062e-06,0.536968293091849,True,rollback,existing_selector_rollback,"[28.847558960642193,3.965941263283,1.4002974337054603]","[0.03466497811254984,0.2521469516591468,0.7141339946274161]","[1.2142859948637568e-07,7.126981393478762e-08,1.7913649201132273e-06]","[28.84755896428357,3.965941263727761,1.4002974338358947]","[0.034664978108174135,0.25214695163086975,0.7141339945608962]","[1.1143766696490822e-07,7.377342350742826e-08,1.6222900862829418e-06]",8319399.325150762,80.1975672075668,8319399.315510783,80.1975671593029,ris_only_stage2_then_vp,direct_vp,True,"[""poor_clock_consistency""]"
fig1_fig2,adaptive_jones_vp_proposed_force_lower_raw,0.0,94,3608384463,full_6d,3,3,3,direct_vp_rollback,jnpp_then_vp,[],True,0.00014801968302082097,0.00042618828225929193,0.3473105413319791,False,7.584090074204617e-06,0.46792747416858405,0.00014801968302082097,7.584090074204617e-06,0.46792747416858405,0.00014805764366989535,7.58401096322285e-06,0.46792747416859165,True,rollback,existing_selector_rollback,"[5.157000174335463,1.3506028329959732,15.219280181208644]","[0.1939111821193033,0.740410115815025,0.0657061298614824]","[3.5098431636357243e-06,4.625442001854407e-08,5.9277134944191284e-08]","[5.157000167123531,1.3506028345970782,15.219280190350894]","[0.1939111823904831,0.7404101149372878,0.06570612982201261]","[3.4740084987783727e-06,5.7979121900963933e-08,1.0671368049387465e-07]",5741422.277606547,101.79503946429269,5741423.325040659,101.79501920402633,direct_vp,direct_vp,False,[]
fig1_fig2,adaptive_jones_vp_proposed_force_lower_raw,0.0,95,1902842209,full_6d,3,3,3,direct_vp_rollback,jnpp_then_vp,"[""poor_clock_consistency""]",True,0.0004202575233722645,0.00032902400615081534,1.2772852907870507,False,7.072957535060816e-06,0.28299637727495713,0.0004202575233722645,7.072957535060816e-06,0.28299637727495713,0.0004202578291935111,7.072981206479737e-06,0.2829963772749563,True,rollback,existing_selector_rollback,"[51.3115881147508,5.7712957600440795,1.2369430255801457]","[0.019488775083560773,0.17327131402924167,0.8084446731325782]","[1.394931265096188e-07,8.845390121192212e-08,6.440535616749578e-07]","[51.31158810770099,5.771295759027642,1.2369430256845644]","[0.019488775086238377,0.17327131405975812,0.8084446730643319]","[1.2853342737679945e-07,8.485734723306332e-08,7.763551089243195e-07]",7087552.862435301,97.66662229045278,7087552.850450862,97.66662205795268,ris_only_stage2_then_vp,direct_vp,True,"[""poor_clock_consistency""]"
fig1_fig2,adaptive_jones_vp_proposed_force_lower_raw,5.0,0,3147786918,full_6d,3,3,3,direct_vp_rollback,jnpp_then_vp,[],True,0.00020934318958220922,0.00020082404726448643,1.0424209273429443,False,8.202781859431354e-07,0.12532463389259155,0.00020934318958220922,8.202781859431354e-07,0.12532463389259155,0.00020933720516210137,8.202688974016536e-07,0.12532463389259102,True,rollback,existing_selector_rollback,"[2.30478208064028,0.5914662974917432,0.9566439415534254]","[0.4338804993311516,1.6907134087608235,1.0453209982966234]","[1.1024277870335287e-07,7.265142143305958e-08,5.620944788638424e-07]","[2.3047820806051367,0.5914662975299316,0.9566439414436955]","[0.43388049933776746,1.6907134086516615,1.0453209984165248]","[1.1759657791460307e-07,7.566451841833567e-08,6.436525479464409e-07]",26021737.469234243,69.79196371974771,26021736.90494238,69.79196518914519,direct_vp,direct_vp,False,[]
fig1_fig2,adaptive_jones_vp_proposed_force_lower_raw,0.0,83,2856883752,full_6d,3,3,3,direct_vp_rollback,jnpp_then_vp,[],True,0.0002083866664891061,0.00031440114462357507,0.6628050503397577,False,6.456298568769695e-06,0.2056904636776514,0.0002083866664891061,6.456298568769695e-06,0.2056904636776514,0.00020838159631002775,6.457569390882713e-06,0.20569046367777155,True,rollback,existing_selector_rollback,"[4.268570921406749,797.795216912987,1.3085727822544542]","[0.23427044282684,0.0012534544930861268,0.7641913492009647]","[5.881530763976679e-07,7.602276253949641e-10,1.4884482012048121e-07]","[4.268570931889836,797.7952243347738,1.3085727828775024]","[0.23427044225150048,0.0012534544814254002,0.7641913488371117]","[4.066494983398136e-07,1.9733352952237155e-09,2.8525609314109633e-07]",8049988.874442223,97.82115288041517,8049988.894151983,97.82115285768704,direct_vp,direct_vp,False,[]
fig1_fig2,adaptive_jones_vp_proposed_force_lower_raw,5.0,1,112311654,full_6d,3,3,3,direct_vp_rollback,jnpp_then_vp,[],True,7.209435947063068e-05,0.00025546308279901893,0.28221048098503393,False,2.803107398320065e-06,0.09607540649086566,7.209435947063068e-05,2.803107398320065e-06,0.09607540649086566,7.208729166830225e-05,2.8031023901049384e-06,0.09607540649086588,True,rollback,existing_selector_rollback,"[2.1678628748111985,0.3813220463857824,12.680730227419879]","[0.4612837885721546,2.6224552434818356,0.07885981186043944]","[6.188342968605113e-09,1.7689663032919259e-07,5.634069541549992e-10]","[2.167862874905484,0.38132204637242206,12.680730230800012]","[0.4612837885520923,2.622455243573718,0.07885981183941884]","[1.1961269453949102e-08,1.2590326553569479e-07,1.7592988194889798e-08]",16159746.112848414,98.52139866871858,16159745.219472107,98.5214042279055,direct_vp,direct_vp,False,[]
fig1_fig2,adaptive_jones_vp_proposed_force_lower_raw,5.0,2,3251202663,full_6d,3,3,3,direct_vp_rollback,jnpp_then_vp,[],True,8.367003120274291e-05,0.00019639380470704915,0.4260319276748537,False,2.5637162230959254e-06,0.07225984225140662,8.367003120274291e-05,2.5637162230959254e-06,0.07225984225140662,8.367140495029268e-05,2.5637217474852532e-06,0.07225984225140639,True,rollback,existing_selector_rollback,"[1.937641906476058,0.6857114806444039,0.841156284262413]","[0.516091232676082,1.458339299000149,1.1888397182647592]","[3.1773208026780346e-08,1.4706993427441724e-07,1.509773120511387e-06]","[1.9376419062778136,0.6857114805413794,0.841156284316279]","[0.5160912327288845,1.4583392992192568,1.1888397181886283]","[3.098912679476422e-08,1.381937463909336e-07,1.51878450599381e-06]",26664144.372362565,73.86612743280787,26664144.252001554,73.86612778868074,direct_vp,direct_vp,False,[]
fig1_fig2,adaptive_jones_vp_proposed_force_lower_raw,5.0,3,3422926171,full_6d,3,3,3,direct_vp_rollback,jnpp_then_vp,[],True,0.0002897616836986884,0.0001943889350184992,1.4906284849552418,False,3.6123027468982375e-06,0.08795708669945805,0.0002897616836986884,3.6123027468982375e-06,0.08795708669945805,0.00028976091156719013,3.612297067421018e-06,0.08795708669945795,True,rollback,existing_selector_rollback,"[2.767785938665386,0.7682587677867242,0.6666217095787584]","[0.36129961715154457,1.3016447607622241,1.5001011602686]","[1.958324099262816e-07,4.7928945272718627e-08,1.4694363981805082e-07]","[2.767785939016252,0.7682587677502415,0.6666217095631222]","[0.36129961710574343,1.301644760824036,1.5001011603037864]","[1.9439443988227155e-07,4.820331570829339e-08,1.476022575407776e-07]",27061120.273914177,79.29070742447085,27061120.24371085,79.29070754557159,direct_vp,direct_vp,False,[]
fig1_fig2,adaptive_jones_vp_proposed_force_lower_raw,5.0,5,2290547997,full_6d,3,3,3,direct_vp_rollback,jnpp_then_vp,[],True,0.000305622721365662,0.00021575454328582396,1.4165297134011396,False,1.4243205774195605e-06,0.08625737405689156,0.000305622721365662,1.4243205774195605e-06,0.08625737405689156,0.00030561051879895453,1.4243027870079533e-06,0.08625737405689174,True,rollback,existing_selector_rollback,"[1.8229509416093694,0.5404136196126417,1.2885988637227161]","[0.5485611143848663,1.8504344888943414,0.7760366923727894]","[1.4913581563674472e-06,2.2182970315552893e-09,5.380222825352096e-07]","[1.8229509420415106,0.5404136194965027,1.2885988638056494]","[0.5485611142548267,1.8504344892920137,0.7760366923228443]","[1.3048863938023472e-06,3.47403135507962e-09,5.069902347825984e-07]",22629974.288960077,74.96484867632999,22629973.10090093,74.96485257994496,direct_vp,direct_vp,False,[]
fig1_fig2,adaptive_jones_vp_proposed_force_lower_raw,0.0,84,3985341227,full_6d,3,3,3,direct_vp_rollback,jnpp_then_vp,[],True,0.0002797099227144018,0.0004651456702461851,0.6013383346476412,False,7.413640397765852e-06,0.6950777364017267,0.0002797099227144018,7.413640397765852e-06,0.6950777364017267,0.0002797196381827686,7.413669871165516e-06,0.6950777364017288,True,rollback,existing_selector_rollback,"[1.5027034068227403,5.404053946314989,6.805278774342773]","[0.665467314080867,0.1850462652536053,0.14694475173645927]","[1.4502663989142645e-07,3.2039389787530664e-08,4.897823861269149e-08]","[1.5027034071421264,5.40405394075204,6.805278769798901]","[0.6654673139394279,0.18504626544409247,0.14694475183457403]","[1.779491747194701e-07,2.9018580077065873e-09,3.343740324027606e-08]",4837779.2614170695,108.44574356233858,4837779.493234465,108.44573839182382,direct_vp,direct_vp,False,[]
fig1_fig2,adaptive_jones_vp_proposed_force_lower_raw,5.0,6,1919806993,full_6d,3,3,3,direct_vp_rollback,jnpp_then_vp,[],True,6.212459110843843e-05,0.00019845421998979928,0.31304242918911823,False,7.265370803507937e-07,0.13275288912771324,6.212459110843843e-05,7.265370803507937e-07,0.13275288912771324,6.212260245384771e-05,7.26539260782423e-07,0.13275288912771308,True,rollback,existing_selector_rollback,"[0.7841025696674051,7.427599490890187,0.5697287071116894]","[1.2753433526220792,0.13463299969513082,1.7552213667958818]","[1.4331664033671885e-06,6.193164931378567e-08,2.3259097607140095e-08]","[0.78410256967641,7.4275994903971325,0.5697287071135139]","[1.2753433526074327,0.13463299970406795,1.7552213667902612]","[1.4071026811507663e-06,7.360251869934709e-08,3.019413125613296e-08]",26068212.397586554,72.21016542584108,26068212.5384492,72.21016505063947,direct_vp,direct_vp,False,[]
fig1_fig2,adaptive_jones_vp_proposed_force_lower_raw,5.0,7,1914929603,full_6d,3,3,3,direct_vp_rollback,jnpp_then_vp,"[""poor_clock_consistency""]",True,0.00023462570940596352,0.00019067097896281586,1.2305265892179618,False,1.6961704789905553e-06,0.2325824195914393,0.00023462570940596352,1.6961704789905553e-06,0.2325824195914393,0.00023462711184303297,1.696175699188489e-06,0.23258241959143955,True,rollback,existing_selector_rollback,"[4.677967043878229,1.5567172345758922,0.43267633210721484]","[0.21376807288626823,0.6423774194745654,2.3111964436080426]","[1.7775921702561098e-07,6.989621555420453e-08,9.597676677792398e-07]","[4.677967044320547,1.5567172345160347,0.43267633213312223]","[0.2137680728660557,0.6423774194992655,2.311196443469655]","[1.7583050248482138e-07,6.878570333927951e-08,9.734247733810963e-07]",25589592.034333307,85.29585566279317,25589592.040981326,85.29585557544067,ris_only_stage2_then_vp,direct_vp,True,"[""poor_clock_consistency""]"
fig1_fig2,adaptive_jones_vp_proposed_force_lower_raw,5.0,8,641399591,full_6d,3,3,3,direct_vp_rollback,jnpp_then_vp,[],True,0.00012743535979698224,0.00019536374498175258,0.6522978959524194,False,1.1824726522321612e-06,0.07133714787734204,0.00012743535979698224,1.1824726522321612e-06,0.07133714787734204,0.00012743778739168356,1.1824724493141643e-06,0.07133714787734197,True,rollback,existing_selector_rollback,"[3.292541557671122,0.710834566098356,0.6901918363404758]","[0.3037167435797004,1.406797091323387,1.4488725414393395]","[8.085146761236226e-08,1.4351241358841955e-09,5.123097417581347e-07]","[3.2925415574997157,0.7108345660958055,0.6901918363022965]","[0.3037167435955116,1.4067970913284347,1.4488725415194865]","[8.072362742316423e-08,1.3156776866303416e-09,5.111388798978877e-07]",27011753.644661136,78.3502983894564,27011753.787767008,78.3502979972744,direct_vp,direct_vp,False,[]
fig1_fig2,adaptive_jones_vp_proposed_force_lower_raw,5.0,10,781873798,full_6d,3,3,3,direct_vp_rollback,jnpp_then_vp,[],True,0.0001286218099589464,0.00019552365454749974,0.6578324768765997,False,1.32757130859196e-06,0.06968404794975931,0.0001286218099589464,1.32757130859196e-06,0.06968404794975931,0.0001286228503281843,1.3275712320771825e-06,0.06968404794975921,True,rollback,existing_selector_rollback,"[1.2372660945482725,11.338011463919644,0.4415612873402426]","[0.8082335759502599,0.08819888771244493,2.264691286736407]","[1.289975792430296e-07,1.912440826055857e-08,3.2279348125974204e-07]","[1.2372660945550131,11.338011463093451,0.44156128734677075]","[0.8082335759458568,0.08819888771887191,2.2646912867029254]","[1.3483796409725697e-07,1.7696041979081554e-08,3.2947110522103964e-07]",25785005.163466133,81.20679766638527,25785005.07650615,81.2067981023788,direct_vp,direct_vp,False,[]
fig1_fig2,adaptive_jones_vp_proposed_force_lower_raw,0.0,93,3741086398,full_6d,3,3,3,direct_vp_rollback,jnpp_then_vp,[],True,0.0001615624060868027,0.00030231334204852873,0.5344203632960002,False,5.578521540170533e-06,0.14866759379707142,0.0001615624060868027,5.578521540170533e-06,0.14866759379707142,0.00016156170031962616,5.578502988055193e-06,0.14866759379707176,True,rollback,existing_selector_rollback,"[4.8949471126477,8.37719942196765,1.4768392836507962]","[0.20429229917750844,0.11937163598723799,0.6771217498538431]","[2.32704616586604e-07,5.562921826803793e-07,8.819137354606102e-07]","[4.894947112885792,8.37719941805393,1.4768392836560595]","[0.20429229916757158,0.11937163604300687,0.6771217498514298]","[8.864619029381356e-08,7.985824399958335e-08,9.105462541503635e-07]",9009751.3174721,75.51826676892122,9009751.32218112,75.51826671489178,direct_vp,direct_vp,False,[]
fig1_fig2,adaptive_jones_vp_proposed_force_lower_raw,5.0,13,634888206,full_6d,3,3,3,direct_vp_rollback,jnpp_then_vp,[],True,0.0002831715461709404,0.00020964579606610204,1.350714164006682,False,1.3142404026759112e-06,0.0646574091352554,0.0002831715461709404,1.3142404026759112e-06,0.0646574091352554,0.00028316832291562277,1.3142305465038153e-06,0.0646574091352554,True,rollback,existing_selector_rollback,"[0.5377923467739819,8.16132385621252,0.8528594540782963]","[1.8594537575666399,0.12252914081220093,1.1725261357158416]","[1.09078628854684e-06,9.528664845848363e-09,1.1871840328090674e-06]","[0.5377923467603829,8.161323858579845,0.8528594541288551]","[1.8594537576136596,0.12252914077665937,1.1725261356463326]","[1.2082643508379064e-06,1.452352767446132e-08,7.659497623884396e-07]",23846894.66632142,80.67568422207671,23846894.431969464,80.67568500795292,direct_vp,direct_vp,False,[]
fig1_fig2,adaptive_jones_vp_proposed_force_lower_raw,5.0,15,2734808712,full_6d,3,3,3,direct_vp_rollback,jnpp_then_vp,[],True,0.00022966085662175277,0.0001946618384083946,1.1797939364978733,False,1.4974951872152595e-06,0.03650893540806676,0.00022966085662175277,1.4974951872152595e-06,0.03650893540806676,0.0002296613037864737,1.4974972252965804e-06,0.03650893540806672,True,rollback,existing_selector_rollback,"[3.5028115699020486,0.6393508386592359,0.774319895966342]","[0.2854849540263626,1.5640864757390975,1.291455902409995]","[9.956361182745221e-08,4.52871620921588e-09,7.126472129446906e-07]","[3.502811570503141,0.639350838643504,0.774319895970955]","[0.28548495397737256,1.5640864757775836,1.2914559024023011]","[8.784579895133713e-08,2.9269720189936944e-09,6.935066657381569e-07]",27434825.87872232,70.03066096936068,27434825.841065973,70.0306610824201,direct_vp,direct_vp,False,[]
fig1_fig2,adaptive_jones_vp_proposed_force_lower_raw,5.0,4,287230138,full_6d,3,3,3,direct_vp_rollback,jnpp_then_vp,[],True,0.00018976019302163386,0.00017845997537464458,1.0633207396967668,False,1.4451515446861987e-06,0.15631429452681647,0.00018976019302163386,1.4451515446861987e-06,0.15631429452681647,0.00018976037538391595,1.4451519296047836e-06,0.15631429452681744,True,rollback,existing_selector_rollback,"[4.4959272025049515,0.72964446379267,0.633689201254825]","[0.22242353022049466,1.3705305112592787,1.5780606613134267]","[1.260527305878031e-07,3.3240088508025474e-08,1.2093722195583693e-06]","[4.495927202237203,0.7296444638119008,0.633689201259739]","[0.22242353023374076,1.3705305112231563,1.5780606613011894]","[7.894284605695074e-08,4.15851582247704e-08,1.2508180849515626e-06]",29164371.95952052,76.1452915980684,29164371.964451425,76.14529159642203,direct_vp,direct_vp,False,[]
fig1_fig2,adaptive_jones_vp_proposed_force_lower_raw,5.0,17,2127997378,full_6d,3,3,3,direct_vp_rollback,jnpp_then_vp,[],True,0.00017131086649970005,0.00022499055785729115,0.7614135816684383,False,1.7489416292360956e-06,0.1266449717512926,0.00017131086649970005,1.7489416292360956e-06,0.1266449717512926,0.00017131296007788776,1.7489448098745828e-06,0.12664497175129302,True,rollback,existing_selector_rollback,"[1.3937195427622446,0.5255573410351552,1.857277976333077]","[0.7175044686656854,1.902741950154937,0.5384223647407353]","[1.1104481607460512e-06,4.5799934892815e-08,1.0103516263943745e-06]","[1.3937195427372133,0.525557341054463,1.8572779762771734]","[0.7175044686785719,1.9027419500850344,0.5384223647569417]","[9.923795884339569e-07,1.303525165760234e-08,8.023203831505902e-07]",20560141.725389376,83.2597256277732,20560141.900800213,83.25972493494437,direct_vp,direct_vp,False,[]
fig1_fig2,adaptive_jones_vp_proposed_force_lower_raw,5.0,11,3685333214,full_6d,3,3,3,direct_vp_rollback,jnpp_then_vp,"[""poor_clock_consistency""]",True,1.749244738573503e-05,0.0002422267186601923,0.07221518535399188,False,8.177346727295451e-07,0.09054006285060012,1.749244738573503e-05,8.177346727295451e-07,0.09054006285060012,1.7497435629300792e-05,8.177445030728331e-07,0.0905400628506008,True,rollback,existing_selector_rollback,"[10.24557848258299,0.3820607172824554,2.228938531060471]","[0.09760307840984363,2.6173850248527994,0.4486440456130466]","[1.2669825155802922e-07,9.940131499573428e-08,1.005094000406287e-06]","[10.245578481651098,0.3820607172173774,2.228938531541491]","[0.09760307841872118,2.6173850252986295,0.4486440455162262]","[9.46438828731021e-08,1.0831791179505863e-07,9.641466653128787e-07]",18981008.995855987,91.95748218426473,18981008.524110723,91.95748454900108,ris_only_stage2_then_vp,direct_vp,True,"[""poor_clock_consistency""]"
fig1_fig2,adaptive_jones_vp_proposed_force_lower_raw,5.0,18,3644258948,full_6d,3,3,3,direct_vp_rollback,jnpp_then_vp,[],True,9.1624306527593e-05,0.00018765916090246826,0.4882485144181835,False,1.1631235711289838e-06,0.13897517213139454,9.1624306527593e-05,1.1631235711289838e-06,0.13897517213139454,9.162559700788862e-05,1.1631250930056823e-06,0.1389751721313943,True,rollback,existing_selector_rollback,"[2.0500153827928616,3.4222938564353886,0.4211291782280864]","[0.48780121768432233,0.2922016758193182,2.374568307537152]","[2.5381255967872516e-07,9.205765465803202e-08,2.389410152805455e-07]","[2.0500153827311887,3.4222938559823444,0.42112917822445955]","[0.48780121769899737,0.29220167585799994,2.3745683075576025]","[1.9946755068112254e-07,8.243420192177529e-08,2.6140660376954454e-07]",25492928.951570686,80.84320887306987,25492928.940303396,80.84320890436202,direct_vp,direct_vp,False,[]
fig1_fig2,adaptive_jones_vp_proposed_force_lower_raw,5.0,9,3933360494,full_6d,3,3,3,direct_vp_rollback,jnpp_then_vp,[],True,5.662101495119385e-05,0.00021394930995070362,0.2646468687570901,False,1.6118045284800082e-06,0.037669894455623874,5.662101495119385e-05,1.6118045284800082e-06,0.037669894455623874,5.6621449303921175e-05,1.6118043837766334e-06,0.03766989445562382,True,rollback,existing_selector_rollback,"[0.7039197979678713,1.1947165753330424,1.1045611154841917]","[1.4206163868187418,0.8370186039480054,0.9053369578020487]","[4.0423416726916594e-07,3.6335611507445235e-06,8.779113829238515e-07]","[0.7039197979778721,1.1947165753154314,1.1045611154693151]","[1.4206163867985586,0.8370186039603438,0.9053369578142421]","[1.406165783166625e-07,2.6266445146541807e-08,3.682636831315635e-06]",22830519.55824606,76.99765366273235,22830519.515837308,76.99765381462,direct_vp,direct_vp,False,[]
fig1_fig2,adaptive_jones_vp_proposed_force_lower_raw,5.0,12,2210497206,full_6d,3,3,3,direct_vp_rollback,jnpp_then_vp,[],True,0.0002236681542404593,0.0001808117699484918,1.237022093772856,False,9.569338413570794e-07,0.144173796428705,0.0002236681542404593,9.569338413570794e-07,0.144173796428705,0.00022366547853262475,9.569271929301411e-07,0.14417379642870545,True,rollback,existing_selector_rollback,"[1.62809441723498,1.1259760597874127,0.5995335267334763]","[0.6142149923323788,0.888118349681144,1.667963433918104]","[3.776648264429663e-07,1.6171799249014625e-07,5.182822538891902e-07]","[1.6280944173031529,1.1259760596945094,0.5995335267214941]","[0.6142149923066599,0.8881183497544217,1.6679634339514395]","[4.819491240644573e-07,4.989817887689813e-07,3.9807869258749183e-07]",28755075.682238467,71.48678572664679,28755075.61578489,71.48678594358965,direct_vp,direct_vp,False,[]
fig1_fig2,adaptive_jones_vp_proposed_force_lower_raw,5.0,19,3846521747,full_6d,3,3,3,direct_vp_rollback,jnpp_then_vp,[],True,0.00040613629371140977,0.00022248313691943764,1.8254700079065944,False,2.1599145663820694e-06,0.03748198917125215,0.00040613629371140977,2.1599145663820694e-06,0.03748198917125215,0.0004061332894216226,2.1598994600672976e-06,0.03748198917125233,True,rollback,existing_selector_rollback,"[1.2390523402529434,0.5902521647643797,1.5101673463822336]","[0.8070684082599919,1.694191160482394,0.6621782694441752]","[7.32125633668865e-07,3.4840365883857986e-09,2.745278782067008e-07]","[1.2390523402850235,0.5902521647436159,1.5101673463517726]","[0.8070684082390963,1.6941911605419921,0.6621782694575318]","[6.336065107431032e-07,4.01027736101129e-09,2.7405163754546683e-07]",20977876.10409223,80.88890870131694,20977875.825848375,80.88890981544787,direct_vp,direct_vp,False,[]
fig1_fig2,adaptive_jones_vp_proposed_force_lower_raw,5.0,14,1092560480,full_6d,3,3,3,direct_vp_rollback,jnpp_then_vp,[],True,0.00019688553033259676,0.0002032846704328461,0.9685212855124595,False,1.918923023617971e-06,0.06836063143903161,0.00019688553033259676,1.918923023617971e-06,0.06836063143903161,0.00019688863868310596,1.9189246795300557e-06,0.0683606314390321,True,rollback,existing_selector_rollback,"[1.1810595640183388,1.112357525852949,0.7118243337933615]","[0.8466973474195512,0.898991535326822,1.4048409874810242]","[6.278191000096688e-07,1.0181994191329047e-06,4.3606544159199577e-07]","[1.1810595639893369,1.112357525824094,0.7118243338020573]","[0.8466973474403425,0.8989915353501421,1.4048409874638623]","[4.730005303695121e-07,3.99640287959634e-07,1.2680523764260381e-06]",25092015.984646317,68.80171214085365,25092016.361210432,68.80171110437936,direct_vp,direct_vp,False,[]
fig1_fig2,adaptive_jones_vp_proposed_force_lower_raw,5.0,20,3607282624,full_6d,3,3,3,direct_vp_rollback,jnpp_then_vp,[],True,7.740495420532389e-05,0.00018984418448603674,0.4077288667803101,False,2.1544179650501405e-06,0.18082282547596584,7.740495420532389e-05,2.1544179650501405e-06,0.18082282547596584,7.740552828282885e-05,2.1544106820605998e-06,0.18082282547596484,True,rollback,existing_selector_rollback,"[1.3605520343530721,2.4629191725783492,0.49903372996711126]","[0.7349957772648723,0.4060222564878855,2.0038725640156745]","[1.0539158105513047e-06,7.679675831180134e-08,3.1314085017577466e-07]","[1.36055203421619,2.462919172812467,0.4990337299523055]","[0.7349957773388186,0.40602225644929024,2.003872564075127]","[1.0594345727757848e-06,7.945731876371514e-08,3.225881370647745e-07]",27169370.945641372,65.45357712493168,27169371.000727892,65.45357697351547,direct_vp,direct_vp,False,[]
fig1_fig2,adaptive_jones_vp_proposed_force_lower_raw,5.0,21,4000820147,full_6d,3,3,3,direct_vp_rollback,jnpp_then_vp,[],True,0.00012512783780199311,0.000262463655237757,0.4767434854499912,False,9.707011018867475e-07,0.10999797306464447,0.00012512783780199311,9.707011018867475e-07,0.10999797306464447,0.00012512589987751706,9.706956452036435e-07,0.10999797306464466,True,rollback,existing_selector_rollback,"[0.36335165327706515,14.17206539350749,2.9509393993605895]","[2.75215480920658,0.07056134530990438,0.33887513929080665]","[4.4391234695663085e-07,3.334881761724357e-09,3.344954514574917e-08]","[0.36335165328182195,14.172065393516123,2.9509393990951414]","[2.75215480917055,0.0705613453098614,0.33887513932128976]","[2.757635292798112e-07,1.2029323110542659e-08,1.0916360439192728e-08]",16183441.110817768,135.557781444371,16183441.268371329,135.5577800922806,direct_vp,direct_vp,False,[]
fig1_fig2,adaptive_jones_vp_proposed_force_lower_raw,5.0,22,3206710796,full_6d,3,3,3,direct_vp_rollback,jnpp_then_vp,[],True,0.00011320123296523891,0.00023889104109124345,0.47386135724529815,False,1.6023448720955375e-06,0.033879338823498924,0.00011320123296523891,1.6023448720955375e-06,0.033879338823498924,0.00011318774483503916,1.6023419541555572e-06,0.033879338823499146,True,rollback,existing_selector_rollback,"[0.7773860437421602,0.6977907565883578,2.220514726597523]","[1.286362172371206,1.4330943632565547,0.45034603374600063]","[1.0111341452917675e-06,2.7272906664511197e-07,1.3941976424111227e-06]","[0.7773860436089985,0.6977907566295739,2.220514726773244]","[1.2863621725915522,1.4330943631719066,0.45034603371036247]","[1.011714534581059e-06,2.7349583228547644e-07,1.3962800898895336e-06]",17972905.470708158,85.48527393992696,17972904.232198644,85.48527983774741,direct_vp,direct_vp,False,[]
fig1_fig2,adaptive_jones_vp_proposed_force_lower_raw,5.0,23,2043173887,full_6d,3,3,3,direct_vp_rollback,jnpp_then_vp,[],True,0.000296463774067555,0.00019702791353009235,1.5046790515917212,False,1.6275114419781164e-06,0.10357436633949296,0.000296463774067555,1.6275114419781164e-06,0.10357436633949296,0.000296467098171137,1.6275149362869164e-06,0.10357436633949288,True,rollback,existing_selector_rollback,"[3.9175634154615495,0.6585746391272034,0.7217846997316429]","[0.25526070517438376,1.5184307754769035,1.3854546935825527]","[1.2713886956419127e-06,1.4791225591558535e-08,6.113961624471777e-08]","[3.917563415770819,0.6585746390937838,0.7217846996876119]","[0.2552607051542324,1.518430775553957,1.3854546936670695]","[1.2696356904588828e-06,1.7320702471266306e-08,7.623992894768783e-08]",26542997.509691868,63.99278067513725,26542997.34697335,63.99278119229211,direct_vp,direct_vp,False,[]
fig1_fig2,adaptive_jones_vp_proposed_force_lower_raw,5.0,24,2465240206,full_6d,3,3,3,direct_vp_rollback,jnpp_then_vp,[],True,7.204004572295428e-05,0.0002528208709203022,0.2849450105156222,False,1.0743566228132467e-06,0.16606270250604274,7.204004572295428e-05,1.0743566228132467e-06,0.16606270250604274,7.203972508842632e-05,1.0743618115110475e-06,0.16606270250604183,True,rollback,existing_selector_rollback,"[1.7763691654467963,0.39345029421790506,17.845673636788273]","[0.5629460471673418,2.5416171107138004,0.056035990589936996]","[4.252441625312831e-07,1.594960893520245e-07,2.1372047472329632e-07]","[1.7763691654266422,0.39345029422039707,17.845673629258588]","[0.5629460471737288,2.5416171106977026,0.05603599061358045]","[2.3693828523070507e-07,2.7354649716829418e-08,1.5667114746202134e-07]",16329869.028140543,105.77293817174589,16329868.869481374,105.77293921063314,direct_vp,direct_vp,False,[]
fig1_fig2,adaptive_jones_vp_proposed_force_lower_raw,5.0,25,3407116044,full_6d,3,3,3,direct_vp_rollback,jnpp_then_vp,[],True,0.00018018589328055342,0.00024231843172310883,0.7435913644672614,False,2.2352160236405915e-06,0.06468084361421304,0.00018018589328055342,2.2352160236405915e-06,0.06468084361421304,0.0001801761404752605,2.235205690493255e-06,0.06468084361421285,True,rollback,existing_selector_rollback,"[0.6715726156395053,0.7892763243807247,2.420277704223315]","[1.489042252038639,1.266983398727717,0.4131757270054625]","[2.6419245943943446e-07,8.407208536289462e-08,3.99961905878027e-08]","[0.6715726156989718,0.7892763244598163,2.4202777039878955]","[1.4890422519067874,1.2669833986007555,0.4131757270456519]","[2.63093576458609e-07,8.485048599081046e-08,4.0213751640583994e-08]",17512687.187404636,82.8900430434034,17512688.074411716,82.89003882439435,direct_vp,direct_vp,False,[]
fig1_fig2,adaptive_jones_vp_proposed_force_lower_raw,5.0,26,890721611,full_6d,3,3,3,direct_vp_rollback,jnpp_then_vp,[],True,0.0003087853854179813,0.00020703943895547,1.4914326805357834,False,8.354201015269989e-07,0.15072659816376513,0.0003087853854179813,8.354201015269989e-07,0.15072659816376513,0.00030878088263846946,8.35414418733072e-07,0.1507265981637649,True,rollback,existing_selector_rollback,"[0.6167668510406606,3.129506052516555,0.815206319914842]","[1.6213582139054643,0.31953924460147076,1.226683326134722]","[1.8933133411448895e-07,4.879947996352657e-08,1.2121866619762305e-06]","[0.6167668510609212,3.12950605210085,0.8152063199042726]","[1.6213582138522034,0.3195392446439164,1.2266833261506265]","[1.913436330544885e-07,4.83298544867014e-08,1.1946220760260035e-06]",24342061.732508462,86.48522641546944,24342062.08971845,86.48522504833976,direct_vp,direct_vp,False,[]
fig1_fig2,adaptive_jones_vp_proposed_force_lower_raw,5.0,27,4133001221,full_6d,3,3,3,direct_vp_rollback,jnpp_then_vp,[],True,0.00016034002029737327,0.00026936099680586665,0.5952607177680339,False,8.450279692284255e-07,0.07394094489275316,0.00016034002029737327,8.450279692284255e-07,0.07394094489275316,0.00016036259090199896,8.450570132708189e-07,0.07394094489275348,True,rollback,existing_selector_rollback,"[1.7403140560745383,0.3920170831693839,34.91676416072735]","[0.5746089313637247,2.5509092407779717,0.02863953817031631]","[1.2685897905958867e-06,9.574329610970899e-08,7.433413306826384e-08]","[1.7403140560090993,0.392017083135277,34.916764278137855]","[0.5746089313853311,2.5509092409999097,0.028639538074013492]","[1.2278887214822285e-06,2.4926683163615276e-09,3.015487334737966e-08]",14393950.268026147,100.74933229433272,14393951.729021296,100.74932155693212,direct_vp,direct_vp,False,[]
fig1_fig2,adaptive_jones_vp_proposed_force_lower_raw,5.0,28,4133035554,full_6d,3,3,3,direct_vp_rollback,jnpp_then_vp,[],True,0.000137147515564877,0.0002518746465003193,0.5445070294707219,False,9.240271435626514e-07,0.11203217057419562,0.000137147515564877,9.240271435626514e-07,0.11203217057419562,0.0001371585147560924,9.240236200239724e-07,0.1120321705741956,True,rollback,existing_selector_rollback,"[0.5810933275244191,0.8185488754406358,4.608418636058655]","[1.7208939642443168,1.2216741479986373,0.21699417500200036]","[5.66052962950786e-08,2.125540598484927e-08,7.836068281084331e-07]","[0.5810933275604598,0.818548875365582,4.608418641401723]","[1.720893964137583,1.2216741481106541,0.2169941747504141]","[9.457357114337097e-08,1.6253697674886197e-08,6.44036538700362e-07]",16218490.36374275,88.8694774259799,16218489.259475993,88.86948346640838,direct_vp,direct_vp,False,[]
fig1_fig2,adaptive_jones_vp_proposed_force_lower_raw,5.0,30,635628036,full_6d,3,3,3,direct_vp_rollback,jnpp_then_vp,[],True,0.0004020793496239407,0.00019958767162653885,2.0145500288028657,False,2.121485540239654e-06,0.12196209809371117,0.0004020793496239407,2.121485540239654e-06,0.12196209809371117,0.00040207669865059334,2.121479742845271e-06,0.12196209809371253,True,rollback,existing_selector_rollback,"[1.0291967353942792,0.9830241597339318,0.8488516172525926]","[0.971631531279466,1.0172689959824384,1.1780621956470647]","[2.2646195240476527e-07,6.676105757622359e-09,1.7413912524449926e-07]","[1.0291967353898204,0.9830241597302384,0.8488516172381917]","[0.9716315312836754,1.0172689959862604,1.1780621956670507]","[2.3623367429171365e-07,2.1512280468399943e-09,1.427333841284757e-07]",25806531.951943673,70.91815057284946,25806531.697413318,70.91815123590558,direct_vp,direct_vp,False,[]
fig1_fig2,adaptive_jones_vp_proposed_force_lower_raw,5.0,16,1080178429,full_6d,3,3,3,direct_vp_rollback,jnpp_then_vp,"[""poor_clock_consistency""]",False,4.770295757975472e-05,0.00018657974469690617,0.2556706123553063,False,5.91478890311398e-07,0.15208307008548053,4.770295757975472e-05,5.91478890311398e-07,0.15208307008548053,4.770218652786904e-05,5.914800853409592e-07,0.15208307008548136,True,rollback,existing_selector_rollback,"[0.883053857022197,62.938921105151515,0.4996947294604296]","[1.1324337604631292,0.015888419794587355,2.0012218281335494]","[2.861590523133341e-07,3.5824945844929566e-09,5.864818052706159e-08]","[0.8830538570453367,62.93892111025546,0.4996947294584043]","[1.1324337604334547,0.015888419793298907,2.0012218281416603]","[2.927356819715372e-07,2.508402133535123e-09,6.72322517203914e-08]",27169539.910714235,87.54029742823467,27169539.933706522,87.54029732630185,ris_only_stage2_then_vp,jnpp_then_vp,True,"[""poor_clock_consistency""]"
fig1_fig2,adaptive_jones_vp_proposed_force_lower_raw,5.0,32,2857393641,full_6d,3,3,3,direct_vp_rollback,jnpp_then_vp,[],True,0.0003764218069179034,0.00020526202885815924,1.8338599156009487,False,2.7354781300973283e-06,0.05711765088693868,0.0003764218069179034,2.7354781300973283e-06,0.05711765088693868,0.00037642046962005864,2.7354782356519666e-06,0.05711765088693879,True,rollback,existing_selector_rollback,"[0.673958060286374,1.4313997065198052,1.0178574411899801]","[1.483771853065178,0.6986168820936057,0.9824558523931202]","[1.7209685732203477e-07,9.333397301462563e-08,2.4073933329781113e-06]","[0.6739580602563385,1.4313997064860744,1.0178574411810386]","[1.4837718531313033,0.6986168821100686,0.9824558524017507]","[1.7121541705917573e-07,9.158214189393873e-08,2.3917737593703795e-06]",24646142.180930804,73.52980335866795,24646142.302041683,73.52980299473803,direct_vp,direct_vp,False,[]
fig1_fig2,adaptive_jones_vp_proposed_force_lower_raw,5.0,34,1995992425,full_6d,3,3,3,direct_vp_rollback,jnpp_then_vp,[],True,0.0001180356705448789,0.00022469948693132073,0.5253045841664803,False,1.3751341224775816e-06,0.2416927150214049,0.0001180356705448789,1.3751341224775816e-06,0.2416927150214049,0.00011803644598203236,1.3751359914880248e-06,0.24169271502140535,True,rollback,existing_selector_rollback,"[3.7004936952644765,0.47060541797745725,1.3318030100188365]","[0.27023421260682057,2.1249224122775208,0.7508617959832697]","[9.696095851658386e-07,4.806456844368923e-08,8.125429436048546e-07]","[3.70049369505329,0.470605417957964,1.331803009998858]","[0.2702342126222428,2.1249224123655384,0.7508617959945335]","[9.851742049493115e-07,5.41634585129676e-08,8.030311373489e-07]",21249401.27839746,76.7034413303465,21249400.948651966,76.70344256391571,direct_vp,direct_vp,False,[]
fig1_fig2,adaptive_jones_vp_proposed_force_lower_raw,5.0,35,714029656,full_6d,3,3,3,direct_vp_rollback,jnpp_then_vp,[],True,0.00029596459279772737,0.00021536817566115358,1.3742262146631126,False,2.389766953836546e-06,0.06076319229330758,0.00029596459279772737,2.389766953836546e-06,0.06076319229330758,0.0002959605602039994,2.3897526790600537e-06,0.06076319229330815,True,rollback,existing_selector_rollback,"[8.468732796579703,0.4264290151887127,1.451728686579474]","[0.11808142068142766,2.3450561860970733,0.6888339462070717]","[5.166320101566519e-08,4.380480446485446e-08,1.0583990156212107e-07]","[8.46873279792658,0.42642901517417253,1.4517286867722932]","[0.11808142066264787,2.345056186177034,0.6888339461155806]","[5.6492184733969646e-08,4.345747044579963e-08,1.2792943273232612e-07]",23502313.775618266,80.86833505812103,23502314.07717814,80.868333929912,direct_vp,direct_vp,False,[]
fig1_fig2,adaptive_jones_vp_proposed_force_lower_raw,5.0,37,1911328645,full_6d,3,3,3,direct_vp_rollback,jnpp_then_vp,[],True,0.00024840941380523747,0.00024251521933925908,1.0243044312106981,False,1.3414165437539446e-06,0.07223941896316553,0.00024840941380523747,1.3414165437539446e-06,0.07223941896316553,0.0002484057559648718,1.3414114368311451e-06,0.07223941896316556,True,rollback,existing_selector_rollback,"[1.6689998597323146,0.470250995423742,2.2467112065158363]","[0.5991612247101793,2.126523940897631,0.44509503361962455]","[6.019291377224998e-07,1.2620095242939763e-07,2.8460492723912103e-07]","[1.668999859207667,0.47025099546556254,2.24671120665929]","[0.5991612248985247,2.1265239407085144,0.44509503359120495]","[5.557256857505755e-07,5.353630122236367e-08,2.0550045605751046e-07]",17819693.852846924,84.9667259791948,17819693.542114824,84.9667275053216,direct_vp,direct_vp,False,[]
fig1_fig2,adaptive_jones_vp_proposed_force_lower_raw,5.0,38,445142407,full_6d,3,3,3,direct_vp_rollback,jnpp_then_vp,[],True,0.0004653837187374915,0.0002701666233464015,1.7225803579030083,False,2.187627909671789e-06,0.2243230026763627,0.0004653837187374915,2.187627909671789e-06,0.2243230026763627,0.00046537960688380805,2.1876045673317046e-06,0.2243230026766454,True,rollback,existing_selector_rollback,"[0.3648398972274844,5.130532945001462,4.403153946388514]","[2.740928301972733,0.19491152492630268,0.22710993350932032]","[5.515999665360212e-07,1.634496326754676e-07,1.707381023985439e-08]","[0.3648398973621242,5.130532950020826,4.4031539680342]","[2.740928300961226,0.1949115247356145,0.22710993239285918]","[5.541803507416905e-07,1.528796515357887e-07,1.7491329599108548e-08]",15010667.016198965,121.44285504643175,15010666.790594928,121.44285594456137,direct_vp,direct_vp,False,[]
fig1_fig2,adaptive_jones_vp_proposed_force_lower_raw,5.0,39,1925729663,full_6d,3,3,3,direct_vp_rollback,jnpp_then_vp,[],True,0.00012949124191755657,0.00018344877290360064,0.7058713986906967,False,2.3669822694187637e-06,0.028084128138801262,0.00012949124191755657,2.3669822694187637e-06,0.028084128138801262,0.00012949102284995085,2.3670082340680684e-06,0.028084128138801713,True,rollback,existing_selector_rollback,"[1.437060618600737,6.570270967724083,0.4314131051364715]","[0.6958648696199474,0.1522007242784731,2.31796389143819]","[9.92877791593909e-07,4.074202966644893e-08,1.5156234242471043e-06]","[1.437060618672007,6.570270967126941,0.43141310516838227]","[0.6958648695854366,0.1522007242923059,2.317963891266735]","[8.85021054392672e-07,8.210880911853994e-08,1.6184395400227887e-06]",26151654.557481334,90.07909877211715,26151654.552500322,90.07909801729404,direct_vp,direct_vp,False,[]
fig1_fig2,adaptive_jones_vp_proposed_force_lower_raw,5.0,40,1007248754,full_6d,3,3,3,direct_vp_rollback,jnpp_then_vp,[],True,0.0002232115030385028,0.0002552588646638665,0.8744515232896426,False,1.2507976187060837e-06,0.09296618977720497,0.0002232115030385028,1.2507976187060837e-06,0.09296618977720497,0.00022320652398839861,1.2507715330242011e-06,0.09296618977720482,True,rollback,existing_selector_rollback,"[0.4298870586244447,2.0204169882395204,2.9458295667861396]","[2.3261923799227087,0.4949473330598572,0.3394629517172104]","[7.096360894282638e-07,2.6306977540192934e-08,4.4359100170579676e-07]","[0.42988705850024655,2.02041699157413,2.9458295695258894]","[2.326192380594766,0.4949473322429684,0.3394629514014951]","[7.148907244732649e-07,2.9377550126175582e-08,4.4460639922450573e-07]",16114352.32441567,101.44968627901618,16114352.79496483,101.44968365056035,direct_vp,direct_vp,False,[]
fig1_fig2,adaptive_jones_vp_proposed_force_lower_raw,5.0,29,1456316145,full_6d,3,3,3,direct_vp_rollback,jnpp_then_vp,[],True,9.635987686718173e-05,0.00019190788238567834,0.5021152631632231,False,1.457063877888202e-06,0.18521566417973404,9.635987686718173e-05,1.457063877888202e-06,0.18521566417973404,9.635045182807637e-05,1.4570637060943208e-06,0.18521566417973426,True,rollback,existing_selector_rollback,"[2.2363274910024282,0.7355129253757892,0.736998906979838]","[0.4471616988214531,1.3595954136201525,1.3568541154249225]","[8.442468628078352e-07,1.1982243882713254e-07,9.594209604520597e-08]","[2.236327491112078,0.735512924986847,0.736998907085305]","[0.4471616987995283,1.359595414339112,1.3568541152307523]","[3.370439454946858e-07,8.2798206345535e-08,1.6485675997511627e-07]",27508284.373507608,77.3815160685267,27508283.688880023,77.38151796735568,direct_vp,direct_vp,False,[]
fig1_fig2,adaptive_jones_vp_proposed_force_lower_raw,5.0,42,1970772956,full_6d,3,3,3,direct_vp_rollback,jnpp_then_vp,[],True,5.1635441035191416e-05,0.00019028000218306246,0.27136556886053936,False,5.821262744010913e-07,0.05438407441740773,5.1635441035191416e-05,5.821262744010913e-07,0.05438407441740773,5.163404571988525e-05,5.821279679388973e-07,0.05438407441740787,True,rollback,existing_selector_rollback,"[3.3096937144007166,0.9140224918768372,0.5655683323221188]","[0.30214276192555767,1.0940649807705543,1.7681329431823378]","[8.372010574691234e-07,3.931538593352317e-08,2.820478629809432e-07]","[3.3096937150070485,0.9140224918464211,0.5655683323319718]","[0.3021427618702055,1.0940649808069616,1.7681329431515345]","[8.353927462393986e-07,3.9006214702707315e-08,2.7512607160081994e-07]",27091505.60147204,72.503955337451,27091505.652161643,72.50395521608701,direct_vp,direct_vp,False,[]
fig1_fig2,adaptive_jones_vp_proposed_force_lower_raw,5.0,43,409305243,full_6d,3,3,3,direct_vp_rollback,jnpp_then_vp,[],True,0.00036361245122278166,0.00023836647972006847,1.5254344975426029,False,1.3362211989865959e-06,0.10541141686328603,0.00036361245122278166,1.3362211989865959e-06,0.10541141686328603,0.0003636122293078398,1.3362199955843016e-06,0.10541141686328641,True,rollback,existing_selector_rollback,"[0.5816282488196532,0.943779363051275,2.5699059021284705]","[1.719311264590057,1.0595696824372358,0.38911930556258933]","[4.86944171644061e-07,3.810651934357941e-08,1.3167364209952415e-06]","[0.5816282487807544,0.9437793631841023,2.569905902066748]","[1.7193112647050433,1.0595696822881122,0.389119305571935]","[4.894091892339052e-07,3.8434176223707643e-08,1.3107373749654175e-06]",18197000.993799523,97.03447255583067,18197000.975136727,97.03447268289447,direct_vp,direct_vp,False,[]
fig1_fig2,adaptive_jones_vp_proposed_force_lower_raw,5.0,33,3489193506,full_6d,3,3,3,direct_vp_rollback,jnpp_then_vp,[],True,5.6007648154090384e-05,0.00020617645993753684,0.27164909209838234,False,1.113897712043609e-06,0.15874093357104171,5.6007648154090384e-05,1.113897712043609e-06,0.15874093357104171,5.600765050593187e-05,1.113897538220017e-06,0.15874093357104238,True,rollback,existing_selector_rollback,"[0.7340586173946637,1.8133214853242532,0.7945349435034091]","[1.3622890274737007,0.5514741914721037,1.25859788568873]","[3.691325087707062e-07,8.538218766194741e-08,2.524082194948369e-07]","[0.7340586173975241,1.8133214853148818,0.794534943506544]","[1.3622890274683925,0.5514741914749538,1.2585978856837643]","[5.924261195291285e-08,9.805206267073853e-08,6.472490057214516e-07]",24623823.020330437,79.35612469833357,24623822.9989231,79.3561247630098,direct_vp,direct_vp,False,[]
fig1_fig2,adaptive_jones_vp_proposed_force_lower_raw,5.0,31,3399679668,full_6d,3,3,3,direct_vp_rollback,jnpp_then_vp,[],False,0.0002160560004047844,0.0002465018141063327,0.876488480168284,False,1.0471601357093111e-06,0.12737654368751786,0.0002160560004047844,1.0471601357093111e-06,0.12737654368751786,0.00021605749797197276,1.0471622314997287e-06,0.12737654368751922,True,rollback,existing_selector_rollback,"[0.5615916180688455,0.9392266305394011,3.1570774163317807]","[1.780653357039329,1.0647057562930868,0.3167486469681654]","[4.0251442056543887e-07,3.7521072797684866e-08,6.771270691844546e-09]","[0.5615916180469754,0.939226630590965,3.157077416254361]","[1.780653357108673,1.064705756234634,0.3167486469759329]","[4.0288669632616984e-07,3.8416535274989524e-08,6.570375349957634e-09]",16918300.952990275,93.62637730530776,16918300.808991022,93.62637810394313,direct_vp,jnpp_then_vp,False,[]
fig1_fig2,adaptive_jones_vp_proposed_force_lower_raw,5.0,44,2937526438,full_6d,3,3,3,direct_vp_rollback,jnpp_then_vp,[],True,8.665456772691453e-05,0.00019514314628769216,0.4440564240937418,False,2.4150703434718576e-06,0.1001750169289636,8.665456772691453e-05,2.4150703434718576e-06,0.1001750169289636,8.665314836057082e-05,2.415066956454218e-06,0.100175016928963,True,rollback,existing_selector_rollback,"[3.10616067349682,0.6077551501493217,0.837023291828316]","[0.3219408475966328,1.645399466797934,1.1947098841357875]","[9.237148321057594e-08,1.8261318305190589e-07,3.303782272876461e-07]","[3.106160673127205,0.6077551501548007,0.8370232917824728]","[0.32194084763494185,1.6453994667831002,1.194709884201221]","[1.0231823189473986e-07,1.8183934937333497e-07,3.2759657200527945e-07]",26858579.190629493,72.67151519215275,26858579.276527923,72.67151494391047,direct_vp,direct_vp,False,[]
fig1_fig2,adaptive_jones_vp_proposed_force_lower_raw,5.0,45,2629875502,full_6d,3,3,3,direct_vp_rollback,jnpp_then_vp,[],True,6.55463872611677e-05,0.0001979350763428231,0.3311509433913649,False,1.4161021973349042e-06,0.1166646601103173,6.55463872611677e-05,1.4161021973349042e-06,0.1166646601103173,6.554406037679832e-05,1.4161010293277316e-06,0.11666466011031673,True,rollback,existing_selector_rollback,"[1.2208788186959132,0.7455403351713287,1.0065415809631417]","[0.8190821109231246,1.341309051735544,0.99350093320746]","[9.048424256643201e-08,6.557079815534158e-09,8.527733140150436e-07]","[1.2208788184850994,0.745540335183653,1.0065415809377187]","[0.8190821110645585,1.341309051713371,0.9935009332325536]","[9.246544810005516e-08,6.087297519256024e-09,8.621181926568992e-07]",26031419.72303014,71.67351481514571,26031419.35647746,71.67351579610137,direct_vp,direct_vp,False,[]
fig1_fig2,adaptive_jones_vp_proposed_force_lower_raw,5.0,36,3263447461,full_6d,3,3,3,direct_vp_rollback,jnpp_then_vp,[],False,0.00021607491447427765,0.00017904723747165207,1.2068039559029111,False,2.1832764276604715e-06,0.0774422163117893,0.00021607491447427765,2.1832764276604715e-06,0.0774422163117893,0.00021607561712579416,2.1832787539967683e-06,0.07744221631178934,True,rollback,existing_selector_rollback,"[1.753183564367499,95.33010418171126,0.38762043548723496]","[0.5703909278655711,0.010489865803550819,2.5798433427345553]","[8.47717803891297e-07,6.511031863877855e-07,1.600114051017844e-06]","[1.7531835640152906,95.3301047520391,0.38762043547063696]","[0.5703909279801606,0.010489865740793492,2.579843342845025]","[1.0242557659867102e-06,1.65770498742432e-08,4.3248778103742386e-08]",24501769.06070478,90.29943914999879,24501769.057048496,90.2994394787685,direct_vp,jnpp_then_vp,False,[]
fig1_fig2,adaptive_jones_vp_proposed_force_lower_raw,5.0,46,3306807379,full_6d,3,3,3,direct_vp_rollback,jnpp_then_vp,[],True,0.000335042898511377,0.00018560504410764108,1.8051389719617204,False,1.6536704681639148e-06,0.1363640268200279,0.000335042898511377,1.6536704681639148e-06,0.1363640268200279,0.00033503604813793915,1.6536501510868684e-06,0.1363640268200288,True,rollback,existing_selector_rollback,"[4.008651786019892,1.3767556327191286,0.4546459322247098]","[0.24946043043286398,0.7263453122930734,2.1995137955073423]","[2.5673293059625623e-07,6.865835213635035e-08,1.450191431786285e-06]","[4.0086517837921924,1.3767556332664397,0.4546459322406341]","[0.24946043057149486,0.7263453120043244,2.1995137954303026]","[2.6863186244107544e-07,7.033375925428086e-08,1.4398795909228719e-06]",27003489.13999474,78.02250484536351,27003489.258715548,78.02250447923956,direct_vp,direct_vp,False,[]
fig1_fig2,adaptive_jones_vp_proposed_force_lower_raw,5.0,47,582567175,full_6d,3,3,3,direct_vp_rollback,jnpp_then_vp,[],True,0.00018173800484198613,0.00024564678632260585,0.7398346526842453,False,2.5310050238167673e-06,0.06794803024651612,0.00018173800484198613,2.5310050238167673e-06,0.06794803024651612,0.00018171621400853367,2.530977272715423e-06,0.067948030246516,True,rollback,existing_selector_rollback,"[1.1619375935082303,0.46071893449128437,7.066310161044794]","[0.8606314190932964,2.1705207343034796,0.14151657331795892]","[5.461207389646921e-06,2.0434052906978974e-08,9.028773466927092e-09]","[1.1619375938725673,0.46071893432523825,7.0663101560476145]","[0.860631418823437,2.1705207350857494,0.14151657341803714]","[5.522982135457489e-06,1.8545789688975916e-08,4.308512554734814e-09]",17046784.069944963,95.89501715831824,17046786.031716373,95.89500664328462,direct_vp,direct_vp,False,[]
fig1_fig2,adaptive_jones_vp_proposed_force_lower_raw,5.0,49,3038295588,full_6d,3,3,3,direct_vp_rollback,jnpp_then_vp,[],True,0.00015033744622548758,0.00018520542775205518,0.8117334791437791,False,3.2936639957429706e-06,0.18351828622592722,0.00015033744622548758,3.2936639957429706e-06,0.18351828622592722,0.0001503355862740798,3.293662442814706e-06,0.18351828622592595,True,rollback,existing_selector_rollback,"[0.8257264271686873,11.44458517546328,0.5327125769510284]","[1.211054856785981,0.08737756630380228,1.8771848896884522]","[8.51056178785247e-07,4.9161349378372775e-08,7.359634144078551e-07]","[0.8257264271046141,11.444585177654304,0.5327125769635277]","[1.211054856879954,0.08737756628707416,1.8771848896444066]","[5.66256623370635e-07,1.8079970830564242e-08,1.0747053234580248e-06]",27631120.861561373,78.30816228583825,27631120.813579254,78.30816241239224,direct_vp,direct_vp,False,[]
fig1_fig2,adaptive_jones_vp_proposed_force_lower_raw,5.0,51,2092735507,full_6d,3,3,3,direct_vp_rollback,jnpp_then_vp,[],True,0.00034315566834721675,0.00023682031963027754,1.4490127742541237,False,1.400680033380333e-06,0.22407368284890156,0.00034315566834721675,1.400680033380333e-06,0.22407368284890156,0.0003431695927908474,1.400700272179058e-06,0.22407368284897675,True,rollback,existing_selector_rollback,"[4.515368964529697,0.37096892273422766,4.116693592687888]","[0.2214658442866896,2.695643593617292,0.24291339092423425]","[1.2694064506717488e-07,1.6637585457123262e-07,2.100809003740488e-07]","[4.515368964374139,0.3709689227088048,4.11669359081962]","[0.22146584429431923,2.695643593802027,0.242913391034475]","[1.3878191733872715e-07,1.6997092563411062e-07,2.235855280808239e-07]",19162919.89795469,96.63926963775546,19162918.70977067,96.63927553279773,direct_vp,direct_vp,False,[]
fig1_fig2,adaptive_jones_vp_proposed_force_lower_raw,5.0,52,2910844986,full_6d,3,3,3,direct_vp_rollback,jnpp_then_vp,[],True,0.00039407671789328696,0.00020670827590894353,1.9064389955382366,False,1.827836378528301e-06,0.0526097913403619,0.00039407671789328696,1.827836378528301e-06,0.0526097913403619,0.0003940739401549959,1.8278334627158533e-06,0.0526097913403618,True,rollback,existing_selector_rollback,"[11.331164587723313,0.5146227884960491,0.8819547094169041]","[0.0882521820459755,1.9431708473733134,1.1338450708656664]","[1.8756949436148682e-07,1.270592613819423e-07,4.3956914754214623e-07]","[11.331164584269926,0.5146227884840039,0.8819547093293572]","[0.08825218207287203,1.9431708474187952,1.1338450709782173]","[2.0796116175801208e-07,1.1365326758017835e-07,5.358365280205963e-07]",25156163.4657818,75.26579208031123,25156163.323581602,75.26579251901067,direct_vp,direct_vp,False,[]
fig1_fig2,adaptive_jones_vp_proposed_force_lower_raw,5.0,53,3576518520,full_6d,3,3,3,direct_vp_rollback,jnpp_then_vp,"[""poor_clock_consistency""]",True,0.00013897575627543434,0.000300051998354177,0.4631722402707993,False,5.40603913511606e-07,0.05929762932113032,0.00013897575627543434,5.40603913511606e-07,0.05929762932113032,0.0001389805221862021,5.406068839326705e-07,0.059297629321130266,True,rollback,existing_selector_rollback,"[51.54989912579655,0.3291058135041978,9.812910091468604]","[0.019398680053828294,3.038536418886188,0.10190656906757888]","[3.411182894809955e-09,7.456530546275692e-08,1.8857626499697076e-07]","[51.54989914600541,0.32910581352761936,9.812910090823484]","[0.019398680046223523,3.0385364186699437,0.10190656907427842]","[3.35591486976761e-09,7.300397136980381e-08,1.891596951396942e-07]",11514781.339583209,166.88510417255804,11514781.301193941,166.88510429554142,ris_only_stage2_then_vp,direct_vp,True,"[""poor_clock_consistency""]"
fig1_fig2,adaptive_jones_vp_proposed_force_lower_raw,5.0,55,3199904066,full_6d,3,3,3,direct_vp_rollback,jnpp_then_vp,[],True,8.913594893974046e-05,0.0001931610534001764,0.461459219499468,False,1.0996186220469955e-06,0.12409239686341937,8.913594893974046e-05,1.0996186220469955e-06,0.12409239686341937,8.91365890355388e-05,1.0996194141845659e-06,0.12409239686341958,True,rollback,existing_selector_rollback,"[1.2427167221765363,1.1790214686713991,0.656803102239849]","[0.8046886166038897,0.8481609763439579,1.5225263044420987]","[5.419378335302086e-07,1.846705473066796e-07,2.4307241101998074e-07]","[1.2427167222265212,1.1790214686253266,0.6568031022313738]","[0.8046886165715234,0.8481609763771014,1.5225263044617448]","[5.481167301687869e-07,1.7994806896380446e-07,2.5034362978427563e-07]",27032213.65285622,66.28612555279084,27032213.772901215,66.2861252406406,direct_vp,direct_vp,False,[]
fig1_fig2,adaptive_jones_vp_proposed_force_lower_raw,5.0,56,2167631329,full_6d,3,3,3,direct_vp_rollback,jnpp_then_vp,[],True,4.694859597025785e-05,0.00019008863705699368,0.24698265344593637,False,1.0063734658392765e-06,0.12486889258925858,4.694859597025785e-05,1.0063734658392765e-06,0.12486889258925858,4.694302336591384e-05,1.006378785680977e-06,0.1248688925892593,True,rollback,existing_selector_rollback,"[1.3602742162610229,7.057216678285129,0.43610101902206005]","[0.7351458904715061,0.14169892261773917,2.293046694185732]","[1.1731440551703202e-06,3.75559617923476e-09,1.5336765259377445e-07]","[1.3602742165353492,7.05721666233837,0.43610101899076964]","[0.7351458903232494,0.14169892293792752,2.293046694350259]","[1.175877790383685e-06,3.851016579553525e-09,1.5317071309914797e-07]",25713433.738999277,84.94102695916418,25713433.673332796,84.94102668378616,direct_vp,direct_vp,False,[]
fig1_fig2,adaptive_jones_vp_proposed_force_lower_raw,5.0,41,4278604885,full_6d,3,3,3,direct_vp_rollback,jnpp_then_vp,[],True,0.0001525859147841842,0.00027260744672626987,0.5597276105865094,False,1.8733982854088947e-06,0.09009840702307938,0.0001525859147841842,1.8733982854088947e-06,0.09009840702307938,0.00015257800845441542,1.873386487605883e-06,0.09009840702307992,True,rollback,existing_selector_rollback,"[0.5380628013602516,0.8049840115176518,17.05105746127574]","[1.8585191123999063,1.2422606979657593,0.05864738901115229]","[2.408071212807823e-07,8.469393991017991e-08,9.593924953685879e-08]","[0.5380628013612724,0.804984011461691,17.051057470372836]","[1.8585191123963805,1.2422606980521187,0.05864738897986267]","[2.1989575103408304e-07,5.607082792497604e-08,1.4448208900997242e-07]",13785555.958826568,110.50284164136251,13785556.921759028,110.50283382001595,direct_vp,direct_vp,False,[]
fig1_fig2,adaptive_jones_vp_proposed_force_lower_raw,5.0,57,476784074,full_6d,3,3,3,direct_vp_rollback,jnpp_then_vp,[],True,9.692172847260453e-05,0.00019472039297561614,0.49774821728477897,False,1.714310456592177e-06,0.05587020692010673,9.692172847260453e-05,1.714310456592177e-06,0.05587020692010673,9.691819734569058e-05,1.7143050611909192e-06,0.05587020692010675,True,rollback,existing_selector_rollback,"[1.0682794538563434,1.2834995042016555,0.7002038216744098]","[0.9360846512483862,0.7791198958200787,1.428155587051756]","[9.816788475147924e-07,3.426564943076017e-08,2.3757696920995766e-07]","[1.0682794537385418,1.28349950425943,0.7002038217329623]","[0.9360846513516103,0.7791198957850081,1.4281555869323306]","[9.74662225538401e-07,3.850900664872026e-08,2.2446978055101698e-07]",26951363.74430035,61.80908742309359,26951363.483870525,61.809087994681434,direct_vp,direct_vp,False,[]
fig1_fig2,adaptive_jones_vp_proposed_force_lower_raw,5.0,58,1249403404,full_6d,3,3,3,direct_vp_rollback,jnpp_then_vp,"[""poor_clock_consistency""]",True,0.0001679876659377036,0.00027132829894011527,0.6191306494527505,False,1.4957421185210015e-06,0.214695707724692,0.0001679876659377036,1.4957421185210015e-06,0.214695707724692,0.00016797887967430063,1.4957361252088455e-06,0.214695707724691,True,rollback,existing_selector_rollback,"[0.6186106989996893,0.7336916111626812,5.604899483489473]","[1.6165255492936172,1.3629704698607172,0.1784153316112316]","[7.301521864014274e-07,5.373143148301549e-08,1.3056717421390335e-07]","[0.6186106989807468,0.733691611192508,5.604899483200615]","[1.616525549343117,1.3629704698053082,0.17841533162042653]","[7.1188812599932e-07,5.4185225793534036e-08,1.3986170411041956e-07]",13923691.138366686,95.39489905956836,13923691.752295215,95.39489468683126,ris_only_stage2_then_vp,direct_vp,True,"[""poor_clock_consistency""]"
fig1_fig2,adaptive_jones_vp_proposed_force_lower_raw,5.0,59,1187262716,full_6d,3,3,3,direct_vp_rollback,jnpp_then_vp,[],True,0.00014762694876218187,0.00021165453149925905,0.6974901397880001,False,1.5173118573420647e-06,0.07885363029078572,0.00014762694876218187,1.5173118573420647e-06,0.07885363029078572,0.00014762674831190505,1.517309046516745e-06,0.07885363029078592,True,rollback,existing_selector_rollback,"[0.5151329008862958,9.052870412267552,0.8831887587141439]","[1.9412466147647842,0.1104622019813568,1.1322607881185458]","[5.358578069886053e-07,3.0795508434333483e-08,3.8060754774501107e-07]","[0.5151329008871008,9.05287041323357,0.8831887587001614]","[1.9412466147617506,0.11046220196956955,1.1322607881364715]","[5.371801651452853e-07,2.2106388749367607e-08,3.736696717044826e-07]",24246370.595926926,73.77428563085118,24246370.543502998,73.7742857837386,direct_vp,direct_vp,False,[]
fig1_fig2,adaptive_jones_vp_proposed_force_lower_raw,5.0,60,1839575832,full_6d,3,3,3,direct_vp_rollback,jnpp_then_vp,[],True,0.00032937093909120036,0.00024306361217003023,1.355081232236422,False,1.1874076558472502e-06,0.1773730068920566,0.00032937093909120036,1.1874076558472502e-06,0.1773730068920566,0.00032936240192077805,1.1873977706180482e-06,0.17737300689205646,True,rollback,existing_selector_rollback,"[2.467391508908018,0.39028259259841996,5.369740814951334]","[0.40528631001089,2.562245969879975,0.18622872769021967]","[9.487515128437083e-07,1.8089617170194442e-09,4.78397979675063e-08]","[2.467391508542965,0.3902825926167886,5.369740815555849]","[0.4052863100708525,2.562245969759383,0.1862287276692544]","[9.180454083264513e-07,5.2306924461569605e-09,3.194651774679587e-08]",18014049.51958492,93.82220640579247,18014050.211302627,93.82220264606298,direct_vp,direct_vp,False,[]
fig1_fig2,adaptive_jones_vp_proposed_force_lower_raw,5.0,61,3445288900,full_6d,3,3,3,direct_vp_rollback,jnpp_then_vp,[],True,0.00020727993557227532,0.00024730785753649266,0.8381453692456544,False,1.6309877073769685e-06,0.17933480923137177,0.00020727993557227532,1.6309877073769685e-06,0.17933480923137177,0.00020728405518655112,1.6309985408897886e-06,0.17933480923137238,True,rollback,existing_selector_rollback,"[3.710805367113082,0.3718730588345545,4.839839703203774]","[0.26948327952168116,2.6890896671396836,0.20661841327786157]","[5.2255763030193147e-08,1.62986730902539e-07,3.9939579862051923e-07]","[3.7108053675811696,0.3718730588580814,4.8398397028112035]","[0.269483279487688,2.6890896669695556,0.20661841329462083]","[6.186785127846899e-08,1.412246178822063e-07,4.0008233852154003e-07]",17839025.073837765,109.21071197133493,17839025.36650637,109.21071009139251,direct_vp,direct_vp,False,[]
fig1_fig2,adaptive_jones_vp_proposed_force_lower_raw,5.0,48,3302385666,full_6d,3,3,3,direct_vp_rollback,jnpp_then_vp,[],True,0.00011204752834778305,0.00020375798729268534,0.54990496243386,False,2.1440987311121362e-06,0.13124461418278946,0.00011204752834778305,2.1440987311121362e-06,0.13124461418278946,0.00011204603958416143,2.1440955489023348e-06,0.13124461418278935,True,rollback,existing_selector_rollback,"[0.7115805974611145,3.659681702767234,0.679548982840736]","[1.4053221849601303,0.27324780710852525,1.471564265785514]","[4.1176130505544024e-08,1.349352380582879e-08,4.473465984727546e-07]","[0.7115805975209065,3.6596817041143272,0.6795489828094268]","[1.4053221848420452,0.2732478070079454,1.471564265853314]","[3.3104351827226504e-08,3.693679866166236e-11,3.828690929494579e-07]",25191601.091256063,73.54653785430375,25191601.363131493,73.54653708667186,direct_vp,direct_vp,False,[]
fig1_fig2,adaptive_jones_vp_proposed_force_lower_raw,5.0,62,1815661330,full_6d,3,3,3,direct_vp_rollback,jnpp_then_vp,"[""poor_clock_consistency""]",True,0.00022882529608755106,0.0003201054728417729,0.7148434359966681,False,1.60284072048795e-06,0.17903568319848295,0.00022882529608755106,1.60284072048795e-06,0.17903568319848295,0.0002288375944867991,1.602847689966644e-06,0.17903568319848348,True,rollback,existing_selector_rollback,"[0.3425959072433204,5.936405698906233,14.108956364701463]","[2.9188906780764072,0.16845209891539437,0.07087696454202269]","[1.837645049760863e-07,3.882515979731857e-08,1.2515198939870203e-07]","[0.3425959072267537,5.93640569905094,14.108956362511794]","[2.9188906782175543,0.16845209891128812,0.07087696455302259]","[1.602887575969864e-07,1.2358856941480128e-07,6.813639347253798e-08]",10805224.42373299,173.70924349151912,10805223.674021479,173.70925557594754,ris_only_stage2_then_vp,direct_vp,True,"[""poor_clock_consistency""]"
fig1_fig2,adaptive_jones_vp_proposed_force_lower_raw,5.0,63,3424526765,full_6d,3,3,3,direct_vp_rollback,jnpp_then_vp,[],True,6.147633169833342e-05,0.00021175117340175927,0.2903234523366408,False,1.8522978635470008e-06,0.10290575853332772,6.147633169833342e-05,1.8522978635470008e-06,0.10290575853332772,6.148090248484791e-05,1.8523317352818636e-06,0.10290575853332819,True,rollback,existing_selector_rollback,"[2.6072787332999185,0.5869977346067169,0.9332687827139424]","[0.38354165483938746,1.703584087371996,1.0715026780292276]","[1.2371070509111118e-06,4.903487589476264e-08,1.2101326042852273e-06]","[2.6072787340406838,0.586997734382683,0.9332687826456266]","[0.3835416547304178,1.7035840880221869,1.0715026781076622]","[1.3704851264862004e-06,1.3571363059789774e-08,1.1959365615687195e-06]",23640925.793732516,71.75982919490123,23640925.711882345,71.75982977144494,direct_vp,direct_vp,False,[]
fig1_fig2,adaptive_jones_vp_proposed_force_lower_raw,5.0,50,3229661427,full_6d,3,3,3,direct_vp_rollback,jnpp_then_vp,[],True,0.0002943610544740838,0.00027901760448752796,1.054990974547062,False,2.0169268817966257e-06,0.1544916892681293,0.0002943610544740838,2.0169268817966257e-06,0.1544916892681293,0.00029435408380784915,2.0169259537711377e-06,0.15449168926812906,True,rollback,existing_selector_rollback,"[0.39583444709439697,2.5361075270864535,4.013217568435886]","[2.526308681167226,0.3943050479197505,0.24917662273309726]","[1.9868118036118204e-07,4.1107284644906656e-08,1.301515549935117e-07]","[0.39583444708087334,2.5361075279261285,4.0132175688571285]","[2.526308681253537,0.3943050477892008,0.24917662270694277]","[1.393880816145194e-07,5.2799858605780385e-08,2.413660044580342e-07]",13488265.96884463,123.78875136822236,13488266.537024288,123.78874625255354,direct_vp,direct_vp,False,[]
fig1_fig2,adaptive_jones_vp_proposed_force_lower_raw,5.0,65,2236466502,full_6d,3,3,3,direct_vp_rollback,jnpp_then_vp,[],True,0.00011171225446806839,0.00019107584873019737,0.5846487413791795,False,1.6347411290762355e-06,0.0335007518962001,0.00011171225446806839,1.6347411290762355e-06,0.0335007518962001,0.00011171152265749515,1.6347378348961651e-06,0.03350075189619992,True,rollback,existing_selector_rollback,"[0.8104930378808991,1.9463764492227025,0.707313980470749]","[1.2338168907826426,0.5137752259576558,1.4137992851968626]","[3.7204209810588253e-07,3.419106958798858e-07,4.220867731982147e-07]","[0.8104930378924081,1.9463764491428885,0.70731398046976]","[1.2338168907651224,0.5137752259787238,1.4137992851988395]","[3.827230807299458e-07,3.255010597331098e-07,4.373836901208828e-07]",27848151.125158053,69.96573672374873,27848151.19275992,69.96573657542626,direct_vp,direct_vp,False,[]
fig1_fig2,adaptive_jones_vp_proposed_force_lower_raw,5.0,66,437355907,full_6d,3,3,3,direct_vp_rollback,jnpp_then_vp,[],True,0.000312708907927542,0.000199511453886568,1.5673732100881401,False,2.5624642267019625e-06,0.18372747079095056,0.000312708907927542,2.5624642267019625e-06,0.18372747079095056,0.000312710760848543,2.562461930321513e-06,0.18372747079095203,True,rollback,existing_selector_rollback,"[0.8395972158752537,2.433636291521802,0.640287476907132]","[1.1910473035057552,0.41090774471161673,1.5617984671975724]","[1.8613048876738097e-07,3.4445836433122466e-08,5.946488115597981e-07]","[0.8395972158109334,2.4336362925486172,0.6402874769408776]","[1.1910473035969995,0.41090774453824397,1.5617984671152594]","[1.8701890042841187e-07,3.4182687070716874e-08,6.071816967131482e-07]",26395384.612267688,77.90554157853025,26395384.534365535,77.90554196217369,direct_vp,direct_vp,False,[]
fig1_fig2,adaptive_jones_vp_proposed_force_lower_raw,5.0,54,1185050677,full_6d,3,3,3,direct_vp_rollback,jnpp_then_vp,[],True,0.0002127036476581502,0.00018968379789864256,1.1213590723853404,False,1.4314120952983859e-06,0.08717894972691054,0.0002127036476581502,1.4314120952983859e-06,0.08717894972691054,0.00021270867785815734,1.4314366937469886e-06,0.08717894972691104,True,rollback,existing_selector_rollback,"[5.659823192401366,2.058349783904544,0.40016576515053415]","[0.1766839644985548,0.48582607670354855,2.4989643969753894]","[4.1555719005739397e-07,2.0072192919363606e-08,6.81332621900721e-07]","[5.659823196772186,2.0583497835514595,0.40016576512591806]","[0.17668396436210995,0.4858260767868861,2.4989643971291122]","[1.2259532424049313e-09,2.9418538165272078e-08,4.3752309800828385e-07]",24321401.867862683,87.26746108946783,24321401.834149595,87.26746112704183,direct_vp,direct_vp,False,[]
fig1_fig2,adaptive_jones_vp_proposed_force_lower_raw,5.0,67,804537149,full_6d,3,3,3,direct_vp_rollback,jnpp_then_vp,[],True,0.00045202119191522323,0.00019917018250204189,2.269522406601144,False,2.48572622323391e-06,0.14369172473005662,0.00045202119191522323,2.48572622323391e-06,0.14369172473005662,0.00045201853411540067,2.4857199272406075e-06,0.1436917247300564,True,rollback,existing_selector_rollback,"[0.916269826052392,0.9449771220423,0.9925225169564289]","[1.0913815685794546,1.0582266773166302,1.0075338170316863]","[2.542893067294491e-07,6.592437271063787e-08,2.521253127729512e-07]","[0.9162698260642619,0.9449771220572513,0.9925225169760692]","[1.0913815685653163,1.0582266772998872,1.007533817011749]","[2.422784192319143e-07,6.332953823504359e-08,2.459568965878948e-07]",25715929.57019777,70.29637541255005,25715929.803425927,70.2963747776312,direct_vp,direct_vp,False,[]
fig1_fig2,adaptive_jones_vp_proposed_force_lower_raw,5.0,68,217409269,full_6d,3,3,3,direct_vp_rollback,jnpp_then_vp,[],True,9.085149773865486e-05,0.0002523834300935108,0.359974098557078,False,2.946814679850686e-06,0.057834639437527285,9.085149773865486e-05,2.946814679850686e-06,0.057834639437527285,9.085672065817142e-05,2.946819302693435e-06,0.05783463943752758,True,rollback,existing_selector_rollback,"[0.6541825935498274,0.7549576468211723,3.2297814065443466]","[1.5286252032066308,1.3245776159892533,0.30961847695652706]","[1.135071755278152e-06,1.9343064777809757e-09,3.1712241704489016e-07]","[0.6541825935958068,0.7549576468276623,3.2297814066828945]","[1.5286252030991911,1.3245776159778664,0.30961847694324535]","[1.1684758129084943e-06,3.565221660398868e-09,2.7687715891398274e-07]",16130986.211281406,95.13292603478865,16130985.646516705,95.13292937436248,direct_vp,direct_vp,False,[]
fig1_fig2,adaptive_jones_vp_proposed_force_lower_raw,5.0,70,1909013635,full_6d,3,3,3,direct_vp_rollback,jnpp_then_vp,[],True,0.0002961649611737492,0.00026717639799239804,1.108499715540652,False,1.6056206704631895e-06,0.0668197013026842,0.0002961649611737492,1.6056206704631895e-06,0.0668197013026842,0.0002961515684854797,1.6056055811155928e-06,0.06681970130268437,True,rollback,existing_selector_rollback,"[0.36941804972608294,4.797291438543313,4.120844518661197]","[2.706960314313589,0.20845095879746062,0.24266870430742793]","[8.775445865782657e-09,9.442471146842276e-08,8.631866151628826e-07]","[0.36941804971943354,4.79729143951501,4.1208445193808165]","[2.7069603143623135,0.20845095875523864,0.2426687042650509]","[1.7256330814935168e-08,1.2978708967428473e-07,5.973858387313377e-07]",15158678.262044666,130.6176768921729,15158679.372359227,130.61766727794785,direct_vp,direct_vp,False,[]
fig1_fig2,adaptive_jones_vp_proposed_force_lower_raw,5.0,69,1134195269,full_6d,3,3,3,direct_vp_rollback,jnpp_then_vp,[],True,0.00027917252097280234,0.00018683484782523326,1.4942208277651845,False,1.1627703782472894e-06,0.21457742153392254,0.00027917252097280234,1.1627703782472894e-06,0.21457742153392254,0.00027917288225788584,1.1627709147289147e-06,0.21457742153392403,True,rollback,existing_selector_rollback,"[22.49181496406438,0.8667154206479131,0.5072903500367972]","[0.04446061829937816,1.1537812483497563,1.9712576829560347]","[1.5285396346013577e-07,2.2755552228436576e-07,1.5397904147730428e-07]","[22.491814957630062,0.8667154206708434,0.5072903500239132]","[0.044460618312097175,1.1537812483192311,1.9712576830061002]","[1.4163960185629022e-07,1.7841582058652964e-07,1.9668562306446228e-07]",26136188.805330414,85.6725306371446,26136188.80784373,85.67253063405172,direct_vp,direct_vp,False,[]
fig1_fig2,adaptive_jones_vp_proposed_force_lower_raw,5.0,73,1489186484,full_6d,3,3,3,direct_vp_rollback,jnpp_then_vp,[],True,8.566196348310388e-05,0.00018992731838159726,0.4510249721474716,False,2.5260607819773407e-06,0.08933377781429094,8.566196348310388e-05,2.5260607819773407e-06,0.08933377781429094,8.566035179802809e-05,2.5260599014140877e-06,0.0893337778142911,True,rollback,existing_selector_rollback,"[0.9484833066343104,1.7496016219074764,0.6456527905968068]","[1.0543148129275441,0.5715586836893851,1.5488200694912322]","[2.6557598152988047e-07,1.2427008192505642e-07,1.8377402736753615e-06]","[0.9484833066519193,1.7496016221355664,0.6456527905912145]","[1.0543148129079705,0.5715586836148728,1.5488200695046472]","[2.1927616909007088e-07,1.0481194033067365e-07,1.5883276315649994e-06]",28203336.81487501,68.20047524212629,28203336.917817187,68.20047494835646,direct_vp,direct_vp,False,[]
fig1_fig2,adaptive_jones_vp_proposed_force_lower_raw,5.0,75,3035140021,full_6d,3,3,3,direct_vp_rollback,jnpp_then_vp,[],True,0.0001868367766643408,0.000282731907588512,0.6608266405370243,False,1.9499034133083862e-06,0.10476771626312485,0.0001868367766643408,1.9499034133083862e-06,0.10476771626312485,0.00018683026973483606,1.94989546279009e-06,0.10476771626312485,True,rollback,existing_selector_rollback,"[0.384736633500562,2.5636088629676927,5.8695885020251435]","[2.599180615843681,0.39007510640285953,0.17036969451080042]","[1.6724012639710882e-08,1.2801763189062374e-07,6.016016813062461e-07]","[0.3847366335198895,2.563608865331684,5.869588496598322]","[2.599180615713109,0.3900751060431579,0.17036969466831844]","[1.674166422656454e-08,1.3268937908265515e-07,6.394082756467461e-07]",13250529.537873866,139.49985247988204,13250529.936473185,139.49984816036428,direct_vp,direct_vp,False,[]
fig1_fig2,adaptive_jones_vp_proposed_force_lower_raw,5.0,74,2087150408,full_6d,3,3,3,direct_vp_rollback,jnpp_then_vp,[],True,4.560903537426447e-05,0.00022361629637084453,0.20396114287943753,False,1.8728715349217133e-06,0.07616752304557725,4.560903537426447e-05,1.8728715349217133e-06,0.07616752304557725,4.560594141032913e-05,1.8728700853619311e-06,0.07616752304557779,True,rollback,existing_selector_rollback,"[0.6952595884912147,1.0431919281465492,1.2979328339237224]","[1.4383116990438178,0.9585963742795327,0.7704558925253837]","[6.9331565925222494e-09,4.854750402387535e-09,5.7475914192935355e-08]","[0.695259588537831,1.0431919281793574,1.2979328338908687]","[1.438311698947381,0.9585963742493849,0.7704558925448857]","[3.781194499541923e-09,1.0441580636856397e-08,3.157429281025195e-08]",20748363.03739917,79.39586187778576,20748362.68023157,79.39586325614486,direct_vp,direct_vp,False,[]
fig1_fig2,adaptive_jones_vp_proposed_force_lower_raw,5.0,76,125194699,full_6d,3,3,3,direct_vp_rollback,jnpp_then_vp,[],True,8.725759297814907e-05,0.0002561942112868701,0.34059158690530883,False,1.5575378911711365e-06,0.053149567852104555,8.725759297814907e-05,1.5575378911711365e-06,0.053149567852104555,8.725772918573649e-05,1.55753704590349e-06,0.05314956785210471,True,rollback,existing_selector_rollback,"[0.4062459058858087,3.4342567432139224,2.4473299302577813]","[2.461563268727889,0.2911838207706986,0.4086085768959729]","[3.808272327624035e-07,5.59853119155326e-08,5.029514585169649e-07]","[0.4062459058998311,3.4342567419613674,2.447329930169946]","[2.4615632686429234,0.29118382087690026,0.408608576910638]","[3.7822630493135567e-07,8.088596430158806e-08,4.4455899549101517e-07]",16081799.642666956,116.65304962266228,16081799.663077075,116.65304949105256,direct_vp,direct_vp,False,[]
fig1_fig2,adaptive_jones_vp_proposed_force_lower_raw,5.0,78,3639033133,full_6d,3,3,3,direct_vp_rollback,jnpp_then_vp,[],True,0.00011470827960797362,0.0002488928272175963,0.46087418785953643,False,1.2953460771685094e-06,0.05437657840388499,0.00011470827960797362,1.2953460771685094e-06,0.05437657840388499,0.00011472518746779581,1.2953527321766106e-06,0.054376578403884906,True,rollback,existing_selector_rollback,"[1.0276872170035103,0.4876977076760404,7.481724847051602]","[0.9730587122750566,2.0504504824611054,0.1336590185332194]","[4.2604777999662677e-07,6.055210862330282e-08,8.209271693423198e-08]","[1.0276872168965523,0.48769770773229726,7.4817248465811925]","[0.973058712376329,2.050450482224582,0.13365901854162315]","[4.5038498731422585e-07,6.689336026661522e-08,7.803092015089604e-08]",16468386.25875016,93.67891759331445,16468384.825529112,93.67892570143874,direct_vp,direct_vp,False,[]
fig1_fig2,adaptive_jones_vp_proposed_force_lower_raw,5.0,77,4292676672,full_6d,3,3,3,direct_vp_rollback,jnpp_then_vp,"[""poor_clock_consistency""]",True,0.00011387038127318259,0.00022266872345384062,0.5113892041366465,False,6.334296459070475e-07,0.275871523316979,0.00011387038127318259,6.334296459070475e-07,0.275871523316979,0.00011386942296734233,6.334331760710407e-07,0.2758715233169799,True,rollback,existing_selector_rollback,"[0.4654824147454571,69.0129575121129,0.9890968802468101]","[2.14830886908235,0.014490032538534096,1.0110233082015991]","[1.0396569680572943e-07,2.6798624695638316e-10,4.770792174092216e-07]","[0.465482414742008,69.01295743547001,0.9890968802220116]","[2.1483088690982686,0.014490032554626116,1.0110233082269473]","[1.3963990605937913e-07,3.652482066085343e-09,5.563666855630257e-07]",21883900.001981884,87.76026701810893,21883900.089601766,87.76026665835842,ris_only_stage2_then_vp,direct_vp,True,"[""poor_clock_consistency""]"
fig1_fig2,adaptive_jones_vp_proposed_force_lower_raw,5.0,79,2511075941,full_6d,3,3,3,direct_vp_rollback,jnpp_then_vp,[],True,6.458663820242397e-05,0.0002610082056101957,0.24745060428820875,False,1.634790195306352e-06,0.12692770165605283,6.458663820242397e-05,1.634790195306352e-06,0.12692770165605283,6.45917069854381e-05,1.6347946032543613e-06,0.1269277016560535,True,rollback,existing_selector_rollback,"[2.965736188106698,0.38732264711799813,4.160264956594161]","[0.3371844077053348,2.5818268243296445,0.24036930590461694]","[1.1245354951274266e-08,2.198560659804276e-07,8.209360811701511e-08]","[2.9657361870707164,0.38732264712030906,4.160264954682368]","[0.337184407823119,2.5818268243142404,0.2403693060150754]","[4.696272153440138e-09,2.3524212062373558e-07,1.7268306516238435e-07]",15587376.450126177,90.42889217697613,15587377.275037352,90.42888734241508,direct_vp,direct_vp,False,[]
fig1_fig2,adaptive_jones_vp_proposed_force_lower_raw,5.0,64,1096511241,full_6d,3,3,3,direct_vp_rollback,jnpp_then_vp,[],True,0.00012671278769122577,0.00020043971240669495,0.6321740645592414,False,1.0276747994090158e-06,0.05183764971914819,0.00012671278769122577,1.0276747994090158e-06,0.05183764971914819,0.00012670357333183086,1.0276849033190817e-06,0.05183764971915415,True,rollback,existing_selector_rollback,"[0.9424214547528096,1.3544201542792689,0.7318209650103219]","[1.0610963862886063,0.7383233310868578,1.366454430538436]","[3.402220456486458e-06,5.23206971270737e-07,1.5544024550693246e-06]","[0.9424214546132025,1.3544201547634775,0.7318209639987654]","[1.0610963864457934,0.7383233308229052,1.366454432427212]","[8.346174958525655e-07,5.926985076385155e-08,1.585046170591613e-06]",25501774.467760447,78.58814273644612,25501775.337559447,78.58814018707835,direct_vp,direct_vp,False,[]
fig1_fig2,adaptive_jones_vp_proposed_force_lower_raw,5.0,81,3893654042,full_6d,3,3,3,direct_vp_rollback,jnpp_then_vp,[],True,0.0004877159805956243,0.0002443990671359007,1.9955721857335267,False,2.2974058879830614e-06,0.21271332254874073,0.0004877159805956243,2.2974058879830614e-06,0.21271332254874073,0.00048770786098790465,2.297389665993394e-06,0.21271332254873954,True,rollback,existing_selector_rollback,"[8.885945934955762,24.10177155592928,0.33259698041035524]","[0.11253725909554417,0.041490726009718905,3.006641848539563]","[4.850470021545029e-07,5.043685697504649e-09,1.5020515863722694e-06]","[8.885945933910305,24.101771557308975,0.3325969803830827]","[0.1125372591087845,0.041490726007343784,3.006641848786104]","[4.952153158423982e-07,6.0149091819783e-09,1.4641628084248642e-06]",10730550.739658168,218.23048328161377,10730550.674205454,218.23048357679664,direct_vp,direct_vp,False,[]
fig1_fig2,adaptive_jones_vp_proposed_force_lower_raw,5.0,80,2843598472,full_6d,3,3,3,direct_vp_rollback,jnpp_then_vp,[],True,0.0001183009449709279,0.00019495274385769303,0.6068185685926145,False,2.10906529328257e-06,0.2154973496757815,0.0001183009449709279,2.10906529328257e-06,0.2154973496757815,0.0001183007108430987,2.1090652266752184e-06,0.2154973496757821,True,rollback,existing_selector_rollback,"[0.8763923015036205,2.9745148192822315,0.595285307967768]","[1.1410415156356692,0.33618928153073774,1.6798667573592294]","[1.4120171421836074e-07,2.9027105624039632e-08,1.6374707148290355e-07]","[0.8763923015208009,2.9745148193756923,0.5952853079669786]","[1.1410415156133007,0.33618928152017447,1.679866757361457]","[1.238944089724781e-07,2.721267382048128e-08,1.5771785672060837e-07]",27190867.062315512,66.7902463892932,27190866.999191184,66.79024654249254,direct_vp,direct_vp,False,[]
fig1_fig2,adaptive_jones_vp_proposed_force_lower_raw,5.0,84,3985341227,full_6d,3,3,3,direct_vp_rollback,jnpp_then_vp,[],True,0.00015713325333242858,0.00026157063261279286,0.6007297216925549,False,2.3440129741305123e-06,0.21980287992555855,0.00015713325333242858,2.3440129741305123e-06,0.21980287992555855,0.000157127712691818,2.3440129953730953e-06,0.2198028799255579,True,rollback,existing_selector_rollback,"[0.4746478737019064,1.7105665261208456,2.152119217062125]","[2.1068249862793156,0.5846016420454863,0.46465827360760986]","[1.6139406551773083e-07,5.4425525207430725e-09,6.03613908334215e-08]","[0.47464787372478534,1.7105665256451021,2.152119216916183]","[2.1068249861777626,0.5846016422080759,0.46465827363911977]","[1.6228112742120546e-07,5.296000157989974e-09,5.956516788792869e-08]",15293489.699190006,108.56698455028885,15293489.253515061,108.5669876660702,direct_vp,direct_vp,False,[]
fig1_fig2,adaptive_jones_vp_proposed_force_lower_raw,5.0,85,2249164774,full_6d,3,3,3,direct_vp_rollback,jnpp_then_vp,[],True,0.00011163379418922852,0.00020094436830757567,0.5555457718444547,False,1.686727235183777e-06,0.08137226007080342,0.00011163379418922852,1.686727235183777e-06,0.08137226007080342,0.00011163379069108068,1.686728792108155e-06,0.08137226007080317,True,rollback,existing_selector_rollback,"[1.5453576076705042,0.8824321561841016,0.7294660991995898]","[0.6470994124821827,1.133231595189611,1.3708656250050897]","[4.397781262997254e-07,5.5217827525478144e-08,5.879717437004004e-07]","[1.5453576076668747,0.8824321561888975,0.7294660992017908]","[0.6470994124837025,1.1332315951834522,1.3708656250009534]","[4.091984340049387e-07,7.010367911281078e-08,6.545108489325524e-07]",25787730.74086057,66.62625600898068,25787730.735450186,66.62625602785492,direct_vp,direct_vp,False,[]
fig1_fig2,adaptive_jones_vp_proposed_force_lower_raw,5.0,72,2100195688,full_6d,3,3,3,direct_vp_rollback,jnpp_then_vp,[],True,8.858826205609113e-05,0.00021937760082228449,0.4038163500924397,False,2.2001699851529563e-06,0.10409754763233822,8.858826205609113e-05,2.2001699851529563e-06,0.10409754763233822,8.858912517748402e-05,2.2002036369370422e-06,0.10409754763233832,True,rollback,existing_selector_rollback,"[1.6723115878900319,0.5296670640736312,1.4805006917356016]","[0.5979746879946191,1.887978445003815,0.675447168367218]","[2.7809654177273226e-06,2.557633406225821e-08,1.0402251434377566e-06]","[1.6723115877279686,0.5296670640518839,1.480500692052607]","[0.5979746880525686,1.8879784450813324,0.675447168222591]","[1.344100399892396e-06,1.978408320434151e-08,3.496115960472961e-07]",21672134.116966456,79.09916338739906,21672134.400931533,79.09916228418466,direct_vp,direct_vp,False,[]
fig1_fig2,adaptive_jones_vp_proposed_force_lower_raw,5.0,71,1982555292,full_6d,3,3,3,direct_vp_rollback,jnpp_then_vp,[],True,0.0005928521669122617,0.00020714859552336873,2.8619656600345196,False,2.2418026748676582e-06,0.1372457062015028,0.0005928521669122617,2.2418026748676582e-06,0.1372457062015028,0.0005928514907607247,2.2418000203432736e-06,0.13724570620150298,True,rollback,existing_selector_rollback,"[0.6307909975944134,4.848050469842777,0.7321549449554183]","[1.585311147135854,0.2062684797148125,1.365831108414024]","[1.0486272565464493e-06,5.895653261247855e-07,1.2988867133974892e-06]","[0.6307909975798185,4.848050470437842,0.732154944948346]","[1.5853111471725339,0.2062684796894944,1.3658311084272174]","[3.354117775164594e-07,2.4121598065988883e-08,6.514321765213746e-07]",24426426.905986365,85.58819348828453,24426426.958795648,85.58819329449365,direct_vp,direct_vp,False,[]
fig1_fig2,adaptive_jones_vp_proposed_force_lower_raw,5.0,87,3576217426,full_6d,3,3,3,direct_vp_rollback,jnpp_then_vp,[],True,0.00012485982431252767,0.00026691906588869956,0.4677815872643281,False,1.6860246926153784e-06,0.02093657225226946,0.00012485982431252767,1.6860246926153784e-06,0.02093657225226946,0.00012484930601595174,1.68594441093824e-06,0.020936572252269154,True,rollback,existing_selector_rollback,"[0.5171277751682579,1.0346280138088346,3.7213916817708803]","[1.9337580536533987,0.9665309528181136,0.2687166752413478]","[4.240053222936432e-07,1.3119929273488998e-07,4.658320346569969e-08]","[0.5171277751129093,1.034628013738935,3.7213916855458486]","[1.9337580538603705,0.9665309528834126,0.2687166749687624]","[5.475205968080525e-07,1.2000362086249518e-07,1.6052452747422752e-08]",14478835.527374538,103.98377421502958,14478836.3202475,103.98376839205218,direct_vp,direct_vp,False,[]
fig1_fig2,adaptive_jones_vp_proposed_force_lower_raw,5.0,86,2710333116,full_6d,3,3,3,direct_vp_rollback,jnpp_then_vp,[],True,0.00018128983049198048,0.0002523654375243088,0.7183623568679763,False,1.3513268670304043e-06,0.05315358506025434,0.00018128983049198048,1.3513268670304043e-06,0.05315358506025434,0.00018128367745967217,1.3513263760646462e-06,0.05315358506025445,True,rollback,existing_selector_rollback,"[0.409891956780395,6.488348884583518,1.7820998899379499]","[2.4396672914842124,0.1541224150830633,0.561135773389805]","[1.9799048116947e-07,2.2552439412246803e-08,3.487421908494422e-07]","[0.4098919567842984,6.488348885494308,1.782099889991531]","[2.4396672914609794,0.15412241506142862,0.5611357733729337]","[2.372637194056709e-07,4.767273567177457e-08,4.3489873720947536e-07]",17039647.52840984,112.87023020390697,17039646.9504079,112.87023403003583,direct_vp,direct_vp,False,[]
fig1_fig2,adaptive_jones_vp_proposed_force_lower_raw,5.0,88,2932252539,full_6d,3,3,3,direct_vp_rollback,jnpp_then_vp,[],True,0.00031006787227420997,0.0001945178338826324,1.5940331335444433,False,1.833684496283362e-06,0.12377067389485223,0.00031006787227420997,1.833684496283362e-06,0.12377067389485223,0.00031006164867731194,1.8336745427962928e-06,0.12377067389485191,True,rollback,existing_selector_rollback,"[0.9923122730824357,1.787562070079066,0.6264381136832246]","[1.007747285935194,0.5594211338093459,1.5963268807508266]","[8.826291431690634e-07,4.7012460571090066e-08,5.135604971806265e-07]","[0.9923122730344013,1.7875620704090702,0.6264381136829382]","[1.0077472859839756,0.5594211337060704,1.596326880751556]","[8.944191454621388e-07,5.3460051986289316e-08,5.416024150268533e-07]",26900036.380817432,71.29874580896542,26900035.897684958,71.29874712386615,direct_vp,direct_vp,False,[]
fig1_fig2,adaptive_jones_vp_proposed_force_lower_raw,5.0,91,3347136468,full_6d,3,3,3,direct_vp_rollback,jnpp_then_vp,"[""poor_clock_consistency""]",True,9.310208172965747e-05,0.00019211923055776982,0.48460573915145827,False,1.556771085090892e-06,0.07799338247568834,9.310208172965747e-05,1.556771085090892e-06,0.07799338247568834,9.310144293301e-05,1.556769976581261e-06,0.07799338247568836,True,rollback,existing_selector_rollback,"[3.1121071223919703,7.672130107906638,0.36973385438962175]","[0.32132570013473266,0.13034189800323662,2.7046481898458787]","[1.878110641409918e-07,4.660439150288693e-08,1.1064012175037243e-06]","[3.1121071220253125,7.672130112410524,0.36973385439185097]","[0.32132570017259016,0.13034189792672007,2.704648189829572]","[2.39785364745931e-07,2.996705869777561e-08,8.548772094626215e-07]",21683521.436522815,113.19584074749683,21683521.435620207,113.19584067366671,ris_only_stage2_then_vp,direct_vp,True,"[""poor_clock_consistency""]"
fig1_fig2,adaptive_jones_vp_proposed_force_lower_raw,5.0,90,4175219143,full_6d,3,3,3,direct_vp_rollback,jnpp_then_vp,[],True,2.6621274648364962e-05,0.00025394032676889707,0.10483279669318583,False,1.2182883645348748e-06,0.028537793851034908,2.6621274648364962e-05,1.2182883645348748e-06,0.028537793851034908,2.663544409568642e-05,1.2182830697865537e-06,0.028537793851034894,True,rollback,existing_selector_rollback,"[0.9524631131160448,0.5061100817861257,7.061275836100909]","[1.0499094256023025,1.975854731979195,0.14161746732515665]","[8.248612728913415e-07,4.689830412337993e-08,6.669510426504978e-07]","[0.9524631134163142,0.5061100818021304,7.061275835377684]","[1.0499094252713126,1.9758547319167128,0.1416174673396613]","[8.257247600531672e-07,4.63468817175156e-08,6.675922772892934e-07]",15903977.017731672,99.88633587641574,15903975.499457449,99.8863451693746,direct_vp,direct_vp,False,[]
fig1_fig2,adaptive_jones_vp_proposed_force_lower_raw,5.0,92,971995857,full_6d,3,3,3,direct_vp_rollback,jnpp_then_vp,[],True,3.989314420002796e-05,0.00017934646857743913,0.2224361846456023,False,5.716577528199117e-07,0.16980428373867215,3.989314420002796e-05,5.716577528199117e-07,0.16980428373867215,3.98969164330293e-05,5.716585436766083e-07,0.16980428373867193,True,rollback,existing_selector_rollback,"[9.152908851535328,1.2540813759075524,0.4430555052971544]","[0.1092548845630758,0.7973964203679103,2.2570535475659277]","[3.6115765950011643e-07,1.1468741632512645e-07,1.6049324875744642e-06]","[9.15290885142973,1.254081376027389,0.4430555053022508]","[0.10925488456433628,0.7973964202917132,2.257053547539965]","[3.3923605908398984e-07,1.1526636256070536e-07,1.4431109667329166e-06]",26293788.366750453,80.20555017449715,26293788.344925117,80.20554999592528,direct_vp,direct_vp,False,[]
fig1_fig2,adaptive_jones_vp_proposed_force_lower_raw,5.0,93,3741086398,full_6d,3,3,3,direct_vp_rollback,jnpp_then_vp,[],True,9.097387191416521e-05,0.0001700032853902929,0.5351300811940649,False,1.7645227476495568e-06,0.04701282103280716,9.097387191416521e-05,1.7645227476495568e-06,0.04701282103280716,9.097463387033677e-05,1.7645210457848374e-06,0.047012821032807316,True,rollback,existing_selector_rollback,"[1.548662238422565,2.6547888646340336,0.4670565014621923]","[0.6457185919487716,0.37667778907728566,2.141068579216602]","[1.4009259034334028e-07,1.4960197125050205e-07,7.328360034352653e-07]","[1.5486622384485598,2.654788864672242,0.467056501459717]","[0.6457185919379329,0.37667778907186444,2.1410685792279494]","[1.5828343729677182e-07,1.6021030078758355e-07,8.448882263567304e-07]",28475424.660933323,75.54095404743428,28475424.67130622,75.5409540459155,direct_vp,direct_vp,False,[]
fig1_fig2,adaptive_jones_vp_proposed_force_lower_raw,5.0,94,3608384463,full_6d,3,3,3,direct_vp_rollback,jnpp_then_vp,[],True,8.353134164934821e-05,0.00023966328342628877,0.3485362482528086,False,2.3987912163013164e-06,0.14797165969950227,8.353134164934821e-05,2.3987912163013164e-06,0.14797165969950227,8.353661470111046e-05,2.3987788795753848e-06,0.14797165969950343,True,rollback,existing_selector_rollback,"[1.6309109054944395,0.4273239165142762,4.82297549866897]","[0.6131542787711027,2.3401451717392097,0.20734088329313594]","[5.936066791253807e-06,1.7455109199613443e-08,9.792091130742454e-09]","[1.6309109050812853,0.42732391661040886,4.822975499842476]","[0.6131542789264314,2.3401451712127606,0.2073408832426866]","[5.869137197128215e-06,4.7060621307139555e-08,2.530461638516947e-07]",18137670.18448166,101.83514986345347,18137670.64820299,101.83514696257888,direct_vp,direct_vp,False,[]
fig1_fig2,adaptive_jones_vp_proposed_force_lower_raw,5.0,95,1902842209,full_6d,3,3,3,direct_vp_rollback,jnpp_then_vp,[],True,0.0002363422434003907,0.00018502379563828706,1.2773613393081007,False,2.2383327087640808e-06,0.08949131194188134,0.0002363422434003907,2.2383327087640808e-06,0.08949131194188134,0.00023634930095990864,2.238367117241958e-06,0.08949131194188183,True,rollback,existing_selector_rollback,"[16.217534893596994,1.8244951713112831,0.3908469431799334]","[0.06166165243637628,0.5480968191762686,2.5585462991308114]","[3.143912443331583e-07,1.4284386692485454e-07,5.876557942718055e-07]","[16.21753490369706,1.8244951711242094,0.39084694315897134]","[0.06166165239797422,0.5480968192324674,2.5585462992680323]","[2.998648940574859e-07,1.719371246932954e-07,6.785730062226071e-07]",22426338.93248589,97.69881989769992,22426338.958279725,97.69881892070788,direct_vp,direct_vp,False,[]
fig1_fig2,adaptive_jones_vp_proposed_force_lower_raw,5.0,82,2146768378,full_6d,3,3,3,direct_vp_rollback,jnpp_then_vp,[],True,0.0001311242724432322,0.0002019153713037645,0.6494021311828058,False,1.5397129940840746e-06,0.20869499495104699,0.0001311242724432322,1.5397129940840746e-06,0.20869499495104699,0.00013111900979344298,1.5397086429570374e-06,0.20869499495104907,True,rollback,existing_selector_rollback,"[0.643145561435112,7.3496701945256,0.6816625953850453]","[1.5548579667843176,0.13606052700670843,1.467001426760781]","[6.097058365730888e-07,1.9917272596540047e-07,6.045079349844461e-07]","[0.6431455613746585,7.349670199572387,0.681662595387307]","[1.5548579669304692,0.13606052691327994,1.4670014267559135]","[4.200209284667736e-09,8.56049030355072e-08,3.10021273336963e-07]",25697719.05654757,72.05811468204064,25697718.716494158,72.05811569505116,direct_vp,direct_vp,False,[]
fig1_fig2,adaptive_jones_vp_proposed_force_lower_raw,5.0,83,2856883752,full_6d,3,3,3,direct_vp_rollback,jnpp_then_vp,"[""poor_clock_consistency""]",True,0.00011697870196852021,0.00017680075630898385,0.6616414115564285,False,2.041184100302979e-06,0.06504503586835171,0.00011697870196852021,2.041184100302979e-06,0.06504503586835171,0.00011698079288464247,2.041277500853977e-06,0.06504503586835347,True,rollback,existing_selector_rollback,"[1.3493771109955004,253.165978300877,0.4139890635245037]","[0.7410826757398475,0.003949977822685071,2.4155227471133345]","[6.20346459651913e-07,1.4386605725313298e-09,1.3115287433379144e-07]","[1.3493771114752906,253.16597812073852,0.41398906349666564]","[0.741082675476345,0.00394997782549565,2.4155227472757628]","[4.4697901924299727e-07,2.376994712888897e-09,1.7881170729742058e-07]",25450943.363564365,97.80088975679399,25450943.417585004,97.80088975487948,ris_only_stage2_then_vp,direct_vp,True,"[""poor_clock_consistency""]"
fig1_fig2,adaptive_jones_vp_proposed_force_lower_raw,10.0,0,3147786918,full_6d,3,3,3,direct_vp_rollback,jnpp_then_vp,[],True,0.0001176989394554334,0.0001129316608688006,1.04221383578314,False,2.5936219933129274e-07,0.03963112900885161,0.0001176989394554334,2.5936219933129274e-07,0.03963112900885161,0.00011769949918051675,2.593622807186408e-07,0.039631129008851976,True,rollback,existing_selector_rollback,"[0.729584791264135,0.18694759424365617,0.3026271287253411]","[1.3706426065524104,5.349092637675099,3.3043964175045235]","[1.2236547184521046e-07,3.9524500658353305e-08,3.90749068422978e-07]","[0.7295847912456731,0.18694759424229238,0.30262712872082254]","[1.3706426065870942,5.349092637714121,3.304396417553862]","[1.2553690915386812e-07,4.091454942909094e-08,4.5166466674284837e-07]",82254383.1269439,69.81647194035841,82254383.26870719,69.81647183744644,direct_vp,direct_vp,False,[]
fig1_fig2,adaptive_jones_vp_proposed_force_lower_raw,10.0,1,112311654,full_6d,3,3,3,direct_vp_rollback,jnpp_then_vp,[],True,4.065038373945754e-05,0.00014365744851841219,0.2829674629383905,False,8.862826121432198e-07,0.030381711184540167,4.065038373945754e-05,8.862826121432198e-07,0.030381711184540167,4.0648893733792276e-05,8.862828981163586e-07,0.03038171118454026,True,rollback,existing_selector_rollback,"[0.6851658153726502,0.12048599214672626,4.014701217185469]","[1.4595007187500029,8.299720010456424,0.2490845385243989]","[6.332579992525918e-09,5.195119980815798e-08,5.6226428378950385e-08]","[0.685165815375688,0.12048599214677683,4.014701217436779]","[1.459500718743532,8.29972001045294,0.24908453850880688]","[1.1580746892009372e-08,6.066017440419476e-08,4.78546123941037e-08]",51131303.980515584,98.53732750390954,51131303.319254406,98.53732880734363,direct_vp,direct_vp,False,[]
fig1_fig2,adaptive_jones_vp_proposed_force_lower_raw,10.0,2,3251202663,full_6d,3,3,3,direct_vp_rollback,jnpp_then_vp,[],True,4.703470676820969e-05,0.00011044035239813665,0.4258833455968152,False,8.106684348096708e-07,0.022850568493572122,4.703470676820969e-05,8.106684348096708e-07,0.022850568493572122,4.7036139544861724e-05,8.10669168317068e-07,0.022850568493571963,True,rollback,existing_selector_rollback,"[0.6136084981377712,0.21693753686118825,0.26597445448929036]","[1.6297036351912781,4.6096218039004135,3.759759567586592]","[3.639997972694305e-08,8.929992672584156e-08,9.97012119393741e-07]","[0.6136084981327234,0.21693753684722653,0.26597445448060336]","[1.6297036352046848,4.609621804197081,3.7597595677093896]","[3.55639353455228e-08,8.38503089642881e-08,1.0037745449774426e-06]",84299824.42145014,73.86347803385381,84299823.8868874,73.86347853022797,direct_vp,direct_vp,False,[]
fig1_fig2,adaptive_jones_vp_proposed_force_lower_raw,10.0,3,3422926171,full_6d,3,3,3,direct_vp_rollback,jnpp_then_vp,[],True,0.00016301900920903117,0.00010931293132064349,1.4913058065459215,False,1.1423686404335744e-06,0.027814473024448654,0.00016301900920903117,1.1423686404335744e-06,0.027814473024448654,0.00016301717669927194,1.1423664238967446e-06,0.027814473024448626,True,rollback,existing_selector_rollback,"[0.8744193457880025,0.24293060729157853,0.21087478037467322]","[1.1436160519732705,4.116401844743683,4.742150759910845]","[2.3967402941483484e-07,3.060776066093225e-08,8.847340994958521e-08]","[0.8744193458111417,0.24293060728693547,0.21087478037181312]","[1.1436160519430079,4.1164018448223585,4.742150759975162]","[2.3788336712948267e-07,3.078025046093982e-08,8.866866319254392e-08]",85549328.18464547,79.30691444674149,85549327.819908,79.30691477505235,direct_vp,direct_vp,False,[]
fig1_fig2,adaptive_jones_vp_proposed_force_lower_raw,10.0,4,287230138,full_6d,3,3,3,direct_vp_rollback,jnpp_then_vp,[],True,0.0001067320224058187,0.0001003554190456147,1.06354019963093,False,4.5720047467317024e-07,0.04943092010463882,0.0001067320224058187,4.5720047467317024e-07,0.04943092010463882,0.00010673143557879655,4.5720024346501857e-07,0.049430920104638926,True,rollback,existing_selector_rollback,"[1.421394327863385,0.2306967466413517,0.2003398058641449]","[0.7035345367543159,4.334694851828146,4.9915192624171905]","[1.3313063349909889e-07,2.5085030843661335e-08,7.253196062189004e-07]","[1.4213943278399923,0.2306967466422424,0.20033980586037103]","[0.7035345367658943,4.33469485181141,4.9915192625112175]","[1.357836582308327e-07,2.6434448226625476e-08,7.317618520434045e-07]",92244172.0005586,76.14377528486955,92244171.93657096,76.14377533579126,direct_vp,direct_vp,False,[]
fig1_fig2,adaptive_jones_vp_proposed_force_lower_raw,5.0,89,850792180,full_6d,3,3,3,direct_vp_rollback,jnpp_then_vp,[],True,0.00023311837528733171,0.00021697474541474194,1.074403266802925,False,1.9923732222911005e-06,0.24954020662491988,0.00023311837528733171,1.9923732222911005e-06,0.24954020662491988,0.00023311521166747412,1.9923766709922847e-06,0.2495402066249222,True,rollback,existing_selector_rollback,"[2.231934008057646,0.531458812962215,1.1910428520883503]","[0.4480419207680894,1.8816133548067917,0.8396003537953562]","[2.2387895825265972e-08,8.903891928047892e-08,2.2846934309710483e-06]","[2.231934008240178,0.5314588129993245,1.1910428520624914]","[0.4480419207314476,1.8816133546754064,0.8396003538135849]","[4.085846141746609e-08,1.656684202518676e-07,1.985503569002e-06]",22561573.14318419,67.12995297454326,22561572.80471245,67.12995393455846,direct_vp,direct_vp,False,[]
fig1_fig2,adaptive_jones_vp_proposed_force_lower_raw,10.0,6,1919806993,full_6d,3,3,3,direct_vp_rollback,jnpp_then_vp,[],True,3.4937655741558154e-05,0.00011159900905868082,0.3130642111991092,False,2.2977486705503345e-07,0.04198014955616406,3.4937655741558154e-05,2.2977486705503345e-07,0.04198014955616406,3.493674525577474e-05,2.2977492019799663e-07,0.041980149556164026,True,rollback,existing_selector_rollback,"[0.24791126938417934,2.3464677783061547,0.18021918566719458]","[4.033701261277023,0.42617248327165347,5.548798793522961]","[9.56355399706475e-07,1.2711736540464496e-07,1.3214511088320492e-08]","[0.2479112693863372,2.3464677782093744,0.18021918566749154]","[4.033701261241913,0.42617248328923096,5.548798793513818]","[9.319081900272751e-07,1.4345900018458416e-07,1.701113816388374e-08]",82431340.43261585,72.20434479655718,82431340.63196231,72.20434463325168,direct_vp,direct_vp,False,[]
fig1_fig2,adaptive_jones_vp_proposed_force_lower_raw,10.0,7,1914929603,full_6d,3,3,3,direct_vp_rollback,jnpp_then_vp,[],True,0.00013191810313334777,0.00010722217098529104,1.2303248658474242,False,5.361954069298043e-07,0.0735490190287109,0.00013191810313334777,5.361954069298043e-07,0.0735490190287109,0.00013192072507264973,5.36198530368034e-07,0.07354901902871108,True,rollback,existing_selector_rollback,"[1.4802100725849796,0.4927431074247971,0.13680402677479764]","[0.6755797832480358,2.0294550749289337,7.309726355102331]","[3.0392959264532396e-07,6.5322352599845e-08,4.721027350834768e-07]","[1.4802100726700802,0.49274310745372546,0.13680402677665884]","[0.6755797832091952,2.029455074809787,7.309726355002883]","[3.0285504356160065e-07,6.494457357828091e-08,4.783561587254545e-07]",80896862.2602073,85.31798441843975,80896862.36314869,85.31798430086555,direct_vp,direct_vp,False,[]
fig1_fig2,adaptive_jones_vp_proposed_force_lower_raw,10.0,8,641399591,full_6d,3,3,3,direct_vp_rollback,jnpp_then_vp,[],True,7.174105865777254e-05,0.00010986110724718815,0.6530159804083782,False,3.7399671004208003e-07,0.022558786899926884,7.174105865777254e-05,3.7399671004208003e-07,0.022558786899926884,7.173880795168552e-05,3.7399543298307945e-07,0.022558786899926728,True,rollback,existing_selector_rollback,"[1.0414262379122714,0.22467330562449883,0.21826612746736515]","[0.9602216302938946,4.4509070502176,4.581562936966939]","[1.0525988491988049e-07,8.644433401586341e-10,3.059757096616118e-07]","[1.0414262379466968,0.22467330562251028,0.2182661274704434]","[0.9602216302621535,4.450907050256994,4.581562936902324]","[1.047764352666629e-07,8.040693850176662e-10,3.072529151649385e-07]",85419559.87744233,78.36177492021528,85419559.41075666,78.3617753415694,direct_vp,direct_vp,False,[]
fig1_fig2,adaptive_jones_vp_proposed_force_lower_raw,10.0,10,781873798,full_6d,3,3,3,direct_vp_rollback,jnpp_then_vp,[],True,7.237533165588153e-05,0.00010995103100430105,0.6582505956951906,False,4.200544291424397e-07,0.022036030783719157,7.237533165588153e-05,4.200544291424397e-07,0.022036030783719157,7.237538167589928e-05,4.2005382140460556e-07,0.022036030783719268,True,rollback,existing_selector_rollback,"[0.39132043074097583,3.5815447749202742,0.13965911861982755]","[2.5554505245383727,0.27920912981429324,7.160291500349547]","[1.0243845394756994e-07,3.9997040445641825e-08,1.6650535450466732e-07]","[0.39132043073717415,3.58154477501202,0.13965911862020855]","[2.555450524563199,0.27920912980714097,7.160291500330013]","[1.0516001230668887e-07,3.644249732683949e-08,1.7062649691785243e-07]",81527831.12299645,81.20229089897707,81527831.21011338,81.20229078218003,direct_vp,direct_vp,False,[]
fig1_fig2,adaptive_jones_vp_proposed_force_lower_raw,10.0,12,2210497206,full_6d,3,3,3,direct_vp_rollback,jnpp_then_vp,[],True,0.00012577361178434945,0.00010167793032284744,1.2369804478217985,False,3.025336411117084e-07,0.04559175757934852,0.00012577361178434945,3.025336411117084e-07,0.04559175757934852,0.00012577624273917273,3.025363987965684e-07,0.04559175757934844,True,rollback,existing_selector_rollback,"[0.5148652345572561,0.3563333303659821,0.18957811053326676]","[1.9422558232338352,2.8063611084951434,5.274870591266562]","[4.50333120959698e-07,4.096556726705863e-07,2.541820676688678e-07]","[0.514865234533084,0.356333330382006,0.18957811053378418]","[1.9422558233250211,2.8063611083689444,5.2748705912521645]","[4.515787995747155e-07,3.9120312823186074e-07,2.2382692807840038e-07]",90907491.286727,71.49818999212265,90907491.49348286,71.49818978116889,direct_vp,direct_vp,False,[]
fig1_fig2,adaptive_jones_vp_proposed_force_lower_raw,10.0,13,634888206,full_6d,3,3,3,direct_vp_rollback,jnpp_then_vp,[],True,0.00015929997521591974,0.00011789249478039746,1.3512308439367025,False,4.1562763086371664e-07,0.020446468044119506,0.00015929997521591974,4.1562763086371664e-07,0.020446468044119506,0.00015930152877605998,4.156283988836336e-07,0.02044646804411951,True,rollback,existing_selector_rollback,"[0.17005023751369175,2.5833759027418455,0.26955160272923173]","[5.880615132450574,0.3870903955309309,3.709864789801469]","[5.928718213782614e-07,1.4546510307598708e-08,7.590033089961541e-07]","[0.17005023751007928,2.583375902949146,0.26955160272597156]","[5.880615132575499,0.38709039549986923,3.709864789846339]","[6.595967409389828e-07,2.9572813749972857e-08,5.099279262635826e-07]",75410983.7885619,80.70101813114624,75410984.1043228,80.70101776598747,direct_vp,direct_vp,False,[]
fig1_fig2,adaptive_jones_vp_proposed_force_lower_raw,10.0,15,2734808712,full_6d,3,3,3,direct_vp_rollback,jnpp_then_vp,[],True,0.00012908404873144633,0.00010946639617456623,1.1792116415853848,False,4.7321196247654403e-07,0.011545139103209449,0.00012908404873144633,4.7321196247654403e-07,0.011545139103209449,0.00012908251143722697,4.732112759609297e-07,0.011545139103209406,True,rollback,existing_selector_rollback,"[1.1079448819342081,0.2020995918265065,0.24493156109478753]","[0.9025719747476336,4.948055515412685,4.082773144996039]","[1.672760424546592e-07,2.704329033688413e-09,4.5657361791175903e-07]","[1.1079448819115854,0.20209959182469756,0.2449315611049849]","[0.902571974766063,4.948055515456974,4.082773144826058]","[1.4459357230868132e-07,1.6527454438303538e-09,4.448128609404638e-07]",86775060.10540584,70.021195290057,86775060.50413871,70.0211949574275,direct_vp,direct_vp,False,[]
fig1_fig2,adaptive_jones_vp_proposed_force_lower_raw,10.0,17,2127997378,full_6d,3,3,3,direct_vp_rollback,jnpp_then_vp,[],True,9.65308415510383e-05,0.000126521488460785,0.7629600530739707,False,5.53347215193973e-07,0.04004865643729583,9.65308415510383e-05,5.53347215193973e-07,0.04004865643729583,9.652842585536517e-05,5.533465149652157e-07,0.04004865643729576,True,rollback,existing_selector_rollback,"[0.4403231391201004,0.1662581717941422,0.5879304845510034]","[2.2710593906054175,6.014741947469597,1.700881356344538]","[9.541982886247915e-07,2.5863291547245556e-08,1.0390217920558593e-06]","[0.44032313911375154,0.1662581717936584,0.5879304845588382]","[2.271059390638163,6.014741947487099,1.7008813563218717]","[8.526242263597762e-07,6.411360920067851e-09,8.323299052731499e-07]",64965652.25687176,83.29348964467843,64965651.5848012,83.29349051526167,direct_vp,direct_vp,False,[]
fig1_fig2,adaptive_jones_vp_proposed_force_lower_raw,10.0,5,2290547997,full_6d,3,3,3,direct_vp_rollback,jnpp_then_vp,[],True,0.0001719463044212135,0.00012132769578718878,1.417205719647151,False,4.504478104838941e-07,0.027276976694571645,0.0001719463044212135,4.504478104838941e-07,0.027276976694571645,0.0001719492389327401,4.504498445391228e-07,0.027276976694571672,True,rollback,existing_selector_rollback,"[0.5762497931255496,0.17092275692341205,0.4078424342456281]","[1.7353585405653242,5.850596011904455,2.4519273033696387]","[7.78063962897266e-07,3.0810041949287624e-08,4.0469788692300886e-07]","[0.5762497930962074,0.17092275692938638,0.40784243424235495]","[1.7353585406536873,5.850596011699957,2.4519273033893167]","[1.339422291820377e-06,2.0051488232682977e-09,4.3071682908416614e-07]",71491601.53352515,75.01272261897248,71491602.44551888,75.01272168180002,direct_vp,direct_vp,False,[]
fig1_fig2,adaptive_jones_vp_proposed_force_lower_raw,10.0,19,3846521747,full_6d,3,3,3,direct_vp_rollback,jnpp_then_vp,[],True,0.00022859498176326673,0.00012511146204778243,1.82713060835275,False,6.833007375357237e-07,0.011852845684939535,0.00022859498176326673,6.833007375357237e-07,0.011852845684939535,0.0002285965498194942,6.833012997493588e-07,0.011852845684939486,True,rollback,existing_selector_rollback,"[0.3918497142942677,0.18664906586945873,0.4773740810084392]","[2.5519987983164314,5.35764802969444,2.0947932445076427]","[5.434338590849791e-07,4.1436688952122024e-08,1.8598710691584235e-07]","[0.3918497142990563,0.18664906587128463,0.4773740810120028]","[2.551998798285245,5.357648029642029,2.094793244492005]","[5.349049257504054e-07,2.4182309953620977e-09,2.3634522573550111e-07]",66302877.200221285,80.94936954434299,66302877.67958064,80.94936892463667,direct_vp,direct_vp,False,[]
fig1_fig2,adaptive_jones_vp_proposed_force_lower_raw,10.0,9,3933360494,full_6d,3,3,3,direct_vp_rollback,jnpp_then_vp,[],True,3.186400674515815e-05,0.00012031253848123944,0.26484360771863164,False,5.096853489618816e-07,0.011912266570513206,3.186400674515815e-05,5.096853489618816e-07,0.011912266570513206,3.186318478215521e-05,5.09685185718657e-07,0.011912266570513263,True,rollback,existing_selector_rollback,"[0.22257488430227967,0.37811346186065914,0.34890750696983314]","[4.49286990818638,2.644708800048325,2.8660890924485383]","[2.9889439728781027e-06,1.8842894726167575e-05,5.987120994440114e-06]","[0.2225748843054625,0.37811346185486533,0.34890750697537765]","[4.492869908122132,2.6447088000888495,2.866089092402993]","[8.417832633184872e-08,2.235399935641276e-08,2.8348432323017445e-06]",72237586.24686064,76.987488584907,72237586.50056668,76.98748828741547,direct_vp,direct_vp,False,[]
fig1_fig2,adaptive_jones_vp_proposed_force_lower_raw,10.0,11,3685333214,full_6d,3,3,3,direct_vp_rollback,jnpp_then_vp,[],True,9.788529398588982e-06,0.00013621409396788242,0.07186135526399343,False,2.5860864128747706e-07,0.028631281807882686,9.788529398588982e-06,2.5860864128747706e-07,0.028631281807882686,9.788129214142419e-06,2.586096024334466e-07,0.02863128180788279,True,rollback,existing_selector_rollback,"[3.244531175970619,0.12081599875585101,0.7053964147030088]","[0.3082109388878349,8.277049482665888,1.4176425895506173]","[1.2909069887368533e-07,4.553411111198745e-08,4.017288466933357e-06]","[3.2445311760142994,0.12081599875389808,0.705396414717526]","[0.3082109388836855,8.277049482799683,1.417642589521442]","[2.580782892147011e-07,5.37287564598223e-08,1.1496037171966798e-06]",60008899.09431999,91.96982929479299,60008899.42954402,91.96982879833507,direct_vp,direct_vp,False,[]
fig1_fig2,adaptive_jones_vp_proposed_force_lower_raw,10.0,14,1092560480,full_6d,3,3,3,direct_vp_rollback,jnpp_then_vp,[],True,0.00011070675669979949,0.00011431537096209003,0.9684328167601604,False,6.068628198566402e-07,0.021617529758422405,0.00011070675669979949,6.068628198566402e-07,0.021617529758422405,0.0001107098509618043,6.068646597479105e-07,0.021617529758422436,True,rollback,existing_selector_rollback,"[0.37325294327508773,0.3515572967698669,0.22509318460396613]","[2.679148330955359,2.8444865436949214,4.442604522918794]","[4.3338841671127666e-07,5.749684810398974e-07,3.3521262093354563e-07]","[0.3732529432649729,0.3515572967595158,0.22509318460370975]","[2.679148331027962,2.844486543778673,4.442604522923854]","[3.771632074431242e-07,3.038068134961678e-07,7.961948280178044e-07]",79357469.40815215,68.81207161984771,79357470.59085388,68.81207059166908,direct_vp,direct_vp,False,[]
fig1_fig2,adaptive_jones_vp_proposed_force_lower_raw,10.0,20,3607282624,full_6d,3,3,3,direct_vp_rollback,jnpp_then_vp,[],True,4.360536545958384e-05,0.00010675723028355902,0.4084535103033599,False,6.817572431349283e-07,0.0571811980102364,4.360536545958384e-05,6.817572431349283e-07,0.0571811980102364,4.360510034170877e-05,6.817561410542465e-07,0.05718119801023645,True,rollback,existing_selector_rollback,"[0.4304100249223437,0.7774853665440093,0.15776096190263195]","[2.3233659582626904,1.286197841181642,6.3387037448277574]","[9.143318675467374e-07,9.439884867947734e-08,1.6750830721363626e-07]","[0.43041002493535047,0.7774853665087318,0.1577609619018078]","[2.3233659581924795,1.286197841240002,6.3387037448608705]","[9.165353798643954e-07,9.775984002191449e-08,1.72734494246366e-07]",85945509.15636629,65.45071796032934,85945509.11461411,65.45071800668026,direct_vp,direct_vp,False,[]
fig1_fig2,adaptive_jones_vp_proposed_force_lower_raw,10.0,21,4000820147,full_6d,3,3,3,direct_vp_rollback,jnpp_then_vp,[],True,7.026151573838907e-05,0.00014759415970070318,0.4760453657574794,False,3.067674775361197e-07,0.034784413322373975,7.026151573838907e-05,3.067674775361197e-07,0.034784413322373975,7.026298825574907e-05,3.067675534201034e-07,0.0347844133223737,True,rollback,existing_selector_rollback,"[0.1149318223648786,4.468216176957907,0.9326601824878609]","[8.700810440690182,0.2238029585838797,1.0722018788575043]","[1.8760589637538582e-07,2.0481791197920105e-08,2.7257206667095442e-08]","[0.11493182236443451,4.468216176496168,0.9326601824984716]","[8.700810440723801,0.22380295860700716,1.072201878845306]","[1.3266559576994534e-07,2.8858853635056037e-08,1.682428445175779e-08]",51193312.18734994,135.4914185108478,51193311.56994473,135.49142012525428,direct_vp,direct_vp,False,[]
fig1_fig2,adaptive_jones_vp_proposed_force_lower_raw,10.0,22,3206710796,full_6d,3,3,3,direct_vp_rollback,jnpp_then_vp,[],True,6.374274865380265e-05,0.000134338304623352,0.4744942169139319,False,5.069740394748937e-07,0.010713587615881297,6.374274865380265e-05,5.069740394748937e-07,0.010713587615881297,6.374352183756616e-05,5.069743934321795e-07,0.010713587615881275,True,rollback,existing_selector_rollback,"[0.24576199070932236,0.2208059903339279,0.7015434226622353]","[4.068977457065421,4.528862638588136,1.4254285161771914]","[6.600614615285316e-07,1.6633918749064683e-07,1.568652478683791e-06]","[0.24576199070737284,0.22080599033685774,0.7015434226471678]","[4.068977457097699,4.528862638528043,1.4254285162078062]","[6.593181638333342e-07,1.6741991259174402e-07,1.571980515029981e-06]",56829746.523094445,85.49747228355963,56829746.767402984,85.4974719128984,direct_vp,direct_vp,False,[]
fig1_fig2,adaptive_jones_vp_proposed_force_lower_raw,10.0,16,1080178429,full_6d,3,3,3,direct_vp_rollback,jnpp_then_vp,[],False,2.6831713469700665e-05,0.0001049215008865352,0.2557313157263845,False,1.8706028878264579e-07,0.0480928894977384,2.6831713469700665e-05,1.8706028878264579e-07,0.0480928894977384,2.6831784618217187e-05,1.870606057189047e-07,0.048092889497738475,True,rollback,existing_selector_rollback,"[0.27912036523416595,19.882423631323896,0.15798624704641964]","[3.5826837613972677,0.050295679164820785,6.32966488346306]","[1.9538560201967643e-07,1.0065901126335454e-08,2.8110482322493914e-08]","[0.27912036523657124,19.88242362740277,0.15798624704603173]","[3.5826837613663947,0.05029567917473988,6.329664883478602]","[1.9840902408928955e-07,7.149819488001021e-09,3.3268865764323745e-08]",85943358.3284962,87.5370186345722,85943358.31142157,87.53701865611343,direct_vp,jnpp_then_vp,False,[]
fig1_fig2,adaptive_jones_vp_proposed_force_lower_raw,10.0,23,2043173887,full_6d,3,3,3,direct_vp_rollback,jnpp_then_vp,[],True,0.00016674790878839468,0.00011079693799400164,1.504986616123111,False,5.147182636720552e-07,0.03275309047563421,0.00016674790878839468,5.147182636720552e-07,0.03275309047563421,0.0001667492580671132,5.147194032507862e-07,0.03275309047563444,True,rollback,existing_selector_rollback,"[1.2387414928155707,0.2083475686653461,0.22822460786058987]","[0.8072709324734355,4.799672040358775,4.381648453135334]","[1.9927682476487115e-06,7.606005439225133e-09,2.8378784869679144e-08]","[1.238741492794036,0.20834756866297294,0.22822460785867174]","[0.8072709324874694,4.799672040413445,4.38164845317216]","[2.0004403840353783e-06,1.0520083115849193e-08,5.333916536483659e-08]",83952477.29693866,63.97621622259129,83952477.06468269,63.9762164157014,direct_vp,direct_vp,False,[]
fig1_fig2,adaptive_jones_vp_proposed_force_lower_raw,10.0,24,2465240206,full_6d,3,3,3,direct_vp_rollback,jnpp_then_vp,[],True,4.051539494163586e-05,0.00014217162358910092,0.2849752567976007,False,3.3990336971935407e-07,0.052513637389532464,4.051539494163586e-05,3.3990336971935407e-07,0.052513637389532464,4.051656795847242e-05,3.399043393811059e-07,0.05251363738953218,True,rollback,existing_selector_rollback,"[0.561635361648325,0.12440676373733525,5.6360272935651885]","[1.7805146689207239,8.038148167821596,0.1774299427428416]","[3.864653750518743e-07,7.886007411917932e-08,4.3393930527069426e-07]","[0.5616353616401502,0.12440676373774234,5.6360272930336155]","[1.7805146689466398,8.038148167795294,0.17742994275957627]","[2.8162948339166644e-07,1.5466892279292436e-08,3.606522306540445e-07]",51644313.999721505,105.7799725092786,51644314.525481544,105.77997138609256,direct_vp,direct_vp,False,[]
fig1_fig2,adaptive_jones_vp_proposed_force_lower_raw,10.0,25,3407116044,full_6d,3,3,3,direct_vp_rollback,jnpp_then_vp,[],True,0.00010129387130614535,0.00013626566801322015,0.7433557753983789,False,7.070476939636342e-07,0.020453878658679443,0.00010129387130614535,7.070476939636342e-07,0.020453878658679443,0.00010129418526014892,7.070473432433397e-07,0.02045387865867942,True,rollback,existing_selector_rollback,"[0.2123936239173096,0.24938302785132857,0.7654734816708197]","[4.708239266114287,4.009895976545395,1.3063809837233125]","[1.689975813862368e-07,5.4851679507271535e-08,3.673319608738569e-08]","[0.21239362391584787,0.24938302785133618,0.7654734816702687]","[4.708239266146689,4.009895976545272,1.3063809837242528]","[1.6827037349107258e-07,5.5243494285089584e-08,3.713007643302569e-08]",55415143.107190706,82.8572482750725,55415143.02123967,82.85724840668884,direct_vp,direct_vp,False,[]
fig1_fig2,adaptive_jones_vp_proposed_force_lower_raw,10.0,26,890721611,full_6d,3,3,3,direct_vp_rollback,jnpp_then_vp,[],True,0.00017361031525043718,0.0001164268324688854,1.4911538136780784,False,2.641364248308972e-07,0.04766393542746764,0.00017361031525043718,2.641364248308972e-07,0.04766393542746764,0.0001736108221782811,2.641369548802152e-07,0.04766393542746776,True,rollback,existing_selector_rollback,"[0.19499368749461374,0.9897919332039525,0.2579597274790028]","[5.128371142924449,1.010313346121153,3.876574106247415]","[1.1015736737404735e-07,6.80610766448443e-08,7.925793244565245e-07]","[0.194993687494133,0.989791933213318,0.2579597274780779]","[5.128371142937092,1.0103133461115934,3.8765741062613146]","[1.1144068472731735e-07,6.678035511964496e-08,7.808320547922957e-07]",76987970.92285624,86.46029912020761,76987970.78881764,86.46029928122817,direct_vp,direct_vp,False,[]
fig1_fig2,adaptive_jones_vp_proposed_force_lower_raw,10.0,27,4133001221,full_6d,3,3,3,direct_vp_rollback,jnpp_then_vp,[],True,9.007671517987552e-05,0.00015147281989840445,0.5946724649365582,False,2.671746511517356e-07,0.02338217982614253,9.007671517987552e-05,2.671746511517356e-07,0.02338217982614253,9.008328363918858e-05,2.671782203129572e-07,0.023382179826142636,True,rollback,existing_selector_rollback,"[0.5501800479642003,0.1239162590630349,11.035935863539379]","[1.8175868130799955,8.069966020287834,0.09061306737861469]","[1.1570927850095993e-06,7.761536258125371e-09,1.256983014800184e-07]","[0.5501800479479456,0.12391625906103865,11.035935871503888]","[1.8175868131336947,8.069966020417839,0.09061306731322027]","[1.1370659977875783e-06,1.2976239883027498e-09,8.857964826742067e-08]",45520509.95857356,100.78419356460394,45520511.346293285,100.78419036604147,direct_vp,direct_vp,False,[]
fig1_fig2,adaptive_jones_vp_proposed_force_lower_raw,10.0,18,3644258948,full_6d,3,3,3,direct_vp_rollback,jnpp_then_vp,[],True,5.156379453951387e-05,0.00010552850122600296,0.4886243426226941,False,3.6789160483852057e-07,0.043947808197684415,5.156379453951387e-05,3.6789160483852057e-07,0.043947808197684415,5.1564246495606136e-05,3.6789105492283997e-07,0.043947808197684624,True,rollback,existing_selector_rollback,"[0.6490079638853853,1.082238891760559,0.13316295304717402]","[1.540813141972401,0.9240104080644735,7.509596153560885]","[3.6463819361480645e-07,1.664064720803717e-06,1.3701324059302477e-07]","[0.6490079637915048,1.082238891651225,0.1331629530454667]","[1.5408131421952829,0.9240104081578224,7.509596153657169]","[2.2598376902721255e-07,1.1846011857994608e-07,1.3083399513714215e-07]",80595275.68569899,80.86108032267283,80595275.61916092,80.86108039434981,direct_vp,direct_vp,False,[]
fig1_fig2,adaptive_jones_vp_proposed_force_lower_raw,10.0,28,4133035554,full_6d,3,3,3,direct_vp_rollback,jnpp_then_vp,[],True,7.695811849894716e-05,0.00014163952249484027,0.5433378843941714,False,2.921328029273835e-07,0.03542768303517915,7.695811849894716e-05,2.921328029273835e-07,0.03542768303517915,7.695395610944486e-05,2.9213120588627533e-07,0.03542768303517904,True,rollback,existing_selector_rollback,"[0.18379025109504518,0.2589671111815277,1.4559140383467584]","[5.440985003511839,3.861494208423914,0.6868537383801033]","[3.248119176121312e-08,1.059656723089967e-08,1.2976677955365757e-06]","[0.18379025109888567,0.25896711118499227,1.4559140380599822]","[5.440985003398144,3.861494208372253,0.6868537385153952]","[5.110773999653345e-08,9.38116469337618e-09,1.0857803303725696e-06]",51298442.46302446,88.8396139763427,51298443.720258646,88.83961183780498,direct_vp,direct_vp,False,[]
fig1_fig2,adaptive_jones_vp_proposed_force_lower_raw,10.0,30,635628036,full_6d,3,3,3,direct_vp_rollback,jnpp_then_vp,[],True,0.0002262174845612151,0.0001122363957541241,2.015544806488521,False,6.708780333597952e-07,0.03856780181732348,0.0002262174845612151,6.708780333597952e-07,0.03856780181732348,0.00022622000061859547,6.708809858017642e-07,0.03856780181732349,True,rollback,existing_selector_rollback,"[0.32507589448506347,0.3109563177055966,0.26852282074461276]","[3.076204717005317,3.215885779000177,3.7240782635410103]","[1.668640289636227e-07,3.9174620978321975e-09,1.233103557192331e-07]","[0.32507589448704827,0.3109563177094878,0.26852282074741907]","[3.0762047169865347,3.2158857789599344,3.7240782635020904]","[1.7368395019932378e-07,1.5601149315732658e-09,9.999494221974874e-08]",81549785.07074971,70.9615787701301,81549785.83714868,70.96157813916234,direct_vp,direct_vp,False,[]
fig1_fig2,adaptive_jones_vp_proposed_force_lower_raw,10.0,32,2857393641,full_6d,3,3,3,direct_vp_rollback,jnpp_then_vp,[],True,0.00021166461507063033,0.00011542732131935694,1.8337479606323897,False,8.650434585713801e-07,0.01806218713943081,0.00021166461507063033,8.650434585713801e-07,0.01806218713943081,0.00021166528961973638,8.650446103828027e-07,0.01806218713943083,True,rollback,existing_selector_rollback,"[0.2130801504320881,0.45271225331060067,0.32196630516464997]","[4.693069710960722,2.2089086228321255,3.105915072349851]","[1.0681833674700082e-07,8.517595946542289e-08,1.7511667663789913e-06]","[0.21308015043426834,0.45271225330453574,0.3219663051584387]","[4.693069710912702,2.208908622861718,3.1059150724097693]","[1.0550138549455197e-07,7.98397546763187e-08,1.7150901584943646e-06]",77978091.5076575,73.4890592135416,77978091.29440561,73.4890594076153,direct_vp,direct_vp,False,[]
fig1_fig2,adaptive_jones_vp_proposed_force_lower_raw,10.0,33,3489193506,full_6d,3,3,3,direct_vp_rollback,jnpp_then_vp,[],True,3.150065189099231e-05,0.0001159415437043294,0.27169425974976075,False,3.523433235573875e-07,0.050198290773973774,3.150065189099231e-05,3.523433235573875e-07,0.050198290773973774,3.150043021414508e-05,3.5234300391452435e-07,0.0501982907739736,True,rollback,existing_selector_rollback,"[0.23217291157170405,0.5734793044836829,0.2511061796389901]","[4.3071346835004425,1.7437420883038672,3.982379093327878]","[1.9528079228081306e-08,2.166588779642266e-08,4.779915267978941e-07]","[0.23217291157255335,0.5734793044884211,0.25110617963859166]","[4.307134683484687,1.74374208828946,3.982379093334198]","[3.264417239814119e-08,9.861080282066995e-08,4.148792198792168e-07]",77891697.3230024,79.35078514791107,77891697.58068515,79.3507848908558,direct_vp,direct_vp,False,[]
fig1_fig2,adaptive_jones_vp_proposed_force_lower_raw,10.0,34,1995992425,full_6d,3,3,3,direct_vp_rollback,jnpp_then_vp,[],True,6.641759197870954e-05,0.00012635780725055043,0.5256310901867143,False,4.3526082830480235e-07,0.0764299471787426,6.641759197870954e-05,4.3526082830480235e-07,0.0764299471787426,6.641863475133662e-05,4.3526165411921026e-07,0.07642994717874231,True,rollback,existing_selector_rollback,"[1.170038943657193,0.14876310615324392,0.42129529436028046]","[0.8546724067774429,6.722096801136504,2.3736320186486712]","[1.3868588856482577e-06,2.3982472870511613e-08,7.035000425057911e-07]","[1.1700389436222174,0.14876310614712374,0.4212952943523363]","[0.8546724068029913,6.722096801413055,2.3736320186934297]","[1.415320956745708e-06,2.8538736217897108e-08,6.993682543391008e-07]",67207882.43756771,76.70424614386478,67207881.47434339,76.70424728195822,direct_vp,direct_vp,False,[]
fig1_fig2,adaptive_jones_vp_proposed_force_lower_raw,10.0,35,714029656,full_6d,3,3,3,direct_vp_rollback,jnpp_then_vp,[],True,0.00016638976028405332,0.000121110425305121,1.373868185706204,False,7.554754466439087e-07,0.019215008577383823,0.00016638976028405332,7.554754466439087e-07,0.019215008577383823,0.00016638916402195923,7.554731969654787e-07,0.0192150085773838,True,rollback,existing_selector_rollback,"[2.674329412630246,0.1348582511185199,0.4596266733873937]","[0.37392551391558365,7.4151932989329445,2.175678779975191]","[9.948241221554595e-08,2.154229960287818e-08,9.764940062035207e-08]","[2.6743294126429094,0.13485825111874686,0.45962667340229957]","[0.37392551391381307,7.4151932989204665,2.175678779904633]","[1.1184681760706026e-07,2.1258184573863687e-08,1.1858500232038871e-07]",74317324.92790434,80.84589765924717,74317325.0500113,80.84589750474238,direct_vp,direct_vp,False,[]
fig1_fig2,adaptive_jones_vp_proposed_force_lower_raw,10.0,37,1911328645,full_6d,3,3,3,direct_vp_rollback,jnpp_then_vp,[],True,0.00013969935342808673,0.00013637632982206713,1.0243665716063426,False,4.2403379505164357e-07,0.022844110095144005,0.00013969935342808673,4.2403379505164357e-07,0.022844110095144005,0.00013969359434143195,4.240308230582512e-07,0.022844110095143998,True,rollback,existing_selector_rollback,"[0.5280168849767177,0.1487576099758683,0.7096054867988754]","[1.8938788293551745,6.72234516380085,1.4092337483330677]","[5.375276137647442e-07,3.1049628487536737e-08,2.592055033473662e-07]","[0.5280168849280263,0.148757609979234,0.709605486847105]","[1.8938788295298195,6.722345163648753,1.4092337482372865]","[5.172557513518796e-07,2.783306503226711e-08,2.420805722173425e-07]",56334778.24680791,84.99699896540147,56334776.67444144,84.9970013977643,direct_vp,direct_vp,False,[]
fig1_fig2,adaptive_jones_vp_proposed_force_lower_raw,10.0,38,445142407,full_6d,3,3,3,direct_vp_rollback,jnpp_then_vp,[],True,0.000261642090469019,0.0001519258569948173,1.722169587484667,False,6.915347929491306e-07,0.07093716209345793,0.000261642090469019,6.915347929491306e-07,0.07093716209345793,0.0002616367352687368,6.915266322830314e-07,0.07093716209346274,True,rollback,existing_selector_rollback,"[0.11534716805560759,1.6246005653329163,1.3939467009348285]","[8.669480290298898,0.6155359177740121,0.7173875438192664]","[2.2846735812847508e-07,5.85556096721572e-07,3.815999755933078e-08]","[0.11534716805955968,1.6246005657077913,1.3939467018127887]","[8.669480290001859,0.6155359176319777,0.7173875433674286]","[2.582639138711228e-07,2.631941725858725e-07,2.479385116405482e-08]",47510196.73091128,121.33956941391003,47510197.8522409,121.33956632497787,direct_vp,direct_vp,False,[]
fig1_fig2,adaptive_jones_vp_proposed_force_lower_raw,10.0,39,1925729663,full_6d,3,3,3,direct_vp_rollback,jnpp_then_vp,[],True,7.280263906776988e-05,0.00010316082605915418,0.7057198148648364,False,7.485082482397408e-07,0.00888098110179779,7.280263906776988e-05,7.485082482397408e-07,0.00888098110179779,7.280190928286317e-05,7.48511526628778e-07,0.008880981101797828,True,rollback,existing_selector_rollback,"[0.4548844734010236,2.0768604454733097,0.13649340091295487]","[2.1983603716408906,0.4814960014176718,7.326361518661167]","[9.235014224290977e-07,6.773558588974389e-08,7.877685445884221e-07]","[0.45488447340807814,2.076860445492887,0.1364934009134083]","[2.1983603716067974,0.48149600141313303,7.326361518636828]","[8.469512883388091e-07,1.4605139043214395e-07,8.345100215232869e-07]",82651614.98145978,90.08895854463923,82651614.96482201,90.08895841091655,direct_vp,direct_vp,False,[]
fig1_fig2,adaptive_jones_vp_proposed_force_lower_raw,10.0,41,4278604885,full_6d,3,3,3,direct_vp_rollback,jnpp_then_vp,[],True,8.582286696382247e-05,0.0001532984328488081,0.5598417763896257,False,5.924042415194163e-07,0.02849161797691961,8.582286696382247e-05,5.924042415194163e-07,0.02849161797691961,8.5816005143589e-05,5.924015446650389e-07,0.028491617976919487,True,rollback,existing_selector_rollback,"[0.17007641635790793,0.25464942028162185,5.386140120975318]","[5.879709964581068,3.9269675104456376,0.1856617127542413]","[1.764231087516463e-07,3.513236664269452e-08,3.9741405377392463e-07]","[0.17007641635667584,0.25464942027797766,5.386140123806508]","[5.879709964623664,3.926967510501835,0.18566171265664938]","[1.5839090446202693e-07,3.7121094679439646e-08,3.9552241491247324e-07]",43609016.55711061,110.49972394921454,43609019.165501274,110.49971733393198,direct_vp,direct_vp,False,[]
fig1_fig2,adaptive_jones_vp_proposed_force_lower_raw,10.0,42,1970772956,full_6d,3,3,3,direct_vp_rollback,jnpp_then_vp,[],True,2.9007390876048046e-05,0.00010700230858484586,0.2710912620455013,False,1.8408381221291126e-07,0.017197754359987855,2.9007390876048046e-05,1.8408381221291126e-07,0.017197754359987855,2.90055275880865e-05,1.840835590435747e-07,0.017197754359987875,True,rollback,existing_selector_rollback,"[1.0471666565531177,0.289024403500128,0.17889154552309458]","[0.9549578319181591,3.4599154531228646,5.589979096416957]","[1.2022132847027907e-06,2.276779691552013e-08,1.642879581362523e-07]","[1.0471666565939592,0.2890244035025749,0.17889154552486392]","[0.954957831880914,3.4599154530935725,5.5899790963616685]","[1.202704645273217e-06,2.2688625994853698e-08,1.58870460601793e-07]",85657665.23659931,72.50148847893682,85657665.46717776,72.50148826753424,direct_vp,direct_vp,False,[]
fig1_fig2,adaptive_jones_vp_proposed_force_lower_raw,10.0,29,1456316145,full_6d,3,3,3,direct_vp_rollback,jnpp_then_vp,[],True,5.418797024817918e-05,0.000107917732895236,0.5021229486055233,False,4.6069479430892224e-07,0.058570335735266814,5.418797024817918e-05,4.6069479430892224e-07,0.058570335735266814,5.418335196576225e-05,4.6069434210071503e-07,0.058570335735267445,True,rollback,existing_selector_rollback,"[0.707585088803802,0.23237482554462502,0.2331823524274416]","[1.413257593782577,4.303392149541296,4.288489199931769]","[6.354805426994372e-07,6.349048594976996e-08,5.1808494623119955e-08]","[0.7075850888080183,0.2323748254871642,0.23318235244801433]","[1.4132575937741558,4.303392150605424,4.288489199553413]","[3.84426193407764e-07,4.8698790715633544e-08,9.692720229476425e-08]",86974473.8545928,77.38995609511481,86974472.79822671,77.3899570333657,direct_vp,direct_vp,False,[]
fig1_fig2,adaptive_jones_vp_proposed_force_lower_raw,10.0,43,409305243,full_6d,3,3,3,direct_vp_rollback,jnpp_then_vp,[],True,0.00020444502730057848,0.0001340433220867418,1.5252160578971512,False,4.224447680779963e-07,0.03333401688536391,0.00020444502730057848,4.224447680779963e-07,0.03333401688536391,0.00020444237232162478,4.2244263715068965e-07,0.03333401688536419,True,rollback,existing_selector_rollback,"[0.18397671049443434,0.2984445947772309,0.81168599849308]","[5.435470594687407,3.350705683733811,1.2320035110322451]","[2.6624692504069994e-07,2.5456920365270606e-08,1.627228815750024e-06]","[0.18397671049399214,0.2984445947788698,0.8116859985017025]","[5.435470594700472,3.35070568371541,1.2320035110191576]","[2.689264207837729e-07,2.7522255085301676e-08,1.5790581559472988e-06]",57513024.38046503,97.08399636340526,57513023.58602299,97.08399772346205,direct_vp,direct_vp,False,[]
fig1_fig2,adaptive_jones_vp_proposed_force_lower_raw,10.0,45,2629875502,full_6d,3,3,3,direct_vp_rollback,jnpp_then_vp,[],True,3.684325110763214e-05,0.00011130707313227606,0.33100547944377295,False,4.479130273458199e-07,0.036892604820950636,3.684325110763214e-05,4.479130273458199e-07,0.036892604820950636,3.684336341082989e-05,4.4791312801432265e-07,0.03689260482095047,True,rollback,existing_selector_rollback,"[0.38620181689198424,0.23583208477934825,0.3180069572204617]","[2.589319770806001,4.24030513462744,3.144585290649542]","[7.144038527747268e-08,4.189982893673141e-09,5.935019950759773e-07]","[0.3862018168864491,0.23583208477896023,0.318006957223999]","[2.5893197708431117,4.240305134634417,3.1445852906145633]","[7.413820630223213e-08,3.098416759262997e-09,6.400962514139689e-07]",82340188.72881521,71.66994986139247,82340188.7761167,71.66994982005737,direct_vp,direct_vp,False,[]
fig1_fig2,adaptive_jones_vp_proposed_force_lower_raw,10.0,31,3399679668,full_6d,3,3,3,direct_vp_rollback,jnpp_then_vp,[],False,0.00012145132679247599,0.0001386181568063802,0.8761574211531135,False,3.31047787584056e-07,0.04027999987173796,0.00012145132679247599,3.31047787584056e-07,0.04027999987173796,0.00012145335584058884,3.310490158149869e-07,0.040279999871738026,True,rollback,existing_selector_rollback,"[0.17763359003690096,0.29705512596195804,0.9978474838533167]","[5.629565893433139,3.3663785358404033,1.0021571594662675]","[2.0709819254218378e-07,1.1281231667540936e-08,5.888368750124395e-08]","[0.17763359003394266,0.2970551259772044,0.9978474838738532]","[5.629565893526894,3.3663785356676237,1.0021571594456422]","[2.203256449974122e-07,2.708878857832048e-08,6.966671638963785e-09]",53522714.612011306,93.57562831367954,53522713.997194365,93.57562938831565,direct_vp,jnpp_then_vp,False,[]
fig1_fig2,adaptive_jones_vp_proposed_force_lower_raw,10.0,46,3306807379,full_6d,3,3,3,direct_vp_rollback,jnpp_then_vp,[],True,0.00018832725924980412,0.00010437338646550407,1.8043609163917205,False,5.22847397683028e-07,0.04312209158452738,0.00018832725924980412,5.22847397683028e-07,0.04312209158452738,0.0001883263064040763,5.228451649984416e-07,0.04312209158452717,True,rollback,existing_selector_rollback,"[1.2695231433506677,0.4350761610465525,0.1437817003646266]","[0.7876973375683554,2.298448155822002,6.9549879954394935]","[4.1771025888636787e-07,5.9006657847142506e-08,7.295079628179232e-07]","[1.2695231432328804,0.43507616108417324,0.14378170036615653]","[0.7876973376414385,2.2984481556232566,6.954987995365487]","[4.25944307901975e-07,6.07218771519055e-08,7.239425482802449e-07]",85395207.96999149,78.01574728688523,85395208.02604026,78.01574725643106,direct_vp,direct_vp,False,[]
fig1_fig2,adaptive_jones_vp_proposed_force_lower_raw,10.0,47,582567175,full_6d,3,3,3,direct_vp_rollback,jnpp_then_vp,[],True,0.00010223159890737076,0.0001381373393494047,0.7400721585406106,False,8.003981388764673e-07,0.021487053806832558,0.00010223159890737076,8.003981388764673e-07,0.021487053806832558,0.00010223027059276676,8.003976456084082e-07,0.021487053806832614,True,rollback,existing_selector_rollback,"[0.3677884052367958,0.14562357112849741,2.2368519715569706]","[2.718954664587088,6.8670201688534345,0.4470568516439239]","[4.419721379312141e-06,1.0252569218276533e-08,1.8678292034598534e-08]","[0.3677884052517496,0.1456235711266127,2.236851971507527]","[2.7189546644765388,6.867020168942309,0.44705685165380565]","[4.457888300704693e-06,9.630865335379577e-09,1.1041371457295347e-08]",53929388.48577875,95.86949239858562,53929388.85226627,95.8694917433922,direct_vp,direct_vp,False,[]
fig1_fig2,adaptive_jones_vp_proposed_force_lower_raw,10.0,49,3038295588,full_6d,3,3,3,direct_vp_rollback,jnpp_then_vp,[],True,8.459656160095473e-05,0.00010414866567453616,0.8122673589051864,False,1.0416350513161782e-06,0.05803357765163571,8.459656160095473e-05,1.0416350513161782e-06,0.05803357765163571,8.459606415874421e-05,1.0416351303578103e-06,0.0580335776516358,True,rollback,existing_selector_rollback,"[0.26123582091933784,3.6031688752533215,0.1685742486273397]","[3.827958954788632,0.27753348083805585,5.932104150797618]","[3.7787752897717567e-07,5.3537399867716654e-08,5.566910577979315e-07]","[0.26123582091214465,3.603168875569693,0.1685742486287813]","[3.827958954894036,0.2775334808136874,5.932104150746889]","[3.7340819266331607e-07,4.098619800467823e-08,6.007070173625291e-07]",87334908.39680465,78.30097882726567,87334908.35728566,78.30097886155882,direct_vp,direct_vp,False,[]
fig1_fig2,adaptive_jones_vp_proposed_force_lower_raw,10.0,36,3263447461,full_6d,3,3,3,direct_vp_rollback,jnpp_then_vp,[],False,0.00012145819555162784,0.00010068566079147998,1.2063107556414392,False,6.901878410823057e-07,0.024489379087460367,0.00012145819555162784,6.901878410823057e-07,0.024489379087460367,0.00012145740268812956,6.901860374141286e-07,0.02448937908746038,True,rollback,existing_selector_rollback,"[0.5541695357329589,30.10491231506942,0.12262331201793442]","[1.804501935814317,0.03321717032437034,8.155056192362682]","[4.464125712397328e-06,1.0249065671256359e-06,1.829883942250568e-07]","[0.5541695357480406,30.104912309587224,0.12262331202018202]","[1.8045019357652077,0.033217170330419286,8.155056192213205]","[1.1260308809885295e-06,4.963942157453427e-08,2.0007352207953492e-08]",77480394.68299954,90.27481542347336,77480394.69661635,90.27481535572815,direct_vp,jnpp_then_vp,False,[]
fig1_fig2,adaptive_jones_vp_proposed_force_lower_raw,10.0,51,2092735507,full_6d,3,3,3,direct_vp_rollback,jnpp_then_vp,[],True,0.0001930727272771547,0.0001331738523728923,1.4497795463372427,False,4.299490477493486e-07,0.07085824536450047,0.0001930727272771547,4.299490477493486e-07,0.07085824536450047,0.00019307632008279036,4.299509068687134e-07,0.07085824536450075,True,rollback,existing_selector_rollback,"[1.4299316913690763,0.11731413512459889,1.3003546706564122]","[0.6993341052824197,8.524121998920135,0.7690209621763461]","[2.4962721669069185e-07,6.103144002463952e-08,2.2009662942152072e-07]","[1.4299316913256241,0.11731413512113138,1.3003546704736397]","[0.6993341053036708,8.524121999172086,0.7690209622844365]","[2.4499111900916697e-07,8.257527185375619e-08,3.426588228632596e-07]",60640551.50133627,96.57681024573719,60640550.65529023,96.5768115739461,direct_vp,direct_vp,False,[]
fig1_fig2,adaptive_jones_vp_proposed_force_lower_raw,10.0,52,2910844986,full_6d,3,3,3,direct_vp_rollback,jnpp_then_vp,[],True,0.0002216996488286611,0.00011624060580244765,1.9072478786409839,False,5.781179987836574e-07,0.016636676777621463,0.0002216996488286611,5.781179987836574e-07,0.016636676777621463,0.0002216977534688504,5.781160078068853e-07,0.016636676777621477,True,rollback,existing_selector_rollback,"[3.582855013896708,0.1627932781576284,0.27898120384908787]","[0.27910702390070163,6.1427597706556645,3.5844708754667973]","[4.1229777506667127e-07,6.975867241547477e-08,2.978048107521823e-07]","[3.5828550139234654,0.16279327815469669,0.27898120383440156]","[0.27910702389861725,6.142759770766288,3.584470875655493]","[4.821403152390085e-07,6.136430666859822e-08,3.6263824232571995e-07]",79495988.67291911,75.29698428930692,79495988.34099698,75.29698462685344,direct_vp,direct_vp,False,[]
fig1_fig2,adaptive_jones_vp_proposed_force_lower_raw,10.0,40,1007248754,full_6d,3,3,3,direct_vp_rollback,jnpp_then_vp,[],True,0.00012546800597166056,0.00014354260822166268,0.8740819713816904,False,3.9554459351304965e-07,0.029398490505867014,0.00012546800597166056,3.9554459351304965e-07,0.029398490505867014,0.00012546632363425172,3.955440155151141e-07,0.02939849050586716,True,rollback,existing_selector_rollback,"[0.1358686338750793,0.6385062465946331,0.931419701506873]","[7.3600504507853275,1.566155390542685,1.0736298559942898]","[1.7779629600447433e-06,1.4058951441298297e-06,3.0819916091104096e-05]","[0.13586863387409115,0.6385062466112488,0.9314197014785465]","[7.360050450838857,1.5661553905019292,1.0736298560269413]","[3.645294146466454e-07,3.1909728190837944e-08,6.219849803342146e-07]",51005730.279814266,101.40291112633648,51005730.761509135,101.40291014055539,direct_vp,direct_vp,False,[]
fig1_fig2,adaptive_jones_vp_proposed_force_lower_raw,10.0,44,2937526438,full_6d,3,3,3,direct_vp_rollback,jnpp_then_vp,[],True,4.880121613353029e-05,0.00010973705548523495,0.4447104573540928,False,7.637526808553298e-07,0.031678121807699966,4.880121613353029e-05,7.637526808553298e-07,0.031678121807699966,4.880025909154045e-05,7.637523647405506e-07,0.03167812180770024,True,rollback,existing_selector_rollback,"[0.981616809447501,0.19221203225486092,0.26468304805616066]","[1.0187274610363124,5.20258793515003,3.7781036879534287]","[2.145982367840204e-06,1.387043046671547e-07,3.278886977728376e-07]","[0.9816168094541061,0.19221203225384384,0.2646830480518417]","[1.0187274610294574,5.202587935177559,3.778103688015079]","[1.1508263647919257e-07,1.1662985975275946e-07,2.2800807175147202e-07]",84944009.21404311,72.66236818952844,84944009.41294369,72.66236801655396,direct_vp,direct_vp,False,[]
fig1_fig2,adaptive_jones_vp_proposed_force_lower_raw,10.0,53,3576518520,full_6d,3,3,3,direct_vp_rollback,jnpp_then_vp,"[""poor_clock_consistency""]",True,7.805543786964764e-05,0.0001687316383805,0.46260107836817144,False,1.708808197953124e-07,0.0187515568570631,7.805543786964764e-05,1.708808197953124e-07,0.0187515568570631,7.805519627500959e-05,1.7088047727849857e-07,0.018751556857062913,True,rollback,existing_selector_rollback,"[16.301216162132484,0.10407009733346487,3.1019006743447544]","[0.06134511621940736,9.608908088128933,0.32238298546040267]","[1.044214080647202e-08,3.7088068081430395e-08,3.1438280338281494e-07]","[16.301216162282163,0.1040700973328854,3.1019006744705546]","[0.06134511621884409,9.608908088182437,0.32238298544732813]","[1.0835916823516275e-08,3.555517997049366e-08,3.1391320452809133e-07]",36422168.47887272,166.85731063557333,36422168.497996405,166.85731059833367,ris_only_stage2_then_vp,direct_vp,True,"[""poor_clock_consistency""]"
fig1_fig2,adaptive_jones_vp_proposed_force_lower_raw,10.0,55,3199904066,full_6d,3,3,3,direct_vp_rollback,jnpp_then_vp,[],True,5.015563187667248e-05,0.00010862244274421898,0.46174280940060913,False,3.477991513911147e-07,0.039241461426108494,5.015563187667248e-05,3.477991513911147e-07,0.039241461426108494,5.0155526602746804e-05,3.477986035569219e-07,0.03924146142610843,True,rollback,existing_selector_rollback,"[0.3930739692585515,0.3726434241072243,0.2076633729252948]","[2.5440504286912953,2.6835305155200797,4.815485686826122]","[4.398441727238945e-07,1.4707014939041614e-07,1.4835327377144028e-07]","[0.39307396926017235,0.37264342410501683,0.20766337292403989]","[2.5440504286808046,2.6835305155359763,4.815485686855222]","[4.434943381458918e-07,1.4493322303401132e-07,1.5245201110377732e-07]",85498106.00785041,66.28624607137289,85498106.01951118,66.28624606454869,direct_vp,direct_vp,False,[]
fig1_fig2,adaptive_jones_vp_proposed_force_lower_raw,10.0,57,476784074,full_6d,3,3,3,direct_vp_rollback,jnpp_then_vp,[],True,5.4563782207096674e-05,0.00010949932382749351,0.49830245794994205,False,5.420681602561831e-07,0.017667710725136117,5.4563782207096674e-05,5.420681602561831e-07,0.017667710725136117,5.456494543359473e-05,5.420679816531548e-07,0.017667710725136072,True,rollback,existing_selector_rollback,"[0.3379152986903957,0.40536917297144587,0.221453296480418]","[2.9593214745683376,2.466887140601672,4.515624810706774]","[7.385753758455819e-07,2.9994923420186135e-08,1.3433929773813242e-07]","[0.3379152986876508,0.4053691729881021,0.22145329647947215]","[2.959321474592376,2.46688714050031,4.51562481072606]","[7.366954205973258e-07,3.02813665394362e-08,1.3339095074026247e-07]",85227888.8844934,61.82077941643179,85227889.1756215,61.82077921872735,direct_vp,direct_vp,False,[]
fig1_fig2,adaptive_jones_vp_proposed_force_lower_raw,10.0,58,1249403404,full_6d,3,3,3,direct_vp_rollback,jnpp_then_vp,[],True,9.450492645189113e-05,0.00015257911518762763,0.6193831071551159,False,4.731413522993514e-07,0.0678927439779951,9.450492645189113e-05,4.731413522993514e-07,0.0678927439779951,9.449762251915603e-05,4.7313931699891037e-07,0.0678927439779949,True,rollback,existing_selector_rollback,"[0.19561618580229606,0.23200924388358313,1.7747126390291406]","[5.1120514179254934,4.310173091644335,0.5634715040657382]","[4.280034837776127e-07,3.486083040583347e-08,2.3978148814704316e-07]","[0.19561618579759968,0.232009243891095,1.7747126389475922]","[5.112051418048225,4.310173091504782,0.5634715040916298]","[4.2371507228046966e-07,3.3350965820314687e-08,2.3789493670059697e-07]",44037032.14844522,95.36776077790631,44037033.761662506,95.36775715930735,direct_vp,direct_vp,False,[]
fig1_fig2,adaptive_jones_vp_proposed_force_lower_raw,10.0,48,3302385666,full_6d,3,3,3,direct_vp_rollback,jnpp_then_vp,[],True,6.303878151828564e-05,0.00011458153659228701,0.5501652656535334,False,6.780941597569564e-07,0.041503191129918446,6.303878151828564e-05,6.780941597569564e-07,0.041503191129918446,6.303818259045796e-05,6.780938189469567e-07,0.0415031911299184,True,rollback,existing_selector_rollback,"[0.22494416829784672,1.1558262567862376,0.2147653971574833]","[4.445547566610766,0.8651819372743214,4.656243571987086]","[1.6504434171411142e-06,1.2468218753637874e-06,4.17253249431227e-07]","[0.22494416829457123,1.1558262568494908,0.21476539715952925]","[4.445547566675499,0.8651819372269737,4.656243571942729]","[2.260923311299815e-08,1.424070840960288e-11,2.2782671975775417e-07]",79717148.53920716,73.53721802007028,79717148.8833576,73.53721770863358,direct_vp,direct_vp,False,[]
fig1_fig2,adaptive_jones_vp_proposed_force_lower_raw,10.0,59,1187262716,full_6d,3,3,3,direct_vp_rollback,jnpp_then_vp,[],True,8.2995567511632e-05,0.00011902208972583581,0.6973123031431397,False,4.795116614933097e-07,0.024935707387006168,8.2995567511632e-05,4.795116614933097e-07,0.024935707387006168,8.299567645055003e-05,4.795114271467195e-07,0.02493570738700617,True,rollback,existing_selector_rollback,"[0.16289492488564492,2.863571547130361,0.27937139515462406]","[6.138926677438567,0.34921425343789836,3.579464531242539]","[2.9437277820479957e-07,6.116956681398679e-08,2.6092530614199275e-07]","[0.16289492488606586,2.863571547175331,0.2793713951544624]","[6.138926677422703,0.3492142534324142,3.5794645312446107]","[2.980565685556364e-07,4.6483692982700946e-08,2.525539034573536e-07]",76664559.3814368,73.77477464611026,76664559.15360682,73.77477485895945,direct_vp,direct_vp,False,[]
fig1_fig2,adaptive_jones_vp_proposed_force_lower_raw,10.0,60,1839575832,full_6d,3,3,3,direct_vp_rollback,jnpp_then_vp,[],True,0.00018518945014605549,0.00013668471377324787,1.3548658444226191,False,3.7554547935156977e-07,0.05609026970589975,0.00018518945014605549,3.7554547935156977e-07,0.05609026970589975,0.00018519323632442826,3.7554764782780285e-07,0.05609026970589948,True,rollback,existing_selector_rollback,"[0.7796258133356039,0.12345620299704677,1.6965251664372123]","[1.2826666112051275,8.10003852154596,0.5894401213619209]","[1.1323481629403332e-06,1.216108507675411e-09,8.763325806132795e-08]","[0.7796258133010513,0.1234562029976879,1.6965251663832217]","[1.2826666112619745,8.100038521503894,0.5894401213806794]","[1.0976926620316311e-06,2.901391166081997e-09,5.801479022771612e-08]",57000265.38400859,93.74587879145128,57000264.41658113,93.74588046108497,direct_vp,direct_vp,False,[]
fig1_fig2,adaptive_jones_vp_proposed_force_lower_raw,10.0,61,3445288900,full_6d,3,3,3,direct_vp_rollback,jnpp_then_vp,[],True,0.00011666457976016738,0.0001390714283370573,0.8388824444760568,False,5.156368278207344e-07,0.05671064612875925,0.00011666457976016738,5.156368278207344e-07,0.05671064612875925,0.00011666297902238932,5.156371018285114e-07,0.05671064612875956,True,rollback,existing_selector_rollback,"[1.1745121473360682,0.11759129671963023,1.5307680055760577]","[0.8514173329470821,8.504030722479024,0.6532668545173504]","[7.832803536954066e-08,7.831194570196578e-08,7.205781196932277e-07]","[1.1745121473799256,0.11759129672086317,1.5307680055125388]","[0.8514173329152894,8.50403072238986,0.6532668545444577]","[8.91601707149348e-08,6.802530659036007e-08,7.17601851814669e-07]",56389401.482966654,109.25259712879586,56389400.98347834,109.25259805636874,direct_vp,direct_vp,False,[]
fig1_fig2,adaptive_jones_vp_proposed_force_lower_raw,10.0,62,1815661330,full_6d,3,3,3,direct_vp_rollback,jnpp_then_vp,[],True,0.00012874238519478917,0.0001800085357985258,0.7152015576577093,False,5.070594564172965e-07,0.056616054080285826,0.00012874238519478917,5.070594564172965e-07,0.056616054080285826,0.0001287450865407265,5.07060420492954e-07,0.056616054080285846,True,rollback,existing_selector_rollback,"[0.10831478738648184,1.8754250992073853,4.462859501472091]","[9.232349747701171,0.5332124436325165,0.2240715845223636]","[9.087814754591479e-08,9.628065411920433e-08,3.2345365280348694e-07]","[0.10831478738503807,1.8754250992031696,4.462859501314254]","[9.232349747824234,0.5332124436337151,0.22407158453028828]","[7.267853013124773e-08,2.3499577203847225e-07,1.7412659724263452e-07]",34196926.84197757,173.60588353879697,34196926.33492662,173.60588613332408,direct_vp,direct_vp,False,[]
fig1_fig2,adaptive_jones_vp_proposed_force_lower_raw,10.0,50,3229661427,full_6d,3,3,3,direct_vp_rollback,jnpp_then_vp,[],True,0.00016549333184824155,0.00015690312945895315,1.0547484452280198,False,6.376603354548257e-07,0.0488545618014998,0.00016549333184824155,6.376603354548257e-07,0.0488545618014998,0.00016549379485153706,6.376607433428168e-07,0.048854561801499594,True,rollback,existing_selector_rollback,"[0.12515191026700365,0.8025103608878338,1.2692729445004491]","[7.990289543854651,1.2460898310308128,0.7878526083231872]","[1.5682860497521206e-07,5.652624018335078e-08,6.943201011429805e-07]","[0.12515191026548375,0.8025103609263096,1.2692729445013506]","[7.990289543951688,1.24608983097107,0.7878526083226275]","[6.856714939623679e-08,6.767269071851542e-08,3.6314769584967127e-07]",42682247.884754196,123.72249576958018,42682247.75788673,123.72249613827279,direct_vp,direct_vp,False,[]
fig1_fig2,adaptive_jones_vp_proposed_force_lower_raw,10.0,63,3424526765,full_6d,3,3,3,direct_vp_rollback,jnpp_then_vp,[],True,3.451829129006628e-05,0.00011907643546135671,0.28988347825769717,False,5.85545546605536e-07,0.032541658164136504,3.451829129006628e-05,5.85545546605536e-07,0.032541658164136504,3.4519222379761394e-05,5.855490153132055e-07,0.03254165816413637,True,rollback,existing_selector_rollback,"[0.823914575317974,0.18568315267837832,0.2952632543828289]","[1.2137180600467534,5.385518209785643,3.386808162397129]","[1.5839100221235397e-06,1.0347405938643258e-09,7.294224217607299e-07]","[0.8239145753569578,0.18568315266408195,0.29526325437768236]","[1.2137180599893258,5.385518210200293,3.3868081624561617]","[1.7332937175529094e-06,7.729266493151571e-09,8.536395501881028e-07]",74737285.65528844,71.75755160897256,74737285.62152919,71.75755171048709,direct_vp,direct_vp,False,[]
fig1_fig2,adaptive_jones_vp_proposed_force_lower_raw,10.0,54,1185050677,full_6d,3,3,3,direct_vp_rollback,jnpp_then_vp,[],True,0.0001196294814262463,0.00010666703827746101,1.1215224811536206,False,4.526801005960075e-07,0.027568404511882597,0.0001196294814262463,4.526801005960075e-07,0.027568404511882597,0.0001196312500552171,4.526832938462207e-07,0.0275684045118827,True,rollback,existing_selector_rollback,"[1.7904110952949444,0.6508536011918263,0.12653376573149056]","[0.5585309444440603,1.5364438303301615,7.903028841502365]","[6.627439746498295e-07,4.356998558098214e-07,1.4380400100456147e-07]","[1.7904110955502153,0.6508536011703053,0.12653376573159708]","[0.5585309443644267,1.5364438303809653,7.903028841495712]","[2.2657581243385463e-09,3.285434943039838e-08,2.1075643042667695e-07]",76914063.88290052,87.2693017992059,76914063.83857301,87.26930180116129,direct_vp,direct_vp,False,[]
fig1_fig2,adaptive_jones_vp_proposed_force_lower_raw,10.0,65,2236466502,full_6d,3,3,3,direct_vp_rollback,jnpp_then_vp,[],True,6.288383063803817e-05,0.00010744984598680987,0.585238909004649,False,5.170403541841695e-07,0.010593867927247846,6.288383063803817e-05,5.170403541841695e-07,0.010593867927247846,6.28831564201114e-05,5.170395905038992e-07,0.010593867927247818,True,rollback,existing_selector_rollback,"[0.2563730108340974,0.6150236423762779,0.22377583818731556]","[3.900566587513604,1.6259537538031332,4.46875770011733]","[2.3715839504422117e-07,3.5955613539350565e-07,2.666267999137355e-07]","[0.2563730108336417,0.6150236423707731,0.22377583818825167]","[3.900566587520537,1.6259537538176865,4.468757700098637]","[2.4486075610853263e-07,3.4573916354437045e-07,2.7595337550661776e-07]",88050111.44040857,69.95822980441663,88050111.6537528,69.95822965495798,direct_vp,direct_vp,False,[]
fig1_fig2,adaptive_jones_vp_proposed_force_lower_raw,10.0,66,437355907,full_6d,3,3,3,direct_vp_rollback,jnpp_then_vp,[],True,0.000175848214916097,0.0001121935353692259,1.5673649496594013,False,8.103484781349962e-07,0.0580997276372873,0.000175848214916097,8.103484781349962e-07,0.0580997276372873,0.0001758464480832787,8.103460369747071e-07,0.05809972763728749,True,rollback,existing_selector_rollback,"[0.2654256223705343,0.7709446549969338,0.20241166867562105]","[3.767533786183363,1.2971099721849764,4.9404266391497815]","[1.3278351419984654e-07,4.2390702413509934e-08,3.460317307382127e-07]","[0.2654256223641409,0.7709446549860604,0.20241166867626167]","[3.7675337862741127,1.2971099722032708,4.940426639134145]","[1.3485518675961146e-07,4.230665709409169e-08,3.529400383127871e-07]",83512820.26464194,77.87702819861983,83512820.74456264,77.87702776862065,direct_vp,direct_vp,False,[]
fig1_fig2,adaptive_jones_vp_proposed_force_lower_raw,10.0,56,2167631329,full_6d,3,3,3,direct_vp_rollback,jnpp_then_vp,[],True,2.6411906618885785e-05,0.00010689469606625713,0.24708341564968525,False,3.1828060420049305e-07,0.039487010941093394,2.6411906618885785e-05,3.1828060420049305e-07,0.039487010941093394,2.6410959035156248e-05,3.182808988627701e-07,0.03948701094109339,True,rollback,existing_selector_rollback,"[0.430059208189025,2.23317113227877,0.1378862275197889]","[2.325261222078141,0.447793716094363,7.252355931315518]","[2.720145780278702e-07,1.208330613666108e-07,2.9708418062725908e-08]","[0.43005920820258764,2.233171131745017,0.137886227519062]","[2.32526122200481,0.44779371620139075,7.252355931353751]","[1.0224868152231647e-06,7.1431558495889184e-09,7.724979247613668e-08]",81321803.67628084,84.94097843752954,81321803.70013931,84.94097831113166,direct_vp,direct_vp,False,[]
fig1_fig2,adaptive_jones_vp_proposed_force_lower_raw,10.0,67,804537149,full_6d,3,3,3,direct_vp_rollback,jnpp_then_vp,[],True,0.00025414443129393057,0.00011200162436660195,2.2691137984041108,False,7.858615133102719e-07,0.04543931315002957,0.00025414443129393057,7.858615133102719e-07,0.04543931315002957,0.0002541425096753074,7.858588136758542e-07,0.04543931315002962,True,rollback,existing_selector_rollback,"[0.28970272124967694,0.29850087718345053,0.3139677424404779]","[3.451814313949339,3.3500739074382304,3.1850405784577256]","[1.7933855465546441e-07,4.6075563809734233e-08,1.697268303445406e-07]","[0.28970272125166535,0.2985008771870527,0.313967742446289]","[3.451814313925647,3.3500739073978036,3.185040578398775]","[1.7143915541702607e-07,4.363431037140379e-08,1.6569868568656454e-07]",81383508.03289704,70.25299443155352,81383508.56773056,70.25299397072992,direct_vp,direct_vp,False,[]
fig1_fig2,adaptive_jones_vp_proposed_force_lower_raw,10.0,68,217409269,full_6d,3,3,3,direct_vp_rollback,jnpp_then_vp,[],True,5.1071316290691195e-05,0.00014192563253487072,0.3598456133577077,False,9.318813083909526e-07,0.018288918826221648,5.1071316290691195e-05,9.318813083909526e-07,0.018288918826221648,5.1071084685055165e-05,9.318815335929433e-07,0.018288918826221506,True,rollback,existing_selector_rollback,"[0.2068442254918633,0.23882020792127912,1.0212673502697558]","[4.834556041493798,4.187250353325985,0.9791755310055105]","[6.787405202331273e-07,1.840383211437991e-09,3.84728303275875e-07]","[0.20684422549188924,0.23882020792192504,1.0212673502599499]","[4.834556041493191,4.18725035331466,0.9791755310149123]","[6.673598896491473e-07,2.118841302421948e-09,3.814986114130494e-07]",51015974.315989695,95.12312103535633,51015974.3898843,95.12312088577151,direct_vp,direct_vp,False,[]
fig1_fig2,adaptive_jones_vp_proposed_force_lower_raw,10.0,69,1134195269,full_6d,3,3,3,direct_vp_rollback,jnpp_then_vp,[],True,0.00015705473032072767,0.0001050649559177789,1.494834590171385,False,3.6768694767880783e-07,0.06785533865363254,0.00015705473032072767,3.6768694767880783e-07,0.06785533865363254,0.00015705566542080328,3.676879504041877e-07,0.0678553386536323,True,rollback,existing_selector_rollback,"[7.141266691927554,0.2740608474653422,0.16040373933544927]","[0.14003117977980753,3.6488247381858736,6.234268628292753]","[3.428875551586811e-07,1.7507111749591e-07,6.576329602798979e-08]","[7.141266690917026,0.27406084746378406,0.16040373933351237]","[0.1400311797996227,3.648824738206619,6.234268628368032]","[3.0069985276178065e-07,1.274270085597583e-07,9.344898897237536e-08]",82641982.10407789,85.68116632226608,82641982.14319198,85.68116630434358,direct_vp,direct_vp,False,[]
fig1_fig2,adaptive_jones_vp_proposed_force_lower_raw,10.0,70,1909013635,full_6d,3,3,3,direct_vp_rollback,jnpp_then_vp,[],True,0.00016638108161040626,0.0001502443297066292,1.1074034004164157,False,5.0767247340555e-07,0.02113024487618992,0.00016638108161040626,5.0767247340555e-07,0.02113024487618992,0.00016637728892664275,5.076693315249577e-07,0.021130244876189874,True,rollback,existing_selector_rollback,"[0.11675854598323727,1.5168600710143876,1.3015035444905174]","[8.564683566232922,0.6592565913675488,0.7683421257144216]","[3.7983606601116985e-09,1.5557843439664428e-07,1.118979798254431e-06]","[0.11675854598020793,1.5168600710152278,1.3015035445183043]","[8.564683566455136,0.6592565913671836,0.7683421256980177]","[7.775268351669822e-09,2.139945358826895e-07,9.542014444808175e-07]",47999991.09979327,130.51662305155602,47999992.17551558,130.51662017695986,direct_vp,direct_vp,False,[]
fig1_fig2,adaptive_jones_vp_proposed_force_lower_raw,10.0,73,1489186484,full_6d,3,3,3,direct_vp_rollback,jnpp_then_vp,[],True,4.820136964839787e-05,0.00010680397990855674,0.45130686786828395,False,7.987891895393956e-07,0.028249820991072573,4.820136964839787e-05,7.987891895393956e-07,0.028249820991072573,4.8200795224083e-05,7.987893666281024e-07,0.028249820991072462,True,rollback,existing_selector_rollback,"[0.3000109184548719,0.5533194551828976,0.20418375468470576]","[3.333212021582213,1.8072742438974978,4.8975492763563135]","[1.5017317107192727e-07,1.1022409054349021e-07,1.1071881990259868e-06]","[0.3000109184579641,0.5533194552066922,0.20418375468457028]","[3.3332120215478573,1.8072742438197789,4.897549276359563]","[1.6187383883723283e-07,1.0222443946122262e-07,9.451375142306875e-07]",89183751.8496401,68.19514319920829,89183751.96316409,68.19514310146859,direct_vp,direct_vp,False,[]
fig1_fig2,adaptive_jones_vp_proposed_force_lower_raw,10.0,75,3035140021,full_6d,3,3,3,direct_vp_rollback,jnpp_then_vp,[],True,0.00010497296221762879,0.00015899183558691914,0.6602412119472713,False,6.16502136211646e-07,0.03313046088258298,0.00010497296221762879,6.16502136211646e-07,0.03313046088258298,0.0001049699606838926,6.165027396115518e-07,0.033130460882582785,True,rollback,existing_selector_rollback,"[0.12161105256100121,0.8120266465427304,1.8553578288772088]","[8.22293680501013,1.2314866812028513,0.5389795889687253]","[8.01609608643798e-09,1.6159970116715832e-07,1.082938286122407e-06]","[0.12161105256294953,0.8120266469514175,1.8553578282904992]","[8.222936804878392,1.231486680583053,0.5389795891391639]","[8.037222106259635e-09,1.6539242231118463e-07,1.1478165102922628e-06]",41925561.161578365,139.4721870495097,41925561.81924423,139.47218485630717,direct_vp,direct_vp,False,[]
fig1_fig2,adaptive_jones_vp_proposed_force_lower_raw,10.0,74,2087150408,full_6d,3,3,3,direct_vp_rollback,jnpp_then_vp,[],True,2.572442336975713e-05,0.00012574868443533853,0.20457011924434831,False,5.923299544998274e-07,0.024086285646579948,2.572442336975713e-05,5.923299544998274e-07,0.024086285646579948,2.5723990729294082e-05,5.923298312689679e-07,0.02408628564658017,True,rollback,existing_selector_rollback,"[0.2199145366557565,0.3298641556633043,0.4106694912958828]","[4.547221003244235,3.0315509667572984,2.4350481864237157]","[1.1408953554797015e-08,1.808618625990943e-08,1.3018754676779828e-07]","[0.21991453665665067,0.3298641556644645,0.4106694912945072]","[4.547221003225745,3.031550966746636,2.4350481864318723]","[2.4185102660920194e-09,8.588285870377282e-09,2.9780913616870245e-08]",65586504.74056576,79.40481216730157,65586504.58384045,79.40481236286492,direct_vp,direct_vp,False,[]
fig1_fig2,adaptive_jones_vp_proposed_force_lower_raw,10.0,76,125194699,full_6d,3,3,3,direct_vp_rollback,jnpp_then_vp,[],True,4.9080992431586486e-05,0.00014406859228115486,0.34067794829148623,False,4.922007602597148e-07,0.016807369134807536,4.9080992431586486e-05,4.922007602597148e-07,0.016807369134807536,4.908098574900915e-05,4.922006655516671e-07,0.016807369134807553,True,rollback,existing_selector_rollback,"[0.12846654148216663,1.0862177715087022,0.7733187579820885]","[7.784127979647438,0.9206257034535199,1.2931278204199315]","[1.8988941156091308e-07,4.646439786604714e-09,1.0055121153952156e-06]","[0.12846654148301953,1.0862177714366021,0.7733187579770159]","[7.784127979595759,0.9206257035146286,1.2931278204284138]","[1.8582113822383243e-07,1.1797363313100271e-07,5.44816746014136e-07]",50857511.27583989,116.6557038334798,50857511.27696871,116.65570383525032,direct_vp,direct_vp,False,[]
fig1_fig2,adaptive_jones_vp_proposed_force_lower_raw,10.0,78,3639033133,full_6d,3,3,3,direct_vp_rollback,jnpp_then_vp,[],True,6.44541065897614e-05,0.0001399627222879157,0.4605090951087219,False,4.0961387175880206e-07,0.01719538391331719,6.44541065897614e-05,4.0961387175880206e-07,0.01719538391331719,6.44578843005519e-05,4.096148438891257e-07,0.01719538391331714,True,rollback,existing_selector_rollback,"[0.3248398514170767,0.15411841700177834,2.3610452070331593]","[3.0784400240219587,6.488517202900592,0.4235412337801945]","[3.2736173357943886e-07,3.30490948781714e-08,1.6681376819091697e-07]","[0.3248398514080952,0.15411841700588222,2.3610452069398447]","[3.078440024107075,6.488517202727815,0.4235412337969339]","[3.410350566294058e-07,3.625907628312285e-08,1.5678186227206268e-07]",52130163.227282934,93.65043463509933,52130162.22144975,93.6504364343544,direct_vp,direct_vp,False,[]
fig1_fig2,adaptive_jones_vp_proposed_force_lower_raw,10.0,77,4292676672,full_6d,3,3,3,direct_vp_rollback,jnpp_then_vp,[],True,6.408940273125209e-05,0.00012521582502547605,0.511831493489043,False,2.0036441346651983e-07,0.08723823550189536,6.408940273125209e-05,2.0036441346651983e-07,0.08723823550189536,6.409025234660977e-05,2.0036492273956328e-07,0.08723823550189523,True,rollback,existing_selector_rollback,"[0.14718919023486673,21.722155988578287,0.3129106354292166]","[6.793977182727709,0.046035945994683365,3.195800611340667]","[5.394191760204063e-08,2.9942503231555813e-10,2.970738417845269e-07]","[0.14718919023605234,21.722155987683983,0.3129106354263497]","[6.793977182672984,0.04603594599657867,3.195800611369947]","[7.557486159364115e-08,7.44502844926782e-09,4.0878571006557316e-07]",69199601.13456286,87.75611040607076,69199600.92517415,87.75611067429244,direct_vp,direct_vp,False,[]
fig1_fig2,adaptive_jones_vp_proposed_force_lower_raw,10.0,79,2511075941,full_6d,3,3,3,direct_vp_rollback,jnpp_then_vp,[],True,3.6341892934698076e-05,0.00014677570022839255,0.24760156400649236,False,5.170683371991763e-07,0.0401380635198115,3.6341892934698076e-05,5.170683371991763e-07,0.0401380635198115,3.6341179517571743e-05,5.170683739121364e-07,0.040138063519811536,True,rollback,existing_selector_rollback,"[0.9371218962089182,0.12249857839282113,1.3157913372912489]","[1.0670970383303549,8.163360041560132,0.7599989235810992]","[1.4629647556557263e-08,1.054931898947548e-07,1.328611806223074e-07]","[0.9371218961626082,0.12249857839300878,1.315791337290033]","[1.0670970383830878,8.163360041547628,0.7599989235818015]","[8.660434450503892e-09,1.1331924578653206e-07,2.6685612964003227e-07]",49287423.07348886,90.43205589972983,49287422.69394133,90.43205664139346,direct_vp,direct_vp,False,[]
fig1_fig2,adaptive_jones_vp_proposed_force_lower_raw,10.0,64,1096511241,full_6d,3,3,3,direct_vp_rollback,jnpp_then_vp,[],True,7.118362341471448e-05,0.00011271553349555331,0.6315333939090366,False,3.2493077790913947e-07,0.016392504170003434,7.118362341471448e-05,3.2493077790913947e-07,0.016392504170003434,7.118138381721597e-05,3.2493383812588973e-07,0.016392504170003555,True,rollback,existing_selector_rollback,"[0.29792796071880934,0.42828135849367194,0.23136362730980856]","[3.356516110763847,2.3349136733775144,4.322200562064641]","[4.3105185117436224e-07,2.905721993784628e-06,7.70350090522031e-06]","[0.2979279607050098,0.42828135853619903,0.23136362726205734]","[3.356516110919315,2.3349136731456643,4.322200562956701]","[5.79853051993957e-07,5.0851977424812944e-08,9.9597033589572e-07]",80676555.22249565,78.5724777882578,80676555.89763719,78.57247718286783,direct_vp,direct_vp,False,[]
fig1_fig2,adaptive_jones_vp_proposed_force_lower_raw,10.0,81,3893654042,full_6d,3,3,3,direct_vp_rollback,jnpp_then_vp,[],True,0.0002743472119151928,0.00013743569528848755,1.9961860078585696,False,7.264350309991629e-07,0.06726585881502233,0.0002743472119151928,7.264350309991629e-07,0.06726585881502233,0.00027434412514626487,7.264314688985032e-07,0.06726585881502198,True,rollback,existing_selector_rollback,"[2.815351168182808,7.635133033167297,0.10516310077410011]","[0.3551954766064381,0.13097348738369433,9.509038746850814]","[9.774096957728757e-07,1.4094168512882906e-08,6.579536025694044e-07]","[2.8153511681042733,7.635133033366359,0.10516310077319115]","[0.3551954766163463,0.1309734873802796,9.509038746933005]","[9.955980973571294e-07,1.5699142880157027e-08,6.418131624073368e-07]",33877822.94976578,218.57722007902603,33877822.870282635,218.57722021047366,direct_vp,direct_vp,False,[]
fig1_fig2,adaptive_jones_vp_proposed_force_lower_raw,10.0,80,2843598472,full_6d,3,3,3,direct_vp_rollback,jnpp_then_vp,[],True,6.659088067821592e-05,0.00010962998433042976,0.6074148517389912,False,6.671873459103381e-07,0.0681462453878478,6.659088067821592e-05,6.671873459103381e-07,0.0681462453878478,6.659092212119838e-05,6.671878168669218e-07,0.06814624538784779,True,rollback,existing_selector_rollback,"[0.27729776566429176,0.9411465007369981,0.1883803036469849]","[3.606231725683518,1.0625338342287554,5.308410596225392]","[8.275311876151743e-08,3.964662509477779e-08,9.547479131699408e-08]","[0.27729776566520625,0.9411465007651377,0.18838030364682024]","[3.606231725671625,1.0625338341969863,5.308410596230033]","[7.2650793269052e-08,3.6858371543867905e-08,9.205983056793015e-08]",85920910.99568772,66.79403582306466,85920910.92177238,66.79403588645827,direct_vp,direct_vp,False,[]
fig1_fig2,adaptive_jones_vp_proposed_force_lower_raw,10.0,84,3985341227,full_6d,3,3,3,direct_vp_rollback,jnpp_then_vp,[],True,8.830483566440836e-05,0.00014709197617435586,0.6003375436314486,False,7.411713907563817e-07,0.06950777370693675,8.830483566440836e-05,7.411713907563817e-07,0.06950777370693675,8.830894211008022e-05,7.411728540938898e-07,0.06950777370693648,True,rollback,existing_selector_rollback,"[0.14999928065118123,0.5412218404894448,0.6805777399853927]","[6.666698637877602,1.8476711861722463,1.4693398582515826]","[7.809103537052595e-08,7.76947226791214e-09,6.868091325722087e-08]","[0.14999928065165438,0.5412218404859672,0.6805777399477462]","[6.666698637856572,1.8476711861841184,1.4693398583328598]","[8.433506866235166e-08,5.33354867280942e-09,6.292778456703905e-08]",48353587.87837942,108.63518052100066,48353588.89980665,108.63517825277044,direct_vp,direct_vp,False,[]
fig1_fig2,adaptive_jones_vp_proposed_force_lower_raw,10.0,85,2249164774,full_6d,3,3,3,direct_vp_rollback,jnpp_then_vp,[],True,6.27894981941698e-05,0.0001129993223636197,0.5556626082421974,False,5.334045763907762e-07,0.025732168016124407,6.27894981941698e-05,5.334045763907762e-07,0.025732168016124407,6.278710507413328e-05,5.334041202524174e-07,0.025732168016124348,True,rollback,existing_selector_rollback,"[0.48872134799096667,0.27912717873334464,0.2307078904860105]","[2.0461557574890197,3.582596308025738,4.334485473787497]","[4.292830927349299e-07,3.2665364665778285e-08,3.693995651298182e-07]","[0.4887213480068194,0.27912717873005155,0.23070789049135057]","[2.0461557574226483,3.582596308068005,4.334485473687169]","[4.0613453588895577e-07,4.1301443892479646e-08,4.0900973620478846e-07]",81546486.6935639,66.61541436149011,81546487.24963228,66.61541389740626,direct_vp,direct_vp,False,[]
fig1_fig2,adaptive_jones_vp_proposed_force_lower_raw,10.0,72,2100195688,full_6d,3,3,3,direct_vp_rollback,jnpp_then_vp,[],True,4.9789917687325294e-05,0.00012336509076348284,0.40359811174445753,False,6.955366297392253e-07,0.032918534971173634,4.9789917687325294e-05,6.955366297392253e-07,0.032918534971173634,4.979080765375722e-05,6.955414641980304e-07,0.032918534971173724,True,rollback,existing_selector_rollback,"[0.5289358865469568,0.16750432037309085,0.4683549220866852]","[1.8905883027293802,5.969995268017457,2.135132893541892]","[1.1443614215359418e-06,2.606802417140975e-08,2.3727225143418006e-07]","[0.52893588647874,0.16750432037364693,0.4683549221309462]","[1.890588302973209,5.969995267997637,2.1351328933401152]","[1.310655695689689e-06,1.0605141408424762e-08,3.132832822255304e-07]",68527103.0422403,79.09870706911178,68527102.52199177,79.09870765144112,direct_vp,direct_vp,False,[]
fig1_fig2,adaptive_jones_vp_proposed_force_lower_raw,10.0,71,1982555292,full_6d,3,3,3,direct_vp_rollback,jnpp_then_vp,[],True,0.0003332041291880545,0.0001164882157179308,2.8604106186576694,False,7.089527569599119e-07,0.043400903061052196,0.0003332041291880545,7.089527569599119e-07,0.043400903061052196,0.00033320298614085116,7.089506995911804e-07,0.04340090306105221,True,rollback,existing_selector_rollback,"[0.199426507239571,1.5304780082084306,0.23144409008996802]","[5.014378548978451,0.6533906365430655,4.320697925840508]","[1.8464411048495012e-06,9.42312515656456e-06,1.903979335021437e-06]","[0.19942650723713143,1.530478008141593,0.23144409008692515]","[5.014378549039791,0.6533906365715998,4.3206979258973135]","[1.9316507864345177e-07,3.7159771053493743e-08,4.0124450763500843e-07]",77347403.2261362,85.50784668442749,77347403.54429066,85.50784635109,direct_vp,direct_vp,False,[]
fig1_fig2,adaptive_jones_vp_proposed_force_lower_raw,10.0,87,3576217426,full_6d,3,3,3,direct_vp_rollback,jnpp_then_vp,[],True,7.015823648535833e-05,0.00015009962123042143,0.4674111494102759,False,5.331151386902386e-07,0.0066207254723266865,7.015823648535833e-05,5.331151386902386e-07,0.0066207254723266865,7.015466627842545e-05,5.331136865066034e-07,0.006620725472326637,True,rollback,existing_selector_rollback,"[0.1635763964060826,0.32732859365333816,1.1780811078091575]","[6.113351449052042,3.055034052597117,0.8488379903303027]","[2.2561962585525448e-07,9.270229394128341e-08,7.187015934495756e-08]","[0.16357639640583232,0.3273285936228833,1.1780811078847881]","[6.113351449061397,3.0550340528813593,0.8488379902758089]","[2.927883226740041e-07,8.956379134001286e-08,3.1290194090117046e-08]",45767526.57452133,103.98304496197912,45767527.872439034,103.98304196725654,direct_vp,direct_vp,False,[]
fig1_fig2,adaptive_jones_vp_proposed_force_lower_raw,10.0,86,2710333116,full_6d,3,3,3,direct_vp_rollback,jnpp_then_vp,[],True,0.00010199655888190864,0.00014191551456966205,0.7187132371763455,False,4.2729912696723235e-07,0.016808639461755703,0.00010199655888190864,4.2729912696723235e-07,0.016808639461755703,0.0001019973743314004,4.272995556553992e-07,0.016808639461755835,True,rollback,existing_selector_rollback,"[0.12958744648391957,2.052769693390234,0.5636686189015896]","[7.7167968590534715,0.4871467087700452,1.7740920222738628]","[1.2125468500552155e-07,8.841932363524214e-08,4.3033074655573754e-07]","[0.12958744648452722,2.052769693318086,0.5636686188930302]","[7.716796859017286,0.4871467087871667,1.7740920223008023]","[1.221670065329377e-07,9.220775757635034e-08,4.445112755923346e-07]",53862483.007725954,112.93203623217916,53862483.249839574,112.93203572609191,direct_vp,direct_vp,False,[]
fig1_fig2,adaptive_jones_vp_proposed_force_lower_raw,10.0,89,850792180,full_6d,3,3,3,direct_vp_rollback,jnpp_then_vp,[],True,0.00013128977290095015,0.00012201386586936464,1.076023384436625,False,6.306158079096978e-07,0.07891154184747211,0.00013128977290095015,6.306158079096978e-07,0.07891154184747211,0.00013128987023878428,6.306153653963657e-07,0.07891154184747222,True,rollback,existing_selector_rollback,"[0.706470414819351,0.16802147565443418,0.3767687239060508]","[1.4154874415441725,5.9516201491796705,2.6541481193884295]","[7.072180545923634e-08,8.688814353224868e-08,1.4879982386235615e-06]","[0.7064704148313047,0.1680214756535252,0.3767687239111334]","[1.415487441520222,5.951620149211868,2.6541481193526253]","[4.88578334226459e-08,8.976148457901599e-08,1.5742520352034013e-06]",71308495.72849731,67.15274057795573,71308495.76845698,67.15274053884237,direct_vp,direct_vp,False,[]
fig1_fig2,adaptive_jones_vp_proposed_force_lower_raw,10.0,88,2932252539,full_6d,3,3,3,direct_vp_rollback,jnpp_then_vp,[],True,0.00017448730362821466,0.00010938541647871567,1.5951605730016722,False,5.799593536901786e-07,0.03913972368524619,0.00017448730362821466,5.799593536901786e-07,0.03913972368524619,0.0001744884700743482,5.799601547661416e-07,0.03913972368524633,True,rollback,existing_selector_rollback,"[0.31372392383555736,0.5652728923205913,0.19814545305325768]","[3.1875159145460956,1.7690570582540697,5.046797615542665]","[6.455467101261184e-07,4.76011879025381e-08,3.0367620090266206e-07]","[0.3137239238365843,0.5652728923060769,0.19814545305430517]","[3.1875159145356613,1.7690570582994931,5.046797615515985]","[6.527231366359476e-07,5.444524383746357e-08,3.2012233420246447e-07]",85023738.86693886,71.32548567569187,85023739.15630592,71.3254854246251,direct_vp,direct_vp,False,[]
fig1_fig2,adaptive_jones_vp_proposed_force_lower_raw,10.0,90,4175219143,full_6d,3,3,3,direct_vp_rollback,jnpp_then_vp,[],True,1.4998973956639159e-05,0.00014280113987449186,0.10503399321477251,False,3.8527281199601025e-07,0.009024442795848622,1.4998973956639159e-05,3.8527281199601025e-07,0.009024442795848622,1.499663785962649e-05,3.85272242606051e-07,0.009024442795848622,True,rollback,existing_selector_rollback,"[0.3013649344779199,0.16004468895503124,2.231619652127372]","[3.318236083876459,6.24825482513085,0.44810503395795176]","[5.685146928635365e-07,1.7086786145508846e-08,1.2738871557993781e-06]","[0.3013649344679449,0.1600446889528153,2.2316196522875895]","[3.318236083986291,6.248254825217362,0.4481050339257803]","[5.794434964835599e-07,2.527430682792416e-08,1.294682828780356e-06]",50293091.157571025,99.8791635282084,50293092.02549301,99.8791618142877,direct_vp,direct_vp,False,[]
fig1_fig2,adaptive_jones_vp_proposed_force_lower_raw,10.0,91,3347136468,full_6d,3,3,3,direct_vp_rollback,jnpp_then_vp,[],True,5.235208270266792e-05,0.00010803658270640652,0.48457736621433756,False,4.923145285779463e-07,0.024663673101859133,5.235208270266792e-05,4.923145285779463e-07,0.024663673101859133,5.2351460473840645e-05,4.92313596708951e-07,0.024663673101859136,True,rollback,existing_selector_rollback,"[0.983340895583471,2.428986675097854,0.11696196911382582]","[1.0169413318314813,0.4116943127970371,8.549787658129254]","[2.832162482157683e-07,8.41626303499038e-08,4.789695817491547e-07]","[0.9833408955355937,2.4289866755913123,0.11696196911232576]","[1.0169413318809946,0.4116943127133998,8.549787658238907]","[3.1817557814195807e-07,5.99015899795098e-08,3.80096690050645e-07]",68568734.74469154,113.1606609721587,68568734.7552274,113.16066091069766,direct_vp,direct_vp,False,[]
fig1_fig2,adaptive_jones_vp_proposed_force_lower_raw,10.0,92,971995857,full_6d,3,3,3,direct_vp_rollback,jnpp_then_vp,[],True,2.2450030300855348e-05,0.00010085393080804644,0.22259945766104156,False,1.807794614943136e-07,0.05369682930535837,2.2450030300855348e-05,1.807794614943136e-07,0.05369682930535837,2.2450729147360986e-05,1.807794778681241e-07,0.05369682930535862,True,rollback,existing_selector_rollback,"[2.8998446902668347,0.39656473818122323,0.14014960426459547]","[0.3448460544640697,2.52165637465886,7.135232420006765]","[8.124589189492856e-07,9.6710811200304e-08,8.276777473249256e-07]","[2.89984469031264,0.3965647381900016,0.14014960426555223]","[0.3448460544586226,2.5216563746030407,7.1352324199580535]","[7.669995755630308e-07,9.436174056419854e-08,7.433753117583824e-07]",83122583.55585667,80.21002736862573,83122583.53813161,80.21002733672628,direct_vp,direct_vp,False,[]
fig1_fig2,adaptive_jones_vp_proposed_force_lower_raw,10.0,94,3608384463,full_6d,3,3,3,direct_vp_rollback,jnpp_then_vp,[],True,4.705984269354503e-05,0.00013477256840140945,0.349179682866776,False,7.586512662863894e-07,0.0467927473600679,4.705984269354503e-05,7.586512662863894e-07,0.0467927473600679,4.706222009850033e-05,7.586500447355777e-07,0.046792747360067985,True,rollback,existing_selector_rollback,"[0.5157609201208903,0.1351718082927643,1.5269645013148943]","[1.9388828447201703,7.397992322733428,0.6548940719560649]","[5.454276787566305e-06,7.682042670646496e-09,1.948769752621344e-08]","[0.5157609200940121,0.13517180829917763,1.5269645013643458]","[1.9388828448212123,7.397992322382422,0.6548940719348558]","[5.482719835920527e-06,2.2586545091478403e-08,4.1708403897164283e-07]",57323892.27745864,101.85774156153362,57323892.9306779,101.85774031995533,direct_vp,direct_vp,False,[]
fig1_fig2,adaptive_jones_vp_proposed_force_lower_raw,10.0,95,1902842209,full_6d,3,3,3,direct_vp_rollback,jnpp_then_vp,[],True,0.0001329072494393491,0.00010404652643098265,1.2773828593644658,False,7.081163230829122e-07,0.0282996376114972,0.0001329072494393491,7.081163230829122e-07,0.0282996376114972,0.00013290866263490338,7.081200113782419e-07,0.028299637611497293,True,rollback,existing_selector_rollback,"[5.126907738703645,0.576856583240592,0.12354171561793714]","[0.19504934571881458,1.7335331329353123,8.094431868604271]","[6.744147041275005e-07,1.3761442248496456e-07,3.026219492220893e-07]","[5.126907738660457,0.5768565832252642,0.12354171561702232]","[0.1950493457204576,1.7335331329813741,8.094431868664211]","[6.572538874987011e-07,1.7786844968981895e-07,3.421435381697694e-07]",70942484.89013425,97.71687290274643,70942484.8979676,97.71687273974615,direct_vp,direct_vp,False,[]
fig1_fig2,adaptive_jones_vp_proposed_force_lower_raw,10.0,83,2856883752,full_6d,3,3,3,direct_vp_rollback,jnpp_then_vp,"[""poor_clock_consistency""]",True,6.571695901859517e-05,9.942237159744992e-05,0.6609876425466473,False,6.453953415515233e-07,0.020569046391701994,6.571695901859517e-05,6.453953415515233e-07,0.020569046391701994,6.571734397728671e-05,6.45400881446526e-07,0.020569046391702026,True,rollback,existing_selector_rollback,"[0.42662766066395524,80.18928827292115,0.13094715273157137]","[2.343964285961407,0.012470493521732596,7.636668527262823]","[4.7174178719026317e-07,1.105717598704844e-08,8.376563260033635e-08]","[0.42662766068000735,80.18928826616674,0.13094715272904184]","[2.343964285873214,0.012470493522782995,7.636668527410342]","[4.2590067864646e-07,6.168403078004538e-09,7.948722643481301e-08]",80473562.80023427,97.78941180196348,80473562.82707877,97.7894118017473,ris_only_stage2_then_vp,direct_vp,True,"[""poor_clock_consistency""]"
fig1_fig2,adaptive_jones_vp_proposed_force_lower_raw,10.0,82,2146768378,full_6d,3,3,3,direct_vp_rollback,jnpp_then_vp,[],True,7.371218074606612e-05,0.00011354535747526031,0.6491870947883255,False,4.869025080290728e-07,0.06599515203109928,7.371218074606612e-05,4.869025080290728e-07,0.06599515203109928,7.371223065599287e-05,4.869018600774309e-07,0.06599515203109914,True,rollback,existing_selector_rollback,"[0.2033672428947892,2.3191532544165048,0.2155280600635373]","[4.917212751500696,0.4311918576718981,4.639767089746858]","[8.421979022450792e-07,3.833403324713922e-07,5.7182765360147296e-08]","[0.20336724289430136,2.319153254324258,0.21552806006899375]","[4.917212751512491,0.4311918576890492,4.6397670896293945]","[2.2443068728091132e-09,1.6143196589293082e-07,1.957219257862113e-07]",81272598.19009633,72.061926377127,81272598.2371022,72.06192633971956,direct_vp,direct_vp,False,[]
fig1_fig2,adaptive_jones_vp_proposed_force_lower_raw,10.0,93,3741086398,full_6d,3,3,3,direct_vp_rollback,jnpp_then_vp,[],True,5.119530188639225e-05,9.559987279309041e-05,0.5355164226755378,False,5.580685939271917e-07,0.014866759363528655,5.119530188639225e-05,5.580685939271917e-07,0.014866759363528655,5.119754791407715e-05,5.580694644576767e-07,0.014866759363528761,True,rollback,existing_selector_rollback,"[0.4898619266462601,0.8405287245309692,0.14770310936744116]","[2.041391554648483,1.1897273356805007,6.770338175563734]","[1.6484885931247343e-06,5.73784765945073e-05,2.258101161809249e-06]","[0.4898619266478812,0.840528724728716,0.14770310936459954]","[2.0413915546417276,1.1897273354005997,6.770338175693986]","[1.5041400723030806e-07,1.9653469140162138e-07,4.4466647380584575e-07]",90019002.32062423,75.55369075886796,90019002.37823193,75.5536907497205,direct_vp,direct_vp,False,[]
