figure,variant,trial_id,seed,snr_db,x_name,x_value,K,paper_k,effective_K,num_ris_paths,receiver_mode,config_seed,nested_receiver_noise_convention,reference_receiver_mode,reference_sigma2,nested_base_y_noisy_hash,failed,error,runtime_s,position_rmse_m,position_error_m,y_nmse,range_rmse_m,tau_rmse_s,raw_objective_final,outlier_flag,selected_branch,final_refinement_method,final_runner_name,used_main_single_proposed_path,variant_config_hash,global_vp_mode,global_vp_backend,global_vp_gpu_used,global_vp_gpu_device,global_vp_objective_backend,global_vp_linear_solve_backend,jones_mode,adaptive_enabled,adaptive_policy_name,selected_vp_family_branch,lambda_path_min,lambda_path_max,lambda_path_mean,lambda_clipped_fraction,used_stage1_regularizer,linear_nuisance_dim,nonlinear_dim,fixed_pol_score,jones_score,lambda_jones_per_path,snr_eff_per_path,jones_leakage_per_path,reliability_decision,trigger_reasons,gof_stat,gof_dof,gof_pass,data_only_scaled_efim_lambda_min,data_only_scaled_efim_condition_number,stage1_assignment_margin,stage1_selected_clock_std_ns,delta_t_k_ns,stage1_runtime_s,global_vp_runtime_s,total_runtime_s,peb_position_m,peb_scalar_m,peb_dual_m,peb_evs_m,efim_unscaled_cache_hit,efim_unscaled_cache_key,efim_sigma2,efim_reuse_mode,peb_backend,rss_mb_before,rss_mb_after,rss_mb_delta,warning,debug_main_position_error_m,debug_main_y_nmse,debug_main_raw_objective,debug_main_global_vp_mode,debug_main_adaptive_enabled,debug_config_diff_summary,direct_candidate_position_error_m,direct_candidate_y_nmse,direct_candidate_raw_objective,rescue_candidate_position_error_m,rescue_candidate_y_nmse,rescue_candidate_raw_objective,rescue_candidate_available,rescue_accept_decision,rescue_reject_reason
fig1_fig2,free_jones_vp,3,3422926171,-5.0,snr_db,-5.0,3,3,3,3,full_6d,3422926171,,,nan,,False,,115.23148191720247,0.001088372817031159,0.001088372817031159,5.771256858432069e-05,0.000864204433293676,2.4441864056681213e-12,0.8795843735691048,False,direct_vp,global_exact_spherical_vp,proposed_post_stage1,False,1985b165b00e4f35,jones_free,cpu,False,,numpy,numpy.linalg.solve,jones_free,False,,,0.0,0.0,0.0,0.0,True,6,4,nan,nan,"[0.0,0.0,0.0]",,"[3.481963346290226e-05,1.5784092555108303e-06,4.404568995596184e-06]",direct_vp,"[""poor_clock_consistency""]",3097537.6412904686,3096560,True,2710401.568657131,79.33765309686237,9.106742095806037,0.12096642599878274,"[4.881545118725386,4.876264855270377,5.135472779400825]",149.096008323133,107.51965736597776,258.10617361962795,nan,nan,nan,nan,False,,nan,,,nan,nan,nan,,,,,,,,0.001088372817031159,5.771256858432069e-05,0.8795843735691048,nan,nan,nan,False,not_run,not_requested
fig1_fig2,free_jones_vp_gated_rescue,3,3422926171,-5.0,snr_db,-5.0,3,3,3,3,full_6d,3422926171,,,nan,,False,,110.21564493328333,0.001088372817031159,0.001088372817031159,5.771256858432069e-05,0.000864204433293676,2.4441864056681213e-12,0.8795843735691048,False,direct_vp,global_exact_spherical_vp,proposed_post_stage1,False,1985b165b00e4f35,jones_free,cpu,False,,numpy,numpy.linalg.solve,jones_free,False,,,0.0,0.0,0.0,0.0,True,6,4,nan,nan,"[0.0,0.0,0.0]",,"[3.481963346290226e-05,1.5784092555108303e-06,4.404568995596184e-06]",direct_vp,"[""poor_clock_consistency""]",3097537.6412904686,3096560,True,2710401.568657131,79.33765309686237,9.106742095806037,0.12096642599878274,"[4.881545118725386,4.876264855270377,5.135472779400825]",149.096008323133,103.22014360129833,253.80665985494852,nan,nan,nan,nan,False,,nan,,,nan,nan,nan,,,,,,,,0.001088372817031159,5.771256858432069e-05,0.8795843735691048,nan,nan,nan,False,not_run,not_requested
fig1_fig2,PEB,3,3422926171,-5.0,snr_db,-5.0,3,3,3,3,full_6d,3422926171,,,nan,,False,,5.771444447338581,nan,nan,nan,nan,nan,nan,False,,,peb_only,False,2cf724d492777f60,,,,,,,adaptive_jones,True,fixed_anchor_then_adaptive_jones_score_selection,,nan,nan,nan,nan,True,,,nan,nan,,,,,[],nan,,,nan,nan,nan,nan,,nan,nan,nan,0.0006147117865929228,nan,nan,0.0006147117865929228,False,36031d2b9c9618797e3e0dd10eb5c7dda8abc129f14c8c8dd5b717980768d13b,0.8793113035534897,computed_unscaled,cpu,nan,nan,nan,,,,,,,,nan,nan,nan,nan,nan,nan,False,,
fig1_fig2,free_jones_vp,23,2043173887,-5.0,snr_db,-5.0,3,3,3,3,full_6d,2043173887,,,nan,,False,,115.8342125415802,0.014428568544506736,0.014428568544506736,0.004174449596557238,0.0128357862846294,5.86137053673236e-12,1.0371035187416706,False,direct_vp,global_exact_spherical_vp,proposed_post_stage1,False,3370fc734bceac49,jones_free,cpu,False,,numpy,numpy.linalg.solve,jones_free,False,,,0.0,0.0,0.0,0.0,True,6,4,nan,nan,"[0.0,0.0,0.0]",,"[0.00027888318460576926,1.0986123188361619e-07,5.088582498357208e-07]",direct_vp,"[""poor_clock_consistency""]",3100311.6872224766,3096560,True,2621510.9775440297,63.53334794098293,10.421158676847131,0.1205512251246537,"[5.1704232583540435,4.8824649249364,4.96981645601343]",154.49799602478743,107.34314999729395,263.2215552031994,nan,nan,nan,nan,False,,nan,,,nan,nan,nan,,,,,,,,0.014428568544506736,0.004174449596557238,1.0371035187416706,nan,nan,nan,False,not_run,not_requested
fig1_fig2,free_jones_vp_gated_rescue,23,2043173887,-5.0,snr_db,-5.0,3,3,3,3,full_6d,2043173887,,,nan,,False,,108.96904966235161,0.014428568544506736,0.014428568544506736,0.004174449596557238,0.0128357862846294,5.86137053673236e-12,1.0371035187416706,False,direct_vp,global_exact_spherical_vp,proposed_post_stage1,False,3370fc734bceac49,jones_free,cpu,False,,numpy,numpy.linalg.solve,jones_free,False,,,0.0,0.0,0.0,0.0,True,6,4,nan,nan,"[0.0,0.0,0.0]",,"[0.00027888318460576926,1.0986123188361619e-07,5.088582498357208e-07]",direct_vp,"[""poor_clock_consistency""]",3100311.6872224766,3096560,True,2621510.9775440297,63.53334794098293,10.421158676847131,0.1205512251246537,"[5.1704232583540435,4.8824649249364,4.96981645601343]",154.49799602478743,102.46814691275358,258.346552118659,nan,nan,nan,nan,False,,nan,,,nan,nan,nan,,,,,,,,0.014428568544506736,0.004174449596557238,1.0371035187416706,nan,nan,nan,False,not_run,not_requested
fig1_fig2,PEB,23,2043173887,-5.0,snr_db,-5.0,3,3,3,3,full_6d,2043173887,,,nan,,False,,5.702216796576977,nan,nan,nan,nan,nan,nan,False,,,peb_only,False,c72f4ff18ecc21cd,,,,,,,adaptive_jones,True,fixed_anchor_then_adaptive_jones_score_selection,,nan,nan,nan,nan,True,,,nan,nan,,,,,[],nan,,,nan,nan,nan,nan,,nan,nan,nan,0.0006230569693857981,nan,nan,0.0006230569693857981,False,7093cfec76f40175c6c7c58aa1b5153ce86056a79427b6463226f28ede4d41bd,1.0358538720112092,computed_unscaled,cpu,nan,nan,nan,,,,,,,,nan,nan,nan,nan,nan,nan,False,,
fig1_fig2,free_jones_vp,4,287230138,-5.0,snr_db,-5.0,3,3,3,3,full_6d,287230138,,,nan,,False,,115.32910658419132,0.0014304514648298132,0.0014304514648298132,5.610355463211759e-05,0.0012517024075300131,7.952907154703955e-13,1.5631866995793733,False,direct_vp,global_exact_spherical_vp,proposed_post_stage1,False,1b18a35984c0e015,jones_free,cpu,False,,numpy,numpy.linalg.solve,jones_free,False,,,0.0,0.0,0.0,0.0,True,6,4,nan,nan,"[0.0,0.0,0.0]",,"[2.2015448828026813e-05,1.0988813359326406e-06,3.498809829416089e-05]",direct_vp,"[""poor_clock_consistency""]",3096355.5204788926,3096560,True,2914061.2817272763,76.09085098316677,7.760300799958005,0.10951909042676872,"[4.782124218129624,4.959854124048424,5.045012159978858]",153.8712838590145,106.68067189306021,262.0342427790165,nan,nan,nan,nan,False,,nan,,,nan,nan,nan,,,,,,,,0.0014304514648298132,5.610355463211759e-05,1.5631866995793733,nan,nan,nan,False,not_run,not_requested
fig1_fig2,free_jones_vp_gated_rescue,4,287230138,-5.0,snr_db,-5.0,3,3,3,3,full_6d,287230138,,,nan,,False,,109.89970032125711,0.0014304514648298132,0.0014304514648298132,5.610355463211759e-05,0.0012517024075300131,7.952907154703955e-13,1.5631866995793733,False,direct_vp,global_exact_spherical_vp,proposed_post_stage1,False,1b18a35984c0e015,jones_free,cpu,False,,numpy,numpy.linalg.solve,jones_free,False,,,0.0,0.0,0.0,0.0,True,6,4,nan,nan,"[0.0,0.0,0.0]",,"[2.2015448828026813e-05,1.0988813359326406e-06,3.498809829416089e-05]",direct_vp,"[""poor_clock_consistency""]",3096355.5204788926,3096560,True,2914061.2817272763,76.09085098316677,7.760300799958005,0.10951909042676872,"[4.782124218129624,4.959854124048424,5.045012159978858]",153.8712838590145,103.30874886363745,258.66231974959373,nan,nan,nan,nan,False,,nan,,,nan,nan,nan,,,,,,,,0.0014304514648298132,5.610355463211759e-05,1.5631866995793733,nan,nan,nan,False,not_run,not_requested
fig1_fig2,PEB,4,287230138,-5.0,snr_db,-5.0,3,3,3,3,full_6d,287230138,,,nan,,False,,5.873478256165981,nan,nan,nan,nan,nan,nan,False,,,peb_only,False,5cb276173b765e39,,,,,,,adaptive_jones,True,fixed_anchor_then_adaptive_jones_score_selection,,nan,nan,nan,nan,True,,,nan,nan,,,,,[],nan,,,nan,nan,nan,nan,,nan,nan,nan,0.0005643399933614378,nan,nan,0.0005643399933614378,False,72d5586e1e2071d827e37c0d5029359210d7878b9ab9d369f2c38d0e300801aa,1.5632980080685457,computed_unscaled,cpu,nan,nan,nan,,,,,,,,nan,nan,nan,nan,nan,nan,False,,
fig1_fig2,free_jones_vp,6,1919806993,-5.0,snr_db,-5.0,3,3,3,3,full_6d,1919806993,,,nan,,False,,124.90314322710037,0.010735240834155127,0.010735240834155127,0.0022125962901870084,0.009452065250653716,4.630065189538215e-12,1.3284681094206285,False,direct_vp,global_exact_spherical_vp,proposed_post_stage1,False,f28c22e0aece46cf,jones_free,cpu,False,,numpy,numpy.linalg.solve,jones_free,False,,,0.0,0.0,0.0,0.0,True,6,4,nan,nan,"[0.0,0.0,0.0]",,"[3.84541772766311e-05,3.93972586161237e-05,4.759902946113081e-07]",direct_vp,"[""poor_clock_consistency""]",3097544.4125681883,3096560,True,2597660.876835532,72.23125795870996,12.011622271446624,0.11702270391688381,"[5.172022041512227,5.124434203031607,4.903430332727892]",148.93139488995075,116.88152780383825,267.17689257860184,nan,nan,nan,nan,False,,nan,,,nan,nan,nan,,,,,,,,0.010735240834155127,0.0022125962901870084,1.3284681094206285,nan,nan,nan,False,not_run,not_requested
fig1_fig2,free_jones_vp_gated_rescue,6,1919806993,-5.0,snr_db,-5.0,3,3,3,3,full_6d,1919806993,,,nan,,False,,115.71811646223068,0.010735240834155127,0.010735240834155127,0.0022125962901870084,0.009452065250653716,4.630065189538215e-12,1.3284681094206285,False,direct_vp,global_exact_spherical_vp,proposed_post_stage1,False,f28c22e0aece46cf,jones_free,cpu,False,,numpy,numpy.linalg.solve,jones_free,False,,,0.0,0.0,0.0,0.0,True,6,4,nan,nan,"[0.0,0.0,0.0]",,"[3.84541772766311e-05,3.93972586161237e-05,4.759902946113081e-07]",direct_vp,"[""poor_clock_consistency""]",3097544.4125681883,3096560,True,2597660.876835532,72.23125795870996,12.011622271446624,0.11702270391688381,"[5.172022041512227,5.124434203031607,4.903430332727892]",148.93139488995075,109.34757801145315,259.64294278621674,nan,nan,nan,nan,False,,nan,,,nan,nan,nan,,,,,,,,0.010735240834155127,0.0022125962901870084,1.3284681094206285,nan,nan,nan,False,not_run,not_requested
fig1_fig2,PEB,6,1919806993,-5.0,snr_db,-5.0,3,3,3,3,full_6d,1919806993,,,nan,,False,,5.6389439553022385,nan,nan,nan,nan,nan,nan,False,,,peb_only,False,a6ae89a93757a17c,,,,,,,adaptive_jones,True,fixed_anchor_then_adaptive_jones_score_selection,,nan,nan,nan,nan,True,,,nan,nan,,,,,[],nan,,,nan,nan,nan,nan,,nan,nan,nan,0.0006275673464398835,nan,nan,0.0006275673464398835,False,231b7c2941d5d9c02809f94febabb8d0e1f1d4a2d4bfefa1b397f685379809da,1.3280527787450196,computed_unscaled,cpu,nan,nan,nan,,,,,,,,nan,nan,nan,nan,nan,nan,False,,
fig1_fig2,free_jones_vp,22,3206710796,-5.0,snr_db,-5.0,3,3,3,3,full_6d,3206710796,,,nan,,False,,130.4551404491067,0.0019785749271072194,0.0019785749271072194,0.0001811788503831122,0.0017130577453692132,1.921960849891067e-12,0.3388097971356271,False,direct_vp,global_exact_spherical_vp,proposed_post_stage1,False,33176f6f365d48a1,jones_free,cpu,False,,numpy,numpy.linalg.solve,jones_free,False,,,0.0,0.0,0.0,0.0,True,6,4,nan,nan,"[0.0,0.0,0.0]",,"[2.987877032062364e-05,7.566198830496342e-06,0.00015040674320481237]",direct_vp,"[""poor_clock_consistency""]",3093357.1493425695,3096560,True,1797483.563394826,85.46419442304475,7.720185144993614,0.1080783077708904,"[4.875599154615123,4.8277480198553535,5.0771660359434785]",154.5113450884819,122.85279336571693,278.7678961753845,nan,nan,nan,nan,False,,nan,,,nan,nan,nan,,,,,,,,0.0019785749271072194,0.0001811788503831122,0.3388097971356271,nan,nan,nan,False,not_run,not_requested
fig1_fig2,free_jones_vp_gated_rescue,22,3206710796,-5.0,snr_db,-5.0,3,3,3,3,full_6d,3206710796,,,nan,,False,,123.05356703698635,0.0019785749271072194,0.0019785749271072194,0.0001811788503831122,0.0017130577453692132,1.921960849891067e-12,0.3388097971356271,False,direct_vp,global_exact_spherical_vp,proposed_post_stage1,False,33176f6f365d48a1,jones_free,cpu,False,,numpy,numpy.linalg.solve,jones_free,False,,,0.0,0.0,0.0,0.0,True,6,4,nan,nan,"[0.0,0.0,0.0]",,"[2.987877032062364e-05,7.566198830496342e-06,0.00015040674320481237]",direct_vp,"[""poor_clock_consistency""]",3093357.1493425695,3096560,True,1797483.563394826,85.46419442304475,7.720185144993614,0.1080783077708904,"[4.875599154615123,4.8277480198553535,5.0771660359434785]",154.5113450884819,116.60537146776915,272.52047427743673,nan,nan,nan,nan,False,,nan,,,nan,nan,nan,,,,,,,,0.0019785749271072194,0.0001811788503831122,0.3388097971356271,nan,nan,nan,False,not_run,not_requested
fig1_fig2,PEB,22,3206710796,-5.0,snr_db,-5.0,3,3,3,3,full_6d,3206710796,,,nan,,False,,5.593057036399841,nan,nan,nan,nan,nan,nan,False,,,peb_only,False,052b690c959e17e5,,,,,,,adaptive_jones,True,fixed_anchor_then_adaptive_jones_score_selection,,nan,nan,nan,nan,True,,,nan,nan,,,,,[],nan,,,nan,nan,nan,nan,,nan,nan,nan,0.0007554398024572056,nan,nan,0.0007554398024572056,False,c84ba72aa3a760a0760b6b67e247dbffd03ad56315a9283ecceeafa1a6824f29,0.33916235200905503,computed_unscaled,cpu,nan,nan,nan,,,,,,,,nan,nan,nan,nan,nan,nan,False,,
fig1_fig2,free_jones_vp,20,3607282624,-5.0,snr_db,-5.0,3,3,3,3,full_6d,3607282624,,,nan,,False,,147.25964745879173,0.0023168159521376034,0.0023168159521376034,0.0001354018928280769,0.0019280154367019812,8.879332744790414e-13,1.8082873836624893,False,direct_vp,global_exact_spherical_vp,proposed_post_stage1,False,1b0d9cdf61c11073,jones_free,cpu,False,,numpy,numpy.linalg.solve,jones_free,False,,,0.0,0.0,0.0,0.0,True,6,4,nan,nan,"[0.0,0.0,0.0]",,"[5.5591197966903765e-05,7.947201493025095e-06,6.337553043669665e-06]",direct_vp,[],3095357.986646041,3096560,True,2708905.22964705,65.50003846472787,8.941970308637622,0.08040925125959839,"[4.837446503011441,5.022735142350084,4.987939804483447]",146.77175541222095,139.39017494022846,287.57171077281237,nan,nan,nan,nan,False,,nan,,,nan,nan,nan,,,,,,,,0.0023168159521376034,0.0001354018928280769,1.8082873836624893,nan,nan,nan,False,not_run,not_requested
fig1_fig2,free_jones_vp_gated_rescue,20,3607282624,-5.0,snr_db,-5.0,3,3,3,3,full_6d,3607282624,,,nan,,False,,137.03308701515198,0.0023168159521376034,0.0023168159521376034,0.0001354018928280769,0.0019280154367019812,8.879332744790414e-13,1.8082873836624893,False,direct_vp,global_exact_spherical_vp,proposed_post_stage1,False,1b0d9cdf61c11073,jones_free,cpu,False,,numpy,numpy.linalg.solve,jones_free,False,,,0.0,0.0,0.0,0.0,True,6,4,nan,nan,"[0.0,0.0,0.0]",,"[5.5591197966903765e-05,7.947201493025095e-06,6.337553043669665e-06]",direct_vp,[],3095357.986646041,3096560,True,2708905.22964705,65.50003846472787,8.941970308637622,0.08040925125959839,"[4.837446503011441,5.022735142350084,4.987939804483447]",146.77175541222095,130.5944434851408,278.7759793177247,nan,nan,nan,nan,False,,nan,,,nan,nan,nan,,,,,,,,0.0023168159521376034,0.0001354018928280769,1.8082873836624893,nan,nan,nan,False,not_run,not_requested
fig1_fig2,PEB,20,3607282624,-5.0,snr_db,-5.0,3,3,3,3,full_6d,3607282624,,,nan,,False,,5.404085233807564,nan,nan,nan,nan,nan,nan,False,,,peb_only,False,efe554de55090713,,,,,,,adaptive_jones,True,fixed_anchor_then_adaptive_jones_score_selection,,nan,nan,nan,nan,True,,,nan,nan,,,,,[],nan,,,nan,nan,nan,nan,,nan,nan,nan,0.0006003400235130783,nan,nan,0.0006003400235130783,False,614c1d5045ebcd05d85977496f662de337f9fdc3d750d62d2ed64ea91c25b070,1.808998938897974,computed_unscaled,cpu,nan,nan,nan,,,,,,,,nan,nan,nan,nan,nan,nan,False,,
fig1_fig2,free_jones_vp,8,641399591,-5.0,snr_db,-5.0,3,3,3,3,full_6d,641399591,,,nan,,False,,193.5415126234293,0.006359707287906185,0.006359707287906185,0.0009584940469231058,0.005627182694260067,2.2938160399487714e-12,0.7135883637330351,False,direct_vp,global_exact_spherical_vp,proposed_post_stage1,False,2d73ce862e6039c7,jones_free,cpu,False,,numpy,numpy.linalg.solve,jones_free,False,,,0.0,0.0,0.0,0.0,True,6,4,nan,nan,"[0.0,0.0,0.0]",,"[2.1510331470331688e-05,8.470256481218237e-08,2.2843192316842266e-05]",direct_vp,"[""poor_clock_consistency""]",3098826.4895895235,3096560,True,2695771.1633115825,78.38303793177552,5.96383248335899,0.23537938070611084,"[4.56568678997455,5.039899756996662,5.086795182472551]",151.105333968997,186.61146862059832,339.07339026778936,nan,nan,nan,nan,False,,nan,,,nan,nan,nan,,,,,,,,0.006359707287906185,0.0009584940469231058,0.7135883637330351,nan,nan,nan,False,not_run,not_requested
fig1_fig2,free_jones_vp_gated_rescue,8,641399591,-5.0,snr_db,-5.0,3,3,3,3,full_6d,641399591,,,nan,,False,,179.5002913326025,0.006359707287906185,0.006359707287906185,0.0009584940469231058,0.005627182694260067,2.2938160399487714e-12,0.7135883637330351,False,direct_vp,global_exact_spherical_vp,proposed_post_stage1,False,2d73ce862e6039c7,jones_free,cpu,False,,numpy,numpy.linalg.solve,jones_free,False,,,0.0,0.0,0.0,0.0,True,6,4,nan,nan,"[0.0,0.0,0.0]",,"[2.1510331470331688e-05,8.470256481218237e-08,2.2843192316842266e-05]",direct_vp,"[""poor_clock_consistency""]",3098826.4895895235,3096560,True,2695771.1633115825,78.38303793177552,5.96383248335899,0.23537938070611084,"[4.56568678997455,5.039899756996662,5.086795182472551]",151.105333968997,172.95225182175636,325.4141734689474,nan,nan,nan,nan,False,,nan,,,nan,nan,nan,,,,,,,,0.006359707287906185,0.0009584940469231058,0.7135883637330351,nan,nan,nan,False,not_run,not_requested
fig1_fig2,PEB,8,641399591,-5.0,snr_db,-5.0,3,3,3,3,full_6d,641399591,,,nan,,False,,5.607368528842926,nan,nan,nan,nan,nan,nan,False,,,peb_only,False,cde27e6eb42c7c3b,,,,,,,adaptive_jones,True,fixed_anchor_then_adaptive_jones_score_selection,,nan,nan,nan,nan,True,,,nan,nan,,,,,[],nan,,,nan,nan,nan,nan,,nan,nan,nan,0.0006177944063626284,nan,nan,0.0006177944063626284,False,e032c9cb8462fea3417aadc651e10a3437190e0cacf3ab5bdc4b175ff7382e20,0.7130701278172195,computed_unscaled,cpu,nan,nan,nan,,,,,,,,nan,nan,nan,nan,nan,nan,False,,
fig1_fig2,free_jones_vp,13,634888206,-5.0,snr_db,-5.0,3,3,3,3,full_6d,634888206,,,nan,,False,,194.04803540557623,0.011753300016327305,0.011753300016327305,0.0007086152076385956,0.0022518507371454147,2.3163717097190753e-12,0.6467342173378764,False,direct_vp,global_exact_spherical_vp,proposed_post_stage1,False,ad9f7e359fb48bec,jones_free,cpu,False,,numpy,numpy.linalg.solve,jones_free,False,,,0.0,0.0,0.0,0.0,True,6,4,nan,nan,"[0.0,0.0,0.0]",,"[2.8105446062641444e-05,1.605258742496578e-05,2.775445575314419e-05]",direct_vp,"[""poor_clock_consistency""]",3095946.127457706,3096560,True,2295142.3642375353,83.97167148832169,7.156083007613549,0.14672295537967858,"[5.002813442960494,5.360007480560564,5.215814385755936]",155.88782104849815,187.0210803747177,344.3494303226471,nan,nan,nan,nan,False,,nan,,,nan,nan,nan,,,,,,,,0.011753300016327305,0.0007086152076385956,0.6467342173378764,nan,nan,nan,False,not_run,not_requested
fig1_fig2,free_jones_vp_gated_rescue,13,634888206,-5.0,snr_db,-5.0,3,3,3,3,full_6d,634888206,,,nan,,False,,175.9329345524311,0.011753300016327305,0.011753300016327305,0.0007086152076385956,0.0022518507371454147,2.3163717097190753e-12,0.6467342173378764,False,direct_vp,global_exact_spherical_vp,proposed_post_stage1,False,ad9f7e359fb48bec,jones_free,cpu,False,,numpy,numpy.linalg.solve,jones_free,False,,,0.0,0.0,0.0,0.0,True,6,4,nan,nan,"[0.0,0.0,0.0]",,"[2.8105446062641444e-05,1.605258742496578e-05,2.775445575314419e-05]",direct_vp,"[""poor_clock_consistency""]",3095946.127457706,3096560,True,2295142.3642375353,83.97167148832169,7.156083007613549,0.14672295537967858,"[5.002813442960494,5.360007480560564,5.215814385755936]",155.88782104849815,169.69114194065332,327.0194918885827,nan,nan,nan,nan,False,,nan,,,nan,nan,nan,,,,,,,,0.011753300016327305,0.0007086152076385956,0.6467342173378764,nan,nan,nan,False,not_run,not_requested
fig1_fig2,PEB,13,634888206,-5.0,snr_db,-5.0,3,3,3,3,full_6d,634888206,,,nan,,False,,5.365250237286091,nan,nan,nan,nan,nan,nan,False,,,peb_only,False,1121ad59eff0394d,,,,,,,adaptive_jones,True,fixed_anchor_then_adaptive_jones_score_selection,,nan,nan,nan,nan,True,,,nan,nan,,,,,[],nan,,,nan,nan,nan,nan,,nan,nan,nan,0.0006629582174480504,nan,nan,0.0006629582174480504,False,11da97468c8b90c59dcc518746f48f2217739b6c2c3deec78f2d1177de9045c5,0.6468657958954134,computed_unscaled,cpu,nan,nan,nan,,,,,,,,nan,nan,nan,nan,nan,nan,False,,
fig1_fig2,free_jones_vp,2,3251202663,-5.0,snr_db,-5.0,3,3,3,3,full_6d,3251202663,,,nan,,False,,225.29584603756666,0.001293181704266971,0.001293181704266971,6.0478914736944176e-05,0.0010193685300479106,4.814822714464012e-13,0.7226037729559319,False,direct_vp,global_exact_spherical_vp,proposed_post_stage1,False,a309a6256e6a3c66,jones_free,cpu,False,,numpy,numpy.linalg.solve,jones_free,False,,,0.0,0.0,0.0,0.0,True,6,4,nan,nan,"[0.0,0.0,0.0]",,"[1.7992724878223717e-06,4.323006242409558e-06,5.2329736811595243e-05]",direct_vp,[],3093890.5302786473,3096560,True,2667168.5290244194,73.9550566139715,12.2227362081701,0.08670459700869874,"[4.843352883856479,5.019098957918756,5.034495375373232]",152.2486757710576,217.4858664572239,371.2149868160486,nan,nan,nan,nan,False,,nan,,,nan,nan,nan,,,,,,,,0.001293181704266971,6.0478914736944176e-05,0.7226037729559319,nan,nan,nan,False,not_run,not_requested
fig1_fig2,free_jones_vp_gated_rescue,2,3251202663,-5.0,snr_db,-5.0,3,3,3,3,full_6d,3251202663,,,nan,,False,,199.8311334401369,0.001293181704266971,0.001293181704266971,6.0478914736944176e-05,0.0010193685300479106,4.814822714464012e-13,0.7226037729559319,False,direct_vp,global_exact_spherical_vp,proposed_post_stage1,False,a309a6256e6a3c66,jones_free,cpu,False,,numpy,numpy.linalg.solve,jones_free,False,,,0.0,0.0,0.0,0.0,True,6,4,nan,nan,"[0.0,0.0,0.0]",,"[1.7992724878223717e-06,4.323006242409558e-06,5.2329736811595243e-05]",direct_vp,[],3093890.5302786473,3096560,True,2667168.5290244194,73.9550566139715,12.2227362081701,0.08670459700869874,"[4.843352883856479,5.019098957918756,5.034495375373232]",152.2486757710576,193.68830985575914,347.4174302145839,nan,nan,nan,nan,False,,nan,,,nan,nan,nan,,,,,,,,0.001293181704266971,6.0478914736944176e-05,0.7226037729559319,nan,nan,nan,False,not_run,not_requested
fig1_fig2,PEB,2,3251202663,-5.0,snr_db,-5.0,3,3,3,3,full_6d,3251202663,,,nan,,False,,5.565400205552578,nan,nan,nan,nan,nan,nan,False,,,peb_only,False,4e34b885e21d0568,,,,,,,adaptive_jones,True,fixed_anchor_then_adaptive_jones_score_selection,,nan,nan,nan,nan,True,,,nan,nan,,,,,[],nan,,,nan,nan,nan,nan,,nan,nan,nan,0.000621051741220573,nan,nan,0.000621051741220573,False,ba669d51e548d5d57a5c08da45514e8eda76ee1a2847f0b8bc91639b42fa1215,0.7232309866643089,computed_unscaled,cpu,nan,nan,nan,,,,,,,,nan,nan,nan,nan,nan,nan,False,,
fig1_fig2,free_jones_vp,7,1914929603,-5.0,snr_db,-5.0,3,3,3,3,full_6d,1914929603,,,nan,,False,,248.22897718846798,0.005034959612354888,0.005034959612354888,0.00038430688975896996,0.004527676727737574,1.9775997604741303e-12,2.3261541962105263,False,direct_vp,global_exact_spherical_vp,proposed_post_stage1,False,edb05ca80425213d,jones_free,cpu,False,,numpy,numpy.linalg.solve,jones_free,False,,,0.0,0.0,0.0,0.0,True,6,4,nan,nan,"[0.0,0.0,0.0]",,"[4.850754993878533e-05,4.843160773364672e-06,2.500174621719687e-05]",direct_vp,"[""poor_clock_consistency""]",3094391.9931627433,3096560,True,2563661.6523761093,85.34737627176321,5.860271832369636,0.4169049919024346,"[4.128368816707144,5.001130319443026,5.023943965619212]",149.97988936305046,241.32554997503757,392.76920183748007,nan,nan,nan,nan,False,,nan,,,nan,nan,nan,,,,,,,,0.005034959612354888,0.00038430688975896996,2.3261541962105263,nan,nan,nan,False,not_run,not_requested
fig1_fig2,free_jones_vp_gated_rescue,7,1914929603,-5.0,snr_db,-5.0,3,3,3,3,full_6d,1914929603,,,nan,,False,,222.26304575055838,0.005034959612354888,0.005034959612354888,0.00038430688975896996,0.004527676727737574,1.9775997604741303e-12,2.3261541962105263,False,direct_vp,global_exact_spherical_vp,proposed_post_stage1,False,edb05ca80425213d,jones_free,cpu,False,,numpy,numpy.linalg.solve,jones_free,False,,,0.0,0.0,0.0,0.0,True,6,4,nan,nan,"[0.0,0.0,0.0]",,"[4.850754993878533e-05,4.843160773364672e-06,2.500174621719687e-05]",direct_vp,"[""poor_clock_consistency""]",3094391.9931627433,3096560,True,2563661.6523761093,85.34737627176321,5.860271832369636,0.4169049919024346,"[4.128368816707144,5.001130319443026,5.023943965619212]",149.97988936305046,216.118751488626,367.5624033510685,nan,nan,nan,nan,False,,nan,,,nan,nan,nan,,,,,,,,0.005034959612354888,0.00038430688975896996,2.3261541962105263,nan,nan,nan,False,not_run,not_requested
fig1_fig2,PEB,7,1914929603,-5.0,snr_db,-5.0,3,3,3,3,full_6d,1914929603,,,nan,,False,,5.5038246512413025,nan,nan,nan,nan,nan,nan,False,,,peb_only,False,98da8dd741671a32,,,,,,,adaptive_jones,True,fixed_anchor_then_adaptive_jones_score_selection,,nan,nan,nan,nan,True,,,nan,nan,,,,,[],nan,,,nan,nan,nan,nan,,nan,nan,nan,0.0006029545772165476,nan,nan,0.0006029545772165476,False,84f1975fc112e22552cd5389ecb9ea5e68088b810ed0a30ff85dfd5971674377,2.3277959845425356,computed_unscaled,cpu,nan,nan,nan,,,,,,,,nan,nan,nan,nan,nan,nan,False,,
fig1_fig2,free_jones_vp,15,2734808712,-5.0,snr_db,-5.0,3,3,3,3,full_6d,2734808712,,,nan,,False,,326.0148261860013,0.004431499731214111,0.004431499731214111,0.00022183564622937687,0.002715623452161802,3.800108350351499e-12,0.3651191342882192,False,direct_vp,global_exact_spherical_vp,proposed_post_stage1,False,48110ab3f8144a75,jones_free,cpu,False,,numpy,numpy.linalg.solve,jones_free,False,,,0.0,0.0,0.0,0.0,True,6,4,nan,nan,"[0.0,0.0,0.0]",,"[9.070327655482659e-06,1.418836423535414e-07,2.577075008793213e-05]",direct_vp,"[""poor_clock_consistency""]",3099620.3334742724,3096560,True,2726983.3970834254,70.61240852500411,6.703746050256813,0.2352053661086557,"[4.588131630741251,5.099542107608368,5.073600948659161]",152.70843079686165,319.2806911841035,473.40962186455727,nan,nan,nan,nan,False,,nan,,,nan,nan,nan,,,,,,,,0.004431499731214111,0.00022183564622937687,0.3651191342882192,nan,nan,nan,False,not_run,not_requested
fig1_fig2,free_jones_vp_gated_rescue,15,2734808712,-5.0,snr_db,-5.0,3,3,3,3,full_6d,2734808712,,,nan,,False,,306.13861966878176,0.004431499731214111,0.004431499731214111,0.00022183564622937687,0.002715623452161802,3.800108350351499e-12,0.3651191342882192,False,direct_vp,global_exact_spherical_vp,proposed_post_stage1,False,48110ab3f8144a75,jones_free,cpu,False,,numpy,numpy.linalg.solve,jones_free,False,,,0.0,0.0,0.0,0.0,True,6,4,nan,nan,"[0.0,0.0,0.0]",,"[9.070327655482659e-06,1.418836423535414e-07,2.577075008793213e-05]",direct_vp,"[""poor_clock_consistency""]",3099620.3334742724,3096560,True,2726983.3970834254,70.61240852500411,6.703746050256813,0.2352053661086557,"[4.588131630741251,5.099542107608368,5.073600948659161]",152.70843079686165,298.6106751784682,452.739605858922,nan,nan,nan,nan,False,,nan,,,nan,nan,nan,,,,,,,,0.004431499731214111,0.00022183564622937687,0.3651191342882192,nan,nan,nan,False,not_run,not_requested
fig1_fig2,PEB,15,2734808712,-5.0,snr_db,-5.0,3,3,3,3,full_6d,2734808712,,,nan,,False,,5.653453275561333,nan,nan,nan,nan,nan,nan,False,,,peb_only,False,ff90a7d59b3972f7,,,,,,,adaptive_jones,True,fixed_anchor_then_adaptive_jones_score_selection,,nan,nan,nan,nan,True,,,nan,nan,,,,,[],nan,,,nan,nan,nan,nan,,nan,nan,nan,0.0006155747828861733,nan,nan,0.0006155747828861733,False,3745774ba39f0b3a489ec82705d3e30e7ac3ac0889ba9ff94e26de5537c07034,0.36476052765804357,computed_unscaled,cpu,nan,nan,nan,,,,,,,,nan,nan,nan,nan,nan,nan,False,,
fig1_fig2,free_jones_vp,26,890721611,-5.0,snr_db,-5.0,3,3,3,3,full_6d,890721611,,,nan,,False,,102.8985806107521,0.004376915141580954,0.004376915141580954,9.057992835066189e-05,0.0014598929392337751,1.0780386608442522e-12,1.507299851529133,False,direct_vp,global_exact_spherical_vp,proposed_post_stage1,False,51d2243f176e08cf,jones_free,cpu,False,,numpy,numpy.linalg.solve,jones_free,False,,,0.0,0.0,0.0,0.0,True,6,4,nan,nan,"[0.0,0.0,0.0]",,"[4.776823438713875e-06,7.150692576974148e-06,4.177188624800051e-05]",direct_vp,[],3096493.710955978,3096560,True,2408736.44962254,87.62298543515057,10.177571395325653,0.08754826571454111,"[5.076631641495067,5.083211771474079,4.894291237136456]",207.42421570420265,95.77664059400558,304.56017678231,nan,nan,nan,nan,False,,nan,,,nan,nan,nan,,,,,,,,0.004376915141580954,9.057992835066189e-05,1.507299851529133,nan,nan,nan,False,not_run,not_requested
fig1_fig2,free_jones_vp_gated_rescue,26,890721611,-5.0,snr_db,-5.0,3,3,3,3,full_6d,890721611,,,nan,,False,,106.1070191860199,0.004376915141580954,0.004376915141580954,9.057992835066189e-05,0.0014598929392337751,1.0780386608442522e-12,1.507299851529133,False,direct_vp,global_exact_spherical_vp,proposed_post_stage1,False,51d2243f176e08cf,jones_free,cpu,False,,numpy,numpy.linalg.solve,jones_free,False,,,0.0,0.0,0.0,0.0,True,6,4,nan,nan,"[0.0,0.0,0.0]",,"[4.776823438713875e-06,7.150692576974148e-06,4.177188624800051e-05]",direct_vp,[],3096493.710955978,3096560,True,2408736.44962254,87.62298543515057,10.177571395325653,0.08754826571454111,"[5.076631641495067,5.083211771474079,4.894291237136456]",207.42421570420265,99.83134438097477,308.6148805692792,nan,nan,nan,nan,False,,nan,,,nan,nan,nan,,,,,,,,0.004376915141580954,9.057992835066189e-05,1.507299851529133,nan,nan,nan,False,not_run,not_requested
fig1_fig2,PEB,26,890721611,-5.0,snr_db,-5.0,3,3,3,3,full_6d,890721611,,,nan,,False,,5.707023404538631,nan,nan,nan,nan,nan,nan,False,,,peb_only,False,3e87f4b4794692a9,,,,,,,adaptive_jones,True,fixed_anchor_then_adaptive_jones_score_selection,,nan,nan,nan,nan,True,,,nan,nan,,,,,[],nan,,,nan,nan,nan,nan,,nan,nan,nan,0.0006547161925826777,nan,nan,0.0006547161925826777,False,c294e93a3e036e5c5731d344dd8b7b3046868b56987f9fb6b7f233813953d55d,1.5073399078881684,computed_unscaled,cpu,nan,nan,nan,,,,,,,,nan,nan,nan,nan,nan,nan,False,,
fig1_fig2,free_jones_vp,32,2857393641,-5.0,snr_db,-5.0,3,3,3,3,full_6d,2857393641,,,nan,,False,,123.51244752854109,0.0067340191840496175,0.0067340191840496175,0.0011962648553696129,0.005271989790618727,1.6309966361165738e-12,0.5713885781653484,False,direct_vp,global_exact_spherical_vp,proposed_post_stage1,False,66d2c1575f88bb55,jones_free,cpu,False,,numpy,numpy.linalg.solve,jones_free,False,,,0.0,0.0,0.0,0.0,True,6,4,nan,nan,"[0.0,0.0,0.0]",,"[4.161381023980544e-06,6.03153358691649e-06,0.0001126444786389184]",direct_vp,[],3095932.962265345,3096560,True,2446235.1774221794,74.47318680750745,11.891189484477291,0.07980084181449433,"[5.149778728084136,4.95433361640943,5.054829407939111]",223.20989863574505,115.69770418852568,340.2807159796357,nan,nan,nan,nan,False,,nan,,,nan,nan,nan,,,,,,,,0.0067340191840496175,0.0011962648553696129,0.5713885781653484,nan,nan,nan,False,not_run,not_requested
fig1_fig2,free_jones_vp_gated_rescue,32,2857393641,-5.0,snr_db,-5.0,3,3,3,3,full_6d,2857393641,,,nan,,False,,125.39472634345293,0.0067340191840496175,0.0067340191840496175,0.0011962648553696129,0.005271989790618727,1.6309966361165738e-12,0.5713885781653484,False,direct_vp,global_exact_spherical_vp,proposed_post_stage1,False,66d2c1575f88bb55,jones_free,cpu,False,,numpy,numpy.linalg.solve,jones_free,False,,,0.0,0.0,0.0,0.0,True,6,4,nan,nan,"[0.0,0.0,0.0]",,"[4.161381023980544e-06,6.03153358691649e-06,0.0001126444786389184]",direct_vp,[],3095932.962265345,3096560,True,2446235.1774221794,74.47318680750745,11.891189484477291,0.07980084181449433,"[5.149778728084136,4.95433361640943,5.054829407939111]",223.20989863574505,118.62624973803759,343.2092615291476,nan,nan,nan,nan,False,,nan,,,nan,nan,nan,,,,,,,,0.0067340191840496175,0.0011962648553696129,0.5713885781653484,nan,nan,nan,False,not_run,not_requested
fig1_fig2,PEB,32,2857393641,-5.0,snr_db,-5.0,3,3,3,3,full_6d,2857393641,,,nan,,False,,5.855382464826107,nan,nan,nan,nan,nan,nan,False,,,peb_only,False,5d8ac5a63252fc96,,,,,,,adaptive_jones,True,fixed_anchor_then_adaptive_jones_score_selection,,nan,nan,nan,nan,True,,,nan,nan,,,,,[],nan,,,nan,nan,nan,nan,,nan,nan,nan,0.0006490955283389941,nan,nan,0.0006490955283389941,False,73ca4065ba0c89751d2f0dc2de518337698a325ed5053ee6dc1f366512a9f819,0.5715072578723671,computed_unscaled,cpu,nan,nan,nan,,,,,,,,nan,nan,nan,nan,nan,nan,False,,
fig1_fig2,free_jones_vp,5,2290547997,-5.0,snr_db,-5.0,3,3,3,3,full_6d,2290547997,,,nan,,False,,502.6128908768296,0.004685992087774648,0.004685992087774648,0.0003362222154034588,0.0029616056293962755,1.6121152634282421e-12,0.8626684794658398,False,direct_vp,global_exact_spherical_vp,proposed_post_stage1,False,4617285557c89c55,jones_free,cpu,False,,numpy,numpy.linalg.solve,jones_free,False,,,0.0,0.0,0.0,0.0,True,6,4,nan,nan,"[0.0,0.0,0.0]",,"[8.858577484871216e-05,6.64444823634845e-08,2.4981892630329505e-05]",direct_vp,[],3094301.971768633,3096560,True,2230129.746027886,76.12630124681586,10.368994875149145,0.05610949815699143,"[4.979605212951662,5.047082858511605,5.117037413233272]",151.73227736353874,495.78440541774035,648.8306989595294,nan,nan,nan,nan,False,,nan,,,nan,nan,nan,,,,,,,,0.004685992087774648,0.0003362222154034588,0.8626684794658398,nan,nan,nan,False,not_run,not_requested
fig1_fig2,free_jones_vp_gated_rescue,5,2290547997,-5.0,snr_db,-5.0,3,3,3,3,full_6d,2290547997,,,nan,,False,,502.3084254488349,0.004685992087774648,0.004685992087774648,0.0003362222154034588,0.0029616056293962755,1.6121152634282421e-12,0.8626684794658398,False,direct_vp,global_exact_spherical_vp,proposed_post_stage1,False,4617285557c89c55,jones_free,cpu,False,,numpy,numpy.linalg.solve,jones_free,False,,,0.0,0.0,0.0,0.0,True,6,4,nan,nan,"[0.0,0.0,0.0]",,"[8.858577484871216e-05,6.64444823634845e-08,2.4981892630329505e-05]",direct_vp,[],3094301.971768633,3096560,True,2230129.746027886,76.12630124681586,10.368994875149145,0.05610949815699143,"[4.979605212951662,5.047082858511605,5.117037413233272]",151.73227736353874,495.6861336529255,648.7324271947145,nan,nan,nan,nan,False,,nan,,,nan,nan,nan,,,,,,,,0.004685992087774648,0.0003362222154034588,0.8626684794658398,nan,nan,nan,False,not_run,not_requested
fig1_fig2,PEB,5,2290547997,-5.0,snr_db,-5.0,3,3,3,3,full_6d,2290547997,,,nan,,False,,5.83405028283596,nan,nan,nan,nan,nan,nan,False,,,peb_only,False,53e2e945c682c3fc,,,,,,,adaptive_jones,True,fixed_anchor_then_adaptive_jones_score_selection,,nan,nan,nan,nan,True,,,nan,nan,,,,,[],nan,,,nan,nan,nan,nan,,nan,nan,nan,0.0006822757723125929,nan,nan,0.0006822757723125929,False,38f1169f92c897947506b479f5ee71ac29695cde812eaf9f2f26b2ce8e8773e4,0.8633024616998022,computed_unscaled,cpu,nan,nan,nan,,,,,,,,nan,nan,nan,nan,nan,nan,False,,
fig1_fig2,free_jones_vp,30,635628036,-5.0,snr_db,-5.0,3,3,3,3,full_6d,635628036,,,nan,,False,,394.0349929705262,0.0058426830087382935,0.0058426830087382935,0.0006174386753912367,0.002786734331273705,1.2785066734012756e-12,1.219897581367589,False,direct_vp,global_exact_spherical_vp,proposed_post_stage1,False,aa66c08d8c5d810d,jones_free,cpu,False,,numpy,numpy.linalg.solve,jones_free,False,,,0.0,0.0,0.0,0.0,True,6,4,nan,nan,"[0.0,0.0,0.0]",,"[1.0449680000780808e-05,1.3604095704283858e-07,3.6514939395496132e-06]",direct_vp,"[""poor_clock_consistency""]",3099138.1073688874,3096560,True,2530491.3381289914,72.13496134580501,14.286049835433856,0.11306770889413008,"[5.08121276215551,5.217583839317691,4.940636288960572]",205.43371955305338,385.52491680532694,592.2936727255583,nan,nan,nan,nan,False,,nan,,,nan,nan,nan,,,,,,,,0.0058426830087382935,0.0006174386753912367,1.219897581367589,nan,nan,nan,False,not_run,not_requested
fig1_fig2,free_jones_vp_gated_rescue,30,635628036,-5.0,snr_db,-5.0,3,3,3,3,full_6d,635628036,,,nan,,False,,395.90139151364565,0.0058426830087382935,0.0058426830087382935,0.0006174386753912367,0.002786734331273705,1.2785066734012756e-12,1.219897581367589,False,direct_vp,global_exact_spherical_vp,proposed_post_stage1,False,aa66c08d8c5d810d,jones_free,cpu,False,,numpy,numpy.linalg.solve,jones_free,False,,,0.0,0.0,0.0,0.0,True,6,4,nan,nan,"[0.0,0.0,0.0]",,"[1.0449680000780808e-05,1.3604095704283858e-07,3.6514939395496132e-06]",direct_vp,"[""poor_clock_consistency""]",3099138.1073688874,3096560,True,2530491.3381289914,72.13496134580501,14.286049835433856,0.11306770889413008,"[5.08121276215551,5.217583839317691,4.940636288960572]",205.43371955305338,389.2646793797612,596.0334352999926,nan,nan,nan,nan,False,,nan,,,nan,nan,nan,,,,,,,,0.0058426830087382935,0.0006174386753912367,1.219897581367589,nan,nan,nan,False,not_run,not_requested
fig1_fig2,PEB,30,635628036,-5.0,snr_db,-5.0,3,3,3,3,full_6d,635628036,,,nan,,False,,5.831795200705528,nan,nan,nan,nan,nan,nan,False,,,peb_only,False,a4f91a556b736e5f,,,,,,,adaptive_jones,True,fixed_anchor_then_adaptive_jones_score_selection,,nan,nan,nan,nan,True,,,nan,nan,,,,,[],nan,,,nan,nan,nan,nan,,nan,nan,nan,0.0006311516352296262,nan,nan,0.0006311516352296262,False,5590d75cc6f366b617653df89fa7a75298a3f157b3c5c00e92e68278a75325fa,1.2188890723969568,computed_unscaled,cpu,nan,nan,nan,,,,,,,,nan,nan,nan,nan,nan,nan,False,,
fig1_fig2,free_jones_vp,17,2127997378,-5.0,snr_db,-5.0,3,3,3,3,full_6d,2127997378,,,nan,,False,,1193.2543499991298,0.02704688618285545,0.02704688618285545,0.004405360500142659,0.004000599494993514,1.611512611291723e-12,1.2681593141962204,False,direct_vp,global_exact_spherical_vp,proposed_post_stage1,False,80a4b9c4b67dc8ad,jones_free,cpu,False,,numpy,numpy.linalg.solve,jones_free,False,,,0.0,0.0,0.0,0.0,True,6,4,nan,nan,"[0.0,0.0,0.0]",,"[5.812967122395927e-05,2.989118368001579e-07,7.488155864241911e-05]",jnpp_then_vp,"[""poor_clock_consistency""]",3104132.4934898,3096560,False,2292557.568292621,74.65773692758466,9.631214685795394,0.2221065992102627,"[4.909888005227837,4.893648805548963,5.372717715455535]",147.10127798467875,1069.807095400989,1218.349124468863,nan,nan,nan,nan,False,,nan,,,nan,nan,nan,,,,,,,,0.02704688618285545,0.004405360500142659,1.2681593141962204,nan,nan,nan,False,not_run,not_requested
fig1_fig2,free_jones_vp_gated_rescue,17,2127997378,-5.0,snr_db,-5.0,3,3,3,3,full_6d,2127997378,,,nan,,False,,1290.378704547882,0.0004211442978670717,0.0004211442978670717,2.458458302071218e-05,0.00016842562777236685,5.745286306214234e-13,1.2664518104270015,False,ris_only_stage2_then_vp,global_exact_spherical_vp,proposed_post_stage1,False,80a4b9c4b67dc8ad,jones_free,cpu,False,,numpy,numpy.linalg.solve,jones_free,False,,,0.0,0.0,0.0,0.0,True,6,4,nan,nan,"[0.0,0.0,0.0]",,"[5.7860829057315656e-05,3.698284309390318e-07,6.329694153073201e-05]",jnpp_then_vp,"[""poor_clock_consistency""]",3104132.4934898,3096560,False,2292557.568292621,74.65773692758466,9.631214685795394,0.2221065992102627,"[4.909888005227837,4.893648805548963,5.372717715455535]",147.10127798467875,55.037207059562206,219.90700816363096,nan,nan,nan,nan,False,,nan,,,nan,nan,nan,,,,,,,,0.02704688618285545,0.004405360500142659,1.2681593141962204,0.0004211442978670717,2.458458302071218e-05,1.2664518104270015,True,accepted,accepted
fig1_fig2,PEB,17,2127997378,-5.0,snr_db,-5.0,3,3,3,3,full_6d,2127997378,,,nan,,False,,5.774305120110512,nan,nan,nan,nan,nan,nan,False,,,peb_only,False,826cfe5bdb97d009,,,,,,,adaptive_jones,True,fixed_anchor_then_adaptive_jones_score_selection,,nan,nan,nan,nan,True,,,nan,nan,,,,,[],nan,,,nan,nan,nan,nan,,nan,nan,nan,0.0007114826148609328,nan,nan,0.0007114826148609328,False,1e7e5fb979d639b775e57b8f9a2b5887da0781d1b293b718b0219c60afc7e70e,1.265072191587295,computed_unscaled,cpu,nan,nan,nan,,,,,,,,nan,nan,nan,nan,nan,nan,False,,
fig1_fig2,free_jones_vp,14,1092560480,-5.0,snr_db,-5.0,3,3,3,3,full_6d,1092560480,,,nan,,False,,1248.0560644939542,0.024849382871994785,0.024849382871994785,0.002078825746215624,0.0006182636918901714,2.1043930248983022e-12,0.684064966869525,False,direct_vp,global_exact_spherical_vp,proposed_post_stage1,False,6d80b65f43d70e73,jones_free,cpu,False,,numpy,numpy.linalg.solve,jones_free,False,,,0.0,0.0,0.0,0.0,True,6,4,nan,nan,"[0.0,0.0,0.0]",,"[2.3287768448189998e-05,1.8857334531796178e-05,3.611913560682365e-05]",direct_vp,[],3096603.5817375416,3096560,True,2686978.1154395393,64.07035689370609,9.69216249212456,0.07798683373135239,"[5.1213357830977335,4.950579304820592,4.9617926809559965]",149.97095902264118,1239.6272609382868,1391.0299631729722,nan,nan,nan,nan,False,,nan,,,nan,nan,nan,,,,,,,,0.024849382871994785,0.002078825746215624,0.684064966869525,nan,nan,nan,False,not_run,not_requested
fig1_fig2,free_jones_vp_gated_rescue,14,1092560480,-5.0,snr_db,-5.0,3,3,3,3,full_6d,1092560480,,,nan,,False,,1285.272422015667,0.024849382871994785,0.024849382871994785,0.002078825746215624,0.0006182636918901714,2.1043930248983022e-12,0.684064966869525,False,direct_vp,global_exact_spherical_vp,proposed_post_stage1,False,6d80b65f43d70e73,jones_free,cpu,False,,numpy,numpy.linalg.solve,jones_free,False,,,0.0,0.0,0.0,0.0,True,6,4,nan,nan,"[0.0,0.0,0.0]",,"[2.3287768448189998e-05,1.8857334531796178e-05,3.611913560682365e-05]",direct_vp,[],3096603.5817375416,3096560,True,2686978.1154395393,64.07035689370609,9.69216249212456,0.07798683373135239,"[5.1213357830977335,4.950579304820592,4.9617926809559965]",149.97095902264118,1278.803277425468,1430.2059796601534,nan,nan,nan,nan,False,,nan,,,nan,nan,nan,,,,,,,,0.024849382871994785,0.002078825746215624,0.684064966869525,nan,nan,nan,False,not_run,not_requested
fig1_fig2,PEB,14,1092560480,-5.0,snr_db,-5.0,3,3,3,3,full_6d,1092560480,,,nan,,False,,5.649864614009857,nan,nan,nan,nan,nan,nan,False,,,peb_only,False,11da4b97644b3761,,,,,,,adaptive_jones,True,fixed_anchor_then_adaptive_jones_score_selection,,nan,nan,nan,nan,True,,,nan,nan,,,,,[],nan,,,nan,nan,nan,nan,,nan,nan,nan,0.0006428425719644807,nan,nan,0.0006428425719644807,False,f1022bc01518ff6f31f9f6e642efb32029d98d2c096644b99cc3e0e6c8ec44d7,0.6840588738389257,computed_unscaled,cpu,nan,nan,nan,,,,,,,,nan,nan,nan,nan,nan,nan,False,,
fig1_fig2,free_jones_vp,0,3147786918,-5.0,snr_db,-5.0,3,3,3,3,full_6d,3147786918,,,nan,,False,,1342.1545708552003,0.02534309959349157,0.02534309959349157,0.003172067399511892,0.008483713121838248,5.84439446913693e-12,1.2544645643440449,False,direct_vp,global_exact_spherical_vp,proposed_post_stage1,False,760fa1acd295f0e0,jones_free,cpu,False,,numpy,numpy.linalg.solve,jones_free,False,,,0.0,0.0,0.0,0.0,True,6,4,nan,nan,"[0.0,0.0,0.0]",,"[1.3862278415473419e-05,2.5820535832679852e-06,2.33691607468644e-05]",direct_vp,[],3098478.7869658833,3096560,True,2769182.8005058696,65.62366851009473,9.455677035744408,0.047710500494209045,"[5.014342068032638,4.898098889998885,4.945782278558041]",148.7425677999854,1211.0899715796113,1361.3255473002791,nan,nan,nan,nan,False,,nan,,,nan,nan,nan,,,,,,,,0.02534309959349157,0.003172067399511892,1.2544645643440449,nan,nan,nan,False,not_run,not_requested
fig1_fig2,free_jones_vp_gated_rescue,0,3147786918,-5.0,snr_db,-5.0,3,3,3,3,full_6d,3147786918,,,nan,,False,,1366.8507536128163,0.02534309959349157,0.02534309959349157,0.003172067399511892,0.008483713121838248,5.84439446913693e-12,1.2544645643440449,False,direct_vp,global_exact_spherical_vp,proposed_post_stage1,False,760fa1acd295f0e0,jones_free,cpu,False,,numpy,numpy.linalg.solve,jones_free,False,,,0.0,0.0,0.0,0.0,True,6,4,nan,nan,"[0.0,0.0,0.0]",,"[1.3862278415473419e-05,2.5820535832679852e-06,2.33691607468644e-05]",direct_vp,[],3098478.7869658833,3096560,True,2769182.8005058696,65.62366851009473,9.455677035744408,0.047710500494209045,"[5.014342068032638,4.898098889998885,4.945782278558041]",148.7425677999854,1243.5543650463223,1393.7899407669902,nan,nan,nan,nan,False,,nan,,,nan,nan,nan,,,,,,,,0.02534309959349157,0.003172067399511892,1.2544645643440449,nan,nan,nan,False,not_run,not_requested
fig1_fig2,PEB,0,3147786918,-5.0,snr_db,-5.0,3,3,3,3,full_6d,3147786918,,,nan,,False,,5.828921802341938,nan,nan,nan,nan,nan,nan,False,,,peb_only,False,627464cca1b87e94,,,,,,,adaptive_jones,True,fixed_anchor_then_adaptive_jones_score_selection,,nan,nan,nan,nan,True,,,nan,nan,,,,,[],nan,,,nan,nan,nan,nan,,nan,nan,nan,0.0006350613982890841,nan,nan,0.0006350613982890841,False,7c738a48c71d396c30709f16037cef480e872ff8eba0c095999cea8980974cb0,1.2536941931437522,computed_unscaled,cpu,nan,nan,nan,,,,,,,,nan,nan,nan,nan,nan,nan,False,,
fig1_fig2,free_jones_vp,21,4000820147,-5.0,snr_db,-5.0,3,3,3,3,full_6d,4000820147,,,nan,,False,,1360.5983379557729,0.06523787403260527,0.06523787403260527,0.04045416674728697,0.046085769600420566,6.262610743902929e-11,1.1138525755886453,False,direct_vp,global_exact_spherical_vp,proposed_post_stage1,False,c7894dfe173f2f48,jones_free,cpu,False,,numpy,numpy.linalg.solve,jones_free,False,,,0.0,0.0,0.0,0.0,True,6,4,nan,nan,"[0.0,0.0,0.0]",,"[6.595794310432818e-06,2.404291731442595e-06,1.1014733999101853e-05]",jnpp_then_vp,"[""poor_clock_consistency""]",3135055.1897059777,3096560,False,1697796.8448543362,128.68428770803558,5.9403660900793165,0.1565698869415497,"[4.982307893362556,5.359950374873907,5.11322231366964]",156.34540282189846,1182.458658888936,1340.2395914942026,nan,nan,nan,nan,False,,nan,,,nan,nan,nan,,,,,,,,0.06523787403260527,0.04045416674728697,1.1138525755886453,nan,nan,nan,False,not_run,not_requested
fig1_fig2,free_jones_vp_gated_rescue,21,4000820147,-5.0,snr_db,-5.0,3,3,3,3,full_6d,4000820147,,,nan,,False,,1616.9304949641228,0.002807073035084571,0.002807073035084571,2.1770886666076173e-05,0.0002243833620018394,2.282799679000739e-12,1.0999853769341021,False,ris_only_stage2_then_vp,global_exact_spherical_vp,proposed_post_stage1,False,c7894dfe173f2f48,jones_free,cpu,False,,numpy,numpy.linalg.solve,jones_free,False,,,0.0,0.0,0.0,0.0,True,6,4,nan,nan,"[0.0,0.0,0.0]",,"[4.041185807752762e-06,3.150460575781301e-05,9.242438870268788e-07]",jnpp_then_vp,"[""poor_clock_consistency""]",3135055.1897059777,3096560,False,1697796.8448543362,128.68428770803558,5.9403660900793165,0.1565698869415497,"[4.982307893362556,5.359950374873907,5.11322231366964]",156.34540282189846,225.8429902344942,399.3792390227318,nan,nan,nan,nan,False,,nan,,,nan,nan,nan,,,,,,,,0.06523787403260527,0.04045416674728697,1.1138525755886453,0.002807073035084571,2.1770886666076173e-05,1.0999853769341021,True,accepted,accepted
fig1_fig2,PEB,21,4000820147,-5.0,snr_db,-5.0,3,3,3,3,full_6d,4000820147,,,nan,,False,,5.782818712294102,nan,nan,nan,nan,nan,nan,False,,,peb_only,False,fa9530d24e8906ac,,,,,,,adaptive_jones,True,fixed_anchor_then_adaptive_jones_score_selection,,nan,nan,nan,nan,True,,,nan,nan,,,,,[],nan,,,nan,nan,nan,nan,,nan,nan,nan,0.0008299829535644942,nan,nan,0.0008299829535644942,False,f7a047bb7013efbe33f31c7f789c22a5d5f4d1899bcaccc54b42258dbd7f4038,1.1001813187950489,computed_unscaled,cpu,nan,nan,nan,,,,,,,,nan,nan,nan,nan,nan,nan,False,,
fig1_fig2,free_jones_vp,29,1456316145,-5.0,snr_db,-5.0,3,3,3,3,full_6d,1456316145,,,nan,,False,,1269.2333445772529,0.02614855592453889,0.02614855592453889,0.002411762940297118,0.0011451727202353653,2.2968907433032604e-12,1.853531848395638,False,direct_vp,global_exact_spherical_vp,proposed_post_stage1,False,30bb0ec293b449e4,jones_free,cpu,False,,numpy,numpy.linalg.solve,jones_free,False,,,0.0,0.0,0.0,0.0,True,6,4,nan,nan,"[0.0,0.0,0.0]",,"[3.657942285840592e-05,3.339165390474808e-06,8.108206822619275e-06]",direct_vp,"[""poor_clock_consistency""]",3098611.854670559,3096560,True,2893657.0394463427,73.49907248697497,8.048757431281954,0.2731710084218036,"[4.551201699297729,4.893764507677722,5.220267033547688]",219.34366630762815,1261.8048214539886,1482.480303697288,nan,nan,nan,nan,False,,nan,,,nan,nan,nan,,,,,,,,0.02614855592453889,0.002411762940297118,1.853531848395638,nan,nan,nan,False,not_run,not_requested
fig1_fig2,free_jones_vp_gated_rescue,29,1456316145,-5.0,snr_db,-5.0,3,3,3,3,full_6d,1456316145,,,nan,,False,,1283.4844381809235,0.02614855592453889,0.02614855592453889,0.002411762940297118,0.0011451727202353653,2.2968907433032604e-12,1.853531848395638,False,direct_vp,global_exact_spherical_vp,proposed_post_stage1,False,30bb0ec293b449e4,jones_free,cpu,False,,numpy,numpy.linalg.solve,jones_free,False,,,0.0,0.0,0.0,0.0,True,6,4,nan,nan,"[0.0,0.0,0.0]",,"[3.657942285840592e-05,3.339165390474808e-06,8.108206822619275e-06]",direct_vp,"[""poor_clock_consistency""]",3098611.854670559,3096560,True,2893657.0394463427,73.49907248697497,8.048757431281954,0.2731710084218036,"[4.551201699297729,4.893764507677722,5.220267033547688]",219.34366630762815,1277.0022218078375,1497.677704051137,nan,nan,nan,nan,False,,nan,,,nan,nan,nan,,,,,,,,0.02614855592453889,0.002411762940297118,1.853531848395638,nan,nan,nan,False,not_run,not_requested
fig1_fig2,PEB,29,1456316145,-5.0,snr_db,-5.0,3,3,3,3,full_6d,1456316145,,,nan,,False,,5.756376080214977,nan,nan,nan,nan,nan,nan,False,,,peb_only,False,4762ce1ff77b164d,,,,,,,adaptive_jones,True,fixed_anchor_then_adaptive_jones_score_selection,,nan,nan,nan,nan,True,,,nan,nan,,,,,[],nan,,,nan,nan,nan,nan,,nan,nan,nan,0.0006068660092784514,nan,nan,0.0006068660092784514,False,d8fe45eb7ae04a0170dd7feb177c545054b10b09137abe9e9f00552ed53b5825,1.8523140380832883,computed_unscaled,cpu,nan,nan,nan,,,,,,,,nan,nan,nan,nan,nan,nan,False,,
fig1_fig2,free_jones_vp,16,1080178429,-5.0,snr_db,-5.0,3,3,3,3,full_6d,1080178429,,,nan,,False,,1516.6621027514338,0.0019011597063923378,0.0019011597063923378,2.0536480233915525e-05,0.000597447161545298,1.6310608679289976e-12,1.5208366541240994,False,direct_vp,global_exact_spherical_vp,proposed_post_stage1,False,4774e2207b22ffae,jones_free,cpu,False,,numpy,numpy.linalg.solve,jones_free,False,,,0.0,0.0,0.0,0.0,True,6,4,nan,nan,"[0.0,0.0,0.0]",,"[0.00031349333089112714,0.00018794929074021548,4.876614805803562e-06]",jnpp_then_vp,"[""poor_clock_consistency""]",3100987.269053375,3096560,False,2709492.1563465563,87.70811904375874,3.9492686408648545,0.4703081703961253,"[5.016933528538272,3.921375038846853,4.777646884713838]",149.86302623152733,1217.8851575702429,1369.1771097928286,nan,nan,nan,nan,False,,nan,,,nan,nan,nan,,,,,,,,0.0019011597063923378,2.0536480233915525e-05,1.5208366541240994,nan,nan,nan,False,not_run,not_requested
fig1_fig2,free_jones_vp_gated_rescue,16,1080178429,-5.0,snr_db,-5.0,3,3,3,3,full_6d,1080178429,,,nan,,False,,1626.4728547632694,0.0019011597063923378,0.0019011597063923378,2.0536480233915525e-05,0.000597447161545298,1.6310608679289976e-12,1.5208366541240994,False,direct_vp_rollback,global_exact_spherical_vp,proposed_post_stage1,False,4774e2207b22ffae,jones_free,cpu,False,,numpy,numpy.linalg.solve,jones_free,False,,,0.0,0.0,0.0,0.0,True,6,4,nan,nan,"[0.0,0.0,0.0]",,"[0.00031349333089112714,0.00018794929074021548,4.876614805803562e-06]",jnpp_then_vp,"[""poor_clock_consistency""]",3100987.269053375,3096560,False,2709492.1563465563,87.70811904375874,3.9492686408648545,0.4703081703961253,"[5.016933528538272,3.921375038846853,4.777646884713838]",149.86302623152733,1253.2281877920032,1404.5201400145888,nan,nan,nan,nan,False,,nan,,,nan,nan,nan,,,,,,,,0.0019011597063923378,2.0536480233915525e-05,1.5208366541240994,0.0020870436124260836,7.423840776596603e-05,1.5208612280418958,True,rollback,existing_selector_rollback
fig1_fig2,PEB,16,1080178429,-5.0,snr_db,-5.0,3,3,3,3,full_6d,1080178429,,,nan,,False,,5.735824756324291,nan,nan,nan,nan,nan,nan,False,,,peb_only,False,53671718b259874c,,,,,,,adaptive_jones,True,fixed_anchor_then_adaptive_jones_score_selection,,nan,nan,nan,nan,True,,,nan,nan,,,,,[],nan,,,nan,nan,nan,nan,,nan,nan,nan,0.0005900169584949459,nan,nan,0.0005900169584949459,False,2793ff1fce7242989610050dae2e9fefacb8b15f6d60bfd2b55605797f0e0ce8,1.5186732077486413,computed_unscaled,cpu,nan,nan,nan,,,,,,,,nan,nan,nan,nan,nan,nan,False,,
fig1_fig2,free_jones_vp,18,3644258948,-5.0,snr_db,-5.0,3,3,3,3,full_6d,3644258948,,,nan,,False,,1642.5836773142219,0.019885295888296278,0.019885295888296278,0.002040447530555286,0.0032681947969239377,2.931790844691007e-12,1.3906743511139443,False,direct_vp,global_exact_spherical_vp,proposed_post_stage1,False,c2803e5f1e163a11,jones_free,cpu,False,,numpy,numpy.linalg.solve,jones_free,False,,,0.0,0.0,0.0,0.0,True,6,4,nan,nan,"[0.0,0.0,0.0]",,"[1.7199493548780826e-05,2.6144980353491867e-05,5.091027229800753e-06]",direct_vp,"[""poor_clock_consistency""]",3096011.549598714,3096560,True,2563393.9482318475,80.49464430640735,7.723559079420896,0.17786587785526162,"[5.235230218828987,5.396167656998162,4.965074390826294]",150.1210204809904,1633.6092454269528,1785.013628296554,nan,nan,nan,nan,False,,nan,,,nan,nan,nan,,,,,,,,0.019885295888296278,0.002040447530555286,1.3906743511139443,nan,nan,nan,False,not_run,not_requested
fig1_fig2,free_jones_vp_gated_rescue,18,3644258948,-5.0,snr_db,-5.0,3,3,3,3,full_6d,3644258948,,,nan,,False,,1677.399106450379,0.019885295888296278,0.019885295888296278,0.002040447530555286,0.0032681947969239377,2.931790844691007e-12,1.3906743511139443,False,direct_vp,global_exact_spherical_vp,proposed_post_stage1,False,c2803e5f1e163a11,jones_free,cpu,False,,numpy,numpy.linalg.solve,jones_free,False,,,0.0,0.0,0.0,0.0,True,6,4,nan,nan,"[0.0,0.0,0.0]",,"[1.7199493548780826e-05,2.6144980353491867e-05,5.091027229800753e-06]",direct_vp,"[""poor_clock_consistency""]",3096011.549598714,3096560,True,2563393.9482318475,80.49464430640735,7.723559079420896,0.17786587785526162,"[5.235230218828987,5.396167656998162,4.965074390826294]",150.1210204809904,1670.7941740229726,1822.1985568925738,nan,nan,nan,nan,False,,nan,,,nan,nan,nan,,,,,,,,0.019885295888296278,0.002040447530555286,1.3906743511139443,nan,nan,nan,False,not_run,not_requested
fig1_fig2,PEB,18,3644258948,-5.0,snr_db,-5.0,3,3,3,3,full_6d,3644258948,,,nan,,False,,5.755521170794964,nan,nan,nan,nan,nan,nan,False,,,peb_only,False,bb0a1cbf9da8c275,,,,,,,adaptive_jones,True,fixed_anchor_then_adaptive_jones_score_selection,,nan,nan,nan,nan,True,,,nan,nan,,,,,[],nan,,,nan,nan,nan,nan,,nan,nan,nan,0.0005934303722478188,nan,nan,0.0005934303722478188,False,10eabe3ea0bf687d98504e31e23e6506b4b182585a8f16e7a2bae8ed9d09e41a,1.390927892382434,computed_unscaled,cpu,nan,nan,nan,,,,,,,,nan,nan,nan,nan,nan,nan,False,,
fig1_fig2,free_jones_vp,42,1970772956,-5.0,snr_db,-5.0,3,3,3,3,full_6d,1970772956,,,nan,,False,,110.68694166839123,0.006718692359758844,0.006718692359758844,0.0009540169462850241,0.006030908428955524,2.0452448092127162e-12,0.5440008848663018,False,direct_vp,global_exact_spherical_vp,proposed_post_stage1,False,361abccc7e5ef5e3,jones_free,cpu,False,,numpy,numpy.linalg.solve,jones_free,False,,,0.0,0.0,0.0,0.0,True,6,4,nan,nan,"[0.0,0.0,0.0]",,"[0.00013273729051508002,3.790080650027502e-06,5.2472485192567305e-06]",direct_vp,"[""poor_clock_consistency""]",3098004.7004578933,3096560,True,2705059.655030764,72.37324525297417,8.202861662539515,0.13252349825621207,"[5.244512164984186,4.92714583409856,5.026751862081642]",246.76998454332352,102.58493840694427,350.7540001049638,nan,nan,nan,nan,False,,nan,,,nan,nan,nan,,,,,,,,0.006718692359758844,0.0009540169462850241,0.5440008848663018,nan,nan,nan,False,not_run,not_requested
fig1_fig2,free_jones_vp_gated_rescue,42,1970772956,-5.0,snr_db,-5.0,3,3,3,3,full_6d,1970772956,,,nan,,False,,107.02307569235563,0.006718692359758844,0.006718692359758844,0.0009540169462850241,0.006030908428955524,2.0452448092127162e-12,0.5440008848663018,False,direct_vp,global_exact_spherical_vp,proposed_post_stage1,False,361abccc7e5ef5e3,jones_free,cpu,False,,numpy,numpy.linalg.solve,jones_free,False,,,0.0,0.0,0.0,0.0,True,6,4,nan,nan,"[0.0,0.0,0.0]",,"[0.00013273729051508002,3.790080650027502e-06,5.2472485192567305e-06]",direct_vp,"[""poor_clock_consistency""]",3098004.7004578933,3096560,True,2705059.655030764,72.37324525297417,8.202861662539515,0.13252349825621207,"[5.244512164984186,4.92714583409856,5.026751862081642]",246.76998454332352,100.49116294831038,348.6602246463299,nan,nan,nan,nan,False,,nan,,,nan,nan,nan,,,,,,,,0.006718692359758844,0.0009540169462850241,0.5440008848663018,nan,nan,nan,False,not_run,not_requested
fig1_fig2,PEB,42,1970772956,-5.0,snr_db,-5.0,3,3,3,3,full_6d,1970772956,,,nan,,False,,6.514003440737724,nan,nan,nan,nan,nan,nan,False,,,peb_only,False,cd337b0ad92b20b2,,,,,,,adaptive_jones,True,fixed_anchor_then_adaptive_jones_score_selection,,nan,nan,nan,nan,True,,,nan,nan,,,,,[],nan,,,nan,nan,nan,nan,,nan,nan,nan,0.0006017182000802888,nan,nan,0.0006017182000802888,False,4af21c66cd27ed283a830009c130c6232a0ae08038b9a036394b8e1c4ae43a65,0.5437500090967499,computed_unscaled,cpu,nan,nan,nan,,,,,,,,nan,nan,nan,nan,nan,nan,False,,
fig1_fig2,free_jones_vp,1,112311654,-5.0,snr_db,-5.0,3,3,3,3,full_6d,112311654,,,nan,,False,,1483.0723980516195,0.032327809595546694,0.032327809595546694,0.01167154845187509,0.019555461056231453,1.9180237707779818e-11,0.9642619898801923,False,direct_vp,global_exact_spherical_vp,proposed_post_stage1,False,4309b22d62663bb3,jones_free,cpu,False,,numpy,numpy.linalg.solve,jones_free,False,,,0.0,0.0,0.0,0.0,True,6,4,nan,nan,"[0.0,0.0,0.0]",,"[1.9305381823368313e-06,2.2843064147824273e-06,1.5961575832979398e-05]",jnpp_then_vp,"[""poor_clock_consistency""]",3107735.822672671,3096560,False,1753006.4763235382,89.28323837657351,3.5974269250206334,0.28382826089112084,"[4.967526371275177,4.988888292479805,4.376400952047577]",153.73194197565317,1352.9301787018776,1508.1172835230827,nan,nan,nan,nan,False,,nan,,,nan,nan,nan,,,,,,,,0.032327809595546694,0.01167154845187509,0.9642619898801923,nan,nan,nan,False,not_run,not_requested
fig1_fig2,free_jones_vp_gated_rescue,1,112311654,-5.0,snr_db,-5.0,3,3,3,3,full_6d,112311654,,,nan,,False,,2044.7223678305745,0.0018317546708301214,0.0018317546708301214,3.5894402502190776e-05,7.87566013939215e-05,1.1250034379185854e-12,0.9607560570299051,False,ris_only_stage2_then_vp,global_exact_spherical_vp,proposed_post_stage1,False,4309b22d62663bb3,jones_free,cpu,False,,numpy,numpy.linalg.solve,jones_free,False,,,0.0,0.0,0.0,0.0,True,6,4,nan,nan,"[0.0,0.0,0.0]",,"[1.9677625602094613e-06,2.308156892022778e-06,2.643766831104536e-05]",jnpp_then_vp,"[""poor_clock_consistency""]",3107735.822672671,3096560,False,1753006.4763235382,89.28323837657351,3.5974269250206334,0.28382826089112084,"[4.967526371275177,4.988888292479805,4.376400952047577]",153.73194197565317,522.0759556367993,690.4142244011164,nan,nan,nan,nan,False,,nan,,,nan,nan,nan,,,,,,,,0.032327809595546694,0.01167154845187509,0.9642619898801923,0.0018317546708301214,3.5894402502190776e-05,0.9607560570299051,True,accepted,accepted
fig1_fig2,PEB,1,112311654,-5.0,snr_db,-5.0,3,3,3,3,full_6d,112311654,,,nan,,False,,5.661069341003895,nan,nan,nan,nan,nan,nan,False,,,peb_only,False,5b496cd127b2e497,,,,,,,adaptive_jones,True,fixed_anchor_then_adaptive_jones_score_selection,,nan,nan,nan,nan,True,,,nan,nan,,,,,[],nan,,,nan,nan,nan,nan,,nan,nan,nan,0.0008078451997330827,nan,nan,0.0008078451997330827,False,e3b48bd20620d3b9b8ef02e72c1473ee968de0b883c8a7b45706956b70dd2349,0.960799342656914,computed_unscaled,cpu,nan,nan,nan,,,,,,,,nan,nan,nan,nan,nan,nan,False,,
fig1_fig2,free_jones_vp,43,409305243,-5.0,snr_db,-5.0,3,3,3,3,full_6d,409305243,,,nan,,False,,117.87696509808302,0.004186318339229632,0.004186318339229632,0.0006322294431830144,0.003227741859580229,2.1703023647338815e-12,1.0543079817964174,False,direct_vp,global_exact_spherical_vp,proposed_post_stage1,False,311367a6fbc1dd7e,jones_free,cpu,False,,numpy,numpy.linalg.solve,jones_free,False,,,0.0,0.0,0.0,0.0,True,6,4,nan,nan,"[0.0,0.0,0.0]",,"[1.3842555071358542e-05,1.4748293047828774e-06,0.0001851342884054715]",direct_vp,[],3099607.144657134,3096560,True,1828837.2840000757,96.07703558731534,8.839199493787616,0.01692741174897722,"[4.992563504272271,4.9583250282811315,4.995697976546439]",240.41097386926413,109.87007258832455,351.761443503201,nan,nan,nan,nan,False,,nan,,,nan,nan,nan,,,,,,,,0.004186318339229632,0.0006322294431830144,1.0543079817964174,nan,nan,nan,False,not_run,not_requested
fig1_fig2,free_jones_vp_gated_rescue,43,409305243,-5.0,snr_db,-5.0,3,3,3,3,full_6d,409305243,,,nan,,False,,113.90619593113661,0.004186318339229632,0.004186318339229632,0.0006322294431830144,0.003227741859580229,2.1703023647338815e-12,1.0543079817964174,False,direct_vp,global_exact_spherical_vp,proposed_post_stage1,False,311367a6fbc1dd7e,jones_free,cpu,False,,numpy,numpy.linalg.solve,jones_free,False,,,0.0,0.0,0.0,0.0,True,6,4,nan,nan,"[0.0,0.0,0.0]",,"[1.3842555071358542e-05,1.4748293047828774e-06,0.0001851342884054715]",direct_vp,[],3099607.144657134,3096560,True,1828837.2840000757,96.07703558731534,8.839199493787616,0.01692741174897722,"[4.992563504272271,4.9583250282811315,4.995697976546439]",240.41097386926413,107.31836704909801,349.2097379639745,nan,nan,nan,nan,False,,nan,,,nan,nan,nan,,,,,,,,0.004186318339229632,0.0006322294431830144,1.0543079817964174,nan,nan,nan,False,not_run,not_requested
fig1_fig2,PEB,43,409305243,-5.0,snr_db,-5.0,3,3,3,3,full_6d,409305243,,,nan,,False,,5.687492527067661,nan,nan,nan,nan,nan,nan,False,,,peb_only,False,003c708294626417,,,,,,,adaptive_jones,True,fixed_anchor_then_adaptive_jones_score_selection,,nan,nan,nan,nan,True,,,nan,nan,,,,,[],nan,,,nan,nan,nan,nan,,nan,nan,nan,0.0007537809937517517,nan,nan,0.0007537809937517517,False,d06249056a46bde512ae6accc3f5b861faabc2ef0f40296322d007b403b53207,1.05327696081316,computed_unscaled,cpu,nan,nan,nan,,,,,,,,nan,nan,nan,nan,nan,nan,False,,
fig1_fig2,free_jones_vp,24,2465240206,-5.0,snr_db,-5.0,3,3,3,3,full_6d,2465240206,,,nan,,False,,1351.2390863746405,0.0328741785653692,0.0328741785653692,0.01645406267771728,0.014477889278254179,2.131454435641434e-11,1.6690959018206035,False,direct_vp,global_exact_spherical_vp,proposed_post_stage1,False,176f5efaafb34997,jones_free,cpu,False,,numpy,numpy.linalg.solve,jones_free,False,,,0.0,0.0,0.0,0.0,True,6,4,nan,nan,"[0.0,0.0,0.0]",,"[7.070443930041218e-06,9.392888995068313e-08,0.0013091447440565162]",jnpp_then_vp,"[""poor_clock_consistency""]",3111926.8540502,3096560,False,1827458.9899893028,94.01989773635849,3.8259093316260855,0.34292238020485766,"[5.095783197992828,5.002260129020784,4.326096362053274]",206.23404718190432,1343.9569182097912,1551.6078995391726,nan,nan,nan,nan,False,,nan,,,nan,nan,nan,,,,,,,,0.0328741785653692,0.01645406267771728,1.6690959018206035,nan,nan,nan,False,not_run,not_requested
fig1_fig2,free_jones_vp_gated_rescue,24,2465240206,-5.0,snr_db,-5.0,3,3,3,3,full_6d,2465240206,,,nan,,False,,1849.556247241795,0.0019020884297164704,0.0019020884297164704,1.7101483727591827e-05,9.50486494213887e-05,1.1763202547985132e-12,1.6606299117312424,False,ris_only_stage2_then_vp,global_exact_spherical_vp,proposed_post_stage1,False,176f5efaafb34997,jones_free,cpu,False,,numpy,numpy.linalg.solve,jones_free,False,,,0.0,0.0,0.0,0.0,True,6,4,nan,nan,"[0.0,0.0,0.0]",,"[3.966197702902369e-06,8.142938056742422e-08,0.0014441912885061398]",jnpp_then_vp,"[""poor_clock_consistency""]",3111926.8540502,3096560,False,1827458.9899893028,94.01989773635849,3.8259093316260855,0.34292238020485766,"[5.095783197992828,5.002260129020784,4.326096362053274]",206.23404718190432,460.50067322701216,685.5124241709709,nan,nan,nan,nan,False,,nan,,,nan,nan,nan,,,,,,,,0.0328741785653692,0.01645406267771728,1.6690959018206035,0.0019020884297164704,1.7101483727591827e-05,1.6606299117312424,True,accepted,accepted
fig1_fig2,PEB,24,2465240206,-5.0,snr_db,-5.0,3,3,3,3,full_6d,2465240206,,,nan,,False,,5.724960744380951,nan,nan,nan,nan,nan,nan,False,,,peb_only,False,fbf8ec14e0ecf9d5,,,,,,,adaptive_jones,True,fixed_anchor_then_adaptive_jones_score_selection,,nan,nan,nan,nan,True,,,nan,nan,,,,,[],nan,,,nan,nan,nan,nan,,nan,nan,nan,0.0007994897921355851,nan,nan,0.0007994897921355851,False,d0abc1777196bcc1a36b4bbbb5b3c3e641533288ceccc09b778d2fb6777f61b5,1.6608624025173382,computed_unscaled,cpu,nan,nan,nan,,,,,,,,nan,nan,nan,nan,nan,nan,False,,
fig1_fig2,free_jones_vp,45,2629875502,-5.0,snr_db,-5.0,3,3,3,3,full_6d,2629875502,,,nan,,False,,99.47722675651312,0.0067554090615219555,0.0067554090615219555,0.001780435026845708,0.00594721679829989,1.8177330115720289e-12,1.167284205104277,False,direct_vp,global_exact_spherical_vp,proposed_post_stage1,False,134915bea76d36d7,jones_free,cpu,False,,numpy,numpy.linalg.solve,jones_free,False,,,0.0,0.0,0.0,0.0,True,6,4,nan,nan,"[0.0,0.0,0.0]",,"[4.3203496612990175e-06,5.704657094836792e-07,2.784910242827668e-05]",direct_vp,[],3096575.3966747755,3096560,True,2611736.0404254417,71.16049783097364,9.849423692886166,0.0893198308653385,"[5.237232419887781,5.076736662009408,5.028213509216136]",242.30685778707266,91.77051887661219,335.4937389269471,nan,nan,nan,nan,False,,nan,,,nan,nan,nan,,,,,,,,0.0067554090615219555,0.001780435026845708,1.167284205104277,nan,nan,nan,False,not_run,not_requested
fig1_fig2,free_jones_vp_gated_rescue,45,2629875502,-5.0,snr_db,-5.0,3,3,3,3,full_6d,2629875502,,,nan,,False,,98.85795421153307,0.0067554090615219555,0.0067554090615219555,0.001780435026845708,0.00594721679829989,1.8177330115720289e-12,1.167284205104277,False,direct_vp,global_exact_spherical_vp,proposed_post_stage1,False,134915bea76d36d7,jones_free,cpu,False,,numpy,numpy.linalg.solve,jones_free,False,,,0.0,0.0,0.0,0.0,True,6,4,nan,nan,"[0.0,0.0,0.0]",,"[4.3203496612990175e-06,5.704657094836792e-07,2.784910242827668e-05]",direct_vp,[],3096575.3966747755,3096560,True,2611736.0404254417,71.16049783097364,9.849423692886166,0.0893198308653385,"[5.237232419887781,5.076736662009408,5.028213509216136]",242.30685778707266,92.28429105877876,336.0075111091137,nan,nan,nan,nan,False,,nan,,,nan,nan,nan,,,,,,,,0.0067554090615219555,0.001780435026845708,1.167284205104277,nan,nan,nan,False,not_run,not_requested
fig1_fig2,PEB,45,2629875502,-5.0,snr_db,-5.0,3,3,3,3,full_6d,2629875502,,,nan,,False,,5.854807943105698,nan,nan,nan,nan,nan,nan,False,,,peb_only,False,3d488035669956b5,,,,,,,adaptive_jones,True,fixed_anchor_then_adaptive_jones_score_selection,,nan,nan,nan,nan,True,,,nan,nan,,,,,[],nan,,,nan,nan,nan,nan,,nan,nan,nan,0.0006259256700826321,nan,nan,0.0006259256700826321,False,61ef90b44bee96edd1828bab28b96f525f17a012a323714534c6c3c927bfb322,1.167284432533587,computed_unscaled,cpu,nan,nan,nan,,,,,,,,nan,nan,nan,nan,nan,nan,False,,
fig1_fig2,free_jones_vp,40,1007248754,-5.0,snr_db,-5.0,3,3,3,3,full_6d,1007248754,,,nan,,False,,516.7397713139653,0.0046130073697978466,0.0046130073697978466,0.0003381683458992564,0.0028972913268132624,2.1194801537240736e-12,0.9297499103963084,False,direct_vp,global_exact_spherical_vp,proposed_post_stage1,False,fd3565d934b12806,jones_free,cpu,False,,numpy,numpy.linalg.solve,jones_free,False,,,0.0,0.0,0.0,0.0,True,6,4,nan,nan,"[0.0,0.0,0.0]",,"[1.3108512320490314e-05,3.039471557908655e-06,5.27522360315014e-05]",direct_vp,"[""poor_clock_consistency""]",3096845.326190583,3096560,True,1631516.9167256907,99.7481827693047,6.778037530454053,0.10240431438593373,"[5.050986345996559,5.002441535134636,4.813588514523504]",242.54454190284014,508.5931916832924,752.5498368293047,nan,nan,nan,nan,False,,nan,,,nan,nan,nan,,,,,,,,0.0046130073697978466,0.0003381683458992564,0.9297499103963084,nan,nan,nan,False,not_run,not_requested
fig1_fig2,free_jones_vp_gated_rescue,40,1007248754,-5.0,snr_db,-5.0,3,3,3,3,full_6d,1007248754,,,nan,,False,,505.6907774731517,0.0046130073697978466,0.0046130073697978466,0.0003381683458992564,0.0028972913268132624,2.1194801537240736e-12,0.9297499103963084,False,direct_vp,global_exact_spherical_vp,proposed_post_stage1,False,fd3565d934b12806,jones_free,cpu,False,,numpy,numpy.linalg.solve,jones_free,False,,,0.0,0.0,0.0,0.0,True,6,4,nan,nan,"[0.0,0.0,0.0]",,"[1.3108512320490314e-05,3.039471557908655e-06,5.27522360315014e-05]",direct_vp,"[""poor_clock_consistency""]",3096845.326190583,3096560,True,1631516.9167256907,99.7481827693047,6.778037530454053,0.10240431438593373,"[5.050986345996559,5.002441535134636,4.813588514523504]",242.54454190284014,499.3302420452237,743.286887191236,nan,nan,nan,nan,False,,nan,,,nan,nan,nan,,,,,,,,0.0046130073697978466,0.0003381683458992564,0.9297499103963084,nan,nan,nan,False,not_run,not_requested
fig1_fig2,PEB,40,1007248754,-5.0,snr_db,-5.0,3,3,3,3,full_6d,1007248754,,,nan,,False,,5.589138492941856,nan,nan,nan,nan,nan,nan,False,,,peb_only,False,42fc9619560fe516,,,,,,,adaptive_jones,True,fixed_anchor_then_adaptive_jones_score_selection,,nan,nan,nan,nan,True,,,nan,nan,,,,,[],nan,,,nan,nan,nan,nan,,nan,nan,nan,0.0008071994052864888,nan,nan,0.0008071994052864888,False,8bb652b717ff684281335ff9a69fbed705a14cc366cf654f3e53c1ef0c7a4d23,0.9296690519822817,computed_unscaled,cpu,nan,nan,nan,,,,,,,,nan,nan,nan,nan,nan,nan,False,,
fig1_fig2,free_jones_vp,33,3489193506,-5.0,snr_db,-5.0,3,3,3,3,full_6d,3489193506,,,nan,,False,,1633.1283681169152,0.02366120709312874,0.02366120709312874,0.00162829323160024,0.0016578021800407478,2.1362835686758043e-12,1.5882150909359913,False,direct_vp,global_exact_spherical_vp,proposed_post_stage1,False,cd17a2248cc25569,jones_free,cpu,False,,numpy,numpy.linalg.solve,jones_free,False,,,0.0,0.0,0.0,0.0,True,6,4,nan,nan,"[0.0,0.0,0.0]",,"[3.1037532175938453e-06,8.928413071134277e-06,2.3532111501341235e-05]",direct_vp,"[""poor_clock_consistency""]",3096420.789438569,3096560,True,2666847.3378668153,73.36537210043075,9.708031119084216,0.12175950983345821,"[4.914032310061093,5.065065344399192,5.212272802053123]",232.60760121792555,1624.7201670259237,1858.6863010525703,nan,nan,nan,nan,False,,nan,,,nan,nan,nan,,,,,,,,0.02366120709312874,0.00162829323160024,1.5882150909359913,nan,nan,nan,False,not_run,not_requested
fig1_fig2,free_jones_vp_gated_rescue,33,3489193506,-5.0,snr_db,-5.0,3,3,3,3,full_6d,3489193506,,,nan,,False,,1604.6588485464454,0.02366120709312874,0.02366120709312874,0.00162829323160024,0.0016578021800407478,2.1362835686758043e-12,1.5882150909359913,False,direct_vp,global_exact_spherical_vp,proposed_post_stage1,False,cd17a2248cc25569,jones_free,cpu,False,,numpy,numpy.linalg.solve,jones_free,False,,,0.0,0.0,0.0,0.0,True,6,4,nan,nan,"[0.0,0.0,0.0]",,"[3.1037532175938453e-06,8.928413071134277e-06,2.3532111501341235e-05]",direct_vp,"[""poor_clock_consistency""]",3096420.789438569,3096560,True,2666847.3378668153,73.36537210043075,9.708031119084216,0.12175950983345821,"[4.914032310061093,5.065065344399192,5.212272802053123]",232.60760121792555,1598.1159409284592,1832.0820749551058,nan,nan,nan,nan,False,,nan,,,nan,nan,nan,,,,,,,,0.02366120709312874,0.00162829323160024,1.5882150909359913,nan,nan,nan,False,not_run,not_requested
fig1_fig2,PEB,33,3489193506,-5.0,snr_db,-5.0,3,3,3,3,full_6d,3489193506,,,nan,,False,,5.74868880957365,nan,nan,nan,nan,nan,nan,False,,,peb_only,False,357686514fc9a6fa,,,,,,,adaptive_jones,True,fixed_anchor_then_adaptive_jones_score_selection,,nan,nan,nan,nan,True,,,nan,nan,,,,,[],nan,,,nan,nan,nan,nan,,nan,nan,nan,0.0006519872133130736,nan,nan,0.0006519872133130736,False,76527bb9436024da57d5b3c4ee115c2d9eeebd7e9b24b99b40e819fe3069631e,1.588294701484008,computed_unscaled,cpu,nan,nan,nan,,,,,,,,nan,nan,nan,nan,nan,nan,False,,
fig1_fig2,free_jones_vp,12,2210497206,-5.0,snr_db,-5.0,3,3,3,3,full_6d,2210497206,,,nan,,False,,1829.0299621969461,0.02743430467944991,0.02743430467944991,0.01092390076923102,0.008651080709003486,7.453357194062834e-12,1.4466493344996678,False,direct_vp,global_exact_spherical_vp,proposed_post_stage1,False,5aa352862be15226,jones_free,cpu,False,,numpy,numpy.linalg.solve,jones_free,False,,,0.0,0.0,0.0,0.0,True,6,4,nan,nan,"[0.0,0.0,0.0]",,"[3.273275998321287e-05,2.446927461486572e-05,1.2226965096645876e-05]",jnpp_then_vp,[],3109424.39545509,3096560,False,2888141.192735624,69.4247963415057,10.071501901580477,0.019254103149831548,"[5.111704676682017,5.148346904914658,5.104310959881532]",148.47816494852304,1690.3441963940859,1840.2706839591265,nan,nan,nan,nan,False,,nan,,,nan,nan,nan,,,,,,,,0.02743430467944991,0.01092390076923102,1.4466493344996678,nan,nan,nan,False,not_run,not_requested
fig1_fig2,free_jones_vp_gated_rescue,12,2210497206,-5.0,snr_db,-5.0,3,3,3,3,full_6d,2210497206,,,nan,,False,,2196.347954891622,0.0004988709155963131,0.0004988709155963131,8.745145523426888e-06,5.1896330513425465e-05,4.957508201716389e-13,1.4417380401008826,False,ris_only_stage2_then_vp,global_exact_spherical_vp,proposed_post_stage1,False,5aa352862be15226,jones_free,cpu,False,,numpy,numpy.linalg.solve,jones_free,False,,,0.0,0.0,0.0,0.0,True,6,4,nan,nan,"[0.0,0.0,0.0]",,"[3.69954272621827e-05,2.152463018585246e-05,1.085682355257438e-05]",jnpp_then_vp,[],3109424.39545509,3096560,False,2888141.192735624,69.4247963415057,10.071501901580477,0.019254103149831548,"[5.111704676682017,5.148346904914658,5.104310959881532]",148.47816494852304,340.33817591518164,504.9852541014552,nan,nan,nan,nan,False,,nan,,,nan,nan,nan,,,,,,,,0.02743430467944991,0.01092390076923102,1.4466493344996678,0.0004988709155963131,8.745145523426888e-06,1.4417380401008826,True,accepted,accepted
fig1_fig2,PEB,12,2210497206,-5.0,snr_db,-5.0,3,3,3,3,full_6d,2210497206,,,nan,,False,,5.687754809856415,nan,nan,nan,nan,nan,nan,False,,,peb_only,False,78037b846b7399fc,,,,,,,adaptive_jones,True,fixed_anchor_then_adaptive_jones_score_selection,,nan,nan,nan,nan,True,,,nan,nan,,,,,[],nan,,,nan,nan,nan,nan,,nan,nan,nan,0.0005717770208036201,nan,nan,0.0005717770208036201,False,0a1c4f0b423cde7d810066f20685360779b434f786c785131581505ed3dd312e,1.4406716613452208,computed_unscaled,cpu,nan,nan,nan,,,,,,,,nan,nan,nan,nan,nan,nan,False,,
fig1_fig2,free_jones_vp,11,3685333214,-5.0,snr_db,-5.0,3,3,3,3,full_6d,3685333214,,,nan,,False,,2070.490963950753,0.025191799890895317,0.025191799890895317,0.0023304863863149294,0.004686342344078558,6.7485372311573595e-12,0.9060675243889311,False,direct_vp,global_exact_spherical_vp,proposed_post_stage1,False,75eddfc502bbdf7d,jones_free,cpu,False,,numpy,numpy.linalg.solve,jones_free,False,,,0.0,0.0,0.0,0.0,True,6,4,nan,nan,"[0.0,0.0,0.0]",,"[3.1980800641880765e-05,2.1262289617165433e-06,5.641317602337744e-05]",direct_vp,"[""poor_clock_consistency""]",3094206.4635159844,3096560,True,2084058.1274750987,83.9524852343763,4.066057950521142,0.5087481105838286,"[6.051062464901391,4.936837992907814,5.0106400287124835]",152.43386925011873,2062.1905513182282,2215.982055194676,nan,nan,nan,nan,False,,nan,,,nan,nan,nan,,,,,,,,0.025191799890895317,0.0023304863863149294,0.9060675243889311,nan,nan,nan,False,not_run,not_requested
fig1_fig2,free_jones_vp_gated_rescue,11,3685333214,-5.0,snr_db,-5.0,3,3,3,3,full_6d,3685333214,,,nan,,False,,2075.697591148317,0.025191799890895317,0.025191799890895317,0.0023304863863149294,0.004686342344078558,6.7485372311573595e-12,0.9060675243889311,False,direct_vp,global_exact_spherical_vp,proposed_post_stage1,False,75eddfc502bbdf7d,jones_free,cpu,False,,numpy,numpy.linalg.solve,jones_free,False,,,0.0,0.0,0.0,0.0,True,6,4,nan,nan,"[0.0,0.0,0.0]",,"[3.1980800641880765e-05,2.1262289617165433e-06,5.641317602337744e-05]",direct_vp,"[""poor_clock_consistency""]",3094206.4635159844,3096560,True,2084058.1274750987,83.9524852343763,4.066057950521142,0.5087481105838286,"[6.051062464901391,4.936837992907814,5.0106400287124835]",152.43386925011873,2069.2545762956142,2223.046080172062,nan,nan,nan,nan,False,,nan,,,nan,nan,nan,,,,,,,,0.025191799890895317,0.0023304863863149294,0.9060675243889311,nan,nan,nan,False,not_run,not_requested
fig1_fig2,PEB,11,3685333214,-5.0,snr_db,-5.0,3,3,3,3,full_6d,3685333214,,,nan,,False,,5.655696697533131,nan,nan,nan,nan,nan,nan,False,,,peb_only,False,a5764bf8578c7582,,,,,,,adaptive_jones,True,fixed_anchor_then_adaptive_jones_score_selection,,nan,nan,nan,nan,True,,,nan,nan,,,,,[],nan,,,nan,nan,nan,nan,,nan,nan,nan,0.0007659881411150172,nan,nan,0.0007659881411150172,False,e9ccda1e403051d390ee49d3f08d80b8c395469b47c082ff498964bcdaeda690,0.9067613889003451,computed_unscaled,cpu,nan,nan,nan,,,,,,,,nan,nan,nan,nan,nan,nan,False,,
fig1_fig2,free_jones_vp,10,781873798,-5.0,snr_db,-5.0,3,3,3,3,full_6d,781873798,,,nan,,False,,2110.4822403267026,0.018755533219697185,0.018755533219697185,0.0012582209616460052,0.0009884524045639487,1.5737324324133934e-12,0.6971122838429078,False,direct_vp,global_exact_spherical_vp,proposed_post_stage1,False,ad9157a0340004dc,jones_free,cpu,False,,numpy,numpy.linalg.solve,jones_free,False,,,0.0,0.0,0.0,0.0,True,6,4,nan,nan,"[0.0,0.0,0.0]",,"[7.315519173086395e-06,5.291056917827496e-05,7.2289303810944056e-06]",direct_vp,"[""poor_clock_consistency""]",3095476.087421658,3096560,True,2606224.3809922207,79.95034695678136,7.121952059880217,0.1935273174447198,"[5.01857470354048,5.446444393420855,5.055779958288966]",148.93379109352827,1972.5408241897821,2122.766098588705,nan,nan,nan,nan,False,,nan,,,nan,nan,nan,,,,,,,,0.018755533219697185,0.0012582209616460052,0.6971122838429078,nan,nan,nan,False,not_run,not_requested
fig1_fig2,free_jones_vp_gated_rescue,10,781873798,-5.0,snr_db,-5.0,3,3,3,3,full_6d,781873798,,,nan,,False,,2111.217659689486,0.018755533219697185,0.018755533219697185,0.0012582209616460052,0.0009884524045639487,1.5737324324133934e-12,0.6971122838429078,False,direct_vp,global_exact_spherical_vp,proposed_post_stage1,False,ad9157a0340004dc,jones_free,cpu,False,,numpy,numpy.linalg.solve,jones_free,False,,,0.0,0.0,0.0,0.0,True,6,4,nan,nan,"[0.0,0.0,0.0]",,"[7.315519173086395e-06,5.291056917827496e-05,7.2289303810944056e-06]",direct_vp,"[""poor_clock_consistency""]",3095476.087421658,3096560,True,2606224.3809922207,79.95034695678136,7.121952059880217,0.1935273174447198,"[5.01857470354048,5.446444393420855,5.055779958288966]",148.93379109352827,1978.6484300717711,2128.873704470694,nan,nan,nan,nan,False,,nan,,,nan,nan,nan,,,,,,,,0.018755533219697185,0.0012582209616460052,0.6971122838429078,nan,nan,nan,False,not_run,not_requested
fig1_fig2,PEB,10,781873798,-5.0,snr_db,-5.0,3,3,3,3,full_6d,781873798,,,nan,,False,,5.844751127064228,nan,nan,nan,nan,nan,nan,False,,,peb_only,False,17972dc6b22113ef,,,,,,,adaptive_jones,True,fixed_anchor_then_adaptive_jones_score_selection,,nan,nan,nan,nan,True,,,nan,nan,,,,,[],nan,,,nan,nan,nan,nan,,nan,nan,nan,0.0006183000848100379,nan,nan,0.0006183000848100379,False,f2ef97a231c1a4af27e9b56c32078a57d13f76cf0fcef71f5aea3cacfcafd031,0.6973599880886718,computed_unscaled,cpu,nan,nan,nan,,,,,,,,nan,nan,nan,nan,nan,nan,False,,
fig1_fig2,free_jones_vp,28,4133035554,-5.0,snr_db,-5.0,3,3,3,3,full_6d,4133035554,,,nan,,False,,1764.2731374055147,0.026383955071156366,0.026383955071156366,0.00346263597083585,0.007866012678279936,5.088697292394638e-12,1.1215169886119687,False,direct_vp,global_exact_spherical_vp,proposed_post_stage1,False,b8a2d6673e42ecad,jones_free,cpu,False,,numpy,numpy.linalg.solve,jones_free,False,,,0.0,0.0,0.0,0.0,True,6,4,nan,nan,"[0.0,0.0,0.0]",,"[2.7246010236531506e-06,8.266211963827367e-07,0.00020707374515997192]",jnpp_then_vp,[],3103871.1396126277,3096560,False,1819614.823024797,78.69201599973358,8.321529691010063,0.052469513820779946,"[4.935855413115454,4.878294847345535,4.8075572403119695]",219.80312871932983,1631.4414629489183,1852.6483942344785,nan,nan,nan,nan,False,,nan,,,nan,nan,nan,,,,,,,,0.026383955071156366,0.00346263597083585,1.1215169886119687,nan,nan,nan,False,not_run,not_requested
fig1_fig2,free_jones_vp_gated_rescue,28,4133035554,-5.0,snr_db,-5.0,3,3,3,3,full_6d,4133035554,,,nan,,False,,1996.6532187461853,0.0024718512652938474,0.0024718512652938474,1.835733406577928e-05,0.00042812350360603104,6.831230612976509e-13,1.1203266852292142,False,ris_only_stage2_then_vp,global_exact_spherical_vp,proposed_post_stage1,False,b8a2d6673e42ecad,jones_free,cpu,False,,numpy,numpy.linalg.solve,jones_free,False,,,0.0,0.0,0.0,0.0,True,6,4,nan,nan,"[0.0,0.0,0.0]",,"[3.008362194680238e-06,9.72139357411933e-07,0.00017620943649998902]",jnpp_then_vp,[],3103871.1396126277,3096560,False,1819614.823024797,78.69201599973358,8.321529691010063,0.052469513820779946,"[4.935855413115454,4.878294847345535,4.8075572403119695]",219.80312871932983,225.71821331977844,463.37761203199625,nan,nan,nan,nan,False,,nan,,,nan,nan,nan,,,,,,,,0.026383955071156366,0.00346263597083585,1.1215169886119687,0.0024718512652938474,1.835733406577928e-05,1.1203266852292142,True,accepted,accepted
fig1_fig2,PEB,28,4133035554,-5.0,snr_db,-5.0,3,3,3,3,full_6d,4133035554,,,nan,,False,,5.671179428696632,nan,nan,nan,nan,nan,nan,False,,,peb_only,False,5d4ecf95eec6084a,,,,,,,adaptive_jones,True,fixed_anchor_then_adaptive_jones_score_selection,,nan,nan,nan,nan,True,,,nan,nan,,,,,[],nan,,,nan,nan,nan,nan,,nan,nan,nan,0.0007964975677907675,nan,nan,0.0007964975677907675,False,b0d6ccdf5e943bdc30a995d28f082c1063f363c2aa22897f8408d6a89636af3a,1.118881047027461,computed_unscaled,cpu,nan,nan,nan,,,,,,,,nan,nan,nan,nan,nan,nan,False,,
fig1_fig2,free_jones_vp,48,3302385666,-5.0,snr_db,-5.0,3,3,3,3,full_6d,3302385666,,,nan,,False,,259.78771229088306,0.01036048005364718,0.01036048005364718,0.004051423126308282,0.009049654317970852,4.830398063219664e-12,1.3141784685390991,False,direct_vp,global_exact_spherical_vp,proposed_post_stage1,False,f603a96196b2e56a,jones_free,cpu,False,,numpy,numpy.linalg.solve,jones_free,False,,,0.0,0.0,0.0,0.0,True,6,4,nan,nan,"[0.0,0.0,0.0]",,"[9.470955074174292e-07,1.044454250617604e-06,1.0783236894596972e-05]",direct_vp,[],3096896.3901682734,3096560,True,2503234.5863592653,74.32898695046947,11.196500053825268,0.056917922698422746,"[5.023888446016475,4.994404475961598,5.1271568261766705]",233.92484889179468,252.9118805155158,488.25098795443773,nan,nan,nan,nan,False,,nan,,,nan,nan,nan,,,,,,,,0.01036048005364718,0.004051423126308282,1.3141784685390991,nan,nan,nan,False,not_run,not_requested
fig1_fig2,free_jones_vp_gated_rescue,48,3302385666,-5.0,snr_db,-5.0,3,3,3,3,full_6d,3302385666,,,nan,,False,,261.906994394958,0.01036048005364718,0.01036048005364718,0.004051423126308282,0.009049654317970852,4.830398063219664e-12,1.3141784685390991,False,direct_vp,global_exact_spherical_vp,proposed_post_stage1,False,f603a96196b2e56a,jones_free,cpu,False,,numpy,numpy.linalg.solve,jones_free,False,,,0.0,0.0,0.0,0.0,True,6,4,nan,nan,"[0.0,0.0,0.0]",,"[9.470955074174292e-07,1.044454250617604e-06,1.0783236894596972e-05]",direct_vp,[],3096896.3901682734,3096560,True,2503234.5863592653,74.32898695046947,11.196500053825268,0.056917922698422746,"[5.023888446016475,4.994404475961598,5.1271568261766705]",233.92484889179468,255.37999519705772,490.71910263597965,nan,nan,nan,nan,False,,nan,,,nan,nan,nan,,,,,,,,0.01036048005364718,0.004051423126308282,1.3141784685390991,nan,nan,nan,False,not_run,not_requested
fig1_fig2,PEB,48,3302385666,-5.0,snr_db,-5.0,3,3,3,3,full_6d,3302385666,,,nan,,False,,5.858017332851887,nan,nan,nan,nan,nan,nan,False,,,peb_only,False,d06f3021b4eba1b5,,,,,,,adaptive_jones,True,fixed_anchor_then_adaptive_jones_score_selection,,nan,nan,nan,nan,True,,,nan,nan,,,,,[],nan,,,nan,nan,nan,nan,,nan,nan,nan,0.0006443393312965315,nan,nan,0.0006443393312965315,False,1b543152d623d7ef1c79c425645de2dcbaa35a96910d0ef3f1aa53205c46b486,1.3140425098864257,computed_unscaled,cpu,nan,nan,nan,,,,,,,,nan,nan,nan,nan,nan,nan,False,,
fig1_fig2,free_jones_vp,27,4133001221,-5.0,snr_db,-5.0,3,3,3,3,full_6d,4133001221,,,nan,,False,,1974.3218915611506,0.024336992713445468,0.024336992713445468,0.001247699326144041,0.0008505593086396639,2.458661678863817e-12,0.7396909854930619,False,direct_vp,global_exact_spherical_vp,proposed_post_stage1,False,965a125659acba65,jones_free,cpu,False,,numpy,numpy.linalg.solve,jones_free,False,,,0.0,0.0,0.0,0.0,True,6,4,nan,nan,"[0.0,0.0,0.0]",,"[0.0005424997792862128,5.843159693174493e-08,0.00029301209050174194]",direct_vp,"[""poor_clock_consistency""]",3097283.660393357,3096560,True,1611217.4976746151,89.72696136923474,2.587864969182184,0.37124152322678927,"[5.583648093103876,4.953761890378303,5.836704760461842]",197.28731289505959,1865.1533810198307,2063.7232899293303,nan,nan,nan,nan,False,,nan,,,nan,nan,nan,,,,,,,,0.024336992713445468,0.001247699326144041,0.7396909854930619,nan,nan,nan,False,not_run,not_requested
fig1_fig2,free_jones_vp_gated_rescue,27,4133001221,-5.0,snr_db,-5.0,3,3,3,3,full_6d,4133001221,,,nan,,False,,1957.0347065851092,0.024336992713445468,0.024336992713445468,0.001247699326144041,0.0008505593086396639,2.458661678863817e-12,0.7396909854930619,False,direct_vp,global_exact_spherical_vp,proposed_post_stage1,False,965a125659acba65,jones_free,cpu,False,,numpy,numpy.linalg.solve,jones_free,False,,,0.0,0.0,0.0,0.0,True,6,4,nan,nan,"[0.0,0.0,0.0]",,"[0.0005424997792862128,5.843159693174493e-08,0.00029301209050174194]",direct_vp,"[""poor_clock_consistency""]",3097283.660393357,3096560,True,1611217.4976746151,89.72696136923474,2.587864969182184,0.37124152322678927,"[5.583648093103876,4.953761890378303,5.836704760461842]",197.28731289505959,1841.482587724924,2040.0524966344237,nan,nan,nan,nan,False,,nan,,,nan,nan,nan,,,,,,,,0.024336992713445468,0.001247699326144041,0.7396909854930619,nan,nan,nan,False,not_run,not_requested
fig1_fig2,PEB,27,4133001221,-5.0,snr_db,-5.0,3,3,3,3,full_6d,4133001221,,,nan,,False,,5.6672448590397835,nan,nan,nan,nan,nan,nan,False,,,peb_only,False,6af9024b5634747a,,,,,,,adaptive_jones,True,fixed_anchor_then_adaptive_jones_score_selection,,nan,nan,nan,nan,True,,,nan,nan,,,,,[],nan,,,nan,nan,nan,nan,,nan,nan,nan,0.0008517942627198783,nan,nan,0.0008517942627198783,False,4db56e3e555632d19d051acf26a881417468b8ad38e08366b65041ee29b29feb,0.7395219825630268,computed_unscaled,cpu,nan,nan,nan,,,,,,,,nan,nan,nan,nan,nan,nan,False,,
fig1_fig2,free_jones_vp,53,3576518520,-5.0,snr_db,-5.0,3,3,3,3,full_6d,3576518520,,,nan,,False,,121.8052529990673,0.04197190524804803,0.04197190524804803,0.004976164892199311,0.03377988652187008,4.561813559092969e-11,0.5939258272332145,False,direct_vp,global_exact_spherical_vp,proposed_post_stage1,False,e83e56559c9f05bc,jones_free,cpu,False,,numpy,numpy.linalg.solve,jones_free,False,,,0.0,0.0,0.0,0.0,True,6,4,nan,nan,"[0.0,0.0,0.0]",,"[0.13528366141814116,1.4787278166877973e-06,6.404496221156762e-06]",direct_vp,"[""poor_clock_consistency""]",3098449.3873892287,3096560,True,1064763.2714723106,183.94170705391687,1.5338963292905017,0.5021424934094523,"[6.219393711207482,5.016860493453006,5.394302904037529]",234.10408630222082,113.86080108582973,349.4398434907198,nan,nan,nan,nan,False,,nan,,,nan,nan,nan,,,,,,,,0.04197190524804803,0.004976164892199311,0.5939258272332145,nan,nan,nan,False,not_run,not_requested
fig1_fig2,free_jones_vp_gated_rescue,53,3576518520,-5.0,snr_db,-5.0,3,3,3,3,full_6d,3576518520,,,nan,,False,,120.87895838916302,0.04197190524804803,0.04197190524804803,0.004976164892199311,0.03377988652187008,4.561813559092969e-11,0.5939258272332145,False,direct_vp,global_exact_spherical_vp,proposed_post_stage1,False,e83e56559c9f05bc,jones_free,cpu,False,,numpy,numpy.linalg.solve,jones_free,False,,,0.0,0.0,0.0,0.0,True,6,4,nan,nan,"[0.0,0.0,0.0]",,"[0.13528366141814116,1.4787278166877973e-06,6.404496221156762e-06]",direct_vp,"[""poor_clock_consistency""]",3098449.3873892287,3096560,True,1064763.2714723106,183.94170705391687,1.5338963292905017,0.5021424934094523,"[6.219393711207482,5.016860493453006,5.394302904037529]",234.10408630222082,114.29903116077185,349.8780735656619,nan,nan,nan,nan,False,,nan,,,nan,nan,nan,,,,,,,,0.04197190524804803,0.004976164892199311,0.5939258272332145,nan,nan,nan,False,not_run,not_requested
fig1_fig2,PEB,53,3576518520,-5.0,snr_db,-5.0,3,3,3,3,full_6d,3576518520,,,nan,,False,,5.771904557943344,nan,nan,nan,nan,nan,nan,False,,,peb_only,False,5db04c084bdc7d88,,,,,,,adaptive_jones,True,fixed_anchor_then_adaptive_jones_score_selection,,nan,nan,nan,nan,True,,,nan,nan,,,,,[],nan,,,nan,nan,nan,nan,,nan,nan,nan,0.0009488477312842927,nan,nan,0.0009488477312842927,False,e200269e04ccf0a54521e583b609be7b0a3b6bdaccfd671ee9c073b4737a05cd,0.5935667272397132,computed_unscaled,cpu,nan,nan,nan,,,,,,,,nan,nan,nan,nan,nan,nan,False,,
fig1_fig2,free_jones_vp,36,3263447461,-5.0,snr_db,-5.0,3,3,3,3,full_6d,3263447461,,,nan,,False,,1659.9690490663052,0.025980371573451146,0.025980371573451146,0.0033382501350090435,0.0010587781926246216,2.3147535631016394e-12,0.7752723116971847,False,direct_vp,global_exact_spherical_vp,proposed_post_stage1,False,c1f0ad2b1db7e888,jones_free,cpu,False,,numpy,numpy.linalg.solve,jones_free,False,,,0.0,0.0,0.0,0.0,True,6,4,nan,nan,"[0.0,0.0,0.0]",,"[0.0007626303536931207,0.6374862024273258,6.0710612150216584e-06]",jnpp_then_vp,"[""low_assignment_margin"",""poor_clock_consistency""]",3104490.474013416,3096560,False,2451588.9953105226,89.07391732885186,4.852271010584249e-07,0.22324769569382252,"[5.061092572207057,4.579345530119354,5.044312205736294]",243.94026481360197,1651.9814414307475,1897.4430432841182,nan,nan,nan,nan,False,,nan,,,nan,nan,nan,,,,,,,,0.025980371573451146,0.0033382501350090435,0.7752723116971847,nan,nan,nan,False,not_run,not_requested
fig1_fig2,free_jones_vp_gated_rescue,36,3263447461,-5.0,snr_db,-5.0,3,3,3,3,full_6d,3263447461,,,nan,,False,,1724.027876764536,0.00023489523876062108,0.00023489523876062108,1.8184172934643887e-05,9.506827370607226e-05,2.8450738070930986e-13,0.7744240828405468,False,ris_only_stage2_then_vp,global_exact_spherical_vp,proposed_post_stage1,False,c1f0ad2b1db7e888,jones_free,cpu,False,,numpy,numpy.linalg.solve,jones_free,False,,,0.0,0.0,0.0,0.0,True,6,4,nan,nan,"[0.0,0.0,0.0]",,"[0.0007565532844351071,0.636841846905568,6.173598385429355e-06]",jnpp_then_vp,"[""low_assignment_margin"",""poor_clock_consistency""]",3104490.474013416,3096560,False,2451588.9953105226,89.07391732885186,4.852271010584249e-07,0.22324769569382252,"[5.061092572207057,4.579345530119354,5.044312205736294]",243.94026481360197,83.6128166615963,343.2398660480976,nan,nan,nan,nan,False,,nan,,,nan,nan,nan,,,,,,,,0.025980371573451146,0.0033382501350090435,0.7752723116971847,0.00023489523876062108,1.8184172934643887e-05,0.7744240828405468,True,accepted,accepted
fig1_fig2,PEB,36,3263447461,-5.0,snr_db,-5.0,3,3,3,3,full_6d,3263447461,,,nan,,False,,5.7592458948493,nan,nan,nan,nan,nan,nan,False,,,peb_only,False,920b99b3ea5b96c5,,,,,,,adaptive_jones,True,fixed_anchor_then_adaptive_jones_score_selection,,nan,nan,nan,nan,True,,,nan,nan,,,,,[],nan,,,nan,nan,nan,nan,,nan,nan,nan,0.0005661970791714683,nan,nan,0.0005661970791714683,False,44da4b062737b51be35373567f8e2b8ed08b76fc869f23df282060a8ccb40d9b,0.773295860934778,computed_unscaled,cpu,nan,nan,nan,,,,,,,,nan,nan,nan,nan,nan,nan,False,,
fig1_fig2,free_jones_vp,38,445142407,-5.0,snr_db,-5.0,3,3,3,3,full_6d,445142407,,,nan,,False,,1440.4411878213286,0.05635622376554891,0.05635622376554891,0.012621271247909892,0.013047144244955148,2.1182545889234084e-11,2.252217880929107,False,direct_vp,global_exact_spherical_vp,proposed_post_stage1,False,51a8caca5e582771,jones_free,cpu,False,,numpy,numpy.linalg.solve,jones_free,False,,,0.0,0.0,0.0,0.0,True,6,4,nan,nan,"[0.0,0.0,0.0]",,"[1.0566999337497162e-05,8.031458762174804e-05,3.537114970482715e-05]",jnpp_then_vp,"[""poor_clock_consistency""]",3107804.9301363165,3096560,False,1945995.9533747802,93.13967529680694,6.045739201524759,0.18925833252494675,"[5.016992804288123,4.678795855238727,4.5733012823718076]",241.64747831225395,1284.2189527153969,1527.3336476683617,nan,nan,nan,nan,False,,nan,,,nan,nan,nan,,,,,,,,0.05635622376554891,0.012621271247909892,2.252217880929107,nan,nan,nan,False,not_run,not_requested
fig1_fig2,free_jones_vp_gated_rescue,38,445142407,-5.0,snr_db,-5.0,3,3,3,3,full_6d,445142407,,,nan,,False,,1483.2699199467897,0.0005244729030684084,0.0005244729030684084,2.0928857740716493e-05,0.00015258069000748066,4.998331832405695e-12,2.2432322988362863,False,ris_only_stage2_then_vp,global_exact_spherical_vp,proposed_post_stage1,False,51a8caca5e582771,jones_free,cpu,False,,numpy,numpy.linalg.solve,jones_free,False,,,0.0,0.0,0.0,0.0,True,6,4,nan,nan,"[0.0,0.0,0.0]",,"[1.0911627069714216e-05,5.587840298722972e-05,1.126648667211374e-05]",jnpp_then_vp,"[""poor_clock_consistency""]",3107804.9301363165,3096560,False,1945995.9533747802,93.13967529680694,6.045739201524759,0.18925833252494675,"[5.016992804288123,4.678795855238727,4.5733012823718076]",241.64747831225395,62.045417077839375,321.53296329826117,nan,nan,nan,nan,False,,nan,,,nan,nan,nan,,,,,,,,0.05635622376554891,0.012621271247909892,2.252217880929107,0.0005244729030684084,2.0928857740716493e-05,2.2432322988362863,True,accepted,accepted
fig1_fig2,PEB,38,445142407,-5.0,snr_db,-5.0,3,3,3,3,full_6d,445142407,,,nan,,False,,5.545946940779686,nan,nan,nan,nan,nan,nan,False,,,peb_only,False,71d88443fc5cd6e0,,,,,,,adaptive_jones,True,fixed_anchor_then_adaptive_jones_score_selection,,nan,nan,nan,nan,True,,,nan,nan,,,,,[],nan,,,nan,nan,nan,nan,,nan,nan,nan,0.0008543418775314503,nan,nan,0.0008543418775314503,False,188df01b21e845096046e025598027817a0fefeca6c3a9da8733d6021c9aadff,2.244080305436038,computed_unscaled,cpu,nan,nan,nan,,,,,,,,nan,nan,nan,nan,nan,nan,False,,
fig1_fig2,free_jones_vp,47,582567175,-5.0,snr_db,-5.0,3,3,3,3,full_6d,582567175,,,nan,,False,,437.38404750823975,0.002558410877846708,0.002558410877846708,0.00020358049830475716,0.001739775181955558,8.155460438270541e-13,0.679515759136078,False,direct_vp,global_exact_spherical_vp,proposed_post_stage1,False,d662b64f15476963,jones_free,cpu,False,,numpy,numpy.linalg.solve,jones_free,False,,,0.0,0.0,0.0,0.0,True,6,4,nan,nan,"[0.0,0.0,0.0]",,"[0.00021966469259117539,4.3335773108955826e-07,9.098935843292221e-07]",direct_vp,"[""poor_clock_consistency""]",3097412.8755144607,3096560,True,1714744.9496707793,94.9418314223227,6.966913312881068,0.11136605158075658,"[4.901253127637935,5.027323191222012,4.754787460619624]",228.97917073220015,429.75636772066355,660.2252544686198,nan,nan,nan,nan,False,,nan,,,nan,nan,nan,,,,,,,,0.002558410877846708,0.00020358049830475716,0.679515759136078,nan,nan,nan,False,not_run,not_requested
fig1_fig2,free_jones_vp_gated_rescue,47,582567175,-5.0,snr_db,-5.0,3,3,3,3,full_6d,582567175,,,nan,,False,,432.2211068123579,0.002558410877846708,0.002558410877846708,0.00020358049830475716,0.001739775181955558,8.155460438270541e-13,0.679515759136078,False,direct_vp,global_exact_spherical_vp,proposed_post_stage1,False,d662b64f15476963,jones_free,cpu,False,,numpy,numpy.linalg.solve,jones_free,False,,,0.0,0.0,0.0,0.0,True,6,4,nan,nan,"[0.0,0.0,0.0]",,"[0.00021966469259117539,4.3335773108955826e-07,9.098935843292221e-07]",direct_vp,"[""poor_clock_consistency""]",3097412.8755144607,3096560,True,1714744.9496707793,94.9418314223227,6.966913312881068,0.11136605158075658,"[4.901253127637935,5.027323191222012,4.754787460619624]",228.97917073220015,425.7484049424529,656.2172916904092,nan,nan,nan,nan,False,,nan,,,nan,nan,nan,,,,,,,,0.002558410877846708,0.00020358049830475716,0.679515759136078,nan,nan,nan,False,not_run,not_requested
fig1_fig2,PEB,47,582567175,-5.0,snr_db,-5.0,3,3,3,3,full_6d,582567175,,,nan,,False,,5.789978533983231,nan,nan,nan,nan,nan,nan,False,,,peb_only,False,a7be83173ae2625c,,,,,,,adaptive_jones,True,fixed_anchor_then_adaptive_jones_score_selection,,nan,nan,nan,nan,True,,,nan,nan,,,,,[],nan,,,nan,nan,nan,nan,,nan,nan,nan,0.0007768033446801319,nan,nan,0.0007768033446801319,False,050689952234d9ff329be9f4e449f2035a50644af1a2423c3a762752f771130c,0.6793321639476526,computed_unscaled,cpu,nan,nan,nan,,,,,,,,nan,nan,nan,nan,nan,nan,False,,
fig1_fig2,free_jones_vp,34,1995992425,-5.0,snr_db,-5.0,3,3,3,3,full_6d,1995992425,,,nan,,False,,1806.1549847498536,0.009463204548417438,0.009463204548417438,0.002120811529963006,0.007787471638422806,6.672724431111472e-12,2.418629821974398,False,direct_vp,global_exact_spherical_vp,proposed_post_stage1,False,242dafade8ac76a2,jones_free,cpu,False,,numpy,numpy.linalg.solve,jones_free,False,,,0.0,0.0,0.0,0.0,True,6,4,nan,nan,"[0.0,0.0,0.0]",,"[0.00021807891581895815,8.447988484210809e-07,4.098975171905283e-05]",jnpp_then_vp,[],3101230.425979552,3096560,False,2125240.502850782,76.71108170835845,8.546063951433823,0.07725773325644973,"[5.137818821882218,5.007168193608902,4.9539303681763736]",233.36933682858944,1682.8159911483526,1917.5860413759947,nan,nan,nan,nan,False,,nan,,,nan,nan,nan,,,,,,,,0.009463204548417438,0.002120811529963006,2.418629821974398,nan,nan,nan,False,not_run,not_requested
fig1_fig2,free_jones_vp_gated_rescue,34,1995992425,-5.0,snr_db,-5.0,3,3,3,3,full_6d,1995992425,,,nan,,False,,1999.6953291967511,0.009463204548417438,0.009463204548417438,0.002120811529963006,0.007787471638422806,6.672724431111472e-12,2.418629821974398,False,direct_vp_rollback,global_exact_spherical_vp,proposed_post_stage1,False,242dafade8ac76a2,jones_free,cpu,False,,numpy,numpy.linalg.solve,jones_free,False,,,0.0,0.0,0.0,0.0,True,6,4,nan,nan,"[0.0,0.0,0.0]",,"[0.00021807891581895815,8.447988484210809e-07,4.098975171905283e-05]",jnpp_then_vp,[],3101230.425979552,3096560,False,2125240.502850782,76.71108170835845,8.546063951433823,0.07725773325644973,"[5.137818821882218,5.007168193608902,4.9539303681763736]",233.36933682858944,1666.4610617905855,1901.2311120182276,nan,nan,nan,nan,False,,nan,,,nan,nan,nan,,,,,,,,0.009463204548417438,0.002120811529963006,2.418629821974398,0.002327479984109677,2.6897325396150946e-05,2.4169356250179135,True,rollback,existing_selector_rollback
fig1_fig2,PEB,34,1995992425,-5.0,snr_db,-5.0,3,3,3,3,full_6d,1995992425,,,nan,,False,,5.636068508028984,nan,nan,nan,nan,nan,nan,False,,,peb_only,False,bef56374814e896b,,,,,,,adaptive_jones,True,fixed_anchor_then_adaptive_jones_score_selection,,nan,nan,nan,nan,True,,,nan,nan,,,,,[],nan,,,nan,nan,nan,nan,,nan,nan,nan,0.0007105621677742123,nan,nan,0.0007105621677742123,False,08ae9de45575216533d6edee2ff062b3deef6ce05030f7f9832ee4fff1bbeb0e,2.4149998648502797,computed_unscaled,cpu,nan,nan,nan,,,,,,,,nan,nan,nan,nan,nan,nan,False,,
fig1_fig2,free_jones_vp,56,2167631329,-5.0,snr_db,-5.0,3,3,3,3,full_6d,2167631329,,,nan,,False,,113.73230235278606,0.008942529821208491,0.008942529821208491,0.0011623127476831242,0.007526053744660867,4.0028890930263985e-12,1.2491576647749685,False,direct_vp,global_exact_spherical_vp,proposed_post_stage1,False,62c54875a20296cb,jones_free,cpu,False,,numpy,numpy.linalg.solve,jones_free,False,,,0.0,0.0,0.0,0.0,True,6,4,nan,nan,"[0.0,0.0,0.0]",,"[6.104535833546328e-05,2.642969083251941e-06,3.847739037691757e-06]",direct_vp,"[""poor_clock_consistency""]",3096749.046458841,3096560,True,2552820.226815556,84.77218402988119,6.738529307517325,0.10535090674774954,"[4.852923477868797,4.79393302391015,5.040993771464065]",227.3379748389125,105.71397151052952,334.4465878009796,nan,nan,nan,nan,False,,nan,,,nan,nan,nan,,,,,,,,0.008942529821208491,0.0011623127476831242,1.2491576647749685,nan,nan,nan,False,not_run,not_requested
fig1_fig2,free_jones_vp_gated_rescue,56,2167631329,-5.0,snr_db,-5.0,3,3,3,3,full_6d,2167631329,,,nan,,False,,112.14375277608633,0.008942529821208491,0.008942529821208491,0.0011623127476831242,0.007526053744660867,4.0028890930263985e-12,1.2491576647749685,False,direct_vp,global_exact_spherical_vp,proposed_post_stage1,False,62c54875a20296cb,jones_free,cpu,False,,numpy,numpy.linalg.solve,jones_free,False,,,0.0,0.0,0.0,0.0,True,6,4,nan,nan,"[0.0,0.0,0.0]",,"[6.104535833546328e-05,2.642969083251941e-06,3.847739037691757e-06]",direct_vp,"[""poor_clock_consistency""]",3096749.046458841,3096560,True,2552820.226815556,84.77218402988119,6.738529307517325,0.10535090674774954,"[4.852923477868797,4.79393302391015,5.040993771464065]",227.3379748389125,105.93722303956747,334.66983933001757,nan,nan,nan,nan,False,,nan,,,nan,nan,nan,,,,,,,,0.008942529821208491,0.0011623127476831242,1.2491576647749685,nan,nan,nan,False,not_run,not_requested
fig1_fig2,PEB,56,2167631329,-5.0,snr_db,-5.0,3,3,3,3,full_6d,2167631329,,,nan,,False,,5.359297186136246,nan,nan,nan,nan,nan,nan,False,,,peb_only,False,aab1d76caee23749,,,,,,,adaptive_jones,True,fixed_anchor_then_adaptive_jones_score_selection,,nan,nan,nan,nan,True,,,nan,nan,,,,,[],nan,,,nan,nan,nan,nan,,nan,nan,nan,0.0006011130504171862,nan,nan,0.0006011130504171862,False,7d96ebe691cae134218fac4c44588ab5938392c288ecaa287b62d8519dd2dcef,1.2490878617953987,computed_unscaled,cpu,nan,nan,nan,,,,,,,,nan,nan,nan,nan,nan,nan,False,,
fig1_fig2,free_jones_vp,9,3933360494,-5.0,snr_db,-5.0,3,3,3,3,full_6d,3933360494,,,nan,,False,,2423.6078313961625,0.023225109980957538,0.023225109980957538,0.0014122924100366703,0.0019788320180165525,2.6363431879538486e-12,0.3768662141461125,False,direct_vp,global_exact_spherical_vp,proposed_post_stage1,False,b73a2b5f36115f1c,jones_free,cpu,False,,numpy,numpy.linalg.solve,jones_free,False,,,0.0,0.0,0.0,0.0,True,6,4,nan,nan,"[0.0,0.0,0.0]",,"[4.6054367517258835e-06,5.766369389276863e-07,0.0001626769194237529]",direct_vp,"[""poor_clock_consistency""]",3097961.584296827,3096560,True,2454768.442129994,70.63056272685628,9.71756052559554,0.1037009722721495,"[5.170911141360764,4.942237975423017,4.960793820188135]",153.04189958423376,2415.7079233676195,2570.2259084805846,nan,nan,nan,nan,False,,nan,,,nan,nan,nan,,,,,,,,0.023225109980957538,0.0014122924100366703,0.3768662141461125,nan,nan,nan,False,not_run,not_requested
fig1_fig2,free_jones_vp_gated_rescue,9,3933360494,-5.0,snr_db,-5.0,3,3,3,3,full_6d,3933360494,,,nan,,False,,2378.5607062876225,0.023225109980957538,0.023225109980957538,0.0014122924100366703,0.0019788320180165525,2.6363431879538486e-12,0.3768662141461125,False,direct_vp,global_exact_spherical_vp,proposed_post_stage1,False,b73a2b5f36115f1c,jones_free,cpu,False,,numpy,numpy.linalg.solve,jones_free,False,,,0.0,0.0,0.0,0.0,True,6,4,nan,nan,"[0.0,0.0,0.0]",,"[4.6054367517258835e-06,5.766369389276863e-07,0.0001626769194237529]",direct_vp,"[""poor_clock_consistency""]",3097961.584296827,3096560,True,2454768.442129994,70.63056272685628,9.71756052559554,0.1037009722721495,"[5.170911141360764,4.942237975423017,4.960793820188135]",153.04189958423376,2372.21474275738,2526.732727870345,nan,nan,nan,nan,False,,nan,,,nan,nan,nan,,,,,,,,0.023225109980957538,0.0014122924100366703,0.3768662141461125,nan,nan,nan,False,not_run,not_requested
fig1_fig2,PEB,9,3933360494,-5.0,snr_db,-5.0,3,3,3,3,full_6d,3933360494,,,nan,,False,,5.600110478699207,nan,nan,nan,nan,nan,nan,False,,,peb_only,False,dadf805017d8f24f,,,,,,,adaptive_jones,True,fixed_anchor_then_adaptive_jones_score_selection,,nan,nan,nan,nan,True,,,nan,nan,,,,,[],nan,,,nan,nan,nan,nan,,nan,nan,nan,0.0006765671232655503,nan,nan,0.0006765671232655503,False,2f009590b628473d7acf259cec76359e96ba2256fe333ef7c1514fe7022a67d5,0.376697658179837,computed_unscaled,cpu,nan,nan,nan,,,,,,,,nan,nan,nan,nan,nan,nan,False,,
fig1_fig2,free_jones_vp,58,1249403404,-5.0,snr_db,-5.0,3,3,3,3,full_6d,1249403404,,,nan,,False,,104.30194343626499,0.009430772307308136,0.009430772307308136,0.0008739788969672335,0.0025853588435047585,3.1066500495803835e-12,2.1475182703871822,False,direct_vp,global_exact_spherical_vp,proposed_post_stage1,False,7681cacf617e8317,jones_free,cpu,False,,numpy,numpy.linalg.solve,jones_free,False,,,0.0,0.0,0.0,0.0,True,6,4,nan,nan,"[0.0,0.0,0.0]",,"[1.2534864671674021e-05,2.1300639295780924e-06,0.00010040511057570265]",direct_vp,"[""poor_clock_consistency""]",3098730.653048524,3096560,True,1334031.3121891392,100.04474800326808,9.193246248427005,0.25800495773320675,"[4.998646463455189,4.847687892393548,5.4546350926044385]",236.41093862056732,97.71112740784883,335.5528726801276,nan,nan,nan,nan,False,,nan,,,nan,nan,nan,,,,,,,,0.009430772307308136,0.0008739788969672335,2.1475182703871822,nan,nan,nan,False,not_run,not_requested
fig1_fig2,free_jones_vp_gated_rescue,58,1249403404,-5.0,snr_db,-5.0,3,3,3,3,full_6d,1249403404,,,nan,,False,,103.11568923294544,0.009430772307308136,0.009430772307308136,0.0008739788969672335,0.0025853588435047585,3.1066500495803835e-12,2.1475182703871822,False,direct_vp,global_exact_spherical_vp,proposed_post_stage1,False,7681cacf617e8317,jones_free,cpu,False,,numpy,numpy.linalg.solve,jones_free,False,,,0.0,0.0,0.0,0.0,True,6,4,nan,nan,"[0.0,0.0,0.0]",,"[1.2534864671674021e-05,2.1300639295780924e-06,0.00010040511057570265]",direct_vp,"[""poor_clock_consistency""]",3098730.653048524,3096560,True,1334031.3121891392,100.04474800326808,9.193246248427005,0.25800495773320675,"[4.998646463455189,4.847687892393548,5.4546350926044385]",236.41093862056732,96.89295219630003,334.7346974685788,nan,nan,nan,nan,False,,nan,,,nan,nan,nan,,,,,,,,0.009430772307308136,0.0008739788969672335,2.1475182703871822,nan,nan,nan,False,not_run,not_requested
fig1_fig2,PEB,58,1249403404,-5.0,snr_db,-5.0,3,3,3,3,full_6d,1249403404,,,nan,,False,,4.724326089024544,nan,nan,nan,nan,nan,nan,False,,,peb_only,False,531e49938c5a2063,,,,,,,adaptive_jones,True,fixed_anchor_then_adaptive_jones_score_selection,,nan,nan,nan,nan,True,,,nan,nan,,,,,[],nan,,,nan,nan,nan,nan,,nan,nan,nan,0.0008580154183098144,nan,nan,0.0008580154183098144,False,282ef6b6a0b0bdc03992830ab54a887d3acbc9d2eab301295ecf986d4506a68e,2.1460250277320005,computed_unscaled,cpu,nan,nan,nan,,,,,,,,nan,nan,nan,nan,nan,nan,False,,
fig1_fig2,free_jones_vp,19,3846521747,-5.0,snr_db,-5.0,3,3,3,3,full_6d,3846521747,,,nan,,False,,2447.4975430220366,0.02492538787399051,0.02492538787399051,0.0035819044883400697,0.002969741432308885,1.936904890976745e-12,0.3751937669256609,False,direct_vp,global_exact_spherical_vp,proposed_post_stage1,False,c0d97b11a07efde1,jones_free,cpu,False,,numpy,numpy.linalg.solve,jones_free,False,,,0.0,0.0,0.0,0.0,True,6,4,nan,nan,"[0.0,0.0,0.0]",,"[3.0351538730717827e-05,1.1564572574255651e-07,2.1416417454850564e-05]",direct_vp,"[""poor_clock_consistency""]",3098308.7319240677,3096560,True,2295667.972098041,72.52745498539804,7.408576692919609,0.22297539004539177,"[5.056243082329618,4.896001035125785,5.428308939649151]",149.68627259135246,2286.4118401035666,2437.5084534734488,nan,nan,nan,nan,False,,nan,,,nan,nan,nan,,,,,,,,0.02492538787399051,0.0035819044883400697,0.3751937669256609,nan,nan,nan,False,not_run,not_requested
fig1_fig2,free_jones_vp_gated_rescue,19,3846521747,-5.0,snr_db,-5.0,3,3,3,3,full_6d,3846521747,,,nan,,False,,2415.488335162401,0.02492538787399051,0.02492538787399051,0.0035819044883400697,0.002969741432308885,1.936904890976745e-12,0.3751937669256609,False,direct_vp,global_exact_spherical_vp,proposed_post_stage1,False,c0d97b11a07efde1,jones_free,cpu,False,,numpy,numpy.linalg.solve,jones_free,False,,,0.0,0.0,0.0,0.0,True,6,4,nan,nan,"[0.0,0.0,0.0]",,"[3.0351538730717827e-05,1.1564572574255651e-07,2.1416417454850564e-05]",direct_vp,"[""poor_clock_consistency""]",3098308.7319240677,3096560,True,2295667.972098041,72.52745498539804,7.408576692919609,0.22297539004539177,"[5.056243082329618,4.896001035125785,5.428308939649151]",149.68627259135246,2261.9126832932234,2413.0092966631055,nan,nan,nan,nan,False,,nan,,,nan,nan,nan,,,,,,,,0.02492538787399051,0.0035819044883400697,0.3751937669256609,nan,nan,nan,False,not_run,not_requested
fig1_fig2,PEB,19,3846521747,-5.0,snr_db,-5.0,3,3,3,3,full_6d,3846521747,,,nan,,False,,5.386887677013874,nan,nan,nan,nan,nan,nan,False,,,peb_only,False,80932025d2f765a7,,,,,,,adaptive_jones,True,fixed_anchor_then_adaptive_jones_score_selection,,nan,nan,nan,nan,True,,,nan,nan,,,,,[],nan,,,nan,nan,nan,nan,,nan,nan,nan,0.0007035534536445204,nan,nan,0.0007035534536445204,False,66683f008884b5deaddb95c24fc2a892e518e793d697d2821f0c6f98570400e4,0.3749839394765869,computed_unscaled,cpu,nan,nan,nan,,,,,,,,nan,nan,nan,nan,nan,nan,False,,
fig1_fig2,free_jones_vp,55,3199904066,-5.0,snr_db,-5.0,3,3,3,3,full_6d,3199904066,,,nan,,False,,226.69468144327402,0.001067650604025592,0.001067650604025592,4.206365191455446e-05,0.0009586689026924475,1.0687669709378915e-12,1.2409312088892588,False,direct_vp,global_exact_spherical_vp,proposed_post_stage1,False,0309389e6fc8f4af,jones_free,cpu,False,,numpy,numpy.linalg.solve,jones_free,False,,,0.0,0.0,0.0,0.0,True,6,4,nan,nan,"[0.0,0.0,0.0]",,"[3.076024178822728e-05,8.614927535661256e-06,6.06859994360248e-06]",direct_vp,[],3094499.96152137,3096560,True,2699951.108013219,66.29512615981108,12.219856645338156,0.0405099931224612,"[5.051078699005534,5.011453384182169,4.952480612983098]",226.05832738429308,219.08210480213165,446.6641883701086,nan,nan,nan,nan,False,,nan,,,nan,nan,nan,,,,,,,,0.001067650604025592,4.206365191455446e-05,1.2409312088892588,nan,nan,nan,False,not_run,not_requested
fig1_fig2,free_jones_vp_gated_rescue,55,3199904066,-5.0,snr_db,-5.0,3,3,3,3,full_6d,3199904066,,,nan,,False,,221.99422639608383,0.001067650604025592,0.001067650604025592,4.206365191455446e-05,0.0009586689026924475,1.0687669709378915e-12,1.2409312088892588,False,direct_vp,global_exact_spherical_vp,proposed_post_stage1,False,0309389e6fc8f4af,jones_free,cpu,False,,numpy,numpy.linalg.solve,jones_free,False,,,0.0,0.0,0.0,0.0,True,6,4,nan,nan,"[0.0,0.0,0.0]",,"[3.076024178822728e-05,8.614927535661256e-06,6.06859994360248e-06]",direct_vp,[],3094499.96152137,3096560,True,2699951.108013219,66.29512615981108,12.219856645338156,0.0405099931224612,"[5.051078699005534,5.011453384182169,4.952480612983098]",226.05832738429308,215.6564597710967,443.23854333907366,nan,nan,nan,nan,False,,nan,,,nan,nan,nan,,,,,,,,0.001067650604025592,4.206365191455446e-05,1.2409312088892588,nan,nan,nan,False,not_run,not_requested
fig1_fig2,PEB,55,3199904066,-5.0,snr_db,-5.0,3,3,3,3,full_6d,3199904066,,,nan,,False,,5.538153536617756,nan,nan,nan,nan,nan,nan,False,,,peb_only,False,82b5af871f574caa,,,,,,,adaptive_jones,True,fixed_anchor_then_adaptive_jones_score_selection,,nan,nan,nan,nan,True,,,nan,nan,,,,,[],nan,,,nan,nan,nan,nan,,nan,nan,nan,0.0006108288839819692,nan,nan,0.0006108288839819692,False,ff385e78e5554a838decb9742089f6308b997df2029ddf9a6dfeb38655607425,1.2417637249568048,computed_unscaled,cpu,nan,nan,nan,,,,,,,,nan,nan,nan,nan,nan,nan,False,,
fig1_fig2,free_jones_vp,61,3445288900,-5.0,snr_db,-5.0,3,3,3,3,full_6d,3445288900,,,nan,,False,,105.23024266958237,0.007159016826162886,0.007159016826162886,0.0007539489496442417,0.0057085743627317545,5.138992223749538e-12,1.7937365792502957,False,direct_vp,global_exact_spherical_vp,proposed_post_stage1,False,bc41d8077dda79db,jones_free,cpu,False,,numpy,numpy.linalg.solve,jones_free,False,,,0.0,0.0,0.0,0.0,True,6,4,nan,nan,"[0.0,0.0,0.0]",,"[2.318639610979735e-05,3.3531008940162726e-06,8.539964613009246e-05]",direct_vp,[],3096694.943172103,3096560,True,1792207.7304502819,108.6608401219812,5.822196050805156,0.09943887650293172,"[4.789472378364604,5.008002834049548,4.991902705221363]",225.7140728905797,98.42265583574772,325.4332071393728,nan,nan,nan,nan,False,,nan,,,nan,nan,nan,,,,,,,,0.007159016826162886,0.0007539489496442417,1.7937365792502957,nan,nan,nan,False,not_run,not_requested
fig1_fig2,free_jones_vp_gated_rescue,61,3445288900,-5.0,snr_db,-5.0,3,3,3,3,full_6d,3445288900,,,nan,,False,,102.32014761865139,0.007159016826162886,0.007159016826162886,0.0007539489496442417,0.0057085743627317545,5.138992223749538e-12,1.7937365792502957,False,direct_vp,global_exact_spherical_vp,proposed_post_stage1,False,bc41d8077dda79db,jones_free,cpu,False,,numpy,numpy.linalg.solve,jones_free,False,,,0.0,0.0,0.0,0.0,True,6,4,nan,nan,"[0.0,0.0,0.0]",,"[2.318639610979735e-05,3.3531008940162726e-06,8.539964613009246e-05]",direct_vp,[],3096694.943172103,3096560,True,1792207.7304502819,108.6608401219812,5.822196050805156,0.09943887650293172,"[4.789472378364604,5.008002834049548,4.991902705221363]",225.7140728905797,96.07723467797041,323.0877859815955,nan,nan,nan,nan,False,,nan,,,nan,nan,nan,,,,,,,,0.007159016826162886,0.0007539489496442417,1.7937365792502957,nan,nan,nan,False,not_run,not_requested
fig1_fig2,PEB,61,3445288900,-5.0,snr_db,-5.0,3,3,3,3,full_6d,3445288900,,,nan,,False,,5.499822899699211,nan,nan,nan,nan,nan,nan,False,,,peb_only,False,f26abe9c54017748,,,,,,,adaptive_jones,True,fixed_anchor_then_adaptive_jones_score_selection,,nan,nan,nan,nan,True,,,nan,nan,,,,,[],nan,,,nan,nan,nan,nan,,nan,nan,nan,0.0007820561130717549,nan,nan,0.0007820561130717549,False,ce2b3681cf373b19e71cb19b884bc3b16d08555336684f81783906b12368ba1d,1.7936676823384046,computed_unscaled,cpu,nan,nan,nan,,,,,,,,nan,nan,nan,nan,nan,nan,False,,
fig1_fig2,free_jones_vp,66,437355907,-5.0,snr_db,-5.0,3,3,3,3,full_6d,437355907,,,nan,,False,,106.3797213062644,0.005427753388406625,0.005427753388406625,0.00047095163208776396,0.0037368241165307127,1.2028050656579379e-12,1.8375072949199482,False,direct_vp,global_exact_spherical_vp,proposed_post_stage1,False,ae7ec95b15a2bfd3,jones_free,cpu,False,,numpy,numpy.linalg.solve,jones_free,False,,,0.0,0.0,0.0,0.0,True,6,4,nan,nan,"[0.0,0.0,0.0]",,"[4.590762478443624e-06,3.792343204436895e-06,1.6671919519595737e-05]",direct_vp,[],3098135.1882257955,3096560,True,2615202.9848034983,78.72383627522126,11.558199949297542,0.05254405658249242,"[5.127722404241596,5.018323847098208,5.014304157347413]",227.6407501399517,99.22195887565613,328.2464063987136,nan,nan,nan,nan,False,,nan,,,nan,nan,nan,,,,,,,,0.005427753388406625,0.00047095163208776396,1.8375072949199482,nan,nan,nan,False,not_run,not_requested
fig1_fig2,free_jones_vp_gated_rescue,66,437355907,-5.0,snr_db,-5.0,3,3,3,3,full_6d,437355907,,,nan,,False,,108.89876286685467,0.005427753388406625,0.005427753388406625,0.00047095163208776396,0.0037368241165307127,1.2028050656579379e-12,1.8375072949199482,False,direct_vp,global_exact_spherical_vp,proposed_post_stage1,False,ae7ec95b15a2bfd3,jones_free,cpu,False,,numpy,numpy.linalg.solve,jones_free,False,,,0.0,0.0,0.0,0.0,True,6,4,nan,nan,"[0.0,0.0,0.0]",,"[4.590762478443624e-06,3.792343204436895e-06,1.6671919519595737e-05]",direct_vp,[],3098135.1882257955,3096560,True,2615202.9848034983,78.72383627522126,11.558199949297542,0.05254405658249242,"[5.127722404241596,5.018323847098208,5.014304157347413]",227.6407501399517,101.76025930792093,330.7847068309784,nan,nan,nan,nan,False,,nan,,,nan,nan,nan,,,,,,,,0.005427753388406625,0.00047095163208776396,1.8375072949199482,nan,nan,nan,False,not_run,not_requested
fig1_fig2,PEB,66,437355907,-5.0,snr_db,-5.0,3,3,3,3,full_6d,437355907,,,nan,,False,,6.036456950008869,nan,nan,nan,nan,nan,nan,False,,,peb_only,False,985f773a192850b0,,,,,,,adaptive_jones,True,fixed_anchor_then_adaptive_jones_score_selection,,nan,nan,nan,nan,True,,,nan,nan,,,,,[],nan,,,nan,nan,nan,nan,,nan,nan,nan,0.0006309106135732077,nan,nan,0.0006309106135732077,False,34c19cd95e99da79457cbf3518f1232a26ad19f1e8691866bda8c30a1c520f1f,1.836582538715009,computed_unscaled,cpu,nan,nan,nan,,,,,,,,nan,nan,nan,nan,nan,nan,False,,
fig1_fig2,free_jones_vp,31,3399679668,-5.0,snr_db,-5.0,3,3,3,3,full_6d,3399679668,,,nan,,False,,2314.4344346895814,0.002218427305732264,0.002218427305732264,2.5910151146083514e-05,0.00023148653757650313,6.718025278501221e-13,1.2737680870547237,False,direct_vp,global_exact_spherical_vp,proposed_post_stage1,False,159e3f187c42d417,jones_free,cpu,False,,numpy,numpy.linalg.solve,jones_free,False,,,0.0,0.0,0.0,0.0,True,6,4,nan,nan,"[0.0,0.0,0.0]",,"[1.0738845763191887e-05,1.4393261386649449e-06,3.524467245192439e-06]",jnpp_then_vp,[],3102850.8202390596,3096560,False,1674771.742170869,94.63709427650046,9.414958989263685,0.09361742603141396,"[4.974426712470007,5.126137389624266,4.901362932451136]",224.501278527081,2040.0952481776476,2265.9068057090044,nan,nan,nan,nan,False,,nan,,,nan,nan,nan,,,,,,,,0.002218427305732264,2.5910151146083514e-05,1.2737680870547237,nan,nan,nan,False,not_run,not_requested
fig1_fig2,free_jones_vp_gated_rescue,31,3399679668,-5.0,snr_db,-5.0,3,3,3,3,full_6d,3399679668,,,nan,,False,,2379.728001281619,0.002218427305732264,0.002218427305732264,2.5910151146083514e-05,0.00023148653757650313,6.718025278501221e-13,1.2737680870547237,False,direct_vp_rollback,global_exact_spherical_vp,proposed_post_stage1,False,159e3f187c42d417,jones_free,cpu,False,,numpy,numpy.linalg.solve,jones_free,False,,,0.0,0.0,0.0,0.0,True,6,4,nan,nan,"[0.0,0.0,0.0]",,"[1.0738845763191887e-05,1.4393261386649449e-06,3.524467245192439e-06]",jnpp_then_vp,[],3102850.8202390596,3096560,False,1674771.742170869,94.63709427650046,9.414958989263685,0.09361742603141396,"[4.974426712470007,5.126137389624266,4.901362932451136]",224.501278527081,1965.3870872035623,2191.198644734919,nan,nan,nan,nan,False,,nan,,,nan,nan,nan,,,,,,,,0.002218427305732264,2.5910151146083514e-05,1.2737680870547237,0.0026224354570975345,2.0227641356809845e-05,1.2737682848596308,True,rollback,existing_selector_rollback
fig1_fig2,PEB,31,3399679668,-5.0,snr_db,-5.0,3,3,3,3,full_6d,3399679668,,,nan,,False,,5.2661435306072235,nan,nan,nan,nan,nan,nan,False,,,peb_only,False,84e0d220a2e7d67e,,,,,,,adaptive_jones,True,fixed_anchor_then_adaptive_jones_score_selection,,nan,nan,nan,nan,True,,,nan,nan,,,,,[],nan,,,nan,nan,nan,nan,,nan,nan,nan,0.0007795071799394346,nan,nan,0.0007795071799394346,False,579f4d92d8c766cab7fa417a5175cd99bb36ab4a51df0f587cc9ea2e392b9def,1.271192176630547,computed_unscaled,cpu,nan,nan,nan,,,,,,,,nan,nan,nan,nan,nan,nan,False,,
fig1_fig2,free_jones_vp,67,804537149,-5.0,snr_db,-5.0,3,3,3,3,full_6d,804537149,,,nan,,False,,122.498430095613,0.0032465412481982553,0.0032465412481982553,0.00037709846491838133,0.002773337873911666,4.354356530247769e-12,1.4370930358808107,False,direct_vp,global_exact_spherical_vp,proposed_post_stage1,False,47d651a4bc32c1c0,jones_free,cpu,False,,numpy,numpy.linalg.solve,jones_free,False,,,0.0,0.0,0.0,0.0,True,6,4,nan,nan,"[0.0,0.0,0.0]",,"[8.31148864765965e-06,2.6739701257214613e-06,1.5123865344019206e-05]",direct_vp,"[""poor_clock_consistency""]",3093155.273034791,3096560,True,2567560.9988670954,70.27459247088363,7.668370480379943,0.15155004444717324,"[5.117641843728266,5.202125440851657,4.846833705001116]",228.18656679987907,115.40519495308399,344.99322263896465,nan,nan,nan,nan,False,,nan,,,nan,nan,nan,,,,,,,,0.0032465412481982553,0.00037709846491838133,1.4370930358808107,nan,nan,nan,False,not_run,not_requested
fig1_fig2,free_jones_vp_gated_rescue,67,804537149,-5.0,snr_db,-5.0,3,3,3,3,full_6d,804537149,,,nan,,False,,123.1376170963049,0.0032465412481982553,0.0032465412481982553,0.00037709846491838133,0.002773337873911666,4.354356530247769e-12,1.4370930358808107,False,direct_vp,global_exact_spherical_vp,proposed_post_stage1,False,47d651a4bc32c1c0,jones_free,cpu,False,,numpy,numpy.linalg.solve,jones_free,False,,,0.0,0.0,0.0,0.0,True,6,4,nan,nan,"[0.0,0.0,0.0]",,"[8.31148864765965e-06,2.6739701257214613e-06,1.5123865344019206e-05]",direct_vp,"[""poor_clock_consistency""]",3093155.273034791,3096560,True,2567560.9988670954,70.27459247088363,7.668370480379943,0.15155004444717324,"[5.117641843728266,5.202125440851657,4.846833705001116]",228.18656679987907,116.73014752566814,346.3181752115488,nan,nan,nan,nan,False,,nan,,,nan,nan,nan,,,,,,,,0.0032465412481982553,0.00037709846491838133,1.4370930358808107,nan,nan,nan,False,not_run,not_requested
fig1_fig2,PEB,67,804537149,-5.0,snr_db,-5.0,3,3,3,3,full_6d,804537149,,,nan,,False,,5.841644532978535,nan,nan,nan,nan,nan,nan,False,,,peb_only,False,f28a63559ebb3aa0,,,,,,,adaptive_jones,True,fixed_anchor_then_adaptive_jones_score_selection,,nan,nan,nan,nan,True,,,nan,nan,,,,,[],nan,,,nan,nan,nan,nan,,nan,nan,nan,0.0006298314186978662,nan,nan,0.0006298314186978662,False,b26904abe3f7d46852807fc0a30cd211634c6c8e972ac0e965050f20e27517f2,1.4386823201117729,computed_unscaled,cpu,nan,nan,nan,,,,,,,,nan,nan,nan,nan,nan,nan,False,,
fig1_fig2,free_jones_vp,60,1839575832,-5.0,snr_db,-5.0,3,3,3,3,full_6d,1839575832,,,nan,,False,,326.3439228385687,0.004075593583036635,0.004075593583036635,4.282383268240494e-05,0.0003370644065891719,4.408192855855862e-13,1.773740109503764,False,direct_vp,global_exact_spherical_vp,proposed_post_stage1,False,2a45e99bd36e1b87,jones_free,cpu,False,,numpy,numpy.linalg.solve,jones_free,False,,,0.0,0.0,0.0,0.0,True,6,4,nan,nan,"[0.0,0.0,0.0]",,"[0.00019154838331862236,4.754206439151087e-08,9.836818919941106e-06]",direct_vp,"[""poor_clock_consistency""]",3095685.586787755,3096560,True,1771313.5786933142,95.5503200272802,5.712466964655101,0.1967596784666487,"[5.496623870005124,5.020704424626498,5.324544197021475]",235.1982418075204,317.78192713856697,554.3349407613277,nan,nan,nan,nan,False,,nan,,,nan,nan,nan,,,,,,,,0.004075593583036635,4.282383268240494e-05,1.773740109503764,nan,nan,nan,False,not_run,not_requested
fig1_fig2,free_jones_vp_gated_rescue,60,1839575832,-5.0,snr_db,-5.0,3,3,3,3,full_6d,1839575832,,,nan,,False,,335.64213967323303,0.004075593583036635,0.004075593583036635,4.282383268240494e-05,0.0003370644065891719,4.408192855855862e-13,1.773740109503764,False,direct_vp,global_exact_spherical_vp,proposed_post_stage1,False,2a45e99bd36e1b87,jones_free,cpu,False,,numpy,numpy.linalg.solve,jones_free,False,,,0.0,0.0,0.0,0.0,True,6,4,nan,nan,"[0.0,0.0,0.0]",,"[0.00019154838331862236,4.754206439151087e-08,9.836818919941106e-06]",direct_vp,"[""poor_clock_consistency""]",3095685.586787755,3096560,True,1771313.5786933142,95.5503200272802,5.712466964655101,0.1967596784666487,"[5.496623870005124,5.020704424626498,5.324544197021475]",235.1982418075204,329.40804947912693,565.9610631018877,nan,nan,nan,nan,False,,nan,,,nan,nan,nan,,,,,,,,0.004075593583036635,4.282383268240494e-05,1.773740109503764,nan,nan,nan,False,not_run,not_requested
fig1_fig2,PEB,60,1839575832,-5.0,snr_db,-5.0,3,3,3,3,full_6d,1839575832,,,nan,,False,,6.173319570720196,nan,nan,nan,nan,nan,nan,False,,,peb_only,False,7788bd889cb121c6,,,,,,,adaptive_jones,True,fixed_anchor_then_adaptive_jones_score_selection,,nan,nan,nan,nan,True,,,nan,nan,,,,,[],nan,,,nan,nan,nan,nan,,nan,nan,nan,0.0007686346307651176,nan,nan,0.0007686346307651176,False,42d79a12e13d52ea36763a6478c0ea4b122194dbd7e070b6eef8b19740c115ec,1.7742502910400708,computed_unscaled,cpu,nan,nan,nan,,,,,,,,nan,nan,nan,nan,nan,nan,False,,
fig1_fig2,free_jones_vp,68,217409269,-5.0,snr_db,-5.0,3,3,3,3,full_6d,217409269,,,nan,,False,,334.01251658797264,0.004195913569403455,0.004195913569403455,6.304657678492537e-05,0.0008394363017713893,8.351020020776866e-13,0.5783549359692837,False,direct_vp,global_exact_spherical_vp,proposed_post_stage1,False,b8bf4d6c0c5e153e,jones_free,cpu,False,,numpy,numpy.linalg.solve,jones_free,False,,,0.0,0.0,0.0,0.0,True,6,4,nan,nan,"[0.0,0.0,0.0]",,"[4.4081111568709e-05,1.1079722965733186e-07,5.1091386582843397e-05]",direct_vp,"[""poor_clock_consistency""]",3099257.627187898,3096560,True,1645930.4210710481,93.18663735727282,7.485873486266771,0.10132260239459341,"[4.926587211845394,5.07383881953758,4.827192967933698]",230.1497937142849,325.4698935672641,557.0174861252308,nan,nan,nan,nan,False,,nan,,,nan,nan,nan,,,,,,,,0.004195913569403455,6.304657678492537e-05,0.5783549359692837,nan,nan,nan,False,not_run,not_requested
fig1_fig2,free_jones_vp_gated_rescue,68,217409269,-5.0,snr_db,-5.0,3,3,3,3,full_6d,217409269,,,nan,,False,,331.98129327595234,0.004195913569403455,0.004195913569403455,6.304657678492537e-05,0.0008394363017713893,8.351020020776866e-13,0.5783549359692837,False,direct_vp,global_exact_spherical_vp,proposed_post_stage1,False,b8bf4d6c0c5e153e,jones_free,cpu,False,,numpy,numpy.linalg.solve,jones_free,False,,,0.0,0.0,0.0,0.0,True,6,4,nan,nan,"[0.0,0.0,0.0]",,"[4.4081111568709e-05,1.1079722965733186e-07,5.1091386582843397e-05]",direct_vp,"[""poor_clock_consistency""]",3099257.627187898,3096560,True,1645930.4210710481,93.18663735727282,7.485873486266771,0.10132260239459341,"[4.926587211845394,5.07383881953758,4.827192967933698]",230.1497937142849,325.9498873203993,557.497479878366,nan,nan,nan,nan,False,,nan,,,nan,nan,nan,,,,,,,,0.004195913569403455,6.304657678492537e-05,0.5783549359692837,nan,nan,nan,False,not_run,not_requested
fig1_fig2,PEB,68,217409269,-5.0,snr_db,-5.0,3,3,3,3,full_6d,217409269,,,nan,,False,,5.835941091179848,nan,nan,nan,nan,nan,nan,False,,,peb_only,False,85475f81a3daa134,,,,,,,adaptive_jones,True,fixed_anchor_then_adaptive_jones_score_selection,,nan,nan,nan,nan,True,,,nan,nan,,,,,[],nan,,,nan,nan,nan,nan,,nan,nan,nan,0.0007981064827813772,nan,nan,0.0007981064827813772,False,0b182e454a04b5041a3aee67b1d617d5e470ee5322dc8a1561fe76d42cd56704,0.5778545153824487,computed_unscaled,cpu,nan,nan,nan,,,,,,,,nan,nan,nan,nan,nan,nan,False,,
fig1_fig2,free_jones_vp,41,4278604885,-5.0,snr_db,-5.0,3,3,3,3,full_6d,4278604885,,,nan,,False,,1455.731842122972,0.02609990404742922,0.02609990404742922,0.001885779801092504,0.0008934622082264871,2.098431324487241e-12,0.9014887516409177,False,direct_vp,global_exact_spherical_vp,proposed_post_stage1,False,279b6b5a51d5ef8e,jones_free,cpu,False,,numpy,numpy.linalg.solve,jones_free,False,,,0.0,0.0,0.0,0.0,True,6,4,nan,nan,"[0.0,0.0,0.0]",,"[8.355722602637431e-07,1.5239960921518507e-06,0.0002296344517169538]",direct_vp,"[""poor_clock_consistency""]",3098537.8296010466,3096560,True,1583342.497753897,95.33150660557843,4.518228721517183,0.3258352689755055,"[4.9217406646169035,4.947486458738652,4.243772286961718]",241.63386914134026,1261.3503805845976,1504.4252061769366,nan,nan,nan,nan,False,,nan,,,nan,nan,nan,,,,,,,,0.02609990404742922,0.001885779801092504,0.9014887516409177,nan,nan,nan,False,not_run,not_requested
fig1_fig2,free_jones_vp_gated_rescue,41,4278604885,-5.0,snr_db,-5.0,3,3,3,3,full_6d,4278604885,,,nan,,False,,1455.2814305499196,0.02609990404742922,0.02609990404742922,0.001885779801092504,0.0008934622082264871,2.098431324487241e-12,0.9014887516409177,False,direct_vp,global_exact_spherical_vp,proposed_post_stage1,False,279b6b5a51d5ef8e,jones_free,cpu,False,,numpy,numpy.linalg.solve,jones_free,False,,,0.0,0.0,0.0,0.0,True,6,4,nan,nan,"[0.0,0.0,0.0]",,"[8.355722602637431e-07,1.5239960921518507e-06,0.0002296344517169538]",direct_vp,"[""poor_clock_consistency""]",3098537.8296010466,3096560,True,1583342.497753897,95.33150660557843,4.518228721517183,0.3258352689755055,"[4.9217406646169035,4.947486458738652,4.243772286961718]",241.63386914134026,1269.313230380416,1512.388055972755,nan,nan,nan,nan,False,,nan,,,nan,nan,nan,,,,,,,,0.02609990404742922,0.001885779801092504,0.9014887516409177,nan,nan,nan,False,not_run,not_requested
fig1_fig2,PEB,41,4278604885,-5.0,snr_db,-5.0,3,3,3,3,full_6d,4278604885,,,nan,,False,,5.898050934076309,nan,nan,nan,nan,nan,nan,False,,,peb_only,False,145e7229e08e2455,,,,,,,adaptive_jones,True,fixed_anchor_then_adaptive_jones_score_selection,,nan,nan,nan,nan,True,,,nan,nan,,,,,[],nan,,,nan,nan,nan,nan,,nan,nan,nan,0.0008620604387780249,nan,nan,0.0008620604387780249,False,3ffbd47003275298d380fa4fdbe537af868b54f1a66ff07176dee6a601458b33,0.900917976838337,computed_unscaled,cpu,nan,nan,nan,,,,,,,,nan,nan,nan,nan,nan,nan,False,,
fig1_fig2,free_jones_vp,35,714029656,-5.0,snr_db,-5.0,3,3,3,3,full_6d,714029656,,,nan,,False,,2572.771579325199,0.00036654498849852273,0.00036654498849852273,2.1953215031418742e-05,0.0002761535655757007,4.2302663043814955e-12,0.6076325673842126,False,direct_vp,global_exact_spherical_vp,proposed_post_stage1,False,de65d37050d4de0e,jones_free,cpu,False,,numpy,numpy.linalg.solve,jones_free,False,,,0.0,0.0,0.0,0.0,True,6,4,nan,nan,"[0.0,0.0,0.0]",,"[5.000593278184897e-05,9.806177892619884e-07,6.348230142801354e-06]",direct_vp,[],3096782.5691882656,3096560,True,2358362.3197832797,80.7192135561298,6.094678855612624,0.08804119885591127,"[5.040715911144978,5.045202430131359,4.85623600525027]",226.32351800054312,2565.2944900393486,2792.9313280433416,nan,nan,nan,nan,False,,nan,,,nan,nan,nan,,,,,,,,0.00036654498849852273,2.1953215031418742e-05,0.6076325673842126,nan,nan,nan,False,not_run,not_requested
fig1_fig2,free_jones_vp_gated_rescue,35,714029656,-5.0,snr_db,-5.0,3,3,3,3,full_6d,714029656,,,nan,,False,,2497.2645251750946,0.00036654498849852273,0.00036654498849852273,2.1953215031418742e-05,0.0002761535655757007,4.2302663043814955e-12,0.6076325673842126,False,direct_vp,global_exact_spherical_vp,proposed_post_stage1,False,de65d37050d4de0e,jones_free,cpu,False,,numpy,numpy.linalg.solve,jones_free,False,,,0.0,0.0,0.0,0.0,True,6,4,nan,nan,"[0.0,0.0,0.0]",,"[5.000593278184897e-05,9.806177892619884e-07,6.348230142801354e-06]",direct_vp,[],3096782.5691882656,3096560,True,2358362.3197832797,80.7192135561298,6.094678855612624,0.08804119885591127,"[5.040715911144978,5.045202430131359,4.85623600525027]",226.32351800054312,2490.8602391183376,2718.4970771223307,nan,nan,nan,nan,False,,nan,,,nan,nan,nan,,,,,,,,0.00036654498849852273,2.1953215031418742e-05,0.6076325673842126,nan,nan,nan,False,not_run,not_requested
fig1_fig2,PEB,35,714029656,-5.0,snr_db,-5.0,3,3,3,3,full_6d,714029656,,,nan,,False,,5.727036654949188,nan,nan,nan,nan,nan,nan,False,,,peb_only,False,59e81e960310ea76,,,,,,,adaptive_jones,True,fixed_anchor_then_adaptive_jones_score_selection,,nan,nan,nan,nan,True,,,nan,nan,,,,,[],nan,,,nan,nan,nan,nan,,nan,nan,nan,0.0006810539706044853,nan,nan,0.0006810539706044853,False,5d8c0ccf801b5347ce0be3d5af96b3f2d9a4ebabf39c0be2596e7a64087c3f22,0.6075920355859982,computed_unscaled,cpu,nan,nan,nan,,,,,,,,nan,nan,nan,nan,nan,nan,False,,
fig1_fig2,free_jones_vp,44,2937526438,-5.0,snr_db,-5.0,3,3,3,3,full_6d,2937526438,,,nan,,False,,1309.4659110233188,0.019715183871875538,0.019715183871875538,0.0012454722562897352,0.002658389162074458,2.1625225009270693e-12,1.0021477855569012,False,direct_vp,global_exact_spherical_vp,proposed_post_stage1,False,5e71fcfb0f410dc1,jones_free,cpu,False,,numpy,numpy.linalg.solve,jones_free,False,,,0.0,0.0,0.0,0.0,True,6,4,nan,nan,"[0.0,0.0,0.0]",,"[4.801205294894377e-05,2.2683884912401195e-06,7.026695108683652e-06]",direct_vp,[],3099792.453200813,3096560,True,2786213.2725977465,69.90800517303293,8.637463761856386,0.05956945728219902,"[5.135424257782419,5.009345845291589,5.1359972870886255]",242.58457204699516,1302.8182229176164,1546.7802371680737,nan,nan,nan,nan,False,,nan,,,nan,nan,nan,,,,,,,,0.019715183871875538,0.0012454722562897352,1.0021477855569012,nan,nan,nan,False,not_run,not_requested
fig1_fig2,free_jones_vp_gated_rescue,44,2937526438,-5.0,snr_db,-5.0,3,3,3,3,full_6d,2937526438,,,nan,,False,,1322.3557668551803,0.019715183871875538,0.019715183871875538,0.0012454722562897352,0.002658389162074458,2.1625225009270693e-12,1.0021477855569012,False,direct_vp,global_exact_spherical_vp,proposed_post_stage1,False,5e71fcfb0f410dc1,jones_free,cpu,False,,numpy,numpy.linalg.solve,jones_free,False,,,0.0,0.0,0.0,0.0,True,6,4,nan,nan,"[0.0,0.0,0.0]",,"[4.801205294894377e-05,2.2683884912401195e-06,7.026695108683652e-06]",direct_vp,[],3099792.453200813,3096560,True,2786213.2725977465,69.90800517303293,8.637463761856386,0.05956945728219902,"[5.135424257782419,5.009345845291589,5.1359972870886255]",242.58457204699516,1316.0188658833504,1559.9808801338077,nan,nan,nan,nan,False,,nan,,,nan,nan,nan,,,,,,,,0.019715183871875538,0.0012454722562897352,1.0021477855569012,nan,nan,nan,False,not_run,not_requested
fig1_fig2,PEB,44,2937526438,-5.0,snr_db,-5.0,3,3,3,3,full_6d,2937526438,,,nan,,False,,5.657108828425407,nan,nan,nan,nan,nan,nan,False,,,peb_only,False,d4edafb897e11476,,,,,,,adaptive_jones,True,fixed_anchor_then_adaptive_jones_score_selection,,nan,nan,nan,nan,True,,,nan,nan,,,,,[],nan,,,nan,nan,nan,nan,,nan,nan,nan,0.0006170968120405389,nan,nan,0.0006170968120405389,False,a69e9e58b307bf283137f27fcdcb11ba27c21f96108559d9bf8b0d1b3c2cba08,1.0011079219204781,computed_unscaled,cpu,nan,nan,nan,,,,,,,,nan,nan,nan,nan,nan,nan,False,,
fig1_fig2,free_jones_vp,37,1911328645,-5.0,snr_db,-5.0,3,3,3,3,full_6d,1911328645,,,nan,,False,,2433.145864740014,0.018318993425730172,0.018318993425730172,0.0006687284084331551,0.0016834220238500699,1.8320797153020766e-12,0.7225318745119196,False,direct_vp,global_exact_spherical_vp,proposed_post_stage1,False,2f04e0bb5aee77ec,jones_free,cpu,False,,numpy,numpy.linalg.solve,jones_free,False,,,0.0,0.0,0.0,0.0,True,6,4,nan,nan,"[0.0,0.0,0.0]",,"[4.600964298350969e-05,1.5097678767215214e-06,2.0202619045574585e-05]",direct_vp,"[""poor_clock_consistency""]",3094755.2985514207,3096560,True,1926527.0867535947,78.33715089468498,7.443200814299848,0.25610620176404403,"[5.150238043706327,5.04270545948143,4.5612294726991145]",245.6208379790187,2426.3285681009293,2673.4206551983953,nan,nan,nan,nan,False,,nan,,,nan,nan,nan,,,,,,,,0.018318993425730172,0.0006687284084331551,0.7225318745119196,nan,nan,nan,False,not_run,not_requested
fig1_fig2,free_jones_vp_gated_rescue,37,1911328645,-5.0,snr_db,-5.0,3,3,3,3,full_6d,1911328645,,,nan,,False,,2365.695473857224,0.018318993425730172,0.018318993425730172,0.0006687284084331551,0.0016834220238500699,1.8320797153020766e-12,0.7225318745119196,False,direct_vp,global_exact_spherical_vp,proposed_post_stage1,False,2f04e0bb5aee77ec,jones_free,cpu,False,,numpy,numpy.linalg.solve,jones_free,False,,,0.0,0.0,0.0,0.0,True,6,4,nan,nan,"[0.0,0.0,0.0]",,"[4.600964298350969e-05,1.5097678767215214e-06,2.0202619045574585e-05]",direct_vp,"[""poor_clock_consistency""]",3094755.2985514207,3096560,True,1926527.0867535947,78.33715089468498,7.443200814299848,0.25610620176404403,"[5.150238043706327,5.04270545948143,4.5612294726991145]",245.6208379790187,2359.2843334525824,2606.3764205500484,nan,nan,nan,nan,False,,nan,,,nan,nan,nan,,,,,,,,0.018318993425730172,0.0006687284084331551,0.7225318745119196,nan,nan,nan,False,not_run,not_requested
fig1_fig2,PEB,37,1911328645,-5.0,snr_db,-5.0,3,3,3,3,full_6d,1911328645,,,nan,,False,,5.698156639933586,nan,nan,nan,nan,nan,nan,False,,,peb_only,False,a25ae95058822e25,,,,,,,adaptive_jones,True,fixed_anchor_then_adaptive_jones_score_selection,,nan,nan,nan,nan,True,,,nan,nan,,,,,[],nan,,,nan,nan,nan,nan,,nan,nan,nan,0.0007669004603673736,nan,nan,0.0007669004603673736,False,89cd20fcd9a64ac709c19d36df44d0df4be8c42c9af5aab07d8f4fd5c690dd17,0.7229569532996301,computed_unscaled,cpu,nan,nan,nan,,,,,,,,nan,nan,nan,nan,nan,nan,False,,
fig1_fig2,free_jones_vp,39,1925729663,-5.0,snr_db,-5.0,3,3,3,3,full_6d,1925729663,,,nan,,False,,1685.9342851564288,0.015562603620306424,0.015562603620306424,0.001005944617982167,0.0017898652063271755,2.15486600970953e-12,0.2809244842051643,False,direct_vp,global_exact_spherical_vp,proposed_post_stage1,False,60fe690a5dc8b77d,jones_free,cpu,False,,numpy,numpy.linalg.solve,jones_free,False,,,0.0,0.0,0.0,0.0,True,6,4,nan,nan,"[0.0,0.0,0.0]",,"[4.1359061027095305e-05,5.77916168460905e-05,2.8827371569012477e-05]",direct_vp,"[""poor_clock_consistency""]",3096937.6217805166,3096560,True,2627254.823775415,89.45371696442558,6.921450639362417,0.21501650330521682,"[4.915363736922603,5.413562126242496,5.016499392896464]",235.8781270980835,1570.3176900595427,1807.697732590139,nan,nan,nan,nan,False,,nan,,,nan,nan,nan,,,,,,,,0.015562603620306424,0.001005944617982167,0.2809244842051643,nan,nan,nan,False,not_run,not_requested
fig1_fig2,free_jones_vp_gated_rescue,39,1925729663,-5.0,snr_db,-5.0,3,3,3,3,full_6d,1925729663,,,nan,,False,,1670.541981689632,0.015562603620306424,0.015562603620306424,0.001005944617982167,0.0017898652063271755,2.15486600970953e-12,0.2809244842051643,False,direct_vp,global_exact_spherical_vp,proposed_post_stage1,False,60fe690a5dc8b77d,jones_free,cpu,False,,numpy,numpy.linalg.solve,jones_free,False,,,0.0,0.0,0.0,0.0,True,6,4,nan,nan,"[0.0,0.0,0.0]",,"[4.1359061027095305e-05,5.77916168460905e-05,2.8827371569012477e-05]",direct_vp,"[""poor_clock_consistency""]",3096937.6217805166,3096560,True,2627254.823775415,89.45371696442558,6.921450639362417,0.21501650330521682,"[4.915363736922603,5.413562126242496,5.016499392896464]",235.8781270980835,1560.9143092110753,1798.2943517416716,nan,nan,nan,nan,False,,nan,,,nan,nan,nan,,,,,,,,0.015562603620306424,0.001005944617982167,0.2809244842051643,nan,nan,nan,False,not_run,not_requested
fig1_fig2,PEB,39,1925729663,-5.0,snr_db,-5.0,3,3,3,3,full_6d,1925729663,,,nan,,False,,5.436345279216766,nan,nan,nan,nan,nan,nan,False,,,peb_only,False,e52b819c4f32280b,,,,,,,adaptive_jones,True,fixed_anchor_then_adaptive_jones_score_selection,,nan,nan,nan,nan,True,,,nan,nan,,,,,[],nan,,,nan,nan,nan,nan,,nan,nan,nan,0.0005801159563383586,nan,nan,0.0005801159563383586,False,96864a0d945e4bbb9c67c4c5c4b209be5179ce0b5fab7e2f47325b1eaa6bc2cc,0.28089168134486303,computed_unscaled,cpu,nan,nan,nan,,,,,,,,nan,nan,nan,nan,nan,nan,False,,
fig1_fig2,free_jones_vp,75,3035140021,-5.0,snr_db,-5.0,3,3,3,3,full_6d,3035140021,,,nan,,False,,112.82359158247709,0.00898769889813005,0.00898769889813005,0.001515759400847081,0.007313669727477742,9.595902082969984e-12,1.0481617204282938,False,direct_vp,global_exact_spherical_vp,proposed_post_stage1,False,1f3c37cd82c21622,jones_free,cpu,False,,numpy,numpy.linalg.solve,jones_free,False,,,0.0,0.0,0.0,0.0,True,6,4,nan,nan,"[0.0,0.0,0.0]",,"[3.4603109743341436e-07,1.6381237515887635e-05,0.00031929638195340375]",direct_vp,[],3093783.866800347,3096560,True,1313214.703638355,140.82516439541394,6.4979649324945346,0.0862561167217007,"[4.948546297396287,4.880407980796849,5.087677620856379]",234.31194334477186,105.54601049423218,341.27046044170856,nan,nan,nan,nan,False,,nan,,,nan,nan,nan,,,,,,,,0.00898769889813005,0.001515759400847081,1.0481617204282938,nan,nan,nan,False,not_run,not_requested
fig1_fig2,free_jones_vp_gated_rescue,75,3035140021,-5.0,snr_db,-5.0,3,3,3,3,full_6d,3035140021,,,nan,,False,,115.59011656790972,0.00898769889813005,0.00898769889813005,0.001515759400847081,0.007313669727477742,9.595902082969984e-12,1.0481617204282938,False,direct_vp,global_exact_spherical_vp,proposed_post_stage1,False,1f3c37cd82c21622,jones_free,cpu,False,,numpy,numpy.linalg.solve,jones_free,False,,,0.0,0.0,0.0,0.0,True,6,4,nan,nan,"[0.0,0.0,0.0]",,"[3.4603109743341436e-07,1.6381237515887635e-05,0.00031929638195340375]",direct_vp,[],3093783.866800347,3096560,True,1313214.703638355,140.82516439541394,6.4979649324945346,0.0862561167217007,"[4.948546297396287,4.880407980796849,5.087677620856379]",234.31194334477186,109.00655738264322,344.7310073301196,nan,nan,nan,nan,False,,nan,,,nan,nan,nan,,,,,,,,0.00898769889813005,0.001515759400847081,1.0481617204282938,nan,nan,nan,False,not_run,not_requested
fig1_fig2,PEB,75,3035140021,-5.0,snr_db,-5.0,3,3,3,3,full_6d,3035140021,,,nan,,False,,5.828363761305809,nan,nan,nan,nan,nan,nan,False,,,peb_only,False,afbc3d33f89f9ec7,,,,,,,adaptive_jones,True,fixed_anchor_then_adaptive_jones_score_selection,,nan,nan,nan,nan,True,,,nan,nan,,,,,[],nan,,,nan,nan,nan,nan,,nan,nan,nan,0.000894076795183942,nan,nan,0.000894076795183942,False,2f212a9fc87faf916a5915468a1ea2df60203d744fc985d035cf071254d1c26c,1.0491076840974496,computed_unscaled,cpu,nan,nan,nan,,,,,,,,nan,nan,nan,nan,nan,nan,False,,
fig1_fig2,free_jones_vp,78,3639033133,-5.0,snr_db,-5.0,3,3,3,3,full_6d,3639033133,,,nan,,False,,173.20949655026197,0.005484760060438769,0.005484760060438769,0.0014268936575407081,0.004756575294171191,2.2905793208509644e-12,0.5440027111773101,False,direct_vp,global_exact_spherical_vp,proposed_post_stage1,False,a92e523edc499e16,jones_free,cpu,False,,numpy,numpy.linalg.solve,jones_free,False,,,0.0,0.0,0.0,0.0,True,6,4,nan,nan,"[0.0,0.0,0.0]",,"[1.5399039314065403e-05,1.1619199696546673e-06,6.445778322800635e-05]",direct_vp,[],3099533.204906603,3096560,True,1625788.1728947733,94.52675653108096,8.312217688052588,0.041547809876322214,"[4.896412387042678,4.955944308206163,4.997662297198951]",230.7187733054161,165.80543226003647,397.8745130524039,nan,nan,nan,nan,False,,nan,,,nan,nan,nan,,,,,,,,0.005484760060438769,0.0014268936575407081,0.5440027111773101,nan,nan,nan,False,not_run,not_requested
fig1_fig2,free_jones_vp_gated_rescue,78,3639033133,-5.0,snr_db,-5.0,3,3,3,3,full_6d,3639033133,,,nan,,False,,170.08798468858004,0.005484760060438769,0.005484760060438769,0.0014268936575407081,0.004756575294171191,2.2905793208509644e-12,0.5440027111773101,False,direct_vp,global_exact_spherical_vp,proposed_post_stage1,False,a92e523edc499e16,jones_free,cpu,False,,numpy,numpy.linalg.solve,jones_free,False,,,0.0,0.0,0.0,0.0,True,6,4,nan,nan,"[0.0,0.0,0.0]",,"[1.5399039314065403e-05,1.1619199696546673e-06,6.445778322800635e-05]",direct_vp,[],3099533.204906603,3096560,True,1625788.1728947733,94.52675653108096,8.312217688052588,0.041547809876322214,"[4.896412387042678,4.955944308206163,4.997662297198951]",230.7187733054161,163.38925202935934,395.4583328217268,nan,nan,nan,nan,False,,nan,,,nan,nan,nan,,,,,,,,0.005484760060438769,0.0014268936575407081,0.5440027111773101,nan,nan,nan,False,not_run,not_requested
fig1_fig2,PEB,78,3639033133,-5.0,snr_db,-5.0,3,3,3,3,full_6d,3639033133,,,nan,,False,,5.864185683429241,nan,nan,nan,nan,nan,nan,False,,,peb_only,False,95deff1fb9efe393,,,,,,,adaptive_jones,True,fixed_anchor_then_adaptive_jones_score_selection,,nan,nan,nan,nan,True,,,nan,nan,,,,,[],nan,,,nan,nan,nan,nan,,nan,nan,nan,0.0007870682272863532,nan,nan,0.0007870682272863532,False,775d9f1d6241dae7442a88dca0b3fa5d7751717fd8d49705eaa3b8cfda4ebb75,0.54348368867284,computed_unscaled,cpu,nan,nan,nan,,,,,,,,nan,nan,nan,nan,nan,nan,False,,
fig1_fig2,free_jones_vp,54,1185050677,-5.0,snr_db,-5.0,3,3,3,3,full_6d,1185050677,,,nan,,False,,1124.0009206011891,0.028751915384208022,0.028751915384208022,0.004606333521253588,0.015491477491068816,7.800433484340152e-12,0.8731259055549063,False,direct_vp,global_exact_spherical_vp,proposed_post_stage1,False,dbe62236d9fef645,jones_free,cpu,False,,numpy,numpy.linalg.solve,jones_free,False,,,0.0,0.0,0.0,0.0,True,6,4,nan,nan,"[0.0,0.0,0.0]",,"[6.756642158390621e-07,4.561409462280906e-06,9.412215294026224e-06]",direct_vp,[],3099337.6099915993,3096560,True,2430579.6588715427,87.26826739716672,5.810426957722558,0.09727231047895883,"[4.87955738983574,4.645400952179165,4.800645029632727]",235.84990610927343,1117.3700278922915,1354.650823570788,nan,nan,nan,nan,False,,nan,,,nan,nan,nan,,,,,,,,0.028751915384208022,0.004606333521253588,0.8731259055549063,nan,nan,nan,False,not_run,not_requested
fig1_fig2,free_jones_vp_gated_rescue,54,1185050677,-5.0,snr_db,-5.0,3,3,3,3,full_6d,1185050677,,,nan,,False,,1143.2615461349487,0.028751915384208022,0.028751915384208022,0.004606333521253588,0.015491477491068816,7.800433484340152e-12,0.8731259055549063,False,direct_vp,global_exact_spherical_vp,proposed_post_stage1,False,dbe62236d9fef645,jones_free,cpu,False,,numpy,numpy.linalg.solve,jones_free,False,,,0.0,0.0,0.0,0.0,True,6,4,nan,nan,"[0.0,0.0,0.0]",,"[6.756642158390621e-07,4.561409462280906e-06,9.412215294026224e-06]",direct_vp,[],3099337.6099915993,3096560,True,2430579.6588715427,87.26826739716672,5.810426957722558,0.09727231047895883,"[4.87955738983574,4.645400952179165,4.800645029632727]",235.84990610927343,1136.8604486957192,1374.1412443742156,nan,nan,nan,nan,False,,nan,,,nan,nan,nan,,,,,,,,0.028751915384208022,0.004606333521253588,0.8731259055549063,nan,nan,nan,False,not_run,not_requested
fig1_fig2,PEB,54,1185050677,-5.0,snr_db,-5.0,3,3,3,3,full_6d,1185050677,,,nan,,False,,5.658064670860767,nan,nan,nan,nan,nan,nan,False,,,peb_only,False,388a4c6b0d3f78f4,,,,,,,adaptive_jones,True,fixed_anchor_then_adaptive_jones_score_selection,,nan,nan,nan,nan,True,,,nan,nan,,,,,[],nan,,,nan,nan,nan,nan,,nan,nan,nan,0.0005998328365907712,nan,nan,0.0005998328365907712,False,115a7d3f95ba8b9ea29c0754c333293a0d2bf13a03dc583bd9fdf4cc7c014143,0.8723479221506681,computed_unscaled,cpu,nan,nan,nan,,,,,,,,nan,nan,nan,nan,nan,nan,False,,
fig1_fig2,free_jones_vp,79,2511075941,-5.0,snr_db,-5.0,3,3,3,3,full_6d,2511075941,,,nan,,False,,242.99300258606672,0.01191344448320397,0.01191344448320397,0.002947981347485326,0.009528216786505032,9.92804263960415e-12,1.2704748618546808,False,direct_vp,global_exact_spherical_vp,proposed_post_stage1,False,bc1e61c6d9277562,jones_free,cpu,False,,numpy,numpy.linalg.solve,jones_free,False,,,0.0,0.0,0.0,0.0,True,6,4,nan,nan,"[0.0,0.0,0.0]",,"[2.0412043179659648e-06,4.872677297418315e-06,2.893923728395967e-05]",direct_vp,[],3097880.678974731,3096560,True,1549860.4822938861,91.29706921043532,7.425273041320401,0.05700173020859287,"[5.192029048039845,5.088687255816414,5.221670777611453]",224.8478052392602,234.5012685507536,460.6468514204025,nan,nan,nan,nan,False,,nan,,,nan,nan,nan,,,,,,,,0.01191344448320397,0.002947981347485326,1.2704748618546808,nan,nan,nan,False,not_run,not_requested
fig1_fig2,free_jones_vp_gated_rescue,79,2511075941,-5.0,snr_db,-5.0,3,3,3,3,full_6d,2511075941,,,nan,,False,,235.30415967851877,0.01191344448320397,0.01191344448320397,0.002947981347485326,0.009528216786505032,9.92804263960415e-12,1.2704748618546808,False,direct_vp,global_exact_spherical_vp,proposed_post_stage1,False,bc1e61c6d9277562,jones_free,cpu,False,,numpy,numpy.linalg.solve,jones_free,False,,,0.0,0.0,0.0,0.0,True,6,4,nan,nan,"[0.0,0.0,0.0]",,"[2.0412043179659648e-06,4.872677297418315e-06,2.893923728395967e-05]",direct_vp,[],3097880.678974731,3096560,True,1549860.4822938861,91.29706921043532,7.425273041320401,0.05700173020859287,"[5.192029048039845,5.088687255816414,5.221670777611453]",224.8478052392602,228.72888278961182,454.87446565926075,nan,nan,nan,nan,False,,nan,,,nan,nan,nan,,,,,,,,0.01191344448320397,0.002947981347485326,1.2704748618546808,nan,nan,nan,False,not_run,not_requested
fig1_fig2,PEB,79,2511075941,-5.0,snr_db,-5.0,3,3,3,3,full_6d,2511075941,,,nan,,False,,5.532412216067314,nan,nan,nan,nan,nan,nan,False,,,peb_only,False,eac07de465eb7672,,,,,,,adaptive_jones,True,fixed_anchor_then_adaptive_jones_score_selection,,nan,nan,nan,nan,True,,,nan,nan,,,,,[],nan,,,nan,nan,nan,nan,,nan,nan,nan,0.000825380417721757,nan,nan,0.000825380417721757,False,d1d2709e7ef7e78043678a9bd3afef4c60705c0eab0a43aa5b03783626c11549,1.2699397986899064,computed_unscaled,cpu,nan,nan,nan,,,,,,,,nan,nan,nan,nan,nan,nan,False,,
fig1_fig2,free_jones_vp,77,4292676672,-5.0,snr_db,-5.0,3,3,3,3,full_6d,4292676672,,,nan,,False,,312.7513255402446,0.013419903756647984,0.013419903756647984,0.001517332625062608,0.008346378873048016,5.584774979199508e-12,2.7600294003258043,False,direct_vp,global_exact_spherical_vp,proposed_post_stage1,False,cba43f9359321068,jones_free,cpu,False,,numpy,numpy.linalg.solve,jones_free,False,,,0.0,0.0,0.0,0.0,True,6,4,nan,nan,"[0.0,0.0,0.0]",,"[1.1871465778632148e-06,0.0002733351426418879,3.8536918241190675e-06]",direct_vp,"[""poor_clock_consistency""]",3095231.9626754387,3096560,True,2116421.669113352,90.71142870806264,1.5848899440139463,1.2495411613602634,"[5.00416128758557,7.636707907256818,4.968264957862563]",230.677351847291,304.5002252906561,536.6142418608069,nan,nan,nan,nan,False,,nan,,,nan,nan,nan,,,,,,,,0.013419903756647984,0.001517332625062608,2.7600294003258043,nan,nan,nan,False,not_run,not_requested
fig1_fig2,free_jones_vp_gated_rescue,77,4292676672,-5.0,snr_db,-5.0,3,3,3,3,full_6d,4292676672,,,nan,,False,,305.8245190009475,0.013419903756647984,0.013419903756647984,0.001517332625062608,0.008346378873048016,5.584774979199508e-12,2.7600294003258043,False,direct_vp,global_exact_spherical_vp,proposed_post_stage1,False,cba43f9359321068,jones_free,cpu,False,,numpy,numpy.linalg.solve,jones_free,False,,,0.0,0.0,0.0,0.0,True,6,4,nan,nan,"[0.0,0.0,0.0]",,"[1.1871465778632148e-06,0.0002733351426418879,3.8536918241190675e-06]",direct_vp,"[""poor_clock_consistency""]",3095231.9626754387,3096560,True,2116421.669113352,90.71142870806264,1.5848899440139463,1.2495411613602634,"[5.00416128758557,7.636707907256818,4.968264957862563]",230.677351847291,299.33999302983284,531.4540095999837,nan,nan,nan,nan,False,,nan,,,nan,nan,nan,,,,,,,,0.013419903756647984,0.001517332625062608,2.7600294003258043,nan,nan,nan,False,not_run,not_requested
fig1_fig2,PEB,77,4292676672,-5.0,snr_db,-5.0,3,3,3,3,full_6d,4292676672,,,nan,,False,,5.752071715891361,nan,nan,nan,nan,nan,nan,False,,,peb_only,False,1072e08451632913,,,,,,,adaptive_jones,True,fixed_anchor_then_adaptive_jones_score_selection,,nan,nan,nan,nan,True,,,nan,nan,,,,,[],nan,,,nan,nan,nan,nan,,nan,nan,nan,0.000704140329796291,nan,nan,0.000704140329796291,False,f60a4ab9705635604ca71e7bb7f90055bd716281a75d4d93b7beab9eb08c99af,2.761227883210337,computed_unscaled,cpu,nan,nan,nan,,,,,,,,nan,nan,nan,nan,nan,nan,False,,
fig1_fig2,free_jones_vp,81,3893654042,-5.0,snr_db,-5.0,3,3,3,3,full_6d,3893654042,,,nan,,False,,107.57454839348793,0.015460724399554582,0.015460724399554582,0.0006428943215210442,0.01376410628026851,8.980491445424659e-12,2.127480303882409,False,direct_vp,global_exact_spherical_vp,proposed_post_stage1,False,fee3c5b2be45e291,jones_free,cpu,False,,numpy,numpy.linalg.solve,jones_free,False,,,0.0,0.0,0.0,0.0,True,6,4,nan,nan,"[0.0,0.0,0.0]",,"[0.0004706802859432459,2.5448271488240784e-05,4.5536759880667476e-05]",direct_vp,"[""poor_clock_consistency""]",3094213.7806699043,3096560,True,1086862.0489954236,217.11682926743077,3.3968070370197023,0.2768740973193496,"[4.6503848620127695,5.328397933545508,4.975592772054911]",231.27718350291252,99.65692226588726,332.44033167511225,nan,nan,nan,nan,False,,nan,,,nan,nan,nan,,,,,,,,0.015460724399554582,0.0006428943215210442,2.127480303882409,nan,nan,nan,False,not_run,not_requested
fig1_fig2,free_jones_vp_gated_rescue,81,3893654042,-5.0,snr_db,-5.0,3,3,3,3,full_6d,3893654042,,,nan,,False,,108.0895784124732,0.015460724399554582,0.015460724399554582,0.0006428943215210442,0.01376410628026851,8.980491445424659e-12,2.127480303882409,False,direct_vp,global_exact_spherical_vp,proposed_post_stage1,False,fee3c5b2be45e291,jones_free,cpu,False,,numpy,numpy.linalg.solve,jones_free,False,,,0.0,0.0,0.0,0.0,True,6,4,nan,nan,"[0.0,0.0,0.0]",,"[0.0004706802859432459,2.5448271488240784e-05,4.5536759880667476e-05]",direct_vp,"[""poor_clock_consistency""]",3094213.7806699043,3096560,True,1086862.0489954236,217.11682926743077,3.3968070370197023,0.2768740973193496,"[4.6503848620127695,5.328397933545508,4.975592772054911]",231.27718350291252,101.50655126571655,334.28996067494154,nan,nan,nan,nan,False,,nan,,,nan,nan,nan,,,,,,,,0.015460724399554582,0.0006428943215210442,2.127480303882409,nan,nan,nan,False,not_run,not_requested
fig1_fig2,PEB,81,3893654042,-5.0,snr_db,-5.0,3,3,3,3,full_6d,3893654042,,,nan,,False,,5.796855539083481,nan,nan,nan,nan,nan,nan,False,,,peb_only,False,593c43b6720741db,,,,,,,adaptive_jones,True,fixed_anchor_then_adaptive_jones_score_selection,,nan,nan,nan,nan,True,,,nan,nan,,,,,[],nan,,,nan,nan,nan,nan,,nan,nan,nan,0.0007728577101698518,nan,nan,0.0007728577101698518,False,7fdbdc32913dce5e44795d5b9a7446df6f3ff25cfdfe20eb33bdaf98d154febf,2.1291044887172204,computed_unscaled,cpu,nan,nan,nan,,,,,,,,nan,nan,nan,nan,nan,nan,False,,
fig1_fig2,free_jones_vp,25,3407116044,-5.0,snr_db,-5.0,3,3,3,3,full_6d,3407116044,,,nan,,False,,3454.02725533396,0.0028848035823012437,0.0028848035823012437,3.693426787732402e-05,0.0001580821032792599,1.1921493794050796e-12,0.6468104700937876,False,direct_vp,global_exact_spherical_vp,proposed_post_stage1,False,716e6e8abea7030c,jones_free,cpu,False,,numpy,numpy.linalg.solve,jones_free,False,,,0.0,0.0,0.0,0.0,True,6,4,nan,nan,"[0.0,0.0,0.0]",,"[4.853214828459965e-06,2.4506946317511766e-06,1.4519653308021926e-05]",direct_vp,[],3097041.191842296,3096560,True,1726009.436702078,84.00943049436366,9.238550689600594,0.08987925379749809,"[5.134518027400657,4.973504079543417,4.92397973943212]",207.2392205223441,3446.0441796705127,3654.7329237386584,nan,nan,nan,nan,False,,nan,,,nan,nan,nan,,,,,,,,0.0028848035823012437,3.693426787732402e-05,0.6468104700937876,nan,nan,nan,False,not_run,not_requested
fig1_fig2,free_jones_vp_gated_rescue,25,3407116044,-5.0,snr_db,-5.0,3,3,3,3,full_6d,3407116044,,,nan,,False,,3398.1959152817726,0.0028848035823012437,0.0028848035823012437,3.693426787732402e-05,0.0001580821032792599,1.1921493794050796e-12,0.6468104700937876,False,direct_vp,global_exact_spherical_vp,proposed_post_stage1,False,716e6e8abea7030c,jones_free,cpu,False,,numpy,numpy.linalg.solve,jones_free,False,,,0.0,0.0,0.0,0.0,True,6,4,nan,nan,"[0.0,0.0,0.0]",,"[4.853214828459965e-06,2.4506946317511766e-06,1.4519653308021926e-05]",direct_vp,[],3097041.191842296,3096560,True,1726009.436702078,84.00943049436366,9.238550689600594,0.08987925379749809,"[5.134518027400657,4.973504079543417,4.92397973943212]",207.2392205223441,3391.78555059433,3600.4742946624756,nan,nan,nan,nan,False,,nan,,,nan,nan,nan,,,,,,,,0.0028848035823012437,3.693426787732402e-05,0.6468104700937876,nan,nan,nan,False,not_run,not_requested
fig1_fig2,PEB,25,3407116044,-5.0,snr_db,-5.0,3,3,3,3,full_6d,3407116044,,,nan,,False,,5.695512540638447,nan,nan,nan,nan,nan,nan,False,,,peb_only,False,7c4694ca84888a36,,,,,,,adaptive_jones,True,fixed_anchor_then_adaptive_jones_score_selection,,nan,nan,nan,nan,True,,,nan,nan,,,,,[],nan,,,nan,nan,nan,nan,,nan,nan,nan,0.0007662781632850238,nan,nan,0.0007662781632850238,False,b8c0aecbc648c84bc393cf0ea8f798ce1d40daafad542474a8d407dec27d44d6,0.6467133157662985,computed_unscaled,cpu,nan,nan,nan,,,,,,,,nan,nan,nan,nan,nan,nan,False,,
fig1_fig2,free_jones_vp,80,2843598472,-5.0,snr_db,-5.0,3,3,3,3,full_6d,2843598472,,,nan,,False,,475.1533181294799,0.0004135835815096588,0.0004135835815096588,2.0990031328115046e-05,0.0002775629611836715,7.423547163956197e-13,2.1549735395771696,False,direct_vp,global_exact_spherical_vp,proposed_post_stage1,False,e776154b73f179f5,jones_free,cpu,False,,numpy,numpy.linalg.solve,jones_free,False,,,0.0,0.0,0.0,0.0,True,6,4,nan,nan,"[0.0,0.0,0.0]",,"[8.56329513614817e-06,3.689886290486612e-06,3.4609133558956874e-06]",direct_vp,"[""poor_clock_consistency""]",3095592.9647522434,3096560,True,2729944.445960163,66.75198492244749,8.675959672719896,0.23335823799493816,"[5.4002275231252765,5.178111139126122,4.8330437600930996]",248.49605109542608,467.33328349888325,717.2468571513891,nan,nan,nan,nan,False,,nan,,,nan,nan,nan,,,,,,,,0.0004135835815096588,2.0990031328115046e-05,2.1549735395771696,nan,nan,nan,False,not_run,not_requested
fig1_fig2,free_jones_vp_gated_rescue,80,2843598472,-5.0,snr_db,-5.0,3,3,3,3,full_6d,2843598472,,,nan,,False,,475.0851599127054,0.0004135835815096588,0.0004135835815096588,2.0990031328115046e-05,0.0002775629611836715,7.423547163956197e-13,2.1549735395771696,False,direct_vp,global_exact_spherical_vp,proposed_post_stage1,False,e776154b73f179f5,jones_free,cpu,False,,numpy,numpy.linalg.solve,jones_free,False,,,0.0,0.0,0.0,0.0,True,6,4,nan,nan,"[0.0,0.0,0.0]",,"[8.56329513614817e-06,3.689886290486612e-06,3.4609133558956874e-06]",direct_vp,"[""poor_clock_consistency""]",3095592.9647522434,3096560,True,2729944.445960163,66.75198492244749,8.675959672719896,0.23335823799493816,"[5.4002275231252765,5.178111139126122,4.8330437600930996]",248.49605109542608,468.3992774039507,718.3128510564566,nan,nan,nan,nan,False,,nan,,,nan,nan,nan,,,,,,,,0.0004135835815096588,2.0990031328115046e-05,2.1549735395771696,nan,nan,nan,False,not_run,not_requested
fig1_fig2,PEB,80,2843598472,-5.0,snr_db,-5.0,3,3,3,3,full_6d,2843598472,,,nan,,False,,5.891164943575859,nan,nan,nan,nan,nan,nan,False,,,peb_only,False,3e529151fa4beffd,,,,,,,adaptive_jones,True,fixed_anchor_then_adaptive_jones_score_selection,,nan,nan,nan,nan,True,,,nan,nan,,,,,[],nan,,,nan,nan,nan,nan,,nan,nan,nan,0.0006164947066897109,nan,nan,0.0006164947066897109,False,ca96bdf8e3d74f1e490185f5b993e297e175166cef168c6fe33ef880dfc91c4e,2.1556578721013446,computed_unscaled,cpu,nan,nan,nan,,,,,,,,nan,nan,nan,nan,nan,nan,False,,
fig1_fig2,free_jones_vp,85,2249164774,-5.0,snr_db,-5.0,3,3,3,3,full_6d,2249164774,,,nan,,False,,108.77957084029913,0.008740252792609303,0.008740252792609303,0.00243387687582475,0.0075940482685101125,4.440057847587079e-12,0.8143361689066086,False,direct_vp,global_exact_spherical_vp,proposed_post_stage1,False,708ec053ed5177e4,jones_free,cpu,False,,numpy,numpy.linalg.solve,jones_free,False,,,0.0,0.0,0.0,0.0,True,6,4,nan,nan,"[0.0,0.0,0.0]",,"[1.984152595158574e-05,3.634440467929186e-06,1.5387996142625063e-05]",direct_vp,[],3098859.1869516918,3096560,True,2575468.0886533177,66.89453227717681,10.491972860012828,0.041891944436089304,"[4.990055233737847,5.013514947143055,5.088297742255506]",242.30871649831533,101.6501227170229,345.4096068814397,nan,nan,nan,nan,False,,nan,,,nan,nan,nan,,,,,,,,0.008740252792609303,0.00243387687582475,0.8143361689066086,nan,nan,nan,False,not_run,not_requested
fig1_fig2,free_jones_vp_gated_rescue,85,2249164774,-5.0,snr_db,-5.0,3,3,3,3,full_6d,2249164774,,,nan,,False,,108.22301042079926,0.008740252792609303,0.008740252792609303,0.00243387687582475,0.0075940482685101125,4.440057847587079e-12,0.8143361689066086,False,direct_vp,global_exact_spherical_vp,proposed_post_stage1,False,708ec053ed5177e4,jones_free,cpu,False,,numpy,numpy.linalg.solve,jones_free,False,,,0.0,0.0,0.0,0.0,True,6,4,nan,nan,"[0.0,0.0,0.0]",,"[1.984152595158574e-05,3.634440467929186e-06,1.5387996142625063e-05]",direct_vp,[],3098859.1869516918,3096560,True,2575468.0886533177,66.89453227717681,10.491972860012828,0.041891944436089304,"[4.990055233737847,5.013514947143055,5.088297742255506]",242.30871649831533,101.78584965318441,345.5453338176012,nan,nan,nan,nan,False,,nan,,,nan,nan,nan,,,,,,,,0.008740252792609303,0.00243387687582475,0.8143361689066086,nan,nan,nan,False,not_run,not_requested
fig1_fig2,PEB,85,2249164774,-5.0,snr_db,-5.0,3,3,3,3,full_6d,2249164774,,,nan,,False,,5.726001553237438,nan,nan,nan,nan,nan,nan,False,,,peb_only,False,a8112cf61bed3d22,,,,,,,adaptive_jones,True,fixed_anchor_then_adaptive_jones_score_selection,,nan,nan,nan,nan,True,,,nan,nan,,,,,[],nan,,,nan,nan,nan,nan,,nan,nan,nan,0.0006354418868356935,nan,nan,0.0006354418868356935,False,d2813a00a2d0760dea2dc8be475dff9a47f414a15a39f0f8b76a2c0e1d6af5ec,0.8137361798128909,computed_unscaled,cpu,nan,nan,nan,,,,,,,,nan,nan,nan,nan,nan,nan,False,,
fig1_fig2,free_jones_vp,51,2092735507,-5.0,snr_db,-5.0,3,3,3,3,full_6d,2092735507,,,nan,,False,,1909.4945396333933,0.027004044707144775,0.027004044707144775,0.003536823114660717,0.01086051949573167,5.9507714443022125e-12,2.243410370147093,False,direct_vp,global_exact_spherical_vp,proposed_post_stage1,False,5974d22b1eca5c47,jones_free,cpu,False,,numpy,numpy.linalg.solve,jones_free,False,,,0.0,0.0,0.0,0.0,True,6,4,nan,nan,"[0.0,0.0,0.0]",,"[2.911399878699904e-05,2.7999194797592343e-06,4.838947023029319e-05]",direct_vp,"[""poor_clock_consistency""]",3100187.394523322,3096560,True,2107029.507835658,87.77450201895408,4.293460133011499,0.24552637511113265,"[5.231101297100226,5.070824253559362,4.648958934782924]",231.94108214229345,1663.801380507648,1897.1499123945832,nan,nan,nan,nan,False,,nan,,,nan,nan,nan,,,,,,,,0.027004044707144775,0.003536823114660717,2.243410370147093,nan,nan,nan,False,not_run,not_requested
fig1_fig2,free_jones_vp_gated_rescue,51,2092735507,-5.0,snr_db,-5.0,3,3,3,3,full_6d,2092735507,,,nan,,False,,1925.395385056734,0.027004044707144775,0.027004044707144775,0.003536823114660717,0.01086051949573167,5.9507714443022125e-12,2.243410370147093,False,direct_vp,global_exact_spherical_vp,proposed_post_stage1,False,5974d22b1eca5c47,jones_free,cpu,False,,numpy,numpy.linalg.solve,jones_free,False,,,0.0,0.0,0.0,0.0,True,6,4,nan,nan,"[0.0,0.0,0.0]",,"[2.911399878699904e-05,2.7999194797592343e-06,4.838947023029319e-05]",direct_vp,"[""poor_clock_consistency""]",3100187.394523322,3096560,True,2107029.507835658,87.77450201895408,4.293460133011499,0.24552637511113265,"[5.231101297100226,5.070824253559362,4.648958934782924]",231.94108214229345,1687.7318821325898,1921.080414019525,nan,nan,nan,nan,False,,nan,,,nan,nan,nan,,,,,,,,0.027004044707144775,0.003536823114660717,2.243410370147093,nan,nan,nan,False,not_run,not_requested
fig1_fig2,PEB,51,2092735507,-5.0,snr_db,-5.0,3,3,3,3,full_6d,2092735507,,,nan,,False,,5.8934885784983635,nan,nan,nan,nan,nan,nan,False,,,peb_only,False,46faae7c6e9a5d1e,,,,,,,adaptive_jones,True,fixed_anchor_then_adaptive_jones_score_selection,,nan,nan,nan,nan,True,,,nan,nan,,,,,[],nan,,,nan,nan,nan,nan,,nan,nan,nan,0.0007488916062407619,nan,nan,0.0007488916062407619,False,ceb68ab38b09da961371426ea0267363a416dbe569c6f715609cdf27a87a3792,2.2407970313732415,computed_unscaled,cpu,nan,nan,nan,,,,,,,,nan,nan,nan,nan,nan,nan,False,,
fig1_fig2,free_jones_vp,50,3229661427,-5.0,snr_db,-5.0,3,3,3,3,full_6d,3229661427,,,nan,,False,,1974.576103463769,0.018710584830666056,0.018710584830666056,0.0005406208748464647,0.0025064705628530066,4.873732840887915e-12,1.5451924723594366,False,direct_vp,global_exact_spherical_vp,proposed_post_stage1,False,f8ade75c9bf73f15,jones_free,cpu,False,,numpy,numpy.linalg.solve,jones_free,False,,,0.0,0.0,0.0,0.0,True,6,4,nan,nan,"[0.0,0.0,0.0]",,"[2.590314218875766e-06,5.882441169657774e-06,6.660787023083133e-05]",direct_vp,"[""poor_clock_consistency""]",3096364.555803035,3096560,True,1492496.484021179,111.95985413344016,7.271076718229563,0.16726697936595616,"[4.916713573009697,5.081120992038128,5.323924576540921]",238.56048917025328,1855.0354287996888,2094.96421071887,nan,nan,nan,nan,False,,nan,,,nan,nan,nan,,,,,,,,0.018710584830666056,0.0005406208748464647,1.5451924723594366,nan,nan,nan,False,not_run,not_requested
fig1_fig2,free_jones_vp_gated_rescue,50,3229661427,-5.0,snr_db,-5.0,3,3,3,3,full_6d,3229661427,,,nan,,False,,2005.842876508832,0.018710584830666056,0.018710584830666056,0.0005406208748464647,0.0025064705628530066,4.873732840887915e-12,1.5451924723594366,False,direct_vp,global_exact_spherical_vp,proposed_post_stage1,False,f8ade75c9bf73f15,jones_free,cpu,False,,numpy,numpy.linalg.solve,jones_free,False,,,0.0,0.0,0.0,0.0,True,6,4,nan,nan,"[0.0,0.0,0.0]",,"[2.590314218875766e-06,5.882441169657774e-06,6.660787023083133e-05]",direct_vp,"[""poor_clock_consistency""]",3096364.555803035,3096560,True,1492496.484021179,111.95985413344016,7.271076718229563,0.16726697936595616,"[4.916713573009697,5.081120992038128,5.323924576540921]",238.56048917025328,1885.4789888560772,2125.4077707752585,nan,nan,nan,nan,False,,nan,,,nan,nan,nan,,,,,,,,0.018710584830666056,0.0005406208748464647,1.5451924723594366,nan,nan,nan,False,not_run,not_requested
fig1_fig2,PEB,50,3229661427,-5.0,snr_db,-5.0,3,3,3,3,full_6d,3229661427,,,nan,,False,,5.767564989626408,nan,nan,nan,nan,nan,nan,False,,,peb_only,False,5d7d3538ffffc574,,,,,,,adaptive_jones,True,fixed_anchor_then_adaptive_jones_score_selection,,nan,nan,nan,nan,True,,,nan,nan,,,,,[],nan,,,nan,nan,nan,nan,,nan,nan,nan,0.0008823311374646061,nan,nan,0.0008823311374646061,False,1942487101149f69652abec158449acd8ba5e0555a4e067cb0f025310bb6ac8a,1.545297990290412,computed_unscaled,cpu,nan,nan,nan,,,,,,,,nan,nan,nan,nan,nan,nan,False,,
fig1_fig2,free_jones_vp,64,1096511241,-5.0,snr_db,-5.0,3,3,3,3,full_6d,1096511241,,,nan,,False,,1522.1227938085794,0.025859500762377124,0.025859500762377124,0.0019991228749922196,0.00300067072072436,2.293917467608508e-12,0.5187146750020496,False,direct_vp,global_exact_spherical_vp,proposed_post_stage1,False,0a44af803fefddbf,jones_free,cpu,False,,numpy,numpy.linalg.solve,jones_free,False,,,0.0,0.0,0.0,0.0,True,6,4,nan,nan,"[0.0,0.0,0.0]",,"[3.131251843031403e-05,3.870951964350292e-06,4.641757769537011e-05]",direct_vp,[],3097566.672742918,3096560,True,2744754.837030618,72.74817883721296,11.136096112166774,0.014475808432048643,"[4.988397392781597,4.976011524730569,5.01097794200704]",229.99586161971092,1513.6454794928432,1744.9737286642194,nan,nan,nan,nan,False,,nan,,,nan,nan,nan,,,,,,,,0.025859500762377124,0.0019991228749922196,0.5187146750020496,nan,nan,nan,False,not_run,not_requested
fig1_fig2,free_jones_vp_gated_rescue,64,1096511241,-5.0,snr_db,-5.0,3,3,3,3,full_6d,1096511241,,,nan,,False,,1534.3938886895776,0.025859500762377124,0.025859500762377124,0.0019991228749922196,0.00300067072072436,2.293917467608508e-12,0.5187146750020496,False,direct_vp,global_exact_spherical_vp,proposed_post_stage1,False,0a44af803fefddbf,jones_free,cpu,False,,numpy,numpy.linalg.solve,jones_free,False,,,0.0,0.0,0.0,0.0,True,6,4,nan,nan,"[0.0,0.0,0.0]",,"[3.131251843031403e-05,3.870951964350292e-06,4.641757769537011e-05]",direct_vp,[],3097566.672742918,3096560,True,2744754.837030618,72.74817883721296,11.136096112166774,0.014475808432048643,"[4.988397392781597,4.976011524730569,5.01097794200704]",229.99586161971092,1527.9429657310247,1759.271214902401,nan,nan,nan,nan,False,,nan,,,nan,nan,nan,,,,,,,,0.025859500762377124,0.0019991228749922196,0.5187146750020496,nan,nan,nan,False,not_run,not_requested
fig1_fig2,PEB,64,1096511241,-5.0,snr_db,-5.0,3,3,3,3,full_6d,1096511241,,,nan,,False,,5.753814473748207,nan,nan,nan,nan,nan,nan,False,,,peb_only,False,c38b9f625a36a952,,,,,,,adaptive_jones,True,fixed_anchor_then_adaptive_jones_score_selection,,nan,nan,nan,nan,True,,,nan,nan,,,,,[],nan,,,nan,nan,nan,nan,,nan,nan,nan,0.0006338460247542662,nan,nan,0.0006338460247542662,False,e140a9cd0c7a64d7d06d7886e7a75298e3fbf2d3964882a91cad3a1a2e55c6a3,0.5185487781726453,computed_unscaled,cpu,nan,nan,nan,,,,,,,,nan,nan,nan,nan,nan,nan,False,,
fig1_fig2,free_jones_vp,49,3038295588,-5.0,snr_db,-5.0,3,3,3,3,full_6d,3038295588,,,nan,,False,,2043.4535809084773,0.035173355593214,0.035173355593214,0.017615059245435463,0.022389213179651642,1.2726000134125156e-11,1.8453587423439022,False,direct_vp,global_exact_spherical_vp,proposed_post_stage1,False,f43aba0103c69c57,jones_free,cpu,False,,numpy,numpy.linalg.solve,jones_free,False,,,0.0,0.0,0.0,0.0,True,6,4,nan,nan,"[0.0,0.0,0.0]",,"[2.795970435914564e-05,4.018531425680138e-05,1.9602837216890466e-05]",jnpp_then_vp,[],3116385.4486660464,3096560,False,2779107.7759303814,77.90814238175786,8.238514068458258,0.0898701861583084,"[5.166987328175565,5.352224356678136,5.1565992451903915]",238.3959976658225,1906.0753531232476,2145.9123687446117,nan,nan,nan,nan,False,,nan,,,nan,nan,nan,,,,,,,,0.035173355593214,0.017615059245435463,1.8453587423439022,nan,nan,nan,False,not_run,not_requested
fig1_fig2,free_jones_vp_gated_rescue,49,3038295588,-5.0,snr_db,-5.0,3,3,3,3,full_6d,3038295588,,,nan,,False,,2174.169168777764,0.001056046804835477,0.001056046804835477,4.351739328880329e-05,0.0006548360143824503,3.0163424110582967e-12,1.8351902398554785,False,ris_only_stage2_then_vp,global_exact_spherical_vp,proposed_post_stage1,False,f43aba0103c69c57,jones_free,cpu,False,,numpy,numpy.linalg.solve,jones_free,False,,,0.0,0.0,0.0,0.0,True,6,4,nan,nan,"[0.0,0.0,0.0]",,"[2.038299675321001e-05,3.0366902147002383e-05,2.3097249024882965e-05]",jnpp_then_vp,[],3116385.4486660464,3096560,False,2779107.7759303814,77.90814238175786,8.238514068458258,0.0898701861583084,"[5.166987328175565,5.352224356678136,5.1565992451903915]",238.3959976658225,103.5607650578022,359.31440284103155,nan,nan,nan,nan,False,,nan,,,nan,nan,nan,,,,,,,,0.035173355593214,0.017615059245435463,1.8453587423439022,0.001056046804835477,4.351739328880329e-05,1.8351902398554785,True,accepted,accepted
fig1_fig2,PEB,49,3038295588,-5.0,snr_db,-5.0,3,3,3,3,full_6d,3038295588,,,nan,,False,,5.66186860203743,nan,nan,nan,nan,nan,nan,False,,,peb_only,False,68d821817716c092,,,,,,,adaptive_jones,True,fixed_anchor_then_adaptive_jones_score_selection,,nan,nan,nan,nan,True,,,nan,nan,,,,,[],nan,,,nan,nan,nan,nan,,nan,nan,nan,0.0005856709867222529,nan,nan,0.0005856709867222529,False,acf4e48940052036015f088be14d19342fd02a5a04e03acf4cbab7169512ba81,1.833628633896454,computed_unscaled,cpu,nan,nan,nan,,,,,,,,nan,nan,nan,nan,nan,nan,False,,
fig1_fig2,free_jones_vp,46,3306807379,-5.0,snr_db,-5.0,3,3,3,3,full_6d,3306807379,,,nan,,False,,2194.4963748157024,0.024721030118595014,0.024721030118595014,0.003603313183363316,0.005149513135152942,2.718701535691646e-13,1.365262899837249,False,direct_vp,global_exact_spherical_vp,proposed_post_stage1,False,4e6b9e5d0459f5a7,jones_free,cpu,False,,numpy,numpy.linalg.solve,jones_free,False,,,0.0,0.0,0.0,0.0,True,6,4,nan,nan,"[0.0,0.0,0.0]",,"[4.942510693490944e-05,4.295559577201609e-06,3.356248244745099e-05]",direct_vp,[],3098885.183741657,3096560,True,2726859.601212493,76.8202292055216,7.258565480933898,0.0620253822089048,"[4.971389239241693,5.05043161486658,5.123277652317574]",233.76433780789375,2078.8772830292583,2314.0940966531634,nan,nan,nan,nan,False,,nan,,,nan,nan,nan,,,,,,,,0.024721030118595014,0.003603313183363316,1.365262899837249,nan,nan,nan,False,not_run,not_requested
fig1_fig2,free_jones_vp_gated_rescue,46,3306807379,-5.0,snr_db,-5.0,3,3,3,3,full_6d,3306807379,,,nan,,False,,2214.747040078044,0.024721030118595014,0.024721030118595014,0.003603313183363316,0.005149513135152942,2.718701535691646e-13,1.365262899837249,False,direct_vp,global_exact_spherical_vp,proposed_post_stage1,False,4e6b9e5d0459f5a7,jones_free,cpu,False,,numpy,numpy.linalg.solve,jones_free,False,,,0.0,0.0,0.0,0.0,True,6,4,nan,nan,"[0.0,0.0,0.0]",,"[4.942510693490944e-05,4.295559577201609e-06,3.356248244745099e-05]",direct_vp,[],3098885.183741657,3096560,True,2726859.601212493,76.8202292055216,7.258565480933898,0.0620253822089048,"[4.971389239241693,5.05043161486658,5.123277652317574]",233.76433780789375,2102.032443702221,2337.249257326126,nan,nan,nan,nan,False,,nan,,,nan,nan,nan,,,,,,,,0.024721030118595014,0.003603313183363316,1.365262899837249,nan,nan,nan,False,not_run,not_requested
fig1_fig2,PEB,46,3306807379,-5.0,snr_db,-5.0,3,3,3,3,full_6d,3306807379,,,nan,,False,,5.57376904040575,nan,nan,nan,nan,nan,nan,False,,,peb_only,False,4a86912269f98ff1,,,,,,,adaptive_jones,True,fixed_anchor_then_adaptive_jones_score_selection,,nan,nan,nan,nan,True,,,nan,nan,,,,,[],nan,,,nan,nan,nan,nan,,nan,nan,nan,0.0005869346845961599,nan,nan,0.0005869346845961599,False,324c3cee61ad53d18a3b7f70cef7049986ada5517935cd8531014229a0b305be,1.3642455524027803,computed_unscaled,cpu,nan,nan,nan,,,,,,,,nan,nan,nan,nan,nan,nan,False,,
fig1_fig2,free_jones_vp,52,2910844986,-5.0,snr_db,-5.0,3,3,3,3,full_6d,2910844986,,,nan,,False,,1915.6010658368468,0.03267129998313972,0.03267129998313972,0.009782788767651382,0.021066849962210477,1.591097873369047e-11,0.5277202435918084,False,direct_vp,global_exact_spherical_vp,proposed_post_stage1,False,9dbb32f4ed7381b6,jones_free,cpu,False,,numpy,numpy.linalg.solve,jones_free,False,,,0.0,0.0,0.0,0.0,True,6,4,nan,nan,"[0.0,0.0,0.0]",,"[0.00036646984468280115,2.604442869576488e-06,2.814311822784764e-05]",jnpp_then_vp,"[""poor_clock_consistency""]",3108186.1005749693,3096560,False,2571086.1070988327,72.93879275167517,6.43734877873049,0.10016473365158757,"[4.734610196997335,4.954400049066079,4.750071558556884]",236.49448939412832,1764.0126006528735,2001.9360890313983,nan,nan,nan,nan,False,,nan,,,nan,nan,nan,,,,,,,,0.03267129998313972,0.009782788767651382,0.5277202435918084,nan,nan,nan,False,not_run,not_requested
fig1_fig2,free_jones_vp_gated_rescue,52,2910844986,-5.0,snr_db,-5.0,3,3,3,3,full_6d,2910844986,,,nan,,False,,2052.4443163648248,0.0012269728119979762,0.0012269728119979762,2.6173422664915682e-05,0.0001491996010601975,5.970704169930366e-13,0.5260983160404508,False,ris_only_stage2_then_vp,global_exact_spherical_vp,proposed_post_stage1,False,9dbb32f4ed7381b6,jones_free,cpu,False,,numpy,numpy.linalg.solve,jones_free,False,,,0.0,0.0,0.0,0.0,True,6,4,nan,nan,"[0.0,0.0,0.0]",,"[0.0003280609848513562,1.8412200899436159e-06,3.177869689569468e-05]",jnpp_then_vp,"[""poor_clock_consistency""]",3108186.1005749693,3096560,False,2571086.1070988327,72.93879275167517,6.43734877873049,0.10016473365158757,"[4.734610196997335,4.954400049066079,4.750071558556884]",236.49448939412832,85.60270721465349,338.2816190421581,nan,nan,nan,nan,False,,nan,,,nan,nan,nan,,,,,,,,0.03267129998313972,0.009782788767651382,0.5277202435918084,0.0012269728119979762,2.6173422664915682e-05,0.5260983160404508,True,accepted,accepted
fig1_fig2,PEB,52,2910844986,-5.0,snr_db,-5.0,3,3,3,3,full_6d,2910844986,,,nan,,False,,5.789366535842419,nan,nan,nan,nan,nan,nan,False,,,peb_only,False,810f090b28c4ea97,,,,,,,adaptive_jones,True,fixed_anchor_then_adaptive_jones_score_selection,,nan,nan,nan,nan,True,,,nan,nan,,,,,[],nan,,,nan,nan,nan,nan,,nan,nan,nan,0.0006536689630787738,nan,nan,0.0006536689630787738,False,9e98686db4702520cd73f5ec75cd23f453189f0d5a51de87101750eedce217fa,0.5257490343703223,computed_unscaled,cpu,nan,nan,nan,,,,,,,,nan,nan,nan,nan,nan,nan,False,,
fig1_fig2,free_jones_vp,57,476784074,-5.0,snr_db,-5.0,3,3,3,3,full_6d,476784074,,,nan,,False,,1488.9061056151986,0.006495106376903486,0.006495106376903486,0.0012611768742331522,0.005666404110468601,1.8441323844354856e-12,0.5589260961542677,False,direct_vp,global_exact_spherical_vp,proposed_post_stage1,False,70970f04387e8d0b,jones_free,cpu,False,,numpy,numpy.linalg.solve,jones_free,False,,,0.0,0.0,0.0,0.0,True,6,4,nan,nan,"[0.0,0.0,0.0]",,"[4.174000359545932e-05,2.81032090739316e-06,8.340520233397139e-06]",jnpp_then_vp,[],3101314.867008959,3096560,False,2686646.3669606596,61.9383745968666,9.25138632339511,0.07326281496917644,"[4.967910756065132,4.943108066303596,5.109431794848598]",237.58661948144436,1386.271913483739,1625.2340286150575,nan,nan,nan,nan,False,,nan,,,nan,nan,nan,,,,,,,,0.006495106376903486,0.0012611768742331522,0.5589260961542677,nan,nan,nan,False,not_run,not_requested
fig1_fig2,free_jones_vp_gated_rescue,57,476784074,-5.0,snr_db,-5.0,3,3,3,3,full_6d,476784074,,,nan,,False,,2126.730252072215,0.006495106376903486,0.006495106376903486,0.0012611768742331522,0.005666404110468601,1.8441323844354856e-12,0.5589260961542677,False,direct_vp_rollback,global_exact_spherical_vp,proposed_post_stage1,False,70970f04387e8d0b,jones_free,cpu,False,,numpy,numpy.linalg.solve,jones_free,False,,,0.0,0.0,0.0,0.0,True,6,4,nan,nan,"[0.0,0.0,0.0]",,"[4.174000359545932e-05,2.81032090739316e-06,8.340520233397139e-06]",jnpp_then_vp,[],3101314.867008959,3096560,False,2686646.3669606596,61.9383745968666,9.25138632339511,0.07326281496917644,"[4.967910756065132,4.943108066303596,5.109431794848598]",237.58661948144436,1411.9661409035325,1650.928256034851,nan,nan,nan,nan,False,,nan,,,nan,nan,nan,,,,,,,,0.006495106376903486,0.0012611768742331522,0.5589260961542677,0.0012394004900603806,2.206888818525946e-05,0.558703339547493,True,rollback,existing_selector_rollback
fig1_fig2,PEB,57,476784074,-5.0,snr_db,-5.0,3,3,3,3,full_6d,476784074,,,nan,,False,,5.589991636574268,nan,nan,nan,nan,nan,nan,False,,,peb_only,False,038b15b7fc81d132,,,,,,,adaptive_jones,True,fixed_anchor_then_adaptive_jones_score_selection,,nan,nan,nan,nan,True,,,nan,nan,,,,,[],nan,,,nan,nan,nan,nan,,nan,nan,nan,0.0006157599486859987,nan,nan,0.0006157599486859987,False,0678217d596e534740a4e9789e3054b9b6004d88d7430db9577064550d35976f,0.5580720466458842,computed_unscaled,cpu,nan,nan,nan,,,,,,,,nan,nan,nan,nan,nan,nan,False,,
fig1_fig2,free_jones_vp,87,3576217426,-5.0,snr_db,-5.0,3,3,3,3,full_6d,3576217426,,,nan,,False,,242.04714407026768,0.013824666560597113,0.013824666560597113,0.004878503024556844,0.00929568403349026,7.249451372101377e-12,0.2097038272482193,False,direct_vp,global_exact_spherical_vp,proposed_post_stage1,False,2ea68f60ef8f1e26,jones_free,cpu,False,,numpy,numpy.linalg.solve,jones_free,False,,,0.0,0.0,0.0,0.0,True,6,4,nan,nan,"[0.0,0.0,0.0]",,"[1.3005081555610894e-05,5.9146529095229866e-06,1.8914628849089422e-06]",direct_vp,"[""poor_clock_consistency""]",3099134.2767648394,3096560,True,1493427.6919087288,100.51069575541514,7.961797280230859,0.1730303497542267,"[4.98524033762607,5.009746185214707,4.631054513076567]",230.5610470250249,234.39300307631493,466.4237623810768,nan,nan,nan,nan,False,,nan,,,nan,nan,nan,,,,,,,,0.013824666560597113,0.004878503024556844,0.2097038272482193,nan,nan,nan,False,not_run,not_requested
fig1_fig2,free_jones_vp_gated_rescue,87,3576217426,-5.0,snr_db,-5.0,3,3,3,3,full_6d,3576217426,,,nan,,False,,228.79303690046072,0.013824666560597113,0.013824666560597113,0.004878503024556844,0.00929568403349026,7.249451372101377e-12,0.2097038272482193,False,direct_vp,global_exact_spherical_vp,proposed_post_stage1,False,2ea68f60ef8f1e26,jones_free,cpu,False,,numpy,numpy.linalg.solve,jones_free,False,,,0.0,0.0,0.0,0.0,True,6,4,nan,nan,"[0.0,0.0,0.0]",,"[1.3005081555610894e-05,5.9146529095229866e-06,1.8914628849089422e-06]",direct_vp,"[""poor_clock_consistency""]",3099134.2767648394,3096560,True,1493427.6919087288,100.51069575541514,7.961797280230859,0.1730303497542267,"[4.98524033762607,5.009746185214707,4.631054513076567]",230.5610470250249,222.22865825891495,454.25941756367683,nan,nan,nan,nan,False,,nan,,,nan,nan,nan,,,,,,,,0.013824666560597113,0.004878503024556844,0.2097038272482193,nan,nan,nan,False,not_run,not_requested
fig1_fig2,PEB,87,3576217426,-5.0,snr_db,-5.0,3,3,3,3,full_6d,3576217426,,,nan,,False,,5.625012814998627,nan,nan,nan,nan,nan,nan,False,,,peb_only,False,59d891134b00dcdb,,,,,,,adaptive_jones,True,fixed_anchor_then_adaptive_jones_score_selection,,nan,nan,nan,nan,True,,,nan,nan,,,,,[],nan,,,nan,nan,nan,nan,,nan,nan,nan,0.0008440721991328464,nan,nan,0.0008440721991328464,False,66c908d686e5b626f41743ba5f1b64294d5b4f17110f5310f3926b121f412ca0,0.20953072070270137,computed_unscaled,cpu,nan,nan,nan,,,,,,,,nan,nan,nan,nan,nan,nan,False,,
fig1_fig2,free_jones_vp,71,1982555292,-5.0,snr_db,-5.0,3,3,3,3,full_6d,1982555292,,,nan,,False,,1374.82773604244,0.008143973300049158,0.008143973300049158,0.001558560719113838,0.00653331322007044,3.916942934161831e-12,1.373084106800598,False,direct_vp,global_exact_spherical_vp,proposed_post_stage1,False,2cc3b10272b4f4b8,jones_free,cpu,False,,numpy,numpy.linalg.solve,jones_free,False,,,0.0,0.0,0.0,0.0,True,6,4,nan,nan,"[0.0,0.0,0.0]",,"[9.65104259673988e-06,1.8852812419617008e-05,2.2879328452818653e-05]",direct_vp,"[""poor_clock_consistency""]",3098009.0485426863,3096560,True,2393159.425159196,86.42931427662252,12.92999900759345,0.12488324738788244,"[5.0689658786348,5.169494576876213,4.8690269098837025]",228.68029413372278,1366.8407003358006,1597.0137481838465,nan,nan,nan,nan,False,,nan,,,nan,nan,nan,,,,,,,,0.008143973300049158,0.001558560719113838,1.373084106800598,nan,nan,nan,False,not_run,not_requested
fig1_fig2,free_jones_vp_gated_rescue,71,1982555292,-5.0,snr_db,-5.0,3,3,3,3,full_6d,1982555292,,,nan,,False,,1370.4963583797216,0.008143973300049158,0.008143973300049158,0.001558560719113838,0.00653331322007044,3.916942934161831e-12,1.373084106800598,False,direct_vp,global_exact_spherical_vp,proposed_post_stage1,False,2cc3b10272b4f4b8,jones_free,cpu,False,,numpy,numpy.linalg.solve,jones_free,False,,,0.0,0.0,0.0,0.0,True,6,4,nan,nan,"[0.0,0.0,0.0]",,"[9.65104259673988e-06,1.8852812419617008e-05,2.2879328452818653e-05]",direct_vp,"[""poor_clock_consistency""]",3098009.0485426863,3096560,True,2393159.425159196,86.42931427662252,12.92999900759345,0.12488324738788244,"[5.0689658786348,5.169494576876213,4.8690269098837025]",228.68029413372278,1364.2023549228907,1594.3754027709365,nan,nan,nan,nan,False,,nan,,,nan,nan,nan,,,,,,,,0.008143973300049158,0.001558560719113838,1.373084106800598,nan,nan,nan,False,not_run,not_requested
fig1_fig2,PEB,71,1982555292,-5.0,snr_db,-5.0,3,3,3,3,full_6d,1982555292,,,nan,,False,,5.591773629188538,nan,nan,nan,nan,nan,nan,False,,,peb_only,False,e48a2a5e80c26e99,,,,,,,adaptive_jones,True,fixed_anchor_then_adaptive_jones_score_selection,,nan,nan,nan,nan,True,,,nan,nan,,,,,[],nan,,,nan,nan,nan,nan,,nan,nan,nan,0.0006550613759588045,nan,nan,0.0006550613759588045,False,bdd039092dd082ec6fd57d77070067f9fd8178794fea592c3fc196eccf3a063c,1.3724489581785622,computed_unscaled,cpu,nan,nan,nan,,,,,,,,nan,nan,nan,nan,nan,nan,False,,
fig1_fig2,free_jones_vp,65,2236466502,-5.0,snr_db,-5.0,3,3,3,3,full_6d,2236466502,,,nan,,False,,1471.5639690607786,0.007876827807771675,0.007876827807771675,0.0017936941953646953,0.007051232284413534,4.553798358987433e-12,0.33518613016690435,False,direct_vp,global_exact_spherical_vp,proposed_post_stage1,False,55095dd2e677798f,jones_free,cpu,False,,numpy,numpy.linalg.solve,jones_free,False,,,0.0,0.0,0.0,0.0,True,6,4,nan,nan,"[0.0,0.0,0.0]",,"[1.4436726652181698e-05,3.0050910672662936e-05,1.0486711373579527e-05]",jnpp_then_vp,"[""poor_clock_consistency""]",3101956.2186995097,3096560,False,2785894.200866762,69.6620169163725,8.548581896527523,0.10796028768236894,"[5.141408752500018,5.042087137309253,4.879496162130043]",233.0245928093791,1343.4016692265868,1577.820286385715,nan,nan,nan,nan,False,,nan,,,nan,nan,nan,,,,,,,,0.007876827807771675,0.0017936941953646953,0.33518613016690435,nan,nan,nan,False,not_run,not_requested
fig1_fig2,free_jones_vp_gated_rescue,65,2236466502,-5.0,snr_db,-5.0,3,3,3,3,full_6d,2236466502,,,nan,,False,,1832.8857283815742,0.007876827807771675,0.007876827807771675,0.0017936941953646953,0.007051232284413534,4.553798358987433e-12,0.33518613016690435,False,direct_vp_rollback,global_exact_spherical_vp,proposed_post_stage1,False,55095dd2e677798f,jones_free,cpu,False,,numpy,numpy.linalg.solve,jones_free,False,,,0.0,0.0,0.0,0.0,True,6,4,nan,nan,"[0.0,0.0,0.0]",,"[1.4436726652181698e-05,3.0050910672662936e-05,1.0486711373579527e-05]",jnpp_then_vp,"[""poor_clock_consistency""]",3101956.2186995097,3096560,False,2785894.200866762,69.6620169163725,8.548581896527523,0.10796028768236894,"[5.141408752500018,5.042087137309253,4.879496162130043]",233.0245928093791,1355.6992054209113,1590.1178225800395,nan,nan,nan,nan,False,,nan,,,nan,nan,nan,,,,,,,,0.007876827807771675,0.0017936941953646953,0.33518613016690435,0.00043067250169324207,1.824946650229424e-05,0.33500760909614824,True,rollback,existing_selector_rollback
fig1_fig2,PEB,65,2236466502,-5.0,snr_db,-5.0,3,3,3,3,full_6d,2236466502,,,nan,,False,,5.68921884894371,nan,nan,nan,nan,nan,nan,False,,,peb_only,False,82cf9e720586541b,,,,,,,adaptive_jones,True,fixed_anchor_then_adaptive_jones_score_selection,,nan,nan,nan,nan,True,,,nan,nan,,,,,[],nan,,,nan,nan,nan,nan,,nan,nan,nan,0.0006042348878372157,nan,nan,0.0006042348878372157,False,8713a1af4c8a44df0d773df8c1e647ae5757abeba9d4009ab7b9d7ee65d54a43,0.3346047632622173,computed_unscaled,cpu,nan,nan,nan,,,,,,,,nan,nan,nan,nan,nan,nan,False,,
fig1_fig2,free_jones_vp,88,2932252539,-5.0,snr_db,-5.0,3,3,3,3,full_6d,2932252539,,,nan,,False,,296.4776030257344,0.002771089502675862,0.002771089502675862,0.00023949933490967576,0.0023634305757904636,7.10491754274415e-13,1.2377754689621159,False,direct_vp,global_exact_spherical_vp,proposed_post_stage1,False,02e518e416dd4119,jones_free,cpu,False,,numpy,numpy.linalg.solve,jones_free,False,,,0.0,0.0,0.0,0.0,True,6,4,nan,nan,"[0.0,0.0,0.0]",,"[3.361225796489111e-05,3.7349827384655836e-06,1.3945743156384793e-05]",direct_vp,[],3097810.0601177295,3096560,True,2697889.216505059,71.26405266420274,9.302429178110186,0.08317547222522978,"[5.159679243371668,5.047278971775253,4.9563181395204685]",239.21662516891956,288.8643385320902,529.5456212088466,nan,nan,nan,nan,False,,nan,,,nan,nan,nan,,,,,,,,0.002771089502675862,0.00023949933490967576,1.2377754689621159,nan,nan,nan,False,not_run,not_requested
fig1_fig2,free_jones_vp_gated_rescue,88,2932252539,-5.0,snr_db,-5.0,3,3,3,3,full_6d,2932252539,,,nan,,False,,283.7529444992542,0.002771089502675862,0.002771089502675862,0.00023949933490967576,0.0023634305757904636,7.10491754274415e-13,1.2377754689621159,False,direct_vp,global_exact_spherical_vp,proposed_post_stage1,False,02e518e416dd4119,jones_free,cpu,False,,numpy,numpy.linalg.solve,jones_free,False,,,0.0,0.0,0.0,0.0,True,6,4,nan,nan,"[0.0,0.0,0.0]",,"[3.361225796489111e-05,3.7349827384655836e-06,1.3945743156384793e-05]",direct_vp,[],3097810.0601177295,3096560,True,2697889.216505059,71.26405266420274,9.302429178110186,0.08317547222522978,"[5.159679243371668,5.047278971775253,4.9563181395204685]",239.21662516891956,277.29184962809086,517.9731323048472,nan,nan,nan,nan,False,,nan,,,nan,nan,nan,,,,,,,,0.002771089502675862,0.00023949933490967576,1.2377754689621159,nan,nan,nan,False,not_run,not_requested
fig1_fig2,PEB,88,2932252539,-5.0,snr_db,-5.0,3,3,3,3,full_6d,2932252539,,,nan,,False,,5.7213941141963005,nan,nan,nan,nan,nan,nan,False,,,peb_only,False,038277d76a889bb1,,,,,,,adaptive_jones,True,fixed_anchor_then_adaptive_jones_score_selection,,nan,nan,nan,nan,True,,,nan,nan,,,,,[],nan,,,nan,nan,nan,nan,,nan,nan,nan,0.0006151194005913921,nan,nan,0.0006151194005913921,False,026935debd21c4cd81fb47190ca8eeaf89621d3b1a455ec08b231cab8f8cd44e,1.2372823821326115,computed_unscaled,cpu,nan,nan,nan,,,,,,,,nan,nan,nan,nan,nan,nan,False,,
fig1_fig2,free_jones_vp,90,4175219143,-5.0,snr_db,-5.0,3,3,3,3,full_6d,4175219143,,,nan,,False,,110.80309511721134,0.007820534195949717,0.007820534195949717,0.0030176254889496532,0.00675418293676475,6.010598180908262e-12,0.28564569008546215,False,direct_vp,global_exact_spherical_vp,proposed_post_stage1,False,71744f2e9ad6b795,jones_free,cpu,False,,numpy,numpy.linalg.solve,jones_free,False,,,0.0,0.0,0.0,0.0,True,6,4,nan,nan,"[0.0,0.0,0.0]",,"[3.37874416292991e-05,4.721888916466016e-07,0.0004343204413155288]",direct_vp,"[""poor_clock_consistency""]",3095716.0455992715,3096560,True,1588359.561979803,99.7631649440049,7.336858039155268,0.15513584355163373,"[4.953203248824197,4.925905778695255,5.267797138792743]",229.8182237073779,103.26763363927603,334.5115368887782,nan,nan,nan,nan,False,,nan,,,nan,nan,nan,,,,,,,,0.007820534195949717,0.0030176254889496532,0.28564569008546215,nan,nan,nan,False,not_run,not_requested
fig1_fig2,free_jones_vp_gated_rescue,90,4175219143,-5.0,snr_db,-5.0,3,3,3,3,full_6d,4175219143,,,nan,,False,,113.63399410247803,0.007820534195949717,0.007820534195949717,0.0030176254889496532,0.00675418293676475,6.010598180908262e-12,0.28564569008546215,False,direct_vp,global_exact_spherical_vp,proposed_post_stage1,False,71744f2e9ad6b795,jones_free,cpu,False,,numpy,numpy.linalg.solve,jones_free,False,,,0.0,0.0,0.0,0.0,True,6,4,nan,nan,"[0.0,0.0,0.0]",,"[3.37874416292991e-05,4.721888916466016e-07,0.0004343204413155288]",direct_vp,"[""poor_clock_consistency""]",3095716.0455992715,3096560,True,1588359.561979803,99.7631649440049,7.336858039155268,0.15513584355163373,"[4.953203248824197,4.925905778695255,5.267797138792743]",229.8182237073779,107.17954429239035,338.42344754189253,nan,nan,nan,nan,False,,nan,,,nan,nan,nan,,,,,,,,0.007820534195949717,0.0030176254889496532,0.28564569008546215,nan,nan,nan,False,not_run,not_requested
fig1_fig2,PEB,90,4175219143,-5.0,snr_db,-5.0,3,3,3,3,full_6d,4175219143,,,nan,,False,,5.756833016872406,nan,nan,nan,nan,nan,nan,False,,,peb_only,False,c349ca5c5020961b,,,,,,,adaptive_jones,True,fixed_anchor_then_adaptive_jones_score_selection,,nan,nan,nan,nan,True,,,nan,nan,,,,,[],nan,,,nan,nan,nan,nan,,nan,nan,nan,0.0008030298223571415,nan,nan,0.0008030298223571415,False,6333c10944794ce04d692bf5cb56023e51f4bf1ac8d7f2df89dad974bd0e5c09,0.28572503918099285,computed_unscaled,cpu,nan,nan,nan,,,,,,,,nan,nan,nan,nan,nan,nan,False,,
fig1_fig2,free_jones_vp,92,971995857,-5.0,snr_db,-5.0,3,3,3,3,full_6d,971995857,,,nan,,False,,135.70081106573343,0.013350018669959081,0.013350018669959081,0.0024836436953820412,0.011923613402020571,5.548089717599005e-12,1.6993867226607284,False,direct_vp,global_exact_spherical_vp,proposed_post_stage1,False,22a9d929ba7b8522,jones_free,cpu,False,,numpy,numpy.linalg.solve,jones_free,False,,,0.0,0.0,0.0,0.0,True,6,4,nan,nan,"[0.0,0.0,0.0]",,"[0.0003025308893333153,5.068861871019955e-06,2.8456096259474834e-05]",direct_vp,"[""poor_clock_consistency""]",3100364.6573532852,3096560,True,2642403.8595499713,80.46434807275931,6.989906664596723,0.24941358174233233,"[4.5125188989829805,4.95675216444783,5.097849946076611]",215.99661548435688,128.37157121300697,345.7611603587866,nan,nan,nan,nan,False,,nan,,,nan,nan,nan,,,,,,,,0.013350018669959081,0.0024836436953820412,1.6993867226607284,nan,nan,nan,False,not_run,not_requested
fig1_fig2,free_jones_vp_gated_rescue,92,971995857,-5.0,snr_db,-5.0,3,3,3,3,full_6d,971995857,,,nan,,False,,137.2990995720029,0.013350018669959081,0.013350018669959081,0.0024836436953820412,0.011923613402020571,5.548089717599005e-12,1.6993867226607284,False,direct_vp,global_exact_spherical_vp,proposed_post_stage1,False,22a9d929ba7b8522,jones_free,cpu,False,,numpy,numpy.linalg.solve,jones_free,False,,,0.0,0.0,0.0,0.0,True,6,4,nan,nan,"[0.0,0.0,0.0]",,"[0.0003025308893333153,5.068861871019955e-06,2.8456096259474834e-05]",direct_vp,"[""poor_clock_consistency""]",3100364.6573532852,3096560,True,2642403.8595499713,80.46434807275931,6.989906664596723,0.24941358174233233,"[4.5125188989829805,4.95675216444783,5.097849946076611]",215.99661548435688,130.7961529120803,348.1857420578599,nan,nan,nan,nan,False,,nan,,,nan,nan,nan,,,,,,,,0.013350018669959081,0.0024836436953820412,1.6993867226607284,nan,nan,nan,False,not_run,not_requested
fig1_fig2,PEB,92,971995857,-5.0,snr_db,-5.0,3,3,3,3,full_6d,971995857,,,nan,,False,,5.757377862930298,nan,nan,nan,nan,nan,nan,False,,,peb_only,False,70038229ededf3d5,,,,,,,adaptive_jones,True,fixed_anchor_then_adaptive_jones_score_selection,,nan,nan,nan,nan,True,,,nan,nan,,,,,[],nan,,,nan,nan,nan,nan,,nan,nan,nan,0.000567143331012526,nan,nan,0.000567143331012526,False,414dc620a83beefed3505e1c54ca50570728cbcfef97d68ab55ee64715d67776,1.6973100656495559,computed_unscaled,cpu,nan,nan,nan,,,,,,,,nan,nan,nan,nan,nan,nan,False,,
fig1_fig2,free_jones_vp,73,1489186484,-5.0,snr_db,-5.0,3,3,3,3,full_6d,1489186484,,,nan,,False,,1443.8561931848526,0.03217106810140759,0.03217106810140759,0.018178618239941245,0.015026675039212916,6.373509784416643e-12,0.8985034756014081,False,direct_vp,global_exact_spherical_vp,proposed_post_stage1,False,d2c730b0e217bf8f,jones_free,cpu,False,,numpy,numpy.linalg.solve,jones_free,False,,,0.0,0.0,0.0,0.0,True,6,4,nan,nan,"[0.0,0.0,0.0]",,"[5.2692237280219085e-06,1.118695097248205e-05,4.814225411410906e-05]",jnpp_then_vp,[],3113967.3975291713,3096560,False,2900214.3928749817,66.65709782347622,11.415056631164413,0.040772909365332344,"[5.13720408071151,5.093503923859255,5.193127120004987]",237.36622805148363,1325.0745335966349,1563.846419095993,nan,nan,nan,nan,False,,nan,,,nan,nan,nan,,,,,,,,0.03217106810140759,0.018178618239941245,0.8985034756014081,nan,nan,nan,False,not_run,not_requested
fig1_fig2,free_jones_vp_gated_rescue,73,1489186484,-5.0,snr_db,-5.0,3,3,3,3,full_6d,1489186484,,,nan,,False,,1566.4239929616451,0.00047490582992690196,0.00047490582992690196,2.8174712782693977e-05,0.00034263072703965154,3.5192708100381104e-12,0.8933383893482189,False,ris_only_stage2_then_vp,global_exact_spherical_vp,proposed_post_stage1,False,d2c730b0e217bf8f,jones_free,cpu,False,,numpy,numpy.linalg.solve,jones_free,False,,,0.0,0.0,0.0,0.0,True,6,4,nan,nan,"[0.0,0.0,0.0]",,"[6.4790565779675495e-06,8.837937568081975e-06,4.1066057794059146e-05]",jnpp_then_vp,[],3113967.3975291713,3096560,False,2900214.3928749817,66.65709782347622,11.415056631164413,0.040772909365332344,"[5.13720408071151,5.093503923859255,5.193127120004987]",237.36622805148363,127.80092476308346,382.43379424512386,nan,nan,nan,nan,False,,nan,,,nan,nan,nan,,,,,,,,0.03217106810140759,0.018178618239941245,0.8985034756014081,0.00047490582992690196,2.8174712782693977e-05,0.8933383893482189,True,accepted,accepted
fig1_fig2,PEB,73,1489186484,-5.0,snr_db,-5.0,3,3,3,3,full_6d,1489186484,,,nan,,False,,5.758128643035889,nan,nan,nan,nan,nan,nan,False,,,peb_only,False,9e84ccc7bd8cc32d,,,,,,,adaptive_jones,True,fixed_anchor_then_adaptive_jones_score_selection,,nan,nan,nan,nan,True,,,nan,nan,,,,,[],nan,,,nan,nan,nan,nan,,nan,nan,nan,0.0006006029159738121,nan,nan,0.0006006029159738121,False,d64a78118eb17c14251c66a9269a2f68d800276ea77027a48898e01b93fc8e18,0.8934853655409349,computed_unscaled,cpu,nan,nan,nan,,,,,,,,nan,nan,nan,nan,nan,nan,False,,
fig1_fig2,free_jones_vp,59,1187262716,-5.0,snr_db,-5.0,3,3,3,3,full_6d,1187262716,,,nan,,False,,2007.1710390746593,0.02072743977472005,0.02072743977472005,0.0011959554562285435,0.0031339317317479907,2.2029109689299904e-12,0.7888315611012672,False,direct_vp,global_exact_spherical_vp,proposed_post_stage1,False,73c5149d43ce18d5,jones_free,cpu,False,,numpy,numpy.linalg.solve,jones_free,False,,,0.0,0.0,0.0,0.0,True,6,4,nan,nan,"[0.0,0.0,0.0]",,"[1.1751919176407739e-05,3.365311653820203e-05,1.5898446556557387e-05]",direct_vp,"[""poor_clock_consistency""]",3099047.1693487503,3096560,True,2587693.323289079,69.22048209673893,8.559204882724746,0.1178878709286494,"[5.146162973579134,4.879825347381237,4.916365090538183]",234.93471764028072,1897.3650059774518,2133.7576393336058,nan,nan,nan,nan,False,,nan,,,nan,nan,nan,,,,,,,,0.02072743977472005,0.0011959554562285435,0.7888315611012672,nan,nan,nan,False,not_run,not_requested
fig1_fig2,free_jones_vp_gated_rescue,59,1187262716,-5.0,snr_db,-5.0,3,3,3,3,full_6d,1187262716,,,nan,,False,,2006.950046993792,0.02072743977472005,0.02072743977472005,0.0011959554562285435,0.0031339317317479907,2.2029109689299904e-12,0.7888315611012672,False,direct_vp,global_exact_spherical_vp,proposed_post_stage1,False,73c5149d43ce18d5,jones_free,cpu,False,,numpy,numpy.linalg.solve,jones_free,False,,,0.0,0.0,0.0,0.0,True,6,4,nan,nan,"[0.0,0.0,0.0]",,"[1.1751919176407739e-05,3.365311653820203e-05,1.5898446556557387e-05]",direct_vp,"[""poor_clock_consistency""]",3099047.1693487503,3096560,True,2587693.323289079,69.22048209673893,8.559204882724746,0.1178878709286494,"[5.146162973579134,4.879825347381237,4.916365090538183]",234.93471764028072,1893.8831593990326,2130.2757927551866,nan,nan,nan,nan,False,,nan,,,nan,nan,nan,,,,,,,,0.02072743977472005,0.0011959554562285435,0.7888315611012672,nan,nan,nan,False,not_run,not_requested
fig1_fig2,PEB,59,1187262716,-5.0,snr_db,-5.0,3,3,3,3,full_6d,1187262716,,,nan,,False,,6.229825422167778,nan,nan,nan,nan,nan,nan,False,,,peb_only,False,67cda06b4f335e9a,,,,,,,adaptive_jones,True,fixed_anchor_then_adaptive_jones_score_selection,,nan,nan,nan,nan,True,,,nan,nan,,,,,[],nan,,,nan,nan,nan,nan,,nan,nan,nan,0.0006693103966335114,nan,nan,0.0006693103966335114,False,ba85b3dc69f0d5910f5e051466d13a9fa16bdfb1c72eaceaa138a692faa0065e,0.7882025495797905,computed_unscaled,cpu,nan,nan,nan,,,,,,,,nan,nan,nan,nan,nan,nan,False,,
fig1_fig2,free_jones_vp,98,1149511508,-5.0,snr_db,-5.0,3,3,3,3,full_6d,1149511508,,,nan,,False,,101.18619875609875,0.004651995985096527,0.004651995985096527,0.0005213590325300343,0.004175081245019096,1.8968662811768497e-12,0.8629561074265405,False,direct_vp,global_exact_spherical_vp,proposed_post_stage1,False,3d5fe33c0f32c24f,jones_free,cpu,False,,numpy,numpy.linalg.solve,jones_free,False,,,0.0,0.0,0.0,0.0,True,6,4,nan,nan,"[0.0,0.0,0.0]",,"[7.448643230320298e-05,3.6431296312762216e-06,2.369035078516863e-06]",direct_vp,"[""poor_clock_consistency""]",3095010.2439442794,3096560,True,2839135.026167611,75.67029643866017,8.684682935120533,0.10955789345158293,"[5.242299040529108,5.1082862522277175,4.9739381740969835]",231.96200466156006,92.70685935020447,326.257056504488,nan,nan,nan,nan,False,,nan,,,nan,nan,nan,,,,,,,,0.004651995985096527,0.0005213590325300343,0.8629561074265405,nan,nan,nan,False,not_run,not_requested
fig1_fig2,free_jones_vp_gated_rescue,98,1149511508,-5.0,snr_db,-5.0,3,3,3,3,full_6d,1149511508,,,nan,,False,,100.7002609372139,0.004651995985096527,0.004651995985096527,0.0005213590325300343,0.004175081245019096,1.8968662811768497e-12,0.8629561074265405,False,direct_vp,global_exact_spherical_vp,proposed_post_stage1,False,3d5fe33c0f32c24f,jones_free,cpu,False,,numpy,numpy.linalg.solve,jones_free,False,,,0.0,0.0,0.0,0.0,True,6,4,nan,nan,"[0.0,0.0,0.0]",,"[7.448643230320298e-05,3.6431296312762216e-06,2.369035078516863e-06]",direct_vp,"[""poor_clock_consistency""]",3095010.2439442794,3096560,True,2839135.026167611,75.67029643866017,8.684682935120533,0.10955789345158293,"[5.242299040529108,5.1082862522277175,4.9739381740969835]",231.96200466156006,94.1346845626831,327.68488171696663,nan,nan,nan,nan,False,,nan,,,nan,nan,nan,,,,,,,,0.004651995985096527,0.0005213590325300343,0.8629561074265405,nan,nan,nan,False,not_run,not_requested
fig1_fig2,PEB,98,1149511508,-5.0,snr_db,-5.0,3,3,3,3,full_6d,1149511508,,,nan,,False,,6.1165831461548805,nan,nan,nan,nan,nan,nan,False,,,peb_only,False,a7af84a9de0dd625,,,,,,,adaptive_jones,True,fixed_anchor_then_adaptive_jones_score_selection,,nan,nan,nan,nan,True,,,nan,nan,,,,,[],nan,,,nan,nan,nan,nan,,nan,nan,nan,0.0005878721796479607,nan,nan,0.0005878721796479607,False,20ab18018f84cd00eca3bffc39c0046cd77b64c781a4db651e945869c9a7cf28,0.863392674237157,computed_unscaled,cpu,nan,nan,nan,,,,,,,,nan,nan,nan,nan,nan,nan,False,,
fig1_fig2,free_jones_vp,62,1815661330,-5.0,snr_db,-5.0,3,3,3,3,full_6d,1815661330,,,nan,,False,,1909.8120926097035,0.12615752889651846,0.12615752889651846,0.06552469951799081,0.09980018026266511,1.347192865966328e-10,1.8272640049155962,True,direct_vp,global_exact_spherical_vp,proposed_post_stage1,False,911306e188820f93,jones_free,cpu,False,,numpy,numpy.linalg.solve,jones_free,False,,,0.0,0.0,0.0,0.0,True,6,4,nan,nan,"[0.0,0.0,0.0]",,"[2.77558267740566e-06,0.00022449974991802248,0.00021032848605210682]",jnpp_then_vp,"[""poor_clock_consistency""]",3161144.728529873,3096560,False,450301.5927854919,381.8809308351562,3.3810559253302133,0.5494359968660754,"[5.045218586579296,4.931393280966476,3.8269522125550166]",221.5521767884493,1632.810989573598,1855.7752913534641,nan,nan,nan,nan,False,,nan,,,nan,nan,nan,,,,,,,,0.12615752889651846,0.06552469951799081,1.8272640049155962,nan,nan,nan,False,not_run,not_requested
fig1_fig2,free_jones_vp_gated_rescue,62,1815661330,-5.0,snr_db,-5.0,3,3,3,3,full_6d,1815661330,,,nan,,False,,2019.3169344067574,0.001397981763518564,0.001397981763518564,2.083274661358102e-05,0.0006416207326744863,2.860486348491287e-12,1.790358580461178,False,ris_only_stage2_then_vp,global_exact_spherical_vp,proposed_post_stage1,False,911306e188820f93,jones_free,cpu,False,,numpy,numpy.linalg.solve,jones_free,False,,,0.0,0.0,0.0,0.0,True,6,4,nan,nan,"[0.0,0.0,0.0]",,"[3.236847554062665e-06,5.38729576059098e-05,0.00011010263329436076]",jnpp_then_vp,"[""poor_clock_consistency""]",3161144.728529873,3096560,False,450301.5927854919,381.8809308351562,3.3810559253302133,0.5494359968660754,"[5.045218586579296,4.931393280966476,3.8269522125550166]",221.5521767884493,112.731613881886,351.5026319399476,nan,nan,nan,nan,False,,nan,,,nan,nan,nan,,,,,,,,0.12615752889651846,0.06552469951799081,1.8272640049155962,0.001397981763518564,2.083274661358102e-05,1.790358580461178,True,accepted,accepted
fig1_fig2,PEB,62,1815661330,-5.0,snr_db,-5.0,3,3,3,3,full_6d,1815661330,,,nan,,False,,5.481957331299782,nan,nan,nan,nan,nan,nan,False,,,peb_only,False,00adba09f9101c28,,,,,,,adaptive_jones,True,fixed_anchor_then_adaptive_jones_score_selection,,nan,nan,nan,nan,True,,,nan,nan,,,,,[],nan,,,nan,nan,nan,nan,,nan,nan,nan,0.001012262385665174,nan,nan,0.001012262385665174,False,97d98efc9e77b8da847d52d27748aedf3c40844281671ccf00f295af09763222,1.7899407806984395,computed_unscaled,cpu,nan,nan,nan,,,,,,,,nan,nan,nan,nan,nan,nan,False,,
fig1_fig2,free_jones_vp,69,1134195269,-5.0,snr_db,-5.0,3,3,3,3,full_6d,1134195269,,,nan,,False,,1625.518609508872,0.03230638833312559,0.03230638833312559,0.010181634786948623,0.01776454497289691,5.264537593691066e-12,2.152532145040355,False,direct_vp,global_exact_spherical_vp,proposed_post_stage1,False,cc56e272e933d869,jones_free,cpu,False,,numpy,numpy.linalg.solve,jones_free,False,,,0.0,0.0,0.0,0.0,True,6,4,nan,nan,"[0.0,0.0,0.0]",,"[0.059938263937847194,3.1221150416335645e-06,7.486283375296444e-05]",jnpp_then_vp,"[""low_assignment_margin"",""poor_clock_consistency""]",3107373.01105407,3096560,False,2620977.5069091287,86.00399711116255,0.12808142809511144,3.5476333656382777,"[-2.289594520915772,5.010083412037119,5.44334226374056]",234.96740843355656,1508.9062626808882,1745.255309522152,nan,nan,nan,nan,False,,nan,,,nan,nan,nan,,,,,,,,0.03230638833312559,0.010181634786948623,2.152532145040355,nan,nan,nan,False,not_run,not_requested
fig1_fig2,free_jones_vp_gated_rescue,69,1134195269,-5.0,snr_db,-5.0,3,3,3,3,full_6d,1134195269,,,nan,,False,,1960.060831837356,0.003778034825158627,0.003778034825158627,7.611966001626509e-05,0.0005360842187874465,4.859339815227896e-13,2.1458051573864054,False,ris_only_stage2_then_vp,global_exact_spherical_vp,proposed_post_stage1,False,cc56e272e933d869,jones_free,cpu,False,,numpy,numpy.linalg.solve,jones_free,False,,,0.0,0.0,0.0,0.0,True,6,4,nan,nan,"[0.0,0.0,0.0]",,"[0.0608887579538344,3.2000339161542363e-06,7.959153935936247e-05]",jnpp_then_vp,"[""low_assignment_margin"",""poor_clock_consistency""]",3107373.01105407,3096560,False,2620977.5069091287,86.00399711116255,0.12808142809511144,3.5476333656382777,"[-2.289594520915772,5.010083412037119,5.44334226374056]",234.96740843355656,321.5825940743089,571.8617323338985,nan,nan,nan,nan,False,,nan,,,nan,nan,nan,,,,,,,,0.03230638833312559,0.010181634786948623,2.152532145040355,0.003778034825158627,7.611966001626509e-05,2.1458051573864054,True,accepted,accepted
fig1_fig2,PEB,69,1134195269,-5.0,snr_db,-5.0,3,3,3,3,full_6d,1134195269,,,nan,,False,,6.241070620715618,nan,nan,nan,nan,nan,nan,False,,,peb_only,False,0bc159b25dfa8816,,,,,,,adaptive_jones,True,fixed_anchor_then_adaptive_jones_score_selection,,nan,nan,nan,nan,True,,,nan,nan,,,,,[],nan,,,nan,nan,nan,nan,,nan,nan,nan,0.0005908236654186941,nan,nan,0.0005908236654186941,False,3c4e17d6858814038ebdb81b7444e4cbebd5be1a61e4510cac6392db534f501a,2.1450528648633163,computed_unscaled,cpu,nan,nan,nan,,,,,,,,nan,nan,nan,nan,nan,nan,False,,
fig1_fig2,free_jones_vp,2,3251202663,0.0,snr_db,0.0,3,3,3,3,full_6d,3251202663,,,nan,,False,,132.32563579827547,0.0010012157185042936,0.0010012157185042936,0.00010029365377726466,0.0005962752100097461,1.1012748789724907e-12,0.22852668763610914,False,direct_vp,global_exact_spherical_vp,proposed_post_stage1,False,f3bf568758b2e0c2,jones_free,cpu,False,,numpy,numpy.linalg.solve,jones_free,False,,,0.0,0.0,0.0,0.0,True,6,4,nan,nan,"[0.0,0.0,0.0]",,"[8.072546286357447e-07,1.3472097896890035e-06,1.6436974394694423e-05]",direct_vp,[],3094151.990099886,3096560,True,8430322.440944197,73.91453013712416,21.907433783535666,0.05420030970511048,"[4.903081006047038,5.010808035450615,5.024143452485092]",238.83544623851776,124.51941404491663,364.7951749563217,nan,nan,nan,nan,False,,nan,,,nan,nan,nan,,,,,,,,0.0010012157185042936,0.00010029365377726466,0.22852668763610914,nan,nan,nan,False,not_run,not_requested
fig1_fig2,free_jones_vp_gated_rescue,2,3251202663,0.0,snr_db,0.0,3,3,3,3,full_6d,3251202663,,,nan,,False,,132.7169114202261,0.0010012157185042936,0.0010012157185042936,0.00010029365377726466,0.0005962752100097461,1.1012748789724907e-12,0.22852668763610914,False,direct_vp,global_exact_spherical_vp,proposed_post_stage1,False,f3bf568758b2e0c2,jones_free,cpu,False,,numpy,numpy.linalg.solve,jones_free,False,,,0.0,0.0,0.0,0.0,True,6,4,nan,nan,"[0.0,0.0,0.0]",,"[8.072546286357447e-07,1.3472097896890035e-06,1.6436974394694423e-05]",direct_vp,[],3094151.990099886,3096560,True,8430322.440944197,73.91453013712416,21.907433783535666,0.05420030970511048,"[4.903081006047038,5.010808035450615,5.024143452485092]",238.83544623851776,126.0753582790494,366.3511191904545,nan,nan,nan,nan,False,,nan,,,nan,nan,nan,,,,,,,,0.0010012157185042936,0.00010029365377726466,0.22852668763610914,nan,nan,nan,False,not_run,not_requested
fig1_fig2,PEB,2,3251202663,0.0,snr_db,0.0,3,3,3,3,full_6d,3251202663,,,nan,,False,,5.917520597577095,nan,nan,nan,nan,nan,nan,False,,,peb_only,False,2e1a30c8a557fa67,,,,,,,adaptive_jones,True,fixed_anchor_then_adaptive_jones_score_selection,,nan,nan,nan,nan,True,,,nan,nan,,,,,[],nan,,,nan,nan,nan,nan,,nan,nan,nan,0.0003492430591697508,nan,nan,0.0003492430591697508,False,ba669d51e548d5d57a5c08da45514e8eda76ee1a2847f0b8bc91639b42fa1215,0.2287057192270079,computed_unscaled,cpu,nan,nan,nan,,,,,,,,nan,nan,nan,nan,nan,nan,False,,
fig1_fig2,free_jones_vp,3,3422926171,0.0,snr_db,0.0,3,3,3,3,full_6d,3422926171,,,nan,,False,,116.86845201253891,0.00027599466407321867,0.00027599466407321867,1.006688981412351e-05,3.597838809192153e-05,1.3010864146301494e-12,0.2781452715107453,False,direct_vp,global_exact_spherical_vp,proposed_post_stage1,False,9bdab631815a503a,jones_free,cpu,False,,numpy,numpy.linalg.solve,jones_free,False,,,0.0,0.0,0.0,0.0,True,6,4,nan,nan,"[0.0,0.0,0.0]",,"[9.571727541712514e-06,4.86358881605997e-07,1.3091255594209815e-06]",direct_vp,[],3097496.103441854,3096560,True,8560218.959429886,79.30499256828999,17.189705311949506,0.06614866374433319,"[4.934488229797593,4.9318023123305785,5.073448496628377]",221.08748050034046,109.74703052639961,332.2933188378811,nan,nan,nan,nan,False,,nan,,,nan,nan,nan,,,,,,,,0.00027599466407321867,1.006688981412351e-05,0.2781452715107453,nan,nan,nan,False,not_run,not_requested
fig1_fig2,free_jones_vp_gated_rescue,3,3422926171,0.0,snr_db,0.0,3,3,3,3,full_6d,3422926171,,,nan,,False,,116.62065029144287,0.00027599466407321867,0.00027599466407321867,1.006688981412351e-05,3.597838809192153e-05,1.3010864146301494e-12,0.2781452715107453,False,direct_vp,global_exact_spherical_vp,proposed_post_stage1,False,9bdab631815a503a,jones_free,cpu,False,,numpy,numpy.linalg.solve,jones_free,False,,,0.0,0.0,0.0,0.0,True,6,4,nan,nan,"[0.0,0.0,0.0]",,"[9.571727541712514e-06,4.86358881605997e-07,1.3091255594209815e-06]",direct_vp,[],3097496.103441854,3096560,True,8560218.959429886,79.30499256828999,17.189705311949506,0.06614866374433319,"[4.934488229797593,4.9318023123305785,5.073448496628377]",221.08748050034046,110.12897036224604,332.6752586737275,nan,nan,nan,nan,False,,nan,,,nan,nan,nan,,,,,,,,0.00027599466407321867,1.006688981412351e-05,0.2781452715107453,nan,nan,nan,False,not_run,not_requested
fig1_fig2,PEB,3,3422926171,0.0,snr_db,0.0,3,3,3,3,full_6d,3422926171,,,nan,,False,,5.646218486130238,nan,nan,nan,nan,nan,nan,False,,,peb_only,False,bc5e967b7d248463,,,,,,,adaptive_jones,True,fixed_anchor_then_adaptive_jones_score_selection,,nan,nan,nan,nan,True,,,nan,nan,,,,,[],nan,,,nan,nan,nan,nan,,nan,nan,nan,0.00034567784068279125,nan,nan,0.00034567784068279125,False,36031d2b9c9618797e3e0dd10eb5c7dda8abc129f14c8c8dd5b717980768d13b,0.2780626491560737,computed_unscaled,cpu,nan,nan,nan,,,,,,,,nan,nan,nan,nan,nan,nan,False,,
fig1_fig2,free_jones_vp,4,287230138,0.0,snr_db,0.0,3,3,3,3,full_6d,287230138,,,nan,,False,,110.18518099933863,0.0008876978923305984,0.0008876978923305984,2.113734392375379e-05,0.0007781537783181475,4.720869741342126e-13,0.4943252711789218,False,direct_vp,global_exact_spherical_vp,proposed_post_stage1,False,12d5c2c30ce0ab49,jones_free,cpu,False,,numpy,numpy.linalg.solve,jones_free,False,,,0.0,0.0,0.0,0.0,True,6,4,nan,nan,"[0.0,0.0,0.0]",,"[6.927103875536721e-06,3.689453013131788e-07,1.0569554322505029e-05]",direct_vp,[],3096369.509513832,3096560,True,9220492.428635648,76.10998358029545,15.145729830406466,0.05591842559039449,"[4.896579776779941,4.98150996087762,5.032109708129877]",229.78279384970665,103.08818132430315,334.29576912522316,nan,nan,nan,nan,False,,nan,,,nan,nan,nan,,,,,,,,0.0008876978923305984,2.113734392375379e-05,0.4943252711789218,nan,nan,nan,False,not_run,not_requested
fig1_fig2,free_jones_vp_gated_rescue,4,287230138,0.0,snr_db,0.0,3,3,3,3,full_6d,287230138,,,nan,,False,,109.26721484214067,0.0008876978923305984,0.0008876978923305984,2.113734392375379e-05,0.0007781537783181475,4.720869741342126e-13,0.4943252711789218,False,direct_vp,global_exact_spherical_vp,proposed_post_stage1,False,12d5c2c30ce0ab49,jones_free,cpu,False,,numpy,numpy.linalg.solve,jones_free,False,,,0.0,0.0,0.0,0.0,True,6,4,nan,nan,"[0.0,0.0,0.0]",,"[6.927103875536721e-06,3.689453013131788e-07,1.0569554322505029e-05]",direct_vp,[],3096369.509513832,3096560,True,9220492.428635648,76.10998358029545,15.145729830406466,0.05591842559039449,"[4.896579776779941,4.98150996087762,5.032109708129877]",229.78279384970665,102.32523590326309,333.5328237041831,nan,nan,nan,nan,False,,nan,,,nan,nan,nan,,,,,,,,0.0008876978923305984,2.113734392375379e-05,0.4943252711789218,nan,nan,nan,False,not_run,not_requested
fig1_fig2,PEB,4,287230138,0.0,snr_db,0.0,3,3,3,3,full_6d,287230138,,,nan,,False,,5.3469759449362755,nan,nan,nan,nan,nan,nan,False,,,peb_only,False,67bf76dab74cb721,,,,,,,adaptive_jones,True,fixed_anchor_then_adaptive_jones_score_selection,,nan,nan,nan,nan,True,,,nan,nan,,,,,[],nan,,,nan,nan,nan,nan,,nan,nan,nan,0.00031735169972478365,nan,nan,0.00031735169972478365,False,72d5586e1e2071d827e37c0d5029359210d7878b9ab9d369f2c38d0e300801aa,0.4943582367100889,computed_unscaled,cpu,nan,nan,nan,,,,,,,,nan,nan,nan,nan,nan,nan,False,,
fig1_fig2,free_jones_vp,74,2087150408,-5.0,snr_db,-5.0,3,3,3,3,full_6d,2087150408,,,nan,,False,,1626.636377170682,0.025668518597234145,0.025668518597234145,0.0023140726597491567,0.0008529530128829012,2.6350888378207324e-12,0.7622175418380942,False,direct_vp,global_exact_spherical_vp,proposed_post_stage1,False,17481518c5087384,jones_free,cpu,False,,numpy,numpy.linalg.solve,jones_free,False,,,0.0,0.0,0.0,0.0,True,6,4,nan,nan,"[0.0,0.0,0.0]",,"[3.3237558574591637e-08,1.073627646359093e-06,1.102988011613131e-06]",direct_vp,[],3098301.277368105,3096560,True,2297759.404650189,71.64974511983665,10.021689396546545,0.09438302226045554,"[5.266454871686177,5.054223935049122,5.2397448135120355]",237.71024165302515,1403.9861373603344,1643.231681086123,nan,nan,nan,nan,False,,nan,,,nan,nan,nan,,,,,,,,0.025668518597234145,0.0023140726597491567,0.7622175418380942,nan,nan,nan,False,not_run,not_requested
fig1_fig2,free_jones_vp_gated_rescue,74,2087150408,-5.0,snr_db,-5.0,3,3,3,3,full_6d,2087150408,,,nan,,False,,1604.5372721850872,0.025668518597234145,0.025668518597234145,0.0023140726597491567,0.0008529530128829012,2.6350888378207324e-12,0.7622175418380942,False,direct_vp,global_exact_spherical_vp,proposed_post_stage1,False,17481518c5087384,jones_free,cpu,False,,numpy,numpy.linalg.solve,jones_free,False,,,0.0,0.0,0.0,0.0,True,6,4,nan,nan,"[0.0,0.0,0.0]",,"[3.3237558574591637e-08,1.073627646359093e-06,1.102988011613131e-06]",direct_vp,[],3098301.277368105,3096560,True,2297759.404650189,71.64974511983665,10.021689396546545,0.09438302226045554,"[5.266454871686177,5.054223935049122,5.2397448135120355]",237.71024165302515,1373.8387722969055,1613.084316022694,nan,nan,nan,nan,False,,nan,,,nan,nan,nan,,,,,,,,0.025668518597234145,0.0023140726597491567,0.7622175418380942,nan,nan,nan,False,not_run,not_requested
fig1_fig2,PEB,74,2087150408,-5.0,snr_db,-5.0,3,3,3,3,full_6d,2087150408,,,nan,,False,,5.492560148239136,nan,nan,nan,nan,nan,nan,False,,,peb_only,False,fbfce868c2499fa2,,,,,,,adaptive_jones,True,fixed_anchor_then_adaptive_jones_score_selection,,nan,nan,nan,nan,True,,,nan,nan,,,,,[],nan,,,nan,nan,nan,nan,,nan,nan,nan,0.000707136818463113,nan,nan,0.000707136818463113,False,78fd75a3c1d4026a3e7d885aa302f9406531fe623bed7ee4eda6f02c54b6aa8a,0.7617931038778121,computed_unscaled,cpu,nan,nan,nan,,,,,,,,nan,nan,nan,nan,nan,nan,False,,
fig1_fig2,free_jones_vp,72,2100195688,-5.0,snr_db,-5.0,3,3,3,3,full_6d,2100195688,,,nan,,False,,1771.7398896440864,0.026699260299837,0.026699260299837,0.0029522707108897983,0.007676844115542517,5.860994641809139e-12,1.041937747482227,False,direct_vp,global_exact_spherical_vp,proposed_post_stage1,False,a64d2b34ea688d2f,jones_free,cpu,False,,numpy,numpy.linalg.solve,jones_free,False,,,0.0,0.0,0.0,0.0,True,6,4,nan,nan,"[0.0,0.0,0.0]",,"[8.950645800126699e-05,5.417674046973579e-07,1.7564937364169886e-05]",jnpp_then_vp,[],3103173.332390137,3096560,False,2418173.268632632,71.28131209063923,8.935011600204202,0.07666811234526694,"[5.055370677602853,4.944881722346138,5.131637190398676]",236.39240593463182,1764.0381996631622,2001.7732983157039,nan,nan,nan,nan,False,,nan,,,nan,nan,nan,,,,,,,,0.026699260299837,0.0029522707108897983,1.041937747482227,nan,nan,nan,False,not_run,not_requested
fig1_fig2,free_jones_vp_gated_rescue,72,2100195688,-5.0,snr_db,-5.0,3,3,3,3,full_6d,2100195688,,,nan,,False,,2019.1769246831536,0.026699260299837,0.026699260299837,0.0029522707108897983,0.007676844115542517,5.860994641809139e-12,1.041937747482227,False,direct_vp_rollback,global_exact_spherical_vp,proposed_post_stage1,False,a64d2b34ea688d2f,jones_free,cpu,False,,numpy,numpy.linalg.solve,jones_free,False,,,0.0,0.0,0.0,0.0,True,6,4,nan,nan,"[0.0,0.0,0.0]",,"[8.950645800126699e-05,5.417674046973579e-07,1.7564937364169886e-05]",jnpp_then_vp,[],3103173.332390137,3096560,False,2418173.268632632,71.28131209063923,8.935011600204202,0.07666811234526694,"[5.055370677602853,4.944881722346138,5.131637190398676]",236.39240593463182,1750.0920715108514,1987.827170163393,nan,nan,nan,nan,False,,nan,,,nan,nan,nan,,,,,,,,0.026699260299837,0.0029522707108897983,1.041937747482227,0.00038836582981338006,2.2081850308662837e-05,1.0409755253771362,True,rollback,existing_selector_rollback
fig1_fig2,PEB,72,2100195688,-5.0,snr_db,-5.0,3,3,3,3,full_6d,2100195688,,,nan,,False,,5.52493879199028,nan,nan,nan,nan,nan,nan,False,,,peb_only,False,17a4a26c938aa886,,,,,,,adaptive_jones,True,fixed_anchor_then_adaptive_jones_score_selection,,nan,nan,nan,nan,True,,,nan,nan,,,,,[],nan,,,nan,nan,nan,nan,,nan,nan,nan,0.0006937328862216464,nan,nan,0.0006937328862216464,False,c74090ee2666e0b285da3833dfd6aa0f2593b8f113092ef5692488e84b651980,1.0397225925702465,computed_unscaled,cpu,nan,nan,nan,,,,,,,,nan,nan,nan,nan,nan,nan,False,,
fig1_fig2,free_jones_vp,76,125194699,-5.0,snr_db,-5.0,3,3,3,3,full_6d,125194699,,,nan,,False,,1685.486963160336,0.02300687748816448,0.02300687748816448,0.0013149191649237024,0.0010593273621815552,4.629283595543424e-12,0.5317071665604082,False,direct_vp,global_exact_spherical_vp,proposed_post_stage1,False,11dafdf3a44a0b08,jones_free,cpu,False,,numpy,numpy.linalg.solve,jones_free,False,,,0.0,0.0,0.0,0.0,True,6,4,nan,nan,"[0.0,0.0,0.0]",,"[8.010681929931603e-06,1.3277381920338103e-05,4.353824036429278e-05]",direct_vp,"[""poor_clock_consistency""]",3096713.1860000975,3096560,True,1792838.612856226,103.97304819175379,7.58353839655565,0.1482975844233285,"[5.03086753625971,5.19186147175497,5.39336715560194]",231.8164299055934,1524.6027364060283,1757.8841056153178,nan,nan,nan,nan,False,,nan,,,nan,nan,nan,,,,,,,,0.02300687748816448,0.0013149191649237024,0.5317071665604082,nan,nan,nan,False,not_run,not_requested
fig1_fig2,free_jones_vp_gated_rescue,76,125194699,-5.0,snr_db,-5.0,3,3,3,3,full_6d,125194699,,,nan,,False,,1669.2616224065423,0.02300687748816448,0.02300687748816448,0.0013149191649237024,0.0010593273621815552,4.629283595543424e-12,0.5317071665604082,False,direct_vp,global_exact_spherical_vp,proposed_post_stage1,False,11dafdf3a44a0b08,jones_free,cpu,False,,numpy,numpy.linalg.solve,jones_free,False,,,0.0,0.0,0.0,0.0,True,6,4,nan,nan,"[0.0,0.0,0.0]",,"[8.010681929931603e-06,1.3277381920338103e-05,4.353824036429278e-05]",direct_vp,"[""poor_clock_consistency""]",3096713.1860000975,3096560,True,1792838.612856226,103.97304819175379,7.58353839655565,0.1482975844233285,"[5.03086753625971,5.19186147175497,5.39336715560194]",231.8164299055934,1509.5631949156523,1742.8445641249418,nan,nan,nan,nan,False,,nan,,,nan,nan,nan,,,,,,,,0.02300687748816448,0.0013149191649237024,0.5317071665604082,nan,nan,nan,False,not_run,not_requested
fig1_fig2,PEB,76,125194699,-5.0,snr_db,-5.0,3,3,3,3,full_6d,125194699,,,nan,,False,,5.802912622690201,nan,nan,nan,nan,nan,nan,False,,,peb_only,False,1b0428f3723c44d3,,,,,,,adaptive_jones,True,fixed_anchor_then_adaptive_jones_score_selection,,nan,nan,nan,nan,True,,,nan,nan,,,,,[],nan,,,nan,nan,nan,nan,,nan,nan,nan,0.0008101572310169272,nan,nan,0.0008101572310169272,False,6b8d35b33f7212a697b02c68cfa098dd74c3e1f522985e34bcbd559db51c8fd8,0.5316836116571858,computed_unscaled,cpu,nan,nan,nan,,,,,,,,nan,nan,nan,nan,nan,nan,False,,
fig1_fig2,free_jones_vp,1,112311654,0.0,snr_db,0.0,3,3,3,3,full_6d,112311654,,,nan,,False,,411.32876397669315,0.0052746133520353705,0.0052746133520353705,5.657839086324954e-05,0.0005459281327161631,5.423530639774979e-13,0.303831414741397,False,direct_vp,global_exact_spherical_vp,proposed_post_stage1,False,3cfa49a4be11638f,jones_free,cpu,False,,numpy,numpy.linalg.solve,jones_free,False,,,0.0,0.0,0.0,0.0,True,6,4,nan,nan,"[0.0,0.0,0.0]",,"[5.386237638869516e-07,7.324219538124484e-07,7.896237716929432e-06]",direct_vp,"[""poor_clock_consistency""]",3096575.847353522,3096560,True,5229233.347424844,96.10175030532508,7.504514512509921,0.1644317298323617,"[4.99084495620732,4.995232610862791,4.64424710737943]",235.96481280773878,403.6344403848052,641.0342198982835,nan,nan,nan,nan,False,,nan,,,nan,nan,nan,,,,,,,,0.0052746133520353705,5.657839086324954e-05,0.303831414741397,nan,nan,nan,False,not_run,not_requested
fig1_fig2,free_jones_vp_gated_rescue,1,112311654,0.0,snr_db,0.0,3,3,3,3,full_6d,112311654,,,nan,,False,,400.9970864504576,0.0052746133520353705,0.0052746133520353705,5.657839086324954e-05,0.0005459281327161631,5.423530639774979e-13,0.303831414741397,False,direct_vp,global_exact_spherical_vp,proposed_post_stage1,False,3cfa49a4be11638f,jones_free,cpu,False,,numpy,numpy.linalg.solve,jones_free,False,,,0.0,0.0,0.0,0.0,True,6,4,nan,nan,"[0.0,0.0,0.0]",,"[5.386237638869516e-07,7.324219538124484e-07,7.896237716929432e-06]",direct_vp,"[""poor_clock_consistency""]",3096575.847353522,3096560,True,5229233.347424844,96.10175030532508,7.504514512509921,0.1644317298323617,"[4.99084495620732,4.995232610862791,4.64424710737943]",235.96481280773878,394.478373080492,631.8781525939703,nan,nan,nan,nan,False,,nan,,,nan,nan,nan,,,,,,,,0.0052746133520353705,5.657839086324954e-05,0.303831414741397,nan,nan,nan,False,not_run,not_requested
fig1_fig2,PEB,1,112311654,0.0,snr_db,0.0,3,3,3,3,full_6d,112311654,,,nan,,False,,5.607720449566841,nan,nan,nan,nan,nan,nan,False,,,peb_only,False,84fedc971b3f8c03,,,,,,,adaptive_jones,True,fixed_anchor_then_adaptive_jones_score_selection,,nan,nan,nan,nan,True,,,nan,nan,,,,,[],nan,,,nan,nan,nan,nan,,nan,nan,nan,0.00045428474016656395,nan,nan,0.00045428474016656395,False,e3b48bd20620d3b9b8ef02e72c1473ee968de0b883c8a7b45706956b70dd2349,0.3038314297188423,computed_unscaled,cpu,nan,nan,nan,,,,,,,,nan,nan,nan,nan,nan,nan,False,,
fig1_fig2,free_jones_vp,63,3424526765,-5.0,snr_db,-5.0,3,3,3,3,full_6d,3424526765,,,nan,,False,,2342.7355151623487,0.012581267881144342,0.012581267881144342,0.003524951329384286,0.010565457901829601,5.1749177062733695e-12,1.0301627277816474,False,direct_vp,global_exact_spherical_vp,proposed_post_stage1,False,3808e2d6c725922b,jones_free,cpu,False,,numpy,numpy.linalg.solve,jones_free,False,,,0.0,0.0,0.0,0.0,True,6,4,nan,nan,"[0.0,0.0,0.0]",,"[0.00013746549087673284,1.194288919526611e-07,4.2303545915489705e-05]",jnpp_then_vp,[],3100767.126877071,3096560,False,2337805.8427371657,73.03284762370329,8.042120239757109,0.07935652474215123,"[4.950736778107552,5.088288308934672,5.138458932123369]",225.1770044863224,2031.2565004825592,2257.879594825208,nan,nan,nan,nan,False,,nan,,,nan,nan,nan,,,,,,,,0.012581267881144342,0.003524951329384286,1.0301627277816474,nan,nan,nan,False,not_run,not_requested
fig1_fig2,free_jones_vp_gated_rescue,63,3424526765,-5.0,snr_db,-5.0,3,3,3,3,full_6d,3424526765,,,nan,,False,,2631.2664157897234,0.0004543899482030121,0.0004543899482030121,1.9946105185825004e-05,0.00026863094632135207,1.941977938495821e-12,1.0290577176049185,False,ris_only_stage2_then_vp,global_exact_spherical_vp,proposed_post_stage1,False,3808e2d6c725922b,jones_free,cpu,False,,numpy,numpy.linalg.solve,jones_free,False,,,0.0,0.0,0.0,0.0,True,6,4,nan,nan,"[0.0,0.0,0.0]",,"[0.0001538413950090855,3.698402722001208e-07,4.639365442435332e-05]",jnpp_then_vp,[],3100767.126877071,3096560,False,2337805.8427371657,73.03284762370329,8.042120239757109,0.07935652474215123,"[4.950736778107552,5.088288308934672,5.138458932123369]",225.1770044863224,294.76717537641525,537.1048192307353,nan,nan,nan,nan,False,,nan,,,nan,nan,nan,,,,,,,,0.012581267881144342,0.003524951329384286,1.0301627277816474,0.0004543899482030121,1.9946105185825004e-05,1.0290577176049185,True,accepted,accepted
fig1_fig2,PEB,63,3424526765,-5.0,snr_db,-5.0,3,3,3,3,full_6d,3424526765,,,nan,,False,,6.84979010373354,nan,nan,nan,nan,nan,nan,False,,,peb_only,False,f2cd723567327f44,,,,,,,adaptive_jones,True,fixed_anchor_then_adaptive_jones_score_selection,,nan,nan,nan,nan,True,,,nan,nan,,,,,[],nan,,,nan,nan,nan,nan,,nan,nan,nan,0.0006696160051628242,nan,nan,0.0006696160051628242,False,258f950ff6512034899ff541f16fbb81fb7ab692c62ede128038d4532b76f1bb,1.0287703166396631,computed_unscaled,cpu,nan,nan,nan,,,,,,,,nan,nan,nan,nan,nan,nan,False,,
fig1_fig2,free_jones_vp,6,1919806993,0.0,snr_db,0.0,3,3,3,3,full_6d,1919806993,,,nan,,False,,430.02828146517277,0.0012310072430833136,0.0012310072430833136,7.2788220119840295e-06,0.00031582403263403846,4.341363760875508e-13,0.4198035649423549,False,direct_vp,global_exact_spherical_vp,proposed_post_stage1,False,7a807ddd95bb3057,jones_free,cpu,False,,numpy,numpy.linalg.solve,jones_free,False,,,0.0,0.0,0.0,0.0,True,6,4,nan,nan,"[0.0,0.0,0.0]",,"[1.3488663753719882e-05,1.694355955145985e-05,2.3145136868178734e-07]",direct_vp,[],3095369.7271665027,3096560,True,8223885.489783601,72.38909432240544,21.744672847761,0.07164573573664842,"[5.0948547625869125,5.092175081546221,4.941549083787875]",221.4292180389166,422.36461877822876,645.2248672246933,nan,nan,nan,nan,False,,nan,,,nan,nan,nan,,,,,,,,0.0012310072430833136,7.2788220119840295e-06,0.4198035649423549,nan,nan,nan,False,not_run,not_requested
fig1_fig2,free_jones_vp_gated_rescue,6,1919806993,0.0,snr_db,0.0,3,3,3,3,full_6d,1919806993,,,nan,,False,,431.4717288687825,0.0012310072430833136,0.0012310072430833136,7.2788220119840295e-06,0.00031582403263403846,4.341363760875508e-13,0.4198035649423549,False,direct_vp,global_exact_spherical_vp,proposed_post_stage1,False,7a807ddd95bb3057,jones_free,cpu,False,,numpy,numpy.linalg.solve,jones_free,False,,,0.0,0.0,0.0,0.0,True,6,4,nan,nan,"[0.0,0.0,0.0]",,"[1.3488663753719882e-05,1.694355955145985e-05,2.3145136868178734e-07]",direct_vp,[],3095369.7271665027,3096560,True,8223885.489783601,72.38909432240544,21.744672847761,0.07164573573664842,"[5.0948547625869125,5.092175081546221,4.941549083787875]",221.4292180389166,425.004836820066,647.8650852665305,nan,nan,nan,nan,False,,nan,,,nan,nan,nan,,,,,,,,0.0012310072430833136,7.2788220119840295e-06,0.4198035649423549,nan,nan,nan,False,not_run,not_requested
fig1_fig2,PEB,6,1919806993,0.0,snr_db,0.0,3,3,3,3,full_6d,1919806993,,,nan,,False,,5.646044187247753,nan,nan,nan,nan,nan,nan,False,,,peb_only,False,652a9c95d85f9925,,,,,,,adaptive_jones,True,fixed_anchor_then_adaptive_jones_score_selection,,nan,nan,nan,nan,True,,,nan,nan,,,,,[],nan,,,nan,nan,nan,nan,,nan,nan,nan,0.000352907053243195,nan,nan,0.000352907053243195,False,231b7c2941d5d9c02809f94febabb8d0e1f1d4a2d4bfefa1b397f685379809da,0.4199671633749915,computed_unscaled,cpu,nan,nan,nan,,,,,,,,nan,nan,nan,nan,nan,nan,False,,
fig1_fig2,free_jones_vp,84,3985341227,-5.0,snr_db,-5.0,3,3,3,3,full_6d,3985341227,,,nan,,False,,1410.7223556116223,0.024740963249679213,0.024740963249679213,0.001060740408347766,0.002624537654426576,2.176001413705875e-12,2.198722187705082,False,direct_vp,global_exact_spherical_vp,proposed_post_stage1,False,35e096e97639dde1,jones_free,cpu,False,,numpy,numpy.linalg.solve,jones_free,False,,,0.0,0.0,0.0,0.0,True,6,4,nan,nan,"[0.0,0.0,0.0]",,"[3.4664847506272225e-06,3.352297398026265e-07,7.187836043565051e-06]",direct_vp,[],3094727.7633456476,3096560,True,1719666.2853479937,96.39668151977277,9.172213116868477,0.049248207429504906,"[4.9006512597719984,4.991754341525912,4.877723547741284]",240.63326347619295,1403.560933098197,1645.6451068669558,nan,nan,nan,nan,False,,nan,,,nan,nan,nan,,,,,,,,0.024740963249679213,0.001060740408347766,2.198722187705082,nan,nan,nan,False,not_run,not_requested
fig1_fig2,free_jones_vp_gated_rescue,84,3985341227,-5.0,snr_db,-5.0,3,3,3,3,full_6d,3985341227,,,nan,,False,,1401.1353597715497,0.024740963249679213,0.024740963249679213,0.001060740408347766,0.002624537654426576,2.176001413705875e-12,2.198722187705082,False,direct_vp,global_exact_spherical_vp,proposed_post_stage1,False,35e096e97639dde1,jones_free,cpu,False,,numpy,numpy.linalg.solve,jones_free,False,,,0.0,0.0,0.0,0.0,True,6,4,nan,nan,"[0.0,0.0,0.0]",,"[3.4664847506272225e-06,3.352297398026265e-07,7.187836043565051e-06]",direct_vp,[],3094727.7633456476,3096560,True,1719666.2853479937,96.39668151977277,9.172213116868477,0.049248207429504906,"[4.9006512597719984,4.991754341525912,4.877723547741284]",240.63326347619295,1394.6709351167083,1636.755108885467,nan,nan,nan,nan,False,,nan,,,nan,nan,nan,,,,,,,,0.024740963249679213,0.001060740408347766,2.198722187705082,nan,nan,nan,False,not_run,not_requested
fig1_fig2,PEB,84,3985341227,-5.0,snr_db,-5.0,3,3,3,3,full_6d,3985341227,,,nan,,False,,6.2937082052230835,nan,nan,nan,nan,nan,nan,False,,,peb_only,False,d3623b14aa0ac8a5,,,,,,,adaptive_jones,True,fixed_anchor_then_adaptive_jones_score_selection,,nan,nan,nan,nan,True,,,nan,nan,,,,,[],nan,,,nan,nan,nan,nan,,nan,nan,nan,0.0008271589680675452,nan,nan,0.0008271589680675452,False,763c74c3103c34dc91712b88cb00b247f3e9461f0fa66c55a5e9608e707daf96,2.200035310942669,computed_unscaled,cpu,nan,nan,nan,,,,,,,,nan,nan,nan,nan,nan,nan,False,,
fig1_fig2,free_jones_vp,7,1914929603,0.0,snr_db,0.0,3,3,3,3,full_6d,1914929603,,,nan,,False,,332.48107535392046,0.0019110215251711246,0.0019110215251711246,5.830019456164113e-05,0.001705563054915593,9.614118185549781e-13,0.7355377068182275,False,direct_vp,global_exact_spherical_vp,proposed_post_stage1,False,c11853bd2d3c5c1a,jones_free,cpu,False,,numpy,numpy.linalg.solve,jones_free,False,,,0.0,0.0,0.0,0.0,True,6,4,nan,nan,"[0.0,0.0,0.0]",,"[1.7183668987672443e-05,1.402992340315849e-06,6.6107621872078395e-06]",direct_vp,"[""poor_clock_consistency""]",3094152.8950898056,3096560,True,8099310.907328254,85.3443552246693,11.90521676816393,0.21403388592278302,"[4.5551554792064115,4.999193968770603,5.018565764198359]",231.31776034832,323.8382126316428,556.6699257493019,nan,nan,nan,nan,False,,nan,,,nan,nan,nan,,,,,,,,0.0019110215251711246,5.830019456164113e-05,0.7355377068182275,nan,nan,nan,False,not_run,not_requested
fig1_fig2,free_jones_vp_gated_rescue,7,1914929603,0.0,snr_db,0.0,3,3,3,3,full_6d,1914929603,,,nan,,False,,327.733583830297,0.0019110215251711246,0.0019110215251711246,5.830019456164113e-05,0.001705563054915593,9.614118185549781e-13,0.7355377068182275,False,direct_vp,global_exact_spherical_vp,proposed_post_stage1,False,c11853bd2d3c5c1a,jones_free,cpu,False,,numpy,numpy.linalg.solve,jones_free,False,,,0.0,0.0,0.0,0.0,True,6,4,nan,nan,"[0.0,0.0,0.0]",,"[1.7183668987672443e-05,1.402992340315849e-06,6.6107621872078395e-06]",direct_vp,"[""poor_clock_consistency""]",3094152.8950898056,3096560,True,8099310.907328254,85.3443552246693,11.90521676816393,0.21403388592278302,"[4.5551554792064115,4.999193968770603,5.018565764198359]",231.31776034832,321.1152236610651,553.9469367787242,nan,nan,nan,nan,False,,nan,,,nan,nan,nan,,,,,,,,0.0019110215251711246,5.830019456164113e-05,0.7355377068182275,nan,nan,nan,False,not_run,not_requested
fig1_fig2,PEB,7,1914929603,0.0,snr_db,0.0,3,3,3,3,full_6d,1914929603,,,nan,,False,,5.556359119713306,nan,nan,nan,nan,nan,nan,False,,,peb_only,False,113d66ed9ab18a67,,,,,,,adaptive_jones,True,fixed_anchor_then_adaptive_jones_score_selection,,nan,nan,nan,nan,True,,,nan,nan,,,,,[],nan,,,nan,nan,nan,nan,,nan,nan,nan,0.00033906627598154004,nan,nan,0.00033906627598154004,False,84f1975fc112e22552cd5389ecb9ea5e68088b810ed0a30ff85dfd5971674377,0.7361137239348519,computed_unscaled,cpu,nan,nan,nan,,,,,,,,nan,nan,nan,nan,nan,nan,False,,
fig1_fig2,free_jones_vp,83,2856883752,-5.0,snr_db,-5.0,3,3,3,3,full_6d,2856883752,,,nan,,False,,1598.9139418825507,0.030007236500360496,0.030007236500360496,0.006747803842877856,0.01869238177431205,1.042168809049697e-11,0.6518528816550387,False,direct_vp,global_exact_spherical_vp,proposed_post_stage1,False,18ffde8efe9a0e64,jones_free,cpu,False,,numpy,numpy.linalg.solve,jones_free,False,,,0.0,0.0,0.0,0.0,True,6,4,nan,nan,"[0.0,0.0,0.0]",,"[4.540209340720291e-05,0.31444383440819357,3.853617501234787e-06]",direct_vp,"[""low_assignment_margin"",""poor_clock_consistency""]",3099682.5016624182,3096560,True,2515329.2598702717,98.03880220878774,0.0008636340525749659,48.78309611782742,"[4.936815414789728,108.41385422793503,4.921746253684638]",238.03915125131607,1590.9247848689556,1830.3763863891363,nan,nan,nan,nan,False,,nan,,,nan,nan,nan,,,,,,,,0.030007236500360496,0.006747803842877856,0.6518528816550387,nan,nan,nan,False,not_run,not_requested
fig1_fig2,free_jones_vp_gated_rescue,83,2856883752,-5.0,snr_db,-5.0,3,3,3,3,full_6d,2856883752,,,nan,,False,,1602.9863720238209,0.030007236500360496,0.030007236500360496,0.006747803842877856,0.01869238177431205,1.042168809049697e-11,0.6518528816550387,False,direct_vp,global_exact_spherical_vp,proposed_post_stage1,False,18ffde8efe9a0e64,jones_free,cpu,False,,numpy,numpy.linalg.solve,jones_free,False,,,0.0,0.0,0.0,0.0,True,6,4,nan,nan,"[0.0,0.0,0.0]",,"[4.540209340720291e-05,0.31444383440819357,3.853617501234787e-06]",direct_vp,"[""low_assignment_margin"",""poor_clock_consistency""]",3099682.5016624182,3096560,True,2515329.2598702717,98.03880220878774,0.0008636340525749659,48.78309611782742,"[4.936815414789728,108.41385422793503,4.921746253684638]",238.03915125131607,1596.0679969117045,1835.5195984318852,nan,nan,nan,nan,False,,nan,,,nan,nan,nan,,,,,,,,0.030007236500360496,0.006747803842877856,0.6518528816550387,nan,nan,nan,False,not_run,not_requested
fig1_fig2,PEB,83,2856883752,-5.0,snr_db,-5.0,3,3,3,3,full_6d,2856883752,,,nan,,False,,5.879289358854294,nan,nan,nan,nan,nan,nan,False,,,peb_only,False,16fc2c0a4b481534,,,,,,,adaptive_jones,True,fixed_anchor_then_adaptive_jones_score_selection,,nan,nan,nan,nan,True,,,nan,nan,,,,,[],nan,,,nan,nan,nan,nan,,nan,nan,nan,0.0005590930819767731,nan,nan,0.0005590930819767731,False,700eea5a638faf3db61de2a763659338a112f897687c33a7cb33c68c29ad4a9e,0.6511995947266429,computed_unscaled,cpu,nan,nan,nan,,,,,,,,nan,nan,nan,nan,nan,nan,False,,
fig1_fig2,free_jones_vp,89,850792180,-5.0,snr_db,-5.0,3,3,3,3,full_6d,850792180,,,nan,,False,,1054.2961334586143,0.027405082480623576,0.027405082480623576,0.004882198137002535,0.005113425552239715,6.357933702317137e-12,2.4989696183775414,False,direct_vp,global_exact_spherical_vp,proposed_post_stage1,False,2eced44052aa71be,jones_free,cpu,False,,numpy,numpy.linalg.solve,jones_free,False,,,0.0,0.0,0.0,0.0,True,6,4,nan,nan,"[0.0,0.0,0.0]",,"[2.8080466434713962e-06,3.6294649829046485e-06,0.00010586881126201034]",jnpp_then_vp,[],3102730.9710964295,3096560,False,2482537.796182337,61.4323482550933,8.47024481702925,0.03210542417855675,"[5.028075362549095,5.095932775705427,5.027581100234662]",234.4052688702941,944.0959461554885,1179.9543333798647,nan,nan,nan,nan,False,,nan,,,nan,nan,nan,,,,,,,,0.027405082480623576,0.004882198137002535,2.4989696183775414,nan,nan,nan,False,not_run,not_requested
fig1_fig2,free_jones_vp_gated_rescue,89,850792180,-5.0,snr_db,-5.0,3,3,3,3,full_6d,850792180,,,nan,,False,,1128.5840110257268,0.0004039316493080409,0.0004039316493080409,1.6936034321079716e-05,0.00027094805368286064,1.0281258978386282e-12,2.4954027804932943,False,ris_only_stage2_then_vp,global_exact_spherical_vp,proposed_post_stage1,False,2eced44052aa71be,jones_free,cpu,False,,numpy,numpy.linalg.solve,jones_free,False,,,0.0,0.0,0.0,0.0,True,6,4,nan,nan,"[0.0,0.0,0.0]",,"[3.0672386345448046e-06,4.102512594972949e-06,0.00010672647602016368]",jnpp_then_vp,[],3102730.9710964295,3096560,False,2482537.796182337,61.4323482550933,8.47024481702925,0.03210542417855675,"[5.028075362549095,5.095932775705427,5.027581100234662]",234.4052688702941,52.96859508007765,304.65752251446247,nan,nan,nan,nan,False,,nan,,,nan,nan,nan,,,,,,,,0.027405082480623576,0.004882198137002535,2.4989696183775414,0.0004039316493080409,1.6936034321079716e-05,2.4954027804932943,True,accepted,accepted
fig1_fig2,PEB,89,850792180,-5.0,snr_db,-5.0,3,3,3,3,full_6d,850792180,,,nan,,False,,6.172685332596302,nan,nan,nan,nan,nan,nan,False,,,peb_only,False,d15c4c5a3ea7128d,,,,,,,adaptive_jones,True,fixed_anchor_then_adaptive_jones_score_selection,,nan,nan,nan,nan,True,,,nan,nan,,,,,[],nan,,,nan,nan,nan,nan,,nan,nan,nan,0.00068613439024576,nan,nan,0.00068613439024576,False,2d81d18bd4ebd93cb30153245eac7dedb296bdb9883caf62dadd0506edd2daa4,2.494012344957689,computed_unscaled,cpu,nan,nan,nan,,,,,,,,nan,nan,nan,nan,nan,nan,False,,
fig1_fig2,free_jones_vp,8,641399591,0.0,snr_db,0.0,3,3,3,3,full_6d,641399591,,,nan,,False,,576.3188159018755,0.0005330127765900737,0.0005330127765900737,4.485441063564839e-06,4.360610546468839e-05,1.566550818799457e-13,0.22558826371055185,False,direct_vp,global_exact_spherical_vp,proposed_post_stage1,False,7a0246640af4c49e,jones_free,cpu,False,,numpy,numpy.linalg.solve,jones_free,False,,,0.0,0.0,0.0,0.0,True,6,4,nan,nan,"[0.0,0.0,0.0]",,"[5.443777623659798e-06,1.2380646766772191e-08,5.042017867705966e-06]",direct_vp,"[""poor_clock_consistency""]",3097890.065038422,3096560,True,8526369.466080163,78.46630844529655,12.377336339210942,0.10888534204262577,"[4.805398458531588,5.024903832172621,5.046357558723789]",233.17420057952404,569.2399961203337,803.7639099359512,nan,nan,nan,nan,False,,nan,,,nan,nan,nan,,,,,,,,0.0005330127765900737,4.485441063564839e-06,0.22558826371055185,nan,nan,nan,False,not_run,not_requested
fig1_fig2,free_jones_vp_gated_rescue,8,641399591,0.0,snr_db,0.0,3,3,3,3,full_6d,641399591,,,nan,,False,,571.6431924775243,0.0005330127765900737,0.0005330127765900737,4.485441063564839e-06,4.360610546468839e-05,1.566550818799457e-13,0.22558826371055185,False,direct_vp,global_exact_spherical_vp,proposed_post_stage1,False,7a0246640af4c49e,jones_free,cpu,False,,numpy,numpy.linalg.solve,jones_free,False,,,0.0,0.0,0.0,0.0,True,6,4,nan,nan,"[0.0,0.0,0.0]",,"[5.443777623659798e-06,1.2380646766772191e-08,5.042017867705966e-06]",direct_vp,"[""poor_clock_consistency""]",3097890.065038422,3096560,True,8526369.466080163,78.46630844529655,12.377336339210942,0.10888534204262577,"[4.805398458531588,5.024903832172621,5.046357558723789]",233.17420057952404,564.9303419217467,799.4542557373643,nan,nan,nan,nan,False,,nan,,,nan,nan,nan,,,,,,,,0.0005330127765900737,4.485441063564839e-06,0.22558826371055185,nan,nan,nan,False,not_run,not_requested
fig1_fig2,PEB,8,641399591,0.0,snr_db,0.0,3,3,3,3,full_6d,641399591,,,nan,,False,,6.010890483856201,nan,nan,nan,nan,nan,nan,False,,,peb_only,False,754f7d38ec3e7f0b,,,,,,,adaptive_jones,True,fixed_anchor_then_adaptive_jones_score_selection,,nan,nan,nan,nan,True,,,nan,nan,,,,,[],nan,,,nan,nan,nan,nan,,nan,nan,nan,0.0003474113251691455,nan,nan,0.0003474113251691455,False,e032c9cb8462fea3417aadc651e10a3437190e0cacf3ab5bdc4b175ff7382e20,0.2254925735329804,computed_unscaled,cpu,nan,nan,nan,,,,,,,,nan,nan,nan,nan,nan,nan,False,,
fig1_fig2,free_jones_vp,70,1909013635,-5.0,snr_db,-5.0,3,3,3,3,full_6d,1909013635,,,nan,,False,,2495.385992191732,0.035597307004886496,0.035597307004886496,0.01105893230786308,0.02304878719458365,1.738085951165731e-11,0.6705665217739447,False,direct_vp,global_exact_spherical_vp,proposed_post_stage1,False,82cb56e525f554c2,jones_free,cpu,False,,numpy,numpy.linalg.solve,jones_free,False,,,0.0,0.0,0.0,0.0,True,6,4,nan,nan,"[0.0,0.0,0.0]",,"[2.62962796474518e-07,4.137679324400366e-05,0.0001575941836789844]",jnpp_then_vp,"[""poor_clock_consistency""]",3107729.522963433,3096560,False,1668185.5738429795,115.69349215712617,6.120211966672216,0.20601703304629257,"[5.006878237373615,4.577076938094567,4.562965114434232]",230.73466338217258,2221.209916137159,2453.4457804635167,nan,nan,nan,nan,False,,nan,,,nan,nan,nan,,,,,,,,0.035597307004886496,0.01105893230786308,0.6705665217739447,nan,nan,nan,False,not_run,not_requested
fig1_fig2,free_jones_vp_gated_rescue,70,1909013635,-5.0,snr_db,-5.0,3,3,3,3,full_6d,1909013635,,,nan,,False,,2686.716684639454,0.002991191471540487,0.002991191471540487,2.7982462333595813e-05,0.000327616527712224,1.668043853413403e-12,0.6681986755517686,False,ris_only_stage2_then_vp,global_exact_spherical_vp,proposed_post_stage1,False,82cb56e525f554c2,jones_free,cpu,False,,numpy,numpy.linalg.solve,jones_free,False,,,0.0,0.0,0.0,0.0,True,6,4,nan,nan,"[0.0,0.0,0.0]",,"[4.482149967917049e-07,4.755577730233013e-05,0.00014578858737159287]",jnpp_then_vp,"[""poor_clock_consistency""]",3107729.522963433,3096560,False,1668185.5738429795,115.69349215712617,6.120211966672216,0.20601703304629257,"[5.006878237373615,4.577076938094567,4.562965114434232]",230.73466338217258,226.17613685131073,474.64968859404325,nan,nan,nan,nan,False,,nan,,,nan,nan,nan,,,,,,,,0.035597307004886496,0.01105893230786308,0.6705665217739447,0.002991191471540487,2.7982462333595813e-05,0.6681986755517686,True,accepted,accepted
fig1_fig2,PEB,70,1909013635,-5.0,snr_db,-5.0,3,3,3,3,full_6d,1909013635,,,nan,,False,,5.743567541241646,nan,nan,nan,nan,nan,nan,False,,,peb_only,False,8df48bc78e5eca45,,,,,,,adaptive_jones,True,fixed_anchor_then_adaptive_jones_score_selection,,nan,nan,nan,nan,True,,,nan,nan,,,,,[],nan,,,nan,nan,nan,nan,,nan,nan,nan,0.0008448859546956159,nan,nan,0.0008448859546956159,False,7231f7a6a5fbe3cc9ff17e3c4c7cf441e267b4bae6d7354446f2924a30ccbc7b,0.6681598840521448,computed_unscaled,cpu,nan,nan,nan,,,,,,,,nan,nan,nan,nan,nan,nan,False,,
fig1_fig2,free_jones_vp,82,2146768378,-5.0,snr_db,-5.0,3,3,3,3,full_6d,2146768378,,,nan,,False,,1872.633402734995,0.026103966985178452,0.026103966985178452,0.0021144280830186616,0.0037102617237723917,3.719768221257078e-12,2.0882914309619736,False,direct_vp,global_exact_spherical_vp,proposed_post_stage1,False,a34f6f8675170cbf,jones_free,cpu,False,,numpy,numpy.linalg.solve,jones_free,False,,,0.0,0.0,0.0,0.0,True,6,4,nan,nan,"[0.0,0.0,0.0]",,"[4.361125668929279e-07,6.419261198503522e-05,8.699887486389365e-06]",jnpp_then_vp,"[""poor_clock_consistency""]",3102259.999529297,3096560,False,2690033.125063282,68.75153962452524,6.473109249806211,0.16476228916477104,"[5.163733111801871,4.814443416976153,4.813996044387413]",232.47767301648855,1865.0538572445512,2098.906456246972,nan,nan,nan,nan,False,,nan,,,nan,nan,nan,,,,,,,,0.026103966985178452,0.0021144280830186616,2.0882914309619736,nan,nan,nan,False,not_run,not_requested
fig1_fig2,free_jones_vp_gated_rescue,82,2146768378,-5.0,snr_db,-5.0,3,3,3,3,full_6d,2146768378,,,nan,,False,,2000.8933343440294,0.026103966985178452,0.026103966985178452,0.0021144280830186616,0.0037102617237723917,3.719768221257078e-12,2.0882914309619736,False,direct_vp_rollback,global_exact_spherical_vp,proposed_post_stage1,False,a34f6f8675170cbf,jones_free,cpu,False,,numpy,numpy.linalg.solve,jones_free,False,,,0.0,0.0,0.0,0.0,True,6,4,nan,nan,"[0.0,0.0,0.0]",,"[4.361125668929279e-07,6.419261198503522e-05,8.699887486389365e-06]",jnpp_then_vp,"[""poor_clock_consistency""]",3102259.999529297,3096560,False,2690033.125063282,68.75153962452524,6.473109249806211,0.16476228916477104,"[5.163733111801871,4.814443416976153,4.813996044387413]",232.47767301648855,1879.0123503953218,2112.8649493977427,nan,nan,nan,nan,False,,nan,,,nan,nan,nan,,,,,,,,0.026103966985178452,0.0021144280830186616,2.0882914309619736,0.0008588758589008213,1.6494670420925713e-05,2.0869505446550676,True,rollback,existing_selector_rollback
fig1_fig2,PEB,82,2146768378,-5.0,snr_db,-5.0,3,3,3,3,full_6d,2146768378,,,nan,,False,,5.743620321154594,nan,nan,nan,nan,nan,nan,False,,,peb_only,False,c4882b6ff7559adb,,,,,,,adaptive_jones,True,fixed_anchor_then_adaptive_jones_score_selection,,nan,nan,nan,nan,True,,,nan,nan,,,,,[],nan,,,nan,nan,nan,nan,,nan,nan,nan,0.0006385124679184979,nan,nan,0.0006385124679184979,False,3a0d3e6549ad4d642256987481bea72461b73f437bf823d820291ff80c435722,2.0844652373120462,computed_unscaled,cpu,nan,nan,nan,,,,,,,,nan,nan,nan,nan,nan,nan,False,,
fig1_fig2,free_jones_vp,95,1902842209,-5.0,snr_db,-5.0,3,3,3,3,full_6d,1902842209,,,nan,,False,,1312.2190336212516,0.03213417556558633,0.03213417556558633,0.008457178016502443,0.02141727841858526,9.408521021117048e-12,0.8973133489182131,False,direct_vp,global_exact_spherical_vp,proposed_post_stage1,False,59e7170546a96c03,jones_free,cpu,False,,numpy,numpy.linalg.solve,jones_free,False,,,0.0,0.0,0.0,0.0,True,6,4,nan,nan,"[0.0,0.0,0.0]",,"[0.0017662318171583345,1.878090461460957e-05,9.304253923398661e-06]",jnpp_then_vp,"[""poor_clock_consistency""]",3103077.4587738253,3096560,False,2185476.910698633,100.26652488056885,3.918180139662592,0.1626524148973998,"[4.895849851004008,5.293727714237792,5.076871171586222]",213.8267405629158,1203.5168343037367,1418.6926142051816,nan,nan,nan,nan,False,,nan,,,nan,nan,nan,,,,,,,,0.03213417556558633,0.008457178016502443,0.8973133489182131,nan,nan,nan,False,not_run,not_requested
fig1_fig2,free_jones_vp_gated_rescue,95,1902842209,-5.0,snr_db,-5.0,3,3,3,3,full_6d,1902842209,,,nan,,False,,1504.5750013664365,0.0014930633613810052,0.0014930633613810052,3.619730938459676e-05,0.0012793824011487066,3.0041063227597054e-12,0.8949223073837644,False,ris_only_stage2_then_vp,global_exact_spherical_vp,proposed_post_stage1,False,59e7170546a96c03,jones_free,cpu,False,,numpy,numpy.linalg.solve,jones_free,False,,,0.0,0.0,0.0,0.0,True,6,4,nan,nan,"[0.0,0.0,0.0]",,"[0.001635584431791569,1.4025647309358239e-05,1.0221742181051072e-05]",jnpp_then_vp,"[""poor_clock_consistency""]",3103077.4587738253,3096560,False,2185476.910698633,100.26652488056885,3.918180139662592,0.1626524148973998,"[4.895849851004008,5.293727714237792,5.076871171586222]",213.8267405629158,162.13367626070976,394.1973714530468,nan,nan,nan,nan,False,,nan,,,nan,nan,nan,,,,,,,,0.03213417556558633,0.008457178016502443,0.8973133489182131,0.0014930633613810052,3.619730938459676e-05,0.8949223073837644,True,accepted,accepted
fig1_fig2,PEB,95,1902842209,-5.0,snr_db,-5.0,3,3,3,3,full_6d,1902842209,,,nan,,False,,5.820585317909718,nan,nan,nan,nan,nan,nan,False,,,peb_only,False,737f7c44a2aaba57,,,,,,,adaptive_jones,True,fixed_anchor_then_adaptive_jones_score_selection,,nan,nan,nan,nan,True,,,nan,nan,,,,,[],nan,,,nan,nan,nan,nan,,nan,nan,nan,0.0005850966155465147,nan,nan,0.0005850966155465147,False,76a18cb09eabd2843f7f18de70d1414c840c1b810997a8411f8aedb26f349b2f,0.8954333295430281,computed_unscaled,cpu,nan,nan,nan,,,,,,,,nan,nan,nan,nan,nan,nan,False,,
fig1_fig2,free_jones_vp,20,3607282624,0.0,snr_db,0.0,3,3,3,3,full_6d,3607282624,,,nan,,False,,195.76161955296993,0.0018902630127146148,0.0018902630127146148,8.155287615574428e-05,0.0016337365144505208,6.50861766211268e-13,0.5718510398706801,False,direct_vp,global_exact_spherical_vp,proposed_post_stage1,False,a57ce8a44391722c,jones_free,cpu,False,,numpy,numpy.linalg.solve,jones_free,False,,,0.0,0.0,0.0,0.0,True,6,4,nan,nan,"[0.0,0.0,0.0]",,"[1.8227957399823388e-05,2.735063629230823e-06,2.1380949135524514e-06]",direct_vp,[],3095468.197881073,3096560,True,8579724.572493428,65.46692132607738,16.35863532816418,0.04519993701790599,"[4.9028155963553015,5.00619465970647,4.988830502382498]",236.17795306444168,186.92502522468567,424.5511215105653,nan,nan,nan,nan,False,,nan,,,nan,nan,nan,,,,,,,,0.0018902630127146148,8.155287615574428e-05,0.5718510398706801,nan,nan,nan,False,not_run,not_requested
fig1_fig2,free_jones_vp_gated_rescue,20,3607282624,0.0,snr_db,0.0,3,3,3,3,full_6d,3607282624,,,nan,,False,,193.36831383407116,0.0018902630127146148,0.0018902630127146148,8.155287615574428e-05,0.0016337365144505208,6.50861766211268e-13,0.5718510398706801,False,direct_vp,global_exact_spherical_vp,proposed_post_stage1,False,a57ce8a44391722c,jones_free,cpu,False,,numpy,numpy.linalg.solve,jones_free,False,,,0.0,0.0,0.0,0.0,True,6,4,nan,nan,"[0.0,0.0,0.0]",,"[1.8227957399823388e-05,2.735063629230823e-06,2.1380949135524514e-06]",direct_vp,[],3095468.197881073,3096560,True,8579724.572493428,65.46692132607738,16.35863532816418,0.04519993701790599,"[4.9028155963553015,5.00619465970647,4.988830502382498]",236.17795306444168,186.8514041006565,424.4775003865361,nan,nan,nan,nan,False,,nan,,,nan,nan,nan,,,,,,,,0.0018902630127146148,8.155287615574428e-05,0.5718510398706801,nan,nan,nan,False,not_run,not_requested
fig1_fig2,PEB,20,3607282624,0.0,snr_db,0.0,3,3,3,3,full_6d,3607282624,,,nan,,False,,6.455423541367054,nan,nan,nan,nan,nan,nan,False,,,peb_only,False,ec00542421306cf4,,,,,,,adaptive_jones,True,fixed_anchor_then_adaptive_jones_score_selection,,nan,nan,nan,nan,True,,,nan,nan,,,,,[],nan,,,nan,nan,nan,nan,,nan,nan,nan,0.00033759600438714983,nan,nan,0.00033759600438714983,False,614c1d5045ebcd05d85977496f662de337f9fdc3d750d62d2ed64ea91c25b070,0.5720556931745366,computed_unscaled,cpu,nan,nan,nan,,,,,,,,nan,nan,nan,nan,nan,nan,False,,
fig1_fig2,free_jones_vp,86,2710333116,-5.0,snr_db,-5.0,3,3,3,3,full_6d,2710333116,,,nan,,False,,1892.8914490938187,0.023507307632542968,0.023507307632542968,0.0010465490564888387,0.0025159446012039434,4.999827924289804e-12,0.5317032755891559,False,direct_vp,global_exact_spherical_vp,proposed_post_stage1,False,cae018dae185bc76,jones_free,cpu,False,,numpy,numpy.linalg.solve,jones_free,False,,,0.0,0.0,0.0,0.0,True,6,4,nan,nan,"[0.0,0.0,0.0]",,"[3.1487958009194117e-06,2.2924569432616246e-05,3.517459386216584e-05]",direct_vp,"[""poor_clock_consistency""]",3095654.503966855,3096560,True,1904945.3212487742,100.81724831457414,9.49820599209741,0.12614279626634112,"[5.179842750578235,5.320413826274598,5.0118346623415215]",242.31496059894562,1667.245720475912,1911.0642987564206,nan,nan,nan,nan,False,,nan,,,nan,nan,nan,,,,,,,,0.023507307632542968,0.0010465490564888387,0.5317032755891559,nan,nan,nan,False,not_run,not_requested
fig1_fig2,free_jones_vp_gated_rescue,86,2710333116,-5.0,snr_db,-5.0,3,3,3,3,full_6d,2710333116,,,nan,,False,,1908.83272960037,0.023507307632542968,0.023507307632542968,0.0010465490564888387,0.0025159446012039434,4.999827924289804e-12,0.5317032755891559,False,direct_vp,global_exact_spherical_vp,proposed_post_stage1,False,cae018dae185bc76,jones_free,cpu,False,,numpy,numpy.linalg.solve,jones_free,False,,,0.0,0.0,0.0,0.0,True,6,4,nan,nan,"[0.0,0.0,0.0]",,"[3.1487958009194117e-06,2.2924569432616246e-05,3.517459386216584e-05]",direct_vp,"[""poor_clock_consistency""]",3095654.503966855,3096560,True,1904945.3212487742,100.81724831457414,9.49820599209741,0.12614279626634112,"[5.179842750578235,5.320413826274598,5.0118346623415215]",242.31496059894562,1690.4826012551785,1934.301179535687,nan,nan,nan,nan,False,,nan,,,nan,nan,nan,,,,,,,,0.023507307632542968,0.0010465490564888387,0.5317032755891559,nan,nan,nan,False,not_run,not_requested
fig1_fig2,PEB,86,2710333116,-5.0,snr_db,-5.0,3,3,3,3,full_6d,2710333116,,,nan,,False,,5.625112675130367,nan,nan,nan,nan,nan,nan,False,,,peb_only,False,d950c4814078350f,,,,,,,adaptive_jones,True,fixed_anchor_then_adaptive_jones_score_selection,,nan,nan,nan,nan,True,,,nan,nan,,,,,[],nan,,,nan,nan,nan,nan,,nan,nan,nan,0.0007980495852817404,nan,nan,0.0007980495852817404,False,3a54fb3766786593be45a3a051de7709f83ecc3b2e8854a667fc53103d577f6b,0.5318615498599564,computed_unscaled,cpu,nan,nan,nan,,,,,,,,nan,nan,nan,nan,nan,nan,False,,
fig1_fig2,free_jones_vp,97,3282133633,-5.0,snr_db,-5.0,3,3,3,3,full_6d,3282133633,,,nan,,False,,1366.1627430692315,0.023849104967015797,0.023849104967015797,0.0012964820653389628,0.0025812511576062225,2.0397692709170077e-12,2.2227729741764786,False,direct_vp,global_exact_spherical_vp,proposed_post_stage1,False,784f6a2428adfa1d,jones_free,cpu,False,,numpy,numpy.linalg.solve,jones_free,False,,,0.0,0.0,0.0,0.0,True,6,4,nan,nan,"[0.0,0.0,0.0]",,"[1.5794171138602382e-06,3.5587901576276335e-06,7.417047323339038e-07]",jnpp_then_vp,[],3101207.9703746135,3096560,False,2135693.40267851,74.13411477374711,9.635954255840183,0.02026852584529645,"[4.969210114685978,4.957088193710424,5.004843918901139]",220.2000031992793,1357.8803757950664,1579.408528983593,nan,nan,nan,nan,False,,nan,,,nan,nan,nan,,,,,,,,0.023849104967015797,0.0012964820653389628,2.2227729741764786,nan,nan,nan,False,not_run,not_requested
fig1_fig2,free_jones_vp_gated_rescue,97,3282133633,-5.0,snr_db,-5.0,3,3,3,3,full_6d,3282133633,,,nan,,False,,1533.0831028223038,0.023849104967015797,0.023849104967015797,0.0012964820653389628,0.0025812511576062225,2.0397692709170077e-12,2.2227729741764786,False,direct_vp_rollback,global_exact_spherical_vp,proposed_post_stage1,False,784f6a2428adfa1d,jones_free,cpu,False,,numpy,numpy.linalg.solve,jones_free,False,,,0.0,0.0,0.0,0.0,True,6,4,nan,nan,"[0.0,0.0,0.0]",,"[1.5794171138602382e-06,3.5587901576276335e-06,7.417047323339038e-07]",jnpp_then_vp,[],3101207.9703746135,3096560,False,2135693.40267851,74.13411477374711,9.635954255840183,0.02026852584529645,"[4.969210114685978,4.957088193710424,5.004843918901139]",220.2000031992793,1363.2370469644666,1584.7652001529932,nan,nan,nan,nan,False,,nan,,,nan,nan,nan,,,,,,,,0.023849104967015797,0.0012964820653389628,2.2227729741764786,0.0004939198284129623,2.3093568871464353e-05,2.2218629318685372,True,rollback,existing_selector_rollback
fig1_fig2,PEB,97,3282133633,-5.0,snr_db,-5.0,3,3,3,3,full_6d,3282133633,,,nan,,False,,5.717970333993435,nan,nan,nan,nan,nan,nan,False,,,peb_only,False,60fc600f1e26dbc1,,,,,,,adaptive_jones,True,fixed_anchor_then_adaptive_jones_score_selection,,nan,nan,nan,nan,True,,,nan,nan,,,,,[],nan,,,nan,nan,nan,nan,,nan,nan,nan,0.0007398481084555207,nan,nan,0.0007398481084555207,False,24b4c0c43abb3ffb56c03672c2214df89870406be71e68db762cb0e41861c3ab,2.219453036054227,computed_unscaled,cpu,nan,nan,nan,,,,,,,,nan,nan,nan,nan,nan,nan,False,,
fig1_fig2,free_jones_vp,93,3741086398,-5.0,snr_db,-5.0,3,3,3,3,full_6d,3741086398,,,nan,,False,,1502.4227465167642,0.0245021965950307,0.0245021965950307,0.004405192630278629,0.006138654923133236,1.8043469118662578e-12,0.47077140273242296,False,direct_vp,global_exact_spherical_vp,proposed_post_stage1,False,7b31da8997499bcc,jones_free,cpu,False,,numpy,numpy.linalg.solve,jones_free,False,,,0.0,0.0,0.0,0.0,True,6,4,nan,nan,"[0.0,0.0,0.0]",,"[8.809576504538869e-06,3.2796774369605354e-05,1.908226242628366e-05]",jnpp_then_vp,"[""poor_clock_consistency""]",3101068.169444121,3096560,False,2866824.4279274764,75.68203037118565,10.076464836148084,0.1314903785214799,"[5.167810243739877,4.847510547807766,4.978337759703763]",217.0299349501729,1494.6945291310549,1713.1220767125487,nan,nan,nan,nan,False,,nan,,,nan,nan,nan,,,,,,,,0.0245021965950307,0.004405192630278629,0.47077140273242296,nan,nan,nan,False,not_run,not_requested
fig1_fig2,free_jones_vp_gated_rescue,93,3741086398,-5.0,snr_db,-5.0,3,3,3,3,full_6d,3741086398,,,nan,,False,,1590.4528373777866,0.00041846717046496626,0.00041846717046496626,2.495140922741388e-05,0.00023634341930701985,1.5245129907491172e-12,0.4701292112556501,False,ris_only_stage2_then_vp,global_exact_spherical_vp,proposed_post_stage1,False,7b31da8997499bcc,jones_free,cpu,False,,numpy,numpy.linalg.solve,jones_free,False,,,0.0,0.0,0.0,0.0,True,6,4,nan,nan,"[0.0,0.0,0.0]",,"[9.378407539842092e-06,2.3758625376028827e-05,1.6745553420166684e-05]",jnpp_then_vp,"[""poor_clock_consistency""]",3101068.169444121,3096560,False,2866824.4279274764,75.68203037118565,10.076464836148084,0.1314903785214799,"[5.167810243739877,4.847510547807766,4.978337759703763]",217.0299349501729,53.48981957137585,287.7475578561425,nan,nan,nan,nan,False,,nan,,,nan,nan,nan,,,,,,,,0.0245021965950307,0.004405192630278629,0.47077140273242296,0.00041846717046496626,2.495140922741388e-05,0.4701292112556501,True,accepted,accepted
fig1_fig2,PEB,93,3741086398,-5.0,snr_db,-5.0,3,3,3,3,full_6d,3741086398,,,nan,,False,,5.5622339099645615,nan,nan,nan,nan,nan,nan,False,,,peb_only,False,33484f90dd2c7eae,,,,,,,adaptive_jones,True,fixed_anchor_then_adaptive_jones_score_selection,,nan,nan,nan,nan,True,,,nan,nan,,,,,[],nan,,,nan,nan,nan,nan,,nan,nan,nan,0.0005375975915449526,nan,nan,0.0005375975915449526,False,c0a81a3b83197cd9cfba67cbec7ea74e0bc1c6abbc0cc35f29e15ac8d0f81a14,0.4700894490329338,computed_unscaled,cpu,nan,nan,nan,,,,,,,,nan,nan,nan,nan,nan,nan,False,,
fig1_fig2,free_jones_vp,94,3608384463,-5.0,snr_db,-5.0,3,3,3,3,full_6d,3608384463,,,nan,,False,,1435.4113521054387,0.03378333161609029,0.03378333161609029,0.02403172928712856,0.01672405302572141,4.81041247431632e-12,1.4908322386216122,False,direct_vp,global_exact_spherical_vp,proposed_post_stage1,False,a317afc2644320e5,jones_free,cpu,False,,numpy,numpy.linalg.solve,jones_free,False,,,0.0,0.0,0.0,0.0,True,6,4,nan,nan,"[0.0,0.0,0.0]",,"[0.000436317287491132,1.4603535639425635e-06,4.0205342914819755e-05]",jnpp_then_vp,[],3121994.346604373,3096560,False,2010931.7784395192,90.14346999977525,7.466633439806018,0.0663818688202452,"[5.199101704373625,5.077618446522839,5.231959486946258]",213.40748614817858,1279.0077429935336,1493.8240355625749,nan,nan,nan,nan,False,,nan,,,nan,nan,nan,,,,,,,,0.03378333161609029,0.02403172928712856,1.4908322386216122,nan,nan,nan,False,not_run,not_requested
fig1_fig2,free_jones_vp_gated_rescue,94,3608384463,-5.0,snr_db,-5.0,3,3,3,3,full_6d,3608384463,,,nan,,False,,1619.0269980430603,0.004042379364260163,0.004042379364260163,5.5223438279925586e-05,0.00040312896406522906,1.5452857302930778e-12,1.4797295275604174,False,ris_only_stage2_then_vp,global_exact_spherical_vp,proposed_post_stage1,False,a317afc2644320e5,jones_free,cpu,False,,numpy,numpy.linalg.solve,jones_free,False,,,0.0,0.0,0.0,0.0,True,6,4,nan,nan,"[0.0,0.0,0.0]",,"[0.0004075285444399091,1.117588132100609e-06,9.632556514293748e-05]",jnpp_then_vp,[],3121994.346604373,3096560,False,2010931.7784395192,90.14346999977525,7.466633439806018,0.0663818688202452,"[5.199101704373625,5.077618446522839,5.231959486946258]",213.40748614817858,141.74368844926357,371.98400869965553,nan,nan,nan,nan,False,,nan,,,nan,nan,nan,,,,,,,,0.03378333161609029,0.02403172928712856,1.4908322386216122,0.004042379364260163,5.5223438279925586e-05,1.4797295275604174,True,accepted,accepted
fig1_fig2,PEB,94,3608384463,-5.0,snr_db,-5.0,3,3,3,3,full_6d,3608384463,,,nan,,False,,5.564832575619221,nan,nan,nan,nan,nan,nan,False,,,peb_only,False,1acdca6ff964109a,,,,,,,adaptive_jones,True,fixed_anchor_then_adaptive_jones_score_selection,,nan,nan,nan,nan,True,,,nan,nan,,,,,[],nan,,,nan,nan,nan,nan,,nan,nan,nan,0.0007578818471415555,nan,nan,0.0007578818471415555,False,ef18bf3cff118d7dc1efd356b9a296459495c6f9c6bb71ac5354d9f7a0cabc56,1.4786943272857145,computed_unscaled,cpu,nan,nan,nan,,,,,,,,nan,nan,nan,nan,nan,nan,False,,
fig1_fig2,free_jones_vp,22,3206710796,0.0,snr_db,0.0,3,3,3,3,full_6d,3206710796,,,nan,,False,,211.83408610522747,0.0002647096226592596,0.0002647096226592596,4.696191586550435e-06,4.7482356264614744e-05,1.0705771000212785e-12,0.10713588538550392,False,direct_vp,global_exact_spherical_vp,proposed_post_stage1,False,ef37d233299ab2ef,jones_free,cpu,False,,numpy,numpy.linalg.solve,jones_free,False,,,0.0,0.0,0.0,0.0,True,6,4,nan,nan,"[0.0,0.0,0.0]",,"[9.825541176996875e-06,2.483351320288958e-06,4.622011076663814e-05]",direct_vp,[],3093207.5971652693,3096560,True,5686696.815560653,85.4299093912798,13.980946699936958,0.06524840563284545,"[4.934993903810424,4.903165042350116,5.054719760800891]",243.47257285565138,204.38843505829573,449.3215188756585,nan,nan,nan,nan,False,,nan,,,nan,nan,nan,,,,,,,,0.0002647096226592596,4.696191586550435e-06,0.10713588538550392,nan,nan,nan,False,not_run,not_requested
fig1_fig2,free_jones_vp_gated_rescue,22,3206710796,0.0,snr_db,0.0,3,3,3,3,full_6d,3206710796,,,nan,,False,,203.56969694048166,0.0002647096226592596,0.0002647096226592596,4.696191586550435e-06,4.7482356264614744e-05,1.0705771000212785e-12,0.10713588538550392,False,direct_vp,global_exact_spherical_vp,proposed_post_stage1,False,ef37d233299ab2ef,jones_free,cpu,False,,numpy,numpy.linalg.solve,jones_free,False,,,0.0,0.0,0.0,0.0,True,6,4,nan,nan,"[0.0,0.0,0.0]",,"[9.825541176996875e-06,2.483351320288958e-06,4.622011076663814e-05]",direct_vp,[],3093207.5971652693,3096560,True,5686696.815560653,85.4299093912798,13.980946699936958,0.06524840563284545,"[4.934993903810424,4.903165042350116,5.054719760800891]",243.47257285565138,197.442999266088,442.3760830834508,nan,nan,nan,nan,False,,nan,,,nan,nan,nan,,,,,,,,0.0002647096226592596,4.696191586550435e-06,0.10713588538550392,nan,nan,nan,False,not_run,not_requested
fig1_fig2,PEB,22,3206710796,0.0,snr_db,0.0,3,3,3,3,full_6d,3206710796,,,nan,,False,,5.186103619635105,nan,nan,nan,nan,nan,nan,False,,,peb_only,False,fbaa13e1f6b063b7,,,,,,,adaptive_jones,True,fixed_anchor_then_adaptive_jones_score_selection,,nan,nan,nan,nan,True,,,nan,nan,,,,,[],nan,,,nan,nan,nan,nan,,nan,nan,nan,0.0004248150196153206,nan,nan,0.0004248150196153206,False,c84ba72aa3a760a0760b6b67e247dbffd03ad56315a9283ecceeafa1a6824f29,0.10725255289283989,computed_unscaled,cpu,nan,nan,nan,,,,,,,,nan,nan,nan,nan,nan,nan,False,,
fig1_fig2,free_jones_vp,96,400860106,-5.0,snr_db,-5.0,3,3,3,3,full_6d,400860106,,,nan,,False,,1491.2106198370457,0.02943239598491483,0.02943239598491483,0.0018463544731809212,0.00814612185397993,1.906906417438776e-11,1.227682951670199,False,direct_vp,global_exact_spherical_vp,proposed_post_stage1,False,f738c24319c84950,jones_free,cpu,False,,numpy,numpy.linalg.solve,jones_free,False,,,0.0,0.0,0.0,0.0,True,6,4,nan,nan,"[0.0,0.0,0.0]",,"[3.0136065309918544e-06,4.3692297159640666e-05,0.00041096322700534375]",direct_vp,"[""poor_clock_consistency""]",3097975.503387709,3096560,True,1314475.541297799,169.8219757052503,2.569405406366966,0.5907934275190111,"[4.98361006197457,4.910410864236803,3.6953526260406258]",223.01669757813215,1214.9636325016618,1439.3658412471414,nan,nan,nan,nan,False,,nan,,,nan,nan,nan,,,,,,,,0.02943239598491483,0.0018463544731809212,1.227682951670199,nan,nan,nan,False,not_run,not_requested
fig1_fig2,free_jones_vp_gated_rescue,96,400860106,-5.0,snr_db,-5.0,3,3,3,3,full_6d,400860106,,,nan,,False,,1487.2453890442848,0.02943239598491483,0.02943239598491483,0.0018463544731809212,0.00814612185397993,1.906906417438776e-11,1.227682951670199,False,direct_vp,global_exact_spherical_vp,proposed_post_stage1,False,f738c24319c84950,jones_free,cpu,False,,numpy,numpy.linalg.solve,jones_free,False,,,0.0,0.0,0.0,0.0,True,6,4,nan,nan,"[0.0,0.0,0.0]",,"[3.0136065309918544e-06,4.3692297159640666e-05,0.00041096322700534375]",direct_vp,"[""poor_clock_consistency""]",3097975.503387709,3096560,True,1314475.541297799,169.8219757052503,2.569405406366966,0.5907934275190111,"[4.98361006197457,4.910410864236803,3.6953526260406258]",223.01669757813215,1215.4425582364202,1439.8447669818997,nan,nan,nan,nan,False,,nan,,,nan,nan,nan,,,,,,,,0.02943239598491483,0.0018463544731809212,1.227682951670199,nan,nan,nan,False,not_run,not_requested
fig1_fig2,PEB,96,400860106,-5.0,snr_db,-5.0,3,3,3,3,full_6d,400860106,,,nan,,False,,5.599714584648609,nan,nan,nan,nan,nan,nan,False,,,peb_only,False,2d119b6b8a7106e9,,,,,,,adaptive_jones,True,fixed_anchor_then_adaptive_jones_score_selection,,nan,nan,nan,nan,True,,,nan,nan,,,,,[],nan,,,nan,nan,nan,nan,,nan,nan,nan,0.0010098644435750377,nan,nan,0.0010098644435750377,False,068cb33011bae3d96200da86a8f7a06c5faec1d6e8cbb10e1a89bf0c1ef02e63,1.2271283486889888,computed_unscaled,cpu,nan,nan,nan,,,,,,,,nan,nan,nan,nan,nan,nan,False,,
fig1_fig2,free_jones_vp,91,3347136468,-5.0,snr_db,-5.0,3,3,3,3,full_6d,3347136468,,,nan,,False,,1637.458720780909,0.00806715969596342,0.00806715969596342,0.00045393866675895147,0.004132993276895776,8.832222409304787e-13,0.7800363431016842,False,direct_vp,global_exact_spherical_vp,proposed_post_stage1,False,99506cddb91c6eb8,jones_free,cpu,False,,numpy,numpy.linalg.solve,jones_free,False,,,0.0,0.0,0.0,0.0,True,6,4,nan,nan,"[0.0,0.0,0.0]",,"[3.712410167471939e-05,2.7724125700773775e-05,2.4325540986260616e-05]",direct_vp,"[""poor_clock_consistency""]",3099150.659833426,3096560,True,2164188.069474073,113.69047868772532,6.727240798519691,0.36401817666842834,"[4.488963788006139,5.3016170702088115,5.213075781895249]",229.2634238228202,1493.7705108895898,1724.4384306296706,nan,nan,nan,nan,False,,nan,,,nan,nan,nan,,,,,,,,0.00806715969596342,0.00045393866675895147,0.7800363431016842,nan,nan,nan,False,not_run,not_requested
fig1_fig2,free_jones_vp_gated_rescue,91,3347136468,-5.0,snr_db,-5.0,3,3,3,3,full_6d,3347136468,,,nan,,False,,1650.9837832450867,0.00806715969596342,0.00806715969596342,0.00045393866675895147,0.004132993276895776,8.832222409304787e-13,0.7800363431016842,False,direct_vp,global_exact_spherical_vp,proposed_post_stage1,False,99506cddb91c6eb8,jones_free,cpu,False,,numpy,numpy.linalg.solve,jones_free,False,,,0.0,0.0,0.0,0.0,True,6,4,nan,nan,"[0.0,0.0,0.0]",,"[3.712410167471939e-05,2.7724125700773775e-05,2.4325540986260616e-05]",direct_vp,"[""poor_clock_consistency""]",3099150.659833426,3096560,True,2164188.069474073,113.69047868772532,6.727240798519691,0.36401817666842834,"[4.488963788006139,5.3016170702088115,5.213075781895249]",229.2634238228202,1506.266942217946,1736.9348619580269,nan,nan,nan,nan,False,,nan,,,nan,nan,nan,,,,,,,,0.00806715969596342,0.00045393866675895147,0.7800363431016842,nan,nan,nan,False,not_run,not_requested
fig1_fig2,PEB,91,3347136468,-5.0,snr_db,-5.0,3,3,3,3,full_6d,3347136468,,,nan,,False,,5.493005931377411,nan,nan,nan,nan,nan,nan,False,,,peb_only,False,06d0756a2e41a7b7,,,,,,,adaptive_jones,True,fixed_anchor_then_adaptive_jones_score_selection,,nan,nan,nan,nan,True,,,nan,nan,,,,,[],nan,,,nan,nan,nan,nan,,nan,nan,nan,0.0006075343508815739,nan,nan,0.0006075343508815739,False,64607f16edc43d908c3fdfcf5a1ab43160e4a3b90bfd0c732196f2f9ce351b74,0.7793883177355008,computed_unscaled,cpu,nan,nan,nan,,,,,,,,nan,nan,nan,nan,nan,nan,False,,
fig1_fig2,free_jones_vp,23,2043173887,0.0,snr_db,0.0,3,3,3,3,full_6d,2043173887,,,nan,,False,,97.31244390457869,0.007811056456309142,0.007811056456309142,0.0012354304346958434,0.006947255760444376,3.153643424575268e-12,0.3279328401555239,False,direct_vp,global_exact_spherical_vp,proposed_post_stage1,False,25a8ab365a219185,jones_free,cpu,False,,numpy,numpy.linalg.solve,jones_free,False,,,0.0,0.0,0.0,0.0,True,6,4,nan,nan,"[0.0,0.0,0.0]",,"[9.313676903141373e-05,7.15023385533409e-08,2.842230674790855e-07]",direct_vp,[],3100046.1563901976,3096560,True,8345572.526253578,63.706380918294236,14.507583349002482,0.06597658285649129,"[5.090935637361288,4.933337445168879,4.9811494464085]",242.4357661679387,89.29377390444279,333.1544401422143,nan,nan,nan,nan,False,,nan,,,nan,nan,nan,,,,,,,,0.007811056456309142,0.0012354304346958434,0.3279328401555239,nan,nan,nan,False,not_run,not_requested
fig1_fig2,free_jones_vp_gated_rescue,23,2043173887,0.0,snr_db,0.0,3,3,3,3,full_6d,2043173887,,,nan,,False,,92.89275085180998,0.007811056456309142,0.007811056456309142,0.0012354304346958434,0.006947255760444376,3.153643424575268e-12,0.3279328401555239,False,direct_vp,global_exact_spherical_vp,proposed_post_stage1,False,25a8ab365a219185,jones_free,cpu,False,,numpy,numpy.linalg.solve,jones_free,False,,,0.0,0.0,0.0,0.0,True,6,4,nan,nan,"[0.0,0.0,0.0]",,"[9.313676903141373e-05,7.15023385533409e-08,2.842230674790855e-07]",direct_vp,[],3100046.1563901976,3096560,True,8345572.526253578,63.706380918294236,14.507583349002482,0.06597658285649129,"[5.090935637361288,4.933337445168879,4.9811494464085]",242.4357661679387,86.60266633331776,330.46333257108927,nan,nan,nan,nan,False,,nan,,,nan,nan,nan,,,,,,,,0.007811056456309142,0.0012354304346958434,0.3279328401555239,nan,nan,nan,False,not_run,not_requested
fig1_fig2,PEB,23,2043173887,0.0,snr_db,0.0,3,3,3,3,full_6d,2043173887,,,nan,,False,,5.603346861898899,nan,nan,nan,nan,nan,nan,False,,,peb_only,False,5246b0bbe72e376f,,,,,,,adaptive_jones,True,fixed_anchor_then_adaptive_jones_score_selection,,nan,nan,nan,nan,True,,,nan,nan,,,,,[],nan,,,nan,nan,nan,nan,,nan,nan,nan,0.0003503706818334925,nan,nan,0.0003503706818334925,False,7093cfec76f40175c6c7c58aa1b5153ce86056a79427b6463226f28ede4d41bd,0.32756575586599623,computed_unscaled,cpu,nan,nan,nan,,,,,,,,nan,nan,nan,nan,nan,nan,False,,
fig1_fig2,free_jones_vp,5,2290547997,0.0,snr_db,0.0,3,3,3,3,full_6d,2290547997,,,nan,,False,,1332.3977197408676,0.024519528116601248,0.024519528116601248,0.0016025509448628252,0.001599235533010485,2.3213246925084614e-12,0.2731882671417905,False,direct_vp,global_exact_spherical_vp,proposed_post_stage1,False,6255a5d44ce9878d,jones_free,cpu,False,,numpy,numpy.linalg.solve,jones_free,False,,,0.0,0.0,0.0,0.0,True,6,4,nan,nan,"[0.0,0.0,0.0]",,"[3.596791474584955e-05,1.4112969406973942e-08,8.163143910228531e-06]",direct_vp,[],3098709.1000584704,3096560,True,7889811.051431498,68.07326919798905,18.89398674792953,0.03376528658144478,"[5.003589586975943,5.024024048051841,5.083213230769982]",219.1762852743268,1324.8725831359625,1545.3447320759296,nan,nan,nan,nan,False,,nan,,,nan,nan,nan,,,,,,,,0.024519528116601248,0.0016025509448628252,0.2731882671417905,nan,nan,nan,False,not_run,not_requested
fig1_fig2,free_jones_vp_gated_rescue,5,2290547997,0.0,snr_db,0.0,3,3,3,3,full_6d,2290547997,,,nan,,False,,1322.1549523994327,0.024519528116601248,0.024519528116601248,0.0016025509448628252,0.001599235533010485,2.3213246925084614e-12,0.2731882671417905,False,direct_vp,global_exact_spherical_vp,proposed_post_stage1,False,6255a5d44ce9878d,jones_free,cpu,False,,numpy,numpy.linalg.solve,jones_free,False,,,0.0,0.0,0.0,0.0,True,6,4,nan,nan,"[0.0,0.0,0.0]",,"[3.596791474584955e-05,1.4112969406973942e-08,8.163143910228531e-06]",direct_vp,[],3098709.1000584704,3096560,True,7889811.051431498,68.07326919798905,18.89398674792953,0.03376528658144478,"[5.003589586975943,5.024024048051841,5.083213230769982]",219.1762852743268,1316.0193025171757,1536.4914514571428,nan,nan,nan,nan,False,,nan,,,nan,nan,nan,,,,,,,,0.024519528116601248,0.0016025509448628252,0.2731882671417905,nan,nan,nan,False,not_run,not_requested
fig1_fig2,PEB,5,2290547997,0.0,snr_db,0.0,3,3,3,3,full_6d,2290547997,,,nan,,False,,5.47758275270462,nan,nan,nan,nan,nan,nan,False,,,peb_only,False,845fd8f2f7a54d77,,,,,,,adaptive_jones,True,fixed_anchor_then_adaptive_jones_score_selection,,nan,nan,nan,nan,True,,,nan,nan,,,,,[],nan,,,nan,nan,nan,nan,,nan,nan,nan,0.00038367186194753237,nan,nan,0.00038367186194753237,False,38f1169f92c897947506b479f5ee71ac29695cde812eaf9f2f26b2ce8e8773e4,0.27300020886016524,computed_unscaled,cpu,nan,nan,nan,,,,,,,,nan,nan,nan,nan,nan,nan,False,,
fig1_fig2,free_jones_vp,99,791425146,-5.0,snr_db,-5.0,3,3,3,3,full_6d,791425146,,,nan,,False,,1507.2887556552887,0.026606727876085416,0.026606727876085416,0.003365710104049551,0.00604371534270715,6.799584477953986e-12,1.5454145595922075,False,direct_vp,global_exact_spherical_vp,proposed_post_stage1,False,70236e9807edd781,jones_free,cpu,False,,numpy,numpy.linalg.solve,jones_free,False,,,0.0,0.0,0.0,0.0,True,6,4,nan,nan,"[0.0,0.0,0.0]",,"[0.0003841512112013046,3.0641525319513574e-06,5.068323235259172e-05]",jnpp_then_vp,"[""poor_clock_consistency""]",3103580.63510404,3096560,False,2309227.896223583,86.08217275684406,5.237570507169405,0.10347488412829504,"[5.163465331575663,4.99235591771604,5.239845515174732]",229.06620406359434,1383.7070576027036,1614.0951038897038,nan,nan,nan,nan,False,,nan,,,nan,nan,nan,,,,,,,,0.026606727876085416,0.003365710104049551,1.5454145595922075,nan,nan,nan,False,not_run,not_requested
fig1_fig2,free_jones_vp_gated_rescue,99,791425146,-5.0,snr_db,-5.0,3,3,3,3,full_6d,791425146,,,nan,,False,,1608.2558516860008,0.001159435229263695,0.001159435229263695,9.933995214424019e-06,8.95607095020634e-05,2.0029296259552858e-12,1.5437269516224255,False,ris_only_stage2_then_vp,global_exact_spherical_vp,proposed_post_stage1,False,70236e9807edd781,jones_free,cpu,False,,numpy,numpy.linalg.solve,jones_free,False,,,0.0,0.0,0.0,0.0,True,6,4,nan,nan,"[0.0,0.0,0.0]",,"[0.00037673854858422194,3.320770289409299e-06,6.023097848675531e-05]",jnpp_then_vp,"[""poor_clock_consistency""]",3103580.63510404,3096560,False,2309227.896223583,86.08217275684406,5.237570507169405,0.10347488412829504,"[5.163465331575663,4.99235591771604,5.239845515174732]",229.06620406359434,96.91622506082058,342.5189656019211,nan,nan,nan,nan,False,,nan,,,nan,nan,nan,,,,,,,,0.026606727876085416,0.003365710104049551,1.5454145595922075,0.001159435229263695,9.933995214424019e-06,1.5437269516224255,True,accepted,accepted
fig1_fig2,PEB,99,791425146,-5.0,snr_db,-5.0,3,3,3,3,full_6d,791425146,,,nan,,False,,5.726141452789307,nan,nan,nan,nan,nan,nan,False,,,peb_only,False,874171af0e45a9df,,,,,,,adaptive_jones,True,fixed_anchor_then_adaptive_jones_score_selection,,nan,nan,nan,nan,True,,,nan,nan,,,,,[],nan,,,nan,nan,nan,nan,,nan,nan,nan,0.0007178272061808699,nan,nan,0.0007178272061808699,False,e87830ebc0416602d2d1d8939341d7618b51ba4eed304ffbe1d9772aa1babc70,1.5419266318251716,computed_unscaled,cpu,nan,nan,nan,,,,,,,,nan,nan,nan,nan,nan,nan,False,,
fig1_fig2,free_jones_vp,26,890721611,0.0,snr_db,0.0,3,3,3,3,full_6d,890721611,,,nan,,False,,104.7616449445486,0.002536987644596362,0.002536987644596362,3.3517860927438136e-05,0.0009151290698353729,6.570153629126309e-13,0.47665244660947187,False,direct_vp,global_exact_spherical_vp,proposed_post_stage1,False,793e495ee286e9e3,jones_free,cpu,False,,numpy,numpy.linalg.solve,jones_free,False,,,0.0,0.0,0.0,0.0,True,6,4,nan,nan,"[0.0,0.0,0.0]",,"[1.5539899565521309e-06,2.4831880333875624e-06,1.2795580531298802e-05]",direct_vp,[],3096509.184281409,3096560,True,7653651.992969658,87.10931747902956,18.700501019120036,0.0475022234695203,"[5.045230600967911,5.049891247327437,4.946874359318494]",223.79429730772972,97.03826805949211,322.2624258249998,nan,nan,nan,nan,False,,nan,,,nan,nan,nan,,,,,,,,0.002536987644596362,3.3517860927438136e-05,0.47665244660947187,nan,nan,nan,False,not_run,not_requested
fig1_fig2,free_jones_vp_gated_rescue,26,890721611,0.0,snr_db,0.0,3,3,3,3,full_6d,890721611,,,nan,,False,,103.8987650424242,0.002536987644596362,0.002536987644596362,3.3517860927438136e-05,0.0009151290698353729,6.570153629126309e-13,0.47665244660947187,False,direct_vp,global_exact_spherical_vp,proposed_post_stage1,False,793e495ee286e9e3,jones_free,cpu,False,,numpy,numpy.linalg.solve,jones_free,False,,,0.0,0.0,0.0,0.0,True,6,4,nan,nan,"[0.0,0.0,0.0]",,"[1.5539899565521309e-06,2.4831880333875624e-06,1.2795580531298802e-05]",direct_vp,[],3096509.184281409,3096560,True,7653651.992969658,87.10931747902956,18.700501019120036,0.0475022234695203,"[5.045230600967911,5.049891247327437,4.946874359318494]",223.79429730772972,97.66947408020496,322.89363184571266,nan,nan,nan,nan,False,,nan,,,nan,nan,nan,,,,,,,,0.002536987644596362,3.3517860927438136e-05,0.47665244660947187,nan,nan,nan,False,not_run,not_requested
fig1_fig2,PEB,26,890721611,0.0,snr_db,0.0,3,3,3,3,full_6d,890721611,,,nan,,False,,5.635407030582428,nan,nan,nan,nan,nan,nan,False,,,peb_only,False,d13ade0ce7d01947,,,,,,,adaptive_jones,True,fixed_anchor_then_adaptive_jones_score_selection,,nan,nan,nan,nan,True,,,nan,nan,,,,,[],nan,,,nan,nan,nan,nan,,nan,nan,nan,0.0003681739713605228,nan,nan,0.0003681739713605228,False,c294e93a3e036e5c5731d344dd8b7b3046868b56987f9fb6b7f233813953d55d,0.47666273169950174,computed_unscaled,cpu,nan,nan,nan,,,,,,,,nan,nan,nan,nan,nan,nan,False,,
fig1_fig2,free_jones_vp,25,3407116044,0.0,snr_db,0.0,3,3,3,3,full_6d,3407116044,,,nan,,False,,156.45739759504795,0.0019248932219283858,0.0019248932219283858,8.379788288856411e-05,0.000573231891294546,1.1974007345806081e-12,0.2045527330751225,False,direct_vp,global_exact_spherical_vp,proposed_post_stage1,False,0b9c63a16b9673d5,jones_free,cpu,False,,numpy,numpy.linalg.solve,jones_free,False,,,0.0,0.0,0.0,0.0,True,6,4,nan,nan,"[0.0,0.0,0.0]",,"[2.0691164788994445e-06,8.167719198772504e-07,2.2991599508014216e-06]",direct_vp,[],3097242.6209263247,3096560,True,5488015.937324856,83.56978035265163,16.654671677851763,0.04843483313855651,"[5.090662337682374,4.989323490668398,4.986565137320761]",211.37366385757923,148.7548048645258,361.5876180306077,nan,nan,nan,nan,False,,nan,,,nan,nan,nan,,,,,,,,0.0019248932219283858,8.379788288856411e-05,0.2045527330751225,nan,nan,nan,False,not_run,not_requested
fig1_fig2,free_jones_vp_gated_rescue,25,3407116044,0.0,snr_db,0.0,3,3,3,3,full_6d,3407116044,,,nan,,False,,156.9397580176592,0.0019248932219283858,0.0019248932219283858,8.379788288856411e-05,0.000573231891294546,1.1974007345806081e-12,0.2045527330751225,False,direct_vp,global_exact_spherical_vp,proposed_post_stage1,False,0b9c63a16b9673d5,jones_free,cpu,False,,numpy,numpy.linalg.solve,jones_free,False,,,0.0,0.0,0.0,0.0,True,6,4,nan,nan,"[0.0,0.0,0.0]",,"[2.0691164788994445e-06,8.167719198772504e-07,2.2991599508014216e-06]",direct_vp,[],3097242.6209263247,3096560,True,5488015.937324856,83.56978035265163,16.654671677851763,0.04843483313855651,"[5.090662337682374,4.989323490668398,4.986565137320761]",211.37366385757923,150.52171324193478,363.3545264080167,nan,nan,nan,nan,False,,nan,,,nan,nan,nan,,,,,,,,0.0019248932219283858,8.379788288856411e-05,0.2045527330751225,nan,nan,nan,False,not_run,not_requested
fig1_fig2,PEB,25,3407116044,0.0,snr_db,0.0,3,3,3,3,full_6d,3407116044,,,nan,,False,,5.2083911299705505,nan,nan,nan,nan,nan,nan,False,,,peb_only,False,f4718ff98edca8ea,,,,,,,adaptive_jones,True,fixed_anchor_then_adaptive_jones_score_selection,,nan,nan,nan,nan,True,,,nan,nan,,,,,[],nan,,,nan,nan,nan,nan,,nan,nan,nan,0.00043090987780612704,nan,nan,0.00043090987780612704,False,b8c0aecbc648c84bc393cf0ea8f798ce1d40daafad542474a8d407dec27d44d6,0.2045087070981185,computed_unscaled,cpu,nan,nan,nan,,,,,,,,nan,nan,nan,nan,nan,nan,False,,
fig1_fig2,free_jones_vp,11,3685333214,0.0,snr_db,0.0,3,3,3,3,full_6d,3685333214,,,nan,,False,,1168.6206313371658,0.027671853484390628,0.027671853484390628,0.0023589311018062976,0.0032669031417115807,5.5885103891058615e-12,0.2869895349746077,False,direct_vp,global_exact_spherical_vp,proposed_post_stage1,False,754f59dee0982f00,jones_free,cpu,False,,numpy,numpy.linalg.solve,jones_free,False,,,0.0,0.0,0.0,0.0,True,6,4,nan,nan,"[0.0,0.0,0.0]",,"[3.4690565782531694e-05,7.032393943288913e-07,2.6919511889034294e-05]",direct_vp,"[""poor_clock_consistency""]",3099236.977196903,3096560,True,6652731.494767282,83.12721377799137,7.572658829541969,0.24705509246628612,"[5.5040644185844005,4.96693599107764,4.994081950583441]",232.09010119736195,1161.3720540106297,1394.8708597123623,nan,nan,nan,nan,False,,nan,,,nan,nan,nan,,,,,,,,0.027671853484390628,0.0023589311018062976,0.2869895349746077,nan,nan,nan,False,not_run,not_requested
fig1_fig2,free_jones_vp_gated_rescue,11,3685333214,0.0,snr_db,0.0,3,3,3,3,full_6d,3685333214,,,nan,,False,,1161.798445224762,0.027671853484390628,0.027671853484390628,0.0023589311018062976,0.0032669031417115807,5.5885103891058615e-12,0.2869895349746077,False,direct_vp,global_exact_spherical_vp,proposed_post_stage1,False,754f59dee0982f00,jones_free,cpu,False,,numpy,numpy.linalg.solve,jones_free,False,,,0.0,0.0,0.0,0.0,True,6,4,nan,nan,"[0.0,0.0,0.0]",,"[3.4690565782531694e-05,7.032393943288913e-07,2.6919511889034294e-05]",direct_vp,"[""poor_clock_consistency""]",3099236.977196903,3096560,True,6652731.494767282,83.12721377799137,7.572658829541969,0.24705509246628612,"[5.5040644185844005,4.96693599107764,4.994081950583441]",232.09010119736195,1155.3150011822581,1388.8138068839908,nan,nan,nan,nan,False,,nan,,,nan,nan,nan,,,,,,,,0.027671853484390628,0.0023589311018062976,0.2869895349746077,nan,nan,nan,False,not_run,not_requested
fig1_fig2,PEB,11,3685333214,0.0,snr_db,0.0,3,3,3,3,full_6d,3685333214,,,nan,,False,,5.686804041266441,nan,nan,nan,nan,nan,nan,False,,,peb_only,False,39b2e0de1e42de10,,,,,,,adaptive_jones,True,fixed_anchor_then_adaptive_jones_score_selection,,nan,nan,nan,nan,True,,,nan,nan,,,,,[],nan,,,nan,nan,nan,nan,,nan,nan,nan,0.0004307467863547109,nan,nan,0.0004307467863547109,False,e9ccda1e403051d390ee49d3f08d80b8c395469b47c082ff498964bcdaeda690,0.2867431283222813,computed_unscaled,cpu,nan,nan,nan,,,,,,,,nan,nan,nan,nan,nan,nan,False,,
fig1_fig2,free_jones_vp,0,3147786918,0.0,snr_db,0.0,3,3,3,3,full_6d,3147786918,,,nan,,False,,1572.6492898464203,0.008984698378668185,0.008984698378668185,0.002352531144686882,0.007778967563541571,5.1069240803698034e-12,0.39724208547203804,False,direct_vp,global_exact_spherical_vp,proposed_post_stage1,False,e5713a80b3fa1249,jones_free,cpu,False,,numpy,numpy.linalg.solve,jones_free,False,,,0.0,0.0,0.0,0.0,True,6,4,nan,nan,"[0.0,0.0,0.0]",,"[4.108056495599939e-06,6.292180647641223e-07,7.114342820658273e-06]",jnpp_then_vp,[],3102739.9843194205,3096560,False,8210148.253702359,69.6776524168605,17.59019340004031,0.024734320707129047,"[5.003075717761551,4.942553519053571,4.970398548984333]",236.64456547796726,1404.885686084628,1642.9504149332643,nan,nan,nan,nan,False,,nan,,,nan,nan,nan,,,,,,,,0.008984698378668185,0.002352531144686882,0.39724208547203804,nan,nan,nan,False,not_run,not_requested
fig1_fig2,free_jones_vp_gated_rescue,0,3147786918,0.0,snr_db,0.0,3,3,3,3,full_6d,3147786918,,,nan,,False,,1683.7755675539374,0.0002720857634833067,0.0002720857634833067,4.8378064480133105e-06,0.00012151327411694739,2.897598064123181e-13,0.3963122666013538,False,ris_only_stage2_then_vp,global_exact_spherical_vp,proposed_post_stage1,False,e5713a80b3fa1249,jones_free,cpu,False,,numpy,numpy.linalg.solve,jones_free,False,,,0.0,0.0,0.0,0.0,True,6,4,nan,nan,"[0.0,0.0,0.0]",,"[4.661179805665075e-06,6.598412823462796e-07,8.008208824002795e-06]",jnpp_then_vp,[],3102739.9843194205,3096560,False,8210148.253702359,69.6776524168605,17.59019340004031,0.024734320707129047,"[5.003075717761551,4.942553519053571,4.970398548984333]",236.64456547796726,104.50599733740091,356.5783091709018,nan,nan,nan,nan,False,,nan,,,nan,nan,nan,,,,,,,,0.008984698378668185,0.002352531144686882,0.39724208547203804,0.0002720857634833067,4.8378064480133105e-06,0.3963122666013538,True,accepted,accepted
fig1_fig2,PEB,0,3147786918,0.0,snr_db,0.0,3,3,3,3,full_6d,3147786918,,,nan,,False,,5.427612312138081,nan,nan,nan,nan,nan,nan,False,,,peb_only,False,c56ef0b09ecaeefb,,,,,,,adaptive_jones,True,fixed_anchor_then_adaptive_jones_score_selection,,nan,nan,nan,nan,True,,,nan,nan,,,,,[],nan,,,nan,nan,nan,nan,,nan,nan,nan,0.0003571212682911197,nan,nan,0.0003571212682911197,False,7c738a48c71d396c30709f16037cef480e872ff8eba0c095999cea8980974cb0,0.3964529139661309,computed_unscaled,cpu,nan,nan,nan,,,,,,,,nan,nan,nan,nan,nan,nan,False,,
fig1_fig2,free_jones_vp,12,2210497206,0.0,snr_db,0.0,3,3,3,3,full_6d,2210497206,,,nan,,False,,1084.774909608066,0.02775710448857642,0.02775710448857642,0.005683088070663517,0.006373353284815404,1.4628452809139428e-12,0.4584548494659087,False,direct_vp,global_exact_spherical_vp,proposed_post_stage1,False,7e177b482d4a2a75,jones_free,cpu,False,,numpy,numpy.linalg.solve,jones_free,False,,,0.0,0.0,0.0,0.0,True,6,4,nan,nan,"[0.0,0.0,0.0]",,"[1.0416134205038104e-05,6.8791163755433425e-06,3.430910451643343e-06]",jnpp_then_vp,[],3116113.7376617044,3096560,False,9207394.826184442,70.16789834022829,18.203242554294757,0.013781580504873967,"[5.060339718306544,5.086379321520149,5.054754463508865]",242.13177443295717,1076.5858914405107,1320.1181013733149,nan,nan,nan,nan,False,,nan,,,nan,nan,nan,,,,,,,,0.02775710448857642,0.005683088070663517,0.4584548494659087,nan,nan,nan,False,not_run,not_requested
fig1_fig2,free_jones_vp_gated_rescue,12,2210497206,0.0,snr_db,0.0,3,3,3,3,full_6d,2210497206,,,nan,,False,,1401.6918320581317,0.0002785813126880749,0.0002785813126880749,2.986879372104474e-06,8.19305088226965e-05,2.6835727747401514e-13,0.45591765847512716,False,ris_only_stage2_then_vp,global_exact_spherical_vp,proposed_post_stage1,False,7e177b482d4a2a75,jones_free,cpu,False,,numpy,numpy.linalg.solve,jones_free,False,,,0.0,0.0,0.0,0.0,True,6,4,nan,nan,"[0.0,0.0,0.0]",,"[1.0862195569601446e-05,6.999969315655987e-06,3.3056351113953934e-06]",jnpp_then_vp,[],3116113.7376617044,3096560,False,9207394.826184442,70.16789834022829,18.203242554294757,0.013781580504873967,"[5.060339718306544,5.086379321520149,5.054754463508865]",242.13177443295717,316.8166920095682,575.2128416150808,nan,nan,nan,nan,False,,nan,,,nan,nan,nan,,,,,,,,0.02775710448857642,0.005683088070663517,0.4584548494659087,0.0002785813126880749,2.986879372104474e-06,0.45591765847512716,True,accepted,accepted
fig1_fig2,PEB,12,2210497206,0.0,snr_db,0.0,3,3,3,3,full_6d,2210497206,,,nan,,False,,5.9248597621917725,nan,nan,nan,nan,nan,nan,False,,,peb_only,False,615501f1ead2a0ab,,,,,,,adaptive_jones,True,fixed_anchor_then_adaptive_jones_score_selection,,nan,nan,nan,nan,True,,,nan,nan,,,,,[],nan,,,nan,nan,nan,nan,,nan,nan,nan,0.0003215338475920975,nan,nan,0.0003215338475920975,False,0a1c4f0b423cde7d810066f20685360779b434f786c785131581505ed3dd312e,0.45558038103096565,computed_unscaled,cpu,nan,nan,nan,,,,,,,,nan,nan,nan,nan,nan,nan,False,,
fig1_fig2,free_jones_vp,35,714029656,0.0,snr_db,0.0,3,3,3,3,full_6d,714029656,,,nan,,False,,99.90141336619854,0.0051789070864103415,0.0051789070864103415,0.0004131335980732036,0.004363978762177893,3.3424903751299037e-12,0.19222139706242108,False,direct_vp,global_exact_spherical_vp,proposed_post_stage1,False,4149f728b26533aa,jones_free,cpu,False,,numpy,numpy.linalg.solve,jones_free,False,,,0.0,0.0,0.0,0.0,True,6,4,nan,nan,"[0.0,0.0,0.0]",,"[1.625011339887004e-05,2.8902780072432837e-07,1.8926593011321924e-06]",direct_vp,[],3097928.573947542,3096560,True,7416631.447265074,81.05832384355865,11.50007782311066,0.04161915464233137,"[4.976114362413255,5.024900748573515,4.922985884051092]",233.87493578344584,92.39046758413315,327.834413588047,nan,nan,nan,nan,False,,nan,,,nan,nan,nan,,,,,,,,0.0051789070864103415,0.0004131335980732036,0.19222139706242108,nan,nan,nan,False,not_run,not_requested
fig1_fig2,free_jones_vp_gated_rescue,35,714029656,0.0,snr_db,0.0,3,3,3,3,full_6d,714029656,,,nan,,False,,101.90113826841116,0.0051789070864103415,0.0051789070864103415,0.0004131335980732036,0.004363978762177893,3.3424903751299037e-12,0.19222139706242108,False,direct_vp,global_exact_spherical_vp,proposed_post_stage1,False,4149f728b26533aa,jones_free,cpu,False,,numpy,numpy.linalg.solve,jones_free,False,,,0.0,0.0,0.0,0.0,True,6,4,nan,nan,"[0.0,0.0,0.0]",,"[1.625011339887004e-05,2.8902780072432837e-07,1.8926593011321924e-06]",direct_vp,[],3097928.573947542,3096560,True,7416631.447265074,81.05832384355865,11.50007782311066,0.04161915464233137,"[4.976114362413255,5.024900748573515,4.922985884051092]",233.87493578344584,95.41108268499374,330.8550286889076,nan,nan,nan,nan,False,,nan,,,nan,nan,nan,,,,,,,,0.0051789070864103415,0.0004131335980732036,0.19222139706242108,nan,nan,nan,False,not_run,not_requested
fig1_fig2,PEB,35,714029656,0.0,snr_db,0.0,3,3,3,3,full_6d,714029656,,,nan,,False,,5.609449528157711,nan,nan,nan,nan,nan,nan,False,,,peb_only,False,a557f784817e8187,,,,,,,adaptive_jones,True,fixed_anchor_then_adaptive_jones_score_selection,,nan,nan,nan,nan,True,,,nan,nan,,,,,[],nan,,,nan,nan,nan,nan,,nan,nan,nan,0.00038298479235587536,nan,nan,0.00038298479235587536,False,5d8c0ccf801b5347ce0be3d5af96b3f2d9a4ebabf39c0be2596e7a64087c3f22,0.19213747206298332,computed_unscaled,cpu,nan,nan,nan,,,,,,,,nan,nan,nan,nan,nan,nan,False,,
fig1_fig2,free_jones_vp,32,2857393641,0.0,snr_db,0.0,3,3,3,3,full_6d,2857393641,,,nan,,False,,207.0265519246459,0.002479483992119205,0.002479483992119205,0.0001161785162841479,0.0012552379015632654,1.0871929682086594e-12,0.18064084515482612,False,direct_vp,global_exact_spherical_vp,proposed_post_stage1,False,1a6071f80f8a1515,jones_free,cpu,False,,numpy,numpy.linalg.solve,jones_free,False,,,0.0,0.0,0.0,0.0,True,6,4,nan,nan,"[0.0,0.0,0.0]",,"[1.467795671850393e-06,1.6871225077418722e-06,3.265497464438183e-05]",direct_vp,[],3095109.012497525,3096560,True,7760868.916931949,73.93359983796459,21.883768529206904,0.0448669965003615,"[5.085563800626381,4.975667291980695,5.02973167529935]",236.75962729752064,198.76966099441051,436.90290685743093,nan,nan,nan,nan,False,,nan,,,nan,nan,nan,,,,,,,,0.002479483992119205,0.0001161785162841479,0.18064084515482612,nan,nan,nan,False,not_run,not_requested
fig1_fig2,free_jones_vp_gated_rescue,32,2857393641,0.0,snr_db,0.0,3,3,3,3,full_6d,2857393641,,,nan,,False,,209.73557356745005,0.002479483992119205,0.002479483992119205,0.0001161785162841479,0.0012552379015632654,1.0871929682086594e-12,0.18064084515482612,False,direct_vp,global_exact_spherical_vp,proposed_post_stage1,False,1a6071f80f8a1515,jones_free,cpu,False,,numpy,numpy.linalg.solve,jones_free,False,,,0.0,0.0,0.0,0.0,True,6,4,nan,nan,"[0.0,0.0,0.0]",,"[1.467795671850393e-06,1.6871225077418722e-06,3.265497464438183e-05]",direct_vp,[],3095109.012497525,3096560,True,7760868.916931949,73.93359983796459,21.883768529206904,0.0448669965003615,"[5.085563800626381,4.975667291980695,5.02973167529935]",236.75962729752064,203.3535058349371,441.4867516979575,nan,nan,nan,nan,False,,nan,,,nan,nan,nan,,,,,,,,0.002479483992119205,0.0001161785162841479,0.18064084515482612,nan,nan,nan,False,not_run,not_requested
fig1_fig2,PEB,32,2857393641,0.0,snr_db,0.0,3,3,3,3,full_6d,2857393641,,,nan,,False,,5.580635443329811,nan,nan,nan,nan,nan,nan,False,,,peb_only,False,d84ba97f03e72dd6,,,,,,,adaptive_jones,True,fixed_anchor_then_adaptive_jones_score_selection,,nan,nan,nan,nan,True,,,nan,nan,,,,,[],nan,,,nan,nan,nan,nan,,nan,nan,nan,0.00036501323958127975,nan,nan,0.00036501323958127975,False,73ca4065ba0c89751d2f0dc2de518337698a325ed5053ee6dc1f366512a9f819,0.18072646341938758,computed_unscaled,cpu,nan,nan,nan,,,,,,,,nan,nan,nan,nan,nan,nan,False,,
fig1_fig2,free_jones_vp,34,1995992425,0.0,snr_db,0.0,3,3,3,3,full_6d,1995992425,,,nan,,False,,200.84853856265545,0.0036110660193088,0.0036110660193088,0.00031100852647011906,0.003141330391325922,1.8832341099310975e-12,0.7645648311898702,False,direct_vp,global_exact_spherical_vp,proposed_post_stage1,False,34b1e537c3697a62,jones_free,cpu,False,,numpy,numpy.linalg.solve,jones_free,False,,,0.0,0.0,0.0,0.0,True,6,4,nan,nan,"[0.0,0.0,0.0]",,"[7.039268163591111e-05,3.0817254903697814e-07,1.3551988854562164e-05]",direct_vp,[],3100123.1768232347,3096560,True,6723883.699671399,76.74367573571271,15.308990776275648,0.04879086685191813,"[5.100264154902352,5.003207352525986,4.991341615496264]",235.38447483628988,192.25534354150295,429.0894737392664,nan,nan,nan,nan,False,,nan,,,nan,nan,nan,,,,,,,,0.0036110660193088,0.00031100852647011906,0.7645648311898702,nan,nan,nan,False,not_run,not_requested
fig1_fig2,free_jones_vp_gated_rescue,34,1995992425,0.0,snr_db,0.0,3,3,3,3,full_6d,1995992425,,,nan,,False,,201.62055537849665,0.0036110660193088,0.0036110660193088,0.00031100852647011906,0.003141330391325922,1.8832341099310975e-12,0.7645648311898702,False,direct_vp,global_exact_spherical_vp,proposed_post_stage1,False,34b1e537c3697a62,jones_free,cpu,False,,numpy,numpy.linalg.solve,jones_free,False,,,0.0,0.0,0.0,0.0,True,6,4,nan,nan,"[0.0,0.0,0.0]",,"[7.039268163591111e-05,3.0817254903697814e-07,1.3551988854562164e-05]",direct_vp,[],3100123.1768232347,3096560,True,6723883.699671399,76.74367573571271,15.308990776275648,0.04879086685191813,"[5.100264154902352,5.003207352525986,4.991341615496264]",235.38447483628988,194.56060406565666,431.3947342634201,nan,nan,nan,nan,False,,nan,,,nan,nan,nan,,,,,,,,0.0036110660193088,0.00031100852647011906,0.7645648311898702,nan,nan,nan,False,not_run,not_requested
fig1_fig2,PEB,34,1995992425,0.0,snr_db,0.0,3,3,3,3,full_6d,1995992425,,,nan,,False,,5.646523721516132,nan,nan,nan,nan,nan,nan,False,,,peb_only,False,5064671ef3fb0bae,,,,,,,adaptive_jones,True,fixed_anchor_then_adaptive_jones_score_selection,,nan,nan,nan,nan,True,,,nan,nan,,,,,[],nan,,,nan,nan,nan,nan,,nan,nan,nan,0.00039957847105627763,nan,nan,0.00039957847105627763,False,08ae9de45575216533d6edee2ff062b3deef6ce05030f7f9832ee4fff1bbeb0e,0.7636900121925695,computed_unscaled,cpu,nan,nan,nan,,,,,,,,nan,nan,nan,nan,nan,nan,False,,
fig1_fig2,free_jones_vp,42,1970772956,0.0,snr_db,0.0,3,3,3,3,full_6d,1970772956,,,nan,,False,,134.36455205827951,0.0034550741935706186,0.0034550741935706186,0.00025271173928021194,0.0031007983185364833,1.0417604148975814e-12,0.17201984810634188,False,direct_vp,global_exact_spherical_vp,proposed_post_stage1,False,c47a94817bca17e0,jones_free,cpu,False,,numpy,numpy.linalg.solve,jones_free,False,,,0.0,0.0,0.0,0.0,True,6,4,nan,nan,"[0.0,0.0,0.0]",,"[4.671406218781309e-05,6.628497376535185e-07,2.1007443374903947e-06]",direct_vp,[],3097854.5722254207,3096560,True,8561922.4361631,72.4254829853739,15.357479817304958,0.056546493158020544,"[5.099053942270908,4.962215119290708,5.012056885823486]",234.26022861897945,126.09169951081276,361.79780884087086,nan,nan,nan,nan,False,,nan,,,nan,nan,nan,,,,,,,,0.0034550741935706186,0.00025271173928021194,0.17201984810634188,nan,nan,nan,False,not_run,not_requested
fig1_fig2,free_jones_vp_gated_rescue,42,1970772956,0.0,snr_db,0.0,3,3,3,3,full_6d,1970772956,,,nan,,False,,132.7584697753191,0.0034550741935706186,0.0034550741935706186,0.00025271173928021194,0.0031007983185364833,1.0417604148975814e-12,0.17201984810634188,False,direct_vp,global_exact_spherical_vp,proposed_post_stage1,False,c47a94817bca17e0,jones_free,cpu,False,,numpy,numpy.linalg.solve,jones_free,False,,,0.0,0.0,0.0,0.0,True,6,4,nan,nan,"[0.0,0.0,0.0]",,"[4.671406218781309e-05,6.628497376535185e-07,2.1007443374903947e-06]",direct_vp,[],3097854.5722254207,3096560,True,8561922.4361631,72.4254829853739,15.357479817304958,0.056546493158020544,"[5.099053942270908,4.962215119290708,5.012056885823486]",234.26022861897945,126.05580148845911,361.7619108185172,nan,nan,nan,nan,False,,nan,,,nan,nan,nan,,,,,,,,0.0034550741935706186,0.00025271173928021194,0.17201984810634188,nan,nan,nan,False,not_run,not_requested
fig1_fig2,PEB,42,1970772956,0.0,snr_db,0.0,3,3,3,3,full_6d,1970772956,,,nan,,False,,5.967193901538849,nan,nan,nan,nan,nan,nan,False,,,peb_only,False,1b50ee7f6ebce131,,,,,,,adaptive_jones,True,fixed_anchor_then_adaptive_jones_score_selection,,nan,nan,nan,nan,True,,,nan,nan,,,,,[],nan,,,nan,nan,nan,nan,,nan,nan,nan,0.00033837101002430123,nan,nan,0.00033837101002430123,False,4af21c66cd27ed283a830009c130c6232a0ae08038b9a036394b8e1c4ae43a65,0.1719488506483005,computed_unscaled,cpu,nan,nan,nan,,,,,,,,nan,nan,nan,nan,nan,nan,False,,
fig1_fig2,free_jones_vp,9,3933360494,0.0,snr_db,0.0,3,3,3,3,full_6d,3933360494,,,nan,,False,,1734.1782669574022,0.02112404274084895,0.02112404274084895,0.0011382906289975686,0.0021917573277323217,2.3236487198912204e-12,0.11925805172882109,False,direct_vp,global_exact_spherical_vp,proposed_post_stage1,False,9c511f33e4809f30,jones_free,cpu,False,,numpy,numpy.linalg.solve,jones_free,False,,,0.0,0.0,0.0,0.0,True,6,4,nan,nan,"[0.0,0.0,0.0]",,"[1.2811245002895625e-06,1.6229027802442434e-07,5.316593205271245e-05]",direct_vp,[],3100105.9262088384,3096560,True,7722590.557537996,71.18520764088872,18.058321192153983,0.05574780959276452,"[5.08649223550878,4.966803140123999,4.969717269152554]",217.78293891251087,1725.8947935178876,1945.1109187453985,nan,nan,nan,nan,False,,nan,,,nan,nan,nan,,,,,,,,0.02112404274084895,0.0011382906289975686,0.11925805172882109,nan,nan,nan,False,not_run,not_requested
fig1_fig2,free_jones_vp_gated_rescue,9,3933360494,0.0,snr_db,0.0,3,3,3,3,full_6d,3933360494,,,nan,,False,,1711.4170930683613,0.02112404274084895,0.02112404274084895,0.0011382906289975686,0.0021917573277323217,2.3236487198912204e-12,0.11925805172882109,False,direct_vp,global_exact_spherical_vp,proposed_post_stage1,False,9c511f33e4809f30,jones_free,cpu,False,,numpy,numpy.linalg.solve,jones_free,False,,,0.0,0.0,0.0,0.0,True,6,4,nan,nan,"[0.0,0.0,0.0]",,"[1.2811245002895625e-06,1.6229027802442434e-07,5.316593205271245e-05]",direct_vp,[],3100105.9262088384,3096560,True,7722590.557537996,71.18520764088872,18.058321192153983,0.05574780959276452,"[5.08649223550878,4.966803140123999,4.969717269152554]",217.78293891251087,1705.1613548099995,1924.3774800375104,nan,nan,nan,nan,False,,nan,,,nan,nan,nan,,,,,,,,0.02112404274084895,0.0011382906289975686,0.11925805172882109,nan,nan,nan,False,not_run,not_requested
fig1_fig2,PEB,9,3933360494,0.0,snr_db,0.0,3,3,3,3,full_6d,3933360494,,,nan,,False,,6.010644033551216,nan,nan,nan,nan,nan,nan,False,,,peb_only,False,286809628deba998,,,,,,,adaptive_jones,True,fixed_anchor_then_adaptive_jones_score_selection,,nan,nan,nan,nan,True,,,nan,nan,,,,,[],nan,,,nan,nan,nan,nan,,nan,nan,nan,0.0003804616526773719,nan,nan,0.0003804616526773719,False,2f009590b628473d7acf259cec76359e96ba2256fe333ef7c1514fe7022a67d5,0.1191222589099843,computed_unscaled,cpu,nan,nan,nan,,,,,,,,nan,nan,nan,nan,nan,nan,False,,
fig1_fig2,free_jones_vp,21,4000820147,0.0,snr_db,0.0,3,3,3,3,full_6d,4000820147,,,nan,,False,,1055.020497314632,0.03102575463477498,0.03102575463477498,0.009904125691617187,0.011951032923831316,3.0860911204046735e-11,0.3512157737412851,False,direct_vp,global_exact_spherical_vp,proposed_post_stage1,False,df7541ddcf229fac,jones_free,cpu,False,,numpy,numpy.linalg.solve,jones_free,False,,,0.0,0.0,0.0,0.0,True,6,4,nan,nan,"[0.0,0.0,0.0]",,"[2.2337758906714304e-06,9.881298234046446e-07,1.083333167992624e-06]",jnpp_then_vp,[],3126018.110707849,3096560,False,5626857.952179632,122.66022306834599,15.223090788754176,0.08408643459719942,"[4.988967247901601,5.194927551231871,5.0935732112988825]",240.29571451991796,921.3975324481726,1163.1782294735312,nan,nan,nan,nan,False,,nan,,,nan,nan,nan,,,,,,,,0.03102575463477498,0.009904125691617187,0.3512157737412851,nan,nan,nan,False,not_run,not_requested
fig1_fig2,free_jones_vp_gated_rescue,21,4000820147,0.0,snr_db,0.0,3,3,3,3,full_6d,4000820147,,,nan,,False,,1139.4800368249416,0.0016634712148954796,0.0016634712148954796,9.158650282324246e-06,0.00011697371261381368,1.449727901935327e-12,0.34784618636340303,False,ris_only_stage2_then_vp,global_exact_spherical_vp,proposed_post_stage1,False,df7541ddcf229fac,jones_free,cpu,False,,numpy,numpy.linalg.solve,jones_free,False,,,0.0,0.0,0.0,0.0,True,6,4,nan,nan,"[0.0,0.0,0.0]",,"[1.5544570925684327e-06,9.109373808711878e-06,4.0973971690814705e-07]",jnpp_then_vp,[],3126018.110707849,3096560,False,5626857.952179632,122.66022306834599,15.223090788754176,0.08408643459719942,"[4.988967247901601,5.194927551231871,5.0935732112988825]",240.29571451991796,54.15199440717697,311.7270624861121,nan,nan,nan,nan,False,,nan,,,nan,nan,nan,,,,,,,,0.03102575463477498,0.009904125691617187,0.3512157737412851,0.0016634712148954796,9.158650282324246e-06,0.34784618636340303,True,accepted,accepted
fig1_fig2,PEB,21,4000820147,0.0,snr_db,0.0,3,3,3,3,full_6d,4000820147,,,nan,,False,,5.8777637258172035,nan,nan,nan,nan,nan,nan,False,,,peb_only,False,68fd77c946414550,,,,,,,adaptive_jones,True,fixed_anchor_then_adaptive_jones_score_selection,,nan,nan,nan,nan,True,,,nan,nan,,,,,[],nan,,,nan,nan,nan,nan,,nan,nan,nan,0.0004667337139928578,nan,nan,0.0004667337139928578,False,f7a047bb7013efbe33f31c7f789c22a5d5f4d1899bcaccc54b42258dbd7f4038,0.3479078806560169,computed_unscaled,cpu,nan,nan,nan,,,,,,,,nan,nan,nan,nan,nan,nan,False,,
fig1_fig2,free_jones_vp,38,445142407,0.0,snr_db,0.0,3,3,3,3,full_6d,445142407,,,nan,,False,,527.8391249999404,0.009293989245771577,0.009293989245771577,0.0005951376012555376,0.005594623966541458,7.505958968762268e-12,0.7098312200215063,False,direct_vp,global_exact_spherical_vp,proposed_post_stage1,False,257b1ec1d039ea0e,jones_free,cpu,False,,numpy,numpy.linalg.solve,jones_free,False,,,0.0,0.0,0.0,0.0,True,6,4,nan,nan,"[0.0,0.0,0.0]",,"[3.3039120290532997e-06,2.0490890250555436e-05,1.1933733295607515e-06]",direct_vp,[],3097408.2152125556,3096560,True,4910624.084283462,116.91580137296191,11.357985013811364,0.09606185575511605,"[5.008048587054669,4.8221853994895945,4.790150528886132]",215.85315324366093,519.7055630162358,736.923736743629,nan,nan,nan,nan,False,,nan,,,nan,nan,nan,,,,,,,,0.009293989245771577,0.0005951376012555376,0.7098312200215063,nan,nan,nan,False,not_run,not_requested
fig1_fig2,free_jones_vp_gated_rescue,38,445142407,0.0,snr_db,0.0,3,3,3,3,full_6d,445142407,,,nan,,False,,522.5216794386506,0.009293989245771577,0.009293989245771577,0.0005951376012555376,0.005594623966541458,7.505958968762268e-12,0.7098312200215063,False,direct_vp,global_exact_spherical_vp,proposed_post_stage1,False,257b1ec1d039ea0e,jones_free,cpu,False,,numpy,numpy.linalg.solve,jones_free,False,,,0.0,0.0,0.0,0.0,True,6,4,nan,nan,"[0.0,0.0,0.0]",,"[3.3039120290532997e-06,2.0490890250555436e-05,1.1933733295607515e-06]",direct_vp,[],3097408.2152125556,3096560,True,4910624.084283462,116.91580137296191,11.357985013811364,0.09606185575511605,"[5.008048587054669,4.8221853994895945,4.790150528886132]",215.85315324366093,515.792297668755,733.0104713961482,nan,nan,nan,nan,False,,nan,,,nan,nan,nan,,,,,,,,0.009293989245771577,0.0005951376012555376,0.7098312200215063,nan,nan,nan,False,not_run,not_requested
fig1_fig2,PEB,38,445142407,0.0,snr_db,0.0,3,3,3,3,full_6d,445142407,,,nan,,False,,5.796943791210651,nan,nan,nan,nan,nan,nan,False,,,peb_only,False,01408fcac8d2946a,,,,,,,adaptive_jones,True,fixed_anchor_then_adaptive_jones_score_selection,,nan,nan,nan,nan,True,,,nan,nan,,,,,[],nan,,,nan,nan,nan,nan,,nan,nan,nan,0.00048043174357664673,nan,nan,0.00048043174357664673,False,188df01b21e845096046e025598027817a0fefeca6c3a9da8733d6021c9aadff,0.7096405017504217,computed_unscaled,cpu,nan,nan,nan,,,,,,,,nan,nan,nan,nan,nan,nan,False,,
fig1_fig2,free_jones_vp,18,3644258948,0.0,snr_db,0.0,3,3,3,3,full_6d,3644258948,,,nan,,False,,1357.1458306759596,0.02868452657183731,0.02868452657183731,0.004671516162230057,0.0065787486933399,2.4120114032355553e-12,0.4415603164761796,False,direct_vp,global_exact_spherical_vp,proposed_post_stage1,False,6172c1973dd4f5c3,jones_free,cpu,False,,numpy,numpy.linalg.solve,jones_free,False,,,0.0,0.0,0.0,0.0,True,6,4,nan,nan,"[0.0,0.0,0.0]",,"[7.243946519507318e-06,1.2792873028339199e-05,1.6764975757589093e-06]",jnpp_then_vp,[],3108616.610375542,3096560,False,8092446.042140334,80.57258384462808,13.859142483138076,0.09817334733228739,"[5.115998871717966,5.218839618216453,4.979167118249761]",228.94359044730663,1349.8727531656623,1580.2656929641962,nan,nan,nan,nan,False,,nan,,,nan,nan,nan,,,,,,,,0.02868452657183731,0.004671516162230057,0.4415603164761796,nan,nan,nan,False,not_run,not_requested
fig1_fig2,free_jones_vp_gated_rescue,18,3644258948,0.0,snr_db,0.0,3,3,3,3,full_6d,3644258948,,,nan,,False,,1443.2940481826663,0.001355905599074844,0.001355905599074844,1.2811470712011917e-05,0.0002474042202749166,1.5524477850335123e-12,0.4394813139403101,False,ris_only_stage2_then_vp,global_exact_spherical_vp,proposed_post_stage1,False,6172c1973dd4f5c3,jones_free,cpu,False,,numpy,numpy.linalg.solve,jones_free,False,,,0.0,0.0,0.0,0.0,True,6,4,nan,nan,"[0.0,0.0,0.0]",,"[5.407055542731532e-06,5.119273578004436e-06,1.6547405466002697e-06]",jnpp_then_vp,[],3108616.610375542,3096560,False,8092446.042140334,80.57258384462808,13.859142483138076,0.09817334733228739,"[5.115998871717966,5.218839618216453,4.979167118249761]",228.94359044730663,54.075475834310055,301.0912764519453,nan,nan,nan,nan,False,,nan,,,nan,nan,nan,,,,,,,,0.02868452657183731,0.004671516162230057,0.4415603164761796,0.001355905599074844,1.2811470712011917e-05,0.4394813139403101,True,accepted,accepted
fig1_fig2,PEB,18,3644258948,0.0,snr_db,0.0,3,3,3,3,full_6d,3644258948,,,nan,,False,,6.106780499219894,nan,nan,nan,nan,nan,nan,False,,,peb_only,False,d8fff79d2cf5dd7a,,,,,,,adaptive_jones,True,fixed_anchor_then_adaptive_jones_score_selection,,nan,nan,nan,nan,True,,,nan,nan,,,,,[],nan,,,nan,nan,nan,nan,,nan,nan,nan,0.0003337104219380406,nan,nan,0.0003337104219380406,False,10eabe3ea0bf687d98504e31e23e6506b4b182585a8f16e7a2bae8ed9d09e41a,0.43985002009860585,computed_unscaled,cpu,nan,nan,nan,,,,,,,,nan,nan,nan,nan,nan,nan,False,,
fig1_fig2,free_jones_vp,15,2734808712,0.0,snr_db,0.0,3,3,3,3,full_6d,2734808712,,,nan,,False,,1554.327619858086,0.00818229596106521,0.00818229596106521,0.0024023083309176463,0.007266708553284059,2.361991449100192e-12,0.1157378756725166,False,direct_vp,global_exact_spherical_vp,proposed_post_stage1,False,b1c36be137ab5f68,jones_free,cpu,False,,numpy,numpy.linalg.solve,jones_free,False,,,0.0,0.0,0.0,0.0,True,6,4,nan,nan,"[0.0,0.0,0.0]",,"[4.461167625654364e-06,3.2861698978221744e-08,7.27719082099564e-06]",jnpp_then_vp,"[""poor_clock_consistency""]",3107058.3905145167,3096560,False,8647643.450636638,70.28493602113106,12.912043558143198,0.1194257578995107,"[4.798262477421024,5.0573839196079575,5.045395989047202]",234.87510792165995,1431.6765076220036,1667.886298276484,nan,nan,nan,nan,False,,nan,,,nan,nan,nan,,,,,,,,0.00818229596106521,0.0024023083309176463,0.1157378756725166,nan,nan,nan,False,not_run,not_requested
fig1_fig2,free_jones_vp_gated_rescue,15,2734808712,0.0,snr_db,0.0,3,3,3,3,full_6d,2734808712,,,nan,,False,,1619.4720874130726,0.00022007491355809092,0.00022007491355809092,5.927508455789133e-06,0.00015228922317798519,1.740517089914422e-12,0.11545209508283198,False,ris_only_stage2_then_vp,global_exact_spherical_vp,proposed_post_stage1,False,b1c36be137ab5f68,jones_free,cpu,False,,numpy,numpy.linalg.solve,jones_free,False,,,0.0,0.0,0.0,0.0,True,6,4,nan,nan,"[0.0,0.0,0.0]",,"[4.466547640364503e-06,3.15706662016169e-08,7.0972604150415155e-06]",jnpp_then_vp,"[""poor_clock_consistency""]",3107058.3905145167,3096560,False,8647643.450636638,70.28493602113106,12.912043558143198,0.1194257578995107,"[4.798262477421024,5.0573839196079575,5.045395989047202]",234.87510792165995,52.72001760452986,302.94314271211624,nan,nan,nan,nan,False,,nan,,,nan,nan,nan,,,,,,,,0.00818229596106521,0.0024023083309176463,0.1157378756725166,0.00022007491355809092,5.927508455789133e-06,0.11545209508283198,True,accepted,accepted
fig1_fig2,PEB,15,2734808712,0.0,snr_db,0.0,3,3,3,3,full_6d,2734808712,,,nan,,False,,5.631578415632248,nan,nan,nan,nan,nan,nan,False,,,peb_only,False,691592abe5aa2b97,,,,,,,adaptive_jones,True,fixed_anchor_then_adaptive_jones_score_selection,,nan,nan,nan,nan,True,,,nan,nan,,,,,[],nan,,,nan,nan,nan,nan,,nan,nan,nan,0.0003461631391619722,nan,nan,0.0003461631391619722,False,3745774ba39f0b3a489ec82705d3e30e7ac3ac0889ba9ff94e26de5537c07034,0.11534740679242614,computed_unscaled,cpu,nan,nan,nan,,,,,,,,nan,nan,nan,nan,nan,nan,False,,
fig1_fig2,free_jones_vp,43,409305243,0.0,snr_db,0.0,3,3,3,3,full_6d,409305243,,,nan,,False,,111.90022743493319,0.0027049452722941463,0.0027049452722941463,0.000278426030299279,0.0021237318713316013,1.458878154155326e-12,0.33342683685962793,False,direct_vp,global_exact_spherical_vp,proposed_post_stage1,False,17ef83ac3e800333,jones_free,cpu,False,,numpy,numpy.linalg.solve,jones_free,False,,,0.0,0.0,0.0,0.0,True,6,4,nan,nan,"[0.0,0.0,0.0]",,"[4.070027130714393e-06,4.470459735028765e-07,5.6005435489800224e-05]",direct_vp,[],3099843.0919914274,3096560,True,5768960.91120492,96.48691342267948,16.20702626268566,0.007880480336268423,"[4.992867822869477,4.977184589417966,4.994772282680742]",237.13015132397413,103.52515424787998,342.08974911272526,nan,nan,nan,nan,False,,nan,,,nan,nan,nan,,,,,,,,0.0027049452722941463,0.000278426030299279,0.33342683685962793,nan,nan,nan,False,not_run,not_requested
fig1_fig2,free_jones_vp_gated_rescue,43,409305243,0.0,snr_db,0.0,3,3,3,3,full_6d,409305243,,,nan,,False,,103.68223810940981,0.0027049452722941463,0.0027049452722941463,0.000278426030299279,0.0021237318713316013,1.458878154155326e-12,0.33342683685962793,False,direct_vp,global_exact_spherical_vp,proposed_post_stage1,False,17ef83ac3e800333,jones_free,cpu,False,,numpy,numpy.linalg.solve,jones_free,False,,,0.0,0.0,0.0,0.0,True,6,4,nan,nan,"[0.0,0.0,0.0]",,"[4.070027130714393e-06,4.470459735028765e-07,5.6005435489800224e-05]",direct_vp,[],3099843.0919914274,3096560,True,5768960.91120492,96.48691342267948,16.20702626268566,0.007880480336268423,"[4.992867822869477,4.977184589417966,4.994772282680742]",237.13015132397413,97.29745364934206,335.86204851418734,nan,nan,nan,nan,False,,nan,,,nan,nan,nan,,,,,,,,0.0027049452722941463,0.000278426030299279,0.33342683685962793,nan,nan,nan,False,not_run,not_requested
fig1_fig2,PEB,43,409305243,0.0,snr_db,0.0,3,3,3,3,full_6d,409305243,,,nan,,False,,5.562905229628086,nan,nan,nan,nan,nan,nan,False,,,peb_only,False,b992ec995b2f4a61,,,,,,,adaptive_jones,True,fixed_anchor_then_adaptive_jones_score_selection,,nan,nan,nan,nan,True,,,nan,nan,,,,,[],nan,,,nan,nan,nan,nan,,nan,nan,nan,0.00042388220292965826,nan,nan,0.00042388220292965826,False,d06249056a46bde512ae6accc3f5b861faabc2ef0f40296322d007b403b53207,0.33307542031495013,computed_unscaled,cpu,nan,nan,nan,,,,,,,,nan,nan,nan,nan,nan,nan,False,,
fig1_fig2,free_jones_vp,10,781873798,0.0,snr_db,0.0,3,3,3,3,full_6d,781873798,,,nan,,False,,1939.7621967196465,0.02140832390705867,0.02140832390705867,0.001939947919395047,0.0020095779791081403,8.125987731404161e-13,0.22078068001913956,False,direct_vp,global_exact_spherical_vp,proposed_post_stage1,False,679837fac8f964ef,jones_free,cpu,False,,numpy,numpy.linalg.solve,jones_free,False,,,0.0,0.0,0.0,0.0,True,6,4,nan,nan,"[0.0,0.0,0.0]",,"[2.197199652811205e-06,1.4018791449403948e-05,2.167201121444029e-06]",direct_vp,[],3100171.964804657,3096560,True,8247334.547794299,79.877043114213,13.947152553409365,0.07707412688612159,"[5.000750788038233,5.173242242828544,5.020536616419754]",226.75947786867619,1824.4900945946574,2052.5860431417823,nan,nan,nan,nan,False,,nan,,,nan,nan,nan,,,,,,,,0.02140832390705867,0.001939947919395047,0.22078068001913956,nan,nan,nan,False,not_run,not_requested
fig1_fig2,free_jones_vp_gated_rescue,10,781873798,0.0,snr_db,0.0,3,3,3,3,full_6d,781873798,,,nan,,False,,1918.9755843132734,0.02140832390705867,0.02140832390705867,0.001939947919395047,0.0020095779791081403,8.125987731404161e-13,0.22078068001913956,False,direct_vp,global_exact_spherical_vp,proposed_post_stage1,False,679837fac8f964ef,jones_free,cpu,False,,numpy,numpy.linalg.solve,jones_free,False,,,0.0,0.0,0.0,0.0,True,6,4,nan,nan,"[0.0,0.0,0.0]",,"[2.197199652811205e-06,1.4018791449403948e-05,2.167201121444029e-06]",direct_vp,[],3100171.964804657,3096560,True,8247334.547794299,79.877043114213,13.947152553409365,0.07707412688612159,"[5.000750788038233,5.173242242828544,5.020536616419754]",226.75947786867619,1810.8381744101644,2038.9341229572892,nan,nan,nan,nan,False,,nan,,,nan,nan,nan,,,,,,,,0.02140832390705867,0.001939947919395047,0.22078068001913956,nan,nan,nan,False,not_run,not_requested
fig1_fig2,PEB,10,781873798,0.0,snr_db,0.0,3,3,3,3,full_6d,781873798,,,nan,,False,,5.430715978145599,nan,nan,nan,nan,nan,nan,False,,,peb_only,False,e91229784fa0b5ba,,,,,,,adaptive_jones,True,fixed_anchor_then_adaptive_jones_score_selection,,nan,nan,nan,nan,True,,,nan,nan,,,,,[],nan,,,nan,nan,nan,nan,,nan,nan,nan,0.000347695689057382,nan,nan,0.000347695689057382,False,f2ef97a231c1a4af27e9b56c32078a57d13f76cf0fcef71f5aea3cacfcafd031,0.22052459114280942,computed_unscaled,cpu,nan,nan,nan,,,,,,,,nan,nan,nan,nan,nan,nan,False,,
fig1_fig2,free_jones_vp,39,1925729663,0.0,snr_db,0.0,3,3,3,3,full_6d,1925729663,,,nan,,False,,444.1863453835249,0.006843094091101538,0.006843094091101538,0.0005475382619281663,0.005757111265330314,2.05961250150371e-12,0.08885786642100842,False,direct_vp,global_exact_spherical_vp,proposed_post_stage1,False,9aa57c77096fe458,jones_free,cpu,False,,numpy,numpy.linalg.solve,jones_free,False,,,0.0,0.0,0.0,0.0,True,6,4,nan,nan,"[0.0,0.0,0.0]",,"[1.50455583695577e-05,1.4521008664101404e-05,9.813643629124544e-06]",direct_vp,"[""poor_clock_consistency""]",3097695.657242311,3096560,True,8256703.337315539,90.35103007930634,12.892218600696289,0.11567528975356742,"[4.9576924287951645,5.226358226250585,5.014067044279173]",231.91358691453934,436.11955493688583,669.356861166656,nan,nan,nan,nan,False,,nan,,,nan,nan,nan,,,,,,,,0.006843094091101538,0.0005475382619281663,0.08885786642100842,nan,nan,nan,False,not_run,not_requested
fig1_fig2,free_jones_vp_gated_rescue,39,1925729663,0.0,snr_db,0.0,3,3,3,3,full_6d,1925729663,,,nan,,False,,434.93404173105955,0.006843094091101538,0.006843094091101538,0.0005475382619281663,0.005757111265330314,2.05961250150371e-12,0.08885786642100842,False,direct_vp,global_exact_spherical_vp,proposed_post_stage1,False,9aa57c77096fe458,jones_free,cpu,False,,numpy,numpy.linalg.solve,jones_free,False,,,0.0,0.0,0.0,0.0,True,6,4,nan,nan,"[0.0,0.0,0.0]",,"[1.50455583695577e-05,1.4521008664101404e-05,9.813643629124544e-06]",direct_vp,"[""poor_clock_consistency""]",3097695.657242311,3096560,True,8256703.337315539,90.35103007930634,12.892218600696289,0.11567528975356742,"[4.9576924287951645,5.226358226250585,5.014067044279173]",231.91358691453934,428.64794628322124,661.8852525129914,nan,nan,nan,nan,False,,nan,,,nan,nan,nan,,,,,,,,0.006843094091101538,0.0005475382619281663,0.08885786642100842,nan,nan,nan,False,not_run,not_requested
fig1_fig2,PEB,39,1925729663,0.0,snr_db,0.0,3,3,3,3,full_6d,1925729663,,,nan,,False,,5.092944018542767,nan,nan,nan,nan,nan,nan,False,,,peb_only,False,69988f52cd0bb64f,,,,,,,adaptive_jones,True,fixed_anchor_then_adaptive_jones_score_selection,,nan,nan,nan,nan,True,,,nan,nan,,,,,[],nan,,,nan,nan,nan,nan,,nan,nan,nan,0.00032622317565137924,nan,nan,0.00032622317565137924,False,96864a0d945e4bbb9c67c4c5c4b209be5179ce0b5fab7e2f47325b1eaa6bc2cc,0.08882574888439955,computed_unscaled,cpu,nan,nan,nan,,,,,,,,nan,nan,nan,nan,nan,nan,False,,
fig1_fig2,free_jones_vp,44,2937526438,0.0,snr_db,0.0,3,3,3,3,full_6d,2937526438,,,nan,,False,,125.55108244717121,0.004781489274956993,0.004781489274956993,0.0006044076442429223,0.0040542948576235156,2.6546535514102293e-12,0.3169693263863802,False,direct_vp,global_exact_spherical_vp,proposed_post_stage1,False,a62d451ac489e9c7,jones_free,cpu,False,,numpy,numpy.linalg.solve,jones_free,False,,,0.0,0.0,0.0,0.0,True,6,4,nan,nan,"[0.0,0.0,0.0]",,"[6.895154691775354e-06,1.1839315932132464e-06,3.137072876401756e-06]",direct_vp,[],3100402.5280789095,3096560,True,8491815.734934516,72.65357904846243,15.093448859057105,0.032718143594288256,"[4.982889073797196,5.00030059774918,5.059342715934904]",238.67882634699345,117.22801027446985,357.34843258559704,nan,nan,nan,nan,False,,nan,,,nan,nan,nan,,,,,,,,0.004781489274956993,0.0006044076442429223,0.3169693263863802,nan,nan,nan,False,not_run,not_requested
fig1_fig2,free_jones_vp_gated_rescue,44,2937526438,0.0,snr_db,0.0,3,3,3,3,full_6d,2937526438,,,nan,,False,,121.44371585547924,0.004781489274956993,0.004781489274956993,0.0006044076442429223,0.0040542948576235156,2.6546535514102293e-12,0.3169693263863802,False,direct_vp,global_exact_spherical_vp,proposed_post_stage1,False,a62d451ac489e9c7,jones_free,cpu,False,,numpy,numpy.linalg.solve,jones_free,False,,,0.0,0.0,0.0,0.0,True,6,4,nan,nan,"[0.0,0.0,0.0]",,"[6.895154691775354e-06,1.1839315932132464e-06,3.137072876401756e-06]",direct_vp,[],3100402.5280789095,3096560,True,8491815.734934516,72.65357904846243,15.093448859057105,0.032718143594288256,"[4.982889073797196,5.00030059774918,5.059342715934904]",238.67882634699345,114.97728795558214,355.0977102667093,nan,nan,nan,nan,False,,nan,,,nan,nan,nan,,,,,,,,0.004781489274956993,0.0006044076442429223,0.3169693263863802,nan,nan,nan,False,not_run,not_requested
fig1_fig2,PEB,44,2937526438,0.0,snr_db,0.0,3,3,3,3,full_6d,2937526438,,,nan,,False,,5.5888864398002625,nan,nan,nan,nan,nan,nan,False,,,peb_only,False,4213ea570eba760f,,,,,,,adaptive_jones,True,fixed_anchor_then_adaptive_jones_score_selection,,nan,nan,nan,nan,True,,,nan,nan,,,,,[],nan,,,nan,nan,nan,nan,,nan,nan,nan,0.00034701903905361647,nan,nan,0.00034701903905361647,False,a69e9e58b307bf283137f27fcdcb11ba27c21f96108559d9bf8b0d1b3c2cba08,0.31657812169067184,computed_unscaled,cpu,nan,nan,nan,,,,,,,,nan,nan,nan,nan,nan,nan,False,,
fig1_fig2,free_jones_vp,16,1080178429,0.0,snr_db,0.0,3,3,3,3,full_6d,1080178429,,,nan,,False,,1540.719732105732,0.026486392097479095,0.026486392097479095,0.003052491644697412,0.0012040981409981728,1.9701864280959642e-12,0.48238814958675846,False,direct_vp,global_exact_spherical_vp,proposed_post_stage1,False,ff3e630e7b5ca72e,jones_free,cpu,False,,numpy,numpy.linalg.solve,jones_free,False,,,0.0,0.0,0.0,0.0,True,6,4,nan,nan,"[0.0,0.0,0.0]",,"[3.441050860581372e-06,5.7160755804379966e-05,6.040821901808037e-07]",jnpp_then_vp,"[""poor_clock_consistency""]",3110384.2387546734,3096560,False,8702247.116384776,85.67043720759061,6.8140858131833735,0.13779687530532186,"[5.037427342946251,5.223249760443326,4.88631308854749]",238.8666529878974,1533.5910242944956,1773.9014752954245,nan,nan,nan,nan,False,,nan,,,nan,nan,nan,,,,,,,,0.026486392097479095,0.003052491644697412,0.48238814958675846,nan,nan,nan,False,not_run,not_requested
fig1_fig2,free_jones_vp_gated_rescue,16,1080178429,0.0,snr_db,0.0,3,3,3,3,full_6d,1080178429,,,nan,,False,,1728.989642225206,0.0010545439059065301,0.0010545439059065301,2.38459808350241e-05,0.0009442845405739294,8.352406485117057e-13,0.4809379748009096,False,ris_only_stage2_then_vp,global_exact_spherical_vp,proposed_post_stage1,False,ff3e630e7b5ca72e,jones_free,cpu,False,,numpy,numpy.linalg.solve,jones_free,False,,,0.0,0.0,0.0,0.0,True,6,4,nan,nan,"[0.0,0.0,0.0]",,"[3.2620893872649945e-06,3.417601549038293e-05,5.454552428532892e-07]",jnpp_then_vp,"[""poor_clock_consistency""]",3110384.2387546734,3096560,False,8702247.116384776,85.67043720759061,6.8140858131833735,0.13779687530532186,"[5.037427342946251,5.223249760443326,4.88631308854749]",238.8666529878974,157.37137451767921,413.69911094009876,nan,nan,nan,nan,False,,nan,,,nan,nan,nan,,,,,,,,0.026486392097479095,0.003052491644697412,0.48238814958675846,0.0010545439059065301,2.38459808350241e-05,0.4809379748009096,True,accepted,accepted
fig1_fig2,PEB,16,1080178429,0.0,snr_db,0.0,3,3,3,3,full_6d,1080178429,,,nan,,False,,5.316162690520287,nan,nan,nan,nan,nan,nan,False,,,peb_only,False,f1e44ef57d937e67,,,,,,,adaptive_jones,True,fixed_anchor_then_adaptive_jones_score_selection,,nan,nan,nan,nan,True,,,nan,nan,,,,,[],nan,,,nan,nan,nan,nan,,nan,nan,nan,0.00033179091832482714,nan,nan,0.00033179091832482714,False,2793ff1fce7242989610050dae2e9fefacb8b15f6d60bfd2b55605797f0e0ce8,0.4802466357959781,computed_unscaled,cpu,nan,nan,nan,,,,,,,,nan,nan,nan,nan,nan,nan,False,,
fig1_fig2,free_jones_vp,19,3846521747,0.0,snr_db,0.0,3,3,3,3,full_6d,3846521747,,,nan,,False,,1418.0434869006276,0.02746098520991011,0.02746098520991011,0.007186075336026165,0.006067319378499933,3.030676632493714e-12,0.11933917977417503,False,direct_vp,global_exact_spherical_vp,proposed_post_stage1,False,7aa505acc90a1370,jones_free,cpu,False,,numpy,numpy.linalg.solve,jones_free,False,,,0.0,0.0,0.0,0.0,True,6,4,nan,nan,"[0.0,0.0,0.0]",,"[1.2067472977511604e-05,8.651615479112808e-08,5.838128867513727e-06]",jnpp_then_vp,"[""poor_clock_consistency""]",3116392.3150286158,3096560,False,7289644.065143922,71.53389227442297,13.690107996058416,0.12577153716632353,"[5.0308351472257815,4.940871105744552,5.241025639612232]",236.32440942525864,1294.4103009924293,1532.2560043111444,nan,nan,nan,nan,False,,nan,,,nan,nan,nan,,,,,,,,0.02746098520991011,0.007186075336026165,0.11933917977417503,nan,nan,nan,False,not_run,not_requested
fig1_fig2,free_jones_vp_gated_rescue,19,3846521747,0.0,snr_db,0.0,3,3,3,3,full_6d,3846521747,,,nan,,False,,1567.7910891622305,0.0024118124578961678,0.0024118124578961678,1.5726278489443588e-05,0.00013017302353831068,3.15341367365479e-13,0.11852938794861714,False,ris_only_stage2_then_vp,global_exact_spherical_vp,proposed_post_stage1,False,7aa505acc90a1370,jones_free,cpu,False,,numpy,numpy.linalg.solve,jones_free,False,,,0.0,0.0,0.0,0.0,True,6,4,nan,nan,"[0.0,0.0,0.0]",,"[9.472329317993235e-06,2.9552298689410003e-08,5.929867601216847e-06]",jnpp_then_vp,"[""poor_clock_consistency""]",3116392.3150286158,3096560,False,7289644.065143922,71.53389227442297,13.690107996058416,0.12577153716632353,"[5.0308351472257815,4.940871105744552,5.241025639612232]",236.32440942525864,121.26834371685982,372.5075700879097,nan,nan,nan,nan,False,,nan,,,nan,nan,nan,,,,,,,,0.02746098520991011,0.007186075336026165,0.11933917977417503,0.0024118124578961678,1.5726278489443588e-05,0.11852938794861714,True,accepted,accepted
fig1_fig2,PEB,19,3846521747,0.0,snr_db,0.0,3,3,3,3,full_6d,3846521747,,,nan,,False,,5.3222426623106,nan,nan,nan,nan,nan,nan,False,,,peb_only,False,629d5186f2c7efee,,,,,,,adaptive_jones,True,fixed_anchor_then_adaptive_jones_score_selection,,nan,nan,nan,nan,True,,,nan,nan,,,,,[],nan,,,nan,nan,nan,nan,,nan,nan,nan,0.0003956371814647065,nan,nan,0.0003956371814647065,False,66683f008884b5deaddb95c24fc2a892e518e793d697d2821f0c6f98570400e4,0.11858033347287425,computed_unscaled,cpu,nan,nan,nan,,,,,,,,nan,nan,nan,nan,nan,nan,False,,
fig1_fig2,free_jones_vp,17,2127997378,0.0,snr_db,0.0,3,3,3,3,full_6d,2127997378,,,nan,,False,,1453.8387591019273,0.02623746682993518,0.02623746682993518,0.0032251092488800107,0.0020132509008961284,2.638663975300349e-12,0.4017489209462198,False,direct_vp,global_exact_spherical_vp,proposed_post_stage1,False,9b0ff8fc6f415ae4,jones_free,cpu,False,,numpy,numpy.linalg.solve,jones_free,False,,,0.0,0.0,0.0,0.0,True,6,4,nan,nan,"[0.0,0.0,0.0]",,"[1.7636962209350512e-05,1.2271555977536174e-07,2.567328829631193e-05]",jnpp_then_vp,"[""poor_clock_consistency""]",3109719.0428175516,3096560,False,7221452.667737195,74.92872447002901,17.726488516141153,0.1275670955989717,"[4.959114512245969,4.940888267823303,5.220151330750327]",233.6589923426509,1341.3423575162888,1576.4518195837736,nan,nan,nan,nan,False,,nan,,,nan,nan,nan,,,,,,,,0.02623746682993518,0.0032251092488800107,0.4017489209462198,nan,nan,nan,False,not_run,not_requested
fig1_fig2,free_jones_vp_gated_rescue,17,2127997378,0.0,snr_db,0.0,3,3,3,3,full_6d,2127997378,,,nan,,False,,1843.402546621859,0.00015802897386837513,0.00015802897386837513,5.444848168620602e-06,4.5428985867065765e-05,2.412380225264288e-13,0.40048674267441964,False,ris_only_stage2_then_vp,global_exact_spherical_vp,proposed_post_stage1,False,9b0ff8fc6f415ae4,jones_free,cpu,False,,numpy,numpy.linalg.solve,jones_free,False,,,0.0,0.0,0.0,0.0,True,6,4,nan,nan,"[0.0,0.0,0.0]",,"[1.818377737144544e-05,1.018300261898156e-07,2.0313752845846654e-05]",jnpp_then_vp,"[""poor_clock_consistency""]",3109719.0428175516,3096560,False,7221452.667737195,74.92872447002901,17.726488516141153,0.1275670955989717,"[4.959114512245969,4.940888267823303,5.220151330750327]",233.6589923426509,356.5224638283253,606.8706527650356,nan,nan,nan,nan,False,,nan,,,nan,nan,nan,,,,,,,,0.02623746682993518,0.0032251092488800107,0.4017489209462198,0.00015802897386837513,5.444848168620602e-06,0.40048674267441964,True,accepted,accepted
fig1_fig2,PEB,17,2127997378,0.0,snr_db,0.0,3,3,3,3,full_6d,2127997378,,,nan,,False,,5.659822262823582,nan,nan,nan,nan,nan,nan,False,,,peb_only,False,82ce2bc3b2c19cc4,,,,,,,adaptive_jones,True,fixed_anchor_then_adaptive_jones_score_selection,,nan,nan,nan,nan,True,,,nan,nan,,,,,[],nan,,,nan,nan,nan,nan,,nan,nan,nan,0.0004000960764907918,nan,nan,0.0004000960764907918,False,1e7e5fb979d639b775e57b8f9a2b5887da0781d1b293b718b0219c60afc7e70e,0.4000509529956755,computed_unscaled,cpu,nan,nan,nan,,,,,,,,nan,nan,nan,nan,nan,nan,False,,
fig1_fig2,free_jones_vp,53,3576518520,0.0,snr_db,0.0,3,3,3,3,full_6d,3576518520,,,nan,,False,,71.60660149157047,0.0032672639977873617,0.0032672639977873617,7.573554869590847e-05,0.0018147147338037164,1.6959634496752043e-12,0.1875308168762046,False,direct_vp,global_exact_spherical_vp,proposed_post_stage1,False,0f3e87ec4ff7e426,jones_free,cpu,False,,numpy,numpy.linalg.solve,jones_free,False,,,0.0,0.0,0.0,0.0,True,6,4,nan,nan,"[0.0,0.0,0.0]",,"[3.4888340290936646e-05,3.869900152400883e-07,8.221149301052425e-05]",direct_vp,"[""poor_clock_consistency""]",3093747.32355724,3096560,True,3645874.682993023,167.12299528780983,4.739024872374445,0.3479671016425324,"[4.211500926344478,5.010847515510728,4.867394321633971]",215.24985528737307,63.34693446010351,279.8861817121506,nan,nan,nan,nan,False,,nan,,,nan,nan,nan,,,,,,,,0.0032672639977873617,7.573554869590847e-05,0.1875308168762046,nan,nan,nan,False,not_run,not_requested
fig1_fig2,free_jones_vp_gated_rescue,53,3576518520,0.0,snr_db,0.0,3,3,3,3,full_6d,3576518520,,,nan,,False,,69.41566742956638,0.0032672639977873617,0.0032672639977873617,7.573554869590847e-05,0.0018147147338037164,1.6959634496752043e-12,0.1875308168762046,False,direct_vp,global_exact_spherical_vp,proposed_post_stage1,False,0f3e87ec4ff7e426,jones_free,cpu,False,,numpy,numpy.linalg.solve,jones_free,False,,,0.0,0.0,0.0,0.0,True,6,4,nan,nan,"[0.0,0.0,0.0]",,"[3.4888340290936646e-05,3.869900152400883e-07,8.221149301052425e-05]",direct_vp,"[""poor_clock_consistency""]",3093747.32355724,3096560,True,3645874.682993023,167.12299528780983,4.739024872374445,0.3479671016425324,"[4.211500926344478,5.010847515510728,4.867394321633971]",215.24985528737307,62.83169336616993,279.370940618217,nan,nan,nan,nan,False,,nan,,,nan,nan,nan,,,,,,,,0.0032672639977873617,7.573554869590847e-05,0.1875308168762046,nan,nan,nan,False,not_run,not_requested
fig1_fig2,PEB,53,3576518520,0.0,snr_db,0.0,3,3,3,3,full_6d,3576518520,,,nan,,False,,5.726866491138935,nan,nan,nan,nan,nan,nan,False,,,peb_only,False,f8599088abd2e847,,,,,,,adaptive_jones,True,fixed_anchor_then_adaptive_jones_score_selection,,nan,nan,nan,nan,True,,,nan,nan,,,,,[],nan,,,nan,nan,nan,nan,,nan,nan,nan,0.0005335762906142651,nan,nan,0.0005335762906142651,False,e200269e04ccf0a54521e583b609be7b0a3b6bdaccfd671ee9c073b4737a05cd,0.18770228013694026,computed_unscaled,cpu,nan,nan,nan,,,,,,,,nan,nan,nan,nan,nan,nan,False,,
fig1_fig2,free_jones_vp,45,2629875502,0.0,snr_db,0.0,3,3,3,3,full_6d,2629875502,,,nan,,False,,249.16234658658504,0.0006436393580984826,0.0006436393580984826,1.7473983292720678e-05,0.0004913956771992368,3.3812940113678724e-13,0.3689300949170092,False,direct_vp,global_exact_spherical_vp,proposed_post_stage1,False,67dfd39dd9bdbd7a,jones_free,cpu,False,,numpy,numpy.linalg.solve,jones_free,False,,,0.0,0.0,0.0,0.0,True,6,4,nan,nan,"[0.0,0.0,0.0]",,"[1.4522563184438107e-06,8.487871508045483e-08,1.0507129098069633e-05]",direct_vp,[],3094917.9045195463,3096560,True,8236033.9092852175,71.6040940318938,17.96094236499722,0.045086506811098374,"[5.117158841988376,5.0418810488960935,5.0095377381728925]",237.3543257638812,242.05326115339994,480.811554312706,nan,nan,nan,nan,False,,nan,,,nan,nan,nan,,,,,,,,0.0006436393580984826,1.7473983292720678e-05,0.3689300949170092,nan,nan,nan,False,not_run,not_requested
fig1_fig2,free_jones_vp_gated_rescue,45,2629875502,0.0,snr_db,0.0,3,3,3,3,full_6d,2629875502,,,nan,,False,,257.25604347139597,0.0006436393580984826,0.0006436393580984826,1.7473983292720678e-05,0.0004913956771992368,3.3812940113678724e-13,0.3689300949170092,False,direct_vp,global_exact_spherical_vp,proposed_post_stage1,False,67dfd39dd9bdbd7a,jones_free,cpu,False,,numpy,numpy.linalg.solve,jones_free,False,,,0.0,0.0,0.0,0.0,True,6,4,nan,nan,"[0.0,0.0,0.0]",,"[1.4522563184438107e-06,8.487871508045483e-08,1.0507129098069633e-05]",direct_vp,[],3094917.9045195463,3096560,True,8236033.9092852175,71.6040940318938,17.96094236499722,0.045086506811098374,"[5.117158841988376,5.0418810488960935,5.0095377381728925]",237.3543257638812,250.66973946243525,489.4280326217413,nan,nan,nan,nan,False,,nan,,,nan,nan,nan,,,,,,,,0.0006436393580984826,1.7473983292720678e-05,0.3689300949170092,nan,nan,nan,False,not_run,not_requested
fig1_fig2,PEB,45,2629875502,0.0,snr_db,0.0,3,3,3,3,full_6d,2629875502,,,nan,,False,,5.773771323263645,nan,nan,nan,nan,nan,nan,False,,,peb_only,False,ae4bfc44742c34c3,,,,,,,adaptive_jones,True,fixed_anchor_then_adaptive_jones_score_selection,,nan,nan,nan,nan,True,,,nan,nan,,,,,[],nan,,,nan,nan,nan,nan,,nan,nan,nan,0.00035198387078492463,nan,nan,0.00035198387078492463,False,61ef90b44bee96edd1828bab28b96f525f17a012a323714534c6c3c927bfb322,0.36912774840632856,computed_unscaled,cpu,nan,nan,nan,,,,,,,,nan,nan,nan,nan,nan,nan,False,,
fig1_fig2,free_jones_vp,55,3199904066,0.0,snr_db,0.0,3,3,3,3,full_6d,3199904066,,,nan,,False,,125.45675734430552,0.0022063344148653655,0.0022063344148653655,0.00014636901271361698,0.0019745801131155036,7.257225322913136e-13,0.3924634537739473,False,direct_vp,global_exact_spherical_vp,proposed_post_stage1,False,5ade7e272eff55ad,jones_free,cpu,False,,numpy,numpy.linalg.solve,jones_free,False,,,0.0,0.0,0.0,0.0,True,6,4,nan,nan,"[0.0,0.0,0.0]",,"[8.846315563538638e-06,2.7784096772928907e-06,2.0260144680883952e-06]",direct_vp,[],3094867.041462165,3096560,True,8536376.39218178,66.31998138865983,25.108029537935792,0.019182211723891143,"[5.010946361275967,5.007967808307971,4.968847310396468]",237.08337596803904,117.10384164750576,355.6236685067415,nan,nan,nan,nan,False,,nan,,,nan,nan,nan,,,,,,,,0.0022063344148653655,0.00014636901271361698,0.3924634537739473,nan,nan,nan,False,not_run,not_requested
fig1_fig2,free_jones_vp_gated_rescue,55,3199904066,0.0,snr_db,0.0,3,3,3,3,full_6d,3199904066,,,nan,,False,,123.63141937553883,0.0022063344148653655,0.0022063344148653655,0.00014636901271361698,0.0019745801131155036,7.257225322913136e-13,0.3924634537739473,False,direct_vp,global_exact_spherical_vp,proposed_post_stage1,False,5ade7e272eff55ad,jones_free,cpu,False,,numpy,numpy.linalg.solve,jones_free,False,,,0.0,0.0,0.0,0.0,True,6,4,nan,nan,"[0.0,0.0,0.0]",,"[8.846315563538638e-06,2.7784096772928907e-06,2.0260144680883952e-06]",direct_vp,[],3094867.041462165,3096560,True,8536376.39218178,66.31998138865983,25.108029537935792,0.019182211723891143,"[5.010946361275967,5.007967808307971,4.968847310396468]",237.08337596803904,117.0500961765647,355.56992303580046,nan,nan,nan,nan,False,,nan,,,nan,nan,nan,,,,,,,,0.0022063344148653655,0.00014636901271361698,0.3924634537739473,nan,nan,nan,False,not_run,not_requested
fig1_fig2,PEB,55,3199904066,0.0,snr_db,0.0,3,3,3,3,full_6d,3199904066,,,nan,,False,,5.867119312286377,nan,nan,nan,nan,nan,nan,False,,,peb_only,False,b7d236cfb0245ba7,,,,,,,adaptive_jones,True,fixed_anchor_then_adaptive_jones_score_selection,,nan,nan,nan,nan,True,,,nan,nan,,,,,[],nan,,,nan,nan,nan,nan,,nan,nan,nan,0.0003434943240829625,nan,nan,0.0003434943240829625,False,ff385e78e5554a838decb9742089f6308b997df2029ddf9a6dfeb38655607425,0.39268016866383754,computed_unscaled,cpu,nan,nan,nan,,,,,,,,nan,nan,nan,nan,nan,nan,False,,
fig1_fig2,free_jones_vp,14,1092560480,0.0,snr_db,0.0,3,3,3,3,full_6d,1092560480,,,nan,,False,,1973.687274493277,0.025999972537322398,0.025999972537322398,0.0023099861019144543,0.0005361254255535488,1.5707538821948517e-12,0.21667325315088837,False,direct_vp,global_exact_spherical_vp,proposed_post_stage1,False,5a9bfe27d522269d,jones_free,cpu,False,,numpy,numpy.linalg.solve,jones_free,False,,,0.0,0.0,0.0,0.0,True,6,4,nan,nan,"[0.0,0.0,0.0]",,"[7.272242221849899e-06,5.409049011450224e-06,1.2404887202582019e-05]",jnpp_then_vp,[],3101655.5507492684,3096560,False,8525801.718900455,63.914971704433455,17.178267567119818,0.04625948013923814,"[5.075687539445385,4.971542031850542,4.98494939158239]",240.20428803563118,1965.987595371902,2207.6229871064425,nan,nan,nan,nan,False,,nan,,,nan,nan,nan,,,,,,,,0.025999972537322398,0.0023099861019144543,0.21667325315088837,nan,nan,nan,False,not_run,not_requested
fig1_fig2,free_jones_vp_gated_rescue,14,1092560480,0.0,snr_db,0.0,3,3,3,3,full_6d,1092560480,,,nan,,False,,2145.1209783554077,0.001012292595690108,0.001012292595690108,8.493168718436396e-06,0.0003679783032997517,6.843949870024916e-13,0.21617564299491035,False,ris_only_stage2_then_vp,global_exact_spherical_vp,proposed_post_stage1,False,5a9bfe27d522269d,jones_free,cpu,False,,numpy,numpy.linalg.solve,jones_free,False,,,0.0,0.0,0.0,0.0,True,6,4,nan,nan,"[0.0,0.0,0.0]",,"[7.209619498627948e-06,5.773712528397789e-06,1.1457071470635268e-05]",jnpp_then_vp,[],3101655.5507492684,3096560,False,8525801.718900455,63.914971704433455,17.178267567119818,0.04625948013923814,"[5.075687539445385,4.971542031850542,4.98494939158239]",240.20428803563118,153.9453036263585,410.699469037354,nan,nan,nan,nan,False,,nan,,,nan,nan,nan,,,,,,,,0.025999972537322398,0.0023099861019144543,0.21667325315088837,0.001012292595690108,8.493168718436396e-06,0.21617564299491035,True,accepted,accepted
fig1_fig2,PEB,14,1092560480,0.0,snr_db,0.0,3,3,3,3,full_6d,1092560480,,,nan,,False,,5.792377047240734,nan,nan,nan,nan,nan,nan,False,,,peb_only,False,fd7f4237118e868d,,,,,,,adaptive_jones,True,fixed_anchor_then_adaptive_jones_score_selection,,nan,nan,nan,nan,True,,,nan,nan,,,,,[],nan,,,nan,nan,nan,nan,,nan,nan,nan,0.0003614969438072783,nan,nan,0.0003614969438072783,False,f1022bc01518ff6f31f9f6e642efb32029d98d2c096644b99cc3e0e6c8ec44d7,0.21631840949807746,computed_unscaled,cpu,nan,nan,nan,,,,,,,,nan,nan,nan,nan,nan,nan,False,,
fig1_fig2,free_jones_vp,30,635628036,0.0,snr_db,0.0,3,3,3,3,full_6d,635628036,,,nan,,False,,1226.7577849328518,0.023626588289923357,0.023626588289923357,0.001725826040956334,0.0032259134438442664,2.1761485309864355e-12,0.3863051338816997,False,direct_vp,global_exact_spherical_vp,proposed_post_stage1,False,928edcde3f7c0167,jones_free,cpu,False,,numpy,numpy.linalg.solve,jones_free,False,,,0.0,0.0,0.0,0.0,True,6,4,nan,nan,"[0.0,0.0,0.0]",,"[3.3254292492978626e-06,3.301237059048819e-08,1.5854197921317404e-06]",jnpp_then_vp,[],3103473.488588947,3096560,False,8740813.455266183,66.42036476211493,26.412778537131945,0.06262727131520988,"[5.050754938381878,5.124589338066982,4.971219791433541]",212.52599101513624,1115.6373546347022,1329.678512915969,nan,nan,nan,nan,False,,nan,,,nan,nan,nan,,,,,,,,0.023626588289923357,0.001725826040956334,0.3863051338816997,nan,nan,nan,False,not_run,not_requested
fig1_fig2,free_jones_vp_gated_rescue,30,635628036,0.0,snr_db,0.0,3,3,3,3,full_6d,635628036,,,nan,,False,,1381.9812364280224,0.00021315889071167366,0.00021315889071167366,4.6885389961516076e-06,8.647106611717278e-05,1.996965040433738e-13,0.3856790547130415,False,ris_only_stage2_then_vp,global_exact_spherical_vp,proposed_post_stage1,False,928edcde3f7c0167,jones_free,cpu,False,,numpy,numpy.linalg.solve,jones_free,False,,,0.0,0.0,0.0,0.0,True,6,4,nan,nan,"[0.0,0.0,0.0]",,"[3.142965747602593e-06,3.1467375770241745e-08,1.4404169750060356e-06]",jnpp_then_vp,[],3103473.488588947,3096560,False,8740813.455266183,66.42036476211493,26.412778537131945,0.06262727131520988,"[5.050754938381878,5.124589338066982,4.971219791433541]",212.52599101513624,145.0785612463951,373.79390704631805,nan,nan,nan,nan,False,,nan,,,nan,nan,nan,,,,,,,,0.023626588289923357,0.001725826040956334,0.3863051338816997,0.00021315889071167366,4.6885389961516076e-06,0.3856790547130415,True,accepted,accepted
fig1_fig2,PEB,30,635628036,0.0,snr_db,0.0,3,3,3,3,full_6d,635628036,,,nan,,False,,5.562983892858028,nan,nan,nan,nan,nan,nan,False,,,peb_only,False,ecb037f37cf122f1,,,,,,,adaptive_jones,True,fixed_anchor_then_adaptive_jones_score_selection,,nan,nan,nan,nan,True,,,nan,nan,,,,,[],nan,,,nan,nan,nan,nan,,nan,nan,nan,0.00035492264695108377,nan,nan,0.00035492264695108377,False,5590d75cc6f366b617653df89fa7a75298a3f157b3c5c00e92e68278a75325fa,0.3854465683864255,computed_unscaled,cpu,nan,nan,nan,,,,,,,,nan,nan,nan,nan,nan,nan,False,,
fig1_fig2,free_jones_vp,29,1456316145,0.0,snr_db,0.0,3,3,3,3,full_6d,1456316145,,,nan,,False,,1333.5505761057138,0.026085024586717197,0.026085024586717197,0.0022730852250544276,0.0027070250368317226,2.1578895305133736e-12,0.5870150170206525,False,direct_vp,global_exact_spherical_vp,proposed_post_stage1,False,435bcce20fb98d03,jones_free,cpu,False,,numpy,numpy.linalg.solve,jones_free,False,,,0.0,0.0,0.0,0.0,True,6,4,nan,nan,"[0.0,0.0,0.0]",,"[1.348451832306704e-05,9.879323591254626e-07,1.581067638566818e-06]",jnpp_then_vp,"[""poor_clock_consistency""]",3103246.9474784113,3096560,False,9147873.081683632,73.45841738362545,17.566770542166196,0.1390228373596612,"[4.780543160228661,4.9412620298049275,5.120902894257938]",208.33416409790516,1326.7064633145928,1536.300642453134,nan,nan,nan,nan,False,,nan,,,nan,nan,nan,,,,,,,,0.026085024586717197,0.0022730852250544276,0.5870150170206525,nan,nan,nan,False,not_run,not_requested
fig1_fig2,free_jones_vp_gated_rescue,29,1456316145,0.0,snr_db,0.0,3,3,3,3,full_6d,1456316145,,,nan,,False,,1664.6332710757852,0.00047978196524537753,0.00047978196524537753,5.2342794407608626e-06,4.233297627664295e-05,1.4912299361537515e-12,0.585703536853322,False,ris_only_stage2_then_vp,global_exact_spherical_vp,proposed_post_stage1,False,435bcce20fb98d03,jones_free,cpu,False,,numpy,numpy.linalg.solve,jones_free,False,,,0.0,0.0,0.0,0.0,True,6,4,nan,nan,"[0.0,0.0,0.0]",,"[1.0916778896241196e-05,8.814373717012941e-07,1.8089306634567734e-06]",jnpp_then_vp,"[""poor_clock_consistency""]",3103246.9474784113,3096560,False,9147873.081683632,73.45841738362545,17.566770542166196,0.1390228373596612,"[4.780543160228661,4.9412620298049275,5.120902894257938]",208.33416409790516,317.15893164277077,542.2294196486473,nan,nan,nan,nan,False,,nan,,,nan,nan,nan,,,,,,,,0.026085024586717197,0.0022730852250544276,0.5870150170206525,0.00047978196524537753,5.2342794407608626e-06,0.585703536853322,True,accepted,accepted
fig1_fig2,PEB,29,1456316145,0.0,snr_db,0.0,3,3,3,3,full_6d,1456316145,,,nan,,False,,5.76517728716135,nan,nan,nan,nan,nan,nan,False,,,peb_only,False,f893cff3c0e2a845,,,,,,,adaptive_jones,True,fixed_anchor_then_adaptive_jones_score_selection,,nan,nan,nan,nan,True,,,nan,nan,,,,,[],nan,,,nan,nan,nan,nan,,nan,nan,nan,0.00034126583587062304,nan,nan,0.00034126583587062304,False,d8fe45eb7ae04a0170dd7feb177c545054b10b09137abe9e9f00552ed53b5825,0.5857531302247063,computed_unscaled,cpu,nan,nan,nan,,,,,,,,nan,nan,nan,nan,nan,nan,False,,
fig1_fig2,free_jones_vp,13,634888206,0.0,snr_db,0.0,3,3,3,3,full_6d,634888206,,,nan,,False,,2465.5904417485,0.02062264880805445,0.02062264880805445,0.001198113531737797,0.0036422710566533065,2.107470884389277e-12,0.2046978492271078,False,direct_vp,global_exact_spherical_vp,proposed_post_stage1,False,a92ed3730bde7dee,jones_free,cpu,False,,numpy,numpy.linalg.solve,jones_free,False,,,0.0,0.0,0.0,0.0,True,6,4,nan,nan,"[0.0,0.0,0.0]",,"[8.93016234946582e-06,4.1048543504589446e-06,7.992400626436074e-06]",direct_vp,[],3098709.2980009667,3096560,True,7906204.261106756,76.56454909894086,13.239513603953087,0.08133359874428693,"[5.005644451029319,5.202353482505853,5.13133688883215]",246.94785771518946,2331.0523293092847,2579.4825526177883,nan,nan,nan,nan,False,,nan,,,nan,nan,nan,,,,,,,,0.02062264880805445,0.001198113531737797,0.2046978492271078,nan,nan,nan,False,not_run,not_requested
fig1_fig2,free_jones_vp_gated_rescue,13,634888206,0.0,snr_db,0.0,3,3,3,3,full_6d,634888206,,,nan,,False,,2496.4166978001595,0.02062264880805445,0.02062264880805445,0.001198113531737797,0.0036422710566533065,2.107470884389277e-12,0.2046978492271078,False,direct_vp,global_exact_spherical_vp,proposed_post_stage1,False,a92ed3730bde7dee,jones_free,cpu,False,,numpy,numpy.linalg.solve,jones_free,False,,,0.0,0.0,0.0,0.0,True,6,4,nan,nan,"[0.0,0.0,0.0]",,"[8.93016234946582e-06,4.1048543504589446e-06,7.992400626436074e-06]",direct_vp,[],3098709.2980009667,3096560,True,7906204.261106756,76.56454909894086,13.239513603953087,0.08133359874428693,"[5.005644451029319,5.202353482505853,5.13133688883215]",246.94785771518946,2363.175894536078,2611.6061178445816,nan,nan,nan,nan,False,,nan,,,nan,nan,nan,,,,,,,,0.02062264880805445,0.001198113531737797,0.2046978492271078,nan,nan,nan,False,not_run,not_requested
fig1_fig2,PEB,13,634888206,0.0,snr_db,0.0,3,3,3,3,full_6d,634888206,,,nan,,False,,5.816961295902729,nan,nan,nan,nan,nan,nan,False,,,peb_only,False,18c8706d1d216f6a,,,,,,,adaptive_jones,True,fixed_anchor_then_adaptive_jones_score_selection,,nan,nan,nan,nan,True,,,nan,nan,,,,,[],nan,,,nan,nan,nan,nan,,nan,nan,nan,0.00037280880254556817,nan,nan,0.00037280880254556817,False,11da97468c8b90c59dcc518746f48f2217739b6c2c3deec78f2d1177de9045c5,0.20455692554871044,computed_unscaled,cpu,nan,nan,nan,,,,,,,,nan,nan,nan,nan,nan,nan,False,,
fig1_fig2,free_jones_vp,56,2167631329,0.0,snr_db,0.0,3,3,3,3,full_6d,2167631329,,,nan,,False,,408.41885677725077,0.001384937558451673,0.001384937558451673,1.0047272672675543e-05,0.00016992312464160806,1.0158815773511535e-12,0.3948728313304324,False,direct_vp,global_exact_spherical_vp,proposed_post_stage1,False,9b0df4ae528204bc,jones_free,cpu,False,,numpy,numpy.linalg.solve,jones_free,False,,,0.0,0.0,0.0,0.0,True,6,4,nan,nan,"[0.0,0.0,0.0]",,"[2.0471674968585785e-05,8.07625220130729e-07,1.0340552341410498e-06]",direct_vp,[],3095608.3479764895,3096560,True,8134444.77073395,84.87424482847976,12.950144740453572,0.05051448050777332,"[4.936804955761289,4.9073134338176745,5.026128378193854]",239.60479781776667,400.36076202988625,641.4683897048235,nan,nan,nan,nan,False,,nan,,,nan,nan,nan,,,,,,,,0.001384937558451673,1.0047272672675543e-05,0.3948728313304324,nan,nan,nan,False,not_run,not_requested
fig1_fig2,free_jones_vp_gated_rescue,56,2167631329,0.0,snr_db,0.0,3,3,3,3,full_6d,2167631329,,,nan,,False,,411.4251045882702,0.001384937558451673,0.001384937558451673,1.0047272672675543e-05,0.00016992312464160806,1.0158815773511535e-12,0.3948728313304324,False,direct_vp,global_exact_spherical_vp,proposed_post_stage1,False,9b0df4ae528204bc,jones_free,cpu,False,,numpy,numpy.linalg.solve,jones_free,False,,,0.0,0.0,0.0,0.0,True,6,4,nan,nan,"[0.0,0.0,0.0]",,"[2.0471674968585785e-05,8.07625220130729e-07,1.0340552341410498e-06]",direct_vp,[],3095608.3479764895,3096560,True,8134444.77073395,84.87424482847976,12.950144740453572,0.05051448050777332,"[4.936804955761289,4.9073134338176745,5.026128378193854]",239.60479781776667,405.0111368149519,646.1187644898891,nan,nan,nan,nan,False,,nan,,,nan,nan,nan,,,,,,,,0.001384937558451673,1.0047272672675543e-05,0.3948728313304324,nan,nan,nan,False,not_run,not_requested
fig1_fig2,PEB,56,2167631329,0.0,snr_db,0.0,3,3,3,3,full_6d,2167631329,,,nan,,False,,5.558964416384697,nan,nan,nan,nan,nan,nan,False,,,peb_only,False,909ac054ae314213,,,,,,,adaptive_jones,True,fixed_anchor_then_adaptive_jones_score_selection,,nan,nan,nan,nan,True,,,nan,nan,,,,,[],nan,,,nan,nan,nan,nan,,nan,nan,nan,0.00033803070936081365,nan,nan,0.00033803070936081365,False,7d96ebe691cae134218fac4c44588ab5938392c288ecaa287b62d8519dd2dcef,0.3949962640943077,computed_unscaled,cpu,nan,nan,nan,,,,,,,,nan,nan,nan,nan,nan,nan,False,,
fig1_fig2,free_jones_vp,36,3263447461,0.0,snr_db,0.0,3,3,3,3,full_6d,3263447461,,,nan,,False,,1359.3373982608318,0.008634614349262191,0.008634614349262191,0.00035105270420609944,0.0024512936673372777,1.5111798061393778e-12,0.24498078552421904,False,direct_vp,global_exact_spherical_vp,proposed_post_stage1,False,88270c951cad2b56,jones_free,cpu,False,,numpy,numpy.linalg.solve,jones_free,False,,,0.0,0.0,0.0,0.0,True,6,4,nan,nan,"[0.0,0.0,0.0]",,"[1.7817015615170417e-05,0.0005084424653914307,3.6656683287018583e-07]",jnpp_then_vp,[],3102187.765350992,3096560,False,7752539.088541799,89.92057806319369,8.081550179023814,0.03229177527457513,"[5.018394952150165,4.941413618646376,4.96416198265343]",220.87927781790495,1220.177121244371,1442.4129499942064,nan,nan,nan,nan,False,,nan,,,nan,nan,nan,,,,,,,,0.008634614349262191,0.00035105270420609944,0.24498078552421904,nan,nan,nan,False,not_run,not_requested
fig1_fig2,free_jones_vp_gated_rescue,36,3263447461,0.0,snr_db,0.0,3,3,3,3,full_6d,3263447461,,,nan,,False,,1437.4793330729008,0.008634614349262191,0.008634614349262191,0.00035105270420609944,0.0024512936673372777,1.5111798061393778e-12,0.24498078552421904,False,direct_vp_rollback,global_exact_spherical_vp,proposed_post_stage1,False,88270c951cad2b56,jones_free,cpu,False,,numpy,numpy.linalg.solve,jones_free,False,,,0.0,0.0,0.0,0.0,True,6,4,nan,nan,"[0.0,0.0,0.0]",,"[1.7817015615170417e-05,0.0005084424653914307,3.6656683287018583e-07]",jnpp_then_vp,[],3102187.765350992,3096560,False,7752539.088541799,89.92057806319369,8.081550179023814,0.03229177527457513,"[5.018394952150165,4.941413618646376,4.96416198265343]",220.87927781790495,1237.886747971177,1460.1225767210126,nan,nan,nan,nan,False,,nan,,,nan,nan,nan,,,,,,,,0.008634614349262191,0.00035105270420609944,0.24498078552421904,0.00201299860283812,2.5927143228703065e-05,0.24489956609197103,True,rollback,existing_selector_rollback
fig1_fig2,PEB,36,3263447461,0.0,snr_db,0.0,3,3,3,3,full_6d,3263447461,,,nan,,False,,4.955352857708931,nan,nan,nan,nan,nan,nan,False,,,peb_only,False,60c6f81eb2390ce5,,,,,,,adaptive_jones,True,fixed_anchor_then_adaptive_jones_score_selection,,nan,nan,nan,nan,True,,,nan,nan,,,,,[],nan,,,nan,nan,nan,nan,,nan,nan,nan,0.0003183960158201883,nan,nan,0.0003183960158201883,False,44da4b062737b51be35373567f8e2b8ed08b76fc869f23df282060a8ccb40d9b,0.24453762257347222,computed_unscaled,cpu,nan,nan,nan,,,,,,,,nan,nan,nan,nan,nan,nan,False,,
fig1_fig2,free_jones_vp,24,2465240206,0.0,snr_db,0.0,3,3,3,3,full_6d,2465240206,,,nan,,False,,1695.340117111802,0.6812949915030774,0.6812949915030774,0.047221551148882775,0.03921660818524638,6.883876835197893e-11,0.5498015213457716,True,direct_vp,global_exact_spherical_vp,proposed_post_stage1,False,8673cbbb4d4955a4,jones_free,cpu,False,,numpy,numpy.linalg.solve,jones_free,False,,,0.0,0.0,0.0,0.0,True,6,4,nan,nan,"[0.0,0.0,0.0]",,"[1.0991684939471475e-06,1.1669533505789006e-06,0.00020285826280600492]",jnpp_then_vp,[],3241559.717342163,3096560,False,3047730.483787249,178.43756727416476,8.541997850549349,0.05671738329512702,"[5.050481084580455,5.007638867495329,5.143512085593513]",228.40173258632421,1570.291137613356,1800.1432987898588,nan,nan,nan,nan,False,,nan,,,nan,nan,nan,,,,,,,,0.6812949915030774,0.047221551148882775,0.5498015213457716,nan,nan,nan,False,not_run,not_requested
fig1_fig2,free_jones_vp_gated_rescue,24,2465240206,0.0,snr_db,0.0,3,3,3,3,full_6d,2465240206,,,nan,,False,,1814.3314015045762,0.0015078264735654903,0.0015078264735654903,8.623419350729594e-06,5.691074348361793e-05,7.402948540181091e-13,0.5251385363494052,False,ris_only_stage2_then_vp,global_exact_spherical_vp,proposed_post_stage1,False,8673cbbb4d4955a4,jones_free,cpu,False,,numpy,numpy.linalg.solve,jones_free,False,,,0.0,0.0,0.0,0.0,True,6,4,nan,nan,"[0.0,0.0,0.0]",,"[3.803815677805015e-06,1.1559378643023609e-07,0.00022362200215086811]",jnpp_then_vp,[],3241559.717342163,3096560,False,3047730.483787249,178.43756727416476,8.541997850549349,0.05671738329512702,"[5.050481084580455,5.007638867495329,5.143512085593513]",228.40173258632421,98.38442484289408,343.8107460439205,nan,nan,nan,nan,False,,nan,,,nan,nan,nan,,,,,,,,0.6812949915030774,0.047221551148882775,0.5498015213457716,0.0015078264735654903,8.623419350729594e-06,0.5251385363494052,True,accepted,accepted
fig1_fig2,PEB,24,2465240206,0.0,snr_db,0.0,3,3,3,3,full_6d,2465240206,,,nan,,False,,5.683395259082317,nan,nan,nan,nan,nan,nan,False,,,peb_only,False,d01ad1f51177285e,,,,,,,adaptive_jones,True,fixed_anchor_then_adaptive_jones_score_selection,,nan,nan,nan,nan,True,,,nan,nan,,,,,[],nan,,,nan,nan,nan,nan,,nan,nan,nan,0.00044958614918568163,nan,nan,0.00044958614918568163,False,d0abc1777196bcc1a36b4bbbb5b3c3e641533288ceccc09b778d2fb6777f61b5,0.5252108072094162,computed_unscaled,cpu,nan,nan,nan,,,,,,,,nan,nan,nan,nan,nan,nan,False,,
fig1_fig2,free_jones_vp,58,1249403404,0.0,snr_db,0.0,3,3,3,3,full_6d,1249403404,,,nan,,False,,316.2465030550957,0.007202859487918462,0.007202859487918462,7.933385355151328e-05,0.0009197671853489555,1.7015782243167911e-12,0.6789744685155739,False,direct_vp,global_exact_spherical_vp,proposed_post_stage1,False,f7c2d12b1a0bfd11,jones_free,cpu,False,,numpy,numpy.linalg.solve,jones_free,False,,,0.0,0.0,0.0,0.0,True,6,4,nan,nan,"[0.0,0.0,0.0]",,"[5.466787593416473e-06,5.566845290121805e-07,2.2385496186657056e-05]",direct_vp,"[""poor_clock_consistency""]",3098135.475607611,3096560,True,4251357.076742917,98.929963746839,15.78950900591324,0.18548810316160994,"[5.0009109587369,4.918231934735402,5.34648151136078]",238.2411536872387,308.1018646582961,547.7192337661982,nan,nan,nan,nan,False,,nan,,,nan,nan,nan,,,,,,,,0.007202859487918462,7.933385355151328e-05,0.6789744685155739,nan,nan,nan,False,not_run,not_requested
fig1_fig2,free_jones_vp_gated_rescue,58,1249403404,0.0,snr_db,0.0,3,3,3,3,full_6d,1249403404,,,nan,,False,,312.3210673779249,0.007202859487918462,0.007202859487918462,7.933385355151328e-05,0.0009197671853489555,1.7015782243167911e-12,0.6789744685155739,False,direct_vp,global_exact_spherical_vp,proposed_post_stage1,False,f7c2d12b1a0bfd11,jones_free,cpu,False,,numpy,numpy.linalg.solve,jones_free,False,,,0.0,0.0,0.0,0.0,True,6,4,nan,nan,"[0.0,0.0,0.0]",,"[5.466787593416473e-06,5.566845290121805e-07,2.2385496186657056e-05]",direct_vp,"[""poor_clock_consistency""]",3098135.475607611,3096560,True,4251357.076742917,98.929963746839,15.78950900591324,0.18548810316160994,"[5.0009109587369,4.918231934735402,5.34648151136078]",238.2411536872387,305.9574624300003,545.5748315379024,nan,nan,nan,nan,False,,nan,,,nan,nan,nan,,,,,,,,0.007202859487918462,7.933385355151328e-05,0.6789744685155739,nan,nan,nan,False,not_run,not_requested
fig1_fig2,PEB,58,1249403404,0.0,snr_db,0.0,3,3,3,3,full_6d,1249403404,,,nan,,False,,5.489308439195156,nan,nan,nan,nan,nan,nan,False,,,peb_only,False,d59f3af838274759,,,,,,,adaptive_jones,True,fixed_anchor_then_adaptive_jones_score_selection,,nan,nan,nan,nan,True,,,nan,nan,,,,,[],nan,,,nan,nan,nan,nan,,nan,nan,nan,0.00048249752736609266,nan,nan,0.00048249752736609266,False,282ef6b6a0b0bdc03992830ab54a887d3acbc9d2eab301295ecf986d4506a68e,0.6786327003359133,computed_unscaled,cpu,nan,nan,nan,,,,,,,,nan,nan,nan,nan,nan,nan,False,,
fig1_fig2,free_jones_vp,33,3489193506,0.0,snr_db,0.0,3,3,3,3,full_6d,3489193506,,,nan,,False,,1559.4632009416819,0.022682371718104624,0.022682371718104624,0.0014451601815892003,0.002924551535725275,2.1873536099995053e-12,0.5027061465091646,False,direct_vp,global_exact_spherical_vp,proposed_post_stage1,False,8f74401cfcd8e95c,jones_free,cpu,False,,numpy,numpy.linalg.solve,jones_free,False,,,0.0,0.0,0.0,0.0,True,6,4,nan,nan,"[0.0,0.0,0.0]",,"[5.530988821267061e-07,2.9999126699477477e-06,7.535021776578867e-06]",direct_vp,[],3099308.816398503,3096560,True,8404238.151181644,73.617717171667,17.695481558673112,0.07053241027499688,"[4.947124378209053,5.042344176897733,5.11958052899759]",225.21680580079556,1552.6093271896243,1779.3508904650807,nan,nan,nan,nan,False,,nan,,,nan,nan,nan,,,,,,,,0.022682371718104624,0.0014451601815892003,0.5027061465091646,nan,nan,nan,False,not_run,not_requested
fig1_fig2,free_jones_vp_gated_rescue,33,3489193506,0.0,snr_db,0.0,3,3,3,3,full_6d,3489193506,,,nan,,False,,1554.5099885240197,0.022682371718104624,0.022682371718104624,0.0014451601815892003,0.002924551535725275,2.1873536099995053e-12,0.5027061465091646,False,direct_vp,global_exact_spherical_vp,proposed_post_stage1,False,8f74401cfcd8e95c,jones_free,cpu,False,,numpy,numpy.linalg.solve,jones_free,False,,,0.0,0.0,0.0,0.0,True,6,4,nan,nan,"[0.0,0.0,0.0]",,"[5.530988821267061e-07,2.9999126699477477e-06,7.535021776578867e-06]",direct_vp,[],3099308.816398503,3096560,True,8404238.151181644,73.617717171667,17.695481558673112,0.07053241027499688,"[4.947124378209053,5.042344176897733,5.11958052899759]",225.21680580079556,1548.2504863590002,1774.9920496344566,nan,nan,nan,nan,False,,nan,,,nan,nan,nan,,,,,,,,0.022682371718104624,0.0014451601815892003,0.5027061465091646,nan,nan,nan,False,not_run,not_requested
fig1_fig2,PEB,33,3489193506,0.0,snr_db,0.0,3,3,3,3,full_6d,3489193506,,,nan,,False,,5.490262985229492,nan,nan,nan,nan,nan,nan,False,,,peb_only,False,9bf57850a2956d68,,,,,,,adaptive_jones,True,fixed_anchor_then_adaptive_jones_score_selection,,nan,nan,nan,nan,True,,,nan,nan,,,,,[],nan,,,nan,nan,nan,nan,,nan,nan,nan,0.0003666393535416366,nan,nan,0.0003666393535416366,False,76527bb9436024da57d5b3c4ee115c2d9eeebd7e9b24b99b40e819fe3069631e,0.5022628852266684,computed_unscaled,cpu,nan,nan,nan,,,,,,,,nan,nan,nan,nan,nan,nan,False,,
fig1_fig2,free_jones_vp,59,1187262716,0.0,snr_db,0.0,3,3,3,3,full_6d,1187262716,,,nan,,False,,272.39053957909346,0.002191095519532428,0.002191095519532428,9.663797109326117e-05,0.001770783408771755,1.719909768047809e-12,0.24937526009461267,False,direct_vp,global_exact_spherical_vp,proposed_post_stage1,False,1b594405e973dca7,jones_free,cpu,False,,numpy,numpy.linalg.solve,jones_free,False,,,0.0,0.0,0.0,0.0,True,6,4,nan,nan,"[0.0,0.0,0.0]",,"[3.72978314880086e-06,8.047415597319784e-06,4.316532442816692e-06]",direct_vp,[],3098113.1429604487,3096560,True,7655782.053292166,73.90660076062407,15.798987065437585,0.06201621719086932,"[5.078537995481877,4.9425208225049895,4.951950002479501]",240.94456735998392,265.005650870502,507.41180538386106,nan,nan,nan,nan,False,,nan,,,nan,nan,nan,,,,,,,,0.002191095519532428,9.663797109326117e-05,0.24937526009461267,nan,nan,nan,False,not_run,not_requested
fig1_fig2,free_jones_vp_gated_rescue,59,1187262716,0.0,snr_db,0.0,3,3,3,3,full_6d,1187262716,,,nan,,False,,266.1006292104721,0.002191095519532428,0.002191095519532428,9.663797109326117e-05,0.001770783408771755,1.719909768047809e-12,0.24937526009461267,False,direct_vp,global_exact_spherical_vp,proposed_post_stage1,False,1b594405e973dca7,jones_free,cpu,False,,numpy,numpy.linalg.solve,jones_free,False,,,0.0,0.0,0.0,0.0,True,6,4,nan,nan,"[0.0,0.0,0.0]",,"[3.72978314880086e-06,8.047415597319784e-06,4.316532442816692e-06]",direct_vp,[],3098113.1429604487,3096560,True,7655782.053292166,73.90660076062407,15.798987065437585,0.06201621719086932,"[5.078537995481877,4.9425208225049895,4.951950002479501]",240.94456735998392,259.699908465147,502.1060629785061,nan,nan,nan,nan,False,,nan,,,nan,nan,nan,,,,,,,,0.002191095519532428,9.663797109326117e-05,0.24937526009461267,nan,nan,nan,False,not_run,not_requested
fig1_fig2,PEB,59,1187262716,0.0,snr_db,0.0,3,3,3,3,full_6d,1187262716,,,nan,,False,,5.337826855480671,nan,nan,nan,nan,nan,nan,False,,,peb_only,False,60568c231d1537f8,,,,,,,adaptive_jones,True,fixed_anchor_then_adaptive_jones_score_selection,,nan,nan,nan,nan,True,,,nan,nan,,,,,[],nan,,,nan,nan,nan,nan,,nan,nan,nan,0.000376380895406567,nan,nan,0.000376380895406567,False,ba85b3dc69f0d5910f5e051466d13a9fa16bdfb1c72eaceaa138a692faa0065e,0.2492515314223931,computed_unscaled,cpu,nan,nan,nan,,,,,,,,nan,nan,nan,nan,nan,nan,False,,
fig1_fig2,free_jones_vp,41,4278604885,0.0,snr_db,0.0,3,3,3,3,full_6d,4278604885,,,nan,,False,,1238.39434889704,0.026188150180830188,0.026188150180830188,0.002030176115510941,0.0013685539732226325,4.617336380277444e-12,0.28547276468268634,False,direct_vp,global_exact_spherical_vp,proposed_post_stage1,False,1a87a1affeb2e6dc,jones_free,cpu,False,,numpy,numpy.linalg.solve,jones_free,False,,,0.0,0.0,0.0,0.0,True,6,4,nan,nan,"[0.0,0.0,0.0]",,"[9.85791123115386e-07,3.7290494000867164e-07,0.00010577378411136711]",jnpp_then_vp,[],3102852.7896790844,3096560,False,5004835.9541586945,96.0768973279454,11.380356260130387,0.06618790357244465,"[4.945410496052931,4.9728275357108735,4.820735479797531]",224.74684396386147,1231.4037461280823,1457.5899446755648,nan,nan,nan,nan,False,,nan,,,nan,nan,nan,,,,,,,,0.026188150180830188,0.002030176115510941,0.28547276468268634,nan,nan,nan,False,not_run,not_requested
fig1_fig2,free_jones_vp_gated_rescue,41,4278604885,0.0,snr_db,0.0,3,3,3,3,full_6d,4278604885,,,nan,,False,,1310.6109076961875,0.0003345308379728111,0.0003345308379728111,5.055720817460693e-06,0.00012091787029727741,2.189143352189963e-13,0.28491639115455897,False,ris_only_stage2_then_vp,global_exact_spherical_vp,proposed_post_stage1,False,1a87a1affeb2e6dc,jones_free,cpu,False,,numpy,numpy.linalg.solve,jones_free,False,,,0.0,0.0,0.0,0.0,True,6,4,nan,nan,"[0.0,0.0,0.0]",,"[8.071135403044631e-07,5.41020366768046e-07,0.0001280865034332506]",jnpp_then_vp,[],3102852.7896790844,3096560,False,5004835.9541586945,96.0768973279454,11.380356260130387,0.06618790357244465,"[4.945410496052931,4.9728275357108735,4.820735479797531]",224.74684396386147,49.428871884942055,289.54944332689047,nan,nan,nan,nan,False,,nan,,,nan,nan,nan,,,,,,,,0.026188150180830188,0.002030176115510941,0.28547276468268634,0.0003345308379728111,5.055720817460693e-06,0.28491639115455897,True,accepted,accepted
fig1_fig2,PEB,41,4278604885,0.0,snr_db,0.0,3,3,3,3,full_6d,4278604885,,,nan,,False,,5.431787878274918,nan,nan,nan,nan,nan,nan,False,,,peb_only,False,23b7281b6593e93a,,,,,,,adaptive_jones,True,fixed_anchor_then_adaptive_jones_score_selection,,nan,nan,nan,nan,True,,,nan,nan,,,,,[],nan,,,nan,nan,nan,nan,,nan,nan,nan,0.0004847722095366083,nan,nan,0.0004847722095366083,False,3ffbd47003275298d380fa4fdbe537af868b54f1a66ff07176dee6a601458b33,0.28489527917999663,computed_unscaled,cpu,nan,nan,nan,,,,,,,,nan,nan,nan,nan,nan,nan,False,,
fig1_fig2,free_jones_vp,61,3445288900,0.0,snr_db,0.0,3,3,3,3,full_6d,3445288900,,,nan,,False,,99.06175616383553,0.005848955177329773,0.005848955177329773,0.0005165051147073671,0.004724284348547901,4.379979070161164e-12,0.5673824447335843,False,direct_vp,global_exact_spherical_vp,proposed_post_stage1,False,cee08fbd292b09a3,jones_free,cpu,False,,numpy,numpy.linalg.solve,jones_free,False,,,0.0,0.0,0.0,0.0,True,6,4,nan,nan,"[0.0,0.0,0.0]",,"[3.876148419662562e-06,9.844966174821466e-07,3.750071826594009e-05]",direct_vp,[],3097530.950030343,3096560,True,5653395.411875358,108.94501097880853,10.878170425912916,0.06402355720442075,"[4.8473606014743,5.000994381455952,4.896918223621017]",245.39200665801764,91.43970105797052,338.30815509706736,nan,nan,nan,nan,False,,nan,,,nan,nan,nan,,,,,,,,0.005848955177329773,0.0005165051147073671,0.5673824447335843,nan,nan,nan,False,not_run,not_requested
fig1_fig2,free_jones_vp_gated_rescue,61,3445288900,0.0,snr_db,0.0,3,3,3,3,full_6d,3445288900,,,nan,,False,,94.22019172459841,0.005848955177329773,0.005848955177329773,0.0005165051147073671,0.004724284348547901,4.379979070161164e-12,0.5673824447335843,False,direct_vp,global_exact_spherical_vp,proposed_post_stage1,False,cee08fbd292b09a3,jones_free,cpu,False,,numpy,numpy.linalg.solve,jones_free,False,,,0.0,0.0,0.0,0.0,True,6,4,nan,nan,"[0.0,0.0,0.0]",,"[3.876148419662562e-06,9.844966174821466e-07,3.750071826594009e-05]",direct_vp,[],3097530.950030343,3096560,True,5653395.411875358,108.94501097880853,10.878170425912916,0.06402355720442075,"[4.8473606014743,5.000994381455952,4.896918223621017]",245.39200665801764,87.2064049988985,334.07485903799534,nan,nan,nan,nan,False,,nan,,,nan,nan,nan,,,,,,,,0.005848955177329773,0.0005165051147073671,0.5673824447335843,nan,nan,nan,False,not_run,not_requested
fig1_fig2,PEB,61,3445288900,0.0,snr_db,0.0,3,3,3,3,full_6d,3445288900,,,nan,,False,,5.689591586589813,nan,nan,nan,nan,nan,nan,False,,,peb_only,False,812cb421948a255b,,,,,,,adaptive_jones,True,fixed_anchor_then_adaptive_jones_score_selection,,nan,nan,nan,nan,True,,,nan,nan,,,,,[],nan,,,nan,nan,nan,nan,,nan,nan,nan,0.00043978247099798416,nan,nan,0.00043978247099798416,False,ce2b3681cf373b19e71cb19b884bc3b16d08555336684f81783906b12368ba1d,0.567207524162473,computed_unscaled,cpu,nan,nan,nan,,,,,,,,nan,nan,nan,nan,nan,nan,False,,
fig1_fig2,free_jones_vp,28,4133035554,0.0,snr_db,0.0,3,3,3,3,full_6d,4133035554,,,nan,,False,,1733.0760815143585,0.005137864312261584,0.005137864312261584,0.00018758355990268995,0.0019187260650775143,1.30756002545691e-12,0.3543365440974606,False,direct_vp,global_exact_spherical_vp,proposed_post_stage1,False,a4f0c039e2dfe0b3,jones_free,cpu,False,,numpy,numpy.linalg.solve,jones_free,False,,,0.0,0.0,0.0,0.0,True,6,4,nan,nan,"[0.0,0.0,0.0]",,"[8.374706145148504e-07,2.2752978809917363e-07,6.584103686902878e-05]",jnpp_then_vp,[],3101085.7209865977,3096560,False,5251037.613679663,86.80447913952179,15.100956934401031,0.030510601566563864,"[4.964702734914368,4.935125517238725,4.890475697583551]",210.9678959697485,1441.5904552787542,1653.840214304626,nan,nan,nan,nan,False,,nan,,,nan,nan,nan,,,,,,,,0.005137864312261584,0.00018758355990268995,0.3543365440974606,nan,nan,nan,False,not_run,not_requested
fig1_fig2,free_jones_vp_gated_rescue,28,4133035554,0.0,snr_db,0.0,3,3,3,3,full_6d,4133035554,,,nan,,False,,1767.5042617022991,0.005137864312261584,0.005137864312261584,0.00018758355990268995,0.0019187260650775143,1.30756002545691e-12,0.3543365440974606,False,direct_vp_rollback,global_exact_spherical_vp,proposed_post_stage1,False,a4f0c039e2dfe0b3,jones_free,cpu,False,,numpy,numpy.linalg.solve,jones_free,False,,,0.0,0.0,0.0,0.0,True,6,4,nan,nan,"[0.0,0.0,0.0]",,"[8.374706145148504e-07,2.2752978809917363e-07,6.584103686902878e-05]",jnpp_then_vp,[],3101085.7209865977,3096560,False,5251037.613679663,86.80447913952179,15.100956934401031,0.030510601566563864,"[4.964702734914368,4.935125517238725,4.890475697583551]",210.9678959697485,1430.0449665114284,1642.2947255373,nan,nan,nan,nan,False,,nan,,,nan,nan,nan,,,,,,,,0.005137864312261584,0.00018758355990268995,0.3543365440974606,0.0017227988275630266,7.7534067627784e-06,0.35427930012640674,True,rollback,existing_selector_rollback
fig1_fig2,PEB,28,4133035554,0.0,snr_db,0.0,3,3,3,3,full_6d,4133035554,,,nan,,False,,5.428903356194496,nan,nan,nan,nan,nan,nan,False,,,peb_only,False,4baf8a67ab7cc799,,,,,,,adaptive_jones,True,fixed_anchor_then_adaptive_jones_score_selection,,nan,nan,nan,nan,True,,,nan,nan,,,,,[],nan,,,nan,nan,nan,nan,,nan,nan,nan,0.00044790349778235,nan,nan,0.00044790349778235,False,b0d6ccdf5e943bdc30a995d28f082c1063f363c2aa22897f8408d6a89636af3a,0.3538212539400746,computed_unscaled,cpu,nan,nan,nan,,,,,,,,nan,nan,nan,nan,nan,nan,False,,
fig1_fig2,free_jones_vp,27,4133001221,0.0,snr_db,0.0,3,3,3,3,full_6d,4133001221,,,nan,,False,,1820.654229864478,0.024671758841167384,0.024671758841167384,0.0015436138478982198,0.0010158325889281729,4.836703455449749e-12,0.2341798105790841,False,direct_vp,global_exact_spherical_vp,proposed_post_stage1,False,f3484d4aa7040cec,jones_free,cpu,False,,numpy,numpy.linalg.solve,jones_free,False,,,0.0,0.0,0.0,0.0,True,6,4,nan,nan,"[0.0,0.0,0.0]",,"[3.170255496861423e-05,3.927732108941878e-08,0.00014924317759869093]",jnpp_then_vp,"[""poor_clock_consistency""]",3100845.3411844033,3096560,False,5090783.250841876,89.67602962033212,6.224401788938253,0.1467873018736392,"[5.1696665560634205,4.985934424226361,5.3454591940179395]",208.87564691901207,1694.4727643728256,1904.622923091054,nan,nan,nan,nan,False,,nan,,,nan,nan,nan,,,,,,,,0.024671758841167384,0.0015436138478982198,0.2341798105790841,nan,nan,nan,False,not_run,not_requested
fig1_fig2,free_jones_vp_gated_rescue,27,4133001221,0.0,snr_db,0.0,3,3,3,3,full_6d,4133001221,,,nan,,False,,1909.0431705340743,0.0006646776384925812,0.0006646776384925812,2.3573091150152184e-05,0.00023728964805513084,7.295373320065424e-13,0.23382644761883145,False,ris_only_stage2_then_vp,global_exact_spherical_vp,proposed_post_stage1,False,f3484d4aa7040cec,jones_free,cpu,False,,numpy,numpy.linalg.solve,jones_free,False,,,0.0,0.0,0.0,0.0,True,6,4,nan,nan,"[0.0,0.0,0.0]",,"[3.225873227467856e-05,1.2649424423424499e-08,0.00010670283534401202]",jnpp_then_vp,"[""poor_clock_consistency""]",3100845.3411844033,3096560,False,5090783.250841876,89.67602962033212,6.224401788938253,0.1467873018736392,"[5.1696665560634205,4.985934424226361,5.3454591940179395]",208.87564691901207,76.38058856874704,304.586508102715,nan,nan,nan,nan,False,,nan,,,nan,nan,nan,,,,,,,,0.024671758841167384,0.0015436138478982198,0.2341798105790841,0.0006646776384925812,2.3573091150152184e-05,0.23382644761883145,True,accepted,accepted
fig1_fig2,PEB,27,4133001221,0.0,snr_db,0.0,3,3,3,3,full_6d,4133001221,,,nan,,False,,5.879386842250824,nan,nan,nan,nan,nan,nan,False,,,peb_only,False,869d07cac0325ad1,,,,,,,adaptive_jones,True,fixed_anchor_then_adaptive_jones_score_selection,,nan,nan,nan,nan,True,,,nan,nan,,,,,[],nan,,,nan,nan,nan,nan,,nan,nan,nan,0.00047899911448743274,nan,nan,0.00047899911448743274,False,4db56e3e555632d19d051acf26a881417468b8ad38e08366b65041ee29b29feb,0.23385738446624896,computed_unscaled,cpu,nan,nan,nan,,,,,,,,nan,nan,nan,nan,nan,nan,False,,
fig1_fig2,free_jones_vp,66,437355907,0.0,snr_db,0.0,3,3,3,3,full_6d,437355907,,,nan,,False,,93.79538241773844,0.003034553365480486,0.003034553365480486,0.00014888125450131056,0.0020980307607626797,6.74905325885063e-13,0.5810707362666893,False,direct_vp,global_exact_spherical_vp,proposed_post_stage1,False,74dcef6e6e55fde0,jones_free,cpu,False,,numpy,numpy.linalg.solve,jones_free,False,,,0.0,0.0,0.0,0.0,True,6,4,nan,nan,"[0.0,0.0,0.0]",,"[1.7701110462004877e-06,1.2113984514572571e-06,5.1366216287340635e-06]",direct_vp,[],3098134.7049250235,3096560,True,8309308.4702981645,78.32696894498085,23.22555376287448,0.02988875654495261,"[5.070301723517867,5.008132946009154,5.005731482789585]",217.3756961002946,85.34736846387386,304.0313138216734,nan,nan,nan,nan,False,,nan,,,nan,nan,nan,,,,,,,,0.003034553365480486,0.00014888125450131056,0.5810707362666893,nan,nan,nan,False,not_run,not_requested
fig1_fig2,free_jones_vp_gated_rescue,66,437355907,0.0,snr_db,0.0,3,3,3,3,full_6d,437355907,,,nan,,False,,94.09568767994642,0.003034553365480486,0.003034553365480486,0.00014888125450131056,0.0020980307607626797,6.74905325885063e-13,0.5810707362666893,False,direct_vp,global_exact_spherical_vp,proposed_post_stage1,False,74dcef6e6e55fde0,jones_free,cpu,False,,numpy,numpy.linalg.solve,jones_free,False,,,0.0,0.0,0.0,0.0,True,6,4,nan,nan,"[0.0,0.0,0.0]",,"[1.7701110462004877e-06,1.2113984514572571e-06,5.1366216287340635e-06]",direct_vp,[],3098134.7049250235,3096560,True,8309308.4702981645,78.32696894498085,23.22555376287448,0.02988875654495261,"[5.070301723517867,5.008132946009154,5.005731482789585]",217.3756961002946,87.42276238650084,306.10670774430037,nan,nan,nan,nan,False,,nan,,,nan,nan,nan,,,,,,,,0.003034553365480486,0.00014888125450131056,0.5810707362666893,nan,nan,nan,False,not_run,not_requested
fig1_fig2,PEB,66,437355907,0.0,snr_db,0.0,3,3,3,3,full_6d,437355907,,,nan,,False,,5.834414005279541,nan,nan,nan,nan,nan,nan,False,,,peb_only,False,ef71c1b4bc47b921,,,,,,,adaptive_jones,True,fixed_anchor_then_adaptive_jones_score_selection,,nan,nan,nan,nan,True,,,nan,nan,,,,,[],nan,,,nan,nan,nan,nan,,nan,nan,nan,0.00035478711051341387,nan,nan,0.00035478711051341387,False,34c19cd95e99da79457cbf3518f1232a26ad19f1e8691866bda8c30a1c520f1f,0.5807783933233801,computed_unscaled,cpu,nan,nan,nan,,,,,,,,nan,nan,nan,nan,nan,nan,False,,
fig1_fig2,free_jones_vp,67,804537149,0.0,snr_db,0.0,3,3,3,3,full_6d,804537149,,,nan,,False,,109.8958803191781,0.002629951072660592,0.002629951072660592,0.00025972854138131974,0.00230968943784298,2.5846569174613153e-12,0.4545148023925398,False,direct_vp,global_exact_spherical_vp,proposed_post_stage1,False,a39d1d52200a0e51,jones_free,cpu,False,,numpy,numpy.linalg.solve,jones_free,False,,,0.0,0.0,0.0,0.0,True,6,4,nan,nan,"[0.0,0.0,0.0]",,"[2.869614768213992e-06,8.120859675660132e-07,3.6453186046890225e-06]",direct_vp,[],3093605.053569981,3096560,True,8133404.899748103,70.20427513952806,13.970014464350491,0.08079184626352338,"[5.07762912808655,5.113624911679184,4.927100527678604]",212.95842780172825,101.84221600741148,316.1718343645334,nan,nan,nan,nan,False,,nan,,,nan,nan,nan,,,,,,,,0.002629951072660592,0.00025972854138131974,0.4545148023925398,nan,nan,nan,False,not_run,not_requested
fig1_fig2,free_jones_vp_gated_rescue,67,804537149,0.0,snr_db,0.0,3,3,3,3,full_6d,804537149,,,nan,,False,,110.34851110726595,0.002629951072660592,0.002629951072660592,0.00025972854138131974,0.00230968943784298,2.5846569174613153e-12,0.4545148023925398,False,direct_vp,global_exact_spherical_vp,proposed_post_stage1,False,a39d1d52200a0e51,jones_free,cpu,False,,numpy,numpy.linalg.solve,jones_free,False,,,0.0,0.0,0.0,0.0,True,6,4,nan,nan,"[0.0,0.0,0.0]",,"[2.869614768213992e-06,8.120859675660132e-07,3.6453186046890225e-06]",direct_vp,[],3093605.053569981,3096560,True,8133404.899748103,70.20427513952806,13.970014464350491,0.08079184626352338,"[5.07762912808655,5.113624911679184,4.927100527678604]",212.95842780172825,103.61708372086287,317.9467020779848,nan,nan,nan,nan,False,,nan,,,nan,nan,nan,,,,,,,,0.002629951072660592,0.00025972854138131974,0.4545148023925398,nan,nan,nan,False,not_run,not_requested
fig1_fig2,PEB,67,804537149,0.0,snr_db,0.0,3,3,3,3,full_6d,804537149,,,nan,,False,,6.831995241343975,nan,nan,nan,nan,nan,nan,False,,,peb_only,False,b16aefe1a60bd8bb,,,,,,,adaptive_jones,True,fixed_anchor_then_adaptive_jones_score_selection,,nan,nan,nan,nan,True,,,nan,nan,,,,,[],nan,,,nan,nan,nan,nan,,nan,nan,nan,0.00035418023463707567,nan,nan,0.00035418023463707567,False,b26904abe3f7d46852807fc0a30cd211634c6c8e972ac0e965050f20e27517f2,0.45495129609686724,computed_unscaled,cpu,nan,nan,nan,,,,,,,,nan,nan,nan,nan,nan,nan,False,,
fig1_fig2,free_jones_vp,31,3399679668,0.0,snr_db,0.0,3,3,3,3,full_6d,3399679668,,,nan,,False,,1702.0298811644316,0.0020548547113310883,0.0020548547113310883,0.00014156100583941802,0.0013448209684613838,6.194831807810914e-13,0.4028458100210101,False,direct_vp,global_exact_spherical_vp,proposed_post_stage1,False,24839a1ed53d664b,jones_free,cpu,False,,numpy,numpy.linalg.solve,jones_free,False,,,0.0,0.0,0.0,0.0,True,6,4,nan,nan,"[0.0,0.0,0.0]",,"[3.220192837013474e-06,4.771487266912225e-07,3.396853747753473e-07]",jnpp_then_vp,[],3103197.2590389783,3096560,False,5315990.746092556,94.23228851340532,17.48508904684744,0.05494858365808074,"[4.985873260421595,5.070806974937388,4.937914684802212]",226.6072989180684,1581.672038204968,1809.666899472475,nan,nan,nan,nan,False,,nan,,,nan,nan,nan,,,,,,,,0.0020548547113310883,0.00014156100583941802,0.4028458100210101,nan,nan,nan,False,not_run,not_requested
fig1_fig2,free_jones_vp_gated_rescue,31,3399679668,0.0,snr_db,0.0,3,3,3,3,full_6d,3399679668,,,nan,,False,,2215.780094258487,0.0020548547113310883,0.0020548547113310883,0.00014156100583941802,0.0013448209684613838,6.194831807810914e-13,0.4028458100210101,False,direct_vp_rollback,global_exact_spherical_vp,proposed_post_stage1,False,24839a1ed53d664b,jones_free,cpu,False,,numpy,numpy.linalg.solve,jones_free,False,,,0.0,0.0,0.0,0.0,True,6,4,nan,nan,"[0.0,0.0,0.0]",,"[3.220192837013474e-06,4.771487266912225e-07,3.396853747753473e-07]",jnpp_then_vp,[],3103197.2590389783,3096560,False,5315990.746092556,94.23228851340532,17.48508904684744,0.05494858365808074,"[4.985873260421595,5.070806974937388,4.937914684802212]",226.6072989180684,1574.7143780514598,1802.7092393189669,nan,nan,nan,nan,False,,nan,,,nan,nan,nan,,,,,,,,0.0020548547113310883,0.00014156100583941802,0.4028458100210101,0.001407296699481732,6.433732302423662e-06,0.4028007814730791,True,rollback,existing_selector_rollback
fig1_fig2,PEB,31,3399679668,0.0,snr_db,0.0,3,3,3,3,full_6d,3399679668,,,nan,,False,,5.815611034631729,nan,nan,nan,nan,nan,nan,False,,,peb_only,False,14ce26de9c259f51,,,,,,,adaptive_jones,True,fixed_anchor_then_adaptive_jones_score_selection,,nan,nan,nan,nan,True,,,nan,nan,,,,,[],nan,,,nan,nan,nan,nan,,nan,nan,nan,0.0004383491005625335,nan,nan,0.0004383491005625335,False,579f4d92d8c766cab7fa417a5175cd99bb36ab4a51df0f587cc9ea2e392b9def,0.40198626219395955,computed_unscaled,cpu,nan,nan,nan,,,,,,,,nan,nan,nan,nan,nan,nan,False,,
fig1_fig2,free_jones_vp,37,1911328645,0.0,snr_db,0.0,3,3,3,3,full_6d,1911328645,,,nan,,False,,1869.7192295491695,0.02419837461591827,0.02419837461591827,0.0013166855380584406,0.0044283714426290085,3.577325730471829e-12,0.2287364366226314,False,direct_vp,global_exact_spherical_vp,proposed_post_stage1,False,c2d2fe0422252198,jones_free,cpu,False,,numpy,numpy.linalg.solve,jones_free,False,,,0.0,0.0,0.0,0.0,True,6,4,nan,nan,"[0.0,0.0,0.0]",,"[1.4165692097160148e-05,5.202760080856335e-07,6.961098528679206e-06]",direct_vp,"[""poor_clock_consistency""]",3098165.800102798,3096560,True,6230373.046487709,76.54502924215022,13.762986954075929,0.14322764814646324,"[5.109973349585729,5.025600696749199,4.7728723610005135]",223.0407821983099,1745.2992771938443,1969.7786239013076,nan,nan,nan,nan,False,,nan,,,nan,nan,nan,,,,,,,,0.02419837461591827,0.0013166855380584406,0.2287364366226314,nan,nan,nan,False,not_run,not_requested
fig1_fig2,free_jones_vp_gated_rescue,37,1911328645,0.0,snr_db,0.0,3,3,3,3,full_6d,1911328645,,,nan,,False,,1877.7832257002592,0.02419837461591827,0.02419837461591827,0.0013166855380584406,0.0044283714426290085,3.577325730471829e-12,0.2287364366226314,False,direct_vp,global_exact_spherical_vp,proposed_post_stage1,False,c2d2fe0422252198,jones_free,cpu,False,,numpy,numpy.linalg.solve,jones_free,False,,,0.0,0.0,0.0,0.0,True,6,4,nan,nan,"[0.0,0.0,0.0]",,"[1.4165692097160148e-05,5.202760080856335e-07,6.961098528679206e-06]",direct_vp,"[""poor_clock_consistency""]",3098165.800102798,3096560,True,6230373.046487709,76.54502924215022,13.762986954075929,0.14322764814646324,"[5.109973349585729,5.025600696749199,4.7728723610005135]",223.0407821983099,1755.5701672509313,1980.0495139583945,nan,nan,nan,nan,False,,nan,,,nan,nan,nan,,,,,,,,0.02419837461591827,0.0013166855380584406,0.2287364366226314,nan,nan,nan,False,not_run,not_requested
fig1_fig2,PEB,37,1911328645,0.0,snr_db,0.0,3,3,3,3,full_6d,1911328645,,,nan,,False,,5.845498256385326,nan,nan,nan,nan,nan,nan,False,,,peb_only,False,252f4cbd8a7f049f,,,,,,,adaptive_jones,True,fixed_anchor_then_adaptive_jones_score_selection,,nan,nan,nan,nan,True,,,nan,nan,,,,,[],nan,,,nan,nan,nan,nan,,nan,nan,nan,0.00043125982117207763,nan,nan,0.00043125982117207763,False,89cd20fcd9a64ac709c19d36df44d0df4be8c42c9af5aab07d8f4fd5c690dd17,0.22861906226828144,computed_unscaled,cpu,nan,nan,nan,,,,,,,,nan,nan,nan,nan,nan,nan,False,,
fig1_fig2,free_jones_vp,65,2236466502,0.0,snr_db,0.0,3,3,3,3,full_6d,2236466502,,,nan,,False,,366.62657757103443,0.0020817296700121287,0.0020817296700121287,0.00011047800935229889,0.0017803923611373626,2.3189125584899614e-12,0.10594844418319255,False,direct_vp,global_exact_spherical_vp,proposed_post_stage1,False,ea17ee62dfb81d19,jones_free,cpu,False,,numpy,numpy.linalg.solve,jones_free,False,,,0.0,0.0,0.0,0.0,True,6,4,nan,nan,"[0.0,0.0,0.0]",,"[4.172079253652458e-06,8.975728244204558e-06,3.775934862475581e-06]",direct_vp,[],3100589.0434350064,3096560,True,8822276.115160037,69.8069545189655,17.986347211135843,0.05986507735209383,"[5.071717330470503,5.027780373978989,4.9285903544651095]",210.84588119387627,358.6266579553485,570.8697595596313,nan,nan,nan,nan,False,,nan,,,nan,nan,nan,,,,,,,,0.0020817296700121287,0.00011047800935229889,0.10594844418319255,nan,nan,nan,False,not_run,not_requested
fig1_fig2,free_jones_vp_gated_rescue,65,2236466502,0.0,snr_db,0.0,3,3,3,3,full_6d,2236466502,,,nan,,False,,363.09051851928234,0.0020817296700121287,0.0020817296700121287,0.00011047800935229889,0.0017803923611373626,2.3189125584899614e-12,0.10594844418319255,False,direct_vp,global_exact_spherical_vp,proposed_post_stage1,False,ea17ee62dfb81d19,jones_free,cpu,False,,numpy,numpy.linalg.solve,jones_free,False,,,0.0,0.0,0.0,0.0,True,6,4,nan,nan,"[0.0,0.0,0.0]",,"[4.172079253652458e-06,8.975728244204558e-06,3.775934862475581e-06]",direct_vp,[],3100589.0434350064,3096560,True,8822276.115160037,69.8069545189655,17.986347211135843,0.05986507735209383,"[5.071717330470503,5.027780373978989,4.9285903544651095]",210.84588119387627,356.49780244380236,568.7409040480852,nan,nan,nan,nan,False,,nan,,,nan,nan,nan,,,,,,,,0.0020817296700121287,0.00011047800935229889,0.10594844418319255,nan,nan,nan,False,not_run,not_requested
fig1_fig2,PEB,65,2236466502,0.0,snr_db,0.0,3,3,3,3,full_6d,2236466502,,,nan,,False,,5.727514937520027,nan,nan,nan,nan,nan,nan,False,,,peb_only,False,2c3c920bb756571e,,,,,,,adaptive_jones,True,fixed_anchor_then_adaptive_jones_score_selection,,nan,nan,nan,nan,True,,,nan,nan,,,,,[],nan,,,nan,nan,nan,nan,,nan,nan,nan,0.00033978624755262186,nan,nan,0.00033978624755262186,False,8713a1af4c8a44df0d773df8c1e647ae5757abeba9d4009ab7b9d7ee65d54a43,0.1058113167850039,computed_unscaled,cpu,nan,nan,nan,,,,,,,,nan,nan,nan,nan,nan,nan,False,,
fig1_fig2,free_jones_vp,75,3035140021,0.0,snr_db,0.0,3,3,3,3,full_6d,3035140021,,,nan,,False,,108.49503693729639,0.006395432495907542,0.006395432495907542,0.0008044664828218625,0.005319722667535701,6.11220026977129e-12,0.33156667136432977,False,direct_vp,global_exact_spherical_vp,proposed_post_stage1,False,10e19df9a3cd6f50,jones_free,cpu,False,,numpy,numpy.linalg.solve,jones_free,False,,,0.0,0.0,0.0,0.0,True,6,4,nan,nan,"[0.0,0.0,0.0]",,"[1.014306411182462e-07,5.490059060135395e-06,9.287645158576459e-05]",direct_vp,[],3094799.691200947,3096560,True,4175085.985236626,140.14082363750381,11.485092471961611,0.060490767179035114,"[4.964991076194715,4.92773667143702,5.070562022381776]",243.26047872006893,100.66578852385283,345.45029325038195,nan,nan,nan,nan,False,,nan,,,nan,nan,nan,,,,,,,,0.006395432495907542,0.0008044664828218625,0.33156667136432977,nan,nan,nan,False,not_run,not_requested
fig1_fig2,free_jones_vp_gated_rescue,75,3035140021,0.0,snr_db,0.0,3,3,3,3,full_6d,3035140021,,,nan,,False,,109.01807012408972,0.006395432495907542,0.006395432495907542,0.0008044664828218625,0.005319722667535701,6.11220026977129e-12,0.33156667136432977,False,direct_vp,global_exact_spherical_vp,proposed_post_stage1,False,10e19df9a3cd6f50,jones_free,cpu,False,,numpy,numpy.linalg.solve,jones_free,False,,,0.0,0.0,0.0,0.0,True,6,4,nan,nan,"[0.0,0.0,0.0]",,"[1.014306411182462e-07,5.490059060135395e-06,9.287645158576459e-05]",direct_vp,[],3094799.691200947,3096560,True,4175085.985236626,140.14082363750381,11.485092471961611,0.060490767179035114,"[4.964991076194715,4.92773667143702,5.070562022381776]",243.26047872006893,101.77927456796169,346.5637792944908,nan,nan,nan,nan,False,,nan,,,nan,nan,nan,,,,,,,,0.006395432495907542,0.0008044664828218625,0.33156667136432977,nan,nan,nan,False,not_run,not_requested
fig1_fig2,PEB,75,3035140021,0.0,snr_db,0.0,3,3,3,3,full_6d,3035140021,,,nan,,False,,5.610332444310188,nan,nan,nan,nan,nan,nan,False,,,peb_only,False,ae0ce7e57f67ef74,,,,,,,adaptive_jones,True,fixed_anchor_then_adaptive_jones_score_selection,,nan,nan,nan,nan,True,,,nan,nan,,,,,[],nan,,,nan,nan,nan,nan,,nan,nan,nan,0.0005027763298256784,nan,nan,0.0005027763298256784,False,2f212a9fc87faf916a5915468a1ea2df60203d744fc985d035cf071254d1c26c,0.33175697925323505,computed_unscaled,cpu,nan,nan,nan,,,,,,,,nan,nan,nan,nan,nan,nan,False,,
fig1_fig2,free_jones_vp,47,582567175,0.0,snr_db,0.0,3,3,3,3,full_6d,582567175,,,nan,,False,,1222.505365692079,0.005200073289038796,0.005200073289038796,0.0013488118091888235,0.004355530524236033,3.560456600745557e-12,0.21514735629036122,False,direct_vp,global_exact_spherical_vp,proposed_post_stage1,False,e2f2cf15b3d6e2f7,jones_free,cpu,False,,numpy,numpy.linalg.solve,jones_free,False,,,0.0,0.0,0.0,0.0,True,6,4,nan,nan,"[0.0,0.0,0.0]",,"[7.577847127937308e-05,1.4685432489611314e-07,1.6813631931144027e-06]",jnpp_then_vp,[],3101241.450253748,3096560,False,5384644.7732187,95.78049262744676,10.961654319275471,0.0494098106035066,"[4.940074785848615,5.015399189403655,4.895696400724024]",203.26790738850832,1103.4770769029856,1308.1931968405843,nan,nan,nan,nan,False,,nan,,,nan,nan,nan,,,,,,,,0.005200073289038796,0.0013488118091888235,0.21514735629036122,nan,nan,nan,False,not_run,not_requested
fig1_fig2,free_jones_vp_gated_rescue,47,582567175,0.0,snr_db,0.0,3,3,3,3,full_6d,582567175,,,nan,,False,,1461.5981366708875,0.000732795956853287,0.000732795956853287,8.661414385136037e-06,2.0468897235842397e-05,7.602375491259677e-14,0.2148706072039354,False,ris_only_stage2_then_vp,global_exact_spherical_vp,proposed_post_stage1,False,e2f2cf15b3d6e2f7,jones_free,cpu,False,,numpy,numpy.linalg.solve,jones_free,False,,,0.0,0.0,0.0,0.0,True,6,4,nan,nan,"[0.0,0.0,0.0]",,"[7.707545712456467e-05,1.226232844221904e-07,5.108872568603064e-07]",jnpp_then_vp,[],3101241.450253748,3096560,False,5384644.7732187,95.78049262744676,10.961654319275471,0.0494098106035066,"[4.940074785848615,5.015399189403655,4.895696400724024]",203.26790738850832,238.78739847242832,459.09817184507847,nan,nan,nan,nan,False,,nan,,,nan,nan,nan,,,,,,,,0.005200073289038796,0.0013488118091888235,0.21514735629036122,0.000732795956853287,8.661414385136037e-06,0.2148706072039354,True,accepted,accepted
fig1_fig2,PEB,47,582567175,0.0,snr_db,0.0,3,3,3,3,full_6d,582567175,,,nan,,False,,5.6629494950175285,nan,nan,nan,nan,nan,nan,False,,,peb_only,False,61b0e3aa9e075879,,,,,,,adaptive_jones,True,fixed_anchor_then_adaptive_jones_score_selection,,nan,nan,nan,nan,True,,,nan,nan,,,,,[],nan,,,nan,nan,nan,nan,,nan,nan,nan,0.00043682862225972085,nan,nan,0.00043682862225972085,False,050689952234d9ff329be9f4e449f2035a50644af1a2423c3a762752f771130c,0.2148236925885505,computed_unscaled,cpu,nan,nan,nan,,,,,,,,nan,nan,nan,nan,nan,nan,False,,
fig1_fig2,free_jones_vp,74,2087150408,0.0,snr_db,0.0,3,3,3,3,full_6d,2087150408,,,nan,,False,,241.73176678270102,0.00459201387116234,0.00459201387116234,0.0007713939656623672,0.0035159493410794164,2.393015416095737e-12,0.24104599458770137,False,direct_vp,global_exact_spherical_vp,proposed_post_stage1,False,5c1b6fb4d4dd7bcd,jones_free,cpu,False,,numpy,numpy.linalg.solve,jones_free,False,,,0.0,0.0,0.0,0.0,True,6,4,nan,nan,"[0.0,0.0,0.0]",,"[4.899543331148306e-08,1.402057275694061e-07,8.641827678607049e-07]",direct_vp,[],3098450.953011161,3096560,True,6531482.205154232,80.27212942952376,18.397183173867276,0.04804686325050962,"[5.137769435275787,5.030388467309054,5.125795262201401]",235.59472904354334,233.76729883253574,470.7270166128874,nan,nan,nan,nan,False,,nan,,,nan,nan,nan,,,,,,,,0.00459201387116234,0.0007713939656623672,0.24104599458770137,nan,nan,nan,False,not_run,not_requested
fig1_fig2,free_jones_vp_gated_rescue,74,2087150408,0.0,snr_db,0.0,3,3,3,3,full_6d,2087150408,,,nan,,False,,237.72520805895329,0.00459201387116234,0.00459201387116234,0.0007713939656623672,0.0035159493410794164,2.393015416095737e-12,0.24104599458770137,False,direct_vp,global_exact_spherical_vp,proposed_post_stage1,False,5c1b6fb4d4dd7bcd,jones_free,cpu,False,,numpy,numpy.linalg.solve,jones_free,False,,,0.0,0.0,0.0,0.0,True,6,4,nan,nan,"[0.0,0.0,0.0]",,"[4.899543331148306e-08,1.402057275694061e-07,8.641827678607049e-07]",direct_vp,[],3098450.953011161,3096560,True,6531482.205154232,80.27212942952376,18.397183173867276,0.04804686325050962,"[5.137769435275787,5.030388467309054,5.125795262201401]",235.59472904354334,231.25083242356777,468.2105502039194,nan,nan,nan,nan,False,,nan,,,nan,nan,nan,,,,,,,,0.00459201387116234,0.0007713939656623672,0.24104599458770137,nan,nan,nan,False,not_run,not_requested
fig1_fig2,PEB,74,2087150408,0.0,snr_db,0.0,3,3,3,3,full_6d,2087150408,,,nan,,False,,5.547466158866882,nan,nan,nan,nan,nan,nan,False,,,peb_only,False,83605c3ad8336f87,,,,,,,adaptive_jones,True,fixed_anchor_then_adaptive_jones_score_selection,,nan,nan,nan,nan,True,,,nan,nan,,,,,[],nan,,,nan,nan,nan,nan,,nan,nan,nan,0.00039765225558543424,nan,nan,0.00039765225558543424,False,78fd75a3c1d4026a3e7d885aa302f9406531fe623bed7ee4eda6f02c54b6aa8a,0.24090013140631347,computed_unscaled,cpu,nan,nan,nan,,,,,,,,nan,nan,nan,nan,nan,nan,False,,
fig1_fig2,free_jones_vp,48,3302385666,0.0,snr_db,0.0,3,3,3,3,full_6d,3302385666,,,nan,,False,,1387.7784911245108,0.024756610679328172,0.024756610679328172,0.0022918971108034413,0.0013351070352594313,3.2485215772133997e-12,0.4160013939605421,False,direct_vp,global_exact_spherical_vp,proposed_post_stage1,False,510c89b46155711c,jones_free,cpu,False,,numpy,numpy.linalg.solve,jones_free,False,,,0.0,0.0,0.0,0.0,True,6,4,nan,nan,"[0.0,0.0,0.0]",,"[2.0526948814284385e-07,7.768583695106203e-07,3.7674882310445663e-06]",direct_vp,[],3100038.6914340365,3096560,True,8493901.002747742,69.09650244899312,20.398906415251435,0.03215021842416188,"[5.013786893043372,5.003303772484951,5.076139286552679]",196.21853937208652,1279.1288711726665,1476.7309851944447,nan,nan,nan,nan,False,,nan,,,nan,nan,nan,,,,,,,,0.024756610679328172,0.0022918971108034413,0.4160013939605421,nan,nan,nan,False,not_run,not_requested
fig1_fig2,free_jones_vp_gated_rescue,48,3302385666,0.0,snr_db,0.0,3,3,3,3,full_6d,3302385666,,,nan,,False,,1369.7289309576154,0.024756610679328172,0.024756610679328172,0.0022918971108034413,0.0013351070352594313,3.2485215772133997e-12,0.4160013939605421,False,direct_vp,global_exact_spherical_vp,proposed_post_stage1,False,510c89b46155711c,jones_free,cpu,False,,numpy,numpy.linalg.solve,jones_free,False,,,0.0,0.0,0.0,0.0,True,6,4,nan,nan,"[0.0,0.0,0.0]",,"[2.0526948814284385e-07,7.768583695106203e-07,3.7674882310445663e-06]",direct_vp,[],3100038.6914340365,3096560,True,8493901.002747742,69.09650244899312,20.398906415251435,0.03215021842416188,"[5.013786893043372,5.003303772484951,5.076139286552679]",196.21853937208652,1261.6048181131482,1459.2069321349263,nan,nan,nan,nan,False,,nan,,,nan,nan,nan,,,,,,,,0.024756610679328172,0.0022918971108034413,0.4160013939605421,nan,nan,nan,False,not_run,not_requested
fig1_fig2,PEB,48,3302385666,0.0,snr_db,0.0,3,3,3,3,full_6d,3302385666,,,nan,,False,,5.67384510487318,nan,nan,nan,nan,nan,nan,False,,,peb_only,False,2dac3c8180907daa,,,,,,,adaptive_jones,True,fixed_anchor_then_adaptive_jones_score_selection,,nan,nan,nan,nan,True,,,nan,nan,,,,,[],nan,,,nan,nan,nan,nan,,nan,nan,nan,0.00036233863343355493,nan,nan,0.00036233863343355493,False,1b543152d623d7ef1c79c425645de2dcbaa35a96910d0ef3f1aa53205c46b486,0.4155367273525431,computed_unscaled,cpu,nan,nan,nan,,,,,,,,nan,nan,nan,nan,nan,nan,False,,
fig1_fig2,free_jones_vp,46,3306807379,0.0,snr_db,0.0,3,3,3,3,full_6d,3306807379,,,nan,,False,,1409.3300623446703,0.01020020973433204,0.01020020973433204,0.001878328181949991,0.00912450349178872,3.4519491493720435e-12,0.4320244832523673,False,direct_vp,global_exact_spherical_vp,proposed_post_stage1,False,323db1fd8abb6640,jones_free,cpu,False,,numpy,numpy.linalg.solve,jones_free,False,,,0.0,0.0,0.0,0.0,True,6,4,nan,nan,"[0.0,0.0,0.0]",,"[1.84253566238319e-05,1.2426961129590165e-06,1.0041896872377137e-05]",jnpp_then_vp,[],3100969.939640944,3096560,False,8537352.702550981,78.44621140836045,13.298341003946009,0.041570050912070534,"[4.969679812730403,5.0298336727797635,5.070907610203177]",228.41511661559343,1296.8083841875196,1526.759907796979,nan,nan,nan,nan,False,,nan,,,nan,nan,nan,,,,,,,,0.01020020973433204,0.001878328181949991,0.4320244832523673,nan,nan,nan,False,not_run,not_requested
fig1_fig2,free_jones_vp_gated_rescue,46,3306807379,0.0,snr_db,0.0,3,3,3,3,full_6d,3306807379,,,nan,,False,,1546.469201207161,0.0006260175052794356,0.0006260175052794356,5.426971203591745e-06,0.0001435427932726602,3.175942608071688e-13,0.43122093901384684,False,ris_only_stage2_then_vp,global_exact_spherical_vp,proposed_post_stage1,False,323db1fd8abb6640,jones_free,cpu,False,,numpy,numpy.linalg.solve,jones_free,False,,,0.0,0.0,0.0,0.0,True,6,4,nan,nan,"[0.0,0.0,0.0]",,"[2.02693568916816e-05,1.2594483734382339e-06,9.98267907153749e-06]",jnpp_then_vp,[],3100969.939640944,3096560,False,8537352.702550981,78.44621140836045,13.298341003946009,0.041570050912070534,"[4.969679812730403,5.0298336727797635,5.070907610203177]",228.41511661559343,138.72001991420984,382.2202652171254,nan,nan,nan,nan,False,,nan,,,nan,nan,nan,,,,,,,,0.01020020973433204,0.001878328181949991,0.4320244832523673,0.0006260175052794356,5.426971203591745e-06,0.43122093901384684,True,accepted,accepted
fig1_fig2,PEB,46,3306807379,0.0,snr_db,0.0,3,3,3,3,full_6d,3306807379,,,nan,,False,,5.9012086018919945,nan,nan,nan,nan,nan,nan,False,,,peb_only,False,3ebfc28746834106,,,,,,,adaptive_jones,True,fixed_anchor_then_adaptive_jones_score_selection,,nan,nan,nan,nan,True,,,nan,nan,,,,,[],nan,,,nan,nan,nan,nan,,nan,nan,nan,0.00033005762833598424,nan,nan,0.00033005762833598424,False,324c3cee61ad53d18a3b7f70cef7049986ada5517935cd8531014229a0b305be,0.4314123233347383,computed_unscaled,cpu,nan,nan,nan,,,,,,,,nan,nan,nan,nan,nan,nan,False,,
fig1_fig2,free_jones_vp,80,2843598472,0.0,snr_db,0.0,3,3,3,3,full_6d,2843598472,,,nan,,False,,125.65483911335468,0.0028436062962385036,0.0028436062962385036,0.00020537998951525148,0.0025308302463451656,8.636391957453447e-13,0.6816192715121567,False,direct_vp,global_exact_spherical_vp,proposed_post_stage1,False,5abce7c2f5358b86,jones_free,cpu,False,,numpy,numpy.linalg.solve,jones_free,False,,,0.0,0.0,0.0,0.0,True,6,4,nan,nan,"[0.0,0.0,0.0]",,"[2.0217731289923857e-06,1.3411072081481618e-06,1.2519428957109636e-06]",direct_vp,"[""poor_clock_consistency""]",3096305.2550257877,3096560,True,8587787.394886257,66.80026557879563,16.126082767035886,0.13314239171431103,"[5.2201661053518995,5.098108034031539,4.897226007419625]",228.19050681591034,117.59922060370445,347.2255549877882,nan,nan,nan,nan,False,,nan,,,nan,nan,nan,,,,,,,,0.0028436062962385036,0.00020537998951525148,0.6816192715121567,nan,nan,nan,False,not_run,not_requested
fig1_fig2,free_jones_vp_gated_rescue,80,2843598472,0.0,snr_db,0.0,3,3,3,3,full_6d,2843598472,,,nan,,False,,124.28109825402498,0.0028436062962385036,0.0028436062962385036,0.00020537998951525148,0.0025308302463451656,8.636391957453447e-13,0.6816192715121567,False,direct_vp,global_exact_spherical_vp,proposed_post_stage1,False,5abce7c2f5358b86,jones_free,cpu,False,,numpy,numpy.linalg.solve,jones_free,False,,,0.0,0.0,0.0,0.0,True,6,4,nan,nan,"[0.0,0.0,0.0]",,"[2.0217731289923857e-06,1.3411072081481618e-06,1.2519428957109636e-06]",direct_vp,"[""poor_clock_consistency""]",3096305.2550257877,3096560,True,8587787.394886257,66.80026557879563,16.126082767035886,0.13314239171431103,"[5.2201661053518995,5.098108034031539,4.897226007419625]",228.19050681591034,118.64611297100782,348.2724473550916,nan,nan,nan,nan,False,,nan,,,nan,nan,nan,,,,,,,,0.0028436062962385036,0.00020537998951525148,0.6816192715121567,nan,nan,nan,False,not_run,not_requested
fig1_fig2,PEB,80,2843598472,0.0,snr_db,0.0,3,3,3,3,full_6d,2843598472,,,nan,,False,,5.964929610490799,nan,nan,nan,nan,nan,nan,False,,,peb_only,False,84aa3e607f95fc93,,,,,,,adaptive_jones,True,fixed_anchor_then_adaptive_jones_score_selection,,nan,nan,nan,nan,True,,,nan,nan,,,,,[],nan,,,nan,nan,nan,nan,,nan,nan,nan,0.0003466804503327276,nan,nan,0.0003466804503327276,False,ca96bdf8e3d74f1e490185f5b993e297e175166cef168c6fe33ef880dfc91c4e,0.6816788731912188,computed_unscaled,cpu,nan,nan,nan,,,,,,,,nan,nan,nan,nan,nan,nan,False,,
fig1_fig2,free_jones_vp,76,125194699,0.0,snr_db,0.0,3,3,3,3,full_6d,125194699,,,nan,,False,,257.9609332457185,0.007377191731918713,0.007377191731918713,0.000725313646145524,0.00483420191700943,3.997387766960208e-12,0.16819199557668865,False,direct_vp,global_exact_spherical_vp,proposed_post_stage1,False,e57a292e8aa7383c,jones_free,cpu,False,,numpy,numpy.linalg.solve,jones_free,False,,,0.0,0.0,0.0,0.0,True,6,4,nan,nan,"[0.0,0.0,0.0]",,"[2.412915040016622e-06,3.550897254070326e-06,1.7802221274826902e-05]",direct_vp,[],3097660.3217501547,3096560,True,4971445.933246113,119.56518922776074,17.45127833298242,0.08127866261898854,"[5.0184450162717,5.097170556443932,5.2161735385914785]",237.96600298583508,250.0615983530879,489.41668093949556,nan,nan,nan,nan,False,,nan,,,nan,nan,nan,,,,,,,,0.007377191731918713,0.000725313646145524,0.16819199557668865,nan,nan,nan,False,not_run,not_requested
fig1_fig2,free_jones_vp_gated_rescue,76,125194699,0.0,snr_db,0.0,3,3,3,3,full_6d,125194699,,,nan,,False,,262.82338006049395,0.007377191731918713,0.007377191731918713,0.000725313646145524,0.00483420191700943,3.997387766960208e-12,0.16819199557668865,False,direct_vp,global_exact_spherical_vp,proposed_post_stage1,False,e57a292e8aa7383c,jones_free,cpu,False,,numpy,numpy.linalg.solve,jones_free,False,,,0.0,0.0,0.0,0.0,True,6,4,nan,nan,"[0.0,0.0,0.0]",,"[2.412915040016622e-06,3.550897254070326e-06,1.7802221274826902e-05]",direct_vp,[],3097660.3217501547,3096560,True,4971445.933246113,119.56518922776074,17.45127833298242,0.08127866261898854,"[5.0184450162717,5.097170556443932,5.2161735385914785]",237.96600298583508,256.2109371051192,495.5660196915269,nan,nan,nan,nan,False,,nan,,,nan,nan,nan,,,,,,,,0.007377191731918713,0.000725313646145524,0.16819199557668865,nan,nan,nan,False,not_run,not_requested
fig1_fig2,PEB,76,125194699,0.0,snr_db,0.0,3,3,3,3,full_6d,125194699,,,nan,,False,,5.731110617518425,nan,nan,nan,nan,nan,nan,False,,,peb_only,False,d2b6cf81fc988d1b,,,,,,,adaptive_jones,True,fixed_anchor_then_adaptive_jones_score_selection,,nan,nan,nan,nan,True,,,nan,nan,,,,,[],nan,,,nan,nan,nan,nan,,nan,nan,nan,0.00045558489090260254,nan,nan,0.00045558489090260254,False,6b8d35b33f7212a697b02c68cfa098dd74c3e1f522985e34bcbd559db51c8fd8,0.16813312074211587,computed_unscaled,cpu,nan,nan,nan,,,,,,,,nan,nan,nan,nan,nan,nan,False,,
fig1_fig2,free_jones_vp,78,3639033133,0.0,snr_db,0.0,3,3,3,3,full_6d,3639033133,,,nan,,False,,154.08481191843748,0.002753492277687788,0.002753492277687788,0.0003487955730771242,0.002407516114038764,1.1858564599685237e-12,0.17201117227785842,False,direct_vp,global_exact_spherical_vp,proposed_post_stage1,False,f9b8acb801f7a36e,jones_free,cpu,False,,numpy,numpy.linalg.solve,jones_free,False,,,0.0,0.0,0.0,0.0,True,6,4,nan,nan,"[0.0,0.0,0.0]",,"[5.484200451382484e-06,4.1600272962672917e-07,1.8450596666234122e-05]",direct_vp,[],3099216.280448495,3096560,True,5183485.264476595,94.04651247273316,14.492098049365046,0.026111875296888555,"[4.943569822306298,4.975751731825694,5.007530168816939]",233.7069354429841,145.91404215991497,381.05640637874603,nan,nan,nan,nan,False,,nan,,,nan,nan,nan,,,,,,,,0.002753492277687788,0.0003487955730771242,0.17201117227785842,nan,nan,nan,False,not_run,not_requested
fig1_fig2,free_jones_vp_gated_rescue,78,3639033133,0.0,snr_db,0.0,3,3,3,3,full_6d,3639033133,,,nan,,False,,155.83994737267494,0.002753492277687788,0.002753492277687788,0.0003487955730771242,0.002407516114038764,1.1858564599685237e-12,0.17201117227785842,False,direct_vp,global_exact_spherical_vp,proposed_post_stage1,False,f9b8acb801f7a36e,jones_free,cpu,False,,numpy,numpy.linalg.solve,jones_free,False,,,0.0,0.0,0.0,0.0,True,6,4,nan,nan,"[0.0,0.0,0.0]",,"[5.484200451382484e-06,4.1600272962672917e-07,1.8450596666234122e-05]",direct_vp,[],3099216.280448495,3096560,True,5183485.264476595,94.04651247273316,14.492098049365046,0.026111875296888555,"[4.943569822306298,4.975751731825694,5.007530168816939]",233.7069354429841,149.24915087223053,384.3915150910616,nan,nan,nan,nan,False,,nan,,,nan,nan,nan,,,,,,,,0.002753492277687788,0.0003487955730771242,0.17201117227785842,nan,nan,nan,False,not_run,not_requested
fig1_fig2,PEB,78,3639033133,0.0,snr_db,0.0,3,3,3,3,full_6d,3639033133,,,nan,,False,,5.852897807955742,nan,nan,nan,nan,nan,nan,False,,,peb_only,False,f99cb8bfc036bf50,,,,,,,adaptive_jones,True,fixed_anchor_then_adaptive_jones_score_selection,,nan,nan,nan,nan,True,,,nan,nan,,,,,[],nan,,,nan,nan,nan,nan,,nan,nan,nan,0.00044260098994742674,nan,nan,0.00044260098994742674,False,775d9f1d6241dae7442a88dca0b3fa5d7751717fd8d49705eaa3b8cfda4ebb75,0.17186463273560285,computed_unscaled,cpu,nan,nan,nan,,,,,,,,nan,nan,nan,nan,nan,nan,False,,
fig1_fig2,free_jones_vp,81,3893654042,0.0,snr_db,0.0,3,3,3,3,full_6d,3893654042,,,nan,,False,,103.45837488770485,0.006371290993623053,0.006371290993623053,0.00011137518372618511,0.00562611155481053,4.130613934737927e-12,0.6727130945901566,False,direct_vp,global_exact_spherical_vp,proposed_post_stage1,False,b5616673d1e34c4e,jones_free,cpu,False,,numpy,numpy.linalg.solve,jones_free,False,,,0.0,0.0,0.0,0.0,True,6,4,nan,nan,"[0.0,0.0,0.0]",,"[0.0001617110978273849,9.796799358371259e-06,9.307659182633978e-06]",direct_vp,"[""poor_clock_consistency""]",3093959.677326271,3096560,True,3414068.110557837,217.5701614557737,6.634406637386736,0.1269387955910255,"[4.866233246298027,5.175682512738924,4.994662940046338]",228.80097537487745,95.30968131124973,325.51162403076887,nan,nan,nan,nan,False,,nan,,,nan,nan,nan,,,,,,,,0.006371290993623053,0.00011137518372618511,0.6727130945901566,nan,nan,nan,False,not_run,not_requested
fig1_fig2,free_jones_vp_gated_rescue,81,3893654042,0.0,snr_db,0.0,3,3,3,3,full_6d,3893654042,,,nan,,False,,99.88457308709621,0.006371290993623053,0.006371290993623053,0.00011137518372618511,0.00562611155481053,4.130613934737927e-12,0.6727130945901566,False,direct_vp,global_exact_spherical_vp,proposed_post_stage1,False,b5616673d1e34c4e,jones_free,cpu,False,,numpy,numpy.linalg.solve,jones_free,False,,,0.0,0.0,0.0,0.0,True,6,4,nan,nan,"[0.0,0.0,0.0]",,"[0.0001617110978273849,9.796799358371259e-06,9.307659182633978e-06]",direct_vp,"[""poor_clock_consistency""]",3093959.677326271,3096560,True,3414068.110557837,217.5701614557737,6.634406637386736,0.1269387955910255,"[4.866233246298027,5.175682512738924,4.994662940046338]",228.80097537487745,93.39724346995354,323.5991861894727,nan,nan,nan,nan,False,,nan,,,nan,nan,nan,,,,,,,,0.006371290993623053,0.00011137518372618511,0.6727130945901566,nan,nan,nan,False,not_run,not_requested
fig1_fig2,PEB,81,3893654042,0.0,snr_db,0.0,3,3,3,3,full_6d,3893654042,,,nan,,False,,6.241270609200001,nan,nan,nan,nan,nan,nan,False,,,peb_only,False,0d565c748aca4a93,,,,,,,adaptive_jones,True,fixed_anchor_then_adaptive_jones_score_selection,,nan,nan,nan,nan,True,,,nan,nan,,,,,[],nan,,,nan,nan,nan,nan,,nan,nan,nan,0.00043460982892049276,nan,nan,0.00043460982892049276,False,7fdbdc32913dce5e44795d5b9a7446df6f3ff25cfdfe20eb33bdaf98d154febf,0.6732819560834685,computed_unscaled,cpu,nan,nan,nan,,,,,,,,nan,nan,nan,nan,nan,nan,False,,
fig1_fig2,free_jones_vp,77,4292676672,0.0,snr_db,0.0,3,3,3,3,full_6d,4292676672,,,nan,,False,,266.24954622238874,0.004899736308727733,0.004899736308727733,5.804402090926705e-05,0.0005900309274314762,5.694167899283194e-13,0.8724274343895063,False,direct_vp,global_exact_spherical_vp,proposed_post_stage1,False,a63d5935d93c86b0,jones_free,cpu,False,,numpy,numpy.linalg.solve,jones_free,False,,,0.0,0.0,0.0,0.0,True,6,4,nan,nan,"[0.0,0.0,0.0]",,"[7.954626044406077e-07,9.973532984125513e-05,6.040683678897269e-06]",direct_vp,"[""poor_clock_consistency""]",3093918.0569411186,3096560,True,6802403.329584704,89.3056135409744,7.3587541618317,0.3403612491356554,"[4.937352263884327,5.651676103055308,4.922207724751535]",240.93321752548218,258.3077071607113,500.68728893995285,nan,nan,nan,nan,False,,nan,,,nan,nan,nan,,,,,,,,0.004899736308727733,5.804402090926705e-05,0.8724274343895063,nan,nan,nan,False,not_run,not_requested
fig1_fig2,free_jones_vp_gated_rescue,77,4292676672,0.0,snr_db,0.0,3,3,3,3,full_6d,4292676672,,,nan,,False,,272.3435689434409,0.004899736308727733,0.004899736308727733,5.804402090926705e-05,0.0005900309274314762,5.694167899283194e-13,0.8724274343895063,False,direct_vp,global_exact_spherical_vp,proposed_post_stage1,False,a63d5935d93c86b0,jones_free,cpu,False,,numpy,numpy.linalg.solve,jones_free,False,,,0.0,0.0,0.0,0.0,True,6,4,nan,nan,"[0.0,0.0,0.0]",,"[7.954626044406077e-07,9.973532984125513e-05,6.040683678897269e-06]",direct_vp,"[""poor_clock_consistency""]",3093918.0569411186,3096560,True,6802403.329584704,89.3056135409744,7.3587541618317,0.3403612491356554,"[4.937352263884327,5.651676103055308,4.922207724751535]",240.93321752548218,265.39564936608076,507.7752311453223,nan,nan,nan,nan,False,,nan,,,nan,nan,nan,,,,,,,,0.004899736308727733,5.804402090926705e-05,0.8724274343895063,nan,nan,nan,False,not_run,not_requested
fig1_fig2,PEB,77,4292676672,0.0,snr_db,0.0,3,3,3,3,full_6d,4292676672,,,nan,,False,,5.522480435669422,nan,nan,nan,nan,nan,nan,False,,,peb_only,False,b6a7e60cba0c7a3e,,,,,,,adaptive_jones,True,fixed_anchor_then_adaptive_jones_score_selection,,nan,nan,nan,nan,True,,,nan,nan,,,,,[],nan,,,nan,nan,nan,nan,,nan,nan,nan,0.00039596720617761583,nan,nan,0.00039596720617761583,False,f60a4ab9705635604ca71e7bb7f90055bd716281a75d4d93b7beab9eb08c99af,0.8731769249710073,computed_unscaled,cpu,nan,nan,nan,,,,,,,,nan,nan,nan,nan,nan,nan,False,,
fig1_fig2,free_jones_vp,51,2092735507,0.0,snr_db,0.0,3,3,3,3,full_6d,2092735507,,,nan,,False,,1614.7425023466349,0.02665092903472142,0.02665092903472142,0.002779565997843082,0.010092473972121194,9.506068656481479e-12,0.7106275379439463,False,direct_vp,global_exact_spherical_vp,proposed_post_stage1,False,8aa01670536d25c3,jones_free,cpu,False,,numpy,numpy.linalg.solve,jones_free,False,,,0.0,0.0,0.0,0.0,True,6,4,nan,nan,"[0.0,0.0,0.0]",,"[1.036022533720444e-05,9.0117160559128e-07,1.5147565777210078e-05]",jnpp_then_vp,"[""poor_clock_consistency""]",3105426.509831748,3096560,False,6665959.316490046,87.55293162834306,8.1088913281019,0.14109726588863078,"[5.091493517931194,5.04293004638789,4.770868796905363]",193.5201241672039,1499.226589076221,1694.1447536721826,nan,nan,nan,nan,False,,nan,,,nan,nan,nan,,,,,,,,0.02665092903472142,0.002779565997843082,0.7106275379439463,nan,nan,nan,False,not_run,not_requested
fig1_fig2,free_jones_vp_gated_rescue,51,2092735507,0.0,snr_db,0.0,3,3,3,3,full_6d,2092735507,,,nan,,False,,1691.724133707583,0.0010526450217849892,0.0010526450217849892,1.4746151277051318e-05,0.0003715390290878728,4.695405760542824e-13,0.7085933344398121,False,ris_only_stage2_then_vp,global_exact_spherical_vp,proposed_post_stage1,False,8aa01670536d25c3,jones_free,cpu,False,,numpy,numpy.linalg.solve,jones_free,False,,,0.0,0.0,0.0,0.0,True,6,4,nan,nan,"[0.0,0.0,0.0]",,"[1.153943144618471e-05,9.872885363201924e-07,1.8933074027179934e-05]",jnpp_then_vp,"[""poor_clock_consistency""]",3105426.509831748,3096560,False,6665959.316490046,87.55293162834306,8.1088913281019,0.14109726588863078,"[5.091493517931194,5.04293004638789,4.770868796905363]",193.5201241672039,52.461890414357185,262.2294996380806,nan,nan,nan,nan,False,,nan,,,nan,nan,nan,,,,,,,,0.02665092903472142,0.002779565997843082,0.7106275379439463,0.0010526450217849892,1.4746151277051318e-05,0.7085933344398121,True,accepted,accepted
fig1_fig2,PEB,51,2092735507,0.0,snr_db,0.0,3,3,3,3,full_6d,2092735507,,,nan,,False,,5.548839442431927,nan,nan,nan,nan,nan,nan,False,,,peb_only,False,437d27e4da962ac1,,,,,,,adaptive_jones,True,fixed_anchor_then_adaptive_jones_score_selection,,nan,nan,nan,nan,True,,,nan,nan,,,,,[],nan,,,nan,nan,nan,nan,,nan,nan,nan,0.00042113269827735906,nan,nan,0.00042113269827735906,False,ceb68ab38b09da961371426ea0267363a416dbe569c6f715609cdf27a87a3792,0.7086022393283224,computed_unscaled,cpu,nan,nan,nan,,,,,,,,nan,nan,nan,nan,nan,nan,False,,
fig1_fig2,free_jones_vp,52,2910844986,0.0,snr_db,0.0,3,3,3,3,full_6d,2910844986,,,nan,,False,,1636.607386007905,0.0252630198580972,0.0252630198580972,0.0025364724661414545,0.008407287900074275,6.382732769927339e-12,0.1667771734473181,False,direct_vp,global_exact_spherical_vp,proposed_post_stage1,False,50a6d616195855b6,jones_free,cpu,False,,numpy,numpy.linalg.solve,jones_free,False,,,0.0,0.0,0.0,0.0,True,6,4,nan,nan,"[0.0,0.0,0.0]",,"[0.00010063663901807808,1.3324928665957732e-06,5.498249142274302e-06]",jnpp_then_vp,[],3106274.7674170146,3096560,False,8256537.924588173,72.07864540149167,13.023326151256532,0.0341272591962889,"[4.951336472452767,4.972819475225134,4.89211459316706]",211.03955929726362,1452.9643822312355,1665.4221173524857,nan,nan,nan,nan,False,,nan,,,nan,nan,nan,,,,,,,,0.0252630198580972,0.0025364724661414545,0.1667771734473181,nan,nan,nan,False,not_run,not_requested
fig1_fig2,free_jones_vp_gated_rescue,52,2910844986,0.0,snr_db,0.0,3,3,3,3,full_6d,2910844986,,,nan,,False,,1746.4729841947556,0.000547396825717422,0.000547396825717422,6.646328043424913e-06,6.272676953341595e-05,3.2804674918670207e-13,0.16636682907212633,False,ris_only_stage2_then_vp,global_exact_spherical_vp,proposed_post_stage1,False,50a6d616195855b6,jones_free,cpu,False,,numpy,numpy.linalg.solve,jones_free,False,,,0.0,0.0,0.0,0.0,True,6,4,nan,nan,"[0.0,0.0,0.0]",,"[9.946693439051265e-05,7.767866215866301e-07,6.35599293195151e-06]",jnpp_then_vp,[],3106274.7674170146,3096560,False,8256537.924588173,72.07864540149167,13.023326151256532,0.0341272591962889,"[4.951336472452767,4.972819475225134,4.89211459316706]",211.03955929726362,76.31412847340107,303.4681092351675,nan,nan,nan,nan,False,,nan,,,nan,nan,nan,,,,,,,,0.0252630198580972,0.0025364724661414545,0.1667771734473181,0.000547396825717422,6.646328043424913e-06,0.16636682907212633,True,accepted,accepted
fig1_fig2,PEB,52,2910844986,0.0,snr_db,0.0,3,3,3,3,full_6d,2910844986,,,nan,,False,,5.740702889859676,nan,nan,nan,nan,nan,nan,False,,,peb_only,False,7e5df4371eff0918,,,,,,,adaptive_jones,True,fixed_anchor_then_adaptive_jones_score_selection,,nan,nan,nan,nan,True,,,nan,nan,,,,,[],nan,,,nan,nan,nan,nan,,nan,nan,nan,0.000367585070933519,nan,nan,0.000367585070933519,False,9e98686db4702520cd73f5ec75cd23f453189f0d5a51de87101750eedce217fa,0.16625644262443676,computed_unscaled,cpu,nan,nan,nan,,,,,,,,nan,nan,nan,nan,nan,nan,False,,
fig1_fig2,free_jones_vp,40,1007248754,0.0,snr_db,0.0,3,3,3,3,full_6d,1007248754,,,nan,,False,,2224.7660253196955,0.025588429715319036,0.025588429715319036,0.0014827771973236958,0.005286019289305954,3.3340617354635696e-12,0.29442250401450976,False,direct_vp,global_exact_spherical_vp,proposed_post_stage1,False,a59be67278e56f78,jones_free,cpu,False,,numpy,numpy.linalg.solve,jones_free,False,,,0.0,0.0,0.0,0.0,True,6,4,nan,nan,"[0.0,0.0,0.0]",,"[4.726740508535861e-06,3.6291463590279116e-07,1.5696620755556092e-05]",jnpp_then_vp,[],3101161.4136760575,3096560,False,5746424.479712501,89.43893570770729,12.50248737840066,0.06217404995120507,"[5.033541462339934,5.002760799640221,4.888981981051588]",225.3057340234518,2109.7672512084246,2336.509541466832,nan,nan,nan,nan,False,,nan,,,nan,nan,nan,,,,,,,,0.025588429715319036,0.0014827771973236958,0.29442250401450976,nan,nan,nan,False,not_run,not_requested
fig1_fig2,free_jones_vp_gated_rescue,40,1007248754,0.0,snr_db,0.0,3,3,3,3,full_6d,1007248754,,,nan,,False,,2350.3197398632765,0.0003684722796489787,0.0003684722796489787,4.344255913354006e-06,0.00020484045055515473,9.551690338702314e-14,0.293985153717639,False,ris_only_stage2_then_vp,global_exact_spherical_vp,proposed_post_stage1,False,a59be67278e56f78,jones_free,cpu,False,,numpy,numpy.linalg.solve,jones_free,False,,,0.0,0.0,0.0,0.0,True,6,4,nan,nan,"[0.0,0.0,0.0]",,"[4.466120997686433e-06,8.565414730974498e-07,1.9744289672103886e-05]",jnpp_then_vp,[],3101161.4136760575,3096560,False,5746424.479712501,89.43893570770729,12.50248737840066,0.06217404995120507,"[5.033541462339934,5.002760799640221,4.888981981051588]",225.3057340234518,119.68461688607931,360.79727979004383,nan,nan,nan,nan,False,,nan,,,nan,nan,nan,,,,,,,,0.025588429715319036,0.0014827771973236958,0.29442250401450976,0.0003684722796489787,4.344255913354006e-06,0.293985153717639,True,accepted,accepted
fig1_fig2,PEB,40,1007248754,0.0,snr_db,0.0,3,3,3,3,full_6d,1007248754,,,nan,,False,,5.655673682689667,nan,nan,nan,nan,nan,nan,False,,,peb_only,False,4b67467f3623a4d9,,,,,,,adaptive_jones,True,fixed_anchor_then_adaptive_jones_score_selection,,nan,nan,nan,nan,True,,,nan,nan,,,,,[],nan,,,nan,nan,nan,nan,,nan,nan,nan,0.00045392158326166583,nan,nan,0.00045392158326166583,False,8bb652b717ff684281335ff9a69fbed705a14cc366cf654f3e53c1ef0c7a4d23,0.2939871674433485,computed_unscaled,cpu,nan,nan,nan,,,,,,,,nan,nan,nan,nan,nan,nan,False,,
fig1_fig2,free_jones_vp,60,1839575832,0.0,snr_db,0.0,3,3,3,3,full_6d,1839575832,,,nan,,False,,1314.1752774193883,0.02415104232350954,0.02415104232350954,0.0014883729777752,0.001701815167833915,2.6348756408880887e-12,0.5617634874771792,False,direct_vp,global_exact_spherical_vp,proposed_post_stage1,False,0820bf3c4a7b5f82,jones_free,cpu,False,,numpy,numpy.linalg.solve,jones_free,False,,,0.0,0.0,0.0,0.0,True,6,4,nan,nan,"[0.0,0.0,0.0]",,"[3.752462605288408e-05,4.974968555718015e-08,4.347812116424168e-06]",direct_vp,[],3100418.835276159,3096560,True,6310498.072356016,84.18213444528418,12.118161752135224,0.07056467908488642,"[5.174791712393766,5.005917576054894,5.122265884586285]",237.81259796768427,1181.5567334070802,1420.7943945601583,nan,nan,nan,nan,False,,nan,,,nan,nan,nan,,,,,,,,0.02415104232350954,0.0014883729777752,0.5617634874771792,nan,nan,nan,False,not_run,not_requested
fig1_fig2,free_jones_vp_gated_rescue,60,1839575832,0.0,snr_db,0.0,3,3,3,3,full_6d,1839575832,,,nan,,False,,1304.9450810477138,0.02415104232350954,0.02415104232350954,0.0014883729777752,0.001701815167833915,2.6348756408880887e-12,0.5617634874771792,False,direct_vp,global_exact_spherical_vp,proposed_post_stage1,False,0820bf3c4a7b5f82,jones_free,cpu,False,,numpy,numpy.linalg.solve,jones_free,False,,,0.0,0.0,0.0,0.0,True,6,4,nan,nan,"[0.0,0.0,0.0]",,"[3.752462605288408e-05,4.974968555718015e-08,4.347812116424168e-06]",direct_vp,[],3100418.835276159,3096560,True,6310498.072356016,84.18213444528418,12.118161752135224,0.07056467908488642,"[5.174791712393766,5.005917576054894,5.122265884586285]",237.81259796768427,1175.3314672932029,1414.569128446281,nan,nan,nan,nan,False,,nan,,,nan,nan,nan,,,,,,,,0.02415104232350954,0.0014883729777752,0.5617634874771792,nan,nan,nan,False,not_run,not_requested
fig1_fig2,PEB,60,1839575832,0.0,snr_db,0.0,3,3,3,3,full_6d,1839575832,,,nan,,False,,5.724856920540333,nan,nan,nan,nan,nan,nan,False,,,peb_only,False,906f0fda54110c4a,,,,,,,adaptive_jones,True,fixed_anchor_then_adaptive_jones_score_selection,,nan,nan,nan,nan,True,,,nan,nan,,,,,[],nan,,,nan,nan,nan,nan,,nan,nan,nan,0.0004322350168516508,nan,nan,0.0004322350168516508,False,42d79a12e13d52ea36763a6478c0ea4b122194dbd7e070b6eef8b19740c115ec,0.5610672058903261,computed_unscaled,cpu,nan,nan,nan,,,,,,,,nan,nan,nan,nan,nan,nan,False,,
fig1_fig2,free_jones_vp,85,2249164774,0.0,snr_db,0.0,3,3,3,3,full_6d,2249164774,,,nan,,False,,154.7425366565585,0.005231051234726859,0.005231051234726859,0.0009184996010939171,0.004507977396051113,2.855172885388537e-12,0.257553300117237,False,direct_vp,global_exact_spherical_vp,proposed_post_stage1,False,4b9874fec5f58fe4,jones_free,cpu,False,,numpy,numpy.linalg.solve,jones_free,False,,,0.0,0.0,0.0,0.0,True,6,4,nan,nan,"[0.0,0.0,0.0]",,"[8.064113274922289e-06,7.600802218845403e-07,5.371231845389942e-06]",direct_vp,[],3099311.5643629846,3096560,True,8148490.6055357065,66.80245212944097,18.50447589477094,0.035003193504995166,"[4.9640631882131405,5.006020660015509,5.049796722546037]",226.7393384873867,147.59405885636806,375.71266328543425,nan,nan,nan,nan,False,,nan,,,nan,nan,nan,,,,,,,,0.005231051234726859,0.0009184996010939171,0.257553300117237,nan,nan,nan,False,not_run,not_requested
fig1_fig2,free_jones_vp_gated_rescue,85,2249164774,0.0,snr_db,0.0,3,3,3,3,full_6d,2249164774,,,nan,,False,,149.9900239855051,0.005231051234726859,0.005231051234726859,0.0009184996010939171,0.004507977396051113,2.855172885388537e-12,0.257553300117237,False,direct_vp,global_exact_spherical_vp,proposed_post_stage1,False,4b9874fec5f58fe4,jones_free,cpu,False,,numpy,numpy.linalg.solve,jones_free,False,,,0.0,0.0,0.0,0.0,True,6,4,nan,nan,"[0.0,0.0,0.0]",,"[8.064113274922289e-06,7.600802218845403e-07,5.371231845389942e-06]",direct_vp,[],3099311.5643629846,3096560,True,8148490.6055357065,66.80245212944097,18.50447589477094,0.035003193504995166,"[4.9640631882131405,5.006020660015509,5.049796722546037]",226.7393384873867,143.6344294026494,371.7530338317156,nan,nan,nan,nan,False,,nan,,,nan,nan,nan,,,,,,,,0.005231051234726859,0.0009184996010939171,0.257553300117237,nan,nan,nan,False,not_run,not_requested
fig1_fig2,PEB,85,2249164774,0.0,snr_db,0.0,3,3,3,3,full_6d,2249164774,,,nan,,False,,5.516759276390076,nan,nan,nan,nan,nan,nan,False,,,peb_only,False,54d19b9881ee86b4,,,,,,,adaptive_jones,True,fixed_anchor_then_adaptive_jones_score_selection,,nan,nan,nan,nan,True,,,nan,nan,,,,,[],nan,,,nan,nan,nan,nan,,nan,nan,nan,0.0003573352327246397,nan,nan,0.0003573352327246397,False,d2813a00a2d0760dea2dc8be475dff9a47f414a15a39f0f8b76a2c0e1d6af5ec,0.2573259742693064,computed_unscaled,cpu,nan,nan,nan,,,,,,,,nan,nan,nan,nan,nan,nan,False,,
fig1_fig2,free_jones_vp,88,2932252539,0.0,snr_db,0.0,3,3,3,3,full_6d,2932252539,,,nan,,False,,105.00327643752098,0.004557294438493689,0.004557294438493689,0.0006377722386453786,0.003989132337756623,1.4588895771792376e-12,0.3916268382482291,False,direct_vp,global_exact_spherical_vp,proposed_post_stage1,False,fd7b0c4fead807ee,jones_free,cpu,False,,numpy,numpy.linalg.solve,jones_free,False,,,0.0,0.0,0.0,0.0,True,6,4,nan,nan,"[0.0,0.0,0.0]",,"[1.0913003906288745e-05,1.1362297013312734e-06,4.229645644600251e-06]",direct_vp,[],3099455.1824076897,3096560,True,8530514.787042798,71.26881581340601,16.79154977599668,0.04921616703728789,"[5.098514958879369,5.02447411000375,4.979102153339765]",243.00412712991238,97.44239956140518,342.01412979513407,nan,nan,nan,nan,False,,nan,,,nan,nan,nan,,,,,,,,0.004557294438493689,0.0006377722386453786,0.3916268382482291,nan,nan,nan,False,not_run,not_requested
fig1_fig2,free_jones_vp_gated_rescue,88,2932252539,0.0,snr_db,0.0,3,3,3,3,full_6d,2932252539,,,nan,,False,,104.94222748279572,0.004557294438493689,0.004557294438493689,0.0006377722386453786,0.003989132337756623,1.4588895771792376e-12,0.3916268382482291,False,direct_vp,global_exact_spherical_vp,proposed_post_stage1,False,fd7b0c4fead807ee,jones_free,cpu,False,,numpy,numpy.linalg.solve,jones_free,False,,,0.0,0.0,0.0,0.0,True,6,4,nan,nan,"[0.0,0.0,0.0]",,"[1.0913003906288745e-05,1.1362297013312734e-06,4.229645644600251e-06]",direct_vp,[],3099455.1824076897,3096560,True,8530514.787042798,71.26881581340601,16.79154977599668,0.04921616703728789,"[5.098514958879369,5.02447411000375,4.979102153339765]",243.00412712991238,98.45429777354002,343.0260280072689,nan,nan,nan,nan,False,,nan,,,nan,nan,nan,,,,,,,,0.004557294438493689,0.0006377722386453786,0.3916268382482291,nan,nan,nan,False,not_run,not_requested
fig1_fig2,PEB,88,2932252539,0.0,snr_db,0.0,3,3,3,3,full_6d,2932252539,,,nan,,False,,5.9010689333081245,nan,nan,nan,nan,nan,nan,False,,,peb_only,False,d9b5a22e7d04cc1c,,,,,,,adaptive_jones,True,fixed_anchor_then_adaptive_jones_score_selection,,nan,nan,nan,nan,True,,,nan,nan,,,,,[],nan,,,nan,nan,nan,nan,,nan,nan,nan,0.0003459070588788567,nan,nan,0.0003459070588788567,False,026935debd21c4cd81fb47190ca8eeaf89621d3b1a455ec08b231cab8f8cd44e,0.39126304363378733,computed_unscaled,cpu,nan,nan,nan,,,,,,,,nan,nan,nan,nan,nan,nan,False,,
fig1_fig2,free_jones_vp,50,3229661427,0.0,snr_db,0.0,3,3,3,3,full_6d,3229661427,,,nan,,False,,1927.254598967731,0.024473366615138156,0.024473366615138156,0.0009082344016839849,0.0032132261385023806,2.812711893703188e-12,0.4890021690599699,False,direct_vp,global_exact_spherical_vp,proposed_post_stage1,False,736892fa13fa7f00,jones_free,cpu,False,,numpy,numpy.linalg.solve,jones_free,False,,,0.0,0.0,0.0,0.0,True,6,4,nan,nan,"[0.0,0.0,0.0]",,"[8.03941070873331e-07,1.946708906559738e-06,1.8262367588637604e-05]",direct_vp,[],3098705.4016434588,3096560,True,4860340.5044601485,108.68967319210137,13.740176968972055,0.09172400537604382,"[4.953793524220571,5.0456533948565605,5.177293565004167]",207.93163164705038,1918.5712091326714,2127.7668957039714,nan,nan,nan,nan,False,,nan,,,nan,nan,nan,,,,,,,,0.024473366615138156,0.0009082344016839849,0.4890021690599699,nan,nan,nan,False,not_run,not_requested
fig1_fig2,free_jones_vp_gated_rescue,50,3229661427,0.0,snr_db,0.0,3,3,3,3,full_6d,3229661427,,,nan,,False,,1922.8524630740285,0.024473366615138156,0.024473366615138156,0.0009082344016839849,0.0032132261385023806,2.812711893703188e-12,0.4890021690599699,False,direct_vp,global_exact_spherical_vp,proposed_post_stage1,False,736892fa13fa7f00,jones_free,cpu,False,,numpy,numpy.linalg.solve,jones_free,False,,,0.0,0.0,0.0,0.0,True,6,4,nan,nan,"[0.0,0.0,0.0]",,"[8.03941070873331e-07,1.946708906559738e-06,1.8262367588637604e-05]",direct_vp,[],3098705.4016434588,3096560,True,4860340.5044601485,108.68967319210137,13.740176968972055,0.09172400537604382,"[4.953793524220571,5.0456533948565605,5.177293565004167]",207.93163164705038,1916.4637973457575,2125.6594839170575,nan,nan,nan,nan,False,,nan,,,nan,nan,nan,,,,,,,,0.024473366615138156,0.0009082344016839849,0.4890021690599699,nan,nan,nan,False,not_run,not_requested
fig1_fig2,PEB,50,3229661427,0.0,snr_db,0.0,3,3,3,3,full_6d,3229661427,,,nan,,False,,6.36846100538969,nan,nan,nan,nan,nan,nan,False,,,peb_only,False,7761b0986468911e,,,,,,,adaptive_jones,True,fixed_anchor_then_adaptive_jones_score_selection,,nan,nan,nan,nan,True,,,nan,nan,,,,,[],nan,,,nan,nan,nan,nan,,nan,nan,nan,0.0004961712610985548,nan,nan,0.0004961712610985548,False,1942487101149f69652abec158449acd8ba5e0555a4e067cb0f025310bb6ac8a,0.4886661312998463,computed_unscaled,cpu,nan,nan,nan,,,,,,,,nan,nan,nan,nan,nan,nan,False,,
fig1_fig2,free_jones_vp,49,3038295588,0.0,snr_db,0.0,3,3,3,3,full_6d,3038295588,,,nan,,False,,1883.7586591914296,0.02714330127875256,0.02714330127875256,0.003342340363386978,0.0017495361572585273,3.393479214197697e-12,0.5822509405416837,False,direct_vp,global_exact_spherical_vp,proposed_post_stage1,False,24af9778180ae45b,jones_free,cpu,False,,numpy,numpy.linalg.solve,jones_free,False,,,0.0,0.0,0.0,0.0,True,6,4,nan,nan,"[0.0,0.0,0.0]",,"[8.64728474283242e-06,6.69719406723277e-06,7.38908509822356e-06]",jnpp_then_vp,[],3109428.3933121804,3096560,False,8876299.127810575,77.15288198528268,14.50893235298891,0.08123865910349275,"[5.079859513720259,5.253821943771893,5.083165502447615]",192.65592928230762,1876.4781668037176,2070.5105112716556,nan,nan,nan,nan,False,,nan,,,nan,nan,nan,,,,,,,,0.02714330127875256,0.003342340363386978,0.5822509405416837,nan,nan,nan,False,not_run,not_requested
fig1_fig2,free_jones_vp_gated_rescue,49,3038295588,0.0,snr_db,0.0,3,3,3,3,full_6d,3038295588,,,nan,,False,,2000.4023075774312,0.0006729365305717717,0.0006729365305717717,1.4651254850440206e-05,0.0004045885134661823,1.7077622147553179e-12,0.5803385918043937,False,ris_only_stage2_then_vp,global_exact_spherical_vp,proposed_post_stage1,False,24af9778180ae45b,jones_free,cpu,False,,numpy,numpy.linalg.solve,jones_free,False,,,0.0,0.0,0.0,0.0,True,6,4,nan,nan,"[0.0,0.0,0.0]",,"[6.097591829847302e-06,9.285218456729874e-06,7.676606794657266e-06]",jnpp_then_vp,[],3109428.3933121804,3096560,False,8876299.127810575,77.15288198528268,14.50893235298891,0.08123865910349275,"[5.079859513720259,5.253821943771893,5.083165502447615]",192.65592928230762,111.98481320589781,322.644719786942,nan,nan,nan,nan,False,,nan,,,nan,nan,nan,,,,,,,,0.02714330127875256,0.003342340363386978,0.5822509405416837,0.0006729365305717717,1.4651254850440206e-05,0.5803385918043937,True,accepted,accepted
fig1_fig2,PEB,49,3038295588,0.0,snr_db,0.0,3,3,3,3,full_6d,3038295588,,,nan,,False,,6.504375360906124,nan,nan,nan,nan,nan,nan,False,,,peb_only,False,185c528fce5e1bcb,,,,,,,adaptive_jones,True,fixed_anchor_then_adaptive_jones_score_selection,,nan,nan,nan,nan,True,,,nan,nan,,,,,[],nan,,,nan,nan,nan,nan,,nan,nan,nan,0.0003293469987989311,nan,nan,0.0003293469987989311,False,acf4e48940052036015f088be14d19342fd02a5a04e03acf4cbab7169512ba81,0.579844286601582,computed_unscaled,cpu,nan,nan,nan,,,,,,,,nan,nan,nan,nan,nan,nan,False,,
fig1_fig2,free_jones_vp,86,2710333116,0.0,snr_db,0.0,3,3,3,3,full_6d,2710333116,,,nan,,False,,261.04844675958157,0.002328933857515326,0.002328933857515326,2.6041838956245123e-05,0.0008964206005052573,2.288267130643595e-12,0.16808999319276494,False,direct_vp,global_exact_spherical_vp,proposed_post_stage1,False,68467f070297b8ca,jones_free,cpu,False,,numpy,numpy.linalg.solve,jones_free,False,,,0.0,0.0,0.0,0.0,True,6,4,nan,nan,"[0.0,0.0,0.0]",,"[1.3489637022121292e-06,7.634490084267585e-06,9.965518939893385e-06]",direct_vp,[],3094745.9858072987,3096560,True,5329691.606317147,114.12971675258109,17.09769632316551,0.08178957658449458,"[5.092086349130845,5.20187078841631,5.00184607951462]",211.73824162781239,253.35443491488695,466.5134916231036,nan,nan,nan,nan,False,,nan,,,nan,nan,nan,,,,,,,,0.002328933857515326,2.6041838956245123e-05,0.16808999319276494,nan,nan,nan,False,not_run,not_requested
fig1_fig2,free_jones_vp_gated_rescue,86,2710333116,0.0,snr_db,0.0,3,3,3,3,full_6d,2710333116,,,nan,,False,,256.2338876128197,0.002328933857515326,0.002328933857515326,2.6041838956245123e-05,0.0008964206005052573,2.288267130643595e-12,0.16808999319276494,False,direct_vp,global_exact_spherical_vp,proposed_post_stage1,False,68467f070297b8ca,jones_free,cpu,False,,numpy,numpy.linalg.solve,jones_free,False,,,0.0,0.0,0.0,0.0,True,6,4,nan,nan,"[0.0,0.0,0.0]",,"[1.3489637022121292e-06,7.634490084267585e-06,9.965518939893385e-06]",direct_vp,[],3094745.9858072987,3096560,True,5329691.606317147,114.12971675258109,17.09769632316551,0.08178957658449458,"[5.092086349130845,5.20187078841631,5.00184607951462]",211.73824162781239,249.61804947257042,462.7771061807871,nan,nan,nan,nan,False,,nan,,,nan,nan,nan,,,,,,,,0.002328933857515326,2.6041838956245123e-05,0.16808999319276494,nan,nan,nan,False,not_run,not_requested
fig1_fig2,PEB,86,2710333116,0.0,snr_db,0.0,3,3,3,3,full_6d,2710333116,,,nan,,False,,5.712622061371803,nan,nan,nan,nan,nan,nan,False,,,peb_only,False,c81cd48a55c0a503,,,,,,,adaptive_jones,True,fixed_anchor_then_adaptive_jones_score_selection,,nan,nan,nan,nan,True,,,nan,nan,,,,,[],nan,,,nan,nan,nan,nan,,nan,nan,nan,0.0004487762613549425,nan,nan,0.0004487762613549425,False,3a54fb3766786593be45a3a051de7709f83ecc3b2e8854a667fc53103d577f6b,0.16818938974246708,computed_unscaled,cpu,nan,nan,nan,,,,,,,,nan,nan,nan,nan,nan,nan,False,,
fig1_fig2,free_jones_vp,57,476784074,0.0,snr_db,0.0,3,3,3,3,full_6d,476784074,,,nan,,False,,1715.967974498868,0.0037376050144149317,0.0037376050144149317,0.0004189620449757681,0.0032629639031102214,1.0675166006928328e-12,0.17675157456521756,False,direct_vp,global_exact_spherical_vp,proposed_post_stage1,False,60ca7e0b3d144826,jones_free,cpu,False,,numpy,numpy.linalg.solve,jones_free,False,,,0.0,0.0,0.0,0.0,True,6,4,nan,nan,"[0.0,0.0,0.0]",,"[1.3209176758836736e-05,6.762300858705731e-07,2.3228527233642144e-06]",jnpp_then_vp,[],3101378.452330811,3096560,False,8509568.29394191,61.898656178654385,17.059498153719016,0.03910935327203821,"[4.987032369801241,4.969808072296025,5.060031675463413]",238.70127788186073,1607.3103653788567,1847.447397828102,nan,nan,nan,nan,False,,nan,,,nan,nan,nan,,,,,,,,0.0037376050144149317,0.0004189620449757681,0.17675157456521756,nan,nan,nan,False,not_run,not_requested
fig1_fig2,free_jones_vp_gated_rescue,57,476784074,0.0,snr_db,0.0,3,3,3,3,full_6d,476784074,,,nan,,False,,1771.3516921773553,0.0037376050144149317,0.0037376050144149317,0.0004189620449757681,0.0032629639031102214,1.0675166006928328e-12,0.17675157456521756,False,direct_vp_rollback,global_exact_spherical_vp,proposed_post_stage1,False,60ca7e0b3d144826,jones_free,cpu,False,,numpy,numpy.linalg.solve,jones_free,False,,,0.0,0.0,0.0,0.0,True,6,4,nan,nan,"[0.0,0.0,0.0]",,"[1.3209176758836736e-05,6.762300858705731e-07,2.3228527233642144e-06]",jnpp_then_vp,[],3101378.452330811,3096560,False,8509568.29394191,61.898656178654385,17.059498153719016,0.03910935327203821,"[4.987032369801241,4.969808072296025,5.060031675463413]",238.70127788186073,1597.3683459162712,1837.5053783655167,nan,nan,nan,nan,False,,nan,,,nan,nan,nan,,,,,,,,0.0037376050144149317,0.0004189620449757681,0.17675157456521756,0.0009610284033459164,9.1617001480749e-06,0.176677913753838,True,rollback,existing_selector_rollback
fig1_fig2,PEB,57,476784074,0.0,snr_db,0.0,3,3,3,3,full_6d,476784074,,,nan,,False,,5.6904414519667625,nan,nan,nan,nan,nan,nan,False,,,peb_only,False,2e44181b8c19db13,,,,,,,adaptive_jones,True,fixed_anchor_then_adaptive_jones_score_selection,,nan,nan,nan,nan,True,,,nan,nan,,,,,[],nan,,,nan,nan,nan,nan,,nan,nan,nan,0.0003462672655432258,nan,nan,0.0003462672655432258,False,0678217d596e534740a4e9789e3054b9b6004d88d7430db9577064550d35976f,0.17647787658727254,computed_unscaled,cpu,nan,nan,nan,,,,,,,,nan,nan,nan,nan,nan,nan,False,,
fig1_fig2,free_jones_vp,71,1982555292,0.0,snr_db,0.0,3,3,3,3,full_6d,1982555292,,,nan,,False,,1107.897441469133,0.02426092003559876,0.02426092003559876,0.0016614311754885084,0.0028977741520584523,2.218997974077963e-12,0.4347883689701464,False,direct_vp,global_exact_spherical_vp,proposed_post_stage1,False,e675ffd9b35d937d,jones_free,cpu,False,,numpy,numpy.linalg.solve,jones_free,False,,,0.0,0.0,0.0,0.0,True,6,4,nan,nan,"[0.0,0.0,0.0]",,"[2.4002117947605307e-06,1.651644803978239e-06,5.93240629047644e-06]",jnpp_then_vp,[],3102154.7549368297,3096560,False,8307198.96580648,79.62803174124662,23.654025054209228,0.0680205543259727,"[5.039657720208502,5.09535866434626,4.931516888271284]",231.4133584946394,1099.8669614642859,1332.6605757549405,nan,nan,nan,nan,False,,nan,,,nan,nan,nan,,,,,,,,0.02426092003559876,0.0016614311754885084,0.4347883689701464,nan,nan,nan,False,not_run,not_requested
fig1_fig2,free_jones_vp_gated_rescue,71,1982555292,0.0,snr_db,0.0,3,3,3,3,full_6d,1982555292,,,nan,,False,,1218.3504319489002,0.0014921343986752087,0.0014921343986752087,1.1060612059886327e-05,6.30160377311471e-05,2.3329739603591113e-13,0.43400940569481417,False,ris_only_stage2_then_vp,global_exact_spherical_vp,proposed_post_stage1,False,e675ffd9b35d937d,jones_free,cpu,False,,numpy,numpy.linalg.solve,jones_free,False,,,0.0,0.0,0.0,0.0,True,6,4,nan,nan,"[0.0,0.0,0.0]",,"[2.9006505443130776e-06,3.107887709200831e-06,6.402329596862458e-06]",jnpp_then_vp,[],3102154.7549368297,3096560,False,8307198.96580648,79.62803174124662,23.654025054209228,0.0680205543259727,"[5.039657720208502,5.09535866434626,4.931516888271284]",231.4133584946394,111.660120613873,360.5171431079507,nan,nan,nan,nan,False,,nan,,,nan,nan,nan,,,,,,,,0.02426092003559876,0.0016614311754885084,0.4347883689701464,0.0014921343986752087,1.1060612059886327e-05,0.43400940569481417,True,accepted,accepted
fig1_fig2,PEB,71,1982555292,0.0,snr_db,0.0,3,3,3,3,full_6d,1982555292,,,nan,,False,,5.863245040178299,nan,nan,nan,nan,nan,nan,False,,,peb_only,False,381a7e85a985699c,,,,,,,adaptive_jones,True,fixed_anchor_then_adaptive_jones_score_selection,,nan,nan,nan,nan,True,,,nan,nan,,,,,[],nan,,,nan,nan,nan,nan,,nan,nan,nan,0.0003683680822376877,nan,nan,0.0003683680822376877,False,bdd039092dd082ec6fd57d77070067f9fd8178794fea592c3fc196eccf3a063c,0.43400646801694337,computed_unscaled,cpu,nan,nan,nan,,,,,,,,nan,nan,nan,nan,nan,nan,False,,
fig1_fig2,free_jones_vp,64,1096511241,0.0,snr_db,0.0,3,3,3,3,full_6d,1096511241,,,nan,,False,,1246.4490686804056,0.02667294496518266,0.02667294496518266,0.002168600054355895,0.002652205914112146,2.7093517905107983e-12,0.16428433906743622,False,direct_vp,global_exact_spherical_vp,proposed_post_stage1,False,05eb95262a75552e,jones_free,cpu,False,,numpy,numpy.linalg.solve,jones_free,False,,,0.0,0.0,0.0,0.0,True,6,4,nan,nan,"[0.0,0.0,0.0]",,"[8.325290055753834e-06,1.1970093569212364e-06,1.4899173047405755e-05]",jnpp_then_vp,[],3102332.146612087,3096560,False,8708273.425013442,72.77677877605896,21.24907608118602,0.0077439057838322445,"[4.998832139671465,4.988085335362501,5.006995206532518]",216.05044037103653,1238.1517616659403,1455.6621631234884,nan,nan,nan,nan,False,,nan,,,nan,nan,nan,,,,,,,,0.02667294496518266,0.002168600054355895,0.16428433906743622,nan,nan,nan,False,not_run,not_requested
fig1_fig2,free_jones_vp_gated_rescue,64,1096511241,0.0,snr_db,0.0,3,3,3,3,full_6d,1096511241,,,nan,,False,,1368.8365491330624,0.0003071361081665641,0.0003071361081665641,4.217518643566014e-06,0.00019124199412697782,8.526314382681643e-14,0.16392532908295407,False,ris_only_stage2_then_vp,global_exact_spherical_vp,proposed_post_stage1,False,05eb95262a75552e,jones_free,cpu,False,,numpy,numpy.linalg.solve,jones_free,False,,,0.0,0.0,0.0,0.0,True,6,4,nan,nan,"[0.0,0.0,0.0]",,"[1.0289611999054332e-05,1.0631447205351923e-06,1.4906067801176927e-05]",jnpp_then_vp,[],3102332.146612087,3096560,False,8708273.425013442,72.77677877605896,21.24907608118602,0.0077439057838322445,"[4.998832139671465,4.988085335362501,5.006995206532518]",216.05044037103653,120.88293385505676,352.9965797960758,nan,nan,nan,nan,False,,nan,,,nan,nan,nan,,,,,,,,0.02667294496518266,0.002168600054355895,0.16428433906743622,0.0003071361081665641,4.217518643566014e-06,0.16392532908295407,True,accepted,accepted
fig1_fig2,PEB,64,1096511241,0.0,snr_db,0.0,3,3,3,3,full_6d,1096511241,,,nan,,False,,5.787354983389378,nan,nan,nan,nan,nan,nan,False,,,peb_only,False,7b2549def92e82a1,,,,,,,adaptive_jones,True,fixed_anchor_then_adaptive_jones_score_selection,,nan,nan,nan,nan,True,,,nan,nan,,,,,[],nan,,,nan,nan,nan,nan,,nan,nan,nan,0.0003564378135269489,nan,nan,0.0003564378135269489,False,e140a9cd0c7a64d7d06d7886e7a75298e3fbf2d3964882a91cad3a1a2e55c6a3,0.1639795216922965,computed_unscaled,cpu,nan,nan,nan,,,,,,,,nan,nan,nan,nan,nan,nan,False,,
fig1_fig2,free_jones_vp,68,217409269,0.0,snr_db,0.0,3,3,3,3,full_6d,217409269,,,nan,,False,,1185.6985250115395,0.026434144679546627,0.026434144679546627,0.0014742603961954766,0.004923794899768208,3.943289379485669e-12,0.1831625008873931,False,direct_vp,global_exact_spherical_vp,proposed_post_stage1,False,81df0fc90b3f69d0,jones_free,cpu,False,,numpy,numpy.linalg.solve,jones_free,False,,,0.0,0.0,0.0,0.0,True,6,4,nan,nan,"[0.0,0.0,0.0]",,"[1.1527026982929015e-05,3.610698024593438e-08,1.7197663464854028e-05]",jnpp_then_vp,[],3103843.368105206,3096560,False,5742418.2198498035,84.08869369286762,13.720734000033387,0.061376448039501125,"[4.96078085628718,5.0413672585567735,4.891159629298607]",212.66957848519087,1070.683388672769,1284.719432912767,nan,nan,nan,nan,False,,nan,,,nan,nan,nan,,,,,,,,0.026434144679546627,0.0014742603961954766,0.1831625008873931,nan,nan,nan,False,not_run,not_requested
fig1_fig2,free_jones_vp_gated_rescue,68,217409269,0.0,snr_db,0.0,3,3,3,3,full_6d,217409269,,,nan,,False,,1313.060477271676,0.0014236698023075852,0.0014236698023075852,1.2452039472314718e-05,0.00011509645720137371,1.4764480617628686e-13,0.18288980429713994,False,ris_only_stage2_then_vp,global_exact_spherical_vp,proposed_post_stage1,False,81df0fc90b3f69d0,jones_free,cpu,False,,numpy,numpy.linalg.solve,jones_free,False,,,0.0,0.0,0.0,0.0,True,6,4,nan,nan,"[0.0,0.0,0.0]",,"[1.1057092935154051e-05,3.117371599975836e-08,1.5732249284642687e-05]",jnpp_then_vp,[],3103843.368105206,3096560,False,5742418.2198498035,84.08869369286762,13.720734000033387,0.061376448039501125,"[4.96078085628718,5.0413672585567735,4.891159629298607]",212.66957848519087,128.15744483470917,357.6788520142436,nan,nan,nan,nan,False,,nan,,,nan,nan,nan,,,,,,,,0.026434144679546627,0.0014742603961954766,0.1831625008873931,0.0014236698023075852,1.2452039472314718e-05,0.18288980429713994,True,accepted,accepted
fig1_fig2,PEB,68,217409269,0.0,snr_db,0.0,3,3,3,3,full_6d,217409269,,,nan,,False,,5.582492329180241,nan,nan,nan,nan,nan,nan,False,,,peb_only,False,d3ded128629ed582,,,,,,,adaptive_jones,True,fixed_anchor_then_adaptive_jones_score_selection,,nan,nan,nan,nan,True,,,nan,nan,,,,,[],nan,,,nan,nan,nan,nan,,nan,nan,nan,0.00044880825717028813,nan,nan,0.00044880825717028813,False,0b182e454a04b5041a3aee67b1d617d5e470ee5322dc8a1561fe76d42cd56704,0.18273364248213428,computed_unscaled,cpu,nan,nan,nan,,,,,,,,nan,nan,nan,nan,nan,nan,False,,
fig1_fig2,free_jones_vp,89,850792180,0.0,snr_db,0.0,3,3,3,3,full_6d,850792180,,,nan,,False,,292.3292779773474,0.003357412315511507,0.003357412315511507,0.0003213653969632794,0.0029930197341849077,1.4263519722410687e-12,0.7893326224955006,False,direct_vp,global_exact_spherical_vp,proposed_post_stage1,False,5bf350489579b53e,jones_free,cpu,False,,numpy,numpy.linalg.solve,jones_free,False,,,0.0,0.0,0.0,0.0,True,6,4,nan,nan,"[0.0,0.0,0.0]",,"[1.382452060148616e-06,1.278688837508817e-06,3.0244689138980412e-05]",direct_vp,[],3099154.2823373117,3096560,True,7146446.919238228,67.2307313449633,21.459501867330047,0.01435378501389843,"[5.035259928628221,5.0546166609320045,5.0195192500517365]",239.47696444392204,283.4610422998667,524.3995741903782,nan,nan,nan,nan,False,,nan,,,nan,nan,nan,,,,,,,,0.003357412315511507,0.0003213653969632794,0.7893326224955006,nan,nan,nan,False,not_run,not_requested
fig1_fig2,free_jones_vp_gated_rescue,89,850792180,0.0,snr_db,0.0,3,3,3,3,full_6d,850792180,,,nan,,False,,285.432420425117,0.003357412315511507,0.003357412315511507,0.0003213653969632794,0.0029930197341849077,1.4263519722410687e-12,0.7893326224955006,False,direct_vp,global_exact_spherical_vp,proposed_post_stage1,False,5bf350489579b53e,jones_free,cpu,False,,numpy,numpy.linalg.solve,jones_free,False,,,0.0,0.0,0.0,0.0,True,6,4,nan,nan,"[0.0,0.0,0.0]",,"[1.382452060148616e-06,1.278688837508817e-06,3.0244689138980412e-05]",direct_vp,[],3099154.2823373117,3096560,True,7146446.919238228,67.2307313449633,21.459501867330047,0.01435378501389843,"[5.035259928628221,5.0546166609320045,5.0195192500517365]",239.47696444392204,278.96346662193537,519.9019985124469,nan,nan,nan,nan,False,,nan,,,nan,nan,nan,,,,,,,,0.003357412315511507,0.0003213653969632794,0.7893326224955006,nan,nan,nan,False,not_run,not_requested
fig1_fig2,PEB,89,850792180,0.0,snr_db,0.0,3,3,3,3,full_6d,850792180,,,nan,,False,,6.174848198890686,nan,nan,nan,nan,nan,nan,False,,,peb_only,False,61c43bb7e78f2c47,,,,,,,adaptive_jones,True,fixed_anchor_then_adaptive_jones_score_selection,,nan,nan,nan,nan,True,,,nan,nan,,,,,[],nan,,,nan,nan,nan,nan,,nan,nan,nan,0.0003858417222694729,nan,nan,0.0003858417222694729,False,2d81d18bd4ebd93cb30153245eac7dedb296bdb9883caf62dadd0506edd2daa4,0.7886759522643855,computed_unscaled,cpu,nan,nan,nan,,,,,,,,nan,nan,nan,nan,nan,nan,False,,
fig1_fig2,free_jones_vp,97,3282133633,0.0,snr_db,0.0,3,3,3,3,full_6d,3282133633,,,nan,,False,,106.8119512796402,0.002018957311031542,0.002018957311031542,0.00010986045698519988,0.001735748655214552,1.4363043264993058e-12,0.7026831983063337,False,direct_vp,global_exact_spherical_vp,proposed_post_stage1,False,0e7e2ee240d12648,jones_free,cpu,False,,numpy,numpy.linalg.solve,jones_free,False,,,0.0,0.0,0.0,0.0,True,6,4,nan,nan,"[0.0,0.0,0.0]",,"[5.046663428567822e-07,5.563766140850801e-07,6.366926411532401e-07]",direct_vp,[],3100240.2695541815,3096560,True,6123901.183176501,81.69295651786,17.782993434608713,0.014121427173019169,"[4.984309855088399,4.982115811695677,5.013108582329071]",244.53598038852215,98.84626506268978,344.7267369478941,nan,nan,nan,nan,False,,nan,,,nan,nan,nan,,,,,,,,0.002018957311031542,0.00010986045698519988,0.7026831983063337,nan,nan,nan,False,not_run,not_requested
fig1_fig2,free_jones_vp_gated_rescue,97,3282133633,0.0,snr_db,0.0,3,3,3,3,full_6d,3282133633,,,nan,,False,,108.95617417246103,0.002018957311031542,0.002018957311031542,0.00010986045698519988,0.001735748655214552,1.4363043264993058e-12,0.7026831983063337,False,direct_vp,global_exact_spherical_vp,proposed_post_stage1,False,0e7e2ee240d12648,jones_free,cpu,False,,numpy,numpy.linalg.solve,jones_free,False,,,0.0,0.0,0.0,0.0,True,6,4,nan,nan,"[0.0,0.0,0.0]",,"[5.046663428567822e-07,5.563766140850801e-07,6.366926411532401e-07]",direct_vp,[],3100240.2695541815,3096560,True,6123901.183176501,81.69295651786,17.782993434608713,0.014121427173019169,"[4.984309855088399,4.982115811695677,5.013108582329071]",244.53598038852215,102.30871009081602,348.18918197602034,nan,nan,nan,nan,False,,nan,,,nan,nan,nan,,,,,,,,0.002018957311031542,0.00010986045698519988,0.7026831983063337,nan,nan,nan,False,not_run,not_requested
fig1_fig2,PEB,97,3282133633,0.0,snr_db,0.0,3,3,3,3,full_6d,3282133633,,,nan,,False,,5.664848260581493,nan,nan,nan,nan,nan,nan,False,,,peb_only,False,848c083c86df80e2,,,,,,,adaptive_jones,True,fixed_anchor_then_adaptive_jones_score_selection,,nan,nan,nan,nan,True,,,nan,nan,,,,,[],nan,,,nan,nan,nan,nan,,nan,nan,nan,0.00041604716574845056,nan,nan,0.00041604716574845056,False,24b4c0c43abb3ffb56c03672c2214df89870406be71e68db762cb0e41861c3ab,0.7018526753707166,computed_unscaled,cpu,nan,nan,nan,,,,,,,,nan,nan,nan,nan,nan,nan,False,,
fig1_fig2,free_jones_vp,63,3424526765,0.0,snr_db,0.0,3,3,3,3,full_6d,3424526765,,,nan,,False,,1380.8643757626414,0.02824676954487834,0.02824676954487834,0.005228005628258731,0.006901142216852973,2.4012240522438216e-12,0.32710066136998905,False,direct_vp,global_exact_spherical_vp,proposed_post_stage1,False,aa3102876e2eabd1,jones_free,cpu,False,,numpy,numpy.linalg.solve,jones_free,False,,,0.0,0.0,0.0,0.0,True,6,4,nan,nan,"[0.0,0.0,0.0]",,"[4.883479910197809e-05,1.5034992977514058e-08,1.4624283409488805e-05]",jnpp_then_vp,[],3113470.3966938197,3096560,False,8195349.596663862,65.80002264050316,14.483437226254885,0.040267787101444186,"[4.988320051151626,5.049324340778764,5.085945839612785]",216.003791205585,1264.7883502319455,1482.2357975170016,nan,nan,nan,nan,False,,nan,,,nan,nan,nan,,,,,,,,0.02824676954487834,0.005228005628258731,0.32710066136998905,nan,nan,nan,False,not_run,not_requested
fig1_fig2,free_jones_vp_gated_rescue,63,3424526765,0.0,snr_db,0.0,3,3,3,3,full_6d,3424526765,,,nan,,False,,1622.095482647419,0.00047469599865808415,0.00047469599865808415,9.82857029990508e-06,0.00037406631800020423,1.1272352315685928e-12,0.325417384418705,False,ris_only_stage2_then_vp,global_exact_spherical_vp,proposed_post_stage1,False,aa3102876e2eabd1,jones_free,cpu,False,,numpy,numpy.linalg.solve,jones_free,False,,,0.0,0.0,0.0,0.0,True,6,4,nan,nan,"[0.0,0.0,0.0]",,"[5.4014041686148695e-05,1.1158167096186925e-07,1.4085155946805651e-05]",jnpp_then_vp,[],3113470.3966938197,3096560,False,8195349.596663862,65.80002264050316,14.483437226254885,0.040267787101444186,"[4.988320051151626,5.049324340778764,5.085945839612785]",216.003791205585,230.56144485622644,462.8880283534527,nan,nan,nan,nan,False,,nan,,,nan,nan,nan,,,,,,,,0.02824676954487834,0.005228005628258731,0.32710066136998905,0.00047469599865808415,9.82857029990508e-06,0.325417384418705,True,accepted,accepted
fig1_fig2,PEB,63,3424526765,0.0,snr_db,0.0,3,3,3,3,full_6d,3424526765,,,nan,,False,,5.800890848040581,nan,nan,nan,nan,nan,nan,False,,,peb_only,False,101f6e22284f34c0,,,,,,,adaptive_jones,True,fixed_anchor_then_adaptive_jones_score_selection,,nan,nan,nan,nan,True,,,nan,nan,,,,,[],nan,,,nan,nan,nan,nan,,nan,nan,nan,0.0003765527517119302,nan,nan,0.0003765527517119302,False,258f950ff6512034899ff541f16fbb81fb7ab692c62ede128038d4532b76f1bb,0.3253257389753957,computed_unscaled,cpu,nan,nan,nan,,,,,,,,nan,nan,nan,nan,nan,nan,False,,
fig1_fig2,free_jones_vp,92,971995857,0.0,snr_db,0.0,3,3,3,3,full_6d,971995857,,,nan,,False,,324.02139554172754,0.002230294564029566,0.002230294564029566,6.0487705559916135e-05,0.0018824738292571347,9.675644161744422e-13,0.5370004396001904,False,direct_vp,global_exact_spherical_vp,proposed_post_stage1,False,a8a8db5487ce5a7d,jones_free,cpu,False,,numpy,numpy.linalg.solve,jones_free,False,,,0.0,0.0,0.0,0.0,True,6,4,nan,nan,"[0.0,0.0,0.0]",,"[0.00010113377046287688,1.8638627018397237e-06,9.600541501644002e-06]",direct_vp,"[""poor_clock_consistency""]",3098098.332169515,3096560,True,8327114.332499432,80.19112106843608,12.639718626211959,0.16858636080477363,"[4.665938468276216,4.977997475415124,5.056191170461642]",236.17057459056377,317.09625382721424,554.6605209484696,nan,nan,nan,nan,False,,nan,,,nan,nan,nan,,,,,,,,0.002230294564029566,6.0487705559916135e-05,0.5370004396001904,nan,nan,nan,False,not_run,not_requested
fig1_fig2,free_jones_vp_gated_rescue,92,971995857,0.0,snr_db,0.0,3,3,3,3,full_6d,971995857,,,nan,,False,,325.0160749554634,0.002230294564029566,0.002230294564029566,6.0487705559916135e-05,0.0018824738292571347,9.675644161744422e-13,0.5370004396001904,False,direct_vp,global_exact_spherical_vp,proposed_post_stage1,False,a8a8db5487ce5a7d,jones_free,cpu,False,,numpy,numpy.linalg.solve,jones_free,False,,,0.0,0.0,0.0,0.0,True,6,4,nan,nan,"[0.0,0.0,0.0]",,"[0.00010113377046287688,1.8638627018397237e-06,9.600541501644002e-06]",direct_vp,"[""poor_clock_consistency""]",3098098.332169515,3096560,True,8327114.332499432,80.19112106843608,12.639718626211959,0.16858636080477363,"[4.665938468276216,4.977997475415124,5.056191170461642]",236.17057459056377,318.6075873076916,556.171854428947,nan,nan,nan,nan,False,,nan,,,nan,nan,nan,,,,,,,,0.002230294564029566,6.0487705559916135e-05,0.5370004396001904,nan,nan,nan,False,not_run,not_requested
fig1_fig2,PEB,92,971995857,0.0,snr_db,0.0,3,3,3,3,full_6d,971995857,,,nan,,False,,5.598419025540352,nan,nan,nan,nan,nan,nan,False,,,peb_only,False,6f36b3dc6f424d47,,,,,,,adaptive_jones,True,fixed_anchor_then_adaptive_jones_score_selection,,nan,nan,nan,nan,True,,,nan,nan,,,,,[],nan,,,nan,nan,nan,nan,,nan,nan,nan,0.00031892813233445265,nan,nan,0.00031892813233445265,False,414dc620a83beefed3505e1c54ca50570728cbcfef97d68ab55ee64715d67776,0.5367365702982516,computed_unscaled,cpu,nan,nan,nan,,,,,,,,nan,nan,nan,nan,nan,nan,False,,
fig1_fig2,free_jones_vp,98,1149511508,0.0,snr_db,0.0,3,3,3,3,full_6d,1149511508,,,nan,,False,,109.84679000079632,0.002868538663018214,0.002868538663018214,0.0001971423236134202,0.0025757940229265987,1.113562953366192e-12,0.2728994776550178,False,direct_vp,global_exact_spherical_vp,proposed_post_stage1,False,7ee6b0db43d59463,jones_free,cpu,False,,numpy,numpy.linalg.solve,jones_free,False,,,0.0,0.0,0.0,0.0,True,6,4,nan,nan,"[0.0,0.0,0.0]",,"[2.2503698265125436e-05,1.167595427752394e-06,8.279264949737806e-07]",direct_vp,[],3095110.0002783495,3096560,True,8971114.36023449,75.65489113606738,15.959392529769971,0.05759085171238067,"[5.126689952619978,5.059358985106141,4.985669527129825]",224.24635657668114,101.7877758666873,327.50688095390797,nan,nan,nan,nan,False,,nan,,,nan,nan,nan,,,,,,,,0.002868538663018214,0.0001971423236134202,0.2728994776550178,nan,nan,nan,False,not_run,not_requested
fig1_fig2,free_jones_vp_gated_rescue,98,1149511508,0.0,snr_db,0.0,3,3,3,3,full_6d,1149511508,,,nan,,False,,109.02055425196886,0.002868538663018214,0.002868538663018214,0.0001971423236134202,0.0025757940229265987,1.113562953366192e-12,0.2728994776550178,False,direct_vp,global_exact_spherical_vp,proposed_post_stage1,False,7ee6b0db43d59463,jones_free,cpu,False,,numpy,numpy.linalg.solve,jones_free,False,,,0.0,0.0,0.0,0.0,True,6,4,nan,nan,"[0.0,0.0,0.0]",,"[2.2503698265125436e-05,1.167595427752394e-06,8.279264949737806e-07]",direct_vp,[],3095110.0002783495,3096560,True,8971114.36023449,75.65489113606738,15.959392529769971,0.05759085171238067,"[5.126689952619978,5.059358985106141,4.985669527129825]",224.24635657668114,102.50433929264545,328.2234443798661,nan,nan,nan,nan,False,,nan,,,nan,nan,nan,,,,,,,,0.002868538663018214,0.0001971423236134202,0.2728994776550178,nan,nan,nan,False,not_run,not_requested
fig1_fig2,PEB,98,1149511508,0.0,snr_db,0.0,3,3,3,3,full_6d,1149511508,,,nan,,False,,5.65811213850975,nan,nan,nan,nan,nan,nan,False,,,peb_only,False,e504de133f641528,,,,,,,adaptive_jones,True,fixed_anchor_then_adaptive_jones_score_selection,,nan,nan,nan,nan,True,,,nan,nan,,,,,[],nan,,,nan,nan,nan,nan,,nan,nan,nan,0.0003305848205457732,nan,nan,0.0003305848205457732,False,20ab18018f84cd00eca3bffc39c0046cd77b64c781a4db651e945869c9a7cf28,0.2730287365693197,computed_unscaled,cpu,nan,nan,nan,,,,,,,,nan,nan,nan,nan,nan,nan,False,,
fig1_fig2,free_jones_vp,69,1134195269,0.0,snr_db,0.0,3,3,3,3,full_6d,1134195269,,,nan,,False,,1429.8931771591306,0.01970455005536552,0.01970455005536552,0.005398330566821737,0.017489608118018814,9.427888603113835e-12,0.6821927881271367,False,direct_vp,global_exact_spherical_vp,proposed_post_stage1,False,b0b3b4af351dd412,jones_free,cpu,False,,numpy,numpy.linalg.solve,jones_free,False,,,0.0,0.0,0.0,0.0,True,6,4,nan,nan,"[0.0,0.0,0.0]",,"[0.0003554959978171949,2.3441710739904186e-06,1.6811287766260138e-06]",jnpp_then_vp,[],3114231.3158029574,3096560,False,8199031.5215172935,85.84850259764494,9.664511022285424,0.09163134660532861,"[5.086714213210021,4.9929853760304,4.863230018338239]",226.01273323595524,1305.8455624207854,1533.1289712563157,nan,nan,nan,nan,False,,nan,,,nan,nan,nan,,,,,,,,0.01970455005536552,0.005398330566821737,0.6821927881271367,nan,nan,nan,False,not_run,not_requested
fig1_fig2,free_jones_vp_gated_rescue,69,1134195269,0.0,snr_db,0.0,3,3,3,3,full_6d,1134195269,,,nan,,False,,1527.5525513365865,0.0012781693183378396,0.0012781693183378396,1.0176910358410846e-05,0.00022642078757632975,3.3823207719138163e-13,0.6785624861741961,False,ris_only_stage2_then_vp,global_exact_spherical_vp,proposed_post_stage1,False,b0b3b4af351dd412,jones_free,cpu,False,,numpy,numpy.linalg.solve,jones_free,False,,,0.0,0.0,0.0,0.0,True,6,4,nan,nan,"[0.0,0.0,0.0]",,"[0.00034460471081876624,1.7144621109355647e-06,2.214902563310242e-06]",jnpp_then_vp,[],3114231.3158029574,3096560,False,8199031.5215172935,85.84850259764494,9.664511022285424,0.09163134660532861,"[5.086714213210021,4.9929853760304,4.863230018338239]",226.01273323595524,118.34710412472486,359.04799619317055,nan,nan,nan,nan,False,,nan,,,nan,nan,nan,,,,,,,,0.01970455005536552,0.005398330566821737,0.6821927881271367,0.0012781693183378396,1.0176910358410846e-05,0.6785624861741961,True,accepted,accepted
fig1_fig2,PEB,69,1134195269,0.0,snr_db,0.0,3,3,3,3,full_6d,1134195269,,,nan,,False,,5.7965894639492035,nan,nan,nan,nan,nan,nan,False,,,peb_only,False,56d433c679cb8e58,,,,,,,adaptive_jones,True,fixed_anchor_then_adaptive_jones_score_selection,,nan,nan,nan,nan,True,,,nan,nan,,,,,[],nan,,,nan,nan,nan,nan,,nan,nan,nan,0.00033224456296536783,nan,nan,0.00033224456296536783,False,3c4e17d6858814038ebdb81b7444e4cbebd5be1a61e4510cac6392db534f501a,0.6783252754437447,computed_unscaled,cpu,nan,nan,nan,,,,,,,,nan,nan,nan,nan,nan,nan,False,,
fig1_fig2,free_jones_vp,54,1185050677,0.0,snr_db,0.0,3,3,3,3,full_6d,1185050677,,,nan,,False,,2284.526450239122,0.020273368229395575,0.020273368229395575,0.0017176988920387182,0.006144540303481717,4.268905051620514e-12,0.27617303328497306,False,direct_vp,global_exact_spherical_vp,proposed_post_stage1,False,f9147b59d6be7e2a,jones_free,cpu,False,,numpy,numpy.linalg.solve,jones_free,False,,,0.0,0.0,0.0,0.0,True,6,4,nan,nan,"[0.0,0.0,0.0]",,"[1.471380926046348e-07,1.083622572070499e-06,2.696960914300325e-06]",direct_vp,[],3100082.720838218,3096560,True,7714116.160465179,87.24926822759785,10.92112828391401,0.056904488883410514,"[4.935457346735665,4.800009521545704,4.896228325548659]",232.53358939290047,2277.525120764971,2511.4870638027787,nan,nan,nan,nan,False,,nan,,,nan,nan,nan,,,,,,,,0.020273368229395575,0.0017176988920387182,0.27617303328497306,nan,nan,nan,False,not_run,not_requested
fig1_fig2,free_jones_vp_gated_rescue,54,1185050677,0.0,snr_db,0.0,3,3,3,3,full_6d,1185050677,,,nan,,False,,2261.648044370115,0.020273368229395575,0.020273368229395575,0.0017176988920387182,0.006144540303481717,4.268905051620514e-12,0.27617303328497306,False,direct_vp,global_exact_spherical_vp,proposed_post_stage1,False,f9147b59d6be7e2a,jones_free,cpu,False,,numpy,numpy.linalg.solve,jones_free,False,,,0.0,0.0,0.0,0.0,True,6,4,nan,nan,"[0.0,0.0,0.0]",,"[1.471380926046348e-07,1.083622572070499e-06,2.696960914300325e-06]",direct_vp,[],3100082.720838218,3096560,True,7714116.160465179,87.24926822759785,10.92112828391401,0.056904488883410514,"[4.935457346735665,4.800009521545704,4.896228325548659]",232.53358939290047,2255.4612182229757,2489.4231612607837,nan,nan,nan,nan,False,,nan,,,nan,nan,nan,,,,,,,,0.020273368229395575,0.0017176988920387182,0.27617303328497306,nan,nan,nan,False,not_run,not_requested
fig1_fig2,PEB,54,1185050677,0.0,snr_db,0.0,3,3,3,3,full_6d,1185050677,,,nan,,False,,7.009814985096455,nan,nan,nan,nan,nan,nan,False,,,peb_only,False,06d1dff476e10c31,,,,,,,adaptive_jones,True,fixed_anchor_then_adaptive_jones_score_selection,,nan,nan,nan,nan,True,,,nan,nan,,,,,[],nan,,,nan,nan,nan,nan,,nan,nan,nan,0.00033731079222114026,nan,nan,0.00033731079222114026,False,115a7d3f95ba8b9ea29c0754c333293a0d2bf13a03dc583bd9fdf4cc7c014143,0.27586063461113625,computed_unscaled,cpu,nan,nan,nan,,,,,,,,nan,nan,nan,nan,nan,nan,False,,
fig1_fig2,free_jones_vp,90,4175219143,0.0,snr_db,0.0,3,3,3,3,full_6d,4175219143,,,nan,,False,,517.9457026943564,0.0005048276334846081,0.0005048276334846081,4.363655161970099e-06,0.00010394366829388295,1.5382818201005452e-12,0.09024446337530137,False,direct_vp,global_exact_spherical_vp,proposed_post_stage1,False,c5249a65449c299f,jones_free,cpu,False,,numpy,numpy.linalg.solve,jones_free,False,,,0.0,0.0,0.0,0.0,True,6,4,nan,nan,"[0.0,0.0,0.0]",,"[1.031346269423389e-05,3.2065530999405324e-07,0.00013919009457965403]",direct_vp,[],3092815.472502978,3096560,True,5017810.409416811,100.12420445650497,13.36935527200091,0.08102349172245342,"[4.967012977692115,4.956529254570989,5.13340793214485]",239.90159144997597,510.0029483065009,751.2883256301284,nan,nan,nan,nan,False,,nan,,,nan,nan,nan,,,,,,,,0.0005048276334846081,4.363655161970099e-06,0.09024446337530137,nan,nan,nan,False,not_run,not_requested
fig1_fig2,free_jones_vp_gated_rescue,90,4175219143,0.0,snr_db,0.0,3,3,3,3,full_6d,4175219143,,,nan,,False,,511.6195750385523,0.0005048276334846081,0.0005048276334846081,4.363655161970099e-06,0.00010394366829388295,1.5382818201005452e-12,0.09024446337530137,False,direct_vp,global_exact_spherical_vp,proposed_post_stage1,False,c5249a65449c299f,jones_free,cpu,False,,numpy,numpy.linalg.solve,jones_free,False,,,0.0,0.0,0.0,0.0,True,6,4,nan,nan,"[0.0,0.0,0.0]",,"[1.031346269423389e-05,3.2065530999405324e-07,0.00013919009457965403]",direct_vp,[],3092815.472502978,3096560,True,5017810.409416811,100.12420445650497,13.36935527200091,0.08102349172245342,"[4.967012977692115,4.956529254570989,5.13340793214485]",239.90159144997597,504.79418681561947,746.0795641392469,nan,nan,nan,nan,False,,nan,,,nan,nan,nan,,,,,,,,0.0005048276334846081,4.363655161970099e-06,0.09024446337530137,nan,nan,nan,False,not_run,not_requested
fig1_fig2,PEB,90,4175219143,0.0,snr_db,0.0,3,3,3,3,full_6d,4175219143,,,nan,,False,,5.7526902705430984,nan,nan,nan,nan,nan,nan,False,,,peb_only,False,1838f3ec632a7c19,,,,,,,adaptive_jones,True,fixed_anchor_then_adaptive_jones_score_selection,,nan,nan,nan,nan,True,,,nan,nan,,,,,[],nan,,,nan,nan,nan,nan,,nan,nan,nan,0.0004515768544716856,nan,nan,0.0004515768544716856,False,6333c10944794ce04d692bf5cb56023e51f4bf1ac8d7f2df89dad974bd0e5c09,0.09035419083527886,computed_unscaled,cpu,nan,nan,nan,,,,,,,,nan,nan,nan,nan,nan,nan,False,,
fig1_fig2,free_jones_vp,3,3422926171,5.0,snr_db,5.0,3,3,3,3,full_6d,3422926171,,,nan,,False,,106.95790576934814,0.0001851548632751143,0.0001851548632751143,3.335323968821896e-06,9.694234555212215e-05,7.180900410582276e-13,0.0879571015716996,False,direct_vp,global_exact_spherical_vp,proposed_post_stage1,False,d4c69809cfa12c3a,jones_free,cpu,False,,numpy,numpy.linalg.solve,jones_free,False,,,0.0,0.0,0.0,0.0,True,6,4,nan,nan,"[0.0,0.0,0.0]",,"[2.7928184274727373e-06,1.5140999769003896e-07,4.1154549751126853e-07]",direct_vp,[],3097490.6003800603,3096560,True,27055936.205406558,79.30848354714232,31.471847958368244,0.03685338793961184,"[4.962360235654596,4.962082504013351,5.040398841401398]",219.88017031550407,99.36300348490477,320.55418176949024,nan,nan,nan,nan,False,,nan,,,nan,nan,nan,,,,,,,,0.0001851548632751143,3.335323968821896e-06,0.0879571015716996,nan,nan,nan,False,not_run,not_requested
fig1_fig2,free_jones_vp_gated_rescue,3,3422926171,5.0,snr_db,5.0,3,3,3,3,full_6d,3422926171,,,nan,,False,,106.62001243978739,0.0001851548632751143,0.0001851548632751143,3.335323968821896e-06,9.694234555212215e-05,7.180900410582276e-13,0.0879571015716996,False,direct_vp,global_exact_spherical_vp,proposed_post_stage1,False,d4c69809cfa12c3a,jones_free,cpu,False,,numpy,numpy.linalg.solve,jones_free,False,,,0.0,0.0,0.0,0.0,True,6,4,nan,nan,"[0.0,0.0,0.0]",,"[2.7928184274727373e-06,1.5140999769003896e-07,4.1154549751126853e-07]",direct_vp,[],3097490.6003800603,3096560,True,27055936.205406558,79.30848354714232,31.471847958368244,0.03685338793961184,"[4.962360235654596,4.962082504013351,5.040398841401398]",219.88017031550407,100.11309684067965,321.3042751252651,nan,nan,nan,nan,False,,nan,,,nan,nan,nan,,,,,,,,0.0001851548632751143,3.335323968821896e-06,0.0879571015716996,nan,nan,nan,False,not_run,not_requested
fig1_fig2,PEB,3,3422926171,5.0,snr_db,5.0,3,3,3,3,full_6d,3422926171,,,nan,,False,,5.717178680002689,nan,nan,nan,nan,nan,nan,False,,,peb_only,False,25f5f2613341c8e3,,,,,,,adaptive_jones,True,fixed_anchor_then_adaptive_jones_score_selection,,nan,nan,nan,nan,True,,,nan,nan,,,,,[],nan,,,nan,nan,nan,nan,,nan,nan,nan,0.0001943889350184992,nan,nan,0.0001943889350184992,False,36031d2b9c9618797e3e0dd10eb5c7dda8abc129f14c8c8dd5b717980768d13b,0.08793113035534897,computed_unscaled,cpu,nan,nan,nan,,,,,,,,nan,nan,nan,nan,nan,nan,False,,
fig1_fig2,free_jones_vp,0,3147786918,5.0,snr_db,5.0,3,3,3,3,full_6d,3147786918,,,nan,,False,,351.1458190083504,0.0025999350497414708,0.0025999350497414708,0.00017706170768549905,0.002168703722032455,1.468502200703835e-12,0.12539388649308564,False,direct_vp,global_exact_spherical_vp,proposed_post_stage1,False,f26186a2197bbac5,jones_free,cpu,False,,numpy,numpy.linalg.solve,jones_free,False,,,0.0,0.0,0.0,0.0,True,6,4,nan,nan,"[0.0,0.0,0.0]",,"[1.2345566613941801e-06,1.8863768023225172e-07,2.2944388140295983e-06]",direct_vp,[],3097180.329818202,3096560,True,26047257.394270997,69.68215587396587,32.03435752724904,0.013779392709908002,"[5.00131904616516,4.967566968811174,4.984300034552614]",227.24347788095474,343.06203281879425,571.6665634065866,nan,nan,nan,nan,False,,nan,,,nan,nan,nan,,,,,,,,0.0025999350497414708,0.00017706170768549905,0.12539388649308564,nan,nan,nan,False,not_run,not_requested
fig1_fig2,free_jones_vp_gated_rescue,0,3147786918,5.0,snr_db,5.0,3,3,3,3,full_6d,3147786918,,,nan,,False,,344.9722910821438,0.0025999350497414708,0.0025999350497414708,0.00017706170768549905,0.002168703722032455,1.468502200703835e-12,0.12539388649308564,False,direct_vp,global_exact_spherical_vp,proposed_post_stage1,False,f26186a2197bbac5,jones_free,cpu,False,,numpy,numpy.linalg.solve,jones_free,False,,,0.0,0.0,0.0,0.0,True,6,4,nan,nan,"[0.0,0.0,0.0]",,"[1.2345566613941801e-06,1.8863768023225172e-07,2.2944388140295983e-06]",direct_vp,[],3097180.329818202,3096560,True,26047257.394270997,69.68215587396587,32.03435752724904,0.013779392709908002,"[5.00131904616516,4.967566968811174,4.984300034552614]",227.24347788095474,339.2733206450939,567.8778512328863,nan,nan,nan,nan,False,,nan,,,nan,nan,nan,,,,,,,,0.0025999350497414708,0.00017706170768549905,0.12539388649308564,nan,nan,nan,False,not_run,not_requested
fig1_fig2,PEB,0,3147786918,5.0,snr_db,5.0,3,3,3,3,full_6d,3147786918,,,nan,,False,,5.86099411547184,nan,nan,nan,nan,nan,nan,False,,,peb_only,False,e95573f14d2ecc9d,,,,,,,adaptive_jones,True,fixed_anchor_then_adaptive_jones_score_selection,,nan,nan,nan,nan,True,,,nan,nan,,,,,[],nan,,,nan,nan,nan,nan,,nan,nan,nan,0.00020082404726448643,nan,nan,0.00020082404726448643,False,7c738a48c71d396c30709f16037cef480e872ff8eba0c095999cea8980974cb0,0.12536941931437523,computed_unscaled,cpu,nan,nan,nan,,,,,,,,nan,nan,nan,nan,nan,nan,False,,
fig1_fig2,free_jones_vp,2,3251202663,5.0,snr_db,5.0,3,3,3,3,full_6d,3251202663,,,nan,,False,,186.45685097575188,0.0004294151208098314,0.0004294151208098314,5.87205340293429e-06,0.0003171425318987934,1.510198805852162e-13,0.07226034343031455,False,direct_vp,global_exact_spherical_vp,proposed_post_stage1,False,bf5ee11a3f3104b0,jones_free,cpu,False,,numpy,numpy.linalg.solve,jones_free,False,,,0.0,0.0,0.0,0.0,True,6,4,nan,nan,"[0.0,0.0,0.0]",,"[2.829475160407861e-07,4.207225856443119e-07,5.127121456861087e-06]",direct_vp,[],3093889.080307463,3096560,True,26653337.772670556,73.90045361966418,39.252474080410636,0.032111669209332935,"[4.9428177430176,5.006124938283799,5.014898634871175]",239.65836583822966,179.4114099815488,420.5612167790532,nan,nan,nan,nan,False,,nan,,,nan,nan,nan,,,,,,,,0.0004294151208098314,5.87205340293429e-06,0.07226034343031455,nan,nan,nan,False,not_run,not_requested
fig1_fig2,free_jones_vp_gated_rescue,2,3251202663,5.0,snr_db,5.0,3,3,3,3,full_6d,3251202663,,,nan,,False,,186.9594310745597,0.0004294151208098314,0.0004294151208098314,5.87205340293429e-06,0.0003171425318987934,1.510198805852162e-13,0.07226034343031455,False,direct_vp,global_exact_spherical_vp,proposed_post_stage1,False,bf5ee11a3f3104b0,jones_free,cpu,False,,numpy,numpy.linalg.solve,jones_free,False,,,0.0,0.0,0.0,0.0,True,6,4,nan,nan,"[0.0,0.0,0.0]",,"[2.829475160407861e-07,4.207225856443119e-07,5.127121456861087e-06]",direct_vp,[],3093889.080307463,3096560,True,26653337.772670556,73.90045361966418,39.252474080410636,0.032111669209332935,"[4.9428177430176,5.006124938283799,5.014898634871175]",239.65836583822966,180.56399192661047,421.7137987241149,nan,nan,nan,nan,False,,nan,,,nan,nan,nan,,,,,,,,0.0004294151208098314,5.87205340293429e-06,0.07226034343031455,nan,nan,nan,False,not_run,not_requested
fig1_fig2,PEB,2,3251202663,5.0,snr_db,5.0,3,3,3,3,full_6d,3251202663,,,nan,,False,,5.614852093160152,nan,nan,nan,nan,nan,nan,False,,,peb_only,False,57c80356029f6786,,,,,,,adaptive_jones,True,fixed_anchor_then_adaptive_jones_score_selection,,nan,nan,nan,nan,True,,,nan,nan,,,,,[],nan,,,nan,nan,nan,nan,,nan,nan,nan,0.00019639380470704915,nan,nan,0.00019639380470704915,False,ba669d51e548d5d57a5c08da45514e8eda76ee1a2847f0b8bc91639b42fa1215,0.07232309866643087,computed_unscaled,cpu,nan,nan,nan,,,,,,,,nan,nan,nan,nan,nan,nan,False,,
fig1_fig2,free_jones_vp,6,1919806993,5.0,snr_db,5.0,3,3,3,3,full_6d,1919806993,,,nan,,False,,106.22398676723242,0.0037259767463179074,0.0037259767463179074,0.00026961208346053,0.003293830649784053,1.5931281417278476e-12,0.1328673954740805,False,direct_vp,global_exact_spherical_vp,proposed_post_stage1,False,072522b830b6abdb,jones_free,cpu,False,,numpy,numpy.linalg.solve,jones_free,False,,,0.0,0.0,0.0,0.0,True,6,4,nan,nan,"[0.0,0.0,0.0]",,"[4.562096231755337e-06,4.398817743170859e-06,5.74296616714699e-08]",direct_vp,[],3098024.375178389,3096560,True,26053282.11967893,72.18620352900801,38.99003482074565,0.042030925511608815,"[5.053211962507351,5.056984259572266,4.965996924300959]",224.09310606122017,99.32366513460875,324.8579486683011,nan,nan,nan,nan,False,,nan,,,nan,nan,nan,,,,,,,,0.0037259767463179074,0.00026961208346053,0.1328673954740805,nan,nan,nan,False,not_run,not_requested
fig1_fig2,free_jones_vp_gated_rescue,6,1919806993,5.0,snr_db,5.0,3,3,3,3,full_6d,1919806993,,,nan,,False,,107.53564544022083,0.0037259767463179074,0.0037259767463179074,0.00026961208346053,0.003293830649784053,1.5931281417278476e-12,0.1328673954740805,False,direct_vp,global_exact_spherical_vp,proposed_post_stage1,False,072522b830b6abdb,jones_free,cpu,False,,numpy,numpy.linalg.solve,jones_free,False,,,0.0,0.0,0.0,0.0,True,6,4,nan,nan,"[0.0,0.0,0.0]",,"[4.562096231755337e-06,4.398817743170859e-06,5.74296616714699e-08]",direct_vp,[],3098024.375178389,3096560,True,26053282.11967893,72.18620352900801,38.99003482074565,0.042030925511608815,"[5.053211962507351,5.056984259572266,4.965996924300959]",224.09310606122017,101.03765022754669,326.57193376123905,nan,nan,nan,nan,False,,nan,,,nan,nan,nan,,,,,,,,0.0037259767463179074,0.00026961208346053,0.1328673954740805,nan,nan,nan,False,not_run,not_requested
fig1_fig2,PEB,6,1919806993,5.0,snr_db,5.0,3,3,3,3,full_6d,1919806993,,,nan,,False,,6.098716706037521,nan,nan,nan,nan,nan,nan,False,,,peb_only,False,cb62556cf6edcfa0,,,,,,,adaptive_jones,True,fixed_anchor_then_adaptive_jones_score_selection,,nan,nan,nan,nan,True,,,nan,nan,,,,,[],nan,,,nan,nan,nan,nan,,nan,nan,nan,0.00019845421998979928,nan,nan,0.00019845421998979928,False,231b7c2941d5d9c02809f94febabb8d0e1f1d4a2d4bfefa1b397f685379809da,0.13280527787450197,computed_unscaled,cpu,nan,nan,nan,,,,,,,,nan,nan,nan,nan,nan,nan,False,,
fig1_fig2,free_jones_vp,7,1914929603,5.0,snr_db,5.0,3,3,3,3,full_6d,1914929603,,,nan,,False,,133.70138610899448,0.0013892245240408761,0.0013892245240408761,3.469396555091987e-05,0.0012465248860686056,5.31374774113167e-13,0.23261272925313223,False,direct_vp,global_exact_spherical_vp,proposed_post_stage1,False,f766bcb014638c6c,jones_free,cpu,False,,numpy,numpy.linalg.solve,jones_free,False,,,0.0,0.0,0.0,0.0,True,6,4,nan,nan,"[0.0,0.0,0.0]",,"[5.641425297851523e-06,4.635712968874404e-07,1.9418864504129016e-06]",direct_vp,"[""poor_clock_consistency""]",3094356.204250017,3096560,True,25595352.95852644,85.32096404875286,22.67048243063016,0.11502929144532568,"[4.761404025385106,4.998967467731683,5.011393706119525]",232.32037187367678,125.47405402362347,359.33883106708527,nan,nan,nan,nan,False,,nan,,,nan,nan,nan,,,,,,,,0.0013892245240408761,3.469396555091987e-05,0.23261272925313223,nan,nan,nan,False,not_run,not_requested
fig1_fig2,free_jones_vp_gated_rescue,7,1914929603,5.0,snr_db,5.0,3,3,3,3,full_6d,1914929603,,,nan,,False,,126.44993767142296,0.0013892245240408761,0.0013892245240408761,3.469396555091987e-05,0.0012465248860686056,5.31374774113167e-13,0.23261272925313223,False,direct_vp,global_exact_spherical_vp,proposed_post_stage1,False,f766bcb014638c6c,jones_free,cpu,False,,numpy,numpy.linalg.solve,jones_free,False,,,0.0,0.0,0.0,0.0,True,6,4,nan,nan,"[0.0,0.0,0.0]",,"[5.641425297851523e-06,4.635712968874404e-07,1.9418864504129016e-06]",direct_vp,"[""poor_clock_consistency""]",3094356.204250017,3096560,True,25595352.95852644,85.32096404875286,22.67048243063016,0.11502929144532568,"[4.761404025385106,4.998967467731683,5.011393706119525]",232.32037187367678,120.19710923731327,354.06188628077507,nan,nan,nan,nan,False,,nan,,,nan,nan,nan,,,,,,,,0.0013892245240408761,3.469396555091987e-05,0.23261272925313223,nan,nan,nan,False,not_run,not_requested
fig1_fig2,PEB,7,1914929603,5.0,snr_db,5.0,3,3,3,3,full_6d,1914929603,,,nan,,False,,5.566442713141441,nan,nan,nan,nan,nan,nan,False,,,peb_only,False,ed40dbdb321b9fb8,,,,,,,adaptive_jones,True,fixed_anchor_then_adaptive_jones_score_selection,,nan,nan,nan,nan,True,,,nan,nan,,,,,[],nan,,,nan,nan,nan,nan,,nan,nan,nan,0.00019067097896281586,nan,nan,0.00019067097896281586,False,84f1975fc112e22552cd5389ecb9ea5e68088b810ed0a30ff85dfd5971674377,0.23277959845425356,computed_unscaled,cpu,nan,nan,nan,,,,,,,,nan,nan,nan,nan,nan,nan,False,,
fig1_fig2,free_jones_vp,72,2100195688,0.0,snr_db,0.0,3,3,3,3,full_6d,2100195688,,,nan,,False,,1554.8774538263679,0.02621684250357483,0.02621684250357483,0.001703895941333594,0.0035215613334123857,2.932689696337148e-12,0.32974598861376386,False,direct_vp,global_exact_spherical_vp,proposed_post_stage1,False,1762e48ad30a13ca,jones_free,cpu,False,,numpy,numpy.linalg.solve,jones_free,False,,,0.0,0.0,0.0,0.0,True,6,4,nan,nan,"[0.0,0.0,0.0]",,"[2.816823080417759e-05,1.941195263229798e-07,5.884437106675412e-06]",jnpp_then_vp,[],3105587.5961012696,3096560,False,7680295.734907935,71.00417166154271,16.458321227917477,0.041453729196704585,"[5.028361430446477,4.968739726673545,5.069731979352784]",243.9111334234476,1547.3671728149056,1793.072317674756,nan,nan,nan,nan,False,,nan,,,nan,nan,nan,,,,,,,,0.02621684250357483,0.001703895941333594,0.32974598861376386,nan,nan,nan,False,not_run,not_requested
fig1_fig2,free_jones_vp_gated_rescue,72,2100195688,0.0,snr_db,0.0,3,3,3,3,full_6d,2100195688,,,nan,,False,,1696.4055764228106,0.0002392802210208404,0.0002392802210208404,6.913551591188915e-06,0.00012421821947637134,1.585404811052534e-12,0.3291853727550131,False,ris_only_stage2_then_vp,global_exact_spherical_vp,proposed_post_stage1,False,1762e48ad30a13ca,jones_free,cpu,False,,numpy,numpy.linalg.solve,jones_free,False,,,0.0,0.0,0.0,0.0,True,6,4,nan,nan,"[0.0,0.0,0.0]",,"[2.9811736210460975e-05,1.500222508501422e-07,6.77971821787174e-06]",jnpp_then_vp,[],3105587.5961012696,3096560,False,7680295.734907935,71.00417166154271,16.458321227917477,0.041453729196704585,"[5.028361430446477,4.968739726673545,5.069731979352784]",243.9111334234476,151.17956799268723,413.06177059561014,nan,nan,nan,nan,False,,nan,,,nan,nan,nan,,,,,,,,0.02621684250357483,0.001703895941333594,0.32974598861376386,0.0002392802210208404,6.913551591188915e-06,0.3291853727550131,True,accepted,accepted
fig1_fig2,PEB,72,2100195688,0.0,snr_db,0.0,3,3,3,3,full_6d,2100195688,,,nan,,False,,5.678465932607651,nan,nan,nan,nan,nan,nan,False,,,peb_only,False,4e3843389bf5fc56,,,,,,,adaptive_jones,True,fixed_anchor_then_adaptive_jones_score_selection,,nan,nan,nan,nan,True,,,nan,nan,,,,,[],nan,,,nan,nan,nan,nan,,nan,nan,nan,0.00039011467056600637,nan,nan,0.00039011467056600637,False,c74090ee2666e0b285da3833dfd6aa0f2593b8f113092ef5692488e84b651980,0.328789152725724,computed_unscaled,cpu,nan,nan,nan,,,,,,,,nan,nan,nan,nan,nan,nan,False,,
fig1_fig2,free_jones_vp,8,641399591,5.0,snr_db,5.0,3,3,3,3,full_6d,641399591,,,nan,,False,,205.14818865060806,0.0003948384762792091,0.0003948384762792091,1.6716577318470233e-06,9.354918207695906e-06,9.385478274967928e-14,0.07133734086291542,False,direct_vp,global_exact_spherical_vp,proposed_post_stage1,False,19c6fae7fe5b0ac1,jones_free,cpu,False,,numpy,numpy.linalg.solve,jones_free,False,,,0.0,0.0,0.0,0.0,True,6,4,nan,nan,"[0.0,0.0,0.0]",,"[1.5009791719417107e-06,4.147970683638141e-09,1.4778246165204492e-06]",direct_vp,[],3097893.0262599164,3096560,True,26977917.550916955,78.44548324802253,23.822306519586366,0.054717560120184396,"[4.904598290183817,5.014445523376848,5.026029351887282]",236.58226715028286,197.38064734637737,435.4362775236368,nan,nan,nan,nan,False,,nan,,,nan,nan,nan,,,,,,,,0.0003948384762792091,1.6716577318470233e-06,0.07133734086291542,nan,nan,nan,False,not_run,not_requested
fig1_fig2,free_jones_vp_gated_rescue,8,641399591,5.0,snr_db,5.0,3,3,3,3,full_6d,641399591,,,nan,,False,,201.54292734712362,0.0003948384762792091,0.0003948384762792091,1.6716577318470233e-06,9.354918207695906e-06,9.385478274967928e-14,0.07133734086291542,False,direct_vp,global_exact_spherical_vp,proposed_post_stage1,False,19c6fae7fe5b0ac1,jones_free,cpu,False,,numpy,numpy.linalg.solve,jones_free,False,,,0.0,0.0,0.0,0.0,True,6,4,nan,nan,"[0.0,0.0,0.0]",,"[1.5009791719417107e-06,4.147970683638141e-09,1.4778246165204492e-06]",direct_vp,[],3097893.0262599164,3096560,True,26977917.550916955,78.44548324802253,23.822306519586366,0.054717560120184396,"[4.904598290183817,5.014445523376848,5.026029351887282]",236.58226715028286,195.1900837942958,433.24571397155523,nan,nan,nan,nan,False,,nan,,,nan,nan,nan,,,,,,,,0.0003948384762792091,1.6716577318470233e-06,0.07133734086291542,nan,nan,nan,False,not_run,not_requested
fig1_fig2,PEB,8,641399591,5.0,snr_db,5.0,3,3,3,3,full_6d,641399591,,,nan,,False,,5.61968956887722,nan,nan,nan,nan,nan,nan,False,,,peb_only,False,a6be896d3422a95a,,,,,,,adaptive_jones,True,fixed_anchor_then_adaptive_jones_score_selection,,nan,nan,nan,nan,True,,,nan,nan,,,,,[],nan,,,nan,nan,nan,nan,,nan,nan,nan,0.00019536374498175258,nan,nan,0.00019536374498175258,False,e032c9cb8462fea3417aadc651e10a3437190e0cacf3ab5bdc4b175ff7382e20,0.07130701278172195,computed_unscaled,cpu,nan,nan,nan,,,,,,,,nan,nan,nan,nan,nan,nan,False,,
fig1_fig2,free_jones_vp,73,1489186484,0.0,snr_db,0.0,3,3,3,3,full_6d,1489186484,,,nan,,False,,1647.9061788842082,0.026362571806784856,0.026362571806784856,0.004726615235308078,0.005727834833552131,2.8392323946254073e-12,0.2838524921181154,False,direct_vp,global_exact_spherical_vp,proposed_post_stage1,False,d2908eb87b7a3848,jones_free,cpu,False,,numpy,numpy.linalg.solve,jones_free,False,,,0.0,0.0,0.0,0.0,True,6,4,nan,nan,"[0.0,0.0,0.0]",,"[2.5730010206484927e-06,3.2362483542104194e-06,1.3966807434672933e-05]",jnpp_then_vp,[],3110906.880239274,3096560,False,9228664.103764007,65.4380458950771,20.321807768288664,0.0248991509330923,"[5.074869881695205,5.051151208944799,5.111671855922671]",241.30332542955875,1531.6700739189982,1774.4240576773882,nan,nan,nan,nan,False,,nan,,,nan,nan,nan,,,,,,,,0.026362571806784856,0.004726615235308078,0.2838524921181154,nan,nan,nan,False,not_run,not_requested
fig1_fig2,free_jones_vp_gated_rescue,73,1489186484,0.0,snr_db,0.0,3,3,3,3,full_6d,1489186484,,,nan,,False,,1771.661002136767,0.0002530280562364483,0.0002530280562364483,9.574762932402528e-06,0.0001879475175774673,1.9725179442662285e-12,0.2824984870662349,False,ris_only_stage2_then_vp,global_exact_spherical_vp,proposed_post_stage1,False,d2908eb87b7a3848,jones_free,cpu,False,,numpy,numpy.linalg.solve,jones_free,False,,,0.0,0.0,0.0,0.0,True,6,4,nan,nan,"[0.0,0.0,0.0]",,"[2.4173869101800314e-06,2.6147928770877774e-06,1.3409745503153889e-05]",jnpp_then_vp,[],3110906.880239274,3096560,False,9228664.103764007,65.4380458950771,20.321807768288664,0.0248991509330923,"[5.074869881695205,5.051151208944799,5.111671855922671]",241.30332542955875,119.67072479426861,377.44653241336346,nan,nan,nan,nan,False,,nan,,,nan,nan,nan,,,,,,,,0.026362571806784856,0.004726615235308078,0.2838524921181154,0.0002530280562364483,9.574762932402528e-06,0.2824984870662349,True,accepted,accepted
fig1_fig2,PEB,73,1489186484,0.0,snr_db,0.0,3,3,3,3,full_6d,1489186484,,,nan,,False,,5.944835193455219,nan,nan,nan,nan,nan,nan,False,,,peb_only,False,389d59a4b296b7b1,,,,,,,adaptive_jones,True,fixed_anchor_then_adaptive_jones_score_selection,,nan,nan,nan,nan,True,,,nan,nan,,,,,[],nan,,,nan,nan,nan,nan,,nan,nan,nan,0.00033774383968190137,nan,nan,0.00033774383968190137,False,d64a78118eb17c14251c66a9269a2f68d800276ea77027a48898e01b93fc8e18,0.2825448811137477,computed_unscaled,cpu,nan,nan,nan,,,,,,,,nan,nan,nan,nan,nan,nan,False,,
fig1_fig2,free_jones_vp,62,1815661330,0.0,snr_db,0.0,3,3,3,3,full_6d,1815661330,,,nan,,False,,2140.946903333068,0.6652007451210121,0.6652007451210121,0.012027247639061248,0.01591389933977244,8.046908450165795e-11,0.5730235484512027,True,direct_vp,global_exact_spherical_vp,proposed_post_stage1,False,07d9ee69ee9e3d2c,jones_free,cpu,False,,numpy,numpy.linalg.solve,jones_free,False,,,0.0,0.0,0.0,0.0,True,6,4,nan,nan,"[0.0,0.0,0.0]",,"[1.1849333352029484e-06,2.3647004190445817e-05,2.634471266307836e-05]",jnpp_then_vp,"[""poor_clock_consistency""]",3134841.232295505,3096560,False,4224169.201683872,139.50630837466116,6.496488183291512,0.2876553105182834,"[5.017959023654228,4.959869843503362,4.380782593535687]",223.5848492383957,1998.6738372892141,2223.6837307810783,nan,nan,nan,nan,False,,nan,,,nan,nan,nan,,,,,,,,0.6652007451210121,0.012027247639061248,0.5730235484512027,nan,nan,nan,False,not_run,not_requested
fig1_fig2,free_jones_vp_gated_rescue,62,1815661330,0.0,snr_db,0.0,3,3,3,3,full_6d,1815661330,,,nan,,False,,2260.130591124296,0.0011822336918519728,0.0011822336918519728,7.672957620329597e-06,0.0004328614909766479,1.6140563564474036e-12,0.566161472179567,False,ris_only_stage2_then_vp,global_exact_spherical_vp,proposed_post_stage1,False,07d9ee69ee9e3d2c,jones_free,cpu,False,,numpy,numpy.linalg.solve,jones_free,False,,,0.0,0.0,0.0,0.0,True,6,4,nan,nan,"[0.0,0.0,0.0]",,"[9.140664318098237e-07,1.7540898297597174e-05,4.4457108308183255e-05]",jnpp_then_vp,"[""poor_clock_consistency""]",3134841.232295505,3096560,False,4224169.201683872,139.50630837466116,6.496488183291512,0.2876553105182834,"[5.017959023654228,4.959869843503362,4.380782593535687]",223.5848492383957,100.55855087190866,342.1198254227638,nan,nan,nan,nan,False,,nan,,,nan,nan,nan,,,,,,,,0.6652007451210121,0.012027247639061248,0.5730235484512027,0.0011822336918519728,7.672957620329597e-06,0.566161472179567,True,accepted,accepted
fig1_fig2,PEB,62,1815661330,0.0,snr_db,0.0,3,3,3,3,full_6d,1815661330,,,nan,,False,,5.945270113646984,nan,nan,nan,nan,nan,nan,False,,,peb_only,False,086c6dd990226f27,,,,,,,adaptive_jones,True,fixed_anchor_then_adaptive_jones_score_selection,,nan,nan,nan,nan,True,,,nan,nan,,,,,[],nan,,,nan,nan,nan,nan,,nan,nan,nan,0.0005692369713952982,nan,nan,0.0005692369713952982,False,97d98efc9e77b8da847d52d27748aedf3c40844281671ccf00f295af09763222,0.5660289743827024,computed_unscaled,cpu,nan,nan,nan,,,,,,,,nan,nan,nan,nan,nan,nan,False,,
fig1_fig2,free_jones_vp,96,400860106,0.0,snr_db,0.0,3,3,3,3,full_6d,400860106,,,nan,,False,,900.9744860380888,0.0019783107842903168,0.0019783107842903168,1.548668919218704e-05,0.0008648243268284209,3.3948978631637248e-12,0.3880037890969233,False,direct_vp,global_exact_spherical_vp,proposed_post_stage1,False,bd8e56e66d817233,jones_free,cpu,False,,numpy,numpy.linalg.solve,jones_free,False,,,0.0,0.0,0.0,0.0,True,6,4,nan,nan,"[0.0,0.0,0.0]",,"[1.432087405974311e-06,3.5410136030402296e-05,5.676576139920915e-05]",direct_vp,"[""poor_clock_consistency""]",3096190.8374222983,3096560,True,3938241.146194805,179.10634798861523,7.486515976165483,0.18857480752431557,"[4.975378183527143,5.0087544851976675,4.59308440743733]",234.0065978690982,893.4777861386538,1128.8735445812345,nan,nan,nan,nan,False,,nan,,,nan,nan,nan,,,,,,,,0.0019783107842903168,1.548668919218704e-05,0.3880037890969233,nan,nan,nan,False,not_run,not_requested
fig1_fig2,free_jones_vp_gated_rescue,96,400860106,0.0,snr_db,0.0,3,3,3,3,full_6d,400860106,,,nan,,False,,904.0328858271241,0.0019783107842903168,0.0019783107842903168,1.548668919218704e-05,0.0008648243268284209,3.3948978631637248e-12,0.3880037890969233,False,direct_vp,global_exact_spherical_vp,proposed_post_stage1,False,bd8e56e66d817233,jones_free,cpu,False,,numpy,numpy.linalg.solve,jones_free,False,,,0.0,0.0,0.0,0.0,True,6,4,nan,nan,"[0.0,0.0,0.0]",,"[1.432087405974311e-06,3.5410136030402296e-05,5.676576139920915e-05]",direct_vp,"[""poor_clock_consistency""]",3096190.8374222983,3096560,True,3938241.146194805,179.10634798861523,7.486515976165483,0.18857480752431557,"[4.975378183527143,5.0087544851976675,4.59308440743733]",234.0065978690982,897.3458468988538,1132.7416053414345,nan,nan,nan,nan,False,,nan,,,nan,nan,nan,,,,,,,,0.0019783107842903168,1.548668919218704e-05,0.3880037890969233,nan,nan,nan,False,not_run,not_requested
fig1_fig2,PEB,96,400860106,0.0,snr_db,0.0,3,3,3,3,full_6d,400860106,,,nan,,False,,5.834638126194477,nan,nan,nan,nan,nan,nan,False,,,peb_only,False,b952a0a897d93fd8,,,,,,,adaptive_jones,True,fixed_anchor_then_adaptive_jones_score_selection,,nan,nan,nan,nan,True,,,nan,nan,,,,,[],nan,,,nan,nan,nan,nan,,nan,nan,nan,0.0005678885094626007,nan,nan,0.0005678885094626007,False,068cb33011bae3d96200da86a8f7a06c5faec1d6e8cbb10e1a89bf0c1ef02e63,0.38805205632185025,computed_unscaled,cpu,nan,nan,nan,,,,,,,,nan,nan,nan,nan,nan,nan,False,,
fig1_fig2,free_jones_vp,83,2856883752,0.0,snr_db,0.0,3,3,3,3,full_6d,2856883752,,,nan,,False,,1300.7197174727917,0.02665437428725105,0.02665437428725105,0.0039027709571374837,0.0115798917211961,6.356571514596345e-12,0.20650585106214545,False,direct_vp,global_exact_spherical_vp,proposed_post_stage1,False,849ddafb8f276603,jones_free,cpu,False,,numpy,numpy.linalg.solve,jones_free,False,,,0.0,0.0,0.0,0.0,True,6,4,nan,nan,"[0.0,0.0,0.0]",,"[1.1510603582791588e-05,0.0011525552504160867,1.5222686956064964e-06]",jnpp_then_vp,[],3105274.401432644,3096560,False,8009691.584757009,97.82258247774219,4.115083857272069,0.060531025861171636,"[4.962956269161986,5.091884845251782,4.9640084951546255]",219.6441404223442,1293.8204477205873,1514.8782272934914,nan,nan,nan,nan,False,,nan,,,nan,nan,nan,,,,,,,,0.02665437428725105,0.0039027709571374837,0.20650585106214545,nan,nan,nan,False,not_run,not_requested
fig1_fig2,free_jones_vp_gated_rescue,83,2856883752,0.0,snr_db,0.0,3,3,3,3,full_6d,2856883752,,,nan,,False,,1431.893173366785,0.0014537358818010272,0.0014537358818010272,1.5718983111593064e-05,5.273260989595394e-05,6.150079690805326e-13,0.20569227091724807,False,ris_only_stage2_then_vp,global_exact_spherical_vp,proposed_post_stage1,False,849ddafb8f276603,jones_free,cpu,False,,numpy,numpy.linalg.solve,jones_free,False,,,0.0,0.0,0.0,0.0,True,6,4,nan,nan,"[0.0,0.0,0.0]",,"[1.1306247137224208e-05,0.0012548519329462356,1.536093829556021e-06]",jnpp_then_vp,[],3105274.401432644,3096560,False,8009691.584757009,97.82258247774219,4.115083857272069,0.060531025861171636,"[4.962956269161986,5.091884845251782,4.9640084951546255]",219.6441404223442,98.3450606316328,334.03287459909916,nan,nan,nan,nan,False,,nan,,,nan,nan,nan,,,,,,,,0.02665437428725105,0.0039027709571374837,0.20650585106214545,0.0014537358818010272,1.5718983111593064e-05,0.20569227091724807,True,accepted,accepted
fig1_fig2,PEB,83,2856883752,0.0,snr_db,0.0,3,3,3,3,full_6d,2856883752,,,nan,,False,,5.723289109766483,nan,nan,nan,nan,nan,nan,False,,,peb_only,False,ff58a40db03c6e10,,,,,,,adaptive_jones,True,fixed_anchor_then_adaptive_jones_score_selection,,nan,nan,nan,nan,True,,,nan,nan,,,,,[],nan,,,nan,nan,nan,nan,,nan,nan,nan,0.00031440114462357507,nan,nan,0.00031440114462357507,False,700eea5a638faf3db61de2a763659338a112f897687c33a7cb33c68c29ad4a9e,0.20592739307147653,computed_unscaled,cpu,nan,nan,nan,,,,,,,,nan,nan,nan,nan,nan,nan,False,,
fig1_fig2,free_jones_vp,15,2734808712,5.0,snr_db,5.0,3,3,3,3,full_6d,2734808712,,,nan,,False,,332.66170171648264,0.0019026850078332623,0.0019026850078332623,6.185891424039165e-05,0.0014528829161311863,1.4710966485935078e-12,0.03651698608979567,False,direct_vp,global_exact_spherical_vp,proposed_post_stage1,False,0751ec4b423f255d,jones_free,cpu,False,,numpy,numpy.linalg.solve,jones_free,False,,,0.0,0.0,0.0,0.0,True,6,4,nan,nan,"[0.0,0.0,0.0]",,"[1.8506873614977129e-06,9.758197471653277e-09,2.2025031028043744e-06]",direct_vp,[],3100050.968892209,3096560,True,27406717.480369136,70.20475235238567,24.008387640412643,0.06297872131344068,"[4.896487008173702,5.032797026495999,5.027196962790613]",241.5629853233695,325.4216843023896,568.8120388686657,nan,nan,nan,nan,False,,nan,,,nan,nan,nan,,,,,,,,0.0019026850078332623,6.185891424039165e-05,0.03651698608979567,nan,nan,nan,False,not_run,not_requested
fig1_fig2,free_jones_vp_gated_rescue,15,2734808712,5.0,snr_db,5.0,3,3,3,3,full_6d,2734808712,,,nan,,False,,331.957660831511,0.0019026850078332623,0.0019026850078332623,6.185891424039165e-05,0.0014528829161311863,1.4710966485935078e-12,0.03651698608979567,False,direct_vp,global_exact_spherical_vp,proposed_post_stage1,False,0751ec4b423f255d,jones_free,cpu,False,,numpy,numpy.linalg.solve,jones_free,False,,,0.0,0.0,0.0,0.0,True,6,4,nan,nan,"[0.0,0.0,0.0]",,"[1.8506873614977129e-06,9.758197471653277e-09,2.2025031028043744e-06]",direct_vp,[],3100050.968892209,3096560,True,27406717.480369136,70.20475235238567,24.008387640412643,0.06297872131344068,"[4.896487008173702,5.032797026495999,5.027196962790613]",241.5629853233695,325.2288254275918,568.6191799938679,nan,nan,nan,nan,False,,nan,,,nan,nan,nan,,,,,,,,0.0019026850078332623,6.185891424039165e-05,0.03651698608979567,nan,nan,nan,False,not_run,not_requested
fig1_fig2,PEB,15,2734808712,5.0,snr_db,5.0,3,3,3,3,full_6d,2734808712,,,nan,,False,,5.991715267300606,nan,nan,nan,nan,nan,nan,False,,,peb_only,False,fdca5b03e362d84f,,,,,,,adaptive_jones,True,fixed_anchor_then_adaptive_jones_score_selection,,nan,nan,nan,nan,True,,,nan,nan,,,,,[],nan,,,nan,nan,nan,nan,,nan,nan,nan,0.0001946618384083946,nan,nan,0.0001946618384083946,False,3745774ba39f0b3a489ec82705d3e30e7ac3ac0889ba9ff94e26de5537c07034,0.03647605276580435,computed_unscaled,cpu,nan,nan,nan,,,,,,,,nan,nan,nan,nan,nan,nan,False,,
fig1_fig2,free_jones_vp,94,3608384463,0.0,snr_db,0.0,3,3,3,3,full_6d,3608384463,,,nan,,False,,1139.9453616142273,0.02727502625503293,0.02727502625503293,0.005132977083766447,0.005367463664840867,7.11677769539692e-12,0.47031632135507945,False,direct_vp,global_exact_spherical_vp,proposed_post_stage1,False,08ab5d8fae1203ca,jones_free,cpu,False,,numpy,numpy.linalg.solve,jones_free,False,,,0.0,0.0,0.0,0.0,True,6,4,nan,nan,"[0.0,0.0,0.0]",,"[0.0001370422831797026,2.528689858997273e-07,8.110906470417764e-06]",jnpp_then_vp,[],3114536.228438795,3096560,False,6410725.511949171,90.94771640775888,11.959475964810549,0.05442890539111493,"[5.120462845166091,5.04275738267852,5.175432668055263]",228.6383037492633,1025.1432849913836,1255.1765701398253,nan,nan,nan,nan,False,,nan,,,nan,nan,nan,,,,,,,,0.02727502625503293,0.005132977083766447,0.47031632135507945,nan,nan,nan,False,not_run,not_requested
fig1_fig2,free_jones_vp_gated_rescue,94,3608384463,0.0,snr_db,0.0,3,3,3,3,full_6d,3608384463,,,nan,,False,,1212.911797568202,0.0025383782906303665,0.0025383782906303665,2.0355134797178713e-05,0.00024260428080416724,9.55023454322677e-13,0.46793346232757826,False,ris_only_stage2_then_vp,global_exact_spherical_vp,proposed_post_stage1,False,08ab5d8fae1203ca,jones_free,cpu,False,,numpy,numpy.linalg.solve,jones_free,False,,,0.0,0.0,0.0,0.0,True,6,4,nan,nan,"[0.0,0.0,0.0]",,"[0.00013159083236901825,3.2359695653320685e-07,2.780809036114515e-05]",jnpp_then_vp,[],3114536.228438795,3096560,False,6410725.511949171,90.94771640775888,11.959475964810549,0.05442890539111493,"[5.120462845166091,5.04275738267852,5.175432668055263]",228.6383037492633,54.26862468570471,300.6068672463298,nan,nan,nan,nan,False,,nan,,,nan,nan,nan,,,,,,,,0.02727502625503293,0.005132977083766447,0.47031632135507945,0.0025383782906303665,2.0355134797178713e-05,0.46793346232757826,True,accepted,accepted
fig1_fig2,PEB,94,3608384463,0.0,snr_db,0.0,3,3,3,3,full_6d,3608384463,,,nan,,False,,5.893703505396843,nan,nan,nan,nan,nan,nan,False,,,peb_only,False,13f5a0ffe53136da,,,,,,,adaptive_jones,True,fixed_anchor_then_adaptive_jones_score_selection,,nan,nan,nan,nan,True,,,nan,nan,,,,,[],nan,,,nan,nan,nan,nan,,nan,nan,nan,0.00042618828225929193,nan,nan,0.00042618828225929193,False,ef18bf3cff118d7dc1efd356b9a296459495c6f9c6bb71ac5354d9f7a0cabc56,0.4676042037393325,computed_unscaled,cpu,nan,nan,nan,,,,,,,,nan,nan,nan,nan,nan,nan,False,,
fig1_fig2,free_jones_vp,95,1902842209,0.0,snr_db,0.0,3,3,3,3,full_6d,1902842209,,,nan,,False,,1158.9985578805208,0.024657007332352755,0.024657007332352755,0.004264745021611478,0.011235060861032271,4.3078081859203364e-12,0.2841976234142888,False,direct_vp,global_exact_spherical_vp,proposed_post_stage1,False,db456b4140a8c7da,jones_free,cpu,False,,numpy,numpy.linalg.solve,jones_free,False,,,0.0,0.0,0.0,0.0,True,6,4,nan,nan,"[0.0,0.0,0.0]",,"[0.0003636056717527605,5.880540293174353e-06,3.581646064159834e-06]",jnpp_then_vp,"[""poor_clock_consistency""]",3107913.5490517844,3096560,False,7012883.893425568,98.62017785958663,8.771802299156647,0.100196060600932,"[4.9144867759781325,5.159667261883096,5.046643863672199]",228.4014487490058,1029.6687247306108,1259.4790695235133,nan,nan,nan,nan,False,,nan,,,nan,nan,nan,,,,,,,,0.024657007332352755,0.004264745021611478,0.2841976234142888,nan,nan,nan,False,not_run,not_requested
fig1_fig2,free_jones_vp_gated_rescue,95,1902842209,0.0,snr_db,0.0,3,3,3,3,full_6d,1902842209,,,nan,,False,,1241.5473279803991,0.0009855196246376812,0.0009855196246376812,3.100477429363786e-05,0.0008023506489231452,1.8975119999948705e-12,0.2830072067486371,False,ris_only_stage2_then_vp,global_exact_spherical_vp,proposed_post_stage1,False,db456b4140a8c7da,jones_free,cpu,False,,numpy,numpy.linalg.solve,jones_free,False,,,0.0,0.0,0.0,0.0,True,6,4,nan,nan,"[0.0,0.0,0.0]",,"[0.0003516111583411863,3.934095472762114e-06,3.877525083227653e-06]",jnpp_then_vp,"[""poor_clock_consistency""]",3107913.5490517844,3096560,False,7012883.893425568,98.62017785958663,8.771802299156647,0.100196060600932,"[4.9144867759781325,5.159667261883096,5.046643863672199]",228.4014487490058,53.934577353298664,300.21268878877163,nan,nan,nan,nan,False,,nan,,,nan,nan,nan,,,,,,,,0.024657007332352755,0.004264745021611478,0.2841976234142888,0.0009855196246376812,3.100477429363786e-05,0.2830072067486371,True,accepted,accepted
fig1_fig2,PEB,95,1902842209,0.0,snr_db,0.0,3,3,3,3,full_6d,1902842209,,,nan,,False,,5.813706241548061,nan,nan,nan,nan,nan,nan,False,,,peb_only,False,7daa591c1367432e,,,,,,,adaptive_jones,True,fixed_anchor_then_adaptive_jones_score_selection,,nan,nan,nan,nan,True,,,nan,nan,,,,,[],nan,,,nan,nan,nan,nan,,nan,nan,nan,0.00032902400615081534,nan,nan,0.00032902400615081534,False,76a18cb09eabd2843f7f18de70d1414c840c1b810997a8411f8aedb26f349b2f,0.28316088141841084,computed_unscaled,cpu,nan,nan,nan,,,,,,,,nan,nan,nan,nan,nan,nan,False,,
fig1_fig2,free_jones_vp,82,2146768378,0.0,snr_db,0.0,3,3,3,3,full_6d,2146768378,,,nan,,False,,1790.5370946526527,0.026547074073085628,0.026547074073085628,0.0034393435151483073,0.010249036934567315,6.423930456136247e-12,0.6621795394462654,False,direct_vp,global_exact_spherical_vp,proposed_post_stage1,False,2c5a10568c88bf1d,jones_free,cpu,False,,numpy,numpy.linalg.solve,jones_free,False,,,0.0,0.0,0.0,0.0,True,6,4,nan,nan,"[0.0,0.0,0.0]",,"[3.0102677185928356e-07,1.6602676202758234e-05,1.7856911093601414e-06]",jnpp_then_vp,[],3110733.771623826,3096560,False,8447050.61503656,68.49848524106348,12.20755114927989,0.08531564326408621,"[5.092775422265987,4.9282018053676255,4.898949119014359]",243.44162575900555,1669.0285233929753,1913.9302029386163,nan,nan,nan,nan,False,,nan,,,nan,nan,nan,,,,,,,,0.026547074073085628,0.0034393435151483073,0.6621795394462654,nan,nan,nan,False,not_run,not_requested
fig1_fig2,free_jones_vp_gated_rescue,82,2146768378,0.0,snr_db,0.0,3,3,3,3,full_6d,2146768378,,,nan,,False,,1935.871720701456,0.0005192046614525567,0.0005192046614525567,5.186789930466724e-06,8.744780527785443e-05,1.3598459630158776e-12,0.6599518895262674,False,ris_only_stage2_then_vp,global_exact_spherical_vp,proposed_post_stage1,False,2c5a10568c88bf1d,jones_free,cpu,False,,numpy,numpy.linalg.solve,jones_free,False,,,0.0,0.0,0.0,0.0,True,6,4,nan,nan,"[0.0,0.0,0.0]",,"[3.8884828144974326e-08,1.976002132255635e-05,2.789133130435199e-06]",jnpp_then_vp,[],3110733.771623826,3096560,False,8447050.61503656,68.49848524106348,12.20755114927989,0.08531564326408621,"[5.092775422265987,4.9282018053676255,4.898949119014359]",243.44162575900555,107.95124337077141,367.70915100723505,nan,nan,nan,nan,False,,nan,,,nan,nan,nan,,,,,,,,0.026547074073085628,0.0034393435151483073,0.6621795394462654,0.0005192046614525567,5.186789930466724e-06,0.6599518895262674,True,accepted,accepted
fig1_fig2,PEB,82,2146768378,0.0,snr_db,0.0,3,3,3,3,full_6d,2146768378,,,nan,,False,,5.904311984777451,nan,nan,nan,nan,nan,nan,False,,,peb_only,False,e568a5235752cc01,,,,,,,adaptive_jones,True,fixed_anchor_then_adaptive_jones_score_selection,,nan,nan,nan,nan,True,,,nan,nan,,,,,[],nan,,,nan,nan,nan,nan,,nan,nan,nan,0.00035906194735984843,nan,nan,0.00035906194735984843,False,3a0d3e6549ad4d642256987481bea72461b73f437bf823d820291ff80c435722,0.6591657853349463,computed_unscaled,cpu,nan,nan,nan,,,,,,,,nan,nan,nan,nan,nan,nan,False,,
fig1_fig2,free_jones_vp,20,3607282624,5.0,snr_db,5.0,3,3,3,3,full_6d,3607282624,,,nan,,False,,114.115508466959,0.001243550509730165,0.001243550509730165,3.442979875837884e-05,0.0010847811411961472,4.1678557115950806e-13,0.1808398287195638,False,direct_vp,global_exact_spherical_vp,proposed_post_stage1,False,bf966af01d8c812a,jones_free,cpu,False,,numpy,numpy.linalg.solve,jones_free,False,,,0.0,0.0,0.0,0.0,True,6,4,nan,nan,"[0.0,0.0,0.0]",,"[5.861011018638352e-06,9.10485893220229e-07,6.961566778851711e-07]",direct_vp,[],3095547.82712172,3096560,True,27156869.338223856,65.4548514665831,29.558140663477122,0.025390076031521713,"[4.943508664961018,5.0013262424994025,4.992261788430162]",235.77458116412163,106.23806845396757,343.4786628484726,nan,nan,nan,nan,False,,nan,,,nan,nan,nan,,,,,,,,0.001243550509730165,3.442979875837884e-05,0.1808398287195638,nan,nan,nan,False,not_run,not_requested
fig1_fig2,free_jones_vp_gated_rescue,20,3607282624,5.0,snr_db,5.0,3,3,3,3,full_6d,3607282624,,,nan,,False,,117.74381674826145,0.001243550509730165,0.001243550509730165,3.442979875837884e-05,0.0010847811411961472,4.1678557115950806e-13,0.1808398287195638,False,direct_vp,global_exact_spherical_vp,proposed_post_stage1,False,bf966af01d8c812a,jones_free,cpu,False,,numpy,numpy.linalg.solve,jones_free,False,,,0.0,0.0,0.0,0.0,True,6,4,nan,nan,"[0.0,0.0,0.0]",,"[5.861011018638352e-06,9.10485893220229e-07,6.961566778851711e-07]",direct_vp,[],3095547.82712172,3096560,True,27156869.338223856,65.4548514665831,29.558140663477122,0.025390076031521713,"[4.943508664961018,5.0013262424994025,4.992261788430162]",235.77458116412163,110.3838772624731,347.62447165697813,nan,nan,nan,nan,False,,nan,,,nan,nan,nan,,,,,,,,0.001243550509730165,3.442979875837884e-05,0.1808398287195638,nan,nan,nan,False,not_run,not_requested
fig1_fig2,PEB,20,3607282624,5.0,snr_db,5.0,3,3,3,3,full_6d,3607282624,,,nan,,False,,5.838429927825928,nan,nan,nan,nan,nan,nan,False,,,peb_only,False,2a5f2a62f0ea5953,,,,,,,adaptive_jones,True,fixed_anchor_then_adaptive_jones_score_selection,,nan,nan,nan,nan,True,,,nan,nan,,,,,[],nan,,,nan,nan,nan,nan,,nan,nan,nan,0.00018984418448603674,nan,nan,0.00018984418448603674,False,614c1d5045ebcd05d85977496f662de337f9fdc3d750d62d2ed64ea91c25b070,0.18089989388979738,computed_unscaled,cpu,nan,nan,nan,,,,,,,,nan,nan,nan,nan,nan,nan,False,,
fig1_fig2,free_jones_vp,19,3846521747,5.0,snr_db,5.0,3,3,3,3,full_6d,3846521747,,,nan,,False,,331.0134953185916,0.0025189704257376155,0.0025189704257376155,0.0002586739113748505,0.0021132380843327716,7.07219419395787e-13,0.037508933074180885,False,direct_vp,global_exact_spherical_vp,proposed_post_stage1,False,01986c3312bd325c,jones_free,cpu,False,,numpy,numpy.linalg.solve,jones_free,False,,,0.0,0.0,0.0,0.0,True,6,4,nan,nan,"[0.0,0.0,0.0]",,"[3.304662764952207e-06,9.093434505540939e-09,1.719953269477445e-06]",direct_vp,[],3097446.3094403227,3096560,True,20864215.999856867,81.07961106699337,24.807861575512877,0.07112636716065901,"[5.017909540769676,4.966529407168989,5.136390836860891]",238.90775805711746,323.2461949214339,563.6567536741495,nan,nan,nan,nan,False,,nan,,,nan,nan,nan,,,,,,,,0.0025189704257376155,0.0002586739113748505,0.037508933074180885,nan,nan,nan,False,not_run,not_requested
fig1_fig2,free_jones_vp_gated_rescue,19,3846521747,5.0,snr_db,5.0,3,3,3,3,full_6d,3846521747,,,nan,,False,,329.2965359687805,0.0025189704257376155,0.0025189704257376155,0.0002586739113748505,0.0021132380843327716,7.07219419395787e-13,0.037508933074180885,False,direct_vp,global_exact_spherical_vp,proposed_post_stage1,False,01986c3312bd325c,jones_free,cpu,False,,numpy,numpy.linalg.solve,jones_free,False,,,0.0,0.0,0.0,0.0,True,6,4,nan,nan,"[0.0,0.0,0.0]",,"[3.304662764952207e-06,9.093434505540939e-09,1.719953269477445e-06]",direct_vp,[],3097446.3094403227,3096560,True,20864215.999856867,81.07961106699337,24.807861575512877,0.07112636716065901,"[5.017909540769676,4.966529407168989,5.136390836860891]",238.90775805711746,322.85925130546093,563.2698100581765,nan,nan,nan,nan,False,,nan,,,nan,nan,nan,,,,,,,,0.0025189704257376155,0.0002586739113748505,0.037508933074180885,nan,nan,nan,False,not_run,not_requested
fig1_fig2,PEB,19,3846521747,5.0,snr_db,5.0,3,3,3,3,full_6d,3846521747,,,nan,,False,,5.662777461111546,nan,nan,nan,nan,nan,nan,False,,,peb_only,False,cfb41ceb523d315b,,,,,,,adaptive_jones,True,fixed_anchor_then_adaptive_jones_score_selection,,nan,nan,nan,nan,True,,,nan,nan,,,,,[],nan,,,nan,nan,nan,nan,,nan,nan,nan,0.00022248313691943764,nan,nan,0.00022248313691943764,False,66683f008884b5deaddb95c24fc2a892e518e793d697d2821f0c6f98570400e4,0.03749839394765869,computed_unscaled,cpu,nan,nan,nan,,,,,,,,nan,nan,nan,nan,nan,nan,False,,
fig1_fig2,free_jones_vp,1,112311654,5.0,snr_db,5.0,3,3,3,3,full_6d,112311654,,,nan,,False,,1282.9523955881596,0.026763272942046074,0.026763272942046074,0.004388490504404164,0.010097334760116242,4.515633888615202e-12,0.09738578840219539,False,direct_vp,global_exact_spherical_vp,proposed_post_stage1,False,aad56cd0bbb3ad47,jones_free,cpu,False,,numpy,numpy.linalg.solve,jones_free,False,,,0.0,0.0,0.0,0.0,True,6,4,nan,nan,"[0.0,0.0,0.0]",,"[1.7651677260956807e-07,1.7455714776375322e-07,4.526569442173702e-06]",jnpp_then_vp,[],3138662.587688715,3096560,False,18009642.56839086,87.90903487519277,14.839828088768984,0.09169322389580829,"[4.998360640459441,4.997619841535197,4.803480597790237]",234.08034041523933,1162.4811033308506,1398.0115037932992,nan,nan,nan,nan,False,,nan,,,nan,nan,nan,,,,,,,,0.026763272942046074,0.004388490504404164,0.09738578840219539,nan,nan,nan,False,not_run,not_requested
fig1_fig2,free_jones_vp_gated_rescue,1,112311654,5.0,snr_db,5.0,3,3,3,3,full_6d,112311654,,,nan,,False,,1366.4959573373199,0.0007025020661562384,0.0007025020661562384,3.58561925597602e-06,2.424806120353983e-05,4.2318784217723083e-13,0.09607578029709847,False,ris_only_stage2_then_vp,global_exact_spherical_vp,proposed_post_stage1,False,aad56cd0bbb3ad47,jones_free,cpu,False,,numpy,numpy.linalg.solve,jones_free,False,,,0.0,0.0,0.0,0.0,True,6,4,nan,nan,"[0.0,0.0,0.0]",,"[1.2103678684095198e-07,2.404187831010415e-07,3.2986053107257667e-06]",jnpp_then_vp,[],3138662.587688715,3096560,False,18009642.56839086,87.90903487519277,14.839828088768984,0.09169322389580829,"[4.998360640459441,4.997619841535197,4.803480597790237]",234.08034041523933,54.245685428380966,301.91085720062256,nan,nan,nan,nan,False,,nan,,,nan,nan,nan,,,,,,,,0.026763272942046074,0.004388490504404164,0.09738578840219539,0.0007025020661562384,3.58561925597602e-06,0.09607578029709847,True,accepted,accepted
fig1_fig2,PEB,1,112311654,5.0,snr_db,5.0,3,3,3,3,full_6d,112311654,,,nan,,False,,5.872380532324314,nan,nan,nan,nan,nan,nan,False,,,peb_only,False,b90ad4caea76c691,,,,,,,adaptive_jones,True,fixed_anchor_then_adaptive_jones_score_selection,,nan,nan,nan,nan,True,,,nan,nan,,,,,[],nan,,,nan,nan,nan,nan,,nan,nan,nan,0.00025546308279901893,nan,nan,0.00025546308279901893,False,e3b48bd20620d3b9b8ef02e72c1473ee968de0b883c8a7b45706956b70dd2349,0.09607993426569139,computed_unscaled,cpu,nan,nan,nan,,,,,,,,nan,nan,nan,nan,nan,nan,False,,
fig1_fig2,free_jones_vp,22,3206710796,5.0,snr_db,5.0,3,3,3,3,full_6d,3206710796,,,nan,,False,,240.3281857818365,0.00010855473396153259,0.00010855473396153259,1.5568028965502428e-06,2.538739442205145e-05,6.031992480640422e-13,0.03387934061614814,False,direct_vp,global_exact_spherical_vp,proposed_post_stage1,False,f077c940812097f1,jones_free,cpu,False,,numpy,numpy.linalg.solve,jones_free,False,,,0.0,0.0,0.0,0.0,True,6,4,nan,nan,"[0.0,0.0,0.0]",,"[3.179110199433124e-06,7.86938461557215e-07,1.4439578037003549e-05]",direct_vp,[],3093207.498601986,3096560,True,17973102.497425083,85.48405924664156,25.357627708112577,0.03729802931912294,"[4.964771721069134,4.945611605483194,5.032553223097278]",236.64095612615347,232.69001273065805,470.7795311510563,nan,nan,nan,nan,False,,nan,,,nan,nan,nan,,,,,,,,0.00010855473396153259,1.5568028965502428e-06,0.03387934061614814,nan,nan,nan,False,not_run,not_requested
fig1_fig2,free_jones_vp_gated_rescue,22,3206710796,5.0,snr_db,5.0,3,3,3,3,full_6d,3206710796,,,nan,,False,,236.70123878121376,0.00010855473396153259,0.00010855473396153259,1.5568028965502428e-06,2.538739442205145e-05,6.031992480640422e-13,0.03387934061614814,False,direct_vp,global_exact_spherical_vp,proposed_post_stage1,False,f077c940812097f1,jones_free,cpu,False,,numpy,numpy.linalg.solve,jones_free,False,,,0.0,0.0,0.0,0.0,True,6,4,nan,nan,"[0.0,0.0,0.0]",,"[3.179110199433124e-06,7.86938461557215e-07,1.4439578037003549e-05]",direct_vp,[],3093207.498601986,3096560,True,17973102.497425083,85.48405924664156,25.357627708112577,0.03729802931912294,"[4.964771721069134,4.945611605483194,5.032553223097278]",236.64095612615347,230.12770131975412,468.21721974015236,nan,nan,nan,nan,False,,nan,,,nan,nan,nan,,,,,,,,0.00010855473396153259,1.5568028965502428e-06,0.03387934061614814,nan,nan,nan,False,not_run,not_requested
fig1_fig2,PEB,22,3206710796,5.0,snr_db,5.0,3,3,3,3,full_6d,3206710796,,,nan,,False,,5.774665340781212,nan,nan,nan,nan,nan,nan,False,,,peb_only,False,d293db68c90e0c16,,,,,,,adaptive_jones,True,fixed_anchor_then_adaptive_jones_score_selection,,nan,nan,nan,nan,True,,,nan,nan,,,,,[],nan,,,nan,nan,nan,nan,,nan,nan,nan,0.00023889104109124345,nan,nan,0.00023889104109124345,False,c84ba72aa3a760a0760b6b67e247dbffd03ad56315a9283ecceeafa1a6824f29,0.033916235200905503,computed_unscaled,cpu,nan,nan,nan,,,,,,,,nan,nan,nan,nan,nan,nan,False,,
fig1_fig2,free_jones_vp,99,791425146,0.0,snr_db,0.0,3,3,3,3,full_6d,791425146,,,nan,,False,,1311.3017651289701,0.023785089707183155,0.023785089707183155,0.0024416757087568726,0.001443097989137676,2.303390123111405e-12,0.4893672378098364,False,direct_vp,global_exact_spherical_vp,proposed_post_stage1,False,34a45a556f9e0dc7,jones_free,cpu,False,,numpy,numpy.linalg.solve,jones_free,False,,,0.0,0.0,0.0,0.0,True,6,4,nan,nan,"[0.0,0.0,0.0]",,"[8.433830037773159e-05,8.31719754306474e-07,2.2297618271716522e-05]",jnpp_then_vp,[],3107799.015241396,3096560,False,7221476.087990165,86.38288025249064,9.601484652290798,0.0709940296394354,"[5.138528151498026,4.996093560816353,5.153710946625954]",231.18066953122616,1186.5315382108092,1419.0373708754778,nan,nan,nan,nan,False,,nan,,,nan,nan,nan,,,,,,,,0.023785089707183155,0.0024416757087568726,0.4893672378098364,nan,nan,nan,False,not_run,not_requested
fig1_fig2,free_jones_vp_gated_rescue,99,791425146,0.0,snr_db,0.0,3,3,3,3,full_6d,791425146,,,nan,,False,,1555.5602821409702,0.0005229720234874598,0.0005229720234874598,2.7362346230284786e-06,2.2092324291242956e-05,1.1849206592003526e-12,0.48816894623636514,False,ris_only_stage2_then_vp,global_exact_spherical_vp,proposed_post_stage1,False,34a45a556f9e0dc7,jones_free,cpu,False,,numpy,numpy.linalg.solve,jones_free,False,,,0.0,0.0,0.0,0.0,True,6,4,nan,nan,"[0.0,0.0,0.0]",,"[8.324207221367939e-05,9.48616994045412e-07,2.357658810479092e-05]",jnpp_then_vp,[],3107799.015241396,3096560,False,7221476.087990165,86.38288025249064,9.601484652290798,0.0709940296394354,"[5.138528151498026,4.996093560816353,5.153710946625954]",231.18066953122616,217.73583575338125,465.19098972529173,nan,nan,nan,nan,False,,nan,,,nan,nan,nan,,,,,,,,0.023785089707183155,0.0024416757087568726,0.4893672378098364,0.0005229720234874598,2.7362346230284786e-06,0.48816894623636514,True,accepted,accepted
fig1_fig2,PEB,99,791425146,0.0,snr_db,0.0,3,3,3,3,full_6d,791425146,,,nan,,False,,5.660820312798023,nan,nan,nan,nan,nan,nan,False,,,peb_only,False,e157a32960ffefe7,,,,,,,adaptive_jones,True,fixed_anchor_then_adaptive_jones_score_selection,,nan,nan,nan,nan,True,,,nan,nan,,,,,[],nan,,,nan,nan,nan,nan,,nan,nan,nan,0.0004036639023814362,nan,nan,0.0004036639023814362,False,e87830ebc0416602d2d1d8939341d7618b51ba4eed304ffbe1d9772aa1babc70,0.4876000141439414,computed_unscaled,cpu,nan,nan,nan,,,,,,,,nan,nan,nan,nan,nan,nan,False,,
fig1_fig2,free_jones_vp,91,3347136468,0.0,snr_db,0.0,3,3,3,3,full_6d,3347136468,,,nan,,False,,1725.7271125614643,0.007552892704353971,0.007552892704353971,0.0002460013904108313,0.002259748862637405,1.6766476261600269e-12,0.2466975522389129,False,direct_vp,global_exact_spherical_vp,proposed_post_stage1,False,5d420e9172ce5e68,jones_free,cpu,False,,numpy,numpy.linalg.solve,jones_free,False,,,0.0,0.0,0.0,0.0,True,6,4,nan,nan,"[0.0,0.0,0.0]",,"[1.4420879756761246e-05,7.822606468167241e-06,5.732614565929122e-06]",direct_vp,"[""poor_clock_consistency""]",3099507.5031009964,3096560,True,6861872.350869243,112.93974054492955,12.812287791947206,0.1877490174498031,"[4.735808939202565,5.150385723962465,5.11548697205942]",231.307884439826,1595.2850646451116,1828.021050825715,nan,nan,nan,nan,False,,nan,,,nan,nan,nan,,,,,,,,0.007552892704353971,0.0002460013904108313,0.2466975522389129,nan,nan,nan,False,not_run,not_requested
fig1_fig2,free_jones_vp_gated_rescue,91,3347136468,0.0,snr_db,0.0,3,3,3,3,full_6d,3347136468,,,nan,,False,,1755.6090276613832,0.007552892704353971,0.007552892704353971,0.0002460013904108313,0.002259748862637405,1.6766476261600269e-12,0.2466975522389129,False,direct_vp,global_exact_spherical_vp,proposed_post_stage1,False,5d420e9172ce5e68,jones_free,cpu,False,,numpy,numpy.linalg.solve,jones_free,False,,,0.0,0.0,0.0,0.0,True,6,4,nan,nan,"[0.0,0.0,0.0]",,"[1.4420879756761246e-05,7.822606468167241e-06,5.732614565929122e-06]",direct_vp,"[""poor_clock_consistency""]",3099507.5031009964,3096560,True,6861872.350869243,112.93974054492955,12.812287791947206,0.1877490174498031,"[4.735808939202565,5.150385723962465,5.11548697205942]",231.307884439826,1628.2039300650358,1860.9399162456393,nan,nan,nan,nan,False,,nan,,,nan,nan,nan,,,,,,,,0.007552892704353971,0.0002460013904108313,0.2466975522389129,nan,nan,nan,False,not_run,not_requested
fig1_fig2,PEB,91,3347136468,0.0,snr_db,0.0,3,3,3,3,full_6d,3347136468,,,nan,,False,,5.68950829654932,nan,nan,nan,nan,nan,nan,False,,,peb_only,False,dd13e9d09063b8b6,,,,,,,adaptive_jones,True,fixed_anchor_then_adaptive_jones_score_selection,,nan,nan,nan,nan,True,,,nan,nan,,,,,[],nan,,,nan,nan,nan,nan,,nan,nan,nan,0.0003416416719734027,nan,nan,0.0003416416719734027,False,64607f16edc43d908c3fdfcf5a1ab43160e4a3b90bfd0c732196f2f9ce351b74,0.2464642265771189,computed_unscaled,cpu,nan,nan,nan,,,,,,,,nan,nan,nan,nan,nan,nan,False,,
fig1_fig2,free_jones_vp,4,287230138,5.0,snr_db,5.0,3,3,3,3,full_6d,287230138,,,nan,,False,,1210.2509187683463,0.024172158727763203,0.024172158727763203,0.00245417661042241,0.004856883932063259,2.7110065019679776e-12,0.1575134761492883,False,direct_vp,global_exact_spherical_vp,proposed_post_stage1,False,bdce1b1f048098b7,jones_free,cpu,False,,numpy,numpy.linalg.solve,jones_free,False,,,0.0,0.0,0.0,0.0,True,6,4,nan,nan,"[0.0,0.0,0.0]",,"[3.021293191416627e-06,1.1895034217642577e-07,3.4799163641709647e-06]",jnpp_then_vp,[],3120022.205638685,3096560,False,29393957.513634656,75.32568082092627,27.834613972559897,0.0299320329591847,"[4.946920988050618,4.990646819430619,5.019751623322816]",230.9698952138424,1202.6075236797333,1434.9564135447145,nan,nan,nan,nan,False,,nan,,,nan,nan,nan,,,,,,,,0.024172158727763203,0.00245417661042241,0.1575134761492883,nan,nan,nan,False,not_run,not_requested
fig1_fig2,free_jones_vp_gated_rescue,4,287230138,5.0,snr_db,5.0,3,3,3,3,full_6d,287230138,,,nan,,False,,1298.951708599925,0.0005162287271838185,0.0005162287271838185,1.7709872582488297e-06,6.0408087082977346e-05,1.498162562604156e-13,0.15631489003584517,False,ris_only_stage2_then_vp,global_exact_spherical_vp,proposed_post_stage1,False,bdce1b1f048098b7,jones_free,cpu,False,,numpy,numpy.linalg.solve,jones_free,False,,,0.0,0.0,0.0,0.0,True,6,4,nan,nan,"[0.0,0.0,0.0]",,"[2.38010363949995e-06,1.258856468345536e-07,3.338166835812525e-06]",jnpp_then_vp,[],3120022.205638685,3096560,False,29393957.513634656,75.32568082092627,27.834613972559897,0.0299320329591847,"[4.946920988050618,4.990646819430619,5.019751623322816]",230.9698952138424,53.164511770009995,300.78614792227745,nan,nan,nan,nan,False,,nan,,,nan,nan,nan,,,,,,,,0.024172158727763203,0.00245417661042241,0.1575134761492883,0.0005162287271838185,1.7709872582488297e-06,0.15631489003584517,True,accepted,accepted
fig1_fig2,PEB,4,287230138,5.0,snr_db,5.0,3,3,3,3,full_6d,287230138,,,nan,,False,,5.667616553604603,nan,nan,nan,nan,nan,nan,False,,,peb_only,False,14d8dc6db91cbca7,,,,,,,adaptive_jones,True,fixed_anchor_then_adaptive_jones_score_selection,,nan,nan,nan,nan,True,,,nan,nan,,,,,[],nan,,,nan,nan,nan,nan,,nan,nan,nan,0.00017845997537464458,nan,nan,0.00017845997537464458,False,72d5586e1e2071d827e37c0d5029359210d7878b9ab9d369f2c38d0e300801aa,0.15632980080685455,computed_unscaled,cpu,nan,nan,nan,,,,,,,,nan,nan,nan,nan,nan,nan,False,,
fig1_fig2,free_jones_vp,23,2043173887,5.0,snr_db,5.0,3,3,3,3,full_6d,2043173887,,,nan,,False,,229.81417839229107,0.0010131211357834605,0.0010131211357834605,2.0839721715016185e-05,0.0008898011878372453,4.064466389615631e-13,0.10358080386255927,False,direct_vp,global_exact_spherical_vp,proposed_post_stage1,False,80a9e495f8b273ce,jones_free,cpu,False,,numpy,numpy.linalg.solve,jones_free,False,,,0.0,0.0,0.0,0.0,True,6,4,nan,nan,"[0.0,0.0,0.0]",,"[3.076366982597979e-05,4.1648299663948817e-08,1.9826986002449596e-07]",direct_vp,[],3096438.9859232726,3096560,True,26552343.58555962,63.89145970735253,26.213004254998364,0.03568996541025342,"[5.047813596014929,4.962343855908597,4.989167284039359]",237.90846844017506,221.53773353993893,460.9257593527436,nan,nan,nan,nan,False,,nan,,,nan,nan,nan,,,,,,,,0.0010131211357834605,2.0839721715016185e-05,0.10358080386255927,nan,nan,nan,False,not_run,not_requested
fig1_fig2,free_jones_vp_gated_rescue,23,2043173887,5.0,snr_db,5.0,3,3,3,3,full_6d,2043173887,,,nan,,False,,225.5748256444931,0.0010131211357834605,0.0010131211357834605,2.0839721715016185e-05,0.0008898011878372453,4.064466389615631e-13,0.10358080386255927,False,direct_vp,global_exact_spherical_vp,proposed_post_stage1,False,80a9e495f8b273ce,jones_free,cpu,False,,numpy,numpy.linalg.solve,jones_free,False,,,0.0,0.0,0.0,0.0,True,6,4,nan,nan,"[0.0,0.0,0.0]",,"[3.076366982597979e-05,4.1648299663948817e-08,1.9826986002449596e-07]",direct_vp,[],3096438.9859232726,3096560,True,26552343.58555962,63.89145970735253,26.213004254998364,0.03568996541025342,"[5.047813596014929,4.962343855908597,4.989167284039359]",237.90846844017506,218.59526340663433,457.98328921943903,nan,nan,nan,nan,False,,nan,,,nan,nan,nan,,,,,,,,0.0010131211357834605,2.0839721715016185e-05,0.10358080386255927,nan,nan,nan,False,not_run,not_requested
fig1_fig2,PEB,23,2043173887,5.0,snr_db,5.0,3,3,3,3,full_6d,2043173887,,,nan,,False,,6.153388112783432,nan,nan,nan,nan,nan,nan,False,,,peb_only,False,97841e7f88c75a63,,,,,,,adaptive_jones,True,fixed_anchor_then_adaptive_jones_score_selection,,nan,nan,nan,nan,True,,,nan,nan,,,,,[],nan,,,nan,nan,nan,nan,,nan,nan,nan,0.00019702791353009235,nan,nan,0.00019702791353009235,False,7093cfec76f40175c6c7c58aa1b5153ce86056a79427b6463226f28ede4d41bd,0.10358538720112091,computed_unscaled,cpu,nan,nan,nan,,,,,,,,nan,nan,nan,nan,nan,nan,False,,
fig1_fig2,free_jones_vp,93,3741086398,0.0,snr_db,0.0,3,3,3,3,full_6d,3741086398,,,nan,,False,,1617.9577941522002,0.022462381843858206,0.022462381843858206,0.002592032659884686,0.0005804764948199889,1.3112250867560949e-12,0.14904759967450165,False,direct_vp,global_exact_spherical_vp,proposed_post_stage1,False,8bc10b276b70d49d,jones_free,cpu,False,,numpy,numpy.linalg.solve,jones_free,False,,,0.0,0.0,0.0,0.0,True,6,4,nan,nan,"[0.0,0.0,0.0]",,"[2.7774429304548634e-06,1.1206377459722294e-05,6.0328945860561015e-06]",jnpp_then_vp,[],3104747.0713824625,3096560,False,9047071.033929152,75.59748952330138,18.324260568294047,0.07525804120519018,"[5.0996677556108105,4.916707787070757,4.988663046475726]",226.73879170417786,1609.9764311388135,1838.087790608406,nan,nan,nan,nan,False,,nan,,,nan,nan,nan,,,,,,,,0.022462381843858206,0.002592032659884686,0.14904759967450165,nan,nan,nan,False,not_run,not_requested
fig1_fig2,free_jones_vp_gated_rescue,93,3741086398,0.0,snr_db,0.0,3,3,3,3,full_6d,3741086398,,,nan,,False,,1902.576013468206,0.00016965107728640196,0.00016965107728640196,5.771826493782308e-06,4.218483900097679e-05,8.547004230596263e-13,0.14866768586647058,False,ris_only_stage2_then_vp,global_exact_spherical_vp,proposed_post_stage1,False,8bc10b276b70d49d,jones_free,cpu,False,,numpy,numpy.linalg.solve,jones_free,False,,,0.0,0.0,0.0,0.0,True,6,4,nan,nan,"[0.0,0.0,0.0]",,"[3.105858036061798e-06,7.060520919305317e-06,5.5992126891131715e-06]",jnpp_then_vp,[],3104747.0713824625,3096560,False,9047071.033929152,75.59748952330138,18.324260568294047,0.07525804120519018,"[5.0996677556108105,4.916707787070757,4.988663046475726]",226.73879170417786,257.5413619428873,501.07445115596056,nan,nan,nan,nan,False,,nan,,,nan,nan,nan,,,,,,,,0.022462381843858206,0.002592032659884686,0.14904759967450165,0.00016965107728640196,5.771826493782308e-06,0.14866768586647058,True,accepted,accepted
fig1_fig2,PEB,93,3741086398,0.0,snr_db,0.0,3,3,3,3,full_6d,3741086398,,,nan,,False,,5.706444293260574,nan,nan,nan,nan,nan,nan,False,,,peb_only,False,d9c6084f632ae7c5,,,,,,,adaptive_jones,True,fixed_anchor_then_adaptive_jones_score_selection,,nan,nan,nan,nan,True,,,nan,nan,,,,,[],nan,,,nan,nan,nan,nan,,nan,nan,nan,0.00030231334204852873,nan,nan,0.00030231334204852873,False,c0a81a3b83197cd9cfba67cbec7ea74e0bc1c6abbc0cc35f29e15ac8d0f81a14,0.14865533629577085,computed_unscaled,cpu,nan,nan,nan,,,,,,,,nan,nan,nan,nan,nan,nan,False,,
fig1_fig2,free_jones_vp,25,3407116044,5.0,snr_db,5.0,3,3,3,3,full_6d,3407116044,,,nan,,False,,193.28846552222967,0.0010026856230108104,0.0010026856230108104,3.9962316994951965e-06,0.00014522954050471824,3.711752212682531e-13,0.06468119069826693,False,direct_vp,global_exact_spherical_vp,proposed_post_stage1,False,2b9a030d304a4238,jones_free,cpu,False,,numpy,numpy.linalg.solve,jones_free,False,,,0.0,0.0,0.0,0.0,True,6,4,nan,nan,"[0.0,0.0,0.0]",,"[7.382895124676688e-07,2.702679465206252e-07,4.7055422371921134e-07]",direct_vp,[],3097048.071916538,3096560,True,17442312.329550702,83.22878873812344,29.810741912968126,0.027225738933053318,"[5.055100293791822,4.995331120316288,4.999596997122307]",233.35020372271538,185.776067443192,420.53338015824556,nan,nan,nan,nan,False,,nan,,,nan,nan,nan,,,,,,,,0.0010026856230108104,3.9962316994951965e-06,0.06468119069826693,nan,nan,nan,False,not_run,not_requested
fig1_fig2,free_jones_vp_gated_rescue,25,3407116044,5.0,snr_db,5.0,3,3,3,3,full_6d,3407116044,,,nan,,False,,190.28468095511198,0.0010026856230108104,0.0010026856230108104,3.9962316994951965e-06,0.00014522954050471824,3.711752212682531e-13,0.06468119069826693,False,direct_vp,global_exact_spherical_vp,proposed_post_stage1,False,2b9a030d304a4238,jones_free,cpu,False,,numpy,numpy.linalg.solve,jones_free,False,,,0.0,0.0,0.0,0.0,True,6,4,nan,nan,"[0.0,0.0,0.0]",,"[7.382895124676688e-07,2.702679465206252e-07,4.7055422371921134e-07]",direct_vp,[],3097048.071916538,3096560,True,17442312.329550702,83.22878873812344,29.810741912968126,0.027225738933053318,"[5.055100293791822,4.995331120316288,4.999596997122307]",233.35020372271538,183.76976317167282,418.5270758867264,nan,nan,nan,nan,False,,nan,,,nan,nan,nan,,,,,,,,0.0010026856230108104,3.9962316994951965e-06,0.06468119069826693,nan,nan,nan,False,not_run,not_requested
fig1_fig2,PEB,25,3407116044,5.0,snr_db,5.0,3,3,3,3,full_6d,3407116044,,,nan,,False,,5.750391952693462,nan,nan,nan,nan,nan,nan,False,,,peb_only,False,1e95345a92e1220f,,,,,,,adaptive_jones,True,fixed_anchor_then_adaptive_jones_score_selection,,nan,nan,nan,nan,True,,,nan,nan,,,,,[],nan,,,nan,nan,nan,nan,,nan,nan,nan,0.00024231843172310883,nan,nan,0.00024231843172310883,False,b8c0aecbc648c84bc393cf0ea8f798ce1d40daafad542474a8d407dec27d44d6,0.06467133157662985,computed_unscaled,cpu,nan,nan,nan,,,,,,,,nan,nan,nan,nan,nan,nan,False,,
fig1_fig2,free_jones_vp,26,890721611,5.0,snr_db,5.0,3,3,3,3,full_6d,890721611,,,nan,,False,,97.85677157342434,0.0014583327862792424,0.0014583327862792424,1.2484921958286278e-05,0.0005736622042987169,4.001866974873221e-13,0.15073167154498543,False,direct_vp,global_exact_spherical_vp,proposed_post_stage1,False,adfc526fabead2c0,jones_free,cpu,False,,numpy,numpy.linalg.solve,jones_free,False,,,0.0,0.0,0.0,0.0,True,6,4,nan,nan,"[0.0,0.0,0.0]",,"[4.967736414893273e-07,8.259380253079262e-07,3.992684106537882e-06]",direct_vp,[],3096528.355041163,3096560,True,24269230.92700428,86.81306617938719,33.861198954962816,0.02628669993511459,"[5.025941648231792,5.028880620422517,4.971706740402609]",230.65477695316076,89.47553110867739,321.5345663353801,nan,nan,nan,nan,False,,nan,,,nan,nan,nan,,,,,,,,0.0014583327862792424,1.2484921958286278e-05,0.15073167154498543,nan,nan,nan,False,not_run,not_requested
fig1_fig2,free_jones_vp_gated_rescue,26,890721611,5.0,snr_db,5.0,3,3,3,3,full_6d,890721611,,,nan,,False,,100.20622590184212,0.0014583327862792424,0.0014583327862792424,1.2484921958286278e-05,0.0005736622042987169,4.001866974873221e-13,0.15073167154498543,False,direct_vp,global_exact_spherical_vp,proposed_post_stage1,False,adfc526fabead2c0,jones_free,cpu,False,,numpy,numpy.linalg.solve,jones_free,False,,,0.0,0.0,0.0,0.0,True,6,4,nan,nan,"[0.0,0.0,0.0]",,"[4.967736414893273e-07,8.259380253079262e-07,3.992684106537882e-06]",direct_vp,[],3096528.355041163,3096560,True,24269230.92700428,86.81306617938719,33.861198954962816,0.02628669993511459,"[5.025941648231792,5.028880620422517,4.971706740402609]",230.65477695316076,93.66891627013683,325.7279514968395,nan,nan,nan,nan,False,,nan,,,nan,nan,nan,,,,,,,,0.0014583327862792424,1.2484921958286278e-05,0.15073167154498543,nan,nan,nan,False,not_run,not_requested
fig1_fig2,PEB,26,890721611,5.0,snr_db,5.0,3,3,3,3,full_6d,890721611,,,nan,,False,,5.70757095515728,nan,nan,nan,nan,nan,nan,False,,,peb_only,False,974200856f0e9c6e,,,,,,,adaptive_jones,True,fixed_anchor_then_adaptive_jones_score_selection,,nan,nan,nan,nan,True,,,nan,nan,,,,,[],nan,,,nan,nan,nan,nan,,nan,nan,nan,0.00020703943895547,nan,nan,0.00020703943895547,False,c294e93a3e036e5c5731d344dd8b7b3046868b56987f9fb6b7f233813953d55d,0.15073399078881683,computed_unscaled,cpu,nan,nan,nan,,,,,,,,nan,nan,nan,nan,nan,nan,False,,
fig1_fig2,free_jones_vp,84,3985341227,0.0,snr_db,0.0,3,3,3,3,full_6d,3985341227,,,nan,,False,,2198.593741118908,0.021822058066494992,0.021822058066494992,0.0008083672447501654,0.0024311660286104393,1.974033437442611e-12,0.6956205772061103,False,direct_vp,global_exact_spherical_vp,proposed_post_stage1,False,7bb747ec0e3c5149,jones_free,cpu,False,,numpy,numpy.linalg.solve,jones_free,False,,,0.0,0.0,0.0,0.0,True,6,4,nan,nan,"[0.0,0.0,0.0]",,"[1.101705991985402e-06,1.3249231798501147e-07,1.8967447163251107e-06]",direct_vp,[],3096167.9627202847,3096560,True,5367754.889301992,97.7961347808604,15.88802404490391,0.02704386084475978,"[4.943522227036032,4.995107599589964,4.93332354148429]",225.4477429613471,2190.936838462949,2417.746407352388,nan,nan,nan,nan,False,,nan,,,nan,nan,nan,,,,,,,,0.021822058066494992,0.0008083672447501654,0.6956205772061103,nan,nan,nan,False,not_run,not_requested
fig1_fig2,free_jones_vp_gated_rescue,84,3985341227,0.0,snr_db,0.0,3,3,3,3,full_6d,3985341227,,,nan,,False,,2208.0757880434394,0.021822058066494992,0.021822058066494992,0.0008083672447501654,0.0024311660286104393,1.974033437442611e-12,0.6956205772061103,False,direct_vp,global_exact_spherical_vp,proposed_post_stage1,False,7bb747ec0e3c5149,jones_free,cpu,False,,numpy,numpy.linalg.solve,jones_free,False,,,0.0,0.0,0.0,0.0,True,6,4,nan,nan,"[0.0,0.0,0.0]",,"[1.101705991985402e-06,1.3249231798501147e-07,1.8967447163251107e-06]",direct_vp,[],3096167.9627202847,3096560,True,5367754.889301992,97.7961347808604,15.88802404490391,0.02704386084475978,"[4.943522227036032,4.995107599589964,4.93332354148429]",225.4477429613471,2201.4314795434475,2428.2410484328866,nan,nan,nan,nan,False,,nan,,,nan,nan,nan,,,,,,,,0.021822058066494992,0.0008083672447501654,0.6956205772061103,nan,nan,nan,False,not_run,not_requested
fig1_fig2,PEB,84,3985341227,0.0,snr_db,0.0,3,3,3,3,full_6d,3985341227,,,nan,,False,,5.811806917190552,nan,nan,nan,nan,nan,nan,False,,,peb_only,False,e9092ed5fd340276,,,,,,,adaptive_jones,True,fixed_anchor_then_adaptive_jones_score_selection,,nan,nan,nan,nan,True,,,nan,nan,,,,,[],nan,,,nan,nan,nan,nan,,nan,nan,nan,0.0004651456702461851,nan,nan,0.0004651456702461851,False,763c74c3103c34dc91712b88cb00b247f3e9461f0fa66c55a5e9608e707daf96,0.6957122515375597,computed_unscaled,cpu,nan,nan,nan,,,,,,,,nan,nan,nan,nan,nan,nan,False,,
fig1_fig2,free_jones_vp,10,781873798,5.0,snr_db,5.0,3,3,3,3,full_6d,781873798,,,nan,,False,,1165.6849746853113,0.017086186942344754,0.017086186942344754,0.0010691105533291567,0.004285858605832505,2.484486461158713e-12,0.06992163936099227,False,direct_vp,global_exact_spherical_vp,proposed_post_stage1,False,62f6d8425c822b76,jones_free,cpu,False,,numpy,numpy.linalg.solve,jones_free,False,,,0.0,0.0,0.0,0.0,True,6,4,nan,nan,"[0.0,0.0,0.0]",,"[7.142003889149506e-07,3.4806911362840817e-06,7.153525139541387e-07]",jnpp_then_vp,[],3104819.232880522,3096560,False,25994397.10057727,79.95831836009658,25.767420892240402,0.03649897033440549,"[4.997821545892375,5.080163996180314,5.008833569786033]",228.85821878910065,1053.428189598024,1283.7406960949302,nan,nan,nan,nan,False,,nan,,,nan,nan,nan,,,,,,,,0.017086186942344754,0.0010691105533291567,0.06992163936099227,nan,nan,nan,False,not_run,not_requested
fig1_fig2,free_jones_vp_gated_rescue,10,781873798,5.0,snr_db,5.0,3,3,3,3,full_6d,781873798,,,nan,,False,,1290.2691893354058,0.00028290393286797724,0.00028290393286797724,2.1578666940144455e-06,0.0002492382404521637,1.6526756041263935e-13,0.06968411600553677,False,ris_only_stage2_then_vp,global_exact_spherical_vp,proposed_post_stage1,False,62f6d8425c822b76,jones_free,cpu,False,,numpy,numpy.linalg.solve,jones_free,False,,,0.0,0.0,0.0,0.0,True,6,4,nan,nan,"[0.0,0.0,0.0]",,"[6.7756771273145e-07,2.7200297640121627e-06,6.874603411085082e-07]",jnpp_then_vp,[],3104819.232880522,3096560,False,25994397.10057727,79.95831836009658,25.767420892240402,0.03649897033440549,"[4.997821545892375,5.080163996180314,5.008833569786033]",228.85821878910065,129.62556829303503,372.44468227773905,nan,nan,nan,nan,False,,nan,,,nan,nan,nan,,,,,,,,0.017086186942344754,0.0010691105533291567,0.06992163936099227,0.00028290393286797724,2.1578666940144455e-06,0.06968411600553677,True,accepted,accepted
fig1_fig2,PEB,10,781873798,5.0,snr_db,5.0,3,3,3,3,full_6d,781873798,,,nan,,False,,6.559560962021351,nan,nan,nan,nan,nan,nan,False,,,peb_only,False,6cacc95e0ad538c9,,,,,,,adaptive_jones,True,fixed_anchor_then_adaptive_jones_score_selection,,nan,nan,nan,nan,True,,,nan,nan,,,,,[],nan,,,nan,nan,nan,nan,,nan,nan,nan,0.00019552365454749974,nan,nan,0.00019552365454749974,False,f2ef97a231c1a4af27e9b56c32078a57d13f76cf0fcef71f5aea3cacfcafd031,0.06973599880886719,computed_unscaled,cpu,nan,nan,nan,,,,,,,,nan,nan,nan,nan,nan,nan,False,,
fig1_fig2,free_jones_vp,5,2290547997,5.0,snr_db,5.0,3,3,3,3,full_6d,2290547997,,,nan,,False,,1427.2209809944034,0.00656132138908369,0.00656132138908369,0.0016581306168527137,0.00536185917154664,5.112755168364162e-12,0.08670681047253281,False,direct_vp,global_exact_spherical_vp,proposed_post_stage1,False,04875ff69a4fa2b1,jones_free,cpu,False,,numpy,numpy.linalg.solve,jones_free,False,,,0.0,0.0,0.0,0.0,True,6,4,nan,nan,"[0.0,0.0,0.0]",,"[1.187517118431064e-05,5.0216210950990014e-09,2.8094271138571433e-06]",jnpp_then_vp,[],3110082.9692659653,3096560,False,22544104.167326424,75.48769275274475,34.025205547800084,0.020229369658719246,"[5.005705310793955,5.012892487632181,5.051758075516584]",231.3007845506072,1309.1008948385715,1541.8198624700308,nan,nan,nan,nan,False,,nan,,,nan,nan,nan,,,,,,,,0.00656132138908369,0.0016581306168527137,0.08670681047253281,nan,nan,nan,False,not_run,not_requested
fig1_fig2,free_jones_vp_gated_rescue,5,2290547997,5.0,snr_db,5.0,3,3,3,3,full_6d,2290547997,,,nan,,False,,1701.3776995018125,0.00033969061683919867,0.00033969061683919867,1.5236090877600473e-06,1.9646618213283247e-05,4.622672593281569e-13,0.08625765152580897,False,ris_only_stage2_then_vp,global_exact_spherical_vp,proposed_post_stage1,False,04875ff69a4fa2b1,jones_free,cpu,False,,numpy,numpy.linalg.solve,jones_free,False,,,0.0,0.0,0.0,0.0,True,6,4,nan,nan,"[0.0,0.0,0.0]",,"[1.0391741831930007e-05,8.568698628903286e-09,2.650043643036503e-06]",jnpp_then_vp,[],3110082.9692659653,3096560,False,22544104.167326424,75.48769275274475,34.025205547800084,0.020229369658719246,"[5.005705310793955,5.012892487632181,5.051758075516584]",231.3007845506072,243.99319837987423,490.5464846044779,nan,nan,nan,nan,False,,nan,,,nan,nan,nan,,,,,,,,0.00656132138908369,0.0016581306168527137,0.08670681047253281,0.00033969061683919867,1.5236090877600473e-06,0.08625765152580897,True,accepted,accepted
fig1_fig2,PEB,5,2290547997,5.0,snr_db,5.0,3,3,3,3,full_6d,2290547997,,,nan,,False,,5.636111229658127,nan,nan,nan,nan,nan,nan,False,,,peb_only,False,159307b4bdf1ec6c,,,,,,,adaptive_jones,True,fixed_anchor_then_adaptive_jones_score_selection,,nan,nan,nan,nan,True,,,nan,nan,,,,,[],nan,,,nan,nan,nan,nan,,nan,nan,nan,0.00021575454328582396,nan,nan,0.00021575454328582396,False,38f1169f92c897947506b479f5ee71ac29695cde812eaf9f2f26b2ce8e8773e4,0.08633024616998021,computed_unscaled,cpu,nan,nan,nan,,,,,,,,nan,nan,nan,nan,nan,nan,False,,
fig1_fig2,free_jones_vp,79,2511075941,0.0,snr_db,0.0,3,3,3,3,full_6d,2511075941,,,nan,,False,,2609.7311379164457,0.019293667414280253,0.019293667414280253,0.0006431774360853007,0.0025351365423272065,1.8486904299557474e-12,0.4016352257146795,False,direct_vp,global_exact_spherical_vp,proposed_post_stage1,False,f50e786e9958acd8,jones_free,cpu,False,,numpy,numpy.linalg.solve,jones_free,False,,,0.0,0.0,0.0,0.0,True,6,4,nan,nan,"[0.0,0.0,0.0]",,"[2.0271520746214964e-08,1.456858582655409e-06,1.5419475618253206e-05]",direct_vp,[],3096922.9868728546,3096560,True,5366970.4585118275,82.62971311276104,13.949123786726322,0.018987957099294236,"[5.058784773954574,5.048874493026837,5.093184189333337]",226.0111064016819,2503.2337850257754,2730.5985994264483,nan,nan,nan,nan,False,,nan,,,nan,nan,nan,,,,,,,,0.019293667414280253,0.0006431774360853007,0.4016352257146795,nan,nan,nan,False,not_run,not_requested
fig1_fig2,free_jones_vp_gated_rescue,79,2511075941,0.0,snr_db,0.0,3,3,3,3,full_6d,2511075941,,,nan,,False,,2640.656502790749,0.019293667414280253,0.019293667414280253,0.0006431774360853007,0.0025351365423272065,1.8486904299557474e-12,0.4016352257146795,False,direct_vp,global_exact_spherical_vp,proposed_post_stage1,False,f50e786e9958acd8,jones_free,cpu,False,,numpy,numpy.linalg.solve,jones_free,False,,,0.0,0.0,0.0,0.0,True,6,4,nan,nan,"[0.0,0.0,0.0]",,"[2.0271520746214964e-08,1.456858582655409e-06,1.5419475618253206e-05]",direct_vp,[],3096922.9868728546,3096560,True,5366970.4585118275,82.62971311276104,13.949123786726322,0.018987957099294236,"[5.058784773954574,5.048874493026837,5.093184189333337]",226.0111064016819,2535.789742514491,2763.154556915164,nan,nan,nan,nan,False,,nan,,,nan,nan,nan,,,,,,,,0.019293667414280253,0.0006431774360853007,0.4016352257146795,nan,nan,nan,False,not_run,not_requested
fig1_fig2,PEB,79,2511075941,0.0,snr_db,0.0,3,3,3,3,full_6d,2511075941,,,nan,,False,,6.045515328645706,nan,nan,nan,nan,nan,nan,False,,,peb_only,False,e5024f2591474965,,,,,,,adaptive_jones,True,fixed_anchor_then_adaptive_jones_score_selection,,nan,nan,nan,nan,True,,,nan,nan,,,,,[],nan,,,nan,nan,nan,nan,,nan,nan,nan,0.00046414551788781673,nan,nan,0.00046414551788781673,False,d1d2709e7ef7e78043678a9bd3afef4c60705c0eab0a43aa5b03783626c11549,0.401590225515582,computed_unscaled,cpu,nan,nan,nan,,,,,,,,nan,nan,nan,nan,nan,nan,False,,
fig1_fig2,free_jones_vp,70,1909013635,0.0,snr_db,0.0,3,3,3,3,full_6d,1909013635,,,nan,,False,,3186.2969427481294,0.026457900071786097,0.026457900071786097,0.002036720731693632,0.009035549252802184,7.110436135853972e-12,0.2117454973249759,False,direct_vp,global_exact_spherical_vp,proposed_post_stage1,False,2dada9ccc5b7375f,jones_free,cpu,False,,numpy,numpy.linalg.solve,jones_free,False,,,0.0,0.0,0.0,0.0,True,6,4,nan,nan,"[0.0,0.0,0.0]",,"[9.578942226889779e-08,1.4183562341288797e-05,4.514748039754798e-05]",jnpp_then_vp,"[""poor_clock_consistency""]",3103241.183474371,3096560,False,5416873.822727936,114.80127091243448,11.62288464759095,0.11633180521879483,"[5.0051934556876345,4.767630833697592,4.750133384243678]",218.1535587310791,2815.2562927380204,3034.733884230256,nan,nan,nan,nan,False,,nan,,,nan,nan,nan,,,,,,,,0.026457900071786097,0.002036720731693632,0.2117454973249759,nan,nan,nan,False,not_run,not_requested
fig1_fig2,free_jones_vp_gated_rescue,70,1909013635,0.0,snr_db,0.0,3,3,3,3,full_6d,1909013635,,,nan,,False,,3254.10786703974,0.0017042778064169182,0.0017042778064169182,9.469656298791338e-06,0.00014196842446120256,8.824582825888371e-13,0.21130312568730691,False,ris_only_stage2_then_vp,global_exact_spherical_vp,proposed_post_stage1,False,2dada9ccc5b7375f,jones_free,cpu,False,,numpy,numpy.linalg.solve,jones_free,False,,,0.0,0.0,0.0,0.0,True,6,4,nan,nan,"[0.0,0.0,0.0]",,"[1.142075191198799e-07,1.4328749716075692e-05,4.832037937607966e-05]",jnpp_then_vp,"[""poor_clock_consistency""]",3103241.183474371,3096560,False,5416873.822727936,114.80127091243448,11.62288464759095,0.11633180521879483,"[5.0051934556876345,4.767630833697592,4.750133384243678]",218.1535587310791,52.35989452898502,289.3812381327152,nan,nan,nan,nan,False,,nan,,,nan,nan,nan,,,,,,,,0.026457900071786097,0.002036720731693632,0.2117454973249759,0.0017042778064169182,9.469656298791338e-06,0.21130312568730691,True,accepted,accepted
fig1_fig2,PEB,70,1909013635,0.0,snr_db,0.0,3,3,3,3,full_6d,1909013635,,,nan,,False,,5.733668819069862,nan,nan,nan,nan,nan,nan,False,,,peb_only,False,d79ef38ec1090f59,,,,,,,adaptive_jones,True,fixed_anchor_then_adaptive_jones_score_selection,,nan,nan,nan,nan,True,,,nan,nan,,,,,[],nan,,,nan,nan,nan,nan,,nan,nan,nan,0.00047511428739824605,nan,nan,0.00047511428739824605,False,7231f7a6a5fbe3cc9ff17e3c4c7cf441e267b4bae6d7354446f2924a30ccbc7b,0.21129070747587922,computed_unscaled,cpu,nan,nan,nan,,,,,,,,nan,nan,nan,nan,nan,nan,False,,
fig1_fig2,free_jones_vp,13,634888206,5.0,snr_db,5.0,3,3,3,3,full_6d,634888206,,,nan,,False,,1447.7759031280875,0.02263823031706612,0.02263823031706612,0.00204630557723786,0.001949034250123897,2.6015913517020154e-12,0.06507128987674923,False,direct_vp,global_exact_spherical_vp,proposed_post_stage1,False,e070aa95d6a0f591,jones_free,cpu,False,,numpy,numpy.linalg.solve,jones_free,False,,,0.0,0.0,0.0,0.0,True,6,4,nan,nan,"[0.0,0.0,0.0]",,"[2.8820430098932023e-06,1.3766931067864579e-06,2.367427943726729e-06]",jnpp_then_vp,[],3114992.2565076123,3096560,False,25146429.822268397,76.53849993698638,24.06558314604401,0.04546786968767026,"[5.004505367787412,5.113958386057225,5.077064427957669]",239.74614204466343,1318.2963365092874,1559.499577306211,nan,nan,nan,nan,False,,nan,,,nan,nan,nan,,,,,,,,0.02263823031706612,0.00204630557723786,0.06507128987674923,nan,nan,nan,False,not_run,not_requested
fig1_fig2,free_jones_vp_gated_rescue,13,634888206,5.0,snr_db,5.0,3,3,3,3,full_6d,634888206,,,nan,,False,,1498.193631581962,0.00018068093954905822,0.00018068093954905822,1.902713516576289e-06,0.00011830837821975916,4.169586043030454e-13,0.06465749836761639,False,ris_only_stage2_then_vp,global_exact_spherical_vp,proposed_post_stage1,False,e070aa95d6a0f591,jones_free,cpu,False,,numpy,numpy.linalg.solve,jones_free,False,,,0.0,0.0,0.0,0.0,True,6,4,nan,nan,"[0.0,0.0,0.0]",,"[2.8475851823181e-06,1.2242289986816375e-06,2.6159332743791726e-06]",jnpp_then_vp,[],3114992.2565076123,3096560,False,25146429.822268397,76.53849993698638,24.06558314604401,0.04546786968767026,"[5.004505367787412,5.113958386057225,5.077064427957669]",239.74614204466343,55.26749576628208,311.2822241336107,nan,nan,nan,nan,False,,nan,,,nan,nan,nan,,,,,,,,0.02263823031706612,0.00204630557723786,0.06507128987674923,0.00018068093954905822,1.902713516576289e-06,0.06465749836761639,True,accepted,accepted
fig1_fig2,PEB,13,634888206,5.0,snr_db,5.0,3,3,3,3,full_6d,634888206,,,nan,,False,,6.5355963706970215,nan,nan,nan,nan,nan,nan,False,,,peb_only,False,ab6c68628c87480d,,,,,,,adaptive_jones,True,fixed_anchor_then_adaptive_jones_score_selection,,nan,nan,nan,nan,True,,,nan,nan,,,,,[],nan,,,nan,nan,nan,nan,,nan,nan,nan,0.00020964579606610204,nan,nan,0.00020964579606610204,False,11da97468c8b90c59dcc518746f48f2217739b6c2c3deec78f2d1177de9045c5,0.06468657958954134,computed_unscaled,cpu,nan,nan,nan,,,,,,,,nan,nan,nan,nan,nan,nan,False,,
fig1_fig2,free_jones_vp,16,1080178429,5.0,snr_db,5.0,3,3,3,3,full_6d,1080178429,,,nan,,False,,1300.8363811597228,0.007419953196449252,0.007419953196449252,0.0010766404834321223,0.006604271156759169,2.6631308267014046e-12,0.15259372474666083,False,direct_vp,global_exact_spherical_vp,proposed_post_stage1,False,2cf9dc2a1793397c,jones_free,cpu,False,,numpy,numpy.linalg.solve,jones_free,False,,,0.0,0.0,0.0,0.0,True,6,4,nan,nan,"[0.0,0.0,0.0]",,"[1.0152983780686644e-06,1.470277752472654e-05,1.315052532418826e-07]",jnpp_then_vp,"[""poor_clock_consistency""]",3111387.3833436547,3096560,False,27189449.07311816,87.52862091908916,12.194165820279741,0.1039759555062026,"[5.0214423506739045,5.186973044566427,4.936579570535179]",240.8436454758048,1184.0168471559882,1426.239124879241,nan,nan,nan,nan,False,,nan,,,nan,nan,nan,,,,,,,,0.007419953196449252,0.0010766404834321223,0.15259372474666083,nan,nan,nan,False,not_run,not_requested
fig1_fig2,free_jones_vp_gated_rescue,16,1080178429,5.0,snr_db,5.0,3,3,3,3,full_6d,1080178429,,,nan,,False,,1419.3996086344123,0.0006827491462608014,0.0006827491462608014,9.876324782629112e-06,0.0006090667559052761,4.584139072534071e-13,0.152087002229083,False,ris_only_stage2_then_vp,global_exact_spherical_vp,proposed_post_stage1,False,2cf9dc2a1793397c,jones_free,cpu,False,,numpy,numpy.linalg.solve,jones_free,False,,,0.0,0.0,0.0,0.0,True,6,4,nan,nan,"[0.0,0.0,0.0]",,"[1.0380882594511496e-06,1.0295585688081844e-05,1.5086672561367336e-07]",jnpp_then_vp,"[""poor_clock_consistency""]",3111387.3833436547,3096560,False,27189449.07311816,87.52862091908916,12.194165820279741,0.1039759555062026,"[5.0214423506739045,5.186973044566427,4.936579570535179]",240.8436454758048,108.00182266533375,366.71599144488573,nan,nan,nan,nan,False,,nan,,,nan,nan,nan,,,,,,,,0.007419953196449252,0.0010766404834321223,0.15259372474666083,0.0006827491462608014,9.876324782629112e-06,0.152087002229083,True,accepted,accepted
fig1_fig2,PEB,16,1080178429,5.0,snr_db,5.0,3,3,3,3,full_6d,1080178429,,,nan,,False,,5.740943670272827,nan,nan,nan,nan,nan,nan,False,,,peb_only,False,c22498828e06d416,,,,,,,adaptive_jones,True,fixed_anchor_then_adaptive_jones_score_selection,,nan,nan,nan,nan,True,,,nan,nan,,,,,[],nan,,,nan,nan,nan,nan,,nan,nan,nan,0.00018657974469690617,nan,nan,0.00018657974469690617,False,2793ff1fce7242989610050dae2e9fefacb8b15f6d60bfd2b55605797f0e0ce8,0.15186732077486415,computed_unscaled,cpu,nan,nan,nan,,,,,,,,nan,nan,nan,nan,nan,nan,False,,
fig1_fig2,free_jones_vp,9,3933360494,5.0,snr_db,5.0,3,3,3,3,full_6d,3933360494,,,nan,,False,,1500.7244732752442,0.019068921904171764,0.019068921904171764,0.0009455551431934313,0.0023375585822332876,1.7718454964758592e-12,0.03778334762414932,False,direct_vp,global_exact_spherical_vp,proposed_post_stage1,False,6fed88290a48b39d,jones_free,cpu,False,,numpy,numpy.linalg.solve,jones_free,False,,,0.0,0.0,0.0,0.0,True,6,4,nan,nan,"[0.0,0.0,0.0]",,"[4.127399301112806e-07,6.060774894539237e-08,1.6703184922026686e-05]",jnpp_then_vp,[],3105912.7900588643,3096560,False,24283273.67910044,71.82847035778444,32.90997555035969,0.030675250183529918,"[5.046217850728893,4.9810950081289125,4.981196748115414]",236.0064498409629,1493.0163057222962,1730.4489793628454,nan,nan,nan,nan,False,,nan,,,nan,nan,nan,,,,,,,,0.019068921904171764,0.0009455551431934313,0.03778334762414932,nan,nan,nan,False,not_run,not_requested
fig1_fig2,free_jones_vp_gated_rescue,9,3933360494,5.0,snr_db,5.0,3,3,3,3,full_6d,3933360494,,,nan,,False,,1791.183399245143,0.0005410989136503127,0.0005410989136503127,2.3308818297317133e-06,7.057442556987472e-05,1.9678361064074106e-13,0.037669967189970795,False,ris_only_stage2_then_vp,global_exact_spherical_vp,proposed_post_stage1,False,6fed88290a48b39d,jones_free,cpu,False,,numpy,numpy.linalg.solve,jones_free,False,,,0.0,0.0,0.0,0.0,True,6,4,nan,nan,"[0.0,0.0,0.0]",,"[4.0094108422850943e-07,1.3316857258925345e-07,1.6320802060912708e-05]",jnpp_then_vp,[],3105912.7900588643,3096560,False,24283273.67910044,71.82847035778444,32.90997555035969,0.030675250183529918,"[5.046217850728893,4.9810950081289125,4.981196748115414]",236.0064498409629,272.0121952816844,524.200267881155,nan,nan,nan,nan,False,,nan,,,nan,nan,nan,,,,,,,,0.019068921904171764,0.0009455551431934313,0.03778334762414932,0.0005410989136503127,2.3308818297317133e-06,0.037669967189970795,True,accepted,accepted
fig1_fig2,PEB,9,3933360494,5.0,snr_db,5.0,3,3,3,3,full_6d,3933360494,,,nan,,False,,5.608173988759518,nan,nan,nan,nan,nan,nan,False,,,peb_only,False,994476823fe4cb0d,,,,,,,adaptive_jones,True,fixed_anchor_then_adaptive_jones_score_selection,,nan,nan,nan,nan,True,,,nan,nan,,,,,[],nan,,,nan,nan,nan,nan,,nan,nan,nan,0.00021394930995070362,nan,nan,0.00021394930995070362,False,2f009590b628473d7acf259cec76359e96ba2256fe333ef7c1514fe7022a67d5,0.0376697658179837,computed_unscaled,cpu,nan,nan,nan,,,,,,,,nan,nan,nan,nan,nan,nan,False,,
fig1_fig2,free_jones_vp,35,714029656,5.0,snr_db,5.0,3,3,3,3,full_6d,714029656,,,nan,,False,,279.05286678671837,0.00047451624120686586,0.00047451624120686586,4.981745218839062e-06,0.0003928855041002847,1.05442950679188e-12,0.06076355509914192,False,direct_vp,global_exact_spherical_vp,proposed_post_stage1,False,61055fc3ac7003c8,jones_free,cpu,False,,numpy,numpy.linalg.solve,jones_free,False,,,0.0,0.0,0.0,0.0,True,6,4,nan,nan,"[0.0,0.0,0.0]",,"[5.0058776467108786e-06,8.657079210853953e-08,7.561674214980555e-07]",direct_vp,[],3096797.775059851,3096560,True,23525892.061256785,80.78712700409001,21.09599051275879,0.02403273072193928,"[4.9734005468238935,5.01389930853175,4.956650436034188]",241.6333659440279,271.77843050658703,514.8629206866026,nan,nan,nan,nan,False,,nan,,,nan,nan,nan,,,,,,,,0.00047451624120686586,4.981745218839062e-06,0.06076355509914192,nan,nan,nan,False,not_run,not_requested
fig1_fig2,free_jones_vp_gated_rescue,35,714029656,5.0,snr_db,5.0,3,3,3,3,full_6d,714029656,,,nan,,False,,275.51143050193787,0.00047451624120686586,0.00047451624120686586,4.981745218839062e-06,0.0003928855041002847,1.05442950679188e-12,0.06076355509914192,False,direct_vp,global_exact_spherical_vp,proposed_post_stage1,False,61055fc3ac7003c8,jones_free,cpu,False,,numpy,numpy.linalg.solve,jones_free,False,,,0.0,0.0,0.0,0.0,True,6,4,nan,nan,"[0.0,0.0,0.0]",,"[5.0058776467108786e-06,8.657079210853953e-08,7.561674214980555e-07]",direct_vp,[],3096797.775059851,3096560,True,23525892.061256785,80.78712700409001,21.09599051275879,0.02403273072193928,"[4.9734005468238935,5.01389930853175,4.956650436034188]",241.6333659440279,269.03114918619394,512.1156393662095,nan,nan,nan,nan,False,,nan,,,nan,nan,nan,,,,,,,,0.00047451624120686586,4.981745218839062e-06,0.06076355509914192,nan,nan,nan,False,not_run,not_requested
fig1_fig2,PEB,35,714029656,5.0,snr_db,5.0,3,3,3,3,full_6d,714029656,,,nan,,False,,6.308115608990192,nan,nan,nan,nan,nan,nan,False,,,peb_only,False,f6a41d7644351009,,,,,,,adaptive_jones,True,fixed_anchor_then_adaptive_jones_score_selection,,nan,nan,nan,nan,True,,,nan,nan,,,,,[],nan,,,nan,nan,nan,nan,,nan,nan,nan,0.00021536817566115358,nan,nan,0.00021536817566115358,False,5d8c0ccf801b5347ce0be3d5af96b3f2d9a4ebabf39c0be2596e7a64087c3f22,0.06075920355859982,computed_unscaled,cpu,nan,nan,nan,,,,,,,,nan,nan,nan,nan,nan,nan,False,,
fig1_fig2,free_jones_vp,12,2210497206,5.0,snr_db,5.0,3,3,3,3,full_6d,2210497206,,,nan,,False,,1505.5563499331474,0.024416637612354887,0.024416637612354887,0.0028793502708641706,0.0005654343951723547,1.6995683796847882e-12,0.14546707126533626,False,direct_vp,global_exact_spherical_vp,proposed_post_stage1,False,30cb5adc90a343fd,jones_free,cpu,False,,numpy,numpy.linalg.solve,jones_free,False,,,0.0,0.0,0.0,0.0,True,6,4,nan,nan,"[0.0,0.0,0.0]",,"[2.5766213692051835e-06,2.199622593704192e-06,1.2177643709634925e-06]",jnpp_then_vp,[],3126665.5252309493,3096560,False,29114870.16227091,69.75978073520179,32.6864803346593,0.00854100172286538,"[5.033664366388677,5.0493975932479715,5.029588686220341]",228.27062215656042,1497.989824526012,1727.7700476422906,nan,nan,nan,nan,False,,nan,,,nan,nan,nan,,,,,,,,0.024416637612354887,0.0028793502708641706,0.14546707126533626,nan,nan,nan,False,not_run,not_requested
fig1_fig2,free_jones_vp_gated_rescue,12,2210497206,5.0,snr_db,5.0,3,3,3,3,full_6d,2210497206,,,nan,,False,,1763.1712405011058,0.0001437584771990101,0.0001437584771990101,8.993766389514067e-07,3.498678313959786e-05,1.5378169398992435e-13,0.1441738154235637,False,ris_only_stage2_then_vp,global_exact_spherical_vp,proposed_post_stage1,False,30cb5adc90a343fd,jones_free,cpu,False,,numpy,numpy.linalg.solve,jones_free,False,,,0.0,0.0,0.0,0.0,True,6,4,nan,nan,"[0.0,0.0,0.0]",,"[3.328021855855262e-06,2.249520091050906e-06,1.0178124459022004e-06]",jnpp_then_vp,[],3126665.5252309493,3096560,False,29114870.16227091,69.75978073520179,32.6864803346593,0.00854100172286538,"[5.033664366388677,5.0493975932479715,5.029588686220341]",228.27062215656042,252.98830093443394,499.5270638242364,nan,nan,nan,nan,False,,nan,,,nan,nan,nan,,,,,,,,0.024416637612354887,0.0028793502708641706,0.14546707126533626,0.0001437584771990101,8.993766389514067e-07,0.1441738154235637,True,accepted,accepted
fig1_fig2,PEB,12,2210497206,5.0,snr_db,5.0,3,3,3,3,full_6d,2210497206,,,nan,,False,,5.739912115037441,nan,nan,nan,nan,nan,nan,False,,,peb_only,False,02f0fe517fdeb20e,,,,,,,adaptive_jones,True,fixed_anchor_then_adaptive_jones_score_selection,,nan,nan,nan,nan,True,,,nan,nan,,,,,[],nan,,,nan,nan,nan,nan,,nan,nan,nan,0.0001808117699484918,nan,nan,0.0001808117699484918,False,0a1c4f0b423cde7d810066f20685360779b434f786c785131581505ed3dd312e,0.14406716613452206,computed_unscaled,cpu,nan,nan,nan,,,,,,,,nan,nan,nan,nan,nan,nan,False,,
fig1_fig2,free_jones_vp,14,1092560480,5.0,snr_db,5.0,3,3,3,3,full_6d,1092560480,,,nan,,False,,1532.568347491324,0.026125545963931282,0.026125545963931282,0.0020171426940291098,0.00237824574535691,2.102228564682006e-12,0.0687935862322436,False,direct_vp,global_exact_spherical_vp,proposed_post_stage1,False,919776abc5985694,jones_free,cpu,False,,numpy,numpy.linalg.solve,jones_free,False,,,0.0,0.0,0.0,0.0,True,6,4,nan,nan,"[0.0,0.0,0.0]",,"[2.3521574848252274e-06,1.6387659871615455e-06,4.1648399887332715e-06]",jnpp_then_vp,[],3114126.2284225044,3096560,False,26948819.20485142,63.94857296341041,30.505191880095268,0.02673408371474154,"[5.044879886177266,4.983876025602577,4.9937600682547005]",234.67694640159607,1524.690666347742,1760.7523645609617,nan,nan,nan,nan,False,,nan,,,nan,nan,nan,,,,,,,,0.026125545963931282,0.0020171426940291098,0.0687935862322436,nan,nan,nan,False,not_run,not_requested
fig1_fig2,free_jones_vp_gated_rescue,14,1092560480,5.0,snr_db,5.0,3,3,3,3,full_6d,1092560480,,,nan,,False,,1582.3493835031986,0.0006014184527740315,0.0006014184527740315,3.465745846984931e-06,0.00023996079424530784,3.9038229958921487e-13,0.06836076629537324,False,ris_only_stage2_then_vp,global_exact_spherical_vp,proposed_post_stage1,False,919776abc5985694,jones_free,cpu,False,,numpy,numpy.linalg.solve,jones_free,False,,,0.0,0.0,0.0,0.0,True,6,4,nan,nan,"[0.0,0.0,0.0]",,"[2.2648643899443155e-06,1.779710686260407e-06,3.721307504719068e-06]",jnpp_then_vp,[],3114126.2284225044,3096560,False,26948819.20485142,63.94857296341041,30.505191880095268,0.02673408371474154,"[5.044879886177266,4.983876025602577,4.9937600682547005]",234.67694640159607,52.17414986342192,304.31717129796743,nan,nan,nan,nan,False,,nan,,,nan,nan,nan,,,,,,,,0.026125545963931282,0.0020171426940291098,0.0687935862322436,0.0006014184527740315,3.465745846984931e-06,0.06836076629537324,True,accepted,accepted
fig1_fig2,PEB,14,1092560480,5.0,snr_db,5.0,3,3,3,3,full_6d,1092560480,,,nan,,False,,5.541575208306313,nan,nan,nan,nan,nan,nan,False,,,peb_only,False,6093bc3617f3682c,,,,,,,adaptive_jones,True,fixed_anchor_then_adaptive_jones_score_selection,,nan,nan,nan,nan,True,,,nan,nan,,,,,[],nan,,,nan,nan,nan,nan,,nan,nan,nan,0.0002032846704328461,nan,nan,0.0002032846704328461,False,f1022bc01518ff6f31f9f6e642efb32029d98d2c096644b99cc3e0e6c8ec44d7,0.06840588738389257,computed_unscaled,cpu,nan,nan,nan,,,,,,,,nan,nan,nan,nan,nan,nan,False,,
fig1_fig2,free_jones_vp,32,2857393641,5.0,snr_db,5.0,3,3,3,3,full_6d,2857393641,,,nan,,False,,443.69604928046465,0.0011001545865588825,0.0011001545865588825,5.921474814347595e-06,0.000213000862107544,1.1858929760382786e-13,0.05711799982314334,False,direct_vp,global_exact_spherical_vp,proposed_post_stage1,False,678e456458df7b9c,jones_free,cpu,False,,numpy,numpy.linalg.solve,jones_free,False,,,0.0,0.0,0.0,0.0,True,6,4,nan,nan,"[0.0,0.0,0.0]",,"[4.778805038964951e-07,5.461991913213706e-07,9.75470382288484e-06]",direct_vp,[],3094802.8215566385,3096560,True,24582107.88898735,73.73296532025239,39.651215162489585,0.02524513129852197,"[5.048581946989201,4.986769461005708,5.0161468558481515]",232.05539286136627,436.1562936231494,669.5382479131222,nan,nan,nan,nan,False,,nan,,,nan,nan,nan,,,,,,,,0.0011001545865588825,5.921474814347595e-06,0.05711799982314334,nan,nan,nan,False,not_run,not_requested
fig1_fig2,free_jones_vp_gated_rescue,32,2857393641,5.0,snr_db,5.0,3,3,3,3,full_6d,2857393641,,,nan,,False,,442.1465536803007,0.0011001545865588825,0.0011001545865588825,5.921474814347595e-06,0.000213000862107544,1.1858929760382786e-13,0.05711799982314334,False,direct_vp,global_exact_spherical_vp,proposed_post_stage1,False,678e456458df7b9c,jones_free,cpu,False,,numpy,numpy.linalg.solve,jones_free,False,,,0.0,0.0,0.0,0.0,True,6,4,nan,nan,"[0.0,0.0,0.0]",,"[4.778805038964951e-07,5.461991913213706e-07,9.75470382288484e-06]",direct_vp,[],3094802.8215566385,3096560,True,24582107.88898735,73.73296532025239,39.651215162489585,0.02524513129852197,"[5.048581946989201,4.986769461005708,5.0161468558481515]",232.05539286136627,435.83012936264277,669.2120836526155,nan,nan,nan,nan,False,,nan,,,nan,nan,nan,,,,,,,,0.0011001545865588825,5.921474814347595e-06,0.05711799982314334,nan,nan,nan,False,not_run,not_requested
fig1_fig2,PEB,32,2857393641,5.0,snr_db,5.0,3,3,3,3,full_6d,2857393641,,,nan,,False,,5.672160848975182,nan,nan,nan,nan,nan,nan,False,,,peb_only,False,9c8b2efc959b641f,,,,,,,adaptive_jones,True,fixed_anchor_then_adaptive_jones_score_selection,,nan,nan,nan,nan,True,,,nan,nan,,,,,[],nan,,,nan,nan,nan,nan,,nan,nan,nan,0.00020526202885815924,nan,nan,0.00020526202885815924,False,73ca4065ba0c89751d2f0dc2de518337698a325ed5053ee6dc1f366512a9f819,0.05715072578723671,computed_unscaled,cpu,nan,nan,nan,,,,,,,,nan,nan,nan,nan,nan,nan,False,,
fig1_fig2,free_jones_vp,87,3576217426,0.0,snr_db,0.0,3,3,3,3,full_6d,3576217426,,,nan,,False,,2607.720109783113,0.026569543160408007,0.026569543160408007,0.0026337884133673865,0.007585833953646989,5.0194277326101045e-12,0.06638708747987515,False,direct_vp,global_exact_spherical_vp,proposed_post_stage1,False,c02f7f96cb62b716,jones_free,cpu,False,,numpy,numpy.linalg.solve,jones_free,False,,,0.0,0.0,0.0,0.0,True,6,4,nan,nan,"[0.0,0.0,0.0]",,"[3.8041103333965192e-06,1.7829175226180909e-06,1.220095475465734e-06]",jnpp_then_vp,[],3102541.879164965,3096560,False,5149979.93666823,92.07540590840448,14.69119311251066,0.09842815533095578,"[4.988298267902744,5.00273026226856,4.7870910272202085]",217.1105568856001,2491.387953720987,2709.813038624823,nan,nan,nan,nan,False,,nan,,,nan,nan,nan,,,,,,,,0.026569543160408007,0.0026337884133673865,0.06638708747987515,nan,nan,nan,False,not_run,not_requested
fig1_fig2,free_jones_vp_gated_rescue,87,3576217426,0.0,snr_db,0.0,3,3,3,3,full_6d,3576217426,,,nan,,False,,2894.9294936209917,0.0009711091426206059,0.0009711091426206059,7.890082390972041e-06,0.00010932980394043302,5.272667601324263e-13,0.06620738504569128,False,ris_only_stage2_then_vp,global_exact_spherical_vp,proposed_post_stage1,False,c02f7f96cb62b716,jones_free,cpu,False,,numpy,numpy.linalg.solve,jones_free,False,,,0.0,0.0,0.0,0.0,True,6,4,nan,nan,"[0.0,0.0,0.0]",,"[4.082993601467862e-06,1.5616197551120347e-06,6.378275052220932e-07]",jnpp_then_vp,[],3102541.879164965,3096560,False,5149979.93666823,92.07540590840448,14.69119311251066,0.09842815533095578,"[4.988298267902744,5.00273026226856,4.7870910272202085]",217.1105568856001,249.623109921813,482.4547201618552,nan,nan,nan,nan,False,,nan,,,nan,nan,nan,,,,,,,,0.026569543160408007,0.0026337884133673865,0.06638708747987515,0.0009711091426206059,7.890082390972041e-06,0.06620738504569128,True,accepted,accepted
fig1_fig2,PEB,87,3576217426,0.0,snr_db,0.0,3,3,3,3,full_6d,3576217426,,,nan,,False,,5.743095755577087,nan,nan,nan,nan,nan,nan,False,,,peb_only,False,07017e01fc0d66b7,,,,,,,adaptive_jones,True,fixed_anchor_then_adaptive_jones_score_selection,,nan,nan,nan,nan,True,,,nan,nan,,,,,[],nan,,,nan,nan,nan,nan,,nan,nan,nan,0.00047465667901669715,nan,nan,0.00047465667901669715,False,66c908d686e5b626f41743ba5f1b64294d5b4f17110f5310f3926b121f412ca0,0.06625943171971327,computed_unscaled,cpu,nan,nan,nan,,,,,,,,nan,nan,nan,nan,nan,nan,False,,
fig1_fig2,free_jones_vp,11,3685333214,5.0,snr_db,5.0,3,3,3,3,full_6d,3685333214,,,nan,,False,,1770.8562399819493,0.01694341815858623,0.01694341815858623,0.0006099714639822209,0.0023299632709335534,1.7597222092363574e-12,0.09071505963811788,False,direct_vp,global_exact_spherical_vp,proposed_post_stage1,False,eb33b4ae2cc6d810,jones_free,cpu,False,,numpy,numpy.linalg.solve,jones_free,False,,,0.0,0.0,0.0,0.0,True,6,4,nan,nan,"[0.0,0.0,0.0]",,"[1.435010485550941e-05,1.9678153782243943e-07,1.0238466934866458e-05]",direct_vp,"[""poor_clock_consistency""]",3097905.137476433,3096560,True,20294296.98562543,85.97413907958385,13.629915803636296,0.13390765494359466,"[5.272655056465274,4.981804269358245,4.995909310469214]",216.09028781205416,1763.79273519665,1981.1551063507795,nan,nan,nan,nan,False,,nan,,,nan,nan,nan,,,,,,,,0.01694341815858623,0.0006099714639822209,0.09071505963811788,nan,nan,nan,False,not_run,not_requested
fig1_fig2,free_jones_vp_gated_rescue,11,3685333214,5.0,snr_db,5.0,3,3,3,3,full_6d,3685333214,,,nan,,False,,1751.8960927948356,0.01694341815858623,0.01694341815858623,0.0006099714639822209,0.0023299632709335534,1.7597222092363574e-12,0.09071505963811788,False,direct_vp,global_exact_spherical_vp,proposed_post_stage1,False,eb33b4ae2cc6d810,jones_free,cpu,False,,numpy,numpy.linalg.solve,jones_free,False,,,0.0,0.0,0.0,0.0,True,6,4,nan,nan,"[0.0,0.0,0.0]",,"[1.435010485550941e-05,1.9678153782243943e-07,1.0238466934866458e-05]",direct_vp,"[""poor_clock_consistency""]",3097905.137476433,3096560,True,20294296.98562543,85.97413907958385,13.629915803636296,0.13390765494359466,"[5.272655056465274,4.981804269358245,4.995909310469214]",216.09028781205416,1745.3790866732597,1962.7414578273892,nan,nan,nan,nan,False,,nan,,,nan,nan,nan,,,,,,,,0.01694341815858623,0.0006099714639822209,0.09071505963811788,nan,nan,nan,False,not_run,not_requested
fig1_fig2,PEB,11,3685333214,5.0,snr_db,5.0,3,3,3,3,full_6d,3685333214,,,nan,,False,,5.561554357409477,nan,nan,nan,nan,nan,nan,False,,,peb_only,False,1cb3046526a5b1c0,,,,,,,adaptive_jones,True,fixed_anchor_then_adaptive_jones_score_selection,,nan,nan,nan,nan,True,,,nan,nan,,,,,[],nan,,,nan,nan,nan,nan,,nan,nan,nan,0.0002422267186601923,nan,nan,0.0002422267186601923,False,e9ccda1e403051d390ee49d3f08d80b8c395469b47c082ff498964bcdaeda690,0.09067613889003451,computed_unscaled,cpu,nan,nan,nan,,,,,,,,nan,nan,nan,nan,nan,nan,False,,
fig1_fig2,free_jones_vp,42,1970772956,5.0,snr_db,5.0,3,3,3,3,full_6d,1970772956,,,nan,,False,,103.6452044248581,0.0018638610264633058,0.0018638610264633058,7.357962513105001e-05,0.00167259078572422,5.593877398785119e-13,0.05439637463294806,False,direct_vp,global_exact_spherical_vp,proposed_post_stage1,False,1455bd1f10c7a8c8,jones_free,cpu,False,,numpy,numpy.linalg.solve,jones_free,False,,,0.0,0.0,0.0,0.0,True,6,4,nan,nan,"[0.0,0.0,0.0]",,"[1.555234825695561e-05,1.4921347496666624e-07,7.265384423153132e-07]",direct_vp,[],3097793.201975371,3096560,True,27080817.777152807,72.4566387628331,27.953766450153584,0.027521181879128703,"[5.046379106469381,4.979456970516773,5.005886657137761]",226.3040376380086,96.49863935261965,324.2062815576792,nan,nan,nan,nan,False,,nan,,,nan,nan,nan,,,,,,,,0.0018638610264633058,7.357962513105001e-05,0.05439637463294806,nan,nan,nan,False,not_run,not_requested
fig1_fig2,free_jones_vp_gated_rescue,42,1970772956,5.0,snr_db,5.0,3,3,3,3,full_6d,1970772956,,,nan,,False,,105.00976759195328,0.0018638610264633058,0.0018638610264633058,7.357962513105001e-05,0.00167259078572422,5.593877398785119e-13,0.05439637463294806,False,direct_vp,global_exact_spherical_vp,proposed_post_stage1,False,1455bd1f10c7a8c8,jones_free,cpu,False,,numpy,numpy.linalg.solve,jones_free,False,,,0.0,0.0,0.0,0.0,True,6,4,nan,nan,"[0.0,0.0,0.0]",,"[1.555234825695561e-05,1.4921347496666624e-07,7.265384423153132e-07]",direct_vp,[],3097793.201975371,3096560,True,27080817.777152807,72.4566387628331,27.953766450153584,0.027521181879128703,"[5.046379106469381,4.979456970516773,5.005886657137761]",226.3040376380086,98.57991760969162,326.28755981475115,nan,nan,nan,nan,False,,nan,,,nan,nan,nan,,,,,,,,0.0018638610264633058,7.357962513105001e-05,0.05439637463294806,nan,nan,nan,False,not_run,not_requested
fig1_fig2,PEB,42,1970772956,5.0,snr_db,5.0,3,3,3,3,full_6d,1970772956,,,nan,,False,,5.676622450351715,nan,nan,nan,nan,nan,nan,False,,,peb_only,False,370f23f42204b004,,,,,,,adaptive_jones,True,fixed_anchor_then_adaptive_jones_score_selection,,nan,nan,nan,nan,True,,,nan,nan,,,,,[],nan,,,nan,nan,nan,nan,,nan,nan,nan,0.00019028000218306246,nan,nan,0.00019028000218306246,False,4af21c66cd27ed283a830009c130c6232a0ae08038b9a036394b8e1c4ae43a65,0.05437500090967498,computed_unscaled,cpu,nan,nan,nan,,,,,,,,nan,nan,nan,nan,nan,nan,False,,
fig1_fig2,free_jones_vp,40,1007248754,5.0,snr_db,5.0,3,3,3,3,full_6d,1007248754,,,nan,,False,,166.353557176888,0.0033725134217279865,0.0033725134217279865,0.00042760318620591254,0.0029179418591338195,1.0734527406581649e-12,0.09308496854948729,False,direct_vp,global_exact_spherical_vp,proposed_post_stage1,False,47452e763ecb1ea3,jones_free,cpu,False,,numpy,numpy.linalg.solve,jones_free,False,,,0.0,0.0,0.0,0.0,True,6,4,nan,nan,"[0.0,0.0,0.0]",,"[1.4191278820888927e-06,2.2505373806208328e-07,7.058282659231649e-06]",direct_vp,[],3100508.4976905393,3096560,True,16191310.738590114,101.00192902993679,23.171706433550618,0.036221484365021914,"[5.020365839592294,5.001496984700046,4.9358517449950945]",229.24888824671507,158.3187447041273,389.03609075397253,nan,nan,nan,nan,False,,nan,,,nan,nan,nan,,,,,,,,0.0033725134217279865,0.00042760318620591254,0.09308496854948729,nan,nan,nan,False,not_run,not_requested
fig1_fig2,free_jones_vp_gated_rescue,40,1007248754,5.0,snr_db,5.0,3,3,3,3,full_6d,1007248754,,,nan,,False,,166.88665399700403,0.0033725134217279865,0.0033725134217279865,0.00042760318620591254,0.0029179418591338195,1.0734527406581649e-12,0.09308496854948729,False,direct_vp,global_exact_spherical_vp,proposed_post_stage1,False,47452e763ecb1ea3,jones_free,cpu,False,,numpy,numpy.linalg.solve,jones_free,False,,,0.0,0.0,0.0,0.0,True,6,4,nan,nan,"[0.0,0.0,0.0]",,"[1.4191278820888927e-06,2.2505373806208328e-07,7.058282659231649e-06]",direct_vp,[],3100508.4976905393,3096560,True,16191310.738590114,101.00192902993679,23.171706433550618,0.036221484365021914,"[5.020365839592294,5.001496984700046,4.9358517449950945]",229.24888824671507,160.54036808013916,391.2577141299844,nan,nan,nan,nan,False,,nan,,,nan,nan,nan,,,,,,,,0.0033725134217279865,0.00042760318620591254,0.09308496854948729,nan,nan,nan,False,not_run,not_requested
fig1_fig2,PEB,40,1007248754,5.0,snr_db,5.0,3,3,3,3,full_6d,1007248754,,,nan,,False,,5.649176940321922,nan,nan,nan,nan,nan,nan,False,,,peb_only,False,85ccf7ea425e39c1,,,,,,,adaptive_jones,True,fixed_anchor_then_adaptive_jones_score_selection,,nan,nan,nan,nan,True,,,nan,nan,,,,,[],nan,,,nan,nan,nan,nan,,nan,nan,nan,0.0002552588646638665,nan,nan,0.0002552588646638665,False,8bb652b717ff684281335ff9a69fbed705a14cc366cf654f3e53c1ef0c7a4d23,0.09296690519822816,computed_unscaled,cpu,nan,nan,nan,,,,,,,,nan,nan,nan,nan,nan,nan,False,,
fig1_fig2,free_jones_vp,43,409305243,5.0,snr_db,5.0,3,3,3,3,full_6d,409305243,,,nan,,False,,121.50298783928156,0.001641544603778012,0.001641544603778012,0.0001050892844597361,0.001299979166551114,8.993705519753564e-13,0.10544436128484358,False,direct_vp,global_exact_spherical_vp,proposed_post_stage1,False,5a0acfd882115c35,jones_free,cpu,False,,numpy,numpy.linalg.solve,jones_free,False,,,0.0,0.0,0.0,0.0,True,6,4,nan,nan,"[0.0,0.0,0.0]",,"[1.2215337491344703e-06,1.3861550353225888e-07,1.7206383906836714e-05]",direct_vp,[],3100005.8924472793,3096560,True,18215009.21362371,96.75448080313258,29.384281220001974,0.0035551876876648036,"[4.994866979991252,4.9872307959433515,4.994674303476633]",219.2325680628419,113.76700328290462,334.3965915068984,nan,nan,nan,nan,False,,nan,,,nan,nan,nan,,,,,,,,0.001641544603778012,0.0001050892844597361,0.10544436128484358,nan,nan,nan,False,not_run,not_requested
fig1_fig2,free_jones_vp_gated_rescue,43,409305243,5.0,snr_db,5.0,3,3,3,3,full_6d,409305243,,,nan,,False,,120.2015388160944,0.001641544603778012,0.001641544603778012,0.0001050892844597361,0.001299979166551114,8.993705519753564e-13,0.10544436128484358,False,direct_vp,global_exact_spherical_vp,proposed_post_stage1,False,5a0acfd882115c35,jones_free,cpu,False,,numpy,numpy.linalg.solve,jones_free,False,,,0.0,0.0,0.0,0.0,True,6,4,nan,nan,"[0.0,0.0,0.0]",,"[1.2215337491344703e-06,1.3861550353225888e-07,1.7206383906836714e-05]",direct_vp,[],3100005.8924472793,3096560,True,18215009.21362371,96.75448080313258,29.384281220001974,0.0035551876876648036,"[4.994866979991252,4.9872307959433515,4.994674303476633]",219.2325680628419,114.02907601743937,334.65866424143314,nan,nan,nan,nan,False,,nan,,,nan,nan,nan,,,,,,,,0.001641544603778012,0.0001050892844597361,0.10544436128484358,nan,nan,nan,False,not_run,not_requested
fig1_fig2,PEB,43,409305243,5.0,snr_db,5.0,3,3,3,3,full_6d,409305243,,,nan,,False,,5.486138887703419,nan,nan,nan,nan,nan,nan,False,,,peb_only,False,3cfd8a94ec0e6a99,,,,,,,adaptive_jones,True,fixed_anchor_then_adaptive_jones_score_selection,,nan,nan,nan,nan,True,,,nan,nan,,,,,[],nan,,,nan,nan,nan,nan,,nan,nan,nan,0.00023836647972006847,nan,nan,0.00023836647972006847,False,d06249056a46bde512ae6accc3f5b861faabc2ef0f40296322d007b403b53207,0.105327696081316,computed_unscaled,cpu,nan,nan,nan,,,,,,,,nan,nan,nan,nan,nan,nan,False,,
fig1_fig2,free_jones_vp,45,2629875502,5.0,snr_db,5.0,3,3,3,3,full_6d,2629875502,,,nan,,False,,108.41878231614828,0.001983548352447977,0.001983548352447977,0.00015339277480274247,0.001738366199860511,5.29638127551265e-13,0.11671927324311754,False,direct_vp,global_exact_spherical_vp,proposed_post_stage1,False,cee7e3a39ac1dbd2,jones_free,cpu,False,,numpy,numpy.linalg.solve,jones_free,False,,,0.0,0.0,0.0,0.0,True,6,4,nan,nan,"[0.0,0.0,0.0]",,"[4.3044789842375416e-07,2.4067927423571333e-08,3.2086502622429884e-06]",direct_vp,[],3096332.7376652933,3096560,True,26076408.562432796,71.51835601349732,32.3448704560538,0.024029511324189387,"[5.061338181446471,5.0232077267159685,5.003440883808173]",217.2779787182808,100.64252058416605,319.3239663094282,nan,nan,nan,nan,False,,nan,,,nan,nan,nan,,,,,,,,0.001983548352447977,0.00015339277480274247,0.11671927324311754,nan,nan,nan,False,not_run,not_requested
fig1_fig2,free_jones_vp_gated_rescue,45,2629875502,5.0,snr_db,5.0,3,3,3,3,full_6d,2629875502,,,nan,,False,,102.51788864284754,0.001983548352447977,0.001983548352447977,0.00015339277480274247,0.001738366199860511,5.29638127551265e-13,0.11671927324311754,False,direct_vp,global_exact_spherical_vp,proposed_post_stage1,False,cee7e3a39ac1dbd2,jones_free,cpu,False,,numpy,numpy.linalg.solve,jones_free,False,,,0.0,0.0,0.0,0.0,True,6,4,nan,nan,"[0.0,0.0,0.0]",,"[4.3044789842375416e-07,2.4067927423571333e-08,3.2086502622429884e-06]",direct_vp,[],3096332.7376652933,3096560,True,26076408.562432796,71.51835601349732,32.3448704560538,0.024029511324189387,"[5.061338181446471,5.0232077267159685,5.003440883808173]",217.2779787182808,96.0433587282896,314.72480445355177,nan,nan,nan,nan,False,,nan,,,nan,nan,nan,,,,,,,,0.001983548352447977,0.00015339277480274247,0.11671927324311754,nan,nan,nan,False,not_run,not_requested
fig1_fig2,PEB,45,2629875502,5.0,snr_db,5.0,3,3,3,3,full_6d,2629875502,,,nan,,False,,5.725473254919052,nan,nan,nan,nan,nan,nan,False,,,peb_only,False,7d5775e8be27f388,,,,,,,adaptive_jones,True,fixed_anchor_then_adaptive_jones_score_selection,,nan,nan,nan,nan,True,,,nan,nan,,,,,[],nan,,,nan,nan,nan,nan,,nan,nan,nan,0.0001979350763428231,nan,nan,0.0001979350763428231,False,61ef90b44bee96edd1828bab28b96f525f17a012a323714534c6c3c927bfb322,0.11672844325335868,computed_unscaled,cpu,nan,nan,nan,,,,,,,,nan,nan,nan,nan,nan,nan,False,,
fig1_fig2,free_jones_vp,17,2127997378,5.0,snr_db,5.0,3,3,3,3,full_6d,2127997378,,,nan,,False,,1328.3424951285124,0.025291509243727448,0.025291509243727448,0.0016182648075733265,0.0011829425026101807,1.7633805260333106e-12,0.12728517960704583,False,direct_vp,global_exact_spherical_vp,proposed_post_stage1,False,5dd9e4c1f7a44b42,jones_free,cpu,False,,numpy,numpy.linalg.solve,jones_free,False,,,0.0,0.0,0.0,0.0,True,6,4,nan,nan,"[0.0,0.0,0.0]",,"[5.88560171730581e-06,4.197464899264037e-08,6.932938355236846e-06]",jnpp_then_vp,[],3115618.499465449,3096560,False,22726322.105473936,75.13437181812688,32.09228964983469,0.07293642185410516,"[4.980086535549366,4.966952233090575,5.12782221942727]",229.54570904374123,1203.6402186825871,1434.6600994467735,nan,nan,nan,nan,False,,nan,,,nan,nan,nan,,,,,,,,0.025291509243727448,0.0016182648075733265,0.12728517960704583,nan,nan,nan,False,not_run,not_requested
fig1_fig2,free_jones_vp_gated_rescue,17,2127997378,5.0,snr_db,5.0,3,3,3,3,full_6d,2127997378,,,nan,,False,,1652.2309955507517,8.621697428862137e-05,8.621697428862137e-05,1.7114052628470068e-06,2.2484629054113134e-05,1.3547396746042567e-13,0.12664502627029986,False,ris_only_stage2_then_vp,global_exact_spherical_vp,proposed_post_stage1,False,5dd9e4c1f7a44b42,jones_free,cpu,False,,numpy,numpy.linalg.solve,jones_free,False,,,0.0,0.0,0.0,0.0,True,6,4,nan,nan,"[0.0,0.0,0.0]",,"[5.663044290885568e-06,2.9363908895464353e-08,6.522334957757774e-06]",jnpp_then_vp,[],3115618.499465449,3096560,False,22726322.105473936,75.13437181812688,32.09228964983469,0.07293642185410516,"[4.980086535549366,4.966952233090575,5.12782221942727]",229.54570904374123,324.1274700090289,571.0991289615631,nan,nan,nan,nan,False,,nan,,,nan,nan,nan,,,,,,,,0.025291509243727448,0.0016182648075733265,0.12728517960704583,8.621697428862137e-05,1.7114052628470068e-06,0.12664502627029986,True,accepted,accepted
fig1_fig2,PEB,17,2127997378,5.0,snr_db,5.0,3,3,3,3,full_6d,2127997378,,,nan,,False,,5.626658216118813,nan,nan,nan,nan,nan,nan,False,,,peb_only,False,61a06fa25d5af6ef,,,,,,,adaptive_jones,True,fixed_anchor_then_adaptive_jones_score_selection,,nan,nan,nan,nan,True,,,nan,nan,,,,,[],nan,,,nan,nan,nan,nan,,nan,nan,nan,0.00022499055785729115,nan,nan,0.00022499055785729115,False,1e7e5fb979d639b775e57b8f9a2b5887da0781d1b293b718b0219c60afc7e70e,0.1265072191587295,computed_unscaled,cpu,nan,nan,nan,,,,,,,,nan,nan,nan,nan,nan,nan,False,,
fig1_fig2,free_jones_vp,47,582567175,5.0,snr_db,5.0,3,3,3,3,full_6d,582567175,,,nan,,False,,121.8350095525384,0.002242497830887627,0.002242497830887627,0.0002494575661094016,0.0018903229483486766,1.4779113278897196e-12,0.0679982488616785,False,direct_vp,global_exact_spherical_vp,proposed_post_stage1,False,88a3beca06f55e7f,jones_free,cpu,False,,numpy,numpy.linalg.solve,jones_free,False,,,0.0,0.0,0.0,0.0,True,6,4,nan,nan,"[0.0,0.0,0.0]",,"[2.5526500507324753e-05,4.39049767193765e-08,5.842880818475753e-07]",direct_vp,[],3099540.3521527685,3096560,True,17045127.013263404,95.82824293681008,20.170749295534296,0.02280591610245668,"[4.964433574026969,5.008478299958071,4.956697900599541]",226.97584901750088,114.02866607159376,342.33218263089657,nan,nan,nan,nan,False,,nan,,,nan,nan,nan,,,,,,,,0.002242497830887627,0.0002494575661094016,0.0679982488616785,nan,nan,nan,False,not_run,not_requested
fig1_fig2,free_jones_vp_gated_rescue,47,582567175,5.0,snr_db,5.0,3,3,3,3,full_6d,582567175,,,nan,,False,,122.77235557883978,0.002242497830887627,0.002242497830887627,0.0002494575661094016,0.0018903229483486766,1.4779113278897196e-12,0.0679982488616785,False,direct_vp,global_exact_spherical_vp,proposed_post_stage1,False,88a3beca06f55e7f,jones_free,cpu,False,,numpy,numpy.linalg.solve,jones_free,False,,,0.0,0.0,0.0,0.0,True,6,4,nan,nan,"[0.0,0.0,0.0]",,"[2.5526500507324753e-05,4.39049767193765e-08,5.842880818475753e-07]",direct_vp,[],3099540.3521527685,3096560,True,17045127.013263404,95.82824293681008,20.170749295534296,0.02280591610245668,"[4.964433574026969,5.008478299958071,4.956697900599541]",226.97584901750088,115.9660032466054,344.2695198059082,nan,nan,nan,nan,False,,nan,,,nan,nan,nan,,,,,,,,0.002242497830887627,0.0002494575661094016,0.0679982488616785,nan,nan,nan,False,not_run,not_requested
fig1_fig2,PEB,47,582567175,5.0,snr_db,5.0,3,3,3,3,full_6d,582567175,,,nan,,False,,5.785140834748745,nan,nan,nan,nan,nan,nan,False,,,peb_only,False,ab9f938347b484a7,,,,,,,adaptive_jones,True,fixed_anchor_then_adaptive_jones_score_selection,,nan,nan,nan,nan,True,,,nan,nan,,,,,[],nan,,,nan,nan,nan,nan,,nan,nan,nan,0.00024564678632260585,nan,nan,0.00024564678632260585,False,050689952234d9ff329be9f4e449f2035a50644af1a2423c3a762752f771130c,0.06793321639476527,computed_unscaled,cpu,nan,nan,nan,,,,,,,,nan,nan,nan,nan,nan,nan,False,,
fig1_fig2,free_jones_vp,44,2937526438,5.0,snr_db,5.0,3,3,3,3,full_6d,2937526438,,,nan,,False,,241.47588835656643,0.0013502319124156306,0.0013502319124156306,3.8335509500289125e-05,0.0010296061940159415,6.366438875370331e-13,0.10018622234339111,False,direct_vp,global_exact_spherical_vp,proposed_post_stage1,False,8f07bdf27c798074,jones_free,cpu,False,,numpy,numpy.linalg.solve,jones_free,False,,,0.0,0.0,0.0,0.0,True,6,4,nan,nan,"[0.0,0.0,0.0]",,"[1.6423461195975856e-06,4.6917586931240197e-07,1.113085195545029e-06]",direct_vp,[],3098909.1669964013,3096560,True,26838498.374480948,72.72451673404889,26.603206735376485,0.025021768301508925,"[4.9654963414873,4.999385175551871,5.026668127811831]",223.31613036245108,234.01048284024,458.81861348450184,nan,nan,nan,nan,False,,nan,,,nan,nan,nan,,,,,,,,0.0013502319124156306,3.8335509500289125e-05,0.10018622234339111,nan,nan,nan,False,not_run,not_requested
fig1_fig2,free_jones_vp_gated_rescue,44,2937526438,5.0,snr_db,5.0,3,3,3,3,full_6d,2937526438,,,nan,,False,,242.20790865272284,0.0013502319124156306,0.0013502319124156306,3.8335509500289125e-05,0.0010296061940159415,6.366438875370331e-13,0.10018622234339111,False,direct_vp,global_exact_spherical_vp,proposed_post_stage1,False,8f07bdf27c798074,jones_free,cpu,False,,numpy,numpy.linalg.solve,jones_free,False,,,0.0,0.0,0.0,0.0,True,6,4,nan,nan,"[0.0,0.0,0.0]",,"[1.6423461195975856e-06,4.6917586931240197e-07,1.113085195545029e-06]",direct_vp,[],3098909.1669964013,3096560,True,26838498.374480948,72.72451673404889,26.603206735376485,0.025021768301508925,"[4.9654963414873,4.999385175551871,5.026668127811831]",223.31613036245108,235.7210211083293,460.52915175259113,nan,nan,nan,nan,False,,nan,,,nan,nan,nan,,,,,,,,0.0013502319124156306,3.8335509500289125e-05,0.10018622234339111,nan,nan,nan,False,not_run,not_requested
fig1_fig2,PEB,44,2937526438,5.0,snr_db,5.0,3,3,3,3,full_6d,2937526438,,,nan,,False,,5.65173114836216,nan,nan,nan,nan,nan,nan,False,,,peb_only,False,3371c1b171e701d1,,,,,,,adaptive_jones,True,fixed_anchor_then_adaptive_jones_score_selection,,nan,nan,nan,nan,True,,,nan,nan,,,,,[],nan,,,nan,nan,nan,nan,,nan,nan,nan,0.00019514314628769216,nan,nan,0.00019514314628769216,False,a69e9e58b307bf283137f27fcdcb11ba27c21f96108559d9bf8b0d1b3c2cba08,0.10011079219204781,computed_unscaled,cpu,nan,nan,nan,,,,,,,,nan,nan,nan,nan,nan,nan,False,,
fig1_fig2,free_jones_vp,21,4000820147,5.0,snr_db,5.0,3,3,3,3,full_6d,4000820147,,,nan,,False,,1339.7054382935166,0.025809538550276512,0.025809538550276512,0.002215841054545703,0.005324402307303867,1.1644784706296068e-11,0.11076224856601373,False,direct_vp,global_exact_spherical_vp,proposed_post_stage1,False,89075676c372e46d,jones_free,cpu,False,,numpy,numpy.linalg.solve,jones_free,False,,,0.0,0.0,0.0,0.0,True,6,4,nan,nan,"[0.0,0.0,0.0]",,"[6.363590410879555e-07,4.99007774528975e-07,5.433563172327241e-07]",jnpp_then_vp,[],3117519.9465411613,3096560,False,18219213.119105395,120.8017971382241,27.63772680087227,0.04590010946562051,"[4.994049635013179,5.106091895200394,5.0581694791656435]",242.04618082940578,1208.1216473579407,1451.893606647849,nan,nan,nan,nan,False,,nan,,,nan,nan,nan,,,,,,,,0.025809538550276512,0.002215841054545703,0.11076224856601373,nan,nan,nan,False,not_run,not_requested
fig1_fig2,free_jones_vp_gated_rescue,21,4000820147,5.0,snr_db,5.0,3,3,3,3,full_6d,4000820147,,,nan,,False,,1403.7377855181694,0.000947034139168027,0.000947034139168027,2.841192056580982e-06,6.63308022527563e-05,8.060107078759926e-13,0.10999862419722616,False,ris_only_stage2_then_vp,global_exact_spherical_vp,proposed_post_stage1,False,89075676c372e46d,jones_free,cpu,False,,numpy,numpy.linalg.solve,jones_free,False,,,0.0,0.0,0.0,0.0,True,6,4,nan,nan,"[0.0,0.0,0.0]",,"[5.131364590956275e-07,2.772389880076146e-06,1.7054689828898112e-07]",jnpp_then_vp,[],3117519.9465411613,3096560,False,18219213.119105395,120.8017971382241,27.63772680087227,0.04590010946562051,"[4.994049635013179,5.106091895200394,5.0581694791656435]",242.04618082940578,52.161727875471115,311.140464566648,nan,nan,nan,nan,False,,nan,,,nan,nan,nan,,,,,,,,0.025809538550276512,0.002215841054545703,0.11076224856601373,0.000947034139168027,2.841192056580982e-06,0.10999862419722616,True,accepted,accepted
fig1_fig2,PEB,21,4000820147,5.0,snr_db,5.0,3,3,3,3,full_6d,4000820147,,,nan,,False,,5.734681464731693,nan,nan,nan,nan,nan,nan,False,,,peb_only,False,361c21ce31e7136e,,,,,,,adaptive_jones,True,fixed_anchor_then_adaptive_jones_score_selection,,nan,nan,nan,nan,True,,,nan,nan,,,,,[],nan,,,nan,nan,nan,nan,,nan,nan,nan,0.000262463655237757,nan,nan,0.000262463655237757,False,f7a047bb7013efbe33f31c7f789c22a5d5f4d1899bcaccc54b42258dbd7f4038,0.11001813187950489,computed_unscaled,cpu,nan,nan,nan,,,,,,,,nan,nan,nan,nan,nan,nan,False,,
fig1_fig2,free_jones_vp,18,3644258948,5.0,snr_db,5.0,3,3,3,3,full_6d,3644258948,,,nan,,False,,1641.7755818068981,0.016569472123534778,0.016569472123534778,0.0010692798746748035,0.0033556601538521375,2.022903892915443e-12,0.13944543511497123,False,direct_vp,global_exact_spherical_vp,proposed_post_stage1,False,d8c6c3a575c73ac8,jones_free,cpu,False,,numpy,numpy.linalg.solve,jones_free,False,,,0.0,0.0,0.0,0.0,True,6,4,nan,nan,"[0.0,0.0,0.0]",,"[2.1203567314696958e-06,3.8878331510571315e-06,5.508322378180373e-07]",jnpp_then_vp,[],3104426.8365843752,3096560,False,25591473.563489098,80.43111914587465,24.936525983264275,0.05512237031375736,"[5.06073793721365,5.122821339790474,4.987941403569574]",227.127378821373,1510.427343480289,1738.9068815931678,nan,nan,nan,nan,False,,nan,,,nan,nan,nan,,,,,,,,0.016569472123534778,0.0010692798746748035,0.13944543511497123,nan,nan,nan,False,not_run,not_requested
fig1_fig2,free_jones_vp_gated_rescue,18,3644258948,5.0,snr_db,5.0,3,3,3,3,full_6d,3644258948,,,nan,,False,,1711.9222362488508,0.0007915712349144481,0.0007915712349144481,4.278341544521058e-06,0.00014403825914097276,8.739330682608814e-13,0.13897627999420734,False,ris_only_stage2_then_vp,global_exact_spherical_vp,proposed_post_stage1,False,d8c6c3a575c73ac8,jones_free,cpu,False,,numpy,numpy.linalg.solve,jones_free,False,,,0.0,0.0,0.0,0.0,True,6,4,nan,nan,"[0.0,0.0,0.0]",,"[1.8573570187299594e-06,1.6153798962764819e-06,5.302375004526844e-07]",jnpp_then_vp,[],3104426.8365843752,3096560,False,25591473.563489098,80.43111914587465,24.936525983264275,0.05512237031375736,"[5.06073793721365,5.122821339790474,4.987941403569574]",227.127378821373,54.12547969818115,296.6738123074174,nan,nan,nan,nan,False,,nan,,,nan,nan,nan,,,,,,,,0.016569472123534778,0.0010692798746748035,0.13944543511497123,0.0007915712349144481,4.278341544521058e-06,0.13897627999420734,True,accepted,accepted
fig1_fig2,PEB,18,3644258948,5.0,snr_db,5.0,3,3,3,3,full_6d,3644258948,,,nan,,False,,5.751596450805664,nan,nan,nan,nan,nan,nan,False,,,peb_only,False,48963ce2dbd4bcf4,,,,,,,adaptive_jones,True,fixed_anchor_then_adaptive_jones_score_selection,,nan,nan,nan,nan,True,,,nan,nan,,,,,[],nan,,,nan,nan,nan,nan,,nan,nan,nan,0.00018765916090246826,nan,nan,0.00018765916090246826,False,10eabe3ea0bf687d98504e31e23e6506b4b182585a8f16e7a2bae8ed9d09e41a,0.1390927892382434,computed_unscaled,cpu,nan,nan,nan,,,,,,,,nan,nan,nan,nan,nan,nan,False,,
fig1_fig2,free_jones_vp,53,3576518520,5.0,snr_db,5.0,3,3,3,3,full_6d,3576518520,,,nan,,False,,70.78335991501808,0.0017690806547599144,0.0017690806547599144,1.342958946962901e-05,0.0008873997623137615,1.0538572536378191e-12,0.05930035931875506,False,direct_vp,global_exact_spherical_vp,proposed_post_stage1,False,5ed5cf985e634081,jones_free,cpu,False,,numpy,numpy.linalg.solve,jones_free,False,,,0.0,0.0,0.0,0.0,True,6,4,nan,nan,"[0.0,0.0,0.0]",,"[9.405902100887043e-06,1.30323601919343e-07,2.2036833803637094e-05]",direct_vp,"[""poor_clock_consistency""]",3093638.1881067725,3096560,True,11525269.61480688,166.92245021919064,8.586433237077424,0.22319600604898832,"[4.498481233523565,5.00524056613083,4.929541205811203]",233.79302526265383,62.922606624662876,297.9968349635601,nan,nan,nan,nan,False,,nan,,,nan,nan,nan,,,,,,,,0.0017690806547599144,1.342958946962901e-05,0.05930035931875506,nan,nan,nan,False,not_run,not_requested
fig1_fig2,free_jones_vp_gated_rescue,53,3576518520,5.0,snr_db,5.0,3,3,3,3,full_6d,3576518520,,,nan,,False,,67.74591712653637,0.0017690806547599144,0.0017690806547599144,1.342958946962901e-05,0.0008873997623137615,1.0538572536378191e-12,0.05930035931875506,False,direct_vp,global_exact_spherical_vp,proposed_post_stage1,False,5ed5cf985e634081,jones_free,cpu,False,,numpy,numpy.linalg.solve,jones_free,False,,,0.0,0.0,0.0,0.0,True,6,4,nan,nan,"[0.0,0.0,0.0]",,"[9.405902100887043e-06,1.30323601919343e-07,2.2036833803637094e-05]",direct_vp,"[""poor_clock_consistency""]",3093638.1881067725,3096560,True,11525269.61480688,166.92245021919064,8.586433237077424,0.22319600604898832,"[4.498481233523565,5.00524056613083,4.929541205811203]",233.79302526265383,61.25781496614218,296.3320433050394,nan,nan,nan,nan,False,,nan,,,nan,nan,nan,,,,,,,,0.0017690806547599144,1.342958946962901e-05,0.05930035931875506,nan,nan,nan,False,not_run,not_requested
fig1_fig2,PEB,53,3576518520,5.0,snr_db,5.0,3,3,3,3,full_6d,3576518520,,,nan,,False,,5.700123928487301,nan,nan,nan,nan,nan,nan,False,,,peb_only,False,052f2313100dd0a7,,,,,,,adaptive_jones,True,fixed_anchor_then_adaptive_jones_score_selection,,nan,nan,nan,nan,True,,,nan,nan,,,,,[],nan,,,nan,nan,nan,nan,,nan,nan,nan,0.000300051998354177,nan,nan,0.000300051998354177,False,e200269e04ccf0a54521e583b609be7b0a3b6bdaccfd671ee9c073b4737a05cd,0.059356672723971306,computed_unscaled,cpu,nan,nan,nan,,,,,,,,nan,nan,nan,nan,nan,nan,False,,
fig1_fig2,free_jones_vp,24,2465240206,5.0,snr_db,5.0,3,3,3,3,full_6d,2465240206,,,nan,,False,,1295.7265155166388,0.029945540384514927,0.029945540384514927,0.00995733320292751,0.01017860950798474,1.5592854075945786e-11,0.17125028010335047,False,direct_vp,global_exact_spherical_vp,proposed_post_stage1,False,fd45a84330a5dfc9,jones_free,cpu,False,,numpy,numpy.linalg.solve,jones_free,False,,,0.0,0.0,0.0,0.0,True,6,4,nan,nan,"[0.0,0.0,0.0]",,"[3.031598795406085e-06,1.1399426807742618e-07,4.017737962053382e-05]",jnpp_then_vp,[],3192856.3531666603,3096560,False,18331749.972916223,93.84807529844697,12.785185351568586,0.07869626910962355,"[5.028036948543594,5.005854445011383,5.18277667963584]",235.5963298380375,1158.2513172253966,1395.292206607759,nan,nan,nan,nan,False,,nan,,,nan,nan,nan,,,,,,,,0.029945540384514927,0.00995733320292751,0.17125028010335047,nan,nan,nan,False,not_run,not_requested
fig1_fig2,free_jones_vp_gated_rescue,24,2465240206,5.0,snr_db,5.0,3,3,3,3,full_6d,2465240206,,,nan,,False,,1404.9468711316586,0.0009649113094189828,0.0009649113094189828,2.888099637792073e-06,4.146114741806166e-05,4.093958079660847e-13,0.16606351162498648,False,ris_only_stage2_then_vp,global_exact_spherical_vp,proposed_post_stage1,False,fd45a84330a5dfc9,jones_free,cpu,False,,numpy,numpy.linalg.solve,jones_free,False,,,0.0,0.0,0.0,0.0,True,6,4,nan,nan,"[0.0,0.0,0.0]",,"[1.8185786379815525e-06,5.4415794958301905e-08,5.561665284076806e-05]",jnpp_then_vp,[],3192856.3531666603,3096560,False,18331749.972916223,93.84807529844697,12.785185351568586,0.07869626910962355,"[5.028036948543594,5.005854445011383,5.18277667963584]",235.5963298380375,107.88394079357386,360.85523130744696,nan,nan,nan,nan,False,,nan,,,nan,nan,nan,,,,,,,,0.029945540384514927,0.00995733320292751,0.17125028010335047,0.0009649113094189828,2.888099637792073e-06,0.16606351162498648,True,accepted,accepted
fig1_fig2,PEB,24,2465240206,5.0,snr_db,5.0,3,3,3,3,full_6d,2465240206,,,nan,,False,,5.779154159128666,nan,nan,nan,nan,nan,nan,False,,,peb_only,False,9c25b551df8dcccb,,,,,,,adaptive_jones,True,fixed_anchor_then_adaptive_jones_score_selection,,nan,nan,nan,nan,True,,,nan,nan,,,,,[],nan,,,nan,nan,nan,nan,,nan,nan,nan,0.0002528208709203022,nan,nan,0.0002528208709203022,False,d0abc1777196bcc1a36b4bbbb5b3c3e641533288ceccc09b778d2fb6777f61b5,0.16608624025173382,computed_unscaled,cpu,nan,nan,nan,,,,,,,,nan,nan,nan,nan,nan,nan,False,,
fig1_fig2,free_jones_vp,56,2167631329,5.0,snr_db,5.0,3,3,3,3,full_6d,2167631329,,,nan,,False,,110.90970320254564,0.0010531360023515585,0.0010531360023515585,6.0922322054405915e-06,0.00043506466891529314,6.809192472766615e-13,0.12487110426692312,False,direct_vp,global_exact_spherical_vp,proposed_post_stage1,False,cb10cbef5d931cb3,jones_free,cpu,False,,numpy,numpy.linalg.solve,jones_free,False,,,0.0,0.0,0.0,0.0,True,6,4,nan,nan,"[0.0,0.0,0.0]",,"[6.577478541929876e-06,2.417067625332932e-07,3.237621405188866e-07]",direct_vp,[],3095641.8390829666,3096560,True,25719752.759726446,84.87630507377425,23.99514642298109,0.025391752785925294,"[4.97086466932092,4.9558296241518605,5.015613728368541]",217.7257979810238,102.49596141278744,321.6597119048238,nan,nan,nan,nan,False,,nan,,,nan,nan,nan,,,,,,,,0.0010531360023515585,6.0922322054405915e-06,0.12487110426692312,nan,nan,nan,False,not_run,not_requested
fig1_fig2,free_jones_vp_gated_rescue,56,2167631329,5.0,snr_db,5.0,3,3,3,3,full_6d,2167631329,,,nan,,False,,108.36849799752235,0.0010531360023515585,0.0010531360023515585,6.0922322054405915e-06,0.00043506466891529314,6.809192472766615e-13,0.12487110426692312,False,direct_vp,global_exact_spherical_vp,proposed_post_stage1,False,cb10cbef5d931cb3,jones_free,cpu,False,,numpy,numpy.linalg.solve,jones_free,False,,,0.0,0.0,0.0,0.0,True,6,4,nan,nan,"[0.0,0.0,0.0]",,"[6.577478541929876e-06,2.417067625332932e-07,3.237621405188866e-07]",direct_vp,[],3095641.8390829666,3096560,True,25719752.759726446,84.87630507377425,23.99514642298109,0.025391752785925294,"[4.97086466932092,4.9558296241518605,5.015613728368541]",217.7257979810238,101.7594769820571,320.92322747409344,nan,nan,nan,nan,False,,nan,,,nan,nan,nan,,,,,,,,0.0010531360023515585,6.0922322054405915e-06,0.12487110426692312,nan,nan,nan,False,not_run,not_requested
fig1_fig2,PEB,56,2167631329,5.0,snr_db,5.0,3,3,3,3,full_6d,2167631329,,,nan,,False,,5.8067407086491585,nan,nan,nan,nan,nan,nan,False,,,peb_only,False,39ed8f2725d6d7e6,,,,,,,adaptive_jones,True,fixed_anchor_then_adaptive_jones_score_selection,,nan,nan,nan,nan,True,,,nan,nan,,,,,[],nan,,,nan,nan,nan,nan,,nan,nan,nan,0.00019008863705699368,nan,nan,0.00019008863705699368,False,7d96ebe691cae134218fac4c44588ab5938392c288ecaa287b62d8519dd2dcef,0.12490878617953985,computed_unscaled,cpu,nan,nan,nan,,,,,,,,nan,nan,nan,nan,nan,nan,False,,
fig1_fig2,free_jones_vp,55,3199904066,5.0,snr_db,5.0,3,3,3,3,full_6d,3199904066,,,nan,,False,,268.49281761050224,0.000551995261736301,0.000551995261736301,1.010041763705019e-05,0.0004942416259167278,3.439164095261758e-13,0.12409498260817192,False,direct_vp,global_exact_spherical_vp,proposed_post_stage1,False,99c365e970371919,jones_free,cpu,False,,numpy,numpy.linalg.solve,jones_free,False,,,0.0,0.0,0.0,0.0,True,6,4,nan,nan,"[0.0,0.0,0.0]",,"[2.7436340294052993e-06,8.66586574350883e-07,6.821097567301084e-07]",direct_vp,[],3094546.3870612714,3096560,True,27027612.470798507,66.2929699518036,45.373419072165234,0.010344269454186783,"[5.001229714815931,5.0051077767959775,4.981483772347523]",219.96227280050516,260.16063322126865,481.55585957318544,nan,nan,nan,nan,False,,nan,,,nan,nan,nan,,,,,,,,0.000551995261736301,1.010041763705019e-05,0.12409498260817192,nan,nan,nan,False,not_run,not_requested
fig1_fig2,free_jones_vp_gated_rescue,55,3199904066,5.0,snr_db,5.0,3,3,3,3,full_6d,3199904066,,,nan,,False,,268.7584566026926,0.000551995261736301,0.000551995261736301,1.010041763705019e-05,0.0004942416259167278,3.439164095261758e-13,0.12409498260817192,False,direct_vp,global_exact_spherical_vp,proposed_post_stage1,False,99c365e970371919,jones_free,cpu,False,,numpy,numpy.linalg.solve,jones_free,False,,,0.0,0.0,0.0,0.0,True,6,4,nan,nan,"[0.0,0.0,0.0]",,"[2.7436340294052993e-06,8.66586574350883e-07,6.821097567301084e-07]",direct_vp,[],3094546.3870612714,3096560,True,27027612.470798507,66.2929699518036,45.373419072165234,0.010344269454186783,"[5.001229714815931,5.0051077767959775,4.981483772347523]",219.96227280050516,262.14669179171324,483.54191814363,nan,nan,nan,nan,False,,nan,,,nan,nan,nan,,,,,,,,0.000551995261736301,1.010041763705019e-05,0.12409498260817192,nan,nan,nan,False,not_run,not_requested
fig1_fig2,PEB,55,3199904066,5.0,snr_db,5.0,3,3,3,3,full_6d,3199904066,,,nan,,False,,5.896627202630043,nan,nan,nan,nan,nan,nan,False,,,peb_only,False,4155d9cfcd87b0a8,,,,,,,adaptive_jones,True,fixed_anchor_then_adaptive_jones_score_selection,,nan,nan,nan,nan,True,,,nan,nan,,,,,[],nan,,,nan,nan,nan,nan,,nan,nan,nan,0.0001931610534001764,nan,nan,0.0001931610534001764,False,ff385e78e5554a838decb9742089f6308b997df2029ddf9a6dfeb38655607425,0.12417637249568046,computed_unscaled,cpu,nan,nan,nan,,,,,,,,nan,nan,nan,nan,nan,nan,False,,
fig1_fig2,free_jones_vp,58,1249403404,5.0,snr_db,5.0,3,3,3,3,full_6d,1249403404,,,nan,,False,,192.38452997803688,0.0049047837644873365,0.0049047837644873365,9.447838981480301e-05,0.0015096354084568743,1.0765088225398711e-12,0.21475858857662755,False,direct_vp,global_exact_spherical_vp,proposed_post_stage1,False,3facafc15109c446,jones_free,cpu,False,,numpy,numpy.linalg.solve,jones_free,False,,,0.0,0.0,0.0,0.0,True,6,4,nan,nan,"[0.0,0.0,0.0]",,"[1.9034744257567534e-06,1.6692564555740676e-07,5.841251500531894e-06]",direct_vp,"[""poor_clock_consistency""]",3098828.2176889293,3096560,True,13608100.58413981,97.58867465479582,24.435589941333262,0.11405419027314193,"[5.000879763338476,4.955008432190167,5.216605946765981]",222.4114038348198,184.4918485507369,408.2583729401231,nan,nan,nan,nan,False,,nan,,,nan,nan,nan,,,,,,,,0.0049047837644873365,9.447838981480301e-05,0.21475858857662755,nan,nan,nan,False,not_run,not_requested
fig1_fig2,free_jones_vp_gated_rescue,58,1249403404,5.0,snr_db,5.0,3,3,3,3,full_6d,1249403404,,,nan,,False,,191.18692944198847,0.0049047837644873365,0.0049047837644873365,9.447838981480301e-05,0.0015096354084568743,1.0765088225398711e-12,0.21475858857662755,False,direct_vp,global_exact_spherical_vp,proposed_post_stage1,False,3facafc15109c446,jones_free,cpu,False,,numpy,numpy.linalg.solve,jones_free,False,,,0.0,0.0,0.0,0.0,True,6,4,nan,nan,"[0.0,0.0,0.0]",,"[1.9034744257567534e-06,1.6692564555740676e-07,5.841251500531894e-06]",direct_vp,"[""poor_clock_consistency""]",3098828.2176889293,3096560,True,13608100.58413981,97.58867465479582,24.435589941333262,0.11405419027314193,"[5.000879763338476,4.955008432190167,5.216605946765981]",222.4114038348198,184.5651778280735,408.3317022174597,nan,nan,nan,nan,False,,nan,,,nan,nan,nan,,,,,,,,0.0049047837644873365,9.447838981480301e-05,0.21475858857662755,nan,nan,nan,False,not_run,not_requested
fig1_fig2,PEB,58,1249403404,5.0,snr_db,5.0,3,3,3,3,full_6d,1249403404,,,nan,,False,,5.735175900161266,nan,nan,nan,nan,nan,nan,False,,,peb_only,False,4972e10670e904e6,,,,,,,adaptive_jones,True,fixed_anchor_then_adaptive_jones_score_selection,,nan,nan,nan,nan,True,,,nan,nan,,,,,[],nan,,,nan,nan,nan,nan,,nan,nan,nan,0.00027132829894011527,nan,nan,0.00027132829894011527,False,282ef6b6a0b0bdc03992830ab54a887d3acbc9d2eab301295ecf986d4506a68e,0.21460250277320006,computed_unscaled,cpu,nan,nan,nan,,,,,,,,nan,nan,nan,nan,nan,nan,False,,
fig1_fig2,free_jones_vp,61,3445288900,5.0,snr_db,5.0,3,3,3,3,full_6d,3445288900,,,nan,,False,,110.27503383904696,0.0034269718343612984,0.0034269718343612984,0.00017808021423493592,0.002770059914168798,2.5812554072069957e-12,0.17943021814567595,False,direct_vp,global_exact_spherical_vp,proposed_post_stage1,False,d2445c7bafb07da3,jones_free,cpu,False,,numpy,numpy.linalg.solve,jones_free,False,,,0.0,0.0,0.0,0.0,True,6,4,nan,nan,"[0.0,0.0,0.0]",,"[1.1305040288672205e-06,3.108821742133851e-07,1.3604775324104984e-05]",direct_vp,[],3097671.395073048,3096560,True,17855195.187333282,109.09652213008509,19.338723990248592,0.041062570039040805,"[4.9045805671144205,5.000368266716556,4.925901057781794]",236.61810621619225,102.3395651653409,340.3950896933675,nan,nan,nan,nan,False,,nan,,,nan,nan,nan,,,,,,,,0.0034269718343612984,0.00017808021423493592,0.17943021814567595,nan,nan,nan,False,not_run,not_requested
fig1_fig2,free_jones_vp_gated_rescue,61,3445288900,5.0,snr_db,5.0,3,3,3,3,full_6d,3445288900,,,nan,,False,,109.11715608090162,0.0034269718343612984,0.0034269718343612984,0.00017808021423493592,0.002770059914168798,2.5812554072069957e-12,0.17943021814567595,False,direct_vp,global_exact_spherical_vp,proposed_post_stage1,False,d2445c7bafb07da3,jones_free,cpu,False,,numpy,numpy.linalg.solve,jones_free,False,,,0.0,0.0,0.0,0.0,True,6,4,nan,nan,"[0.0,0.0,0.0]",,"[1.1305040288672205e-06,3.108821742133851e-07,1.3604775324104984e-05]",direct_vp,[],3097671.395073048,3096560,True,17855195.187333282,109.09652213008509,19.338723990248592,0.041062570039040805,"[4.9045805671144205,5.000368266716556,4.925901057781794]",236.61810621619225,102.54159221798182,340.5971167460084,nan,nan,nan,nan,False,,nan,,,nan,nan,nan,,,,,,,,0.0034269718343612984,0.00017808021423493592,0.17943021814567595,nan,nan,nan,False,not_run,not_requested
fig1_fig2,PEB,61,3445288900,5.0,snr_db,5.0,3,3,3,3,full_6d,3445288900,,,nan,,False,,6.310121312737465,nan,nan,nan,nan,nan,nan,False,,,peb_only,False,630260e574acfda4,,,,,,,adaptive_jones,True,fixed_anchor_then_adaptive_jones_score_selection,,nan,nan,nan,nan,True,,,nan,nan,,,,,[],nan,,,nan,nan,nan,nan,,nan,nan,nan,0.00024730785753649266,nan,nan,0.00024730785753649266,False,ce2b3681cf373b19e71cb19b884bc3b16d08555336684f81783906b12368ba1d,0.17936676823384046,computed_unscaled,cpu,nan,nan,nan,,,,,,,,nan,nan,nan,nan,nan,nan,False,,
fig1_fig2,free_jones_vp,51,2092735507,5.0,snr_db,5.0,3,3,3,3,full_6d,2092735507,,,nan,,False,,675.9426650926471,0.0013053757833073015,0.0013053757833073015,4.4739516292233715e-06,0.0001554222620401353,2.7973419764072485e-13,0.22407742913816842,False,direct_vp,global_exact_spherical_vp,proposed_post_stage1,False,e01025fd2900570f,jones_free,cpu,False,,numpy,numpy.linalg.solve,jones_free,False,,,0.0,0.0,0.0,0.0,True,6,4,nan,nan,"[0.0,0.0,0.0]",,"[4.1976943660113585e-06,3.246712455947918e-07,5.921834837518017e-06]",direct_vp,[],3096544.57541709,3096560,True,19299731.923208434,95.96561713406798,15.028349298101356,0.07912111063494337,"[5.045882358777864,5.024682823970138,4.868448510744672]",228.13727078586817,668.661979906261,898.0870517268777,nan,nan,nan,nan,False,,nan,,,nan,nan,nan,,,,,,,,0.0013053757833073015,4.4739516292233715e-06,0.22407742913816842,nan,nan,nan,False,not_run,not_requested
fig1_fig2,free_jones_vp_gated_rescue,51,2092735507,5.0,snr_db,5.0,3,3,3,3,full_6d,2092735507,,,nan,,False,,674.4095794558525,0.0013053757833073015,0.0013053757833073015,4.4739516292233715e-06,0.0001554222620401353,2.7973419764072485e-13,0.22407742913816842,False,direct_vp,global_exact_spherical_vp,proposed_post_stage1,False,e01025fd2900570f,jones_free,cpu,False,,numpy,numpy.linalg.solve,jones_free,False,,,0.0,0.0,0.0,0.0,True,6,4,nan,nan,"[0.0,0.0,0.0]",,"[4.1976943660113585e-06,3.246712455947918e-07,5.921834837518017e-06]",direct_vp,[],3096544.57541709,3096560,True,19299731.923208434,95.96561713406798,15.028349298101356,0.07912111063494337,"[5.045882358777864,5.024682823970138,4.868448510744672]",228.13727078586817,667.7491648048162,897.174236625433,nan,nan,nan,nan,False,,nan,,,nan,nan,nan,,,,,,,,0.0013053757833073015,4.4739516292233715e-06,0.22407742913816842,nan,nan,nan,False,not_run,not_requested
fig1_fig2,PEB,51,2092735507,5.0,snr_db,5.0,3,3,3,3,full_6d,2092735507,,,nan,,False,,5.763314850628376,nan,nan,nan,nan,nan,nan,False,,,peb_only,False,17fb41afa2cc76aa,,,,,,,adaptive_jones,True,fixed_anchor_then_adaptive_jones_score_selection,,nan,nan,nan,nan,True,,,nan,nan,,,,,[],nan,,,nan,nan,nan,nan,,nan,nan,nan,0.00023682031963027754,nan,nan,0.00023682031963027754,False,ceb68ab38b09da961371426ea0267363a416dbe569c6f715609cdf27a87a3792,0.22407970313732414,computed_unscaled,cpu,nan,nan,nan,,,,,,,,nan,nan,nan,nan,nan,nan,False,,
fig1_fig2,free_jones_vp,34,1995992425,5.0,snr_db,5.0,3,3,3,3,full_6d,1995992425,,,nan,,False,,1357.6005637273192,0.0027475570303929207,0.0027475570303929207,0.00017564933467044974,0.002270828696418691,1.891141687792817e-12,0.24183440892957264,False,direct_vp,global_exact_spherical_vp,proposed_post_stage1,False,e7d962ad35334a10,jones_free,cpu,False,,numpy,numpy.linalg.solve,jones_free,False,,,0.0,0.0,0.0,0.0,True,6,4,nan,nan,"[0.0,0.0,0.0]",,"[2.1196302609555217e-05,9.775762223490066e-08,4.372091788608787e-06]",jnpp_then_vp,[],3100864.0520645604,3096560,False,21266410.631167468,76.688435468325,27.54090947793542,0.028667681173626735,"[5.061115384717529,5.001724114104144,4.998973340077553]",233.49786788970232,1243.2437748983502,1478.1700435429811,nan,nan,nan,nan,False,,nan,,,nan,nan,nan,,,,,,,,0.0027475570303929207,0.00017564933467044974,0.24183440892957264,nan,nan,nan,False,not_run,not_requested
fig1_fig2,free_jones_vp_gated_rescue,34,1995992425,5.0,snr_db,5.0,3,3,3,3,full_6d,1995992425,,,nan,,False,,1444.9048920795321,0.0027475570303929207,0.0027475570303929207,0.00017564933467044974,0.002270828696418691,1.891141687792817e-12,0.24183440892957264,False,direct_vp_rollback,global_exact_spherical_vp,proposed_post_stage1,False,e7d962ad35334a10,jones_free,cpu,False,,numpy,numpy.linalg.solve,jones_free,False,,,0.0,0.0,0.0,0.0,True,6,4,nan,nan,"[0.0,0.0,0.0]",,"[2.1196302609555217e-05,9.775762223490066e-08,4.372091788608787e-06]",jnpp_then_vp,[],3100864.0520645604,3096560,False,21266410.631167468,76.688435468325,27.54090947793542,0.028667681173626735,"[5.061115384717529,5.001724114104144,4.998973340077553]",233.49786788970232,1264.4015648290515,1499.3278334736824,nan,nan,nan,nan,False,,nan,,,nan,nan,nan,,,,,,,,0.0027475570303929207,0.00017564933467044974,0.24183440892957264,0.0008136296987751886,4.620059779224791e-06,0.24169429865910097,True,rollback,existing_selector_rollback
fig1_fig2,PEB,34,1995992425,5.0,snr_db,5.0,3,3,3,3,full_6d,1995992425,,,nan,,False,,5.68842901289463,nan,nan,nan,nan,nan,nan,False,,,peb_only,False,8b2d729ab1743a55,,,,,,,adaptive_jones,True,fixed_anchor_then_adaptive_jones_score_selection,,nan,nan,nan,nan,True,,,nan,nan,,,,,[],nan,,,nan,nan,nan,nan,,nan,nan,nan,0.00022469948693132073,nan,nan,0.00022469948693132073,False,08ae9de45575216533d6edee2ff062b3deef6ce05030f7f9832ee4fff1bbeb0e,0.24149998648502796,computed_unscaled,cpu,nan,nan,nan,,,,,,,,nan,nan,nan,nan,nan,nan,False,,
fig1_fig2,free_jones_vp,36,3263447461,5.0,snr_db,5.0,3,3,3,3,full_6d,3263447461,,,nan,,False,,1356.607415229082,0.008783419257327986,0.008783419257327986,0.0008819813602120812,0.007419406013915981,2.9402792819995495e-12,0.07766676291708328,False,direct_vp,global_exact_spherical_vp,proposed_post_stage1,False,5eb8d9caaf070569,jones_free,cpu,False,,numpy,numpy.linalg.solve,jones_free,False,,,0.0,0.0,0.0,0.0,True,6,4,nan,nan,"[0.0,0.0,0.0]",,"[7.494985917859383e-06,0.00014826261016981504,1.0262579817130528e-07]",jnpp_then_vp,[],3110077.8653594092,3096560,False,24495150.893070407,90.2046600936436,15.27923146855655,0.030529697376206328,"[5.002947451322115,5.054866753323123,4.982296261756626]",237.32301606982946,1239.4271051362157,1478.231178484857,nan,nan,nan,nan,False,,nan,,,nan,nan,nan,,,,,,,,0.008783419257327986,0.0008819813602120812,0.07766676291708328,nan,nan,nan,False,not_run,not_requested
fig1_fig2,free_jones_vp_gated_rescue,36,3263447461,5.0,snr_db,5.0,3,3,3,3,full_6d,3263447461,,,nan,,False,,1428.4718023091555,0.001346479020452964,0.001346479020452964,1.0943540954067395e-05,0.00039269338524570047,2.2376418628206323e-13,0.07744474295328248,False,ris_only_stage2_then_vp,global_exact_spherical_vp,proposed_post_stage1,False,5eb8d9caaf070569,jones_free,cpu,False,,numpy,numpy.linalg.solve,jones_free,False,,,0.0,0.0,0.0,0.0,True,6,4,nan,nan,"[0.0,0.0,0.0]",,"[7.745416367345546e-06,0.00015324196334023322,8.200043550417983e-08]",jnpp_then_vp,[],3110077.8653594092,3096560,False,24495150.893070407,90.2046600936436,15.27923146855655,0.030529697376206328,"[5.002947451322115,5.054866753323123,4.982296261756626]",237.32301606982946,53.899342089891434,307.08737547695637,nan,nan,nan,nan,False,,nan,,,nan,nan,nan,,,,,,,,0.008783419257327986,0.0008819813602120812,0.07766676291708328,0.001346479020452964,1.0943540954067395e-05,0.07744474295328248,True,accepted,accepted
fig1_fig2,PEB,36,3263447461,5.0,snr_db,5.0,3,3,3,3,full_6d,3263447461,,,nan,,False,,5.753234893083572,nan,nan,nan,nan,nan,nan,False,,,peb_only,False,30a845bf0c1b435b,,,,,,,adaptive_jones,True,fixed_anchor_then_adaptive_jones_score_selection,,nan,nan,nan,nan,True,,,nan,nan,,,,,[],nan,,,nan,nan,nan,nan,,nan,nan,nan,0.00017904723747165207,nan,nan,0.00017904723747165207,False,44da4b062737b51be35373567f8e2b8ed08b76fc869f23df282060a8ccb40d9b,0.0773295860934778,computed_unscaled,cpu,nan,nan,nan,,,,,,,,nan,nan,nan,nan,nan,nan,False,,
fig1_fig2,free_jones_vp,27,4133001221,5.0,snr_db,5.0,3,3,3,3,full_6d,4133001221,,,nan,,False,,1697.3495562523603,0.024132630986533236,0.024132630986533236,0.0010041527833248348,0.0014652194309350771,2.877226500474201e-12,0.07417319271763147,False,direct_vp,global_exact_spherical_vp,proposed_post_stage1,False,da6c7bebab45bba9,jones_free,cpu,False,,numpy,numpy.linalg.solve,jones_free,False,,,0.0,0.0,0.0,0.0,True,6,4,nan,nan,"[0.0,0.0,0.0]",,"[8.831036772066788e-06,1.0710873769089824e-08,5.161044955726632e-05]",jnpp_then_vp,[],3105829.6281708884,3096560,False,16082627.268129645,89.83221474783309,11.549072451989499,0.09295831456845335,"[5.093124090738406,4.992146938742418,5.219379194102414]",228.4474749788642,1560.9893032833934,1790.7998330071568,nan,nan,nan,nan,False,,nan,,,nan,nan,nan,,,,,,,,0.024132630986533236,0.0010041527833248348,0.07417319271763147,nan,nan,nan,False,not_run,not_requested
fig1_fig2,free_jones_vp_gated_rescue,27,4133001221,5.0,snr_db,5.0,3,3,3,3,full_6d,4133001221,,,nan,,False,,1877.350204899907,0.0003542931884569033,0.0003542931884569033,1.0214999862324284e-06,7.307457939337113e-06,5.440788240285815e-14,0.07394103897044052,False,ris_only_stage2_then_vp,global_exact_spherical_vp,proposed_post_stage1,False,da6c7bebab45bba9,jones_free,cpu,False,,numpy,numpy.linalg.solve,jones_free,False,,,0.0,0.0,0.0,0.0,True,6,4,nan,nan,"[0.0,0.0,0.0]",,"[9.19801131071207e-06,5.072108925721513e-09,3.862141495151022e-05]",jnpp_then_vp,[],3105829.6281708884,3096560,False,16082627.268129645,89.83221474783309,11.549072451989499,0.09295831456845335,"[5.093124090738406,4.992146938742418,5.219379194102414]",228.4474749788642,145.00311418622732,390.3401956483722,nan,nan,nan,nan,False,,nan,,,nan,nan,nan,,,,,,,,0.024132630986533236,0.0010041527833248348,0.07417319271763147,0.0003542931884569033,1.0214999862324284e-06,0.07394103897044052,True,accepted,accepted
fig1_fig2,PEB,27,4133001221,5.0,snr_db,5.0,3,3,3,3,full_6d,4133001221,,,nan,,False,,5.8300018683075905,nan,nan,nan,nan,nan,nan,False,,,peb_only,False,26f5057c7dec8139,,,,,,,adaptive_jones,True,fixed_anchor_then_adaptive_jones_score_selection,,nan,nan,nan,nan,True,,,nan,nan,,,,,[],nan,,,nan,nan,nan,nan,,nan,nan,nan,0.00026936099680586665,nan,nan,0.00026936099680586665,False,4db56e3e555632d19d051acf26a881417468b8ad38e08366b65041ee29b29feb,0.07395219825630268,computed_unscaled,cpu,nan,nan,nan,,,,,,,,nan,nan,nan,nan,nan,nan,False,,
fig1_fig2,free_jones_vp,30,635628036,5.0,snr_db,5.0,3,3,3,3,full_6d,635628036,,,nan,,False,,1550.1809023991227,0.005385203398824023,0.005385203398824023,0.0008979931966080417,0.004842528115736145,1.3839842679841028e-12,0.12229711168068423,False,direct_vp,global_exact_spherical_vp,proposed_post_stage1,False,f28c66e2b1e4a714,jones_free,cpu,False,,numpy,numpy.linalg.solve,jones_free,False,,,0.0,0.0,0.0,0.0,True,6,4,nan,nan,"[0.0,0.0,0.0]",,"[9.33851962219794e-07,2.580640128362375e-08,5.959821669899479e-07]",jnpp_then_vp,[],3106946.3946789256,3096560,False,25769272.35012061,70.98401210462067,47.60571862349475,0.03491243740458767,"[5.0302944059482035,5.070696475266562,4.985221350181107]",230.9221025928855,1436.049411289394,1668.3391419425607,nan,nan,nan,nan,False,,nan,,,nan,nan,nan,,,,,,,,0.005385203398824023,0.0008979931966080417,0.12229711168068423,nan,nan,nan,False,not_run,not_requested
fig1_fig2,free_jones_vp_gated_rescue,30,635628036,5.0,snr_db,5.0,3,3,3,3,full_6d,635628036,,,nan,,False,,2044.647516079247,0.00010225351079438674,0.00010225351079438674,1.6552287762176337e-06,7.36518060085148e-05,1.219553874134391e-13,0.1219623346914566,False,ris_only_stage2_then_vp,global_exact_spherical_vp,proposed_post_stage1,False,f28c66e2b1e4a714,jones_free,cpu,False,,numpy,numpy.linalg.solve,jones_free,False,,,0.0,0.0,0.0,0.0,True,6,4,nan,nan,"[0.0,0.0,0.0]",,"[9.753122687914759e-07,8.196286939482882e-09,4.898563574361059e-07]",jnpp_then_vp,[],3106946.3946789256,3096560,False,25769272.35012061,70.98401210462067,47.60571862349475,0.03491243740458767,"[5.0302944059482035,5.070696475266562,4.985221350181107]",230.9221025928855,463.6160463988781,710.1900271102786,nan,nan,nan,nan,False,,nan,,,nan,nan,nan,,,,,,,,0.005385203398824023,0.0008979931966080417,0.12229711168068423,0.00010225351079438674,1.6552287762176337e-06,0.1219623346914566,True,accepted,accepted
fig1_fig2,PEB,30,635628036,5.0,snr_db,5.0,3,3,3,3,full_6d,635628036,,,nan,,False,,5.804785631597042,nan,nan,nan,nan,nan,nan,False,,,peb_only,False,f07a389f0ee75542,,,,,,,adaptive_jones,True,fixed_anchor_then_adaptive_jones_score_selection,,nan,nan,nan,nan,True,,,nan,nan,,,,,[],nan,,,nan,nan,nan,nan,,nan,nan,nan,0.00019958767162653885,nan,nan,0.00019958767162653885,False,5590d75cc6f366b617653df89fa7a75298a3f157b3c5c00e92e68278a75325fa,0.12188890723969567,computed_unscaled,cpu,nan,nan,nan,,,,,,,,nan,nan,nan,nan,nan,nan,False,,
fig1_fig2,free_jones_vp,29,1456316145,5.0,snr_db,5.0,3,3,3,3,full_6d,1456316145,,,nan,,False,,1760.9513283520937,0.026075205429452315,0.026075205429452315,0.0022665459490092744,0.0029307423230814497,2.2837435130513734e-12,0.1865327372850554,False,direct_vp,global_exact_spherical_vp,proposed_post_stage1,False,7242df55e3819118,jones_free,cpu,False,,numpy,numpy.linalg.solve,jones_free,False,,,0.0,0.0,0.0,0.0,True,6,4,nan,nan,"[0.0,0.0,0.0]",,"[4.855716480104505e-06,2.982863331162025e-07,3.575015075034637e-07]",jnpp_then_vp,[],3118330.83168177,3096560,False,28926350.393179864,73.45149369621798,32.33478890750743,0.07466155068649208,"[4.886255934411219,4.967382330488714,5.068764343970857]",229.21746165305376,1753.1687115952373,1983.8553299829364,nan,nan,nan,nan,False,,nan,,,nan,nan,nan,,,,,,,,0.026075205429452315,0.0022665459490092744,0.1865327372850554,nan,nan,nan,False,not_run,not_requested
fig1_fig2,free_jones_vp_gated_rescue,29,1456316145,5.0,snr_db,5.0,3,3,3,3,full_6d,1456316145,,,nan,,False,,1921.7021437808871,0.0003150635534350544,0.0003150635534350544,1.7651627519709047e-06,6.376013976091997e-05,8.314250587159005e-13,0.18521576492889763,False,ris_only_stage2_then_vp,global_exact_spherical_vp,proposed_post_stage1,False,7242df55e3819118,jones_free,cpu,False,,numpy,numpy.linalg.solve,jones_free,False,,,0.0,0.0,0.0,0.0,True,6,4,nan,nan,"[0.0,0.0,0.0]",,"[3.5299928734597178e-06,2.5098172848606404e-07,4.960913094479491e-07]",jnpp_then_vp,[],3118330.83168177,3096560,False,28926350.393179864,73.45149369621798,32.33478890750743,0.07466155068649208,"[4.886255934411219,4.967382330488714,5.068764343970857]",229.21746165305376,119.39098002761602,365.7749229595065,nan,nan,nan,nan,False,,nan,,,nan,nan,nan,,,,,,,,0.026075205429452315,0.0022665459490092744,0.1865327372850554,0.0003150635534350544,1.7651627519709047e-06,0.18521576492889763,True,accepted,accepted
fig1_fig2,PEB,29,1456316145,5.0,snr_db,5.0,3,3,3,3,full_6d,1456316145,,,nan,,False,,5.6781104281544685,nan,nan,nan,nan,nan,nan,False,,,peb_only,False,c90e1e1b9603e39d,,,,,,,adaptive_jones,True,fixed_anchor_then_adaptive_jones_score_selection,,nan,nan,nan,nan,True,,,nan,nan,,,,,[],nan,,,nan,nan,nan,nan,,nan,nan,nan,0.00019190788238567834,nan,nan,0.00019190788238567834,False,d8fe45eb7ae04a0170dd7feb177c545054b10b09137abe9e9f00552ed53b5825,0.1852314038083288,computed_unscaled,cpu,nan,nan,nan,,,,,,,,nan,nan,nan,nan,nan,nan,False,,
fig1_fig2,free_jones_vp,63,3424526765,5.0,snr_db,5.0,3,3,3,3,full_6d,3424526765,,,nan,,False,,307.2110879793763,0.0037662179337925503,0.0037662179337925503,0.00030762276953354536,0.0031300672863312797,1.5408752965131879e-12,0.10300218244250922,False,direct_vp,global_exact_spherical_vp,proposed_post_stage1,False,ba945ca260646e5c,jones_free,cpu,False,,numpy,numpy.linalg.solve,jones_free,False,,,0.0,0.0,0.0,0.0,True,6,4,nan,nan,"[0.0,0.0,0.0]",,"[1.6909538217834718e-05,1.4411100686326706e-08,4.088032529387459e-06]",direct_vp,[],3100343.0108764716,3096560,True,23554959.076975394,72.16103057467838,27.55175646029026,0.021644591055450975,"[4.99947668107895,5.027413396085324,5.052468780263314]",240.84431164711714,299.30672297626734,541.6998528912663,nan,nan,nan,nan,False,,nan,,,nan,nan,nan,,,,,,,,0.0037662179337925503,0.00030762276953354536,0.10300218244250922,nan,nan,nan,False,not_run,not_requested
fig1_fig2,free_jones_vp_gated_rescue,63,3424526765,5.0,snr_db,5.0,3,3,3,3,full_6d,3424526765,,,nan,,False,,306.76915595680475,0.0037662179337925503,0.0037662179337925503,0.00030762276953354536,0.0031300672863312797,1.5408752965131879e-12,0.10300218244250922,False,direct_vp,global_exact_spherical_vp,proposed_post_stage1,False,ba945ca260646e5c,jones_free,cpu,False,,numpy,numpy.linalg.solve,jones_free,False,,,0.0,0.0,0.0,0.0,True,6,4,nan,nan,"[0.0,0.0,0.0]",,"[1.6909538217834718e-05,1.4411100686326706e-08,4.088032529387459e-06]",direct_vp,[],3100343.0108764716,3096560,True,23554959.076975394,72.16103057467838,27.55175646029026,0.021644591055450975,"[4.99947668107895,5.027413396085324,5.052468780263314]",240.84431164711714,300.2078867331147,542.6010166481137,nan,nan,nan,nan,False,,nan,,,nan,nan,nan,,,,,,,,0.0037662179337925503,0.00030762276953354536,0.10300218244250922,nan,nan,nan,False,not_run,not_requested
fig1_fig2,PEB,63,3424526765,5.0,snr_db,5.0,3,3,3,3,full_6d,3424526765,,,nan,,False,,5.838415376842022,nan,nan,nan,nan,nan,nan,False,,,peb_only,False,b56752e1a2ca8185,,,,,,,adaptive_jones,True,fixed_anchor_then_adaptive_jones_score_selection,,nan,nan,nan,nan,True,,,nan,nan,,,,,[],nan,,,nan,nan,nan,nan,,nan,nan,nan,0.00021175117340175927,nan,nan,0.00021175117340175927,False,258f950ff6512034899ff541f16fbb81fb7ab692c62ede128038d4532b76f1bb,0.1028770316639663,computed_unscaled,cpu,nan,nan,nan,,,,,,,,nan,nan,nan,nan,nan,nan,False,,
fig1_fig2,free_jones_vp,66,437355907,5.0,snr_db,5.0,3,3,3,3,full_6d,437355907,,,nan,,False,,194.64692268520594,0.0014300133325126105,0.0014300133325126105,2.6676890162673282e-05,0.0008009217114206196,3.920518237582911e-13,0.18374046352308557,False,direct_vp,global_exact_spherical_vp,proposed_post_stage1,False,855532fb6e846299,jones_free,cpu,False,,numpy,numpy.linalg.solve,jones_free,False,,,0.0,0.0,0.0,0.0,True,6,4,nan,nan,"[0.0,0.0,0.0]",,"[6.077298056991635e-07,4.0919183525637015e-07,1.616653633805845e-06]",direct_vp,[],3097962.098521026,3096560,True,26343456.92994776,78.11146983541151,41.62605447594357,0.01695535808456657,"[5.0390369538917925,5.003784198077543,5.002394499611843]",246.77177277952433,184.68160465359688,432.8816476687789,nan,nan,nan,nan,False,,nan,,,nan,nan,nan,,,,,,,,0.0014300133325126105,2.6676890162673282e-05,0.18374046352308557,nan,nan,nan,False,not_run,not_requested
fig1_fig2,free_jones_vp_gated_rescue,66,437355907,5.0,snr_db,5.0,3,3,3,3,full_6d,437355907,,,nan,,False,,193.49067697674036,0.0014300133325126105,0.0014300133325126105,2.6676890162673282e-05,0.0008009217114206196,3.920518237582911e-13,0.18374046352308557,False,direct_vp,global_exact_spherical_vp,proposed_post_stage1,False,855532fb6e846299,jones_free,cpu,False,,numpy,numpy.linalg.solve,jones_free,False,,,0.0,0.0,0.0,0.0,True,6,4,nan,nan,"[0.0,0.0,0.0]",,"[6.077298056991635e-07,4.0919183525637015e-07,1.616653633805845e-06]",direct_vp,[],3097962.098521026,3096560,True,26343456.92994776,78.11146983541151,41.62605447594357,0.01695535808456657,"[5.0390369538917925,5.003784198077543,5.002394499611843]",246.77177277952433,186.85766171664,435.057704731822,nan,nan,nan,nan,False,,nan,,,nan,nan,nan,,,,,,,,0.0014300133325126105,2.6676890162673282e-05,0.18374046352308557,nan,nan,nan,False,not_run,not_requested
fig1_fig2,PEB,66,437355907,5.0,snr_db,5.0,3,3,3,3,full_6d,437355907,,,nan,,False,,5.660034544765949,nan,nan,nan,nan,nan,nan,False,,,peb_only,False,695b7ff04653f4d8,,,,,,,adaptive_jones,True,fixed_anchor_then_adaptive_jones_score_selection,,nan,nan,nan,nan,True,,,nan,nan,,,,,[],nan,,,nan,nan,nan,nan,,nan,nan,nan,0.000199511453886568,nan,nan,0.000199511453886568,False,34c19cd95e99da79457cbf3518f1232a26ad19f1e8691866bda8c30a1c520f1f,0.1836582538715009,computed_unscaled,cpu,nan,nan,nan,,,,,,,,nan,nan,nan,nan,nan,nan,False,,
fig1_fig2,free_jones_vp,67,804537149,5.0,snr_db,5.0,3,3,3,3,full_6d,804537149,,,nan,,False,,105.41754473745823,0.0015437896162955969,0.0015437896162955969,8.941810889408048e-05,0.001356197052583698,1.4625801548981947e-12,0.14373365909714594,False,direct_vp,global_exact_spherical_vp,proposed_post_stage1,False,cd1a805571323cef,jones_free,cpu,False,,numpy,numpy.linalg.solve,jones_free,False,,,0.0,0.0,0.0,0.0,True,6,4,nan,nan,"[0.0,0.0,0.0]",,"[9.325656704083139e-07,2.49620338278799e-07,9.99699660891112e-07]",direct_vp,[],3093679.4935926157,3096560,True,25738384.178801123,70.20220686692906,25.290740396436355,0.04411192550035493,"[5.0469149169540986,5.063772475737959,4.962914015480214]",235.40466208010912,97.07995702326298,333.9238969013095,nan,nan,nan,nan,False,,nan,,,nan,nan,nan,,,,,,,,0.0015437896162955969,8.941810889408048e-05,0.14373365909714594,nan,nan,nan,False,not_run,not_requested
fig1_fig2,free_jones_vp_gated_rescue,67,804537149,5.0,snr_db,5.0,3,3,3,3,full_6d,804537149,,,nan,,False,,100.63704302161932,0.0015437896162955969,0.0015437896162955969,8.941810889408048e-05,0.001356197052583698,1.4625801548981947e-12,0.14373365909714594,False,direct_vp,global_exact_spherical_vp,proposed_post_stage1,False,cd1a805571323cef,jones_free,cpu,False,,numpy,numpy.linalg.solve,jones_free,False,,,0.0,0.0,0.0,0.0,True,6,4,nan,nan,"[0.0,0.0,0.0]",,"[9.325656704083139e-07,2.49620338278799e-07,9.99699660891112e-07]",direct_vp,[],3093679.4935926157,3096560,True,25738384.178801123,70.20220686692906,25.290740396436355,0.04411192550035493,"[5.0469149169540986,5.063772475737959,4.962914015480214]",235.40466208010912,94.03408036381006,330.8780202418566,nan,nan,nan,nan,False,,nan,,,nan,nan,nan,,,,,,,,0.0015437896162955969,8.941810889408048e-05,0.14373365909714594,nan,nan,nan,False,not_run,not_requested
fig1_fig2,PEB,67,804537149,5.0,snr_db,5.0,3,3,3,3,full_6d,804537149,,,nan,,False,,5.792713053524494,nan,nan,nan,nan,nan,nan,False,,,peb_only,False,87352582270f41e9,,,,,,,adaptive_jones,True,fixed_anchor_then_adaptive_jones_score_selection,,nan,nan,nan,nan,True,,,nan,nan,,,,,[],nan,,,nan,nan,nan,nan,,nan,nan,nan,0.00019917018250204189,nan,nan,0.00019917018250204189,False,b26904abe3f7d46852807fc0a30cd211634c6c8e972ac0e965050f20e27517f2,0.14386823201117727,computed_unscaled,cpu,nan,nan,nan,,,,,,,,nan,nan,nan,nan,nan,nan,False,,
fig1_fig2,free_jones_vp,33,3489193506,5.0,snr_db,5.0,3,3,3,3,full_6d,3489193506,,,nan,,False,,1727.338063955307,0.02051767633698707,0.02051767633698707,0.001221972146421668,0.0033339380218575113,1.988953982265027e-12,0.1593583515969403,False,direct_vp,global_exact_spherical_vp,proposed_post_stage1,False,f89ba8afe0db98f3,jones_free,cpu,False,,numpy,numpy.linalg.solve,jones_free,False,,,0.0,0.0,0.0,0.0,True,6,4,nan,nan,"[0.0,0.0,0.0]",,"[1.168069296066576e-07,1.088451069568672e-06,2.4841510421408895e-06]",jnpp_then_vp,[],3106887.1947604087,3096560,False,26388486.484182168,74.12408632086607,31.899886385412753,0.040396433640608714,"[4.968755609409307,5.025545808775287,5.067326048570917]",230.9091373383999,1718.6972911804914,1950.9402519613504,nan,nan,nan,nan,False,,nan,,,nan,nan,nan,,,,,,,,0.02051767633698707,0.001221972146421668,0.1593583515969403,nan,nan,nan,False,not_run,not_requested
fig1_fig2,free_jones_vp_gated_rescue,33,3489193506,5.0,snr_db,5.0,3,3,3,3,full_6d,3489193506,,,nan,,False,,1938.8551822081208,0.00010875270848765448,0.00010875270848765448,1.2694075333478061e-06,6.98249716563576e-05,1.2578530986355822e-13,0.15874097317894836,False,ris_only_stage2_then_vp,global_exact_spherical_vp,proposed_post_stage1,False,f89ba8afe0db98f3,jones_free,cpu,False,,numpy,numpy.linalg.solve,jones_free,False,,,0.0,0.0,0.0,0.0,True,6,4,nan,nan,"[0.0,0.0,0.0]",,"[1.7728833271768782e-07,7.710504304598278e-07,2.0801842330579594e-06]",jnpp_then_vp,[],3106887.1947604087,3096560,False,26388486.484182168,74.12408632086607,31.899886385412753,0.040396433640608714,"[4.968755609409307,5.025545808775287,5.067326048570917]",230.9091373383999,176.0394911468029,425.21726334095,nan,nan,nan,nan,False,,nan,,,nan,nan,nan,,,,,,,,0.02051767633698707,0.001221972146421668,0.1593583515969403,0.00010875270848765448,1.2694075333478061e-06,0.15874097317894836,True,accepted,accepted
fig1_fig2,PEB,33,3489193506,5.0,snr_db,5.0,3,3,3,3,full_6d,3489193506,,,nan,,False,,5.616186209022999,nan,nan,nan,nan,nan,nan,False,,,peb_only,False,cfd7e42fd8181e7a,,,,,,,adaptive_jones,True,fixed_anchor_then_adaptive_jones_score_selection,,nan,nan,nan,nan,True,,,nan,nan,,,,,[],nan,,,nan,nan,nan,nan,,nan,nan,nan,0.00020617645993753684,nan,nan,0.00020617645993753684,False,76527bb9436024da57d5b3c4ee115c2d9eeebd7e9b24b99b40e819fe3069631e,0.15882947014840082,computed_unscaled,cpu,nan,nan,nan,,,,,,,,nan,nan,nan,nan,nan,nan,False,,
fig1_fig2,free_jones_vp,37,1911328645,5.0,snr_db,5.0,3,3,3,3,full_6d,1911328645,,,nan,,False,,1573.3958280086517,0.026155514301381366,0.026155514301381366,0.002495134301149996,0.007079365783472538,3.313426434903451e-12,0.07281289709596717,False,direct_vp,global_exact_spherical_vp,proposed_post_stage1,False,9ad3ddce65b74886,jones_free,cpu,False,,numpy,numpy.linalg.solve,jones_free,False,,,0.0,0.0,0.0,0.0,True,6,4,nan,nan,"[0.0,0.0,0.0]",,"[4.339144469290621e-06,2.0267971985160065e-07,2.488583126871103e-06]",jnpp_then_vp,[],3118728.834528481,3096560,False,19812920.92222355,76.34005571753774,24.945524628465193,0.08115612456343783,"[5.069696549143666,5.014587193546552,4.876731340580117]",245.14355135709047,1469.071836605668,1715.6334149762988,nan,nan,nan,nan,False,,nan,,,nan,nan,nan,,,,,,,,0.026155514301381366,0.002495134301149996,0.07281289709596717,nan,nan,nan,False,not_run,not_requested
fig1_fig2,free_jones_vp_gated_rescue,37,1911328645,5.0,snr_db,5.0,3,3,3,3,full_6d,1911328645,,,nan,,False,,1763.126005858183,9.04230592493251e-05,9.04230592493251e-05,1.2596130212602232e-06,7.798815624956674e-05,2.6350955699270707e-13,0.072239439172818,False,ris_only_stage2_then_vp,global_exact_spherical_vp,proposed_post_stage1,False,9ad3ddce65b74886,jones_free,cpu,False,,numpy,numpy.linalg.solve,jones_free,False,,,0.0,0.0,0.0,0.0,True,6,4,nan,nan,"[0.0,0.0,0.0]",,"[3.954523298042833e-06,1.1716287058659305e-07,2.1605422785862617e-06]",jnpp_then_vp,[],3118728.834528481,3096560,False,19812920.92222355,76.34005571753774,24.945524628465193,0.08115612456343783,"[5.069696549143666,5.014587193546552,4.876731340580117]",245.14355135709047,150.24145201593637,412.2144943550229,nan,nan,nan,nan,False,,nan,,,nan,nan,nan,,,,,,,,0.026155514301381366,0.002495134301149996,0.07281289709596717,9.04230592493251e-05,1.2596130212602232e-06,0.072239439172818,True,accepted,accepted
fig1_fig2,PEB,37,1911328645,5.0,snr_db,5.0,3,3,3,3,full_6d,1911328645,,,nan,,False,,5.7469189539551735,nan,nan,nan,nan,nan,nan,False,,,peb_only,False,92537ce211e03f3b,,,,,,,adaptive_jones,True,fixed_anchor_then_adaptive_jones_score_selection,,nan,nan,nan,nan,True,,,nan,nan,,,,,[],nan,,,nan,nan,nan,nan,,nan,nan,nan,0.00024251521933925908,nan,nan,0.00024251521933925908,False,89cd20fcd9a64ac709c19d36df44d0df4be8c42c9af5aab07d8f4fd5c690dd17,0.072295695329963,computed_unscaled,cpu,nan,nan,nan,,,,,,,,nan,nan,nan,nan,nan,nan,False,,
fig1_fig2,free_jones_vp,31,3399679668,5.0,snr_db,5.0,3,3,3,3,full_6d,3399679668,,,nan,,False,,1839.4845179915428,0.0012076761192448759,0.0012076761192448759,5.140654108237056e-05,0.000818126641636304,3.6276588826018244e-13,0.12739346239142949,False,direct_vp,global_exact_spherical_vp,proposed_post_stage1,False,9e340b4e6e12df0e,jones_free,cpu,False,,numpy,numpy.linalg.solve,jones_free,False,,,0.0,0.0,0.0,0.0,True,6,4,nan,nan,"[0.0,0.0,0.0]",,"[9.871053436150739e-07,1.5089954031709452e-07,5.5037443287538976e-08]",jnpp_then_vp,[],3103256.4977219324,3096560,False,16864894.288555436,93.91634228994519,31.77624797838302,0.03199153207057458,"[4.991842182506628,5.0398903570970885,4.9622557181548625]",229.33253944665194,1728.2183019071817,1959.0235515460372,nan,nan,nan,nan,False,,nan,,,nan,nan,nan,,,,,,,,0.0012076761192448759,5.140654108237056e-05,0.12739346239142949,nan,nan,nan,False,not_run,not_requested
fig1_fig2,free_jones_vp_gated_rescue,31,3399679668,5.0,snr_db,5.0,3,3,3,3,full_6d,3399679668,,,nan,,False,,2033.685880869627,0.0012076761192448759,0.0012076761192448759,5.140654108237056e-05,0.000818126641636304,3.6276588826018244e-13,0.12739346239142949,False,direct_vp_rollback,global_exact_spherical_vp,proposed_post_stage1,False,9e340b4e6e12df0e,jones_free,cpu,False,,numpy,numpy.linalg.solve,jones_free,False,,,0.0,0.0,0.0,0.0,True,6,4,nan,nan,"[0.0,0.0,0.0]",,"[9.871053436150739e-07,1.5089954031709452e-07,5.5037443287538976e-08]",jnpp_then_vp,[],3103256.4977219324,3096560,False,16864894.288555436,93.91634228994519,31.77624797838302,0.03199153207057458,"[4.991842182506628,5.0398903570970885,4.9622557181548625]",229.33253944665194,1753.4656357839704,1984.2708854228258,nan,nan,nan,nan,False,,nan,,,nan,nan,nan,,,,,,,,0.0012076761192448759,5.140654108237056e-05,0.12739346239142949,0.0009078278148114018,2.4860043461074884e-06,0.12737689991955004,True,rollback,existing_selector_rollback
fig1_fig2,PEB,31,3399679668,5.0,snr_db,5.0,3,3,3,3,full_6d,3399679668,,,nan,,False,,5.663386292755604,nan,nan,nan,nan,nan,nan,False,,,peb_only,False,d8945205ca32dcee,,,,,,,adaptive_jones,True,fixed_anchor_then_adaptive_jones_score_selection,,nan,nan,nan,nan,True,,,nan,nan,,,,,[],nan,,,nan,nan,nan,nan,,nan,nan,nan,0.0002465018141063327,nan,nan,0.0002465018141063327,False,579f4d92d8c766cab7fa417a5175cd99bb36ab4a51df0f587cc9ea2e392b9def,0.1271192176630547,computed_unscaled,cpu,nan,nan,nan,,,,,,,,nan,nan,nan,nan,nan,nan,False,,
fig1_fig2,free_jones_vp,38,445142407,5.0,snr_db,5.0,3,3,3,3,full_6d,445142407,,,nan,,False,,1543.828390441835,0.026666605515648617,0.026666605515648617,0.003095935865482556,0.010687349071531677,5.182121340781907e-12,0.2265540965495722,False,direct_vp,global_exact_spherical_vp,proposed_post_stage1,False,a6f16d9304834ebf,jones_free,cpu,False,,numpy,numpy.linalg.solve,jones_free,False,,,0.0,0.0,0.0,0.0,True,6,4,nan,nan,"[0.0,0.0,0.0]",,"[9.997113765189262e-07,7.759369304338132e-06,4.986175760165784e-07]",jnpp_then_vp,[],3126189.273965284,3096560,False,16938846.637403354,107.3725885752353,20.714523724095997,0.05328794788207811,"[5.004019805820426,4.900030575040994,4.8837031283709305]",237.23044378310442,1380.6948181167245,1619.8256576135755,nan,nan,nan,nan,False,,nan,,,nan,nan,nan,,,,,,,,0.026666605515648617,0.003095935865482556,0.2265540965495722,nan,nan,nan,False,not_run,not_requested
fig1_fig2,free_jones_vp_gated_rescue,38,445142407,5.0,snr_db,5.0,3,3,3,3,full_6d,445142407,,,nan,,False,,1771.5144287273288,0.0002809332905698024,0.0002809332905698024,1.8737665692742882e-06,8.583461143980548e-05,1.6089160491836746e-12,0.224323052722253,False,ris_only_stage2_then_vp,global_exact_spherical_vp,proposed_post_stage1,False,a6f16d9304834ebf,jones_free,cpu,False,,numpy,numpy.linalg.solve,jones_free,False,,,0.0,0.0,0.0,0.0,True,6,4,nan,nan,"[0.0,0.0,0.0]",,"[1.0315287054216581e-06,5.748073077698385e-06,5.126063900421569e-07]",jnpp_then_vp,[],3126189.273965284,3096560,False,16938846.637403354,107.3725885752353,20.714523724095997,0.05328794788207811,"[5.004019805820426,4.900030575040994,4.8837031283709305]",237.23044378310442,174.5405057966709,429.48720978200436,nan,nan,nan,nan,False,,nan,,,nan,nan,nan,,,,,,,,0.026666605515648617,0.003095935865482556,0.2265540965495722,0.0002809332905698024,1.8737665692742882e-06,0.224323052722253,True,accepted,accepted
fig1_fig2,PEB,38,445142407,5.0,snr_db,5.0,3,3,3,3,full_6d,445142407,,,nan,,False,,6.027479223906994,nan,nan,nan,nan,nan,nan,False,,,peb_only,False,d4a198f74491c10e,,,,,,,adaptive_jones,True,fixed_anchor_then_adaptive_jones_score_selection,,nan,nan,nan,nan,True,,,nan,nan,,,,,[],nan,,,nan,nan,nan,nan,,nan,nan,nan,0.0002701666233464015,nan,nan,0.0002701666233464015,False,188df01b21e845096046e025598027817a0fefeca6c3a9da8733d6021c9aadff,0.2244080305436038,computed_unscaled,cpu,nan,nan,nan,,,,,,,,nan,nan,nan,nan,nan,nan,False,,
fig1_fig2,free_jones_vp,39,1925729663,5.0,snr_db,5.0,3,3,3,3,full_6d,1925729663,,,nan,,False,,1603.0071431323886,0.01560692290348933,0.01560692290348933,0.0010720571188127276,0.004895645415143644,2.881659775814419e-12,0.028178111068649817,False,direct_vp,global_exact_spherical_vp,proposed_post_stage1,False,79fe1acf322c2f4a,jones_free,cpu,False,,numpy,numpy.linalg.solve,jones_free,False,,,0.0,0.0,0.0,0.0,True,6,4,nan,nan,"[0.0,0.0,0.0]",,"[6.086916728834743e-06,4.607674222310551e-06,3.205522826002089e-06]",jnpp_then_vp,[],3106381.15172189,3096560,False,26211925.56269502,89.45019736820981,23.604292191002642,0.06212205550107482,"[4.977807371400751,5.122552616574766,5.009525541486346]",239.9216677993536,1484.495301000774,1725.803361773491,nan,nan,nan,nan,False,,nan,,,nan,nan,nan,,,,,,,,0.01560692290348933,0.0010720571188127276,0.028178111068649817,nan,nan,nan,False,not_run,not_requested
fig1_fig2,free_jones_vp_gated_rescue,39,1925729663,5.0,snr_db,5.0,3,3,3,3,full_6d,1925729663,,,nan,,False,,1693.0865318700671,0.00019146802843196704,0.00019146802843196704,2.6446042767511877e-06,9.59965198260232e-05,1.706994759795691e-13,0.028084278206595068,False,ris_only_stage2_then_vp,global_exact_spherical_vp,proposed_post_stage1,False,79fe1acf322c2f4a,jones_free,cpu,False,,numpy,numpy.linalg.solve,jones_free,False,,,0.0,0.0,0.0,0.0,True,6,4,nan,nan,"[0.0,0.0,0.0]",,"[5.258759528557577e-06,4.645628286602798e-06,3.302991431646508e-06]",jnpp_then_vp,[],3106381.15172189,3096560,False,26211925.56269502,89.45019736820981,23.604292191002642,0.06212205550107482,"[4.977807371400751,5.122552616574766,5.009525541486346]",239.9216677993536,51.344880260527134,308.3767831027508,nan,nan,nan,nan,False,,nan,,,nan,nan,nan,,,,,,,,0.01560692290348933,0.0010720571188127276,0.028178111068649817,0.00019146802843196704,2.6446042767511877e-06,0.028084278206595068,True,accepted,accepted
fig1_fig2,PEB,39,1925729663,5.0,snr_db,5.0,3,3,3,3,full_6d,1925729663,,,nan,,False,,5.882116436958313,nan,nan,nan,nan,nan,nan,False,,,peb_only,False,16c01e47a5ffc432,,,,,,,adaptive_jones,True,fixed_anchor_then_adaptive_jones_score_selection,,nan,nan,nan,nan,True,,,nan,nan,,,,,[],nan,,,nan,nan,nan,nan,,nan,nan,nan,0.00018344877290360064,nan,nan,0.00018344877290360064,False,96864a0d945e4bbb9c67c4c5c4b209be5179ce0b5fab7e2f47325b1eaa6bc2cc,0.0280891681344863,computed_unscaled,cpu,nan,nan,nan,,,,,,,,nan,nan,nan,nan,nan,nan,False,,
fig1_fig2,free_jones_vp,48,3302385666,5.0,snr_db,5.0,3,3,3,3,full_6d,3302385666,,,nan,,False,,1239.8195596262813,0.02621688678536548,0.02621688678536548,0.0022275588246228146,0.0009593433465767125,2.785802010155343e-12,0.13217728136138399,False,direct_vp,global_exact_spherical_vp,proposed_post_stage1,False,eb5489ca334c16de,jones_free,cpu,False,,numpy,numpy.linalg.solve,jones_free,False,,,0.0,0.0,0.0,0.0,True,6,4,nan,nan,"[0.0,0.0,0.0]",,"[1.2268285936270526e-07,4.743030967643565e-07,1.2023900307438624e-06]",jnpp_then_vp,[],3114792.6656062673,3096560,False,26951111.12523397,68.84396559591573,36.708690527940604,0.018500481084544832,"[5.007308241233443,5.003215641822256,5.044347016353963]",227.8083865493536,1232.066154435277,1461.2649910748005,nan,nan,nan,nan,False,,nan,,,nan,nan,nan,,,,,,,,0.02621688678536548,0.0022275588246228146,0.13217728136138399,nan,nan,nan,False,not_run,not_requested
fig1_fig2,free_jones_vp_gated_rescue,48,3302385666,5.0,snr_db,5.0,3,3,3,3,full_6d,3302385666,,,nan,,False,,1391.3828989714384,0.0001597767096706285,0.0001597767096706285,2.4476532398640792e-06,0.0001253142095852412,1.1717855540179257e-12,0.13124463855060892,False,ris_only_stage2_then_vp,global_exact_spherical_vp,proposed_post_stage1,False,eb5489ca334c16de,jones_free,cpu,False,,numpy,numpy.linalg.solve,jones_free,False,,,0.0,0.0,0.0,0.0,True,6,4,nan,nan,"[0.0,0.0,0.0]",,"[9.647571448955684e-08,1.2659444200668295e-09,1.079862321461391e-06]",jnpp_then_vp,[],3114792.6656062673,3096560,False,26951111.12523397,68.84396559591573,36.708690527940604,0.018500481084544832,"[5.007308241233443,5.003215641822256,5.044347016353963]",227.8083865493536,131.13752395659685,373.5160067230463,nan,nan,nan,nan,False,,nan,,,nan,nan,nan,,,,,,,,0.02621688678536548,0.0022275588246228146,0.13217728136138399,0.0001597767096706285,2.4476532398640792e-06,0.13124463855060892,True,accepted,accepted
fig1_fig2,PEB,48,3302385666,5.0,snr_db,5.0,3,3,3,3,full_6d,3302385666,,,nan,,False,,5.810836516320705,nan,nan,nan,nan,nan,nan,False,,,peb_only,False,fa323e15ee649812,,,,,,,adaptive_jones,True,fixed_anchor_then_adaptive_jones_score_selection,,nan,nan,nan,nan,True,,,nan,nan,,,,,[],nan,,,nan,nan,nan,nan,,nan,nan,nan,0.00020375798729268534,nan,nan,0.00020375798729268534,False,1b543152d623d7ef1c79c425645de2dcbaa35a96910d0ef3f1aa53205c46b486,0.13140425098864256,computed_unscaled,cpu,nan,nan,nan,,,,,,,,nan,nan,nan,nan,nan,nan,False,,
fig1_fig2,free_jones_vp,49,3038295588,5.0,snr_db,5.0,3,3,3,3,full_6d,3038295588,,,nan,,False,,1259.3879962190986,0.02119804353852306,0.02119804353852306,0.001799279966950423,0.0006045241961319205,1.93783243681746e-12,0.1845499446232353,False,direct_vp,global_exact_spherical_vp,proposed_post_stage1,False,faa6d3f015242ce4,jones_free,cpu,False,,numpy,numpy.linalg.solve,jones_free,False,,,0.0,0.0,0.0,0.0,True,6,4,nan,nan,"[0.0,0.0,0.0]",,"[2.8793982341547746e-06,1.9266640061148384e-06,2.4488747592565337e-06]",jnpp_then_vp,[],3116623.0650928575,3096560,False,27996436.141743965,77.3039444529635,28.979804823380878,0.05304187479885169,"[5.042525560129794,5.156814575784527,5.046153735447348]",225.03903487324715,1131.7260787934065,1358.1199471056461,nan,nan,nan,nan,False,,nan,,,nan,nan,nan,,,,,,,,0.02119804353852306,0.001799279966950423,0.1845499446232353,nan,nan,nan,False,not_run,not_requested
fig1_fig2,free_jones_vp_gated_rescue,49,3038295588,5.0,snr_db,5.0,3,3,3,3,full_6d,3038295588,,,nan,,False,,1388.2835289165378,0.00040161039349530096,0.00040161039349530096,4.772541615252647e-06,0.00023669518124832612,9.63470265072488e-13,0.18351925458858373,False,ris_only_stage2_then_vp,global_exact_spherical_vp,proposed_post_stage1,False,faa6d3f015242ce4,jones_free,cpu,False,,numpy,numpy.linalg.solve,jones_free,False,,,0.0,0.0,0.0,0.0,True,6,4,nan,nan,"[0.0,0.0,0.0]",,"[1.8852321954642636e-06,2.8172626378208257e-06,2.5248238907335792e-06]",jnpp_then_vp,[],3116623.0650928575,3096560,False,27996436.141743965,77.3039444529635,28.979804823380878,0.05304187479885169,"[5.042525560129794,5.156814575784527,5.046153735447348]",225.03903487324715,120.8210352435708,362.48886409401894,nan,nan,nan,nan,False,,nan,,,nan,nan,nan,,,,,,,,0.02119804353852306,0.001799279966950423,0.1845499446232353,0.00040161039349530096,4.772541615252647e-06,0.18351925458858373,True,accepted,accepted
fig1_fig2,PEB,49,3038295588,5.0,snr_db,5.0,3,3,3,3,full_6d,3038295588,,,nan,,False,,5.653052009642124,nan,nan,nan,nan,nan,nan,False,,,peb_only,False,f888f6d8c0a69892,,,,,,,adaptive_jones,True,fixed_anchor_then_adaptive_jones_score_selection,,nan,nan,nan,nan,True,,,nan,nan,,,,,[],nan,,,nan,nan,nan,nan,,nan,nan,nan,0.00018520542775205518,nan,nan,0.00018520542775205518,False,acf4e48940052036015f088be14d19342fd02a5a04e03acf4cbab7169512ba81,0.1833628633896454,computed_unscaled,cpu,nan,nan,nan,,,,,,,,nan,nan,nan,nan,nan,nan,False,,
fig1_fig2,free_jones_vp,28,4133035554,5.0,snr_db,5.0,3,3,3,3,full_6d,4133035554,,,nan,,False,,2027.145969480276,0.003170663437052759,0.003170663437052759,0.00017562602018501925,0.0016380235315531831,1.1589158065749365e-12,0.11209088266928786,False,direct_vp,global_exact_spherical_vp,proposed_post_stage1,False,554fda3cefb491c0,jones_free,cpu,False,,numpy,numpy.linalg.solve,jones_free,False,,,0.0,0.0,0.0,0.0,True,6,4,nan,nan,"[0.0,0.0,0.0]",,"[2.1526798504419203e-07,5.005531064268896e-08,2.14845794564448e-05]",jnpp_then_vp,[],3102188.011984565,3096560,False,16423694.251695188,87.63077009409908,27.34229155048247,0.01595416776964748,"[4.980592582054561,4.964436095635735,4.941698181209128]",233.70339665561914,1720.6130113005638,1955.7283437550068,nan,nan,nan,nan,False,,nan,,,nan,nan,nan,,,,,,,,0.003170663437052759,0.00017562602018501925,0.11209088266928786,nan,nan,nan,False,not_run,not_requested
fig1_fig2,free_jones_vp_gated_rescue,28,4133035554,5.0,snr_db,5.0,3,3,3,3,full_6d,4133035554,,,nan,,False,,2386.699238859117,0.003170663437052759,0.003170663437052759,0.00017562602018501925,0.0016380235315531831,1.1589158065749365e-12,0.11209088266928786,False,direct_vp_rollback,global_exact_spherical_vp,proposed_post_stage1,False,554fda3cefb491c0,jones_free,cpu,False,,numpy,numpy.linalg.solve,jones_free,False,,,0.0,0.0,0.0,0.0,True,6,4,nan,nan,"[0.0,0.0,0.0]",,"[2.1526798504419203e-07,5.005531064268896e-08,2.14845794564448e-05]",jnpp_then_vp,[],3102188.011984565,3096560,False,16423694.251695188,87.63077009409908,27.34229155048247,0.01595416776964748,"[4.980592582054561,4.964436095635735,4.941698181209128]",233.70339665561914,1731.8233267515898,1966.9386592060328,nan,nan,nan,nan,False,,nan,,,nan,nan,nan,,,,,,,,0.003170663437052759,0.00017562602018501925,0.11209088266928786,0.000985309851336436,2.517473769789518e-06,0.11203289351783781,True,rollback,existing_selector_rollback
fig1_fig2,PEB,28,4133035554,5.0,snr_db,5.0,3,3,3,3,full_6d,4133035554,,,nan,,False,,5.699705116450787,nan,nan,nan,nan,nan,nan,False,,,peb_only,False,a9b4d5801d9b3daf,,,,,,,adaptive_jones,True,fixed_anchor_then_adaptive_jones_score_selection,,nan,nan,nan,nan,True,,,nan,nan,,,,,[],nan,,,nan,nan,nan,nan,,nan,nan,nan,0.0002518746465003193,nan,nan,0.0002518746465003193,False,b0d6ccdf5e943bdc30a995d28f082c1063f363c2aa22897f8408d6a89636af3a,0.1118881047027461,computed_unscaled,cpu,nan,nan,nan,,,,,,,,nan,nan,nan,nan,nan,nan,False,,
fig1_fig2,free_jones_vp,75,3035140021,5.0,snr_db,5.0,3,3,3,3,full_6d,3035140021,,,nan,,False,,169.06326261162758,0.003613654958657082,0.003613654958657082,0.0002812315326307937,0.0030665973336018826,3.087463858178427e-12,0.10486046804387841,False,direct_vp,global_exact_spherical_vp,proposed_post_stage1,False,dd5618c4e55f9aed,jones_free,cpu,False,,numpy,numpy.linalg.solve,jones_free,False,,,0.0,0.0,0.0,0.0,True,6,4,nan,nan,"[0.0,0.0,0.0]",,"[3.1199203030197336e-08,1.8226569900478173e-06,2.8051166497182448e-05]",direct_vp,[],3095091.320132579,3096560,True,13235770.934948882,139.77755451119825,19.73121812139225,0.03736170084818712,"[4.978524878796039,4.9582024214115785,5.045640965019669]",217.7856918722391,161.0900124013424,380.3306197747588,nan,nan,nan,nan,False,,nan,,,nan,nan,nan,,,,,,,,0.003613654958657082,0.0002812315326307937,0.10486046804387841,nan,nan,nan,False,not_run,not_requested
fig1_fig2,free_jones_vp_gated_rescue,75,3035140021,5.0,snr_db,5.0,3,3,3,3,full_6d,3035140021,,,nan,,False,,169.32561334967613,0.003613654958657082,0.003613654958657082,0.0002812315326307937,0.0030665973336018826,3.087463858178427e-12,0.10486046804387841,False,direct_vp,global_exact_spherical_vp,proposed_post_stage1,False,dd5618c4e55f9aed,jones_free,cpu,False,,numpy,numpy.linalg.solve,jones_free,False,,,0.0,0.0,0.0,0.0,True,6,4,nan,nan,"[0.0,0.0,0.0]",,"[3.1199203030197336e-08,1.8226569900478173e-06,2.8051166497182448e-05]",direct_vp,[],3095091.320132579,3096560,True,13235770.934948882,139.77755451119825,19.73121812139225,0.03736170084818712,"[4.978524878796039,4.9582024214115785,5.045640965019669]",217.7856918722391,162.71526139974594,381.95586877316236,nan,nan,nan,nan,False,,nan,,,nan,nan,nan,,,,,,,,0.003613654958657082,0.0002812315326307937,0.10486046804387841,nan,nan,nan,False,not_run,not_requested
fig1_fig2,PEB,75,3035140021,5.0,snr_db,5.0,3,3,3,3,full_6d,3035140021,,,nan,,False,,5.886499851942062,nan,nan,nan,nan,nan,nan,False,,,peb_only,False,bd91599ef4ee6503,,,,,,,adaptive_jones,True,fixed_anchor_then_adaptive_jones_score_selection,,nan,nan,nan,nan,True,,,nan,nan,,,,,[],nan,,,nan,nan,nan,nan,,nan,nan,nan,0.000282731907588512,nan,nan,0.000282731907588512,False,2f212a9fc87faf916a5915468a1ea2df60203d744fc985d035cf071254d1c26c,0.10491076840974496,computed_unscaled,cpu,nan,nan,nan,,,,,,,,nan,nan,nan,nan,nan,nan,False,,
fig1_fig2,free_jones_vp,76,125194699,5.0,snr_db,5.0,3,3,3,3,full_6d,125194699,,,nan,,False,,236.07672506570816,0.004183518817308668,0.004183518817308668,0.0002271827048800582,0.0027139919901425697,2.215004758003757e-12,0.053186676497504144,False,direct_vp,global_exact_spherical_vp,proposed_post_stage1,False,b320bd28843d396b,jones_free,cpu,False,,numpy,numpy.linalg.solve,jones_free,False,,,0.0,0.0,0.0,0.0,True,6,4,nan,nan,"[0.0,0.0,0.0]",,"[7.532725068598112e-07,1.1697566955668164e-06,5.880844695116182e-06]",direct_vp,[],3097642.702369525,3096560,True,15878387.11801009,118.3009744747082,31.605659132504893,0.04546096361268616,"[5.010523475299873,5.0521221501936955,5.120778439411525]",218.40090176463127,228.88669580221176,448.8263237327337,nan,nan,nan,nan,False,,nan,,,nan,nan,nan,,,,,,,,0.004183518817308668,0.0002271827048800582,0.053186676497504144,nan,nan,nan,False,not_run,not_requested
fig1_fig2,free_jones_vp_gated_rescue,76,125194699,5.0,snr_db,5.0,3,3,3,3,full_6d,125194699,,,nan,,False,,239.016456797719,0.004183518817308668,0.004183518817308668,0.0002271827048800582,0.0027139919901425697,2.215004758003757e-12,0.053186676497504144,False,direct_vp,global_exact_spherical_vp,proposed_post_stage1,False,b320bd28843d396b,jones_free,cpu,False,,numpy,numpy.linalg.solve,jones_free,False,,,0.0,0.0,0.0,0.0,True,6,4,nan,nan,"[0.0,0.0,0.0]",,"[7.532725068598112e-07,1.1697566955668164e-06,5.880844695116182e-06]",direct_vp,[],3097642.702369525,3096560,True,15878387.11801009,118.3009744747082,31.605659132504893,0.04546096361268616,"[5.010523475299873,5.0521221501936955,5.120778439411525]",218.40090176463127,232.36771753430367,452.30734546482563,nan,nan,nan,nan,False,,nan,,,nan,nan,nan,,,,,,,,0.004183518817308668,0.0002271827048800582,0.053186676497504144,nan,nan,nan,False,not_run,not_requested
fig1_fig2,PEB,76,125194699,5.0,snr_db,5.0,3,3,3,3,full_6d,125194699,,,nan,,False,,5.810882359743118,nan,nan,nan,nan,nan,nan,False,,,peb_only,False,9cd724c14c102275,,,,,,,adaptive_jones,True,fixed_anchor_then_adaptive_jones_score_selection,,nan,nan,nan,nan,True,,,nan,nan,,,,,[],nan,,,nan,nan,nan,nan,,nan,nan,nan,0.0002561942112868701,nan,nan,0.0002561942112868701,False,6b8d35b33f7212a697b02c68cfa098dd74c3e1f522985e34bcbd559db51c8fd8,0.053168361165718575,computed_unscaled,cpu,nan,nan,nan,,,,,,,,nan,nan,nan,nan,nan,nan,False,,
fig1_fig2,free_jones_vp,52,2910844986,5.0,snr_db,5.0,3,3,3,3,full_6d,2910844986,,,nan,,False,,1609.9859044030309,0.010465074411681137,0.010465074411681137,0.0018886068689139238,0.00897788612790068,7.0566458237535e-12,0.05292652543571383,False,direct_vp,global_exact_spherical_vp,proposed_post_stage1,False,3ab5faaf13bf70dc,jones_free,cpu,False,,numpy,numpy.linalg.solve,jones_free,False,,,0.0,0.0,0.0,0.0,True,6,4,nan,nan,"[0.0,0.0,0.0]",,"[2.8567555174743904e-05,2.887153614285914e-07,1.5660599013926195e-06]",jnpp_then_vp,[],3117285.961807035,3096560,False,25038426.617825583,75.61400610889059,24.03735196892701,0.01875409026277506,"[4.980038159557063,4.984131644540767,4.942459732110534]",226.83211533725262,1494.8576751202345,1723.1656733304262,nan,nan,nan,nan,False,,nan,,,nan,nan,nan,,,,,,,,0.010465074411681137,0.0018886068689139238,0.05292652543571383,nan,nan,nan,False,not_run,not_requested
fig1_fig2,free_jones_vp_gated_rescue,52,2910844986,5.0,snr_db,5.0,3,3,3,3,full_6d,2910844986,,,nan,,False,,1672.855754993856,0.00027728192320170366,0.00027728192320170366,2.0192172421687046e-06,3.167458144261152e-05,1.8410280784093282e-13,0.05260981080680601,False,ris_only_stage2_then_vp,global_exact_spherical_vp,proposed_post_stage1,False,3ab5faaf13bf70dc,jones_free,cpu,False,,numpy,numpy.linalg.solve,jones_free,False,,,0.0,0.0,0.0,0.0,True,6,4,nan,nan,"[0.0,0.0,0.0]",,"[3.16903279942122e-05,2.5774773082537983e-07,1.910428612158487e-06]",jnpp_then_vp,[],3117285.961807035,3096560,False,25038426.617825583,75.61400610889059,24.03735196892701,0.01875409026277506,"[4.980038159557063,4.984131644540767,4.942459732110534]",226.83211533725262,54.468538761138916,298.0090075209737,nan,nan,nan,nan,False,,nan,,,nan,nan,nan,,,,,,,,0.010465074411681137,0.0018886068689139238,0.05292652543571383,0.00027728192320170366,2.0192172421687046e-06,0.05260981080680601,True,accepted,accepted
fig1_fig2,PEB,52,2910844986,5.0,snr_db,5.0,3,3,3,3,full_6d,2910844986,,,nan,,False,,5.924713261425495,nan,nan,nan,nan,nan,nan,False,,,peb_only,False,da845706354a41ec,,,,,,,adaptive_jones,True,fixed_anchor_then_adaptive_jones_score_selection,,nan,nan,nan,nan,True,,,nan,nan,,,,,[],nan,,,nan,nan,nan,nan,,nan,nan,nan,0.00020670827590894353,nan,nan,0.00020670827590894353,False,9e98686db4702520cd73f5ec75cd23f453189f0d5a51de87101750eedce217fa,0.05257490343703222,computed_unscaled,cpu,nan,nan,nan,,,,,,,,nan,nan,nan,nan,nan,nan,False,,
fig1_fig2,free_jones_vp,77,4292676672,5.0,snr_db,5.0,3,3,3,3,full_6d,4292676672,,,nan,,False,,331.0174833536148,0.0025441667782543126,0.0025441667782543126,1.8860414974920623e-05,0.00067448039079799,3.819408886273205e-13,0.2758864760460158,False,direct_vp,global_exact_spherical_vp,proposed_post_stage1,False,79c143a2626ec245,jones_free,cpu,False,,numpy,numpy.linalg.solve,jones_free,False,,,0.0,0.0,0.0,0.0,True,6,4,nan,nan,"[0.0,0.0,0.0]",,"[2.8553492016567556e-07,1.8147933240331047e-05,2.1831072543338053e-06]",direct_vp,"[""poor_clock_consistency""]",3093925.878567519,3096560,True,21701097.58032531,88.50635475214467,14.121197885949464,0.16559064962156153,"[4.961497925720515,5.308236794975089,4.952602986427793]",231.60374195873737,322.9627644121647,556.1699190586805,nan,nan,nan,nan,False,,nan,,,nan,nan,nan,,,,,,,,0.0025441667782543126,1.8860414974920623e-05,0.2758864760460158,nan,nan,nan,False,not_run,not_requested
fig1_fig2,free_jones_vp_gated_rescue,77,4292676672,5.0,snr_db,5.0,3,3,3,3,full_6d,4292676672,,,nan,,False,,329.0530263260007,0.0025441667782543126,0.0025441667782543126,1.8860414974920623e-05,0.00067448039079799,3.819408886273205e-13,0.2758864760460158,False,direct_vp,global_exact_spherical_vp,proposed_post_stage1,False,79c143a2626ec245,jones_free,cpu,False,,numpy,numpy.linalg.solve,jones_free,False,,,0.0,0.0,0.0,0.0,True,6,4,nan,nan,"[0.0,0.0,0.0]",,"[2.8553492016567556e-07,1.8147933240331047e-05,2.1831072543338053e-06]",direct_vp,"[""poor_clock_consistency""]",3093925.878567519,3096560,True,21701097.58032531,88.50635475214467,14.121197885949464,0.16559064962156153,"[4.961497925720515,5.308236794975089,4.952602986427793]",231.60374195873737,322.41224344074726,555.6193980872631,nan,nan,nan,nan,False,,nan,,,nan,nan,nan,,,,,,,,0.0025441667782543126,1.8860414974920623e-05,0.2758864760460158,nan,nan,nan,False,not_run,not_requested
fig1_fig2,PEB,77,4292676672,5.0,snr_db,5.0,3,3,3,3,full_6d,4292676672,,,nan,,False,,5.731695972383022,nan,nan,nan,nan,nan,nan,False,,,peb_only,False,45f19b66027cedbc,,,,,,,adaptive_jones,True,fixed_anchor_then_adaptive_jones_score_selection,,nan,nan,nan,nan,True,,,nan,nan,,,,,[],nan,,,nan,nan,nan,nan,,nan,nan,nan,0.00022266872345384062,nan,nan,0.00022266872345384062,False,f60a4ab9705635604ca71e7bb7f90055bd716281a75d4d93b7beab9eb08c99af,0.2761227883210337,computed_unscaled,cpu,nan,nan,nan,,,,,,,,nan,nan,nan,nan,nan,nan,False,,
fig1_fig2,free_jones_vp,46,3306807379,5.0,snr_db,5.0,3,3,3,3,full_6d,3306807379,,,nan,,False,,1808.5854181721807,0.0057358212741497406,0.0057358212741497406,0.0005935679796400899,0.005130964110022498,1.937633004874635e-12,0.13661791344715898,False,direct_vp,global_exact_spherical_vp,proposed_post_stage1,False,16da5a4730f15e02,jones_free,cpu,False,,numpy,numpy.linalg.solve,jones_free,False,,,0.0,0.0,0.0,0.0,True,6,4,nan,nan,"[0.0,0.0,0.0]",,"[6.4580609917098734e-06,3.889658477129401e-07,3.0712014557538252e-06]",jnpp_then_vp,[],3100964.8608013126,3096560,False,27018876.356588602,78.24029527822888,24.141230683012267,0.02440020925981412,"[4.98103576158402,5.017223404482743,5.040324325777185]",217.33489015698433,1695.2209116220474,1913.9404924958944,nan,nan,nan,nan,False,,nan,,,nan,nan,nan,,,,,,,,0.0057358212741497406,0.0005935679796400899,0.13661791344715898,nan,nan,nan,False,not_run,not_requested
fig1_fig2,free_jones_vp_gated_rescue,46,3306807379,5.0,snr_db,5.0,3,3,3,3,full_6d,3306807379,,,nan,,False,,1949.2289609238505,0.0003517780245526276,0.0003517780245526276,1.716607063500779e-06,8.25978310920974e-05,1.7842554406638192e-13,0.1363640354067484,False,ris_only_stage2_then_vp,global_exact_spherical_vp,proposed_post_stage1,False,16da5a4730f15e02,jones_free,cpu,False,,numpy,numpy.linalg.solve,jones_free,False,,,0.0,0.0,0.0,0.0,True,6,4,nan,nan,"[0.0,0.0,0.0]",,"[6.758659865541578e-06,3.9823293774037525e-07,3.049812952981802e-06]",jnpp_then_vp,[],3100964.8608013126,3096560,False,27018876.356588602,78.24029527822888,24.141230683012267,0.02440020925981412,"[4.98103576158402,5.017223404482743,5.040324325777185]",217.33489015698433,121.36914455145597,355.2053904235363,nan,nan,nan,nan,False,,nan,,,nan,nan,nan,,,,,,,,0.0057358212741497406,0.0005935679796400899,0.13661791344715898,0.0003517780245526276,1.716607063500779e-06,0.1363640354067484,True,accepted,accepted
fig1_fig2,PEB,46,3306807379,5.0,snr_db,5.0,3,3,3,3,full_6d,3306807379,,,nan,,False,,5.629342176020145,nan,nan,nan,nan,nan,nan,False,,,peb_only,False,372240d8baddfb79,,,,,,,adaptive_jones,True,fixed_anchor_then_adaptive_jones_score_selection,,nan,nan,nan,nan,True,,,nan,nan,,,,,[],nan,,,nan,nan,nan,nan,,nan,nan,nan,0.00018560504410764108,nan,nan,0.00018560504410764108,False,324c3cee61ad53d18a3b7f70cef7049986ada5517935cd8531014229a0b305be,0.13642455524027805,computed_unscaled,cpu,nan,nan,nan,,,,,,,,nan,nan,nan,nan,nan,nan,False,,
fig1_fig2,free_jones_vp,81,3893654042,5.0,snr_db,5.0,3,3,3,3,full_6d,3893654042,,,nan,,False,,108.21458658576012,0.003131638197109712,0.003131638197109712,2.7265653350420912e-05,0.0027647201434196386,2.1447809037982932e-12,0.21272590675722403,False,direct_vp,global_exact_spherical_vp,proposed_post_stage1,False,800f4a375fda8623,jones_free,cpu,False,,numpy,numpy.linalg.solve,jones_free,False,,,0.0,0.0,0.0,0.0,True,6,4,nan,nan,"[0.0,0.0,0.0]",,"[4.7329923056380334e-05,3.2567815647895943e-06,2.6566941093778106e-06]",direct_vp,[],3093892.0139120836,3096560,True,10749188.623543825,218.1684834635151,14.048035325438647,0.059368909786637475,"[4.9324432323897,5.077638903664635,4.997993635593427]",239.2403485774994,100.39133830368519,341.1576449647546,nan,nan,nan,nan,False,,nan,,,nan,nan,nan,,,,,,,,0.003131638197109712,2.7265653350420912e-05,0.21272590675722403,nan,nan,nan,False,not_run,not_requested
fig1_fig2,free_jones_vp_gated_rescue,81,3893654042,5.0,snr_db,5.0,3,3,3,3,full_6d,3893654042,,,nan,,False,,108.85144512355328,0.003131638197109712,0.003131638197109712,2.7265653350420912e-05,0.0027647201434196386,2.1447809037982932e-12,0.21272590675722403,False,direct_vp,global_exact_spherical_vp,proposed_post_stage1,False,800f4a375fda8623,jones_free,cpu,False,,numpy,numpy.linalg.solve,jones_free,False,,,0.0,0.0,0.0,0.0,True,6,4,nan,nan,"[0.0,0.0,0.0]",,"[4.7329923056380334e-05,3.2567815647895943e-06,2.6566941093778106e-06]",direct_vp,[],3093892.0139120836,3096560,True,10749188.623543825,218.1684834635151,14.048035325438647,0.059368909786637475,"[4.9324432323897,5.077638903664635,4.997993635593427]",239.2403485774994,102.31636350601912,343.0826701670885,nan,nan,nan,nan,False,,nan,,,nan,nan,nan,,,,,,,,0.003131638197109712,2.7265653350420912e-05,0.21272590675722403,nan,nan,nan,False,not_run,not_requested
fig1_fig2,PEB,81,3893654042,5.0,snr_db,5.0,3,3,3,3,full_6d,3893654042,,,nan,,False,,5.7350697591900826,nan,nan,nan,nan,nan,nan,False,,,peb_only,False,61c59da1dd79f7e1,,,,,,,adaptive_jones,True,fixed_anchor_then_adaptive_jones_score_selection,,nan,nan,nan,nan,True,,,nan,nan,,,,,[],nan,,,nan,nan,nan,nan,,nan,nan,nan,0.0002443990671359007,nan,nan,0.0002443990671359007,False,7fdbdc32913dce5e44795d5b9a7446df6f3ff25cfdfe20eb33bdaf98d154febf,0.21291044887172203,computed_unscaled,cpu,nan,nan,nan,,,,,,,,nan,nan,nan,nan,nan,nan,False,,
fig1_fig2,free_jones_vp,50,3229661427,5.0,snr_db,5.0,3,3,3,3,full_6d,3229661427,,,nan,,False,,1686.5744290277362,0.02494388547922821,0.02494388547922821,0.0009568191665191492,0.002182072229940856,2.3277520977928055e-12,0.15497079489264984,False,direct_vp,global_exact_spherical_vp,proposed_post_stage1,False,0c1da3bc0f21a3ce,jones_free,cpu,False,,numpy,numpy.linalg.solve,jones_free,False,,,0.0,0.0,0.0,0.0,True,6,4,nan,nan,"[0.0,0.0,0.0]",,"[2.6623113087156243e-07,6.400342770048829e-07,5.911140288602716e-06]",jnpp_then_vp,[],3105412.983002179,3096560,False,15421046.98898928,108.47262687892784,25.12839555262927,0.05252273183221211,"[4.9743240970608165,5.026414885331649,5.1022457909377605]",220.93670676648617,1677.9771816655993,1900.3697673082352,nan,nan,nan,nan,False,,nan,,,nan,nan,nan,,,,,,,,0.02494388547922821,0.0009568191665191492,0.15497079489264984,nan,nan,nan,False,not_run,not_requested
fig1_fig2,free_jones_vp_gated_rescue,50,3229661427,5.0,snr_db,5.0,3,3,3,3,full_6d,3229661427,,,nan,,False,,1765.4331912249327,0.000554480072748283,0.000554480072748283,3.953743414855726e-06,6.548762419136692e-05,1.8643129553717943e-12,0.15449234841168305,False,ris_only_stage2_then_vp,global_exact_spherical_vp,proposed_post_stage1,False,0c1da3bc0f21a3ce,jones_free,cpu,False,,numpy,numpy.linalg.solve,jones_free,False,,,0.0,0.0,0.0,0.0,True,6,4,nan,nan,"[0.0,0.0,0.0]",,"[2.717827930855232e-07,6.642924144256161e-07,6.074499621443148e-06]",jnpp_then_vp,[],3105412.983002179,3096560,False,15421046.98898928,108.47262687892784,25.12839555262927,0.05252273183221211,"[4.9743240970608165,5.026414885331649,5.1022457909377605]",220.93670676648617,61.67583369463682,298.9972305819392,nan,nan,nan,nan,False,,nan,,,nan,nan,nan,,,,,,,,0.02494388547922821,0.0009568191665191492,0.15497079489264984,0.000554480072748283,3.953743414855726e-06,0.15449234841168305,True,accepted,accepted
fig1_fig2,PEB,50,3229661427,5.0,snr_db,5.0,3,3,3,3,full_6d,3229661427,,,nan,,False,,5.517802283167839,nan,nan,nan,nan,nan,nan,False,,,peb_only,False,094bcd662f7b52cd,,,,,,,adaptive_jones,True,fixed_anchor_then_adaptive_jones_score_selection,,nan,nan,nan,nan,True,,,nan,nan,,,,,[],nan,,,nan,nan,nan,nan,,nan,nan,nan,0.00027901760448752796,nan,nan,0.00027901760448752796,False,1942487101149f69652abec158449acd8ba5e0555a4e067cb0f025310bb6ac8a,0.1545297990290412,computed_unscaled,cpu,nan,nan,nan,,,,,,,,nan,nan,nan,nan,nan,nan,False,,
fig1_fig2,free_jones_vp,54,1185050677,5.0,snr_db,5.0,3,3,3,3,full_6d,1185050677,,,nan,,False,,1577.1190792173147,0.003042315894847935,0.003042315894847935,6.348175479036351e-05,0.0020510500482565806,8.961193674743472e-13,0.08719365856117857,False,direct_vp,global_exact_spherical_vp,proposed_post_stage1,False,635edb9fb73acac0,jones_free,cpu,False,,numpy,numpy.linalg.solve,jones_free,False,,,0.0,0.0,0.0,0.0,True,6,4,nan,nan,"[0.0,0.0,0.0]",,"[4.814700743666344e-08,2.418153354296104e-07,8.417510414265826e-07]",direct_vp,[],3095115.8774710367,3096560,True,24299121.16073271,87.34974363440392,19.99757391728076,0.03267717196485128,"[4.965504874977454,4.887873873221048,4.94357604721786]",224.22997924685478,1570.2479516342282,1795.9812369272113,nan,nan,nan,nan,False,,nan,,,nan,nan,nan,,,,,,,,0.003042315894847935,6.348175479036351e-05,0.08719365856117857,nan,nan,nan,False,not_run,not_requested
fig1_fig2,free_jones_vp_gated_rescue,54,1185050677,5.0,snr_db,5.0,3,3,3,3,full_6d,1185050677,,,nan,,False,,1559.5770439058542,0.003042315894847935,0.003042315894847935,6.348175479036351e-05,0.0020510500482565806,8.961193674743472e-13,0.08719365856117857,False,direct_vp,global_exact_spherical_vp,proposed_post_stage1,False,635edb9fb73acac0,jones_free,cpu,False,,numpy,numpy.linalg.solve,jones_free,False,,,0.0,0.0,0.0,0.0,True,6,4,nan,nan,"[0.0,0.0,0.0]",,"[4.814700743666344e-08,2.418153354296104e-07,8.417510414265826e-07]",direct_vp,[],3095115.8774710367,3096560,True,24299121.16073271,87.34974363440392,19.99757391728076,0.03267717196485128,"[4.965504874977454,4.887873873221048,4.94357604721786]",224.22997924685478,1553.4841932579875,1779.2174785509706,nan,nan,nan,nan,False,,nan,,,nan,nan,nan,,,,,,,,0.003042315894847935,6.348175479036351e-05,0.08719365856117857,nan,nan,nan,False,not_run,not_requested
fig1_fig2,PEB,54,1185050677,5.0,snr_db,5.0,3,3,3,3,full_6d,1185050677,,,nan,,False,,5.468994215130806,nan,nan,nan,nan,nan,nan,False,,,peb_only,False,97c03ad99b38a127,,,,,,,adaptive_jones,True,fixed_anchor_then_adaptive_jones_score_selection,,nan,nan,nan,nan,True,,,nan,nan,,,,,[],nan,,,nan,nan,nan,nan,,nan,nan,nan,0.00018968379789864256,nan,nan,0.00018968379789864256,False,115a7d3f95ba8b9ea29c0754c333293a0d2bf13a03dc583bd9fdf4cc7c014143,0.08723479221506682,computed_unscaled,cpu,nan,nan,nan,,,,,,,,nan,nan,nan,nan,nan,nan,False,,
fig1_fig2,free_jones_vp,41,4278604885,5.0,snr_db,5.0,3,3,3,3,full_6d,4278604885,,,nan,,False,,2022.4904605001211,0.025947194780876415,0.025947194780876415,0.0013398140272305415,0.0013610811289045328,3.658618521967229e-12,0.09047417936155859,False,direct_vp,global_exact_spherical_vp,proposed_post_stage1,False,cd2ab826b4178231,jones_free,cpu,False,,numpy,numpy.linalg.solve,jones_free,False,,,0.0,0.0,0.0,0.0,True,6,4,nan,nan,"[0.0,0.0,0.0]",,"[5.825870116646176e-07,1.1363918658021148e-07,3.705514581171833e-05]",jnpp_then_vp,[],3109718.9714638176,3096560,False,15848496.013612133,96.03900407485837,21.618676549820155,0.012816696626069008,"[4.965995921069021,4.985732065157292,4.997007979686563]",219.964289650321,2014.5722541734576,2235.9435850977898,nan,nan,nan,nan,False,,nan,,,nan,nan,nan,,,,,,,,0.025947194780876415,0.0013398140272305415,0.09047417936155859,nan,nan,nan,False,not_run,not_requested
fig1_fig2,free_jones_vp_gated_rescue,41,4278604885,5.0,snr_db,5.0,3,3,3,3,full_6d,4278604885,,,nan,,False,,2106.1858479827642,0.0005020702297963162,0.0005020702297963162,1.804864114208989e-06,9.191606252882395e-05,1.0457722634554988e-13,0.09009854527292041,False,ris_only_stage2_then_vp,global_exact_spherical_vp,proposed_post_stage1,False,cd2ab826b4178231,jones_free,cpu,False,,numpy,numpy.linalg.solve,jones_free,False,,,0.0,0.0,0.0,0.0,True,6,4,nan,nan,"[0.0,0.0,0.0]",,"[5.195078751104312e-07,1.7973333911438836e-07,4.7040719575982435e-05]",jnpp_then_vp,[],3109718.9714638176,3096560,False,15848496.013612133,96.03900407485837,21.618676549820155,0.012816696626069008,"[4.965995921069021,4.985732065157292,4.997007979686563]",219.964289650321,63.9550666809082,298.8262964859605,nan,nan,nan,nan,False,,nan,,,nan,nan,nan,,,,,,,,0.025947194780876415,0.0013398140272305415,0.09047417936155859,0.0005020702297963162,1.804864114208989e-06,0.09009854527292041,True,accepted,accepted
fig1_fig2,PEB,41,4278604885,5.0,snr_db,5.0,3,3,3,3,full_6d,4278604885,,,nan,,False,,6.107666589319706,nan,nan,nan,nan,nan,nan,False,,,peb_only,False,56a25364deb9a5d3,,,,,,,adaptive_jones,True,fixed_anchor_then_adaptive_jones_score_selection,,nan,nan,nan,nan,True,,,nan,nan,,,,,[],nan,,,nan,nan,nan,nan,,nan,nan,nan,0.00027260744672626987,nan,nan,0.00027260744672626987,False,3ffbd47003275298d380fa4fdbe537af868b54f1a66ff07176dee6a601458b33,0.09009179768383369,computed_unscaled,cpu,nan,nan,nan,,,,,,,,nan,nan,nan,nan,nan,nan,False,,
fig1_fig2,free_jones_vp,84,3985341227,5.0,snr_db,5.0,3,3,3,3,full_6d,3985341227,,,nan,,False,,108.92183847725391,0.003440940681387159,0.003440940681387159,0.00035129002092529484,0.0028842214252939946,2.2082049331335662e-12,0.2200410659876637,False,direct_vp,global_exact_spherical_vp,proposed_post_stage1,False,e5a4206d9ae35bb8,jones_free,cpu,False,,numpy,numpy.linalg.solve,jones_free,False,,,0.0,0.0,0.0,0.0,True,6,4,nan,nan,"[0.0,0.0,0.0]",,"[3.2850956571232266e-07,6.42108308629048e-08,6.284588050957063e-07]",direct_vp,[],3097104.308111588,3096560,True,15281709.29824269,108.55070144250043,27.98535636646121,0.015113829402476735,"[4.968370251669692,4.997337362213364,4.962888708482084]",222.52853000164032,100.58778036385775,324.58455511927605,nan,nan,nan,nan,False,,nan,,,nan,nan,nan,,,,,,,,0.003440940681387159,0.00035129002092529484,0.2200410659876637,nan,nan,nan,False,not_run,not_requested
fig1_fig2,free_jones_vp_gated_rescue,84,3985341227,5.0,snr_db,5.0,3,3,3,3,full_6d,3985341227,,,nan,,False,,108.60494801402092,0.003440940681387159,0.003440940681387159,0.00035129002092529484,0.0028842214252939946,2.2082049331335662e-12,0.2200410659876637,False,direct_vp,global_exact_spherical_vp,proposed_post_stage1,False,e5a4206d9ae35bb8,jones_free,cpu,False,,numpy,numpy.linalg.solve,jones_free,False,,,0.0,0.0,0.0,0.0,True,6,4,nan,nan,"[0.0,0.0,0.0]",,"[3.2850956571232266e-07,6.42108308629048e-08,6.284588050957063e-07]",direct_vp,[],3097104.308111588,3096560,True,15281709.29824269,108.55070144250043,27.98535636646121,0.015113829402476735,"[4.968370251669692,4.997337362213364,4.962888708482084]",222.52853000164032,101.93367529660463,325.93045005202293,nan,nan,nan,nan,False,,nan,,,nan,nan,nan,,,,,,,,0.003440940681387159,0.00035129002092529484,0.2200410659876637,nan,nan,nan,False,not_run,not_requested
fig1_fig2,PEB,84,3985341227,5.0,snr_db,5.0,3,3,3,3,full_6d,3985341227,,,nan,,False,,5.7730671763420105,nan,nan,nan,nan,nan,nan,False,,,peb_only,False,7511d30e27d5874b,,,,,,,adaptive_jones,True,fixed_anchor_then_adaptive_jones_score_selection,,nan,nan,nan,nan,True,,,nan,nan,,,,,[],nan,,,nan,nan,nan,nan,,nan,nan,nan,0.00026157063261279286,nan,nan,0.00026157063261279286,False,763c74c3103c34dc91712b88cb00b247f3e9461f0fa66c55a5e9608e707daf96,0.2200035310942669,computed_unscaled,cpu,nan,nan,nan,,,,,,,,nan,nan,nan,nan,nan,nan,False,,
fig1_fig2,free_jones_vp,85,2249164774,5.0,snr_db,5.0,3,3,3,3,full_6d,2249164774,,,nan,,False,,124.67577788978815,0.0030181674666620783,0.0030181674666620783,0.00030957898789485763,0.0025962965651562535,1.6716498686502094e-12,0.0814503437457478,False,direct_vp,global_exact_spherical_vp,proposed_post_stage1,False,5b78ba93065509ce,jones_free,cpu,False,,numpy,numpy.linalg.solve,jones_free,False,,,0.0,0.0,0.0,0.0,True,6,4,nan,nan,"[0.0,0.0,0.0]",,"[2.844277878722684e-06,1.9048719803244507e-07,1.7494905799773057e-06]",direct_vp,[],3099495.7074764348,3096560,True,25778360.80311733,66.71823790131171,32.86147834202328,0.023135351486069274,"[4.970907859146497,5.002711955489619,5.027429789021183]",221.30707246810198,116.77222695946693,339.38196655362844,nan,nan,nan,nan,False,,nan,,,nan,nan,nan,,,,,,,,0.0030181674666620783,0.00030957898789485763,0.0814503437457478,nan,nan,nan,False,not_run,not_requested
fig1_fig2,free_jones_vp_gated_rescue,85,2249164774,5.0,snr_db,5.0,3,3,3,3,full_6d,2249164774,,,nan,,False,,123.86447826772928,0.0030181674666620783,0.0030181674666620783,0.00030957898789485763,0.0025962965651562535,1.6716498686502094e-12,0.0814503437457478,False,direct_vp,global_exact_spherical_vp,proposed_post_stage1,False,5b78ba93065509ce,jones_free,cpu,False,,numpy,numpy.linalg.solve,jones_free,False,,,0.0,0.0,0.0,0.0,True,6,4,nan,nan,"[0.0,0.0,0.0]",,"[2.844277878722684e-06,1.9048719803244507e-07,1.7494905799773057e-06]",direct_vp,[],3099495.7074764348,3096560,True,25778360.80311733,66.71823790131171,32.86147834202328,0.023135351486069274,"[4.970907859146497,5.002711955489619,5.027429789021183]",221.30707246810198,117.24082583934069,339.8505654335022,nan,nan,nan,nan,False,,nan,,,nan,nan,nan,,,,,,,,0.0030181674666620783,0.00030957898789485763,0.0814503437457478,nan,nan,nan,False,not_run,not_requested
fig1_fig2,PEB,85,2249164774,5.0,snr_db,5.0,3,3,3,3,full_6d,2249164774,,,nan,,False,,5.856418862938881,nan,nan,nan,nan,nan,nan,False,,,peb_only,False,72e3816b0e5b8f0e,,,,,,,adaptive_jones,True,fixed_anchor_then_adaptive_jones_score_selection,,nan,nan,nan,nan,True,,,nan,nan,,,,,[],nan,,,nan,nan,nan,nan,,nan,nan,nan,0.00020094436830757567,nan,nan,0.00020094436830757567,False,d2813a00a2d0760dea2dc8be475dff9a47f414a15a39f0f8b76a2c0e1d6af5ec,0.08137361798128909,computed_unscaled,cpu,nan,nan,nan,,,,,,,,nan,nan,nan,nan,nan,nan,False,,
fig1_fig2,free_jones_vp,59,1187262716,5.0,snr_db,5.0,3,3,3,3,full_6d,1187262716,,,nan,,False,,1620.3294609636068,0.005126163404912213,0.005126163404912213,0.000540065943211148,0.004348359485109457,3.3837907612597668e-12,0.07898090187151567,False,direct_vp,global_exact_spherical_vp,proposed_post_stage1,False,696a12f43fe6ddd3,jones_free,cpu,False,,numpy,numpy.linalg.solve,jones_free,False,,,0.0,0.0,0.0,0.0,True,6,4,nan,nan,"[0.0,0.0,0.0]",,"[1.225894623221449e-06,3.0712164011474096e-06,1.338780263686281e-06]",jnpp_then_vp,[],3102887.2632304574,3096560,False,24212870.08580126,73.88730211278624,28.675637427748317,0.03300699507487896,"[5.042966037972861,4.972891113470495,4.973004279387755]",247.66021574288607,1505.472880795598,1754.622914686799,nan,nan,nan,nan,False,,nan,,,nan,nan,nan,,,,,,,,0.005126163404912213,0.000540065943211148,0.07898090187151567,nan,nan,nan,False,not_run,not_requested
fig1_fig2,free_jones_vp_gated_rescue,59,1187262716,5.0,snr_db,5.0,3,3,3,3,full_6d,1187262716,,,nan,,False,,1687.7757325544953,0.0009556616133990567,0.0009556616133990567,4.1802435971922204e-06,7.52624831773579e-05,4.2891995581592797e-13,0.07885417771057313,False,ris_only_stage2_then_vp,global_exact_spherical_vp,proposed_post_stage1,False,696a12f43fe6ddd3,jones_free,cpu,False,,numpy,numpy.linalg.solve,jones_free,False,,,0.0,0.0,0.0,0.0,True,6,4,nan,nan,"[0.0,0.0,0.0]",,"[1.2297523631278458e-06,2.2033096186109675e-06,1.315983415050536e-06]",jnpp_then_vp,[],3102887.2632304574,3096560,False,24212870.08580126,73.88730211278624,28.675637427748317,0.03300699507487896,"[5.042966037972861,4.972891113470495,4.973004279387755]",247.66021574288607,54.838769905269146,318.00314158946276,nan,nan,nan,nan,False,,nan,,,nan,nan,nan,,,,,,,,0.005126163404912213,0.000540065943211148,0.07898090187151567,0.0009556616133990567,4.1802435971922204e-06,0.07885417771057313,True,accepted,accepted
fig1_fig2,PEB,59,1187262716,5.0,snr_db,5.0,3,3,3,3,full_6d,1187262716,,,nan,,False,,5.92830578237772,nan,nan,nan,nan,nan,nan,False,,,peb_only,False,d580414e07f77f8b,,,,,,,adaptive_jones,True,fixed_anchor_then_adaptive_jones_score_selection,,nan,nan,nan,nan,True,,,nan,nan,,,,,[],nan,,,nan,nan,nan,nan,,nan,nan,nan,0.00021165453149925905,nan,nan,0.00021165453149925905,False,ba85b3dc69f0d5910f5e051466d13a9fa16bdfb1c72eaceaa138a692faa0065e,0.07882025495797905,computed_unscaled,cpu,nan,nan,nan,,,,,,,,nan,nan,nan,nan,nan,nan,False,,
fig1_fig2,free_jones_vp,86,2710333116,5.0,snr_db,5.0,3,3,3,3,full_6d,2710333116,,,nan,,False,,270.43942829966545,0.0012325170286439362,0.0012325170286439362,4.429902769181812e-06,4.585582157563562e-05,9.267868160526481e-13,0.05315432285995434,False,direct_vp,global_exact_spherical_vp,proposed_post_stage1,False,87bca3bc2745d1fc,jones_free,cpu,False,,numpy,numpy.linalg.solve,jones_free,False,,,0.0,0.0,0.0,0.0,True,6,4,nan,nan,"[0.0,0.0,0.0]",,"[4.753781266978588e-07,2.67890506077191e-06,3.32419311827012e-06]",direct_vp,[],3094722.68690462,3096560,True,16917032.390104044,113.67023671607801,30.605184051375883,0.04890601874447336,"[5.049758487906573,5.1188166883002655,4.999515436241826]",217.77768118679523,262.71120109409094,481.897745937109,nan,nan,nan,nan,False,,nan,,,nan,nan,nan,,,,,,,,0.0012325170286439362,4.429902769181812e-06,0.05315432285995434,nan,nan,nan,False,not_run,not_requested
fig1_fig2,free_jones_vp_gated_rescue,86,2710333116,5.0,snr_db,5.0,3,3,3,3,full_6d,2710333116,,,nan,,False,,267.36127408593893,0.0012325170286439362,0.0012325170286439362,4.429902769181812e-06,4.585582157563562e-05,9.267868160526481e-13,0.05315432285995434,False,direct_vp,global_exact_spherical_vp,proposed_post_stage1,False,87bca3bc2745d1fc,jones_free,cpu,False,,numpy,numpy.linalg.solve,jones_free,False,,,0.0,0.0,0.0,0.0,True,6,4,nan,nan,"[0.0,0.0,0.0]",,"[4.753781266978588e-07,2.67890506077191e-06,3.32419311827012e-06]",direct_vp,[],3094722.68690462,3096560,True,16917032.390104044,113.67023671607801,30.605184051375883,0.04890601874447336,"[5.049758487906573,5.1188166883002655,4.999515436241826]",217.77768118679523,260.7661147713661,479.9526596143842,nan,nan,nan,nan,False,,nan,,,nan,nan,nan,,,,,,,,0.0012325170286439362,4.429902769181812e-06,0.05315432285995434,nan,nan,nan,False,not_run,not_requested
fig1_fig2,PEB,86,2710333116,5.0,snr_db,5.0,3,3,3,3,full_6d,2710333116,,,nan,,False,,5.9325520768761635,nan,nan,nan,nan,nan,nan,False,,,peb_only,False,c028c8700be63422,,,,,,,adaptive_jones,True,fixed_anchor_then_adaptive_jones_score_selection,,nan,nan,nan,nan,True,,,nan,nan,,,,,[],nan,,,nan,nan,nan,nan,,nan,nan,nan,0.0002523654375243088,nan,nan,0.0002523654375243088,False,3a54fb3766786593be45a3a051de7709f83ecc3b2e8854a667fc53103d577f6b,0.05318615498599564,computed_unscaled,cpu,nan,nan,nan,,,,,,,,nan,nan,nan,nan,nan,nan,False,,
fig1_fig2,free_jones_vp,80,2843598472,5.0,snr_db,5.0,3,3,3,3,full_6d,2843598472,,,nan,,False,,693.1474032178521,0.00010174685284420457,0.00010174685284420457,1.8923055465424887e-06,4.075062769336807e-05,2.2713486056019264e-13,0.21549740747928847,False,direct_vp,global_exact_spherical_vp,proposed_post_stage1,False,947375eaf042b36b,jones_free,cpu,False,,numpy,numpy.linalg.solve,jones_free,False,,,0.0,0.0,0.0,0.0,True,6,4,nan,nan,"[0.0,0.0,0.0]",,"[4.390346202266135e-07,4.268163832086936e-07,4.0155208233409444e-07]",direct_vp,[],3095593.7335830308,3096560,True,27192978.988529507,66.78259262686039,29.54991428531612,0.07542506732929086,"[5.122092161328159,5.054408331796481,4.939373089374687]",236.32976409047842,684.43991792202,922.1491929665208,nan,nan,nan,nan,False,,nan,,,nan,nan,nan,,,,,,,,0.00010174685284420457,1.8923055465424887e-06,0.21549740747928847,nan,nan,nan,False,not_run,not_requested
fig1_fig2,free_jones_vp_gated_rescue,80,2843598472,5.0,snr_db,5.0,3,3,3,3,full_6d,2843598472,,,nan,,False,,690.7736303582788,0.00010174685284420457,0.00010174685284420457,1.8923055465424887e-06,4.075062769336807e-05,2.2713486056019264e-13,0.21549740747928847,False,direct_vp,global_exact_spherical_vp,proposed_post_stage1,False,947375eaf042b36b,jones_free,cpu,False,,numpy,numpy.linalg.solve,jones_free,False,,,0.0,0.0,0.0,0.0,True,6,4,nan,nan,"[0.0,0.0,0.0]",,"[4.390346202266135e-07,4.268163832086936e-07,4.0155208233409444e-07]",direct_vp,[],3095593.7335830308,3096560,True,27192978.988529507,66.78259262686039,29.54991428531612,0.07542506732929086,"[5.122092161328159,5.054408331796481,4.939373089374687]",236.32976409047842,684.2477450594306,921.9570201039314,nan,nan,nan,nan,False,,nan,,,nan,nan,nan,,,,,,,,0.00010174685284420457,1.8923055465424887e-06,0.21549740747928847,nan,nan,nan,False,not_run,not_requested
fig1_fig2,PEB,80,2843598472,5.0,snr_db,5.0,3,3,3,3,full_6d,2843598472,,,nan,,False,,5.64400190114975,nan,nan,nan,nan,nan,nan,False,,,peb_only,False,b8e0698c539a3768,,,,,,,adaptive_jones,True,fixed_anchor_then_adaptive_jones_score_selection,,nan,nan,nan,nan,True,,,nan,nan,,,,,[],nan,,,nan,nan,nan,nan,,nan,nan,nan,0.00019495274385769303,nan,nan,0.00019495274385769303,False,ca96bdf8e3d74f1e490185f5b993e297e175166cef168c6fe33ef880dfc91c4e,0.21556578721013445,computed_unscaled,cpu,nan,nan,nan,,,,,,,,nan,nan,nan,nan,nan,nan,False,,
fig1_fig2,free_jones_vp,57,476784074,5.0,snr_db,5.0,3,3,3,3,full_6d,476784074,,,nan,,False,,1894.4861984625459,0.0021297877229096893,0.0021297877229096893,0.0001362512254341525,0.0018600072250574357,6.104577134079964e-13,0.05589443242457387,False,direct_vp,global_exact_spherical_vp,proposed_post_stage1,False,3d89e19294d220a7,jones_free,cpu,False,,numpy,numpy.linalg.solve,jones_free,False,,,0.0,0.0,0.0,0.0,True,6,4,nan,nan,"[0.0,0.0,0.0]",,"[4.202341313866033e-06,1.8114080949734417e-07,6.900048110135895e-07]",jnpp_then_vp,[],3101416.0092734997,3096560,False,26929976.45440678,61.872961988713925,30.88651307339446,0.0214521131739277,"[4.994244529257072,4.9835103179472,5.033424609248232]",230.28165046870708,1779.392736941576,2011.1054882407188,nan,nan,nan,nan,False,,nan,,,nan,nan,nan,,,,,,,,0.0021297877229096893,0.0001362512254341525,0.05589443242457387,nan,nan,nan,False,not_run,not_requested
fig1_fig2,free_jones_vp_gated_rescue,57,476784074,5.0,snr_db,5.0,3,3,3,3,full_6d,476784074,,,nan,,False,,1953.4921018257737,0.0021297877229096893,0.0021297877229096893,0.0001362512254341525,0.0018600072250574357,6.104577134079964e-13,0.05589443242457387,False,direct_vp_rollback,global_exact_spherical_vp,proposed_post_stage1,False,3d89e19294d220a7,jones_free,cpu,False,,numpy,numpy.linalg.solve,jones_free,False,,,0.0,0.0,0.0,0.0,True,6,4,nan,nan,"[0.0,0.0,0.0]",,"[4.202341313866033e-06,1.8114080949734417e-07,6.900048110135895e-07]",jnpp_then_vp,[],3101416.0092734997,3096560,False,26929976.45440678,61.872961988713925,30.88651307339446,0.0214521131739277,"[4.994244529257072,4.9835103179472,5.033424609248232]",230.28165046870708,1773.448362454772,2005.1611137539148,nan,nan,nan,nan,False,,nan,,,nan,nan,nan,,,,,,,,0.0021297877229096893,0.0001362512254341525,0.05589443242457387,0.0005399739862082428,2.8788096257640427e-06,0.05587045948236884,True,rollback,existing_selector_rollback
fig1_fig2,PEB,57,476784074,5.0,snr_db,5.0,3,3,3,3,full_6d,476784074,,,nan,,False,,5.77946774661541,nan,nan,nan,nan,nan,nan,False,,,peb_only,False,fff66ae376665ba5,,,,,,,adaptive_jones,True,fixed_anchor_then_adaptive_jones_score_selection,,nan,nan,nan,nan,True,,,nan,nan,,,,,[],nan,,,nan,nan,nan,nan,,nan,nan,nan,0.00019472039297561614,nan,nan,0.00019472039297561614,False,0678217d596e534740a4e9789e3054b9b6004d88d7430db9577064550d35976f,0.05580720466458842,computed_unscaled,cpu,nan,nan,nan,,,,,,,,nan,nan,nan,nan,nan,nan,False,,
fig1_fig2,free_jones_vp,92,971995857,5.0,snr_db,5.0,3,3,3,3,full_6d,971995857,,,nan,,False,,106.20222149789333,0.004426469911641337,0.004426469911641337,0.0002715409593437239,0.003954437413754741,1.8245911668579084e-12,0.16995067707164202,False,direct_vp,global_exact_spherical_vp,proposed_post_stage1,False,411cf647d4694802,jones_free,cpu,False,,numpy,numpy.linalg.solve,jones_free,False,,,0.0,0.0,0.0,0.0,True,6,4,nan,nan,"[0.0,0.0,0.0]",,"[3.732555465484756e-05,5.879809170123105e-07,3.3499627240633263e-06]",direct_vp,[],3100583.673274787,3096560,True,26347278.88382134,80.25727522584612,23.103013818933857,0.09630631420830472,"[4.809411569120847,4.988810103264763,5.031772820815417]",229.68090680241585,98.53825508803129,329.6551598533988,nan,nan,nan,nan,False,,nan,,,nan,nan,nan,,,,,,,,0.004426469911641337,0.0002715409593437239,0.16995067707164202,nan,nan,nan,False,not_run,not_requested
fig1_fig2,free_jones_vp_gated_rescue,92,971995857,5.0,snr_db,5.0,3,3,3,3,full_6d,971995857,,,nan,,False,,107.94264109432697,0.004426469911641337,0.004426469911641337,0.0002715409593437239,0.003954437413754741,1.8245911668579084e-12,0.16995067707164202,False,direct_vp,global_exact_spherical_vp,proposed_post_stage1,False,411cf647d4694802,jones_free,cpu,False,,numpy,numpy.linalg.solve,jones_free,False,,,0.0,0.0,0.0,0.0,True,6,4,nan,nan,"[0.0,0.0,0.0]",,"[3.732555465484756e-05,5.879809170123105e-07,3.3499627240633263e-06]",direct_vp,[],3100583.673274787,3096560,True,26347278.88382134,80.25727522584612,23.103013818933857,0.09630631420830472,"[4.809411569120847,4.988810103264763,5.031772820815417]",229.68090680241585,101.38956627994776,332.50647104531527,nan,nan,nan,nan,False,,nan,,,nan,nan,nan,,,,,,,,0.004426469911641337,0.0002715409593437239,0.16995067707164202,nan,nan,nan,False,not_run,not_requested
fig1_fig2,PEB,92,971995857,5.0,snr_db,5.0,3,3,3,3,full_6d,971995857,,,nan,,False,,5.626542195677757,nan,nan,nan,nan,nan,nan,False,,,peb_only,False,48cb42b9e4156b12,,,,,,,adaptive_jones,True,fixed_anchor_then_adaptive_jones_score_selection,,nan,nan,nan,nan,True,,,nan,nan,,,,,[],nan,,,nan,nan,nan,nan,,nan,nan,nan,0.00017934646857743913,nan,nan,0.00017934646857743913,False,414dc620a83beefed3505e1c54ca50570728cbcfef97d68ab55ee64715d67776,0.16973100656495557,computed_unscaled,cpu,nan,nan,nan,,,,,,,,nan,nan,nan,nan,nan,nan,False,,
fig1_fig2,free_jones_vp,62,1815661330,5.0,snr_db,5.0,3,3,3,3,full_6d,1815661330,,,nan,,False,,1638.3869393840432,0.028553190312926302,0.028553190312926302,0.00227981745307247,0.013092436706784578,1.1314167312700655e-11,0.18033429902585993,False,direct_vp,global_exact_spherical_vp,proposed_post_stage1,False,9df7a314bf6cc312,jones_free,cpu,False,,numpy,numpy.linalg.solve,jones_free,False,,,0.0,0.0,0.0,0.0,True,6,4,nan,nan,"[0.0,0.0,0.0]",,"[2.780301664867896e-07,4.904784322797173e-06,1.8972614944582706e-05]",jnpp_then_vp,"[""poor_clock_consistency""]",3119761.66117856,3096560,False,12302121.76495883,151.86104721658452,12.187284927036092,0.1469037871641525,"[5.008161162089697,4.977656285487978,4.682400525101744]",236.5230361521244,1313.924814939499,1551.888301588595,nan,nan,nan,nan,False,,nan,,,nan,nan,nan,,,,,,,,0.028553190312926302,0.00227981745307247,0.18033429902585993,nan,nan,nan,False,not_run,not_requested
fig1_fig2,free_jones_vp_gated_rescue,62,1815661330,5.0,snr_db,5.0,3,3,3,3,full_6d,1815661330,,,nan,,False,,1786.463535308838,0.0008014571720508816,0.0008014571720508816,2.705705936464211e-06,0.00026986179871856577,9.124168906520936e-13,0.1790360900060363,False,ris_only_stage2_then_vp,global_exact_spherical_vp,proposed_post_stage1,False,9df7a314bf6cc312,jones_free,cpu,False,,numpy,numpy.linalg.solve,jones_free,False,,,0.0,0.0,0.0,0.0,True,6,4,nan,nan,"[0.0,0.0,0.0]",,"[2.8950184827982736e-07,5.913917483069541e-06,1.5488018651060932e-05]",jnpp_then_vp,"[""poor_clock_consistency""]",3119761.66117856,3096560,False,12302121.76495883,151.86104721658452,12.187284927036092,0.1469037871641525,"[5.008161162089697,4.977656285487978,4.682400525101744]",236.5230361521244,136.22003979235888,389.1402857527137,nan,nan,nan,nan,False,,nan,,,nan,nan,nan,,,,,,,,0.028553190312926302,0.00227981745307247,0.18033429902585993,0.0008014571720508816,2.705705936464211e-06,0.1790360900060363,True,accepted,accepted
fig1_fig2,PEB,62,1815661330,5.0,snr_db,5.0,3,3,3,3,full_6d,1815661330,,,nan,,False,,5.721493020653725,nan,nan,nan,nan,nan,nan,False,,,peb_only,False,a4333ce7079767bd,,,,,,,adaptive_jones,True,fixed_anchor_then_adaptive_jones_score_selection,,nan,nan,nan,nan,True,,,nan,nan,,,,,[],nan,,,nan,nan,nan,nan,,nan,nan,nan,0.0003201054728417729,nan,nan,0.0003201054728417729,False,97d98efc9e77b8da847d52d27748aedf3c40844281671ccf00f295af09763222,0.17899407806984396,computed_unscaled,cpu,nan,nan,nan,,,,,,,,nan,nan,nan,nan,nan,nan,False,,
fig1_fig2,free_jones_vp,90,4175219143,5.0,snr_db,5.0,3,3,3,3,full_6d,4175219143,,,nan,,False,,283.4033235758543,0.0002967282138444981,0.0002967282138444981,2.975252433397798e-06,0.00018332149367866716,9.003482917493518e-13,0.028537922574205715,False,direct_vp,global_exact_spherical_vp,proposed_post_stage1,False,193723e967c3ff77,jones_free,cpu,False,,numpy,numpy.linalg.solve,jones_free,False,,,0.0,0.0,0.0,0.0,True,6,4,nan,nan,"[0.0,0.0,0.0]",,"[3.1221789788387262e-06,1.0283168678648231e-07,4.322891673900503e-05]",direct_vp,[],3092828.2094718926,3096560,True,15889633.1813516,99.97374123206805,24.1333241764531,0.04221262963607873,"[4.979910887387734,4.975234190416023,5.067027409270369]",244.41091707348824,275.9288563877344,521.8098053410649,nan,nan,nan,nan,False,,nan,,,nan,nan,nan,,,,,,,,0.0002967282138444981,2.975252433397798e-06,0.028537922574205715,nan,nan,nan,False,not_run,not_requested
fig1_fig2,free_jones_vp_gated_rescue,90,4175219143,5.0,snr_db,5.0,3,3,3,3,full_6d,4175219143,,,nan,,False,,282.35882867127657,0.0002967282138444981,0.0002967282138444981,2.975252433397798e-06,0.00018332149367866716,9.003482917493518e-13,0.028537922574205715,False,direct_vp,global_exact_spherical_vp,proposed_post_stage1,False,193723e967c3ff77,jones_free,cpu,False,,numpy,numpy.linalg.solve,jones_free,False,,,0.0,0.0,0.0,0.0,True,6,4,nan,nan,"[0.0,0.0,0.0]",,"[3.1221789788387262e-06,1.0283168678648231e-07,4.322891673900503e-05]",direct_vp,[],3092828.2094718926,3096560,True,15889633.1813516,99.97374123206805,24.1333241764531,0.04221262963607873,"[4.979910887387734,4.975234190416023,5.067027409270369]",244.41091707348824,275.9278119876981,521.8087609410286,nan,nan,nan,nan,False,,nan,,,nan,nan,nan,,,,,,,,0.0002967282138444981,2.975252433397798e-06,0.028537922574205715,nan,nan,nan,False,not_run,not_requested
fig1_fig2,PEB,90,4175219143,5.0,snr_db,5.0,3,3,3,3,full_6d,4175219143,,,nan,,False,,5.62637535482645,nan,nan,nan,nan,nan,nan,False,,,peb_only,False,ba0366851de43cc0,,,,,,,adaptive_jones,True,fixed_anchor_then_adaptive_jones_score_selection,,nan,nan,nan,nan,True,,,nan,nan,,,,,[],nan,,,nan,nan,nan,nan,,nan,nan,nan,0.00025394032676889707,nan,nan,0.00025394032676889707,False,6333c10944794ce04d692bf5cb56023e51f4bf1ac8d7f2df89dad974bd0e5c09,0.028572503918099283,computed_unscaled,cpu,nan,nan,nan,,,,,,,,nan,nan,nan,nan,nan,nan,False,,
fig1_fig2,free_jones_vp,93,3741086398,5.0,snr_db,5.0,3,3,3,3,full_6d,3741086398,,,nan,,False,,123.06592703610659,0.004373984510527646,0.004373984510527646,0.00035692294221787986,0.003931149285159678,1.108814547901524e-12,0.047066031391954706,False,direct_vp,global_exact_spherical_vp,proposed_post_stage1,False,6cf3c7e3479f45b4,jones_free,cpu,False,,numpy,numpy.linalg.solve,jones_free,False,,,0.0,0.0,0.0,0.0,True,6,4,nan,nan,"[0.0,0.0,0.0]",,"[9.124973080531192e-07,2.0052791486316035e-06,1.580113270943516e-06]",direct_vp,[],3100336.404558677,3096560,True,28401831.03436447,75.58844225221311,32.97658330312922,0.04287740803134318,"[5.057895826650351,4.953794030990851,4.993793512180261]",229.76666993647814,115.64792366325855,346.86149805784225,nan,nan,nan,nan,False,,nan,,,nan,nan,nan,,,,,,,,0.004373984510527646,0.00035692294221787986,0.047066031391954706,nan,nan,nan,False,not_run,not_requested
fig1_fig2,free_jones_vp_gated_rescue,93,3741086398,5.0,snr_db,5.0,3,3,3,3,full_6d,3741086398,,,nan,,False,,122.33043198287487,0.004373984510527646,0.004373984510527646,0.00035692294221787986,0.003931149285159678,1.108814547901524e-12,0.047066031391954706,False,direct_vp,global_exact_spherical_vp,proposed_post_stage1,False,6cf3c7e3479f45b4,jones_free,cpu,False,,numpy,numpy.linalg.solve,jones_free,False,,,0.0,0.0,0.0,0.0,True,6,4,nan,nan,"[0.0,0.0,0.0]",,"[9.124973080531192e-07,2.0052791486316035e-06,1.580113270943516e-06]",direct_vp,[],3100336.404558677,3096560,True,28401831.03436447,75.58844225221311,32.97658330312922,0.04287740803134318,"[5.057895826650351,4.953794030990851,4.993793512180261]",229.76666993647814,115.30494622886181,346.5185206234455,nan,nan,nan,nan,False,,nan,,,nan,nan,nan,,,,,,,,0.004373984510527646,0.00035692294221787986,0.047066031391954706,nan,nan,nan,False,not_run,not_requested
fig1_fig2,PEB,93,3741086398,5.0,snr_db,5.0,3,3,3,3,full_6d,3741086398,,,nan,,False,,5.681938648223877,nan,nan,nan,nan,nan,nan,False,,,peb_only,False,1fbd596334c05001,,,,,,,adaptive_jones,True,fixed_anchor_then_adaptive_jones_score_selection,,nan,nan,nan,nan,True,,,nan,nan,,,,,[],nan,,,nan,nan,nan,nan,,nan,nan,nan,0.0001700032853902929,nan,nan,0.0001700032853902929,False,c0a81a3b83197cd9cfba67cbec7ea74e0bc1c6abbc0cc35f29e15ac8d0f81a14,0.047008944903293375,computed_unscaled,cpu,nan,nan,nan,,,,,,,,nan,nan,nan,nan,nan,nan,False,,
fig1_fig2,free_jones_vp,60,1839575832,5.0,snr_db,5.0,3,3,3,3,full_6d,1839575832,,,nan,,False,,1839.8555774614215,0.005833198386348554,0.005833198386348554,0.0007186431247409197,0.004766545821557595,5.200876682417372e-12,0.177780595142242,False,direct_vp,global_exact_spherical_vp,proposed_post_stage1,False,4cfe596a5390b382,jones_free,cpu,False,,numpy,numpy.linalg.solve,jones_free,False,,,0.0,0.0,0.0,0.0,True,6,4,nan,nan,"[0.0,0.0,0.0]",,"[1.1398135387224968e-05,3.15886474617212e-09,1.92317297438775e-06]",jnpp_then_vp,[],3102781.647906463,3096560,False,17993125.126512855,94.14304683075727,22.62149891225876,0.032309388665527725,"[5.080593839042363,5.002549326758736,5.052943709286527]",239.73844188451767,1725.6934335306287,1966.8863422721624,nan,nan,nan,nan,False,,nan,,,nan,nan,nan,,,,,,,,0.005833198386348554,0.0007186431247409197,0.177780595142242,nan,nan,nan,False,not_run,not_requested
fig1_fig2,free_jones_vp_gated_rescue,60,1839575832,5.0,snr_db,5.0,3,3,3,3,full_6d,1839575832,,,nan,,False,,2134.846039481461,0.0005386806143497396,0.0005386806143497396,1.5132466681431334e-06,4.561602021949916e-05,1.4181567055283342e-13,0.17737305645069842,False,ris_only_stage2_then_vp,global_exact_spherical_vp,proposed_post_stage1,False,4cfe596a5390b382,jones_free,cpu,False,,numpy,numpy.linalg.solve,jones_free,False,,,0.0,0.0,0.0,0.0,True,6,4,nan,nan,"[0.0,0.0,0.0]",,"[1.1034334214429665e-05,9.741450119129049e-09,1.2746538988195051e-06]",jnpp_then_vp,[],3102781.647906463,3096560,False,17993125.126512855,94.14304683075727,22.62149891225876,0.032309388665527725,"[5.080593839042363,5.002549326758736,5.052943709286527]",239.73844188451767,269.0545430481434,525.7316169813275,nan,nan,nan,nan,False,,nan,,,nan,nan,nan,,,,,,,,0.005833198386348554,0.0007186431247409197,0.177780595142242,0.0005386806143497396,1.5132466681431334e-06,0.17737305645069842,True,accepted,accepted
fig1_fig2,PEB,60,1839575832,5.0,snr_db,5.0,3,3,3,3,full_6d,1839575832,,,nan,,False,,5.73444414883852,nan,nan,nan,nan,nan,nan,False,,,peb_only,False,5df4e3f35ea2dcf9,,,,,,,adaptive_jones,True,fixed_anchor_then_adaptive_jones_score_selection,,nan,nan,nan,nan,True,,,nan,nan,,,,,[],nan,,,nan,nan,nan,nan,,nan,nan,nan,0.00024306361217003023,nan,nan,0.00024306361217003023,False,42d79a12e13d52ea36763a6478c0ea4b122194dbd7e070b6eef8b19740c115ec,0.17742502910400706,computed_unscaled,cpu,nan,nan,nan,,,,,,,,nan,nan,nan,nan,nan,nan,False,,
fig1_fig2,free_jones_vp,88,2932252539,5.0,snr_db,5.0,3,3,3,3,full_6d,2932252539,,,nan,,False,,583.9453085288405,0.000273783669590219,0.000273783669590219,2.455827250042288e-06,0.0001465420249128853,4.354737579211528e-14,0.12377078169445445,False,direct_vp,global_exact_spherical_vp,proposed_post_stage1,False,da0cc327a45d34a2,jones_free,cpu,False,,numpy,numpy.linalg.solve,jones_free,False,,,0.0,0.0,0.0,0.0,True,6,4,nan,nan,"[0.0,0.0,0.0]",,"[3.544985578049741e-06,4.1367264643313166e-07,1.4288240983321402e-06]",direct_vp,[],3097640.745806794,3096560,True,26894678.28981614,71.31683466392195,30.0756657500447,0.028642698050808657,"[5.058302382132586,5.013073768071828,4.989238123165296]",228.19164464622736,577.0131142511964,806.4677313789725,nan,nan,nan,nan,False,,nan,,,nan,nan,nan,,,,,,,,0.000273783669590219,2.455827250042288e-06,0.12377078169445445,nan,nan,nan,False,not_run,not_requested
fig1_fig2,free_jones_vp_gated_rescue,88,2932252539,5.0,snr_db,5.0,3,3,3,3,full_6d,2932252539,,,nan,,False,,574.2361415028572,0.000273783669590219,0.000273783669590219,2.455827250042288e-06,0.0001465420249128853,4.354737579211528e-14,0.12377078169445445,False,direct_vp,global_exact_spherical_vp,proposed_post_stage1,False,da0cc327a45d34a2,jones_free,cpu,False,,numpy,numpy.linalg.solve,jones_free,False,,,0.0,0.0,0.0,0.0,True,6,4,nan,nan,"[0.0,0.0,0.0]",,"[3.544985578049741e-06,4.1367264643313166e-07,1.4288240983321402e-06]",direct_vp,[],3097640.745806794,3096560,True,26894678.28981614,71.31683466392195,30.0756657500447,0.028642698050808657,"[5.058302382132586,5.013073768071828,4.989238123165296]",228.19164464622736,567.7715327739716,797.2261499017477,nan,nan,nan,nan,False,,nan,,,nan,nan,nan,,,,,,,,0.000273783669590219,2.455827250042288e-06,0.12377078169445445,nan,nan,nan,False,not_run,not_requested
fig1_fig2,PEB,88,2932252539,5.0,snr_db,5.0,3,3,3,3,full_6d,2932252539,,,nan,,False,,5.475351840257645,nan,nan,nan,nan,nan,nan,False,,,peb_only,False,d7a45b2166ca4f6c,,,,,,,adaptive_jones,True,fixed_anchor_then_adaptive_jones_score_selection,,nan,nan,nan,nan,True,,,nan,nan,,,,,[],nan,,,nan,nan,nan,nan,,nan,nan,nan,0.0001945178338826324,nan,nan,0.0001945178338826324,False,026935debd21c4cd81fb47190ca8eeaf89621d3b1a455ec08b231cab8f8cd44e,0.12372823821326115,computed_unscaled,cpu,nan,nan,nan,,,,,,,,nan,nan,nan,nan,nan,nan,False,,
fig1_fig2,free_jones_vp,65,2236466502,5.0,snr_db,5.0,3,3,3,3,full_6d,2236466502,,,nan,,False,,1551.6632235050201,0.0023504998648617654,0.0023504998648617654,0.000156677542660439,0.002102087059606713,1.4567136662020564e-12,0.033516149975361946,False,direct_vp,global_exact_spherical_vp,proposed_post_stage1,False,6a0f3440faee741a,jones_free,cpu,False,,numpy,numpy.linalg.solve,jones_free,False,,,0.0,0.0,0.0,0.0,True,6,4,nan,nan,"[0.0,0.0,0.0]",,"[1.2254566205986508e-06,2.96817294000412e-06,1.2319089929429635e-06]",jnpp_then_vp,[],3101728.2782903397,3096560,False,27852569.308222674,69.86069715030332,31.987046624980067,0.033467573600361046,"[5.038123884895404,5.016918935330863,4.9589421438761425]",238.89393608272076,1428.2634780108929,1668.5951233431697,nan,nan,nan,nan,False,,nan,,,nan,nan,nan,,,,,,,,0.0023504998648617654,0.000156677542660439,0.033516149975361946,nan,nan,nan,False,not_run,not_requested
fig1_fig2,free_jones_vp_gated_rescue,65,2236466502,5.0,snr_db,5.0,3,3,3,3,full_6d,2236466502,,,nan,,False,,1728.6007454916835,0.0023504998648617654,0.0023504998648617654,0.000156677542660439,0.002102087059606713,1.4567136662020564e-12,0.033516149975361946,False,direct_vp_rollback,global_exact_spherical_vp,proposed_post_stage1,False,6a0f3440faee741a,jones_free,cpu,False,,numpy,numpy.linalg.solve,jones_free,False,,,0.0,0.0,0.0,0.0,True,6,4,nan,nan,"[0.0,0.0,0.0]",,"[1.2254566205986508e-06,2.96817294000412e-06,1.2319089929429635e-06]",jnpp_then_vp,[],3101728.2782903397,3096560,False,27852569.308222674,69.86069715030332,31.987046624980067,0.033467573600361046,"[5.038123884895404,5.016918935330863,4.9589421438761425]",238.89393608272076,1443.4021766632795,1683.7338219955564,nan,nan,nan,nan,False,,nan,,,nan,nan,nan,,,,,,,,0.0023504998648617654,0.000156677542660439,0.033516149975361946,0.00017497111735578595,2.1945976653605053e-06,0.0335007747267865,True,rollback,existing_selector_rollback
fig1_fig2,PEB,65,2236466502,5.0,snr_db,5.0,3,3,3,3,full_6d,2236466502,,,nan,,False,,5.549543917179108,nan,nan,nan,nan,nan,nan,False,,,peb_only,False,ff28df0ce0f6ca19,,,,,,,adaptive_jones,True,fixed_anchor_then_adaptive_jones_score_selection,,nan,nan,nan,nan,True,,,nan,nan,,,,,[],nan,,,nan,nan,nan,nan,,nan,nan,nan,0.00019107584873019737,nan,nan,0.00019107584873019737,False,8713a1af4c8a44df0d773df8c1e647ae5757abeba9d4009ab7b9d7ee65d54a43,0.033460476326221726,computed_unscaled,cpu,nan,nan,nan,,,,,,,,nan,nan,nan,nan,nan,nan,False,,
fig1_fig2,free_jones_vp,97,3282133633,5.0,snr_db,5.0,3,3,3,3,full_6d,3282133633,,,nan,,False,,131.06777787953615,0.0008079417300282194,0.0008079417300282194,1.859064235266049e-05,0.0006921134882161023,6.050654538483897e-13,0.22219692229677787,False,direct_vp,global_exact_spherical_vp,proposed_post_stage1,False,ab02147a074265ce,jones_free,cpu,False,,numpy,numpy.linalg.solve,jones_free,False,,,0.0,0.0,0.0,0.0,True,6,4,nan,nan,"[0.0,0.0,0.0]",,"[1.6074490293762176e-07,1.8818472916939869e-07,1.9922999865981038e-07]",direct_vp,[],3100086.578453992,3096560,True,19371400.272800878,81.72597923174457,32.271760915548256,0.008744910244161077,"[4.9916550437670315,4.9920420466986695,5.010396273391607]",238.00362984836102,123.93796600401402,363.34744269400835,nan,nan,nan,nan,False,,nan,,,nan,nan,nan,,,,,,,,0.0008079417300282194,1.859064235266049e-05,0.22219692229677787,nan,nan,nan,False,not_run,not_requested
fig1_fig2,free_jones_vp_gated_rescue,97,3282133633,5.0,snr_db,5.0,3,3,3,3,full_6d,3282133633,,,nan,,False,,126.88933313637972,0.0008079417300282194,0.0008079417300282194,1.859064235266049e-05,0.0006921134882161023,6.050654538483897e-13,0.22219692229677787,False,direct_vp,global_exact_spherical_vp,proposed_post_stage1,False,ab02147a074265ce,jones_free,cpu,False,,numpy,numpy.linalg.solve,jones_free,False,,,0.0,0.0,0.0,0.0,True,6,4,nan,nan,"[0.0,0.0,0.0]",,"[1.6074490293762176e-07,1.8818472916939869e-07,1.9922999865981038e-07]",direct_vp,[],3100086.578453992,3096560,True,19371400.272800878,81.72597923174457,32.271760915548256,0.008744910244161077,"[4.9916550437670315,4.9920420466986695,5.010396273391607]",238.00362984836102,120.34405548125505,359.7535321712494,nan,nan,nan,nan,False,,nan,,,nan,nan,nan,,,,,,,,0.0008079417300282194,1.859064235266049e-05,0.22219692229677787,nan,nan,nan,False,not_run,not_requested
fig1_fig2,PEB,97,3282133633,5.0,snr_db,5.0,3,3,3,3,full_6d,3282133633,,,nan,,False,,5.581616654992104,nan,nan,nan,nan,nan,nan,False,,,peb_only,False,a3e7495434ddf8ec,,,,,,,adaptive_jones,True,fixed_anchor_then_adaptive_jones_score_selection,,nan,nan,nan,nan,True,,,nan,nan,,,,,[],nan,,,nan,nan,nan,nan,,nan,nan,nan,0.00023396051452867253,nan,nan,0.00023396051452867253,False,24b4c0c43abb3ffb56c03672c2214df89870406be71e68db762cb0e41861c3ab,0.22194530360542267,computed_unscaled,cpu,nan,nan,nan,,,,,,,,nan,nan,nan,nan,nan,nan,False,,
fig1_fig2,free_jones_vp,98,1149511508,5.0,snr_db,5.0,3,3,3,3,full_6d,1149511508,,,nan,,False,,113.00095815211535,0.0017038046909343737,0.0017038046909343737,6.93227929938413e-05,0.0015304261970192337,6.436513188016199e-13,0.086300295932834,False,direct_vp,global_exact_spherical_vp,proposed_post_stage1,False,bdd856733f3a341b,jones_free,cpu,False,,numpy,numpy.linalg.solve,jones_free,False,,,0.0,0.0,0.0,0.0,True,6,4,nan,nan,"[0.0,0.0,0.0]",,"[6.953899112575981e-06,3.763301808332899e-07,2.7493463732541997e-07]",direct_vp,[],3095178.2792762844,3096560,True,28353988.481766775,75.64713947403888,28.945106104437656,0.030987310802719718,"[5.067617654747495,5.032834067937147,4.991800378845513]",231.017385289073,105.15303313732147,338.45590817183256,nan,nan,nan,nan,False,,nan,,,nan,nan,nan,,,,,,,,0.0017038046909343737,6.93227929938413e-05,0.086300295932834,nan,nan,nan,False,not_run,not_requested
fig1_fig2,free_jones_vp_gated_rescue,98,1149511508,5.0,snr_db,5.0,3,3,3,3,full_6d,1149511508,,,nan,,False,,113.86472874879837,0.0017038046909343737,0.0017038046909343737,6.93227929938413e-05,0.0015304261970192337,6.436513188016199e-13,0.086300295932834,False,direct_vp,global_exact_spherical_vp,proposed_post_stage1,False,bdd856733f3a341b,jones_free,cpu,False,,numpy,numpy.linalg.solve,jones_free,False,,,0.0,0.0,0.0,0.0,True,6,4,nan,nan,"[0.0,0.0,0.0]",,"[6.953899112575981e-06,3.763301808332899e-07,2.7493463732541997e-07]",direct_vp,[],3095178.2792762844,3096560,True,28353988.481766775,75.64713947403888,28.945106104437656,0.030987310802719718,"[5.067617654747495,5.032834067937147,4.991800378845513]",231.017385289073,107.20907372236252,340.5119487568736,nan,nan,nan,nan,False,,nan,,,nan,nan,nan,,,,,,,,0.0017038046909343737,6.93227929938413e-05,0.086300295932834,nan,nan,nan,False,not_run,not_requested
fig1_fig2,PEB,98,1149511508,5.0,snr_db,5.0,3,3,3,3,full_6d,1149511508,,,nan,,False,,5.636132925748825,nan,nan,nan,nan,nan,nan,False,,,peb_only,False,ca8e9c4dcb369703,,,,,,,adaptive_jones,True,fixed_anchor_then_adaptive_jones_score_selection,,nan,nan,nan,nan,True,,,nan,nan,,,,,[],nan,,,nan,nan,nan,nan,,nan,nan,nan,0.00018590150607352386,nan,nan,0.00018590150607352386,False,20ab18018f84cd00eca3bffc39c0046cd77b64c781a4db651e945869c9a7cf28,0.08633926742371571,computed_unscaled,cpu,nan,nan,nan,,,,,,,,nan,nan,nan,nan,nan,nan,False,,
fig1_fig2,free_jones_vp,71,1982555292,5.0,snr_db,5.0,3,3,3,3,full_6d,1982555292,,,nan,,False,,1267.9334118887782,0.026208811968928096,0.026208811968928096,0.0019716697155852656,0.004048422827689003,2.65708632215457e-12,0.13813538158867308,False,direct_vp,global_exact_spherical_vp,proposed_post_stage1,False,ab211b86ca8a3197,jones_free,cpu,False,,numpy,numpy.linalg.solve,jones_free,False,,,0.0,0.0,0.0,0.0,True,6,4,nan,nan,"[0.0,0.0,0.0]",,"[6.465661692171743e-07,1.9422479988219775e-07,1.6482653444369045e-06]",jnpp_then_vp,[],3116667.507591747,3096560,False,26390905.84049548,79.25294364020584,40.995436209824156,0.0376425815067426,"[5.022537742651631,5.05380641911057,4.963051909518193]",218.45353120565414,1260.5279692187905,1480.432407580316,nan,nan,nan,nan,False,,nan,,,nan,nan,nan,,,,,,,,0.026208811968928096,0.0019716697155852656,0.13813538158867308,nan,nan,nan,False,not_run,not_requested
fig1_fig2,free_jones_vp_gated_rescue,71,1982555292,5.0,snr_db,5.0,3,3,3,3,full_6d,1982555292,,,nan,,False,,1408.5904987156391,0.0008283241530464249,0.0008283241530464249,3.424837136807619e-06,3.261392420406357e-05,1.2870932390325146e-13,0.13724581276102107,False,ris_only_stage2_then_vp,global_exact_spherical_vp,proposed_post_stage1,False,ab211b86ca8a3197,jones_free,cpu,False,,numpy,numpy.linalg.solve,jones_free,False,,,0.0,0.0,0.0,0.0,True,6,4,nan,nan,"[0.0,0.0,0.0]",,"[8.938946351847766e-07,8.32016834588839e-07,1.9581991879330943e-06]",jnpp_then_vp,[],3116667.507591747,3096560,False,26390905.84049548,79.25294364020584,40.995436209824156,0.0376425815067426,"[5.022537742651631,5.05380641911057,4.963051909518193]",218.45353120565414,125.10051994770765,360.75739273428917,nan,nan,nan,nan,False,,nan,,,nan,nan,nan,,,,,,,,0.026208811968928096,0.0019716697155852656,0.13813538158867308,0.0008283241530464249,3.424837136807619e-06,0.13724581276102107,True,accepted,accepted
fig1_fig2,PEB,71,1982555292,5.0,snr_db,5.0,3,3,3,3,full_6d,1982555292,,,nan,,False,,5.64763443171978,nan,nan,nan,nan,nan,nan,False,,,peb_only,False,a9ca38e74066f069,,,,,,,adaptive_jones,True,fixed_anchor_then_adaptive_jones_score_selection,,nan,nan,nan,nan,True,,,nan,nan,,,,,[],nan,,,nan,nan,nan,nan,,nan,nan,nan,0.00020714859552336873,nan,nan,0.00020714859552336873,False,bdd039092dd082ec6fd57d77070067f9fd8178794fea592c3fc196eccf3a063c,0.1372448958178562,computed_unscaled,cpu,nan,nan,nan,,,,,,,,nan,nan,nan,nan,nan,nan,False,,
fig1_fig2,free_jones_vp,64,1096511241,5.0,snr_db,5.0,3,3,3,3,full_6d,1096511241,,,nan,,False,,1595.3275534436107,0.026673650569727803,0.026673650569727803,0.002133623544813177,0.002385103730483906,2.3722040081783693e-12,0.052190439427279446,False,direct_vp,global_exact_spherical_vp,proposed_post_stage1,False,34f09b86115b70bc,jones_free,cpu,False,,numpy,numpy.linalg.solve,jones_free,False,,,0.0,0.0,0.0,0.0,True,6,4,nan,nan,"[0.0,0.0,0.0]",,"[2.2234761701067966e-06,4.0231368597685063e-07,5.0357368920004476e-06]",jnpp_then_vp,[],3116614.462567693,3096560,False,27552160.822810575,72.70757634638481,38.84879559620112,0.004277681501017557,"[5.000771668825238,4.993784066900087,5.004039789195419]",241.82832109183073,1587.3534700125456,1830.5913843810558,nan,nan,nan,nan,False,,nan,,,nan,nan,nan,,,,,,,,0.026673650569727803,0.002133623544813177,0.052190439427279446,nan,nan,nan,False,not_run,not_requested
fig1_fig2,free_jones_vp_gated_rescue,64,1096511241,5.0,snr_db,5.0,3,3,3,3,full_6d,1096511241,,,nan,,False,,1942.1321766898036,0.00012289522290505586,0.00012289522290505586,1.0337809695169208e-06,4.841638515453153e-05,4.154652173185053e-14,0.05183768394137533,False,ris_only_stage2_then_vp,global_exact_spherical_vp,proposed_post_stage1,False,34f09b86115b70bc,jones_free,cpu,False,,numpy,numpy.linalg.solve,jones_free,False,,,0.0,0.0,0.0,0.0,True,6,4,nan,nan,"[0.0,0.0,0.0]",,"[3.144051042602119e-06,3.307379652598245e-07,4.752478831911688e-06]",jnpp_then_vp,[],3116614.462567693,3096560,False,27552160.822810575,72.70757634638481,38.84879559620112,0.004277681501017557,"[5.000771668825238,4.993784066900087,5.004039789195419]",241.82832109183073,337.86567065119743,595.0999396294355,nan,nan,nan,nan,False,,nan,,,nan,nan,nan,,,,,,,,0.026673650569727803,0.002133623544813177,0.052190439427279446,0.00012289522290505586,1.0337809695169208e-06,0.05183768394137533,True,accepted,accepted
fig1_fig2,PEB,64,1096511241,5.0,snr_db,5.0,3,3,3,3,full_6d,1096511241,,,nan,,False,,5.5660611018538475,nan,nan,nan,nan,nan,nan,False,,,peb_only,False,93fbb80fb12780af,,,,,,,adaptive_jones,True,fixed_anchor_then_adaptive_jones_score_selection,,nan,nan,nan,nan,True,,,nan,nan,,,,,[],nan,,,nan,nan,nan,nan,,nan,nan,nan,0.00020043971240669495,nan,nan,0.00020043971240669495,False,e140a9cd0c7a64d7d06d7886e7a75298e3fbf2d3964882a91cad3a1a2e55c6a3,0.05185487781726453,computed_unscaled,cpu,nan,nan,nan,,,,,,,,nan,nan,nan,nan,nan,nan,False,,
fig1_fig2,free_jones_vp,68,217409269,5.0,snr_db,5.0,3,3,3,3,full_6d,217409269,,,nan,,False,,1543.8401631638408,0.003019785820718088,0.003019785820718088,0.0007804746206268193,0.002143116126019681,3.2348609204487557e-12,0.05797188477660283,False,direct_vp,global_exact_spherical_vp,proposed_post_stage1,False,e19279dce7f5f088,jones_free,cpu,False,,numpy,numpy.linalg.solve,jones_free,False,,,0.0,0.0,0.0,0.0,True,6,4,nan,nan,"[0.0,0.0,0.0]",,"[3.10436792536602e-06,6.604646027285796e-09,5.67040008680416e-06]",jnpp_then_vp,[],3106566.4850811707,3096560,False,16138442.926265595,94.29686630109579,24.719008071385844,0.03560370083482479,"[4.978601913052266,5.023285921886334,4.936083988969505]",238.5925155505538,1428.0568544566631,1668.124691516161,nan,nan,nan,nan,False,,nan,,,nan,nan,nan,,,,,,,,0.003019785820718088,0.0007804746206268193,0.05797188477660283,nan,nan,nan,False,not_run,not_requested
fig1_fig2,free_jones_vp_gated_rescue,68,217409269,5.0,snr_db,5.0,3,3,3,3,full_6d,217409269,,,nan,,False,,1700.1074973270297,0.000793242007756168,0.000793242007756168,3.926785162636385e-06,6.51511553295231e-05,8.393205039911625e-14,0.05783482970202664,False,ris_only_stage2_then_vp,global_exact_spherical_vp,proposed_post_stage1,False,e19279dce7f5f088,jones_free,cpu,False,,numpy,numpy.linalg.solve,jones_free,False,,,0.0,0.0,0.0,0.0,True,6,4,nan,nan,"[0.0,0.0,0.0]",,"[3.1978322412330667e-06,9.43351702853247e-09,4.939623891686243e-06]",jnpp_then_vp,[],3106566.4850811707,3096560,False,16138442.926265595,94.29686630109579,24.719008071385844,0.03560370083482479,"[4.978601913052266,5.023285921886334,4.936083988969505]",238.5925155505538,122.91119018942118,377.2167359292507,nan,nan,nan,nan,False,,nan,,,nan,nan,nan,,,,,,,,0.003019785820718088,0.0007804746206268193,0.05797188477660283,0.000793242007756168,3.926785162636385e-06,0.05783482970202664,True,accepted,accepted
fig1_fig2,PEB,68,217409269,5.0,snr_db,5.0,3,3,3,3,full_6d,217409269,,,nan,,False,,5.71613822132349,nan,nan,nan,nan,nan,nan,False,,,peb_only,False,35981853b7fa084f,,,,,,,adaptive_jones,True,fixed_anchor_then_adaptive_jones_score_selection,,nan,nan,nan,nan,True,,,nan,nan,,,,,[],nan,,,nan,nan,nan,nan,,nan,nan,nan,0.0002523834300935108,nan,nan,0.0002523834300935108,False,0b182e454a04b5041a3aee67b1d617d5e470ee5322dc8a1561fe76d42cd56704,0.057785451538244874,computed_unscaled,cpu,nan,nan,nan,,,,,,,,nan,nan,nan,nan,nan,nan,False,,
fig1_fig2,free_jones_vp,2,3251202663,10.0,snr_db,10.0,3,3,3,3,full_6d,3251202663,,,nan,,False,,174.16271329671144,0.00021720890425693535,0.00021720890425693535,1.4558163424559632e-06,0.00014285237927434723,7.651017161716628e-14,0.022850656434176723,False,direct_vp,global_exact_spherical_vp,proposed_post_stage1,False,df0bed5885e312fb,jones_free,cpu,False,,numpy,numpy.linalg.solve,jones_free,False,,,0.0,0.0,0.0,0.0,True,6,4,nan,nan,"[0.0,0.0,0.0]",,"[9.59041402280436e-08,1.324679986523801e-07,1.599069335164523e-06]",direct_vp,[],3093879.529443849,3096560,True,84276480.4951151,73.8862506633321,69.20872616179587,0.01856028768099258,"[4.967005024901838,5.003468771546693,5.00875233230638]",230.42843499034643,166.2437291815877,397.9485255330801,nan,nan,nan,nan,False,,nan,,,nan,nan,nan,,,,,,,,0.00021720890425693535,1.4558163424559632e-06,0.022850656434176723,nan,nan,nan,False,not_run,not_requested
fig1_fig2,free_jones_vp_gated_rescue,2,3251202663,10.0,snr_db,10.0,3,3,3,3,full_6d,3251202663,,,nan,,False,,174.6465738043189,0.00021720890425693535,0.00021720890425693535,1.4558163424559632e-06,0.00014285237927434723,7.651017161716628e-14,0.022850656434176723,False,direct_vp,global_exact_spherical_vp,proposed_post_stage1,False,df0bed5885e312fb,jones_free,cpu,False,,numpy,numpy.linalg.solve,jones_free,False,,,0.0,0.0,0.0,0.0,True,6,4,nan,nan,"[0.0,0.0,0.0]",,"[9.59041402280436e-08,1.324679986523801e-07,1.599069335164523e-06]",direct_vp,[],3093879.529443849,3096560,True,84276480.4951151,73.8862506633321,69.20872616179587,0.01856028768099258,"[4.967005024901838,5.003468771546693,5.00875233230638]",230.42843499034643,168.03967902064323,399.74447537213564,nan,nan,nan,nan,False,,nan,,,nan,nan,nan,,,,,,,,0.00021720890425693535,1.4558163424559632e-06,0.022850656434176723,nan,nan,nan,False,not_run,not_requested
fig1_fig2,PEB,2,3251202663,10.0,snr_db,10.0,3,3,3,3,full_6d,3251202663,,,nan,,False,,5.753879867494106,nan,nan,nan,nan,nan,nan,False,,,peb_only,False,c76aa040c3dff649,,,,,,,adaptive_jones,True,fixed_anchor_then_adaptive_jones_score_selection,,nan,nan,nan,nan,True,,,nan,nan,,,,,[],nan,,,nan,nan,nan,nan,,nan,nan,nan,0.00011044035239813665,nan,nan,0.00011044035239813665,False,ba669d51e548d5d57a5c08da45514e8eda76ee1a2847f0b8bc91639b42fa1215,0.02287057192270079,computed_unscaled,cpu,nan,nan,nan,,,,,,,,nan,nan,nan,nan,nan,nan,False,,
fig1_fig2,free_jones_vp,70,1909013635,5.0,snr_db,5.0,3,3,3,3,full_6d,1909013635,,,nan,,False,,1465.4861882403493,0.017694050249753485,0.017694050249753485,0.0005541051037732372,0.0032808408106478584,1.9091548636187147e-12,0.06694052229707638,False,direct_vp,global_exact_spherical_vp,proposed_post_stage1,False,aea55c22d7489b9d,jones_free,cpu,False,,numpy,numpy.linalg.solve,jones_free,False,,,0.0,0.0,0.0,0.0,True,6,4,nan,nan,"[0.0,0.0,0.0]",,"[3.6993503792265554e-08,4.6887188666570716e-06,1.4763585861957354e-05]",jnpp_then_vp,[],3102347.5027485257,3096560,False,16642302.196770845,118.86559858759786,21.4334101157625,0.06496323908799562,"[5.002902405015961,4.872186069300661,4.85895714769387]",216.08558813482523,1334.2403327673674,1551.8454418629408,nan,nan,nan,nan,False,,nan,,,nan,nan,nan,,,,,,,,0.017694050249753485,0.0005541051037732372,0.06694052229707638,nan,nan,nan,False,not_run,not_requested
fig1_fig2,free_jones_vp_gated_rescue,70,1909013635,5.0,snr_db,5.0,3,3,3,3,full_6d,1909013635,,,nan,,False,,1617.9560572728515,0.0009519362573490001,0.0009519362573490001,2.826005496729832e-06,0.00010011139189264485,5.301963756477605e-13,0.06681987487250099,False,ris_only_stage2_then_vp,global_exact_spherical_vp,proposed_post_stage1,False,aea55c22d7489b9d,jones_free,cpu,False,,numpy,numpy.linalg.solve,jones_free,False,,,0.0,0.0,0.0,0.0,True,6,4,nan,nan,"[0.0,0.0,0.0]",,"[3.2647716270644825e-08,4.399484798687285e-06,1.5699732867594132e-05]",jnpp_then_vp,[],3102347.5027485257,3096560,False,16642302.196770845,118.86559858759786,21.4334101157625,0.06496323908799562,"[5.002902405015961,4.872186069300661,4.85895714769387]",216.08558813482523,137.04098550230265,371.2941414192319,nan,nan,nan,nan,False,,nan,,,nan,nan,nan,,,,,,,,0.017694050249753485,0.0005541051037732372,0.06694052229707638,0.0009519362573490001,2.826005496729832e-06,0.06681987487250099,True,accepted,accepted
fig1_fig2,PEB,70,1909013635,5.0,snr_db,5.0,3,3,3,3,full_6d,1909013635,,,nan,,False,,5.8096697479486465,nan,nan,nan,nan,nan,nan,False,,,peb_only,False,386c457a21d7cfd4,,,,,,,adaptive_jones,True,fixed_anchor_then_adaptive_jones_score_selection,,nan,nan,nan,nan,True,,,nan,nan,,,,,[],nan,,,nan,nan,nan,nan,,nan,nan,nan,0.00026717639799239804,nan,nan,0.00026717639799239804,False,7231f7a6a5fbe3cc9ff17e3c4c7cf441e267b4bae6d7354446f2924a30ccbc7b,0.06681598840521448,computed_unscaled,cpu,nan,nan,nan,,,,,,,,nan,nan,nan,nan,nan,nan,False,,
fig1_fig2,free_jones_vp,3,3422926171,10.0,snr_db,10.0,3,3,3,3,full_6d,3422926171,,,nan,,False,,130.18943993747234,0.00012832339776588502,0.00012832339776588502,1.1764722071785736e-06,8.711542320425237e-05,4.0024698416928947e-13,0.027814478305698977,False,direct_vp,global_exact_spherical_vp,proposed_post_stage1,False,f96d1a362d49a00d,jones_free,cpu,False,,numpy,numpy.linalg.solve,jones_free,False,,,0.0,0.0,0.0,0.0,True,6,4,nan,nan,"[0.0,0.0,0.0]",,"[8.442941483143357e-07,4.747210768912281e-08,1.3041448177142048e-07]",direct_vp,[],3097490.6638972727,3096560,True,85538214.07797976,79.3150138420023,44.6563469890979,0.020642448169355787,"[4.978466662096237,4.978800984046651,5.022422111123565]",220.44769270718098,122.66517395526171,344.5201290473342,nan,nan,nan,nan,False,,nan,,,nan,nan,nan,,,,,,,,0.00012832339776588502,1.1764722071785736e-06,0.027814478305698977,nan,nan,nan,False,not_run,not_requested
fig1_fig2,free_jones_vp_gated_rescue,3,3422926171,10.0,snr_db,10.0,3,3,3,3,full_6d,3422926171,,,nan,,False,,129.86420171707869,0.00012832339776588502,0.00012832339776588502,1.1764722071785736e-06,8.711542320425237e-05,4.0024698416928947e-13,0.027814478305698977,False,direct_vp,global_exact_spherical_vp,proposed_post_stage1,False,f96d1a362d49a00d,jones_free,cpu,False,,numpy,numpy.linalg.solve,jones_free,False,,,0.0,0.0,0.0,0.0,True,6,4,nan,nan,"[0.0,0.0,0.0]",,"[8.442941483143357e-07,4.747210768912281e-08,1.3041448177142048e-07]",direct_vp,[],3097490.6638972727,3096560,True,85538214.07797976,79.3150138420023,44.6563469890979,0.020642448169355787,"[4.978466662096237,4.978800984046651,5.022422111123565]",220.44769270718098,123.72380708158016,345.57876217365265,nan,nan,nan,nan,False,,nan,,,nan,nan,nan,,,,,,,,0.00012832339776588502,1.1764722071785736e-06,0.027814478305698977,nan,nan,nan,False,not_run,not_requested
fig1_fig2,PEB,3,3422926171,10.0,snr_db,10.0,3,3,3,3,full_6d,3422926171,,,nan,,False,,5.694775387644768,nan,nan,nan,nan,nan,nan,False,,,peb_only,False,032f8d4e27cdb2ca,,,,,,,adaptive_jones,True,fixed_anchor_then_adaptive_jones_score_selection,,nan,nan,nan,nan,True,,,nan,nan,,,,,[],nan,,,nan,nan,nan,nan,,nan,nan,nan,0.00010931293132064349,nan,nan,0.00010931293132064349,False,36031d2b9c9618797e3e0dd10eb5c7dda8abc129f14c8c8dd5b717980768d13b,0.027806264915607372,computed_unscaled,cpu,nan,nan,nan,,,,,,,,nan,nan,nan,nan,nan,nan,False,,
fig1_fig2,free_jones_vp,6,1919806993,10.0,snr_db,10.0,3,3,3,3,full_6d,1919806993,,,nan,,False,,99.87287568300962,0.002090110091689413,0.002090110091689413,8.486835382330448e-05,0.001848014833712058,8.956995926872901e-13,0.04201620669390176,False,direct_vp,global_exact_spherical_vp,proposed_post_stage1,False,337945cb278dd8d1,jones_free,cpu,False,,numpy,numpy.linalg.solve,jones_free,False,,,0.0,0.0,0.0,0.0,True,6,4,nan,nan,"[0.0,0.0,0.0]",,"[1.4893514112506732e-06,1.4236204514187316e-06,1.8415844300960684e-08]",direct_vp,[],3098013.09735263,3096560,True,82410456.57344432,72.18968559737658,69.64790856355313,0.02414257061434265,"[5.029929734138986,5.033406851700721,4.980542771294107]",227.85578874498606,92.85919880121946,322.0768503919244,nan,nan,nan,nan,False,,nan,,,nan,nan,nan,,,,,,,,0.002090110091689413,8.486835382330448e-05,0.04201620669390176,nan,nan,nan,False,not_run,not_requested
fig1_fig2,free_jones_vp_gated_rescue,6,1919806993,10.0,snr_db,10.0,3,3,3,3,full_6d,1919806993,,,nan,,False,,97.75671257078648,0.002090110091689413,0.002090110091689413,8.486835382330448e-05,0.001848014833712058,8.956995926872901e-13,0.04201620669390176,False,direct_vp,global_exact_spherical_vp,proposed_post_stage1,False,337945cb278dd8d1,jones_free,cpu,False,,numpy,numpy.linalg.solve,jones_free,False,,,0.0,0.0,0.0,0.0,True,6,4,nan,nan,"[0.0,0.0,0.0]",,"[1.4893514112506732e-06,1.4236204514187316e-06,1.8415844300960684e-08]",direct_vp,[],3098013.09735263,3096560,True,82410456.57344432,72.18968559737658,69.64790856355313,0.02414257061434265,"[5.029929734138986,5.033406851700721,4.980542771294107]",227.85578874498606,91.57543896138668,320.7930905520916,nan,nan,nan,nan,False,,nan,,,nan,nan,nan,,,,,,,,0.002090110091689413,8.486835382330448e-05,0.04201620669390176,nan,nan,nan,False,not_run,not_requested
fig1_fig2,PEB,6,1919806993,10.0,snr_db,10.0,3,3,3,3,full_6d,1919806993,,,nan,,False,,5.30124269425869,nan,nan,nan,nan,nan,nan,False,,,peb_only,False,4b300084cd5578b3,,,,,,,adaptive_jones,True,fixed_anchor_then_adaptive_jones_score_selection,,nan,nan,nan,nan,True,,,nan,nan,,,,,[],nan,,,nan,nan,nan,nan,,nan,nan,nan,0.00011159900905868082,nan,nan,0.00011159900905868082,False,231b7c2941d5d9c02809f94febabb8d0e1f1d4a2d4bfefa1b397f685379809da,0.04199671633749915,computed_unscaled,cpu,nan,nan,nan,,,,,,,,nan,nan,nan,nan,nan,nan,False,,
fig1_fig2,free_jones_vp,4,287230138,10.0,snr_db,10.0,3,3,3,3,full_6d,287230138,,,nan,,False,,163.19133960455656,0.00031476196212475795,0.00031476196212475795,2.600559068697688e-06,0.00027654701999624986,1.6029087347280087e-13,0.04943284115822658,False,direct_vp,global_exact_spherical_vp,proposed_post_stage1,False,4436d5557db71e38,jones_free,cpu,False,,numpy,numpy.linalg.solve,jones_free,False,,,0.0,0.0,0.0,0.0,True,6,4,nan,nan,"[0.0,0.0,0.0]",,"[7.799485815287369e-07,3.819398098266289e-08,1.0448792426542741e-06]",direct_vp,[],3096389.1804668037,3096560,True,92249043.66439885,76.13046465378588,49.79494292552969,0.01636980149739138,"[4.971672511531586,4.995045830593438,5.011574995909796]",234.02248657494783,155.4329006448388,390.84097097069025,nan,nan,nan,nan,False,,nan,,,nan,nan,nan,,,,,,,,0.00031476196212475795,2.600559068697688e-06,0.04943284115822658,nan,nan,nan,False,not_run,not_requested
fig1_fig2,free_jones_vp_gated_rescue,4,287230138,10.0,snr_db,10.0,3,3,3,3,full_6d,287230138,,,nan,,False,,158.26335941255093,0.00031476196212475795,0.00031476196212475795,2.600559068697688e-06,0.00027654701999624986,1.6029087347280087e-13,0.04943284115822658,False,direct_vp,global_exact_spherical_vp,proposed_post_stage1,False,4436d5557db71e38,jones_free,cpu,False,,numpy,numpy.linalg.solve,jones_free,False,,,0.0,0.0,0.0,0.0,True,6,4,nan,nan,"[0.0,0.0,0.0]",,"[7.799485815287369e-07,3.819398098266289e-08,1.0448792426542741e-06]",direct_vp,[],3096389.1804668037,3096560,True,92249043.66439885,76.13046465378588,49.79494292552969,0.01636980149739138,"[4.971672511531586,4.995045830593438,5.011574995909796]",234.02248657494783,151.78937923908234,387.1974495649338,nan,nan,nan,nan,False,,nan,,,nan,nan,nan,,,,,,,,0.00031476196212475795,2.600559068697688e-06,0.04943284115822658,nan,nan,nan,False,not_run,not_requested
fig1_fig2,PEB,4,287230138,10.0,snr_db,10.0,3,3,3,3,full_6d,287230138,,,nan,,False,,5.726672917604446,nan,nan,nan,nan,nan,nan,False,,,peb_only,False,16e334985f095418,,,,,,,adaptive_jones,True,fixed_anchor_then_adaptive_jones_score_selection,,nan,nan,nan,nan,True,,,nan,nan,,,,,[],nan,,,nan,nan,nan,nan,,nan,nan,nan,0.0001003554190456147,nan,nan,0.0001003554190456147,False,72d5586e1e2071d827e37c0d5029359210d7878b9ab9d369f2c38d0e300801aa,0.04943582367100889,computed_unscaled,cpu,nan,nan,nan,,,,,,,,nan,nan,nan,nan,nan,nan,False,,
fig1_fig2,free_jones_vp,79,2511075941,5.0,snr_db,5.0,3,3,3,3,full_6d,2511075941,,,nan,,False,,1415.7110871374607,0.021777732580854397,0.021777732580854397,0.0008192482632444438,0.00252736085480381,1.9593783485479066e-12,0.12725534917241124,False,direct_vp,global_exact_spherical_vp,proposed_post_stage1,False,e1c1d421a65d1173,jones_free,cpu,False,,numpy,numpy.linalg.solve,jones_free,False,,,0.0,0.0,0.0,0.0,True,6,4,nan,nan,"[0.0,0.0,0.0]",,"[1.0099338130245016e-08,4.513941776376455e-07,4.872729209181578e-06]",jnpp_then_vp,[],3102949.136056874,3096560,False,17158137.792932775,81.6789760701673,25.300796799040107,0.010499705271604525,"[5.0221991998310935,5.02711921061024,5.046521096012804]",227.88732509315014,1307.018765538931,1536.4075811579823,nan,nan,nan,nan,False,,nan,,,nan,nan,nan,,,,,,,,0.021777732580854397,0.0008192482632444438,0.12725534917241124,nan,nan,nan,False,not_run,not_requested
fig1_fig2,free_jones_vp_gated_rescue,79,2511075941,5.0,snr_db,5.0,3,3,3,3,full_6d,2511075941,,,nan,,False,,1463.7918147668242,0.00024394880526380745,0.00024394880526380745,3.5941103012041477e-06,0.0001908650068036703,6.058158130026115e-14,0.12692821848004196,False,ris_only_stage2_then_vp,global_exact_spherical_vp,proposed_post_stage1,False,e1c1d421a65d1173,jones_free,cpu,False,,numpy,numpy.linalg.solve,jones_free,False,,,0.0,0.0,0.0,0.0,True,6,4,nan,nan,"[0.0,0.0,0.0]",,"[7.271265125326792e-08,4.5385855621213984e-07,4.601706258345848e-06]",jnpp_then_vp,[],3102949.136056874,3096560,False,17158137.792932775,81.6789760701673,25.300796799040107,0.010499705271604525,"[5.0221991998310935,5.02711921061024,5.046521096012804]",227.88732509315014,52.50667605549097,295.89545852690935,nan,nan,nan,nan,False,,nan,,,nan,nan,nan,,,,,,,,0.021777732580854397,0.0008192482632444438,0.12725534917241124,0.00024394880526380745,3.5941103012041477e-06,0.12692821848004196,True,accepted,accepted
fig1_fig2,PEB,79,2511075941,5.0,snr_db,5.0,3,3,3,3,full_6d,2511075941,,,nan,,False,,5.492578685283661,nan,nan,nan,nan,nan,nan,False,,,peb_only,False,7a053db50e540e45,,,,,,,adaptive_jones,True,fixed_anchor_then_adaptive_jones_score_selection,,nan,nan,nan,nan,True,,,nan,nan,,,,,[],nan,,,nan,nan,nan,nan,,nan,nan,nan,0.0002610082056101957,nan,nan,0.0002610082056101957,False,d1d2709e7ef7e78043678a9bd3afef4c60705c0eab0a43aa5b03783626c11549,0.12699397986899064,computed_unscaled,cpu,nan,nan,nan,,,,,,,,nan,nan,nan,nan,nan,nan,False,,
fig1_fig2,free_jones_vp,74,2087150408,5.0,snr_db,5.0,3,3,3,3,full_6d,2087150408,,,nan,,False,,1572.607825897634,0.004172301745689968,0.004172301745689968,0.0007197261424179678,0.0036177285140468196,1.4197166152581019e-12,0.07633767083210259,False,direct_vp,global_exact_spherical_vp,proposed_post_stage1,False,f70e55833f8140cf,jones_free,cpu,False,,numpy,numpy.linalg.solve,jones_free,False,,,0.0,0.0,0.0,0.0,True,6,4,nan,nan,"[0.0,0.0,0.0]",,"[1.9792114402591467e-08,2.0431292341267576e-08,3.037692124226913e-07]",jnpp_then_vp,[],3103013.117226958,3096560,False,20688758.02721616,79.6896186411672,33.152191794346635,0.02556992360232935,"[5.074353710472704,5.016858564872097,5.06712184456072]",213.04265078902245,1385.1429010033607,1599.602274298668,nan,nan,nan,nan,False,,nan,,,nan,nan,nan,,,,,,,,0.004172301745689968,0.0007197261424179678,0.07633767083210259,nan,nan,nan,False,not_run,not_requested
fig1_fig2,free_jones_vp_gated_rescue,74,2087150408,5.0,snr_db,5.0,3,3,3,3,full_6d,2087150408,,,nan,,False,,1629.4809651598334,0.00024190992241957066,0.00024190992241957066,3.973172303262355e-06,0.0001773753253781455,5.663839891234388e-13,0.07616789406855526,False,ris_only_stage2_then_vp,global_exact_spherical_vp,proposed_post_stage1,False,f70e55833f8140cf,jones_free,cpu,False,,numpy,numpy.linalg.solve,jones_free,False,,,0.0,0.0,0.0,0.0,True,6,4,nan,nan,"[0.0,0.0,0.0]",,"[1.0821733427904753e-08,4.363681565764866e-08,1.6669709957348756e-07]",jnpp_then_vp,[],3103013.117226958,3096560,False,20688758.02721616,79.6896186411672,33.152191794346635,0.02556992360232935,"[5.074353710472704,5.016858564872097,5.06712184456072]",213.04265078902245,51.98144023865461,280.7154468521476,nan,nan,nan,nan,False,,nan,,,nan,nan,nan,,,,,,,,0.004172301745689968,0.0007197261424179678,0.07633767083210259,0.00024190992241957066,3.973172303262355e-06,0.07616789406855526,True,accepted,accepted
fig1_fig2,PEB,74,2087150408,5.0,snr_db,5.0,3,3,3,3,full_6d,2087150408,,,nan,,False,,5.55010586977005,nan,nan,nan,nan,nan,nan,False,,,peb_only,False,151b5b0477b014fd,,,,,,,adaptive_jones,True,fixed_anchor_then_adaptive_jones_score_selection,,nan,nan,nan,nan,True,,,nan,nan,,,,,[],nan,,,nan,nan,nan,nan,,nan,nan,nan,0.00022361629637084453,nan,nan,0.00022361629637084453,False,78fd75a3c1d4026a3e7d885aa302f9406531fe623bed7ee4eda6f02c54b6aa8a,0.07617931038778121,computed_unscaled,cpu,nan,nan,nan,,,,,,,,nan,nan,nan,nan,nan,nan,False,,
fig1_fig2,free_jones_vp,72,2100195688,5.0,snr_db,5.0,3,3,3,3,full_6d,2100195688,,,nan,,False,,1571.270060993731,0.026248835182814182,0.026248835182814182,0.0018040509943230531,0.004442838541773916,3.3530882981623957e-12,0.10469044369778795,False,direct_vp,global_exact_spherical_vp,proposed_post_stage1,False,9210070a8925e4a9,jones_free,cpu,False,,numpy,numpy.linalg.solve,jones_free,False,,,0.0,0.0,0.0,0.0,True,6,4,nan,nan,"[0.0,0.0,0.0]",,"[8.617233004093134e-06,7.859634904222349e-08,1.678040642003304e-06]",jnpp_then_vp,[],3117965.4813744836,3096560,False,24257114.8134322,71.06348271368269,29.80818082664145,0.0226053912087132,"[5.014207762364425,4.982456673910118,5.037618576954555]",205.80290191620588,1564.0650103762746,1771.2934056296945,nan,nan,nan,nan,False,,nan,,,nan,nan,nan,,,,,,,,0.026248835182814182,0.0018040509943230531,0.10469044369778795,nan,nan,nan,False,not_run,not_requested
fig1_fig2,free_jones_vp_gated_rescue,72,2100195688,5.0,snr_db,5.0,3,3,3,3,full_6d,2100195688,,,nan,,False,,1738.2145361974835,0.0001272234250362437,0.0001272234250362437,2.07780935466486e-06,5.858972909587037e-05,8.91496956877702e-13,0.10409755667041849,False,ris_only_stage2_then_vp,global_exact_spherical_vp,proposed_post_stage1,False,9210070a8925e4a9,jones_free,cpu,False,,numpy,numpy.linalg.solve,jones_free,False,,,0.0,0.0,0.0,0.0,True,6,4,nan,nan,"[0.0,0.0,0.0]",,"[9.590695704086679e-06,4.639208999031529e-08,2.1428003659862225e-06]",jnpp_then_vp,[],3117965.4813744836,3096560,False,24257114.8134322,71.06348271368269,29.80818082664145,0.0226053912087132,"[5.014207762364425,4.982456673910118,5.037618576954555]",205.80290191620588,160.62228068709373,382.345410913229,nan,nan,nan,nan,False,,nan,,,nan,nan,nan,,,,,,,,0.026248835182814182,0.0018040509943230531,0.10469044369778795,0.0001272234250362437,2.07780935466486e-06,0.10409755667041849,True,accepted,accepted
fig1_fig2,PEB,72,2100195688,5.0,snr_db,5.0,3,3,3,3,full_6d,2100195688,,,nan,,False,,5.58675279468298,nan,nan,nan,nan,nan,nan,False,,,peb_only,False,644424c3f6b3dda5,,,,,,,adaptive_jones,True,fixed_anchor_then_adaptive_jones_score_selection,,nan,nan,nan,nan,True,,,nan,nan,,,,,[],nan,,,nan,nan,nan,nan,,nan,nan,nan,0.00021937760082228449,nan,nan,0.00021937760082228449,False,c74090ee2666e0b285da3833dfd6aa0f2593b8f113092ef5692488e84b651980,0.10397225925702464,computed_unscaled,cpu,nan,nan,nan,,,,,,,,nan,nan,nan,nan,nan,nan,False,,
fig1_fig2,free_jones_vp,7,1914929603,10.0,snr_db,10.0,3,3,3,3,full_6d,1914929603,,,nan,,False,,174.7502736747265,0.0006289162618377764,0.0006289162618377764,6.145563248092474e-06,0.0005618082778894686,3.031136068060329e-13,0.07355407042756093,False,direct_vp,global_exact_spherical_vp,proposed_post_stage1,False,dcfaf31174de59d7,jones_free,cpu,False,,numpy,numpy.linalg.solve,jones_free,False,,,0.0,0.0,0.0,0.0,True,6,4,nan,nan,"[0.0,0.0,0.0]",,"[1.871484833145255e-06,1.451244519885979e-07,6.101274501251601e-07]",direct_vp,[],3094165.504356944,3096560,True,80908675.33186868,85.3439272205205,41.806848395440056,0.06311002507939867,"[4.869204120146026,4.9992243449173115,5.006629662915454]",234.69303739070892,166.66450361907482,402.8582236468792,nan,nan,nan,nan,False,,nan,,,nan,nan,nan,,,,,,,,0.0006289162618377764,6.145563248092474e-06,0.07355407042756093,nan,nan,nan,False,not_run,not_requested
fig1_fig2,free_jones_vp_gated_rescue,7,1914929603,10.0,snr_db,10.0,3,3,3,3,full_6d,1914929603,,,nan,,False,,175.07763547450304,0.0006289162618377764,0.0006289162618377764,6.145563248092474e-06,0.0005618082778894686,3.031136068060329e-13,0.07355407042756093,False,direct_vp,global_exact_spherical_vp,proposed_post_stage1,False,dcfaf31174de59d7,jones_free,cpu,False,,numpy,numpy.linalg.solve,jones_free,False,,,0.0,0.0,0.0,0.0,True,6,4,nan,nan,"[0.0,0.0,0.0]",,"[1.871484833145255e-06,1.451244519885979e-07,6.101274501251601e-07]",direct_vp,[],3094165.504356944,3096560,True,80908675.33186868,85.3439272205205,41.806848395440056,0.06311002507939867,"[4.869204120146026,4.9992243449173115,5.006629662915454]",234.69303739070892,168.4871936812997,404.68091370910406,nan,nan,nan,nan,False,,nan,,,nan,nan,nan,,,,,,,,0.0006289162618377764,6.145563248092474e-06,0.07355407042756093,nan,nan,nan,False,not_run,not_requested
fig1_fig2,PEB,7,1914929603,10.0,snr_db,10.0,3,3,3,3,full_6d,1914929603,,,nan,,False,,5.961330056190491,nan,nan,nan,nan,nan,nan,False,,,peb_only,False,545aef3728bab53c,,,,,,,adaptive_jones,True,fixed_anchor_then_adaptive_jones_score_selection,,nan,nan,nan,nan,True,,,nan,nan,,,,,[],nan,,,nan,nan,nan,nan,,nan,nan,nan,0.00010722217098529104,nan,nan,0.00010722217098529104,False,84f1975fc112e22552cd5389ecb9ea5e68088b810ed0a30ff85dfd5971674377,0.07361137239348518,computed_unscaled,cpu,nan,nan,nan,,,,,,,,nan,nan,nan,nan,nan,nan,False,,
fig1_fig2,free_jones_vp,8,641399591,10.0,snr_db,10.0,3,3,3,3,full_6d,641399591,,,nan,,False,,129.12008469551802,0.00024200215841537335,0.00024200215841537335,7.614632429664355e-07,0.0001090459324010687,5.2166083485211756e-14,0.02255890762794535,False,direct_vp,global_exact_spherical_vp,proposed_post_stage1,False,b9759a1e32c1385e,jones_free,cpu,False,,numpy,numpy.linalg.solve,jones_free,False,,,0.0,0.0,0.0,0.0,True,6,4,nan,nan,"[0.0,0.0,0.0]",,"[4.366738047309951e-07,1.3425396680277437e-09,4.6275384982386826e-07]",direct_vp,[],3097901.223638104,3096560,True,85364924.69751869,78.4099601276767,44.1602917996776,0.02884910613497152,"[4.950514012081687,5.008207569820375,5.014699285657659]",220.54461632668972,121.01684441417456,343.26816361397505,nan,nan,nan,nan,False,,nan,,,nan,nan,nan,,,,,,,,0.00024200215841537335,7.614632429664355e-07,0.02255890762794535,nan,nan,nan,False,not_run,not_requested
fig1_fig2,free_jones_vp_gated_rescue,8,641399591,10.0,snr_db,10.0,3,3,3,3,full_6d,641399591,,,nan,,False,,128.646927960217,0.00024200215841537335,0.00024200215841537335,7.614632429664355e-07,0.0001090459324010687,5.2166083485211756e-14,0.02255890762794535,False,direct_vp,global_exact_spherical_vp,proposed_post_stage1,False,b9759a1e32c1385e,jones_free,cpu,False,,numpy,numpy.linalg.solve,jones_free,False,,,0.0,0.0,0.0,0.0,True,6,4,nan,nan,"[0.0,0.0,0.0]",,"[4.366738047309951e-07,1.3425396680277437e-09,4.6275384982386826e-07]",direct_vp,[],3097901.223638104,3096560,True,85364924.69751869,78.4099601276767,44.1602917996776,0.02884910613497152,"[4.950514012081687,5.008207569820375,5.014699285657659]",220.54461632668972,122.0631178766489,344.3144370764494,nan,nan,nan,nan,False,,nan,,,nan,nan,nan,,,,,,,,0.00024200215841537335,7.614632429664355e-07,0.02255890762794535,nan,nan,nan,False,not_run,not_requested
fig1_fig2,PEB,8,641399591,10.0,snr_db,10.0,3,3,3,3,full_6d,641399591,,,nan,,False,,5.757654011249542,nan,nan,nan,nan,nan,nan,False,,,peb_only,False,aa35532b22b81e98,,,,,,,adaptive_jones,True,fixed_anchor_then_adaptive_jones_score_selection,,nan,nan,nan,nan,True,,,nan,nan,,,,,[],nan,,,nan,nan,nan,nan,,nan,nan,nan,0.00010986110724718815,nan,nan,0.00010986110724718815,False,e032c9cb8462fea3417aadc651e10a3437190e0cacf3ab5bdc4b175ff7382e20,0.02254925735329804,computed_unscaled,cpu,nan,nan,nan,,,,,,,,nan,nan,nan,nan,nan,nan,False,,
fig1_fig2,free_jones_vp,73,1489186484,5.0,snr_db,5.0,3,3,3,3,full_6d,1489186484,,,nan,,False,,1876.035107061267,0.022054093372747958,0.022054093372747958,0.0016785128500509552,0.0013825006167628758,1.935091231684263e-12,0.08981176050615491,False,direct_vp,global_exact_spherical_vp,proposed_post_stage1,False,450b2394f7263aad,jones_free,cpu,False,,numpy,numpy.linalg.solve,jones_free,False,,,0.0,0.0,0.0,0.0,True,6,4,nan,nan,"[0.0,0.0,0.0]",,"[8.233010204498777e-07,9.250955290314169e-07,4.280756046473815e-06]",jnpp_then_vp,[],3112630.0757341906,3096560,False,29094088.805264,65.62371363320624,36.577204058840415,0.014547504576468319,"[5.041283208233368,5.028461544935406,5.063665400305697]",213.8537027016282,1762.509606860578,1977.7364553138614,nan,nan,nan,nan,False,,nan,,,nan,nan,nan,,,,,,,,0.022054093372747958,0.0016785128500509552,0.08981176050615491,nan,nan,nan,False,not_run,not_requested
fig1_fig2,free_jones_vp_gated_rescue,73,1489186484,5.0,snr_db,5.0,3,3,3,3,full_6d,1489186484,,,nan,,False,,1938.1023757308722,0.00013579054330196968,0.00013579054330196968,3.0173763110790128e-06,0.00010377920440512507,1.1092639278982493e-12,0.0893338619053514,False,ris_only_stage2_then_vp,global_exact_spherical_vp,proposed_post_stage1,False,450b2394f7263aad,jones_free,cpu,False,,numpy,numpy.linalg.solve,jones_free,False,,,0.0,0.0,0.0,0.0,True,6,4,nan,nan,"[0.0,0.0,0.0]",,"[8.28225716162202e-07,7.978151522249823e-07,4.303413444866364e-06]",jnpp_then_vp,[],3112630.0757341906,3096560,False,29094088.805264,65.62371363320624,36.577204058840415,0.014547504576468319,"[5.041283208233368,5.028461544935406,5.063665400305697]",213.8537027016282,54.77076967060566,285.59062357246876,nan,nan,nan,nan,False,,nan,,,nan,nan,nan,,,,,,,,0.022054093372747958,0.0016785128500509552,0.08981176050615491,0.00013579054330196968,3.0173763110790128e-06,0.0893338619053514,True,accepted,accepted
fig1_fig2,PEB,73,1489186484,5.0,snr_db,5.0,3,3,3,3,full_6d,1489186484,,,nan,,False,,6.271401405334473,nan,nan,nan,nan,nan,nan,False,,,peb_only,False,cebb03cd8ae529a7,,,,,,,adaptive_jones,True,fixed_anchor_then_adaptive_jones_score_selection,,nan,nan,nan,nan,True,,,nan,nan,,,,,[],nan,,,nan,nan,nan,nan,,nan,nan,nan,0.00018992731838159726,nan,nan,0.00018992731838159726,False,d64a78118eb17c14251c66a9269a2f68d800276ea77027a48898e01b93fc8e18,0.0893485365540935,computed_unscaled,cpu,nan,nan,nan,,,,,,,,nan,nan,nan,nan,nan,nan,False,,
fig1_fig2,free_jones_vp,69,1134195269,5.0,snr_db,5.0,3,3,3,3,full_6d,1134195269,,,nan,,False,,1907.1867682933807,0.006104588759417088,0.006104588759417088,0.0005217561586023618,0.005352269814819013,3.112018405030532e-12,0.2149247326256047,False,direct_vp,global_exact_spherical_vp,proposed_post_stage1,False,22f57e0a1d737072,jones_free,cpu,False,,numpy,numpy.linalg.solve,jones_free,False,,,0.0,0.0,0.0,0.0,True,6,4,nan,nan,"[0.0,0.0,0.0]",,"[8.330873402753828e-05,7.569597151903398e-07,3.770907863333195e-07]",jnpp_then_vp,[],3102631.0808301335,3096560,False,26108475.359341208,85.70391216083267,17.296394983791984,0.0810810032111248,"[5.1314190042689924,4.9936708955163045,4.9386390389398445]",241.36775682121515,1518.1401888355613,1760.8411686122417,nan,nan,nan,nan,False,,nan,,,nan,nan,nan,,,,,,,,0.006104588759417088,0.0005217561586023618,0.2149247326256047,nan,nan,nan,False,not_run,not_requested
fig1_fig2,free_jones_vp_gated_rescue,69,1134195269,5.0,snr_db,5.0,3,3,3,3,full_6d,1134195269,,,nan,,False,,2276.609068363905,0.0006924157087111658,0.0006924157087111658,3.364003785258961e-06,4.5131133348324155e-05,2.0110990682090665e-13,0.21457998319903945,False,ris_only_stage2_then_vp,global_exact_spherical_vp,proposed_post_stage1,False,22f57e0a1d737072,jones_free,cpu,False,,numpy,numpy.linalg.solve,jones_free,False,,,0.0,0.0,0.0,0.0,True,6,4,nan,nan,"[0.0,0.0,0.0]",,"[7.848376589102237e-05,6.261603457687376e-07,4.551419510365652e-07]",jnpp_then_vp,[],3102631.0808301335,3096560,False,26108475.359341208,85.70391216083267,17.296394983791984,0.0810810032111248,"[5.1314190042689924,4.9936708955163045,4.9386390389398445]",241.36775682121515,368.0722479298711,625.397563405335,nan,nan,nan,nan,False,,nan,,,nan,nan,nan,,,,,,,,0.006104588759417088,0.0005217561586023618,0.2149247326256047,0.0006924157087111658,3.364003785258961e-06,0.21457998319903945,True,accepted,accepted
fig1_fig2,PEB,69,1134195269,5.0,snr_db,5.0,3,3,3,3,full_6d,1134195269,,,nan,,False,,6.056457482278347,nan,nan,nan,nan,nan,nan,False,,,peb_only,False,f7cc8b1acfd18193,,,,,,,adaptive_jones,True,fixed_anchor_then_adaptive_jones_score_selection,,nan,nan,nan,nan,True,,,nan,nan,,,,,[],nan,,,nan,nan,nan,nan,,nan,nan,nan,0.00018683484782523326,nan,nan,0.00018683484782523326,False,3c4e17d6858814038ebdb81b7444e4cbebd5be1a61e4510cac6392db534f501a,0.2145052864863316,computed_unscaled,cpu,nan,nan,nan,,,,,,,,nan,nan,nan,nan,nan,nan,False,,
fig1_fig2,free_jones_vp,78,3639033133,5.0,snr_db,5.0,3,3,3,3,full_6d,3639033133,,,nan,,False,,1833.5298503786325,0.0024357276899850096,0.0024357276899850096,0.0003343795366443432,0.0019267332661998067,2.0508580151978436e-12,0.05443169355431224,False,direct_vp,global_exact_spherical_vp,proposed_post_stage1,False,f7ad45e3a8e11c06,jones_free,cpu,False,,numpy,numpy.linalg.solve,jones_free,False,,,0.0,0.0,0.0,0.0,True,6,4,nan,nan,"[0.0,0.0,0.0]",,"[1.7520980142878545e-06,1.3391769972866236e-07,5.904859604275868e-06]",jnpp_then_vp,[],3101323.5431450247,3096560,False,16461664.570221957,93.90048851747275,24.303458466931307,0.016494528538183506,"[4.969004500135591,4.986658892243027,5.009304771223756]",223.1550741046667,1718.2255296111107,1942.7029699459672,nan,nan,nan,nan,False,,nan,,,nan,nan,nan,,,,,,,,0.0024357276899850096,0.0003343795366443432,0.05443169355431224,nan,nan,nan,False,not_run,not_requested
fig1_fig2,free_jones_vp_gated_rescue,78,3639033133,5.0,snr_db,5.0,3,3,3,3,full_6d,3639033133,,,nan,,False,,1959.5322851240635,0.0003064243428503742,0.0003064243428503742,1.4583271562421512e-06,1.323912305167548e-05,2.319071973951168e-13,0.05437663218382815,False,ris_only_stage2_then_vp,global_exact_spherical_vp,proposed_post_stage1,False,f7ad45e3a8e11c06,jones_free,cpu,False,,numpy,numpy.linalg.solve,jones_free,False,,,0.0,0.0,0.0,0.0,True,6,4,nan,nan,"[0.0,0.0,0.0]",,"[1.8520671730203682e-06,1.4761736069048845e-07,5.608265784395647e-06]",jnpp_then_vp,[],3101323.5431450247,3096560,False,16461664.570221957,93.90048851747275,24.303458466931307,0.016494528538183506,"[4.969004500135591,4.986658892243027,5.009304771223756]",223.1550741046667,128.87861025333405,366.8961253464222,nan,nan,nan,nan,False,,nan,,,nan,nan,nan,,,,,,,,0.0024357276899850096,0.0003343795366443432,0.05443169355431224,0.0003064243428503742,1.4583271562421512e-06,0.05437663218382815,True,accepted,accepted
fig1_fig2,PEB,78,3639033133,5.0,snr_db,5.0,3,3,3,3,full_6d,3639033133,,,nan,,False,,5.879466325044632,nan,nan,nan,nan,nan,nan,False,,,peb_only,False,a9fc43a397959985,,,,,,,adaptive_jones,True,fixed_anchor_then_adaptive_jones_score_selection,,nan,nan,nan,nan,True,,,nan,nan,,,,,[],nan,,,nan,nan,nan,nan,,nan,nan,nan,0.0002488928272175963,nan,nan,0.0002488928272175963,False,775d9f1d6241dae7442a88dca0b3fa5d7751717fd8d49705eaa3b8cfda4ebb75,0.054348368867283996,computed_unscaled,cpu,nan,nan,nan,,,,,,,,nan,nan,nan,nan,nan,nan,False,,
fig1_fig2,free_jones_vp,82,2146768378,5.0,snr_db,5.0,3,3,3,3,full_6d,2146768378,,,nan,,False,,1579.4601633101702,0.024643525942075268,0.024643525942075268,0.001936899197614912,0.0037415370039073463,2.9547676634509796e-12,0.2099649842129902,False,direct_vp,global_exact_spherical_vp,proposed_post_stage1,False,a15fc5de446a84b4,jones_free,cpu,False,,numpy,numpy.linalg.solve,jones_free,False,,,0.0,0.0,0.0,0.0,True,6,4,nan,nan,"[0.0,0.0,0.0]",,"[1.4675559805366112e-07,4.771661918068228e-06,5.973973279138981e-07]",jnpp_then_vp,[],3119133.479974619,3096560,False,26864060.31584205,68.74213531185241,22.337127527736378,0.04638967863538273,"[5.052108769068087,4.968584080588471,4.94362513820766]",242.2180233001709,1572.320662945509,1816.0100696235895,nan,nan,nan,nan,False,,nan,,,nan,nan,nan,,,,,,,,0.024643525942075268,0.001936899197614912,0.2099649842129902,nan,nan,nan,False,not_run,not_requested
fig1_fig2,free_jones_vp_gated_rescue,82,2146768378,5.0,snr_db,5.0,3,3,3,3,full_6d,2146768378,,,nan,,False,,1628.2132973745465,0.00032300578124780437,0.00032300578124780437,2.825134810572532e-06,5.2349425694558335e-05,8.643574108036303e-13,0.20869692428371459,False,ris_only_stage2_then_vp,global_exact_spherical_vp,proposed_post_stage1,False,a15fc5de446a84b4,jones_free,cpu,False,,numpy,numpy.linalg.solve,jones_free,False,,,0.0,0.0,0.0,0.0,True,6,4,nan,nan,"[0.0,0.0,0.0]",,"[1.128300814118489e-08,5.9618589554058236e-06,8.752745790605008e-07]",jnpp_then_vp,[],3119133.479974619,3096560,False,26864060.31584205,68.74213531185241,22.337127527736378,0.04638967863538273,"[5.052108769068087,4.968584080588471,4.94362513820766]",242.2180233001709,53.84129037708044,313.0625395402312,nan,nan,nan,nan,False,,nan,,,nan,nan,nan,,,,,,,,0.024643525942075268,0.001936899197614912,0.2099649842129902,0.00032300578124780437,2.825134810572532e-06,0.20869692428371459,True,accepted,accepted
fig1_fig2,PEB,82,2146768378,5.0,snr_db,5.0,3,3,3,3,full_6d,2146768378,,,nan,,False,,5.69036141037941,nan,nan,nan,nan,nan,nan,False,,,peb_only,False,731cdb756a51a2da,,,,,,,adaptive_jones,True,fixed_anchor_then_adaptive_jones_score_selection,,nan,nan,nan,nan,True,,,nan,nan,,,,,[],nan,,,nan,nan,nan,nan,,nan,nan,nan,0.0002019153713037645,nan,nan,0.0002019153713037645,False,3a0d3e6549ad4d642256987481bea72461b73f437bf823d820291ff80c435722,0.20844652373120462,computed_unscaled,cpu,nan,nan,nan,,,,,,,,nan,nan,nan,nan,nan,nan,False,,
fig1_fig2,free_jones_vp,83,2856883752,5.0,snr_db,5.0,3,3,3,3,full_6d,2856883752,,,nan,,False,,1327.8310478404164,0.02607523629646348,0.02607523629646348,0.0033225368023090517,0.0016040673434501416,2.5083340284322123e-12,0.06572523570756321,False,direct_vp,global_exact_spherical_vp,proposed_post_stage1,False,7afe29eed0af4296,jones_free,cpu,False,,numpy,numpy.linalg.solve,jones_free,False,,,0.0,0.0,0.0,0.0,True,6,4,nan,nan,"[0.0,0.0,0.0]",,"[2.4372430471360637e-06,0.00017856334184350748,4.210861508810282e-07]",jnpp_then_vp,"[""poor_clock_consistency""]",3125358.0182557874,3096560,False,25548963.39774843,97.8350323833403,7.15104507054997,0.16885666618387785,"[5.017548134051587,4.6428723002223675,4.981933967336428]",222.62720039486885,1320.0845458582044,1544.1131169945002,nan,nan,nan,nan,False,,nan,,,nan,nan,nan,,,,,,,,0.02607523629646348,0.0033225368023090517,0.06572523570756321,nan,nan,nan,False,not_run,not_requested
fig1_fig2,free_jones_vp_gated_rescue,83,2856883752,5.0,snr_db,5.0,3,3,3,3,full_6d,2856883752,,,nan,,False,,1643.800041258335,0.0005344031806955604,0.0005344031806955604,3.189704142751735e-06,2.3548318744152284e-05,3.1983023811343985e-13,0.06504526935124605,False,ris_only_stage2_then_vp,global_exact_spherical_vp,proposed_post_stage1,False,7afe29eed0af4296,jones_free,cpu,False,,numpy,numpy.linalg.solve,jones_free,False,,,0.0,0.0,0.0,0.0,True,6,4,nan,nan,"[0.0,0.0,0.0]",,"[2.4696057853342665e-06,0.0001532538333996325,3.6161115350152733e-07]",jnpp_then_vp,"[""poor_clock_consistency""]",3125358.0182557874,3096560,False,25548963.39774843,97.8350323833403,7.15104507054997,0.16885666618387785,"[5.017548134051587,4.6428723002223675,4.981933967336428]",222.62720039486885,325.70507510751486,565.9368833974004,nan,nan,nan,nan,False,,nan,,,nan,nan,nan,,,,,,,,0.02607523629646348,0.0033225368023090517,0.06572523570756321,0.0005344031806955604,3.189704142751735e-06,0.06504526935124605,True,accepted,accepted
fig1_fig2,PEB,83,2856883752,5.0,snr_db,5.0,3,3,3,3,full_6d,2856883752,,,nan,,False,,5.52303259819746,nan,nan,nan,nan,nan,nan,False,,,peb_only,False,44c84768417ebf68,,,,,,,adaptive_jones,True,fixed_anchor_then_adaptive_jones_score_selection,,nan,nan,nan,nan,True,,,nan,nan,,,,,[],nan,,,nan,nan,nan,nan,,nan,nan,nan,0.00017680075630898385,nan,nan,0.00017680075630898385,False,700eea5a638faf3db61de2a763659338a112f897687c33a7cb33c68c29ad4a9e,0.06511995947266429,computed_unscaled,cpu,nan,nan,nan,,,,,,,,nan,nan,nan,nan,nan,nan,False,,
fig1_fig2,free_jones_vp,87,3576217426,5.0,snr_db,5.0,3,3,3,3,full_6d,3576217426,,,nan,,False,,1457.4788964986801,0.02670643872484989,0.02670643872484989,0.002514164139838456,0.007569460916936755,4.394553928580323e-12,0.021106759073686254,False,direct_vp,global_exact_spherical_vp,proposed_post_stage1,False,5d0d1b5ad60bcb24,jones_free,cpu,False,,numpy,numpy.linalg.solve,jones_free,False,,,0.0,0.0,0.0,0.0,True,6,4,nan,nan,"[0.0,0.0,0.0]",,"[1.3390147315275336e-06,4.0887637462281975e-07,4.4998204858477855e-07]",jnpp_then_vp,[],3119288.826295554,3096560,False,16319001.660551198,91.79366449038521,26.713011981391784,0.05477628612014232,"[4.99246020586078,5.000692281300099,4.880597100862916]",211.4923606067896,1334.937828272581,1547.8729647919536,nan,nan,nan,nan,False,,nan,,,nan,nan,nan,,,,,,,,0.02670643872484989,0.002514164139838456,0.021106759073686254,nan,nan,nan,False,not_run,not_requested
fig1_fig2,free_jones_vp_gated_rescue,87,3576217426,5.0,snr_db,5.0,3,3,3,3,full_6d,3576217426,,,nan,,False,,1502.4844901710749,0.0006104180471566344,0.0006104180471566344,4.35999470472531e-06,0.00015498452994001,3.013946062593496e-13,0.020936675442439646,False,ris_only_stage2_then_vp,global_exact_spherical_vp,proposed_post_stage1,False,5d0d1b5ad60bcb24,jones_free,cpu,False,,numpy,numpy.linalg.solve,jones_free,False,,,0.0,0.0,0.0,0.0,True,6,4,nan,nan,"[0.0,0.0,0.0]",,"[1.260241340546932e-06,4.966239792152866e-07,3.574235866680256e-07]",jnpp_then_vp,[],3119288.826295554,3096560,False,16319001.660551198,91.79366449038521,26.713011981391784,0.05477628612014232,"[4.99246020586078,5.000692281300099,4.880597100862916]",211.4923606067896,52.401974223554134,280.860432125628,nan,nan,nan,nan,False,,nan,,,nan,nan,nan,,,,,,,,0.02670643872484989,0.002514164139838456,0.021106759073686254,0.0006104180471566344,4.35999470472531e-06,0.020936675442439646,True,accepted,accepted
fig1_fig2,PEB,87,3576217426,5.0,snr_db,5.0,3,3,3,3,full_6d,3576217426,,,nan,,False,,5.60682375729084,nan,nan,nan,nan,nan,nan,False,,,peb_only,False,1ccb6ef059e09c2a,,,,,,,adaptive_jones,True,fixed_anchor_then_adaptive_jones_score_selection,,nan,nan,nan,nan,True,,,nan,nan,,,,,[],nan,,,nan,nan,nan,nan,,nan,nan,nan,0.00026691906588869956,nan,nan,0.00026691906588869956,False,66c908d686e5b626f41743ba5f1b64294d5b4f17110f5310f3926b121f412ca0,0.020953072070270137,computed_unscaled,cpu,nan,nan,nan,,,,,,,,nan,nan,nan,nan,nan,nan,False,,
fig1_fig2,free_jones_vp,94,3608384463,5.0,snr_db,5.0,3,3,3,3,full_6d,3608384463,,,nan,,False,,1128.0501064881682,0.027179397506392332,0.027179397506392332,0.0046521412898168375,0.004543560130571815,8.149094249413875e-13,0.15012918604374575,False,direct_vp,global_exact_spherical_vp,proposed_post_stage1,False,9f0b9f447f8a2cb2,jones_free,cpu,False,,numpy,numpy.linalg.solve,jones_free,False,,,0.0,0.0,0.0,0.0,True,6,4,nan,nan,"[0.0,0.0,0.0]",,"[4.355671959707844e-05,1.1807010074307257e-07,1.266690630608883e-06]",jnpp_then_vp,[],3143898.1392181423,3096560,False,20252960.61447672,90.54136332713998,21.448021095106714,0.035272219373487956,"[5.067834373790851,5.023695056818598,5.110087130455344]",230.12753711640835,998.7278017401695,1230.2852645888925,nan,nan,nan,nan,False,,nan,,,nan,nan,nan,,,,,,,,0.027179397506392332,0.0046521412898168375,0.15012918604374575,nan,nan,nan,False,not_run,not_requested
fig1_fig2,free_jones_vp_gated_rescue,94,3608384463,5.0,snr_db,5.0,3,3,3,3,full_6d,3608384463,,,nan,,False,,1302.1009802371264,0.0015029422385874152,0.0015029422385874152,6.873082726622231e-06,0.00010052306873263299,5.015284632862799e-13,0.14797352416895354,False,ris_only_stage2_then_vp,global_exact_spherical_vp,proposed_post_stage1,False,9f0b9f447f8a2cb2,jones_free,cpu,False,,numpy,numpy.linalg.solve,jones_free,False,,,0.0,0.0,0.0,0.0,True,6,4,nan,nan,"[0.0,0.0,0.0]",,"[4.0597504854748126e-05,9.667344950920646e-08,8.517908961455198e-06]",jnpp_then_vp,[],3143898.1392181423,3096560,False,20252960.61447672,90.54136332713998,21.448021095106714,0.035272219373487956,"[5.067834373790851,5.023695056818598,5.110087130455344]",230.12753711640835,153.72681985795498,400.373589232564,nan,nan,nan,nan,False,,nan,,,nan,nan,nan,,,,,,,,0.027179397506392332,0.0046521412898168375,0.15012918604374575,0.0015029422385874152,6.873082726622231e-06,0.14797352416895354,True,accepted,accepted
fig1_fig2,PEB,94,3608384463,5.0,snr_db,5.0,3,3,3,3,full_6d,3608384463,,,nan,,False,,5.911897413432598,nan,nan,nan,nan,nan,nan,False,,,peb_only,False,79b70cd191caacf1,,,,,,,adaptive_jones,True,fixed_anchor_then_adaptive_jones_score_selection,,nan,nan,nan,nan,True,,,nan,nan,,,,,[],nan,,,nan,nan,nan,nan,,nan,nan,nan,0.00023966328342628877,nan,nan,0.00023966328342628877,False,ef18bf3cff118d7dc1efd356b9a296459495c6f9c6bb71ac5354d9f7a0cabc56,0.14786943272857145,computed_unscaled,cpu,nan,nan,nan,,,,,,,,nan,nan,nan,nan,nan,nan,False,,
fig1_fig2,free_jones_vp,20,3607282624,10.0,snr_db,10.0,3,3,3,3,full_6d,3607282624,,,nan,,False,,111.01534587144852,0.0007580014170047243,0.0007580014170047243,1.2660099002931655e-05,0.0006637106807405341,2.5121747375144455e-13,0.05718753694082624,False,direct_vp,global_exact_spherical_vp,proposed_post_stage1,False,7dd82e188a4f8c7a,jones_free,cpu,False,,numpy,numpy.linalg.solve,jones_free,False,,,0.0,0.0,0.0,0.0,True,6,4,nan,nan,"[0.0,0.0,0.0]",,"[1.8690390777073189e-06,2.9668527576334456e-07,2.232074552373985e-07]",direct_vp,[],3095599.895306809,3096560,True,85923393.8838431,65.4502824191536,53.03922135165656,0.014258408128133324,"[4.967654842496276,5.0000362948752075,4.995178753010596]",223.527428612113,102.034876935184,326.9814102873206,nan,nan,nan,nan,False,,nan,,,nan,nan,nan,,,,,,,,0.0007580014170047243,1.2660099002931655e-05,0.05718753694082624,nan,nan,nan,False,not_run,not_requested
fig1_fig2,free_jones_vp_gated_rescue,20,3607282624,10.0,snr_db,10.0,3,3,3,3,full_6d,3607282624,,,nan,,False,,110.41244341433048,0.0007580014170047243,0.0007580014170047243,1.2660099002931655e-05,0.0006637106807405341,2.5121747375144455e-13,0.05718753694082624,False,direct_vp,global_exact_spherical_vp,proposed_post_stage1,False,7dd82e188a4f8c7a,jones_free,cpu,False,,numpy,numpy.linalg.solve,jones_free,False,,,0.0,0.0,0.0,0.0,True,6,4,nan,nan,"[0.0,0.0,0.0]",,"[1.8690390777073189e-06,2.9668527576334456e-07,2.232074552373985e-07]",direct_vp,[],3095599.895306809,3096560,True,85923393.8838431,65.4502824191536,53.03922135165656,0.014258408128133324,"[4.967654842496276,5.0000362948752075,4.995178753010596]",223.527428612113,103.645353987813,328.5918873399496,nan,nan,nan,nan,False,,nan,,,nan,nan,nan,,,,,,,,0.0007580014170047243,1.2660099002931655e-05,0.05718753694082624,nan,nan,nan,False,not_run,not_requested
fig1_fig2,PEB,20,3607282624,10.0,snr_db,10.0,3,3,3,3,full_6d,3607282624,,,nan,,False,,5.667231976985931,nan,nan,nan,nan,nan,nan,False,,,peb_only,False,83bc8bee53a4eec9,,,,,,,adaptive_jones,True,fixed_anchor_then_adaptive_jones_score_selection,,nan,nan,nan,nan,True,,,nan,nan,,,,,[],nan,,,nan,nan,nan,nan,,nan,nan,nan,0.00010675723028355902,nan,nan,0.00010675723028355902,False,614c1d5045ebcd05d85977496f662de337f9fdc3d750d62d2ed64ea91c25b070,0.057205569317453665,computed_unscaled,cpu,nan,nan,nan,,,,,,,,nan,nan,nan,nan,nan,nan,False,,
fig1_fig2,free_jones_vp,22,3206710796,10.0,snr_db,10.0,3,3,3,3,full_6d,3206710796,,,nan,,False,,107.62154609709978,9.624972685841029e-05,9.624972685841029e-05,8.3286186924793e-07,7.903642917325534e-05,3.375757739753252e-13,0.010713614410485302,False,direct_vp,global_exact_spherical_vp,proposed_post_stage1,False,094d97b9be27ffc4,jones_free,cpu,False,,numpy,numpy.linalg.solve,jones_free,False,,,0.0,0.0,0.0,0.0,True,6,4,nan,nan,"[0.0,0.0,0.0]",,"[1.0216388933192423e-06,2.480469488581031e-07,4.538637165145783e-06]",direct_vp,[],3093215.066862778,3096560,True,56820629.934149176,85.51190852878253,45.7321280514657,0.02102404071249377,"[4.98057699669728,4.969453722458063,5.018561322342457]",221.90692357718945,100.33793570846319,323.60958544164896,nan,nan,nan,nan,False,,nan,,,nan,nan,nan,,,,,,,,9.624972685841029e-05,8.3286186924793e-07,0.010713614410485302,nan,nan,nan,False,not_run,not_requested
fig1_fig2,free_jones_vp_gated_rescue,22,3206710796,10.0,snr_db,10.0,3,3,3,3,full_6d,3206710796,,,nan,,False,,109.27713257074356,9.624972685841029e-05,9.624972685841029e-05,8.3286186924793e-07,7.903642917325534e-05,3.375757739753252e-13,0.010713614410485302,False,direct_vp,global_exact_spherical_vp,proposed_post_stage1,False,094d97b9be27ffc4,jones_free,cpu,False,,numpy,numpy.linalg.solve,jones_free,False,,,0.0,0.0,0.0,0.0,True,6,4,nan,nan,"[0.0,0.0,0.0]",,"[1.0216388933192423e-06,2.480469488581031e-07,4.538637165145783e-06]",direct_vp,[],3093215.066862778,3096560,True,56820629.934149176,85.51190852878253,45.7321280514657,0.02102404071249377,"[4.98057699669728,4.969453722458063,5.018561322342457]",221.90692357718945,102.84000874310732,326.1116584762931,nan,nan,nan,nan,False,,nan,,,nan,nan,nan,,,,,,,,9.624972685841029e-05,8.3286186924793e-07,0.010713614410485302,nan,nan,nan,False,not_run,not_requested
fig1_fig2,PEB,22,3206710796,10.0,snr_db,10.0,3,3,3,3,full_6d,3206710796,,,nan,,False,,6.660210020840168,nan,nan,nan,nan,nan,nan,False,,,peb_only,False,52617d29e6b3d085,,,,,,,adaptive_jones,True,fixed_anchor_then_adaptive_jones_score_selection,,nan,nan,nan,nan,True,,,nan,nan,,,,,[],nan,,,nan,nan,nan,nan,,nan,nan,nan,0.000134338304623352,nan,nan,0.000134338304623352,False,c84ba72aa3a760a0760b6b67e247dbffd03ad56315a9283ecceeafa1a6824f29,0.010725255289283989,computed_unscaled,cpu,nan,nan,nan,,,,,,,,nan,nan,nan,nan,nan,nan,False,,
fig1_fig2,free_jones_vp,95,1902842209,5.0,snr_db,5.0,3,3,3,3,full_6d,1902842209,,,nan,,False,,1136.796083085239,0.014448031690721062,0.014448031690721062,0.001835922945192467,0.012971165942125534,6.162829326697191e-12,0.09001958252453161,False,direct_vp,global_exact_spherical_vp,proposed_post_stage1,False,9e3a1860bae11e2b,jones_free,cpu,False,,numpy,numpy.linalg.solve,jones_free,False,,,0.0,0.0,0.0,0.0,True,6,4,nan,nan,"[0.0,0.0,0.0]",,"[9.322968793448882e-05,1.151835921504773e-06,1.135008293946459e-06]",jnpp_then_vp,[],3113045.6012592413,3096560,False,22268027.31869441,99.08709644108836,16.393411113546556,0.05424596163204439,"[4.956424396820808,5.08924854974751,5.026017336329248]",232.75026997178793,1022.9607704803348,1257.0578920468688,nan,nan,nan,nan,False,,nan,,,nan,nan,nan,,,,,,,,0.014448031690721062,0.001835922945192467,0.09001958252453161,nan,nan,nan,False,not_run,not_requested
fig1_fig2,free_jones_vp_gated_rescue,95,1902842209,5.0,snr_db,5.0,3,3,3,3,full_6d,1902842209,,,nan,,False,,1270.8080867156386,0.0006101378830046159,0.0006101378830046159,4.859981645229111e-06,0.0005299807729708726,9.967347040355576e-13,0.08949267557602934,False,ris_only_stage2_then_vp,global_exact_spherical_vp,proposed_post_stage1,False,9e3a1860bae11e2b,jones_free,cpu,False,,numpy,numpy.linalg.solve,jones_free,False,,,0.0,0.0,0.0,0.0,True,6,4,nan,nan,"[0.0,0.0,0.0]",,"[8.890708895316873e-05,1.383429129246065e-06,1.3105588007475136e-06]",jnpp_then_vp,[],3113045.6012592413,3096560,False,22268027.31869441,99.08709644108836,16.393411113546556,0.05424596163204439,"[4.956424396820808,5.08924854974751,5.026017336329248]",232.75026997178793,109.51488634198904,359.9842552319169,nan,nan,nan,nan,False,,nan,,,nan,nan,nan,,,,,,,,0.014448031690721062,0.001835922945192467,0.09001958252453161,0.0006101378830046159,4.859981645229111e-06,0.08949267557602934,True,accepted,accepted
fig1_fig2,PEB,95,1902842209,5.0,snr_db,5.0,3,3,3,3,full_6d,1902842209,,,nan,,False,,6.053028605878353,nan,nan,nan,nan,nan,nan,False,,,peb_only,False,54af76e34a6f7f00,,,,,,,adaptive_jones,True,fixed_anchor_then_adaptive_jones_score_selection,,nan,nan,nan,nan,True,,,nan,nan,,,,,[],nan,,,nan,nan,nan,nan,,nan,nan,nan,0.00018502379563828706,nan,nan,0.00018502379563828706,False,76a18cb09eabd2843f7f18de70d1414c840c1b810997a8411f8aedb26f349b2f,0.0895433329543028,computed_unscaled,cpu,nan,nan,nan,,,,,,,,nan,nan,nan,nan,nan,nan,False,,
fig1_fig2,free_jones_vp,23,2043173887,10.0,snr_db,10.0,3,3,3,3,full_6d,2043173887,,,nan,,False,,114.17273188382387,0.0023662844702845988,0.0023662844702845988,0.00011419285870429735,0.0021040329785884516,9.52197466088077e-13,0.03279019269120015,False,direct_vp,global_exact_spherical_vp,proposed_post_stage1,False,e0f177ae6afabc70,jones_free,cpu,False,,numpy,numpy.linalg.solve,jones_free,False,,,0.0,0.0,0.0,0.0,True,6,4,nan,nan,"[0.0,0.0,0.0]",,"[9.98986558680901e-06,1.0962233432740268e-08,4.394988784336935e-08]",direct_vp,[],3099753.9243535474,3096560,True,83832897.84756516,63.87442964300251,47.0661789037122,0.019481287114383183,"[5.025530214955304,4.978772424802873,4.993897577734183]",231.46541067957878,104.49628131091595,337.3741252347827,nan,nan,nan,nan,False,,nan,,,nan,nan,nan,,,,,,,,0.0023662844702845988,0.00011419285870429735,0.03279019269120015,nan,nan,nan,False,not_run,not_requested
fig1_fig2,free_jones_vp_gated_rescue,23,2043173887,10.0,snr_db,10.0,3,3,3,3,full_6d,2043173887,,,nan,,False,,106.1772618740797,0.0023662844702845988,0.0023662844702845988,0.00011419285870429735,0.0021040329785884516,9.52197466088077e-13,0.03279019269120015,False,direct_vp,global_exact_spherical_vp,proposed_post_stage1,False,e0f177ae6afabc70,jones_free,cpu,False,,numpy,numpy.linalg.solve,jones_free,False,,,0.0,0.0,0.0,0.0,True,6,4,nan,nan,"[0.0,0.0,0.0]",,"[9.98986558680901e-06,1.0962233432740268e-08,4.394988784336935e-08]",direct_vp,[],3099753.9243535474,3096560,True,83832897.84756516,63.87442964300251,47.0661789037122,0.019481287114383183,"[5.025530214955304,4.978772424802873,4.993897577734183]",231.46541067957878,99.06649181991816,331.9443357437849,nan,nan,nan,nan,False,,nan,,,nan,nan,nan,,,,,,,,0.0023662844702845988,0.00011419285870429735,0.03279019269120015,nan,nan,nan,False,not_run,not_requested
fig1_fig2,PEB,23,2043173887,10.0,snr_db,10.0,3,3,3,3,full_6d,2043173887,,,nan,,False,,5.716923952102661,nan,nan,nan,nan,nan,nan,False,,,peb_only,False,4eeae3e0912a2b1c,,,,,,,adaptive_jones,True,fixed_anchor_then_adaptive_jones_score_selection,,nan,nan,nan,nan,True,,,nan,nan,,,,,[],nan,,,nan,nan,nan,nan,,nan,nan,nan,0.00011079693799400164,nan,nan,0.00011079693799400164,False,7093cfec76f40175c6c7c58aa1b5153ce86056a79427b6463226f28ede4d41bd,0.032756575586599626,computed_unscaled,cpu,nan,nan,nan,,,,,,,,nan,nan,nan,nan,nan,nan,False,,
fig1_fig2,free_jones_vp,26,890721611,10.0,snr_db,10.0,3,3,3,3,full_6d,890721611,,,nan,,False,,108.31816439330578,0.0008291479732669199,0.0008291479732669199,4.270779706156417e-06,0.00033887459151532226,2.3359187623923716e-13,0.0476656989080888,False,direct_vp,global_exact_spherical_vp,proposed_post_stage1,False,1e97ccf699d48747,jones_free,cpu,False,,numpy,numpy.linalg.solve,jones_free,False,,,0.0,0.0,0.0,0.0,True,6,4,nan,nan,"[0.0,0.0,0.0]",,"[1.5759777251288986e-07,2.685618827236251e-07,1.2537996893822196e-06]",direct_vp,[],3096538.69384243,3096560,True,76860097.21088237,86.64505363039773,60.82492138187557,0.014653522723783313,"[5.014723199057199,5.01645139856799,4.984538534395759]",224.49679811298847,101.27743908017874,327.2347398996353,nan,nan,nan,nan,False,,nan,,,nan,nan,nan,,,,,,,,0.0008291479732669199,4.270779706156417e-06,0.0476656989080888,nan,nan,nan,False,not_run,not_requested
fig1_fig2,free_jones_vp_gated_rescue,26,890721611,10.0,snr_db,10.0,3,3,3,3,full_6d,890721611,,,nan,,False,,108.96256347745657,0.0008291479732669199,0.0008291479732669199,4.270779706156417e-06,0.00033887459151532226,2.3359187623923716e-13,0.0476656989080888,False,direct_vp,global_exact_spherical_vp,proposed_post_stage1,False,1e97ccf699d48747,jones_free,cpu,False,,numpy,numpy.linalg.solve,jones_free,False,,,0.0,0.0,0.0,0.0,True,6,4,nan,nan,"[0.0,0.0,0.0]",,"[1.5759777251288986e-07,2.685618827236251e-07,1.2537996893822196e-06]",direct_vp,[],3096538.69384243,3096560,True,76860097.21088237,86.64505363039773,60.82492138187557,0.014653522723783313,"[5.014723199057199,5.01645139856799,4.984538534395759]",224.49679811298847,102.35353414714336,328.31083496659994,nan,nan,nan,nan,False,,nan,,,nan,nan,nan,,,,,,,,0.0008291479732669199,4.270779706156417e-06,0.0476656989080888,nan,nan,nan,False,not_run,not_requested
fig1_fig2,PEB,26,890721611,10.0,snr_db,10.0,3,3,3,3,full_6d,890721611,,,nan,,False,,5.869459465146065,nan,nan,nan,nan,nan,nan,False,,,peb_only,False,dd4ef9de519bbf3b,,,,,,,adaptive_jones,True,fixed_anchor_then_adaptive_jones_score_selection,,nan,nan,nan,nan,True,,,nan,nan,,,,,[],nan,,,nan,nan,nan,nan,,nan,nan,nan,0.0001164268324688854,nan,nan,0.0001164268324688854,False,c294e93a3e036e5c5731d344dd8b7b3046868b56987f9fb6b7f233813953d55d,0.047666273169950174,computed_unscaled,cpu,nan,nan,nan,,,,,,,,nan,nan,nan,nan,nan,nan,False,,
fig1_fig2,free_jones_vp,89,850792180,5.0,snr_db,5.0,3,3,3,3,full_6d,850792180,,,nan,,False,,1609.6720162630081,0.02666980470433658,0.02666980470433658,0.001819115768082986,0.0026783002370996518,2.2402105802628948e-12,0.2509522186455804,False,direct_vp,global_exact_spherical_vp,proposed_post_stage1,False,e62f5b0a8e95fbdb,jones_free,cpu,False,,numpy,numpy.linalg.solve,jones_free,False,,,0.0,0.0,0.0,0.0,True,6,4,nan,nan,"[0.0,0.0,0.0]",,"[2.3150683411967211e-07,2.1615959820239468e-07,1.0873186483378875e-05]",jnpp_then_vp,[],3115833.083087005,3096560,False,24728932.461836796,61.20933476114463,38.818354624722105,0.008192858197620138,"[5.024079422499956,5.030856005721563,5.011108875387033]",241.9800368770957,1601.4918105751276,1844.9567348733544,nan,nan,nan,nan,False,,nan,,,nan,nan,nan,,,,,,,,0.02666980470433658,0.001819115768082986,0.2509522186455804,nan,nan,nan,False,not_run,not_requested
fig1_fig2,free_jones_vp_gated_rescue,89,850792180,5.0,snr_db,5.0,3,3,3,3,full_6d,850792180,,,nan,,False,,2000.078455157578,0.0001340434414102006,0.0001340434414102006,1.777203460187442e-06,0.00010705631229273244,3.300844630280576e-13,0.2495402662586138,False,ris_only_stage2_then_vp,global_exact_spherical_vp,proposed_post_stage1,False,e62f5b0a8e95fbdb,jones_free,cpu,False,,numpy,numpy.linalg.solve,jones_free,False,,,0.0,0.0,0.0,0.0,True,6,4,nan,nan,"[0.0,0.0,0.0]",,"[4.1651464593492514e-07,3.9384283137235567e-07,9.529642909749838e-06]",jnpp_then_vp,[],3115833.083087005,3096560,False,24728932.461836796,61.20933476114463,38.818354624722105,0.008192858197620138,"[5.024079422499956,5.030856005721563,5.011108875387033]",241.9800368770957,379.9176645129919,638.1853605881333,nan,nan,nan,nan,False,,nan,,,nan,nan,nan,,,,,,,,0.02666980470433658,0.001819115768082986,0.2509522186455804,0.0001340434414102006,1.777203460187442e-06,0.2495402662586138,True,accepted,accepted
fig1_fig2,PEB,89,850792180,5.0,snr_db,5.0,3,3,3,3,full_6d,850792180,,,nan,,False,,5.758652843534946,nan,nan,nan,nan,nan,nan,False,,,peb_only,False,c80bcc99bd98238b,,,,,,,adaptive_jones,True,fixed_anchor_then_adaptive_jones_score_selection,,nan,nan,nan,nan,True,,,nan,nan,,,,,[],nan,,,nan,nan,nan,nan,,nan,nan,nan,0.00021697474541474194,nan,nan,0.00021697474541474194,False,2d81d18bd4ebd93cb30153245eac7dedb296bdb9883caf62dadd0506edd2daa4,0.24940123449576893,computed_unscaled,cpu,nan,nan,nan,,,,,,,,nan,nan,nan,nan,nan,nan,False,,
fig1_fig2,free_jones_vp,25,3407116044,10.0,snr_db,10.0,3,3,3,3,full_6d,3407116044,,,nan,,False,,187.73764321953058,0.0005660416749182019,0.0005660416749182019,1.3133385157161518e-06,4.091012213431628e-05,2.1458942185017637e-13,0.020453963588792673,False,direct_vp,global_exact_spherical_vp,proposed_post_stage1,False,31e3e8d0be66b8fc,jones_free,cpu,False,,numpy,numpy.linalg.solve,jones_free,False,,,0.0,0.0,0.0,0.0,True,6,4,nan,nan,"[0.0,0.0,0.0]",,"[2.4835829752445215e-07,8.613367272389051e-08,1.1532270348778967e-07]",direct_vp,[],3097044.3093917524,3096560,True,55288741.40591365,83.047190478721,53.2067221728472,0.015361726119978648,"[5.032181646846057,4.997802370143206,5.0017454681057165]",219.10598731040955,179.8367715254426,400.3986955061555,nan,nan,nan,nan,False,,nan,,,nan,nan,nan,,,,,,,,0.0005660416749182019,1.3133385157161518e-06,0.020453963588792673,nan,nan,nan,False,not_run,not_requested
fig1_fig2,free_jones_vp_gated_rescue,25,3407116044,10.0,snr_db,10.0,3,3,3,3,full_6d,3407116044,,,nan,,False,,187.5892330557108,0.0005660416749182019,0.0005660416749182019,1.3133385157161518e-06,4.091012213431628e-05,2.1458942185017637e-13,0.020453963588792673,False,direct_vp,global_exact_spherical_vp,proposed_post_stage1,False,31e3e8d0be66b8fc,jones_free,cpu,False,,numpy,numpy.linalg.solve,jones_free,False,,,0.0,0.0,0.0,0.0,True,6,4,nan,nan,"[0.0,0.0,0.0]",,"[2.4835829752445215e-07,8.613367272389051e-08,1.1532270348778967e-07]",direct_vp,[],3097044.3093917524,3096560,True,55288741.40591365,83.047190478721,53.2067221728472,0.015361726119978648,"[5.032181646846057,4.997802370143206,5.0017454681057165]",219.10598731040955,181.0051348283887,401.5670588091016,nan,nan,nan,nan,False,,nan,,,nan,nan,nan,,,,,,,,0.0005660416749182019,1.3133385157161518e-06,0.020453963588792673,nan,nan,nan,False,not_run,not_requested
fig1_fig2,PEB,25,3407116044,10.0,snr_db,10.0,3,3,3,3,full_6d,3407116044,,,nan,,False,,5.831437312066555,nan,nan,nan,nan,nan,nan,False,,,peb_only,False,991e3916b677d6b6,,,,,,,adaptive_jones,True,fixed_anchor_then_adaptive_jones_score_selection,,nan,nan,nan,nan,True,,,nan,nan,,,,,[],nan,,,nan,nan,nan,nan,,nan,nan,nan,0.00013626566801322015,nan,nan,0.00013626566801322015,False,b8c0aecbc648c84bc393cf0ea8f798ce1d40daafad542474a8d407dec27d44d6,0.02045087070981185,computed_unscaled,cpu,nan,nan,nan,,,,,,,,nan,nan,nan,nan,nan,nan,False,,
fig1_fig2,free_jones_vp,96,400860106,5.0,snr_db,5.0,3,3,3,3,full_6d,400860106,,,nan,,False,,1357.4030779600143,0.025960969704787687,0.025960969704787687,0.0011279584955374666,0.009050736727064057,6.122360455787332e-12,0.1231397494940441,False,direct_vp,global_exact_spherical_vp,proposed_post_stage1,False,0de36a45ca26593f,jones_free,cpu,False,,numpy,numpy.linalg.solve,jones_free,False,,,0.0,0.0,0.0,0.0,True,6,4,nan,nan,"[0.0,0.0,0.0]",,"[4.6354019946228534e-07,1.4265272916280742e-05,1.2384367406386993e-05]",jnpp_then_vp,[],3107348.903940212,3096560,False,13337736.616705934,165.84956471480515,14.4367246711035,0.06750910147815596,"[4.984918621898619,5.026278171542903,4.866941643330736]",225.3719891756773,1349.4986488446593,1576.2832031026483,nan,nan,nan,nan,False,,nan,,,nan,nan,nan,,,,,,,,0.025960969704787687,0.0011279584955374666,0.1231397494940441,nan,nan,nan,False,not_run,not_requested
fig1_fig2,free_jones_vp_gated_rescue,96,400860106,5.0,snr_db,5.0,3,3,3,3,full_6d,400860106,,,nan,,False,,1626.689830839634,0.0008782528255156667,0.0008782528255156667,2.8102679998206094e-06,0.00023352514467763554,1.1605971766545354e-12,0.12269689366349794,False,ris_only_stage2_then_vp,global_exact_spherical_vp,proposed_post_stage1,False,0de36a45ca26593f,jones_free,cpu,False,,numpy,numpy.linalg.solve,jones_free,False,,,0.0,0.0,0.0,0.0,True,6,4,nan,nan,"[0.0,0.0,0.0]",,"[4.96780314280324e-07,1.420263684834151e-05,1.4038520009510036e-05]",jnpp_then_vp,[],3107348.903940212,3096560,False,13337736.616705934,165.84956471480515,14.4367246711035,0.06750910147815596,"[4.984918621898619,5.026278171542903,4.866941643330736]",225.3719891756773,234.8706587255001,478.10638701170683,nan,nan,nan,nan,False,,nan,,,nan,nan,nan,,,,,,,,0.025960969704787687,0.0011279584955374666,0.1231397494940441,0.0008782528255156667,2.8102679998206094e-06,0.12269689366349794,True,accepted,accepted
fig1_fig2,PEB,96,400860106,5.0,snr_db,5.0,3,3,3,3,full_6d,400860106,,,nan,,False,,5.820641174912453,nan,nan,nan,nan,nan,nan,False,,,peb_only,False,abdb08125a3898dc,,,,,,,adaptive_jones,True,fixed_anchor_then_adaptive_jones_score_selection,,nan,nan,nan,nan,True,,,nan,nan,,,,,[],nan,,,nan,nan,nan,nan,,nan,nan,nan,0.0003193471769715712,nan,nan,0.0003193471769715712,False,068cb33011bae3d96200da86a8f7a06c5faec1d6e8cbb10e1a89bf0c1ef02e63,0.12271283486889886,computed_unscaled,cpu,nan,nan,nan,,,,,,,,nan,nan,nan,nan,nan,nan,False,,
fig1_fig2,free_jones_vp,91,3347136468,5.0,snr_db,5.0,3,3,3,3,full_6d,3347136468,,,nan,,False,,1774.7030666396022,0.00976937574210337,0.00976937574210337,0.00040586037935098744,0.001961394551707245,1.7077174375950321e-12,0.07809363649326943,False,direct_vp,global_exact_spherical_vp,proposed_post_stage1,False,60a6e2717a073ebd,jones_free,cpu,False,,numpy,numpy.linalg.solve,jones_free,False,,,0.0,0.0,0.0,0.0,True,6,4,nan,nan,"[0.0,0.0,0.0]",,"[4.980031407476346e-06,2.9257619383224568e-06,1.5890651480284334e-06]",jnpp_then_vp,"[""poor_clock_consistency""]",3102726.523030195,3096560,False,21694719.39803002,112.87036602341372,23.63128118071946,0.10039927118777946,"[4.859573280429767,5.080054792871332,5.064159086606961]",236.59886373579502,1643.1758793964982,1881.1974338963628,nan,nan,nan,nan,False,,nan,,,nan,nan,nan,,,,,,,,0.00976937574210337,0.00040586037935098744,0.07809363649326943,nan,nan,nan,False,not_run,not_requested
fig1_fig2,free_jones_vp_gated_rescue,91,3347136468,5.0,snr_db,5.0,3,3,3,3,full_6d,3347136468,,,nan,,False,,1961.422756060958,0.0005949006119734364,0.0005949006119734364,3.0553142094769447e-06,1.0976073292505316e-05,1.4409923691324233e-13,0.07799376846178639,False,ris_only_stage2_then_vp,global_exact_spherical_vp,proposed_post_stage1,False,60a6e2717a073ebd,jones_free,cpu,False,,numpy,numpy.linalg.solve,jones_free,False,,,0.0,0.0,0.0,0.0,True,6,4,nan,nan,"[0.0,0.0,0.0]",,"[4.049244665063665e-06,2.256678415087417e-06,1.6018752470055734e-06]",jnpp_then_vp,"[""poor_clock_consistency""]",3102726.523030195,3096560,False,21694719.39803002,112.87036602341372,23.63128118071946,0.10039927118777946,"[4.859573280429767,5.080054792871332,5.064159086606961]",236.59886373579502,135.89575227349997,391.1132516935468,nan,nan,nan,nan,False,,nan,,,nan,nan,nan,,,,,,,,0.00976937574210337,0.00040586037935098744,0.07809363649326943,0.0005949006119734364,3.0553142094769447e-06,0.07799376846178639,True,accepted,accepted
fig1_fig2,PEB,91,3347136468,5.0,snr_db,5.0,3,3,3,3,full_6d,3347136468,,,nan,,False,,5.855993740260601,nan,nan,nan,nan,nan,nan,False,,,peb_only,False,2f9cec15d1bd1ea6,,,,,,,adaptive_jones,True,fixed_anchor_then_adaptive_jones_score_selection,,nan,nan,nan,nan,True,,,nan,nan,,,,,[],nan,,,nan,nan,nan,nan,,nan,nan,nan,0.00019211923055776982,nan,nan,0.00019211923055776982,False,64607f16edc43d908c3fdfcf5a1ab43160e4a3b90bfd0c732196f2f9ce351b74,0.07793883177355007,computed_unscaled,cpu,nan,nan,nan,,,,,,,,nan,nan,nan,nan,nan,nan,False,,
fig1_fig2,free_jones_vp,99,791425146,5.0,snr_db,5.0,3,3,3,3,full_6d,791425146,,,nan,,False,,1485.0446071401238,0.022002792993780745,0.022002792993780745,0.0011690671658315702,0.0023089953745166116,1.897358853628375e-12,0.15494639587479428,False,direct_vp,global_exact_spherical_vp,proposed_post_stage1,False,9d04fbf10eb91b3a,jones_free,cpu,False,,numpy,numpy.linalg.solve,jones_free,False,,,0.0,0.0,0.0,0.0,True,6,4,nan,nan,"[0.0,0.0,0.0]",,"[1.955343418297433e-05,1.966642929383859e-07,6.812824533524331e-06]",jnpp_then_vp,[],3111712.845795043,3096560,False,22690367.053124376,86.74090842470537,17.355914267869437,0.04034115098390275,"[5.044711966744809,4.995776168100209,5.094589906515483]",228.271817214787,1350.7670067027211,1580.5740093365312,nan,nan,nan,nan,False,,nan,,,nan,nan,nan,,,,,,,,0.022002792993780745,0.0011690671658315702,0.15494639587479428,nan,nan,nan,False,not_run,not_requested
fig1_fig2,free_jones_vp_gated_rescue,99,791425146,5.0,snr_db,5.0,3,3,3,3,full_6d,791425146,,,nan,,False,,1575.5967226028442,0.0002689078765552106,0.0002689078765552106,9.508871796101177e-07,2.3715008506347898e-05,6.192793552586041e-13,0.1543726774349332,False,ris_only_stage2_then_vp,global_exact_spherical_vp,proposed_post_stage1,False,9d04fbf10eb91b3a,jones_free,cpu,False,,numpy,numpy.linalg.solve,jones_free,False,,,0.0,0.0,0.0,0.0,True,6,4,nan,nan,"[0.0,0.0,0.0]",,"[1.8884496606375804e-05,2.5090559986339983e-07,9.019602521367786e-06]",jnpp_then_vp,[],3111712.845795043,3096560,False,22690367.053124376,86.74090842470537,17.355914267869437,0.04034115098390275,"[5.044711966744809,4.995776168100209,5.094589906515483]",228.271817214787,53.66761703789234,298.4226976111531,nan,nan,nan,nan,False,,nan,,,nan,nan,nan,,,,,,,,0.022002792993780745,0.0011690671658315702,0.15494639587479428,0.0002689078765552106,9.508871796101177e-07,0.1543726774349332,True,accepted,accepted
fig1_fig2,PEB,99,791425146,5.0,snr_db,5.0,3,3,3,3,full_6d,791425146,,,nan,,False,,6.347878850996494,nan,nan,nan,nan,nan,nan,False,,,peb_only,False,9a2300c8705ea627,,,,,,,adaptive_jones,True,fixed_anchor_then_adaptive_jones_score_selection,,nan,nan,nan,nan,True,,,nan,nan,,,,,[],nan,,,nan,nan,nan,nan,,nan,nan,nan,0.00022699689379668454,nan,nan,0.00022699689379668454,False,e87830ebc0416602d2d1d8939341d7618b51ba4eed304ffbe1d9772aa1babc70,0.15419266318251715,computed_unscaled,cpu,nan,nan,nan,,,,,,,,nan,nan,nan,nan,nan,nan,False,,
fig1_fig2,free_jones_vp,24,2465240206,10.0,snr_db,10.0,3,3,3,3,full_6d,2465240206,,,nan,,False,,447.2697686031461,0.004044086736431656,0.004044086736431656,0.0001359817578680356,0.0008240492409385296,1.3331259704305857e-13,0.05258449040086006,False,direct_vp,global_exact_spherical_vp,proposed_post_stage1,False,543cd23b4bfc222c,jones_free,cpu,False,,numpy,numpy.linalg.solve,jones_free,False,,,0.0,0.0,0.0,0.0,True,6,4,nan,nan,"[0.0,0.0,0.0]",,"[5.908280632605367e-07,2.014344308729207e-08,2.3714554683612952e-05]",direct_vp,[],3100314.553935065,3096560,True,50670188.882309414,107.60326715654845,22.401201512526203,0.056402853616490355,"[5.015704471540692,5.003696014100159,5.128895948467898]",226.0605927184224,439.6517292112112,667.1632080301642,nan,nan,nan,nan,False,,nan,,,nan,nan,nan,,,,,,,,0.004044086736431656,0.0001359817578680356,0.05258449040086006,nan,nan,nan,False,not_run,not_requested
fig1_fig2,free_jones_vp_gated_rescue,24,2465240206,10.0,snr_db,10.0,3,3,3,3,full_6d,2465240206,,,nan,,False,,441.0163050815463,0.004044086736431656,0.004044086736431656,0.0001359817578680356,0.0008240492409385296,1.3331259704305857e-13,0.05258449040086006,False,direct_vp,global_exact_spherical_vp,proposed_post_stage1,False,543cd23b4bfc222c,jones_free,cpu,False,,numpy,numpy.linalg.solve,jones_free,False,,,0.0,0.0,0.0,0.0,True,6,4,nan,nan,"[0.0,0.0,0.0]",,"[5.908280632605367e-07,2.014344308729207e-08,2.3714554683612952e-05]",direct_vp,[],3100314.553935065,3096560,True,50670188.882309414,107.60326715654845,22.401201512526203,0.056402853616490355,"[5.015704471540692,5.003696014100159,5.128895948467898]",226.0605927184224,434.63383684307337,662.1453156620264,nan,nan,nan,nan,False,,nan,,,nan,nan,nan,,,,,,,,0.004044086736431656,0.0001359817578680356,0.05258449040086006,nan,nan,nan,False,not_run,not_requested
fig1_fig2,PEB,24,2465240206,10.0,snr_db,10.0,3,3,3,3,full_6d,2465240206,,,nan,,False,,6.080113343894482,nan,nan,nan,nan,nan,nan,False,,,peb_only,False,1320db7ffe2db933,,,,,,,adaptive_jones,True,fixed_anchor_then_adaptive_jones_score_selection,,nan,nan,nan,nan,True,,,nan,nan,,,,,[],nan,,,nan,nan,nan,nan,,nan,nan,nan,0.00014217162358910092,nan,nan,0.00014217162358910092,False,d0abc1777196bcc1a36b4bbbb5b3c3e641533288ceccc09b778d2fb6777f61b5,0.05252108072094162,computed_unscaled,cpu,nan,nan,nan,,,,,,,,nan,nan,nan,nan,nan,nan,False,,
fig1_fig2,free_jones_vp,0,3147786918,10.0,snr_db,10.0,3,3,3,3,full_6d,3147786918,,,nan,,False,,1502.7624759078026,0.00367578003089842,0.00367578003089842,0.000502075155537073,0.003299529576260906,9.0568203387665e-13,0.03982904292425066,False,direct_vp,global_exact_spherical_vp,proposed_post_stage1,False,1a68fb940890e521,jones_free,cpu,False,,numpy,numpy.linalg.solve,jones_free,False,,,0.0,0.0,0.0,0.0,True,6,4,nan,nan,"[0.0,0.0,0.0]",,"[2.766502439033275e-07,6.423812669345551e-08,6.700080872019884e-07]",jnpp_then_vp,[],3110928.2862463924,3096560,False,82237425.20829362,70.06061828586492,57.727813203077325,0.007758291654363685,"[5.000718181959905,4.981718633799398,4.991568807003802]",236.92044166475534,1384.474719747901,1622.8433920741081,nan,nan,nan,nan,False,,nan,,,nan,nan,nan,,,,,,,,0.00367578003089842,0.000502075155537073,0.03982904292425066,nan,nan,nan,False,not_run,not_requested
fig1_fig2,free_jones_vp_gated_rescue,0,3147786918,10.0,snr_db,10.0,3,3,3,3,full_6d,3147786918,,,nan,,False,,1594.756997719407,9.437314027322332e-05,9.437314027322332e-05,4.896513720807854e-07,4.131349139853712e-05,9.203526722319135e-14,0.039631227966323256,False,ris_only_stage2_then_vp,global_exact_spherical_vp,proposed_post_stage1,False,1a68fb940890e521,jones_free,cpu,False,,numpy,numpy.linalg.solve,jones_free,False,,,0.0,0.0,0.0,0.0,True,6,4,nan,nan,"[0.0,0.0,0.0]",,"[3.755331081951494e-07,5.76446023445306e-08,7.663176641471819e-07]",jnpp_then_vp,[],3110928.2862463924,3096560,False,82237425.20829362,70.06061828586492,57.727813203077325,0.007758291654363685,"[5.000718181959905,4.981718633799398,4.991568807003802]",236.92044166475534,53.34751521795988,305.54606077075005,nan,nan,nan,nan,False,,nan,,,nan,nan,nan,,,,,,,,0.00367578003089842,0.000502075155537073,0.03982904292425066,9.437314027322332e-05,4.896513720807854e-07,0.039631227966323256,True,accepted,accepted
fig1_fig2,PEB,0,3147786918,10.0,snr_db,10.0,3,3,3,3,full_6d,3147786918,,,nan,,False,,5.674817964434624,nan,nan,nan,nan,nan,nan,False,,,peb_only,False,1f5c62ddf748dcd0,,,,,,,adaptive_jones,True,fixed_anchor_then_adaptive_jones_score_selection,,nan,nan,nan,nan,True,,,nan,nan,,,,,[],nan,,,nan,nan,nan,nan,,nan,nan,nan,0.0001129316608688006,nan,nan,0.0001129316608688006,False,7c738a48c71d396c30709f16037cef480e872ff8eba0c095999cea8980974cb0,0.03964529139661309,computed_unscaled,cpu,nan,nan,nan,,,,,,,,nan,nan,nan,nan,nan,nan,False,,
fig1_fig2,free_jones_vp,32,2857393641,10.0,snr_db,10.0,3,3,3,3,full_6d,2857393641,,,nan,,False,,125.46659680455923,0.0010026685552887108,0.0010026685552887108,2.2868863784410798e-05,0.0007409853755138615,2.462324363146501e-13,0.018066176568161132,False,direct_vp,global_exact_spherical_vp,proposed_post_stage1,False,61c71fafdce39149,jones_free,cpu,False,,numpy,numpy.linalg.solve,jones_free,False,,,0.0,0.0,0.0,0.0,True,6,4,nan,nan,"[0.0,0.0,0.0]",,"[1.56698641737505e-07,1.7970721374872664e-07,3.059724783069223e-06]",direct_vp,[],3095467.4658193286,3096560,True,77917254.85243054,73.60699525544803,71.24321692150812,0.014200453433269363,"[5.027451744987686,4.992696704851042,5.008848117859513]",238.2971052452922,117.8959302008152,357.70804673433304,nan,nan,nan,nan,False,,nan,,,nan,nan,nan,,,,,,,,0.0010026685552887108,2.2868863784410798e-05,0.018066176568161132,nan,nan,nan,False,not_run,not_requested
fig1_fig2,free_jones_vp_gated_rescue,32,2857393641,10.0,snr_db,10.0,3,3,3,3,full_6d,2857393641,,,nan,,False,,122.59552100300789,0.0010026685552887108,0.0010026685552887108,2.2868863784410798e-05,0.0007409853755138615,2.462324363146501e-13,0.018066176568161132,False,direct_vp,global_exact_spherical_vp,proposed_post_stage1,False,61c71fafdce39149,jones_free,cpu,False,,numpy,numpy.linalg.solve,jones_free,False,,,0.0,0.0,0.0,0.0,True,6,4,nan,nan,"[0.0,0.0,0.0]",,"[1.56698641737505e-07,1.7970721374872664e-07,3.059724783069223e-06]",direct_vp,[],3095467.4658193286,3096560,True,77917254.85243054,73.60699525544803,71.24321692150812,0.014200453433269363,"[5.027451744987686,4.992696704851042,5.008848117859513]",238.2971052452922,116.06362529844046,355.8757418319583,nan,nan,nan,nan,False,,nan,,,nan,nan,nan,,,,,,,,0.0010026685552887108,2.2868863784410798e-05,0.018066176568161132,nan,nan,nan,False,not_run,not_requested
fig1_fig2,PEB,32,2857393641,10.0,snr_db,10.0,3,3,3,3,full_6d,2857393641,,,nan,,False,,5.567782253026962,nan,nan,nan,nan,nan,nan,False,,,peb_only,False,7e70082d643da715,,,,,,,adaptive_jones,True,fixed_anchor_then_adaptive_jones_score_selection,,nan,nan,nan,nan,True,,,nan,nan,,,,,[],nan,,,nan,nan,nan,nan,,nan,nan,nan,0.00011542732131935694,nan,nan,0.00011542732131935694,False,73ca4065ba0c89751d2f0dc2de518337698a325ed5053ee6dc1f366512a9f819,0.01807264634193876,computed_unscaled,cpu,nan,nan,nan,,,,,,,,nan,nan,nan,nan,nan,nan,False,,
fig1_fig2,free_jones_vp,5,2290547997,10.0,snr_db,10.0,3,3,3,3,full_6d,2290547997,,,nan,,False,,1503.417121514678,0.026799591648464603,0.026799591648464603,0.0020850243422734717,0.0008265633190268921,2.075010493969318e-12,0.027839715932345407,False,direct_vp,global_exact_spherical_vp,proposed_post_stage1,False,fc842daa8a2c69b4,jones_free,cpu,False,,numpy,numpy.linalg.solve,jones_free,False,,,0.0,0.0,0.0,0.0,True,6,4,nan,nan,"[0.0,0.0,0.0]",,"[5.155569985946516e-06,1.4370277735860232e-08,8.871339244943576e-07]",jnpp_then_vp,[],3157792.316821095,3096560,False,79465365.71726018,67.52572456686576,60.94144665501855,0.011834601426100414,"[5.004192151710547,5.007074655435071,5.030613964781968]",227.38160417228937,1495.7814288884401,1724.6605790108442,nan,nan,nan,nan,False,,nan,,,nan,nan,nan,,,,,,,,0.026799591648464603,0.0020850243422734717,0.027839715932345407,nan,nan,nan,False,not_run,not_requested
fig1_fig2,free_jones_vp_gated_rescue,5,2290547997,10.0,snr_db,10.0,3,3,3,3,full_6d,2290547997,,,nan,,False,,1597.0384806245565,0.0002276314826613972,0.0002276314826613972,5.929953629347998e-07,2.032356240014438e-05,2.6187246312059436e-13,0.027277103066217785,False,ris_only_stage2_then_vp,global_exact_spherical_vp,proposed_post_stage1,False,fc842daa8a2c69b4,jones_free,cpu,False,,numpy,numpy.linalg.solve,jones_free,False,,,0.0,0.0,0.0,0.0,True,6,4,nan,nan,"[0.0,0.0,0.0]",,"[3.326754083826111e-06,2.8047611689063235e-09,8.52696650358408e-07]",jnpp_then_vp,[],3157792.316821095,3096560,False,79465365.71726018,67.52572456686576,60.94144665501855,0.011834601426100414,"[5.004192151710547,5.007074655435071,5.030613964781968]",227.38160417228937,54.608739636838436,298.66799061000347,nan,nan,nan,nan,False,,nan,,,nan,nan,nan,,,,,,,,0.026799591648464603,0.0020850243422734717,0.027839715932345407,0.0002276314826613972,5.929953629347998e-07,0.027277103066217785,True,accepted,accepted
fig1_fig2,PEB,5,2290547997,10.0,snr_db,10.0,3,3,3,3,full_6d,2290547997,,,nan,,False,,5.978780567646027,nan,nan,nan,nan,nan,nan,False,,,peb_only,False,a236fb68fb87e983,,,,,,,adaptive_jones,True,fixed_anchor_then_adaptive_jones_score_selection,,nan,nan,nan,nan,True,,,nan,nan,,,,,[],nan,,,nan,nan,nan,nan,,nan,nan,nan,0.00012132769578718878,nan,nan,0.00012132769578718878,False,38f1169f92c897947506b479f5ee71ac29695cde812eaf9f2f26b2ce8e8773e4,0.027300020886016525,computed_unscaled,cpu,nan,nan,nan,,,,,,,,nan,nan,nan,nan,nan,nan,False,,
fig1_fig2,free_jones_vp,16,1080178429,10.0,snr_db,10.0,3,3,3,3,full_6d,1080178429,,,nan,,False,,1130.3293192982674,0.005017724909069787,0.005017724909069787,0.0004938786788989436,0.0044681501390969715,1.794809962619954e-12,0.048327686807955975,False,direct_vp,global_exact_spherical_vp,proposed_post_stage1,False,13c6d225d12e4ecd,jones_free,cpu,False,,numpy,numpy.linalg.solve,jones_free,False,,,0.0,0.0,0.0,0.0,True,6,4,nan,nan,"[0.0,0.0,0.0]",,"[3.1998636553080886e-07,4.397983388516634e-06,3.767696527870251e-08]",jnpp_then_vp,[],3116114.595097521,3096560,False,86013299.83764473,87.52275757127141,22.164751207936053,0.06163268496438697,"[5.012216689396223,5.1124268371364625,4.964535823228694]",242.105438567698,999.9316141158342,1243.4647033810616,nan,nan,nan,nan,False,,nan,,,nan,nan,nan,,,,,,,,0.005017724909069787,0.0004938786788989436,0.048327686807955975,nan,nan,nan,False,not_run,not_requested
fig1_fig2,free_jones_vp_gated_rescue,16,1080178429,10.0,snr_db,10.0,3,3,3,3,full_6d,1080178429,,,nan,,False,,1351.9030846133828,0.0004005768125173496,0.0004005768125173496,3.394802473778706e-06,0.0003557104498442354,2.5642439827394477e-13,0.04809425704384153,False,ris_only_stage2_then_vp,global_exact_spherical_vp,proposed_post_stage1,False,13c6d225d12e4ecd,jones_free,cpu,False,,numpy,numpy.linalg.solve,jones_free,False,,,0.0,0.0,0.0,0.0,True,6,4,nan,nan,"[0.0,0.0,0.0]",,"[3.247244170231731e-07,3.1227281865027447e-06,4.460107449431538e-08]",jnpp_then_vp,[],3116114.595097521,3096560,False,86013299.83764473,87.52275757127141,22.164751207936053,0.06163268496438697,"[5.012216689396223,5.1124268371364625,4.964535823228694]",242.105438567698,203.5470326244831,461.26689110696316,nan,nan,nan,nan,False,,nan,,,nan,nan,nan,,,,,,,,0.005017724909069787,0.0004938786788989436,0.048327686807955975,0.0004005768125173496,3.394802473778706e-06,0.04809425704384153,True,accepted,accepted
fig1_fig2,PEB,16,1080178429,10.0,snr_db,10.0,3,3,3,3,full_6d,1080178429,,,nan,,False,,5.877572901546955,nan,nan,nan,nan,nan,nan,False,,,peb_only,False,e928ec3b846b6150,,,,,,,adaptive_jones,True,fixed_anchor_then_adaptive_jones_score_selection,,nan,nan,nan,nan,True,,,nan,nan,,,,,[],nan,,,nan,nan,nan,nan,,nan,nan,nan,0.0001049215008865352,nan,nan,0.0001049215008865352,False,2793ff1fce7242989610050dae2e9fefacb8b15f6d60bfd2b55605797f0e0ce8,0.04802466357959781,computed_unscaled,cpu,nan,nan,nan,,,,,,,,nan,nan,nan,nan,nan,nan,False,,
fig1_fig2,free_jones_vp,10,781873798,10.0,snr_db,10.0,3,3,3,3,full_6d,781873798,,,nan,,False,,1465.7738366946578,0.0006791083396580582,0.0006791083396580582,6.119614364577913e-06,0.0005097053853186497,2.1807884837119384e-13,0.022037037415164943,False,direct_vp,global_exact_spherical_vp,proposed_post_stage1,False,08c27f669a7a490b,jones_free,cpu,False,,numpy,numpy.linalg.solve,jones_free,False,,,0.0,0.0,0.0,0.0,True,6,4,nan,nan,"[0.0,0.0,0.0]",,"[2.0384254299625743e-07,7.846849737307891e-07,2.216925671016744e-07]",direct_vp,[],3094410.506205664,3096560,True,81562288.15058637,81.19026924544033,46.697171885746265,0.01865952968975352,"[4.998051093211707,5.040346786368251,5.004195374467091]",219.90012832731009,1338.2508517578244,1559.508026920259,nan,nan,nan,nan,False,,nan,,,nan,nan,nan,,,,,,,,0.0006791083396580582,6.119614364577913e-06,0.022037037415164943,nan,nan,nan,False,not_run,not_requested
fig1_fig2,free_jones_vp_gated_rescue,10,781873798,10.0,snr_db,10.0,3,3,3,3,full_6d,781873798,,,nan,,False,,1485.281978778541,0.0006791083396580582,0.0006791083396580582,6.119614364577913e-06,0.0005097053853186497,2.1807884837119384e-13,0.022037037415164943,False,direct_vp,global_exact_spherical_vp,proposed_post_stage1,False,08c27f669a7a490b,jones_free,cpu,False,,numpy,numpy.linalg.solve,jones_free,False,,,0.0,0.0,0.0,0.0,True,6,4,nan,nan,"[0.0,0.0,0.0]",,"[2.0384254299625743e-07,7.846849737307891e-07,2.216925671016744e-07]",direct_vp,[],3094410.506205664,3096560,True,81562288.15058637,81.19026924544033,46.697171885746265,0.01865952968975352,"[4.998051093211707,5.040346786368251,5.004195374467091]",219.90012832731009,1355.160768352449,1576.4179435148835,nan,nan,nan,nan,False,,nan,,,nan,nan,nan,,,,,,,,0.0006791083396580582,6.119614364577913e-06,0.022037037415164943,nan,nan,nan,False,not_run,not_requested
fig1_fig2,PEB,10,781873798,10.0,snr_db,10.0,3,3,3,3,full_6d,781873798,,,nan,,False,,5.735862091183662,nan,nan,nan,nan,nan,nan,False,,,peb_only,False,b6b5f5f02819860e,,,,,,,adaptive_jones,True,fixed_anchor_then_adaptive_jones_score_selection,,nan,nan,nan,nan,True,,,nan,nan,,,,,[],nan,,,nan,nan,nan,nan,,nan,nan,nan,0.00010995103100430105,nan,nan,0.00010995103100430105,False,f2ef97a231c1a4af27e9b56c32078a57d13f76cf0fcef71f5aea3cacfcafd031,0.022052459114280942,computed_unscaled,cpu,nan,nan,nan,,,,,,,,nan,nan,nan,nan,nan,nan,False,,
fig1_fig2,free_jones_vp,12,2210497206,10.0,snr_db,10.0,3,3,3,3,full_6d,2210497206,,,nan,,False,,1377.9004574418068,0.005140593763893791,0.005140593763893791,0.0006776397021403747,0.004622660976697193,1.3875512618296751e-12,0.04589818124815053,False,direct_vp,global_exact_spherical_vp,proposed_post_stage1,False,f5f5cd830eb2c788,jones_free,cpu,False,,numpy,numpy.linalg.solve,jones_free,False,,,0.0,0.0,0.0,0.0,True,6,4,nan,nan,"[0.0,0.0,0.0]",,"[1.0333159805835312e-06,7.525117051649449e-07,3.5932892819732634e-07]",jnpp_then_vp,[],3119695.5008256296,3096560,False,90872735.7636531,71.66784051877038,58.44988433394613,0.0050346529200789684,"[5.018925823935795,5.028025516781989,5.0162672393441605]",228.37008465081453,1263.5150411501527,1493.3345259651542,nan,nan,nan,nan,False,,nan,,,nan,nan,nan,,,,,,,,0.005140593763893791,0.0006776397021403747,0.04589818124815053,nan,nan,nan,False,not_run,not_requested
fig1_fig2,free_jones_vp_gated_rescue,12,2210497206,10.0,snr_db,10.0,3,3,3,3,full_6d,2210497206,,,nan,,False,,1464.336257249117,0.00012158892832704839,0.00012158892832704839,5.255491648538752e-07,8.349698317621193e-05,7.983643608026531e-14,0.045591844349103294,False,ris_only_stage2_then_vp,global_exact_spherical_vp,proposed_post_stage1,False,f5f5cd830eb2c788,jones_free,cpu,False,,numpy,numpy.linalg.solve,jones_free,False,,,0.0,0.0,0.0,0.0,True,6,4,nan,nan,"[0.0,0.0,0.0]",,"[1.0361146334560556e-06,7.187996004459901e-07,3.1665766056267124e-07]",jnpp_then_vp,[],3119695.5008256296,3096560,False,90872735.7636531,71.66784051877038,58.44988433394613,0.0050346529200789684,"[5.018925823935795,5.028025516781989,5.0162672393441605]",228.37008465081453,52.389240965247154,296.66636773198843,nan,nan,nan,nan,False,,nan,,,nan,nan,nan,,,,,,,,0.005140593763893791,0.0006776397021403747,0.04589818124815053,0.00012158892832704839,5.255491648538752e-07,0.045591844349103294,True,accepted,accepted
fig1_fig2,PEB,12,2210497206,10.0,snr_db,10.0,3,3,3,3,full_6d,2210497206,,,nan,,False,,5.605140596628189,nan,nan,nan,nan,nan,nan,False,,,peb_only,False,941bc5bd33448aaa,,,,,,,adaptive_jones,True,fixed_anchor_then_adaptive_jones_score_selection,,nan,nan,nan,nan,True,,,nan,nan,,,,,[],nan,,,nan,nan,nan,nan,,nan,nan,nan,0.00010167793032284744,nan,nan,0.00010167793032284744,False,0a1c4f0b423cde7d810066f20685360779b434f786c785131581505ed3dd312e,0.04555803810309657,computed_unscaled,cpu,nan,nan,nan,,,,,,,,nan,nan,nan,nan,nan,nan,False,,
fig1_fig2,free_jones_vp,13,634888206,10.0,snr_db,10.0,3,3,3,3,full_6d,634888206,,,nan,,False,,1414.1381506621838,0.02242412651696658,0.02242412651696658,0.0013932821423193115,0.002821938288297469,2.1835554307907746e-12,0.02072741282065764,False,direct_vp,global_exact_spherical_vp,proposed_post_stage1,False,f554ff4893cb48fc,jones_free,cpu,False,,numpy,numpy.linalg.solve,jones_free,False,,,0.0,0.0,0.0,0.0,True,6,4,nan,nan,"[0.0,0.0,0.0]",,"[8.871074441905817e-07,6.17870560610172e-07,7.746958347939021e-07]",jnpp_then_vp,[],3137708.9243188123,3096560,False,79548266.1943607,76.25825371249067,43.31177546109365,0.02554558594409671,"[5.002957739455909,5.064281949348239,5.044394921493849]",227.9230703637004,1283.3818575292826,1512.5418570935726,nan,nan,nan,nan,False,,nan,,,nan,nan,nan,,,,,,,,0.02242412651696658,0.0013932821423193115,0.02072741282065764,nan,nan,nan,False,not_run,not_requested
fig1_fig2,free_jones_vp_gated_rescue,13,634888206,10.0,snr_db,10.0,3,3,3,3,full_6d,634888206,,,nan,,False,,1479.9714557528496,0.00010395200520624965,0.00010395200520624965,6.092188689115633e-07,6.669601328844084e-05,2.3565144634773404e-13,0.02044649693434872,False,ris_only_stage2_then_vp,global_exact_spherical_vp,proposed_post_stage1,False,f554ff4893cb48fc,jones_free,cpu,False,,numpy,numpy.linalg.solve,jones_free,False,,,0.0,0.0,0.0,0.0,True,6,4,nan,nan,"[0.0,0.0,0.0]",,"[9.017116330216507e-07,3.802447578882842e-07,8.199944559768127e-07]",jnpp_then_vp,[],3137708.9243188123,3096560,False,79548266.1943607,76.25825371249067,43.31177546109365,0.02554558594409671,"[5.002957739455909,5.064281949348239,5.044394921493849]",227.9230703637004,52.31731189787388,295.41245524585247,nan,nan,nan,nan,False,,nan,,,nan,nan,nan,,,,,,,,0.02242412651696658,0.0013932821423193115,0.02072741282065764,0.00010395200520624965,6.092188689115633e-07,0.02044649693434872,True,accepted,accepted
fig1_fig2,PEB,13,634888206,10.0,snr_db,10.0,3,3,3,3,full_6d,634888206,,,nan,,False,,5.5805574506521225,nan,nan,nan,nan,nan,nan,False,,,peb_only,False,114fa36ffbd8cec9,,,,,,,adaptive_jones,True,fixed_anchor_then_adaptive_jones_score_selection,,nan,nan,nan,nan,True,,,nan,nan,,,,,[],nan,,,nan,nan,nan,nan,,nan,nan,nan,0.00011789249478039746,nan,nan,0.00011789249478039746,False,11da97468c8b90c59dcc518746f48f2217739b6c2c3deec78f2d1177de9045c5,0.020455692554871042,computed_unscaled,cpu,nan,nan,nan,,,,,,,,nan,nan,nan,nan,nan,nan,False,,
fig1_fig2,free_jones_vp,14,1092560480,10.0,snr_db,10.0,3,3,3,3,full_6d,1092560480,,,nan,,False,,1559.2534743994474,0.02334102437287296,0.02334102437287296,0.0015813419212182768,0.0029084807676012137,2.06380692173211e-12,0.021956889175514097,False,direct_vp,global_exact_spherical_vp,proposed_post_stage1,False,8b24981d712fcb9c,jones_free,cpu,False,,numpy,numpy.linalg.solve,jones_free,False,,,0.0,0.0,0.0,0.0,True,6,4,nan,nan,"[0.0,0.0,0.0]",,"[7.532387626626366e-07,4.672878957906921e-07,1.4226237301219846e-06]",jnpp_then_vp,[],3143106.3224492236,3096560,False,84653558.94463153,64.40729822855688,54.22386208892347,0.015250199779178544,"[5.025940111288147,4.990894531200514,4.997218475004078]",232.7482956573367,1550.7354157567024,1784.8656328171492,nan,nan,nan,nan,False,,nan,,,nan,nan,nan,,,,,,,,0.02334102437287296,0.0015813419212182768,0.021956889175514097,nan,nan,nan,False,not_run,not_requested
fig1_fig2,free_jones_vp_gated_rescue,14,1092560480,10.0,snr_db,10.0,3,3,3,3,full_6d,1092560480,,,nan,,False,,1620.2360674738884,0.00033931954365929535,0.00033931954365929535,1.107635360400441e-06,0.00013516361821981537,2.2040505083291038e-13,0.0216175731281103,False,ris_only_stage2_then_vp,global_exact_spherical_vp,proposed_post_stage1,False,8b24981d712fcb9c,jones_free,cpu,False,,numpy,numpy.linalg.solve,jones_free,False,,,0.0,0.0,0.0,0.0,True,6,4,nan,nan,"[0.0,0.0,0.0]",,"[7.13387424115569e-07,5.545294008277586e-07,1.195893519886486e-06]",jnpp_then_vp,[],3143106.3224492236,3096560,False,84653558.94463153,64.40729822855688,54.22386208892347,0.015250199779178544,"[5.025940111288147,4.990894531200514,4.997218475004078]",232.7482956573367,55.35403122752905,304.27981755137444,nan,nan,nan,nan,False,,nan,,,nan,nan,nan,,,,,,,,0.02334102437287296,0.0015813419212182768,0.021956889175514097,0.00033931954365929535,1.107635360400441e-06,0.0216175731281103,True,accepted,accepted
fig1_fig2,PEB,14,1092560480,10.0,snr_db,10.0,3,3,3,3,full_6d,1092560480,,,nan,,False,,6.458959139883518,nan,nan,nan,nan,nan,nan,False,,,peb_only,False,b1116a47d10b3909,,,,,,,adaptive_jones,True,fixed_anchor_then_adaptive_jones_score_selection,,nan,nan,nan,nan,True,,,nan,nan,,,,,[],nan,,,nan,nan,nan,nan,,nan,nan,nan,0.00011431537096209003,nan,nan,0.00011431537096209003,False,f1022bc01518ff6f31f9f6e642efb32029d98d2c096644b99cc3e0e6c8ec44d7,0.021631840949807746,computed_unscaled,cpu,nan,nan,nan,,,,,,,,nan,nan,nan,nan,nan,nan,False,,
fig1_fig2,free_jones_vp,11,3685333214,10.0,snr_db,10.0,3,3,3,3,full_6d,3685333214,,,nan,,False,,1595.9493138566613,0.027702876799634547,0.027702876799634547,0.0023766153243812674,0.0033907873044848333,5.744749772922919e-12,0.0293131003309938,False,direct_vp,global_exact_spherical_vp,proposed_post_stage1,False,54a1fba45fe82f14,jones_free,cpu,False,,numpy,numpy.linalg.solve,jones_free,False,,,0.0,0.0,0.0,0.0,True,6,4,nan,nan,"[0.0,0.0,0.0]",,"[8.784962627562268e-06,8.8049132579279e-08,3.2554802176872687e-06]",jnpp_then_vp,[],3165559.485300983,3096560,False,66491353.409875974,83.18554312180548,24.331054554887267,0.07497497130486114,"[5.152881844563871,4.989867662144343,4.998125926078095]",214.55360763520002,1589.0642566233873,1804.956193998456,nan,nan,nan,nan,False,,nan,,,nan,nan,nan,,,,,,,,0.027702876799634547,0.0023766153243812674,0.0293131003309938,nan,nan,nan,False,not_run,not_requested
fig1_fig2,free_jones_vp_gated_rescue,11,3685333214,10.0,snr_db,10.0,3,3,3,3,full_6d,3685333214,,,nan,,False,,1782.5052792802453,0.00041937710672364616,0.00041937710672364616,8.840853757568809e-07,0.00017757169761617743,3.06148880472637e-13,0.02863147315896363,False,ris_only_stage2_then_vp,global_exact_spherical_vp,proposed_post_stage1,False,54a1fba45fe82f14,jones_free,cpu,False,,numpy,numpy.linalg.solve,jones_free,False,,,0.0,0.0,0.0,0.0,True,6,4,nan,nan,"[0.0,0.0,0.0]",,"[4.652326485673519e-06,6.775799416071783e-08,3.344064391261431e-06]",jnpp_then_vp,[],3165559.485300983,3096560,False,66491353.409875974,83.18554312180548,24.331054554887267,0.07497497130486114,"[5.152881844563871,4.989867662144343,4.998125926078095]",214.55360763520002,146.92173850536346,377.57408145070076,nan,nan,nan,nan,False,,nan,,,nan,nan,nan,,,,,,,,0.027702876799634547,0.0023766153243812674,0.0293131003309938,0.00041937710672364616,8.840853757568809e-07,0.02863147315896363,True,accepted,accepted
fig1_fig2,PEB,11,3685333214,10.0,snr_db,10.0,3,3,3,3,full_6d,3685333214,,,nan,,False,,5.798205241560936,nan,nan,nan,nan,nan,nan,False,,,peb_only,False,15fbad3a84221363,,,,,,,adaptive_jones,True,fixed_anchor_then_adaptive_jones_score_selection,,nan,nan,nan,nan,True,,,nan,nan,,,,,[],nan,,,nan,nan,nan,nan,,nan,nan,nan,0.00013621409396788242,nan,nan,0.00013621409396788242,False,e9ccda1e403051d390ee49d3f08d80b8c395469b47c082ff498964bcdaeda690,0.028674312832228134,computed_unscaled,cpu,nan,nan,nan,,,,,,,,nan,nan,nan,nan,nan,nan,False,,
fig1_fig2,free_jones_vp,17,2127997378,10.0,snr_db,10.0,3,3,3,3,full_6d,2127997378,,,nan,,False,,1437.9340902343392,0.004088767621663946,0.004088767621663946,0.0006449473827507869,0.0035043364462290184,2.207432475085452e-12,0.04030695815326197,False,direct_vp,global_exact_spherical_vp,proposed_post_stage1,False,c8e08e9ffdd773e1,jones_free,cpu,False,,numpy,numpy.linalg.solve,jones_free,False,,,0.0,0.0,0.0,0.0,True,6,4,nan,nan,"[0.0,0.0,0.0]",,"[1.9760319086515025e-06,3.4916458550508874e-08,2.614560147542131e-06]",jnpp_then_vp,[],3119941.555338441,3096560,False,64872945.190877944,83.36886677274596,57.62661757301991,0.04146363935508683,"[4.989758369450201,4.981470354809337,5.073278675613329]",237.22306855767965,1322.6781800612807,1561.334978736937,nan,nan,nan,nan,False,,nan,,,nan,nan,nan,,,,,,,,0.004088767621663946,0.0006449473827507869,0.04030695815326197,nan,nan,nan,False,not_run,not_requested
fig1_fig2,free_jones_vp_gated_rescue,17,2127997378,10.0,snr_db,10.0,3,3,3,3,full_6d,2127997378,,,nan,,False,,1572.1250148937106,6.879897879080748e-05,6.879897879080748e-05,7.859749867373744e-07,2.7789322929457763e-05,1.0441384304712176e-13,0.040048722598188036,False,ris_only_stage2_then_vp,global_exact_spherical_vp,proposed_post_stage1,False,c8e08e9ffdd773e1,jones_free,cpu,False,,numpy,numpy.linalg.solve,jones_free,False,,,0.0,0.0,0.0,0.0,True,6,4,nan,nan,"[0.0,0.0,0.0]",,"[1.7652043284400665e-06,8.603766749384974e-09,2.0934030277336557e-06]",jnpp_then_vp,[],3119941.555338441,3096560,False,64872945.190877944,83.36886677274596,57.62661757301991,0.04146363935508683,"[4.989758369450201,4.981470354809337,5.073278675613329]",237.22306855767965,113.76296743750572,370.02502972632647,nan,nan,nan,nan,False,,nan,,,nan,nan,nan,,,,,,,,0.004088767621663946,0.0006449473827507869,0.04030695815326197,6.879897879080748e-05,7.859749867373744e-07,0.040048722598188036,True,accepted,accepted
fig1_fig2,PEB,17,2127997378,10.0,snr_db,10.0,3,3,3,3,full_6d,2127997378,,,nan,,False,,5.616188868880272,nan,nan,nan,nan,nan,nan,False,,,peb_only,False,dd12887ad3bdd726,,,,,,,adaptive_jones,True,fixed_anchor_then_adaptive_jones_score_selection,,nan,nan,nan,nan,True,,,nan,nan,,,,,[],nan,,,nan,nan,nan,nan,,nan,nan,nan,0.000126521488460785,nan,nan,0.000126521488460785,False,1e7e5fb979d639b775e57b8f9a2b5887da0781d1b293b718b0219c60afc7e70e,0.04000509529956755,computed_unscaled,cpu,nan,nan,nan,,,,,,,,nan,nan,nan,nan,nan,nan,False,,
fig1_fig2,free_jones_vp,42,1970772956,10.0,snr_db,10.0,3,3,3,3,full_6d,1970772956,,,nan,,False,,120.32055962830782,0.0010262056525903427,0.0010262056525903427,2.2308736027610876e-05,0.0009208518254938128,3.072376842644223e-13,0.017201480911862188,False,direct_vp,global_exact_spherical_vp,proposed_post_stage1,False,f312e747eb9600e3,jones_free,cpu,False,,numpy,numpy.linalg.solve,jones_free,False,,,0.0,0.0,0.0,0.0,True,6,4,nan,nan,"[0.0,0.0,0.0]",,"[5.051511064527785e-06,3.8655390815638236e-08,2.3878364842344725e-07]",direct_vp,[],3097763.826585777,3096560,True,85641037.0264056,72.47465238048609,50.30557442305333,0.014301370189507782,"[5.023494928672451,4.988638751557243,5.003039210757915]",235.50113252550364,111.88798967003822,348.8022920191288,nan,nan,nan,nan,False,,nan,,,nan,nan,nan,,,,,,,,0.0010262056525903427,2.2308736027610876e-05,0.017201480911862188,nan,nan,nan,False,not_run,not_requested
fig1_fig2,free_jones_vp_gated_rescue,42,1970772956,10.0,snr_db,10.0,3,3,3,3,full_6d,1970772956,,,nan,,False,,116.30953297764063,0.0010262056525903427,0.0010262056525903427,2.2308736027610876e-05,0.0009208518254938128,3.072376842644223e-13,0.017201480911862188,False,direct_vp,global_exact_spherical_vp,proposed_post_stage1,False,f312e747eb9600e3,jones_free,cpu,False,,numpy,numpy.linalg.solve,jones_free,False,,,0.0,0.0,0.0,0.0,True,6,4,nan,nan,"[0.0,0.0,0.0]",,"[5.051511064527785e-06,3.8655390815638236e-08,2.3878364842344725e-07]",direct_vp,[],3097763.826585777,3096560,True,85641037.0264056,72.47465238048609,50.30557442305333,0.014301370189507782,"[5.023494928672451,4.988638751557243,5.003039210757915]",235.50113252550364,109.79506181925535,346.7093641683459,nan,nan,nan,nan,False,,nan,,,nan,nan,nan,,,,,,,,0.0010262056525903427,2.2308736027610876e-05,0.017201480911862188,nan,nan,nan,False,not_run,not_requested
fig1_fig2,PEB,42,1970772956,10.0,snr_db,10.0,3,3,3,3,full_6d,1970772956,,,nan,,False,,5.658561572432518,nan,nan,nan,nan,nan,nan,False,,,peb_only,False,456f5ded9f78f2b2,,,,,,,adaptive_jones,True,fixed_anchor_then_adaptive_jones_score_selection,,nan,nan,nan,nan,True,,,nan,nan,,,,,[],nan,,,nan,nan,nan,nan,,nan,nan,nan,0.00010700230858484586,nan,nan,0.00010700230858484586,False,4af21c66cd27ed283a830009c130c6232a0ae08038b9a036394b8e1c4ae43a65,0.01719488506483005,computed_unscaled,cpu,nan,nan,nan,,,,,,,,nan,nan,nan,nan,nan,nan,False,,
fig1_fig2,free_jones_vp,1,112311654,10.0,snr_db,10.0,3,3,3,3,full_6d,112311654,,,nan,,False,,2101.603338062763,0.02541213537990305,0.02541213537990305,0.0014218404138378864,0.0056575460048486235,4.48791971598564e-12,0.03081177662789564,False,direct_vp,global_exact_spherical_vp,proposed_post_stage1,False,73544bf0901a9330,jones_free,cpu,False,,numpy,numpy.linalg.solve,jones_free,False,,,0.0,0.0,0.0,0.0,True,6,4,nan,nan,"[0.0,0.0,0.0]",,"[1.257980980169864e-07,6.560695405939282e-08,6.370511618707385e-08]",jnpp_then_vp,[],3140261.2992208684,3096560,False,56961568.47049193,88.06023065427631,34.995781724238526,0.05130057759938702,"[5.000097990402604,4.99873235977449,4.890596642802548]",227.5148023739457,1991.1271900907159,2219.9855507835746,nan,nan,nan,nan,False,,nan,,,nan,nan,nan,,,,,,,,0.02541213537990305,0.0014218404138378864,0.03081177662789564,nan,nan,nan,False,not_run,not_requested
fig1_fig2,free_jones_vp_gated_rescue,1,112311654,10.0,snr_db,10.0,3,3,3,3,full_6d,112311654,,,nan,,False,,2207.294601276517,0.0004140739347617429,0.0004140739347617429,1.161743474700012e-06,1.280463235111187e-05,2.38804614965676e-13,0.030381840110591796,False,ris_only_stage2_then_vp,global_exact_spherical_vp,proposed_post_stage1,False,73544bf0901a9330,jones_free,cpu,False,,numpy,numpy.linalg.solve,jones_free,False,,,0.0,0.0,0.0,0.0,True,6,4,nan,nan,"[0.0,0.0,0.0]",,"[3.31550413321164e-08,7.626193173801586e-08,1.204811262607465e-06]",jnpp_then_vp,[],3140261.2992208684,3096560,False,56961568.47049193,88.06023065427631,34.995781724238526,0.05130057759938702,"[5.000097990402604,4.99873235977449,4.890596642802548]",227.5148023739457,52.091353341937065,292.6225864812732,nan,nan,nan,nan,False,,nan,,,nan,nan,nan,,,,,,,,0.02541213537990305,0.0014218404138378864,0.03081177662789564,0.0004140739347617429,1.161743474700012e-06,0.030381840110591796,True,accepted,accepted
fig1_fig2,PEB,1,112311654,10.0,snr_db,10.0,3,3,3,3,full_6d,112311654,,,nan,,False,,5.792532876133919,nan,nan,nan,nan,nan,nan,False,,,peb_only,False,f933d73e2f1434f7,,,,,,,adaptive_jones,True,fixed_anchor_then_adaptive_jones_score_selection,,nan,nan,nan,nan,True,,,nan,nan,,,,,[],nan,,,nan,nan,nan,nan,,nan,nan,nan,0.00014365744851841219,nan,nan,0.00014365744851841219,False,e3b48bd20620d3b9b8ef02e72c1473ee968de0b883c8a7b45706956b70dd2349,0.03038314297188423,computed_unscaled,cpu,nan,nan,nan,,,,,,,,nan,nan,nan,nan,nan,nan,False,,
fig1_fig2,free_jones_vp,18,3644258948,10.0,snr_db,10.0,3,3,3,3,full_6d,3644258948,,,nan,,False,,1476.8431863114238,0.026858588234061648,0.026858588234061648,0.00305973696982906,0.0005182878518938812,1.8341783555889517e-12,0.045297580283488945,False,direct_vp,global_exact_spherical_vp,proposed_post_stage1,False,202d426c670f2eca,jones_free,cpu,False,,numpy,numpy.linalg.solve,jones_free,False,,,0.0,0.0,0.0,0.0,True,6,4,nan,nan,"[0.0,0.0,0.0]",,"[9.205010760603727e-07,3.79764439283004e-06,1.8126743711565314e-07]",jnpp_then_vp,[],3188982.461168919,3096560,False,81016611.99745475,80.3477895176175,53.719599578688594,0.031055950520280613,"[5.0328178185012185,5.0691575895778165,4.9931111970543265]",236.9442127943039,1468.8210249766707,1707.3240629732609,nan,nan,nan,nan,False,,nan,,,nan,nan,nan,,,,,,,,0.026858588234061648,0.00305973696982906,0.045297580283488945,nan,nan,nan,False,not_run,not_requested
fig1_fig2,free_jones_vp_gated_rescue,18,3644258948,10.0,snr_db,10.0,3,3,3,3,full_6d,3644258948,,,nan,,False,,1539.4971235394478,0.0004542130810776621,0.0004542130810776621,1.393765461930397e-06,8.25419903274554e-05,4.919844015127389e-13,0.04394817400092483,False,ris_only_stage2_then_vp,global_exact_spherical_vp,proposed_post_stage1,False,202d426c670f2eca,jones_free,cpu,False,,numpy,numpy.linalg.solve,jones_free,False,,,0.0,0.0,0.0,0.0,True,6,4,nan,nan,"[0.0,0.0,0.0]",,"[6.146898148524559e-07,5.139910202100786e-07,1.68454776170403e-07]",jnpp_then_vp,[],3188982.461168919,3096560,False,81016611.99745475,80.3477895176175,53.719599578688594,0.031055950520280613,"[5.0328178185012185,5.0691575895778165,4.9931111970543265]",236.9442127943039,53.20070265978575,307.2401260435581,nan,nan,nan,nan,False,,nan,,,nan,nan,nan,,,,,,,,0.026858588234061648,0.00305973696982906,0.045297580283488945,0.0004542130810776621,1.393765461930397e-06,0.04394817400092483,True,accepted,accepted
fig1_fig2,PEB,18,3644258948,10.0,snr_db,10.0,3,3,3,3,full_6d,3644258948,,,nan,,False,,5.89238528907299,nan,nan,nan,nan,nan,nan,False,,,peb_only,False,8a8bb329f0bc1a2f,,,,,,,adaptive_jones,True,fixed_anchor_then_adaptive_jones_score_selection,,nan,nan,nan,nan,True,,,nan,nan,,,,,[],nan,,,nan,nan,nan,nan,,nan,nan,nan,0.00010552850122600296,nan,nan,0.00010552850122600296,False,10eabe3ea0bf687d98504e31e23e6506b4b182585a8f16e7a2bae8ed9d09e41a,0.04398500200986059,computed_unscaled,cpu,nan,nan,nan,,,,,,,,nan,nan,nan,nan,nan,nan,False,,
fig1_fig2,free_jones_vp,19,3846521747,10.0,snr_db,10.0,3,3,3,3,full_6d,3846521747,,,nan,,False,,1363.5376801118255,0.006456387965285072,0.006456387965285072,0.0016464550428670756,0.0055626321877492255,3.594045216402041e-12,0.012042667885020723,False,direct_vp,global_exact_spherical_vp,proposed_post_stage1,False,a8188eb2869fe520,jones_free,cpu,False,,numpy,numpy.linalg.solve,jones_free,False,,,0.0,0.0,0.0,0.0,True,6,4,nan,nan,"[0.0,0.0,0.0]",,"[1.051738929720845e-06,5.8519602784758254e-08,4.0449680806060454e-07]",jnpp_then_vp,[],3144790.983173986,3096560,False,66413045.14981013,80.88245197845518,44.5594129289744,0.04015399488674647,"[5.010352348810603,4.981103301340699,5.077053803647811]",234.97455351799726,1254.2118840366602,1490.6201715618372,nan,nan,nan,nan,False,,nan,,,nan,nan,nan,,,,,,,,0.006456387965285072,0.0016464550428670756,0.012042667885020723,nan,nan,nan,False,not_run,not_requested
fig1_fig2,free_jones_vp_gated_rescue,19,3846521747,10.0,snr_db,10.0,3,3,3,3,full_6d,3846521747,,,nan,,False,,1535.8728863149881,0.0007860389348280175,0.0007860389348280175,1.6315538594741947e-06,4.8028200859571293e-05,1.0445672668537419e-13,0.011852946928211372,False,ris_only_stage2_then_vp,global_exact_spherical_vp,proposed_post_stage1,False,a8188eb2869fe520,jones_free,cpu,False,,numpy,numpy.linalg.solve,jones_free,False,,,0.0,0.0,0.0,0.0,True,6,4,nan,nan,"[0.0,0.0,0.0]",,"[1.0350541037233567e-06,3.398000961172475e-09,5.143713219662587e-07]",jnpp_then_vp,[],3144790.983173986,3096560,False,66413045.14981013,80.88245197845518,44.5594129289744,0.04015399488674647,"[5.010352348810603,4.981103301340699,5.077053803647811]",234.97455351799726,154.91008286178112,405.39361833781004,nan,nan,nan,nan,False,,nan,,,nan,nan,nan,,,,,,,,0.006456387965285072,0.0016464550428670756,0.012042667885020723,0.0007860389348280175,1.6315538594741947e-06,0.011852946928211372,True,accepted,accepted
fig1_fig2,PEB,19,3846521747,10.0,snr_db,10.0,3,3,3,3,full_6d,3846521747,,,nan,,False,,5.625435836613178,nan,nan,nan,nan,nan,nan,False,,,peb_only,False,77a8d9b491ccfef7,,,,,,,adaptive_jones,True,fixed_anchor_then_adaptive_jones_score_selection,,nan,nan,nan,nan,True,,,nan,nan,,,,,[],nan,,,nan,nan,nan,nan,,nan,nan,nan,0.00012511146204778243,nan,nan,0.00012511146204778243,False,66683f008884b5deaddb95c24fc2a892e518e793d697d2821f0c6f98570400e4,0.011858033347287425,computed_unscaled,cpu,nan,nan,nan,,,,,,,,nan,nan,nan,nan,nan,nan,False,,
fig1_fig2,free_jones_vp,43,409305243,10.0,snr_db,10.0,3,3,3,3,full_6d,409305243,,,nan,,False,,106.48022248595953,0.0009626411181401918,0.0009626411181401918,3.658553710038419e-05,0.0007656526052261484,5.313245431231111e-13,0.0333455268221433,False,direct_vp,global_exact_spherical_vp,proposed_post_stage1,False,73884ec4f60887fd,jones_free,cpu,False,,numpy,numpy.linalg.solve,jones_free,False,,,0.0,0.0,0.0,0.0,True,6,4,nan,nan,"[0.0,0.0,0.0]",,"[3.748073447364165e-07,4.3458426896015216e-08,5.344064377673986e-06]",direct_vp,[],3100107.4161271728,3096560,True,57547341.392305255,96.91913973019659,52.837285088172145,0.0017101353782092393,"[4.99672851872944,4.992819490599275,4.996077905681037]",232.44697950035334,98.4609002172947,332.35938765108585,nan,nan,nan,nan,False,,nan,,,nan,nan,nan,,,,,,,,0.0009626411181401918,3.658553710038419e-05,0.0333455268221433,nan,nan,nan,False,not_run,not_requested
fig1_fig2,free_jones_vp_gated_rescue,43,409305243,10.0,snr_db,10.0,3,3,3,3,full_6d,409305243,,,nan,,False,,107.27478522062302,0.0009626411181401918,0.0009626411181401918,3.658553710038419e-05,0.0007656526052261484,5.313245431231111e-13,0.0333455268221433,False,direct_vp,global_exact_spherical_vp,proposed_post_stage1,False,73884ec4f60887fd,jones_free,cpu,False,,numpy,numpy.linalg.solve,jones_free,False,,,0.0,0.0,0.0,0.0,True,6,4,nan,nan,"[0.0,0.0,0.0]",,"[3.748073447364165e-07,4.3458426896015216e-08,5.344064377673986e-06]",direct_vp,[],3100107.4161271728,3096560,True,57547341.392305255,96.91913973019659,52.837285088172145,0.0017101353782092393,"[4.99672851872944,4.992819490599275,4.996077905681037]",232.44697950035334,100.81394434720278,334.71243178099394,nan,nan,nan,nan,False,,nan,,,nan,nan,nan,,,,,,,,0.0009626411181401918,3.658553710038419e-05,0.0333455268221433,nan,nan,nan,False,not_run,not_requested
fig1_fig2,PEB,43,409305243,10.0,snr_db,10.0,3,3,3,3,full_6d,409305243,,,nan,,False,,5.6894418597221375,nan,nan,nan,nan,nan,nan,False,,,peb_only,False,3d35ae36f27a5722,,,,,,,adaptive_jones,True,fixed_anchor_then_adaptive_jones_score_selection,,nan,nan,nan,nan,True,,,nan,nan,,,,,[],nan,,,nan,nan,nan,nan,,nan,nan,nan,0.0001340433220867418,nan,nan,0.0001340433220867418,False,d06249056a46bde512ae6accc3f5b861faabc2ef0f40296322d007b403b53207,0.03330754203149501,computed_unscaled,cpu,nan,nan,nan,,,,,,,,nan,nan,nan,nan,nan,nan,False,,
fig1_fig2,free_jones_vp,35,714029656,10.0,snr_db,10.0,3,3,3,3,full_6d,714029656,,,nan,,False,,644.3275870233774,0.00024536476380093914,0.00024536476380093914,1.4869034533752841e-06,0.00020737416509748817,5.909022864267363e-13,0.01921510565058033,False,direct_vp,global_exact_spherical_vp,proposed_post_stage1,False,cddebc1c41d759b1,jones_free,cpu,False,,numpy,numpy.linalg.solve,jones_free,False,,,0.0,0.0,0.0,0.0,True,6,4,nan,nan,"[0.0,0.0,0.0]",,"[1.4849276635644065e-06,2.6893433277497007e-08,2.4787690619953197e-07]",direct_vp,[],3096794.933137602,3096560,True,74349637.58394603,80.80949659513111,35.82772740709709,0.014082765773556896,"[4.981307043575817,5.007792293313514,4.975409188487341]",241.5576017126441,637.0517106875777,880.1186877638102,nan,nan,nan,nan,False,,nan,,,nan,nan,nan,,,,,,,,0.00024536476380093914,1.4869034533752841e-06,0.01921510565058033,nan,nan,nan,False,not_run,not_requested
fig1_fig2,free_jones_vp_gated_rescue,35,714029656,10.0,snr_db,10.0,3,3,3,3,full_6d,714029656,,,nan,,False,,643.6000799760222,0.00024536476380093914,0.00024536476380093914,1.4869034533752841e-06,0.00020737416509748817,5.909022864267363e-13,0.01921510565058033,False,direct_vp,global_exact_spherical_vp,proposed_post_stage1,False,cddebc1c41d759b1,jones_free,cpu,False,,numpy,numpy.linalg.solve,jones_free,False,,,0.0,0.0,0.0,0.0,True,6,4,nan,nan,"[0.0,0.0,0.0]",,"[1.4849276635644065e-06,2.6893433277497007e-08,2.4787690619953197e-07]",direct_vp,[],3096794.933137602,3096560,True,74349637.58394603,80.80949659513111,35.82772740709709,0.014082765773556896,"[4.981307043575817,5.007792293313514,4.975409188487341]",241.5576017126441,637.1294249892235,880.1964020654559,nan,nan,nan,nan,False,,nan,,,nan,nan,nan,,,,,,,,0.00024536476380093914,1.4869034533752841e-06,0.01921510565058033,nan,nan,nan,False,not_run,not_requested
fig1_fig2,PEB,35,714029656,10.0,snr_db,10.0,3,3,3,3,full_6d,714029656,,,nan,,False,,5.684756696224213,nan,nan,nan,nan,nan,nan,False,,,peb_only,False,85e21663256944a8,,,,,,,adaptive_jones,True,fixed_anchor_then_adaptive_jones_score_selection,,nan,nan,nan,nan,True,,,nan,nan,,,,,[],nan,,,nan,nan,nan,nan,,nan,nan,nan,0.000121110425305121,nan,nan,0.000121110425305121,False,5d8c0ccf801b5347ce0be3d5af96b3f2d9a4ebabf39c0be2596e7a64087c3f22,0.019213747206298332,computed_unscaled,cpu,nan,nan,nan,,,,,,,,nan,nan,nan,nan,nan,nan,False,,
fig1_fig2,free_jones_vp,45,2629875502,10.0,snr_db,10.0,3,3,3,3,full_6d,2629875502,,,nan,,False,,123.1868454888463,0.001106318243512874,0.001106318243512874,4.771524712312549e-05,0.0009691052939949205,2.9453802062638394e-13,0.036909579669207174,False,direct_vp,global_exact_spherical_vp,proposed_post_stage1,False,80f31f86044bc382,jones_free,cpu,False,,numpy,numpy.linalg.solve,jones_free,False,,,0.0,0.0,0.0,0.0,True,6,4,nan,nan,"[0.0,0.0,0.0]",,"[1.372604760413669e-07,6.308201829134388e-09,1.0308645917548105e-06]",direct_vp,[],3096307.9602442416,3096560,True,82422262.22295126,71.58382938005852,57.90883576593775,0.013140927130972169,"[5.0331392935411285,5.0129436726049725,5.001334790150609]",235.63813353329897,115.70594792068005,352.7125857695937,nan,nan,nan,nan,False,,nan,,,nan,nan,nan,,,,,,,,0.001106318243512874,4.771524712312549e-05,0.036909579669207174,nan,nan,nan,False,not_run,not_requested
fig1_fig2,free_jones_vp_gated_rescue,45,2629875502,10.0,snr_db,10.0,3,3,3,3,full_6d,2629875502,,,nan,,False,,117.74638552963734,0.001106318243512874,0.001106318243512874,4.771524712312549e-05,0.0009691052939949205,2.9453802062638394e-13,0.036909579669207174,False,direct_vp,global_exact_spherical_vp,proposed_post_stage1,False,80f31f86044bc382,jones_free,cpu,False,,numpy,numpy.linalg.solve,jones_free,False,,,0.0,0.0,0.0,0.0,True,6,4,nan,nan,"[0.0,0.0,0.0]",,"[1.372604760413669e-07,6.308201829134388e-09,1.0308645917548105e-06]",direct_vp,[],3096307.9602442416,3096560,True,82422262.22295126,71.58382938005852,57.90883576593775,0.013140927130972169,"[5.0331392935411285,5.0129436726049725,5.001334790150609]",235.63813353329897,111.27932430058718,348.28596214950085,nan,nan,nan,nan,False,,nan,,,nan,nan,nan,,,,,,,,0.001106318243512874,4.771524712312549e-05,0.036909579669207174,nan,nan,nan,False,not_run,not_requested
fig1_fig2,PEB,45,2629875502,10.0,snr_db,10.0,3,3,3,3,full_6d,2629875502,,,nan,,False,,5.636917032301426,nan,nan,nan,nan,nan,nan,False,,,peb_only,False,39027eca51de9d70,,,,,,,adaptive_jones,True,fixed_anchor_then_adaptive_jones_score_selection,,nan,nan,nan,nan,True,,,nan,nan,,,,,[],nan,,,nan,nan,nan,nan,,nan,nan,nan,0.00011130707313227606,nan,nan,0.00011130707313227606,False,61ef90b44bee96edd1828bab28b96f525f17a012a323714534c6c3c927bfb322,0.03691277484063286,computed_unscaled,cpu,nan,nan,nan,,,,,,,,nan,nan,nan,nan,nan,nan,False,,
fig1_fig2,free_jones_vp,47,582567175,10.0,snr_db,10.0,3,3,3,3,full_6d,582567175,,,nan,,False,,195.33652789890766,0.0003208753276564794,0.0003208753276564794,8.602083071642684e-06,0.0002761789247657851,1.961513581744378e-13,0.021488688507205093,False,direct_vp,global_exact_spherical_vp,proposed_post_stage1,False,27c2cc305b00a67e,jones_free,cpu,False,,numpy,numpy.linalg.solve,jones_free,False,,,0.0,0.0,0.0,0.0,True,6,4,nan,nan,"[0.0,0.0,0.0]",,"[8.360939378375769e-06,1.2996074869037975e-08,8.243942801246077e-08]",direct_vp,[],3097486.888019054,3096560,True,53930689.969548754,95.7849321220793,36.50455510986219,0.011672058004445015,"[4.979356008066088,5.004689193868617,4.98054486190049]",230.0295311808586,187.47140198946,418.91546507924795,nan,nan,nan,nan,False,,nan,,,nan,nan,nan,,,,,,,,0.0003208753276564794,8.602083071642684e-06,0.021488688507205093,nan,nan,nan,False,not_run,not_requested
fig1_fig2,free_jones_vp_gated_rescue,47,582567175,10.0,snr_db,10.0,3,3,3,3,full_6d,582567175,,,nan,,False,,203.46167600899935,0.0003208753276564794,0.0003208753276564794,8.602083071642684e-06,0.0002761789247657851,1.961513581744378e-13,0.021488688507205093,False,direct_vp,global_exact_spherical_vp,proposed_post_stage1,False,27c2cc305b00a67e,jones_free,cpu,False,,numpy,numpy.linalg.solve,jones_free,False,,,0.0,0.0,0.0,0.0,True,6,4,nan,nan,"[0.0,0.0,0.0]",,"[8.360939378375769e-06,1.2996074869037975e-08,8.243942801246077e-08]",direct_vp,[],3097486.888019054,3096560,True,53930689.969548754,95.7849321220793,36.50455510986219,0.011672058004445015,"[4.979356008066088,5.004689193868617,4.98054486190049]",230.0295311808586,196.77438647300005,428.218449562788,nan,nan,nan,nan,False,,nan,,,nan,nan,nan,,,,,,,,0.0003208753276564794,8.602083071642684e-06,0.021488688507205093,nan,nan,nan,False,not_run,not_requested
fig1_fig2,PEB,47,582567175,10.0,snr_db,10.0,3,3,3,3,full_6d,582567175,,,nan,,False,,5.832749381661415,nan,nan,nan,nan,nan,nan,False,,,peb_only,False,f86019e0bac3e5b4,,,,,,,adaptive_jones,True,fixed_anchor_then_adaptive_jones_score_selection,,nan,nan,nan,nan,True,,,nan,nan,,,,,[],nan,,,nan,nan,nan,nan,,nan,nan,nan,0.0001381373393494047,nan,nan,0.0001381373393494047,False,050689952234d9ff329be9f4e449f2035a50644af1a2423c3a762752f771130c,0.02148236925885505,computed_unscaled,cpu,nan,nan,nan,,,,,,,,nan,nan,nan,nan,nan,nan,False,,
fig1_fig2,free_jones_vp,27,4133001221,10.0,snr_db,10.0,3,3,3,3,full_6d,4133001221,,,nan,,False,,1361.2661566063762,0.02616327943949489,0.02616327943949489,0.00238283496153145,0.0017908050970164146,2.132336729518118e-12,0.023938069712562716,False,direct_vp,global_exact_spherical_vp,proposed_post_stage1,False,d00686bca3f1ffbd,jones_free,cpu,False,,numpy,numpy.linalg.solve,jones_free,False,,,0.0,0.0,0.0,0.0,True,6,4,nan,nan,"[0.0,0.0,0.0]",,"[2.5281407971159e-06,8.376732924421759e-09,1.7323715633496577e-05]",jnpp_then_vp,[],3169711.8449961417,3096560,False,51582986.72766045,89.04383331005354,21.132958530334953,0.05442902536650952,"[5.051768243489428,4.9955481326241395,5.128352070214661]",212.9860661327839,1253.2245804965496,1467.6388961523771,nan,nan,nan,nan,False,,nan,,,nan,nan,nan,,,,,,,,0.02616327943949489,0.00238283496153145,0.023938069712562716,nan,nan,nan,False,not_run,not_requested
fig1_fig2,free_jones_vp_gated_rescue,27,4133001221,10.0,snr_db,10.0,3,3,3,3,full_6d,4133001221,,,nan,,False,,1554.7258471027017,0.0002444391677733317,0.0002444391677733317,3.53659605646875e-07,9.109340062653328e-06,3.4339371061967335e-14,0.02338222101463613,False,ris_only_stage2_then_vp,global_exact_spherical_vp,proposed_post_stage1,False,d00686bca3f1ffbd,jones_free,cpu,False,,numpy,numpy.linalg.solve,jones_free,False,,,0.0,0.0,0.0,0.0,True,6,4,nan,nan,"[0.0,0.0,0.0]",,"[2.7263212730790193e-06,1.6908227648451642e-09,1.2815632991130703e-05]",jnpp_then_vp,[],3169711.8449961417,3096560,False,51582986.72766045,89.04383331005354,21.132958530334953,0.05442902536650952,"[5.051768243489428,4.9955481326241395,5.128352070214661]",212.9860661327839,192.44834903627634,421.6377822384238,nan,nan,nan,nan,False,,nan,,,nan,nan,nan,,,,,,,,0.02616327943949489,0.00238283496153145,0.023938069712562716,0.0002444391677733317,3.53659605646875e-07,0.02338222101463613,True,accepted,accepted
fig1_fig2,PEB,27,4133001221,10.0,snr_db,10.0,3,3,3,3,full_6d,4133001221,,,nan,,False,,5.856027953326702,nan,nan,nan,nan,nan,nan,False,,,peb_only,False,e97f4aa2c0fdd2e1,,,,,,,adaptive_jones,True,fixed_anchor_then_adaptive_jones_score_selection,,nan,nan,nan,nan,True,,,nan,nan,,,,,[],nan,,,nan,nan,nan,nan,,nan,nan,nan,0.00015147281989840445,nan,nan,0.00015147281989840445,False,4db56e3e555632d19d051acf26a881417468b8ad38e08366b65041ee29b29feb,0.023385738446624896,computed_unscaled,cpu,nan,nan,nan,,,,,,,,nan,nan,nan,nan,nan,nan,False,,
fig1_fig2,free_jones_vp,15,2734808712,10.0,snr_db,10.0,3,3,3,3,full_6d,2734808712,,,nan,,False,,2062.4951141625643,0.0023469302729410826,0.0023469302729410826,0.0001246560687583862,0.002014467154998275,1.5011433137500812e-12,0.011560362842385343,False,direct_vp,global_exact_spherical_vp,proposed_post_stage1,False,66f2e1655de21569,jones_free,cpu,False,,numpy,numpy.linalg.solve,jones_free,False,,,0.0,0.0,0.0,0.0,True,6,4,nan,nan,"[0.0,0.0,0.0]",,"[7.335964719962156e-07,3.804261407791879e-09,7.06951311312948e-07]",jnpp_then_vp,[],3103454.4359928127,3096560,False,86799750.6087559,70.14277977104558,43.77132861522214,0.03406183979433756,"[4.9450562938538685,5.018628451973737,5.01592012735826]",232.34725246578455,1878.9355892241,2112.665021188557,nan,nan,nan,nan,False,,nan,,,nan,nan,nan,,,,,,,,0.0023469302729410826,0.0001246560687583862,0.011560362842385343,nan,nan,nan,False,not_run,not_requested
fig1_fig2,free_jones_vp_gated_rescue,15,2734808712,10.0,snr_db,10.0,3,3,3,3,full_6d,2734808712,,,nan,,False,,2122.5225527733564,6.39204895251222e-05,6.39204895251222e-05,5.627884846417683e-07,4.2756978348430287e-05,5.437091448211282e-13,0.011545203635537264,False,ris_only_stage2_then_vp,global_exact_spherical_vp,proposed_post_stage1,False,66f2e1655de21569,jones_free,cpu,False,,numpy,numpy.linalg.solve,jones_free,False,,,0.0,0.0,0.0,0.0,True,6,4,nan,nan,"[0.0,0.0,0.0]",,"[6.422279708462575e-07,2.420437361853165e-09,6.892463789765787e-07]",jnpp_then_vp,[],3103454.4359928127,3096560,False,86799750.6087559,70.14277977104558,43.77132861522214,0.03406183979433756,"[4.9450562938538685,5.018628451973737,5.01592012735826]",232.34725246578455,54.20885808765888,302.47875103354454,nan,nan,nan,nan,False,,nan,,,nan,nan,nan,,,,,,,,0.0023469302729410826,0.0001246560687583862,0.011560362842385343,6.39204895251222e-05,5.627884846417683e-07,0.011545203635537264,True,accepted,accepted
fig1_fig2,PEB,15,2734808712,10.0,snr_db,10.0,3,3,3,3,full_6d,2734808712,,,nan,,False,,6.288465209305286,nan,nan,nan,nan,nan,nan,False,,,peb_only,False,b76b098dc7ef8860,,,,,,,adaptive_jones,True,fixed_anchor_then_adaptive_jones_score_selection,,nan,nan,nan,nan,True,,,nan,nan,,,,,[],nan,,,nan,nan,nan,nan,,nan,nan,nan,0.00010946639617456623,nan,nan,0.00010946639617456623,False,3745774ba39f0b3a489ec82705d3e30e7ac3ac0889ba9ff94e26de5537c07034,0.011534740679242613,computed_unscaled,cpu,nan,nan,nan,,,,,,,,nan,nan,nan,nan,nan,nan,False,,
fig1_fig2,free_jones_vp,29,1456316145,10.0,snr_db,10.0,3,3,3,3,full_6d,1456316145,,,nan,,False,,1178.1153500303626,0.026073314530713564,0.026073314530713564,0.0022652490589031094,0.002904719786156183,2.3846564653129485e-12,0.059891477764663546,False,direct_vp,global_exact_spherical_vp,proposed_post_stage1,False,cbd6fb8fd47b4176,jones_free,cpu,False,,numpy,numpy.linalg.solve,jones_free,False,,,0.0,0.0,0.0,0.0,True,6,4,nan,nan,"[0.0,0.0,0.0]",,"[1.851925243760484e-06,9.676501728738195e-08,7.831479617342698e-08]",jnpp_then_vp,[],3166154.871070775,3096560,False,91473995.57968687,73.4472183447868,58.49456592673293,0.041073278212040855,"[4.9388924944654296,4.981810965109741,5.039155711172041]",236.47304493188858,1170.3904071599245,1408.2824071347713,nan,nan,nan,nan,False,,nan,,,nan,nan,nan,,,,,,,,0.026073314530713564,0.0022652490589031094,0.059891477764663546,nan,nan,nan,False,not_run,not_requested
fig1_fig2,free_jones_vp_gated_rescue,29,1456316145,10.0,snr_db,10.0,3,3,3,3,full_6d,1456316145,,,nan,,False,,1332.2238122224808,0.0001814826888335057,0.0001814826888335057,5.607446114370343e-07,3.392425934263158e-05,4.677260816277383e-13,0.05857036825606477,False,ris_only_stage2_then_vp,global_exact_spherical_vp,proposed_post_stage1,False,cbd6fb8fd47b4176,jones_free,cpu,False,,numpy,numpy.linalg.solve,jones_free,False,,,0.0,0.0,0.0,0.0,True,6,4,nan,nan,"[0.0,0.0,0.0]",,"[1.120978058611907e-06,7.423014854110824e-08,1.4714922898592274e-07]",jnpp_then_vp,[],3166154.871070775,3096560,False,91473995.57968687,73.4472183447868,58.49456592673293,0.041073278212040855,"[4.9388924944654296,4.981810965109741,5.039155711172041]",236.47304493188858,138.2020364999771,393.0622535645962,nan,nan,nan,nan,False,,nan,,,nan,nan,nan,,,,,,,,0.026073314530713564,0.0022652490589031094,0.059891477764663546,0.0001814826888335057,5.607446114370343e-07,0.05857036825606477,True,accepted,accepted
fig1_fig2,PEB,29,1456316145,10.0,snr_db,10.0,3,3,3,3,full_6d,1456316145,,,nan,,False,,6.0861664563417435,nan,nan,nan,nan,nan,nan,False,,,peb_only,False,c3e2ade8f6001626,,,,,,,adaptive_jones,True,fixed_anchor_then_adaptive_jones_score_selection,,nan,nan,nan,nan,True,,,nan,nan,,,,,[],nan,,,nan,nan,nan,nan,,nan,nan,nan,0.000107917732895236,nan,nan,0.000107917732895236,False,d8fe45eb7ae04a0170dd7feb177c545054b10b09137abe9e9f00552ed53b5825,0.05857531302247063,computed_unscaled,cpu,nan,nan,nan,,,,,,,,nan,nan,nan,nan,nan,nan,False,,
fig1_fig2,free_jones_vp,30,635628036,10.0,snr_db,10.0,3,3,3,3,full_6d,635628036,,,nan,,False,,1381.2687837705016,0.0030512617994615386,0.0030512617994615386,0.0002884405189442096,0.002743939984884151,7.808476420198146e-13,0.03867549459512645,False,direct_vp,global_exact_spherical_vp,proposed_post_stage1,False,e84d46000f607d31,jones_free,cpu,False,,numpy,numpy.linalg.solve,jones_free,False,,,0.0,0.0,0.0,0.0,True,6,4,nan,nan,"[0.0,0.0,0.0]",,"[2.931723810205378e-07,6.6713106720180635e-09,1.985372041030169e-07]",jnpp_then_vp,[],3107087.1600375106,3096560,False,81494757.52160975,70.99809466127665,85.33630647365102,0.01953032385661765,"[5.017613790021804,5.0399258114111385,4.992121727767255]",234.0726061090827,1265.5612743794918,1501.0386015176773,nan,nan,nan,nan,False,,nan,,,nan,nan,nan,,,,,,,,0.0030512617994615386,0.0002884405189442096,0.03867549459512645,nan,nan,nan,False,not_run,not_requested
fig1_fig2,free_jones_vp_gated_rescue,30,635628036,10.0,snr_db,10.0,3,3,3,3,full_6d,635628036,,,nan,,False,,1457.4050411060452,6.996806718650159e-05,6.996806718650159e-05,5.029530090289247e-07,9.670761969421228e-06,6.593152093448307e-14,0.03856792984018549,False,ris_only_stage2_then_vp,global_exact_spherical_vp,proposed_post_stage1,False,e84d46000f607d31,jones_free,cpu,False,,numpy,numpy.linalg.solve,jones_free,False,,,0.0,0.0,0.0,0.0,True,6,4,nan,nan,"[0.0,0.0,0.0]",,"[3.054121473201172e-07,2.6104838770811474e-09,1.6078422675174186e-07]",jnpp_then_vp,[],3107087.1600375106,3096560,False,81494757.52160975,70.99809466127665,85.33630647365102,0.01953032385661765,"[5.017613790021804,5.0399258114111385,4.992121727767255]",234.0726061090827,54.12653076648712,304.463871255517,nan,nan,nan,nan,False,,nan,,,nan,nan,nan,,,,,,,,0.0030512617994615386,0.0002884405189442096,0.03867549459512645,6.996806718650159e-05,5.029530090289247e-07,0.03856792984018549,True,accepted,accepted
fig1_fig2,PEB,30,635628036,10.0,snr_db,10.0,3,3,3,3,full_6d,635628036,,,nan,,False,,5.637548618018627,nan,nan,nan,nan,nan,nan,False,,,peb_only,False,75df9a6b5de5a2cc,,,,,,,adaptive_jones,True,fixed_anchor_then_adaptive_jones_score_selection,,nan,nan,nan,nan,True,,,nan,nan,,,,,[],nan,,,nan,nan,nan,nan,,nan,nan,nan,0.0001122363957541241,nan,nan,0.0001122363957541241,False,5590d75cc6f366b617653df89fa7a75298a3f157b3c5c00e92e68278a75325fa,0.03854465683864255,computed_unscaled,cpu,nan,nan,nan,,,,,,,,nan,nan,nan,nan,nan,nan,False,,
fig1_fig2,free_jones_vp,53,3576518520,10.0,snr_db,10.0,3,3,3,3,full_6d,3576518520,,,nan,,False,,140.67296313494444,0.0011813451587457285,0.0011813451587457285,1.8859578411247338e-05,0.0008008505877627301,5.439870119136086e-13,0.018755276669125524,False,direct_vp,global_exact_spherical_vp,proposed_post_stage1,False,92bbeeec74be95b4,jones_free,cpu,False,,numpy,numpy.linalg.solve,jones_free,False,,,0.0,0.0,0.0,0.0,True,6,4,nan,nan,"[0.0,0.0,0.0]",,"[3.4922968192225164e-06,4.336892997481631e-08,5.249286813467418e-06]",direct_vp,"[""poor_clock_consistency""]",3094109.4356767125,3096560,True,36450290.70607985,166.97562354917315,16.013874867000066,0.11515587756354113,"[4.745478958767364,5.002305503210106,4.974907265367938]",237.57517264038324,132.50103272497654,371.50749430060387,nan,nan,nan,nan,False,,nan,,,nan,nan,nan,,,,,,,,0.0011813451587457285,1.8859578411247338e-05,0.018755276669125524,nan,nan,nan,False,not_run,not_requested
fig1_fig2,free_jones_vp_gated_rescue,53,3576518520,10.0,snr_db,10.0,3,3,3,3,full_6d,3576518520,,,nan,,False,,145.69232445955276,0.0011813451587457285,0.0011813451587457285,1.8859578411247338e-05,0.0008008505877627301,5.439870119136086e-13,0.018755276669125524,False,direct_vp,global_exact_spherical_vp,proposed_post_stage1,False,92bbeeec74be95b4,jones_free,cpu,False,,numpy,numpy.linalg.solve,jones_free,False,,,0.0,0.0,0.0,0.0,True,6,4,nan,nan,"[0.0,0.0,0.0]",,"[3.4922968192225164e-06,4.336892997481631e-08,5.249286813467418e-06]",direct_vp,"[""poor_clock_consistency""]",3094109.4356767125,3096560,True,36450290.70607985,166.97562354917315,16.013874867000066,0.11515587756354113,"[4.745478958767364,5.002305503210106,4.974907265367938]",237.57517264038324,139.1722453981638,378.1787069737911,nan,nan,nan,nan,False,,nan,,,nan,nan,nan,,,,,,,,0.0011813451587457285,1.8859578411247338e-05,0.018755276669125524,nan,nan,nan,False,not_run,not_requested
fig1_fig2,PEB,53,3576518520,10.0,snr_db,10.0,3,3,3,3,full_6d,3576518520,,,nan,,False,,5.744672738015652,nan,nan,nan,nan,nan,nan,False,,,peb_only,False,a6bc18dba03f0dce,,,,,,,adaptive_jones,True,fixed_anchor_then_adaptive_jones_score_selection,,nan,nan,nan,nan,True,,,nan,nan,,,,,[],nan,,,nan,nan,nan,nan,,nan,nan,nan,0.0001687316383805,nan,nan,0.0001687316383805,False,e200269e04ccf0a54521e583b609be7b0a3b6bdaccfd671ee9c073b4737a05cd,0.018770228013694025,computed_unscaled,cpu,nan,nan,nan,,,,,,,,nan,nan,nan,nan,nan,nan,False,,
fig1_fig2,free_jones_vp,55,3199904066,10.0,snr_db,10.0,3,3,3,3,full_6d,3199904066,,,nan,,False,,125.08187868446112,0.0007089480739025645,0.0007089480739025645,1.5155799642179381e-05,0.000634432703120372,2.3310977007562506e-13,0.03924653111057763,False,direct_vp,global_exact_spherical_vp,proposed_post_stage1,False,f4686254ba777752,jones_free,cpu,False,,numpy,numpy.linalg.solve,jones_free,False,,,0.0,0.0,0.0,0.0,True,6,4,nan,nan,"[0.0,0.0,0.0]",,"[8.534832554458348e-07,2.769640692342484e-07,2.166374189647873e-07]",direct_vp,[],3094881.687908878,3096560,True,85470645.75465392,66.29702208547923,81.33005144920007,0.005794551422003791,"[4.999214698981709,5.003075007189903,4.9893161070312395]",234.5652313157916,116.16408000141382,352.1702516078949,nan,nan,nan,nan,False,,nan,,,nan,nan,nan,,,,,,,,0.0007089480739025645,1.5155799642179381e-05,0.03924653111057763,nan,nan,nan,False,not_run,not_requested
fig1_fig2,free_jones_vp_gated_rescue,55,3199904066,10.0,snr_db,10.0,3,3,3,3,full_6d,3199904066,,,nan,,False,,116.82648406922817,0.0007089480739025645,0.0007089480739025645,1.5155799642179381e-05,0.000634432703120372,2.3310977007562506e-13,0.03924653111057763,False,direct_vp,global_exact_spherical_vp,proposed_post_stage1,False,f4686254ba777752,jones_free,cpu,False,,numpy,numpy.linalg.solve,jones_free,False,,,0.0,0.0,0.0,0.0,True,6,4,nan,nan,"[0.0,0.0,0.0]",,"[8.534832554458348e-07,2.769640692342484e-07,2.166374189647873e-07]",direct_vp,[],3094881.687908878,3096560,True,85470645.75465392,66.29702208547923,81.33005144920007,0.005794551422003791,"[4.999214698981709,5.003075007189903,4.9893161070312395]",234.5652313157916,110.21695979684591,346.223131403327,nan,nan,nan,nan,False,,nan,,,nan,nan,nan,,,,,,,,0.0007089480739025645,1.5155799642179381e-05,0.03924653111057763,nan,nan,nan,False,not_run,not_requested
fig1_fig2,PEB,55,3199904066,10.0,snr_db,10.0,3,3,3,3,full_6d,3199904066,,,nan,,False,,5.734520748257637,nan,nan,nan,nan,nan,nan,False,,,peb_only,False,2d46dff787435cd0,,,,,,,adaptive_jones,True,fixed_anchor_then_adaptive_jones_score_selection,,nan,nan,nan,nan,True,,,nan,nan,,,,,[],nan,,,nan,nan,nan,nan,,nan,nan,nan,0.00010862244274421898,nan,nan,0.00010862244274421898,False,ff385e78e5554a838decb9742089f6308b997df2029ddf9a6dfeb38655607425,0.03926801686638375,computed_unscaled,cpu,nan,nan,nan,,,,,,,,nan,nan,nan,nan,nan,nan,False,,
fig1_fig2,free_jones_vp,28,4133035554,10.0,snr_db,10.0,3,3,3,3,full_6d,4133035554,,,nan,,False,,1667.0532246008515,0.003992605066471225,0.003992605066471225,0.0008266688889416514,0.003181584411932113,2.481031646978762e-12,0.03571569419434997,False,direct_vp,global_exact_spherical_vp,proposed_post_stage1,False,4a2cba4781d74081,jones_free,cpu,False,,numpy,numpy.linalg.solve,jones_free,False,,,0.0,0.0,0.0,0.0,True,6,4,nan,nan,"[0.0,0.0,0.0]",,"[4.551638868027307e-08,1.6072068113633654e-08,7.826340506252488e-06]",jnpp_then_vp,[],3125769.303963146,3096560,False,51505908.744269356,88.12414572310237,49.16285747300979,0.008503991632322672,"[4.989250171532754,4.9802745494598275,4.96848326077073]",227.08029759675264,1550.7492784708738,1779.2789528220892,nan,nan,nan,nan,False,,nan,,,nan,nan,nan,,,,,,,,0.003992605066471225,0.0008266688889416514,0.03571569419434997,nan,nan,nan,False,not_run,not_requested
fig1_fig2,free_jones_vp_gated_rescue,28,4133035554,10.0,snr_db,10.0,3,3,3,3,full_6d,4133035554,,,nan,,False,,1735.5796544402838,0.0006201035712957677,0.0006201035712957677,9.109460966626641e-07,9.081127893962962e-05,1.3185249465996995e-13,0.035427983850267054,False,ris_only_stage2_then_vp,global_exact_spherical_vp,proposed_post_stage1,False,4a2cba4781d74081,jones_free,cpu,False,,numpy,numpy.linalg.solve,jones_free,False,,,0.0,0.0,0.0,0.0,True,6,4,nan,nan,"[0.0,0.0,0.0]",,"[7.148643673042617e-08,1.4675958189613584e-08,6.548785589097936e-06]",jnpp_then_vp,[],3125769.303963146,3096560,False,51505908.744269356,88.12414572310237,49.16285747300979,0.008503991632322672,"[4.989250171532754,4.9802745494598275,4.96848326077073]",227.08029759675264,53.55232870578766,296.06362921744585,nan,nan,nan,nan,False,,nan,,,nan,nan,nan,,,,,,,,0.003992605066471225,0.0008266688889416514,0.03571569419434997,0.0006201035712957677,9.109460966626641e-07,0.035427983850267054,True,accepted,accepted
fig1_fig2,PEB,28,4133035554,10.0,snr_db,10.0,3,3,3,3,full_6d,4133035554,,,nan,,False,,5.713573671877384,nan,nan,nan,nan,nan,nan,False,,,peb_only,False,329e8e42d5b8c01b,,,,,,,adaptive_jones,True,fixed_anchor_then_adaptive_jones_score_selection,,nan,nan,nan,nan,True,,,nan,nan,,,,,[],nan,,,nan,nan,nan,nan,,nan,nan,nan,0.00014163952249484027,nan,nan,0.00014163952249484027,False,b0d6ccdf5e943bdc30a995d28f082c1063f363c2aa22897f8408d6a89636af3a,0.03538212539400746,computed_unscaled,cpu,nan,nan,nan,,,,,,,,nan,nan,nan,nan,nan,nan,False,,
fig1_fig2,free_jones_vp,33,3489193506,10.0,snr_db,10.0,3,3,3,3,full_6d,3489193506,,,nan,,False,,1345.3485232815146,0.0060928328189518545,0.0060928328189518545,0.0011524536057036048,0.0053860702676749765,2.3486282302979796e-12,0.05077091770471845,False,direct_vp,global_exact_spherical_vp,proposed_post_stage1,False,df5fc9ddf633397f,jones_free,cpu,False,,numpy,numpy.linalg.solve,jones_free,False,,,0.0,0.0,0.0,0.0,True,6,4,nan,nan,"[0.0,0.0,0.0]",,"[2.9544638770869996e-08,5.3330052013716215e-08,7.478344924684395e-07]",jnpp_then_vp,[],3130153.7479014704,3096560,False,78149285.3462488,79.2701721541154,63.998660118064755,0.022968668920468897,"[4.981937776054724,5.014910654317057,5.037903461103518]",234.86442185938358,1237.559151045978,1473.87384788692,nan,nan,nan,nan,False,,nan,,,nan,nan,nan,,,,,,,,0.0060928328189518545,0.0011524536057036048,0.05077091770471845,nan,nan,nan,False,not_run,not_requested
fig1_fig2,free_jones_vp_gated_rescue,33,3489193506,10.0,snr_db,10.0,3,3,3,3,full_6d,3489193506,,,nan,,False,,1413.1450609862804,5.627334791345846e-05,5.627334791345846e-05,3.264493444050762e-07,3.605918897957476e-05,5.712984639611432e-14,0.0501983152585791,False,ris_only_stage2_then_vp,global_exact_spherical_vp,proposed_post_stage1,False,df5fc9ddf633397f,jones_free,cpu,False,,numpy,numpy.linalg.solve,jones_free,False,,,0.0,0.0,0.0,0.0,True,6,4,nan,nan,"[0.0,0.0,0.0]",,"[4.94534499039952e-08,2.434223740129718e-07,6.4868442487905e-07]",jnpp_then_vp,[],3130153.7479014704,3096560,False,78149285.3462488,79.2701721541154,63.998660118064755,0.022968668920468897,"[4.981937776054724,5.014910654317057,5.037903461103518]",234.86442185938358,53.493060790002346,303.538815446198,nan,nan,nan,nan,False,,nan,,,nan,nan,nan,,,,,,,,0.0060928328189518545,0.0011524536057036048,0.05077091770471845,5.627334791345846e-05,3.264493444050762e-07,0.0501983152585791,True,accepted,accepted
fig1_fig2,PEB,33,3489193506,10.0,snr_db,10.0,3,3,3,3,full_6d,3489193506,,,nan,,False,,5.598041921854019,nan,nan,nan,nan,nan,nan,False,,,peb_only,False,1116a51f158dd234,,,,,,,adaptive_jones,True,fixed_anchor_then_adaptive_jones_score_selection,,nan,nan,nan,nan,True,,,nan,nan,,,,,[],nan,,,nan,nan,nan,nan,,nan,nan,nan,0.0001159415437043294,nan,nan,0.0001159415437043294,False,76527bb9436024da57d5b3c4ee115c2d9eeebd7e9b24b99b40e819fe3069631e,0.05022628852266684,computed_unscaled,cpu,nan,nan,nan,,,,,,,,nan,nan,nan,nan,nan,nan,False,,
fig1_fig2,free_jones_vp,36,3263447461,10.0,snr_db,10.0,3,3,3,3,full_6d,3263447461,,,nan,,False,,1206.3942639380693,0.00492711334567768,0.00492711334567768,0.0002774760569328007,0.004160596092414364,1.6481627009485817e-12,0.024560050373624947,False,direct_vp,global_exact_spherical_vp,proposed_post_stage1,False,782540162c9751bf,jones_free,cpu,False,,numpy,numpy.linalg.solve,jones_free,False,,,0.0,0.0,0.0,0.0,True,6,4,nan,nan,"[0.0,0.0,0.0]",,"[2.6505126495415724e-06,4.5635016886051327e-05,3.550201296084416e-08]",jnpp_then_vp,[],3110035.247149257,3096560,False,77508505.02320641,90.19367146510837,27.568750741624292,0.024848061300971343,"[4.999784534623339,5.047026830372505,4.99017103497253]",233.48921674489975,1076.2102193385363,1312.08894302696,nan,nan,nan,nan,False,,nan,,,nan,nan,nan,,,,,,,,0.00492711334567768,0.0002774760569328007,0.024560050373624947,nan,nan,nan,False,not_run,not_requested
fig1_fig2,free_jones_vp_gated_rescue,36,3263447461,10.0,snr_db,10.0,3,3,3,3,full_6d,3263447461,,,nan,,False,,1278.2744378894567,0.0008453216968376837,0.0008453216968376837,4.1447536963575405e-06,0.00023848700692952866,1.3953919659056626e-13,0.024490356779962225,False,ris_only_stage2_then_vp,global_exact_spherical_vp,proposed_post_stage1,False,782540162c9751bf,jones_free,cpu,False,,numpy,numpy.linalg.solve,jones_free,False,,,0.0,0.0,0.0,0.0,True,6,4,nan,nan,"[0.0,0.0,0.0]",,"[2.7283071618805384e-06,4.743751086541541e-05,2.4969984645395864e-08]",jnpp_then_vp,[],3110035.247149257,3096560,False,77508505.02320641,90.19367146510837,27.568750741624292,0.024848061300971343,"[4.999784534623339,5.047026830372505,4.99017103497253]",233.48921674489975,51.8137147501111,301.4986289963126,nan,nan,nan,nan,False,,nan,,,nan,nan,nan,,,,,,,,0.00492711334567768,0.0002774760569328007,0.024560050373624947,0.0008453216968376837,4.1447536963575405e-06,0.024490356779962225,True,accepted,accepted
fig1_fig2,PEB,36,3263447461,10.0,snr_db,10.0,3,3,3,3,full_6d,3263447461,,,nan,,False,,6.78111856430769,nan,nan,nan,nan,nan,nan,False,,,peb_only,False,90852824303fa4c3,,,,,,,adaptive_jones,True,fixed_anchor_then_adaptive_jones_score_selection,,nan,nan,nan,nan,True,,,nan,nan,,,,,[],nan,,,nan,nan,nan,nan,,nan,nan,nan,0.00010068566079147998,nan,nan,0.00010068566079147998,False,44da4b062737b51be35373567f8e2b8ed08b76fc869f23df282060a8ccb40d9b,0.024453762257347224,computed_unscaled,cpu,nan,nan,nan,,,,,,,,nan,nan,nan,nan,nan,nan,False,,
fig1_fig2,free_jones_vp,9,3933360494,10.0,snr_db,10.0,3,3,3,3,full_6d,3933360494,,,nan,,False,,2598.2755005061626,0.01800812536211885,0.01800812536211885,0.0008762624221896575,0.0023283502292854186,1.6833626277320448e-12,0.01201723855981112,False,direct_vp,global_exact_spherical_vp,proposed_post_stage1,False,5b33dd5425ed5b98,jones_free,cpu,False,,numpy,numpy.linalg.solve,jones_free,False,,,0.0,0.0,0.0,0.0,True,6,4,nan,nan,"[0.0,0.0,0.0]",,"[1.4253659147722588e-07,7.794550741199475e-08,5.295423674948348e-06]",jnpp_then_vp,[],3123873.9804880167,3096560,False,76569444.72868598,72.12860928086535,59.33421670020794,0.01704891706383648,"[5.025310445324905,4.9892958257917535,4.988994518362188]",226.6383257433772,2590.687667347491,2818.7527137994766,nan,nan,nan,nan,False,,nan,,,nan,nan,nan,,,,,,,,0.01800812536211885,0.0008762624221896575,0.01201723855981112,nan,nan,nan,False,not_run,not_requested
fig1_fig2,free_jones_vp_gated_rescue,9,3933360494,10.0,snr_db,10.0,3,3,3,3,full_6d,3933360494,,,nan,,False,,2669.803780272603,0.00031059185613667765,0.00031059185613667765,7.045641724301351e-07,4.595490467559279e-05,1.0059643464861164e-13,0.011912304408586536,False,ris_only_stage2_then_vp,global_exact_spherical_vp,proposed_post_stage1,False,5b33dd5425ed5b98,jones_free,cpu,False,,numpy,numpy.linalg.solve,jones_free,False,,,0.0,0.0,0.0,0.0,True,6,4,nan,nan,"[0.0,0.0,0.0]",,"[1.250211043065557e-07,4.283869714820864e-08,5.157740122956579e-06]",jnpp_then_vp,[],3123873.9804880167,3096560,False,76569444.72868598,72.12860928086535,59.33421670020794,0.01704891706383648,"[5.025310445324905,4.9892958257917535,4.988994518362188]",226.6383257433772,52.7779985666275,295.4153605028987,nan,nan,nan,nan,False,,nan,,,nan,nan,nan,,,,,,,,0.01800812536211885,0.0008762624221896575,0.01201723855981112,0.00031059185613667765,7.045641724301351e-07,0.011912304408586536,True,accepted,accepted
fig1_fig2,PEB,9,3933360494,10.0,snr_db,10.0,3,3,3,3,full_6d,3933360494,,,nan,,False,,6.955850280821323,nan,nan,nan,nan,nan,nan,False,,,peb_only,False,66eff19312305f2e,,,,,,,adaptive_jones,True,fixed_anchor_then_adaptive_jones_score_selection,,nan,nan,nan,nan,True,,,nan,nan,,,,,[],nan,,,nan,nan,nan,nan,,nan,nan,nan,0.00012031253848123944,nan,nan,0.00012031253848123944,False,2f009590b628473d7acf259cec76359e96ba2256fe333ef7c1514fe7022a67d5,0.01191222589099843,computed_unscaled,cpu,nan,nan,nan,,,,,,,,nan,nan,nan,nan,nan,nan,False,,
fig1_fig2,free_jones_vp,58,1249403404,10.0,snr_db,10.0,3,3,3,3,full_6d,1249403404,,,nan,,False,,100.70539573580027,0.002870619571886927,0.002870619571886927,1.7937006826896898e-05,0.00033621318268349255,5.57500773886859e-13,0.0679042598785374,False,direct_vp,global_exact_spherical_vp,proposed_post_stage1,False,67fd49a7a58d778c,jones_free,cpu,False,,numpy,numpy.linalg.solve,jones_free,False,,,0.0,0.0,0.0,0.0,True,6,4,nan,nan,"[0.0,0.0,0.0]",,"[6.061446011214024e-07,5.7554771208196435e-08,1.7869015399804753e-06]",direct_vp,[],3098446.351517705,3096560,True,43439805.918185346,96.72295313923311,43.53769098597738,0.06692254782860942,"[5.000626704132437,4.974995477957159,5.1280291480809375]",234.06783275306225,93.11850874871016,328.5477933511138,nan,nan,nan,nan,False,,nan,,,nan,nan,nan,,,,,,,,0.002870619571886927,1.7937006826896898e-05,0.0679042598785374,nan,nan,nan,False,not_run,not_requested
fig1_fig2,free_jones_vp_gated_rescue,58,1249403404,10.0,snr_db,10.0,3,3,3,3,full_6d,1249403404,,,nan,,False,,99.77747823297977,0.002870619571886927,0.002870619571886927,1.7937006826896898e-05,0.00033621318268349255,5.57500773886859e-13,0.0679042598785374,False,direct_vp,global_exact_spherical_vp,proposed_post_stage1,False,67fd49a7a58d778c,jones_free,cpu,False,,numpy,numpy.linalg.solve,jones_free,False,,,0.0,0.0,0.0,0.0,True,6,4,nan,nan,"[0.0,0.0,0.0]",,"[6.061446011214024e-07,5.7554771208196435e-08,1.7869015399804753e-06]",direct_vp,[],3098446.351517705,3096560,True,43439805.918185346,96.72295313923311,43.53769098597738,0.06692254782860942,"[5.000626704132437,4.974995477957159,5.1280291480809375]",234.06783275306225,93.21808702498674,328.6473716273904,nan,nan,nan,nan,False,,nan,,,nan,nan,nan,,,,,,,,0.002870619571886927,1.7937006826896898e-05,0.0679042598785374,nan,nan,nan,False,not_run,not_requested
fig1_fig2,PEB,58,1249403404,10.0,snr_db,10.0,3,3,3,3,full_6d,1249403404,,,nan,,False,,5.553533315658569,nan,nan,nan,nan,nan,nan,False,,,peb_only,False,97ed18ba20596356,,,,,,,adaptive_jones,True,fixed_anchor_then_adaptive_jones_score_selection,,nan,nan,nan,nan,True,,,nan,nan,,,,,[],nan,,,nan,nan,nan,nan,,nan,nan,nan,0.00015257911518762763,nan,nan,0.00015257911518762763,False,282ef6b6a0b0bdc03992830ab54a887d3acbc9d2eab301295ecf986d4506a68e,0.06786327003359133,computed_unscaled,cpu,nan,nan,nan,,,,,,,,nan,nan,nan,nan,nan,nan,False,,
fig1_fig2,free_jones_vp,34,1995992425,10.0,snr_db,10.0,3,3,3,3,full_6d,1995992425,,,nan,,False,,1390.1356707885861,0.0015337100362517466,0.0015337100362517466,5.469623390044392e-05,0.0012673256208801005,1.055661840834741e-12,0.07647406931256935,False,direct_vp,global_exact_spherical_vp,proposed_post_stage1,False,54d82a9ca2b79828,jones_free,cpu,False,,numpy,numpy.linalg.solve,jones_free,False,,,0.0,0.0,0.0,0.0,True,6,4,nan,nan,"[0.0,0.0,0.0]",,"[6.533491341214547e-06,3.156854203887839e-08,1.422388614507036e-06]",jnpp_then_vp,[],3100836.253910914,3096560,False,67240510.61140724,76.69480375890248,49.38894073306772,0.01643014857427331,"[5.035551450550793,5.000973251062572,5.000428811901246]",236.86755153536797,1261.7896607741714,1500.0417658090591,nan,nan,nan,nan,False,,nan,,,nan,nan,nan,,,,,,,,0.0015337100362517466,5.469623390044392e-05,0.07647406931256935,nan,nan,nan,False,not_run,not_requested
fig1_fig2,free_jones_vp_gated_rescue,34,1995992425,10.0,snr_db,10.0,3,3,3,3,full_6d,1995992425,,,nan,,False,,1460.0064833536744,0.0015337100362517466,0.0015337100362517466,5.469623390044392e-05,0.0012673256208801005,1.055661840834741e-12,0.07647406931256935,False,direct_vp_rollback,global_exact_spherical_vp,proposed_post_stage1,False,54d82a9ca2b79828,jones_free,cpu,False,,numpy,numpy.linalg.solve,jones_free,False,,,0.0,0.0,0.0,0.0,True,6,4,nan,nan,"[0.0,0.0,0.0]",,"[6.533491341214547e-06,3.156854203887839e-08,1.422388614507036e-06]",jnpp_then_vp,[],3100836.253910914,3096560,False,67240510.61140724,76.69480375890248,49.38894073306772,0.01643014857427331,"[5.035551450550793,5.000973251062572,5.000428811901246]",236.86755153536797,1268.002947308123,1506.255052343011,nan,nan,nan,nan,False,,nan,,,nan,nan,nan,,,,,,,,0.0015337100362517466,5.469623390044392e-05,0.07647406931256935,0.0004651308959841754,1.4830973260862465e-06,0.07643046205745412,True,rollback,existing_selector_rollback
fig1_fig2,PEB,34,1995992425,10.0,snr_db,10.0,3,3,3,3,full_6d,1995992425,,,nan,,False,,5.534200698137283,nan,nan,nan,nan,nan,nan,False,,,peb_only,False,ce455b9412dc97c9,,,,,,,adaptive_jones,True,fixed_anchor_then_adaptive_jones_score_selection,,nan,nan,nan,nan,True,,,nan,nan,,,,,[],nan,,,nan,nan,nan,nan,,nan,nan,nan,0.00012635780725055043,nan,nan,0.00012635780725055043,False,08ae9de45575216533d6edee2ff062b3deef6ce05030f7f9832ee4fff1bbeb0e,0.07636900121925695,computed_unscaled,cpu,nan,nan,nan,,,,,,,,nan,nan,nan,nan,nan,nan,False,,
fig1_fig2,free_jones_vp,37,1911328645,10.0,snr_db,10.0,3,3,3,3,full_6d,1911328645,,,nan,,False,,1252.0838188752532,0.006074325294395088,0.006074325294395088,0.0011612841082311526,0.005135244741995557,4.2057313145880624e-12,0.023112838051238368,False,direct_vp,global_exact_spherical_vp,proposed_post_stage1,False,9ecf99fba23155d6,jones_free,cpu,False,,numpy,numpy.linalg.solve,jones_free,False,,,0.0,0.0,0.0,0.0,True,6,4,nan,nan,"[0.0,0.0,0.0]",,"[1.4047339325334585e-06,8.762698024857626e-08,9.599269062013485e-07]",jnpp_then_vp,[],3130563.9560958515,3096560,False,56317973.70273798,85.02966667272499,42.26910216067508,0.045923146953413374,"[5.041659794776904,5.008216308553209,4.931925367909691]",234.9562244489789,1128.148333452642,1364.5203814730048,nan,nan,nan,nan,False,,nan,,,nan,nan,nan,,,,,,,,0.006074325294395088,0.0011612841082311526,0.023112838051238368,nan,nan,nan,False,not_run,not_requested
fig1_fig2,free_jones_vp_gated_rescue,37,1911328645,10.0,snr_db,10.0,3,3,3,3,full_6d,1911328645,,,nan,,False,,1430.7241233363748,5.130165153105939e-05,5.130165153105939e-05,3.986520029559803e-07,4.3783409637403964e-05,1.4822761065532486e-13,0.02284411630839539,False,ris_only_stage2_then_vp,global_exact_spherical_vp,proposed_post_stage1,False,9ecf99fba23155d6,jones_free,cpu,False,,numpy,numpy.linalg.solve,jones_free,False,,,0.0,0.0,0.0,0.0,True,6,4,nan,nan,"[0.0,0.0,0.0]",,"[1.2068777141222128e-06,3.6996133869060617e-08,7.065250111003118e-07]",jnpp_then_vp,[],3130563.9560958515,3096560,False,56317973.70273798,85.02966667272499,42.26910216067508,0.045923146953413374,"[5.041659794776904,5.008216308553209,4.931925367909691]",234.9562244489789,146.96725022047758,397.89343041181564,nan,nan,nan,nan,False,,nan,,,nan,nan,nan,,,,,,,,0.006074325294395088,0.0011612841082311526,0.023112838051238368,5.130165153105939e-05,3.986520029559803e-07,0.02284411630839539,True,accepted,accepted
fig1_fig2,PEB,37,1911328645,10.0,snr_db,10.0,3,3,3,3,full_6d,1911328645,,,nan,,False,,5.654425337910652,nan,nan,nan,nan,nan,nan,False,,,peb_only,False,b9639c8eeaa36185,,,,,,,adaptive_jones,True,fixed_anchor_then_adaptive_jones_score_selection,,nan,nan,nan,nan,True,,,nan,nan,,,,,[],nan,,,nan,nan,nan,nan,,nan,nan,nan,0.00013637632982206713,nan,nan,0.00013637632982206713,False,89cd20fcd9a64ac709c19d36df44d0df4be8c42c9af5aab07d8f4fd5c690dd17,0.022861906226828144,computed_unscaled,cpu,nan,nan,nan,,,,,,,,nan,nan,nan,nan,nan,nan,False,,
fig1_fig2,free_jones_vp,61,3445288900,10.0,snr_db,10.0,3,3,3,3,full_6d,3445288900,,,nan,,False,,114.92393717169762,0.001937175410927402,0.001937175410927402,5.698470869402308e-05,0.0015659395609392975,1.4609012964111821e-12,0.056741183220112915,False,direct_vp,global_exact_spherical_vp,proposed_post_stage1,False,cee2bdf3368d5af1,jones_free,cpu,False,,numpy,numpy.linalg.solve,jones_free,False,,,0.0,0.0,0.0,0.0,True,6,4,nan,nan,"[0.0,0.0,0.0]",,"[3.634096469359942e-07,9.877830381764572e-08,4.609971592497858e-06]",direct_vp,[],3097691.3860662263,3096560,True,56420052.68632138,109.1861608560438,42.41888779003003,0.02455886050054746,"[4.943319899187888,5.000230036150306,4.954891645600465]",233.12395256012678,106.86872434616089,341.38469379395247,nan,nan,nan,nan,False,,nan,,,nan,nan,nan,,,,,,,,0.001937175410927402,5.698470869402308e-05,0.056741183220112915,nan,nan,nan,False,not_run,not_requested
fig1_fig2,free_jones_vp_gated_rescue,61,3445288900,10.0,snr_db,10.0,3,3,3,3,full_6d,3445288900,,,nan,,False,,116.17115491628647,0.001937175410927402,0.001937175410927402,5.698470869402308e-05,0.0015659395609392975,1.4609012964111821e-12,0.056741183220112915,False,direct_vp,global_exact_spherical_vp,proposed_post_stage1,False,cee2bdf3368d5af1,jones_free,cpu,False,,numpy,numpy.linalg.solve,jones_free,False,,,0.0,0.0,0.0,0.0,True,6,4,nan,nan,"[0.0,0.0,0.0]",,"[3.634096469359942e-07,9.877830381764572e-08,4.609971592497858e-06]",direct_vp,[],3097691.3860662263,3096560,True,56420052.68632138,109.1861608560438,42.41888779003003,0.02455886050054746,"[4.943319899187888,5.000230036150306,4.954891645600465]",233.12395256012678,109.48615070432425,344.0021201521158,nan,nan,nan,nan,False,,nan,,,nan,nan,nan,,,,,,,,0.001937175410927402,5.698470869402308e-05,0.056741183220112915,nan,nan,nan,False,not_run,not_requested
fig1_fig2,PEB,61,3445288900,10.0,snr_db,10.0,3,3,3,3,full_6d,3445288900,,,nan,,False,,6.4087284579873085,nan,nan,nan,nan,nan,nan,False,,,peb_only,False,df00408beb70ddec,,,,,,,adaptive_jones,True,fixed_anchor_then_adaptive_jones_score_selection,,nan,nan,nan,nan,True,,,nan,nan,,,,,[],nan,,,nan,nan,nan,nan,,nan,nan,nan,0.0001390714283370573,nan,nan,0.0001390714283370573,False,ce2b3681cf373b19e71cb19b884bc3b16d08555336684f81783906b12368ba1d,0.0567207524162473,computed_unscaled,cpu,nan,nan,nan,,,,,,,,nan,nan,nan,nan,nan,nan,False,,
fig1_fig2,free_jones_vp,21,4000820147,10.0,snr_db,10.0,3,3,3,3,full_6d,4000820147,,,nan,,False,,2368.054277636111,0.018239842503727302,0.018239842503727302,0.0005920200354292863,0.00212762221489807,2.0251406930585515e-12,0.03499143600785677,False,direct_vp,global_exact_spherical_vp,proposed_post_stage1,False,baa9b84b408500f3,jones_free,cpu,False,,numpy,numpy.linalg.solve,jones_free,False,,,0.0,0.0,0.0,0.0,True,6,4,nan,nan,"[0.0,0.0,0.0]",,"[1.8157945384821322e-07,1.564347487909927e-07,1.8548151718036162e-07]",jnpp_then_vp,[],3114434.796451086,3096560,False,56063473.8855211,123.73092605690255,35.77653432799991,0.025542373364963414,"[4.996681869729578,5.058794114052966,5.034250256923669]",230.20421043783426,2234.6712647527456,2466.3254181444645,nan,nan,nan,nan,False,,nan,,,nan,nan,nan,,,,,,,,0.018239842503727302,0.0005920200354292863,0.03499143600785677,nan,nan,nan,False,not_run,not_requested
fig1_fig2,free_jones_vp_gated_rescue,21,4000820147,10.0,snr_db,10.0,3,3,3,3,full_6d,4000820147,,,nan,,False,,2494.462211996317,0.0005363667708285322,0.0005363667708285322,8.896062052009783e-07,3.7292480771972514e-05,4.5020307523018557e-13,0.034784619800118925,False,ris_only_stage2_then_vp,global_exact_spherical_vp,proposed_post_stage1,False,baa9b84b408500f3,jones_free,cpu,False,,numpy,numpy.linalg.solve,jones_free,False,,,0.0,0.0,0.0,0.0,True,6,4,nan,nan,"[0.0,0.0,0.0]",,"[1.650502883001644e-07,8.632337603017815e-07,6.282914645489388e-08]",jnpp_then_vp,[],3114434.796451086,3096560,False,56063473.8855211,123.73092605690255,35.77653432799991,0.025542373364963414,"[4.996681869729578,5.058794114052966,5.034250256923669]",230.20421043783426,115.01583766192198,362.19174061715603,nan,nan,nan,nan,False,,nan,,,nan,nan,nan,,,,,,,,0.018239842503727302,0.0005920200354292863,0.03499143600785677,0.0005363667708285322,8.896062052009783e-07,0.034784619800118925,True,accepted,accepted
fig1_fig2,PEB,21,4000820147,10.0,snr_db,10.0,3,3,3,3,full_6d,4000820147,,,nan,,False,,5.833911880850792,nan,nan,nan,nan,nan,nan,False,,,peb_only,False,b843a0594a51349b,,,,,,,adaptive_jones,True,fixed_anchor_then_adaptive_jones_score_selection,,nan,nan,nan,nan,True,,,nan,nan,,,,,[],nan,,,nan,nan,nan,nan,,nan,nan,nan,0.00014759415970070318,nan,nan,0.00014759415970070318,False,f7a047bb7013efbe33f31c7f789c22a5d5f4d1899bcaccc54b42258dbd7f4038,0.034790788065601694,computed_unscaled,cpu,nan,nan,nan,,,,,,,,nan,nan,nan,nan,nan,nan,False,,
fig1_fig2,free_jones_vp,57,476784074,10.0,snr_db,10.0,3,3,3,3,full_6d,476784074,,,nan,,False,,474.2818524092436,0.0003587595490127168,0.0003587595490127168,1.010562917035376e-06,8.903707521809634e-05,5.178279986379774e-14,0.01766782299839397,False,direct_vp,global_exact_spherical_vp,proposed_post_stage1,False,885c0db0dbabf7d7,jones_free,cpu,False,,numpy,numpy.linalg.solve,jones_free,False,,,0.0,0.0,0.0,0.0,True,6,4,nan,nan,"[0.0,0.0,0.0]",,"[1.3202100909110494e-06,6.081848479760849e-08,1.9939554897005e-07]",direct_vp,[],3100091.50875178,3096560,True,85135467.52686319,61.88496037720942,55.44783517002844,0.011910114103760989,"[4.997248299168045,4.990880940783239,5.0187206788910546]",242.11696615815163,465.7486872524023,709.5410106927156,nan,nan,nan,nan,False,,nan,,,nan,nan,nan,,,,,,,,0.0003587595490127168,1.010562917035376e-06,0.01766782299839397,nan,nan,nan,False,not_run,not_requested
fig1_fig2,free_jones_vp_gated_rescue,57,476784074,10.0,snr_db,10.0,3,3,3,3,full_6d,476784074,,,nan,,False,,491.76921981573105,0.0003587595490127168,0.0003587595490127168,1.010562917035376e-06,8.903707521809634e-05,5.178279986379774e-14,0.01766782299839397,False,direct_vp,global_exact_spherical_vp,proposed_post_stage1,False,885c0db0dbabf7d7,jones_free,cpu,False,,numpy,numpy.linalg.solve,jones_free,False,,,0.0,0.0,0.0,0.0,True,6,4,nan,nan,"[0.0,0.0,0.0]",,"[1.3202100909110494e-06,6.081848479760849e-08,1.9939554897005e-07]",direct_vp,[],3100091.50875178,3096560,True,85135467.52686319,61.88496037720942,55.44783517002844,0.011910114103760989,"[4.997248299168045,4.990880940783239,5.0187206788910546]",242.11696615815163,485.1870248615742,728.9793483018875,nan,nan,nan,nan,False,,nan,,,nan,nan,nan,,,,,,,,0.0003587595490127168,1.010562917035376e-06,0.01766782299839397,nan,nan,nan,False,not_run,not_requested
fig1_fig2,PEB,57,476784074,10.0,snr_db,10.0,3,3,3,3,full_6d,476784074,,,nan,,False,,5.729424096643925,nan,nan,nan,nan,nan,nan,False,,,peb_only,False,95e7e718d588c706,,,,,,,adaptive_jones,True,fixed_anchor_then_adaptive_jones_score_selection,,nan,nan,nan,nan,True,,,nan,nan,,,,,[],nan,,,nan,nan,nan,nan,,nan,nan,nan,0.00010949932382749351,nan,nan,0.00010949932382749351,False,0678217d596e534740a4e9789e3054b9b6004d88d7430db9577064550d35976f,0.017647787658727255,computed_unscaled,cpu,nan,nan,nan,,,,,,,,nan,nan,nan,nan,nan,nan,False,,
fig1_fig2,free_jones_vp,67,804537149,10.0,snr_db,10.0,3,3,3,3,full_6d,804537149,,,nan,,False,,102.98240311443806,0.0008820104172252571,0.0008820104172252571,2.91668003959948e-05,0.0007748229456581989,8.238037159294799e-13,0.04545300115413369,False,direct_vp,global_exact_spherical_vp,proposed_post_stage1,False,bb02b763b6b78e99,jones_free,cpu,False,,numpy,numpy.linalg.solve,jones_free,False,,,0.0,0.0,0.0,0.0,True,6,4,nan,nan,"[0.0,0.0,0.0]",,"[2.9812066811857393e-07,7.772473689388477e-08,2.92848411929281e-07]",direct_vp,[],3093708.5729698585,3096560,True,81423951.18899742,70.20056852897886,45.50727760105809,0.024393508542680287,"[5.027338302037081,5.035797205441341,4.9803424681812345]",243.31451628357172,95.44727135449648,340.21812430024147,nan,nan,nan,nan,False,,nan,,,nan,nan,nan,,,,,,,,0.0008820104172252571,2.91668003959948e-05,0.04545300115413369,nan,nan,nan,False,not_run,not_requested
fig1_fig2,free_jones_vp_gated_rescue,67,804537149,10.0,snr_db,10.0,3,3,3,3,full_6d,804537149,,,nan,,False,,99.68413165211678,0.0008820104172252571,0.0008820104172252571,2.91668003959948e-05,0.0007748229456581989,8.238037159294799e-13,0.04545300115413369,False,direct_vp,global_exact_spherical_vp,proposed_post_stage1,False,bb02b763b6b78e99,jones_free,cpu,False,,numpy,numpy.linalg.solve,jones_free,False,,,0.0,0.0,0.0,0.0,True,6,4,nan,nan,"[0.0,0.0,0.0]",,"[2.9812066811857393e-07,7.772473689388477e-08,2.92848411929281e-07]",direct_vp,[],3093708.5729698585,3096560,True,81423951.18899742,70.20056852897886,45.50727760105809,0.024393508542680287,"[5.027338302037081,5.035797205441341,4.9803424681812345]",243.31451628357172,93.30129050463438,338.0721434503794,nan,nan,nan,nan,False,,nan,,,nan,nan,nan,,,,,,,,0.0008820104172252571,2.91668003959948e-05,0.04545300115413369,nan,nan,nan,False,not_run,not_requested
fig1_fig2,PEB,67,804537149,10.0,snr_db,10.0,3,3,3,3,full_6d,804537149,,,nan,,False,,5.632775515317917,nan,nan,nan,nan,nan,nan,False,,,peb_only,False,964fbd20d3401a10,,,,,,,adaptive_jones,True,fixed_anchor_then_adaptive_jones_score_selection,,nan,nan,nan,nan,True,,,nan,nan,,,,,[],nan,,,nan,nan,nan,nan,,nan,nan,nan,0.00011200162436660195,nan,nan,0.00011200162436660195,False,b26904abe3f7d46852807fc0a30cd211634c6c8e972ac0e965050f20e27517f2,0.04549512960968673,computed_unscaled,cpu,nan,nan,nan,,,,,,,,nan,nan,nan,nan,nan,nan,False,,
fig1_fig2,free_jones_vp,46,3306807379,10.0,snr_db,10.0,3,3,3,3,full_6d,3306807379,,,nan,,False,,1103.2654168605804,0.003224231902142058,0.003224231902142058,0.00018739953107219185,0.00288421928253429,1.088257203069216e-12,0.043202239559322855,False,direct_vp,global_exact_spherical_vp,proposed_post_stage1,False,f0d8cb124a0d793d,jones_free,cpu,False,,numpy,numpy.linalg.solve,jones_free,False,,,0.0,0.0,0.0,0.0,True,6,4,nan,nan,"[0.0,0.0,0.0]",,"[2.1541226344895126e-06,1.2189379649217463e-07,9.550399991965581e-07]",jnpp_then_vp,[],3100954.954915576,3096560,False,85440407.55049148,78.13382713082832,43.451965427834594,0.01391971257037351,"[4.989024914052474,5.009811473452037,5.022824432288904]",235.12189086526632,983.5216703265905,1220.0485026612878,nan,nan,nan,nan,False,,nan,,,nan,nan,nan,,,,,,,,0.003224231902142058,0.00018739953107219185,0.043202239559322855,nan,nan,nan,False,not_run,not_requested
fig1_fig2,free_jones_vp_gated_rescue,46,3306807379,10.0,snr_db,10.0,3,3,3,3,full_6d,3306807379,,,nan,,False,,1241.1518947556615,0.00019810562952747763,0.00019810562952747763,5.43926222868702e-07,4.722707260574524e-05,1.0010783270925163e-13,0.043122094552654734,False,ris_only_stage2_then_vp,global_exact_spherical_vp,proposed_post_stage1,False,f0d8cb124a0d793d,jones_free,cpu,False,,numpy,numpy.linalg.solve,jones_free,False,,,0.0,0.0,0.0,0.0,True,6,4,nan,nan,"[0.0,0.0,0.0]",,"[2.1966863378460554e-06,1.254339669813241e-07,9.478220860551194e-07]",jnpp_then_vp,[],3100954.954915576,3096560,False,85440407.55049148,78.13382713082832,43.451965427834594,0.01391971257037351,"[4.989024914052474,5.009811473452037,5.022824432288904]",235.12189086526632,134.57189935445786,385.3488626629114,nan,nan,nan,nan,False,,nan,,,nan,nan,nan,,,,,,,,0.003224231902142058,0.00018739953107219185,0.043202239559322855,0.00019810562952747763,5.43926222868702e-07,0.043122094552654734,True,accepted,accepted
fig1_fig2,PEB,46,3306807379,10.0,snr_db,10.0,3,3,3,3,full_6d,3306807379,,,nan,,False,,5.834862753748894,nan,nan,nan,nan,nan,nan,False,,,peb_only,False,89789572859fe1a1,,,,,,,adaptive_jones,True,fixed_anchor_then_adaptive_jones_score_selection,,nan,nan,nan,nan,True,,,nan,nan,,,,,[],nan,,,nan,nan,nan,nan,,nan,nan,nan,0.00010437338646550407,nan,nan,0.00010437338646550407,False,324c3cee61ad53d18a3b7f70cef7049986ada5517935cd8531014229a0b305be,0.043141232333473827,computed_unscaled,cpu,nan,nan,nan,,,,,,,,nan,nan,nan,nan,nan,nan,False,,
fig1_fig2,free_jones_vp,66,437355907,10.0,snr_db,10.0,3,3,3,3,full_6d,437355907,,,nan,,False,,281.55491000413895,0.0007367936393208795,0.0007367936393208795,5.1586483840929214e-06,0.0003653986990722939,1.3405567320649415e-13,0.058101723652668524,False,direct_vp,global_exact_spherical_vp,proposed_post_stage1,False,3d8a34c5d4ca31e3,jones_free,cpu,False,,numpy,numpy.linalg.solve,jones_free,False,,,0.0,0.0,0.0,0.0,True,6,4,nan,nan,"[0.0,0.0,0.0]",,"[2.1365571086547118e-07,1.323387601597204e-07,5.046032189354311e-07]",direct_vp,[],3097849.456691262,3096560,True,83410888.3810186,77.98801742684476,74.34432190483756,0.00959135558368953,"[5.021800899572418,5.001871234018431,5.0010620340371155]",238.37421955168247,274.3405893519521,514.140466272831,nan,nan,nan,nan,False,,nan,,,nan,nan,nan,,,,,,,,0.0007367936393208795,5.1586483840929214e-06,0.058101723652668524,nan,nan,nan,False,not_run,not_requested
fig1_fig2,free_jones_vp_gated_rescue,66,437355907,10.0,snr_db,10.0,3,3,3,3,full_6d,437355907,,,nan,,False,,273.67331674695015,0.0007367936393208795,0.0007367936393208795,5.1586483840929214e-06,0.0003653986990722939,1.3405567320649415e-13,0.058101723652668524,False,direct_vp,global_exact_spherical_vp,proposed_post_stage1,False,3d8a34c5d4ca31e3,jones_free,cpu,False,,numpy,numpy.linalg.solve,jones_free,False,,,0.0,0.0,0.0,0.0,True,6,4,nan,nan,"[0.0,0.0,0.0]",,"[2.1365571086547118e-07,1.323387601597204e-07,5.046032189354311e-07]",direct_vp,[],3097849.456691262,3096560,True,83410888.3810186,77.98801742684476,74.34432190483756,0.00959135558368953,"[5.021800899572418,5.001871234018431,5.0010620340371155]",238.37421955168247,267.0450936332345,506.8449705541134,nan,nan,nan,nan,False,,nan,,,nan,nan,nan,,,,,,,,0.0007367936393208795,5.1586483840929214e-06,0.058101723652668524,nan,nan,nan,False,not_run,not_requested
fig1_fig2,PEB,66,437355907,10.0,snr_db,10.0,3,3,3,3,full_6d,437355907,,,nan,,False,,5.68894849717617,nan,nan,nan,nan,nan,nan,False,,,peb_only,False,e9b7b3488f6e88d8,,,,,,,adaptive_jones,True,fixed_anchor_then_adaptive_jones_score_selection,,nan,nan,nan,nan,True,,,nan,nan,,,,,[],nan,,,nan,nan,nan,nan,,nan,nan,nan,0.0001121935353692259,nan,nan,0.0001121935353692259,False,34c19cd95e99da79457cbf3518f1232a26ad19f1e8691866bda8c30a1c520f1f,0.05807783933233801,computed_unscaled,cpu,nan,nan,nan,,,,,,,,nan,nan,nan,nan,nan,nan,False,,
fig1_fig2,free_jones_vp,49,3038295588,10.0,snr_db,10.0,3,3,3,3,full_6d,3038295588,,,nan,,False,,1088.9824963659048,0.021630769371938727,0.021630769371938727,0.002500278699890814,0.0013155022457154277,2.389532614077483e-12,0.059462980761711776,False,direct_vp,global_exact_spherical_vp,proposed_post_stage1,False,bba227a41fe32e53,jones_free,cpu,False,,numpy,numpy.linalg.solve,jones_free,False,,,0.0,0.0,0.0,0.0,True,6,4,nan,nan,"[0.0,0.0,0.0]",,"[9.524100635752143e-07,7.309554869328218e-07,7.275614225918003e-07]",jnpp_then_vp,[],3175535.97353452,3096560,False,88566003.97014895,77.31537359958827,38.511397645551455,0.031936309630870165,"[5.023366241534505,5.092340477604999,5.025891014589394]",221.74751092493534,969.1142679899931,1192.232857696712,nan,nan,nan,nan,False,,nan,,,nan,nan,nan,,,,,,,,0.021630769371938727,0.002500278699890814,0.059462980761711776,nan,nan,nan,False,not_run,not_requested
fig1_fig2,free_jones_vp_gated_rescue,49,3038295588,10.0,snr_db,10.0,3,3,3,3,full_6d,3038295588,,,nan,,False,,1140.127478018403,0.0002410644774140122,0.0002410644774140122,1.3329408039008474e-06,0.00014306456903982607,5.557296402095698e-13,0.05803396707910175,False,ris_only_stage2_then_vp,global_exact_spherical_vp,proposed_post_stage1,False,bba227a41fe32e53,jones_free,cpu,False,,numpy,numpy.linalg.solve,jones_free,False,,,0.0,0.0,0.0,0.0,True,6,4,nan,nan,"[0.0,0.0,0.0]",,"[5.937039326682423e-07,8.707849750832477e-07,8.205599859265277e-07]",jnpp_then_vp,[],3175535.97353452,3096560,False,88566003.97014895,77.31537359958827,38.511397645551455,0.031936309630870165,"[5.023366241534505,5.092340477604999,5.025891014589394]",221.74751092493534,50.69251623004675,288.7472484409809,nan,nan,nan,nan,False,,nan,,,nan,nan,nan,,,,,,,,0.021630769371938727,0.002500278699890814,0.059462980761711776,0.0002410644774140122,1.3329408039008474e-06,0.05803396707910175,True,accepted,accepted
fig1_fig2,PEB,49,3038295588,10.0,snr_db,10.0,3,3,3,3,full_6d,3038295588,,,nan,,False,,5.651899874210358,nan,nan,nan,nan,nan,nan,False,,,peb_only,False,e6f019a7eb624828,,,,,,,adaptive_jones,True,fixed_anchor_then_adaptive_jones_score_selection,,nan,nan,nan,nan,True,,,nan,nan,,,,,[],nan,,,nan,nan,nan,nan,,nan,nan,nan,0.00010414866567453616,nan,nan,0.00010414866567453616,False,acf4e48940052036015f088be14d19342fd02a5a04e03acf4cbab7169512ba81,0.0579844286601582,computed_unscaled,cpu,nan,nan,nan,,,,,,,,nan,nan,nan,nan,nan,nan,False,,
fig1_fig2,free_jones_vp,41,4278604885,10.0,snr_db,10.0,3,3,3,3,full_6d,4278604885,,,nan,,False,,1539.8502731993794,0.003632440223803759,0.003632440223803759,0.0005261318168707771,0.002914520229406341,1.0010481596762875e-12,0.028636255605841827,False,direct_vp,global_exact_spherical_vp,proposed_post_stage1,False,2d13dbfcad84df0a,jones_free,cpu,False,,numpy,numpy.linalg.solve,jones_free,False,,,0.0,0.0,0.0,0.0,True,6,4,nan,nan,"[0.0,0.0,0.0]",,"[2.2768882668041783e-07,8.230566149840824e-08,1.4053551810663746e-05]",jnpp_then_vp,[],3112524.08583755,3096560,False,43083912.65131275,111.25147408733336,37.062046976788054,0.02057127474561766,"[4.980137532842265,4.992346038868324,5.028579857805105]",222.57950841635466,1364.359995484352,1588.263001613319,nan,nan,nan,nan,False,,nan,,,nan,nan,nan,,,,,,,,0.003632440223803759,0.0005261318168707771,0.028636255605841827,nan,nan,nan,False,not_run,not_requested
fig1_fig2,free_jones_vp_gated_rescue,41,4278604885,10.0,snr_db,10.0,3,3,3,3,full_6d,4278604885,,,nan,,False,,1668.170570537448,0.00038994140450660056,0.00038994140450660056,6.581528771191168e-07,6.122817584411525e-05,5.5748863313035524e-14,0.028491686909171927,False,ris_only_stage2_then_vp,global_exact_spherical_vp,proposed_post_stage1,False,2d13dbfcad84df0a,jones_free,cpu,False,,numpy,numpy.linalg.solve,jones_free,False,,,0.0,0.0,0.0,0.0,True,6,4,nan,nan,"[0.0,0.0,0.0]",,"[2.1659269628713352e-07,5.7585507222345773e-08,1.612497466105121e-05]",jnpp_then_vp,[],3112524.08583755,3096560,False,43083912.65131275,111.25147408733336,37.062046976788054,0.02057127474561766,"[4.980137532842265,4.992346038868324,5.028579857805105]",222.57950841635466,134.29781462997198,371.16810420900583,nan,nan,nan,nan,False,,nan,,,nan,nan,nan,,,,,,,,0.003632440223803759,0.0005261318168707771,0.028636255605841827,0.00038994140450660056,6.581528771191168e-07,0.028491686909171927,True,accepted,accepted
fig1_fig2,PEB,41,4278604885,10.0,snr_db,10.0,3,3,3,3,full_6d,4278604885,,,nan,,False,,5.661458358168602,nan,nan,nan,nan,nan,nan,False,,,peb_only,False,229e10f574f9b9ee,,,,,,,adaptive_jones,True,fixed_anchor_then_adaptive_jones_score_selection,,nan,nan,nan,nan,True,,,nan,nan,,,,,[],nan,,,nan,nan,nan,nan,,nan,nan,nan,0.0001532984328488081,nan,nan,0.0001532984328488081,False,3ffbd47003275298d380fa4fdbe537af868b54f1a66ff07176dee6a601458b33,0.028489527917999663,computed_unscaled,cpu,nan,nan,nan,,,,,,,,nan,nan,nan,nan,nan,nan,False,,
fig1_fig2,free_jones_vp,68,217409269,10.0,snr_db,10.0,3,3,3,3,full_6d,217409269,,,nan,,False,,162.32830079644918,0.0009641216496407484,0.0009641216496407484,2.854412555018387e-05,0.0007082787431211115,4.272826901770315e-13,0.018294362016635698,False,direct_vp,global_exact_spherical_vp,proposed_post_stage1,False,e88a88e834366998,jones_free,cpu,False,,numpy,numpy.linalg.solve,jones_free,False,,,0.0,0.0,0.0,0.0,True,6,4,nan,nan,"[0.0,0.0,0.0]",,"[9.881863597966303e-07,2.545486393197308e-09,1.5710266441139977e-06]",direct_vp,[],3100134.249311224,3096560,True,51164457.89631665,94.8105852895311,54.33213356322013,0.020345911806819432,"[4.988187706876008,5.01312011542398,4.963283015714821]",239.394466817379,154.86799725145102,395.6924112662673,nan,nan,nan,nan,False,,nan,,,nan,nan,nan,,,,,,,,0.0009641216496407484,2.854412555018387e-05,0.018294362016635698,nan,nan,nan,False,not_run,not_requested
fig1_fig2,free_jones_vp_gated_rescue,68,217409269,10.0,snr_db,10.0,3,3,3,3,full_6d,217409269,,,nan,,False,,158.2226134389639,0.0009641216496407484,0.0009641216496407484,2.854412555018387e-05,0.0007082787431211115,4.272826901770315e-13,0.018294362016635698,False,direct_vp,global_exact_spherical_vp,proposed_post_stage1,False,e88a88e834366998,jones_free,cpu,False,,numpy,numpy.linalg.solve,jones_free,False,,,0.0,0.0,0.0,0.0,True,6,4,nan,nan,"[0.0,0.0,0.0]",,"[9.881863597966303e-07,2.545486393197308e-09,1.5710266441139977e-06]",direct_vp,[],3100134.249311224,3096560,True,51164457.89631665,94.8105852895311,54.33213356322013,0.020345911806819432,"[4.988187706876008,5.01312011542398,4.963283015714821]",239.394466817379,151.88256991654634,392.70698393136263,nan,nan,nan,nan,False,,nan,,,nan,nan,nan,,,,,,,,0.0009641216496407484,2.854412555018387e-05,0.018294362016635698,nan,nan,nan,False,not_run,not_requested
fig1_fig2,PEB,68,217409269,10.0,snr_db,10.0,3,3,3,3,full_6d,217409269,,,nan,,False,,5.328168645501137,nan,nan,nan,nan,nan,nan,False,,,peb_only,False,f11e64798de78e5a,,,,,,,adaptive_jones,True,fixed_anchor_then_adaptive_jones_score_selection,,nan,nan,nan,nan,True,,,nan,nan,,,,,[],nan,,,nan,nan,nan,nan,,nan,nan,nan,0.00014192563253487072,nan,nan,0.00014192563253487072,False,0b182e454a04b5041a3aee67b1d617d5e470ee5322dc8a1561fe76d42cd56704,0.01827336424821343,computed_unscaled,cpu,nan,nan,nan,,,,,,,,nan,nan,nan,nan,nan,nan,False,,
fig1_fig2,free_jones_vp,40,1007248754,10.0,snr_db,10.0,3,3,3,3,full_6d,1007248754,,,nan,,False,,1599.8173000365496,0.022461925185136275,0.022461925185136275,0.0008933809724237558,0.00244845326056238,2.849296207991355e-12,0.0296634125851388,False,direct_vp,global_exact_spherical_vp,proposed_post_stage1,False,ec8515c2841e8e0b,jones_free,cpu,False,,numpy,numpy.linalg.solve,jones_free,False,,,0.0,0.0,0.0,0.0,True,6,4,nan,nan,"[0.0,0.0,0.0]",,"[5.702469792925532e-07,1.066620060076577e-08,1.1382178278018433e-06]",jnpp_then_vp,[],3124456.4954332327,3096560,False,57009024.679548666,90.51231351658184,42.310016201406974,0.02072764555928555,"[5.011925752540296,5.000754142286005,4.963447580374412]",230.91107439249754,1591.8713127151132,1824.3287161439657,nan,nan,nan,nan,False,,nan,,,nan,nan,nan,,,,,,,,0.022461925185136275,0.0008933809724237558,0.0296634125851388,nan,nan,nan,False,not_run,not_requested
fig1_fig2,free_jones_vp_gated_rescue,40,1007248754,10.0,snr_db,10.0,3,3,3,3,full_6d,1007248754,,,nan,,False,,1731.8496111780405,0.00013588644417582865,0.00013588644417582865,4.4771161294166723e-07,6.744716570613628e-05,3.319304337909641e-14,0.029398520253989216,False,ris_only_stage2_then_vp,global_exact_spherical_vp,proposed_post_stage1,False,ec8515c2841e8e0b,jones_free,cpu,False,,numpy,numpy.linalg.solve,jones_free,False,,,0.0,0.0,0.0,0.0,True,6,4,nan,nan,"[0.0,0.0,0.0]",,"[4.7017238083017444e-07,8.612829872519023e-08,2.320732042823891e-06]",jnpp_then_vp,[],3124456.4954332327,3096560,False,57009024.679548666,90.51231351658184,42.310016201406974,0.02072764555928555,"[5.011925752540296,5.000754142286005,4.963447580374412]",230.91107439249754,136.89818869531155,384.348017282784,nan,nan,nan,nan,False,,nan,,,nan,nan,nan,,,,,,,,0.022461925185136275,0.0008933809724237558,0.0296634125851388,0.00013588644417582865,4.4771161294166723e-07,0.029398520253989216,True,accepted,accepted
fig1_fig2,PEB,40,1007248754,10.0,snr_db,10.0,3,3,3,3,full_6d,1007248754,,,nan,,False,,5.800361976027489,nan,nan,nan,nan,nan,nan,False,,,peb_only,False,55db9cd30abf3e26,,,,,,,adaptive_jones,True,fixed_anchor_then_adaptive_jones_score_selection,,nan,nan,nan,nan,True,,,nan,nan,,,,,[],nan,,,nan,nan,nan,nan,,nan,nan,nan,0.00014354260822166268,nan,nan,0.00014354260822166268,False,8bb652b717ff684281335ff9a69fbed705a14cc366cf654f3e53c1ef0c7a4d23,0.029398716744334853,computed_unscaled,cpu,nan,nan,nan,,,,,,,,nan,nan,nan,nan,nan,nan,False,,
fig1_fig2,free_jones_vp,44,2937526438,10.0,snr_db,10.0,3,3,3,3,full_6d,2937526438,,,nan,,False,,1412.2773982211947,0.02670114676147407,0.02670114676147407,0.002286129840310141,0.004095513409760935,2.98635751261974e-12,0.032404323995413646,False,direct_vp,global_exact_spherical_vp,proposed_post_stage1,False,3b2375825fe8452e,jones_free,cpu,False,,numpy,numpy.linalg.solve,jones_free,False,,,0.0,0.0,0.0,0.0,True,6,4,nan,nan,"[0.0,0.0,0.0]",,"[5.963137717364365e-07,1.8025202398038886e-07,4.6691726060141093e-07]",jnpp_then_vp,[],3169595.2785539143,3096560,False,88908173.57760243,69.17713007186467,47.07417584513094,0.016449164990956184,"[4.973203165709078,4.999498671570837,5.012789477765869]",230.6231636106968,1404.5060879439116,1636.6974131017923,nan,nan,nan,nan,False,,nan,,,nan,nan,nan,,,,,,,,0.02670114676147407,0.002286129840310141,0.032404323995413646,nan,nan,nan,False,not_run,not_requested
fig1_fig2,free_jones_vp_gated_rescue,44,2937526438,10.0,snr_db,10.0,3,3,3,3,full_6d,2937526438,,,nan,,False,,1550.8383010178804,0.00045782762829984006,0.00045782762829984006,1.4238231905531992e-06,2.2066681824190544e-05,7.918205523001963e-14,0.03167829388572203,False,ris_only_stage2_then_vp,global_exact_spherical_vp,proposed_post_stage1,False,3b2375825fe8452e,jones_free,cpu,False,,numpy,numpy.linalg.solve,jones_free,False,,,0.0,0.0,0.0,0.0,True,6,4,nan,nan,"[0.0,0.0,0.0]",,"[4.5259545534341934e-07,1.6570051344837193e-07,3.648736950073871e-07]",jnpp_then_vp,[],3169595.2785539143,3096560,False,88908173.57760243,69.17713007186467,47.07417584513094,0.016449164990956184,"[4.973203165709078,4.999498671570837,5.012789477765869]",230.6231636106968,140.90834590047598,385.9227359369397,nan,nan,nan,nan,False,,nan,,,nan,nan,nan,,,,,,,,0.02670114676147407,0.002286129840310141,0.032404323995413646,0.00045782762829984006,1.4238231905531992e-06,0.03167829388572203,True,accepted,accepted
fig1_fig2,PEB,44,2937526438,10.0,snr_db,10.0,3,3,3,3,full_6d,2937526438,,,nan,,False,,5.645701542496681,nan,nan,nan,nan,nan,nan,False,,,peb_only,False,098f7c9f91f59605,,,,,,,adaptive_jones,True,fixed_anchor_then_adaptive_jones_score_selection,,nan,nan,nan,nan,True,,,nan,nan,,,,,[],nan,,,nan,nan,nan,nan,,nan,nan,nan,0.00010973705548523495,nan,nan,0.00010973705548523495,False,a69e9e58b307bf283137f27fcdcb11ba27c21f96108559d9bf8b0d1b3c2cba08,0.031657812169067184,computed_unscaled,cpu,nan,nan,nan,,,,,,,,nan,nan,nan,nan,nan,nan,False,,
fig1_fig2,free_jones_vp,38,445142407,10.0,snr_db,10.0,3,3,3,3,full_6d,445142407,,,nan,,False,,1924.504299633205,0.005485997738224533,0.005485997738224533,0.0003594561205674022,0.0042159284368128115,5.290608945072449e-12,0.07120039183354918,False,direct_vp,global_exact_spherical_vp,proposed_post_stage1,False,a4fcf87e556645ae,jones_free,cpu,False,,numpy,numpy.linalg.solve,jones_free,False,,,0.0,0.0,0.0,0.0,True,6,4,nan,nan,"[0.0,0.0,0.0]",,"[3.038917043940717e-07,2.8029651047776857e-06,9.1785747478922e-08]",jnpp_then_vp,[],3106888.96699847,3096560,False,47917121.976642005,119.96731841268442,37.29923468651191,0.030031071003128483,"[5.002154091179163,4.943667363330976,4.934273044684989]",237.7720080167055,1652.6928069889545,1891.9122514650226,nan,nan,nan,nan,False,,nan,,,nan,nan,nan,,,,,,,,0.005485997738224533,0.0003594561205674022,0.07120039183354918,nan,nan,nan,False,not_run,not_requested
fig1_fig2,free_jones_vp_gated_rescue,38,445142407,10.0,snr_db,10.0,3,3,3,3,full_6d,445142407,,,nan,,False,,2040.626929461956,0.0001719383125980933,0.0001719383125980933,5.985218120530773e-07,4.880418637205705e-05,9.06170144056399e-13,0.07093717533318378,False,ris_only_stage2_then_vp,global_exact_spherical_vp,proposed_post_stage1,False,a4fcf87e556645ae,jones_free,cpu,False,,numpy,numpy.linalg.solve,jones_free,False,,,0.0,0.0,0.0,0.0,True,6,4,nan,nan,"[0.0,0.0,0.0]",,"[3.210756853043487e-07,1.8137016049590941e-06,1.425321755103447e-07]",jnpp_then_vp,[],3106888.96699847,3096560,False,47917121.976642005,119.96731841268442,37.29923468651191,0.030031071003128483,"[5.002154091179163,4.943667363330976,4.934273044684989]",237.7720080167055,121.97967661172152,376.9448647275567,nan,nan,nan,nan,False,,nan,,,nan,nan,nan,,,,,,,,0.005485997738224533,0.0003594561205674022,0.07120039183354918,0.0001719383125980933,5.985218120530773e-07,0.07093717533318378,True,accepted,accepted
fig1_fig2,PEB,38,445142407,10.0,snr_db,10.0,3,3,3,3,full_6d,445142407,,,nan,,False,,5.814456649124622,nan,nan,nan,nan,nan,nan,False,,,peb_only,False,05f0fe1be5a42f7d,,,,,,,adaptive_jones,True,fixed_anchor_then_adaptive_jones_score_selection,,nan,nan,nan,nan,True,,,nan,nan,,,,,[],nan,,,nan,nan,nan,nan,,nan,nan,nan,0.0001519258569948173,nan,nan,0.0001519258569948173,False,188df01b21e845096046e025598027817a0fefeca6c3a9da8733d6021c9aadff,0.07096405017504218,computed_unscaled,cpu,nan,nan,nan,,,,,,,,nan,nan,nan,nan,nan,nan,False,,
fig1_fig2,free_jones_vp,39,1925729663,10.0,snr_db,10.0,3,3,3,3,full_6d,1925729663,,,nan,,False,,1882.1368339136243,0.011127144282055638,0.011127144282055638,0.0005397345249241438,0.003480346625811985,2.0177029310633666e-12,0.008928547531581503,False,direct_vp,global_exact_spherical_vp,proposed_post_stage1,False,cd30b12be4b912ec,jones_free,cpu,False,,numpy,numpy.linalg.solve,jones_free,False,,,0.0,0.0,0.0,0.0,True,6,4,nan,nan,"[0.0,0.0,0.0]",,"[2.117624297619233e-06,1.367450976474578e-06,1.0304094616989443e-06]",jnpp_then_vp,[],3112602.6347536175,3096560,False,82811568.06686951,89.68511346705975,42.69887965651095,0.033815724412397156,"[4.98801626818332,5.066992114475344,5.005873743905566]",235.96260242909193,1749.6935612782836,1987.4802877902985,nan,nan,nan,nan,False,,nan,,,nan,nan,nan,,,,,,,,0.011127144282055638,0.0005397345249241438,0.008928547531581503,nan,nan,nan,False,not_run,not_requested
fig1_fig2,free_jones_vp_gated_rescue,39,1925729663,10.0,snr_db,10.0,3,3,3,3,full_6d,1925729663,,,nan,,False,,1942.128798827529,0.00011355686953383649,0.00011355686953383649,8.311301075776078e-07,5.50334362432466e-05,9.684638485280079e-14,0.008881027575200703,False,ris_only_stage2_then_vp,global_exact_spherical_vp,proposed_post_stage1,False,cd30b12be4b912ec,jones_free,cpu,False,,numpy,numpy.linalg.solve,jones_free,False,,,0.0,0.0,0.0,0.0,True,6,4,nan,nan,"[0.0,0.0,0.0]",,"[1.7933160090957198e-06,1.3758400914215464e-06,1.074713464265803e-06]",jnpp_then_vp,[],3112602.6347536175,3096560,False,82811568.06686951,89.68511346705975,42.69887965651095,0.033815724412397156,"[4.98801626818332,5.066992114475344,5.005873743905566]",235.96260242909193,53.17877954244614,306.8071112036705,nan,nan,nan,nan,False,,nan,,,nan,nan,nan,,,,,,,,0.011127144282055638,0.0005397345249241438,0.008928547531581503,0.00011355686953383649,8.311301075776078e-07,0.008881027575200703,True,accepted,accepted
fig1_fig2,PEB,39,1925729663,10.0,snr_db,10.0,3,3,3,3,full_6d,1925729663,,,nan,,False,,6.780243270099163,nan,nan,nan,nan,nan,nan,False,,,peb_only,False,4826d7d9cb5e8b90,,,,,,,adaptive_jones,True,fixed_anchor_then_adaptive_jones_score_selection,,nan,nan,nan,nan,True,,,nan,nan,,,,,[],nan,,,nan,nan,nan,nan,,nan,nan,nan,0.00010316082605915418,nan,nan,0.00010316082605915418,False,96864a0d945e4bbb9c67c4c5c4b209be5179ce0b5fab7e2f47325b1eaa6bc2cc,0.008882574888439954,computed_unscaled,cpu,nan,nan,nan,,,,,,,,nan,nan,nan,nan,nan,nan,False,,
fig1_fig2,free_jones_vp,75,3035140021,10.0,snr_db,10.0,3,3,3,3,full_6d,3035140021,,,nan,,False,,180.54965497553349,0.0014380403526649392,0.0014380403526649392,4.013449797770449e-05,0.0011253907969669323,1.7411412844638133e-12,0.03314286158470806,False,direct_vp,global_exact_spherical_vp,proposed_post_stage1,False,7a952ff1e5922560,jones_free,cpu,False,,numpy,numpy.linalg.solve,jones_free,False,,,0.0,0.0,0.0,0.0,True,6,4,nan,nan,"[0.0,0.0,0.0]",,"[1.0536869301938964e-08,5.341085025672553e-07,8.86072298986349e-06]",direct_vp,[],3093511.099164862,3096560,True,41883650.97746792,139.67751748929274,42.932804507415355,0.022062399501777918,"[4.987446858099645,4.976167465507472,5.027577830359479]",228.0764715746045,172.44020073115826,401.86716513335705,nan,nan,nan,nan,False,,nan,,,nan,nan,nan,,,,,,,,0.0014380403526649392,4.013449797770449e-05,0.03314286158470806,nan,nan,nan,False,not_run,not_requested
fig1_fig2,free_jones_vp_gated_rescue,75,3035140021,10.0,snr_db,10.0,3,3,3,3,full_6d,3035140021,,,nan,,False,,177.7135859578848,0.0014380403526649392,0.0014380403526649392,4.013449797770449e-05,0.0011253907969669323,1.7411412844638133e-12,0.03314286158470806,False,direct_vp,global_exact_spherical_vp,proposed_post_stage1,False,7a952ff1e5922560,jones_free,cpu,False,,numpy,numpy.linalg.solve,jones_free,False,,,0.0,0.0,0.0,0.0,True,6,4,nan,nan,"[0.0,0.0,0.0]",,"[1.0536869301938964e-08,5.341085025672553e-07,8.86072298986349e-06]",direct_vp,[],3093511.099164862,3096560,True,41883650.97746792,139.67751748929274,42.932804507415355,0.022062399501777918,"[4.987446858099645,4.976167465507472,5.027577830359479]",228.0764715746045,171.12212540209293,400.5490898042917,nan,nan,nan,nan,False,,nan,,,nan,nan,nan,,,,,,,,0.0014380403526649392,4.013449797770449e-05,0.03314286158470806,nan,nan,nan,False,not_run,not_requested
fig1_fig2,PEB,75,3035140021,10.0,snr_db,10.0,3,3,3,3,full_6d,3035140021,,,nan,,False,,5.676781922578812,nan,nan,nan,nan,nan,nan,False,,,peb_only,False,bf96eef340c1b1af,,,,,,,adaptive_jones,True,fixed_anchor_then_adaptive_jones_score_selection,,nan,nan,nan,nan,True,,,nan,nan,,,,,[],nan,,,nan,nan,nan,nan,,nan,nan,nan,0.00015899183558691914,nan,nan,0.00015899183558691914,False,2f212a9fc87faf916a5915468a1ea2df60203d744fc985d035cf071254d1c26c,0.0331756979253235,computed_unscaled,cpu,nan,nan,nan,,,,,,,,nan,nan,nan,nan,nan,nan,False,,
fig1_fig2,free_jones_vp,54,1185050677,10.0,snr_db,10.0,3,3,3,3,full_6d,1185050677,,,nan,,False,,1107.113243214786,0.026112838833986664,0.026112838833986664,0.0028107726258633473,0.006208731306017886,4.922452570701025e-12,0.02834881679147137,False,direct_vp,global_exact_spherical_vp,proposed_post_stage1,False,4868847b0af440ec,jones_free,cpu,False,,numpy,numpy.linalg.solve,jones_free,False,,,0.0,0.0,0.0,0.0,True,6,4,nan,nan,"[0.0,0.0,0.0]",,"[4.1372886254702625e-07,1.474625245238155e-07,2.572679037697573e-07]",jnpp_then_vp,[],3182196.177740667,3096560,False,77160083.96283308,87.33596594907165,36.15345791138717,0.018538614467085174,"[4.981149660109245,4.937122614865391,4.96876814059873]",229.1731953471899,1098.705679140985,1329.341851785779,nan,nan,nan,nan,False,,nan,,,nan,nan,nan,,,,,,,,0.026112838833986664,0.0028107726258633473,0.02834881679147137,nan,nan,nan,False,not_run,not_requested
fig1_fig2,free_jones_vp_gated_rescue,54,1185050677,10.0,snr_db,10.0,3,3,3,3,full_6d,1185050677,,,nan,,False,,1475.3354106843472,0.0007405623671792874,0.0007405623671792874,2.4309850059236105e-06,0.00012382291527824883,7.84247411319535e-14,0.027568894355789686,False,ris_only_stage2_then_vp,global_exact_spherical_vp,proposed_post_stage1,False,4868847b0af440ec,jones_free,cpu,False,,numpy,numpy.linalg.solve,jones_free,False,,,0.0,0.0,0.0,0.0,True,6,4,nan,nan,"[0.0,0.0,0.0]",,"[1.7596236950690113e-08,8.916518606639492e-08,2.6721595483216897e-07]",jnpp_then_vp,[],3182196.177740667,3096560,False,77160083.96283308,87.33596594907165,36.15345791138717,0.018538614467085174,"[4.981149660109245,4.937122614865391,4.96876814059873]",229.1731953471899,348.61982522904873,595.6256504654884,nan,nan,nan,nan,False,,nan,,,nan,nan,nan,,,,,,,,0.026112838833986664,0.0028107726258633473,0.02834881679147137,0.0007405623671792874,2.4309850059236105e-06,0.027568894355789686,True,accepted,accepted
fig1_fig2,PEB,54,1185050677,10.0,snr_db,10.0,3,3,3,3,full_6d,1185050677,,,nan,,False,,5.841749645769596,nan,nan,nan,nan,nan,nan,False,,,peb_only,False,2f3b117555de6282,,,,,,,adaptive_jones,True,fixed_anchor_then_adaptive_jones_score_selection,,nan,nan,nan,nan,True,,,nan,nan,,,,,[],nan,,,nan,nan,nan,nan,,nan,nan,nan,0.00010666703827746101,nan,nan,0.00010666703827746101,False,115a7d3f95ba8b9ea29c0754c333293a0d2bf13a03dc583bd9fdf4cc7c014143,0.027586063461113624,computed_unscaled,cpu,nan,nan,nan,,,,,,,,nan,nan,nan,nan,nan,nan,False,,
fig1_fig2,free_jones_vp,48,3302385666,10.0,snr_db,10.0,3,3,3,3,full_6d,3302385666,,,nan,,False,,1537.4244547262788,0.026668216095713057,0.026668216095713057,0.0020974455689854333,0.0031083954996981066,2.6897391731152404e-12,0.042375643402995065,False,direct_vp,global_exact_spherical_vp,proposed_post_stage1,False,440854a56195115e,jones_free,cpu,False,,numpy,numpy.linalg.solve,jones_free,False,,,0.0,0.0,0.0,0.0,True,6,4,nan,nan,"[0.0,0.0,0.0]",,"[8.951616706667791e-08,2.6586848239870607e-07,4.0586063741854057e-07]",jnpp_then_vp,[],3157829.181124242,3096560,False,85215401.45707983,68.75556177761754,65.6942857026748,0.010582326681127132,"[5.003908025529086,5.002166678154702,5.0254351453253765]",224.8056001290679,1528.8636006265879,1755.1447293534875,nan,nan,nan,nan,False,,nan,,,nan,nan,nan,,,,,,,,0.026668216095713057,0.0020974455689854333,0.042375643402995065,nan,nan,nan,False,not_run,not_requested
fig1_fig2,free_jones_vp_gated_rescue,48,3302385666,10.0,snr_db,10.0,3,3,3,3,full_6d,3302385666,,,nan,,False,,1697.0374761223793,8.691995114966462e-05,8.691995114966462e-05,7.621099377195198e-07,6.782212956810073e-05,6.569006621405999e-13,0.04150319747592981,False,ris_only_stage2_then_vp,global_exact_spherical_vp,proposed_post_stage1,False,440854a56195115e,jones_free,cpu,False,,numpy,numpy.linalg.solve,jones_free,False,,,0.0,0.0,0.0,0.0,True,6,4,nan,nan,"[0.0,0.0,0.0]",,"[3.381328057376652e-08,9.174570164255654e-11,3.3614289888608616e-07]",jnpp_then_vp,[],3157829.181124242,3096560,False,85215401.45707983,68.75556177761754,65.6942857026748,0.010582326681127132,"[5.003908025529086,5.002166678154702,5.0254351453253765]",224.8056001290679,142.56293945759535,383.12451930344105,nan,nan,nan,nan,False,,nan,,,nan,nan,nan,,,,,,,,0.026668216095713057,0.0020974455689854333,0.042375643402995065,8.691995114966462e-05,7.621099377195198e-07,0.04150319747592981,True,accepted,accepted
fig1_fig2,PEB,48,3302385666,10.0,snr_db,10.0,3,3,3,3,full_6d,3302385666,,,nan,,False,,5.89975530654192,nan,nan,nan,nan,nan,nan,False,,,peb_only,False,c740d4f6d702a58f,,,,,,,adaptive_jones,True,fixed_anchor_then_adaptive_jones_score_selection,,nan,nan,nan,nan,True,,,nan,nan,,,,,[],nan,,,nan,nan,nan,nan,,nan,nan,nan,0.00011458153659228701,nan,nan,0.00011458153659228701,False,1b543152d623d7ef1c79c425645de2dcbaa35a96910d0ef3f1aa53205c46b486,0.04155367273525431,computed_unscaled,cpu,nan,nan,nan,,,,,,,,nan,nan,nan,nan,nan,nan,False,,
fig1_fig2,free_jones_vp,31,3399679668,10.0,snr_db,10.0,3,3,3,3,full_6d,3399679668,,,nan,,False,,2669.9233130589128,0.00036107944231730885,0.00036107944231730885,4.2906707882683307e-07,2.1977751576709434e-05,1.1833554204169074e-13,0.0402800581422862,False,direct_vp,global_exact_spherical_vp,proposed_post_stage1,False,86cd1af2ea319481,jones_free,cpu,False,,numpy,numpy.linalg.solve,jones_free,False,,,0.0,0.0,0.0,0.0,True,6,4,nan,nan,"[0.0,0.0,0.0]",,"[3.054567743208748e-07,4.538132275714345e-08,2.8823123487736403e-08]",jnpp_then_vp,[],3102848.8546164623,3096560,False,53455376.20132982,93.6934385330282,57.150867765389464,0.018409595262561158,"[4.995293422696146,5.022481297704011,4.9777309165774755]",235.35603591799736,2385.58608020097,2622.4246405512094,nan,nan,nan,nan,False,,nan,,,nan,nan,nan,,,,,,,,0.00036107944231730885,4.2906707882683307e-07,0.0402800581422862,nan,nan,nan,False,not_run,not_requested
fig1_fig2,free_jones_vp_gated_rescue,31,3399679668,10.0,snr_db,10.0,3,3,3,3,full_6d,3399679668,,,nan,,False,,2721.659369945526,0.00036107944231730885,0.00036107944231730885,4.2906707882683307e-07,2.1977751576709434e-05,1.1833554204169074e-13,0.0402800581422862,False,direct_vp_rollback,global_exact_spherical_vp,proposed_post_stage1,False,86cd1af2ea319481,jones_free,cpu,False,,numpy,numpy.linalg.solve,jones_free,False,,,0.0,0.0,0.0,0.0,True,6,4,nan,nan,"[0.0,0.0,0.0]",,"[3.054567743208748e-07,4.538132275714345e-08,2.8823123487736403e-08]",jnpp_then_vp,[],3102848.8546164623,3096560,False,53455376.20132982,93.6934385330282,57.150867765389464,0.018409595262561158,"[4.995293422696146,5.022481297704011,4.9777309165774755]",235.35603591799736,2371.118621505797,2607.957181856036,nan,nan,nan,nan,False,,nan,,,nan,nan,nan,,,,,,,,0.00036107944231730885,4.2906707882683307e-07,0.0402800581422862,0.0005262535418343751,8.49620315562955e-07,0.04028013583305265,True,rollback,existing_selector_rollback
fig1_fig2,PEB,31,3399679668,10.0,snr_db,10.0,3,3,3,3,full_6d,3399679668,,,nan,,False,,5.85749775916338,nan,nan,nan,nan,nan,nan,False,,,peb_only,False,82d55a7197910cbb,,,,,,,adaptive_jones,True,fixed_anchor_then_adaptive_jones_score_selection,,nan,nan,nan,nan,True,,,nan,nan,,,,,[],nan,,,nan,nan,nan,nan,,nan,nan,nan,0.0001386181568063802,nan,nan,0.0001386181568063802,False,579f4d92d8c766cab7fa417a5175cd99bb36ab4a51df0f587cc9ea2e392b9def,0.040198626219395954,computed_unscaled,cpu,nan,nan,nan,,,,,,,,nan,nan,nan,nan,nan,nan,False,,
fig1_fig2,free_jones_vp,80,2843598472,10.0,snr_db,10.0,3,3,3,3,full_6d,2843598472,,,nan,,False,,100.11872099339962,0.0008314011377853356,0.0008314011377853356,1.764124020274493e-05,0.0007399773978501231,2.529491881610324e-13,0.06815975085073771,False,direct_vp,global_exact_spherical_vp,proposed_post_stage1,False,a42245620d25b6b9,jones_free,cpu,False,,numpy,numpy.linalg.solve,jones_free,False,,,0.0,0.0,0.0,0.0,True,6,4,nan,nan,"[0.0,0.0,0.0]",,"[1.3511320239231945e-07,1.4866347498782895e-07,1.344354154724874e-07]",direct_vp,[],3096206.3949892824,3096560,True,85859690.62878661,66.79807495465865,53.518469540549866,0.04258187433142618,"[5.068107189986632,5.030342452217393,4.9650236302968125]",230.72222164273262,92.9655005261302,325.0662190839648,nan,nan,nan,nan,False,,nan,,,nan,nan,nan,,,,,,,,0.0008314011377853356,1.764124020274493e-05,0.06815975085073771,nan,nan,nan,False,not_run,not_requested
fig1_fig2,free_jones_vp_gated_rescue,80,2843598472,10.0,snr_db,10.0,3,3,3,3,full_6d,2843598472,,,nan,,False,,99.97655038535595,0.0008314011377853356,0.0008314011377853356,1.764124020274493e-05,0.0007399773978501231,2.529491881610324e-13,0.06815975085073771,False,direct_vp,global_exact_spherical_vp,proposed_post_stage1,False,a42245620d25b6b9,jones_free,cpu,False,,numpy,numpy.linalg.solve,jones_free,False,,,0.0,0.0,0.0,0.0,True,6,4,nan,nan,"[0.0,0.0,0.0]",,"[1.3511320239231945e-07,1.4866347498782895e-07,1.344354154724874e-07]",direct_vp,[],3096206.3949892824,3096560,True,85859690.62878661,66.79807495465865,53.518469540549866,0.04258187433142618,"[5.068107189986632,5.030342452217393,4.9650236302968125]",230.72222164273262,93.68649087101221,325.78720942884684,nan,nan,nan,nan,False,,nan,,,nan,nan,nan,,,,,,,,0.0008314011377853356,1.764124020274493e-05,0.06815975085073771,nan,nan,nan,False,not_run,not_requested
fig1_fig2,PEB,80,2843598472,10.0,snr_db,10.0,3,3,3,3,full_6d,2843598472,,,nan,,False,,5.651195898652077,nan,nan,nan,nan,nan,nan,False,,,peb_only,False,385af1a008881fd2,,,,,,,adaptive_jones,True,fixed_anchor_then_adaptive_jones_score_selection,,nan,nan,nan,nan,True,,,nan,nan,,,,,[],nan,,,nan,nan,nan,nan,,nan,nan,nan,0.00010962998433042976,nan,nan,0.00010962998433042976,False,ca96bdf8e3d74f1e490185f5b993e297e175166cef168c6fe33ef880dfc91c4e,0.06816788731912188,computed_unscaled,cpu,nan,nan,nan,,,,,,,,nan,nan,nan,nan,nan,nan,False,,
fig1_fig2,free_jones_vp,79,2511075941,10.0,snr_db,10.0,3,3,3,3,full_6d,2511075941,,,nan,,False,,206.97305128723383,0.0009673370635518959,0.0009673370635518959,1.206890152938109e-05,0.000659071614793954,5.768443904333517e-13,0.04014309299655299,False,direct_vp,global_exact_spherical_vp,proposed_post_stage1,False,508afe8bb15f36e2,jones_free,cpu,False,,numpy,numpy.linalg.solve,jones_free,False,,,0.0,0.0,0.0,0.0,True,6,4,nan,nan,"[0.0,0.0,0.0]",,"[3.526454114430075e-08,1.4036889719447705e-07,1.2933304225495973e-06]",direct_vp,[],3095347.7062172894,3096560,True,49182657.81185973,90.67733202482178,45.437995838723104,0.006264690711926491,"[5.0093617393683605,5.015128342537202,5.0245604089798555]",231.03252708166838,198.35304858535528,430.86141407489777,nan,nan,nan,nan,False,,nan,,,nan,nan,nan,,,,,,,,0.0009673370635518959,1.206890152938109e-05,0.04014309299655299,nan,nan,nan,False,not_run,not_requested
fig1_fig2,free_jones_vp_gated_rescue,79,2511075941,10.0,snr_db,10.0,3,3,3,3,full_6d,2511075941,,,nan,,False,,206.77720174193382,0.0009673370635518959,0.0009673370635518959,1.206890152938109e-05,0.000659071614793954,5.768443904333517e-13,0.04014309299655299,False,direct_vp,global_exact_spherical_vp,proposed_post_stage1,False,508afe8bb15f36e2,jones_free,cpu,False,,numpy,numpy.linalg.solve,jones_free,False,,,0.0,0.0,0.0,0.0,True,6,4,nan,nan,"[0.0,0.0,0.0]",,"[3.526454114430075e-08,1.4036889719447705e-07,1.2933304225495973e-06]",direct_vp,[],3095347.7062172894,3096560,True,49182657.81185973,90.67733202482178,45.437995838723104,0.006264690711926491,"[5.0093617393683605,5.015128342537202,5.0245604089798555]",231.03252708166838,200.17407996952534,432.6824454590678,nan,nan,nan,nan,False,,nan,,,nan,nan,nan,,,,,,,,0.0009673370635518959,1.206890152938109e-05,0.04014309299655299,nan,nan,nan,False,not_run,not_requested
fig1_fig2,PEB,79,2511075941,10.0,snr_db,10.0,3,3,3,3,full_6d,2511075941,,,nan,,False,,5.659310027956963,nan,nan,nan,nan,nan,nan,False,,,peb_only,False,6e49b254e17a4a98,,,,,,,adaptive_jones,True,fixed_anchor_then_adaptive_jones_score_selection,,nan,nan,nan,nan,True,,,nan,nan,,,,,[],nan,,,nan,nan,nan,nan,,nan,nan,nan,0.00014677570022839255,nan,nan,0.00014677570022839255,False,d1d2709e7ef7e78043678a9bd3afef4c60705c0eab0a43aa5b03783626c11549,0.0401590225515582,computed_unscaled,cpu,nan,nan,nan,,,,,,,,nan,nan,nan,nan,nan,nan,False,,
fig1_fig2,free_jones_vp,81,3893654042,10.0,snr_db,10.0,3,3,3,3,full_6d,3893654042,,,nan,,False,,122.68248470127583,0.001641975572844228,0.001641975572844228,7.557356691877748e-06,0.0014510559249284688,1.1592985445959647e-12,0.06726922291679599,False,direct_vp,global_exact_spherical_vp,proposed_post_stage1,False,09dbe61ff4acb177,jones_free,cpu,False,,numpy,numpy.linalg.solve,jones_free,False,,,0.0,0.0,0.0,0.0,True,6,4,nan,nan,"[0.0,0.0,0.0]",,"[1.4223342870613224e-05,1.0674319865842928e-06,8.009823139298562e-07]",direct_vp,[],3093863.7125302143,3096560,True,33909827.884093806,218.53551545825155,25.804488213468247,0.029867144371362564,"[4.962031968734401,5.035189486285006,4.999048480206926]",234.56323859840631,114.60219950973988,350.6023788303137,nan,nan,nan,nan,False,,nan,,,nan,nan,nan,,,,,,,,0.001641975572844228,7.557356691877748e-06,0.06726922291679599,nan,nan,nan,False,not_run,not_requested
fig1_fig2,free_jones_vp_gated_rescue,81,3893654042,10.0,snr_db,10.0,3,3,3,3,full_6d,3893654042,,,nan,,False,,123.50985270738602,0.001641975572844228,0.001641975572844228,7.557356691877748e-06,0.0014510559249284688,1.1592985445959647e-12,0.06726922291679599,False,direct_vp,global_exact_spherical_vp,proposed_post_stage1,False,09dbe61ff4acb177,jones_free,cpu,False,,numpy,numpy.linalg.solve,jones_free,False,,,0.0,0.0,0.0,0.0,True,6,4,nan,nan,"[0.0,0.0,0.0]",,"[1.4223342870613224e-05,1.0674319865842928e-06,8.009823139298562e-07]",direct_vp,[],3093863.7125302143,3096560,True,33909827.884093806,218.53551545825155,25.804488213468247,0.029867144371362564,"[4.962031968734401,5.035189486285006,4.999048480206926]",234.56323859840631,117.17890150099993,353.17908082157373,nan,nan,nan,nan,False,,nan,,,nan,nan,nan,,,,,,,,0.001641975572844228,7.557356691877748e-06,0.06726922291679599,nan,nan,nan,False,not_run,not_requested
fig1_fig2,PEB,81,3893654042,10.0,snr_db,10.0,3,3,3,3,full_6d,3893654042,,,nan,,False,,5.689976327121258,nan,nan,nan,nan,nan,nan,False,,,peb_only,False,f583cf3cc67d7772,,,,,,,adaptive_jones,True,fixed_anchor_then_adaptive_jones_score_selection,,nan,nan,nan,nan,True,,,nan,nan,,,,,[],nan,,,nan,nan,nan,nan,,nan,nan,nan,0.00013743569528848755,nan,nan,0.00013743569528848755,False,7fdbdc32913dce5e44795d5b9a7446df6f3ff25cfdfe20eb33bdaf98d154febf,0.06732819560834685,computed_unscaled,cpu,nan,nan,nan,,,,,,,,nan,nan,nan,nan,nan,nan,False,,
fig1_fig2,free_jones_vp,50,3229661427,10.0,snr_db,10.0,3,3,3,3,full_6d,3229661427,,,nan,,False,,1754.9601165354252,0.020856895001191405,0.020856895001191405,0.000674301476945845,0.003308473144641934,2.019934703435363e-12,0.049186766133764014,False,direct_vp,global_exact_spherical_vp,proposed_post_stage1,False,90fc34da05f1f24c,jones_free,cpu,False,,numpy,numpy.linalg.solve,jones_free,False,,,0.0,0.0,0.0,0.0,True,6,4,nan,nan,"[0.0,0.0,0.0]",,"[8.739472901778113e-08,1.594516499601052e-07,1.243689411504924e-06]",jnpp_then_vp,[],3116863.4323455584,3096560,False,47687517.19723656,110.72844775862984,45.36762155817795,0.029996971985544497,"[4.985611702026682,5.01520144122108,5.058651897429155]",233.09380401670933,1746.8244177997112,1981.262913301587,nan,nan,nan,nan,False,,nan,,,nan,nan,nan,,,,,,,,0.020856895001191405,0.000674301476945845,0.049186766133764014,nan,nan,nan,False,not_run,not_requested
fig1_fig2,free_jones_vp_gated_rescue,50,3229661427,10.0,snr_db,10.0,3,3,3,3,full_6d,3229661427,,,nan,,False,,1901.2266478687525,0.00031922666583926554,0.00031922666583926554,7.904365232813389e-07,3.464689922863309e-05,9.83146586941803e-13,0.04885458140305341,False,ris_only_stage2_then_vp,global_exact_spherical_vp,proposed_post_stage1,False,90fc34da05f1f24c,jones_free,cpu,False,,numpy,numpy.linalg.solve,jones_free,False,,,0.0,0.0,0.0,0.0,True,6,4,nan,nan,"[0.0,0.0,0.0]",,"[8.686577855375845e-08,2.207986862407386e-07,1.8715730705448486e-06]",jnpp_then_vp,[],3116863.4323455584,3096560,False,47687517.19723656,110.72844775862984,45.36762155817795,0.029996971985544497,"[4.985611702026682,5.01520144122108,5.058651897429155]",233.09380401670933,128.16932543367147,379.7065316736698,nan,nan,nan,nan,False,,nan,,,nan,nan,nan,,,,,,,,0.020856895001191405,0.000674301476945845,0.049186766133764014,0.00031922666583926554,7.904365232813389e-07,0.04885458140305341,True,accepted,accepted
fig1_fig2,PEB,50,3229661427,10.0,snr_db,10.0,3,3,3,3,full_6d,3229661427,,,nan,,False,,5.652877412736416,nan,nan,nan,nan,nan,nan,False,,,peb_only,False,6c99f2bc9374e8d8,,,,,,,adaptive_jones,True,fixed_anchor_then_adaptive_jones_score_selection,,nan,nan,nan,nan,True,,,nan,nan,,,,,[],nan,,,nan,nan,nan,nan,,nan,nan,nan,0.00015690312945895315,nan,nan,0.00015690312945895315,False,1942487101149f69652abec158449acd8ba5e0555a4e067cb0f025310bb6ac8a,0.04886661312998463,computed_unscaled,cpu,nan,nan,nan,,,,,,,,nan,nan,nan,nan,nan,nan,False,,
fig1_fig2,free_jones_vp,51,2092735507,10.0,snr_db,10.0,3,3,3,3,full_6d,2092735507,,,nan,,False,,1860.4986420571804,0.005962174390510351,0.005962174390510351,0.0006409995022309431,0.004922318522412103,5.188466353512804e-12,0.07131959840162355,False,direct_vp,global_exact_spherical_vp,proposed_post_stage1,False,140d1dd64da49031,jones_free,cpu,False,,numpy,numpy.linalg.solve,jones_free,False,,,0.0,0.0,0.0,0.0,True,6,4,nan,nan,"[0.0,0.0,0.0]",,"[1.4721121239293015e-06,7.626444116927207e-08,1.1626757493306197e-06]",jnpp_then_vp,[],3116650.561949173,3096560,False,60645386.011678636,96.36501717925599,27.37728865759051,0.04427929105891493,"[5.0244358002933005,5.014026223429374,4.925734055722669]",226.67549435794353,1728.9658413380384,1957.053488574922,nan,nan,nan,nan,False,,nan,,,nan,nan,nan,,,,,,,,0.005962174390510351,0.0006409995022309431,0.07131959840162355,nan,nan,nan,False,not_run,not_requested
fig1_fig2,free_jones_vp_gated_rescue,51,2092735507,10.0,snr_db,10.0,3,3,3,3,full_6d,2092735507,,,nan,,False,,1908.8064646497369,0.0003122583495318494,0.0003122583495318494,1.7219773074931129e-06,0.00013719768437907927,1.5093123526871673e-13,0.07085957044648028,False,ris_only_stage2_then_vp,global_exact_spherical_vp,proposed_post_stage1,False,140d1dd64da49031,jones_free,cpu,False,,numpy,numpy.linalg.solve,jones_free,False,,,0.0,0.0,0.0,0.0,True,6,4,nan,nan,"[0.0,0.0,0.0]",,"[1.4447615033319051e-06,1.0323536662799772e-07,1.8113356153921005e-06]",jnpp_then_vp,[],3116650.561949173,3096560,False,60645386.011678636,96.36501717925599,27.37728865759051,0.04427929105891493,"[5.0244358002933005,5.014026223429374,4.925734055722669]",226.67549435794353,54.124461993575096,296.49136278033257,nan,nan,nan,nan,False,,nan,,,nan,nan,nan,,,,,,,,0.005962174390510351,0.0006409995022309431,0.07131959840162355,0.0003122583495318494,1.7219773074931129e-06,0.07085957044648028,True,accepted,accepted
fig1_fig2,PEB,51,2092735507,10.0,snr_db,10.0,3,3,3,3,full_6d,2092735507,,,nan,,False,,5.64107309281826,nan,nan,nan,nan,nan,nan,False,,,peb_only,False,ecce433315053263,,,,,,,adaptive_jones,True,fixed_anchor_then_adaptive_jones_score_selection,,nan,nan,nan,nan,True,,,nan,nan,,,,,[],nan,,,nan,nan,nan,nan,,nan,nan,nan,0.0001331738523728923,nan,nan,0.0001331738523728923,False,ceb68ab38b09da961371426ea0267363a416dbe569c6f715609cdf27a87a3792,0.07086022393283224,computed_unscaled,cpu,nan,nan,nan,,,,,,,,nan,nan,nan,nan,nan,nan,False,,
fig1_fig2,free_jones_vp,84,3985341227,10.0,snr_db,10.0,3,3,3,3,full_6d,3985341227,,,nan,,False,,101.67320689558983,0.0020034594904913662,0.0020034594904913662,0.00011895601142657791,0.0016787773439161662,1.2849588624549103e-12,0.06958846652565008,False,direct_vp,global_exact_spherical_vp,proposed_post_stage1,False,257f5308e4be4d43,jones_free,cpu,False,,numpy,numpy.linalg.solve,jones_free,False,,,0.0,0.0,0.0,0.0,True,6,4,nan,nan,"[0.0,0.0,0.0]",,"[1.0353395443558928e-07,1.8753113770305645e-08,1.9465658311693503e-07]",direct_vp,[],3097343.4037405034,3096560,True,48339213.424367905,108.61481000990335,49.596135775689525,0.008477876590169247,"[4.982322742479569,4.9985420344782945,4.979201373967914]",240.4569638967514,93.38087422400713,335.1599624603987,nan,nan,nan,nan,False,,nan,,,nan,nan,nan,,,,,,,,0.0020034594904913662,0.00011895601142657791,0.06958846652565008,nan,nan,nan,False,not_run,not_requested
fig1_fig2,free_jones_vp_gated_rescue,84,3985341227,10.0,snr_db,10.0,3,3,3,3,full_6d,3985341227,,,nan,,False,,97.42462858557701,0.0020034594904913662,0.0020034594904913662,0.00011895601142657791,0.0016787773439161662,1.2849588624549103e-12,0.06958846652565008,False,direct_vp,global_exact_spherical_vp,proposed_post_stage1,False,257f5308e4be4d43,jones_free,cpu,False,,numpy,numpy.linalg.solve,jones_free,False,,,0.0,0.0,0.0,0.0,True,6,4,nan,nan,"[0.0,0.0,0.0]",,"[1.0353395443558928e-07,1.8753113770305645e-08,1.9465658311693503e-07]",direct_vp,[],3097343.4037405034,3096560,True,48339213.424367905,108.61481000990335,49.596135775689525,0.008477876590169247,"[4.982322742479569,4.9985420344782945,4.979201373967914]",240.4569638967514,91.04750408232212,332.82659231871367,nan,nan,nan,nan,False,,nan,,,nan,nan,nan,,,,,,,,0.0020034594904913662,0.00011895601142657791,0.06958846652565008,nan,nan,nan,False,not_run,not_requested
fig1_fig2,PEB,84,3985341227,10.0,snr_db,10.0,3,3,3,3,full_6d,3985341227,,,nan,,False,,5.738425977528095,nan,nan,nan,nan,nan,nan,False,,,peb_only,False,f37add21a7309a02,,,,,,,adaptive_jones,True,fixed_anchor_then_adaptive_jones_score_selection,,nan,nan,nan,nan,True,,,nan,nan,,,,,[],nan,,,nan,nan,nan,nan,,nan,nan,nan,0.00014709197617435586,nan,nan,0.00014709197617435586,False,763c74c3103c34dc91712b88cb00b247f3e9461f0fa66c55a5e9608e707daf96,0.06957122515375597,computed_unscaled,cpu,nan,nan,nan,,,,,,,,nan,nan,nan,nan,nan,nan,False,,
fig1_fig2,free_jones_vp,85,2249164774,10.0,snr_db,10.0,3,3,3,3,full_6d,2249164774,,,nan,,False,,126.40223155915737,0.0017186244719431434,0.0017186244719431434,0.0001005588661074904,0.001478220182127957,9.53320046958172e-13,0.025757534711453433,False,direct_vp,global_exact_spherical_vp,proposed_post_stage1,False,62a9caee974d72d2,jones_free,cpu,False,,numpy,numpy.linalg.solve,jones_free,False,,,0.0,0.0,0.0,0.0,True,6,4,nan,nan,"[0.0,0.0,0.0]",,"[9.507745461396153e-07,5.276316554826197e-08,5.580789947556767e-07]",direct_vp,[],3099576.870665222,3096560,True,81533437.19273816,66.66702150383084,58.45458043889556,0.014062184450305796,"[4.980895403145066,5.0012852742485965,5.015132853313672]",232.31236584484577,116.79811627417803,350.58005890250206,nan,nan,nan,nan,False,,nan,,,nan,nan,nan,,,,,,,,0.0017186244719431434,0.0001005588661074904,0.025757534711453433,nan,nan,nan,False,not_run,not_requested
fig1_fig2,free_jones_vp_gated_rescue,85,2249164774,10.0,snr_db,10.0,3,3,3,3,full_6d,2249164774,,,nan,,False,,124.68925761431456,0.0017186244719431434,0.0017186244719431434,0.0001005588661074904,0.001478220182127957,9.53320046958172e-13,0.025757534711453433,False,direct_vp,global_exact_spherical_vp,proposed_post_stage1,False,62a9caee974d72d2,jones_free,cpu,False,,numpy,numpy.linalg.solve,jones_free,False,,,0.0,0.0,0.0,0.0,True,6,4,nan,nan,"[0.0,0.0,0.0]",,"[9.507745461396153e-07,5.276316554826197e-08,5.580789947556767e-07]",direct_vp,[],3099576.870665222,3096560,True,81533437.19273816,66.66702150383084,58.45458043889556,0.014062184450305796,"[4.980895403145066,5.0012852742485965,5.015132853313672]",232.31236584484577,118.03346212208271,351.81540475040674,nan,nan,nan,nan,False,,nan,,,nan,nan,nan,,,,,,,,0.0017186244719431434,0.0001005588661074904,0.025757534711453433,nan,nan,nan,False,not_run,not_requested
fig1_fig2,PEB,85,2249164774,10.0,snr_db,10.0,3,3,3,3,full_6d,2249164774,,,nan,,False,,5.761964328587055,nan,nan,nan,nan,nan,nan,False,,,peb_only,False,5605bfd18483fc17,,,,,,,adaptive_jones,True,fixed_anchor_then_adaptive_jones_score_selection,,nan,nan,nan,nan,True,,,nan,nan,,,,,[],nan,,,nan,nan,nan,nan,,nan,nan,nan,0.0001129993223636197,nan,nan,0.0001129993223636197,False,d2813a00a2d0760dea2dc8be475dff9a47f414a15a39f0f8b76a2c0e1d6af5ec,0.025732597426930643,computed_unscaled,cpu,nan,nan,nan,,,,,,,,nan,nan,nan,nan,nan,nan,False,,
fig1_fig2,free_jones_vp,56,2167631329,10.0,snr_db,10.0,3,3,3,3,full_6d,2167631329,,,nan,,False,,1684.3685322031379,0.023775801740693134,0.023775801740693134,0.0021634989259263636,0.0017833389130206925,2.3704399837063414e-12,0.04034097564330408,False,direct_vp,global_exact_spherical_vp,proposed_post_stage1,False,d5b98c3488888b1e,jones_free,cpu,False,,numpy,numpy.linalg.solve,jones_free,False,,,0.0,0.0,0.0,0.0,True,6,4,nan,nan,"[0.0,0.0,0.0]",,"[2.7313970410885585e-06,2.2723257665819402e-07,1.0596884850936876e-07]",jnpp_then_vp,[],3162533.6325665815,3096560,False,81894626.2228498,83.83942053034743,43.63521972438147,0.013303737170227285,"[4.985636910268402,4.977747289447737,5.009073988299241]",235.47005440294743,1677.569134503603,1914.5486777573824,nan,nan,nan,nan,False,,nan,,,nan,nan,nan,,,,,,,,0.023775801740693134,0.0021634989259263636,0.04034097564330408,nan,nan,nan,False,not_run,not_requested
fig1_fig2,free_jones_vp_gated_rescue,56,2167631329,10.0,snr_db,10.0,3,3,3,3,full_6d,2167631329,,,nan,,False,,1865.861655421555,0.0002166854081397723,0.0002166854081397723,4.870602256919962e-07,5.545469666699378e-06,2.9996091143734417e-13,0.039487076036205146,False,ris_only_stage2_then_vp,global_exact_spherical_vp,proposed_post_stage1,False,d5b98c3488888b1e,jones_free,cpu,False,,numpy,numpy.linalg.solve,jones_free,False,,,0.0,0.0,0.0,0.0,True,6,4,nan,nan,"[0.0,0.0,0.0]",,"[2.0912551965532217e-06,7.460090275165136e-08,1.0051873317572576e-07]",jnpp_then_vp,[],3162533.6325665815,3096560,False,81894626.2228498,83.83942053034743,43.63521972438147,0.013303737170227285,"[4.985636910268402,4.977747289447737,5.009073988299241]",235.47005440294743,167.80729733407497,419.5976710021496,nan,nan,nan,nan,False,,nan,,,nan,nan,nan,,,,,,,,0.023775801740693134,0.0021634989259263636,0.04034097564330408,0.0002166854081397723,4.870602256919962e-07,0.039487076036205146,True,accepted,accepted
fig1_fig2,PEB,56,2167631329,10.0,snr_db,10.0,3,3,3,3,full_6d,2167631329,,,nan,,False,,5.685921438038349,nan,nan,nan,nan,nan,nan,False,,,peb_only,False,719eb7dd12e116fe,,,,,,,adaptive_jones,True,fixed_anchor_then_adaptive_jones_score_selection,,nan,nan,nan,nan,True,,,nan,nan,,,,,[],nan,,,nan,nan,nan,nan,,nan,nan,nan,0.00010689469606625713,nan,nan,0.00010689469606625713,False,7d96ebe691cae134218fac4c44588ab5938392c288ecaa287b62d8519dd2dcef,0.03949962640943077,computed_unscaled,cpu,nan,nan,nan,,,,,,,,nan,nan,nan,nan,nan,nan,False,,
fig1_fig2,free_jones_vp,88,2932252539,10.0,snr_db,10.0,3,3,3,3,full_6d,2932252539,,,nan,,False,,116.75496585667133,0.001394557261443185,0.001394557261443185,5.95839682064813e-05,0.0012195181914321977,4.433184150144425e-13,0.03916111061524624,False,direct_vp,global_exact_spherical_vp,proposed_post_stage1,False,6fe6bf4e11053104,jones_free,cpu,False,,numpy,numpy.linalg.solve,jones_free,False,,,0.0,0.0,0.0,0.0,True,6,4,nan,nan,"[0.0,0.0,0.0]",,"[1.1139381974469153e-06,1.1670275821228765e-07,4.356005069684681e-07]",direct_vp,[],3099330.6737658097,3096560,True,85084635.47889757,71.33139325097827,53.67792489104293,0.01645024316486567,"[5.033750336448402,5.007125562763876,4.9942446619066105]",243.04719018936157,108.45229244977236,352.9026489108801,nan,nan,nan,nan,False,,nan,,,nan,nan,nan,,,,,,,,0.001394557261443185,5.95839682064813e-05,0.03916111061524624,nan,nan,nan,False,not_run,not_requested
fig1_fig2,free_jones_vp_gated_rescue,88,2932252539,10.0,snr_db,10.0,3,3,3,3,full_6d,2932252539,,,nan,,False,,114.0376470386982,0.001394557261443185,0.001394557261443185,5.95839682064813e-05,0.0012195181914321977,4.433184150144425e-13,0.03916111061524624,False,direct_vp,global_exact_spherical_vp,proposed_post_stage1,False,6fe6bf4e11053104,jones_free,cpu,False,,numpy,numpy.linalg.solve,jones_free,False,,,0.0,0.0,0.0,0.0,True,6,4,nan,nan,"[0.0,0.0,0.0]",,"[1.1139381974469153e-06,1.1670275821228765e-07,4.356005069684681e-07]",direct_vp,[],3099330.6737658097,3096560,True,85084635.47889757,71.33139325097827,53.67792489104293,0.01645024316486567,"[5.033750336448402,5.007125562763876,4.9942446619066105]",243.04719018936157,107.4461831972003,351.89653965830803,nan,nan,nan,nan,False,,nan,,,nan,nan,nan,,,,,,,,0.001394557261443185,5.95839682064813e-05,0.03916111061524624,nan,nan,nan,False,not_run,not_requested
fig1_fig2,PEB,88,2932252539,10.0,snr_db,10.0,3,3,3,3,full_6d,2932252539,,,nan,,False,,5.790975108742714,nan,nan,nan,nan,nan,nan,False,,,peb_only,False,2d683b92ed52e9aa,,,,,,,adaptive_jones,True,fixed_anchor_then_adaptive_jones_score_selection,,nan,nan,nan,nan,True,,,nan,nan,,,,,[],nan,,,nan,nan,nan,nan,,nan,nan,nan,0.00010938541647871567,nan,nan,0.00010938541647871567,False,026935debd21c4cd81fb47190ca8eeaf89621d3b1a455ec08b231cab8f8cd44e,0.03912630436337873,computed_unscaled,cpu,nan,nan,nan,,,,,,,,nan,nan,nan,nan,nan,nan,False,,
fig1_fig2,free_jones_vp,60,1839575832,10.0,snr_db,10.0,3,3,3,3,full_6d,1839575832,,,nan,,False,,1513.9259297400713,0.003328352336694931,0.003328352336694931,0.00023398784577980926,0.002718232963849097,2.9782049016765497e-12,0.05622304292023524,False,direct_vp,global_exact_spherical_vp,proposed_post_stage1,False,0384eb9031169207,jones_free,cpu,False,,numpy,numpy.linalg.solve,jones_free,False,,,0.0,0.0,0.0,0.0,True,6,4,nan,nan,"[0.0,0.0,0.0]",,"[3.5839756028554598e-06,1.4517546692233204e-09,6.334135829063289e-07]",jnpp_then_vp,[],3102995.9250158374,3096560,False,56969119.0928083,93.92319664458594,41.17169094726662,0.01636069725320831,"[5.041125978185211,5.001294020335044,5.025029320681145]",238.57979661226273,1398.74077834934,1638.724556490779,nan,nan,nan,nan,False,,nan,,,nan,nan,nan,,,,,,,,0.003328352336694931,0.00023398784577980926,0.05622304292023524,nan,nan,nan,False,not_run,not_requested
fig1_fig2,free_jones_vp_gated_rescue,60,1839575832,10.0,snr_db,10.0,3,3,3,3,full_6d,1839575832,,,nan,,False,,1685.2225885242224,0.00029596946951391845,0.00029596946951391845,4.692477236258932e-07,2.627356889474775e-05,8.049590772903113e-14,0.056090284114864025,False,ris_only_stage2_then_vp,global_exact_spherical_vp,proposed_post_stage1,False,0384eb9031169207,jones_free,cpu,False,,numpy,numpy.linalg.solve,jones_free,False,,,0.0,0.0,0.0,0.0,True,6,4,nan,nan,"[0.0,0.0,0.0]",,"[3.474770418914997e-06,3.538895611364711e-09,4.188301181667218e-07]",jnpp_then_vp,[],3102995.9250158374,3096560,False,56969119.0928083,93.92319664458594,41.17169094726662,0.01636069725320831,"[5.041125978185211,5.001294020335044,5.025029320681145]",238.57979661226273,149.79910696297884,405.2102744206786,nan,nan,nan,nan,False,,nan,,,nan,nan,nan,,,,,,,,0.003328352336694931,0.00023398784577980926,0.05622304292023524,0.00029596946951391845,4.692477236258932e-07,0.056090284114864025,True,accepted,accepted
fig1_fig2,PEB,60,1839575832,10.0,snr_db,10.0,3,3,3,3,full_6d,1839575832,,,nan,,False,,6.685283213853836,nan,nan,nan,nan,nan,nan,False,,,peb_only,False,6b258205f1837007,,,,,,,adaptive_jones,True,fixed_anchor_then_adaptive_jones_score_selection,,nan,nan,nan,nan,True,,,nan,nan,,,,,[],nan,,,nan,nan,nan,nan,,nan,nan,nan,0.00013668471377324787,nan,nan,0.00013668471377324787,False,42d79a12e13d52ea36763a6478c0ea4b122194dbd7e070b6eef8b19740c115ec,0.05610672058903261,computed_unscaled,cpu,nan,nan,nan,,,,,,,,nan,nan,nan,nan,nan,nan,False,,
fig1_fig2,free_jones_vp,63,3424526765,10.0,snr_db,10.0,3,3,3,3,full_6d,3424526765,,,nan,,False,,1461.986861154437,0.004568065102760208,0.004568065102760208,0.0006324673384741278,0.0037746386171874048,3.5189469384294112e-12,0.03274507999755153,False,direct_vp,global_exact_spherical_vp,proposed_post_stage1,False,d185b20a37a62161,jones_free,cpu,False,,numpy,numpy.linalg.solve,jones_free,False,,,0.0,0.0,0.0,0.0,True,6,4,nan,nan,"[0.0,0.0,0.0]",,"[5.348634050244809e-06,3.844088967242754e-08,1.4224435153838994e-06]",jnpp_then_vp,[],3116803.1511385217,3096560,False,74988995.88795437,71.91617552125912,49.14521471284527,0.01199754537278971,"[5.001736088835313,5.0152724754322175,5.031094315462625]",228.051250949502,1338.3257595673203,1567.7667003050447,nan,nan,nan,nan,False,,nan,,,nan,nan,nan,,,,,,,,0.004568065102760208,0.0006324673384741278,0.03274507999755153,nan,nan,nan,False,not_run,not_requested
fig1_fig2,free_jones_vp_gated_rescue,63,3424526765,10.0,snr_db,10.0,3,3,3,3,full_6d,3424526765,,,nan,,False,,1528.2804680466652,0.00026665205074483957,0.00026665205074483957,2.2279084966971486e-06,0.00023113933546800447,3.816387210955534e-13,0.032542082188274105,False,ris_only_stage2_then_vp,global_exact_spherical_vp,proposed_post_stage1,False,d185b20a37a62161,jones_free,cpu,False,,numpy,numpy.linalg.solve,jones_free,False,,,0.0,0.0,0.0,0.0,True,6,4,nan,nan,"[0.0,0.0,0.0]",,"[5.766063873024884e-06,1.0702269263404652e-08,1.4318800276208577e-06]",jnpp_then_vp,[],3116803.1511385217,3096560,False,74988995.88795437,71.91617552125912,49.14521471284527,0.01199754537278971,"[5.001736088835313,5.0152724754322175,5.031094315462625]",228.051250949502,53.211878910660744,296.71479614079,nan,nan,nan,nan,False,,nan,,,nan,nan,nan,,,,,,,,0.004568065102760208,0.0006324673384741278,0.03274507999755153,0.00026665205074483957,2.2279084966971486e-06,0.032542082188274105,True,accepted,accepted
fig1_fig2,PEB,63,3424526765,10.0,snr_db,10.0,3,3,3,3,full_6d,3424526765,,,nan,,False,,5.677824392914772,nan,nan,nan,nan,nan,nan,False,,,peb_only,False,d134dc790d207d20,,,,,,,adaptive_jones,True,fixed_anchor_then_adaptive_jones_score_selection,,nan,nan,nan,nan,True,,,nan,nan,,,,,[],nan,,,nan,nan,nan,nan,,nan,nan,nan,0.00011907643546135671,nan,nan,0.00011907643546135671,False,258f950ff6512034899ff541f16fbb81fb7ab692c62ede128038d4532b76f1bb,0.032532573897539566,computed_unscaled,cpu,nan,nan,nan,,,,,,,,nan,nan,nan,nan,nan,nan,False,,
fig1_fig2,free_jones_vp,52,2910844986,10.0,snr_db,10.0,3,3,3,3,full_6d,2910844986,,,nan,,False,,2173.614619143307,0.005843713951783409,0.005843713951783409,0.000590860439766171,0.005011463075850087,3.942475388771063e-12,0.0167357495958756,False,direct_vp,global_exact_spherical_vp,proposed_post_stage1,False,964718d31f4f232c,jones_free,cpu,False,,numpy,numpy.linalg.solve,jones_free,False,,,0.0,0.0,0.0,0.0,True,6,4,nan,nan,"[0.0,0.0,0.0]",,"[8.667222703478163e-06,9.359937850072198e-08,4.896791824591206e-07]",jnpp_then_vp,[],3117083.447867598,3096560,False,79333268.22283566,75.4808163353738,43.646576814472894,0.010068106321276174,"[4.987815976383414,4.990886027960311,4.968159458350782]",239.15674909204245,2056.508935213089,2297.1248710006475,nan,nan,nan,nan,False,,nan,,,nan,nan,nan,,,,,,,,0.005843713951783409,0.000590860439766171,0.0167357495958756,nan,nan,nan,False,not_run,not_requested
fig1_fig2,free_jones_vp_gated_rescue,52,2910844986,10.0,snr_db,10.0,3,3,3,3,full_6d,2910844986,,,nan,,False,,2250.5339492335916,0.00014709348655719741,0.00014709348655719741,6.329987820770958e-07,1.772789339070089e-05,1.0341291203467416e-13,0.016636683564560592,False,ris_only_stage2_then_vp,global_exact_spherical_vp,proposed_post_stage1,False,964718d31f4f232c,jones_free,cpu,False,,numpy,numpy.linalg.solve,jones_free,False,,,0.0,0.0,0.0,0.0,True,6,4,nan,nan,"[0.0,0.0,0.0]",,"[1.0137088495749848e-05,8.220501122127051e-08,5.965483225513861e-07]",jnpp_then_vp,[],3117083.447867598,3096560,False,79333268.22283566,75.4808163353738,43.646576814472894,0.010068106321276174,"[4.987815976383414,4.990886027960311,4.968159458350782]",239.15674909204245,52.719699412584305,307.34978706389666,nan,nan,nan,nan,False,,nan,,,nan,nan,nan,,,,,,,,0.005843713951783409,0.000590860439766171,0.0167357495958756,0.00014709348655719741,6.329987820770958e-07,0.016636683564560592,True,accepted,accepted
fig1_fig2,PEB,52,2910844986,10.0,snr_db,10.0,3,3,3,3,full_6d,2910844986,,,nan,,False,,5.832346178591251,nan,nan,nan,nan,nan,nan,False,,,peb_only,False,e3a959639c92562f,,,,,,,adaptive_jones,True,fixed_anchor_then_adaptive_jones_score_selection,,nan,nan,nan,nan,True,,,nan,nan,,,,,[],nan,,,nan,nan,nan,nan,,nan,nan,nan,0.00011624060580244765,nan,nan,0.00011624060580244765,False,9e98686db4702520cd73f5ec75cd23f453189f0d5a51de87101750eedce217fa,0.016625644262443676,computed_unscaled,cpu,nan,nan,nan,,,,,,,,nan,nan,nan,nan,nan,nan,False,,
fig1_fig2,free_jones_vp,90,4175219143,10.0,snr_db,10.0,3,3,3,3,full_6d,4175219143,,,nan,,False,,123.50285278260708,0.0011920654756045555,0.0011920654756045555,7.177789282966885e-05,0.0010293449029901169,9.721808806119724e-13,0.009030778073588548,False,direct_vp,global_exact_spherical_vp,proposed_post_stage1,False,f771c7e07e9637cc,jones_free,cpu,False,,numpy,numpy.linalg.solve,jones_free,False,,,0.0,0.0,0.0,0.0,True,6,4,nan,nan,"[0.0,0.0,0.0]",,"[9.58463220415494e-07,2.2827358255732387e-08,1.3292907214160805e-05]",direct_vp,[],3094985.4550721934,3096560,True,50319674.01444375,99.81250734193077,43.242505286659835,0.022467840938214485,"[4.988229005329636,4.986013686836309,5.034744205267317]",245.59254732728004,115.70557244122028,363.2899212166667,nan,nan,nan,nan,False,,nan,,,nan,nan,nan,,,,,,,,0.0011920654756045555,7.177789282966885e-05,0.009030778073588548,nan,nan,nan,False,not_run,not_requested
fig1_fig2,free_jones_vp_gated_rescue,90,4175219143,10.0,snr_db,10.0,3,3,3,3,full_6d,4175219143,,,nan,,False,,120.71548511832952,0.0011920654756045555,0.0011920654756045555,7.177789282966885e-05,0.0010293449029901169,9.721808806119724e-13,0.009030778073588548,False,direct_vp,global_exact_spherical_vp,proposed_post_stage1,False,f771c7e07e9637cc,jones_free,cpu,False,,numpy,numpy.linalg.solve,jones_free,False,,,0.0,0.0,0.0,0.0,True,6,4,nan,nan,"[0.0,0.0,0.0]",,"[9.58463220415494e-07,2.2827358255732387e-08,1.3292907214160805e-05]",direct_vp,[],3094985.4550721934,3096560,True,50319674.01444375,99.81250734193077,43.242505286659835,0.022467840938214485,"[4.988229005329636,4.986013686836309,5.034744205267317]",245.59254732728004,114.24511414766312,361.82946292310953,nan,nan,nan,nan,False,,nan,,,nan,nan,nan,,,,,,,,0.0011920654756045555,7.177789282966885e-05,0.009030778073588548,nan,nan,nan,False,not_run,not_requested
fig1_fig2,PEB,90,4175219143,10.0,snr_db,10.0,3,3,3,3,full_6d,4175219143,,,nan,,False,,5.666704870760441,nan,nan,nan,nan,nan,nan,False,,,peb_only,False,5fee6a474b206d7f,,,,,,,adaptive_jones,True,fixed_anchor_then_adaptive_jones_score_selection,,nan,nan,nan,nan,True,,,nan,nan,,,,,[],nan,,,nan,nan,nan,nan,,nan,nan,nan,0.00014280113987449186,nan,nan,0.00014280113987449186,False,6333c10944794ce04d692bf5cb56023e51f4bf1ac8d7f2df89dad974bd0e5c09,0.009035419083527885,computed_unscaled,cpu,nan,nan,nan,,,,,,,,nan,nan,nan,nan,nan,nan,False,,
fig1_fig2,free_jones_vp,92,971995857,10.0,snr_db,10.0,3,3,3,3,full_6d,971995857,,,nan,,False,,130.31705140322447,0.002521582903593498,0.002521582903593498,8.800087380399755e-05,0.0022527663910916745,1.0383427495411476e-12,0.053744236640110916,False,direct_vp,global_exact_spherical_vp,proposed_post_stage1,False,1d342d843f76b7ab,jones_free,cpu,False,,numpy,numpy.linalg.solve,jones_free,False,,,0.0,0.0,0.0,0.0,True,6,4,nan,nan,"[0.0,0.0,0.0]",,"[1.2371737449266941e-05,1.9029998375598206e-07,1.0782226075461972e-06]",direct_vp,[],3100647.9253986883,3096560,True,83227843.00714432,80.23455538202444,41.79382720967049,0.05395616084282178,"[4.893439708408687,4.994137215283726,5.017921530714949]",233.33925904333591,122.10619452595711,356.94416423141956,nan,nan,nan,nan,False,,nan,,,nan,nan,nan,,,,,,,,0.002521582903593498,8.800087380399755e-05,0.053744236640110916,nan,nan,nan,False,not_run,not_requested
fig1_fig2,free_jones_vp_gated_rescue,92,971995857,10.0,snr_db,10.0,3,3,3,3,full_6d,971995857,,,nan,,False,,130.31078884005547,0.002521582903593498,0.002521582903593498,8.800087380399755e-05,0.0022527663910916745,1.0383427495411476e-12,0.053744236640110916,False,direct_vp,global_exact_spherical_vp,proposed_post_stage1,False,1d342d843f76b7ab,jones_free,cpu,False,,numpy,numpy.linalg.solve,jones_free,False,,,0.0,0.0,0.0,0.0,True,6,4,nan,nan,"[0.0,0.0,0.0]",,"[1.2371737449266941e-05,1.9029998375598206e-07,1.0782226075461972e-06]",direct_vp,[],3100647.9253986883,3096560,True,83227843.00714432,80.23455538202444,41.79382720967049,0.05395616084282178,"[4.893439708408687,4.994137215283726,5.017921530714949]",233.33925904333591,123.82981871068478,358.66778841614723,nan,nan,nan,nan,False,,nan,,,nan,nan,nan,,,,,,,,0.002521582903593498,8.800087380399755e-05,0.053744236640110916,nan,nan,nan,False,not_run,not_requested
fig1_fig2,PEB,92,971995857,10.0,snr_db,10.0,3,3,3,3,full_6d,971995857,,,nan,,False,,6.522654429078102,nan,nan,nan,nan,nan,nan,False,,,peb_only,False,dfb352ea7c738913,,,,,,,adaptive_jones,True,fixed_anchor_then_adaptive_jones_score_selection,,nan,nan,nan,nan,True,,,nan,nan,,,,,[],nan,,,nan,nan,nan,nan,,nan,nan,nan,0.00010085393080804644,nan,nan,0.00010085393080804644,False,414dc620a83beefed3505e1c54ca50570728cbcfef97d68ab55ee64715d67776,0.05367365702982516,computed_unscaled,cpu,nan,nan,nan,,,,,,,,nan,nan,nan,nan,nan,nan,False,,
fig1_fig2,free_jones_vp,69,1134195269,10.0,snr_db,10.0,3,3,3,3,full_6d,1134195269,,,nan,,False,,1264.7779823690653,0.005378627877610778,0.005378627877610778,0.00041703387577283666,0.004756132128237529,2.71845680784781e-12,0.06813525782120118,False,direct_vp,global_exact_spherical_vp,proposed_post_stage1,False,97dedc2cf5b752df,jones_free,cpu,False,,numpy,numpy.linalg.solve,jones_free,False,,,0.0,0.0,0.0,0.0,True,6,4,nan,nan,"[0.0,0.0,0.0]",,"[2.2740035900239306e-05,2.845784644151994e-07,8.977061198109123e-08]",jnpp_then_vp,[],3110395.731383026,3096560,False,82554372.17541757,85.7165193464801,30.87713389528824,0.05344670453290545,"[5.092665086088303,4.996026305691751,4.96785918984468]",232.63077295571566,1142.9258502423763,1377.0090614259243,nan,nan,nan,nan,False,,nan,,,nan,nan,nan,,,,,,,,0.005378627877610778,0.00041703387577283666,0.06813525782120118,nan,nan,nan,False,not_run,not_requested
fig1_fig2,free_jones_vp_gated_rescue,69,1134195269,10.0,snr_db,10.0,3,3,3,3,full_6d,1134195269,,,nan,,False,,1407.765252031386,0.0005118935852402121,0.0005118935852402121,1.3071287510431154e-06,3.995474737828052e-05,8.778090070807676e-14,0.06785657264769107,False,ris_only_stage2_then_vp,global_exact_spherical_vp,proposed_post_stage1,False,97dedc2cf5b752df,jones_free,cpu,False,,numpy,numpy.linalg.solve,jones_free,False,,,0.0,0.0,0.0,0.0,True,6,4,nan,nan,"[0.0,0.0,0.0]",,"[1.9868635769068688e-05,2.0567532134475e-07,1.266561711897223e-07]",jnpp_then_vp,[],3110395.731383026,3096560,False,82554372.17541757,85.7165193464801,30.87713389528824,0.05344670453290545,"[5.092665086088303,4.996026305691751,4.96785918984468]",232.63077295571566,138.4615544900298,385.95991664379835,nan,nan,nan,nan,False,,nan,,,nan,nan,nan,,,,,,,,0.005378627877610778,0.00041703387577283666,0.06813525782120118,0.0005118935852402121,1.3071287510431154e-06,0.06785657264769107,True,accepted,accepted
fig1_fig2,PEB,69,1134195269,10.0,snr_db,10.0,3,3,3,3,full_6d,1134195269,,,nan,,False,,6.238762840628624,nan,nan,nan,nan,nan,nan,False,,,peb_only,False,12cdd18a9bc252d4,,,,,,,adaptive_jones,True,fixed_anchor_then_adaptive_jones_score_selection,,nan,nan,nan,nan,True,,,nan,nan,,,,,[],nan,,,nan,nan,nan,nan,,nan,nan,nan,0.0001050649559177789,nan,nan,0.0001050649559177789,False,3c4e17d6858814038ebdb81b7444e4cbebd5be1a61e4510cac6392db534f501a,0.06783252754437447,computed_unscaled,cpu,nan,nan,nan,,,,,,,,nan,nan,nan,nan,nan,nan,False,,
fig1_fig2,free_jones_vp,96,400860106,10.0,snr_db,10.0,3,3,3,3,full_6d,400860106,,,nan,,False,,109.23290284723043,0.002621832219033809,0.002621832219033809,2.296173350587077e-05,0.0019273134647155756,1.972515183572075e-12,0.03880897859471809,False,direct_vp,global_exact_spherical_vp,proposed_post_stage1,False,fb1ecd831006accf,jones_free,cpu,False,,numpy,numpy.linalg.solve,jones_free,False,,,0.0,0.0,0.0,0.0,True,6,4,nan,nan,"[0.0,0.0,0.0]",,"[1.4892109295106342e-07,4.759052902990713e-06,3.928207670482081e-06]",direct_vp,[],3096877.0746892965,3096560,True,39349687.07186428,178.98338144945666,26.799814605874122,0.027088556100658554,"[4.991861587682717,5.021820252654211,4.955567991471853]",237.268754824996,100.8675936087966,339.4658385813236,nan,nan,nan,nan,False,,nan,,,nan,nan,nan,,,,,,,,0.002621832219033809,2.296173350587077e-05,0.03880897859471809,nan,nan,nan,False,not_run,not_requested
fig1_fig2,free_jones_vp_gated_rescue,96,400860106,10.0,snr_db,10.0,3,3,3,3,full_6d,400860106,,,nan,,False,,109.0906940549612,0.002621832219033809,0.002621832219033809,2.296173350587077e-05,0.0019273134647155756,1.972515183572075e-12,0.03880897859471809,False,direct_vp,global_exact_spherical_vp,proposed_post_stage1,False,fb1ecd831006accf,jones_free,cpu,False,,numpy,numpy.linalg.solve,jones_free,False,,,0.0,0.0,0.0,0.0,True,6,4,nan,nan,"[0.0,0.0,0.0]",,"[1.4892109295106342e-07,4.759052902990713e-06,3.928207670482081e-06]",direct_vp,[],3096877.0746892965,3096560,True,39349687.07186428,178.98338144945666,26.799814605874122,0.027088556100658554,"[4.991861587682717,5.021820252654211,4.955567991471853]",237.268754824996,102.46649837493896,341.064743347466,nan,nan,nan,nan,False,,nan,,,nan,nan,nan,,,,,,,,0.002621832219033809,2.296173350587077e-05,0.03880897859471809,nan,nan,nan,False,not_run,not_requested
fig1_fig2,PEB,96,400860106,10.0,snr_db,10.0,3,3,3,3,full_6d,400860106,,,nan,,False,,7.045624561607838,nan,nan,nan,nan,nan,nan,False,,,peb_only,False,b44a1a8e15b43224,,,,,,,adaptive_jones,True,fixed_anchor_then_adaptive_jones_score_selection,,nan,nan,nan,nan,True,,,nan,nan,,,,,[],nan,,,nan,nan,nan,nan,,nan,nan,nan,0.0001795821146939902,nan,nan,0.0001795821146939902,False,068cb33011bae3d96200da86a8f7a06c5faec1d6e8cbb10e1a89bf0c1ef02e63,0.03880520563218502,computed_unscaled,cpu,nan,nan,nan,,,,,,,,nan,nan,nan,nan,nan,nan,False,,
fig1_fig2,free_jones_vp,64,1096511241,10.0,snr_db,10.0,3,3,3,3,full_6d,1096511241,,,nan,,False,,1733.6819366589189,0.026669782723165735,0.026669782723165735,0.002121051761006236,0.0025628918524156765,2.411699722664483e-12,0.016741968662779348,False,direct_vp,global_exact_spherical_vp,proposed_post_stage1,False,4f0da4ee59bcd710,jones_free,cpu,False,,numpy,numpy.linalg.solve,jones_free,False,,,0.0,0.0,0.0,0.0,True,6,4,nan,nan,"[0.0,0.0,0.0]",,"[5.197686051007713e-07,1.4108929219994589e-07,1.7278374571577934e-06]",jnpp_then_vp,[],3161539.795877458,3096560,False,87135357.89085445,72.70408558574636,69.70389635970957,0.0023939489946335052,"[5.000848397714518,4.996647946630295,5.002291704459105]",227.0959748327732,1725.1837402954698,1953.7150063738227,nan,nan,nan,nan,False,,nan,,,nan,nan,nan,,,,,,,,0.026669782723165735,0.002121051761006236,0.016741968662779348,nan,nan,nan,False,not_run,not_requested
fig1_fig2,free_jones_vp_gated_rescue,64,1096511241,10.0,snr_db,10.0,3,3,3,3,full_6d,1096511241,,,nan,,False,,1901.4358024671674,9.314397844036702e-05,9.314397844036702e-05,4.2959935812974595e-07,6.190882407185404e-05,2.6530751761702963e-14,0.016392533632374674,False,ris_only_stage2_then_vp,global_exact_spherical_vp,proposed_post_stage1,False,4f0da4ee59bcd710,jones_free,cpu,False,,numpy,numpy.linalg.solve,jones_free,False,,,0.0,0.0,0.0,0.0,True,6,4,nan,nan,"[0.0,0.0,0.0]",,"[9.762700634235832e-07,1.0409316956019729e-07,1.509644590542813e-06]",jnpp_then_vp,[],3161539.795877458,3096560,False,87135357.89085445,72.70408558574636,69.70389635970957,0.0023939489946335052,"[5.000848397714518,4.996647946630295,5.002291704459105]",227.0959748327732,144.67744974792004,387.71205673366785,nan,nan,nan,nan,False,,nan,,,nan,nan,nan,,,,,,,,0.026669782723165735,0.002121051761006236,0.016741968662779348,9.314397844036702e-05,4.2959935812974595e-07,0.016392533632374674,True,accepted,accepted
fig1_fig2,PEB,64,1096511241,10.0,snr_db,10.0,3,3,3,3,full_6d,1096511241,,,nan,,False,,5.743400655686855,nan,nan,nan,nan,nan,nan,False,,,peb_only,False,816c96a270b6b6c8,,,,,,,adaptive_jones,True,fixed_anchor_then_adaptive_jones_score_selection,,nan,nan,nan,nan,True,,,nan,nan,,,,,[],nan,,,nan,nan,nan,nan,,nan,nan,nan,0.00011271553349555331,nan,nan,0.00011271553349555331,False,e140a9cd0c7a64d7d06d7886e7a75298e3fbf2d3964882a91cad3a1a2e55c6a3,0.016397952169229648,computed_unscaled,cpu,nan,nan,nan,,,,,,,,nan,nan,nan,nan,nan,nan,False,,
fig1_fig2,free_jones_vp,71,1982555292,10.0,snr_db,10.0,3,3,3,3,full_6d,1982555292,,,nan,,False,,1338.074728563428,0.02427587562242194,0.02427587562242194,0.0016639453757921487,0.0031449772944282268,2.3357266818598313e-12,0.044141367626019196,False,direct_vp,global_exact_spherical_vp,proposed_post_stage1,False,e1601172c7f32f40,jones_free,cpu,False,,numpy,numpy.linalg.solve,jones_free,False,,,0.0,0.0,0.0,0.0,True,6,4,nan,nan,"[0.0,0.0,0.0]",,"[1.614696839251066e-07,5.78787263642289e-09,4.4301165731602045e-07]",jnpp_then_vp,[],3149425.4042447084,3096560,False,83188859.57258354,79.60230948806856,73.62262573635988,0.020988314780827414,"[5.012732788949238,5.030326328930366,4.979694852998141]",234.8278743326664,1328.3704371377826,1564.6200665831566,nan,nan,nan,nan,False,,nan,,,nan,nan,nan,,,,,,,,0.02427587562242194,0.0016639453757921487,0.044141367626019196,nan,nan,nan,False,not_run,not_requested
fig1_fig2,free_jones_vp_gated_rescue,71,1982555292,10.0,snr_db,10.0,3,3,3,3,full_6d,1982555292,,,nan,,False,,1504.071989454329,0.0004622528045543093,0.0004622528045543093,1.0704909552794079e-06,1.7595323036163896e-05,7.210633117062475e-14,0.04340093480016761,False,ris_only_stage2_then_vp,global_exact_spherical_vp,proposed_post_stage1,False,e1601172c7f32f40,jones_free,cpu,False,,numpy,numpy.linalg.solve,jones_free,False,,,0.0,0.0,0.0,0.0,True,6,4,nan,nan,"[0.0,0.0,0.0]",,"[2.781638364645283e-07,2.388986818502741e-07,6.091143376025064e-07]",jnpp_then_vp,[],3149425.4042447084,3096560,False,83188859.57258354,79.60230948806856,73.62262573635988,0.020988314780827414,"[5.012732788949238,5.030326328930366,4.979694852998141]",234.8278743326664,143.18653988838196,394.21972803771496,nan,nan,nan,nan,False,,nan,,,nan,nan,nan,,,,,,,,0.02427587562242194,0.0016639453757921487,0.044141367626019196,0.0004622528045543093,1.0704909552794079e-06,0.04340093480016761,True,accepted,accepted
fig1_fig2,PEB,71,1982555292,10.0,snr_db,10.0,3,3,3,3,full_6d,1982555292,,,nan,,False,,5.268841154873371,nan,nan,nan,nan,nan,nan,False,,,peb_only,False,4ea434f44e019d56,,,,,,,adaptive_jones,True,fixed_anchor_then_adaptive_jones_score_selection,,nan,nan,nan,nan,True,,,nan,nan,,,,,[],nan,,,nan,nan,nan,nan,,nan,nan,nan,0.0001164882157179308,nan,nan,0.0001164882157179308,False,bdd039092dd082ec6fd57d77070067f9fd8178794fea592c3fc196eccf3a063c,0.04340064680169434,computed_unscaled,cpu,nan,nan,nan,,,,,,,,nan,nan,nan,nan,nan,nan,False,,
fig1_fig2,free_jones_vp,59,1187262716,10.0,snr_db,10.0,3,3,3,3,full_6d,1187262716,,,nan,,False,,2018.8160761669278,0.0029299000289141567,0.0029299000289141567,0.00017649925512474584,0.002486831777029764,1.9327889584484497e-12,0.024977330720313235,False,direct_vp,global_exact_spherical_vp,proposed_post_stage1,False,dfea77c314161539,jones_free,cpu,False,,numpy,numpy.linalg.solve,jones_free,False,,,0.0,0.0,0.0,0.0,True,6,4,nan,nan,"[0.0,0.0,0.0]",,"[3.9741646975388407e-07,9.075560602778613e-07,4.248471082744412e-07]",jnpp_then_vp,[],3103058.2805733555,3096560,False,76617592.9930672,73.8301020798722,51.55810218152319,0.017950795152022074,"[5.023767379982822,4.986582382031218,4.984852561868725]",240.92600774765015,1903.7533933594823,2146.142409838736,nan,nan,nan,nan,False,,nan,,,nan,nan,nan,,,,,,,,0.0029299000289141567,0.00017649925512474584,0.024977330720313235,nan,nan,nan,False,not_run,not_requested
fig1_fig2,free_jones_vp_gated_rescue,59,1187262716,10.0,snr_db,10.0,3,3,3,3,full_6d,1187262716,,,nan,,False,,2089.441387400031,0.0005417125205465288,0.0005417125205465288,1.3449480387703542e-06,4.349366777609467e-05,2.4097936276141036e-13,0.024935883945352136,False,ris_only_stage2_then_vp,global_exact_spherical_vp,proposed_post_stage1,False,dfea77c314161539,jones_free,cpu,False,,numpy,numpy.linalg.solve,jones_free,False,,,0.0,0.0,0.0,0.0,True,6,4,nan,nan,"[0.0,0.0,0.0]",,"[4.0255359364677744e-07,6.897161798523459e-07,4.1152545115023463e-07]",jnpp_then_vp,[],3103058.2805733555,3096560,False,76617592.9930672,73.8301020798722,51.55810218152319,0.017950795152022074,"[5.023767379982822,4.986582382031218,4.984852561868725]",240.92600774765015,49.57894507795572,306.2084590345621,nan,nan,nan,nan,False,,nan,,,nan,nan,nan,,,,,,,,0.0029299000289141567,0.00017649925512474584,0.024977330720313235,0.0005417125205465288,1.3449480387703542e-06,0.024935883945352136,True,accepted,accepted
fig1_fig2,PEB,59,1187262716,10.0,snr_db,10.0,3,3,3,3,full_6d,1187262716,,,nan,,False,,5.107219822704792,nan,nan,nan,nan,nan,nan,False,,,peb_only,False,79a329031d93a6a5,,,,,,,adaptive_jones,True,fixed_anchor_then_adaptive_jones_score_selection,,nan,nan,nan,nan,True,,,nan,nan,,,,,[],nan,,,nan,nan,nan,nan,,nan,nan,nan,0.00011902208972583581,nan,nan,0.00011902208972583581,False,ba85b3dc69f0d5910f5e051466d13a9fa16bdfb1c72eaceaa138a692faa0065e,0.02492515314223931,computed_unscaled,cpu,nan,nan,nan,,,,,,,,nan,nan,nan,nan,nan,nan,False,,
fig1_fig2,free_jones_vp,72,2100195688,10.0,snr_db,10.0,3,3,3,3,full_6d,2100195688,,,nan,,False,,1393.0079693123698,0.023846191813224157,0.023846191813224157,0.0013864059020476487,0.002649641316370366,2.2915453400667758e-12,0.03337540720652171,False,direct_vp,global_exact_spherical_vp,proposed_post_stage1,False,94fbbfa261175386,jones_free,cpu,False,,numpy,numpy.linalg.solve,jones_free,False,,,0.0,0.0,0.0,0.0,True,6,4,nan,nan,"[0.0,0.0,0.0]",,"[2.6592324989021738e-06,3.319611774150745e-08,5.097143839292013e-07]",jnpp_then_vp,[],3143336.21073431,3096560,False,76089522.81238793,71.64095462558679,53.53879337164577,0.012453655832187127,"[5.007309499078492,4.9901649618437895,5.020588307743405]",229.31795894354582,1384.3949799239635,1615.1624903008342,nan,nan,nan,nan,False,,nan,,,nan,nan,nan,,,,,,,,0.023846191813224157,0.0013864059020476487,0.03337540720652171,nan,nan,nan,False,not_run,not_requested
fig1_fig2,free_jones_vp_gated_rescue,72,2100195688,10.0,snr_db,10.0,3,3,3,3,full_6d,2100195688,,,nan,,False,,1444.6271193996072,0.00016924365219868868,0.00016924365219868868,1.5624518354776094e-06,0.00013905605810950173,4.808553709249382e-13,0.03291870212837653,False,ris_only_stage2_then_vp,global_exact_spherical_vp,proposed_post_stage1,False,94fbbfa261175386,jones_free,cpu,False,,numpy,numpy.linalg.solve,jones_free,False,,,0.0,0.0,0.0,0.0,True,6,4,nan,nan,"[0.0,0.0,0.0]",,"[3.0628878735093665e-06,1.4461083188236573e-08,6.744006036701719e-07]",jnpp_then_vp,[],3143336.21073431,3096560,False,76089522.81238793,71.64095462558679,53.53879337164577,0.012453655832187127,"[5.007309499078492,4.9901649618437895,5.020588307743405]",229.31795894354582,46.983266703784466,290.20210956037045,nan,nan,nan,nan,False,,nan,,,nan,nan,nan,,,,,,,,0.023846191813224157,0.0013864059020476487,0.03337540720652171,0.00016924365219868868,1.5624518354776094e-06,0.03291870212837653,True,accepted,accepted
fig1_fig2,PEB,72,2100195688,10.0,snr_db,10.0,3,3,3,3,full_6d,2100195688,,,nan,,False,,4.988573871552944,nan,nan,nan,nan,nan,nan,False,,,peb_only,False,c9be7c50a430bc35,,,,,,,adaptive_jones,True,fixed_anchor_then_adaptive_jones_score_selection,,nan,nan,nan,nan,True,,,nan,nan,,,,,[],nan,,,nan,nan,nan,nan,,nan,nan,nan,0.00012336509076348284,nan,nan,0.00012336509076348284,False,c74090ee2666e0b285da3833dfd6aa0f2593b8f113092ef5692488e84b651980,0.032878915272572404,computed_unscaled,cpu,nan,nan,nan,,,,,,,,nan,nan,nan,nan,nan,nan,False,,
fig1_fig2,free_jones_vp,98,1149511508,10.0,snr_db,10.0,3,3,3,3,full_6d,1149511508,,,nan,,False,,127.59775821864605,0.0009849416100564776,0.0009849416100564776,2.31259644396738e-05,0.0008848699300813455,3.670871385496647e-13,0.02729087851390277,False,direct_vp,global_exact_spherical_vp,proposed_post_stage1,False,9e1587d0a2a17293,jones_free,cpu,False,,numpy,numpy.linalg.solve,jones_free,False,,,0.0,0.0,0.0,0.0,True,6,4,nan,nan,"[0.0,0.0,0.0]",,"[2.175633233077834e-06,1.2078516099425265e-07,8.905150677436913e-08]",direct_vp,[],3095215.561809958,3096560,True,89632743.6648814,75.64300967092242,52.06408559177304,0.01696958398848633,"[5.0367956201982995,5.0182741823405115,4.995308083739585]",237.78338108211756,120.06487694382668,359.28987151384354,nan,nan,nan,nan,False,,nan,,,nan,nan,nan,,,,,,,,0.0009849416100564776,2.31259644396738e-05,0.02729087851390277,nan,nan,nan,False,not_run,not_requested
fig1_fig2,free_jones_vp_gated_rescue,98,1149511508,10.0,snr_db,10.0,3,3,3,3,full_6d,1149511508,,,nan,,False,,110.44044946879148,0.0009849416100564776,0.0009849416100564776,2.31259644396738e-05,0.0008848699300813455,3.670871385496647e-13,0.02729087851390277,False,direct_vp,global_exact_spherical_vp,proposed_post_stage1,False,9e1587d0a2a17293,jones_free,cpu,False,,numpy,numpy.linalg.solve,jones_free,False,,,0.0,0.0,0.0,0.0,True,6,4,nan,nan,"[0.0,0.0,0.0]",,"[2.175633233077834e-06,1.2078516099425265e-07,8.905150677436913e-08]",direct_vp,[],3095215.561809958,3096560,True,89632743.6648814,75.64300967092242,52.06408559177304,0.01696958398848633,"[5.0367956201982995,5.0182741823405115,4.995308083739585]",237.78338108211756,104.79062110185623,344.0156156718731,nan,nan,nan,nan,False,,nan,,,nan,nan,nan,,,,,,,,0.0009849416100564776,2.31259644396738e-05,0.02729087851390277,nan,nan,nan,False,not_run,not_requested
fig1_fig2,PEB,98,1149511508,10.0,snr_db,10.0,3,3,3,3,full_6d,1149511508,,,nan,,False,,4.624609038233757,nan,nan,nan,nan,nan,nan,False,,,peb_only,False,848fd860b83457ca,,,,,,,adaptive_jones,True,fixed_anchor_then_adaptive_jones_score_selection,,nan,nan,nan,nan,True,,,nan,nan,,,,,[],nan,,,nan,nan,nan,nan,,nan,nan,nan,0.00010454009928026712,nan,nan,0.00010454009928026712,False,20ab18018f84cd00eca3bffc39c0046cd77b64c781a4db651e945869c9a7cf28,0.02730287365693197,computed_unscaled,cpu,nan,nan,nan,,,,,,,,nan,nan,nan,nan,nan,nan,False,,
fig1_fig2,free_jones_vp,77,4292676672,10.0,snr_db,10.0,3,3,3,3,full_6d,4292676672,,,nan,,False,,1237.3500420227647,0.02205908637944984,0.02205908637944984,0.0012061078481616502,0.002570050421288486,1.9408563589982967e-12,0.08829736366544254,False,direct_vp,global_exact_spherical_vp,proposed_post_stage1,False,7000e85532932b4d,jones_free,cpu,False,,numpy,numpy.linalg.solve,jones_free,False,,,0.0,0.0,0.0,0.0,True,6,4,nan,nan,"[0.0,0.0,0.0]",,"[1.5531308843783285e-07,4.813003487740751e-06,8.041288715850694e-07]",jnpp_then_vp,[],3131318.4003203013,3096560,False,74228238.80155838,81.63248186943231,26.04894862826141,0.08811176656355424,"[4.978146030632814,5.162464604245008,4.9730604055028556]",240.76459795236588,1113.125737912953,1355.3713558614254,nan,nan,nan,nan,False,,nan,,,nan,nan,nan,,,,,,,,0.02205908637944984,0.0012061078481616502,0.08829736366544254,nan,nan,nan,False,not_run,not_requested
fig1_fig2,free_jones_vp_gated_rescue,77,4292676672,10.0,snr_db,10.0,3,3,3,3,full_6d,4292676672,,,nan,,False,,1321.2030631303787,0.0002716004189108443,0.0002716004189108443,1.3310821803935288e-06,0.00020292704185526745,1.2984537363797854e-13,0.08723936616120788,False,ris_only_stage2_then_vp,global_exact_spherical_vp,proposed_post_stage1,False,7000e85532932b4d,jones_free,cpu,False,,numpy,numpy.linalg.solve,jones_free,False,,,0.0,0.0,0.0,0.0,True,6,4,nan,nan,"[0.0,0.0,0.0]",,"[9.91416579309143e-08,3.844467635250286e-06,7.041843745646992e-07]",jnpp_then_vp,[],3131318.4003203013,3096560,False,74228238.80155838,81.63248186943231,26.04894862826141,0.08811176656355424,"[4.978146030632814,5.162464604245008,4.9730604055028556]",240.76459795236588,93.3080216795206,348.3467584773898,nan,nan,nan,nan,False,,nan,,,nan,nan,nan,,,,,,,,0.02205908637944984,0.0012061078481616502,0.08829736366544254,0.0002716004189108443,1.3310821803935288e-06,0.08723936616120788,True,accepted,accepted
fig1_fig2,PEB,77,4292676672,10.0,snr_db,10.0,3,3,3,3,full_6d,4292676672,,,nan,,False,,4.511941514909267,nan,nan,nan,nan,nan,nan,False,,,peb_only,False,9e709c521ef2d28b,,,,,,,adaptive_jones,True,fixed_anchor_then_adaptive_jones_score_selection,,nan,nan,nan,nan,True,,,nan,nan,,,,,[],nan,,,nan,nan,nan,nan,,nan,nan,nan,0.00012521582502547605,nan,nan,0.00012521582502547605,False,f60a4ab9705635604ca71e7bb7f90055bd716281a75d4d93b7beab9eb08c99af,0.08731769249710072,computed_unscaled,cpu,nan,nan,nan,,,,,,,,nan,nan,nan,nan,nan,nan,False,,
fig1_fig2,free_jones_vp,83,2856883752,10.0,snr_db,10.0,3,3,3,3,full_6d,2856883752,,,nan,,False,,1091.006247267127,0.02603889944898365,0.02603889944898365,0.0032353160245428532,0.0026465886805569017,2.848139327328444e-12,0.021233529309228387,False,direct_vp,global_exact_spherical_vp,proposed_post_stage1,False,173a99c55d0ae244,jones_free,cpu,False,,numpy,numpy.linalg.solve,jones_free,False,,,0.0,0.0,0.0,0.0,True,6,4,nan,nan,"[0.0,0.0,0.0]",,"[8.382014250658216e-07,5.336665736981962e-05,1.1907343813818612e-07]",jnpp_then_vp,"[""poor_clock_consistency""]",3192933.017485013,3096560,False,80739622.0433379,97.81214185569083,12.71447010117169,0.12414470877717837,"[5.013789978593671,4.739452042183199,4.990232681059629]",243.6206881403923,1082.7290755957365,1327.7724272534251,nan,nan,nan,nan,False,,nan,,,nan,nan,nan,,,,,,,,0.02603889944898365,0.0032353160245428532,0.021233529309228387,nan,nan,nan,False,not_run,not_requested
fig1_fig2,free_jones_vp_gated_rescue,83,2856883752,10.0,snr_db,10.0,3,3,3,3,full_6d,2856883752,,,nan,,False,,1072.091789804399,0.0003358108426064181,0.0003358108426064181,1.1220852023865987e-06,7.327351044300065e-06,1.8731663367744456e-13,0.02056913981979548,False,ris_only_stage2_then_vp,global_exact_spherical_vp,proposed_post_stage1,False,173a99c55d0ae244,jones_free,cpu,False,,numpy,numpy.linalg.solve,jones_free,False,,,0.0,0.0,0.0,0.0,True,6,4,nan,nan,"[0.0,0.0,0.0]",,"[8.667446715918084e-07,4.064352927849031e-05,1.0252730902400785e-07]",jnpp_then_vp,"[""poor_clock_consistency""]",3192933.017485013,3096560,False,80739622.0433379,97.81214185569083,12.71447010117169,0.12414470877717837,"[5.013789978593671,4.739452042183199,4.990232681059629]",243.6206881403923,102.96229188144207,359.620750002563,nan,nan,nan,nan,False,,nan,,,nan,nan,nan,,,,,,,,0.02603889944898365,0.0032353160245428532,0.021233529309228387,0.0003358108426064181,1.1220852023865987e-06,0.02056913981979548,True,accepted,accepted
fig1_fig2,PEB,83,2856883752,10.0,snr_db,10.0,3,3,3,3,full_6d,2856883752,,,nan,,False,,4.63257972151041,nan,nan,nan,nan,nan,nan,False,,,peb_only,False,83941e6b4a8a8d2f,,,,,,,adaptive_jones,True,fixed_anchor_then_adaptive_jones_score_selection,,nan,nan,nan,nan,True,,,nan,nan,,,,,[],nan,,,nan,nan,nan,nan,,nan,nan,nan,9.942237159744992e-05,nan,nan,9.942237159744992e-05,False,700eea5a638faf3db61de2a763659338a112f897687c33a7cb33c68c29ad4a9e,0.020592739307147653,computed_unscaled,cpu,nan,nan,nan,,,,,,,,nan,nan,nan,nan,nan,nan,False,,
fig1_fig2,free_jones_vp,70,1909013635,10.0,snr_db,10.0,3,3,3,3,full_6d,1909013635,,,nan,,False,,1837.8001502752304,0.02608402754829039,0.02608402754829039,0.0018989464811810252,0.008253889962266784,6.7231986830313384e-12,0.021535468431099554,False,direct_vp,global_exact_spherical_vp,proposed_post_stage1,False,956587db4e26910a,jones_free,cpu,False,,numpy,numpy.linalg.solve,jones_free,False,,,0.0,0.0,0.0,0.0,True,6,4,nan,nan,"[0.0,0.0,0.0]",,"[4.242978194135345e-09,1.6542479448750569e-06,4.2628219697966544e-06]",jnpp_then_vp,[],3156135.7093810374,3096560,False,54281170.34337269,114.81366444974027,38.861247191872934,0.03628833026198073,"[5.001564711452702,4.929175311183093,4.920697601982084]",227.70176355540752,1709.224368751049,1938.35121653229,nan,nan,nan,nan,False,,nan,,,nan,nan,nan,,,,,,,,0.02608402754829039,0.0018989464811810252,0.021535468431099554,nan,nan,nan,False,not_run,not_requested
fig1_fig2,free_jones_vp_gated_rescue,70,1909013635,10.0,snr_db,10.0,3,3,3,3,full_6d,1909013635,,,nan,,False,,1812.1777492463589,0.0005350876592147473,0.0005350876592147473,8.944659780945065e-07,6.406917296663106e-05,2.9520141995370077e-13,0.021130297374383634,False,ris_only_stage2_then_vp,global_exact_spherical_vp,proposed_post_stage1,False,956587db4e26910a,jones_free,cpu,False,,numpy,numpy.linalg.solve,jones_free,False,,,0.0,0.0,0.0,0.0,True,6,4,nan,nan,"[0.0,0.0,0.0]",,"[9.763267892072096e-09,1.3641591000485679e-06,5.060889249303582e-06]",jnpp_then_vp,[],3156135.7093810374,3096560,False,54281170.34337269,114.81366444974027,38.861247191872934,0.03628833026198073,"[5.001564711452702,4.929175311183093,4.920697601982084]",227.70176355540752,112.6327315941453,352.83894404023886,nan,nan,nan,nan,False,,nan,,,nan,nan,nan,,,,,,,,0.02608402754829039,0.0018989464811810252,0.021535468431099554,0.0005350876592147473,8.944659780945065e-07,0.021130297374383634,True,accepted,accepted
fig1_fig2,PEB,70,1909013635,10.0,snr_db,10.0,3,3,3,3,full_6d,1909013635,,,nan,,False,,4.430702015757561,nan,nan,nan,nan,nan,nan,False,,,peb_only,False,df7850a0abb5711d,,,,,,,adaptive_jones,True,fixed_anchor_then_adaptive_jones_score_selection,,nan,nan,nan,nan,True,,,nan,nan,,,,,[],nan,,,nan,nan,nan,nan,,nan,nan,nan,0.0001502443297066292,nan,nan,0.0001502443297066292,False,7231f7a6a5fbe3cc9ff17e3c4c7cf441e267b4bae6d7354446f2924a30ccbc7b,0.021129070747587922,computed_unscaled,cpu,nan,nan,nan,,,,,,,,nan,nan,nan,nan,nan,nan,False,,
fig1_fig2,free_jones_vp,74,2087150408,10.0,snr_db,10.0,3,3,3,3,full_6d,2087150408,,,nan,,False,,1641.1447950601578,0.0036111879552655243,0.0036111879552655243,0.0006479351313185459,0.0030651881154788573,1.993896049973968e-12,0.0242418358146374,False,direct_vp,global_exact_spherical_vp,proposed_post_stage1,False,021ef7f84e697a9b,jones_free,cpu,False,,numpy,numpy.linalg.solve,jones_free,False,,,0.0,0.0,0.0,0.0,True,6,4,nan,nan,"[0.0,0.0,0.0]",,"[1.7003357856282542e-08,3.2024633322186944e-08,2.5911211713411755e-07]",jnpp_then_vp,[],3116091.574600913,3096560,False,65697006.77515492,79.71203196378912,59.300420234637045,0.013951543797672647,"[5.040956412787995,5.0093823706718,5.036492597232592]",229.16272654384375,1517.7743067517877,1748.31294991076,nan,nan,nan,nan,False,,nan,,,nan,nan,nan,,,,,,,,0.0036111879552655243,0.0006479351313185459,0.0242418358146374,nan,nan,nan,False,not_run,not_requested
fig1_fig2,free_jones_vp_gated_rescue,74,2087150408,10.0,snr_db,10.0,3,3,3,3,full_6d,2087150408,,,nan,,False,,1671.8031524121761,8.917357893514964e-05,8.917357893514964e-05,6.739216666863057e-07,3.325887104716425e-05,3.1729655403701615e-13,0.02408629764075174,False,ris_only_stage2_then_vp,global_exact_spherical_vp,proposed_post_stage1,False,021ef7f84e697a9b,jones_free,cpu,False,,numpy,numpy.linalg.solve,jones_free,False,,,0.0,0.0,0.0,0.0,True,6,4,nan,nan,"[0.0,0.0,0.0]",,"[3.6040832501613697e-09,1.5194607697994303e-08,5.943232446304743e-08]",jnpp_then_vp,[],3116091.574600913,3096560,False,65697006.77515492,79.71203196378912,59.300420234637045,0.013951543797672647,"[5.040956412787995,5.0093823706718,5.036492597232592]",229.16272654384375,179.11144044995308,420.30934036523104,nan,nan,nan,nan,False,,nan,,,nan,nan,nan,,,,,,,,0.0036111879552655243,0.0006479351313185459,0.0242418358146374,8.917357893514964e-05,6.739216666863057e-07,0.02408629764075174,True,accepted,accepted
fig1_fig2,PEB,74,2087150408,10.0,snr_db,10.0,3,3,3,3,full_6d,2087150408,,,nan,,False,,4.01967716217041,nan,nan,nan,nan,nan,nan,False,,,peb_only,False,e1ecfca3d7195544,,,,,,,adaptive_jones,True,fixed_anchor_then_adaptive_jones_score_selection,,nan,nan,nan,nan,True,,,nan,nan,,,,,[],nan,,,nan,nan,nan,nan,,nan,nan,nan,0.00012574868443533853,nan,nan,0.00012574868443533853,False,78fd75a3c1d4026a3e7d885aa302f9406531fe623bed7ee4eda6f02c54b6aa8a,0.024090013140631347,computed_unscaled,cpu,nan,nan,nan,,,,,,,,nan,nan,nan,nan,nan,nan,False,,
fig1_fig2,free_jones_vp,76,125194699,10.0,snr_db,10.0,3,3,3,3,full_6d,125194699,,,nan,,False,,1726.2180977091193,0.024520577044079686,0.024520577044079686,0.001125002260111834,0.0019602682399161376,3.4353327181904424e-12,0.016995423440842667,False,direct_vp,global_exact_spherical_vp,proposed_post_stage1,False,85175065229c494e,jones_free,cpu,False,,numpy,numpy.linalg.solve,jones_free,False,,,0.0,0.0,0.0,0.0,True,6,4,nan,nan,"[0.0,0.0,0.0]",,"[1.9791363927014517e-07,5.468973043199344e-07,1.7340805622340113e-06]",jnpp_then_vp,[],3130116.190341316,3096560,False,57121116.555456124,103.15896703929641,56.76223925223937,0.025520740281480204,"[5.005933926623048,5.028573712015715,5.067716349164277]",233.2575059980154,1586.0006463900208,1820.756393134594,nan,nan,nan,nan,False,,nan,,,nan,nan,nan,,,,,,,,0.024520577044079686,0.001125002260111834,0.016995423440842667,nan,nan,nan,False,not_run,not_requested
fig1_fig2,free_jones_vp_gated_rescue,76,125194699,10.0,snr_db,10.0,3,3,3,3,full_6d,125194699,,,nan,,False,,1556.711564861238,0.0003253418937243858,0.0003253418937243858,7.274134660209077e-07,6.160115419979593e-05,8.104466164450648e-14,0.016807397147088714,False,ris_only_stage2_then_vp,global_exact_spherical_vp,proposed_post_stage1,False,85175065229c494e,jones_free,cpu,False,,numpy,numpy.linalg.solve,jones_free,False,,,0.0,0.0,0.0,0.0,True,6,4,nan,nan,"[0.0,0.0,0.0]",,"[2.3656544493414335e-07,5.143881573216671e-07,1.7139741178419872e-06]",jnpp_then_vp,[],3130116.190341316,3096560,False,57121116.555456124,103.15896703929641,56.76223925223937,0.025520740281480204,"[5.005933926623048,5.028573712015715,5.067716349164277]",233.2575059980154,43.1015839278698,287.8101809695363,nan,nan,nan,nan,False,,nan,,,nan,nan,nan,,,,,,,,0.024520577044079686,0.001125002260111834,0.016995423440842667,0.0003253418937243858,7.274134660209077e-07,0.016807397147088714,True,accepted,accepted
fig1_fig2,PEB,76,125194699,10.0,snr_db,10.0,3,3,3,3,full_6d,125194699,,,nan,,False,,3.7150859013199806,nan,nan,nan,nan,nan,nan,False,,,peb_only,False,e928cd38642ad2e7,,,,,,,adaptive_jones,True,fixed_anchor_then_adaptive_jones_score_selection,,nan,nan,nan,nan,True,,,nan,nan,,,,,[],nan,,,nan,nan,nan,nan,,nan,nan,nan,0.00014406859228115486,nan,nan,0.00014406859228115486,False,6b8d35b33f7212a697b02c68cfa098dd74c3e1f522985e34bcbd559db51c8fd8,0.016813312074211585,computed_unscaled,cpu,nan,nan,nan,,,,,,,,nan,nan,nan,nan,nan,nan,False,,
fig1_fig2,free_jones_vp,82,2146768378,10.0,snr_db,10.0,3,3,3,3,full_6d,2146768378,,,nan,,False,,1475.6305452808738,0.026107356985009482,0.026107356985009482,0.002096538534127073,0.0038442579684827014,2.6857905689828886e-12,0.0673688520830779,False,direct_vp,global_exact_spherical_vp,proposed_post_stage1,False,f3893718a2046db4,jones_free,cpu,False,,numpy,numpy.linalg.solve,jones_free,False,,,0.0,0.0,0.0,0.0,True,6,4,nan,nan,"[0.0,0.0,0.0]",,"[1.0538843441238063e-07,7.564455116018964e-07,2.020860562221803e-07]",jnpp_then_vp,[],3164799.738536266,3096560,False,85164884.63382894,68.71270370888551,40.31646338742297,0.025710648123443956,"[5.029261658969248,4.984960613782998,4.968346055856042]",241.29143368452787,1467.764839835465,1710.4434901028872,nan,nan,nan,nan,False,,nan,,,nan,nan,nan,,,,,,,,0.026107356985009482,0.002096538534127073,0.0673688520830779,nan,nan,nan,False,not_run,not_requested
fig1_fig2,free_jones_vp_gated_rescue,82,2146768378,10.0,snr_db,10.0,3,3,3,3,full_6d,2146768378,,,nan,,False,,1258.2599522396922,0.00017606690872406914,0.00017606690872406914,5.21708785433862e-07,1.131555851385104e-05,4.243669830142458e-13,0.06599524135168777,False,ris_only_stage2_then_vp,global_exact_spherical_vp,proposed_post_stage1,False,f3893718a2046db4,jones_free,cpu,False,,numpy,numpy.linalg.solve,jones_free,False,,,0.0,0.0,0.0,0.0,True,6,4,nan,nan,"[0.0,0.0,0.0]",,"[3.246196448742977e-09,1.7776363058259548e-06,2.8879977347173013e-07]",jnpp_then_vp,[],3164799.738536266,3096560,False,85164884.63382894,68.71270370888551,40.31646338742297,0.025710648123443956,"[5.029261658969248,4.984960613782998,4.968346055856042]",241.29143368452787,92.87928836792707,343.9322292432189,nan,nan,nan,nan,False,,nan,,,nan,nan,nan,,,,,,,,0.026107356985009482,0.002096538534127073,0.0673688520830779,0.00017606690872406914,5.21708785433862e-07,0.06599524135168777,True,accepted,accepted
fig1_fig2,PEB,82,2146768378,10.0,snr_db,10.0,3,3,3,3,full_6d,2146768378,,,nan,,False,,3.068965643644333,nan,nan,nan,nan,nan,nan,False,,,peb_only,False,5d28c4d5aafa84a8,,,,,,,adaptive_jones,True,fixed_anchor_then_adaptive_jones_score_selection,,nan,nan,nan,nan,True,,,nan,nan,,,,,[],nan,,,nan,nan,nan,nan,,nan,nan,nan,0.00011354535747526031,nan,nan,0.00011354535747526031,False,3a0d3e6549ad4d642256987481bea72461b73f437bf823d820291ff80c435722,0.06591657853349463,computed_unscaled,cpu,nan,nan,nan,,,,,,,,nan,nan,nan,nan,nan,nan,False,,
fig1_fig2,free_jones_vp,62,1815661330,10.0,snr_db,10.0,3,3,3,3,full_6d,1815661330,,,nan,,False,,2443.8166504204273,0.025438656787302175,0.025438656787302175,0.0010141799809106162,0.0070932296048670735,4.974069825975022e-12,0.05719462136209713,False,direct_vp,global_exact_spherical_vp,proposed_post_stage1,False,c0c84caad7d439d1,jones_free,cpu,False,,numpy,numpy.linalg.solve,jones_free,False,,,0.0,0.0,0.0,0.0,True,6,4,nan,nan,"[0.0,0.0,0.0]",,"[7.83538320145668e-08,1.7841252936420134e-06,6.423751608606782e-06]",jnpp_then_vp,[],3128947.45418477,3096560,False,39177032.88125911,151.43893588519526,22.341700252811922,0.07781760924764271,"[5.004042894437265,4.987582185823461,4.831353137253747]",222.6561345010996,2184.82360637933,2408.897375948727,nan,nan,nan,nan,False,,nan,,,nan,nan,nan,,,,,,,,0.025438656787302175,0.0010141799809106162,0.05719462136209713,nan,nan,nan,False,not_run,not_requested
fig1_fig2,free_jones_vp_gated_rescue,62,1815661330,10.0,snr_db,10.0,3,3,3,3,full_6d,1815661330,,,nan,,False,,2390.842091910541,0.00047643566685663793,0.00047643566685663793,8.328492524406883e-07,0.00013611713522429077,4.864049026793559e-13,0.05661616933972156,False,ris_only_stage2_then_vp,global_exact_spherical_vp,proposed_post_stage1,False,c0c84caad7d439d1,jones_free,cpu,False,,numpy,numpy.linalg.solve,jones_free,False,,,0.0,0.0,0.0,0.0,True,6,4,nan,nan,"[0.0,0.0,0.0]",,"[8.940974156917405e-08,1.9316778031783666e-06,5.18544948921921e-06]",jnpp_then_vp,[],3128947.45418477,3096560,False,39177032.88125911,151.43893588519526,22.341700252811922,0.07781760924764271,"[5.004042894437265,4.987582185823461,4.831353137253747]",222.6561345010996,184.4558356627822,416.18732249736786,nan,nan,nan,nan,False,,nan,,,nan,nan,nan,,,,,,,,0.025438656787302175,0.0010141799809106162,0.05719462136209713,0.00047643566685663793,8.328492524406883e-07,0.05661616933972156,True,accepted,accepted
fig1_fig2,PEB,62,1815661330,10.0,snr_db,10.0,3,3,3,3,full_6d,1815661330,,,nan,,False,,2.878140404820442,nan,nan,nan,nan,nan,nan,False,,,peb_only,False,24fe0ecd420deee3,,,,,,,adaptive_jones,True,fixed_anchor_then_adaptive_jones_score_selection,,nan,nan,nan,nan,True,,,nan,nan,,,,,[],nan,,,nan,nan,nan,nan,,nan,nan,nan,0.0001800085357985258,nan,nan,0.0001800085357985258,False,97d98efc9e77b8da847d52d27748aedf3c40844281671ccf00f295af09763222,0.05660289743827024,computed_unscaled,cpu,nan,nan,nan,,,,,,,,nan,nan,nan,nan,nan,nan,False,,
fig1_fig2,free_jones_vp,73,1489186484,10.0,snr_db,10.0,3,3,3,3,full_6d,1489186484,,,nan,,False,,2078.2731534466147,0.003862864641256642,0.003862864641256642,0.0005304698753032902,0.0033776688382051562,1.5355206811428538e-12,0.028400102308251948,False,direct_vp,global_exact_spherical_vp,proposed_post_stage1,False,6bf276558b84f1d6,jones_free,cpu,False,,numpy,numpy.linalg.solve,jones_free,False,,,0.0,0.0,0.0,0.0,True,6,4,nan,nan,"[0.0,0.0,0.0]",,"[2.531171833417456e-07,2.6677617593204933e-07,1.6059807955665368e-06]",jnpp_then_vp,[],3112534.7186832665,3096560,False,89206150.62609786,68.48778363000852,65.13211678355705,0.008343361273276678,"[5.022952692730384,5.015933880008402,5.036065703431727]",236.28485742211342,1909.9352134466171,2147.6442316398025,nan,nan,nan,nan,False,,nan,,,nan,nan,nan,,,,,,,,0.003862864641256642,0.0005304698753032902,0.028400102308251948,nan,nan,nan,False,not_run,not_requested
fig1_fig2,free_jones_vp_gated_rescue,73,1489186484,10.0,snr_db,10.0,3,3,3,3,full_6d,1489186484,,,nan,,False,,1707.1298860535026,7.446084447962853e-05,7.446084447962853e-05,9.522483814102453e-07,5.777475716732391e-05,6.265592855098342e-13,0.028249846741557467,False,ris_only_stage2_then_vp,global_exact_spherical_vp,proposed_post_stage1,False,6bf276558b84f1d6,jones_free,cpu,False,,numpy,numpy.linalg.solve,jones_free,False,,,0.0,0.0,0.0,0.0,True,6,4,nan,nan,"[0.0,0.0,0.0]",,"[2.7292083273360966e-07,2.473467062595404e-07,1.370892113031174e-06]",jnpp_then_vp,[],3112534.7186832665,3096560,False,89206150.62609786,68.48778363000852,65.13211678355705,0.008343361273276678,"[5.022952692730384,5.015933880008402,5.036065703431727]",236.28485742211342,26.012230053544044,270.10868187248707,nan,nan,nan,nan,False,,nan,,,nan,nan,nan,,,,,,,,0.003862864641256642,0.0005304698753032902,0.028400102308251948,7.446084447962853e-05,9.522483814102453e-07,0.028249846741557467,True,accepted,accepted
fig1_fig2,PEB,73,1489186484,10.0,snr_db,10.0,3,3,3,3,full_6d,1489186484,,,nan,,False,,2.957791991531849,nan,nan,nan,nan,nan,nan,False,,,peb_only,False,4d5af81c5c104c8b,,,,,,,adaptive_jones,True,fixed_anchor_then_adaptive_jones_score_selection,,nan,nan,nan,nan,True,,,nan,nan,,,,,[],nan,,,nan,nan,nan,nan,,nan,nan,nan,0.00010680397990855674,nan,nan,0.00010680397990855674,False,d64a78118eb17c14251c66a9269a2f68d800276ea77027a48898e01b93fc8e18,0.02825448811137477,computed_unscaled,cpu,nan,nan,nan,,,,,,,,nan,nan,nan,nan,nan,nan,False,,
fig1_fig2,free_jones_vp,65,2236466502,10.0,snr_db,10.0,3,3,3,3,full_6d,2236466502,,,nan,,False,,2579.4384821131825,0.0012943783801677494,0.0012943783801677494,4.74385812487551e-05,0.001157299400200321,8.189336722554141e-13,0.010598515426114737,False,direct_vp,global_exact_spherical_vp,proposed_post_stage1,False,d6b4eedcf8a67515,jones_free,cpu,False,,numpy,numpy.linalg.solve,jones_free,False,,,0.0,0.0,0.0,0.0,True,6,4,nan,nan,"[0.0,0.0,0.0]",,"[3.752489164694495e-07,9.37845993691118e-07,3.994349694240126e-07]",jnpp_then_vp,[],3101663.3665774353,3096560,False,88060414.8864669,69.90001014144723,56.86875647094319,0.018764123770039862,"[5.020778522495805,5.009925361105375,4.976672849260392]",226.4874543324113,2447.936538144946,2675.6923315897584,nan,nan,nan,nan,False,,nan,,,nan,nan,nan,,,,,,,,0.0012943783801677494,4.74385812487551e-05,0.010598515426114737,nan,nan,nan,False,not_run,not_requested
fig1_fig2,free_jones_vp_gated_rescue,65,2236466502,10.0,snr_db,10.0,3,3,3,3,full_6d,2236466502,,,nan,,False,,2195.3600400984287,0.0012943783801677494,0.0012943783801677494,4.74385812487551e-05,0.001157299400200321,8.189336722554141e-13,0.010598515426114737,False,direct_vp_rollback,global_exact_spherical_vp,proposed_post_stage1,False,d6b4eedcf8a67515,jones_free,cpu,False,,numpy,numpy.linalg.solve,jones_free,False,,,0.0,0.0,0.0,0.0,True,6,4,nan,nan,"[0.0,0.0,0.0]",,"[3.752489164694495e-07,9.37845993691118e-07,3.994349694240126e-07]",jnpp_then_vp,[],3101663.3665774353,3096560,False,88060414.8864669,69.90001014144723,56.86875647094319,0.018764123770039862,"[5.020778522495805,5.009925361105375,4.976672849260392]",226.4874543324113,2039.42562109977,2267.1814145445824,nan,nan,nan,nan,False,,nan,,,nan,nan,nan,,,,,,,,0.0012943783801677494,4.74385812487551e-05,0.010598515426114737,0.00010852609535347564,7.346224214943465e-07,0.010593888479380812,True,rollback,existing_selector_rollback
fig1_fig2,PEB,65,2236466502,10.0,snr_db,10.0,3,3,3,3,full_6d,2236466502,,,nan,,False,,2.888629876077175,nan,nan,nan,nan,nan,nan,False,,,peb_only,False,21fdc29637e0a6d0,,,,,,,adaptive_jones,True,fixed_anchor_then_adaptive_jones_score_selection,,nan,nan,nan,nan,True,,,nan,nan,,,,,[],nan,,,nan,nan,nan,nan,,nan,nan,nan,0.00010744984598680987,nan,nan,0.00010744984598680987,False,8713a1af4c8a44df0d773df8c1e647ae5757abeba9d4009ab7b9d7ee65d54a43,0.01058113167850039,computed_unscaled,cpu,nan,nan,nan,,,,,,,,nan,nan,nan,nan,nan,nan,False,,
fig1_fig2,free_jones_vp,86,2710333116,10.0,snr_db,10.0,3,3,3,3,full_6d,2710333116,,,nan,,False,,1605.4913662970066,0.004992614034601012,0.004992614034601012,0.00046182383668349634,0.004151930201748375,4.31366392333474e-12,0.016885287664389067,False,direct_vp,global_exact_spherical_vp,proposed_post_stage1,False,32affd1d4cbe6f83,jones_free,cpu,False,,numpy,numpy.linalg.solve,jones_free,False,,,0.0,0.0,0.0,0.0,True,6,4,nan,nan,"[0.0,0.0,0.0]",,"[1.3274759937048434e-07,4.971855270741691e-07,8.702982009464551e-07]",jnpp_then_vp,[],3108791.6196559635,3096560,False,53847585.716002405,113.24293121695106,54.61414553090247,0.02838419623559912,"[5.027447196982127,5.068366226556697,4.999227081062708]",229.6752217337489,1490.1094186753035,1721.2131144925952,nan,nan,nan,nan,False,,nan,,,nan,nan,nan,,,,,,,,0.004992614034601012,0.00046182383668349634,0.016885287664389067,nan,nan,nan,False,not_run,not_requested
fig1_fig2,free_jones_vp_gated_rescue,86,2710333116,10.0,snr_db,10.0,3,3,3,3,full_6d,2710333116,,,nan,,False,,1063.5153241306543,3.606063300447148e-05,3.606063300447148e-05,3.808539015059802e-07,2.4818223428431574e-05,5.943366730683033e-13,0.01680864787881653,False,ris_only_stage2_then_vp,global_exact_spherical_vp,proposed_post_stage1,False,32affd1d4cbe6f83,jones_free,cpu,False,,numpy,numpy.linalg.solve,jones_free,False,,,0.0,0.0,0.0,0.0,True,6,4,nan,nan,"[0.0,0.0,0.0]",,"[1.5570111763751334e-07,8.563356648535365e-07,1.0851701813766225e-06]",jnpp_then_vp,[],3108791.6196559635,3096560,False,53847585.716002405,113.24293121695106,54.61414553090247,0.02838419623559912,"[5.027447196982127,5.068366226556697,4.999227081062708]",229.6752217337489,54.56464125216007,289.0454350337386,nan,nan,nan,nan,False,,nan,,,nan,nan,nan,,,,,,,,0.004992614034601012,0.00046182383668349634,0.016885287664389067,3.606063300447148e-05,3.808539015059802e-07,0.01680864787881653,True,accepted,accepted
fig1_fig2,PEB,86,2710333116,10.0,snr_db,10.0,3,3,3,3,full_6d,2710333116,,,nan,,False,,2.4174956381320953,nan,nan,nan,nan,nan,nan,False,,,peb_only,False,7bb4033dcc5999c4,,,,,,,adaptive_jones,True,fixed_anchor_then_adaptive_jones_score_selection,,nan,nan,nan,nan,True,,,nan,nan,,,,,[],nan,,,nan,nan,nan,nan,,nan,nan,nan,0.00014191551456966205,nan,nan,0.00014191551456966205,False,3a54fb3766786593be45a3a051de7709f83ecc3b2e8854a667fc53103d577f6b,0.01681893897424671,computed_unscaled,cpu,nan,nan,nan,,,,,,,,nan,nan,nan,nan,nan,nan,False,,
fig1_fig2,free_jones_vp,91,3347136468,10.0,snr_db,10.0,3,3,3,3,full_6d,3347136468,,,nan,,False,,1405.407383158803,0.008919524343853416,0.008919524343853416,0.0003492999200105533,0.002500933032263599,1.7768559975195078e-12,0.024749873982002117,False,direct_vp,global_exact_spherical_vp,proposed_post_stage1,False,ae970fdc9372c5fa,jones_free,cpu,False,,numpy,numpy.linalg.solve,jones_free,False,,,0.0,0.0,0.0,0.0,True,6,4,nan,nan,"[0.0,0.0,0.0]",,"[1.8049479971682045e-06,1.3789597659246882e-06,4.6431550349475116e-07]",jnpp_then_vp,[],3109573.6221058234,3096560,False,68595568.97150573,112.8141823699113,42.87195668541366,0.05485262011202294,"[4.923655490973698,5.043717381674516,5.03592149639109]",237.17240767925978,1292.0172990113497,1530.6116560176015,nan,nan,nan,nan,False,,nan,,,nan,nan,nan,,,,,,,,0.008919524343853416,0.0003492999200105533,0.024749873982002117,nan,nan,nan,False,not_run,not_requested
fig1_fig2,free_jones_vp_gated_rescue,91,3347136468,10.0,snr_db,10.0,3,3,3,3,full_6d,3347136468,,,nan,,False,,855.478063955903,0.00034583772404312286,0.00034583772404312286,9.924350558478955e-07,9.074420452356333e-06,8.491942935219867e-14,0.02466380358560762,False,ris_only_stage2_then_vp,global_exact_spherical_vp,proposed_post_stage1,False,ae970fdc9372c5fa,jones_free,cpu,False,,numpy,numpy.linalg.solve,jones_free,False,,,0.0,0.0,0.0,0.0,True,6,4,nan,nan,"[0.0,0.0,0.0]",,"[1.2511506731827104e-06,7.048608134240578e-07,4.73832024496635e-07]",jnpp_then_vp,[],3109573.6221058234,3096560,False,68595568.97150573,112.8141823699113,42.87195668541366,0.05485262011202294,"[4.923655490973698,5.043717381674516,5.03592149639109]",237.17240767925978,59.56029926240444,302.3110579997301,nan,nan,nan,nan,False,,nan,,,nan,nan,nan,,,,,,,,0.008919524343853416,0.0003492999200105533,0.024749873982002117,0.00034583772404312286,9.924350558478955e-07,0.02466380358560762,True,accepted,accepted
fig1_fig2,PEB,91,3347136468,10.0,snr_db,10.0,3,3,3,3,full_6d,3347136468,,,nan,,False,,2.3498629182577133,nan,nan,nan,nan,nan,nan,False,,,peb_only,False,0466a9a74df00167,,,,,,,adaptive_jones,True,fixed_anchor_then_adaptive_jones_score_selection,,nan,nan,nan,nan,True,,,nan,nan,,,,,[],nan,,,nan,nan,nan,nan,,nan,nan,nan,0.00010803658270640652,nan,nan,0.00010803658270640652,False,64607f16edc43d908c3fdfcf5a1ab43160e4a3b90bfd0c732196f2f9ce351b74,0.02464642265771189,computed_unscaled,cpu,nan,nan,nan,,,,,,,,nan,nan,nan,nan,nan,nan,False,,
fig1_fig2,free_jones_vp,94,3608384463,10.0,snr_db,10.0,3,3,3,3,full_6d,3608384463,,,nan,,False,,1353.7486981898546,0.024870839075849503,0.024870839075849503,0.0014641467750147624,0.001108704469336031,1.8292071806987643e-12,0.047473016697501064,False,direct_vp,global_exact_spherical_vp,proposed_post_stage1,False,be70dcd3aababec3,jones_free,cpu,False,,numpy,numpy.linalg.solve,jones_free,False,,,0.0,0.0,0.0,0.0,True,6,4,nan,nan,"[0.0,0.0,0.0]",,"[1.37726391949516e-05,4.933257985456843e-08,4.470537074152629e-07]",jnpp_then_vp,[],3143765.6671501785,3096560,False,63648747.30830189,91.17585185022287,38.381140743997285,0.021272821734195316,"[5.038000331316175,5.013200570955704,5.065288322897402]",235.31190794706345,1239.5247223600745,1476.2382974103093,nan,nan,nan,nan,False,,nan,,,nan,nan,nan,,,,,,,,0.024870839075849503,0.0014641467750147624,0.047473016697501064,nan,nan,nan,False,not_run,not_requested
fig1_fig2,free_jones_vp_gated_rescue,94,3608384463,10.0,snr_db,10.0,3,3,3,3,full_6d,3608384463,,,nan,,False,,734.1467406749725,0.0008852512739510242,0.0008852512739510242,2.3067186442389443e-06,8.408561024279998e-05,3.064949431187489e-13,0.04679346659908121,False,ris_only_stage2_then_vp,global_exact_spherical_vp,proposed_post_stage1,False,be70dcd3aababec3,jones_free,cpu,False,,numpy,numpy.linalg.solve,jones_free,False,,,0.0,0.0,0.0,0.0,True,6,4,nan,nan,"[0.0,0.0,0.0]",,"[1.2590552808020485e-05,2.9262274855058762e-08,2.6525380858500797e-06]",jnpp_then_vp,[],3143765.6671501785,3096560,False,63648747.30830189,91.17585185022287,38.381140743997285,0.021272821734195316,"[5.038000331316175,5.013200570955704,5.065288322897402]",235.31190794706345,19.552236191928387,259.13529128581285,nan,nan,nan,nan,False,,nan,,,nan,nan,nan,,,,,,,,0.024870839075849503,0.0014641467750147624,0.047473016697501064,0.0008852512739510242,2.3067186442389443e-06,0.04679346659908121,True,accepted,accepted
fig1_fig2,PEB,94,3608384463,10.0,snr_db,10.0,3,3,3,3,full_6d,3608384463,,,nan,,False,,2.396353282034397,nan,nan,nan,nan,nan,nan,False,,,peb_only,False,a7f6dd35467fb9f5,,,,,,,adaptive_jones,True,fixed_anchor_then_adaptive_jones_score_selection,,nan,nan,nan,nan,True,,,nan,nan,,,,,[],nan,,,nan,nan,nan,nan,,nan,nan,nan,0.00013477256840140945,nan,nan,0.00013477256840140945,False,ef18bf3cff118d7dc1efd356b9a296459495c6f9c6bb71ac5354d9f7a0cabc56,0.04676042037393325,computed_unscaled,cpu,nan,nan,nan,,,,,,,,nan,nan,nan,nan,nan,nan,False,,
fig1_fig2,free_jones_vp,95,1902842209,10.0,snr_db,10.0,3,3,3,3,full_6d,1902842209,,,nan,,False,,1156.5763329192996,0.008142309354828967,0.008142309354828967,0.0005854166244430102,0.007310879812564642,3.4708201107514662e-12,0.028468085376014904,False,direct_vp,global_exact_spherical_vp,proposed_post_stage1,False,222ba8c6503c43de,jones_free,cpu,False,,numpy,numpy.linalg.solve,jones_free,False,,,0.0,0.0,0.0,0.0,True,6,4,nan,nan,"[0.0,0.0,0.0]",,"[2.5322818680778987e-05,3.4484596978330516e-07,3.8136814733087207e-07]",jnpp_then_vp,[],3113198.034267281,3096560,False,70749048.55739155,98.40168251814102,30.071174211287108,0.02862489437537695,"[4.980014419072043,5.050127634947411,5.01449368766661]",236.50045224279165,1044.0713646933436,1281.9220465123653,nan,nan,nan,nan,False,,nan,,,nan,nan,nan,,,,,,,,0.008142309354828967,0.0005854166244430102,0.028468085376014904,nan,nan,nan,False,not_run,not_requested
fig1_fig2,free_jones_vp_gated_rescue,95,1902842209,10.0,snr_db,10.0,3,3,3,3,full_6d,1902842209,,,nan,,False,,785.147383607924,0.00013336234800218587,0.00013336234800218587,7.226589002789755e-07,0.00010823866296379948,4.95921456323913e-13,0.028299755906365378,False,ris_only_stage2_then_vp,global_exact_spherical_vp,proposed_post_stage1,False,222ba8c6503c43de,jones_free,cpu,False,,numpy,numpy.linalg.solve,jones_free,False,,,0.0,0.0,0.0,0.0,True,6,4,nan,nan,"[0.0,0.0,0.0]",,"[2.4655271297690432e-05,4.4936784897274464e-07,4.323906174736944e-07]",jnpp_then_vp,[],3113198.034267281,3096560,False,70749048.55739155,98.40168251814102,30.071174211287108,0.02862489437537695,"[4.980014419072043,5.050127634947411,5.01449368766661]",236.50045224279165,113.9769831970334,355.9516005516052,nan,nan,nan,nan,False,,nan,,,nan,nan,nan,,,,,,,,0.008142309354828967,0.0005854166244430102,0.028468085376014904,0.00013336234800218587,7.226589002789755e-07,0.028299755906365378,True,accepted,accepted
fig1_fig2,PEB,95,1902842209,10.0,snr_db,10.0,3,3,3,3,full_6d,1902842209,,,nan,,False,,1.6564662158489227,nan,nan,nan,nan,nan,nan,False,,,peb_only,False,1328ea5009805f1b,,,,,,,adaptive_jones,True,fixed_anchor_then_adaptive_jones_score_selection,,nan,nan,nan,nan,True,,,nan,nan,,,,,[],nan,,,nan,nan,nan,nan,,nan,nan,nan,0.00010404652643098265,nan,nan,0.00010404652643098265,False,76a18cb09eabd2843f7f18de70d1414c840c1b810997a8411f8aedb26f349b2f,0.028316088141841084,computed_unscaled,cpu,nan,nan,nan,,,,,,,,nan,nan,nan,nan,nan,nan,False,,
fig1_fig2,free_jones_vp,89,850792180,10.0,snr_db,10.0,3,3,3,3,full_6d,850792180,,,nan,,False,,1763.3524647131562,0.002569891040524062,0.002569891040524062,0.00019844850480740193,0.0022993219199953737,7.690364045109813e-13,0.07906013794074676,False,direct_vp,global_exact_spherical_vp,proposed_post_stage1,False,edcce750d22f85bd,jones_free,cpu,False,,numpy,numpy.linalg.solve,jones_free,False,,,0.0,0.0,0.0,0.0,True,6,4,nan,nan,"[0.0,0.0,0.0]",,"[2.039024016371158e-07,1.1934425024802916e-07,2.8199289813514686e-06]",jnpp_then_vp,[],3104135.7987537193,3096560,False,71438919.42537747,67.18212123832103,69.60122184710416,0.004785997853463999,"[5.0146655713923005,5.017396522345887,5.006157728292903]",245.540970467031,1650.3516685888171,1897.3185236155987,nan,nan,nan,nan,False,,nan,,,nan,nan,nan,,,,,,,,0.002569891040524062,0.00019844850480740193,0.07906013794074676,nan,nan,nan,False,not_run,not_requested
fig1_fig2,free_jones_vp_gated_rescue,89,850792180,10.0,snr_db,10.0,3,3,3,3,full_6d,850792180,,,nan,,False,,897.8595094904304,5.847157389627798e-05,5.847157389627798e-05,5.156789486137808e-07,4.517361970025855e-05,1.8404522273008897e-13,0.07891158407959206,False,ris_only_stage2_then_vp,global_exact_spherical_vp,proposed_post_stage1,False,edcce750d22f85bd,jones_free,cpu,False,,numpy,numpy.linalg.solve,jones_free,False,,,0.0,0.0,0.0,0.0,True,6,4,nan,nan,"[0.0,0.0,0.0]",,"[1.4047680226062658e-07,1.2331489593287175e-07,2.98368536751109e-06]",jnpp_then_vp,[],3104135.7987537193,3096560,False,71438919.42537747,67.18212123832103,69.60122184710416,0.004785997853463999,"[5.0146655713923005,5.017396522345887,5.006157728292903]",245.540970467031,26.67261517047882,276.152625374496,nan,nan,nan,nan,False,,nan,,,nan,nan,nan,,,,,,,,0.002569891040524062,0.00019844850480740193,0.07906013794074676,5.847157389627798e-05,5.156789486137808e-07,0.07891158407959206,True,accepted,accepted
fig1_fig2,PEB,89,850792180,10.0,snr_db,10.0,3,3,3,3,full_6d,850792180,,,nan,,False,,1.7294591814279556,nan,nan,nan,nan,nan,nan,False,,,peb_only,False,a732eeabf2e5cf15,,,,,,,adaptive_jones,True,fixed_anchor_then_adaptive_jones_score_selection,,nan,nan,nan,nan,True,,,nan,nan,,,,,[],nan,,,nan,nan,nan,nan,,nan,nan,nan,0.00012201386586936464,nan,nan,0.00012201386586936464,False,2d81d18bd4ebd93cb30153245eac7dedb296bdb9883caf62dadd0506edd2daa4,0.07886759522643855,computed_unscaled,cpu,nan,nan,nan,,,,,,,,nan,nan,nan,nan,nan,nan,False,,
fig1_fig2,free_jones_vp,78,3639033133,10.0,snr_db,10.0,3,3,3,3,full_6d,3639033133,,,nan,,False,,2373.4098155349493,0.0012763499772882,0.0012763499772882,9.19798279957589e-05,0.0010109817360107812,1.0739804944514533e-12,0.017210505084383362,False,direct_vp,global_exact_spherical_vp,proposed_post_stage1,False,0b47d455aeb69afe,jones_free,cpu,False,,numpy,numpy.linalg.solve,jones_free,False,,,0.0,0.0,0.0,0.0,True,6,4,nan,nan,"[0.0,0.0,0.0]",,"[5.74803646349936e-07,4.399874975924797e-08,1.8849125069206403e-06]",jnpp_then_vp,[],3100907.740231035,3096560,False,52126750.165045105,93.75651361842814,38.98811896301406,0.009970448908384595,"[4.982870433474657,4.992599335092161,5.007134773108963]",237.07610706984997,2214.460853330791,2453.023856513202,nan,nan,nan,nan,False,,nan,,,nan,nan,nan,,,,,,,,0.0012763499772882,9.19798279957589e-05,0.017210505084383362,nan,nan,nan,False,not_run,not_requested
fig1_fig2,free_jones_vp_gated_rescue,78,3639033133,10.0,snr_db,10.0,3,3,3,3,full_6d,3639033133,,,nan,,False,,1312.5291476026177,0.0012763499772882,0.0012763499772882,9.19798279957589e-05,0.0010109817360107812,1.0739804944514533e-12,0.017210505084383362,False,direct_vp_rollback,global_exact_spherical_vp,proposed_post_stage1,False,0b47d455aeb69afe,jones_free,cpu,False,,numpy,numpy.linalg.solve,jones_free,False,,,0.0,0.0,0.0,0.0,True,6,4,nan,nan,"[0.0,0.0,0.0]",,"[5.74803646349936e-07,4.399874975924797e-08,1.8849125069206403e-06]",jnpp_then_vp,[],3100907.740231035,3096560,False,52126750.165045105,93.75651361842814,38.98811896301406,0.009970448908384595,"[4.982870433474657,4.992599335092161,5.007134773108963]",237.07610706984997,1148.2768890112638,1386.839892193675,nan,nan,nan,nan,False,,nan,,,nan,nan,nan,,,,,,,,0.0012763499772882,9.19798279957589e-05,0.017210505084383362,0.00017684924100437883,4.6327362595714036e-07,0.017195401641095107,True,rollback,existing_selector_rollback
fig1_fig2,PEB,78,3639033133,10.0,snr_db,10.0,3,3,3,3,full_6d,3639033133,,,nan,,False,,1.690412737429142,nan,nan,nan,nan,nan,nan,False,,,peb_only,False,b6464eeaa0bbfb43,,,,,,,adaptive_jones,True,fixed_anchor_then_adaptive_jones_score_selection,,nan,nan,nan,nan,True,,,nan,nan,,,,,[],nan,,,nan,nan,nan,nan,,nan,nan,nan,0.0001399627222879157,nan,nan,0.0001399627222879157,False,775d9f1d6241dae7442a88dca0b3fa5d7751717fd8d49705eaa3b8cfda4ebb75,0.017186463273560285,computed_unscaled,cpu,nan,nan,nan,,,,,,,,nan,nan,nan,nan,nan,nan,False,,
fig1_fig2,free_jones_vp,93,3741086398,10.0,snr_db,10.0,3,3,3,3,full_6d,3741086398,,,nan,,False,,1410.4174596071243,0.023163513122864736,0.023163513122864736,0.00270317094034271,0.0004303703464285527,1.6461366903353554e-12,0.015267091365156553,False,direct_vp,global_exact_spherical_vp,proposed_post_stage1,False,ca393080eee92753,jones_free,cpu,False,,numpy,numpy.linalg.solve,jones_free,False,,,0.0,0.0,0.0,0.0,True,6,4,nan,nan,"[0.0,0.0,0.0]",,"[2.6076468058194906e-07,2.6162584229986506e-06,6.757681726276822e-07]",jnpp_then_vp,[],3180222.781716312,3096560,False,90376661.31920764,75.64718140613337,59.02839958581446,0.024299434330159686,"[5.033156052122761,4.974207174703025,4.996550436955912]",240.336026661098,1404.0207956209779,1645.7518008202314,nan,nan,nan,nan,False,,nan,,,nan,nan,nan,,,,,,,,0.023163513122864736,0.00270317094034271,0.015267091365156553,nan,nan,nan,False,not_run,not_requested
fig1_fig2,free_jones_vp_gated_rescue,93,3741086398,10.0,snr_db,10.0,3,3,3,3,full_6d,3741086398,,,nan,,False,,796.1114971786737,8.273379434288027e-05,8.273379434288027e-05,7.786738952554965e-07,4.163034312784201e-05,2.727596396365959e-13,0.014866791212201781,False,ris_only_stage2_then_vp,global_exact_spherical_vp,proposed_post_stage1,False,ca393080eee92753,jones_free,cpu,False,,numpy,numpy.linalg.solve,jones_free,False,,,0.0,0.0,0.0,0.0,True,6,4,nan,nan,"[0.0,0.0,0.0]",,"[3.343084545583807e-07,6.66897637859514e-07,5.863812109087702e-07]",jnpp_then_vp,[],3180222.781716312,3096560,False,90376661.31920764,75.64718140613337,59.02839958581446,0.024299434330159686,"[5.033156052122761,4.974207174703025,4.996550436955912]",240.336026661098,39.551089823246,285.1515323743224,nan,nan,nan,nan,False,,nan,,,nan,nan,nan,,,,,,,,0.023163513122864736,0.00270317094034271,0.015267091365156553,8.273379434288027e-05,7.786738952554965e-07,0.014866791212201781,True,accepted,accepted
fig1_fig2,PEB,93,3741086398,10.0,snr_db,10.0,3,3,3,3,full_6d,3741086398,,,nan,,False,,1.6293270140886307,nan,nan,nan,nan,nan,nan,False,,,peb_only,False,f576172fe9b385b9,,,,,,,adaptive_jones,True,fixed_anchor_then_adaptive_jones_score_selection,,nan,nan,nan,nan,True,,,nan,nan,,,,,[],nan,,,nan,nan,nan,nan,,nan,nan,nan,9.559987279309041e-05,nan,nan,9.559987279309041e-05,False,c0a81a3b83197cd9cfba67cbec7ea74e0bc1c6abbc0cc35f29e15ac8d0f81a14,0.014865533629577085,computed_unscaled,cpu,nan,nan,nan,,,,,,,,nan,nan,nan,nan,nan,nan,False,,
fig1_fig2,free_jones_vp,97,3282133633,10.0,snr_db,10.0,3,3,3,3,full_6d,3282133633,,,nan,,False,,1276.5369398221374,0.007860430489728664,0.007860430489728664,0.0006741767122531776,0.004767127612330604,3.263464929939548e-12,0.07073232843584437,False,direct_vp,global_exact_spherical_vp,proposed_post_stage1,False,0ba409df68ef65c3,jones_free,cpu,False,,numpy,numpy.linalg.solve,jones_free,False,,,0.0,0.0,0.0,0.0,True,6,4,nan,nan,"[0.0,0.0,0.0]",,"[2.9462013786471524e-08,1.9861575126692928e-09,9.908994278469242e-08]",jnpp_then_vp,[],3120712.342413787,3096560,False,62681446.409900084,79.63299512883428,58.03213927405422,0.00515983305777345,"[4.995472327822391,4.996255743425544,5.006788647393864]",243.35350263863802,1272.0603962764144,1516.8858058825135,nan,nan,nan,nan,False,,nan,,,nan,nan,nan,,,,,,,,0.007860430489728664,0.0006741767122531776,0.07073232843584437,nan,nan,nan,False,not_run,not_requested
fig1_fig2,free_jones_vp_gated_rescue,97,3282133633,10.0,snr_db,10.0,3,3,3,3,full_6d,3282133633,,,nan,,False,,606.8369264304638,9.35822016668218e-05,9.35822016668218e-05,8.058829381976451e-07,8.343782625297902e-05,5.362549572398285e-14,0.07026152987342642,False,ris_only_stage2_then_vp,global_exact_spherical_vp,proposed_post_stage1,False,0ba409df68ef65c3,jones_free,cpu,False,,numpy,numpy.linalg.solve,jones_free,False,,,0.0,0.0,0.0,0.0,True,6,4,nan,nan,"[0.0,0.0,0.0]",,"[5.270277426847031e-08,7.589815526568996e-08,5.7592969434579146e-08]",jnpp_then_vp,[],3120712.342413787,3096560,False,62681446.409900084,79.63299512883428,58.03213927405422,0.00515983305777345,"[4.995472327822391,4.996255743425544,5.006788647393864]",243.35350263863802,25.240861751139164,272.1009810268879,nan,nan,nan,nan,False,,nan,,,nan,nan,nan,,,,,,,,0.007860430489728664,0.0006741767122531776,0.07073232843584437,9.35822016668218e-05,8.058829381976451e-07,0.07026152987342642,True,accepted,accepted
fig1_fig2,PEB,97,3282133633,10.0,snr_db,10.0,3,3,3,3,full_6d,3282133633,,,nan,,False,,1.4906603544950485,nan,nan,nan,nan,nan,nan,False,,,peb_only,False,a15ecd88d4eb09b2,,,,,,,adaptive_jones,True,fixed_anchor_then_adaptive_jones_score_selection,,nan,nan,nan,nan,True,,,nan,nan,,,,,[],nan,,,nan,nan,nan,nan,,nan,nan,nan,0.00013156566578226964,nan,nan,0.00013156566578226964,False,24b4c0c43abb3ffb56c03672c2214df89870406be71e68db762cb0e41861c3ab,0.07018526753707166,computed_unscaled,cpu,nan,nan,nan,,,,,,,,nan,nan,nan,nan,nan,nan,False,,
fig1_fig2,free_jones_vp,99,791425146,10.0,snr_db,10.0,3,3,3,3,full_6d,791425146,,,nan,,False,,1121.983599551022,0.0013219726869761457,0.0013219726869761457,2.2278002086703564e-05,0.0010405772163019412,8.02086026340554e-13,0.048828281834578685,False,direct_vp,global_exact_spherical_vp,proposed_post_stage1,False,3200d91a02a7233e,jones_free,cpu,False,,numpy,numpy.linalg.solve,jones_free,False,,,0.0,0.0,0.0,0.0,True,6,4,nan,nan,"[0.0,0.0,0.0]",,"[5.348581745271258e-06,7.458729161922804e-08,3.1875763619808357e-06]",jnpp_then_vp,[],3100912.2490623505,3096560,False,67050341.52878345,92.99422615621053,30.984830534760885,0.024698547982263768,"[5.010851663618577,4.99686669931314,5.054833663375698]",225.3425099104643,933.0282678231597,1159.8313872888684,nan,nan,nan,nan,False,,nan,,,nan,nan,nan,,,,,,,,0.0013219726869761457,2.2278002086703564e-05,0.048828281834578685,nan,nan,nan,False,not_run,not_requested
fig1_fig2,free_jones_vp_gated_rescue,99,791425146,10.0,snr_db,10.0,3,3,3,3,full_6d,791425146,,,nan,,False,,542.2608382925391,0.0013219726869761457,0.0013219726869761457,2.2278002086703564e-05,0.0010405772163019412,8.02086026340554e-13,0.048828281834578685,False,direct_vp_rollback,global_exact_spherical_vp,proposed_post_stage1,False,3200d91a02a7233e,jones_free,cpu,False,,numpy,numpy.linalg.solve,jones_free,False,,,0.0,0.0,0.0,0.0,True,6,4,nan,nan,"[0.0,0.0,0.0]",,"[5.348581745271258e-06,7.458729161922804e-08,3.1875763619808357e-06]",jnpp_then_vp,[],3100912.2490623505,3096560,False,67050341.52878345,92.99422615621053,30.984830534760885,0.024698547982263768,"[5.010851663618577,4.99686669931314,5.054833663375698]",225.3425099104643,440.5550057217479,667.3581251874566,nan,nan,nan,nan,False,,nan,,,nan,nan,nan,,,,,,,,0.0013219726869761457,2.2278002086703564e-05,0.048828281834578685,0.00013662325101368832,2.9759421510645155e-07,0.048816925588609936,True,rollback,existing_selector_rollback
fig1_fig2,PEB,99,791425146,10.0,snr_db,10.0,3,3,3,3,full_6d,791425146,,,nan,,False,,1.200663961470127,nan,nan,nan,nan,nan,nan,False,,,peb_only,False,96643b6c934d033b,,,,,,,adaptive_jones,True,fixed_anchor_then_adaptive_jones_score_selection,,nan,nan,nan,nan,True,,,nan,nan,,,,,[],nan,,,nan,nan,nan,nan,,nan,nan,nan,0.0001276497340717205,nan,nan,0.0001276497340717205,False,e87830ebc0416602d2d1d8939341d7618b51ba4eed304ffbe1d9772aa1babc70,0.04876000141439414,computed_unscaled,cpu,nan,nan,nan,,,,,,,,nan,nan,nan,nan,nan,nan,False,,
fig1_fig2,free_jones_vp,87,3576217426,10.0,snr_db,10.0,3,3,3,3,full_6d,3576217426,,,nan,,False,,2228.2666433006525,0.0032876890963259692,0.0032876890963259692,0.000468943434518632,0.0027801758638934223,1.081190910744454e-12,0.006652813895233754,False,direct_vp,global_exact_spherical_vp,proposed_post_stage1,False,95c1e6e0b6af2e9c,jones_free,cpu,False,,numpy,numpy.linalg.solve,jones_free,False,,,0.0,0.0,0.0,0.0,True,6,4,nan,nan,"[0.0,0.0,0.0]",,"[3.8313829190735e-07,1.1372952424055816e-07,1.4411807879079132e-07]",jnpp_then_vp,[],3109133.795108937,3096560,False,45939173.33033871,103.49936864590664,48.11006234559785,0.030525970302326098,"[4.995469863779374,5.000124715422415,4.933167527492566]",232.53793182969093,2020.5553182214499,2254.4508958011866,nan,nan,nan,nan,False,,nan,,,nan,nan,nan,,,,,,,,0.0032876890963259692,0.000468943434518632,0.006652813895233754,nan,nan,nan,False,not_run,not_requested
fig1_fig2,free_jones_vp_gated_rescue,87,3576217426,10.0,snr_db,10.0,3,3,3,3,full_6d,3576217426,,,nan,,False,,835.7178301885724,0.00034685100001806754,0.00034685100001806754,1.3841961041010102e-06,8.753774665624699e-05,1.6914731293754505e-13,0.00662075847301329,False,ris_only_stage2_then_vp,global_exact_spherical_vp,proposed_post_stage1,False,95c1e6e0b6af2e9c,jones_free,cpu,False,,numpy,numpy.linalg.solve,jones_free,False,,,0.0,0.0,0.0,0.0,True,6,4,nan,nan,"[0.0,0.0,0.0]",,"[3.963983607898569e-07,1.577448960053182e-07,1.4836828662329478e-07]",jnpp_then_vp,[],3109133.795108937,3096560,False,45939173.33033871,103.49936864590664,48.11006234559785,0.030525970302326098,"[4.995469863779374,5.000124715422415,4.933167527492566]",232.53793182969093,8.564362742006779,244.4759457334876,nan,nan,nan,nan,False,,nan,,,nan,nan,nan,,,,,,,,0.0032876890963259692,0.000468943434518632,0.006652813895233754,0.00034685100001806754,1.3841961041010102e-06,0.00662075847301329,True,accepted,accepted
fig1_fig2,PEB,87,3576217426,10.0,snr_db,10.0,3,3,3,3,full_6d,3576217426,,,nan,,False,,1.241741582751274,nan,nan,nan,nan,nan,nan,False,,,peb_only,False,ac6b18ea319b7a50,,,,,,,adaptive_jones,True,fixed_anchor_then_adaptive_jones_score_selection,,nan,nan,nan,nan,True,,,nan,nan,,,,,[],nan,,,nan,nan,nan,nan,,nan,nan,nan,0.00015009962123042143,nan,nan,0.00015009962123042143,False,66c908d686e5b626f41743ba5f1b64294d5b4f17110f5310f3926b121f412ca0,0.0066259431719713265,computed_unscaled,cpu,nan,nan,nan,,,,,,,,nan,nan,nan,nan,nan,nan,False,,
