figure,variant,trial_id,seed,snr_db,x_name,x_value,K,paper_k,effective_K,num_ris_paths,receiver_mode,config_seed,nested_receiver_noise_convention,reference_receiver_mode,reference_sigma2,nested_base_y_noisy_hash,failed,error,runtime_s,position_rmse_m,position_error_m,y_nmse,range_rmse_m,tau_rmse_s,raw_objective_final,outlier_flag,selected_branch,final_refinement_method,final_runner_name,used_main_single_proposed_path,variant_config_hash,global_vp_mode,global_vp_backend,global_vp_gpu_used,global_vp_gpu_device,global_vp_objective_backend,global_vp_linear_solve_backend,jones_mode,adaptive_enabled,adaptive_policy_name,selected_vp_family_branch,lambda_path_min,lambda_path_max,lambda_path_mean,lambda_clipped_fraction,used_stage1_regularizer,linear_nuisance_dim,nonlinear_dim,fixed_pol_score,jones_score,lambda_jones_per_path,snr_eff_per_path,jones_leakage_per_path,reliability_decision,trigger_reasons,gof_stat,gof_dof,gof_pass,data_only_scaled_efim_lambda_min,data_only_scaled_efim_condition_number,stage1_assignment_margin,stage1_selected_clock_std_ns,delta_t_k_ns,stage1_runtime_s,global_vp_runtime_s,total_runtime_s,peb_position_m,peb_scalar_m,peb_dual_m,peb_evs_m,efim_unscaled_cache_hit,efim_unscaled_cache_key,efim_sigma2,efim_reuse_mode,peb_backend,rss_mb_before,rss_mb_after,rss_mb_delta,warning,debug_main_position_error_m,debug_main_y_nmse,debug_main_raw_objective,debug_main_global_vp_mode,debug_main_adaptive_enabled,debug_config_diff_summary,direct_candidate_position_error_m,direct_candidate_y_nmse,direct_candidate_raw_objective,rescue_candidate_position_error_m,rescue_candidate_y_nmse,rescue_candidate_raw_objective,rescue_candidate_available,rescue_accept_decision,rescue_reject_reason
fig2,adaptive_jones_vp_proposed,22,3206710796,-10.0,snr_db,-10.0,3,3,3,3,full_6d,3206710796,,,nan,,False,,166.5243218690157,0.0006275205218457333,0.0006275205218457333,5.039083719052071e-05,0.00020321117393683465,3.3999960302632426e-12,1.0713587781139395,False,direct_vp,global_exact_spherical_vp,main_single_proposed,True,268d8d0ec1a9f87c,adaptive_jones,cpu,False,,numpy,numpy.linalg.solve,fixed_pol_anchor,True,fixed_anchor_then_adaptive_jones_score_selection,fixed_pol_anchor,21.9133072130987,70.89377529690601,39.15449335479361,0.0,True,3,4,3096725.458075429,3097226.31884161,"[24.656397554376113,21.9133072130987,70.89377529690601]","[0.04055742521874854,0.04563437140060427,0.01410561076400665]","[1.2161399022676934e-07,4.064130062496932e-08,1.0459610885364829e-07]",direct_vp,"[""poor_clock_consistency""]",3093207.378486958,3096560,True,568962.3502140029,85.35874101011383,5.1510134090644835,0.1341137995444044,"[4.744358306822575,4.697609656014125,5.002586934639294]",146.73266642540693,158.52858151495457,306.6087000221014,nan,nan,nan,nan,False,,nan,,,nan,nan,nan,,,,,,,,0.0006275205218457333,5.039083719052071e-05,1.0713587781139395,nan,nan,nan,False,not_run,not_requested
fig2,PEB,22,3206710796,-10.0,snr_db,-10.0,3,3,3,3,full_6d,3206710796,,,nan,,False,,5.766055338084698,nan,nan,nan,nan,nan,nan,False,,,peb_only,False,c3a0f04bea492344,,,,,,,adaptive_jones,True,fixed_anchor_then_adaptive_jones_score_selection,,nan,nan,nan,nan,True,,,nan,nan,,,,,[],nan,,,nan,nan,nan,nan,,nan,nan,nan,0.0013433830462335197,nan,nan,0.0013433830462335197,False,c84ba72aa3a760a0760b6b67e247dbffd03ad56315a9283ecceeafa1a6824f29,1.0725255289283988,computed_unscaled,cpu,nan,nan,nan,,,,,,,,nan,nan,nan,nan,nan,nan,False,,
fig2,adaptive_jones_vp_proposed,18,3644258948,-10.0,snr_db,-10.0,3,3,3,3,full_6d,3644258948,,,nan,,False,,172.3071387782693,0.0005109416425222073,0.0005109416425222073,3.669779245869093e-05,0.00042224513391124095,4.836966417631606e-12,4.394780839674873,False,direct_vp,global_exact_spherical_vp,main_single_proposed,True,48cc01dc498f6cb9,adaptive_jones,cpu,False,,numpy,numpy.linalg.solve,fixed_pol_anchor,True,fixed_anchor_then_adaptive_jones_score_selection,fixed_pol_anchor,13.327460469389017,108.1992259288262,61.86052043056665,0.0,True,3,4,3096725.458075429,3115124.3985791355,"[64.05487489348474,108.1992259288262,13.327460469389017]","[0.015611614285389213,0.009242210295936904,0.07503304941579139]","[9.38169346566782e-09,5.6762266114802215e-09,5.038751077321297e-08]",direct_vp,"[""poor_clock_consistency""]",3093957.5426974483,3096560,True,808336.2057136612,80.65498606378686,4.318604922964898,0.3474618855051604,"[5.534083019249057,5.7706375612544525,4.944323998846386]",141.1226139292121,165.14180625230074,307.6298120766878,nan,nan,nan,nan,False,,nan,,,nan,nan,nan,,,,,,,,0.0005109416425222073,3.669779245869093e-05,4.394780839674873,nan,nan,nan,False,not_run,not_requested
fig2,PEB,18,3644258948,-10.0,snr_db,-10.0,3,3,3,3,full_6d,3644258948,,,nan,,False,,5.668351888656616,nan,nan,nan,nan,nan,nan,False,,,peb_only,False,0bb1ba013c7e0e0e,,,,,,,adaptive_jones,True,fixed_anchor_then_adaptive_jones_score_selection,,nan,nan,nan,nan,True,,,nan,nan,,,,,[],nan,,,nan,nan,nan,nan,,nan,nan,nan,0.0010552850122600296,nan,nan,0.0010552850122600296,False,10eabe3ea0bf687d98504e31e23e6506b4b182585a8f16e7a2bae8ed9d09e41a,4.398500200986058,computed_unscaled,cpu,nan,nan,nan,,,,,,,,nan,nan,nan,nan,nan,nan,False,,
fig2,adaptive_jones_vp_proposed,0,3147786918,-10.0,snr_db,-10.0,3,3,3,3,full_6d,3147786918,,,nan,,False,,178.92336106300354,0.0011793780217935037,0.0011793780217935037,2.597259984423452e-05,0.00017953408625465925,9.97677229235916e-13,3.9631128937020983,False,direct_vp,global_exact_spherical_vp,main_single_proposed,True,d953ad9c72e33aa9,adaptive_jones,cpu,False,,numpy,numpy.linalg.solve,fixed_pol_anchor,True,fixed_anchor_then_adaptive_jones_score_selection,fixed_pol_anchor,18.799690678638335,72.09819048264322,40.34455220415351,0.0,True,3,4,3096725.458075429,3108684.632149062,"[72.09819048264322,18.799690678638335,30.135775451178954]","[0.013869973618389769,0.05319236454871451,0.033183151420473664]","[1.198211758969025e-08,2.4889750991742335e-08,7.127068433287121e-08]",direct_vp,"[""poor_clock_consistency""]",3095469.812331075,3096560,True,826432.8294771122,69.53545334479595,4.805719130033151,0.12792345090570606,"[5.122357217275852,4.813876383633271,4.920477286721791]",146.1307439878583,171.85295360535383,319.34233293682337,nan,nan,nan,nan,False,,nan,,,nan,nan,nan,,,,,,,,0.0011793780217935037,2.597259984423452e-05,3.9631128937020983,nan,nan,nan,False,not_run,not_requested
fig2,PEB,0,3147786918,-10.0,snr_db,-10.0,3,3,3,3,full_6d,3147786918,,,nan,,False,,0.013493567705154419,nan,nan,nan,nan,nan,nan,False,,,peb_only,False,7c35f57cd3300be8,,,,,,,adaptive_jones,True,fixed_anchor_then_adaptive_jones_score_selection,,nan,nan,nan,nan,True,,,nan,nan,,,,,[],nan,,,nan,nan,nan,nan,,nan,nan,nan,0.0011293166086880355,nan,nan,0.0011293166086880355,False,7c738a48c71d396c30709f16037cef480e872ff8eba0c095999cea8980974cb0,3.964529139661309,computed_unscaled,cpu,nan,nan,nan,,,,,,,,nan,nan,nan,nan,nan,nan,False,,
fig2,adaptive_jones_vp_proposed,6,1919806993,-10.0,snr_db,-10.0,3,3,3,3,full_6d,1919806993,,,nan,,False,,187.44126706570387,0.00034925319524521545,0.00034925319524521545,2.2952432280146276e-05,9.314793731984492e-05,1.034400891989316e-12,4.1980149611106885,False,direct_vp,global_exact_spherical_vp,main_single_proposed,True,2f84b1358a24ed65,adaptive_jones,cpu,False,,numpy,numpy.linalg.solve,fixed_pol_anchor,True,fixed_anchor_then_adaptive_jones_score_selection,fixed_pol_anchor,17.958154238968135,237.33378528659742,93.37788542937398,0.0,True,3,4,3096725.458075429,3098841.262582036,"[24.84171676255641,237.33378528659742,17.958154238968135]","[0.04025486682476169,0.0042134751213574375,0.0556850100892942]","[1.485598027937573e-07,1.8487089021006897e-09,1.5944869911557684e-09]",direct_vp,"[""poor_clock_consistency""]",3095354.4728945806,3096560,True,824738.3233424108,72.27160616664234,6.291810883308423,0.1998530370312875,"[5.350353105940195,5.042950712439933,4.866707383245833]",141.32554855197668,179.79867523163557,322.49615037441254,nan,nan,nan,nan,False,,nan,,,nan,nan,nan,,,,,,,,0.00034925319524521545,2.2952432280146276e-05,4.1980149611106885,nan,nan,nan,False,not_run,not_requested
fig2,PEB,6,1919806993,-10.0,snr_db,-10.0,3,3,3,3,full_6d,1919806993,,,nan,,False,,6.0678596422076225,nan,nan,nan,nan,nan,nan,False,,,peb_only,False,144161a4c8e58153,,,,,,,adaptive_jones,True,fixed_anchor_then_adaptive_jones_score_selection,,nan,nan,nan,nan,True,,,nan,nan,,,,,[],nan,,,nan,nan,nan,nan,,nan,nan,nan,0.001115990090586808,nan,nan,0.001115990090586808,False,231b7c2941d5d9c02809f94febabb8d0e1f1d4a2d4bfefa1b397f685379809da,4.199671633749915,computed_unscaled,cpu,nan,nan,nan,,,,,,,,nan,nan,nan,nan,nan,nan,False,,
fig2,adaptive_jones_vp_proposed,15,2734808712,-10.0,snr_db,-10.0,3,3,3,3,full_6d,2734808712,,,nan,,False,,224.82892002165318,0.0012986535978252286,0.0012986535978252286,4.771841191935227e-05,0.0005532286580691547,5.13217638029313e-12,1.1545138876721155,False,direct_vp,global_exact_spherical_vp,main_single_proposed,True,6d51e8dd8230df4a,adaptive_jones,cpu,False,,numpy,numpy.linalg.solve,fixed_pol_anchor,True,fixed_anchor_then_adaptive_jones_score_selection,fixed_pol_anchor,20.304042823775145,110.47903150667086,51.731310845716585,0.0,True,3,4,3096725.458075429,3098074.954721978,"[110.47903150667086,20.304042823775145,24.410858206703747]","[0.009051491366749894,0.04925127516027201,0.040965376616745396]","[1.5220816421892127e-09,1.9448150024322034e-09,2.5277090465663524e-07]",direct_vp,"[""poor_clock_consistency""]",3099367.463601194,3096560,True,865621.1124929201,70.1321193727963,3.2330095879294642,0.4850013372432719,"[4.115175928296944,5.173599492841447,5.1116381847130015]",145.51987124234438,216.1072169020772,363.10259092599154,nan,nan,nan,nan,False,,nan,,,nan,nan,nan,,,,,,,,0.0012986535978252286,4.771841191935227e-05,1.1545138876721155,nan,nan,nan,False,not_run,not_requested
fig2,PEB,15,2734808712,-10.0,snr_db,-10.0,3,3,3,3,full_6d,2734808712,,,nan,,False,,5.459362059831619,nan,nan,nan,nan,nan,nan,False,,,peb_only,False,b696117a0ef032f2,,,,,,,adaptive_jones,True,fixed_anchor_then_adaptive_jones_score_selection,,nan,nan,nan,nan,True,,,nan,nan,,,,,[],nan,,,nan,nan,nan,nan,,nan,nan,nan,0.0010946639617456621,nan,nan,0.0010946639617456621,False,3745774ba39f0b3a489ec82705d3e30e7ac3ac0889ba9ff94e26de5537c07034,1.1534740679242612,computed_unscaled,cpu,nan,nan,nan,,,,,,,,nan,nan,nan,nan,nan,nan,False,,
fig2,adaptive_jones_vp_proposed,7,1914929603,-10.0,snr_db,-10.0,3,3,3,3,full_6d,1914929603,,,nan,,False,,238.66450463235378,0.0013217136597437618,0.0013217136597437618,5.38317513114108e-05,0.0007368916405664979,6.35718769964286e-13,7.354901825245583,False,direct_vp,global_exact_spherical_vp,main_single_proposed,True,250b7d1a159face6,adaptive_jones,cpu,False,,numpy,numpy.linalg.solve,fixed_pol_anchor,True,fixed_anchor_then_adaptive_jones_score_selection,fixed_pol_anchor,13.703583213852415,146.96179074553734,69.80068405944975,0.0,True,3,4,3096725.458075429,3098466.39793638,"[146.96179074553734,48.73667821895946,13.703583213852415]","[0.006804489757371878,0.020518427527181058,0.07297361459267351]","[1.7391447721976252e-10,8.996755877048141e-09,1.5936947852717639e-06]",direct_vp,"[""poor_clock_consistency""]",3093952.9768130393,3096560,True,811837.3107728121,85.06207352018464,3.5188751554806053,0.6663283852292919,"[3.53783289203655,5.006869749763629,4.888321173498212]",139.90413811057806,231.70215752720833,373.0877845659852,nan,nan,nan,nan,False,,nan,,,nan,nan,nan,,,,,,,,0.0013217136597437618,5.38317513114108e-05,7.354901825245583,nan,nan,nan,False,not_run,not_requested
fig2,PEB,7,1914929603,-10.0,snr_db,-10.0,3,3,3,3,full_6d,1914929603,,,nan,,False,,4.775698892772198,nan,nan,nan,nan,nan,nan,False,,,peb_only,False,1e8086bd78e63e41,,,,,,,adaptive_jones,True,fixed_anchor_then_adaptive_jones_score_selection,,nan,nan,nan,nan,True,,,nan,nan,,,,,[],nan,,,nan,nan,nan,nan,,nan,nan,nan,0.0010722217098529105,nan,nan,0.0010722217098529105,False,84f1975fc112e22552cd5389ecb9ea5e68088b810ed0a30ff85dfd5971674377,7.361137239348518,computed_unscaled,cpu,nan,nan,nan,,,,,,,,nan,nan,nan,nan,nan,nan,False,,
fig2,adaptive_jones_vp_proposed,13,634888206,-10.0,snr_db,-10.0,3,3,3,3,full_6d,634888206,,,nan,,False,,235.06254923343658,0.001585644866875988,0.001585644866875988,4.152812554945881e-05,0.0004159196289447205,2.2175506221598482e-12,2.044646807993855,False,direct_vp,global_exact_spherical_vp,main_single_proposed,True,5e207c515f1f238e,adaptive_jones,cpu,False,,numpy,numpy.linalg.solve,fixed_pol_anchor,True,fixed_anchor_then_adaptive_jones_score_selection,fixed_pol_anchor,17.021815093784255,255.36684854820933,99.83758541110676,0.0,True,3,4,3096725.458075429,3220970.603099809,"[17.021815093784255,255.36684854820933,27.124092591326626]","[0.0587481413981604,0.003915935077046026,0.036867592772214706]","[2.0685264567592466e-07,1.694592789275611e-11,5.847293939235442e-06]",direct_vp,"[""poor_clock_consistency""]",3095179.6020236453,3096560,True,754056.0612063741,80.41011790478002,3.777900228586787,0.254023012811823,"[4.984992596649547,5.606578213284745,5.32024149960959]",143.9212045967579,228.93274984508753,374.32457312196493,nan,nan,nan,nan,False,,nan,,,nan,nan,nan,,,,,,,,0.001585644866875988,4.152812554945881e-05,2.044646807993855,nan,nan,nan,False,not_run,not_requested
fig2,PEB,13,634888206,-10.0,snr_db,-10.0,3,3,3,3,full_6d,634888206,,,nan,,False,,4.891176879405975,nan,nan,nan,nan,nan,nan,False,,,peb_only,False,44f0f5d9b6493b73,,,,,,,adaptive_jones,True,fixed_anchor_then_adaptive_jones_score_selection,,nan,nan,nan,nan,True,,,nan,nan,,,,,[],nan,,,nan,nan,nan,nan,,nan,nan,nan,0.0011789249478039749,nan,nan,0.0011789249478039749,False,11da97468c8b90c59dcc518746f48f2217739b6c2c3deec78f2d1177de9045c5,2.0455692554871043,computed_unscaled,cpu,nan,nan,nan,,,,,,,,nan,nan,nan,nan,nan,nan,False,,
fig2,adaptive_jones_vp_proposed,2,3251202663,-10.0,snr_db,-10.0,3,3,3,3,full_6d,3251202663,,,nan,,False,,240.86581125855446,0.00047215011796076226,0.00047215011796076226,8.112450985233215e-05,0.0003619740196200444,6.643604013330669e-13,2.2850568427675846,False,direct_vp,global_exact_spherical_vp,main_single_proposed,True,c0dd9a20fcd8c931,adaptive_jones,cpu,False,,numpy,numpy.linalg.solve,fixed_pol_anchor,True,fixed_anchor_then_adaptive_jones_score_selection,fixed_pol_anchor,21.58204684582606,60.34948672671642,36.18503304603136,0.0,True,3,4,3096725.458075429,3096784.8321014745,"[60.34948672671642,21.58204684582606,26.62356556555159]","[0.016570149212171436,0.04633480814503082,0.037560709045946994]","[6.991644446667323e-10,2.849849533954883e-08,2.0367643810914504e-07]",direct_vp,"[""poor_clock_consistency""]",3093867.613746271,3096560,True,845274.8740580764,73.8959645852695,6.871469445509129,0.12318759252972643,"[4.774327958837444,5.03317439125752,5.038053880185031]",146.51314413547516,232.6981563270092,380.60006895661354,nan,nan,nan,nan,False,,nan,,,nan,nan,nan,,,,,,,,0.00047215011796076226,8.112450985233215e-05,2.2850568427675846,nan,nan,nan,False,not_run,not_requested
fig2,PEB,2,3251202663,-10.0,snr_db,-10.0,3,3,3,3,full_6d,3251202663,,,nan,,False,,0.07018521428108215,nan,nan,nan,nan,nan,nan,False,,,peb_only,False,9be9aa5c4a794bf3,,,,,,,adaptive_jones,True,fixed_anchor_then_adaptive_jones_score_selection,,nan,nan,nan,nan,True,,,nan,nan,,,,,[],nan,,,nan,nan,nan,nan,,nan,nan,nan,0.0011044035239813745,nan,nan,0.0011044035239813745,False,ba669d51e548d5d57a5c08da45514e8eda76ee1a2847f0b8bc91639b42fa1215,2.287057192270079,computed_unscaled,cpu,nan,nan,nan,,,,,,,,nan,nan,nan,nan,nan,nan,False,,
fig2,adaptive_jones_vp_proposed,20,3607282624,-10.0,snr_db,-10.0,3,3,3,3,full_6d,3607282624,,,nan,,False,,246.7751949802041,0.00042725634295734773,0.00042725634295734773,6.764497527645972e-05,0.0003757691715787347,7.319965467738827e-13,5.7181199546044335,False,direct_vp,global_exact_spherical_vp,main_single_proposed,True,82d8cbab995fc798,adaptive_jones,cpu,False,,numpy,numpy.linalg.solve,fixed_pol_anchor,True,fixed_anchor_then_adaptive_jones_score_selection,fixed_pol_anchor,15.830716740072587,79.33591914359307,46.00453888282842,0.0,True,3,4,3096725.458075429,3096751.8641540976,"[42.84698076481959,79.33591914359307,15.830716740072587]","[0.023338867339241415,0.01260463117734511,0.06316833384131311]","[8.272054594313156e-08,3.4462097067413087e-09,6.171190047458712e-08]",direct_vp,"[""poor_clock_consistency""]",3095256.847858486,3096560,True,856213.1432055569,65.48366769759068,4.777199863227197,0.14338315326445292,"[4.7420183311920985,5.077236011462667,5.0003801823285245]",141.01253578066826,238.90333580225706,381.28490820527077,nan,nan,nan,nan,False,,nan,,,nan,nan,nan,,,,,,,,0.00042725634295734773,6.764497527645972e-05,5.7181199546044335,nan,nan,nan,False,not_run,not_requested
fig2,PEB,20,3607282624,-10.0,snr_db,-10.0,3,3,3,3,full_6d,3607282624,,,nan,,False,,5.4474256336688995,nan,nan,nan,nan,nan,nan,False,,,peb_only,False,81ff883aa7b15a62,,,,,,,adaptive_jones,True,fixed_anchor_then_adaptive_jones_score_selection,,nan,nan,nan,nan,True,,,nan,nan,,,,,[],nan,,,nan,nan,nan,nan,,nan,nan,nan,0.00106757230283559,nan,nan,0.00106757230283559,False,614c1d5045ebcd05d85977496f662de337f9fdc3d750d62d2ed64ea91c25b070,5.720556931745366,computed_unscaled,cpu,nan,nan,nan,,,,,,,,nan,nan,nan,nan,nan,nan,False,,
fig2,adaptive_jones_vp_proposed,21,4000820147,-10.0,snr_db,-10.0,3,3,3,3,full_6d,4000820147,,,nan,,False,,250.2553374916315,0.0007149525444851274,0.0007149525444851274,3.0923162128665096e-05,0.00040661383496146217,3.932781754895203e-12,3.478441292620828,False,direct_vp,global_exact_spherical_vp,main_single_proposed,True,483c15ea8a933d46,adaptive_jones,cpu,False,,numpy,numpy.linalg.solve,fixed_pol_anchor,True,fixed_anchor_then_adaptive_jones_score_selection,fixed_pol_anchor,11.458518279832434,462.55187346650064,189.28924037542035,0.0,True,3,4,3096725.458075429,3133596.091423287,"[11.458518279832434,462.55187346650064,93.8573293799279]","[0.08727131864410353,0.002161919682744234,0.010654468931863729]","[3.180011525668673e-08,5.673162000356598e-08,4.445389513532841e-08]",direct_vp,"[""poor_clock_consistency""]",3096008.57670378,3096560,True,509999.4308941791,136.26239111677302,2.6224585582702016,0.3498883670278756,"[5.037410615917062,5.491546907391021,4.635019800488852]",142.55084244161844,244.40621065348387,388.4265377447009,nan,nan,nan,nan,False,,nan,,,nan,nan,nan,,,,,,,,0.0007149525444851274,3.0923162128665096e-05,3.478441292620828,nan,nan,nan,False,not_run,not_requested
fig2,PEB,21,4000820147,-10.0,snr_db,-10.0,3,3,3,3,full_6d,4000820147,,,nan,,False,,4.743783622980118,nan,nan,nan,nan,nan,nan,False,,,peb_only,False,db2bf89f2f5c43f7,,,,,,,adaptive_jones,True,fixed_anchor_then_adaptive_jones_score_selection,,nan,nan,nan,nan,True,,,nan,nan,,,,,[],nan,,,nan,nan,nan,nan,,nan,nan,nan,0.0014759415970070314,nan,nan,0.0014759415970070314,False,f7a047bb7013efbe33f31c7f789c22a5d5f4d1899bcaccc54b42258dbd7f4038,3.4790788065601688,computed_unscaled,cpu,nan,nan,nan,,,,,,,,nan,nan,nan,nan,nan,nan,False,,
fig2,adaptive_jones_vp_proposed,23,2043173887,-10.0,snr_db,-10.0,3,3,3,3,full_6d,2043173887,,,nan,,False,,273.77386732399464,0.0016639732759041273,0.0016639732759041273,5.141619117803837e-05,0.00012502959992252336,4.5232943469984507e-13,3.2753090571116195,False,direct_vp,global_exact_spherical_vp,main_single_proposed,True,cda8095e6d2d6b2f,adaptive_jones,cpu,False,,numpy,numpy.linalg.solve,fixed_pol_anchor,True,fixed_anchor_then_adaptive_jones_score_selection,fixed_pol_anchor,20.733152017436407,123.96996080715867,55.850728828326396,0.0,True,3,4,3096725.458075429,3097196.8923599585,"[123.96996080715867,20.733152017436407,22.849073660384093]","[0.008066470242993614,0.048231933048012925,0.04376545040033544]","[5.47571074846393e-08,1.004457807036723e-09,1.5930803335552288e-09]",direct_vp,"[""poor_clock_consistency""]",3096246.5511759897,3096560,True,837638.0385656568,64.17189407695491,4.517606433520417,0.224589978584142,"[5.330852974150052,4.788835143184284,4.978324328857224]",145.9812869206071,266.0015878453851,413.45870926231146,nan,nan,nan,nan,False,,nan,,,nan,nan,nan,,,,,,,,0.0016639732759041273,5.141619117803837e-05,3.2753090571116195,nan,nan,nan,False,not_run,not_requested
fig2,PEB,23,2043173887,-10.0,snr_db,-10.0,3,3,3,3,full_6d,2043173887,,,nan,,False,,5.200554393231869,nan,nan,nan,nan,nan,nan,False,,,peb_only,False,a735ae1356ff940b,,,,,,,adaptive_jones,True,fixed_anchor_then_adaptive_jones_score_selection,,nan,nan,nan,nan,True,,,nan,nan,,,,,[],nan,,,nan,nan,nan,nan,,nan,nan,nan,0.0011079693799400164,nan,nan,0.0011079693799400164,False,7093cfec76f40175c6c7c58aa1b5153ce86056a79427b6463226f28ede4d41bd,3.275657558659962,computed_unscaled,cpu,nan,nan,nan,,,,,,,,nan,nan,nan,nan,nan,nan,False,,
fig2,adaptive_jones_vp_proposed,19,3846521747,-10.0,snr_db,-10.0,3,3,3,3,full_6d,3846521747,,,nan,,False,,279.14531364291906,0.0022616663956822563,0.0022616663956822563,6.801161557738064e-05,0.0006882582597936853,6.832363921893297e-13,1.1852845875166582,False,direct_vp,global_exact_spherical_vp,main_single_proposed,True,a6837bc77f312fdf,adaptive_jones,cpu,False,,numpy,numpy.linalg.solve,fixed_pol_anchor,True,fixed_anchor_then_adaptive_jones_score_selection,fixed_pol_anchor,18.67000899830257,47.945783232529514,35.25589646081823,0.0,True,3,4,3096725.458075429,3100703.421183542,"[39.15189715162259,18.67000899830257,47.945783232529514]","[0.025541546456565634,0.053561838136888286,0.020856891524791896]","[4.520253899781681e-08,2.082770760887983e-09,2.815434095404565e-08]",direct_vp,"[""poor_clock_consistency""]",3095221.3570166635,3096560,True,667050.604983404,80.26256490244099,3.77229811726869,0.40793297193431005,"[5.153550355777747,4.816334753140267,5.799532095985041]",141.0603167116642,273.0648225545883,415.6215585023165,nan,nan,nan,nan,False,,nan,,,nan,nan,nan,,,,,,,,0.0022616663956822563,6.801161557738064e-05,1.1852845875166582,nan,nan,nan,False,not_run,not_requested
fig2,PEB,19,3846521747,-10.0,snr_db,-10.0,3,3,3,3,full_6d,3846521747,,,nan,,False,,4.99181854724884,nan,nan,nan,nan,nan,nan,False,,,peb_only,False,4183e1125f84235d,,,,,,,adaptive_jones,True,fixed_anchor_then_adaptive_jones_score_selection,,nan,nan,nan,nan,True,,,nan,nan,,,,,[],nan,,,nan,nan,nan,nan,,nan,nan,nan,0.0012511146204778243,nan,nan,0.0012511146204778243,False,66683f008884b5deaddb95c24fc2a892e518e793d697d2821f0c6f98570400e4,1.1858033347287424,computed_unscaled,cpu,nan,nan,nan,,,,,,,,nan,nan,nan,nan,nan,nan,False,,
fig2,adaptive_jones_vp_proposed,17,2127997378,-10.0,snr_db,-10.0,3,3,3,3,full_6d,2127997378,,,nan,,False,,302.3295574635267,0.0009426507996956309,0.0009426507996956309,5.501227569877384e-05,8.451508665769546e-05,7.42015343312638e-13,4.004865708710878,False,direct_vp,global_exact_spherical_vp,main_single_proposed,True,bedabf128e7327ac,adaptive_jones,cpu,False,,numpy,numpy.linalg.solve,fixed_pol_anchor,True,fixed_anchor_then_adaptive_jones_score_selection,fixed_pol_anchor,16.553705191774647,58.09450254667996,39.71836085801031,0.0,True,3,4,3096725.458075429,3097559.4341388075,"[44.50687483557632,16.553705191774647,58.09450254667996]","[0.022468438946788256,0.06040943634059251,0.017213332692510585]","[8.607756013416244e-08,7.635973530089432e-09,5.975827729943101e-08]",direct_vp,"[""poor_clock_consistency""]",3099947.880126948,3096560,True,655563.2009545494,82.9116935270365,4.314575039378951,0.38774147788130714,"[4.789502260741158,4.804536640677291,5.619440277949186]",140.7148538455367,295.7904949709773,437.9833364710212,nan,nan,nan,nan,False,,nan,,,nan,nan,nan,,,,,,,,0.0009426507996956309,5.501227569877384e-05,4.004865708710878,nan,nan,nan,False,not_run,not_requested
fig2,PEB,17,2127997378,-10.0,snr_db,-10.0,3,3,3,3,full_6d,2127997378,,,nan,,False,,5.008855774998665,nan,nan,nan,nan,nan,nan,False,,,peb_only,False,e01222a6ca994239,,,,,,,adaptive_jones,True,fixed_anchor_then_adaptive_jones_score_selection,,nan,nan,nan,nan,True,,,nan,nan,,,,,[],nan,,,nan,nan,nan,nan,,nan,nan,nan,0.00126521488460785,nan,nan,0.00126521488460785,False,1e7e5fb979d639b775e57b8f9a2b5887da0781d1b293b718b0219c60afc7e70e,4.000509529956755,computed_unscaled,cpu,nan,nan,nan,,,,,,,,nan,nan,nan,nan,nan,nan,False,,
fig2,adaptive_jones_vp_proposed,10,781873798,-10.0,snr_db,-10.0,3,3,3,3,full_6d,781873798,,,nan,,False,,353.9323455914855,0.000718518689777751,0.000718518689777751,4.173192046906891e-05,0.0006402262885404036,6.395943109236492e-13,2.2036031086999577,False,direct_vp,global_exact_spherical_vp,main_single_proposed,True,3e5a9188696adf48,adaptive_jones,cpu,False,,numpy,numpy.linalg.solve,fixed_pol_anchor,True,fixed_anchor_then_adaptive_jones_score_selection,fixed_pol_anchor,13.93660907740282,362.45622286279314,138.4840540226213,0.0,True,3,4,3096725.458075429,3097095.528963512,"[39.05933012766797,362.45622286279314,13.93660907740282]","[0.02560207757512419,0.002758953872385552,0.07175346559784684]","[5.8656911330182e-08,2.9119777042069428e-09,1.4352093950973233e-07]",direct_vp,"[""poor_clock_consistency""]",3094269.198987778,3096560,True,816636.8036888589,81.25372110373758,2.0914863050456125,0.7332797195498236,"[5.08268595411374,6.682884621590917,5.176266122919765]",146.2329412177205,347.85160806775093,495.40113527327776,nan,nan,nan,nan,False,,nan,,,nan,nan,nan,,,,,,,,0.000718518689777751,4.173192046906891e-05,2.2036031086999577,nan,nan,nan,False,not_run,not_requested
fig2,PEB,10,781873798,-10.0,snr_db,-10.0,3,3,3,3,full_6d,781873798,,,nan,,False,,5.015756092965603,nan,nan,nan,nan,nan,nan,False,,,peb_only,False,344a9099b5b3de84,,,,,,,adaptive_jones,True,fixed_anchor_then_adaptive_jones_score_selection,,nan,nan,nan,nan,True,,,nan,nan,,,,,[],nan,,,nan,nan,nan,nan,,nan,nan,nan,0.0010995103100430099,nan,nan,0.0010995103100430099,False,f2ef97a231c1a4af27e9b56c32078a57d13f76cf0fcef71f5aea3cacfcafd031,2.205245911428094,computed_unscaled,cpu,nan,nan,nan,,,,,,,,nan,nan,nan,nan,nan,nan,False,,
fig2,adaptive_jones_vp_proposed,4,287230138,-10.0,snr_db,-10.0,3,3,3,3,full_6d,287230138,,,nan,,False,,369.34184938669205,0.001064856194773368,0.001064856194773368,4.548606014275392e-05,0.0008260095153018715,9.075917068375302e-13,4.9430920682842086,False,direct_vp,global_exact_spherical_vp,main_single_proposed,True,04d2eaf007fd5f0a,adaptive_jones,cpu,False,,numpy,numpy.linalg.solve,fixed_pol_anchor,True,fixed_anchor_then_adaptive_jones_score_selection,fixed_pol_anchor,20.091595761768428,142.51975391887936,61.9078598684304,0.0,True,3,4,3096725.458075429,3096751.3396842084,"[142.51975391887936,23.112229924643422,20.091595761768428]","[0.0070165711935390295,0.043267136197474285,0.04977205453649293]","[3.6953836128735757e-09,5.788739541166389e-09,2.917705522655178e-07]",direct_vp,"[""poor_clock_consistency""]",3096268.8851517346,3096560,True,920349.1553423025,76.16100943243927,3.850744923659325,0.20647638904281737,"[4.538204787981568,4.898328103872015,5.025804483507147]",144.93643334507942,362.9826571792364,509.44217001646757,nan,nan,nan,nan,False,,nan,,,nan,nan,nan,,,,,,,,0.001064856194773368,4.548606014275392e-05,4.9430920682842086,nan,nan,nan,False,not_run,not_requested
fig2,PEB,4,287230138,-10.0,snr_db,-10.0,3,3,3,3,full_6d,287230138,,,nan,,False,,5.179036617279053,nan,nan,nan,nan,nan,nan,False,,,peb_only,False,d8d5500463f3fae5,,,,,,,adaptive_jones,True,fixed_anchor_then_adaptive_jones_score_selection,,nan,nan,nan,nan,True,,,nan,nan,,,,,[],nan,,,nan,nan,nan,nan,,nan,nan,nan,0.001003554190456147,nan,nan,0.001003554190456147,False,72d5586e1e2071d827e37c0d5029359210d7878b9ab9d369f2c38d0e300801aa,4.9435823671008885,computed_unscaled,cpu,nan,nan,nan,,,,,,,,nan,nan,nan,nan,nan,nan,False,,
fig2,adaptive_jones_vp_proposed,8,641399591,-10.0,snr_db,-10.0,3,3,3,3,full_6d,641399591,,,nan,,False,,440.3365762233734,0.0007085169082601929,0.0007085169082601929,3.732569471936574e-05,0.00014001896620309537,5.917197185230598e-13,2.2558786983816117,False,direct_vp,global_exact_spherical_vp,main_single_proposed,True,d38ac3ebb8f46c12,adaptive_jones,cpu,False,,numpy,numpy.linalg.solve,fixed_pol_anchor,True,fixed_anchor_then_adaptive_jones_score_selection,fixed_pol_anchor,21.81676665650234,103.86217568990638,49.42541516388231,0.0,True,3,4,3096725.458075429,3100553.591405622,"[103.86217568990638,22.597303145238207,21.81676665650234]","[0.009628144155979977,0.04425306832192171,0.04583630634744585]","[1.030678767930265e-08,2.863301117643096e-09,3.9848944424397906e-07]",direct_vp,"[""poor_clock_consistency""]",3097884.6561871557,3096560,True,854083.0796211532,78.2316107812247,2.4792541335207154,0.5846100349273672,"[3.9646280586339135,5.045603808534247,5.318490748362333]",146.63331942260265,432.99152071774006,580.980557076633,nan,nan,nan,nan,False,,nan,,,nan,nan,nan,,,,,,,,0.0007085169082601929,3.732569471936574e-05,2.2558786983816117,nan,nan,nan,False,not_run,not_requested
fig2,PEB,8,641399591,-10.0,snr_db,-10.0,3,3,3,3,full_6d,641399591,,,nan,,False,,5.237236931920052,nan,nan,nan,nan,nan,nan,False,,,peb_only,False,a3d0946fbf396df9,,,,,,,adaptive_jones,True,fixed_anchor_then_adaptive_jones_score_selection,,nan,nan,nan,nan,True,,,nan,nan,,,,,[],nan,,,nan,nan,nan,nan,,nan,nan,nan,0.0010986110724718816,nan,nan,0.0010986110724718816,False,e032c9cb8462fea3417aadc651e10a3437190e0cacf3ab5bdc4b175ff7382e20,2.254925735329804,computed_unscaled,cpu,nan,nan,nan,,,,,,,,nan,nan,nan,nan,nan,nan,False,,
fig2,adaptive_jones_vp_proposed,3,3422926171,-10.0,snr_db,-10.0,3,3,3,3,full_6d,3422926171,,,nan,,False,,519.9570490196347,0.0016216485254757255,0.0016216485254757255,0.000114168788835377,0.0007557213497760044,4.003565794471698e-12,2.7814473116160445,False,direct_vp,global_exact_spherical_vp,main_single_proposed,True,c5b6e72a81c1591a,adaptive_jones,cpu,False,,numpy,numpy.linalg.solve,fixed_pol_anchor,True,fixed_anchor_then_adaptive_jones_score_selection,fixed_pol_anchor,21.005714204378858,88.38380167105747,44.565632978781764,0.0,True,3,4,3096725.458075429,3096738.031135746,"[88.38380167105747,24.307383060908982,21.005714204378858]","[0.011314290413003136,0.04113976389271982,0.047606093763311985]","[1.74105550601874e-08,6.390396993339258e-09,4.572227572440172e-08]",direct_vp,"[""poor_clock_consistency""]",3097490.0859771348,3096560,True,858433.1238501463,79.12499215827154,4.328386879314019,0.24464398053259098,"[4.720824926272022,4.774117560061667,5.264383197794091]",141.05864445865154,513.211871035397,655.6336623132229,nan,nan,nan,nan,False,,nan,,,nan,nan,nan,,,,,,,,0.0016216485254757255,0.000114168788835377,2.7814473116160445,nan,nan,nan,False,not_run,not_requested
fig2,PEB,3,3422926171,-10.0,snr_db,-10.0,3,3,3,3,full_6d,3422926171,,,nan,,False,,5.438308298587799,nan,nan,nan,nan,nan,nan,False,,,peb_only,False,b693fd39325e8e8e,,,,,,,adaptive_jones,True,fixed_anchor_then_adaptive_jones_score_selection,,nan,nan,nan,nan,True,,,nan,nan,,,,,[],nan,,,nan,nan,nan,nan,,nan,nan,nan,0.0010931293132064352,nan,nan,0.0010931293132064352,False,36031d2b9c9618797e3e0dd10eb5c7dda8abc129f14c8c8dd5b717980768d13b,2.780626491560737,computed_unscaled,cpu,nan,nan,nan,,,,,,,,nan,nan,nan,nan,nan,nan,False,,
fig2,adaptive_jones_vp_proposed,26,890721611,-10.0,snr_db,-10.0,3,3,3,3,full_6d,890721611,,,nan,,False,,194.0081181898713,0.0017397357147467352,0.0017397357147467352,2.6466926801856703e-05,0.00011924508444434456,9.881314863841844e-13,4.766393530106699,False,direct_vp,global_exact_spherical_vp,main_single_proposed,True,19f9c6d8a864b59b,adaptive_jones,cpu,False,,numpy,numpy.linalg.solve,fixed_pol_anchor,True,fixed_anchor_then_adaptive_jones_score_selection,fixed_pol_anchor,19.55165519378348,98.79520695514165,47.98265920347018,0.0,True,3,4,3096725.458075429,3096770.5675858688,"[19.55165519378348,98.79520695514165,25.601115461485417]","[0.05114656483397897,0.010121948530916674,0.039060798014008774]","[3.3051790430719393e-08,1.8601699615131336e-09,2.0534489029393265e-07]",direct_vp,"[""poor_clock_consistency""]",3096424.123459348,3096560,True,768534.4259912047,86.75093093494694,5.3995531463871025,0.1740057127427023,"[5.117517293087189,5.131285664953809,4.755472257822126]",167.20496885478497,187.14340551942587,355.6538910344243,nan,nan,nan,nan,False,,nan,,,nan,nan,nan,,,,,,,,0.0017397357147467352,2.6466926801856703e-05,4.766393530106699,nan,nan,nan,False,not_run,not_requested
fig2,PEB,26,890721611,-10.0,snr_db,-10.0,3,3,3,3,full_6d,890721611,,,nan,,False,,5.397094488143921,nan,nan,nan,nan,nan,nan,False,,,peb_only,False,a2496ceee9b90e2d,,,,,,,adaptive_jones,True,fixed_anchor_then_adaptive_jones_score_selection,,nan,nan,nan,nan,True,,,nan,nan,,,,,[],nan,,,nan,nan,nan,nan,,nan,nan,nan,0.0011642683246888541,nan,nan,0.0011642683246888541,False,c294e93a3e036e5c5731d344dd8b7b3046868b56987f9fb6b7f233813953d55d,4.7666273169950175,computed_unscaled,cpu,nan,nan,nan,,,,,,,,nan,nan,nan,nan,nan,nan,False,,
fig2,adaptive_jones_vp_proposed,28,4133035554,-10.0,snr_db,-10.0,3,3,3,3,full_6d,4133035554,,,nan,,False,,172.26789588481188,0.0007896085048266958,0.0007896085048266958,2.9302470659319144e-05,0.0002977549589761162,7.641528479407867e-13,3.542768288666307,False,direct_vp,global_exact_spherical_vp,main_single_proposed,True,26fef88032d9e69d,adaptive_jones,cpu,False,,numpy,numpy.linalg.solve,fixed_pol_anchor,True,fixed_anchor_then_adaptive_jones_score_selection,fixed_pol_anchor,18.341262999202325,147.21914032071902,63.77308802788235,0.0,True,3,4,3096725.458075429,3110704.475068703,"[18.341262999202325,25.758860763725718,147.21914032071902]","[0.054521872350074774,0.03882159266074634,0.00679259502313535]","[4.03228163328993e-08,1.5519456675920637e-08,2.154478965997393e-08]",direct_vp,[],3100563.1046978272,3096560,True,511663.2242750797,89.1945295960333,3.5846302709961844,0.07243964621292916,"[4.894076734850661,4.745176988546527,4.903205625200263]",155.02251959592104,165.86366890370846,322.73461742699146,nan,nan,nan,nan,False,,nan,,,nan,nan,nan,,,,,,,,0.0007896085048266958,2.9302470659319144e-05,3.542768288666307,nan,nan,nan,False,not_run,not_requested
fig2,PEB,28,4133035554,-10.0,snr_db,-10.0,3,3,3,3,full_6d,4133035554,,,nan,,False,,5.237283818423748,nan,nan,nan,nan,nan,nan,False,,,peb_only,False,9ac84a3c92e35423,,,,,,,adaptive_jones,True,fixed_anchor_then_adaptive_jones_score_selection,,nan,nan,nan,nan,True,,,nan,nan,,,,,[],nan,,,nan,nan,nan,nan,,nan,nan,nan,0.0014163952249484026,nan,nan,0.0014163952249484026,False,b0d6ccdf5e943bdc30a995d28f082c1063f363c2aa22897f8408d6a89636af3a,3.5382125394007455,computed_unscaled,cpu,nan,nan,nan,,,,,,,,nan,nan,nan,nan,nan,nan,False,,
fig2,adaptive_jones_vp_proposed,30,635628036,-10.0,snr_db,-10.0,3,3,3,3,full_6d,635628036,,,nan,,False,,176.0041709765792,0.002249015955205327,0.002249015955205327,6.707929488673753e-05,0.0001923210702896752,6.070592949142624e-13,3.85678018344948,False,direct_vp,global_exact_spherical_vp,main_single_proposed,True,96acc9b3101641c4,adaptive_jones,cpu,False,,numpy,numpy.linalg.solve,fixed_pol_anchor,True,fixed_anchor_then_adaptive_jones_score_selection,fixed_pol_anchor,26.74519634158189,32.95586768876187,30.227743936790745,0.0,True,3,4,3096725.458075429,3104642.575534082,"[32.95586768876187,30.98216778002848,26.74519634158189]","[0.030343610109469205,0.03227663109531126,0.03738989189690533]","[2.711022728333709e-08,3.642422540494905e-09,1.2919111101834955e-08]",direct_vp,"[""poor_clock_consistency""]",3098435.4078804804,3096560,True,822057.958374116,70.4752731573509,7.5248868867732215,0.20485110125692704,"[5.124168852066831,5.372493482874159,4.870721527910546]",156.47866702079773,168.98684241622686,326.78786627203226,nan,nan,nan,nan,False,,nan,,,nan,nan,nan,,,,,,,,0.002249015955205327,6.707929488673753e-05,3.85678018344948,nan,nan,nan,False,not_run,not_requested
fig2,PEB,30,635628036,-10.0,snr_db,-10.0,3,3,3,3,full_6d,635628036,,,nan,,False,,5.307069398462772,nan,nan,nan,nan,nan,nan,False,,,peb_only,False,ac4f4b6d310d54e4,,,,,,,adaptive_jones,True,fixed_anchor_then_adaptive_jones_score_selection,,nan,nan,nan,nan,True,,,nan,nan,,,,,[],nan,,,nan,nan,nan,nan,,nan,nan,nan,0.001122363957541241,nan,nan,0.001122363957541241,False,5590d75cc6f366b617653df89fa7a75298a3f157b3c5c00e92e68278a75325fa,3.854465683864255,computed_unscaled,cpu,nan,nan,nan,,,,,,,,nan,nan,nan,nan,nan,nan,False,,
fig2,adaptive_jones_vp_proposed,32,2857393641,-10.0,snr_db,-10.0,3,3,3,3,full_6d,2857393641,,,nan,,False,,167.9399225860834,0.002118275014318804,0.002118275014318804,8.649509081260921e-05,0.00014325352764988101,1.7775560495242196e-13,1.8062187147547284,False,direct_vp,global_exact_spherical_vp,main_single_proposed,True,207a6b267fbc39ee,adaptive_jones,cpu,False,,numpy,numpy.linalg.solve,fixed_pol_anchor,True,fixed_anchor_then_adaptive_jones_score_selection,fixed_pol_anchor,21.357891737736022,45.194645499621735,32.88042516553348,0.0,True,3,4,3096725.458075429,3098332.771504815,"[21.357891737736022,45.194645499621735,32.08873825924269]","[0.04682110070872773,0.02212651496432636,0.031163581188172022]","[2.258276969018799e-08,9.468777920919575e-09,3.6099594874114846e-07]",direct_vp,"[""poor_clock_consistency""]",3094783.9165541567,3096560,True,775171.4679910048,73.96456280902495,6.287084633470682,0.1426495869424464,"[5.263226642804097,4.914005802847022,5.098798297839224]",171.3632733374834,161.37981992214918,334.06989393383265,nan,nan,nan,nan,False,,nan,,,nan,nan,nan,,,,,,,,0.002118275014318804,8.649509081260921e-05,1.8062187147547284,nan,nan,nan,False,not_run,not_requested
fig2,PEB,32,2857393641,-10.0,snr_db,-10.0,3,3,3,3,full_6d,2857393641,,,nan,,False,,5.090204231441021,nan,nan,nan,nan,nan,nan,False,,,peb_only,False,de6246f897cd8df7,,,,,,,adaptive_jones,True,fixed_anchor_then_adaptive_jones_score_selection,,nan,nan,nan,nan,True,,,nan,nan,,,,,[],nan,,,nan,nan,nan,nan,,nan,nan,nan,0.0011542732131935695,nan,nan,0.0011542732131935695,False,73ca4065ba0c89751d2f0dc2de518337698a325ed5053ee6dc1f366512a9f819,1.8072646341938758,computed_unscaled,cpu,nan,nan,nan,,,,,,,,nan,nan,nan,nan,nan,nan,False,,
fig2,adaptive_jones_vp_proposed,35,714029656,-10.0,snr_db,-10.0,3,3,3,3,full_6d,714029656,,,nan,,False,,167.57796218246222,0.0016686013666405565,0.0016686013666405565,7.581633730967458e-05,0.0004990438045290491,6.4974184280976584e-12,1.9215008319151694,False,direct_vp,global_exact_spherical_vp,main_single_proposed,True,507730c0225b861a,adaptive_jones,cpu,False,,numpy,numpy.linalg.solve,fixed_pol_anchor,True,fixed_anchor_then_adaptive_jones_score_selection,fixed_pol_anchor,13.474283499877748,271.751088292227,110.18522162349417,0.0,True,3,4,3096725.458075429,3097772.1435531545,"[271.751088292227,13.474283499877748,45.330293078377785]","[0.0036798380680371037,0.07421544900666507,0.022060302990444647]","[1.0891384201012877e-09,1.1065645500819465e-08,4.335684032840582e-09]",direct_vp,"[""poor_clock_consistency""]",3096779.2467562463,3096560,True,743606.6163297122,81.10701156330647,3.1984928095800664,0.20883273658665624,"[5.003165733498228,5.0933903172065955,4.612222241321043]",164.1231898292899,161.36117237061262,326.7352619841695,nan,nan,nan,nan,False,,nan,,,nan,nan,nan,,,,,,,,0.0016686013666405565,7.581633730967458e-05,1.9215008319151694,nan,nan,nan,False,not_run,not_requested
fig2,PEB,35,714029656,-10.0,snr_db,-10.0,3,3,3,3,full_6d,714029656,,,nan,,False,,5.026915334165096,nan,nan,nan,nan,nan,nan,False,,,peb_only,False,6cfd080788fc740e,,,,,,,adaptive_jones,True,fixed_anchor_then_adaptive_jones_score_selection,,nan,nan,nan,nan,True,,,nan,nan,,,,,[],nan,,,nan,nan,nan,nan,,nan,nan,nan,0.00121110425305121,nan,nan,0.00121110425305121,False,5d8c0ccf801b5347ce0be3d5af96b3f2d9a4ebabf39c0be2596e7a64087c3f22,1.921374720629833,computed_unscaled,cpu,nan,nan,nan,,,,,,,,nan,nan,nan,nan,nan,nan,False,,
fig2,adaptive_jones_vp_proposed,34,1995992425,-10.0,snr_db,-10.0,3,3,3,3,full_6d,1995992425,,,nan,,False,,322.29301888495684,0.0006594154553439169,0.0006594154553439169,4.305947077440118e-05,0.0005540159904678093,5.254764257768234e-12,7.6429948964022785,False,direct_vp,global_exact_spherical_vp,main_single_proposed,True,b43ae6b8473e0542,adaptive_jones,cpu,False,,numpy,numpy.linalg.solve,fixed_pol_anchor,True,fixed_anchor_then_adaptive_jones_score_selection,fixed_pol_anchor,14.939987463460337,117.18587157274864,58.03043587816285,0.0,True,3,4,3096725.458075429,3099389.5113452002,"[117.18587157274864,14.939987463460337,41.96544859827958]","[0.008533451912434828,0.06693446044923548,0.02382912689747896]","[4.103994003252719e-08,9.363995550773132e-09,8.706903214585805e-08]",direct_vp,"[""poor_clock_consistency""]",3099047.281811768,3096560,True,670793.0652114814,76.69430789494787,4.729157167988443,0.13859494375395795,"[5.0224852179239745,5.022377837849271,4.7284272688938795]",162.5634731799364,315.52807957679033,479.3729634433985,nan,nan,nan,nan,False,,nan,,,nan,nan,nan,,,,,,,,0.0006594154553439169,4.305947077440118e-05,7.6429948964022785,nan,nan,nan,False,not_run,not_requested
fig2,PEB,34,1995992425,-10.0,snr_db,-10.0,3,3,3,3,full_6d,1995992425,,,nan,,False,,5.473695755004883,nan,nan,nan,nan,nan,nan,False,,,peb_only,False,938741630d8a86dc,,,,,,,adaptive_jones,True,fixed_anchor_then_adaptive_jones_score_selection,,nan,nan,nan,nan,True,,,nan,nan,,,,,[],nan,,,nan,nan,nan,nan,,nan,nan,nan,0.0012635780725055042,nan,nan,0.0012635780725055042,False,08ae9de45575216533d6edee2ff062b3deef6ce05030f7f9832ee4fff1bbeb0e,7.636900121925694,computed_unscaled,cpu,nan,nan,nan,,,,,,,,nan,nan,nan,nan,nan,nan,False,,
fig2,adaptive_jones_vp_proposed,39,1925729663,-10.0,snr_db,-10.0,3,3,3,3,full_6d,1925729663,,,nan,,False,,185.0792427957058,0.0007299394742435942,0.0007299394742435942,7.484910787525117e-05,0.00011981157154602829,9.71378053890863e-13,0.8880981102583528,False,direct_vp,global_exact_spherical_vp,main_single_proposed,True,42306135a115be9a,adaptive_jones,cpu,False,,numpy,numpy.linalg.solve,fixed_pol_anchor,True,fixed_anchor_then_adaptive_jones_score_selection,fixed_pol_anchor,13.569869624626719,208.59857926614583,89.04814847256178,0.0,True,3,4,3096725.458075429,3119515.8415783956,"[44.975996526912816,208.59857926614583,13.569869624626719]","[0.022234082114370547,0.004793896503559239,0.07369267558559452]","[8.857437163842467e-08,6.1154709874188725e-09,3.60549197957244e-07]",direct_vp,"[""poor_clock_consistency""]",3096020.386442655,3096560,True,832028.9963258554,89.97345240489737,3.6913173338198892,0.3623486012731622,"[4.8200969497992,5.666985433051999,5.013499428910383]",173.4472122490406,178.67178416252136,353.3246759325266,nan,nan,nan,nan,False,,nan,,,nan,nan,nan,,,,,,,,0.0007299394742435942,7.484910787525117e-05,0.8880981102583528,nan,nan,nan,False,not_run,not_requested
fig2,PEB,39,1925729663,-10.0,snr_db,-10.0,3,3,3,3,full_6d,1925729663,,,nan,,False,,5.2328555434942245,nan,nan,nan,nan,nan,nan,False,,,peb_only,False,a3733df9b928b134,,,,,,,adaptive_jones,True,fixed_anchor_then_adaptive_jones_score_selection,,nan,nan,nan,nan,True,,,nan,nan,,,,,[],nan,,,nan,nan,nan,nan,,nan,nan,nan,0.0010316082605915417,nan,nan,0.0010316082605915417,False,96864a0d945e4bbb9c67c4c5c4b209be5179ce0b5fab7e2f47325b1eaa6bc2cc,0.8882574888439955,computed_unscaled,cpu,nan,nan,nan,,,,,,,,nan,nan,nan,nan,nan,nan,False,,
fig2,adaptive_jones_vp_proposed,38,445142407,-10.0,snr_db,-10.0,3,3,3,3,full_6d,445142407,,,nan,,False,,311.0946951583028,0.002623948691949304,0.002623948691949304,6.945543447380951e-05,0.0007537755033486495,9.022939460118707e-12,7.09371610270266,False,direct_vp,global_exact_spherical_vp,main_single_proposed,True,87c357e724239c65,adaptive_jones,cpu,False,,numpy,numpy.linalg.solve,fixed_pol_anchor,True,fixed_anchor_then_adaptive_jones_score_selection,fixed_pol_anchor,11.563728128998331,159.94600215394237,103.03584607510629,0.0,True,3,4,3096725.458075429,3136143.447129384,"[11.563728128998331,159.94600215394237,137.59780794237818]","[0.08647730116386416,0.006252110001959219,0.007267557636391795]","[5.593088153197586e-08,7.886142241744789e-05,1.3344981203803931e-08]",direct_vp,"[""poor_clock_consistency""]",3095402.669416415,3096560,True,470229.0986615906,122.54616425779813,2.901137788033761,0.6258112257060466,"[5.000165858818731,4.407185988273895,3.4794783247759415]",176.89782088249922,304.24720231443644,482.39379926770926,nan,nan,nan,nan,False,,nan,,,nan,nan,nan,,,,,,,,0.002623948691949304,6.945543447380951e-05,7.09371610270266,nan,nan,nan,False,not_run,not_requested
fig2,PEB,38,445142407,-10.0,snr_db,-10.0,3,3,3,3,full_6d,445142407,,,nan,,False,,5.201194480061531,nan,nan,nan,nan,nan,nan,False,,,peb_only,False,ea97b4cd03503ce2,,,,,,,adaptive_jones,True,fixed_anchor_then_adaptive_jones_score_selection,,nan,nan,nan,nan,True,,,nan,nan,,,,,[],nan,,,nan,nan,nan,nan,,nan,nan,nan,0.0015192585699481732,nan,nan,0.0015192585699481732,False,188df01b21e845096046e025598027817a0fefeca6c3a9da8733d6021c9aadff,7.096405017504217,computed_unscaled,cpu,nan,nan,nan,,,,,,,,nan,nan,nan,nan,nan,nan,False,,
fig2,adaptive_jones_vp_proposed,40,1007248754,-10.0,snr_db,-10.0,3,3,3,3,full_6d,1007248754,,,nan,,False,,216.86855341494083,0.0012604709672313337,0.0012604709672313337,3.953656899201364e-05,0.00030797075824042376,8.486122456254164e-14,2.9398490533975843,False,direct_vp,global_exact_spherical_vp,main_single_proposed,True,af28d28ad0cc8df5,adaptive_jones,cpu,False,,numpy,numpy.linalg.solve,fixed_pol_anchor,True,fixed_anchor_then_adaptive_jones_score_selection,fixed_pol_anchor,13.67198166528622,93.29322797675177,57.09600549033373,0.0,True,3,4,3096725.458075429,3103337.982016974,"[13.67198166528622,64.3228068289632,93.29322797675177]","[0.07314228650008896,0.015546585250776065,0.010718891623686791]","[1.477696557778933e-07,6.212537710892996e-09,1.811264188983649e-08]",direct_vp,"[""poor_clock_consistency""]",3096552.1731923623,3096560,True,504564.8166701853,101.94868171574673,3.7325267780801705,0.15818383411377257,"[5.057274648938233,4.972885013929881,4.687576615702412]",149.43521078675985,210.57812974601984,361.31159779429436,nan,nan,nan,nan,False,,nan,,,nan,nan,nan,,,,,,,,0.0012604709672313337,3.953656899201364e-05,2.9398490533975843,nan,nan,nan,False,not_run,not_requested
fig2,PEB,40,1007248754,-10.0,snr_db,-10.0,3,3,3,3,full_6d,1007248754,,,nan,,False,,5.3295755460858345,nan,nan,nan,nan,nan,nan,False,,,peb_only,False,8dabb004f737184e,,,,,,,adaptive_jones,True,fixed_anchor_then_adaptive_jones_score_selection,,nan,nan,nan,nan,True,,,nan,nan,,,,,[],nan,,,nan,nan,nan,nan,,nan,nan,nan,0.0014354260822166268,nan,nan,0.0014354260822166268,False,8bb652b717ff684281335ff9a69fbed705a14cc366cf654f3e53c1ef0c7a4d23,2.939871674433485,computed_unscaled,cpu,nan,nan,nan,,,,,,,,nan,nan,nan,nan,nan,nan,False,,
fig2,adaptive_jones_vp_proposed,25,3407116044,-10.0,snr_db,-10.0,3,3,3,3,full_6d,3407116044,,,nan,,False,,554.7411581426859,0.0010165645255795293,0.0010165645255795293,7.04622906381762e-05,0.00018865190581793465,2.2183667995166617e-12,2.045387890719765,False,direct_vp,global_exact_spherical_vp,main_single_proposed,True,44425db9107102d1,adaptive_jones,cpu,False,,numpy,numpy.linalg.solve,fixed_pol_anchor,True,fixed_anchor_then_adaptive_jones_score_selection,fixed_pol_anchor,21.21028422134577,76.41314118388823,40.93458543222811,0.0,True,3,4,3096725.458075429,3096750.949296484,"[21.21028422134577,25.18033089145033,76.41314118388823]","[0.04714694011372097,0.03971353689853049,0.013086754247114207]","[1.3143316448896011e-08,8.58540273316314e-09,2.4854757499492707e-08]",direct_vp,"[""poor_clock_consistency""]",3097031.487297353,3096560,True,550108.159914208,83.24115144877409,4.948025711681084,0.20409521524464141,"[5.146405424959112,4.931250163977492,4.648023474840367]",160.0572071969509,548.2138871699572,709.7196240797639,nan,nan,nan,nan,False,,nan,,,nan,nan,nan,,,,,,,,0.0010165645255795293,7.04622906381762e-05,2.045387890719765,nan,nan,nan,False,not_run,not_requested
fig2,PEB,25,3407116044,-10.0,snr_db,-10.0,3,3,3,3,full_6d,3407116044,,,nan,,False,,5.2240325808525085,nan,nan,nan,nan,nan,nan,False,,,peb_only,False,489880e180f3c1f0,,,,,,,adaptive_jones,True,fixed_anchor_then_adaptive_jones_score_selection,,nan,nan,nan,nan,True,,,nan,nan,,,,,[],nan,,,nan,nan,nan,nan,,nan,nan,nan,0.0013626566801322015,nan,nan,0.0013626566801322015,False,b8c0aecbc648c84bc393cf0ea8f798ce1d40daafad542474a8d407dec27d44d6,2.045087070981185,computed_unscaled,cpu,nan,nan,nan,,,,,,,,nan,nan,nan,nan,nan,nan,False,,
fig2,adaptive_jones_vp_proposed,45,2629875502,-10.0,snr_db,-10.0,3,3,3,3,full_6d,2629875502,,,nan,,False,,168.26296636462212,0.00037040649462459746,0.00037040649462459746,4.467380182117991e-05,0.0001747004926767374,9.319224780348503e-13,3.6892605038092863,False,direct_vp,global_exact_spherical_vp,main_single_proposed,True,8ebd0dab02ab0cdf,adaptive_jones,cpu,False,,numpy,numpy.linalg.solve,fixed_pol_anchor,True,fixed_anchor_then_adaptive_jones_score_selection,fixed_pol_anchor,23.50054347066088,38.473656480521306,31.370238258770044,0.0,True,3,4,3096725.458075429,3099106.9487644807,"[38.473656480521306,23.50054347066088,32.136514825127946]","[0.025991810798326718,0.042552207408519886,0.031117251058784722]","[9.042444680276724e-09,7.964894942512155e-09,5.822631191416691e-08]",direct_vp,"[""poor_clock_consistency""]",3094883.9753082846,3096560,True,820937.73122745,71.71065174774719,5.289986287785602,0.20005187695285165,"[5.5412085361984476,5.148994322257066,5.090701353731752]",188.13058485090733,160.9455447718501,350.3499759733677,nan,nan,nan,nan,False,,nan,,,nan,nan,nan,,,,,,,,0.00037040649462459746,4.467380182117991e-05,3.6892605038092863,nan,nan,nan,False,not_run,not_requested
fig2,PEB,45,2629875502,-10.0,snr_db,-10.0,3,3,3,3,full_6d,2629875502,,,nan,,False,,5.27763219922781,nan,nan,nan,nan,nan,nan,False,,,peb_only,False,325c4a374cda6373,,,,,,,adaptive_jones,True,fixed_anchor_then_adaptive_jones_score_selection,,nan,nan,nan,nan,True,,,nan,nan,,,,,[],nan,,,nan,nan,nan,nan,,nan,nan,nan,0.0011130707313227605,nan,nan,0.0011130707313227605,False,61ef90b44bee96edd1828bab28b96f525f17a012a323714534c6c3c927bfb322,3.6912774840632854,computed_unscaled,cpu,nan,nan,nan,,,,,,,,nan,nan,nan,nan,nan,nan,False,,
fig2,adaptive_jones_vp_proposed,42,1970772956,-10.0,snr_db,-10.0,3,3,3,3,full_6d,1970772956,,,nan,,False,,271.5096241310239,0.00029365189294528653,0.00029365189294528653,1.840999306497486e-05,6.373263183260528e-05,8.383506545154925e-13,1.719775435876928,False,direct_vp,global_exact_spherical_vp,main_single_proposed,True,0cc9620f29cabceb,adaptive_jones,cpu,False,,numpy,numpy.linalg.solve,fixed_pol_anchor,True,fixed_anchor_then_adaptive_jones_score_selection,fixed_pol_anchor,17.839315674470107,104.08237651790778,50.28020419977462,0.0,True,3,4,3096725.458075429,3097161.1768138814,"[104.08237651790778,28.918920406945997,17.839315674470107]","[0.009607774470098343,0.03457943747204659,0.0560559619118834]","[2.9630643431480136e-08,4.0290277983126635e-08,1.9471594846791308e-08]",direct_vp,"[""poor_clock_consistency""]",3097092.722660004,3096560,True,858108.7879824938,72.53035683287409,3.922555946699953,0.4138377653919061,"[5.802135263904266,4.832427603884814,5.061492609147939]",154.54335848987103,265.1352265328169,420.9438309147954,nan,nan,nan,nan,False,,nan,,,nan,nan,nan,,,,,,,,0.00029365189294528653,1.840999306497486e-05,1.719775435876928,nan,nan,nan,False,not_run,not_requested
fig2,PEB,42,1970772956,-10.0,snr_db,-10.0,3,3,3,3,full_6d,1970772956,,,nan,,False,,5.173382475972176,nan,nan,nan,nan,nan,nan,False,,,peb_only,False,d40bb93aa1bd7a41,,,,,,,adaptive_jones,True,fixed_anchor_then_adaptive_jones_score_selection,,nan,nan,nan,nan,True,,,nan,nan,,,,,[],nan,,,nan,nan,nan,nan,,nan,nan,nan,0.0010700230858484586,nan,nan,0.0010700230858484586,False,4af21c66cd27ed283a830009c130c6232a0ae08038b9a036394b8e1c4ae43a65,1.719488506483005,computed_unscaled,cpu,nan,nan,nan,,,,,,,,nan,nan,nan,nan,nan,nan,False,,
fig2,adaptive_jones_vp_proposed,43,409305243,-10.0,snr_db,-10.0,3,3,3,3,full_6d,409305243,,,nan,,False,,449.5719622820616,0.002048078082247333,0.002048078082247333,4.236978018947735e-05,0.00031544266198427754,6.065243195184793e-13,3.3334016676625486,False,direct_vp,global_exact_spherical_vp,main_single_proposed,True,7481d07d8684aec5,adaptive_jones,cpu,False,,numpy,numpy.linalg.solve,fixed_pol_anchor,True,fixed_anchor_then_adaptive_jones_score_selection,fixed_pol_anchor,18.34005403665676,82.32259188396273,43.50372575120818,0.0,True,3,4,3096725.458075429,3096758.836074225,"[18.34005403665676,29.848531333005052,82.32259188396273]","[0.05452546639082595,0.03350248589498942,0.012147333763825376]","[1.0617595941812775e-07,4.785028171704311e-09,9.028886007387828e-08]",direct_vp,[],3099037.326946372,3096560,True,578740.2373421579,96.51196598215422,4.757081450359357,0.03547866020396985,"[4.99562043816371,4.915065317460496,4.927103483683025]",177.7459234520793,442.05045522004366,621.1483235135674,nan,nan,nan,nan,False,,nan,,,nan,nan,nan,,,,,,,,0.002048078082247333,4.236978018947735e-05,3.3334016676625486,nan,nan,nan,False,not_run,not_requested
fig2,PEB,43,409305243,-10.0,snr_db,-10.0,3,3,3,3,full_6d,409305243,,,nan,,False,,5.559722661972046,nan,nan,nan,nan,nan,nan,False,,,peb_only,False,8d252a804bd8a040,,,,,,,adaptive_jones,True,fixed_anchor_then_adaptive_jones_score_selection,,nan,nan,nan,nan,True,,,nan,nan,,,,,[],nan,,,nan,nan,nan,nan,,nan,nan,nan,0.0013404332208674181,nan,nan,0.0013404332208674181,False,d06249056a46bde512ae6accc3f5b861faabc2ef0f40296322d007b403b53207,3.330754203149501,computed_unscaled,cpu,nan,nan,nan,,,,,,,,nan,nan,nan,nan,nan,nan,False,,
fig2,adaptive_jones_vp_proposed,46,3306807379,-10.0,snr_db,-10.0,3,3,3,3,full_6d,3306807379,,,nan,,False,,283.51252318918705,0.0018923282047493394,0.0018923282047493394,5.238399458384645e-05,0.00029483899593341355,1.0464830280530361e-12,4.312209137270818,False,direct_vp,global_exact_spherical_vp,main_single_proposed,True,bc960615a3be700d,adaptive_jones,cpu,False,,numpy,numpy.linalg.solve,fixed_pol_anchor,True,fixed_anchor_then_adaptive_jones_score_selection,fixed_pol_anchor,14.366368576491318,124.79239184356366,61.00136164773147,0.0,True,3,4,3096725.458075429,3098335.2113125315,"[124.79239184356366,43.84532452313945,14.366368576491318]","[0.008013309025511589,0.022807448931719113,0.06960701270201314]","[6.848542603452953e-09,5.511535084848793e-09,3.6139199930822966e-07]",direct_vp,[],3095202.1069395123,3096560,True,853663.2514899113,78.09488941846286,4.448628569301961,0.05224198113904381,"[5.199485411916505,5.0886840613444875,5.199526654017592]",175.16390307992697,277.11686581373215,453.60491617023945,nan,nan,nan,nan,False,,nan,,,nan,nan,nan,,,,,,,,0.0018923282047493394,5.238399458384645e-05,4.312209137270818,nan,nan,nan,False,not_run,not_requested
fig2,PEB,46,3306807379,-10.0,snr_db,-10.0,3,3,3,3,full_6d,3306807379,,,nan,,False,,5.375377744436264,nan,nan,nan,nan,nan,nan,False,,,peb_only,False,170b2304ea464e18,,,,,,,adaptive_jones,True,fixed_anchor_then_adaptive_jones_score_selection,,nan,nan,nan,nan,True,,,nan,nan,,,,,[],nan,,,nan,nan,nan,nan,,nan,nan,nan,0.001043733864655041,nan,nan,0.001043733864655041,False,324c3cee61ad53d18a3b7f70cef7049986ada5517935cd8531014229a0b305be,4.314123233347383,computed_unscaled,cpu,nan,nan,nan,,,,,,,,nan,nan,nan,nan,nan,nan,False,,
fig2,adaptive_jones_vp_proposed,49,3038295588,-10.0,snr_db,-10.0,3,3,3,3,full_6d,3038295588,,,nan,,False,,208.44112326204777,0.0008397533205612951,0.0008397533205612951,0.00010406063608104148,0.00013701003712149567,5.034604761913468e-12,5.8033577945443415,False,direct_vp,global_exact_spherical_vp,main_single_proposed,True,1ce4fb83e1d769fa,adaptive_jones,cpu,False,,numpy,numpy.linalg.solve,fixed_pol_anchor,True,fixed_anchor_then_adaptive_jones_score_selection,fixed_pol_anchor,16.72349937920521,379.30841317715306,140.67276940412518,0.0,True,3,4,3096725.458075429,3177210.2177950735,"[25.986395656017212,379.30841317715306,16.72349937920521]","[0.03848167376542123,0.002636377061200721,0.059796097533673105]","[7.055007666861102e-08,9.26457378448753e-09,1.41119827491893e-07]",direct_vp,"[""poor_clock_consistency""]",3099200.747725348,3096560,True,878297.3827133701,78.38452409487509,3.942404330260876,0.1801396058472796,"[5.5282652878960965,5.089676154503572,5.350874518511714]",170.92492369562387,201.52059518545866,373.72191812098026,nan,nan,nan,nan,False,,nan,,,nan,nan,nan,,,,,,,,0.0008397533205612951,0.00010406063608104148,5.8033577945443415,nan,nan,nan,False,not_run,not_requested
fig2,PEB,49,3038295588,-10.0,snr_db,-10.0,3,3,3,3,full_6d,3038295588,,,nan,,False,,5.4150304570794106,nan,nan,nan,nan,nan,nan,False,,,peb_only,False,b54f4794b228afae,,,,,,,adaptive_jones,True,fixed_anchor_then_adaptive_jones_score_selection,,nan,nan,nan,nan,True,,,nan,nan,,,,,[],nan,,,nan,nan,nan,nan,,nan,nan,nan,0.0010414866567453618,nan,nan,0.0010414866567453618,False,acf4e48940052036015f088be14d19342fd02a5a04e03acf4cbab7169512ba81,5.7984428660158205,computed_unscaled,cpu,nan,nan,nan,,,,,,,,nan,nan,nan,nan,nan,nan,False,,
fig2,adaptive_jones_vp_proposed,50,3229661427,-10.0,snr_db,-10.0,3,3,3,3,full_6d,3229661427,,,nan,,False,,188.4075447767973,0.0016595297262873025,0.0016595297262873025,6.393038841724243e-05,0.0003598061841883626,9.683773914154647e-12,4.885456138888555,False,direct_vp,global_exact_spherical_vp,main_single_proposed,True,16e8e6a3a160a7fb,adaptive_jones,cpu,False,,numpy,numpy.linalg.solve,fixed_pol_anchor,True,fixed_anchor_then_adaptive_jones_score_selection,fixed_pol_anchor,12.540193810264366,126.71266254565754,72.96391449403153,0.0,True,3,4,3096725.458075429,3138903.3353937543,"[12.540193810264366,79.63888712617269,126.71266254565754]","[0.07974358411980383,0.012556679732805043,0.007891871102566122]","[1.6648762139913095e-07,1.0744938758242638e-07,2.828543831313812e-08]",direct_vp,"[""poor_clock_consistency""]",3095812.3061432894,3096560,True,423531.5430930685,124.49445061155896,2.9951454068343235,0.4405748733036207,"[4.936599726350599,5.172478879177267,5.966541909331253]",204.90880301594734,181.8339352607727,388.02288157492876,nan,nan,nan,nan,False,,nan,,,nan,nan,nan,,,,,,,,0.0016595297262873025,6.393038841724243e-05,4.885456138888555,nan,nan,nan,False,not_run,not_requested
fig2,PEB,50,3229661427,-10.0,snr_db,-10.0,3,3,3,3,full_6d,3229661427,,,nan,,False,,5.349558487534523,nan,nan,nan,nan,nan,nan,False,,,peb_only,False,88cacd0c89c83a0b,,,,,,,adaptive_jones,True,fixed_anchor_then_adaptive_jones_score_selection,,nan,nan,nan,nan,True,,,nan,nan,,,,,[],nan,,,nan,nan,nan,nan,,nan,nan,nan,0.0015690312945895314,nan,nan,0.0015690312945895314,False,1942487101149f69652abec158449acd8ba5e0555a4e067cb0f025310bb6ac8a,4.886661312998463,computed_unscaled,cpu,nan,nan,nan,,,,,,,,nan,nan,nan,nan,nan,nan,False,,
fig2,adaptive_jones_vp_proposed,48,3302385666,-10.0,snr_db,-10.0,3,3,3,3,full_6d,3302385666,,,nan,,False,,261.6869527474046,0.0006270369920760595,0.0006270369920760595,6.772897866274291e-05,0.00046853849507330603,6.582852915627496e-12,4.150319129880456,False,direct_vp,global_exact_spherical_vp,main_single_proposed,True,0644b943f5fa7229,adaptive_jones,cpu,False,,numpy,numpy.linalg.solve,fixed_pol_anchor,True,fixed_anchor_then_adaptive_jones_score_selection,fixed_pol_anchor,21.623865365903022,117.27846138011162,53.82838766643525,0.0,True,3,4,3096725.458075429,3096776.223415231,"[22.582836253291102,117.27846138011162,21.623865365903022]","[0.04428141747835959,0.008526714864050084,0.04624520098775669]","[2.6445838654816735e-08,1.5311679282050916e-10,9.047731706257944e-08]",direct_vp,"[""poor_clock_consistency""]",3092814.127841268,3096560,True,790929.933239083,73.64556450442673,4.7624518173108585,0.11905407818062802,"[5.00788756424461,4.9163353625827435,5.201894858730418]",197.69067292660475,255.27193467319012,454.3501061350107,nan,nan,nan,nan,False,,nan,,,nan,nan,nan,,,,,,,,0.0006270369920760595,6.772897866274291e-05,4.150319129880456,nan,nan,nan,False,not_run,not_requested
fig2,PEB,48,3302385666,-10.0,snr_db,-10.0,3,3,3,3,full_6d,3302385666,,,nan,,False,,5.312311753630638,nan,nan,nan,nan,nan,nan,False,,,peb_only,False,a183429121fcc2f2,,,,,,,adaptive_jones,True,fixed_anchor_then_adaptive_jones_score_selection,,nan,nan,nan,nan,True,,,nan,nan,,,,,[],nan,,,nan,nan,nan,nan,,nan,nan,nan,0.0011458153659228702,nan,nan,0.0011458153659228702,False,1b543152d623d7ef1c79c425645de2dcbaa35a96910d0ef3f1aa53205c46b486,4.155367273525431,computed_unscaled,cpu,nan,nan,nan,,,,,,,,nan,nan,nan,nan,nan,nan,False,,
fig2,adaptive_jones_vp_proposed,47,582567175,-10.0,snr_db,-10.0,3,3,3,3,full_6d,582567175,,,nan,,False,,361.39102678745985,0.0010179284460365026,0.0010179284460365026,8.000676793759469e-05,0.00018146665628343791,3.088271041498817e-13,2.1487053844654125,False,direct_vp,global_exact_spherical_vp,main_single_proposed,True,3333f5e8cbf65609,adaptive_jones,cpu,False,,numpy,numpy.linalg.solve,fixed_pol_anchor,True,fixed_anchor_then_adaptive_jones_score_selection,fixed_pol_anchor,14.641754825783035,220.99621694598758,90.67005979350229,0.0,True,3,4,3096725.458075429,3097275.4316418134,"[36.37220760873625,14.641754825783035,220.99621694598758]","[0.02749351952240143,0.06829782439905584,0.0045249643346764075]","[3.4643713089867827e-06,3.970562572753705e-08,9.50595298776118e-10]",direct_vp,"[""poor_clock_consistency""]",3097251.2595945336,3096560,True,536715.992286046,96.16386876575274,2.526188738961864,0.10220117436735965,"[5.173171381669136,5.080606234931858,5.328325226051691]",206.1910698786378,354.30011716485023,561.7507789805532,nan,nan,nan,nan,False,,nan,,,nan,nan,nan,,,,,,,,0.0010179284460365026,8.000676793759469e-05,2.1487053844654125,nan,nan,nan,False,not_run,not_requested
fig2,PEB,47,582567175,-10.0,snr_db,-10.0,3,3,3,3,full_6d,582567175,,,nan,,False,,5.158460900187492,nan,nan,nan,nan,nan,nan,False,,,peb_only,False,073d953ea8a21f9a,,,,,,,adaptive_jones,True,fixed_anchor_then_adaptive_jones_score_selection,,nan,nan,nan,nan,True,,,nan,nan,,,,,[],nan,,,nan,nan,nan,nan,,nan,nan,nan,0.001381373393494047,nan,nan,0.001381373393494047,False,050689952234d9ff329be9f4e449f2035a50644af1a2423c3a762752f771130c,2.148236925885505,computed_unscaled,cpu,nan,nan,nan,,,,,,,,nan,nan,nan,nan,nan,nan,False,,
fig2,adaptive_jones_vp_proposed,51,2092735507,-10.0,snr_db,-10.0,3,3,3,3,full_6d,2092735507,,,nan,,False,,430.311923481524,0.0019281408175482728,0.0019281408175482728,4.282460089477614e-05,0.000589879090003425,1.667887226036585e-12,7.0858245990441,False,direct_vp,global_exact_spherical_vp,main_single_proposed,True,7505e01823235e60,adaptive_jones,cpu,False,,numpy,numpy.linalg.solve,fixed_pol_anchor,True,fixed_anchor_then_adaptive_jones_score_selection,fixed_pol_anchor,11.727081379269725,140.6591703130768,94.69923663381572,0.0,True,3,4,3096725.458075429,3100150.8594043367,"[140.6591703130768,11.727081379269725,131.7114582091006]","[0.007109383608857906,0.08527270918030803,0.0075923538731210655]","[2.0229056803166752e-08,6.697443377805034e-08,1.3122941109385497e-09]",direct_vp,"[""poor_clock_consistency""]",3096489.564358138,3096560,True,601554.8835447852,97.3048360378693,2.0927212092860463,0.5988989731000811,"[6.15706270108708,5.06885632131388,4.7609530169898004]",188.1988247036934,423.14571548998356,612.6765889003873,nan,nan,nan,nan,False,,nan,,,nan,nan,nan,,,,,,,,0.0019281408175482728,4.282460089477614e-05,7.0858245990441,nan,nan,nan,False,not_run,not_requested
fig2,PEB,51,2092735507,-10.0,snr_db,-10.0,3,3,3,3,full_6d,2092735507,,,nan,,False,,5.809860974550247,nan,nan,nan,nan,nan,nan,False,,,peb_only,False,5fb471e2833435b5,,,,,,,adaptive_jones,True,fixed_anchor_then_adaptive_jones_score_selection,,nan,nan,nan,nan,True,,,nan,nan,,,,,[],nan,,,nan,nan,nan,nan,,nan,nan,nan,0.0013317385237289231,nan,nan,0.0013317385237289231,False,ceb68ab38b09da961371426ea0267363a416dbe569c6f715609cdf27a87a3792,7.0860223932832245,computed_unscaled,cpu,nan,nan,nan,,,,,,,,nan,nan,nan,nan,nan,nan,False,,
fig2,adaptive_jones_vp_proposed,55,3199904066,-10.0,snr_db,-10.0,3,3,3,3,full_6d,3199904066,,,nan,,False,,187.85338129103184,0.0004979538697982256,0.0004979538697982256,3.470052323772569e-05,0.00044117382823336747,1.979173308342157e-12,3.9241461583065966,False,direct_vp,global_exact_spherical_vp,main_single_proposed,True,661c74fa58249e37,adaptive_jones,cpu,False,,numpy,numpy.linalg.solve,fixed_pol_anchor,True,fixed_anchor_then_adaptive_jones_score_selection,fixed_pol_anchor,20.807804887680096,39.19960117443812,32.49926769831436,0.0,True,3,4,3096725.458075429,3096811.0124246455,"[39.19960117443812,37.49039703282488,20.807804887680096]","[0.02551046362718853,0.026673497191479604,0.04805888969918558]","[8.104810884935176e-08,1.9464525525111366e-08,3.29665069943538e-08]",direct_vp,"[""poor_clock_consistency""]",3094481.917854857,3096560,True,853290.6327531178,66.28539706668242,6.316050403350529,0.11682366704848739,"[5.230164747625366,5.019830217606807,4.956966234232475]",189.40773398429155,180.40158601105213,371.10203289985657,nan,nan,nan,nan,False,,nan,,,nan,nan,nan,,,,,,,,0.0004979538697982256,3.470052323772569e-05,3.9241461583065966,nan,nan,nan,False,not_run,not_requested
fig2,PEB,55,3199904066,-10.0,snr_db,-10.0,3,3,3,3,full_6d,3199904066,,,nan,,False,,5.392424941062927,nan,nan,nan,nan,nan,nan,False,,,peb_only,False,94460c65fd68c26b,,,,,,,adaptive_jones,True,fixed_anchor_then_adaptive_jones_score_selection,,nan,nan,nan,nan,True,,,nan,nan,,,,,[],nan,,,nan,nan,nan,nan,,nan,nan,nan,0.0010862244274421897,nan,nan,0.0010862244274421897,False,ff385e78e5554a838decb9742089f6308b997df2029ddf9a6dfeb38655607425,3.9268016866383753,computed_unscaled,cpu,nan,nan,nan,,,,,,,,nan,nan,nan,nan,nan,nan,False,,
fig2,adaptive_jones_vp_proposed,56,2167631329,-10.0,snr_db,-10.0,3,3,3,3,full_6d,2167631329,,,nan,,False,,186.94999124109745,0.00026286241895157655,0.00026286241895157655,3.178484186224032e-05,0.00022938739870782433,2.875520054829808e-12,3.9487011026652663,False,direct_vp,global_exact_spherical_vp,main_single_proposed,True,e37765fe19faa21d,adaptive_jones,cpu,False,,numpy,numpy.linalg.solve,fixed_pol_anchor,True,fixed_anchor_then_adaptive_jones_score_selection,fixed_pol_anchor,13.812923058544719,221.60208274632745,92.84341369844647,0.0,True,3,4,3096725.458075429,3097271.8721756255,"[43.1152352904673,221.60208274632745,13.812923058544719]","[0.023193657490673213,0.00451259296566774,0.0723959726516817]","[9.141140112710821e-08,1.3609091482370492e-10,8.008981644476582e-08]",direct_vp,"[""poor_clock_consistency""]",3095587.0161767965,3096560,True,812227.7127135737,84.94006230615578,3.2348871753353006,0.21706438945779613,"[4.663275794303394,4.544190508727888,5.052498449124131]",182.82216637581587,180.02644316107035,364.1438498198986,nan,nan,nan,nan,False,,nan,,,nan,nan,nan,,,,,,,,0.00026286241895157655,3.178484186224032e-05,3.9487011026652663,nan,nan,nan,False,not_run,not_requested
fig2,PEB,56,2167631329,-10.0,snr_db,-10.0,3,3,3,3,full_6d,2167631329,,,nan,,False,,4.960920102894306,nan,nan,nan,nan,nan,nan,False,,,peb_only,False,c142928d958c3e76,,,,,,,adaptive_jones,True,fixed_anchor_then_adaptive_jones_score_selection,,nan,nan,nan,nan,True,,,nan,nan,,,,,[],nan,,,nan,nan,nan,nan,,nan,nan,nan,0.001068946960662571,nan,nan,0.001068946960662571,False,7d96ebe691cae134218fac4c44588ab5938392c288ecaa287b62d8519dd2dcef,3.949962640943077,computed_unscaled,cpu,nan,nan,nan,,,,,,,,nan,nan,nan,nan,nan,nan,False,,
fig2,adaptive_jones_vp_proposed,12,2210497206,-10.0,snr_db,-10.0,3,3,3,3,full_6d,2210497206,,,nan,,False,,1693.052705436945,0.0012580921913760892,0.0012580921913760892,3.0337992462191498e-05,4.397926989614065e-05,8.939640099964324e-13,4.559175738799348,False,direct_vp,global_exact_spherical_vp,main_single_proposed,True,b531c57e0db81492,adaptive_jones,cpu,False,,numpy,numpy.linalg.solve,fixed_pol_anchor,True,fixed_anchor_then_adaptive_jones_score_selection,fixed_pol_anchor,18.970224315616164,51.46685029825501,35.25371176102016,0.0,True,3,4,3096725.458075429,3106169.741033709,"[51.46685029825501,35.3240606691893,18.970224315616164]","[0.019429982486852092,0.028309316115429105,0.05271418952899974]","[4.9478769903557664e-08,4.310151546103499e-08,7.080661182515066e-08]",direct_vp,[],3098867.896945006,3096560,True,911871.9838721618,71.36700596321215,7.028237797192763,0.016484750002115113,"[5.2357882774615305,5.242544286296378,5.204689787273026]",141.04646561294794,1686.6663435176015,1829.055376648903,nan,nan,nan,nan,False,,nan,,,nan,nan,nan,,,,,,,,0.0012580921913760892,3.0337992462191498e-05,4.559175738799348,nan,nan,nan,False,not_run,not_requested
fig2,PEB,12,2210497206,-10.0,snr_db,-10.0,3,3,3,3,full_6d,2210497206,,,nan,,False,,5.087141677737236,nan,nan,nan,nan,nan,nan,False,,,peb_only,False,2d7fd83df99e863a,,,,,,,adaptive_jones,True,fixed_anchor_then_adaptive_jones_score_selection,,nan,nan,nan,nan,True,,,nan,nan,,,,,[],nan,,,nan,nan,nan,nan,,nan,nan,nan,0.0010167793032284742,nan,nan,0.0010167793032284742,False,0a1c4f0b423cde7d810066f20685360779b434f786c785131581505ed3dd312e,4.555803810309656,computed_unscaled,cpu,nan,nan,nan,,,,,,,,nan,nan,nan,nan,nan,nan,False,,
fig2,adaptive_jones_vp_proposed,53,3576518520,-10.0,snr_db,-10.0,3,3,3,3,full_6d,3576518520,,,nan,,False,,324.06408286839724,0.0645597096004722,0.0645597096004722,0.013707180496459099,0.05176228125303927,7.262002311124683e-11,1.8777880649177023,False,direct_vp,global_exact_spherical_vp,main_single_proposed,True,3e99480f4459551b,adaptive_jones,cpu,False,,numpy,numpy.linalg.solve,adaptive_jones,True,fixed_anchor_then_adaptive_jones_score_selection,adaptive_jones,268.4661976375027,66876.49702219822,25770.303298144947,0.0,True,6,4,3096725.458075429,2829754.1836228957,"[10165.946674599107,268.4661976375027,66876.49702219822]","[9.83676210236946e-05,0.0037248637203920426,1.4952935300896133e-05]","[7.140804613231592e-08,5.0446803462444886e-11,8.749039176026277e-15]",direct_vp,"[""low_assignment_margin"",""poor_clock_consistency""]",3097838.4762659306,3096560,True,286783.3087197734,217.29375791970634,0.09674656392661998,37.63937812596696,"[85.22325668950846,5.056938431172663,5.703140294721649]",153.88215880841017,317.22016252577305,472.4715112224221,nan,nan,nan,nan,False,,nan,,,nan,nan,nan,,,,,,,,0.0645597096004722,0.013707180496459099,1.8777880649177023,nan,nan,nan,False,not_run,not_requested
fig2,PEB,53,3576518520,-10.0,snr_db,-10.0,3,3,3,3,full_6d,3576518520,,,nan,,False,,5.496996194124222,nan,nan,nan,nan,nan,nan,False,,,peb_only,False,690f0c0089fa1f45,,,,,,,adaptive_jones,True,fixed_anchor_then_adaptive_jones_score_selection,,nan,nan,nan,nan,True,,,nan,nan,,,,,[],nan,,,nan,nan,nan,nan,,nan,nan,nan,0.0016873163838050024,nan,nan,0.0016873163838050024,False,e200269e04ccf0a54521e583b609be7b0a3b6bdaccfd671ee9c073b4737a05cd,1.8770228013694026,computed_unscaled,cpu,nan,nan,nan,,,,,,,,nan,nan,nan,nan,nan,nan,False,,
fig2,adaptive_jones_vp_proposed,57,476784074,-10.0,snr_db,-10.0,3,3,3,3,full_6d,476784074,,,nan,,False,,168.84849487245083,0.0005386335998047308,0.0005386335998047308,5.426236757761466e-05,0.0001674352901215946,1.5385988745298778e-13,1.7667710677753692,False,direct_vp,global_exact_spherical_vp,main_single_proposed,True,1df835de5b92bbe9,adaptive_jones,cpu,False,,numpy,numpy.linalg.solve,fixed_pol_anchor,True,fixed_anchor_then_adaptive_jones_score_selection,fixed_pol_anchor,22.110635424854713,41.130609783445514,32.30719153908683,0.0,True,3,4,3096725.458075429,3097905.3831831333,"[33.680329408960276,41.130609783445514,22.110635424854713]","[0.029690921006855737,0.024312792959402106,0.045227103643244136]","[1.1430248741204687e-07,7.503070343931439e-09,6.64417586626473e-08]",direct_vp,"[""poor_clock_consistency""]",3100071.8003664725,3096560,True,852261.9316094486,61.68798945229007,4.7828622600745145,0.14673356604949497,"[4.910022588654804,4.883894850911284,5.2074040987396515]",196.76426280289888,162.4815448075533,360.52616384625435,nan,nan,nan,nan,False,,nan,,,nan,nan,nan,,,,,,,,0.0005386335998047308,5.426236757761466e-05,1.7667710677753692,nan,nan,nan,False,not_run,not_requested
fig2,PEB,57,476784074,-10.0,snr_db,-10.0,3,3,3,3,full_6d,476784074,,,nan,,False,,5.131817765533924,nan,nan,nan,nan,nan,nan,False,,,peb_only,False,b2c346cc7fc69699,,,,,,,adaptive_jones,True,fixed_anchor_then_adaptive_jones_score_selection,,nan,nan,nan,nan,True,,,nan,nan,,,,,[],nan,,,nan,nan,nan,nan,,nan,nan,nan,0.0010949932382749352,nan,nan,0.0010949932382749352,False,0678217d596e534740a4e9789e3054b9b6004d88d7430db9577064550d35976f,1.7647787658727254,computed_unscaled,cpu,nan,nan,nan,,,,,,,,nan,nan,nan,nan,nan,nan,False,,
fig2,adaptive_jones_vp_proposed,14,1092560480,-10.0,snr_db,-10.0,3,3,3,3,full_6d,1092560480,,,nan,,False,,1879.2309032976627,0.0011081150579330176,0.0011081150579330176,6.063326040318495e-05,0.0007918419357935275,2.176392520887742e-12,2.1617529816192276,False,direct_vp,global_exact_spherical_vp,main_single_proposed,True,874c8a54475c7393,adaptive_jones,cpu,False,,numpy,numpy.linalg.solve,fixed_pol_anchor,True,fixed_anchor_then_adaptive_jones_score_selection,fixed_pol_anchor,22.514979491250823,37.59174736964779,31.83142963843648,0.0,True,3,4,3096725.458075429,3115994.7021692144,"[37.59174736964779,35.38756205441082,22.514979491250823]","[0.026601583324371483,0.028258516323533208,0.04441487501092677]","[5.4036589842231555e-08,4.9794942720591096e-08,2.4276187875292665e-07]",direct_vp,"[""poor_clock_consistency""]",3094527.375798792,3096560,True,792488.19806709,68.69347077336909,5.4707817270763,0.12593124720141174,"[5.178098274088331,4.919464811443007,4.903194439635855]",145.2451845034957,1871.2887290343642,2018.0439156591892,nan,nan,nan,nan,False,,nan,,,nan,nan,nan,,,,,,,,0.0011081150579330176,6.063326040318495e-05,2.1617529816192276,nan,nan,nan,False,not_run,not_requested
fig2,PEB,14,1092560480,-10.0,snr_db,-10.0,3,3,3,3,full_6d,1092560480,,,nan,,False,,5.559529669582844,nan,nan,nan,nan,nan,nan,False,,,peb_only,False,e9414675213fb7f1,,,,,,,adaptive_jones,True,fixed_anchor_then_adaptive_jones_score_selection,,nan,nan,nan,nan,True,,,nan,nan,,,,,[],nan,,,nan,nan,nan,nan,,nan,nan,nan,0.0011431537096209005,nan,nan,0.0011431537096209005,False,f1022bc01518ff6f31f9f6e642efb32029d98d2c096644b99cc3e0e6c8ec44d7,2.1631840949807746,computed_unscaled,cpu,nan,nan,nan,,,,,,,,nan,nan,nan,nan,nan,nan,False,,
fig2,adaptive_jones_vp_proposed,59,1187262716,-10.0,snr_db,-10.0,3,3,3,3,full_6d,1187262716,,,nan,,False,,170.9414952918887,0.0008323397978668203,0.0008323397978668203,4.8303188518280584e-05,0.000710098464306463,2.1913756015780003e-12,2.493570694862502,False,direct_vp,global_exact_spherical_vp,main_single_proposed,True,0f67262253937c83,adaptive_jones,cpu,False,,numpy,numpy.linalg.solve,fixed_pol_anchor,True,fixed_anchor_then_adaptive_jones_score_selection,fixed_pol_anchor,16.293893468229488,285.4171017382579,109.85077585321449,0.0,True,3,4,3096725.458075429,3099588.986015226,"[16.293893468229488,285.4171017382579,27.8413323531561]","[0.061372685536059735,0.0035036442932968826,0.03591782129129314]","[1.730354988960229e-07,3.0075136805973145e-09,6.557563885680681e-08]",direct_vp,"[""poor_clock_consistency""]",3097887.1519666957,3096560,True,767742.3283547069,73.7691247818122,4.466762259099457,0.20526864854751073,"[5.290986844006856,4.833056886536796,4.882206412979903]",120.33852442353964,164.33673283457756,286.0368559807539,nan,nan,nan,nan,False,,nan,,,nan,nan,nan,,,,,,,,0.0008323397978668203,4.8303188518280584e-05,2.493570694862502,nan,nan,nan,False,not_run,not_requested
fig2,PEB,59,1187262716,-10.0,snr_db,-10.0,3,3,3,3,full_6d,1187262716,,,nan,,False,,5.119094915688038,nan,nan,nan,nan,nan,nan,False,,,peb_only,False,f29d12f31bd0e472,,,,,,,adaptive_jones,True,fixed_anchor_then_adaptive_jones_score_selection,,nan,nan,nan,nan,True,,,nan,nan,,,,,[],nan,,,nan,nan,nan,nan,,nan,nan,nan,0.0011902208972583582,nan,nan,0.0011902208972583582,False,ba85b3dc69f0d5910f5e051466d13a9fa16bdfb1c72eaceaa138a692faa0065e,2.492515314223931,computed_unscaled,cpu,nan,nan,nan,,,,,,,,nan,nan,nan,nan,nan,nan,False,,
fig2,adaptive_jones_vp_proposed,60,1839575832,-10.0,snr_db,-10.0,3,3,3,3,full_6d,1839575832,,,nan,,False,,172.12375513464212,0.0018553386663357112,0.0018553386663357112,3.749247230789271e-05,8.448557915077229e-05,7.813140438241347e-13,5.609026988120356,False,direct_vp,global_exact_spherical_vp,main_single_proposed,True,5bc2544c9ae325f6,adaptive_jones,cpu,False,,numpy,numpy.linalg.solve,fixed_pol_anchor,True,fixed_anchor_then_adaptive_jones_score_selection,fixed_pol_anchor,12.301569800064154,171.42682199428495,87.47486225639149,0.0,True,3,4,3096725.458075429,3107797.4743651245,"[78.69619497482537,12.301569800064154,171.42682199428495]","[0.0127070946726357,0.08129043823191437,0.005833392862301975]","[3.861830437559322e-06,1.7145261085584048e-09,7.510298995701654e-10]",direct_vp,"[""low_assignment_margin"",""poor_clock_consistency""]",3095668.071920946,3096560,True,565987.5857971368,94.63471098296867,0.6356147494529212,0.6333772853710431,"[6.7099230942162,5.160932092633608,5.859792330021633]",141.5968738272786,164.41382113099098,307.29884427040815,nan,nan,nan,nan,False,,nan,,,nan,nan,nan,,,,,,,,0.0018553386663357112,3.749247230789271e-05,5.609026988120356,nan,nan,nan,False,not_run,not_requested
fig2,PEB,60,1839575832,-10.0,snr_db,-10.0,3,3,3,3,full_6d,1839575832,,,nan,,False,,5.4067423939704895,nan,nan,nan,nan,nan,nan,False,,,peb_only,False,4141163757296fdb,,,,,,,adaptive_jones,True,fixed_anchor_then_adaptive_jones_score_selection,,nan,nan,nan,nan,True,,,nan,nan,,,,,[],nan,,,nan,nan,nan,nan,,nan,nan,nan,0.0013668471377324787,nan,nan,0.0013668471377324787,False,42d79a12e13d52ea36763a6478c0ea4b122194dbd7e070b6eef8b19740c115ec,5.610672058903261,computed_unscaled,cpu,nan,nan,nan,,,,,,,,nan,nan,nan,nan,nan,nan,False,,
fig2,adaptive_jones_vp_proposed,11,3685333214,-10.0,snr_db,-10.0,3,3,3,3,full_6d,3685333214,,,nan,,False,,1984.90883359313,0.00010354845454053385,0.00010354845454053385,2.5843319969427313e-05,4.48139040937596e-05,1.7731550320280056e-12,2.8631281834070923,False,direct_vp,global_exact_spherical_vp,main_single_proposed,True,98e1982b43327327,adaptive_jones,cpu,False,,numpy,numpy.linalg.solve,fixed_pol_anchor,True,fixed_anchor_then_adaptive_jones_score_selection,fixed_pol_anchor,12.084108701762768,319.1287417742574,133.70821749576177,0.0,True,3,4,3096725.458075429,3121254.992167257,"[319.1287417742574,12.084108701762768,69.91180201126511]","[0.0031335316089712876,0.08275331053932351,0.014303736581828558]","[1.701868401729185e-09,2.792319888964573e-07,1.0873231888668078e-08]",direct_vp,"[""poor_clock_consistency""]",3091929.0270479615,3096560,True,601748.6801517614,91.82831426794142,1.5642552497098197,1.5291875039027318,"[8.173994015891482,4.789689517681763,5.091616174674572]",141.55415932834148,1977.2753802761436,2120.1832400113344,nan,nan,nan,nan,False,,nan,,,nan,nan,nan,,,,,,,,0.00010354845454053385,2.5843319969427313e-05,2.8631281834070923,nan,nan,nan,False,not_run,not_requested
fig2,PEB,11,3685333214,-10.0,snr_db,-10.0,3,3,3,3,full_6d,3685333214,,,nan,,False,,5.405999518930912,nan,nan,nan,nan,nan,nan,False,,,peb_only,False,87f695d04a4c769a,,,,,,,adaptive_jones,True,fixed_anchor_then_adaptive_jones_score_selection,,nan,nan,nan,nan,True,,,nan,nan,,,,,[],nan,,,nan,nan,nan,nan,,nan,nan,nan,0.0013621409396788239,nan,nan,0.0013621409396788239,False,e9ccda1e403051d390ee49d3f08d80b8c395469b47c082ff498964bcdaeda690,2.867431283222813,computed_unscaled,cpu,nan,nan,nan,,,,,,,,nan,nan,nan,nan,nan,nan,False,,
fig2,adaptive_jones_vp_proposed,58,1249403404,-10.0,snr_db,-10.0,3,3,3,3,full_6d,1249403404,,,nan,,False,,428.3357444629073,0.0009410175396085565,0.0009410175396085565,4.7146742047365e-05,1.972952915996395e-05,5.968979957833568e-12,6.789274454558632,False,direct_vp,global_exact_spherical_vp,main_single_proposed,True,4e15d810b4a1228c,adaptive_jones,cpu,False,,numpy,numpy.linalg.solve,fixed_pol_anchor,True,fixed_anchor_then_adaptive_jones_score_selection,fixed_pol_anchor,19.567460486472108,174.84698773528567,72.53996499259914,0.0,True,3,4,3096725.458075429,3097849.409736032,"[19.567460486472108,23.20544675603962,174.84698773528567]","[0.051105252041867104,0.04309333108256264,0.005719286404516902]","[3.3092680350822e-08,1.296943767646913e-08,2.4964528216262266e-08]",direct_vp,"[""poor_clock_consistency""]",3097920.911119229,3096560,True,439646.37672465557,95.6807103656975,3.7048132490947188,0.12568281692152516,"[4.978008460594513,4.690778862546985,4.93034748179733]",177.39368733763695,421.7292041629553,600.4823744744062,nan,nan,nan,nan,False,,nan,,,nan,nan,nan,,,,,,,,0.0009410175396085565,4.7146742047365e-05,6.789274454558632,nan,nan,nan,False,not_run,not_requested
fig2,PEB,58,1249403404,-10.0,snr_db,-10.0,3,3,3,3,full_6d,1249403404,,,nan,,False,,5.2344727367162704,nan,nan,nan,nan,nan,nan,False,,,peb_only,False,4d6a4edbaae9dd38,,,,,,,adaptive_jones,True,fixed_anchor_then_adaptive_jones_score_selection,,nan,nan,nan,nan,True,,,nan,nan,,,,,[],nan,,,nan,nan,nan,nan,,nan,nan,nan,0.0015257911518762766,nan,nan,0.0015257911518762766,False,282ef6b6a0b0bdc03992830ab54a887d3acbc9d2eab301295ecf986d4506a68e,6.7863270033591325,computed_unscaled,cpu,nan,nan,nan,,,,,,,,nan,nan,nan,nan,nan,nan,False,,
fig2,adaptive_jones_vp_proposed,63,3424526765,-10.0,snr_db,-10.0,3,3,3,3,full_6d,3424526765,,,nan,,False,,172.1686136573553,0.0003513344442250237,0.0003513344442250237,5.879287306410158e-05,0.00027790520019937764,3.4353647509094067e-12,3.254165778167082,False,direct_vp,global_exact_spherical_vp,main_single_proposed,True,427fc9075bc6ed4c,adaptive_jones,cpu,False,,numpy,numpy.linalg.solve,fixed_pol_anchor,True,fixed_anchor_then_adaptive_jones_score_selection,fixed_pol_anchor,18.50067593535742,83.05009003727722,43.639449759534266,0.0,True,3,4,3096725.458075429,3128852.5950771254,"[83.05009003727722,18.50067593535742,29.367583305968164]","[0.012040926138287118,0.05405207914973297,0.03405115053397702]","[1.8791819129399624e-08,1.8890699017905493e-08,2.421574299275774e-07]",direct_vp,"[""poor_clock_consistency""]",3097440.6391667686,3096560,True,749922.6553311803,71.78468063089657,4.177037978822836,0.16616522698068192,"[4.860519383987456,5.154039585113767,5.251478973917429]",186.48432863503695,163.4867441803217,351.17553167045116,nan,nan,nan,nan,False,,nan,,,nan,nan,nan,,,,,,,,0.0003513344442250237,5.879287306410158e-05,3.254165778167082,nan,nan,nan,False,not_run,not_requested
fig2,PEB,63,3424526765,-10.0,snr_db,-10.0,3,3,3,3,full_6d,3424526765,,,nan,,False,,5.299023941159248,nan,nan,nan,nan,nan,nan,False,,,peb_only,False,7e3385cf8ca5d33d,,,,,,,adaptive_jones,True,fixed_anchor_then_adaptive_jones_score_selection,,nan,nan,nan,nan,True,,,nan,nan,,,,,[],nan,,,nan,nan,nan,nan,,nan,nan,nan,0.0011907643546135674,nan,nan,0.0011907643546135674,False,258f950ff6512034899ff541f16fbb81fb7ab692c62ede128038d4532b76f1bb,3.2532573897539567,computed_unscaled,cpu,nan,nan,nan,,,,,,,,nan,nan,nan,nan,nan,nan,False,,
fig2,adaptive_jones_vp_proposed,65,2236466502,-10.0,snr_db,-10.0,3,3,3,3,full_6d,2236466502,,,nan,,False,,162.58726589381695,0.0006217426739215624,0.0006217426739215624,5.160706565517274e-05,0.0003800509006439681,6.817690001845975e-12,1.0593867980102734,False,direct_vp,global_exact_spherical_vp,main_single_proposed,True,7ff6d9823cfdd27f,adaptive_jones,cpu,False,,numpy,numpy.linalg.solve,fixed_pol_anchor,True,fixed_anchor_then_adaptive_jones_score_selection,fixed_pol_anchor,22.257851731436567,62.05166517220173,36.62070701692638,0.0,True,3,4,3096725.458075429,3098093.683235265,"[25.55260414714083,62.05166517220173,22.257851731436567]","[0.039134954473371786,0.016115602976371605,0.04492796573738341]","[7.981393303015612e-08,2.3099487274859412e-08,4.66305444676673e-08]",direct_vp,"[""poor_clock_consistency""]",3100303.2880698307,3096560,True,882099.8476273656,70.04418486796943,4.4943980994003905,0.20014260119594415,"[5.303809607271147,5.050565032982285,4.8136530537148765]",172.1094590574503,155.23454563319683,328.7084159627557,nan,nan,nan,nan,False,,nan,,,nan,nan,nan,,,,,,,,0.0006217426739215624,5.160706565517274e-05,1.0593867980102734,nan,nan,nan,False,not_run,not_requested
fig2,PEB,65,2236466502,-10.0,snr_db,-10.0,3,3,3,3,full_6d,2236466502,,,nan,,False,,5.446379527449608,nan,nan,nan,nan,nan,nan,False,,,peb_only,False,782f7ceb0fb0584e,,,,,,,adaptive_jones,True,fixed_anchor_then_adaptive_jones_score_selection,,nan,nan,nan,nan,True,,,nan,nan,,,,,[],nan,,,nan,nan,nan,nan,,nan,nan,nan,0.0010744984598680988,nan,nan,0.0010744984598680988,False,8713a1af4c8a44df0d773df8c1e647ae5757abeba9d4009ab7b9d7ee65d54a43,1.0581131678500388,computed_unscaled,cpu,nan,nan,nan,,,,,,,,nan,nan,nan,nan,nan,nan,False,,
fig2,adaptive_jones_vp_proposed,66,437355907,-10.0,snr_db,-10.0,3,3,3,3,full_6d,437355907,,,nan,,False,,170.4689835086465,0.0017588822518074482,0.0017588822518074482,8.100806161162975e-05,0.00037102715220911034,4.871583007781001e-13,5.809972771619445,False,direct_vp,global_exact_spherical_vp,main_single_proposed,True,6fd4b88e969519d2,adaptive_jones,cpu,False,,numpy,numpy.linalg.solve,fixed_pol_anchor,True,fixed_anchor_then_adaptive_jones_score_selection,fixed_pol_anchor,20.31634036638244,75.53042697684653,40.82623523386655,0.0,True,3,4,3096725.458075429,3097127.896172191,"[26.631938358370682,75.53042697684653,20.31634036638244]","[0.037548900366054586,0.01323969742989821,0.04922146321364005]","[1.3737501956624939e-08,2.5020079567775977e-09,1.218344577725345e-07]",direct_vp,[],3097743.037977098,3096560,True,830115.4880877772,78.21282933589177,6.241280025895449,0.09201421183662381,"[5.229289327891168,5.036386493747625,5.031886730815598]",181.39824628084898,163.9152077883482,346.6912370547652,nan,nan,nan,nan,False,,nan,,,nan,nan,nan,,,,,,,,0.0017588822518074482,8.100806161162975e-05,5.809972771619445,nan,nan,nan,False,not_run,not_requested
fig2,PEB,66,437355907,-10.0,snr_db,-10.0,3,3,3,3,full_6d,437355907,,,nan,,False,,5.452221050858498,nan,nan,nan,nan,nan,nan,False,,,peb_only,False,b97266c2bd0f7d5f,,,,,,,adaptive_jones,True,fixed_anchor_then_adaptive_jones_score_selection,,nan,nan,nan,nan,True,,,nan,nan,,,,,[],nan,,,nan,nan,nan,nan,,nan,nan,nan,0.0011219353536922588,nan,nan,0.0011219353536922588,False,34c19cd95e99da79457cbf3518f1232a26ad19f1e8691866bda8c30a1c520f1f,5.807783933233801,computed_unscaled,cpu,nan,nan,nan,,,,,,,,nan,nan,nan,nan,nan,nan,False,,
fig2,adaptive_jones_vp_proposed,67,804537149,-10.0,snr_db,-10.0,3,3,3,3,full_6d,804537149,,,nan,,False,,163.89843026548624,0.0025464535152881934,0.0025464535152881934,7.880739512196784e-05,9.232375368178131e-05,6.966294627388272e-12,4.5439312646854875,False,direct_vp,global_exact_spherical_vp,main_single_proposed,True,8c7b29a6523422b4,adaptive_jones,cpu,False,,numpy,numpy.linalg.solve,fixed_pol_anchor,True,fixed_anchor_then_adaptive_jones_score_selection,fixed_pol_anchor,29.02265446335544,31.274763722264726,30.176286743258007,0.0,True,3,4,3096725.458075429,3096765.952543671,"[29.02265446335544,30.23144204415386,31.274763722264726]","[0.034455842115806344,0.03307814422180857,0.0319746620262016]","[2.2595246309754635e-08,9.867015002380104e-09,7.997822009292208e-08]",direct_vp,"[""poor_clock_consistency""]",3092776.879764915,3096560,True,806618.3474704665,70.7609968150044,4.196122686620274,0.29962503696421683,"[5.136700607734892,5.359732501934291,4.642674803079596]",183.86542776972055,156.22826466709375,341.48130444437265,nan,nan,nan,nan,False,,nan,,,nan,nan,nan,,,,,,,,0.0025464535152881934,7.880739512196784e-05,4.5439312646854875,nan,nan,nan,False,not_run,not_requested
fig2,PEB,67,804537149,-10.0,snr_db,-10.0,3,3,3,3,full_6d,804537149,,,nan,,False,,5.651221394538879,nan,nan,nan,nan,nan,nan,False,,,peb_only,False,cbbe7288fa8c6ecb,,,,,,,adaptive_jones,True,fixed_anchor_then_adaptive_jones_score_selection,,nan,nan,nan,nan,True,,,nan,nan,,,,,[],nan,,,nan,nan,nan,nan,,nan,nan,nan,0.0011200162436660194,nan,nan,0.0011200162436660194,False,b26904abe3f7d46852807fc0a30cd211634c6c8e972ac0e965050f20e27517f2,4.549512960968672,computed_unscaled,cpu,nan,nan,nan,,,,,,,,nan,nan,nan,nan,nan,nan,False,,
fig2,adaptive_jones_vp_proposed,16,1080178429,-10.0,snr_db,-10.0,3,3,3,3,full_6d,1080178429,,,nan,,False,,2459.184594489634,0.00026755424110222643,0.00026755424110222643,1.8684948740873782e-05,0.00022432921971096435,3.1487758319779436e-12,4.80928895482124,False,direct_vp_rollback,global_exact_spherical_vp,main_single_proposed,True,bc16f92c1b831095,adaptive_jones,cpu,False,,numpy,numpy.linalg.solve,fixed_pol_anchor,True,fixed_anchor_then_adaptive_jones_score_selection,fixed_pol_anchor,15.834561416349505,2011.3651496948282,685.0857752047095,0.0,True,3,4,3096725.458075429,3212296.5310662547,"[28.05761450295089,2011.3651496948282,15.834561416349505]","[0.03564094872950692,0.0004971747661732921,0.06315299639127643]","[2.1325330044074966e-07,3.2389253150935256e-07,6.896969481553757e-08]",jnpp_then_vp,"[""low_assignment_margin"",""poor_clock_consistency""]",3100975.133304464,3096560,False,856473.1991724931,87.57449337687473,0.10164280897058253,47.55785168428218,"[5.064346532323099,105.79961730381939,4.764679121752883]",142.33631355315447,1897.9727986752987,2041.7832593023777,nan,nan,nan,nan,False,,nan,,,nan,nan,nan,,,,,,,,0.00026755424110222643,1.8684948740873782e-05,4.80928895482124,0.00026766224791845394,1.8685915648365846e-05,4.809288954821254,True,rollback,existing_selector_rollback
fig2,PEB,16,1080178429,-10.0,snr_db,-10.0,3,3,3,3,full_6d,1080178429,,,nan,,False,,6.5199373587965965,nan,nan,nan,nan,nan,nan,False,,,peb_only,False,e18d3c474a37b45d,,,,,,,adaptive_jones,True,fixed_anchor_then_adaptive_jones_score_selection,,nan,nan,nan,nan,True,,,nan,nan,,,,,[],nan,,,nan,nan,nan,nan,,nan,nan,nan,0.0010492150088653523,nan,nan,0.0010492150088653523,False,2793ff1fce7242989610050dae2e9fefacb8b15f6d60bfd2b55605797f0e0ce8,4.802466357959781,computed_unscaled,cpu,nan,nan,nan,,,,,,,,nan,nan,nan,nan,nan,nan,False,,
fig2,adaptive_jones_vp_proposed,5,2290547997,-10.0,snr_db,-10.0,3,3,3,3,full_6d,2290547997,,,nan,,False,,2515.2415158376098,0.0017093345583367944,0.0017093345583367944,4.4996153431115666e-05,0.0001789136052869296,2.656270687257433e-12,2.727697676226,False,direct_vp,global_exact_spherical_vp,main_single_proposed,True,4ea4ccfb526c9bca,adaptive_jones,cpu,False,,numpy,numpy.linalg.solve,fixed_pol_anchor,True,fixed_anchor_then_adaptive_jones_score_selection,fixed_pol_anchor,17.058355308713416,57.87522228056458,38.437811164800856,0.0,True,3,4,3096725.458075429,3097247.586012288,"[57.87522228056458,17.058355308713416,40.37985590512458]","[0.01727855134783544,0.058622298685040354,0.024764823388899487]","[5.1796812309193075e-08,3.755148961027922e-10,4.9764068695992894e-08]",direct_vp,"[""poor_clock_consistency""]",3093962.160220778,3096560,True,723093.7902387159,74.46660954143569,5.458498058623601,0.10918921647029112,"[4.857503189430332,5.103149574083516,5.071943371176997]",143.92712289094925,2508.176791369915,2653.4511982277036,nan,nan,nan,nan,False,,nan,,,nan,nan,nan,,,,,,,,0.0017093345583367944,4.4996153431115666e-05,2.727697676226,nan,nan,nan,False,not_run,not_requested
fig2,PEB,5,2290547997,-10.0,snr_db,-10.0,3,3,3,3,full_6d,2290547997,,,nan,,False,,5.1672360226511955,nan,nan,nan,nan,nan,nan,False,,,peb_only,False,bea5be348f6172aa,,,,,,,adaptive_jones,True,fixed_anchor_then_adaptive_jones_score_selection,,nan,nan,nan,nan,True,,,nan,nan,,,,,[],nan,,,nan,nan,nan,nan,,nan,nan,nan,0.001213276957871888,nan,nan,0.001213276957871888,False,38f1169f92c897947506b479f5ee71ac29695cde812eaf9f2f26b2ce8e8773e4,2.730002088601652,computed_unscaled,cpu,nan,nan,nan,,,,,,,,nan,nan,nan,nan,nan,nan,False,,
fig2,adaptive_jones_vp_proposed,29,1456316145,-10.0,snr_db,-10.0,3,3,3,3,full_6d,1456316145,,,nan,,False,,2115.8638012707233,0.0005415937133008346,0.0005415937133008346,4.6150711693171196e-05,7.590264162321707e-05,4.783987367007108e-12,5.857033549825508,False,direct_vp,global_exact_spherical_vp,main_single_proposed,True,8f898ec9dc6f5fa5,adaptive_jones,cpu,False,,numpy,numpy.linalg.solve,fixed_pol_anchor,True,fixed_anchor_then_adaptive_jones_score_selection,fixed_pol_anchor,23.176792441682156,70.30048007885914,38.988055278651146,0.0,True,3,4,3096725.458075429,3130499.5956589524,"[70.30048007885914,23.486893315412143,23.176792441682156]","[0.014224653925662464,0.042576937977587326,0.04314660894051843]","[8.826611805121599e-09,1.792953610858136e-08,1.6675149504149702e-07]",direct_vp,"[""poor_clock_consistency""]",3096312.8638556083,3096560,True,871402.5921327226,77.29536621694513,3.508071454017743,0.6024326868493,"[4.034619955519932,4.80681046169298,5.509730592548418]",157.83504842966795,2108.902168251574,2268.091489844024,nan,nan,nan,nan,False,,nan,,,nan,nan,nan,,,,,,,,0.0005415937133008346,4.6150711693171196e-05,5.857033549825508,nan,nan,nan,False,not_run,not_requested
fig2,PEB,29,1456316145,-10.0,snr_db,-10.0,3,3,3,3,full_6d,1456316145,,,nan,,False,,5.200189724564552,nan,nan,nan,nan,nan,nan,False,,,peb_only,False,e1d33babaf649497,,,,,,,adaptive_jones,True,fixed_anchor_then_adaptive_jones_score_selection,,nan,nan,nan,nan,True,,,nan,nan,,,,,[],nan,,,nan,nan,nan,nan,,nan,nan,nan,0.00107917732895236,nan,nan,0.00107917732895236,False,d8fe45eb7ae04a0170dd7feb177c545054b10b09137abe9e9f00552ed53b5825,5.857531302247063,computed_unscaled,cpu,nan,nan,nan,,,,,,,,nan,nan,nan,nan,nan,nan,False,,
fig2,adaptive_jones_vp_proposed,24,2465240206,-10.0,snr_db,-10.0,3,3,3,3,full_6d,2465240206,,,nan,,False,,2192.3532573878765,0.0004044830193338905,0.0004044830193338905,3.380297524119579e-05,0.000210075046159331,1.928102272342743e-12,5.251363788216705,False,direct_vp,global_exact_spherical_vp,main_single_proposed,True,b7b75fc9be8a29ef,adaptive_jones,cpu,False,,numpy,numpy.linalg.solve,fixed_pol_anchor,True,fixed_anchor_then_adaptive_jones_score_selection,fixed_pol_anchor,12.455722254734072,571.8425763833351,213.52606032284916,0.0,True,3,4,3096725.458075429,3116217.43577302,"[56.27988233047839,12.455722254734072,571.8425763833351]","[0.01776833849921129,0.08028438492255816,0.0017487330267584112]","[1.9448051650912164e-09,6.621565029076781e-09,6.546657067619687e-07]",direct_vp,"[""low_assignment_margin"",""poor_clock_consistency""]",3096137.179709084,3096560,True,515920.4762897647,105.69605915393491,0.04340041484004623,42.19945234739691,"[5.144867336808928,4.9759205533820685,94.57883112777469]",152.73124935477972,1946.702955648303,2100.8833247050643,nan,nan,nan,nan,False,,nan,,,nan,nan,nan,,,,,,,,0.0004044830193338905,3.380297524119579e-05,5.251363788216705,nan,nan,nan,False,not_run,not_requested
fig2,PEB,24,2465240206,-10.0,snr_db,-10.0,3,3,3,3,full_6d,2465240206,,,nan,,False,,5.27154378592968,nan,nan,nan,nan,nan,nan,False,,,peb_only,False,61082d340f25b088,,,,,,,adaptive_jones,True,fixed_anchor_then_adaptive_jones_score_selection,,nan,nan,nan,nan,True,,,nan,nan,,,,,[],nan,,,nan,nan,nan,nan,,nan,nan,nan,0.0014217162358910092,nan,nan,0.0014217162358910092,False,d0abc1777196bcc1a36b4bbbb5b3c3e641533288ceccc09b778d2fb6777f61b5,5.2521080720941615,computed_unscaled,cpu,nan,nan,nan,,,,,,,,nan,nan,nan,nan,nan,nan,False,,
fig2,adaptive_jones_vp_proposed,69,1134195269,-10.0,snr_db,-10.0,3,3,3,3,full_6d,1134195269,,,nan,,False,,359.75054857879877,0.0015631007035238759,0.0015631007035238759,3.678407592637087e-05,0.0002020227595452911,1.0781786059296949e-12,6.785533860305105,False,direct_vp,global_exact_spherical_vp,main_single_proposed,True,3d98d8c7390e1922,adaptive_jones,cpu,False,,numpy,numpy.linalg.solve,fixed_pol_anchor,True,fixed_anchor_then_adaptive_jones_score_selection,fixed_pol_anchor,16.058002642765782,681.8338005756921,241.7730681067883,0.0,True,3,4,3096725.458075429,3097213.076343172,"[681.8338005756921,27.427401101906923,16.058002642765782]","[0.0014666330687534662,0.03645988900869818,0.06227424557277972]","[1.4222420387667234e-07,8.629264241193517e-09,2.6530700614583158e-09]",direct_vp,"[""low_assignment_margin"",""poor_clock_consistency""]",3097617.3319301177,3096560,True,827352.0903601504,85.58117062665002,0.8308726383926685,2.732296861626459,"[-0.8279439303345257,5.020037091316183,4.914795612961072]",171.63791281729937,353.57084698975086,526.4630973935127,nan,nan,nan,nan,False,,nan,,,nan,nan,nan,,,,,,,,0.0015631007035238759,3.678407592637087e-05,6.785533860305105,nan,nan,nan,False,not_run,not_requested
fig2,PEB,69,1134195269,-10.0,snr_db,-10.0,3,3,3,3,full_6d,1134195269,,,nan,,False,,5.177442707121372,nan,nan,nan,nan,nan,nan,False,,,peb_only,False,13f0b826db2a76eb,,,,,,,adaptive_jones,True,fixed_anchor_then_adaptive_jones_score_selection,,nan,nan,nan,nan,True,,,nan,nan,,,,,[],nan,,,nan,nan,nan,nan,,nan,nan,nan,0.001050649559177789,nan,nan,0.001050649559177789,False,3c4e17d6858814038ebdb81b7444e4cbebd5be1a61e4510cac6392db534f501a,6.783252754437446,computed_unscaled,cpu,nan,nan,nan,,,,,,,,nan,nan,nan,nan,nan,nan,False,,
fig2,adaptive_jones_vp_proposed,70,1909013635,-10.0,snr_db,-10.0,3,3,3,3,full_6d,1909013635,,,nan,,False,,306.49445567280054,0.0016823139977430472,0.0016823139977430472,5.08401017328775e-05,0.0005146317578621911,2.4129314062187393e-12,2.1130244789128128,False,direct_vp,global_exact_spherical_vp,main_single_proposed,True,ba01b91f08a53ba4,adaptive_jones,cpu,False,,numpy,numpy.linalg.solve,fixed_pol_anchor,True,fixed_anchor_then_adaptive_jones_score_selection,fixed_pol_anchor,11.74729144492148,151.8677518500245,98.55236639400273,0.0,True,3,4,3096725.458075429,3127276.517818756,"[11.74729144492148,151.8677518500245,132.04205588706222]","[0.08512600582669351,0.006584676388939189,0.0075733446677267325]","[3.848593349924904e-09,4.128297966123686e-08,2.2629170803021435e-08]",direct_vp,"[""poor_clock_consistency""]",3096748.0619377843,3096560,True,472606.3620070046,131.702790100053,3.056408814932473,0.33545702273069705,"[4.989061008659005,4.295891900570911,4.260339301041385]",170.8317059725523,300.1669945269823,472.3445081561804,nan,nan,nan,nan,False,,nan,,,nan,nan,nan,,,,,,,,0.0016823139977430472,5.08401017328775e-05,2.1130244789128128,nan,nan,nan,False,not_run,not_requested
fig2,PEB,70,1909013635,-10.0,snr_db,-10.0,3,3,3,3,full_6d,1909013635,,,nan,,False,,5.335194021463394,nan,nan,nan,nan,nan,nan,False,,,peb_only,False,57354ba9788a54a3,,,,,,,adaptive_jones,True,fixed_anchor_then_adaptive_jones_score_selection,,nan,nan,nan,nan,True,,,nan,nan,,,,,[],nan,,,nan,nan,nan,nan,,nan,nan,nan,0.0015024432970662924,nan,nan,0.0015024432970662924,False,7231f7a6a5fbe3cc9ff17e3c4c7cf441e267b4bae6d7354446f2924a30ccbc7b,2.112907074758792,computed_unscaled,cpu,nan,nan,nan,,,,,,,,nan,nan,nan,nan,nan,nan,False,,
fig2,adaptive_jones_vp_proposed,41,4278604885,-10.0,snr_db,-10.0,3,3,3,3,full_6d,4278604885,,,nan,,False,,1884.8041212260723,0.000856326577600879,0.000856326577600879,5.925768155167417e-05,0.0006117540189579887,6.421631208678373e-13,2.8491617951261397,False,direct_vp,global_exact_spherical_vp,main_single_proposed,True,371e7edbe69b360a,adaptive_jones,cpu,False,,numpy,numpy.linalg.solve,fixed_pol_anchor,True,fixed_anchor_then_adaptive_jones_score_selection,fixed_pol_anchor,17.09324554003096,545.2426246222567,195.89809986158068,0.0,True,3,4,3096725.458075429,3123533.104930483,"[17.09324554003096,25.35842942245432,545.2426246222567]","[0.05850264056881356,0.03943461889201876,0.0018340458986447657]","[3.090737556661912e-08,4.623774752101489e-09,1.376713785313396e-07]",direct_vp,"[""low_assignment_margin"",""poor_clock_consistency""]",3096803.1693253787,3096560,True,434360.21303961164,110.5319097731825,0.030089930230772957,62.61178691179636,"[4.944118343370185,4.912288671529987,137.74785796962246]",185.09073132276535,1543.6754957139492,1730.0943288505077,nan,nan,nan,nan,False,,nan,,,nan,nan,nan,,,,,,,,0.000856326577600879,5.925768155167417e-05,2.8491617951261397,nan,nan,nan,False,not_run,not_requested
fig2,PEB,41,4278604885,-10.0,snr_db,-10.0,3,3,3,3,full_6d,4278604885,,,nan,,False,,5.147478498518467,nan,nan,nan,nan,nan,nan,False,,,peb_only,False,227b7bbe2347802c,,,,,,,adaptive_jones,True,fixed_anchor_then_adaptive_jones_score_selection,,nan,nan,nan,nan,True,,,nan,nan,,,,,[],nan,,,nan,nan,nan,nan,,nan,nan,nan,0.0015329843284880812,nan,nan,0.0015329843284880812,False,3ffbd47003275298d380fa4fdbe537af868b54f1a66ff07176dee6a601458b33,2.848952791799966,computed_unscaled,cpu,nan,nan,nan,,,,,,,,nan,nan,nan,nan,nan,nan,False,,
fig2,adaptive_jones_vp_proposed,44,2937526438,-10.0,snr_db,-10.0,3,3,3,3,full_6d,2937526438,,,nan,,False,,1889.7158068940043,0.00047963812112065935,0.00047963812112065935,7.633122427897802e-05,7.051633772823298e-05,7.476833572297284e-13,3.167812187926373,False,direct_vp,global_exact_spherical_vp,main_single_proposed,True,09c17fe70712d3ab,adaptive_jones,cpu,False,,numpy,numpy.linalg.solve,fixed_pol_anchor,True,fixed_anchor_then_adaptive_jones_score_selection,fixed_pol_anchor,19.194475293345647,98.88642404503722,48.184961449633754,0.0,True,3,4,3096725.458075429,3132254.905611387,"[98.88642404503722,19.194475293345647,26.473985010518383]","[0.010112611610322461,0.05209832437188248,0.03777293065536661]","[6.429342746218188e-08,1.84090603079204e-08,4.395271564207914e-09]",direct_vp,"[""poor_clock_consistency""]",3098562.573197975,3096560,True,848386.9114120288,72.76620968678851,3.7111363278213148,0.3964699645283455,"[6.030800753181037,5.126647237080968,5.271758586702144]",185.31817153841257,1882.3943232893944,2068.980678856373,nan,nan,nan,nan,False,,nan,,,nan,nan,nan,,,,,,,,0.00047963812112065935,7.633122427897802e-05,3.167812187926373,nan,nan,nan,False,not_run,not_requested
fig2,PEB,44,2937526438,-10.0,snr_db,-10.0,3,3,3,3,full_6d,2937526438,,,nan,,False,,5.2284184992313385,nan,nan,nan,nan,nan,nan,False,,,peb_only,False,4c28b07df9b1edda,,,,,,,adaptive_jones,True,fixed_anchor_then_adaptive_jones_score_selection,,nan,nan,nan,nan,True,,,nan,nan,,,,,[],nan,,,nan,nan,nan,nan,,nan,nan,nan,0.0010973705548523495,nan,nan,0.0010973705548523495,False,a69e9e58b307bf283137f27fcdcb11ba27c21f96108559d9bf8b0d1b3c2cba08,3.1657812169067183,computed_unscaled,cpu,nan,nan,nan,,,,,,,,nan,nan,nan,nan,nan,nan,False,,
fig2,adaptive_jones_vp_proposed,73,1489186484,-10.0,snr_db,-10.0,3,3,3,3,full_6d,1489186484,,,nan,,False,,186.01643028855324,0.00047860640073320553,0.00047860640073320553,7.990410188307069e-05,0.00017401721730594423,6.250716587593327e-12,2.824982095516199,False,direct_vp,global_exact_spherical_vp,main_single_proposed,True,77d8d94897e75258,adaptive_jones,cpu,False,,numpy,numpy.linalg.solve,fixed_pol_anchor,True,fixed_anchor_then_adaptive_jones_score_selection,fixed_pol_anchor,20.405302448582766,55.27306657948703,35.19741627392955,0.0,True,3,4,3096725.458075429,3128894.0278414357,"[29.913879793718834,55.27306657948703,20.405302448582766]","[0.033429297933465024,0.018091994199501273,0.04900686978295923]","[1.4247203308292494e-08,2.3698125747218964e-08,2.9080042798580526e-07]",direct_vp,[],3096064.4988232744,3096560,True,892239.512383437,68.25650350682962,6.47372549370267,0.057249133340702495,"[5.2483827759314705,5.179989169546467,5.320206351258462]",178.58676377683878,179.24188282340765,359.2116532251239,nan,nan,nan,nan,False,,nan,,,nan,nan,nan,,,,,,,,0.00047860640073320553,7.990410188307069e-05,2.824982095516199,nan,nan,nan,False,not_run,not_requested
fig2,PEB,73,1489186484,-10.0,snr_db,-10.0,3,3,3,3,full_6d,1489186484,,,nan,,False,,5.276848055422306,nan,nan,nan,nan,nan,nan,False,,,peb_only,False,3e747530029074dd,,,,,,,adaptive_jones,True,fixed_anchor_then_adaptive_jones_score_selection,,nan,nan,nan,nan,True,,,nan,nan,,,,,[],nan,,,nan,nan,nan,nan,,nan,nan,nan,0.0010680397990855675,nan,nan,0.0010680397990855675,False,d64a78118eb17c14251c66a9269a2f68d800276ea77027a48898e01b93fc8e18,2.825448811137477,computed_unscaled,cpu,nan,nan,nan,,,,,,,,nan,nan,nan,nan,nan,nan,False,,
fig2,adaptive_jones_vp_proposed,9,3933360494,-10.0,snr_db,-10.0,3,3,3,3,full_6d,3933360494,,,nan,,False,,2813.53251555562,0.0003159370006886649,0.0003159370006886649,5.098287940546506e-05,8.081259451348573e-05,1.1802386609947307e-12,1.1912266562051912,False,direct_vp,global_exact_spherical_vp,main_single_proposed,True,613277e245001f1c,adaptive_jones,cpu,False,,numpy,numpy.linalg.solve,fixed_pol_anchor,True,fixed_anchor_then_adaptive_jones_score_selection,fixed_pol_anchor,22.285282978766492,37.45319179064385,31.692409075746593,0.0,True,3,4,3096725.458075429,3137149.8916358054,"[22.285282978766492,37.45319179064385,35.33875245782942]","[0.04487266331464217,0.02669999410336921,0.028297546755731835]","[3.904959556229211e-08,2.4905208016863067e-08,3.5175163067006214e-07]",direct_vp,"[""poor_clock_consistency""]",3096586.5724160424,3096560,True,717663.1192433278,77.10473550584642,5.021658776131254,0.21004105340175871,"[5.388768692042377,4.899271096588134,5.0068277788460085]",140.99450325220823,2805.7236201688647,2948.172476001084,nan,nan,nan,nan,False,,nan,,,nan,nan,nan,,,,,,,,0.0003159370006886649,5.098287940546506e-05,1.1912266562051912,nan,nan,nan,False,not_run,not_requested
fig2,PEB,9,3933360494,-10.0,snr_db,-10.0,3,3,3,3,full_6d,3933360494,,,nan,,False,,5.369463928043842,nan,nan,nan,nan,nan,nan,False,,,peb_only,False,2fe3510920c9f627,,,,,,,adaptive_jones,True,fixed_anchor_then_adaptive_jones_score_selection,,nan,nan,nan,nan,True,,,nan,nan,,,,,[],nan,,,nan,nan,nan,nan,,nan,nan,nan,0.0012031253848123942,nan,nan,0.0012031253848123942,False,2f009590b628473d7acf259cec76359e96ba2256fe333ef7c1514fe7022a67d5,1.191222589099843,computed_unscaled,cpu,nan,nan,nan,,,,,,,,nan,nan,nan,nan,nan,nan,False,,
fig2,adaptive_jones_vp_proposed,74,2087150408,-10.0,snr_db,-10.0,3,3,3,3,full_6d,2087150408,,,nan,,False,,169.47626865655184,0.0002485029801833523,0.0002485029801833523,5.914588520831796e-05,0.0001226527212556268,3.215781318130313e-12,2.4086285751888314,False,direct_vp,global_exact_spherical_vp,main_single_proposed,True,ddbb1dbd9a7d06c6,adaptive_jones,cpu,False,,numpy,numpy.linalg.solve,fixed_pol_anchor,True,fixed_anchor_then_adaptive_jones_score_selection,fixed_pol_anchor,21.928287063175365,40.80364328514682,31.91406945954337,0.0,True,3,4,3096725.458075429,3112239.7573255785,"[21.928287063175365,33.01027803030792,40.80364328514682]","[0.045603197235473666,0.03029359519628565,0.024507615483522583]","[8.829150057213883e-10,8.771438780397834e-10,5.8925488680847105e-09]",direct_vp,"[""poor_clock_consistency""]",3096096.8743782346,3096560,True,658831.6385448782,79.30446212805037,5.196631082993813,0.2006413249488192,"[5.555890412998454,5.086477297434005,5.447258162470076]",176.89796870946884,162.755511328578,340.95059721171856,nan,nan,nan,nan,False,,nan,,,nan,nan,nan,,,,,,,,0.0002485029801833523,5.914588520831796e-05,2.4086285751888314,nan,nan,nan,False,not_run,not_requested
fig2,PEB,74,2087150408,-10.0,snr_db,-10.0,3,3,3,3,full_6d,2087150408,,,nan,,False,,5.5151630118489265,nan,nan,nan,nan,nan,nan,False,,,peb_only,False,b11fb7fccdffb0dc,,,,,,,adaptive_jones,True,fixed_anchor_then_adaptive_jones_score_selection,,nan,nan,nan,nan,True,,,nan,nan,,,,,[],nan,,,nan,nan,nan,nan,,nan,nan,nan,0.001257486844353385,nan,nan,0.001257486844353385,False,78fd75a3c1d4026a3e7d885aa302f9406531fe623bed7ee4eda6f02c54b6aa8a,2.4090013140631346,computed_unscaled,cpu,nan,nan,nan,,,,,,,,nan,nan,nan,nan,nan,nan,False,,
fig2,adaptive_jones_vp_proposed,78,3639033133,-10.0,snr_db,-10.0,3,3,3,3,full_6d,3639033133,,,nan,,False,,152.89483692497015,0.0006511976556352302,0.0006511976556352302,4.097543197938888e-05,0.00022963261216422547,1.2578517101297605e-12,1.7195383901391696,False,direct_vp,global_exact_spherical_vp,main_single_proposed,True,7dacc701b8b83f5f,adaptive_jones,cpu,False,,numpy,numpy.linalg.solve,fixed_pol_anchor,True,fixed_anchor_then_adaptive_jones_score_selection,fixed_pol_anchor,15.534021512518786,241.8251861130149,96.66959015546917,0.0,True,3,4,3096725.458075429,3100715.564194483,"[32.64956284087382,15.534021512518786,241.8251861130149]","[0.03062828145176436,0.06437483037979387,0.004135218567725338]","[1.505913306657246e-08,6.486690055846385e-09,5.173887571709394e-09]",direct_vp,"[""poor_clock_consistency""]",3098183.2767042294,3096560,True,515243.3111770155,93.98291704433366,5.535142678001872,0.14132277311103864,"[4.843338029437248,4.919836120905649,4.589207870369974]",176.7942037731409,146.3864582479,324.53485011309385,nan,nan,nan,nan,False,,nan,,,nan,nan,nan,,,,,,,,0.0006511976556352302,4.097543197938888e-05,1.7195383901391696,nan,nan,nan,False,not_run,not_requested
fig2,PEB,78,3639033133,-10.0,snr_db,-10.0,3,3,3,3,full_6d,3639033133,,,nan,,False,,5.389341577887535,nan,nan,nan,nan,nan,nan,False,,,peb_only,False,bbab4a9a76864540,,,,,,,adaptive_jones,True,fixed_anchor_then_adaptive_jones_score_selection,,nan,nan,nan,nan,True,,,nan,nan,,,,,[],nan,,,nan,nan,nan,nan,,nan,nan,nan,0.0013996272228791568,nan,nan,0.0013996272228791568,False,775d9f1d6241dae7442a88dca0b3fa5d7751717fd8d49705eaa3b8cfda4ebb75,1.7186463273560284,computed_unscaled,cpu,nan,nan,nan,,,,,,,,nan,nan,nan,nan,nan,nan,False,,
fig2,adaptive_jones_vp_proposed,75,3035140021,-10.0,snr_db,-10.0,3,3,3,3,full_6d,3035140021,,,nan,,False,,169.31188441812992,0.001060188440225671,0.001060188440225671,6.177896255417381e-05,0.00026495689491978097,5.632455668606583e-12,3.313046067510556,False,direct_vp,global_exact_spherical_vp,main_single_proposed,True,b1bdcdde3051cbb3,adaptive_jones,cpu,False,,numpy,numpy.linalg.solve,fixed_pol_anchor,True,fixed_anchor_then_adaptive_jones_score_selection,fixed_pol_anchor,12.222895016125515,186.4106119313978,92.76437301409403,0.0,True,3,4,3096725.458075429,3097073.8002516823,"[12.222895016125515,79.6596120947588,186.4106119313978]","[0.08181367823813339,0.012553412872897173,0.005364501459721649]","[8.157495937941303e-09,7.609551726216112e-09,3.078927585342996e-08]",direct_vp,[],3092353.614576604,3096560,True,416523.79480733717,139.7946403972934,3.58082898451244,0.09120884030195991,"[4.922668889577007,4.841696852162248,5.062511413644212]",181.6289797052741,162.4964006692171,345.53225043416023,nan,nan,nan,nan,False,,nan,,,nan,nan,nan,,,,,,,,0.001060188440225671,6.177896255417381e-05,3.313046067510556,nan,nan,nan,False,not_run,not_requested
fig2,PEB,75,3035140021,-10.0,snr_db,-10.0,3,3,3,3,full_6d,3035140021,,,nan,,False,,5.511626839637756,nan,nan,nan,nan,nan,nan,False,,,peb_only,False,1c4ef2f7feba70fe,,,,,,,adaptive_jones,True,fixed_anchor_then_adaptive_jones_score_selection,,nan,nan,nan,nan,True,,,nan,nan,,,,,[],nan,,,nan,nan,nan,nan,,nan,nan,nan,0.0015899183558691912,nan,nan,0.0015899183558691912,False,2f212a9fc87faf916a5915468a1ea2df60203d744fc985d035cf071254d1c26c,3.31756979253235,computed_unscaled,cpu,nan,nan,nan,,,,,,,,nan,nan,nan,nan,nan,nan,False,,
fig2,adaptive_jones_vp_proposed,79,2511075941,-10.0,snr_db,-10.0,3,3,3,3,full_6d,2511075941,,,nan,,False,,164.37993919104338,0.0003608883182313434,0.0003608883182313434,5.1588725346966994e-05,0.00030543353951315304,3.636102079294325e-13,4.01380637564365,False,direct_vp,global_exact_spherical_vp,main_single_proposed,True,f19f723cfa15c671,adaptive_jones,cpu,False,,numpy,numpy.linalg.solve,fixed_pol_anchor,True,fixed_anchor_then_adaptive_jones_score_selection,fixed_pol_anchor,12.23076261758906,131.32525632848308,79.36727102675253,0.0,True,3,4,3096725.458075429,3108919.4225501474,"[94.54579413418547,12.23076261758906,131.32525632848308]","[0.010576885085826132,0.08176105049652989,0.007614681500163082]","[8.915722609625032e-09,2.5256136044406527e-07,4.6271080575181817e-10]",direct_vp,"[""poor_clock_consistency""]",3094959.9123106287,3096560,True,493387.950209892,90.39357680120301,1.9529908835577352,0.49626711278367164,"[6.376668091248075,5.163881768917661,5.698673848987064]",173.61009261012077,157.82807887345552,332.8070931211114,nan,nan,nan,nan,False,,nan,,,nan,nan,nan,,,,,,,,0.0003608883182313434,5.1588725346966994e-05,4.01380637564365,nan,nan,nan,False,not_run,not_requested
fig2,PEB,79,2511075941,-10.0,snr_db,-10.0,3,3,3,3,full_6d,2511075941,,,nan,,False,,5.362740874290466,nan,nan,nan,nan,nan,nan,False,,,peb_only,False,12c2fa48fe4a5bb3,,,,,,,adaptive_jones,True,fixed_anchor_then_adaptive_jones_score_selection,,nan,nan,nan,nan,True,,,nan,nan,,,,,[],nan,,,nan,nan,nan,nan,,nan,nan,nan,0.001467757002283925,nan,nan,0.001467757002283925,False,d1d2709e7ef7e78043678a9bd3afef4c60705c0eab0a43aa5b03783626c11549,4.01590225515582,computed_unscaled,cpu,nan,nan,nan,,,,,,,,nan,nan,nan,nan,nan,nan,False,,
fig2,adaptive_jones_vp_proposed,33,3489193506,-10.0,snr_db,-10.0,3,3,3,3,full_6d,3489193506,,,nan,,False,,2479.7283869832754,0.0003144678911212694,0.0003144678911212694,3.512171249438185e-05,0.00020577183133372955,6.817005644848106e-13,5.01982910568315,False,direct_vp,global_exact_spherical_vp,main_single_proposed,True,5eed90e2ae11a58f,adaptive_jones,cpu,False,,numpy,numpy.linalg.solve,fixed_pol_anchor,True,fixed_anchor_then_adaptive_jones_score_selection,fixed_pol_anchor,23.167014074939452,57.28252452466957,35.24366901485723,0.0,True,3,4,3096725.458075429,3097143.276448124,"[23.167014074939452,57.28252452466957,25.281468444962687]","[0.04316482032350328,0.017457331153623523,0.03955466440375886]","[3.7872482662806317e-08,9.084329230088107e-09,1.0707554219711556e-07]",direct_vp,"[""poor_clock_consistency""]",3094849.8863786957,3096560,True,776115.3803308192,79.41372535932908,5.198336048366709,0.20944216558455603,"[4.863584024659968,5.076977366059346,5.374316033722745]",161.82152399420738,2473.1161996126175,2636.0138239711523,nan,nan,nan,nan,False,,nan,,,nan,nan,nan,,,,,,,,0.0003144678911212694,3.512171249438185e-05,5.01982910568315,nan,nan,nan,False,not_run,not_requested
fig2,PEB,33,3489193506,-10.0,snr_db,-10.0,3,3,3,3,full_6d,3489193506,,,nan,,False,,5.222136981785297,nan,nan,nan,nan,nan,nan,False,,,peb_only,False,bc635705ae067bad,,,,,,,adaptive_jones,True,fixed_anchor_then_adaptive_jones_score_selection,,nan,nan,nan,nan,True,,,nan,nan,,,,,[],nan,,,nan,nan,nan,nan,,nan,nan,nan,0.001159415437043294,nan,nan,0.001159415437043294,False,76527bb9436024da57d5b3c4ee115c2d9eeebd7e9b24b99b40e819fe3069631e,5.022628852266684,computed_unscaled,cpu,nan,nan,nan,,,,,,,,nan,nan,nan,nan,nan,nan,False,,
fig2,adaptive_jones_vp_proposed,54,1185050677,-10.0,snr_db,-10.0,3,3,3,3,full_6d,1185050677,,,nan,,False,,1493.6136748045683,0.0011940952933580619,0.0011940952933580619,4.523267852780123e-05,0.0009291178422862226,5.352291769312618e-13,2.7568404559578057,False,direct_vp,global_exact_spherical_vp,main_single_proposed,True,36624cd5592d013e,adaptive_jones,cpu,False,,numpy,numpy.linalg.solve,fixed_pol_anchor,True,fixed_anchor_then_adaptive_jones_score_selection,fixed_pol_anchor,12.664516841401575,178.30378225897044,85.36970210926278,0.0,True,3,4,3096725.458075429,3140970.351069288,"[178.30378225897044,65.14080722741632,12.664516841401575]","[0.005608405986415279,0.015351360268590308,0.07896076988253]","[5.841988696261892e-09,1.65013386661718e-09,2.7494546351936134e-07]",direct_vp,"[""poor_clock_consistency""]",3094593.7624560865,3096560,True,768834.900021416,87.24518069562946,3.0944701079757677,0.2214299757814568,"[4.932652369180833,4.392377708539614,4.621066008867267]",196.5675213187933,1488.0378730520606,1686.0682066455483,nan,nan,nan,nan,False,,nan,,,nan,nan,nan,,,,,,,,0.0011940952933580619,4.523267852780123e-05,2.7568404559578057,nan,nan,nan,False,not_run,not_requested
fig2,PEB,54,1185050677,-10.0,snr_db,-10.0,3,3,3,3,full_6d,1185050677,,,nan,,False,,5.538450136780739,nan,nan,nan,nan,nan,nan,False,,,peb_only,False,047995fde13462b6,,,,,,,adaptive_jones,True,fixed_anchor_then_adaptive_jones_score_selection,,nan,nan,nan,nan,True,,,nan,nan,,,,,[],nan,,,nan,nan,nan,nan,,nan,nan,nan,0.0010666703827746098,nan,nan,0.0010666703827746098,False,115a7d3f95ba8b9ea29c0754c333293a0d2bf13a03dc583bd9fdf4cc7c014143,2.758606346111362,computed_unscaled,cpu,nan,nan,nan,,,,,,,,nan,nan,nan,nan,nan,nan,False,,
fig2,adaptive_jones_vp_proposed,80,2843598472,-10.0,snr_db,-10.0,3,3,3,3,full_6d,2843598472,,,nan,,False,,166.42976945638657,0.0006584207619649205,0.0006584207619649205,6.644245636496424e-05,0.0005296384309621791,1.3150127022572632e-12,6.814624633506721,False,direct_vp,global_exact_spherical_vp,main_single_proposed,True,f20f9c659a20f6b1,adaptive_jones,cpu,False,,numpy,numpy.linalg.solve,fixed_pol_anchor,True,fixed_anchor_then_adaptive_jones_score_selection,fixed_pol_anchor,18.682991252742916,93.50434375861893,46.57790544000127,0.0,True,3,4,3096725.458075429,3098548.3994813818,"[27.54638130864196,93.50434375861893,18.682991252742916]","[0.036302408972271424,0.010694690318216567,0.05352461961006932]","[7.10383431424478e-08,1.0781847986927039e-09,2.5496178966077812e-08]",direct_vp,"[""poor_clock_consistency""]",3095592.942515376,3096560,True,866670.3254037304,66.75032450636505,4.610697522321021,0.40339891080397877,"[5.731324632170233,5.323264135538042,4.747933723513572]",176.81320777535439,159.83425471931696,337.97069462388754,nan,nan,nan,nan,False,,nan,,,nan,nan,nan,,,,,,,,0.0006584207619649205,6.644245636496424e-05,6.814624633506721,nan,nan,nan,False,not_run,not_requested
fig2,PEB,80,2843598472,-10.0,snr_db,-10.0,3,3,3,3,full_6d,2843598472,,,nan,,False,,5.176178798079491,nan,nan,nan,nan,nan,nan,False,,,peb_only,False,e6354c30c94b185b,,,,,,,adaptive_jones,True,fixed_anchor_then_adaptive_jones_score_selection,,nan,nan,nan,nan,True,,,nan,nan,,,,,[],nan,,,nan,nan,nan,nan,,nan,nan,nan,0.0010962998433042977,nan,nan,0.0010962998433042977,False,ca96bdf8e3d74f1e490185f5b993e297e175166cef168c6fe33ef880dfc91c4e,6.816788731912188,computed_unscaled,cpu,nan,nan,nan,,,,,,,,nan,nan,nan,nan,nan,nan,False,,
fig2,adaptive_jones_vp_proposed,76,125194699,-10.0,snr_db,-10.0,3,3,3,3,full_6d,125194699,,,nan,,False,,317.41980435699224,0.0004894737200480721,0.0004894737200480721,4.9619155856878416e-05,0.00013070868522853534,6.166934583765802e-13,1.6807368804304605,False,direct_vp,global_exact_spherical_vp,main_single_proposed,True,4fc0165e1dda0f0d,adaptive_jones,cpu,False,,numpy,numpy.linalg.solve,fixed_pol_anchor,True,fixed_anchor_then_adaptive_jones_score_selection,fixed_pol_anchor,12.845986622152155,108.37154970888372,66.41203439873031,0.0,True,3,4,3096725.458075429,3097764.7909006807,"[12.845986622152155,108.37154970888372,78.01856686515508]","[0.07784532472287588,0.009227514071524381,0.012817461792785183]","[2.2301390300022084e-07,5.588301836035657e-09,1.05391936682488e-08]",direct_vp,"[""poor_clock_consistency""]",3095481.403832734,3096560,True,508312.5183281741,116.62660888386257,3.8399120746860333,0.29939778951810936,"[5.036118374902375,5.459130945880221,5.766441523314546]",166.6834065169096,310.88181437551975,478.95162961632013,nan,nan,nan,nan,False,,nan,,,nan,nan,nan,,,,,,,,0.0004894737200480721,4.9619155856878416e-05,1.6807368804304605,nan,nan,nan,False,not_run,not_requested
fig2,PEB,76,125194699,-10.0,snr_db,-10.0,3,3,3,3,full_6d,125194699,,,nan,,False,,5.312968388199806,nan,nan,nan,nan,nan,nan,False,,,peb_only,False,0d6d1be6fe6d23ef,,,,,,,adaptive_jones,True,fixed_anchor_then_adaptive_jones_score_selection,,nan,nan,nan,nan,True,,,nan,nan,,,,,[],nan,,,nan,nan,nan,nan,,nan,nan,nan,0.0014406859228115485,nan,nan,0.0014406859228115485,False,6b8d35b33f7212a697b02c68cfa098dd74c3e1f522985e34bcbd559db51c8fd8,1.6813312074211586,computed_unscaled,cpu,nan,nan,nan,,,,,,,,nan,nan,nan,nan,nan,nan,False,,
fig2,adaptive_jones_vp_proposed,27,4133001221,-10.0,snr_db,-10.0,3,3,3,3,full_6d,4133001221,,,nan,,False,,2799.8661409914494,0.0009114436291031072,0.0009114436291031072,2.677337093437138e-05,0.00020717202447250656,5.027836870478062e-13,2.3382179760902853,False,direct_vp,global_exact_spherical_vp,main_single_proposed,True,59e6ea95c10da78f,adaptive_jones,cpu,False,,numpy,numpy.linalg.solve,fixed_pol_anchor,True,fixed_anchor_then_adaptive_jones_score_selection,fixed_pol_anchor,12.450086090078871,1109.6640421439422,392.43667303442675,0.0,True,3,4,3096725.458075429,3099352.2864095867,"[55.1958908692592,12.450086090078871,1109.6640421439422]","[0.018117290693132813,0.08032072973249736,0.0009011736533863634]","[4.978698324590203e-10,4.494552090549826e-09,2.902777269772327e-06]",direct_vp,"[""low_assignment_margin"",""poor_clock_consistency""]",3096104.78371476,3096560,True,454904.0445921318,100.37647014360172,0.07677263485026951,43.357981109565856,"[5.061278742417887,5.039564750974498,97.0265872077304]",168.57252223789692,2410.4694655165076,2580.499885290861,nan,nan,nan,nan,False,,nan,,,nan,nan,nan,,,,,,,,0.0009114436291031072,2.677337093437138e-05,2.3382179760902853,nan,nan,nan,False,not_run,not_requested
fig2,PEB,27,4133001221,-10.0,snr_db,-10.0,3,3,3,3,full_6d,4133001221,,,nan,,False,,5.5447468012571335,nan,nan,nan,nan,nan,nan,False,,,peb_only,False,e2afab1b74028a6c,,,,,,,adaptive_jones,True,fixed_anchor_then_adaptive_jones_score_selection,,nan,nan,nan,nan,True,,,nan,nan,,,,,[],nan,,,nan,nan,nan,nan,,nan,nan,nan,0.0015147281989840444,nan,nan,0.0015147281989840444,False,4db56e3e555632d19d051acf26a881417468b8ad38e08366b65041ee29b29feb,2.3385738446624895,computed_unscaled,cpu,nan,nan,nan,,,,,,,,nan,nan,nan,nan,nan,nan,False,,
fig2,adaptive_jones_vp_proposed,37,1911328645,-10.0,snr_db,-10.0,3,3,3,3,full_6d,1911328645,,,nan,,False,,2637.8721272945404,0.0013958431901192466,0.0013958431901192466,4.2588192036119794e-05,0.00029903209575255884,1.4593489557048357e-12,2.2844109884970503,False,direct_vp,global_exact_spherical_vp,main_single_proposed,True,59e6d693c07c2e9a,adaptive_jones,cpu,False,,numpy,numpy.linalg.solve,fixed_pol_anchor,True,fixed_anchor_then_adaptive_jones_score_selection,fixed_pol_anchor,14.816482711043465,71.97084380965435,46.439669831850125,0.0,True,3,4,3096725.458075429,3119821.525255484,"[52.53168297485256,14.816482711043465,71.97084380965435]","[0.019036131022609315,0.06749240150226973,0.013894515431454292]","[5.3931192134186466e-08,5.689138032188927e-08,2.2659263148470134e-08]",direct_vp,"[""poor_clock_consistency""]",3094165.539361355,3096560,True,565220.8138485042,84.64820501341552,4.281675645732869,0.5549003094744998,"[5.091087780718897,5.045170155860181,3.8916795348915154]",175.45379815995693,2630.9587988629937,2807.5977040678263,nan,nan,nan,nan,False,,nan,,,nan,nan,nan,,,,,,,,0.0013958431901192466,4.2588192036119794e-05,2.2844109884970503,nan,nan,nan,False,not_run,not_requested
fig2,PEB,37,1911328645,-10.0,snr_db,-10.0,3,3,3,3,full_6d,1911328645,,,nan,,False,,5.216465018689632,nan,nan,nan,nan,nan,nan,False,,,peb_only,False,209abf2f21a3dc4a,,,,,,,adaptive_jones,True,fixed_anchor_then_adaptive_jones_score_selection,,nan,nan,nan,nan,True,,,nan,nan,,,,,[],nan,,,nan,nan,nan,nan,,nan,nan,nan,0.0013637632982206713,nan,nan,0.0013637632982206713,False,89cd20fcd9a64ac709c19d36df44d0df4be8c42c9af5aab07d8f4fd5c690dd17,2.286190622682814,computed_unscaled,cpu,nan,nan,nan,,,,,,,,nan,nan,nan,nan,nan,nan,False,,
fig2,adaptive_jones_vp_proposed,85,2249164774,-10.0,snr_db,-10.0,3,3,3,3,full_6d,2249164774,,,nan,,False,,164.24984215199947,0.0006265605690688116,0.0006265605690688116,5.332545218946334e-05,9.890726949521627e-05,2.2153206622264458e-13,2.573216803600175,False,direct_vp,global_exact_spherical_vp,main_single_proposed,True,9912ee568f426b7c,adaptive_jones,cpu,False,,numpy,numpy.linalg.solve,fixed_pol_anchor,True,fixed_anchor_then_adaptive_jones_score_selection,fixed_pol_anchor,23.03512426477839,48.826812891962945,33.22796938746572,0.0,True,3,4,3096725.458075429,3097784.0249505527,"[48.826812891962945,27.821971005655822,23.03512426477839]","[0.02048055035178789,0.03594281655202976,0.04341196463637074]","[9.152905680032005e-09,3.166048753372437e-08,6.238787679764611e-08]",direct_vp,[],3096524.3285102174,3096560,True,815658.0805390977,66.7412863698557,5.769604143165022,0.07000183390322497,"[5.19618916859936,5.027292184137197,5.1373631636374135]",172.57128559052944,156.2983557358384,330.1362059786916,nan,nan,nan,nan,False,,nan,,,nan,nan,nan,,,,,,,,0.0006265605690688116,5.332545218946334e-05,2.573216803600175,nan,nan,nan,False,not_run,not_requested
fig2,PEB,85,2249164774,-10.0,snr_db,-10.0,3,3,3,3,full_6d,2249164774,,,nan,,False,,5.6394913494586945,nan,nan,nan,nan,nan,nan,False,,,peb_only,False,756b12c13ada0de9,,,,,,,adaptive_jones,True,fixed_anchor_then_adaptive_jones_score_selection,,nan,nan,nan,nan,True,,,nan,nan,,,,,[],nan,,,nan,nan,nan,nan,,nan,nan,nan,0.001129993223636197,nan,nan,0.001129993223636197,False,d2813a00a2d0760dea2dc8be475dff9a47f414a15a39f0f8b76a2c0e1d6af5ec,2.573259742693064,computed_unscaled,cpu,nan,nan,nan,,,,,,,,nan,nan,nan,nan,nan,nan,False,,
fig2,adaptive_jones_vp_proposed,88,2932252539,-10.0,snr_db,-10.0,3,3,3,3,full_6d,2932252539,,,nan,,False,,176.6051101386547,0.0017307850338687514,0.0017307850338687514,5.7887511289047094e-05,0.0003225372558781229,6.162852703790808e-14,3.913972389952819,False,direct_vp,global_exact_spherical_vp,main_single_proposed,True,80432eb6c928457d,adaptive_jones,cpu,False,,numpy,numpy.linalg.solve,fixed_pol_anchor,True,fixed_anchor_then_adaptive_jones_score_selection,fixed_pol_anchor,19.757851445439698,56.52801304999817,35.913985163864425,0.0,True,3,4,3096725.458075429,3098932.7317462144,"[31.456090996155407,56.52801304999817,19.757851445439698]","[0.0317903454720666,0.017690344061076183,0.05061279070458098]","[8.562003615054762e-08,3.0900697707685723e-09,1.1614197179942673e-07]",direct_vp,"[""poor_clock_consistency""]",3097638.0633419817,3096560,True,855016.3808817781,71.02424976972803,5.048525961683184,0.14107191073201641,"[5.236610270866053,5.094245403545628,4.89274677551701]",171.24092250317335,167.0377833098173,339.6884911581874,nan,nan,nan,nan,False,,nan,,,nan,nan,nan,,,,,,,,0.0017307850338687514,5.7887511289047094e-05,3.913972389952819,nan,nan,nan,False,not_run,not_requested
fig2,PEB,88,2932252539,-10.0,snr_db,-10.0,3,3,3,3,full_6d,2932252539,,,nan,,False,,5.44280007481575,nan,nan,nan,nan,nan,nan,False,,,peb_only,False,51105500a47dcd00,,,,,,,adaptive_jones,True,fixed_anchor_then_adaptive_jones_score_selection,,nan,nan,nan,nan,True,,,nan,nan,,,,,[],nan,,,nan,nan,nan,nan,,nan,nan,nan,0.0010938541647871568,nan,nan,0.0010938541647871568,False,026935debd21c4cd81fb47190ca8eeaf89621d3b1a455ec08b231cab8f8cd44e,3.912630436337873,computed_unscaled,cpu,nan,nan,nan,,,,,,,,nan,nan,nan,nan,nan,nan,False,,
fig2,adaptive_jones_vp_proposed,84,3985341227,-10.0,snr_db,-10.0,3,3,3,3,full_6d,3985341227,,,nan,,False,,288.09434320032597,0.0008890772034444589,0.0008890772034444589,7.419770339168204e-05,0.00021409963493699478,7.235116912791339e-13,6.9507773427872355,False,direct_vp,global_exact_spherical_vp,main_single_proposed,True,d070a4247aa351f7,adaptive_jones,cpu,False,,numpy,numpy.linalg.solve,fixed_pol_anchor,True,fixed_anchor_then_adaptive_jones_score_selection,fixed_pol_anchor,15.112792395685238,68.03669047089272,45.6427049862624,0.0,True,3,4,3096725.458075429,3096851.3685394228,"[15.112792395685238,53.778632092209264,68.03669047089272]","[0.0661691085143465,0.018594745924954238,0.014697951840555511]","[3.7739244403987305e-08,5.813060004410231e-10,5.941850859016325e-09]",direct_vp,[],3093751.799461695,3096560,True,484566.7299727538,107.84713338493859,5.8071059754506225,0.09030658417897745,"[4.831180874442904,4.993477277196998,4.782161244167323]",167.38604372739792,279.752499230206,448.5011452138424,nan,nan,nan,nan,False,,nan,,,nan,nan,nan,,,,,,,,0.0008890772034444589,7.419770339168204e-05,6.9507773427872355,nan,nan,nan,False,not_run,not_requested
fig2,PEB,84,3985341227,-10.0,snr_db,-10.0,3,3,3,3,full_6d,3985341227,,,nan,,False,,5.400475174188614,nan,nan,nan,nan,nan,nan,False,,,peb_only,False,ebd719fff60fb93f,,,,,,,adaptive_jones,True,fixed_anchor_then_adaptive_jones_score_selection,,nan,nan,nan,nan,True,,,nan,nan,,,,,[],nan,,,nan,nan,nan,nan,,nan,nan,nan,0.001470919761743559,nan,nan,0.001470919761743559,False,763c74c3103c34dc91712b88cb00b247f3e9461f0fa66c55a5e9608e707daf96,6.9571225153755964,computed_unscaled,cpu,nan,nan,nan,,,,,,,,nan,nan,nan,nan,nan,nan,False,,
fig2,adaptive_jones_vp_proposed,86,2710333116,-10.0,snr_db,-10.0,3,3,3,3,full_6d,2710333116,,,nan,,False,,251.9297393411398,0.0010143935055558467,0.0010143935055558467,4.27673524055909e-05,0.0001809380982325347,6.237046710720017e-12,1.6808639432192432,False,direct_vp,global_exact_spherical_vp,main_single_proposed,True,8df54ce301bc9924,adaptive_jones,cpu,False,,numpy,numpy.linalg.solve,fixed_pol_anchor,True,fixed_anchor_then_adaptive_jones_score_selection,fixed_pol_anchor,12.995376968926097,204.1497250878753,91.1229381131822,0.0,True,3,4,3096725.458075429,3114491.1915902724,"[12.995376968926097,204.1497250878753,56.22371228274518]","[0.07695044186699279,0.004898365644947133,0.01778608987814332]","[2.8086320200822453e-08,4.734433632885746e-09,2.699892839317056e-08]",direct_vp,"[""poor_clock_consistency""]",3094679.7261158335,3096560,True,541141.0572359392,112.22026705951757,5.110897596710226,0.15933726893050795,"[5.4175660253529,5.350545592416137,5.0510710646502295]",177.54404409229755,245.42519319057465,424.42179095745087,nan,nan,nan,nan,False,,nan,,,nan,nan,nan,,,,,,,,0.0010143935055558467,4.27673524055909e-05,1.6808639432192432,nan,nan,nan,False,not_run,not_requested
fig2,PEB,86,2710333116,-10.0,snr_db,-10.0,3,3,3,3,full_6d,2710333116,,,nan,,False,,5.387268088757992,nan,nan,nan,nan,nan,nan,False,,,peb_only,False,9b26f27fce6b6ae8,,,,,,,adaptive_jones,True,fixed_anchor_then_adaptive_jones_score_selection,,nan,nan,nan,nan,True,,,nan,nan,,,,,[],nan,,,nan,nan,nan,nan,,nan,nan,nan,0.0014191551456966204,nan,nan,0.0014191551456966204,False,3a54fb3766786593be45a3a051de7709f83ecc3b2e8854a667fc53103d577f6b,1.6818938974246707,computed_unscaled,cpu,nan,nan,nan,,,,,,,,nan,nan,nan,nan,nan,nan,False,,
fig2,adaptive_jones_vp_proposed,91,3347136468,-10.0,snr_db,-10.0,3,3,3,3,full_6d,3347136468,,,nan,,False,,196.62811854481697,0.0005240149301404373,0.0005240149301404373,4.921077490685398e-05,0.0004661396925831595,5.006753987612434e-13,2.4663673129127237,False,direct_vp,global_exact_spherical_vp,main_single_proposed,True,e0a0d76df2d22791,adaptive_jones,cpu,False,,numpy,numpy.linalg.solve,fixed_pol_anchor,True,fixed_anchor_then_adaptive_jones_score_selection,fixed_pol_anchor,11.647759536431025,239.55629508467783,116.81996258562043,0.0,True,3,4,3096725.458075429,3117139.7155449726,"[99.25583313575247,239.55629508467783,11.647759536431025]","[0.010074974621723657,0.004174384143847966,0.08585342072530121]","[2.8418646929483103e-09,8.078105556788029e-09,1.2148903825110421e-06]",direct_vp,"[""poor_clock_consistency""]",3098743.3488487685,3096560,True,685796.596880914,113.5638858133488,3.2947539618857093,0.7475078978711924,"[4.021510029804122,5.742980534003585,5.422486649801183]",168.17042914777994,190.33977691084146,359.8107509687543,nan,nan,nan,nan,False,,nan,,,nan,nan,nan,,,,,,,,0.0005240149301404373,4.921077490685398e-05,2.4663673129127237,nan,nan,nan,False,not_run,not_requested
fig2,PEB,91,3347136468,-10.0,snr_db,-10.0,3,3,3,3,full_6d,3347136468,,,nan,,False,,5.357596814632416,nan,nan,nan,nan,nan,nan,False,,,peb_only,False,8933d1786c88cde0,,,,,,,adaptive_jones,True,fixed_anchor_then_adaptive_jones_score_selection,,nan,nan,nan,nan,True,,,nan,nan,,,,,[],nan,,,nan,nan,nan,nan,,nan,nan,nan,0.0010803658270640648,nan,nan,0.0010803658270640648,False,64607f16edc43d908c3fdfcf5a1ab43160e4a3b90bfd0c732196f2f9ce351b74,2.4646422657711886,computed_unscaled,cpu,nan,nan,nan,,,,,,,,nan,nan,nan,nan,nan,nan,False,,
fig2,adaptive_jones_vp_proposed,31,3399679668,-10.0,snr_db,-10.0,3,3,3,3,full_6d,3399679668,,,nan,,False,,3089.4765520468354,0.0012195776532480309,0.0012195776532480309,3.321287992570372e-05,0.0003369188551254187,1.1052840640326017e-12,4.027999965593585,False,direct_vp_rollback,global_exact_spherical_vp,main_single_proposed,True,a03cea45ab220485,adaptive_jones,cpu,False,,numpy,numpy.linalg.solve,fixed_pol_anchor,True,fixed_anchor_then_adaptive_jones_score_selection,fixed_pol_anchor,17.713935469591643,100.36521753957071,49.243727660561966,0.0,True,3,4,3096725.458075429,3097130.9231293406,"[17.713935469591643,29.65202997252355,100.36521753957071]","[0.056452729078691796,0.03372450388378056,0.00996361114352557]","[1.0601600390509128e-07,4.408743670728683e-09,2.7807862600893745e-09]",jnpp_then_vp,"[""poor_clock_consistency""]",3102844.3493025783,3096560,False,532651.8702176142,94.1660216788746,5.429501723856991,0.15625356129262225,"[4.945664836355725,5.229355974459721,4.865006938028522]",156.3154076859355,2649.3413362801075,2806.9054394885898,nan,nan,nan,nan,False,,nan,,,nan,nan,nan,,,,,,,,0.0012195776532480309,3.321287992570372e-05,4.027999965593585,0.001219766722755494,3.32125068140736e-05,4.0279999655936445,True,rollback,existing_selector_rollback
fig2,PEB,31,3399679668,-10.0,snr_db,-10.0,3,3,3,3,full_6d,3399679668,,,nan,,False,,5.275237858295441,nan,nan,nan,nan,nan,nan,False,,,peb_only,False,3b7d3acf4eadbbf7,,,,,,,adaptive_jones,True,fixed_anchor_then_adaptive_jones_score_selection,,nan,nan,nan,nan,True,,,nan,nan,,,,,[],nan,,,nan,nan,nan,nan,,nan,nan,nan,0.0013861815680638022,nan,nan,0.0013861815680638022,False,579f4d92d8c766cab7fa417a5175cd99bb36ab4a51df0f587cc9ea2e392b9def,4.019862621939596,computed_unscaled,cpu,nan,nan,nan,,,,,,,,nan,nan,nan,nan,nan,nan,False,,
fig2,adaptive_jones_vp_proposed,94,3608384463,-10.0,snr_db,-10.0,3,3,3,3,full_6d,3608384463,,,nan,,False,,185.82969095557928,0.00046036790162062505,0.00046036790162062505,7.576720134503996e-05,9.204896079451827e-05,2.4956355175664367e-12,4.679274759251305,False,direct_vp,global_exact_spherical_vp,main_single_proposed,True,5589aa678f51aafb,adaptive_jones,cpu,False,,numpy,numpy.linalg.solve,fixed_pol_anchor,True,fixed_anchor_then_adaptive_jones_score_selection,fixed_pol_anchor,13.470641984441292,150.56106041261748,71.86022243131931,0.0,True,3,4,3096725.458075429,3122074.027030034,"[51.54896489689916,13.470641984441292,150.56106041261748]","[0.01939903161874361,0.07423551165130347,0.006641823570509575]","[1.4944999846676158e-07,7.061644217683192e-09,1.0443972183399159e-08]",direct_vp,"[""poor_clock_consistency""]",3098716.7782137212,3096560,True,577032.4634454143,101.59777487879354,2.872339465736749,0.3088603621114211,"[4.92090031712753,5.147639002546645,4.409194919364398]",158.43677547574043,179.08772566914558,339.97464921325445,nan,nan,nan,nan,False,,nan,,,nan,nan,nan,,,,,,,,0.00046036790162062505,7.576720134503996e-05,4.679274759251305,nan,nan,nan,False,not_run,not_requested
fig2,PEB,94,3608384463,-10.0,snr_db,-10.0,3,3,3,3,full_6d,3608384463,,,nan,,False,,5.519573763012886,nan,nan,nan,nan,nan,nan,False,,,peb_only,False,8c2f6f7e191030b2,,,,,,,adaptive_jones,True,fixed_anchor_then_adaptive_jones_score_selection,,nan,nan,nan,nan,True,,,nan,nan,,,,,[],nan,,,nan,nan,nan,nan,,nan,nan,nan,0.0013477256840140944,nan,nan,0.0013477256840140944,False,ef18bf3cff118d7dc1efd356b9a296459495c6f9c6bb71ac5354d9f7a0cabc56,4.676042037393325,computed_unscaled,cpu,nan,nan,nan,,,,,,,,nan,nan,nan,nan,nan,nan,False,,
fig2,adaptive_jones_vp_proposed,90,4175219143,-10.0,snr_db,-10.0,3,3,3,3,full_6d,4175219143,,,nan,,False,,420.9039924070239,0.00014745803877652417,0.00014745803877652417,3.850891736017292e-05,0.0001088584709688947,4.893078277257568e-12,0.9024442804151144,False,direct_vp,global_exact_spherical_vp,main_single_proposed,True,764fee670dd7fde3,adaptive_jones,cpu,False,,numpy,numpy.linalg.solve,fixed_pol_anchor,True,fixed_anchor_then_adaptive_jones_score_selection,fixed_pol_anchor,16.006001956860473,224.67601991922064,90.20739133681,0.0,True,3,4,3096725.458075429,3096757.1345963464,"[29.940152134348907,16.006001956860473,224.67601991922064]","[0.03339996388404479,0.06247656364651232,0.004450853278132935]","[6.550974133887728e-08,9.096213156368498e-09,2.6029110296500177e-08]",direct_vp,"[""poor_clock_consistency""]",3092814.261560078,3096560,True,502926.9914137878,99.95927250072337,4.680213481952753,0.13614030582722197,"[5.0345155045504875,4.896419221752078,5.228337835867846]",172.22978723049164,414.03295673429966,587.4625392705202,nan,nan,nan,nan,False,,nan,,,nan,nan,nan,,,,,,,,0.00014745803877652417,3.850891736017292e-05,0.9024442804151144,nan,nan,nan,False,not_run,not_requested
fig2,PEB,90,4175219143,-10.0,snr_db,-10.0,3,3,3,3,full_6d,4175219143,,,nan,,False,,5.555473133921623,nan,nan,nan,nan,nan,nan,False,,,peb_only,False,1b57feb919b9f303,,,,,,,adaptive_jones,True,fixed_anchor_then_adaptive_jones_score_selection,,nan,nan,nan,nan,True,,,nan,nan,,,,,[],nan,,,nan,nan,nan,nan,,nan,nan,nan,0.0014280113987449187,nan,nan,0.0014280113987449187,False,6333c10944794ce04d692bf5cb56023e51f4bf1ac8d7f2df89dad974bd0e5c09,0.9035419083527886,computed_unscaled,cpu,nan,nan,nan,,,,,,,,nan,nan,nan,nan,nan,nan,False,,
fig2,adaptive_jones_vp_proposed,87,3576217426,-10.0,snr_db,-10.0,3,3,3,3,full_6d,3576217426,,,nan,,False,,515.3723652139306,0.0007075301115709038,0.0007075301115709038,5.3343966834269296e-05,0.0005357425896814439,1.4914412154036665e-12,0.6620725461327999,False,direct_vp,global_exact_spherical_vp,main_single_proposed,True,8b814debf4da6855,adaptive_jones,cpu,False,,numpy,numpy.linalg.solve,fixed_pol_anchor,True,fixed_anchor_then_adaptive_jones_score_selection,fixed_pol_anchor,16.30404319280206,116.32321655225903,55.06204594061953,0.0,True,3,4,3096725.458075429,3097057.340610641,"[16.30404319280206,32.55887807679749,116.32321655225903]","[0.06133447931646661,0.030713589012763727,0.008596736141958555]","[2.9199326222613237e-07,1.748317934424578e-08,1.192424177780016e-10]",direct_vp,"[""poor_clock_consistency""]",3094137.549030269,3096560,True,459833.7273716375,103.99390709931782,4.214541511266515,0.2624860623873756,"[5.000866017532755,5.031550809644466,4.460025861799967]",175.27240328490734,508.850847736001,685.4063855260611,nan,nan,nan,nan,False,,nan,,,nan,nan,nan,,,,,,,,0.0007075301115709038,5.3343966834269296e-05,0.6620725461327999,nan,nan,nan,False,not_run,not_requested
fig2,PEB,87,3576217426,-10.0,snr_db,-10.0,3,3,3,3,full_6d,3576217426,,,nan,,False,,5.1909100860357285,nan,nan,nan,nan,nan,nan,False,,,peb_only,False,24b0165368c93d03,,,,,,,adaptive_jones,True,fixed_anchor_then_adaptive_jones_score_selection,,nan,nan,nan,nan,True,,,nan,nan,,,,,[],nan,,,nan,nan,nan,nan,,nan,nan,nan,0.0015009962123042142,nan,nan,0.0015009962123042142,False,66c908d686e5b626f41743ba5f1b64294d5b4f17110f5310f3926b121f412ca0,0.6625943171971327,computed_unscaled,cpu,nan,nan,nan,,,,,,,,nan,nan,nan,nan,nan,nan,False,,
fig2,adaptive_jones_vp_proposed,1,112311654,-5.0,snr_db,-5.0,3,3,3,3,full_6d,112311654,,,nan,,False,,172.15071184933186,0.0002249695470845996,0.0002249695470845996,2.805305006508485e-05,0.00017827205721683768,1.0373360389432963e-12,0.9607540616153052,False,direct_vp,global_exact_spherical_vp,main_single_proposed,True,72c77cb3141b3ac8,adaptive_jones,cpu,False,,numpy,numpy.linalg.solve,fixed_pol_anchor,True,fixed_anchor_then_adaptive_jones_score_selection,fixed_pol_anchor,3.8286607407753643,126.07064665056643,50.54520068511159,0.0,True,3,4,3096725.458075429,3176812.8995453008,"[21.736294663992986,3.8286607407753643,126.07064665056643]","[0.04600600127282974,0.2611879369060147,0.007932060526711325]","[1.7583728729044798e-08,1.4699374820730016e-07,1.2637714091838355e-09]",direct_vp,"[""poor_clock_consistency""]",3096430.0629864368,3096560,True,1611318.3629228259,98.44486710806117,3.5974269250206334,0.28382826089112084,"[4.967526371275177,4.988888292479805,4.376400952047577]",138.60748802870512,165.877897657454,305.8229479268193,nan,nan,nan,nan,False,,nan,,,nan,nan,nan,,,,,,,,0.0002249695470845996,2.805305006508485e-05,0.9607540616153052,nan,nan,nan,False,not_run,not_requested
fig2,PEB,1,112311654,-5.0,snr_db,-5.0,3,3,3,3,full_6d,112311654,,,nan,,False,,5.11166013777256,nan,nan,nan,nan,nan,nan,False,,,peb_only,False,5b496cd127b2e497,,,,,,,adaptive_jones,True,fixed_anchor_then_adaptive_jones_score_selection,,nan,nan,nan,nan,True,,,nan,nan,,,,,[],nan,,,nan,nan,nan,nan,,nan,nan,nan,0.0008078451997330827,nan,nan,0.0008078451997330827,False,e3b48bd20620d3b9b8ef02e72c1473ee968de0b883c8a7b45706956b70dd2349,0.960799342656914,computed_unscaled,cpu,nan,nan,nan,,,,,,,,nan,nan,nan,nan,nan,nan,False,,
fig2,adaptive_jones_vp_proposed,0,3147786918,-5.0,snr_db,-5.0,3,3,3,3,full_6d,3147786918,,,nan,,False,,224.3280802294612,0.0006625506773512407,0.0006625506773512407,8.20755710527468e-06,0.00010146089488384878,5.597191629292358e-13,1.253246337961699,False,direct_vp,global_exact_spherical_vp,main_single_proposed,True,8e8e345cdb675f0a,adaptive_jones,cpu,False,,numpy,numpy.linalg.solve,fixed_pol_anchor,True,fixed_anchor_then_adaptive_jones_score_selection,fixed_pol_anchor,5.928821268934096,22.931267884602967,12.803126620204432,0.0,True,3,4,3096725.458075429,3103486.9781680712,"[22.931267884602967,5.928821268934096,9.549290707076235]","[0.043608578688686964,0.16866759084708496,0.10471981958297999]","[2.66651737120762e-08,4.713173891728595e-08,2.1555502322746263e-07]",direct_vp,[],3095469.815082014,3096560,True,2607424.1211276148,69.67145797629206,9.455677035744408,0.047710500494209045,"[5.014342068032638,4.898098889998885,4.945782278558041]",184.25352976471186,217.9951390326023,403.6113171800971,nan,nan,nan,nan,False,,nan,,,nan,nan,nan,,,,,,,,0.0006625506773512407,8.20755710527468e-06,1.253246337961699,nan,nan,nan,False,not_run,not_requested
fig2,PEB,0,3147786918,-5.0,snr_db,-5.0,3,3,3,3,full_6d,3147786918,,,nan,,False,,5.137845076620579,nan,nan,nan,nan,nan,nan,False,,,peb_only,False,627464cca1b87e94,,,,,,,adaptive_jones,True,fixed_anchor_then_adaptive_jones_score_selection,,nan,nan,nan,nan,True,,,nan,nan,,,,,[],nan,,,nan,nan,nan,nan,,nan,nan,nan,0.0006350613982890841,nan,nan,0.0006350613982890841,False,7c738a48c71d396c30709f16037cef480e872ff8eba0c095999cea8980974cb0,1.2536941931437522,computed_unscaled,cpu,nan,nan,nan,,,,,,,,nan,nan,nan,nan,nan,nan,False,,
fig2,adaptive_jones_vp_proposed,2,3251202663,-5.0,snr_db,-5.0,3,3,3,3,full_6d,3251202663,,,nan,,False,,208.34873417019844,0.00026501360695188397,0.00026501360695188397,2.564493864275898e-05,0.00020372663201090823,3.668135498965274e-13,0.722598421624966,False,direct_vp,global_exact_spherical_vp,main_single_proposed,True,cb53d2bc7d884942,adaptive_jones,cpu,False,,numpy,numpy.linalg.solve,fixed_pol_anchor,True,fixed_anchor_then_adaptive_jones_score_selection,fixed_pol_anchor,6.842027546392716,19.239921987020512,11.499012149866159,0.0,True,3,4,3096725.458075429,3096772.965630248,"[19.239921987020512,6.842027546392716,8.415086916185244]","[0.05197526271963953,0.14615550627538504,0.11883418554694006]","[4.127493722322962e-09,6.959924727197034e-08,5.891635789018268e-07]",direct_vp,[],3093867.6180924405,3096560,True,2669484.795829765,73.87965443634182,12.2227362081701,0.08670459700869874,"[4.843352883856479,5.019098957918756,5.034495375373232]",159.59814946353436,201.92063134908676,362.80670046806335,nan,nan,nan,nan,False,,nan,,,nan,nan,nan,,,,,,,,0.00026501360695188397,2.564493864275898e-05,0.722598421624966,nan,nan,nan,False,not_run,not_requested
fig2,PEB,2,3251202663,-5.0,snr_db,-5.0,3,3,3,3,full_6d,3251202663,,,nan,,False,,5.412461020052433,nan,nan,nan,nan,nan,nan,False,,,peb_only,False,4e34b885e21d0568,,,,,,,adaptive_jones,True,fixed_anchor_then_adaptive_jones_score_selection,,nan,nan,nan,nan,True,,,nan,nan,,,,,[],nan,,,nan,nan,nan,nan,,nan,nan,nan,0.000621051741220573,nan,nan,0.000621051741220573,False,ba669d51e548d5d57a5c08da45514e8eda76ee1a2847f0b8bc91639b42fa1215,0.7232309866643089,computed_unscaled,cpu,nan,nan,nan,,,,,,,,nan,nan,nan,nan,nan,nan,False,,
fig2,adaptive_jones_vp_proposed,3,3422926171,-5.0,snr_db,-5.0,3,3,3,3,full_6d,3422926171,,,nan,,False,,109.38244787603617,0.0009142836040621564,0.0009142836040621564,3.611399887927698e-05,0.0004243949723556714,2.2508455889111343e-12,0.8795708682294735,False,direct_vp,global_exact_spherical_vp,main_single_proposed,True,7bc2a3dbb94e7a9b,adaptive_jones,cpu,False,,numpy,numpy.linalg.solve,fixed_pol_anchor,True,fixed_anchor_then_adaptive_jones_score_selection,fixed_pol_anchor,6.6551854805053114,27.806285927394132,14.048704816741036,0.0,True,3,4,3096725.458075429,3096739.491063166,"[27.806285927394132,7.684643042323666,6.6551854805053114]","[0.03596309131623422,0.13012966177931115,0.15025877233964294]","[4.196338430588498e-08,1.981791033818805e-08,7.45281999264197e-08]",direct_vp,"[""poor_clock_consistency""]",3097490.080989123,3096560,True,2710085.322061222,79.2119669691085,9.106742095806037,0.12096642599878274,"[4.881545118725386,4.876264855270377,5.135472779400825]",164.64723443239927,103.06502103805542,269.0967620536685,nan,nan,nan,nan,False,,nan,,,nan,nan,nan,,,,,,,,0.0009142836040621564,3.611399887927698e-05,0.8795708682294735,nan,nan,nan,False,not_run,not_requested
fig2,PEB,3,3422926171,-5.0,snr_db,-5.0,3,3,3,3,full_6d,3422926171,,,nan,,False,,5.293780729174614,nan,nan,nan,nan,nan,nan,False,,,peb_only,False,2cf724d492777f60,,,,,,,adaptive_jones,True,fixed_anchor_then_adaptive_jones_score_selection,,nan,nan,nan,nan,True,,,nan,nan,,,,,[],nan,,,nan,nan,nan,nan,,nan,nan,nan,0.0006147117865929228,nan,nan,0.0006147117865929228,False,36031d2b9c9618797e3e0dd10eb5c7dda8abc129f14c8c8dd5b717980768d13b,0.8793113035534897,computed_unscaled,cpu,nan,nan,nan,,,,,,,,nan,nan,nan,nan,nan,nan,False,,
fig2,adaptive_jones_vp_proposed,52,2910844986,-10.0,snr_db,-10.0,3,3,3,3,full_6d,2910844986,,,nan,,False,,2641.159305334091,0.0022064925907478625,0.0022064925907478625,5.7696376671789074e-05,0.00018610527356168778,1.0816400829683232e-12,1.6636676874908694,False,direct_vp,global_exact_spherical_vp,main_single_proposed,True,cfd8fd47aaa9eba1,adaptive_jones,cpu,False,,numpy,numpy.linalg.solve,fixed_pol_anchor,True,fixed_anchor_then_adaptive_jones_score_selection,fixed_pol_anchor,16.215410526997687,358.52448094844965,134.1804393538907,0.0,True,3,4,3096725.458075429,3106449.844568464,"[358.52448094844965,16.215410526997687,27.801426586224782]","[0.002789209810710974,0.061669730674955445,0.03596937721417809]","[4.000748399910595e-06,1.914346554801562e-08,3.763522504912504e-09]",direct_vp,"[""low_assignment_margin"",""poor_clock_consistency""]",3098630.8570892764,3096560,True,801278.1720659095,74.94355547114034,0.7321600525237719,5.321247493623588,"[-6.336363828424733,4.929789850301232,4.973496692150349]",192.85158001631498,2343.5059613883495,2537.630476810038,nan,nan,nan,nan,False,,nan,,,nan,nan,nan,,,,,,,,0.0022064925907478625,5.7696376671789074e-05,1.6636676874908694,nan,nan,nan,False,not_run,not_requested
fig2,PEB,52,2910844986,-10.0,snr_db,-10.0,3,3,3,3,full_6d,2910844986,,,nan,,False,,5.335433579981327,nan,nan,nan,nan,nan,nan,False,,,peb_only,False,f9618d9c37c5451d,,,,,,,adaptive_jones,True,fixed_anchor_then_adaptive_jones_score_selection,,nan,nan,nan,nan,True,,,nan,nan,,,,,[],nan,,,nan,nan,nan,nan,,nan,nan,nan,0.0011624060580244762,nan,nan,0.0011624060580244762,False,9e98686db4702520cd73f5ec75cd23f453189f0d5a51de87101750eedce217fa,1.6625644262443675,computed_unscaled,cpu,nan,nan,nan,,,,,,,,nan,nan,nan,nan,nan,nan,False,,
fig2,adaptive_jones_vp_proposed,4,287230138,-5.0,snr_db,-5.0,3,3,3,3,full_6d,287230138,,,nan,,False,,155.9855329170823,0.0005994861937033835,0.0005994861937033835,1.4419912718912406e-05,0.0004648706225015033,5.073835476705907e-13,1.56314295308513,False,direct_vp,global_exact_spherical_vp,main_single_proposed,True,ce7ae937ce89bb83,adaptive_jones,cpu,False,,numpy,numpy.linalg.solve,fixed_pol_anchor,True,fixed_anchor_then_adaptive_jones_score_selection,fixed_pol_anchor,6.344709720775356,45.01160202007383,19.552841921996244,0.0,True,3,4,3096725.458075429,3096834.995813781,"[45.01160202007383,7.30221402513955,6.344709720775356]","[0.022216494305379718,0.13694476723771282,0.15761162354192781]","[1.0426590352413581e-08,1.5545359290505103e-08,6.484612472501576e-07]",direct_vp,"[""poor_clock_consistency""]",3096268.8675544607,3096560,True,2913594.028531692,76.15271137118194,7.760300799958005,0.10951909042676872,"[4.782124218129624,4.959854124048424,5.045012159978858]",154.7893414720893,149.31807454675436,305.48401268571615,nan,nan,nan,nan,False,,nan,,,nan,nan,nan,,,,,,,,0.0005994861937033835,1.4419912718912406e-05,1.56314295308513,nan,nan,nan,False,not_run,not_requested
fig2,PEB,4,287230138,-5.0,snr_db,-5.0,3,3,3,3,full_6d,287230138,,,nan,,False,,5.340115070343018,nan,nan,nan,nan,nan,nan,False,,,peb_only,False,5cb276173b765e39,,,,,,,adaptive_jones,True,fixed_anchor_then_adaptive_jones_score_selection,,nan,nan,nan,nan,True,,,nan,nan,,,,,[],nan,,,nan,nan,nan,nan,,nan,nan,nan,0.0005643399933614378,nan,nan,0.0005643399933614378,False,72d5586e1e2071d827e37c0d5029359210d7878b9ab9d369f2c38d0e300801aa,1.5632980080685457,computed_unscaled,cpu,nan,nan,nan,,,,,,,,nan,nan,nan,nan,nan,nan,False,,
fig2,adaptive_jones_vp_proposed,6,1919806993,-5.0,snr_db,-5.0,3,3,3,3,full_6d,1919806993,,,nan,,False,,166.13736533373594,0.00019642743954248018,0.00019642743954248018,7.261861651040755e-06,5.34423075412969e-05,5.736626454077105e-13,1.3275288920346304,False,direct_vp,global_exact_spherical_vp,main_single_proposed,True,424a22c04f7ebce8,adaptive_jones,cpu,False,,numpy,numpy.linalg.solve,fixed_pol_anchor,True,fixed_anchor_then_adaptive_jones_score_selection,fixed_pol_anchor,5.688671595736348,74.64054637619746,29.392359221685993,0.0,True,3,4,3096725.458075429,3098938.169166028,"[7.84785969312416,74.64054637619746,5.688671595736348]","[0.12742327705836715,0.013397543941937904,0.17578796440698213]","[4.911408241510795e-07,6.8849748919231475e-09,1.0587098824180465e-08]",direct_vp,"[""poor_clock_consistency""]",3095354.4709763997,3096560,True,2607389.193241224,72.23891201221005,12.011622271446624,0.11702270391688381,"[5.172022041512227,5.124434203031607,4.903430332727892]",147.7237438634038,159.96088772267103,308.93909971415997,nan,nan,nan,nan,False,,nan,,,nan,nan,nan,,,,,,,,0.00019642743954248018,7.261861651040755e-06,1.3275288920346304,nan,nan,nan,False,not_run,not_requested
fig2,PEB,6,1919806993,-5.0,snr_db,-5.0,3,3,3,3,full_6d,1919806993,,,nan,,False,,5.286441974341869,nan,nan,nan,nan,nan,nan,False,,,peb_only,False,a6ae89a93757a17c,,,,,,,adaptive_jones,True,fixed_anchor_then_adaptive_jones_score_selection,,nan,nan,nan,nan,True,,,nan,nan,,,,,[],nan,,,nan,nan,nan,nan,,nan,nan,nan,0.0006275673464398835,nan,nan,0.0006275673464398835,False,231b7c2941d5d9c02809f94febabb8d0e1f1d4a2d4bfefa1b397f685379809da,1.3280527787450196,computed_unscaled,cpu,nan,nan,nan,,,,,,,,nan,nan,nan,nan,nan,nan,False,,
fig2,adaptive_jones_vp_proposed,64,1096511241,-10.0,snr_db,-10.0,3,3,3,3,full_6d,1096511241,,,nan,,False,,2053.741893745959,0.000720328693307159,0.000720328693307159,3.254790803096422e-05,9.940106853148899e-05,2.4572094988266085e-13,1.6392504125698766,False,direct_vp,global_exact_spherical_vp,main_single_proposed,True,aa0fa4fb19014735,adaptive_jones,cpu,False,,numpy,numpy.linalg.solve,fixed_pol_anchor,True,fixed_anchor_then_adaptive_jones_score_selection,fixed_pol_anchor,23.203609682133987,42.85402030929341,31.985553350248363,0.0,True,3,4,3096725.458075429,3123200.527308031,"[29.899030059317685,42.85402030929341,23.203609682133987]","[0.0334459010204066,0.02333503351003649,0.04309674286353659]","[9.461027750383472e-08,1.543545555280983e-08,2.3717384259555534e-07]",direct_vp,[],3095547.195874303,3096560,True,802967.3253690341,78.75598783573282,5.369932274557384,0.030513855555286056,"[4.933929824531474,4.945295038114147,5.0035894049460214]",158.69392929971218,2047.161528289318,2207.150200806558,nan,nan,nan,nan,False,,nan,,,nan,nan,nan,,,,,,,,0.000720328693307159,3.254790803096422e-05,1.6392504125698766,nan,nan,nan,False,not_run,not_requested
fig2,PEB,64,1096511241,-10.0,snr_db,-10.0,3,3,3,3,full_6d,1096511241,,,nan,,False,,5.349462658166885,nan,nan,nan,nan,nan,nan,False,,,peb_only,False,442605993ac42df7,,,,,,,adaptive_jones,True,fixed_anchor_then_adaptive_jones_score_selection,,nan,nan,nan,nan,True,,,nan,nan,,,,,[],nan,,,nan,nan,nan,nan,,nan,nan,nan,0.001127155334955533,nan,nan,0.001127155334955533,False,e140a9cd0c7a64d7d06d7886e7a75298e3fbf2d3964882a91cad3a1a2e55c6a3,1.6397952169229648,computed_unscaled,cpu,nan,nan,nan,,,,,,,,nan,nan,nan,nan,nan,nan,False,,
fig2,adaptive_jones_vp_proposed,7,1914929603,-5.0,snr_db,-5.0,3,3,3,3,full_6d,1914929603,,,nan,,False,,197.93143898248672,0.0007425564674063558,0.0007425564674063558,1.699027086362243e-05,0.0004139047750032728,3.593830129063583e-13,2.325824185468304,False,direct_vp,global_exact_spherical_vp,main_single_proposed,True,c6e0e92cae092ab5,adaptive_jones,cpu,False,,numpy,numpy.linalg.solve,fixed_pol_anchor,True,fixed_anchor_then_adaptive_jones_score_selection,fixed_pol_anchor,4.329908621021294,46.637170415747,22.1538494429753,0.0,True,3,4,3096725.458075429,3097492.954415555,"[46.637170415747,15.494469292157603,4.329908621021294]","[0.021442124190615856,0.06453915788459093,0.23095175615041053]","[2.1507886787710015e-08,1.8938408423271395e-08,8.728341841232196e-07]",direct_vp,"[""poor_clock_consistency""]",3093952.99277315,3096560,True,2562816.1498175813,85.18652320365936,5.860271832369636,0.4169049919024346,"[4.128368816707144,5.001130319443026,5.023943965619212]",168.50768072903156,191.59093668311834,361.4188146442175,nan,nan,nan,nan,False,,nan,,,nan,nan,nan,,,,,,,,0.0007425564674063558,1.699027086362243e-05,2.325824185468304,nan,nan,nan,False,not_run,not_requested
fig2,PEB,7,1914929603,-5.0,snr_db,-5.0,3,3,3,3,full_6d,1914929603,,,nan,,False,,5.34156633913517,nan,nan,nan,nan,nan,nan,False,,,peb_only,False,98da8dd741671a32,,,,,,,adaptive_jones,True,fixed_anchor_then_adaptive_jones_score_selection,,nan,nan,nan,nan,True,,,nan,nan,,,,,[],nan,,,nan,nan,nan,nan,,nan,nan,nan,0.0006029545772165476,nan,nan,0.0006029545772165476,False,84f1975fc112e22552cd5389ecb9ea5e68088b810ed0a30ff85dfd5971674377,2.3277959845425356,computed_unscaled,cpu,nan,nan,nan,,,,,,,,nan,nan,nan,nan,nan,nan,False,,
fig2,adaptive_jones_vp_proposed,5,2290547997,-5.0,snr_db,-5.0,3,3,3,3,full_6d,2290547997,,,nan,,False,,291.5625608712435,0.0009639650692833807,0.0009639650692833807,1.4236324916666843e-05,0.00010081914081064911,1.4921163204324165e-12,0.8625737414877857,False,direct_vp,global_exact_spherical_vp,main_single_proposed,True,bcc24278e238c19c,adaptive_jones,cpu,False,,numpy,numpy.linalg.solve,fixed_pol_anchor,True,fixed_anchor_then_adaptive_jones_score_selection,fixed_pol_anchor,5.399578419613799,18.263422759697196,12.164739689409728,0.0,True,3,4,3096725.458075429,3100003.6962080705,"[18.263422759697196,5.399578419613799,12.831217888918188]","[0.05475424914263532,0.1851996438022146,0.07793492470039254]","[2.529551143583683e-07,2.0119318872424223e-11,1.3490489269675708e-07]",direct_vp,[],3093962.1565101966,3096560,True,2274041.511707315,74.73015346767855,10.368994875149145,0.05610949815699143,"[4.979605212951662,5.047082858511605,5.117037413233272]",164.85100723803043,285.3598893582821,451.57387591153383,nan,nan,nan,nan,False,,nan,,,nan,nan,nan,,,,,,,,0.0009639650692833807,1.4236324916666843e-05,0.8625737414877857,nan,nan,nan,False,not_run,not_requested
fig2,PEB,5,2290547997,-5.0,snr_db,-5.0,3,3,3,3,full_6d,2290547997,,,nan,,False,,5.175951704382896,nan,nan,nan,nan,nan,nan,False,,,peb_only,False,53e2e945c682c3fc,,,,,,,adaptive_jones,True,fixed_anchor_then_adaptive_jones_score_selection,,nan,nan,nan,nan,True,,,nan,nan,,,,,[],nan,,,nan,nan,nan,nan,,nan,nan,nan,0.0006822757723125929,nan,nan,0.0006822757723125929,False,38f1169f92c897947506b479f5ee71ac29695cde812eaf9f2f26b2ce8e8773e4,0.8633024616998022,computed_unscaled,cpu,nan,nan,nan,,,,,,,,nan,nan,nan,nan,nan,nan,False,,
fig2,adaptive_jones_vp_proposed,71,1982555292,-10.0,snr_db,-10.0,3,3,3,3,full_6d,1982555292,,,nan,,False,,1680.0393130779266,0.0033532906198094443,0.0033532906198094443,7.086222672452048e-05,9.194216202859442e-05,5.91427690245651e-13,4.340090313363529,False,direct_vp,global_exact_spherical_vp,main_single_proposed,True,7f7b960560abb166,adaptive_jones,cpu,False,,numpy,numpy.linalg.solve,fixed_pol_anchor,True,fixed_anchor_then_adaptive_jones_score_selection,fixed_pol_anchor,19.996904033337625,156.0967247163563,66.44445166999566,0.0,True,3,4,3096725.458075429,3107584.7996991985,"[19.996904033337625,156.0967247163563,23.239726260293043]","[0.050007741113967635,0.006406284319296291,0.04302976673547749]","[9.010405676714791e-08,5.3047952855996684e-09,1.528450791330208e-07]",direct_vp,"[""poor_clock_consistency""]",3096594.2889287346,3096560,True,761385.6572726887,86.4586950866525,6.312896401167977,0.24208262664990562,"[5.120333720480252,5.31843994979139,4.735358496092722]",166.1265384182334,1673.5245057791471,1840.99966083467,nan,nan,nan,nan,False,,nan,,,nan,nan,nan,,,,,,,,0.0033532906198094443,7.086222672452048e-05,4.340090313363529,nan,nan,nan,False,not_run,not_requested
fig2,PEB,71,1982555292,-10.0,snr_db,-10.0,3,3,3,3,full_6d,1982555292,,,nan,,False,,5.357340075075626,nan,nan,nan,nan,nan,nan,False,,,peb_only,False,00169a1ef8af75e2,,,,,,,adaptive_jones,True,fixed_anchor_then_adaptive_jones_score_selection,,nan,nan,nan,nan,True,,,nan,nan,,,,,[],nan,,,nan,nan,nan,nan,,nan,nan,nan,0.001164882157179308,nan,nan,0.001164882157179308,False,bdd039092dd082ec6fd57d77070067f9fd8178794fea592c3fc196eccf3a063c,4.340064680169434,computed_unscaled,cpu,nan,nan,nan,,,,,,,,nan,nan,nan,nan,nan,nan,False,,
fig2,adaptive_jones_vp_proposed,1,112311654,-10.0,snr_db,-10.0,3,3,3,3,full_6d,112311654,,,nan,,False,,4083.004153870046,1.0104428384951798,1.0104428384951798,0.8553977207654877,0.6638690133738708,1.0956987837044926e-09,3.295549042752271,True,ris_only_stage2_then_vp,global_exact_spherical_vp,main_single_proposed,True,a18a2b467cf1f867,adaptive_jones,cpu,False,,numpy,numpy.linalg.solve,fixed_pol_anchor,True,fixed_anchor_then_adaptive_jones_score_selection,fixed_pol_anchor,75.71697044332019,109135.98562643297,51113.05997063443,0.0,True,3,4,3096725.458075429,3098563.7194050336,"[75.71697044332019,109135.98562643297,44127.47731502699]","[0.013207078863157338,9.162879549986052e-06,2.266161622459181e-05]","[7.91590664861418e-09,1.38719674371384e-10,2.6901927851987513e-10]",jnpp_then_vp,"[""low_assignment_margin"",""poor_clock_consistency""]",3402288.869230352,3096560,False,280.7964235951483,870.6791400044032,0.03730778499324582,30.109856104879324,"[4.86840343634669,72.38744814128236,12.925797325317612]",146.07969575375319,619.1842445135117,785.1456360518932,nan,nan,nan,nan,False,,nan,,,nan,nan,nan,,,,,,,,1.1337025643511474,0.9967458532356012,3.3382752157698086,1.0104428384951798,0.8553977207654877,3.295549042752271,True,accepted,accepted
fig2,PEB,1,112311654,-10.0,snr_db,-10.0,3,3,3,3,full_6d,112311654,,,nan,,False,,0.0137939453125,nan,nan,nan,nan,nan,nan,False,,,peb_only,False,3356f9aa6e6a0258,,,,,,,adaptive_jones,True,fixed_anchor_then_adaptive_jones_score_selection,,nan,nan,nan,nan,True,,,nan,nan,,,,,[],nan,,,nan,nan,nan,nan,,nan,nan,nan,0.0014365744851841248,nan,nan,0.0014365744851841248,False,e3b48bd20620d3b9b8ef02e72c1473ee968de0b883c8a7b45706956b70dd2349,3.038314297188423,computed_unscaled,cpu,nan,nan,nan,,,,,,,,nan,nan,nan,nan,nan,nan,False,,
fig2,adaptive_jones_vp_proposed,62,1815661330,-10.0,snr_db,-10.0,3,3,3,3,full_6d,1815661330,,,nan,,False,,2263.5221706852317,0.0012810241173917406,0.0012810241173917406,5.048270748231945e-05,0.0002658806383969858,4.450594390028528e-12,5.661605471298032,False,direct_vp,global_exact_spherical_vp,main_single_proposed,True,3ceb95d5a4573d46,adaptive_jones,cpu,False,,numpy,numpy.linalg.solve,fixed_pol_anchor,True,fixed_anchor_then_adaptive_jones_score_selection,fixed_pol_anchor,10.858448784946091,444.8527753506586,215.1213609964424,0.0,True,3,4,3096725.458075429,3100643.718668828,"[10.858448784946091,189.65285885372262,444.8527753506586]","[0.09209418580815328,0.005272791593305942,0.0022479347212499452]","[3.338797850168359e-09,1.37001766965547e-09,5.705991163091103e-06]",direct_vp,"[""low_assignment_margin"",""poor_clock_consistency""]",3097295.7953273878,3096560,True,338787.6718504651,174.79999612763032,1.5722011217014344e-05,3.5554895919465563,"[5.169310884819273,4.429010890956373,12.314195486098017]",162.83136887848377,1839.3873614296317,2003.4750483706594,nan,nan,nan,nan,False,,nan,,,nan,nan,nan,,,,,,,,0.0012810241173917406,5.048270748231945e-05,5.661605471298032,nan,nan,nan,False,not_run,not_requested
fig2,PEB,62,1815661330,-10.0,snr_db,-10.0,3,3,3,3,full_6d,1815661330,,,nan,,False,,5.079312317073345,nan,nan,nan,nan,nan,nan,False,,,peb_only,False,c03f0e717c56652c,,,,,,,adaptive_jones,True,fixed_anchor_then_adaptive_jones_score_selection,,nan,nan,nan,nan,True,,,nan,nan,,,,,[],nan,,,nan,nan,nan,nan,,nan,nan,nan,0.001800085357985258,nan,nan,0.001800085357985258,False,97d98efc9e77b8da847d52d27748aedf3c40844281671ccf00f295af09763222,5.660289743827024,computed_unscaled,cpu,nan,nan,nan,,,,,,,,nan,nan,nan,nan,nan,nan,False,,
fig2,adaptive_jones_vp_proposed,8,641399591,-5.0,snr_db,-5.0,3,3,3,3,full_6d,641399591,,,nan,,False,,351.3419230505824,0.00040086724614906875,0.00040086724614906875,1.1814702363464592e-05,7.835810873320098e-05,3.318217700383808e-13,0.7133714799124954,False,direct_vp,global_exact_spherical_vp,main_single_proposed,True,437ddac12747044e,adaptive_jones,cpu,False,,numpy,numpy.linalg.solve,fixed_pol_anchor,True,fixed_anchor_then_adaptive_jones_score_selection,fixed_pol_anchor,6.900602435796621,32.888163267207595,15.638222073350299,0.0,True,3,4,3096725.458075429,3096908.6425901377,"[32.888163267207595,7.12590051704668,6.900602435796621]","[0.030406076248234888,0.1403331407168343,0.14491488377965903]","[1.8721564652964458e-08,8.75160756682442e-10,3.419359523984409e-07]",direct_vp,"[""poor_clock_consistency""]",3097884.6506212754,3096560,True,2701028.6786071435,78.29421157835421,5.96383248335899,0.23537938070611084,"[4.56568678997455,5.039899756996662,5.086795182472551]",151.15652851760387,344.96940395236015,497.46309604495764,nan,nan,nan,nan,False,,nan,,,nan,nan,nan,,,,,,,,0.00040086724614906875,1.1814702363464592e-05,0.7133714799124954,nan,nan,nan,False,not_run,not_requested
fig2,PEB,8,641399591,-5.0,snr_db,-5.0,3,3,3,3,full_6d,641399591,,,nan,,False,,5.099455498158932,nan,nan,nan,nan,nan,nan,False,,,peb_only,False,cde27e6eb42c7c3b,,,,,,,adaptive_jones,True,fixed_anchor_then_adaptive_jones_score_selection,,nan,nan,nan,nan,True,,,nan,nan,,,,,[],nan,,,nan,nan,nan,nan,,nan,nan,nan,0.0006177944063626284,nan,nan,0.0006177944063626284,False,e032c9cb8462fea3417aadc651e10a3437190e0cacf3ab5bdc4b175ff7382e20,0.7130701278172195,computed_unscaled,cpu,nan,nan,nan,,,,,,,,nan,nan,nan,nan,nan,nan,False,,
fig2,adaptive_jones_vp_proposed,12,2210497206,-5.0,snr_db,-5.0,3,3,3,3,full_6d,2210497206,,,nan,,False,,177.77944236248732,0.0007073746109301603,0.0007073746109301603,9.58063420358445e-06,2.467712391403881e-05,5.061359766928929e-13,1.4417379617027626,False,direct_vp,global_exact_spherical_vp,main_single_proposed,True,76e3b53351003178,adaptive_jones,cpu,False,,numpy,numpy.linalg.solve,fixed_pol_anchor,True,fixed_anchor_then_adaptive_jones_score_selection,fixed_pol_anchor,5.997033128996079,16.278316133816173,11.164419328792219,0.0,True,3,4,3096725.458075429,3117448.230155677,"[16.278316133816173,11.217908723564406,5.997033128996079]","[0.06143141537264695,0.08914317495632462,0.16674912052076757]","[1.2919589184742498e-07,1.86165395635886e-07,2.3280810258876363e-07]",direct_vp,[],3098867.903273,3096560,True,2879276.518014694,71.4306100579682,10.071501901580477,0.019254103149831548,"[5.111704676682017,5.148346904914658,5.104310959881532]",166.70189010351896,171.15385407954454,339.14374083280563,nan,nan,nan,nan,False,,nan,,,nan,nan,nan,,,,,,,,0.0007073746109301603,9.58063420358445e-06,1.4417379617027626,nan,nan,nan,False,not_run,not_requested
fig2,PEB,12,2210497206,-5.0,snr_db,-5.0,3,3,3,3,full_6d,2210497206,,,nan,,False,,5.325914740562439,nan,nan,nan,nan,nan,nan,False,,,peb_only,False,78037b846b7399fc,,,,,,,adaptive_jones,True,fixed_anchor_then_adaptive_jones_score_selection,,nan,nan,nan,nan,True,,,nan,nan,,,,,[],nan,,,nan,nan,nan,nan,,nan,nan,nan,0.0005717770208036201,nan,nan,0.0005717770208036201,False,0a1c4f0b423cde7d810066f20685360779b434f786c785131581505ed3dd312e,1.4406716613452208,computed_unscaled,cpu,nan,nan,nan,,,,,,,,nan,nan,nan,nan,nan,nan,False,,
fig2,adaptive_jones_vp_proposed,10,781873798,-5.0,snr_db,-5.0,3,3,3,3,full_6d,781873798,,,nan,,False,,291.0876943618059,0.0004054721946850874,0.0004054721946850874,1.3238615651141415e-05,0.0003610795473201399,3.6715083526348683e-13,0.6968404836098799,False,direct_vp,global_exact_spherical_vp,main_single_proposed,True,8206df67d51bdb49,adaptive_jones,cpu,False,,numpy,numpy.linalg.solve,fixed_pol_anchor,True,fixed_anchor_then_adaptive_jones_score_selection,fixed_pol_anchor,4.411664897717596,113.97024392769387,43.58158972208173,0.0,True,3,4,3096725.458075429,3096956.8080888,"[12.362860340833738,113.97024392769387,4.411664897717596]","[0.08088742996511099,0.008774220054494746,0.2266717947033885]","[4.028852851689751e-08,3.4029372496221937e-09,2.3229691101096699e-07]",direct_vp,"[""poor_clock_consistency""]",3094269.1783750188,3096560,True,2580319.9633961576,81.22890019914335,7.121952059880217,0.1935273174447198,"[5.01857470354048,5.446444393420855,5.055779958288966]",180.06119202822447,285.0360289812088,466.44911693781614,nan,nan,nan,nan,False,,nan,,,nan,nan,nan,,,,,,,,0.0004054721946850874,1.3238615651141415e-05,0.6968404836098799,nan,nan,nan,False,not_run,not_requested
fig2,PEB,10,781873798,-5.0,snr_db,-5.0,3,3,3,3,full_6d,781873798,,,nan,,False,,4.925553351640701,nan,nan,nan,nan,nan,nan,False,,,peb_only,False,17972dc6b22113ef,,,,,,,adaptive_jones,True,fixed_anchor_then_adaptive_jones_score_selection,,nan,nan,nan,nan,True,,,nan,nan,,,,,[],nan,,,nan,nan,nan,nan,,nan,nan,nan,0.0006183000848100379,nan,nan,0.0006183000848100379,False,f2ef97a231c1a4af27e9b56c32078a57d13f76cf0fcef71f5aea3cacfcafd031,0.6973599880886718,computed_unscaled,cpu,nan,nan,nan,,,,,,,,nan,nan,nan,nan,nan,nan,False,,
fig2,adaptive_jones_vp_proposed,13,634888206,-5.0,snr_db,-5.0,3,3,3,3,full_6d,634888206,,,nan,,False,,198.19408766180277,0.0008936792304322774,0.0008936792304322774,1.3137557702957608e-05,0.00023414795238424808,1.24154013801233e-12,0.6465740918407157,False,direct_vp,global_exact_spherical_vp,main_single_proposed,True,26a3a0e8724223e0,adaptive_jones,cpu,False,,numpy,numpy.linalg.solve,fixed_pol_anchor,True,fixed_anchor_then_adaptive_jones_score_selection,fixed_pol_anchor,5.38019991198265,81.21390686256292,31.71517846247707,0.0,True,3,4,3096725.458075429,3218572.012510186,"[5.38019991198265,81.21390686256292,8.551428612885637]","[0.18586669944502326,0.012313162099331967,0.11693952499171989]","[6.465808988148723e-07,2.0305013866527685e-08,5.452505884085733e-07]",direct_vp,"[""poor_clock_consistency""]",3095179.5994164306,3096560,True,2384615.4559356826,80.55102377001066,7.156083007613549,0.14672295537967858,"[5.002813442960494,5.360007480560564,5.215814385755936]",198.85021521896124,191.61292774230242,391.8903695642948,nan,nan,nan,nan,False,,nan,,,nan,nan,nan,,,,,,,,0.0008936792304322774,1.3137557702957608e-05,0.6465740918407157,nan,nan,nan,False,not_run,not_requested
fig2,PEB,13,634888206,-5.0,snr_db,-5.0,3,3,3,3,full_6d,634888206,,,nan,,False,,5.493233770132065,nan,nan,nan,nan,nan,nan,False,,,peb_only,False,1121ad59eff0394d,,,,,,,adaptive_jones,True,fixed_anchor_then_adaptive_jones_score_selection,,nan,nan,nan,nan,True,,,nan,nan,,,,,[],nan,,,nan,nan,nan,nan,,nan,nan,nan,0.0006629582174480504,nan,nan,0.0006629582174480504,False,11da97468c8b90c59dcc518746f48f2217739b6c2c3deec78f2d1177de9045c5,0.6468657958954134,computed_unscaled,cpu,nan,nan,nan,,,,,,,,nan,nan,nan,nan,nan,nan,False,,
fig2,adaptive_jones_vp_proposed,15,2734808712,-5.0,snr_db,-5.0,3,3,3,3,full_6d,2734808712,,,nan,,False,,209.78166993707418,0.0007280618862473377,0.0007280618862473377,1.502815009347355e-05,0.0003103149762930033,2.8750195063631532e-12,0.36508935102904705,False,direct_vp,global_exact_spherical_vp,main_single_proposed,True,f0fb186a1d5c3ff0,adaptive_jones,cpu,False,,numpy,numpy.linalg.solve,fixed_pol_anchor,True,fixed_anchor_then_adaptive_jones_score_selection,fixed_pol_anchor,6.4061876175667365,34.986464813102664,16.37493494646765,0.0,True,3,4,3096725.458075429,3098994.2400893387,"[34.986464813102664,6.4061876175667365,7.732152408733547]","[0.028582481977158975,0.1560990810277617,0.12933009427785688]","[7.534490424949824e-09,2.628408727980774e-09,3.473061047651691e-07]",direct_vp,"[""poor_clock_consistency""]",3099367.493272109,3096560,True,2740598.7128684497,70.07776089779223,6.703746050256813,0.2352053661086557,"[4.588131630741251,5.099542107608368,5.073600948659161]",154.21626826375723,203.41238494217396,358.9072170704603,nan,nan,nan,nan,False,,nan,,,nan,nan,nan,,,,,,,,0.0007280618862473377,1.502815009347355e-05,0.36508935102904705,nan,nan,nan,False,not_run,not_requested
fig2,PEB,15,2734808712,-5.0,snr_db,-5.0,3,3,3,3,full_6d,2734808712,,,nan,,False,,5.20558438450098,nan,nan,nan,nan,nan,nan,False,,,peb_only,False,ff90a7d59b3972f7,,,,,,,adaptive_jones,True,fixed_anchor_then_adaptive_jones_score_selection,,nan,nan,nan,nan,True,,,nan,nan,,,,,[],nan,,,nan,nan,nan,nan,,nan,nan,nan,0.0006155747828861733,nan,nan,0.0006155747828861733,False,3745774ba39f0b3a489ec82705d3e30e7ac3ac0889ba9ff94e26de5537c07034,0.36476052765804357,computed_unscaled,cpu,nan,nan,nan,,,,,,,,nan,nan,nan,nan,nan,nan,False,,
fig2,adaptive_jones_vp_proposed,68,217409269,-10.0,snr_db,-10.0,3,3,3,3,full_6d,217409269,,,nan,,False,,2212.053876914084,0.0005129620622917884,0.0005129620622917884,9.316958308222194e-05,0.0002200562241906228,5.437437202551347e-13,1.8288918843295294,False,direct_vp,global_exact_spherical_vp,main_single_proposed,True,7c7c4349ecd1bf15,adaptive_jones,cpu,False,,numpy,numpy.linalg.solve,fixed_pol_anchor,True,fixed_anchor_then_adaptive_jones_score_selection,fixed_pol_anchor,20.713579160442787,102.20712950629056,48.90245234019057,0.0,True,3,4,3096725.458075429,3185123.203761404,"[20.713579160442787,23.786648353838373,102.20712950629056]","[0.048277508789452,0.042040391109361426,0.009784053272293942]","[8.000065743811818e-07,1.689994252982486e-08,3.270344215904564e-08]",direct_vp,"[""poor_clock_consistency""]",3099211.8575884537,3096560,True,509576.74567518226,95.23749267066569,3.681182488782948,0.12759660341746473,"[4.8453701865750505,5.131464126228473,4.879436824750955]",172.49446614086628,2205.293913297355,2379.206072360277,nan,nan,nan,nan,False,,nan,,,nan,nan,nan,,,,,,,,0.0005129620622917884,9.316958308222194e-05,1.8288918843295294,nan,nan,nan,False,not_run,not_requested
fig2,PEB,68,217409269,-10.0,snr_db,-10.0,3,3,3,3,full_6d,217409269,,,nan,,False,,5.5800082087516785,nan,nan,nan,nan,nan,nan,False,,,peb_only,False,d58c98b1567a08ab,,,,,,,adaptive_jones,True,fixed_anchor_then_adaptive_jones_score_selection,,nan,nan,nan,nan,True,,,nan,nan,,,,,[],nan,,,nan,nan,nan,nan,,nan,nan,nan,0.001419256325348707,nan,nan,0.001419256325348707,False,0b182e454a04b5041a3aee67b1d617d5e470ee5322dc8a1561fe76d42cd56704,1.8273364248213426,computed_unscaled,cpu,nan,nan,nan,,,,,,,,nan,nan,nan,nan,nan,nan,False,,
fig2,adaptive_jones_vp_proposed,17,2127997378,-5.0,snr_db,-5.0,3,3,3,3,full_6d,2127997378,,,nan,,False,,162.46842446178198,0.0005362585347446253,0.0005362585347446253,1.744546398184563e-05,4.8530587103694685e-05,4.201535239919552e-13,1.266449726339144,False,direct_vp,global_exact_spherical_vp,main_single_proposed,True,4a37c760d10c231f,adaptive_jones,cpu,False,,numpy,numpy.linalg.solve,fixed_pol_anchor,True,fixed_anchor_then_adaptive_jones_score_selection,fixed_pol_anchor,5.245831490736706,18.478161913048247,12.575085307507067,0.0,True,3,4,3096725.458075429,3103337.65179552,"[14.00126251873625,5.245831490736706,18.478161913048247]","[0.07142213058628219,0.19062754908551544,0.05411793687527858]","[2.841494704839983e-07,2.377360791298938e-08,1.8759255670238988e-07]",direct_vp,"[""poor_clock_consistency""]",3099947.855835666,3096560,True,2064004.1130048654,83.0950106759708,9.631214685795394,0.2221065992102627,"[4.909888005227837,4.893648805548963,5.372717715455535]",162.28593518584967,156.0260538086295,319.59493730962276,nan,nan,nan,nan,False,,nan,,,nan,nan,nan,,,,,,,,0.0005362585347446253,1.744546398184563e-05,1.266449726339144,nan,nan,nan,False,not_run,not_requested
fig2,PEB,17,2127997378,-5.0,snr_db,-5.0,3,3,3,3,full_6d,2127997378,,,nan,,False,,5.145299524068832,nan,nan,nan,nan,nan,nan,False,,,peb_only,False,826cfe5bdb97d009,,,,,,,adaptive_jones,True,fixed_anchor_then_adaptive_jones_score_selection,,nan,nan,nan,nan,True,,,nan,nan,,,,,[],nan,,,nan,nan,nan,nan,,nan,nan,nan,0.0007114826148609328,nan,nan,0.0007114826148609328,False,1e7e5fb979d639b775e57b8f9a2b5887da0781d1b293b718b0219c60afc7e70e,1.265072191587295,computed_unscaled,cpu,nan,nan,nan,,,,,,,,nan,nan,nan,nan,nan,nan,False,,
fig2,adaptive_jones_vp_proposed,19,3846521747,-5.0,snr_db,-5.0,3,3,3,3,full_6d,3846521747,,,nan,,False,,177.8768613114953,0.0012784840533210206,0.0012784840533210206,2.15557902370418e-05,0.0003861526300404182,3.9555999575163307e-13,0.37481989428957363,False,direct_vp,global_exact_spherical_vp,main_single_proposed,True,f626f5c0999f45c4,adaptive_jones,cpu,False,,numpy,numpy.linalg.solve,fixed_pol_anchor,True,fixed_anchor_then_adaptive_jones_score_selection,fixed_pol_anchor,5.903254996338469,15.13000200652643,11.139808147994758,0.0,True,3,4,3096725.458075429,3137062.161369189,"[12.386167441119376,5.903254996338469,15.13000200652643]","[0.08073522376807468,0.1693980694742736,0.06609384450534198]","[1.2590491308667364e-07,3.1367385166308665e-08,8.29736768141346e-08]",direct_vp,"[""poor_clock_consistency""]",3095221.332944846,3096560,True,2103235.839035306,80.59318127415426,7.408576692919609,0.22297539004539177,"[5.056243082329618,4.896001035125785,5.428308939649151]",185.24957378953695,171.60719763487577,358.2237176299095,nan,nan,nan,nan,False,,nan,,,nan,nan,nan,,,,,,,,0.0012784840533210206,2.15557902370418e-05,0.37481989428957363,nan,nan,nan,False,not_run,not_requested
fig2,PEB,19,3846521747,-5.0,snr_db,-5.0,3,3,3,3,full_6d,3846521747,,,nan,,False,,5.400755241513252,nan,nan,nan,nan,nan,nan,False,,,peb_only,False,80932025d2f765a7,,,,,,,adaptive_jones,True,fixed_anchor_then_adaptive_jones_score_selection,,nan,nan,nan,nan,True,,,nan,nan,,,,,[],nan,,,nan,nan,nan,nan,,nan,nan,nan,0.0007035534536445204,nan,nan,0.0007035534536445204,False,66683f008884b5deaddb95c24fc2a892e518e793d697d2821f0c6f98570400e4,0.3749839394765869,computed_unscaled,cpu,nan,nan,nan,,,,,,,,nan,nan,nan,nan,nan,nan,False,,
fig2,adaptive_jones_vp_proposed,72,2100195688,-10.0,snr_db,-10.0,3,3,3,3,full_6d,2100195688,,,nan,,False,,2048.932556167245,0.0005010580782007131,0.0005010580782007131,6.980730917471455e-05,0.0003908343763136947,5.07698872366502e-12,3.2918534556878782,False,direct_vp,global_exact_spherical_vp,main_single_proposed,True,31ecf8170922975f,adaptive_jones,cpu,False,,numpy,numpy.linalg.solve,fixed_pol_anchor,True,fixed_anchor_then_adaptive_jones_score_selection,fixed_pol_anchor,16.73900154579856,52.772321713090335,38.71278509810538,0.0,True,3,4,3096725.458075429,3122640.487517903,"[52.772321713090335,16.73900154579856,46.62703203542724]","[0.01894932736490111,0.05974071973452074,0.021446786473425385]","[1.1434932264430799e-07,8.68203341073407e-09,4.502814262310721e-08]",direct_vp,"[""poor_clock_consistency""]",3100307.39210656,3096560,True,686002.8384892787,79.1061275728261,4.6587903511616515,0.14151811877453896,"[5.080269203902294,4.9084054683477705,5.255048561502103]",186.20062535256147,2042.5172788724303,2230.011453807354,nan,nan,nan,nan,False,,nan,,,nan,nan,nan,,,,,,,,0.0005010580782007131,6.980730917471455e-05,3.2918534556878782,nan,nan,nan,False,not_run,not_requested
fig2,PEB,72,2100195688,-10.0,snr_db,-10.0,3,3,3,3,full_6d,2100195688,,,nan,,False,,5.422005727887154,nan,nan,nan,nan,nan,nan,False,,,peb_only,False,5e52b9b62001596f,,,,,,,adaptive_jones,True,fixed_anchor_then_adaptive_jones_score_selection,,nan,nan,nan,nan,True,,,nan,nan,,,,,[],nan,,,nan,nan,nan,nan,,nan,nan,nan,0.0012336509076348286,nan,nan,0.0012336509076348286,False,c74090ee2666e0b285da3833dfd6aa0f2593b8f113092ef5692488e84b651980,3.2878915272572398,computed_unscaled,cpu,nan,nan,nan,,,,,,,,nan,nan,nan,nan,nan,nan,False,,
fig2,adaptive_jones_vp_proposed,20,3607282624,-5.0,snr_db,-5.0,3,3,3,3,full_6d,3607282624,,,nan,,False,,243.86573234200478,0.00024265860782328658,0.00024265860782328658,2.1471730321419742e-05,0.00021354851766916552,4.266541962189544e-13,1.8082282756499903,False,direct_vp,global_exact_spherical_vp,main_single_proposed,True,78c73717f3537ff7,adaptive_jones,cpu,False,,numpy,numpy.linalg.solve,fixed_pol_anchor,True,fixed_anchor_then_adaptive_jones_score_selection,fixed_pol_anchor,4.997725415644588,24.842649447956774,14.473274273780703,0.0,True,3,4,3096725.458075429,3096810.000639544,"[13.579447957740749,24.842649447956774,4.997725415644588]","[0.07364069607972439,0.04025335550743377,0.20009102478192592]","[2.62016108763066e-07,1.2071505443299537e-08,1.7941737846511277e-07]",direct_vp,[],3095256.8077846407,3096560,True,2712531.2756508808,65.46767396740366,8.941970308637622,0.08040925125959839,"[4.837446503011441,5.022735142350084,4.987939804483447]",198.65501794964075,237.31780261546373,437.2007041275501,nan,nan,nan,nan,False,,nan,,,nan,nan,nan,,,,,,,,0.00024265860782328658,2.1471730321419742e-05,1.8082282756499903,nan,nan,nan,False,not_run,not_requested
fig2,PEB,20,3607282624,-5.0,snr_db,-5.0,3,3,3,3,full_6d,3607282624,,,nan,,False,,5.4096730425953865,nan,nan,nan,nan,nan,nan,False,,,peb_only,False,efe554de55090713,,,,,,,adaptive_jones,True,fixed_anchor_then_adaptive_jones_score_selection,,nan,nan,nan,nan,True,,,nan,nan,,,,,[],nan,,,nan,nan,nan,nan,,nan,nan,nan,0.0006003400235130783,nan,nan,0.0006003400235130783,False,614c1d5045ebcd05d85977496f662de337f9fdc3d750d62d2ed64ea91c25b070,1.808998938897974,computed_unscaled,cpu,nan,nan,nan,,,,,,,,nan,nan,nan,nan,nan,nan,False,,
fig2,adaptive_jones_vp_proposed,23,2043173887,-5.0,snr_db,-5.0,3,3,3,3,full_6d,2043173887,,,nan,,False,,185.15253116935492,0.0009366319373925056,0.0009366319373925056,1.626728183365647e-05,7.03255610234055e-05,2.582167472806356e-13,1.0357436647024325,False,direct_vp,global_exact_spherical_vp,main_single_proposed,True,154bef2242af89d5,adaptive_jones,cpu,False,,numpy,numpy.linalg.solve,fixed_pol_anchor,True,fixed_anchor_then_adaptive_jones_score_selection,fixed_pol_anchor,6.572011034121434,39.18980680870899,17.66110371979521,0.0,True,3,4,3096725.458075429,3100820.2031076066,"[39.18980680870899,6.572011034121434,7.221493316555211]","[0.025516839234292536,0.15216042620767006,0.1384755141572017]","[1.72584200912484e-07,2.0057118782008513e-09,6.931287378899245e-09]",direct_vp,"[""poor_clock_consistency""]",3096246.5468632174,3096560,True,2651762.3045523716,64.07560349465766,10.421158676847131,0.1205512251246537,"[5.1704232583540435,4.8824649249364,4.96981645601343]",186.40219780802727,178.44260150939226,366.24666783213615,nan,nan,nan,nan,False,,nan,,,nan,nan,nan,,,,,,,,0.0009366319373925056,1.626728183365647e-05,1.0357436647024325,nan,nan,nan,False,not_run,not_requested
fig2,PEB,23,2043173887,-5.0,snr_db,-5.0,3,3,3,3,full_6d,2043173887,,,nan,,False,,5.432543076574802,nan,nan,nan,nan,nan,nan,False,,,peb_only,False,c72f4ff18ecc21cd,,,,,,,adaptive_jones,True,fixed_anchor_then_adaptive_jones_score_selection,,nan,nan,nan,nan,True,,,nan,nan,,,,,[],nan,,,nan,nan,nan,nan,,nan,nan,nan,0.0006230569693857981,nan,nan,0.0006230569693857981,False,7093cfec76f40175c6c7c58aa1b5153ce86056a79427b6463226f28ede4d41bd,1.0358538720112092,computed_unscaled,cpu,nan,nan,nan,,,,,,,,nan,nan,nan,nan,nan,nan,False,,
fig2,adaptive_jones_vp_proposed,22,3206710796,-5.0,snr_db,-5.0,3,3,3,3,full_6d,3206710796,,,nan,,False,,348.4232673496008,0.0003556160226233846,0.0003556160226233846,1.598185100523324e-05,0.00011506918466766299,1.90987482434789e-12,0.3387933904752475,False,direct_vp,global_exact_spherical_vp,main_single_proposed,True,4b2e90281b637833,adaptive_jones,cpu,False,,numpy,numpy.linalg.solve,fixed_pol_anchor,True,fixed_anchor_then_adaptive_jones_score_selection,fixed_pol_anchor,6.9552708637218394,22.305431950873206,12.348459511377177,0.0,True,3,4,3096725.458075429,3096765.356660907,"[7.784675719536482,6.9552708637218394,22.305431950873206]","[0.12845750240855988,0.14377585281530417,0.04483212888143809]","[3.8692957013792075e-07,1.2263175923214545e-07,2.7860364276166483e-07]",direct_vp,"[""poor_clock_consistency""]",3093207.355385573,3096560,True,1798176.899337257,85.42555504602085,7.720185144993614,0.1080783077708904,"[4.875599154615123,4.8277480198553535,5.0771660359434785]",155.48813918232918,341.93439377099276,498.65298669040203,nan,nan,nan,nan,False,,nan,,,nan,nan,nan,,,,,,,,0.0003556160226233846,1.598185100523324e-05,0.3387933904752475,nan,nan,nan,False,not_run,not_requested
fig2,PEB,22,3206710796,-5.0,snr_db,-5.0,3,3,3,3,full_6d,3206710796,,,nan,,False,,5.347778648138046,nan,nan,nan,nan,nan,nan,False,,,peb_only,False,052b690c959e17e5,,,,,,,adaptive_jones,True,fixed_anchor_then_adaptive_jones_score_selection,,nan,nan,nan,nan,True,,,nan,nan,,,,,[],nan,,,nan,nan,nan,nan,,nan,nan,nan,0.0007554398024572056,nan,nan,0.0007554398024572056,False,c84ba72aa3a760a0760b6b67e247dbffd03ad56315a9283ecceeafa1a6824f29,0.33916235200905503,computed_unscaled,cpu,nan,nan,nan,,,,,,,,nan,nan,nan,nan,nan,nan,False,,
fig2,adaptive_jones_vp_proposed,26,890721611,-5.0,snr_db,-5.0,3,3,3,3,full_6d,890721611,,,nan,,False,,165.53015744686127,0.0009773382635344524,0.0009773382635344524,8.361376816890677e-06,6.713611979129554e-05,5.609497714651903e-13,1.5072659799372825,False,direct_vp,global_exact_spherical_vp,main_single_proposed,True,1bd867daa8002bfd,adaptive_jones,cpu,False,,numpy,numpy.linalg.solve,fixed_pol_anchor,True,fixed_anchor_then_adaptive_jones_score_selection,fixed_pol_anchor,6.1747258293128295,31.270468924279008,15.19030260341772,0.0,True,3,4,3096725.458075429,3096818.4485959727,"[6.1747258293128295,31.270468924279008,8.125713056661324]","[0.16195051045774334,0.031979053540585375,0.12306612269209911]","[9.211810129009146e-08,6.9807406619209984e-09,5.016071830164769e-07]",direct_vp,[],3096424.127474603,3096560,True,2432390.0607841653,86.6089497350643,10.177571395325653,0.08754826571454111,"[5.076631641495067,5.083211771474079,4.894291237136456]",194.42878225445747,158.930488884449,354.67639673501253,nan,nan,nan,nan,False,,nan,,,nan,nan,nan,,,,,,,,0.0009773382635344524,8.361376816890677e-06,1.5072659799372825,nan,nan,nan,False,not_run,not_requested
fig2,PEB,26,890721611,-5.0,snr_db,-5.0,3,3,3,3,full_6d,890721611,,,nan,,False,,5.389919511973858,nan,nan,nan,nan,nan,nan,False,,,peb_only,False,3e87f4b4794692a9,,,,,,,adaptive_jones,True,fixed_anchor_then_adaptive_jones_score_selection,,nan,nan,nan,nan,True,,,nan,nan,,,,,[],nan,,,nan,nan,nan,nan,,nan,nan,nan,0.0006547161925826777,nan,nan,0.0006547161925826777,False,c294e93a3e036e5c5731d344dd8b7b3046868b56987f9fb6b7f233813953d55d,1.5073399078881684,computed_unscaled,cpu,nan,nan,nan,,,,,,,,nan,nan,nan,nan,nan,nan,False,,
fig2,adaptive_jones_vp_proposed,25,3407116044,-5.0,snr_db,-5.0,3,3,3,3,full_6d,3407116044,,,nan,,False,,229.08432487398386,0.0005706419256227278,0.0005706419256227278,2.231929369154759e-05,0.00010670640045345591,1.2491032591901271e-12,0.6468084395023204,False,direct_vp,global_exact_spherical_vp,main_single_proposed,True,6f05bd17e551f928,adaptive_jones,cpu,False,,numpy,numpy.linalg.solve,fixed_pol_anchor,True,fixed_anchor_then_adaptive_jones_score_selection,fixed_pol_anchor,6.711895035630134,24.184752771111196,12.940675150984909,0.0,True,3,4,3096725.458075429,3096787.7678605593,"[6.711895035630134,7.925377646213396,24.184752771111196]","[0.14898921909308507,0.1261769526490459,0.04134836561861902]","[8.131712891128457e-08,3.073671847819783e-08,2.303163918014281e-08]",direct_vp,[],3097031.4690166637,3096560,True,1745792.7567479867,83.05317246837309,9.238550689600594,0.08987925379749809,"[5.134518027400657,4.973504079543417,4.92397973943212]",182.1080515831709,222.62630590051413,406.1146430596709,nan,nan,nan,nan,False,,nan,,,nan,nan,nan,,,,,,,,0.0005706419256227278,2.231929369154759e-05,0.6468084395023204,nan,nan,nan,False,not_run,not_requested
fig2,PEB,25,3407116044,-5.0,snr_db,-5.0,3,3,3,3,full_6d,3407116044,,,nan,,False,,5.321523256599903,nan,nan,nan,nan,nan,nan,False,,,peb_only,False,7c4694ca84888a36,,,,,,,adaptive_jones,True,fixed_anchor_then_adaptive_jones_score_selection,,nan,nan,nan,nan,True,,,nan,nan,,,,,[],nan,,,nan,nan,nan,nan,,nan,nan,nan,0.0007662781632850238,nan,nan,0.0007662781632850238,False,b8c0aecbc648c84bc393cf0ea8f798ce1d40daafad542474a8d407dec27d44d6,0.6467133157662985,computed_unscaled,cpu,nan,nan,nan,,,,,,,,nan,nan,nan,nan,nan,nan,False,,
fig2,adaptive_jones_vp_proposed,27,4133001221,-5.0,snr_db,-5.0,3,3,3,3,full_6d,4133001221,,,nan,,False,,175.23430147767067,0.0005096014561876785,0.0005096014561876785,8.457810610559388e-06,0.00011637455039522307,2.744083453554782e-13,0.7394094480535678,False,direct_vp,global_exact_spherical_vp,main_single_proposed,True,2f33043a6011400d,adaptive_jones,cpu,False,,numpy,numpy.linalg.solve,fixed_pol_anchor,True,fixed_anchor_then_adaptive_jones_score_selection,fixed_pol_anchor,3.928060408048027,350.01985719748063,123.79173720068071,0.0,True,3,4,3096725.458075429,3112566.733465008,"[17.42729399651349,3.928060408048027,350.01985719748063]","[0.05738125495459209,0.2545785696032619,0.00285698076576776]","[1.6445006842814905e-06,1.7531415832361903e-08,3.3472052072074863e-09]",direct_vp,"[""poor_clock_consistency""]",3096104.7879611705,3096560,True,1438971.9116036945,100.57599444524195,2.587864969182184,0.37124152322678927,"[5.583648093103876,4.953761890378303,5.836704760461842]",182.01776053011417,168.83000417798758,352.1640378013253,nan,nan,nan,nan,False,,nan,,,nan,nan,nan,,,,,,,,0.0005096014561876785,8.457810610559388e-06,0.7394094480535678,nan,nan,nan,False,not_run,not_requested
fig2,PEB,27,4133001221,-5.0,snr_db,-5.0,3,3,3,3,full_6d,4133001221,,,nan,,False,,5.331472970545292,nan,nan,nan,nan,nan,nan,False,,,peb_only,False,6af9024b5634747a,,,,,,,adaptive_jones,True,fixed_anchor_then_adaptive_jones_score_selection,,nan,nan,nan,nan,True,,,nan,nan,,,,,[],nan,,,nan,nan,nan,nan,,nan,nan,nan,0.0008517942627198783,nan,nan,0.0008517942627198783,False,4db56e3e555632d19d051acf26a881417468b8ad38e08366b65041ee29b29feb,0.7395219825630268,computed_unscaled,cpu,nan,nan,nan,,,,,,,,nan,nan,nan,nan,nan,nan,False,,
fig2,adaptive_jones_vp_proposed,28,4133035554,-5.0,snr_db,-5.0,3,3,3,3,full_6d,4133035554,,,nan,,False,,247.98330287635326,0.0004384419049722449,0.0004384419049722449,9.251620964121325e-06,0.00016820162516508556,4.3298840042100514e-13,1.120321703760013,False,direct_vp,global_exact_spherical_vp,main_single_proposed,True,6c0fe391dcd56890,adaptive_jones,cpu,False,,numpy,numpy.linalg.solve,fixed_pol_anchor,True,fixed_anchor_then_adaptive_jones_score_selection,fixed_pol_anchor,5.805848452908298,46.303293272320374,20.09200158925232,0.0,True,3,4,3096725.458075429,3105785.947255307,"[5.805848452908298,8.16686304252829,46.303293272320374]","[0.1722401141030935,0.12244603525055,0.021596735983172202]","[8.515551283173557e-08,1.8339780231458943e-08,1.0436557132165956e-07]",direct_vp,[],3100563.1111179427,3096560,True,1620088.65368839,89.01928691104385,8.321529691010063,0.052469513820779946,"[4.935855413115454,4.878294847345535,4.8075572403119695]",195.924500875175,241.28729930520058,438.5624058023095,nan,nan,nan,nan,False,,nan,,,nan,nan,nan,,,,,,,,0.0004384419049722449,9.251620964121325e-06,1.120321703760013,nan,nan,nan,False,not_run,not_requested
fig2,PEB,28,4133035554,-5.0,snr_db,-5.0,3,3,3,3,full_6d,4133035554,,,nan,,False,,5.579341985285282,nan,nan,nan,nan,nan,nan,False,,,peb_only,False,5d4ecf95eec6084a,,,,,,,adaptive_jones,True,fixed_anchor_then_adaptive_jones_score_selection,,nan,nan,nan,nan,True,,,nan,nan,,,,,[],nan,,,nan,nan,nan,nan,,nan,nan,nan,0.0007964975677907675,nan,nan,0.0007964975677907675,False,b0d6ccdf5e943bdc30a995d28f082c1063f363c2aa22897f8408d6a89636af3a,1.118881047027461,computed_unscaled,cpu,nan,nan,nan,,,,,,,,nan,nan,nan,nan,nan,nan,False,,
fig2,adaptive_jones_vp_proposed,89,850792180,-10.0,snr_db,-10.0,3,3,3,3,full_6d,850792180,,,nan,,False,,1859.171487443149,0.0012901866092198716,0.0012901866092198716,6.273068404960059e-05,0.0006097449901139241,1.8184762254493214e-12,7.891154458000634,False,direct_vp,global_exact_spherical_vp,main_single_proposed,True,dc38d2943e0b4d80,adaptive_jones,cpu,False,,numpy,numpy.linalg.solve,fixed_pol_anchor,True,fixed_anchor_then_adaptive_jones_score_selection,fixed_pol_anchor,16.84886901038092,69.87340733745334,41.41612483031981,0.0,True,3,4,3096725.458075429,3106875.8928400907,"[69.87340733745334,16.84886901038092,37.526098143125175]","[0.01431159632878114,0.05935116472013827,0.026648120893050405]","[5.475570280943789e-10,2.4469107414291428e-08,3.4458913541103727e-07]",direct_vp,"[""poor_clock_consistency""]",3098301.5821365267,3096560,True,717411.1070643543,66.8949936444751,4.186115666398258,0.13064023019436463,"[4.85295970885731,5.165099580232149,4.947976885580545]",165.94204452633858,1852.5838572457433,2019.9197001606226,nan,nan,nan,nan,False,,nan,,,nan,nan,nan,,,,,,,,0.0012901866092198716,6.273068404960059e-05,7.891154458000634,nan,nan,nan,False,not_run,not_requested
fig2,PEB,89,850792180,-10.0,snr_db,-10.0,3,3,3,3,full_6d,850792180,,,nan,,False,,5.291086912155151,nan,nan,nan,nan,nan,nan,False,,,peb_only,False,f673a228687c1c56,,,,,,,adaptive_jones,True,fixed_anchor_then_adaptive_jones_score_selection,,nan,nan,nan,nan,True,,,nan,nan,,,,,[],nan,,,nan,nan,nan,nan,,nan,nan,nan,0.0012201386586936462,nan,nan,0.0012201386586936462,False,2d81d18bd4ebd93cb30153245eac7dedb296bdb9883caf62dadd0506edd2daa4,7.886759522643854,computed_unscaled,cpu,nan,nan,nan,,,,,,,,nan,nan,nan,nan,nan,nan,False,,
fig2,adaptive_jones_vp_proposed,82,2146768378,-10.0,snr_db,-10.0,3,3,3,3,full_6d,2146768378,,,nan,,False,,2081.7231066673994,0.0007395832033505197,0.0007395832033505197,4.8686469036895357e-05,0.0004437872187337893,4.378485304133863e-12,6.5995152044420475,False,direct_vp,global_exact_spherical_vp,main_single_proposed,True,5ab4093d4f7eda41,adaptive_jones,cpu,False,,numpy,numpy.linalg.solve,fixed_pol_anchor,True,fixed_anchor_then_adaptive_jones_score_selection,fixed_pol_anchor,20.35092191937854,237.81627420415495,93.25254084370476,0.0,True,3,4,3096725.458075429,3097356.2423435813,"[20.35092191937854,237.81627420415495,21.590426407580836]","[0.0491378230402147,0.004204926694393198,0.04631682492511076]","[6.694559389789574e-10,4.847771936886365e-09,7.226981371270392e-08]",direct_vp,"[""poor_clock_consistency""]",3100267.163188106,3096560,True,811667.5971830335,72.01863716251265,4.261208053652952,0.36176160275852565,"[5.2676541135389,4.424723232292508,4.609498570423514]",179.3769910261035,2075.1399381756783,2255.9168707057834,nan,nan,nan,nan,False,,nan,,,nan,nan,nan,,,,,,,,0.0007395832033505197,4.8686469036895357e-05,6.5995152044420475,nan,nan,nan,False,not_run,not_requested
fig2,PEB,82,2146768378,-10.0,snr_db,-10.0,3,3,3,3,full_6d,2146768378,,,nan,,False,,5.404844745993614,nan,nan,nan,nan,nan,nan,False,,,peb_only,False,c93d7dd79f148234,,,,,,,adaptive_jones,True,fixed_anchor_then_adaptive_jones_score_selection,,nan,nan,nan,nan,True,,,nan,nan,,,,,[],nan,,,nan,nan,nan,nan,,nan,nan,nan,0.0011354535747526032,nan,nan,0.0011354535747526032,False,3a0d3e6549ad4d642256987481bea72461b73f437bf823d820291ff80c435722,6.591657853349463,computed_unscaled,cpu,nan,nan,nan,,,,,,,,nan,nan,nan,nan,nan,nan,False,,
fig2,adaptive_jones_vp_proposed,36,3263447461,-10.0,snr_db,-10.0,3,3,3,3,full_6d,3263447461,,,nan,,False,,4560.4076067358255,1.0586061634132784,1.0586061634132784,0.8198079409988369,0.6587768947099031,8.629606997663707e-10,2.6503769272474638,True,ris_only_stage2_then_vp,global_exact_spherical_vp,main_single_proposed,True,9a748639f8af4bfe,adaptive_jones,cpu,False,,numpy,numpy.linalg.solve,fixed_pol_anchor,True,fixed_anchor_then_adaptive_jones_score_selection,fixed_pol_anchor,60.73179730102763,1088275.5419312667,367193.1769027145,0.0,True,3,4,3096725.458075429,3096799.8362830514,"[60.73179730102763,1088275.5419312667,13243.256979575732]","[0.016465839055982416,9.188839344398462e-07,7.551012476001803e-05]","[2.1682269305919723e-07,3.667610423477889e-13,4.1087050436049077e-10]",jnpp_then_vp,"[""low_assignment_margin"",""poor_clock_consistency""]",3406577.4315517126,3096560,False,7912.67565933833,198.00741937706155,0.02199906786742447,52.06056093226972,"[5.218080877103827,6.44009778779154,116.26114548746119]",152.6325700506568,273.7319718003273,445.6718340218067,nan,nan,nan,nan,False,,nan,,,nan,nan,nan,,,,,,,,0.9902957143143618,0.9840339158466133,2.6901853732125454,1.0586061634132784,0.8198079409988369,2.6503769272474638,True,accepted,accepted
fig2,PEB,36,3263447461,-10.0,snr_db,-10.0,3,3,3,3,full_6d,3263447461,,,nan,,False,,5.449658460915089,nan,nan,nan,nan,nan,nan,False,,,peb_only,False,a3a5295acc67be29,,,,,,,adaptive_jones,True,fixed_anchor_then_adaptive_jones_score_selection,,nan,nan,nan,nan,True,,,nan,nan,,,,,[],nan,,,nan,nan,nan,nan,,nan,nan,nan,0.0010068566079147994,nan,nan,0.0010068566079147994,False,44da4b062737b51be35373567f8e2b8ed08b76fc869f23df282060a8ccb40d9b,2.445376225734722,computed_unscaled,cpu,nan,nan,nan,,,,,,,,nan,nan,nan,nan,nan,nan,False,,
fig2,adaptive_jones_vp_proposed,21,4000820147,-5.0,snr_db,-5.0,3,3,3,3,full_6d,4000820147,,,nan,,False,,721.0245807170868,0.0003985250664870397,0.0003985250664870397,9.73785148854206e-06,0.00022533004227722535,2.2077844006964306e-12,1.0999797253280514,False,direct_vp,global_exact_spherical_vp,main_single_proposed,True,134acc8152628127,adaptive_jones,cpu,False,,numpy,numpy.linalg.solve,fixed_pol_anchor,True,fixed_anchor_then_adaptive_jones_score_selection,fixed_pol_anchor,3.628835669145874,143.8310070160029,59.01631641375676,0.0,True,3,4,3096725.458075429,3098872.0827940945,"[3.628835669145874,143.8310070160029,29.589106556121536]","[0.2755704835297056,0.0069526037577203855,0.033796221527463664]","[2.0304453697218173e-07,8.78387070323607e-10,1.0181420055432688e-09]",direct_vp,"[""poor_clock_consistency""]",3096008.5939906477,3096560,True,1615727.458041457,135.88651965132797,5.9403660900793165,0.1565698869415497,"[4.982307893362556,5.359950374873907,5.11322231366964]",172.0476352646947,714.3346089571714,887.743760034442,nan,nan,nan,nan,False,,nan,,,nan,nan,nan,,,,,,,,0.0003985250664870397,9.73785148854206e-06,1.0999797253280514,nan,nan,nan,False,not_run,not_requested
fig2,PEB,21,4000820147,-5.0,snr_db,-5.0,3,3,3,3,full_6d,4000820147,,,nan,,False,,5.3007539585232735,nan,nan,nan,nan,nan,nan,False,,,peb_only,False,fa9530d24e8906ac,,,,,,,adaptive_jones,True,fixed_anchor_then_adaptive_jones_score_selection,,nan,nan,nan,nan,True,,,nan,nan,,,,,[],nan,,,nan,nan,nan,nan,,nan,nan,nan,0.0008299829535644942,nan,nan,0.0008299829535644942,False,f7a047bb7013efbe33f31c7f789c22a5d5f4d1899bcaccc54b42258dbd7f4038,1.1001813187950489,computed_unscaled,cpu,nan,nan,nan,,,,,,,,nan,nan,nan,nan,nan,nan,False,,
fig2,adaptive_jones_vp_proposed,30,635628036,-5.0,snr_db,-5.0,3,3,3,3,full_6d,635628036,,,nan,,False,,302.99625547230244,0.0012683224012725333,0.0012683224012725333,2.121364934571608e-05,0.00010684881540549752,3.3850275897081655e-13,1.2196209811754413,False,direct_vp,global_exact_spherical_vp,main_single_proposed,True,96b28b68b553c16e,adaptive_jones,cpu,False,,numpy,numpy.linalg.solve,fixed_pol_anchor,True,fixed_anchor_then_adaptive_jones_score_selection,fixed_pol_anchor,8.474064196416448,10.352328532452496,9.547131902589255,0.0,True,3,4,3096725.458075429,3100380.0009120987,"[10.352328532452496,9.815002978898816,8.474064196416448]","[0.09659662527660767,0.10188483917326115,0.1180071305589602]","[7.982726958111726e-08,3.119914468116848e-09,5.632557733681308e-08]",direct_vp,"[""poor_clock_consistency""]",3098435.4072331684,3096560,True,2589578.635777045,70.70741816602852,14.286049835433856,0.11306770889413008,"[5.08121276215551,5.217583839317691,4.940636288960572]",150.78794906288385,296.4319518953562,448.5965775102377,nan,nan,nan,nan,False,,nan,,,nan,nan,nan,,,,,,,,0.0012683224012725333,2.121364934571608e-05,1.2196209811754413,nan,nan,nan,False,not_run,not_requested
fig2,PEB,30,635628036,-5.0,snr_db,-5.0,3,3,3,3,full_6d,635628036,,,nan,,False,,5.546503774821758,nan,nan,nan,nan,nan,nan,False,,,peb_only,False,a4f91a556b736e5f,,,,,,,adaptive_jones,True,fixed_anchor_then_adaptive_jones_score_selection,,nan,nan,nan,nan,True,,,nan,nan,,,,,[],nan,,,nan,nan,nan,nan,,nan,nan,nan,0.0006311516352296262,nan,nan,0.0006311516352296262,False,5590d75cc6f366b617653df89fa7a75298a3f157b3c5c00e92e68278a75325fa,1.2188890723969568,computed_unscaled,cpu,nan,nan,nan,,,,,,,,nan,nan,nan,nan,nan,nan,False,,
fig2,adaptive_jones_vp_proposed,34,1995992425,-5.0,snr_db,-5.0,3,3,3,3,full_6d,1995992425,,,nan,,False,,171.9290023446083,0.00037211883832886965,0.00037211883832886965,1.368816569949933e-05,0.0003124229901250729,2.96225840998213e-12,2.4169271743776553,False,direct_vp,global_exact_spherical_vp,main_single_proposed,True,287086b2ff1c149a,adaptive_jones,cpu,False,,numpy,numpy.linalg.solve,fixed_pol_anchor,True,fixed_anchor_then_adaptive_jones_score_selection,fixed_pol_anchor,4.714679706605881,37.029695578907194,18.34673870519538,0.0,True,3,4,3096725.458075429,3098941.3607153734,"[37.029695578907194,4.714679706605881,13.295840830073068]","[0.02700535298304178,0.21210348575623386,0.07521149002663027]","[1.5064541143251031e-07,2.628462842738762e-08,2.0042506793443875e-07]",direct_vp,[],3099047.246691938,3096560,True,2123185.4711728925,76.69931474392955,8.546063951433823,0.07725773325644973,"[5.137818821882218,5.007168193608902,4.9539303681763736]",160.33815404772758,165.2150407359004,326.9115221053362,nan,nan,nan,nan,False,,nan,,,nan,nan,nan,,,,,,,,0.00037211883832886965,1.368816569949933e-05,2.4169271743776553,nan,nan,nan,False,not_run,not_requested
fig2,PEB,34,1995992425,-5.0,snr_db,-5.0,3,3,3,3,full_6d,1995992425,,,nan,,False,,5.319996416568756,nan,nan,nan,nan,nan,nan,False,,,peb_only,False,bef56374814e896b,,,,,,,adaptive_jones,True,fixed_anchor_then_adaptive_jones_score_selection,,nan,nan,nan,nan,True,,,nan,nan,,,,,[],nan,,,nan,nan,nan,nan,,nan,nan,nan,0.0007105621677742123,nan,nan,0.0007105621677742123,False,08ae9de45575216533d6edee2ff062b3deef6ce05030f7f9832ee4fff1bbeb0e,2.4149998648502797,computed_unscaled,cpu,nan,nan,nan,,,,,,,,nan,nan,nan,nan,nan,nan,False,,
fig2,adaptive_jones_vp_proposed,32,2857393641,-5.0,snr_db,-5.0,3,3,3,3,full_6d,2857393641,,,nan,,False,,239.81634352356195,0.0011907557292248482,0.0011907557292248482,2.7353606401262914e-05,8.049220922032143e-05,1.0172465641523857e-13,0.5711765089772639,False,direct_vp,global_exact_spherical_vp,main_single_proposed,True,22bc080a3580b96d,adaptive_jones,cpu,False,,numpy,numpy.linalg.solve,fixed_pol_anchor,True,fixed_anchor_then_adaptive_jones_score_selection,fixed_pol_anchor,6.746385764428486,14.303807872718126,10.404770774800914,0.0,True,3,4,3096725.458075429,3097236.521785514,"[6.746385764428486,14.303807872718126,10.164118687256126]","[0.14822751542995521,0.06991145357125578,0.09838531315495615]","[7.243219756785415e-08,2.3207998639273005e-08,8.962485447114117e-07]",direct_vp,[],3094783.915863718,3096560,True,2458366.9950334486,73.73214694186936,11.891189484477291,0.07980084181449433,"[5.149778728084136,4.95433361640943,5.054829407939111]",178.21560083329678,233.16256535053253,412.74050445109606,nan,nan,nan,nan,False,,nan,,,nan,nan,nan,,,,,,,,0.0011907557292248482,2.7353606401262914e-05,0.5711765089772639,nan,nan,nan,False,not_run,not_requested
fig2,PEB,32,2857393641,-5.0,snr_db,-5.0,3,3,3,3,full_6d,2857393641,,,nan,,False,,5.093713276088238,nan,nan,nan,nan,nan,nan,False,,,peb_only,False,5d8ac5a63252fc96,,,,,,,adaptive_jones,True,fixed_anchor_then_adaptive_jones_score_selection,,nan,nan,nan,nan,True,,,nan,nan,,,,,[],nan,,,nan,nan,nan,nan,,nan,nan,nan,0.0006490955283389941,nan,nan,0.0006490955283389941,False,73ca4065ba0c89751d2f0dc2de518337698a325ed5053ee6dc1f366512a9f819,0.5715072578723671,computed_unscaled,cpu,nan,nan,nan,,,,,,,,nan,nan,nan,nan,nan,nan,False,,
fig2,adaptive_jones_vp_proposed,61,3445288900,-10.0,snr_db,-10.0,3,3,3,3,full_6d,3445288900,,,nan,,False,,3382.6386503502727,0.0011560824896745712,0.0011560824896745712,3.988702529751796e-05,0.0004810669946637198,3.704379120870509e-12,5.671066131394084,False,direct_vp,global_exact_spherical_vp,main_single_proposed,True,66c1d4eee8bce13c,adaptive_jones,cpu,False,,numpy,numpy.linalg.solve,fixed_pol_anchor,True,fixed_anchor_then_adaptive_jones_score_selection,fixed_pol_anchor,11.765117530478554,152.73886016742856,93.57625452031299,0.0,True,3,4,3096725.458075429,3142198.136321298,"[116.22478586303183,11.765117530478554,152.73886016742856]","[0.00860401671173868,0.08499702594535485,0.00654712231550691]","[2.776435782563436e-06,1.5536616885925211e-06,7.993071951974659e-09]",direct_vp,"[""low_assignment_margin"",""poor_clock_consistency""]",3096025.0929001365,3096560,True,566502.8738416617,108.77214641882134,0.062002211023310765,2.447468821086984,"[2.666352338101471,5.317834852159066,8.648561859180097]",149.57504834979773,2930.485030375421,3081.3865259215236,nan,nan,nan,nan,False,,nan,,,nan,nan,nan,,,,,,,,0.0011560824896745712,3.988702529751796e-05,5.671066131394084,nan,nan,nan,False,not_run,not_requested
fig2,PEB,61,3445288900,-10.0,snr_db,-10.0,3,3,3,3,full_6d,3445288900,,,nan,,False,,5.171070232987404,nan,nan,nan,nan,nan,nan,False,,,peb_only,False,a16b376240ef7aeb,,,,,,,adaptive_jones,True,fixed_anchor_then_adaptive_jones_score_selection,,nan,nan,nan,nan,True,,,nan,nan,,,,,[],nan,,,nan,nan,nan,nan,,nan,nan,nan,0.0013907142833705735,nan,nan,0.0013907142833705735,False,ce2b3681cf373b19e71cb19b884bc3b16d08555336684f81783906b12368ba1d,5.6720752416247295,computed_unscaled,cpu,nan,nan,nan,,,,,,,,nan,nan,nan,nan,nan,nan,False,,
fig2,adaptive_jones_vp_proposed,35,714029656,-5.0,snr_db,-5.0,3,3,3,3,full_6d,714029656,,,nan,,False,,182.451375849545,0.0009370312957293647,0.0009370312957293647,2.3933964461935736e-05,0.0002799440561539023,3.64970305722096e-12,0.6076319194381352,False,direct_vp,global_exact_spherical_vp,main_single_proposed,True,1442cd8bb2a687d2,adaptive_jones,cpu,False,,numpy,numpy.linalg.solve,fixed_pol_anchor,True,fixed_anchor_then_adaptive_jones_score_selection,fixed_pol_anchor,4.262759893135421,85.26973523407896,34.654715166295354,0.0,True,3,4,3096725.458075429,3097820.0493641584,"[85.26973523407896,4.262759893135421,14.431650371671674]","[0.011727490382954415,0.2345898021622324,0.06929214429615747]","[6.880900319529952e-09,3.479078650073353e-08,2.2106828516560044e-08]",direct_vp,[],3096779.266949008,3096560,True,2350801.4068413638,80.97957399415985,6.094678855612624,0.08804119885591127,"[5.040715911144978,5.045202430131359,4.85623600525027]",207.51956383138895,175.07328472286463,384.0034476965666,nan,nan,nan,nan,False,,nan,,,nan,nan,nan,,,,,,,,0.0009370312957293647,2.3933964461935736e-05,0.6076319194381352,nan,nan,nan,False,not_run,not_requested
fig2,PEB,35,714029656,-5.0,snr_db,-5.0,3,3,3,3,full_6d,714029656,,,nan,,False,,5.511589974164963,nan,nan,nan,nan,nan,nan,False,,,peb_only,False,59e81e960310ea76,,,,,,,adaptive_jones,True,fixed_anchor_then_adaptive_jones_score_selection,,nan,nan,nan,nan,True,,,nan,nan,,,,,[],nan,,,nan,nan,nan,nan,,nan,nan,nan,0.0006810539706044853,nan,nan,0.0006810539706044853,False,5d8c0ccf801b5347ce0be3d5af96b3f2d9a4ebabf39c0be2596e7a64087c3f22,0.6075920355859982,computed_unscaled,cpu,nan,nan,nan,,,,,,,,nan,nan,nan,nan,nan,nan,False,,
fig2,adaptive_jones_vp_proposed,93,3741086398,-10.0,snr_db,-10.0,3,3,3,3,full_6d,3741086398,,,nan,,False,,2008.8538488671184,0.0005075331938014776,0.0005075331938014776,5.571665237097478e-05,4.8268727146578247e-05,2.6723491407425548e-12,1.4866759430743888,False,direct_vp,global_exact_spherical_vp,main_single_proposed,True,c7b9d9632ebf0192,adaptive_jones,cpu,False,,numpy,numpy.linalg.solve,fixed_pol_anchor,True,fixed_anchor_then_adaptive_jones_score_selection,fixed_pol_anchor,14.762163911217694,82.8827922238405,48.82563536057384,0.0,True,3,4,3096725.458075429,3140883.7741291006,"[48.831949946663336,82.8827922238405,14.762163911217694]","[0.02047839582575378,0.012065230587507598,0.0677407462753711]","[4.294290519013423e-09,3.6112889578146456e-08,2.488830355140561e-07]",direct_vp,"[""poor_clock_consistency""]",3096831.3414205294,3096560,True,903493.1159271317,75.40548244113607,5.402915746066185,0.2345288410487908,"[5.272479070979395,4.699402176221019,4.951239725958021]",206.68256890773773,2002.027578547597,2210.018173471093,nan,nan,nan,nan,False,,nan,,,nan,nan,nan,,,,,,,,0.0005075331938014776,5.571665237097478e-05,1.4866759430743888,nan,nan,nan,False,not_run,not_requested
fig2,PEB,93,3741086398,-10.0,snr_db,-10.0,3,3,3,3,full_6d,3741086398,,,nan,,False,,5.484803222119808,nan,nan,nan,nan,nan,nan,False,,,peb_only,False,152c0692ece89cc3,,,,,,,adaptive_jones,True,fixed_anchor_then_adaptive_jones_score_selection,,nan,nan,nan,nan,True,,,nan,nan,,,,,[],nan,,,nan,nan,nan,nan,,nan,nan,nan,0.0009559987279309044,nan,nan,0.0009559987279309044,False,c0a81a3b83197cd9cfba67cbec7ea74e0bc1c6abbc0cc35f29e15ac8d0f81a14,1.4865533629577083,computed_unscaled,cpu,nan,nan,nan,,,,,,,,nan,nan,nan,nan,nan,nan,False,,
fig2,adaptive_jones_vp_proposed,38,445142407,-5.0,snr_db,-5.0,3,3,3,3,full_6d,445142407,,,nan,,False,,278.07808618992567,0.0014735063102826983,0.0014735063102826983,2.1916787000048004e-05,0.0004243084413066147,5.066922959943152e-12,2.243230012444246,False,direct_vp,global_exact_spherical_vp,main_single_proposed,True,8394d54610826f02,adaptive_jones,cpu,False,,numpy,numpy.linalg.solve,fixed_pol_anchor,True,fixed_anchor_then_adaptive_jones_score_selection,fixed_pol_anchor,3.652335675994941,50.965008652339264,32.80218906095045,0.0,True,3,4,3096725.458075429,3111095.2446863004,"[3.652335675994941,50.965008652339264,43.78922285451715]","[0.27379739670941816,0.01962130540917971,0.02283666927085129]","[4.553746635377976e-07,1.8240265934013118e-08,6.970032876795954e-10]",direct_vp,"[""poor_clock_consistency""]",3095402.6922244392,3096560,True,1494471.9017752907,121.95608849098538,6.045739201524759,0.18925833252494675,"[5.016992804288123,4.678795855238727,4.5733012823718076]",130.56748228520155,271.41620713472366,403.32473216205835,nan,nan,nan,nan,False,,nan,,,nan,nan,nan,,,,,,,,0.0014735063102826983,2.1916787000048004e-05,2.243230012444246,nan,nan,nan,False,not_run,not_requested
fig2,PEB,38,445142407,-5.0,snr_db,-5.0,3,3,3,3,full_6d,445142407,,,nan,,False,,5.364242143929005,nan,nan,nan,nan,nan,nan,False,,,peb_only,False,71d88443fc5cd6e0,,,,,,,adaptive_jones,True,fixed_anchor_then_adaptive_jones_score_selection,,nan,nan,nan,nan,True,,,nan,nan,,,,,[],nan,,,nan,nan,nan,nan,,nan,nan,nan,0.0008543418775314503,nan,nan,0.0008543418775314503,False,188df01b21e845096046e025598027817a0fefeca6c3a9da8733d6021c9aadff,2.244080305436038,computed_unscaled,cpu,nan,nan,nan,,,,,,,,nan,nan,nan,nan,nan,nan,False,,
fig2,adaptive_jones_vp_proposed,40,1007248754,-5.0,snr_db,-5.0,3,3,3,3,full_6d,1007248754,,,nan,,False,,156.62146001309156,0.0007072485809219948,0.0007072485809219948,1.2505395027537021e-05,0.0001730016842553742,4.306445849472601e-14,0.9296618981549027,False,direct_vp,global_exact_spherical_vp,main_single_proposed,True,eb2bb499fe2a4b05,adaptive_jones,cpu,False,,numpy,numpy.linalg.solve,fixed_pol_anchor,True,fixed_anchor_then_adaptive_jones_score_selection,fixed_pol_anchor,4.310369410234791,29.478909904655616,18.01902109488769,0.0,True,3,4,3096725.458075429,3104578.9812123682,"[4.310369410234791,20.267783969772665,29.478909904655616]","[0.23199867687006864,0.049339385177537436,0.03392255694680863]","[4.3213385269054773e-07,1.1857618780197427e-08,6.39443953822123e-08]",direct_vp,"[""poor_clock_consistency""]",3096552.17176766,3096560,True,1604002.5113121697,101.68194839087468,6.778037530454053,0.10240431438593373,"[5.050986345996559,5.002441535134636,4.813588514523504]",170.16831300407648,150.10989264398813,321.68850333988667,nan,nan,nan,nan,False,,nan,,,nan,nan,nan,,,,,,,,0.0007072485809219948,1.2505395027537021e-05,0.9296618981549027,nan,nan,nan,False,not_run,not_requested
fig2,PEB,40,1007248754,-5.0,snr_db,-5.0,3,3,3,3,full_6d,1007248754,,,nan,,False,,5.306950084865093,nan,nan,nan,nan,nan,nan,False,,,peb_only,False,42fc9619560fe516,,,,,,,adaptive_jones,True,fixed_anchor_then_adaptive_jones_score_selection,,nan,nan,nan,nan,True,,,nan,nan,,,,,[],nan,,,nan,nan,nan,nan,,nan,nan,nan,0.0008071994052864888,nan,nan,0.0008071994052864888,False,8bb652b717ff684281335ff9a69fbed705a14cc366cf654f3e53c1ef0c7a4d23,0.9296690519822817,computed_unscaled,cpu,nan,nan,nan,,,,,,,,nan,nan,nan,nan,nan,nan,False,,
fig2,adaptive_jones_vp_proposed,92,971995857,-10.0,snr_db,-10.0,3,3,3,3,full_6d,971995857,,,nan,,False,,2156.634514786303,0.00022284800360582743,0.00022284800360582743,1.807328763310231e-05,5.751539998612915e-05,5.571664566250775e-13,5.369682931937251,False,direct_vp,global_exact_spherical_vp,main_single_proposed,True,abbd886c42f55833,adaptive_jones,cpu,False,,numpy,numpy.linalg.solve,fixed_pol_anchor,True,fixed_anchor_then_adaptive_jones_score_selection,fixed_pol_anchor,13.96512517422831,283.75977075324727,112.46446608000724,0.0,True,3,4,3096725.458075429,3111368.7918165517,"[283.75977075324727,39.66850231254613,13.96512517422831]","[0.0035241077234511283,0.025208917444913395,0.07160694856007928]","[1.1959952964704495e-08,1.2275536206199742e-07,8.948557190110252e-08]",direct_vp,"[""poor_clock_consistency""]",3097912.871002427,3096560,True,834213.4414480643,80.15773664935567,2.890056433420602,0.4162220211074883,"[5.900018451111476,4.923319262826954,5.158434794193531]",185.65208799391985,2150.4716590717435,2337.4753329008818,nan,nan,nan,nan,False,,nan,,,nan,nan,nan,,,,,,,,0.00022284800360582743,1.807328763310231e-05,5.369682931937251,nan,nan,nan,False,not_run,not_requested
fig2,PEB,92,971995857,-10.0,snr_db,-10.0,3,3,3,3,full_6d,971995857,,,nan,,False,,5.220000006258488,nan,nan,nan,nan,nan,nan,False,,,peb_only,False,52f8b2625131ddfe,,,,,,,adaptive_jones,True,fixed_anchor_then_adaptive_jones_score_selection,,nan,nan,nan,nan,True,,,nan,nan,,,,,[],nan,,,nan,nan,nan,nan,,nan,nan,nan,0.0010085393080804643,nan,nan,0.0010085393080804643,False,414dc620a83beefed3505e1c54ca50570728cbcfef97d68ab55ee64715d67776,5.367365702982516,computed_unscaled,cpu,nan,nan,nan,,,,,,,,nan,nan,nan,nan,nan,nan,False,,
fig2,adaptive_jones_vp_proposed,41,4278604885,-5.0,snr_db,-5.0,3,3,3,3,full_6d,4278604885,,,nan,,False,,184.08473732322454,0.00048218743502638977,0.00048218743502638977,1.8735943248966655e-05,0.00034422637094083474,3.5836095530882487e-13,0.90098406987632,False,direct_vp,global_exact_spherical_vp,main_single_proposed,True,957dfbdf8d76e017,adaptive_jones,cpu,False,,numpy,numpy.linalg.solve,fixed_pol_anchor,True,fixed_anchor_then_adaptive_jones_score_selection,fixed_pol_anchor,5.3921904664669436,171.4162495032189,61.61465217602447,0.0,True,3,4,3096725.458075429,3136374.3992522056,"[5.3921904664669436,8.035516558387572,171.4162495032189]","[0.18545338971488987,0.1244475066071704,0.005833752650210711]","[1.4795204854381502e-07,8.327490776707317e-09,1.0376001084192317e-08]",direct_vp,"[""poor_clock_consistency""]",3096803.170641997,3096560,True,1376196.2807274666,110.5174330149655,4.518228721517183,0.3258352689755055,"[4.9217406646169035,4.947486458738652,4.243772286961718]",157.81149489432573,177.73112315684557,336.83852802962065,nan,nan,nan,nan,False,,nan,,,nan,nan,nan,,,,,,,,0.00048218743502638977,1.8735943248966655e-05,0.90098406987632,nan,nan,nan,False,not_run,not_requested
fig2,PEB,41,4278604885,-5.0,snr_db,-5.0,3,3,3,3,full_6d,4278604885,,,nan,,False,,5.397212892770767,nan,nan,nan,nan,nan,nan,False,,,peb_only,False,145e7229e08e2455,,,,,,,adaptive_jones,True,fixed_anchor_then_adaptive_jones_score_selection,,nan,nan,nan,nan,True,,,nan,nan,,,,,[],nan,,,nan,nan,nan,nan,,nan,nan,nan,0.0008620604387780249,nan,nan,0.0008620604387780249,False,3ffbd47003275298d380fa4fdbe537af868b54f1a66ff07176dee6a601458b33,0.900917976838337,computed_unscaled,cpu,nan,nan,nan,,,,,,,,nan,nan,nan,nan,nan,nan,False,,
fig2,adaptive_jones_vp_proposed,39,1925729663,-5.0,snr_db,-5.0,3,3,3,3,full_6d,1925729663,,,nan,,False,,230.7359647154808,0.00040993179277031634,0.00040993179277031634,2.3669089902553595e-05,6.81746933223391e-05,5.511225114450005e-13,0.2808412813984935,False,direct_vp,global_exact_spherical_vp,main_single_proposed,True,6b20a98fb8f588ea,adaptive_jones,cpu,False,,numpy,numpy.linalg.solve,fixed_pol_anchor,True,fixed_anchor_then_adaptive_jones_score_selection,fixed_pol_anchor,4.303402626474722,65.82960243939563,28.144727301148833,0.0,True,3,4,3096725.458075429,3120832.3088549646,"[14.301176837576147,65.82960243939563,4.303402626474722]","[0.06992431541425405,0.01519073430307885,0.23237425981098137]","[2.2175564222164167e-07,9.949526596215003e-09,9.379992917818394e-07]",direct_vp,"[""poor_clock_consistency""]",3096020.38630727,3096560,True,2622579.732890668,90.03002772185141,6.921450639362417,0.21501650330521682,"[4.915363736922603,5.413562126242496,5.016499392896464]",181.14845008403063,224.1922226473689,406.62317668646574,nan,nan,nan,nan,False,,nan,,,nan,nan,nan,,,,,,,,0.00040993179277031634,2.3669089902553595e-05,0.2808412813984935,nan,nan,nan,False,not_run,not_requested
fig2,PEB,39,1925729663,-5.0,snr_db,-5.0,3,3,3,3,full_6d,1925729663,,,nan,,False,,4.903966471552849,nan,nan,nan,nan,nan,nan,False,,,peb_only,False,e52b819c4f32280b,,,,,,,adaptive_jones,True,fixed_anchor_then_adaptive_jones_score_selection,,nan,nan,nan,nan,True,,,nan,nan,,,,,[],nan,,,nan,nan,nan,nan,,nan,nan,nan,0.0005801159563383586,nan,nan,0.0005801159563383586,False,96864a0d945e4bbb9c67c4c5c4b209be5179ce0b5fab7e2f47325b1eaa6bc2cc,0.28089168134486303,computed_unscaled,cpu,nan,nan,nan,,,,,,,,nan,nan,nan,nan,nan,nan,False,,
fig2,adaptive_jones_vp_proposed,42,1970772956,-5.0,snr_db,-5.0,3,3,3,3,full_6d,1970772956,,,nan,,False,,191.08005426079035,0.00016414502202504228,0.00016414502202504228,5.8214465229352166e-06,3.643851140166518e-05,4.725267295071106e-13,0.5438407441595176,False,direct_vp,global_exact_spherical_vp,main_single_proposed,True,7e309db2af793c89,adaptive_jones,cpu,False,,numpy,numpy.linalg.solve,fixed_pol_anchor,True,fixed_anchor_then_adaptive_jones_score_selection,fixed_pol_anchor,5.648947348851625,33.01116653161619,15.93420295122967,0.0,True,3,4,3096725.458075429,3097660.468993554,"[33.01116653161619,9.142494973221194,5.648947348851625]","[0.03029277983888411,0.10937933276637345,0.17702413179645607]","[1.1480459868835858e-07,3.6613962164513916e-08,1.1955029005425e-07]",direct_vp,"[""poor_clock_consistency""]",3097092.7227825737,3096560,True,2711217.023178398,72.51622509342309,8.202861662539515,0.13252349825621207,"[5.244512164984186,4.92714583409856,5.026751862081642]",173.22211557626724,184.50454607605934,359.0292789787054,nan,nan,nan,nan,False,,nan,,,nan,nan,nan,,,,,,,,0.00016414502202504228,5.8214465229352166e-06,0.5438407441595176,nan,nan,nan,False,not_run,not_requested
fig2,PEB,42,1970772956,-5.0,snr_db,-5.0,3,3,3,3,full_6d,1970772956,,,nan,,False,,5.224990054965019,nan,nan,nan,nan,nan,nan,False,,,peb_only,False,cd337b0ad92b20b2,,,,,,,adaptive_jones,True,fixed_anchor_then_adaptive_jones_score_selection,,nan,nan,nan,nan,True,,,nan,nan,,,,,[],nan,,,nan,nan,nan,nan,,nan,nan,nan,0.0006017182000802888,nan,nan,0.0006017182000802888,False,4af21c66cd27ed283a830009c130c6232a0ae08038b9a036394b8e1c4ae43a65,0.5437500090967499,computed_unscaled,cpu,nan,nan,nan,,,,,,,,nan,nan,nan,nan,nan,nan,False,,
fig2,adaptive_jones_vp_proposed,43,409305243,-5.0,snr_db,-5.0,3,3,3,3,full_6d,409305243,,,nan,,False,,211.39051489531994,0.0011506944445936395,0.0011506944445936395,1.3379148012519586e-05,0.00017683840849208393,3.4790967131843027e-13,1.054114165815002,False,direct_vp,global_exact_spherical_vp,main_single_proposed,True,c7afbafa226f4744,adaptive_jones,cpu,False,,numpy,numpy.linalg.solve,fixed_pol_anchor,True,fixed_anchor_then_adaptive_jones_score_selection,fixed_pol_anchor,5.8085060339104935,25.85439842753676,13.70044170888666,0.0,True,3,4,3096725.458075429,3096841.9316318454,"[5.8085060339104935,9.438420665212723,25.85439842753676]","[0.17216130863187823,0.10594992906771693,0.038678138374671094]","[2.97840827833068e-07,1.3151198172256056e-08,2.540518343019991e-07]",direct_vp,[],3099037.3363932143,3096560,True,1824558.4467929895,96.78996874919599,8.839199493787616,0.01692741174897722,"[4.992563504272271,4.9583250282811315,4.995697976546439]",179.95438745617867,205.14127549529076,386.4251719415188,nan,nan,nan,nan,False,,nan,,,nan,nan,nan,,,,,,,,0.0011506944445936395,1.3379148012519586e-05,1.054114165815002,nan,nan,nan,False,not_run,not_requested
fig2,PEB,43,409305243,-5.0,snr_db,-5.0,3,3,3,3,full_6d,409305243,,,nan,,False,,5.1440180242061615,nan,nan,nan,nan,nan,nan,False,,,peb_only,False,003c708294626417,,,,,,,adaptive_jones,True,fixed_anchor_then_adaptive_jones_score_selection,,nan,nan,nan,nan,True,,,nan,nan,,,,,[],nan,,,nan,nan,nan,nan,,nan,nan,nan,0.0007537809937517517,nan,nan,0.0007537809937517517,False,d06249056a46bde512ae6accc3f5b861faabc2ef0f40296322d007b403b53207,1.05327696081316,computed_unscaled,cpu,nan,nan,nan,,,,,,,,nan,nan,nan,nan,nan,nan,False,,
fig2,adaptive_jones_vp_proposed,83,2856883752,-10.0,snr_db,-10.0,3,3,3,3,full_6d,2856883752,,,nan,,False,,2705.180496968329,0.0006647215876886255,0.0006647215876886255,6.464132010685241e-05,0.0005587069981548957,1.5677152307553563e-12,2.056904628932964,False,direct_vp,global_exact_spherical_vp,main_single_proposed,True,dc28b0d64133db0b,adaptive_jones,cpu,False,,numpy,numpy.linalg.solve,fixed_pol_anchor,True,fixed_anchor_then_adaptive_jones_score_selection,fixed_pol_anchor,13.05711981994527,7759.503414833031,2605.105754354206,0.0,True,3,4,3096725.458075429,3101533.4177923463,"[42.756728409642214,7759.503414833031,13.05711981994527]","[0.023388131813465173,0.00012887422542129452,0.07658656838389452]","[6.657410007420701e-08,1.9472368743853064e-08,4.156618969495775e-08]",direct_vp,"[""low_assignment_margin"",""poor_clock_consistency""]",3093013.2282264866,3096560,True,805882.2638304644,97.91847084329353,0.08674065989854758,47.04647727194987,"[4.936938832221243,104.71081863232644,4.883421296683077]",155.46729285269976,2699.074342943728,2855.8945136517286,nan,nan,nan,nan,False,,nan,,,nan,nan,nan,,,,,,,,0.0006647215876886255,6.464132010685241e-05,2.056904628932964,nan,nan,nan,False,not_run,not_requested
fig2,PEB,83,2856883752,-10.0,snr_db,-10.0,3,3,3,3,full_6d,2856883752,,,nan,,False,,5.247057564556599,nan,nan,nan,nan,nan,nan,False,,,peb_only,False,96bf448173d5eb54,,,,,,,adaptive_jones,True,fixed_anchor_then_adaptive_jones_score_selection,,nan,nan,nan,nan,True,,,nan,nan,,,,,[],nan,,,nan,nan,nan,nan,,nan,nan,nan,0.0009942237159744995,nan,nan,0.0009942237159744995,False,700eea5a638faf3db61de2a763659338a112f897687c33a7cb33c68c29ad4a9e,2.0592739307147654,computed_unscaled,cpu,nan,nan,nan,,,,,,,,nan,nan,nan,nan,nan,nan,False,,
fig2,adaptive_jones_vp_proposed,81,3893654042,-10.0,snr_db,-10.0,3,3,3,3,full_6d,3893654042,,,nan,,False,,2829.303556703031,0.0027319845510257066,0.0027319845510257066,7.269667696268857e-05,0.002444883679404715,6.338578041908205e-12,6.72658585984364,False,direct_vp,global_exact_spherical_vp,main_single_proposed,True,55f903c6a39df20a,adaptive_jones,cpu,False,,numpy,numpy.linalg.solve,fixed_pol_anchor,True,fixed_anchor_then_adaptive_jones_score_selection,fixed_pol_anchor,10.531554234554768,747.1055978005847,344.3117305148337,0.0,True,3,4,3096725.458075429,3114066.3539383127,"[275.2980395093615,747.1055978005847,10.531554234554768]","[0.0036324268836309564,0.0013384988711057837,0.094952746547931]","[2.9448394202447345e-06,1.6555095660838702e-10,0.00017754500391915104]",direct_vp,"[""low_assignment_margin"",""poor_clock_consistency""]",3093708.979919389,3096560,True,345363.0819640988,214.5142827996911,0.05944698648970692,2.4255247271520206,"[9.212594504364274,3.881826738912896,4.275327662013491]",177.3943795710802,2462.7048680633307,2641.356684602797,nan,nan,nan,nan,False,,nan,,,nan,nan,nan,,,,,,,,0.0027319845510257066,7.269667696268857e-05,6.72658585984364,nan,nan,nan,False,not_run,not_requested
fig2,PEB,81,3893654042,-10.0,snr_db,-10.0,3,3,3,3,full_6d,3893654042,,,nan,,False,,5.170992910861969,nan,nan,nan,nan,nan,nan,False,,,peb_only,False,2975add5b35fd2bc,,,,,,,adaptive_jones,True,fixed_anchor_then_adaptive_jones_score_selection,,nan,nan,nan,nan,True,,,nan,nan,,,,,[],nan,,,nan,nan,nan,nan,,nan,nan,nan,0.001374356952884877,nan,nan,0.001374356952884877,False,7fdbdc32913dce5e44795d5b9a7446df6f3ff25cfdfe20eb33bdaf98d154febf,6.732819560834685,computed_unscaled,cpu,nan,nan,nan,,,,,,,,nan,nan,nan,nan,nan,nan,False,,
fig2,adaptive_jones_vp_proposed,45,2629875502,-5.0,snr_db,-5.0,3,3,3,3,full_6d,2629875502,,,nan,,False,,163.66424533724785,0.0002077525381622891,0.0002077525381622891,1.4145114472240756e-05,9.862823141785595e-05,5.229682018665887e-13,1.1666466040417127,False,direct_vp,global_exact_spherical_vp,main_single_proposed,True,d4be6704b8cf03c8,adaptive_jones,cpu,False,,numpy,numpy.linalg.solve,fixed_pol_anchor,True,fixed_anchor_then_adaptive_jones_score_selection,fixed_pol_anchor,7.444231841889079,12.189037795315627,9.914663464242208,0.0,True,3,4,3096725.458075429,3098434.8388466956,"[12.189037795315627,7.444231841889079,10.110720755521918]","[0.08204093028344872,0.13433219454094697,0.09890491728235541]","[2.481699605560999e-08,8.2357269742667e-09,2.2581402865885418e-07]",direct_vp,[],3094883.966469006,3096560,True,2599792.150488291,71.69100106205825,9.849423692886166,0.0893198308653385,"[5.237232419887781,5.076736662009408,5.028213509216136]",185.246353328228,157.0866246446967,343.6862667873502,nan,nan,nan,nan,False,,nan,,,nan,nan,nan,,,,,,,,0.0002077525381622891,1.4145114472240756e-05,1.1666466040417127,nan,nan,nan,False,not_run,not_requested
fig2,PEB,45,2629875502,-5.0,snr_db,-5.0,3,3,3,3,full_6d,2629875502,,,nan,,False,,5.319019936025143,nan,nan,nan,nan,nan,nan,False,,,peb_only,False,3d488035669956b5,,,,,,,adaptive_jones,True,fixed_anchor_then_adaptive_jones_score_selection,,nan,nan,nan,nan,True,,,nan,nan,,,,,[],nan,,,nan,nan,nan,nan,,nan,nan,nan,0.0006259256700826321,nan,nan,0.0006259256700826321,False,61ef90b44bee96edd1828bab28b96f525f17a012a323714534c6c3c927bfb322,1.167284432533587,computed_unscaled,cpu,nan,nan,nan,,,,,,,,nan,nan,nan,nan,nan,nan,False,,
fig2,adaptive_jones_vp_proposed,47,582567175,-5.0,snr_db,-5.0,3,3,3,3,full_6d,582567175,,,nan,,False,,168.1886744275689,0.0005736592507267177,0.0005736592507267177,2.5305493760381305e-05,0.00010227819086661692,1.6773094910375428e-13,0.6794803029759822,False,direct_vp,global_exact_spherical_vp,main_single_proposed,True,f7887601aa308466,adaptive_jones,cpu,False,,numpy,numpy.linalg.solve,fixed_pol_anchor,True,fixed_anchor_then_adaptive_jones_score_selection,fixed_pol_anchor,4.617908733812467,70.3022803762949,28.828212082499473,0.0,True,3,4,3096725.458075429,3104736.414602093,"[11.564447137391042,4.617908733812467,70.3022803762949]","[0.08647192452072872,0.2165482380960351,0.014224289661404581]","[1.3482167034392088e-06,1.7552404554925966e-08,8.432634947112819e-10]",direct_vp,"[""poor_clock_consistency""]",3097251.2569422345,3096560,True,1701166.028990342,96.02093407129883,6.966913312881068,0.11136605158075658,"[4.901253127637935,5.027323191222012,4.754787460619624]",163.92542845010757,161.47725142538548,326.7482123747468,nan,nan,nan,nan,False,,nan,,,nan,nan,nan,,,,,,,,0.0005736592507267177,2.5305493760381305e-05,0.6794803029759822,nan,nan,nan,False,not_run,not_requested
fig2,PEB,47,582567175,-5.0,snr_db,-5.0,3,3,3,3,full_6d,582567175,,,nan,,False,,5.552995890378952,nan,nan,nan,nan,nan,nan,False,,,peb_only,False,a7be83173ae2625c,,,,,,,adaptive_jones,True,fixed_anchor_then_adaptive_jones_score_selection,,nan,nan,nan,nan,True,,,nan,nan,,,,,[],nan,,,nan,nan,nan,nan,,nan,nan,nan,0.0007768033446801319,nan,nan,0.0007768033446801319,False,050689952234d9ff329be9f4e449f2035a50644af1a2423c3a762752f771130c,0.6793321639476526,computed_unscaled,cpu,nan,nan,nan,,,,,,,,nan,nan,nan,nan,nan,nan,False,,
fig2,adaptive_jones_vp_proposed,48,3302385666,-5.0,snr_db,-5.0,3,3,3,3,full_6d,3302385666,,,nan,,False,,168.2325430959463,0.00035352319082019673,0.00035352319082019673,2.1429966140926543e-05,0.0002643102201404951,3.690250199483586e-12,1.3124461441262585,False,direct_vp,global_exact_spherical_vp,main_single_proposed,True,85cdb5089614302b,adaptive_jones,cpu,False,,numpy,numpy.linalg.solve,fixed_pol_anchor,True,fixed_anchor_then_adaptive_jones_score_selection,fixed_pol_anchor,6.815357006744143,36.825954416821105,16.923042084741734,0.0,True,3,4,3096725.458075429,3106887.1354619493,"[7.12781483065996,36.825954416821105,6.815357006744143]","[0.14029545151641976,0.027154761249212893,0.14672745668402018]","[1.029703414150738e-08,4.017554752667335e-09,1.8474324616025434e-07]",direct_vp,[],3092814.1217784327,3096560,True,2510704.508247318,73.59271924241568,11.196500053825268,0.056917922698422746,"[5.023888446016475,4.994404475961598,5.1271568261766705]",152.11677999049425,161.59232222288847,314.97323133796453,nan,nan,nan,nan,False,,nan,,,nan,nan,nan,,,,,,,,0.00035352319082019673,2.1429966140926543e-05,1.3124461441262585,nan,nan,nan,False,not_run,not_requested
fig2,PEB,48,3302385666,-5.0,snr_db,-5.0,3,3,3,3,full_6d,3302385666,,,nan,,False,,5.480209805071354,nan,nan,nan,nan,nan,nan,False,,,peb_only,False,d06f3021b4eba1b5,,,,,,,adaptive_jones,True,fixed_anchor_then_adaptive_jones_score_selection,,nan,nan,nan,nan,True,,,nan,nan,,,,,[],nan,,,nan,nan,nan,nan,,nan,nan,nan,0.0006443393312965315,nan,nan,0.0006443393312965315,False,1b543152d623d7ef1c79c425645de2dcbaa35a96910d0ef3f1aa53205c46b486,1.3140425098864257,computed_unscaled,cpu,nan,nan,nan,,,,,,,,nan,nan,nan,nan,nan,nan,False,,
fig2,adaptive_jones_vp_proposed,46,3306807379,-5.0,snr_db,-5.0,3,3,3,3,full_6d,3306807379,,,nan,,False,,253.14478233456612,0.001061661602105769,0.001061661602105769,1.6549976975231116e-05,0.00016550508253261188,5.859328426259035e-13,1.3636402653486481,False,direct_vp,global_exact_spherical_vp,main_single_proposed,True,5bf8638c86233018,adaptive_jones,cpu,False,,numpy,numpy.linalg.solve,fixed_pol_anchor,True,fixed_anchor_then_adaptive_jones_score_selection,fixed_pol_anchor,4.544876675254021,39.794124923456636,19.38406525274261,0.0,True,3,4,3096725.4580754284,3096777.805231918,"[39.794124923456636,13.813194159517165,4.544876675254021]","[0.025129337606586147,0.07239455179142587,0.22002797247288639]","[3.4460620384635926e-08,1.7560466409328992e-08,1.0795306197957576e-06]",direct_vp,[],3095202.1143665556,3096560,True,2699946.5743193305,78.05612513146926,7.258565480933898,0.0620253822089048,"[4.971389239241693,5.05043161486658,5.123277652317574]",185.5713762640953,246.82811050117016,433.77908815443516,nan,nan,nan,nan,False,,nan,,,nan,nan,nan,,,,,,,,0.001061661602105769,1.6549976975231116e-05,1.3636402653486481,nan,nan,nan,False,not_run,not_requested
fig2,PEB,46,3306807379,-5.0,snr_db,-5.0,3,3,3,3,full_6d,3306807379,,,nan,,False,,5.1454741433262825,nan,nan,nan,nan,nan,nan,False,,,peb_only,False,4a86912269f98ff1,,,,,,,adaptive_jones,True,fixed_anchor_then_adaptive_jones_score_selection,,nan,nan,nan,nan,True,,,nan,nan,,,,,[],nan,,,nan,nan,nan,nan,,nan,nan,nan,0.0005869346845961599,nan,nan,0.0005869346845961599,False,324c3cee61ad53d18a3b7f70cef7049986ada5517935cd8531014229a0b305be,1.3642455524027803,computed_unscaled,cpu,nan,nan,nan,,,,,,,,nan,nan,nan,nan,nan,nan,False,,
fig2,adaptive_jones_vp_proposed,49,3038295588,-5.0,snr_db,-5.0,3,3,3,3,full_6d,3038295588,,,nan,,False,,179.24763176590204,0.000473962435658816,0.000473962435658816,3.292350040662796e-05,7.682016988036046e-05,2.837135754886618e-12,1.8351828661893055,False,direct_vp,global_exact_spherical_vp,main_single_proposed,True,8c15295fbc8f4226,adaptive_jones,cpu,False,,numpy,numpy.linalg.solve,fixed_pol_anchor,True,fixed_anchor_then_adaptive_jones_score_selection,fixed_pol_anchor,5.309036423345857,116.97726211833701,43.50835257737209,0.0,True,3,4,3096725.458075429,3179726.938182549,"[8.23875919043342,116.97726211833701,5.309036423345857]","[0.12137750077134536,0.008548669901945548,0.18835809745009655]","[3.600463504986492e-07,9.705865912122538e-09,3.464365708279796e-07]",direct_vp,[],3099200.7399977837,3096560,True,2769768.4428086868,78.34377224479323,8.238514068458258,0.0898701861583084,"[5.166987328175565,5.352224356678136,5.1565992451903915]",161.54967983067036,172.58697579801083,335.40011117607355,nan,nan,nan,nan,False,,nan,,,nan,nan,nan,,,,,,,,0.000473962435658816,3.292350040662796e-05,1.8351828661893055,nan,nan,nan,False,not_run,not_requested
fig2,PEB,49,3038295588,-5.0,snr_db,-5.0,3,3,3,3,full_6d,3038295588,,,nan,,False,,5.419250711798668,nan,nan,nan,nan,nan,nan,False,,,peb_only,False,68d821817716c092,,,,,,,adaptive_jones,True,fixed_anchor_then_adaptive_jones_score_selection,,nan,nan,nan,nan,True,,,nan,nan,,,,,[],nan,,,nan,nan,nan,nan,,nan,nan,nan,0.0005856709867222529,nan,nan,0.0005856709867222529,False,acf4e48940052036015f088be14d19342fd02a5a04e03acf4cbab7169512ba81,1.833628633896454,computed_unscaled,cpu,nan,nan,nan,,,,,,,,nan,nan,nan,nan,nan,nan,False,,
fig2,adaptive_jones_vp_proposed,50,3229661427,-5.0,snr_db,-5.0,3,3,3,3,full_6d,3229661427,,,nan,,False,,168.6292799115181,0.0009318506220624497,0.0009318506220624497,2.0191992006048585e-05,0.00020347343655823706,5.439325546846217e-12,1.5449168870798178,False,direct_vp,global_exact_spherical_vp,main_single_proposed,True,644b61960ea35464,adaptive_jones,cpu,False,,numpy,numpy.linalg.solve,fixed_pol_anchor,True,fixed_anchor_then_adaptive_jones_score_selection,fixed_pol_anchor,3.9617438315163547,40.103412645681665,23.11465880072576,0.0,True,3,4,3096725.458075429,3139580.1318896273,"[3.9617438315163547,25.278819924979256,40.103412645681665]","[0.2524140990744697,0.039558808636734326,0.024935533761054538]","[8.167565433417095e-08,3.27788591493377e-08,1.0695101273963288e-07]",direct_vp,"[""poor_clock_consistency""]",3095812.318779378,3096560,True,1344371.3156724102,124.11738311920008,7.271076718229563,0.16726697936595616,"[4.916713573009697,5.081120992038128,5.323924576540921]",164.73896750807762,162.43338841199875,328.41804202646017,nan,nan,nan,nan,False,,nan,,,nan,nan,nan,,,,,,,,0.0009318506220624497,2.0191992006048585e-05,1.5449168870798178,nan,nan,nan,False,not_run,not_requested
fig2,PEB,50,3229661427,-5.0,snr_db,-5.0,3,3,3,3,full_6d,3229661427,,,nan,,False,,5.046494826674461,nan,nan,nan,nan,nan,nan,False,,,peb_only,False,5d7d3538ffffc574,,,,,,,adaptive_jones,True,fixed_anchor_then_adaptive_jones_score_selection,,nan,nan,nan,nan,True,,,nan,nan,,,,,[],nan,,,nan,nan,nan,nan,,nan,nan,nan,0.0008823311374646061,nan,nan,0.0008823311374646061,False,1942487101149f69652abec158449acd8ba5e0555a4e067cb0f025310bb6ac8a,1.545297990290412,computed_unscaled,cpu,nan,nan,nan,,,,,,,,nan,nan,nan,nan,nan,nan,False,,
fig2,adaptive_jones_vp_proposed,9,3933360494,-5.0,snr_db,-5.0,3,3,3,3,full_6d,3933360494,,,nan,,False,,2031.192616045475,0.00017839393781239648,0.00017839393781239648,1.6119959460016475e-05,4.519379543412142e-05,6.597980903691361e-13,0.37669894444263746,False,direct_vp,global_exact_spherical_vp,main_single_proposed,True,aabcea613f76766d,adaptive_jones,cpu,False,,numpy,numpy.linalg.solve,fixed_pol_anchor,True,fixed_anchor_then_adaptive_jones_score_selection,fixed_pol_anchor,7.042957586034406,11.898696013638942,10.015884510105705,0.0,True,3,4,3096725.458075429,3150025.1897147405,"[7.042957586034406,11.898696013638942,11.105999930643769]","[0.14198580465341337,0.084042822746446,0.09004141961406693]","[8.408767673797656e-08,5.376519308540623e-08,1.1210590272456604e-06]",direct_vp,"[""poor_clock_consistency""]",3096586.5734942365,3096560,True,2276658.1494991607,77.0478022112547,9.71756052559554,0.1037009722721495,"[5.170911141360764,4.942237975423017,4.960793820188135]",170.51450607925653,2024.5753927081823,2196.4775173813105,nan,nan,nan,nan,False,,nan,,,nan,nan,nan,,,,,,,,0.00017839393781239648,1.6119959460016475e-05,0.37669894444263746,nan,nan,nan,False,not_run,not_requested
fig2,PEB,9,3933360494,-5.0,snr_db,-5.0,3,3,3,3,full_6d,3933360494,,,nan,,False,,5.3823141902685165,nan,nan,nan,nan,nan,nan,False,,,peb_only,False,dadf805017d8f24f,,,,,,,adaptive_jones,True,fixed_anchor_then_adaptive_jones_score_selection,,nan,nan,nan,nan,True,,,nan,nan,,,,,[],nan,,,nan,nan,nan,nan,,nan,nan,nan,0.0006765671232655503,nan,nan,0.0006765671232655503,False,2f009590b628473d7acf259cec76359e96ba2256fe333ef7c1514fe7022a67d5,0.376697658179837,computed_unscaled,cpu,nan,nan,nan,,,,,,,,nan,nan,nan,nan,nan,nan,False,,
fig2,adaptive_jones_vp_proposed,51,2092735507,-5.0,snr_db,-5.0,3,3,3,3,full_6d,2092735507,,,nan,,False,,231.87650031596422,0.0010844880997146085,0.0010844880997146085,1.3034376849147974e-05,0.0003331799584317355,9.335220217595084e-13,2.2407353690720195,False,direct_vp,global_exact_spherical_vp,main_single_proposed,True,16fdcefc9dd89618,adaptive_jones,cpu,False,,numpy,numpy.linalg.solve,fixed_pol_anchor,True,fixed_anchor_then_adaptive_jones_score_selection,fixed_pol_anchor,3.709112903358906,44.836569749266744,29.979885949601993,0.0,True,3,4,3096725.458075429,3105773.3821310583,"[44.836569749266744,3.709112903358906,41.39397519618033]","[0.022303222694049146,0.2696062444178253,0.02415810501937205]","[1.221656175375984e-08,9.937431457843237e-08,2.3457412513316275e-08]",direct_vp,"[""poor_clock_consistency""]",3096490.788354592,3096560,True,1909731.525846977,96.94914378029628,4.293460133011499,0.24552637511113265,"[5.231101297100226,5.070824253559362,4.648958934782924]",170.57660863548517,225.55628187209368,397.39807330816984,nan,nan,nan,nan,False,,nan,,,nan,nan,nan,,,,,,,,0.0010844880997146085,1.3034376849147974e-05,2.2407353690720195,nan,nan,nan,False,not_run,not_requested
fig2,PEB,51,2092735507,-5.0,snr_db,-5.0,3,3,3,3,full_6d,2092735507,,,nan,,False,,5.261726163327694,nan,nan,nan,nan,nan,nan,False,,,peb_only,False,46faae7c6e9a5d1e,,,,,,,adaptive_jones,True,fixed_anchor_then_adaptive_jones_score_selection,,nan,nan,nan,nan,True,,,nan,nan,,,,,[],nan,,,nan,nan,nan,nan,,nan,nan,nan,0.0007488916062407619,nan,nan,0.0007488916062407619,False,ceb68ab38b09da961371426ea0267363a416dbe569c6f715609cdf27a87a3792,2.2407970313732415,computed_unscaled,cpu,nan,nan,nan,,,,,,,,nan,nan,nan,nan,nan,nan,False,,
fig2,adaptive_jones_vp_proposed,52,2910844986,-5.0,snr_db,-5.0,3,3,3,3,full_6d,2910844986,,,nan,,False,,219.95719396322966,0.0012436285683769318,0.0012436285683769318,1.8262466656285966e-05,0.0001048974605565991,6.063061971973213e-13,0.5260979147275893,False,direct_vp,global_exact_spherical_vp,main_single_proposed,True,f074bd36787a6151,adaptive_jones,cpu,False,,numpy,numpy.linalg.solve,fixed_pol_anchor,True,fixed_anchor_then_adaptive_jones_score_selection,fixed_pol_anchor,5.137593007109587,113.35539171240242,42.433178166393,0.0,True,3,4,3096725.458075429,3123459.8235909287,"[113.35539171240242,5.137593007109587,8.806549779666982]","[0.008821812397100408,0.1946436781993097,0.1135518477735793]","[3.1414598761141945e-08,4.9362168515717846e-08,2.7313477751977296e-07]",direct_vp,"[""poor_clock_consistency""]",3098630.8483602605,3096560,True,2524162.3720765538,75.11345198707052,6.43734877873049,0.10016473365158757,"[4.734610196997335,4.954400049066079,4.750071558556884]",167.53041180968285,213.57745275646448,382.35144770145416,nan,nan,nan,nan,False,,nan,,,nan,nan,nan,,,,,,,,0.0012436285683769318,1.8262466656285966e-05,0.5260979147275893,nan,nan,nan,False,not_run,not_requested
fig2,PEB,52,2910844986,-5.0,snr_db,-5.0,3,3,3,3,full_6d,2910844986,,,nan,,False,,5.248622469604015,nan,nan,nan,nan,nan,nan,False,,,peb_only,False,810f090b28c4ea97,,,,,,,adaptive_jones,True,fixed_anchor_then_adaptive_jones_score_selection,,nan,nan,nan,nan,True,,,nan,nan,,,,,[],nan,,,nan,nan,nan,nan,,nan,nan,nan,0.0006536689630787738,nan,nan,0.0006536689630787738,False,9e98686db4702520cd73f5ec75cd23f453189f0d5a51de87101750eedce217fa,0.5257490343703223,computed_unscaled,cpu,nan,nan,nan,,,,,,,,nan,nan,nan,nan,nan,nan,False,,
fig2,adaptive_jones_vp_proposed,11,3685333214,-5.0,snr_db,-5.0,3,3,3,3,full_6d,3685333214,,,nan,,False,,2063.925082370639,5.665828328668022e-05,5.665828328668022e-05,8.174940096283892e-06,2.4321631512244323e-05,1.0035017560886062e-12,0.9054006288681147,False,direct_vp,global_exact_spherical_vp,main_single_proposed,True,faa81e69708adc35,adaptive_jones,cpu,False,,numpy,numpy.linalg.solve,fixed_pol_anchor,True,fixed_anchor_then_adaptive_jones_score_selection,fixed_pol_anchor,3.820948785108895,101.73701886357752,42.58748137215399,0.0,True,3,4,3096725.458075429,3440212.2887623743,"[101.73701886357752,3.820948785108895,22.204476467775546]","[0.009829263832068792,0.2617151017290277,0.04503596387102641]","[8.129938195528307e-09,6.567772569636088e-08,1.749304377143391e-07]",direct_vp,"[""poor_clock_consistency""]",3091929.0257142135,3096560,True,1900341.338730834,91.89677475473745,4.066057950521142,0.5087481105838286,"[6.051062464901391,4.936837992907814,5.0106400287124835]",162.535127453506,2057.5352844297886,2221.401451766491,nan,nan,nan,nan,False,,nan,,,nan,nan,nan,,,,,,,,5.665828328668022e-05,8.174940096283892e-06,0.9054006288681147,nan,nan,nan,False,not_run,not_requested
fig2,PEB,11,3685333214,-5.0,snr_db,-5.0,3,3,3,3,full_6d,3685333214,,,nan,,False,,5.117493323981762,nan,nan,nan,nan,nan,nan,False,,,peb_only,False,a5764bf8578c7582,,,,,,,adaptive_jones,True,fixed_anchor_then_adaptive_jones_score_selection,,nan,nan,nan,nan,True,,,nan,nan,,,,,[],nan,,,nan,nan,nan,nan,,nan,nan,nan,0.0007659881411150172,nan,nan,0.0007659881411150172,False,e9ccda1e403051d390ee49d3f08d80b8c395469b47c082ff498964bcdaeda690,0.9067613889003451,computed_unscaled,cpu,nan,nan,nan,,,,,,,,nan,nan,nan,nan,nan,nan,False,,
fig2,adaptive_jones_vp_proposed,14,1092560480,-5.0,snr_db,-5.0,3,3,3,3,full_6d,1092560480,,,nan,,False,,1991.29793253541,0.0006228668702201956,0.0006228668702201956,1.918194876908799e-05,0.00044513196760656267,1.2250450458656268e-12,0.6836063151740334,False,direct_vp,global_exact_spherical_vp,main_single_proposed,True,1b1ac7fa21d0217a,adaptive_jones,cpu,False,,numpy,numpy.linalg.solve,fixed_pol_anchor,True,fixed_anchor_then_adaptive_jones_score_selection,fixed_pol_anchor,7.119045019384552,11.846627034616482,10.040202658163649,0.0,True,3,4,3096725.458075429,3098652.4260950577,"[11.846627034616482,11.154935920489915,7.119045019384552]","[0.08441221261259424,0.08964641366984435,0.14046827871855935]","[1.382245900660918e-07,1.254523641473171e-07,5.590064331324958e-07]",direct_vp,[],3094527.3717986974,3096560,True,2507723.3737104745,68.75081525900522,9.69216249212456,0.07798683373135239,"[5.1213357830977335,4.950579304820592,4.9617926809559965]",165.12308859080076,1984.8073512017727,2151.2856048867106,nan,nan,nan,nan,False,,nan,,,nan,nan,nan,,,,,,,,0.0006228668702201956,1.918194876908799e-05,0.6836063151740334,nan,nan,nan,False,not_run,not_requested
fig2,PEB,14,1092560480,-5.0,snr_db,-5.0,3,3,3,3,full_6d,1092560480,,,nan,,False,,5.239892065525055,nan,nan,nan,nan,nan,nan,False,,,peb_only,False,11da4b97644b3761,,,,,,,adaptive_jones,True,fixed_anchor_then_adaptive_jones_score_selection,,nan,nan,nan,nan,True,,,nan,nan,,,,,[],nan,,,nan,nan,nan,nan,,nan,nan,nan,0.0006428425719644807,nan,nan,0.0006428425719644807,False,f1022bc01518ff6f31f9f6e642efb32029d98d2c096644b99cc3e0e6c8ec44d7,0.6840588738389257,computed_unscaled,cpu,nan,nan,nan,,,,,,,,nan,nan,nan,nan,nan,nan,False,,
fig2,adaptive_jones_vp_proposed,55,3199904066,-5.0,snr_db,-5.0,3,3,3,3,full_6d,3199904066,,,nan,,False,,159.17033284902573,0.0002810116354871025,0.0002810116354871025,1.0985405893917129e-05,0.0002488530993422688,1.1057883664321458e-12,1.2409239707625017,False,direct_vp,global_exact_spherical_vp,main_single_proposed,True,6fd6f914eb9b4a2e,adaptive_jones,cpu,False,,numpy,numpy.linalg.solve,fixed_pol_anchor,True,fixed_anchor_then_adaptive_jones_score_selection,fixed_pol_anchor,6.57364342180712,12.412656715514949,10.269028287922767,0.0,True,3,4,3096725.458075429,3097054.128487446,"[12.412656715514949,11.820784726446231,6.57364342180712]","[0.08056293047544427,0.0845967525109322,0.15212264125493477]","[1.688015855008167e-07,5.395070987652729e-08,1.025140684473359e-07]",direct_vp,[],3094481.911864136,3096560,True,2700929.238786098,66.28565861813071,12.219856645338156,0.0405099931224612,"[5.051078699005534,5.011453384182169,4.952480612983098]",182.98057738691568,152.73598287254572,337.02578845620155,nan,nan,nan,nan,False,,nan,,,nan,nan,nan,,,,,,,,0.0002810116354871025,1.0985405893917129e-05,1.2409239707625017,nan,nan,nan,False,not_run,not_requested
fig2,PEB,55,3199904066,-5.0,snr_db,-5.0,3,3,3,3,full_6d,3199904066,,,nan,,False,,5.179014816880226,nan,nan,nan,nan,nan,nan,False,,,peb_only,False,82b5af871f574caa,,,,,,,adaptive_jones,True,fixed_anchor_then_adaptive_jones_score_selection,,nan,nan,nan,nan,True,,,nan,nan,,,,,[],nan,,,nan,nan,nan,nan,,nan,nan,nan,0.0006108288839819692,nan,nan,0.0006108288839819692,False,ff385e78e5554a838decb9742089f6308b997df2029ddf9a6dfeb38655607425,1.2417637249568048,computed_unscaled,cpu,nan,nan,nan,,,,,,,,nan,nan,nan,nan,nan,nan,False,,
fig2,adaptive_jones_vp_proposed,56,2167631329,-5.0,snr_db,-5.0,3,3,3,3,full_6d,2167631329,,,nan,,False,,169.10705963522196,0.00014816348484103327,0.00014816348484103327,1.0057885465198666e-05,0.00012933201019483016,1.6164719073708747e-12,1.248688927048887,False,direct_vp,global_exact_spherical_vp,main_single_proposed,True,5ef3c73bf82b1583,adaptive_jones,cpu,False,,numpy,numpy.linalg.solve,fixed_pol_anchor,True,fixed_anchor_then_adaptive_jones_score_selection,fixed_pol_anchor,4.364293929766156,70.34044432702261,29.44081231897211,0.0,True,3,4,3096725.458075429,3097909.835192159,"[13.61769870012757,70.34044432702261,4.364293929766156]","[0.07343384679064857,0.01421657212286745,0.22913213823094103]","[2.8528216209389146e-07,5.088703032016825e-10,1.3209954759506846e-07]",direct_vp,"[""poor_clock_consistency""]",3095587.0129163866,3096560,True,2569990.1956475712,84.94091148139724,6.738529307517325,0.10535090674774954,"[4.852923477868797,4.79393302391015,5.040993771464065]",151.0062821879983,162.59531622380018,314.89701210707426,nan,nan,nan,nan,False,,nan,,,nan,nan,nan,,,,,,,,0.00014816348484103327,1.0057885465198666e-05,1.248688927048887,nan,nan,nan,False,not_run,not_requested
fig2,PEB,56,2167631329,-5.0,snr_db,-5.0,3,3,3,3,full_6d,2167631329,,,nan,,False,,5.254019066691399,nan,nan,nan,nan,nan,nan,False,,,peb_only,False,aab1d76caee23749,,,,,,,adaptive_jones,True,fixed_anchor_then_adaptive_jones_score_selection,,nan,nan,nan,nan,True,,,nan,nan,,,,,[],nan,,,nan,nan,nan,nan,,nan,nan,nan,0.0006011130504171862,nan,nan,0.0006011130504171862,False,7d96ebe691cae134218fac4c44588ab5938392c288ecaa287b62d8519dd2dcef,1.2490878617953987,computed_unscaled,cpu,nan,nan,nan,,,,,,,,nan,nan,nan,nan,nan,nan,False,,
fig2,adaptive_jones_vp_proposed,16,1080178429,-5.0,snr_db,-5.0,3,3,3,3,full_6d,1080178429,,,nan,,False,,1977.1854257583618,0.00015067478995643157,0.00015067478995643157,5.911960950423032e-06,0.00012596994105683524,1.7712923451197828e-12,1.5208307015374585,False,direct_vp_rollback,global_exact_spherical_vp,main_single_proposed,True,4889c5e6bc76b2b0,adaptive_jones,cpu,False,,numpy,numpy.linalg.solve,fixed_pol_anchor,True,fixed_anchor_then_adaptive_jones_score_selection,fixed_pol_anchor,5.001804174643086,632.5560903367763,215.46936470025184,0.0,True,3,4,3096725.458075429,3150445.664868914,"[8.850199589336134,632.5560903367763,5.001804174643086]","[0.11299180203755849,0.0015808874732911645,0.19992785904425284]","[3.1659830743989776e-06,8.693615577048827e-11,8.001850397735711e-08]",jnpp_then_vp,"[""poor_clock_consistency""]",3100975.131724003,3096560,False,2712945.5296462025,87.55639206184082,3.9492686408648545,0.4703081703961253,"[5.016933528538272,3.921375038846853,4.777646884713838]",147.1266106069088,1591.2102594226599,1739.596222139895,nan,nan,nan,nan,False,,nan,,,nan,nan,nan,,,,,,,,0.00015067478995643157,5.911960950423032e-06,1.5208307015374585,0.00015067443212086025,5.911956904630113e-06,1.5208307015374587,True,rollback,existing_selector_rollback
fig2,PEB,16,1080178429,-5.0,snr_db,-5.0,3,3,3,3,full_6d,1080178429,,,nan,,False,,5.1295899748802185,nan,nan,nan,nan,nan,nan,False,,,peb_only,False,53671718b259874c,,,,,,,adaptive_jones,True,fixed_anchor_then_adaptive_jones_score_selection,,nan,nan,nan,nan,True,,,nan,nan,,,,,[],nan,,,nan,nan,nan,nan,,nan,nan,nan,0.0005900169584949459,nan,nan,0.0005900169584949459,False,2793ff1fce7242989610050dae2e9fefacb8b15f6d60bfd2b55605797f0e0ce8,1.5186732077486413,computed_unscaled,cpu,nan,nan,nan,,,,,,,,nan,nan,nan,nan,nan,nan,False,,
fig2,adaptive_jones_vp_proposed,53,3576518520,-5.0,snr_db,-5.0,3,3,3,3,full_6d,3576518520,,,nan,,False,,338.11727657169104,0.04198516953937234,0.04198516953937234,0.005578618926429367,0.03378771685625308,4.572781369308478e-11,0.594047492571741,False,direct_vp,global_exact_spherical_vp,main_single_proposed,True,a9e63fdfc92b680e,adaptive_jones,cpu,False,,numpy,numpy.linalg.solve,adaptive_jones,True,fixed_anchor_then_adaptive_jones_score_selection,adaptive_jones,103.26816001693042,32687.796877875884,11204.91254885951,0.0,True,6,4,3096725.458075429,2382191.6965671447,"[823.6726086857109,103.26816001693042,32687.796877875884]","[0.0012140746075943601,0.009683526846346305,3.0592455375572714e-05]","[2.3002680076011002e-07,1.3180979907072984e-10,6.167246253953506e-15]",direct_vp,"[""poor_clock_consistency""]",3099084.102830684,3096560,True,1064620.3167102558,183.96137423355015,1.5338963292905017,0.5021424934094523,"[6.219393711207482,5.016860493453006,5.394302904037529]",172.21575547754765,331.8026875704527,505.2948847487569,nan,nan,nan,nan,False,,nan,,,nan,nan,nan,,,,,,,,0.04198516953937234,0.005578618926429367,0.594047492571741,nan,nan,nan,False,not_run,not_requested
fig2,PEB,53,3576518520,-5.0,snr_db,-5.0,3,3,3,3,full_6d,3576518520,,,nan,,False,,5.142632260918617,nan,nan,nan,nan,nan,nan,False,,,peb_only,False,5db04c084bdc7d88,,,,,,,adaptive_jones,True,fixed_anchor_then_adaptive_jones_score_selection,,nan,nan,nan,nan,True,,,nan,nan,,,,,[],nan,,,nan,nan,nan,nan,,nan,nan,nan,0.0009488477312842927,nan,nan,0.0009488477312842927,False,e200269e04ccf0a54521e583b609be7b0a3b6bdaccfd671ee9c073b4737a05cd,0.5935667272397132,computed_unscaled,cpu,nan,nan,nan,,,,,,,,nan,nan,nan,nan,nan,nan,False,,
fig2,adaptive_jones_vp_proposed,57,476784074,-5.0,snr_db,-5.0,3,3,3,3,full_6d,476784074,,,nan,,False,,156.9616680815816,0.0003048257688633023,0.0003048257688633023,1.7150389526786996e-05,9.372498386715754e-05,7.792912504299256e-14,0.5587020685750035,False,direct_vp,global_exact_spherical_vp,main_single_proposed,True,a5aa129a2693d426,adaptive_jones,cpu,False,,numpy,numpy.linalg.solve,fixed_pol_anchor,True,fixed_anchor_then_adaptive_jones_score_selection,fixed_pol_anchor,6.997391793074408,12.914903179800199,10.193366352469363,0.0,True,3,4,3096725.458075429,3097989.173374515,"[10.667804084533483,12.914903179800199,6.997391793074408]","[0.09374000422815822,0.07742992619187065,0.14291039140937364]","[3.0611407920544647e-07,1.4177365732726279e-08,1.2932903836582849e-07]",direct_vp,[],3100071.8045236454,3096560,True,2695110.3269720976,61.75190179717734,9.25138632339511,0.07326281496917644,"[4.967910756065132,4.943108066303596,5.109431794848598]",199.93844643235207,150.4659818187356,351.72426046431065,nan,nan,nan,nan,False,,nan,,,nan,nan,nan,,,,,,,,0.0003048257688633023,1.7150389526786996e-05,0.5587020685750035,nan,nan,nan,False,not_run,not_requested
fig2,PEB,57,476784074,-5.0,snr_db,-5.0,3,3,3,3,full_6d,476784074,,,nan,,False,,5.241049826145172,nan,nan,nan,nan,nan,nan,False,,,peb_only,False,038b15b7fc81d132,,,,,,,adaptive_jones,True,fixed_anchor_then_adaptive_jones_score_selection,,nan,nan,nan,nan,True,,,nan,nan,,,,,[],nan,,,nan,nan,nan,nan,,nan,nan,nan,0.0006157599486859987,nan,nan,0.0006157599486859987,False,0678217d596e534740a4e9789e3054b9b6004d88d7430db9577064550d35976f,0.5580720466458842,computed_unscaled,cpu,nan,nan,nan,,,,,,,,nan,nan,nan,nan,nan,nan,False,,
fig2,adaptive_jones_vp_proposed,18,3644258948,-5.0,snr_db,-5.0,3,3,3,3,full_6d,3644258948,,,nan,,False,,1923.6127957329154,0.000288628581604708,0.000288628581604708,1.1619038209220157e-05,0.00023830143929768583,2.7231845768910927e-12,1.3897517240045925,False,direct_vp,global_exact_spherical_vp,main_single_proposed,True,ab7c168ca8704352,adaptive_jones,cpu,False,,numpy,numpy.linalg.solve,fixed_pol_anchor,True,fixed_anchor_then_adaptive_jones_score_selection,fixed_pol_anchor,4.212809218524861,34.22006862756389,19.606141778969437,0.0,True,3,4,3096725.458075429,3097203.2671871837,"[20.385547490819558,34.22006862756389,4.212809218524861]","[0.04905436071461682,0.029222618190785594,0.23737129979646757]","[3.3285043746001564e-08,1.7382202523017515e-08,1.8593705033844705e-07]",direct_vp,"[""poor_clock_consistency""]",3093957.5358864185,3096560,True,2552501.702435175,80.75504794038436,7.723559079420896,0.17786587785526162,"[5.235230218828987,5.396167656998162,4.965074390826294]",196.81919249892235,1917.109531082213,2115.188213303685,nan,nan,nan,nan,False,,nan,,,nan,nan,nan,,,,,,,,0.000288628581604708,1.1619038209220157e-05,1.3897517240045925,nan,nan,nan,False,not_run,not_requested
fig2,PEB,18,3644258948,-5.0,snr_db,-5.0,3,3,3,3,full_6d,3644258948,,,nan,,False,,5.532949224114418,nan,nan,nan,nan,nan,nan,False,,,peb_only,False,bb0a1cbf9da8c275,,,,,,,adaptive_jones,True,fixed_anchor_then_adaptive_jones_score_selection,,nan,nan,nan,nan,True,,,nan,nan,,,,,[],nan,,,nan,nan,nan,nan,,nan,nan,nan,0.0005934303722478188,nan,nan,0.0005934303722478188,False,10eabe3ea0bf687d98504e31e23e6506b4b182585a8f16e7a2bae8ed9d09e41a,1.390927892382434,computed_unscaled,cpu,nan,nan,nan,,,,,,,,nan,nan,nan,nan,nan,nan,False,,
fig2,adaptive_jones_vp_proposed,58,1249403404,-5.0,snr_db,-5.0,3,3,3,3,full_6d,1249403404,,,nan,,False,,239.87060453742743,0.0005303048616521076,0.0005303048616521076,1.4934800842143602e-05,1.10830763912981e-05,3.360476999305183e-12,2.146957084922595,False,direct_vp,global_exact_spherical_vp,main_single_proposed,True,cb7dedd5a04044bd,adaptive_jones,cpu,False,,numpy,numpy.linalg.solve,fixed_pol_anchor,True,fixed_anchor_then_adaptive_jones_score_selection,fixed_pol_anchor,6.186940128654251,55.69318467560293,23.07256212092204,0.0,True,3,4,3096725.458075429,3096844.2543636514,"[6.186940128654251,7.337561558508932,55.69318467560293]","[0.16163078665694597,0.13628505764738996,0.01795551835954479]","[2.516436484169366e-07,2.633811436264636e-08,3.0307035026108e-08]",direct_vp,"[""poor_clock_consistency""]",3097920.8985401965,3096560,True,1391377.4338513885,95.5287914581438,9.193246248427005,0.25800495773320675,"[4.998646463455189,4.847687892393548,5.4546350926044385]",168.71403999626637,233.70392294228077,403.72259855270386,nan,nan,nan,nan,False,,nan,,,nan,nan,nan,,,,,,,,0.0005303048616521076,1.4934800842143602e-05,2.146957084922595,nan,nan,nan,False,not_run,not_requested
fig2,PEB,58,1249403404,-5.0,snr_db,-5.0,3,3,3,3,full_6d,1249403404,,,nan,,False,,5.122011139988899,nan,nan,nan,nan,nan,nan,False,,,peb_only,False,531e49938c5a2063,,,,,,,adaptive_jones,True,fixed_anchor_then_adaptive_jones_score_selection,,nan,nan,nan,nan,True,,,nan,nan,,,,,[],nan,,,nan,nan,nan,nan,,nan,nan,nan,0.0008580154183098144,nan,nan,0.0008580154183098144,False,282ef6b6a0b0bdc03992830ab54a887d3acbc9d2eab301295ecf986d4506a68e,2.1460250277320005,computed_unscaled,cpu,nan,nan,nan,,,,,,,,nan,nan,nan,nan,nan,nan,False,,
fig2,adaptive_jones_vp_proposed,61,3445288900,-5.0,snr_db,-5.0,3,3,3,3,full_6d,3445288900,,,nan,,False,,158.65477835386992,0.000652577104757189,0.000652577104757189,1.768108683395146e-05,0.00027098897218439093,2.0949861962067112e-12,1.7933481250714893,False,direct_vp,global_exact_spherical_vp,main_single_proposed,True,5dad5bd5b8901c53,adaptive_jones,cpu,False,,numpy,numpy.linalg.solve,fixed_pol_anchor,True,fixed_anchor_then_adaptive_jones_score_selection,fixed_pol_anchor,3.7195489147833425,48.35292485839962,29.671709418018526,0.0,True,3,4,3096725.458075429,3097412.765626197,"[36.942654480872626,3.7195489147833425,48.35292485839962]","[0.027068980667883945,0.2688498048840766,0.020681272185294336]","[1.6375022334692258e-08,1.4829808104231594e-07,3.505843390281289e-08]",direct_vp,[],3096024.318452131,3096560,True,1787418.5099144755,109.00518229647527,5.822196050805156,0.09943887650293172,"[4.789472378364604,5.008002834049548,4.991902705221363]",177.29720610380173,151.9160883128643,330.51694090664387,nan,nan,nan,nan,False,,nan,,,nan,nan,nan,,,,,,,,0.000652577104757189,1.768108683395146e-05,1.7933481250714893,nan,nan,nan,False,not_run,not_requested
fig2,PEB,61,3445288900,-5.0,snr_db,-5.0,3,3,3,3,full_6d,3445288900,,,nan,,False,,5.242581821978092,nan,nan,nan,nan,nan,nan,False,,,peb_only,False,f26abe9c54017748,,,,,,,adaptive_jones,True,fixed_anchor_then_adaptive_jones_score_selection,,nan,nan,nan,nan,True,,,nan,nan,,,,,[],nan,,,nan,nan,nan,nan,,nan,nan,nan,0.0007820561130717549,nan,nan,0.0007820561130717549,False,ce2b3681cf373b19e71cb19b884bc3b16d08555336684f81783906b12368ba1d,1.7936676823384046,computed_unscaled,cpu,nan,nan,nan,,,,,,,,nan,nan,nan,nan,nan,nan,False,,
fig2,adaptive_jones_vp_proposed,59,1187262716,-5.0,snr_db,-5.0,3,3,3,3,full_6d,1187262716,,,nan,,False,,225.03977391123772,0.0004674039533431971,0.0004674039533431971,1.5220595851327287e-05,0.0003982584695176592,1.2322484686248169e-12,0.7885362969902597,False,direct_vp,global_exact_spherical_vp,main_single_proposed,True,526ae96cc7c488d8,adaptive_jones,cpu,False,,numpy,numpy.linalg.solve,fixed_pol_anchor,True,fixed_anchor_then_adaptive_jones_score_selection,fixed_pol_anchor,5.151964501312746,90.40240167648494,34.79110920618071,0.0,True,3,4,3096725.458075429,3097856.5170565187,"[5.151964501312746,90.40240167648494,8.818961440744433]","[0.19410071628794084,0.011061653024310227,0.113392036773297]","[3.252745932338275e-07,3.303380915540917e-09,1.6182899732602367e-07]",direct_vp,"[""poor_clock_consistency""]",3097887.178480547,3096560,True,2426099.3051367863,73.77186421213048,8.559204882724746,0.1178878709286494,"[5.146162973579134,4.879825347381237,4.916365090538183]",184.56568820774555,218.5017944946885,404.46314062178135,nan,nan,nan,nan,False,,nan,,,nan,nan,nan,,,,,,,,0.0004674039533431971,1.5220595851327287e-05,0.7885362969902597,nan,nan,nan,False,not_run,not_requested
fig2,PEB,59,1187262716,-5.0,snr_db,-5.0,3,3,3,3,full_6d,1187262716,,,nan,,False,,5.2009681314229965,nan,nan,nan,nan,nan,nan,False,,,peb_only,False,67cda06b4f335e9a,,,,,,,adaptive_jones,True,fixed_anchor_then_adaptive_jones_score_selection,,nan,nan,nan,nan,True,,,nan,nan,,,,,[],nan,,,nan,nan,nan,nan,,nan,nan,nan,0.0006693103966335114,nan,nan,0.0006693103966335114,False,ba85b3dc69f0d5910f5e051466d13a9fa16bdfb1c72eaceaa138a692faa0065e,0.7882025495797905,computed_unscaled,cpu,nan,nan,nan,,,,,,,,nan,nan,nan,nan,nan,nan,False,,
fig2,adaptive_jones_vp_proposed,60,1839575832,-5.0,snr_db,-5.0,3,3,3,3,full_6d,1839575832,,,nan,,False,,265.1256261020899,0.0010424020522344349,0.0010424020522344349,1.1865722977787417e-05,4.747268514454338e-05,4.356331426074633e-13,1.7737300712961914,False,direct_vp,global_exact_spherical_vp,main_single_proposed,True,98cf52e90d596c0d,adaptive_jones,cpu,False,,numpy,numpy.linalg.solve,fixed_pol_anchor,True,fixed_anchor_then_adaptive_jones_score_selection,fixed_pol_anchor,3.8968800810945634,53.937246317338015,27.53566146042947,0.0,True,3,4,3096725.458075429,3097489.7730694884,"[24.77285798285583,3.8968800810945634,53.937246317338015]","[0.0403667594860182,0.25661554350813415,0.01854006402296839]","[2.9220645400499103e-07,1.17926006060844e-09,3.80905139041889e-09]",direct_vp,"[""poor_clock_consistency""]",3095668.067234393,3096560,True,1795972.2468990819,94.20079429589893,5.712466964655101,0.1967596784666487,"[5.496623870005124,5.020704424626498,5.324544197021475]",166.18205548077822,258.8380316272378,426.32079918682575,nan,nan,nan,nan,False,,nan,,,nan,nan,nan,,,,,,,,0.0010424020522344349,1.1865722977787417e-05,1.7737300712961914,nan,nan,nan,False,not_run,not_requested
fig2,PEB,60,1839575832,-5.0,snr_db,-5.0,3,3,3,3,full_6d,1839575832,,,nan,,False,,5.499710068106651,nan,nan,nan,nan,nan,nan,False,,,peb_only,False,7788bd889cb121c6,,,,,,,adaptive_jones,True,fixed_anchor_then_adaptive_jones_score_selection,,nan,nan,nan,nan,True,,,nan,nan,,,,,[],nan,,,nan,nan,nan,nan,,nan,nan,nan,0.0007686346307651176,nan,nan,0.0007686346307651176,False,42d79a12e13d52ea36763a6478c0ea4b122194dbd7e070b6eef8b19740c115ec,1.7742502910400708,computed_unscaled,cpu,nan,nan,nan,,,,,,,,nan,nan,nan,nan,nan,nan,False,,
fig2,adaptive_jones_vp_proposed,77,4292676672,-10.0,snr_db,-10.0,3,3,3,3,full_6d,4292676672,,,nan,,False,,3650.7443627789617,0.0006344996726900575,0.0006344996726900575,1.997273111601306e-05,3.704426266797766e-05,1.209982973154055e-12,8.723823578086586,False,ris_only_stage2_then_vp,global_exact_spherical_vp,main_single_proposed,True,56969e762c2eee09,adaptive_jones,cpu,False,,numpy,numpy.linalg.solve,fixed_pol_anchor,True,fixed_anchor_then_adaptive_jones_score_selection,fixed_pol_anchor,14.729543394832115,2292.8913805320763,779.5870193972663,0.0,True,3,4,3096725.458075429,3186562.13695487,"[14.729543394832115,2292.8913805320763,31.14013426489065]","[0.06789076709167523,0.00043613055821033,0.032112899432688795]","[0.0018579466626788455,3.636000773842553e-07,5.510233839820269e-08]",jnpp_then_vp,"[""low_assignment_margin"",""poor_clock_consistency""]",3400370.475335511,3096560,False,11527.829517414879,55.883080450224405,0.04445335084472075,45.393492717659704,"[102.5474986161079,7.577483970187032,4.981720995535287]",172.3252482637763,258.4528077766299,450.91937205940485,nan,nan,nan,nan,False,,nan,,,nan,nan,nan,,,,,,,,1.3260477527527412,0.9898630481707869,9.588413251977874,0.0006344996726900575,1.997273111601306e-05,8.723823578086586,True,accepted,accepted
fig2,PEB,77,4292676672,-10.0,snr_db,-10.0,3,3,3,3,full_6d,4292676672,,,nan,,False,,5.199543587863445,nan,nan,nan,nan,nan,nan,False,,,peb_only,False,7dc2504fc0c51032,,,,,,,adaptive_jones,True,fixed_anchor_then_adaptive_jones_score_selection,,nan,nan,nan,nan,True,,,nan,nan,,,,,[],nan,,,nan,nan,nan,nan,,nan,nan,nan,0.0012521582502547609,nan,nan,0.0012521582502547609,False,f60a4ab9705635604ca71e7bb7f90055bd716281a75d4d93b7beab9eb08c99af,8.731769249710073,computed_unscaled,cpu,nan,nan,nan,,,,,,,,nan,nan,nan,nan,nan,nan,False,,
fig2,adaptive_jones_vp_proposed,65,2236466502,-5.0,snr_db,-5.0,3,3,3,3,full_6d,2236466502,,,nan,,False,,165.08857225626707,0.00035156603924891953,0.00035156603924891953,1.6333947709125146e-05,0.00021451498500901664,3.828772080889825e-12,0.33500751968979176,False,direct_vp,global_exact_spherical_vp,main_single_proposed,True,73e326e5184f6478,adaptive_jones,cpu,False,,numpy,numpy.linalg.solve,fixed_pol_anchor,True,fixed_anchor_then_adaptive_jones_score_selection,fixed_pol_anchor,7.056964846536706,19.53795169531393,11.5628157215653,0.0,True,3,4,3096725.458075429,3098396.888299468,"[8.093530622845265,19.53795169531393,7.056964846536706]","[0.12355547246207346,0.051182437932851814,0.14170397922326416]","[1.7314764226880014e-07,7.121029971714835e-08,1.6079998082688552e-07]",direct_vp,"[""poor_clock_consistency""]",3100303.2807335844,3096560,True,2786950.986708088,70.00262295491244,8.548581896527523,0.10796028768236894,"[5.141408752500018,5.042087137309253,4.879496162130043]",152.21188087016344,158.7691222578287,312.3332814499736,nan,nan,nan,nan,False,,nan,,,nan,nan,nan,,,,,,,,0.00035156603924891953,1.6333947709125146e-05,0.33500751968979176,nan,nan,nan,False,not_run,not_requested
fig2,PEB,65,2236466502,-5.0,snr_db,-5.0,3,3,3,3,full_6d,2236466502,,,nan,,False,,5.182402424514294,nan,nan,nan,nan,nan,nan,False,,,peb_only,False,82cf9e720586541b,,,,,,,adaptive_jones,True,fixed_anchor_then_adaptive_jones_score_selection,,nan,nan,nan,nan,True,,,nan,nan,,,,,[],nan,,,nan,nan,nan,nan,,nan,nan,nan,0.0006042348878372157,nan,nan,0.0006042348878372157,False,8713a1af4c8a44df0d773df8c1e647ae5757abeba9d4009ab7b9d7ee65d54a43,0.3346047632622173,computed_unscaled,cpu,nan,nan,nan,,,,,,,,nan,nan,nan,nan,nan,nan,False,,
fig2,adaptive_jones_vp_proposed,24,2465240206,-5.0,snr_db,-5.0,3,3,3,3,full_6d,2465240206,,,nan,,False,,1869.1525522693992,0.00022763541208713515,0.00022763541208713515,1.0718224803286929e-05,0.0001186432730303423,1.082810611493369e-12,1.6606270317210792,False,direct_vp,global_exact_spherical_vp,main_single_proposed,True,7cac7fa3ab9c454e,adaptive_jones,cpu,False,,numpy,numpy.linalg.solve,fixed_pol_anchor,True,fixed_anchor_then_adaptive_jones_score_selection,fixed_pol_anchor,3.9365447961404216,179.58006670736972,67.09870319308907,0.0,True,3,4,3096725.458075429,3321128.9623057717,"[17.77949807575706,3.9365447961404216,179.58006670736972]","[0.056244557395338055,0.2540298794456783,0.0055685467666628345]","[8.550916962197838e-08,1.2432511643422986e-08,2.7396460326552487e-08]",direct_vp,"[""poor_clock_consistency""]",3096137.1655982505,3096560,True,1632265.913726964,105.73758181729443,3.8259093316260855,0.34292238020485766,"[5.095783197992828,5.002260129020784,4.326096362053274]",184.0140941515565,1862.611568339169,2047.876704968512,nan,nan,nan,nan,False,,nan,,,nan,nan,nan,,,,,,,,0.00022763541208713515,1.0718224803286929e-05,1.6606270317210792,nan,nan,nan,False,not_run,not_requested
fig2,PEB,24,2465240206,-5.0,snr_db,-5.0,3,3,3,3,full_6d,2465240206,,,nan,,False,,5.505843818187714,nan,nan,nan,nan,nan,nan,False,,,peb_only,False,fbf8ec14e0ecf9d5,,,,,,,adaptive_jones,True,fixed_anchor_then_adaptive_jones_score_selection,,nan,nan,nan,nan,True,,,nan,nan,,,,,[],nan,,,nan,nan,nan,nan,,nan,nan,nan,0.0007994897921355851,nan,nan,0.0007994897921355851,False,d0abc1777196bcc1a36b4bbbb5b3c3e641533288ceccc09b778d2fb6777f61b5,1.6608624025173382,computed_unscaled,cpu,nan,nan,nan,,,,,,,,nan,nan,nan,nan,nan,nan,False,,
fig2,adaptive_jones_vp_proposed,66,437355907,-5.0,snr_db,-5.0,3,3,3,3,full_6d,437355907,,,nan,,False,,158.69954629987478,0.0009889527329150088,0.0009889527329150088,2.5620915636747767e-05,0.0002086515453261595,2.681557073291667e-13,1.8372747089780401,False,direct_vp,global_exact_spherical_vp,main_single_proposed,True,cfefa9855bd75a1a,adaptive_jones,cpu,False,,numpy,numpy.linalg.solve,fixed_pol_anchor,True,fixed_anchor_then_adaptive_jones_score_selection,fixed_pol_anchor,6.4130312162620005,24.124447932686273,12.981865990813658,0.0,True,3,4,3096725.458075429,3097133.686298541,"[8.408118823492698,24.124447932686273,6.4130312162620005]","[0.1189326674591637,0.04145172576658109,0.15593250153808896]","[5.2154315617473105e-08,6.113108051759133e-09,3.0413205346605404e-07]",direct_vp,[],3097743.0359372552,3096560,True,2632770.3293694933,78.0478683456604,11.558199949297542,0.05254405658249242,"[5.127722404241596,5.018323847098208,5.014304157347413]",169.60102008283138,152.29143668711185,323.1910093873739,nan,nan,nan,nan,False,,nan,,,nan,nan,nan,,,,,,,,0.0009889527329150088,2.5620915636747767e-05,1.8372747089780401,nan,nan,nan,False,not_run,not_requested
fig2,PEB,66,437355907,-5.0,snr_db,-5.0,3,3,3,3,full_6d,437355907,,,nan,,False,,5.21765149384737,nan,nan,nan,nan,nan,nan,False,,,peb_only,False,985f773a192850b0,,,,,,,adaptive_jones,True,fixed_anchor_then_adaptive_jones_score_selection,,nan,nan,nan,nan,True,,,nan,nan,,,,,[],nan,,,nan,nan,nan,nan,,nan,nan,nan,0.0006309106135732077,nan,nan,0.0006309106135732077,False,34c19cd95e99da79457cbf3518f1232a26ad19f1e8691866bda8c30a1c520f1f,1.836582538715009,computed_unscaled,cpu,nan,nan,nan,,,,,,,,nan,nan,nan,nan,nan,nan,False,,
fig2,adaptive_jones_vp_proposed,68,217409269,-5.0,snr_db,-5.0,3,3,3,3,full_6d,217409269,,,nan,,False,,184.5838812366128,0.0002878625271464118,0.0002878625271464118,2.9465645469462215e-05,0.0001236898846158448,3.1145082947512953e-13,0.5783463946073789,False,direct_vp,global_exact_spherical_vp,main_single_proposed,True,05e7fb75b7667203,adaptive_jones,cpu,False,,numpy,numpy.linalg.solve,fixed_pol_anchor,True,fixed_anchor_then_adaptive_jones_score_selection,fixed_pol_anchor,6.545851452583501,32.30934045214535,15.46397998519915,0.0,True,3,4,3096725.458075429,3097381.577096657,"[6.545851452583501,7.5367480508686,32.30934045214535]","[0.15276851410961617,0.1326832200364207,0.030950802027321807]","[7.841478092004809e-07,1.6195234969607245e-09,4.624975287260126e-08]",direct_vp,"[""poor_clock_consistency""]",3099211.8561926433,3096560,True,1612291.8677070367,95.18162195782698,7.485873486266771,0.10132260239459341,"[4.926587211845394,5.07383881953758,4.827192967933698]",151.13318073004484,178.16524374485016,330.5509123727679,nan,nan,nan,nan,False,,nan,,,nan,nan,nan,,,,,,,,0.0002878625271464118,2.9465645469462215e-05,0.5783463946073789,nan,nan,nan,False,not_run,not_requested
fig2,PEB,68,217409269,-5.0,snr_db,-5.0,3,3,3,3,full_6d,217409269,,,nan,,False,,5.3477464988827705,nan,nan,nan,nan,nan,nan,False,,,peb_only,False,85475f81a3daa134,,,,,,,adaptive_jones,True,fixed_anchor_then_adaptive_jones_score_selection,,nan,nan,nan,nan,True,,,nan,nan,,,,,[],nan,,,nan,nan,nan,nan,,nan,nan,nan,0.0007981064827813772,nan,nan,0.0007981064827813772,False,0b182e454a04b5041a3aee67b1d617d5e470ee5322dc8a1561fe76d42cd56704,0.5778545153824487,computed_unscaled,cpu,nan,nan,nan,,,,,,,,nan,nan,nan,nan,nan,nan,False,,
fig2,adaptive_jones_vp_proposed,67,804537149,-5.0,snr_db,-5.0,3,3,3,3,full_6d,804537149,,,nan,,False,,172.6570495441556,0.0014306114218962987,0.0014306114218962987,2.488707032369149e-05,5.216236054328954e-05,3.909694537333617e-12,1.43691724050073,False,direct_vp,global_exact_spherical_vp,main_single_proposed,True,26494416f9466c86,adaptive_jones,cpu,False,,numpy,numpy.linalg.solve,fixed_pol_anchor,True,fixed_anchor_then_adaptive_jones_score_selection,fixed_pol_anchor,9.169908653118735,9.90880512115472,9.526608536555349,0.0,True,3,4,3096725.458075429,3097119.7231576093,"[9.169908653118735,9.50111183539259,9.90880512115472]","[0.10905234041243417,0.10525083982965014,0.10092034183366365]","[8.060042253749618e-08,2.421619956460191e-08,1.2729425677151758e-07]",direct_vp,"[""poor_clock_consistency""]",3092776.896413866,3096560,True,2561829.886266011,70.51221722408968,7.668370480379943,0.15155004444717324,"[5.117641843728266,5.202125440851657,4.846833705001116]",181.86908046156168,166.49326041340828,349.6171149685979,nan,nan,nan,nan,False,,nan,,,nan,nan,nan,,,,,,,,0.0014306114218962987,2.488707032369149e-05,1.43691724050073,nan,nan,nan,False,not_run,not_requested
fig2,PEB,67,804537149,-5.0,snr_db,-5.0,3,3,3,3,full_6d,804537149,,,nan,,False,,5.138646401464939,nan,nan,nan,nan,nan,nan,False,,,peb_only,False,f28a63559ebb3aa0,,,,,,,adaptive_jones,True,fixed_anchor_then_adaptive_jones_score_selection,,nan,nan,nan,nan,True,,,nan,nan,,,,,[],nan,,,nan,nan,nan,nan,,nan,nan,nan,0.0006298314186978662,nan,nan,0.0006298314186978662,False,b26904abe3f7d46852807fc0a30cd211634c6c8e972ac0e965050f20e27517f2,1.4386823201117729,computed_unscaled,cpu,nan,nan,nan,,,,,,,,nan,nan,nan,nan,nan,nan,False,,
fig2,adaptive_jones_vp_proposed,95,1902842209,-10.0,snr_db,-10.0,3,3,3,3,full_6d,1902842209,,,nan,,False,,3195.430358044803,0.0013287687246134306,0.0013287687246134306,7.047397545909712e-05,0.0007494684981727994,4.331860478551659e-12,2.829963809159542,False,direct_vp,global_exact_spherical_vp,main_single_proposed,True,615b16cc3597bd1b,adaptive_jones,cpu,False,,numpy,numpy.linalg.solve,fixed_pol_anchor,True,fixed_anchor_then_adaptive_jones_score_selection,fixed_pol_anchor,12.417574064031704,514.4781215440884,194.89605849211168,0.0,True,3,4,3096725.458075429,3115475.2723252103,"[514.4781215440884,57.792479868214976,12.417574064031704]","[0.0019437172497914017,0.017303289324537067,0.08053102762512576]","[9.240889373525095e-06,6.173835559332694e-09,3.6736219064514767e-08]",direct_vp,"[""low_assignment_margin"",""poor_clock_consistency""]",3094777.063984038,3096560,True,706680.2396081531,97.50577406392351,0.3924284530475791,5.958392302151845,"[-7.440128123096767,5.31953572801313,5.076006314847067]",169.66958021372557,2710.9597447812557,2882.033936522901,nan,nan,nan,nan,False,,nan,,,nan,nan,nan,,,,,,,,0.0013287687246134306,7.047397545909712e-05,2.829963809159542,nan,nan,nan,False,not_run,not_requested
fig2,PEB,95,1902842209,-10.0,snr_db,-10.0,3,3,3,3,full_6d,1902842209,,,nan,,False,,5.167658053338528,nan,nan,nan,nan,nan,nan,False,,,peb_only,False,bfe6c8e54d2aa6e4,,,,,,,adaptive_jones,True,fixed_anchor_then_adaptive_jones_score_selection,,nan,nan,nan,nan,True,,,nan,nan,,,,,[],nan,,,nan,nan,nan,nan,,nan,nan,nan,0.0010404652643098268,nan,nan,0.0010404652643098268,False,76a18cb09eabd2843f7f18de70d1414c840c1b810997a8411f8aedb26f349b2f,2.8316088141841083,computed_unscaled,cpu,nan,nan,nan,,,,,,,,nan,nan,nan,nan,nan,nan,False,,
fig2,adaptive_jones_vp_proposed,70,1909013635,-5.0,snr_db,-5.0,3,3,3,3,full_6d,1909013635,,,nan,,False,,294.5872009694576,0.0009410973556738221,0.0009410973556738221,1.6067222941748864e-05,0.00028778733160165506,1.3607156541106874e-12,0.668197011864133,False,direct_vp,global_exact_spherical_vp,main_single_proposed,True,4f06adf6dab912c4,adaptive_jones,cpu,False,,numpy,numpy.linalg.solve,fixed_pol_anchor,True,fixed_anchor_then_adaptive_jones_score_selection,fixed_pol_anchor,3.7038267262050666,47.998804021385624,31.055232234328628,0.0,True,3,4,3096725.458075429,3096945.8242764473,"[3.7038267262050666,47.998804021385624,41.463065955395194]","[0.26999103195653384,0.020833852433207633,0.024117849872325143]","[2.0758809526710772e-08,1.9550138189009467e-08,7.8940712609156e-08]",direct_vp,"[""poor_clock_consistency""]",3096748.0682343845,3096560,True,1505871.2871503953,131.12117741507663,6.120211966672216,0.20601703304629257,"[5.006878237373615,4.577076938094567,4.562965114434232]",128.2815982028842,287.7436959668994,417.2880697250366,nan,nan,nan,nan,False,,nan,,,nan,nan,nan,,,,,,,,0.0009410973556738221,1.6067222941748864e-05,0.668197011864133,nan,nan,nan,False,not_run,not_requested
fig2,PEB,70,1909013635,-5.0,snr_db,-5.0,3,3,3,3,full_6d,1909013635,,,nan,,False,,5.571277119219303,nan,nan,nan,nan,nan,nan,False,,,peb_only,False,8df48bc78e5eca45,,,,,,,adaptive_jones,True,fixed_anchor_then_adaptive_jones_score_selection,,nan,nan,nan,nan,True,,,nan,nan,,,,,[],nan,,,nan,nan,nan,nan,,nan,nan,nan,0.0008448859546956159,nan,nan,0.0008448859546956159,False,7231f7a6a5fbe3cc9ff17e3c4c7cf441e267b4bae6d7354446f2924a30ccbc7b,0.6681598840521448,computed_unscaled,cpu,nan,nan,nan,,,,,,,,nan,nan,nan,nan,nan,nan,False,,
fig2,adaptive_jones_vp_proposed,73,1489186484,-5.0,snr_db,-5.0,3,3,3,3,full_6d,1489186484,,,nan,,False,,161.32998526841402,0.0002700741027154113,0.0002700741027154113,2.5264067069703216e-05,9.731036649795473e-05,3.5146419491879243e-12,0.8933377776639573,False,direct_vp,global_exact_spherical_vp,main_single_proposed,True,951120e81fdeca7e,adaptive_jones,cpu,False,,numpy,numpy.linalg.solve,fixed_pol_anchor,True,fixed_anchor_then_adaptive_jones_score_selection,fixed_pol_anchor,6.454822432154347,17.48833990255576,11.138766083980878,0.0,True,3,4,3096725.458075429,3129397.042568956,"[9.473135917232527,17.48833990255576,6.454822432154347]","[0.10556166497848221,0.05718095631457683,0.1549229294073373]","[6.984405148392068e-08,4.334850541303245e-08,8.289754962718536e-07]",direct_vp,[],3096064.500768602,3096560,True,2820846.250181417,68.22674796577213,11.415056631164413,0.040772909365332344,"[5.13720408071151,5.093503923859255,5.193127120004987]",178.94331626594067,154.87870030105114,335.0757568255067,nan,nan,nan,nan,False,,nan,,,nan,nan,nan,,,,,,,,0.0002700741027154113,2.5264067069703216e-05,0.8933377776639573,nan,nan,nan,False,not_run,not_requested
fig2,PEB,73,1489186484,-5.0,snr_db,-5.0,3,3,3,3,full_6d,1489186484,,,nan,,False,,5.348738983273506,nan,nan,nan,nan,nan,nan,False,,,peb_only,False,9e84ccc7bd8cc32d,,,,,,,adaptive_jones,True,fixed_anchor_then_adaptive_jones_score_selection,,nan,nan,nan,nan,True,,,nan,nan,,,,,[],nan,,,nan,nan,nan,nan,,nan,nan,nan,0.0006006029159738121,nan,nan,0.0006006029159738121,False,d64a78118eb17c14251c66a9269a2f68d800276ea77027a48898e01b93fc8e18,0.8934853655409349,computed_unscaled,cpu,nan,nan,nan,,,,,,,,nan,nan,nan,nan,nan,nan,False,,
fig2,adaptive_jones_vp_proposed,63,3424526765,-5.0,snr_db,-5.0,3,3,3,3,full_6d,3424526765,,,nan,,False,,466.21082147210836,0.00019587707852944953,0.00019587707852944953,1.85548037644529e-05,0.00015485435476589652,1.9246094955339747e-12,1.0290575801796424,False,direct_vp,global_exact_spherical_vp,main_single_proposed,True,01398bdeab0c9baf,adaptive_jones,cpu,False,,numpy,numpy.linalg.solve,fixed_pol_anchor,True,fixed_anchor_then_adaptive_jones_score_selection,fixed_pol_anchor,5.860860832747869,26.162452108829754,13.778173749864555,0.0,True,3,4,3096725.458075429,3099947.4877300113,"[26.162452108829754,5.860860832747869,9.311208308016038]","[0.03822271688502548,0.17062339962187575,0.10739744691672151]","[1.866768689149044e-07,2.6979357229050842e-09,3.99219909360201e-07]",direct_vp,[],3097440.6569299167,3096560,True,2367526.1159562413,71.7712753566284,8.042120239757109,0.07935652474215123,"[4.950736778107552,5.088288308934672,5.138458932123369]",184.67955781519413,459.65007121115923,645.6898498907685,nan,nan,nan,nan,False,,nan,,,nan,nan,nan,,,,,,,,0.00019587707852944953,1.85548037644529e-05,1.0290575801796424,nan,nan,nan,False,not_run,not_requested
fig2,PEB,63,3424526765,-5.0,snr_db,-5.0,3,3,3,3,full_6d,3424526765,,,nan,,False,,5.330231450498104,nan,nan,nan,nan,nan,nan,False,,,peb_only,False,f2cd723567327f44,,,,,,,adaptive_jones,True,fixed_anchor_then_adaptive_jones_score_selection,,nan,nan,nan,nan,True,,,nan,nan,,,,,[],nan,,,nan,nan,nan,nan,,nan,nan,nan,0.0006696160051628242,nan,nan,0.0006696160051628242,False,258f950ff6512034899ff541f16fbb81fb7ab692c62ede128038d4532b76f1bb,1.0287703166396631,computed_unscaled,cpu,nan,nan,nan,,,,,,,,nan,nan,nan,nan,nan,nan,False,,
fig2,adaptive_jones_vp_proposed,76,125194699,-5.0,snr_db,-5.0,3,3,3,3,full_6d,125194699,,,nan,,False,,190.72368686646223,0.00027560061930716076,0.00027560061930716076,1.56291402407809e-05,7.269280999799988e-05,3.502776161267247e-13,0.5314956740836486,False,direct_vp,global_exact_spherical_vp,main_single_proposed,True,c81a974092cb70fe,adaptive_jones,cpu,False,,numpy,numpy.linalg.solve,fixed_pol_anchor,True,fixed_anchor_then_adaptive_jones_score_selection,fixed_pol_anchor,4.0623874192585925,34.309167104028695,20.979236329739383,0.0,True,3,4,3096725.458075429,3175364.857359426,"[4.0623874192585925,34.309167104028695,24.566154465930868]","[0.24616066780219673,0.029146729121508393,0.04070641179767334]","[3.1881993862572487e-07,1.102787898916505e-07,1.7721059551053283e-07]",direct_vp,"[""poor_clock_consistency""]",3095481.43366966,3096560,True,1607816.5743056033,116.64032517875734,7.58353839655565,0.1482975844233285,"[5.03086753625971,5.19186147175497,5.39336715560194]",162.61238451302052,184.26554591208696,348.1073089540005,nan,nan,nan,nan,False,,nan,,,nan,nan,nan,,,,,,,,0.00027560061930716076,1.56291402407809e-05,0.5314956740836486,nan,nan,nan,False,not_run,not_requested
fig2,PEB,76,125194699,-5.0,snr_db,-5.0,3,3,3,3,full_6d,125194699,,,nan,,False,,5.251897141337395,nan,nan,nan,nan,nan,nan,False,,,peb_only,False,1b0428f3723c44d3,,,,,,,adaptive_jones,True,fixed_anchor_then_adaptive_jones_score_selection,,nan,nan,nan,nan,True,,,nan,nan,,,,,[],nan,,,nan,nan,nan,nan,,nan,nan,nan,0.0008101572310169272,nan,nan,0.0008101572310169272,False,6b8d35b33f7212a697b02c68cfa098dd74c3e1f522985e34bcbd559db51c8fd8,0.5316836116571858,computed_unscaled,cpu,nan,nan,nan,,,,,,,,nan,nan,nan,nan,nan,nan,False,,
fig2,adaptive_jones_vp_proposed,74,2087150408,-5.0,snr_db,-5.0,3,3,3,3,full_6d,2087150408,,,nan,,False,,223.08194825053215,0.00014210459552683606,0.00014210459552683606,1.8716892720586956e-05,6.876720758905092e-05,1.8122801824876184e-12,0.7616752318821067,False,direct_vp,global_exact_spherical_vp,main_single_proposed,True,ab59879c945de19e,adaptive_jones,cpu,False,,numpy,numpy.linalg.solve,fixed_pol_anchor,True,fixed_anchor_then_adaptive_jones_score_selection,fixed_pol_anchor,6.944094062687154,12.943795090059897,10.107710784267537,0.0,True,3,4,3096725.458075429,3102848.0313864816,"[6.944094062687154,10.43524320005556,12.943795090059897]","[0.14400726588171908,0.09582910343519742,0.07725709446335408]","[1.836490325070781e-09,8.713213584188161e-10,8.915274622792832e-09]",direct_vp,[],3096096.8678168454,3096560,True,2078839.134595904,79.35240600581288,10.021689396546545,0.09438302226045554,"[5.266454871686177,5.054223935049122,5.2397448135120355]",183.81709130853415,216.76105312258005,401.7369389086962,nan,nan,nan,nan,False,,nan,,,nan,nan,nan,,,,,,,,0.00014210459552683606,1.8716892720586956e-05,0.7616752318821067,nan,nan,nan,False,not_run,not_requested
fig2,PEB,74,2087150408,-5.0,snr_db,-5.0,3,3,3,3,full_6d,2087150408,,,nan,,False,,5.09218218177557,nan,nan,nan,nan,nan,nan,False,,,peb_only,False,fbfce868c2499fa2,,,,,,,adaptive_jones,True,fixed_anchor_then_adaptive_jones_score_selection,,nan,nan,nan,nan,True,,,nan,nan,,,,,[],nan,,,nan,nan,nan,nan,,nan,nan,nan,0.000707136818463113,nan,nan,0.000707136818463113,False,78fd75a3c1d4026a3e7d885aa302f9406531fe623bed7ee4eda6f02c54b6aa8a,0.7617931038778121,computed_unscaled,cpu,nan,nan,nan,,,,,,,,nan,nan,nan,nan,nan,nan,False,,
fig2,adaptive_jones_vp_proposed,62,1815661330,-5.0,snr_db,-5.0,3,3,3,3,full_6d,1815661330,,,nan,,False,,625.9952922612429,0.0007221044047628069,0.0007221044047628069,1.5998073158807617e-05,0.0001497137412086945,2.5081688808845806e-12,1.7903568405436208,False,direct_vp,global_exact_spherical_vp,main_single_proposed,True,26089c9700deb1b8,adaptive_jones,cpu,False,,numpy,numpy.linalg.solve,fixed_pol_anchor,True,fixed_anchor_then_adaptive_jones_score_selection,fixed_pol_anchor,3.42961849327752,140.89753099219496,67.99225583118368,0.0,True,3,4,3096725.458075429,3159245.268963553,"[3.42961849327752,59.64961800807856,140.89753099219496]","[0.2915776206469306,0.01676456670359426,0.007097356446327634]","[1.4218833293443475e-07,4.2940325396918336e-08,1.008528203409103e-08]",direct_vp,"[""poor_clock_consistency""]",3097295.7785228677,3096560,True,1076203.467043609,174.21969450715153,3.3810559253302133,0.5494359968660754,"[5.045218586579296,4.931393280966476,3.8269522125550166]",175.83398995548487,619.4233423173428,796.5193348005414,nan,nan,nan,nan,False,,nan,,,nan,nan,nan,,,,,,,,0.0007221044047628069,1.5998073158807617e-05,1.7903568405436208,nan,nan,nan,False,not_run,not_requested
fig2,PEB,62,1815661330,-5.0,snr_db,-5.0,3,3,3,3,full_6d,1815661330,,,nan,,False,,5.334085255861282,nan,nan,nan,nan,nan,nan,False,,,peb_only,False,00adba09f9101c28,,,,,,,adaptive_jones,True,fixed_anchor_then_adaptive_jones_score_selection,,nan,nan,nan,nan,True,,,nan,nan,,,,,[],nan,,,nan,nan,nan,nan,,nan,nan,nan,0.001012262385665174,nan,nan,0.001012262385665174,False,97d98efc9e77b8da847d52d27748aedf3c40844281671ccf00f295af09763222,1.7899407806984395,computed_unscaled,cpu,nan,nan,nan,,,,,,,,nan,nan,nan,nan,nan,nan,False,,
fig2,adaptive_jones_vp_proposed,75,3035140021,-5.0,snr_db,-5.0,3,3,3,3,full_6d,3035140021,,,nan,,False,,307.8667741641402,0.0005932473158905674,0.0005932473158905674,1.9516141490463583e-05,0.00014866122972188276,3.1677002730734827e-12,1.0476771598235157,False,direct_vp,global_exact_spherical_vp,main_single_proposed,True,146d2f98a241b305,adaptive_jones,cpu,False,,numpy,numpy.linalg.solve,fixed_pol_anchor,True,fixed_anchor_then_adaptive_jones_score_selection,fixed_pol_anchor,3.85570896360375,58.81494609602465,29.36590660077168,0.0,True,3,4,3096725.458075429,3096873.006989935,"[3.85570896360375,25.427064742686646,58.81494609602465]","[0.25935567477621324,0.03932817295642407,0.017002480939258668]","[1.4693374377344813e-08,2.2539734523881986e-08,9.088774851284143e-08]",direct_vp,[],3092353.623973947,3096560,True,1321357.0897730347,139.63706911565347,6.4979649324945346,0.0862561167217007,"[4.948546297396287,4.880407980796849,5.087677620856379]",155.2919217273593,301.3295858874917,457.88291615992785,nan,nan,nan,nan,False,,nan,,,nan,nan,nan,,,,,,,,0.0005932473158905674,1.9516141490463583e-05,1.0476771598235157,nan,nan,nan,False,not_run,not_requested
fig2,PEB,75,3035140021,-5.0,snr_db,-5.0,3,3,3,3,full_6d,3035140021,,,nan,,False,,5.3768420815467834,nan,nan,nan,nan,nan,nan,False,,,peb_only,False,afbc3d33f89f9ec7,,,,,,,adaptive_jones,True,fixed_anchor_then_adaptive_jones_score_selection,,nan,nan,nan,nan,True,,,nan,nan,,,,,[],nan,,,nan,nan,nan,nan,,nan,nan,nan,0.000894076795183942,nan,nan,0.000894076795183942,False,2f212a9fc87faf916a5915468a1ea2df60203d744fc985d035cf071254d1c26c,1.0491076840974496,computed_unscaled,cpu,nan,nan,nan,,,,,,,,nan,nan,nan,nan,nan,nan,False,,
fig2,adaptive_jones_vp_proposed,79,2511075941,-5.0,snr_db,-5.0,3,3,3,3,full_6d,2511075941,,,nan,,False,,190.19909216463566,0.0002036577270506903,0.0002036577270506903,1.6331978681957612e-05,0.00017251142723978584,2.026242712668817e-13,1.2692770197623984,False,direct_vp,global_exact_spherical_vp,main_single_proposed,True,0baf37a8a23c4dfd,adaptive_jones,cpu,False,,numpy,numpy.linalg.solve,fixed_pol_anchor,True,fixed_anchor_then_adaptive_jones_score_selection,fixed_pol_anchor,3.8706541233142184,41.56968086117004,25.070230373172823,0.0,True,3,4,3096725.458075429,3107778.3344198666,"[29.770356135034213,3.8706541233142184,41.56968086117004]","[0.03359046144541799,0.2583542647153104,0.02405599415829347]","[4.936902028389204e-09,2.023442825746402e-07,8.889035100304363e-09]",direct_vp,[],3094959.9034556253,3096560,True,1559414.5485618587,90.4127963494599,7.425273041320401,0.05700173020859287,"[5.192029048039845,5.088687255816414,5.221670777611453]",180.7370552122593,183.70700278133154,365.7047042697668,nan,nan,nan,nan,False,,nan,,,nan,nan,nan,,,,,,,,0.0002036577270506903,1.6331978681957612e-05,1.2692770197623984,nan,nan,nan,False,not_run,not_requested
fig2,PEB,79,2511075941,-5.0,snr_db,-5.0,3,3,3,3,full_6d,2511075941,,,nan,,False,,5.227728858590126,nan,nan,nan,nan,nan,nan,False,,,peb_only,False,eac07de465eb7672,,,,,,,adaptive_jones,True,fixed_anchor_then_adaptive_jones_score_selection,,nan,nan,nan,nan,True,,,nan,nan,,,,,[],nan,,,nan,nan,nan,nan,,nan,nan,nan,0.000825380417721757,nan,nan,0.000825380417721757,False,d1d2709e7ef7e78043678a9bd3afef4c60705c0eab0a43aa5b03783626c11549,1.2699397986899064,computed_unscaled,cpu,nan,nan,nan,,,,,,,,nan,nan,nan,nan,nan,nan,False,,
fig2,adaptive_jones_vp_proposed,78,3639033133,-5.0,snr_db,-5.0,3,3,3,3,full_6d,3639033133,,,nan,,False,,204.95955063402653,0.00036465376320786653,0.00036465376320786653,1.2955820654525107e-05,0.00012863693551992737,7.070209681126174e-13,0.543765783878805,False,direct_vp,global_exact_spherical_vp,main_single_proposed,True,13064dd1bc79e10e,adaptive_jones,cpu,False,,numpy,numpy.linalg.solve,fixed_pol_anchor,True,fixed_anchor_then_adaptive_jones_score_selection,fixed_pol_anchor,4.893448682987834,75.5858043931174,30.259503114130762,0.0,True,3,4,3096725.458075429,3098088.81572807,"[10.299256266287056,4.893448682987834,75.5858043931174]","[0.09709438954956762,0.20435485580376583,0.013229997457240409]","[1.2076797510933795e-07,3.3606018660838935e-08,1.1043549140285529e-08]",direct_vp,[],3098183.2777577545,3096560,True,1638639.6449100936,93.82053677830618,8.312217688052588,0.041547809876322214,"[4.896412387042678,4.955944308206163,4.997662297198951]",180.93710063397884,198.69769851863384,381.0080498382449,nan,nan,nan,nan,False,,nan,,,nan,nan,nan,,,,,,,,0.00036465376320786653,1.2955820654525107e-05,0.543765783878805,nan,nan,nan,False,not_run,not_requested
fig2,PEB,78,3639033133,-5.0,snr_db,-5.0,3,3,3,3,full_6d,3639033133,,,nan,,False,,5.193836145102978,nan,nan,nan,nan,nan,nan,False,,,peb_only,False,95deff1fb9efe393,,,,,,,adaptive_jones,True,fixed_anchor_then_adaptive_jones_score_selection,,nan,nan,nan,nan,True,,,nan,nan,,,,,[],nan,,,nan,nan,nan,nan,,nan,nan,nan,0.0007870682272863532,nan,nan,0.0007870682272863532,False,775d9f1d6241dae7442a88dca0b3fa5d7751717fd8d49705eaa3b8cfda4ebb75,0.54348368867284,computed_unscaled,cpu,nan,nan,nan,,,,,,,,nan,nan,nan,nan,nan,nan,False,,
fig2,adaptive_jones_vp_proposed,80,2843598472,-5.0,snr_db,-5.0,3,3,3,3,full_6d,2843598472,,,nan,,False,,184.63197445124388,0.0003722921349137823,0.0003722921349137823,2.1053111457978528e-05,0.0003000597293366834,7.47561520989614e-13,2.154973509607159,False,direct_vp,global_exact_spherical_vp,main_single_proposed,True,c29a4b3c1de23203,adaptive_jones,cpu,False,,numpy,numpy.linalg.solve,fixed_pol_anchor,True,fixed_anchor_then_adaptive_jones_score_selection,fixed_pol_anchor,5.931873103884922,29.6630595030116,14.778035123377798,0.0,True,3,4,3096725.458075429,3098052.5504547833,"[8.739172763236871,29.6630595030116,5.931873103884922]","[0.11442730646062596,0.03371196419805617,0.168580814606291]","[1.0356179935013363e-07,4.084006689437498e-09,7.613270740321399e-08]",direct_vp,"[""poor_clock_consistency""]",3095592.9217006923,3096560,True,2729142.4347812636,66.77155191713265,8.675959672719896,0.23335823799493816,"[5.4002275231252765,5.178111139126122,4.8330437600930996]",154.32033421844244,178.48202942311764,334.07267417013645,nan,nan,nan,nan,False,,nan,,,nan,nan,nan,,,,,,,,0.0003722921349137823,2.1053111457978528e-05,2.154973509607159,nan,nan,nan,False,not_run,not_requested
fig2,PEB,80,2843598472,-5.0,snr_db,-5.0,3,3,3,3,full_6d,2843598472,,,nan,,False,,5.086246617138386,nan,nan,nan,nan,nan,nan,False,,,peb_only,False,3e529151fa4beffd,,,,,,,adaptive_jones,True,fixed_anchor_then_adaptive_jones_score_selection,,nan,nan,nan,nan,True,,,nan,nan,,,,,[],nan,,,nan,nan,nan,nan,,nan,nan,nan,0.0006164947066897109,nan,nan,0.0006164947066897109,False,ca96bdf8e3d74f1e490185f5b993e297e175166cef168c6fe33ef880dfc91c4e,2.1556578721013446,computed_unscaled,cpu,nan,nan,nan,,,,,,,,nan,nan,nan,nan,nan,nan,False,,
fig2,adaptive_jones_vp_proposed,81,3893654042,-5.0,snr_db,-5.0,3,3,3,3,full_6d,3893654042,,,nan,,False,,161.98286970704794,0.0015397398674115552,0.0015397398674115552,2.2982993518761613e-05,0.0013780886476744045,3.57263909451303e-12,2.127133222241681,False,direct_vp,global_exact_spherical_vp,main_single_proposed,True,6d254d14b93ed32b,adaptive_jones,cpu,False,,numpy,numpy.linalg.solve,fixed_pol_anchor,True,fixed_anchor_then_adaptive_jones_score_selection,fixed_pol_anchor,3.3280373237494545,238.84759215359622,110.0646778596989,0.0,True,3,4,3096725.458075429,3097279.590152456,"[88.01840410175102,238.84759215359622,3.3280373237494545]","[0.01136126029683476,0.004186770277835082,0.30047739935501855]","[5.985242010486604e-08,4.1872481315999015e-10,2.4386797901433775e-06]",direct_vp,"[""poor_clock_consistency""]",3093708.984083164,3096560,True,1081830.1762183178,216.50408260061928,3.3968070370197023,0.2768740973193496,"[4.6503848620127695,5.328397933545508,4.975592772054911]",175.13014877587557,155.72704366594553,332.0757351666689,nan,nan,nan,nan,False,,nan,,,nan,nan,nan,,,,,,,,0.0015397398674115552,2.2982993518761613e-05,2.127133222241681,nan,nan,nan,False,not_run,not_requested
fig2,PEB,81,3893654042,-5.0,snr_db,-5.0,3,3,3,3,full_6d,3893654042,,,nan,,False,,5.074540160596371,nan,nan,nan,nan,nan,nan,False,,,peb_only,False,593c43b6720741db,,,,,,,adaptive_jones,True,fixed_anchor_then_adaptive_jones_score_selection,,nan,nan,nan,nan,True,,,nan,nan,,,,,[],nan,,,nan,nan,nan,nan,,nan,nan,nan,0.0007728577101698518,nan,nan,0.0007728577101698518,False,7fdbdc32913dce5e44795d5b9a7446df6f3ff25cfdfe20eb33bdaf98d154febf,2.1291044887172204,computed_unscaled,cpu,nan,nan,nan,,,,,,,,nan,nan,nan,nan,nan,nan,False,,
fig2,adaptive_jones_vp_proposed,77,4292676672,-5.0,snr_db,-5.0,3,3,3,3,full_6d,4292676672,,,nan,,False,,341.90822396427393,0.0003585421767551583,0.0003585421767551583,6.3256813940338325e-06,2.1012667823114617e-05,6.832213486220452e-13,2.758715236950479,False,direct_vp,global_exact_spherical_vp,main_single_proposed,True,86819f23db6517cc,adaptive_jones,cpu,False,,numpy,numpy.linalg.solve,fixed_pol_anchor,True,fixed_anchor_then_adaptive_jones_score_selection,fixed_pol_anchor,4.656265445689063,706.247878658682,240.25823552959938,0.0,True,3,4,3096725.458075429,3098807.4051156365,"[4.656265445689063,706.247878658682,9.870562484427074]","[0.21476438825479321,0.0014159334555354263,0.10131134892949044]","[3.695124399203133e-08,5.211693567874584e-10,3.33086500774511e-08]",direct_vp,"[""poor_clock_consistency""]",3093758.195590564,3096560,True,2188933.3189394176,87.78035538579194,1.5848899440139463,1.2495411613602634,"[5.00416128758557,7.636707907256818,4.968264957862563]",179.96909859776497,335.47240912914276,516.8346856087446,nan,nan,nan,nan,False,,nan,,,nan,nan,nan,,,,,,,,0.0003585421767551583,6.3256813940338325e-06,2.758715236950479,nan,nan,nan,False,not_run,not_requested
fig2,PEB,77,4292676672,-5.0,snr_db,-5.0,3,3,3,3,full_6d,4292676672,,,nan,,False,,5.170505970716476,nan,nan,nan,nan,nan,nan,False,,,peb_only,False,1072e08451632913,,,,,,,adaptive_jones,True,fixed_anchor_then_adaptive_jones_score_selection,,nan,nan,nan,nan,True,,,nan,nan,,,,,[],nan,,,nan,nan,nan,nan,,nan,nan,nan,0.000704140329796291,nan,nan,0.000704140329796291,False,f60a4ab9705635604ca71e7bb7f90055bd716281a75d4d93b7beab9eb08c99af,2.761227883210337,computed_unscaled,cpu,nan,nan,nan,,,,,,,,nan,nan,nan,nan,nan,nan,False,,
fig2,adaptive_jones_vp_proposed,29,1456316145,-5.0,snr_db,-5.0,3,3,3,3,full_6d,1456316145,,,nan,,False,,2133.785390123725,0.00030463163935873775,0.00030463163935873775,1.4581583538627067e-05,4.330784161382134e-05,2.6847501701939053e-12,1.8521566386027721,False,direct_vp,global_exact_spherical_vp,main_single_proposed,True,1e879af5e6297045,adaptive_jones,cpu,False,,numpy,numpy.linalg.solve,fixed_pol_anchor,True,fixed_anchor_then_adaptive_jones_score_selection,fixed_pol_anchor,7.350843965424432,22.30138236972112,12.346996994903776,0.0,True,3,4,3096725.458075429,3209823.284981982,"[22.30138236972112,7.388764649565776,7.350843965424432]","[0.04484026969267213,0.13534062152749435,0.13603880108138167]","[4.170007817167434e-08,5.029819372041234e-08,1.7739454664790855e-07]",direct_vp,"[""poor_clock_consistency""]",3096312.8699671016,3096560,True,2753069.7090536477,77.34054546408575,8.048757431281954,0.2731710084218036,"[4.551201699297729,4.893764507677722,5.220267033547688]",192.8907671868801,2127.643129467964,2321.885494939983,nan,nan,nan,nan,False,,nan,,,nan,nan,nan,,,,,,,,0.00030463163935873775,1.4581583538627067e-05,1.8521566386027721,nan,nan,nan,False,not_run,not_requested
fig2,PEB,29,1456316145,-5.0,snr_db,-5.0,3,3,3,3,full_6d,1456316145,,,nan,,False,,5.116798780858517,nan,nan,nan,nan,nan,nan,False,,,peb_only,False,4762ce1ff77b164d,,,,,,,adaptive_jones,True,fixed_anchor_then_adaptive_jones_score_selection,,nan,nan,nan,nan,True,,,nan,nan,,,,,[],nan,,,nan,nan,nan,nan,,nan,nan,nan,0.0006068660092784514,nan,nan,0.0006068660092784514,False,d8fe45eb7ae04a0170dd7feb177c545054b10b09137abe9e9f00552ed53b5825,1.8523140380832883,computed_unscaled,cpu,nan,nan,nan,,,,,,,,nan,nan,nan,nan,nan,nan,False,,
fig2,adaptive_jones_vp_proposed,86,2710333116,-5.0,snr_db,-5.0,3,3,3,3,full_6d,2710333116,,,nan,,False,,186.93387649953365,0.0005719413119169242,0.0005719413119169242,1.3518273816431575e-05,0.00010166628591466141,3.508457520968935e-12,0.5315358502161809,False,direct_vp,global_exact_spherical_vp,main_single_proposed,True,cd343788d77ca959,adaptive_jones,cpu,False,,numpy,numpy.linalg.solve,fixed_pol_anchor,True,fixed_anchor_then_adaptive_jones_score_selection,fixed_pol_anchor,4.103875162474942,64.73127883311179,28.87904284108932,0.0,True,3,4,3096725.458075429,3113888.7071452006,"[4.103875162474942,64.73127883311179,17.801974527681242]","[0.24367212948866157,0.015448482062488497,0.05617354403171652]","[8.729828095797846e-08,2.011551040247236e-09,6.853424326352573e-08]",direct_vp,"[""poor_clock_consistency""]",3094679.728873822,3096560,True,1707354.2289988147,112.5655897142092,9.49820599209741,0.12614279626634112,"[5.179842750578235,5.320413826274598,5.0118346623415215]",158.725398555398,180.31992130726576,340.30964106321335,nan,nan,nan,nan,False,,nan,,,nan,nan,nan,,,,,,,,0.0005719413119169242,1.3518273816431575e-05,0.5315358502161809,nan,nan,nan,False,not_run,not_requested
fig2,PEB,86,2710333116,-5.0,snr_db,-5.0,3,3,3,3,full_6d,2710333116,,,nan,,False,,5.397297643125057,nan,nan,nan,nan,nan,nan,False,,,peb_only,False,d950c4814078350f,,,,,,,adaptive_jones,True,fixed_anchor_then_adaptive_jones_score_selection,,nan,nan,nan,nan,True,,,nan,nan,,,,,[],nan,,,nan,nan,nan,nan,,nan,nan,nan,0.0007980495852817404,nan,nan,0.0007980495852817404,False,3a54fb3766786593be45a3a051de7709f83ecc3b2e8854a667fc53103d577f6b,0.5318615498599564,computed_unscaled,cpu,nan,nan,nan,,,,,,,,nan,nan,nan,nan,nan,nan,False,,
fig2,adaptive_jones_vp_proposed,89,850792180,-5.0,snr_db,-5.0,3,3,3,3,full_6d,850792180,,,nan,,False,,160.51720860600471,0.0007322434279758569,0.0007322434279758569,2.0972733429293435e-05,0.0003443156504631914,1.0305530011033168e-12,2.495402392956037,False,direct_vp,global_exact_spherical_vp,main_single_proposed,True,3836831ac9160ae4,adaptive_jones,cpu,False,,numpy,numpy.linalg.solve,fixed_pol_anchor,True,fixed_anchor_then_adaptive_jones_score_selection,fixed_pol_anchor,5.3209104870117585,22.214746253904117,13.141973001141912,0.0,True,3,4,3096725.458075429,3102866.6161129866,"[22.214746253904117,5.3209104870117585,11.890262262509857]","[0.045015143929543686,0.1879377603580553,0.08410243423655354]","[9.780537236718878e-09,1.0578518629355609e-07,5.981971423530932e-07]",direct_vp,[],3098301.889320169,3096560,True,2262012.836372039,67.01853881119816,8.47024481702925,0.03210542417855675,"[5.028075362549095,5.095932775705427,5.027581100234662]",171.43824502825737,153.8560693114996,326.54837141931057,nan,nan,nan,nan,False,,nan,,,nan,nan,nan,,,,,,,,0.0007322434279758569,2.0972733429293435e-05,2.495402392956037,nan,nan,nan,False,not_run,not_requested
fig2,PEB,89,850792180,-5.0,snr_db,-5.0,3,3,3,3,full_6d,850792180,,,nan,,False,,5.449763610959053,nan,nan,nan,nan,nan,nan,False,,,peb_only,False,d15c4c5a3ea7128d,,,,,,,adaptive_jones,True,fixed_anchor_then_adaptive_jones_score_selection,,nan,nan,nan,nan,True,,,nan,nan,,,,,[],nan,,,nan,nan,nan,nan,,nan,nan,nan,0.00068613439024576,nan,nan,0.00068613439024576,False,2d81d18bd4ebd93cb30153245eac7dedb296bdb9883caf62dadd0506edd2daa4,2.494012344957689,computed_unscaled,cpu,nan,nan,nan,,,,,,,,nan,nan,nan,nan,nan,nan,False,,
fig2,adaptive_jones_vp_proposed,90,4175219143,-5.0,snr_db,-5.0,3,3,3,3,full_6d,4175219143,,,nan,,False,,149.74074241518974,8.358877179911812e-05,8.358877179911812e-05,1.2180366780765174e-05,6.144057218326211e-05,2.752475945992827e-12,0.28537793862220534,False,direct_vp,global_exact_spherical_vp,main_single_proposed,True,79d58302f5a0e9b0,adaptive_jones,cpu,False,,numpy,numpy.linalg.solve,fixed_pol_anchor,True,fixed_anchor_then_adaptive_jones_score_selection,fixed_pol_anchor,5.061311071395113,70.8202486393797,28.459891063984887,0.0,True,3,4,3096725.458075429,3099666.0894553126,"[9.498113481179859,5.061311071395113,70.8202486393797]","[0.10528406530117405,0.1975772652360006,0.01412025542329328]","[3.084683713087841e-07,1.3016638187441577e-08,8.451593520176121e-08]",direct_vp,"[""poor_clock_consistency""]",3092814.260171356,3096560,True,1590374.1103485785,99.9210970655392,7.336858039155268,0.15513584355163373,"[4.953203248824197,4.925905778695255,5.267797138792743]",181.03405702859163,143.03373505175114,325.3431238234043,nan,nan,nan,nan,False,,nan,,,nan,nan,nan,,,,,,,,8.358877179911812e-05,1.2180366780765174e-05,0.28537793862220534,nan,nan,nan,False,not_run,not_requested
fig2,PEB,90,4175219143,-5.0,snr_db,-5.0,3,3,3,3,full_6d,4175219143,,,nan,,False,,5.452910915017128,nan,nan,nan,nan,nan,nan,False,,,peb_only,False,c349ca5c5020961b,,,,,,,adaptive_jones,True,fixed_anchor_then_adaptive_jones_score_selection,,nan,nan,nan,nan,True,,,nan,nan,,,,,[],nan,,,nan,nan,nan,nan,,nan,nan,nan,0.0008030298223571415,nan,nan,0.0008030298223571415,False,6333c10944794ce04d692bf5cb56023e51f4bf1ac8d7f2df89dad974bd0e5c09,0.28572503918099285,computed_unscaled,cpu,nan,nan,nan,,,,,,,,nan,nan,nan,nan,nan,nan,False,,
fig2,adaptive_jones_vp_proposed,85,2249164774,-5.0,snr_db,-5.0,3,3,3,3,full_6d,2249164774,,,nan,,False,,347.56412624567747,0.00035270464948052824,0.00035270464948052824,1.6865185118702948e-05,5.660418445202325e-05,1.2518192331035693e-13,0.8137226009825945,False,direct_vp,global_exact_spherical_vp,main_single_proposed,True,a5c9bd8eabd6ec35,adaptive_jones,cpu,False,,numpy,numpy.linalg.solve,fixed_pol_anchor,True,fixed_anchor_then_adaptive_jones_score_selection,fixed_pol_anchor,7.289868890396947,15.44764588139195,10.516544505157485,0.0,True,3,4,3096725.458075429,3097064.865955196,"[15.44764588139195,8.812118743683564,7.289868890396947]","[0.06473478274053009,0.11348008680749762,0.13717667835014496]","[6.674846227451327e-08,4.3999562455108695e-08,2.4379918535537776e-07]",direct_vp,[],3096524.3273804863,3096560,True,2579020.886849693,66.67994155061753,10.491972860012828,0.041891944436089304,"[4.990055233737847,5.013514947143055,5.088297742255506]",175.9267202988267,341.00981955230236,518.3180464431643,nan,nan,nan,nan,False,,nan,,,nan,nan,nan,,,,,,,,0.00035270464948052824,1.6865185118702948e-05,0.8137226009825945,nan,nan,nan,False,not_run,not_requested
fig2,PEB,85,2249164774,-5.0,snr_db,-5.0,3,3,3,3,full_6d,2249164774,,,nan,,False,,5.541625417768955,nan,nan,nan,nan,nan,nan,False,,,peb_only,False,a8112cf61bed3d22,,,,,,,adaptive_jones,True,fixed_anchor_then_adaptive_jones_score_selection,,nan,nan,nan,nan,True,,,nan,nan,,,,,[],nan,,,nan,nan,nan,nan,,nan,nan,nan,0.0006354418868356935,nan,nan,0.0006354418868356935,False,d2813a00a2d0760dea2dc8be475dff9a47f414a15a39f0f8b76a2c0e1d6af5ec,0.8137361798128909,computed_unscaled,cpu,nan,nan,nan,,,,,,,,nan,nan,nan,nan,nan,nan,False,,
fig2,adaptive_jones_vp_proposed,87,3576217426,-5.0,snr_db,-5.0,3,3,3,3,full_6d,3576217426,,,nan,,False,,284.55748327821493,0.00039620094023606385,0.00039620094023606385,1.686453782446082e-05,0.00030111839909832217,8.358012566371751e-13,0.20936572237477405,False,direct_vp,global_exact_spherical_vp,main_single_proposed,True,1c385841f1539872,adaptive_jones,cpu,False,,numpy,numpy.linalg.solve,fixed_pol_anchor,True,fixed_anchor_then_adaptive_jones_score_selection,fixed_pol_anchor,5.164044313643237,37.01398972718916,17.50026860288589,0.0,True,3,4,3096725.458075429,3101738.1422410742,"[5.164044313643237,10.322771767825268,37.01398972718916]","[0.19364667289025161,0.0968732063908016,0.02701681194957542]","[3.4239544115704655e-07,4.6201992761739406e-08,1.3103626371364256e-09]",direct_vp,"[""poor_clock_consistency""]",3094137.5515443925,3096560,True,1450793.6629653198,103.98793476025268,7.961797280230859,0.1730303497542267,"[4.98524033762607,5.009746185214707,4.631054513076567]",175.5239242464304,278.1802729293704,454.9266653880477,nan,nan,nan,nan,False,,nan,,,nan,nan,nan,,,,,,,,0.00039620094023606385,1.686453782446082e-05,0.20936572237477405,nan,nan,nan,False,not_run,not_requested
fig2,PEB,87,3576217426,-5.0,snr_db,-5.0,3,3,3,3,full_6d,3576217426,,,nan,,False,,5.21215245872736,nan,nan,nan,nan,nan,nan,False,,,peb_only,False,59d891134b00dcdb,,,,,,,adaptive_jones,True,fixed_anchor_then_adaptive_jones_score_selection,,nan,nan,nan,nan,True,,,nan,nan,,,,,[],nan,,,nan,nan,nan,nan,,nan,nan,nan,0.0008440721991328464,nan,nan,0.0008440721991328464,False,66c908d686e5b626f41743ba5f1b64294d5b4f17110f5310f3926b121f412ca0,0.20953072070270137,computed_unscaled,cpu,nan,nan,nan,,,,,,,,nan,nan,nan,nan,nan,nan,False,,
fig2,adaptive_jones_vp_proposed,92,971995857,-5.0,snr_db,-5.0,3,3,3,3,full_6d,971995857,,,nan,,False,,174.26015359163284,0.00012576180860097012,0.00012576180860097012,5.716102293136864e-06,3.345201358102243e-05,3.1463051246311497e-13,1.6980428375896057,False,direct_vp,global_exact_spherical_vp,main_single_proposed,True,b4581477148808c3,adaptive_jones,cpu,False,,numpy,numpy.linalg.solve,fixed_pol_anchor,True,fixed_anchor_then_adaptive_jones_score_selection,fixed_pol_anchor,4.423818245037888,90.68415584887205,35.883475791450365,0.0,True,3,4,3096725.458075429,3099208.2164147245,"[90.68415584887205,12.542453280441146,4.423818245037888]","[0.011027284651310497,0.07972921864870484,0.2260490699673878]","[3.581850361599509e-08,2.7549463900608505e-08,9.655772619722423e-07]",direct_vp,"[""poor_clock_consistency""]",3097912.8706454723,3096560,True,2633404.2661721664,80.18330498693757,6.989906664596723,0.24941358174233233,"[4.5125188989829805,4.95675216444783,5.097849946076611]",159.6015249490738,167.94461403787136,328.7447458654642,nan,nan,nan,nan,False,,nan,,,nan,nan,nan,,,,,,,,0.00012576180860097012,5.716102293136864e-06,1.6980428375896057,nan,nan,nan,False,not_run,not_requested
fig2,PEB,92,971995857,-5.0,snr_db,-5.0,3,3,3,3,full_6d,971995857,,,nan,,False,,5.0322489738464355,nan,nan,nan,nan,nan,nan,False,,,peb_only,False,70038229ededf3d5,,,,,,,adaptive_jones,True,fixed_anchor_then_adaptive_jones_score_selection,,nan,nan,nan,nan,True,,,nan,nan,,,,,[],nan,,,nan,nan,nan,nan,,nan,nan,nan,0.000567143331012526,nan,nan,0.000567143331012526,False,414dc620a83beefed3505e1c54ca50570728cbcfef97d68ab55ee64715d67776,1.6973100656495559,computed_unscaled,cpu,nan,nan,nan,,,,,,,,nan,nan,nan,nan,nan,nan,False,,
fig2,adaptive_jones_vp_proposed,33,3489193506,-5.0,snr_db,-5.0,3,3,3,3,full_6d,3489193506,,,nan,,False,,2251.4360834360123,0.00017698587009873801,0.00017698587009873801,1.1123793964302727e-05,0.0001159226148597819,3.790872152819183e-13,1.5874093395431723,False,direct_vp,global_exact_spherical_vp,main_single_proposed,True,577880a3ac1f337e,adaptive_jones,cpu,False,,numpy,numpy.linalg.solve,fixed_pol_anchor,True,fixed_anchor_then_adaptive_jones_score_selection,fixed_pol_anchor,7.33381282498236,18.124368413664996,11.142206474732127,0.0,True,3,4,3096725.458075429,3194777.1315680123,"[7.33381282498236,18.124368413664996,7.968438185549024]","[0.13635472077855648,0.05517433640489886,0.12549510665785904]","[1.2876760621902039e-07,9.387537320487303e-09,1.8064488814241427e-07]",direct_vp,"[""poor_clock_consistency""]",3094849.8779303716,3096560,True,2458589.9098250247,79.38279626635662,9.708031119084216,0.12175950983345821,"[4.914032310061093,5.065065344399192,5.212272802053123]",172.08956656605005,2244.929430447519,2418.3009321391582,nan,nan,nan,nan,False,,nan,,,nan,nan,nan,,,,,,,,0.00017698587009873801,1.1123793964302727e-05,1.5874093395431723,nan,nan,nan,False,not_run,not_requested
fig2,PEB,33,3489193506,-5.0,snr_db,-5.0,3,3,3,3,full_6d,3489193506,,,nan,,False,,5.31525631248951,nan,nan,nan,nan,nan,nan,False,,,peb_only,False,357686514fc9a6fa,,,,,,,adaptive_jones,True,fixed_anchor_then_adaptive_jones_score_selection,,nan,nan,nan,nan,True,,,nan,nan,,,,,[],nan,,,nan,nan,nan,nan,,nan,nan,nan,0.0006519872133130736,nan,nan,0.0006519872133130736,False,76527bb9436024da57d5b3c4ee115c2d9eeebd7e9b24b99b40e819fe3069631e,1.588294701484008,computed_unscaled,cpu,nan,nan,nan,,,,,,,,nan,nan,nan,nan,nan,nan,False,,
fig2,adaptive_jones_vp_proposed,91,3347136468,-5.0,snr_db,-5.0,3,3,3,3,full_6d,3347136468,,,nan,,False,,247.18444097787142,0.0002945395747354293,0.0002945395747354293,1.5565107441997127e-05,0.00026201943285704106,2.745269724823755e-13,0.7799338251366703,False,direct_vp,global_exact_spherical_vp,main_single_proposed,True,08dcb33ac9879e62,adaptive_jones,cpu,False,,numpy,numpy.linalg.solve,fixed_pol_anchor,True,fixed_anchor_then_adaptive_jones_score_selection,fixed_pol_anchor,3.690796343360025,76.27268485784239,37.06961928510627,0.0,True,3,4,3096725.458075429,3119170.138136066,"[31.24537665411639,76.27268485784239,3.690796343360025]","[0.03200473500571518,0.013110853535410938,0.27094423722278044]","[1.1636302238165895e-08,1.036636801102502e-08,1.5218332634749833e-06]",direct_vp,"[""poor_clock_consistency""]",3098743.3472489193,3096560,True,2168474.775696752,113.36879256884703,6.727240798519691,0.36401817666842834,"[4.488963788006139,5.3016170702088115,5.213075781895249]",165.08787765353918,240.7813195362687,407.17535255104303,nan,nan,nan,nan,False,,nan,,,nan,nan,nan,,,,,,,,0.0002945395747354293,1.5565107441997127e-05,0.7799338251366703,nan,nan,nan,False,not_run,not_requested
fig2,PEB,91,3347136468,-5.0,snr_db,-5.0,3,3,3,3,full_6d,3347136468,,,nan,,False,,5.2484206557273865,nan,nan,nan,nan,nan,nan,False,,,peb_only,False,06d0756a2e41a7b7,,,,,,,adaptive_jones,True,fixed_anchor_then_adaptive_jones_score_selection,,nan,nan,nan,nan,True,,,nan,nan,,,,,[],nan,,,nan,nan,nan,nan,,nan,nan,nan,0.0006075343508815739,nan,nan,0.0006075343508815739,False,64607f16edc43d908c3fdfcf5a1ab43160e4a3b90bfd0c732196f2f9ce351b74,0.7793883177355008,computed_unscaled,cpu,nan,nan,nan,,,,,,,,nan,nan,nan,nan,nan,nan,False,,
fig2,adaptive_jones_vp_proposed,88,2932252539,-5.0,snr_db,-5.0,3,3,3,3,full_6d,2932252539,,,nan,,False,,316.1033824533224,0.0009771211421050932,0.0009771211421050932,1.832196199457786e-05,0.00018073739770569034,3.58008373241414e-14,1.2377067418702405,False,direct_vp,global_exact_spherical_vp,main_single_proposed,True,1054957568ed6556,adaptive_jones,cpu,False,,numpy,numpy.linalg.solve,fixed_pol_anchor,True,fixed_anchor_then_adaptive_jones_score_selection,fixed_pol_anchor,6.256769087241812,17.875939610551008,11.355722142288206,0.0,True,3,4,3096725.458075429,3097377.918839694,"[9.934457729071795,17.875939610551008,6.256769087241812]","[0.10065974683889449,0.05594111536335069,0.15982689884350132]","[2.771857104839655e-07,1.0924875096571156e-08,2.529178390697426e-07]",direct_vp,[],3097638.0551928035,3096560,True,2696481.8674789737,71.16856579814358,9.302429178110186,0.08317547222522978,"[5.159679243371668,5.047278971775253,4.9563181395204685]",171.24948781728745,309.6974836215377,482.17805974930525,nan,nan,nan,nan,False,,nan,,,nan,nan,nan,,,,,,,,0.0009771211421050932,1.832196199457786e-05,1.2377067418702405,nan,nan,nan,False,not_run,not_requested
fig2,PEB,88,2932252539,-5.0,snr_db,-5.0,3,3,3,3,full_6d,2932252539,,,nan,,False,,5.096880786120892,nan,nan,nan,nan,nan,nan,False,,,peb_only,False,038277d76a889bb1,,,,,,,adaptive_jones,True,fixed_anchor_then_adaptive_jones_score_selection,,nan,nan,nan,nan,True,,,nan,nan,,,,,[],nan,,,nan,nan,nan,nan,,nan,nan,nan,0.0006151194005913921,nan,nan,0.0006151194005913921,False,026935debd21c4cd81fb47190ca8eeaf89621d3b1a455ec08b231cab8f8cd44e,1.2372823821326115,computed_unscaled,cpu,nan,nan,nan,,,,,,,,nan,nan,nan,nan,nan,nan,False,,
fig2,adaptive_jones_vp_proposed,31,3399679668,-5.0,snr_db,-5.0,3,3,3,3,full_6d,3399679668,,,nan,,False,,2350.2762667015195,0.0006844405721843475,0.0006844405721843475,1.0486113782236494e-05,0.00018959806284969037,6.169622062850827e-13,1.2737654339715065,False,direct_vp_rollback,global_exact_spherical_vp,main_single_proposed,True,797b34c98d61d356,adaptive_jones,cpu,False,,numpy,numpy.linalg.solve,fixed_pol_anchor,True,fixed_anchor_then_adaptive_jones_score_selection,fixed_pol_anchor,5.609239688805151,31.64961919995558,15.547981536723825,0.0,True,3,4,3096725.458075429,3153752.642956194,"[5.609239688805151,9.385085721410746,31.64961919995558]","[0.17827728096379586,0.10655203688861958,0.03159595676809135]","[3.2376020041081227e-07,5.4592753571280354e-08,3.953838271356993e-09]",jnpp_then_vp,[],3102844.3574288194,3096560,False,1688345.3974702219,93.8779499971676,9.414958989263685,0.09361742603141396,"[4.974426712470007,5.126137389624266,4.901362932451136]",190.63045926392078,1987.5898288711905,2179.501130260527,nan,nan,nan,nan,False,,nan,,,nan,nan,nan,,,,,,,,0.0006844405721843475,1.0486113782236494e-05,1.2737654339715065,0.0006844597029286169,1.0486169004101572e-05,1.2737654339715099,True,rollback,existing_selector_rollback
fig2,PEB,31,3399679668,-5.0,snr_db,-5.0,3,3,3,3,full_6d,3399679668,,,nan,,False,,5.047315306961536,nan,nan,nan,nan,nan,nan,False,,,peb_only,False,84e0d220a2e7d67e,,,,,,,adaptive_jones,True,fixed_anchor_then_adaptive_jones_score_selection,,nan,nan,nan,nan,True,,,nan,nan,,,,,[],nan,,,nan,nan,nan,nan,,nan,nan,nan,0.0007795071799394346,nan,nan,0.0007795071799394346,False,579f4d92d8c766cab7fa417a5175cd99bb36ab4a51df0f587cc9ea2e392b9def,1.271192176630547,computed_unscaled,cpu,nan,nan,nan,,,,,,,,nan,nan,nan,nan,nan,nan,False,,
fig2,adaptive_jones_vp_proposed,95,1902842209,-5.0,snr_db,-5.0,3,3,3,3,full_6d,1902842209,,,nan,,False,,174.21586188673973,0.0007472913012410736,0.0007472913012410736,2.233752158945648e-05,0.0004223559081873392,2.435095389534758e-12,0.8949131259243897,False,direct_vp,global_exact_spherical_vp,main_single_proposed,True,acc1b99902afd6ad,adaptive_jones,cpu,False,,numpy,numpy.linalg.solve,fixed_pol_anchor,True,fixed_anchor_then_adaptive_jones_score_selection,fixed_pol_anchor,3.917043145827397,162.4155269561976,61.530812702880915,0.0,True,3,4,3096725.458075429,3113751.7888739733,"[162.4155269561976,18.25986800661775,3.917043145827397]","[0.006157046795823147,0.0547649084658947,0.2552946094202016]","[6.980658655307139e-08,4.741628053069296e-08,3.274000834824023e-07]",direct_vp,"[""poor_clock_consistency""]",3094777.0385503396,3096560,True,2238895.8010066524,97.6090656482053,3.918180139662592,0.1626524148973998,"[4.895849851004008,5.293727714237792,5.076871171586222]",149.77454133331776,168.31470478326082,319.2509986385703,nan,nan,nan,nan,False,,nan,,,nan,nan,nan,,,,,,,,0.0007472913012410736,2.233752158945648e-05,0.8949131259243897,nan,nan,nan,False,not_run,not_requested
fig2,PEB,95,1902842209,-5.0,snr_db,-5.0,3,3,3,3,full_6d,1902842209,,,nan,,False,,4.78541873395443,nan,nan,nan,nan,nan,nan,False,,,peb_only,False,737f7c44a2aaba57,,,,,,,adaptive_jones,True,fixed_anchor_then_adaptive_jones_score_selection,,nan,nan,nan,nan,True,,,nan,nan,,,,,[],nan,,,nan,nan,nan,nan,,nan,nan,nan,0.0005850966155465147,nan,nan,0.0005850966155465147,False,76a18cb09eabd2843f7f18de70d1414c840c1b810997a8411f8aedb26f349b2f,0.8954333295430281,computed_unscaled,cpu,nan,nan,nan,,,,,,,,nan,nan,nan,nan,nan,nan,False,,
fig2,adaptive_jones_vp_proposed,94,3608384463,-5.0,snr_db,-5.0,3,3,3,3,full_6d,3608384463,,,nan,,False,,312.76422549039125,0.00026171900232745024,0.00026171900232745024,2.3974535137231628e-05,5.075885238941243e-05,1.4119578380821216e-12,1.4797166001634081,False,direct_vp,global_exact_spherical_vp,main_single_proposed,True,7e01856167afe4ee,adaptive_jones,cpu,False,,numpy,numpy.linalg.solve,fixed_pol_anchor,True,fixed_anchor_then_adaptive_jones_score_selection,fixed_pol_anchor,4.266960016647348,47.94398295541684,22.838837670531007,0.0,True,3,4,3096725.458075429,3106040.1901076,"[16.30557003952883,4.266960016647348,47.94398295541684]","[0.06132873598159655,0.23435888691112153,0.020857674692608602]","[1.4067917536287016e-06,3.0626289603300416e-08,2.141731840707047e-08]",direct_vp,[],3098716.7708138893,3096560,True,1818868.771877135,101.7238233244263,7.466633439806018,0.0663818688202452,"[5.199101704373625,5.077618446522839,5.231959486946258]",176.6265543848276,306.15233616530895,484.03361190110445,nan,nan,nan,nan,False,,nan,,,nan,nan,nan,,,,,,,,0.00026171900232745024,2.3974535137231628e-05,1.4797166001634081,nan,nan,nan,False,not_run,not_requested
fig2,PEB,94,3608384463,-5.0,snr_db,-5.0,3,3,3,3,full_6d,3608384463,,,nan,,False,,5.4150546714663506,nan,nan,nan,nan,nan,nan,False,,,peb_only,False,1acdca6ff964109a,,,,,,,adaptive_jones,True,fixed_anchor_then_adaptive_jones_score_selection,,nan,nan,nan,nan,True,,,nan,nan,,,,,[],nan,,,nan,nan,nan,nan,,nan,nan,nan,0.0007578818471415555,nan,nan,0.0007578818471415555,False,ef18bf3cff118d7dc1efd356b9a296459495c6f9c6bb71ac5354d9f7a0cabc56,1.4786943272857145,computed_unscaled,cpu,nan,nan,nan,,,,,,,,nan,nan,nan,nan,nan,nan,False,,
fig2,adaptive_jones_vp_proposed,3,3422926171,0.0,snr_db,0.0,3,3,3,3,full_6d,3422926171,,,nan,,False,,107.77349679917097,0.0005148656431152095,0.0005148656431152095,1.142206953841401e-05,0.00023846707484212804,1.2655605856422013e-12,0.2781447304634289,False,direct_vp,global_exact_spherical_vp,main_single_proposed,True,4215b60b00106521,adaptive_jones,cpu,False,,numpy,numpy.linalg.solve,fixed_pol_anchor,True,fixed_anchor_then_adaptive_jones_score_selection,fixed_pol_anchor,2.1067884720390775,8.767214916958611,4.434564750030327,0.0,True,3,4,3096725.458075429,3096750.763172144,"[8.767214916958611,2.429690861093292,2.1067884720390775]","[0.11406130789116523,0.41157499335022346,0.47465610015894605]","[9.978200338975693e-08,4.0449932370810834e-08,1.3432029709945508e-07]",direct_vp,[],3097490.078202075,3096560,True,8562001.45961222,79.26211256626557,17.189705311949506,0.06614866374433319,"[4.934488229797593,4.9318023123305785,5.073448496628377]",155.7483372837305,101.33147118985653,258.4475003927946,nan,nan,nan,nan,False,,nan,,,nan,nan,nan,,,,,,,,0.0005148656431152095,1.142206953841401e-05,0.2781447304634289,nan,nan,nan,False,not_run,not_requested
fig2,PEB,3,3422926171,0.0,snr_db,0.0,3,3,3,3,full_6d,3422926171,,,nan,,False,,5.100278228521347,nan,nan,nan,nan,nan,nan,False,,,peb_only,False,bc5e967b7d248463,,,,,,,adaptive_jones,True,fixed_anchor_then_adaptive_jones_score_selection,,nan,nan,nan,nan,True,,,nan,nan,,,,,[],nan,,,nan,nan,nan,nan,,nan,nan,nan,0.00034567784068279125,nan,nan,0.00034567784068279125,False,36031d2b9c9618797e3e0dd10eb5c7dda8abc129f14c8c8dd5b717980768d13b,0.2780626491560737,computed_unscaled,cpu,nan,nan,nan,,,,,,,,nan,nan,nan,nan,nan,nan,False,,
fig2,adaptive_jones_vp_proposed,44,2937526438,-5.0,snr_db,-5.0,3,3,3,3,full_6d,2937526438,,,nan,,False,,1940.8533298447728,0.0002720188196080203,0.0002720188196080203,2.4144621800206215e-05,3.916827681651775e-05,4.216390091080847e-13,1.0017501702740093,False,direct_vp,global_exact_spherical_vp,main_single_proposed,True,53a85e5c0e41b799,adaptive_jones,cpu,False,,numpy,numpy.linalg.solve,fixed_pol_anchor,True,fixed_anchor_then_adaptive_jones_score_selection,fixed_pol_anchor,6.073949568453655,31.160263256802413,15.201784374244042,0.0,True,3,4,3096725.458075429,3107479.6927464693,"[31.160263256802413,6.073949568453655,8.371140297476058]","[0.03209215505425923,0.16463752106004273,0.1194580385055945]","[5.093850712555305e-08,4.813892630914478e-08,8.647315719026829e-08]",direct_vp,[],3098562.569873275,3096560,True,2684392.799100965,72.71624475331683,8.637463761856386,0.05956945728219902,"[5.135424257782419,5.009345845291589,5.1359972870886255]",171.45595581829548,1934.2716954350471,2107.1023902371526,nan,nan,nan,nan,False,,nan,,,nan,nan,nan,,,,,,,,0.0002720188196080203,2.4144621800206215e-05,1.0017501702740093,nan,nan,nan,False,not_run,not_requested
fig2,PEB,44,2937526438,-5.0,snr_db,-5.0,3,3,3,3,full_6d,2937526438,,,nan,,False,,5.445320285856724,nan,nan,nan,nan,nan,nan,False,,,peb_only,False,d4edafb897e11476,,,,,,,adaptive_jones,True,fixed_anchor_then_adaptive_jones_score_selection,,nan,nan,nan,nan,True,,,nan,nan,,,,,[],nan,,,nan,nan,nan,nan,,nan,nan,nan,0.0006170968120405389,nan,nan,0.0006170968120405389,False,a69e9e58b307bf283137f27fcdcb11ba27c21f96108559d9bf8b0d1b3c2cba08,1.0011079219204781,computed_unscaled,cpu,nan,nan,nan,,,,,,,,nan,nan,nan,nan,nan,nan,False,,
fig2,adaptive_jones_vp_proposed,0,3147786918,0.0,snr_db,0.0,3,3,3,3,full_6d,3147786918,,,nan,,False,,215.71168299764395,0.00037238283077235243,0.00037238283077235243,2.594488736908091e-06,5.721666702975891e-05,3.1433878518603904e-13,0.396311289918062,False,direct_vp,global_exact_spherical_vp,main_single_proposed,True,0c9997c695f8e40f,adaptive_jones,cpu,False,,numpy,numpy.linalg.solve,fixed_pol_anchor,True,fixed_anchor_then_adaptive_jones_score_selection,fixed_pol_anchor,1.8719907503192201,7.275069259860519,4.056760660582008,0.0,True,3,4,3096725.458075429,3103792.62529769,"[7.275069259860519,1.8719907503192201,3.0232219715662856]","[0.1374557360587791,0.5341906736599011,0.3307729334471898]","[5.994142445740966e-08,7.640915699282596e-08,4.4019111683562103e-07]",direct_vp,[],3095469.8166101854,3096560,True,8234769.096700589,69.74847898456615,17.59019340004031,0.024734320707129047,"[5.003075717761551,4.942553519053571,4.970398548984333]",191.14657122641802,209.13667675107718,401.7499465420842,nan,nan,nan,nan,False,,nan,,,nan,nan,nan,,,,,,,,0.00037238283077235243,2.594488736908091e-06,0.396311289918062,nan,nan,nan,False,not_run,not_requested
fig2,PEB,0,3147786918,0.0,snr_db,0.0,3,3,3,3,full_6d,3147786918,,,nan,,False,,5.4761504754424095,nan,nan,nan,nan,nan,nan,False,,,peb_only,False,c56ef0b09ecaeefb,,,,,,,adaptive_jones,True,fixed_anchor_then_adaptive_jones_score_selection,,nan,nan,nan,nan,True,,,nan,nan,,,,,[],nan,,,nan,nan,nan,nan,,nan,nan,nan,0.0003571212682911197,nan,nan,0.0003571212682911197,False,7c738a48c71d396c30709f16037cef480e872ff8eba0c095999cea8980974cb0,0.3964529139661309,computed_unscaled,cpu,nan,nan,nan,,,,,,,,nan,nan,nan,nan,nan,nan,False,,
fig2,adaptive_jones_vp_proposed,4,287230138,0.0,snr_db,0.0,3,3,3,3,full_6d,287230138,,,nan,,False,,155.12019002437592,0.0003373277646360249,0.0003373277646360249,4.56637008941625e-06,0.00026153218997022475,2.8437247705010797e-13,0.49430920243726095,False,direct_vp,global_exact_spherical_vp,main_single_proposed,True,f2cdab8a591fabe0,adaptive_jones,cpu,False,,numpy,numpy.linalg.solve,fixed_pol_anchor,True,fixed_anchor_then_adaptive_jones_score_selection,fixed_pol_anchor,2.0047936431045246,14.2233998083104,6.17873002489792,0.0,True,3,4,3096725.458075429,3096855.9000727613,"[14.2233998083104,2.307996623278834,2.0047936431045246]","[0.07030667867477787,0.43327619716230403,0.4988044547315326]","[2.997799832833484e-08,3.304339080782922e-08,1.1705161650441848e-06]",direct_vp,[],3096268.857646255,3096560,True,9219335.576152455,76.14797597972985,15.145729830406466,0.05591842559039449,"[4.896579776779941,4.98150996087762,5.032109708129877]",165.30352899432182,148.7143523171544,315.2878485172987,nan,nan,nan,nan,False,,nan,,,nan,nan,nan,,,,,,,,0.0003373277646360249,4.56637008941625e-06,0.49430920243726095,nan,nan,nan,False,not_run,not_requested
fig2,PEB,4,287230138,0.0,snr_db,0.0,3,3,3,3,full_6d,287230138,,,nan,,False,,5.262330666184425,nan,nan,nan,nan,nan,nan,False,,,peb_only,False,67bf76dab74cb721,,,,,,,adaptive_jones,True,fixed_anchor_then_adaptive_jones_score_selection,,nan,nan,nan,nan,True,,,nan,nan,,,,,[],nan,,,nan,nan,nan,nan,,nan,nan,nan,0.00031735169972478365,nan,nan,0.00031735169972478365,False,72d5586e1e2071d827e37c0d5029359210d7878b9ab9d369f2c38d0e300801aa,0.4943582367100889,computed_unscaled,cpu,nan,nan,nan,,,,,,,,nan,nan,nan,nan,nan,nan,False,,
fig2,adaptive_jones_vp_proposed,54,1185050677,-5.0,snr_db,-5.0,3,3,3,3,full_6d,1185050677,,,nan,,False,,1723.549686692655,0.0006721036677055426,0.0006721036677055426,1.43094572433324e-05,0.0005227567723135877,2.9295684438819785e-13,0.8717894979017601,False,direct_vp,global_exact_spherical_vp,main_single_proposed,True,603d6e91bb029850,adaptive_jones,cpu,False,,numpy,numpy.linalg.solve,fixed_pol_anchor,True,fixed_anchor_then_adaptive_jones_score_selection,fixed_pol_anchor,4.003171414196736,56.499958807425685,27.031505482585846,0.0,True,3,4,3096725.458075429,3114949.472990341,"[56.499958807425685,20.591386226135114,4.003171414196736]","[0.01769912794718838,0.048563996080564165,0.2498019436413901]","[5.652284682197026e-09,2.6485138045887646e-09,4.375636385714677e-07]",direct_vp,[],3094593.759791617,3096560,True,2431700.189306855,87.25768590429676,5.810426957722558,0.09727231047895883,"[4.87955738983574,4.645400952179165,4.800645029632727]",140.15087451785803,1716.825639128685,1858.3086796328425,nan,nan,nan,nan,False,,nan,,,nan,nan,nan,,,,,,,,0.0006721036677055426,1.43094572433324e-05,0.8717894979017601,nan,nan,nan,False,not_run,not_requested
fig2,PEB,54,1185050677,-5.0,snr_db,-5.0,3,3,3,3,full_6d,1185050677,,,nan,,False,,5.630543410778046,nan,nan,nan,nan,nan,nan,False,,,peb_only,False,388a4c6b0d3f78f4,,,,,,,adaptive_jones,True,fixed_anchor_then_adaptive_jones_score_selection,,nan,nan,nan,nan,True,,,nan,nan,,,,,[],nan,,,nan,nan,nan,nan,,nan,nan,nan,0.0005998328365907712,nan,nan,0.0005998328365907712,False,115a7d3f95ba8b9ea29c0754c333293a0d2bf13a03dc583bd9fdf4cc7c014143,0.8723479221506681,computed_unscaled,cpu,nan,nan,nan,,,,,,,,nan,nan,nan,nan,nan,nan,False,,
fig2,adaptive_jones_vp_proposed,2,3251202663,0.0,snr_db,0.0,3,3,3,3,full_6d,3251202663,,,nan,,False,,225.61005211621523,0.0001488746844973588,0.0001488746844973588,8.108065852249397e-06,0.00011461791123951325,2.0410846788018584e-13,0.22850568477780991,False,direct_vp,global_exact_spherical_vp,main_single_proposed,True,fb5295e6aa862486,adaptive_jones,cpu,False,,numpy,numpy.linalg.solve,fixed_pol_anchor,True,fixed_anchor_then_adaptive_jones_score_selection,fixed_pol_anchor,2.166693228486949,6.111837779614468,3.6463004947830355,0.0,True,3,4,3096725.458075429,3096780.2961732796,"[6.111837779614468,2.166693228486949,2.6603704762476896]","[0.16361690804839518,0.4615328034675938,0.37588749722098336]","[1.4591886425010126e-08,1.3241396354075548e-07,1.227068150855572e-06]",direct_vp,[],3093867.62053029,3096560,True,8435433.021326331,73.8709116663858,21.907433783535666,0.05420030970511048,"[4.903081006047038,5.010808035450615,5.024143452485092]",184.43536243587732,218.97081142663956,404.8090875148773,nan,nan,nan,nan,False,,nan,,,nan,nan,nan,,,,,,,,0.0001488746844973588,8.108065852249397e-06,0.22850568477780991,nan,nan,nan,False,not_run,not_requested
fig2,PEB,2,3251202663,0.0,snr_db,0.0,3,3,3,3,full_6d,3251202663,,,nan,,False,,5.449653208255768,nan,nan,nan,nan,nan,nan,False,,,peb_only,False,2e1a30c8a557fa67,,,,,,,adaptive_jones,True,fixed_anchor_then_adaptive_jones_score_selection,,nan,nan,nan,nan,True,,,nan,nan,,,,,[],nan,,,nan,nan,nan,nan,,nan,nan,nan,0.0003492430591697508,nan,nan,0.0003492430591697508,False,ba669d51e548d5d57a5c08da45514e8eda76ee1a2847f0b8bc91639b42fa1215,0.2287057192270079,computed_unscaled,cpu,nan,nan,nan,,,,,,,,nan,nan,nan,nan,nan,nan,False,,
fig2,adaptive_jones_vp_proposed,10,781873798,0.0,snr_db,0.0,3,3,3,3,full_6d,781873798,,,nan,,False,,162.98705391585827,0.0002284678185079782,0.0002284678185079782,4.1939047027005675e-06,0.00020338243435280424,2.0883323862272235e-13,0.22036030857084768,False,direct_vp,global_exact_spherical_vp,main_single_proposed,True,f927570ab23eeaa8,adaptive_jones,cpu,False,,numpy,numpy.linalg.solve,fixed_pol_anchor,True,fixed_anchor_then_adaptive_jones_score_selection,fixed_pol_anchor,1.3958908857202381,35.921794922856115,13.743050346505337,0.0,True,3,4,3096725.458075429,3110408.643999325,"[3.911465230939664,35.921794922856115,1.3958908857202381]","[0.255658670333075,0.0278382525737266,0.7163883726360416]","[8.774654697233217e-08,7.956496592616958e-09,3.633779211002593e-07]",direct_vp,[],3094269.1667034556,3096560,True,8155993.126213363,81.21478422266424,13.947152553409365,0.07707412688612159,"[5.000750788038233,5.173242242828544,5.020536616419754]",156.86496374756098,156.38921346515417,314.42027193307877,nan,nan,nan,nan,False,,nan,,,nan,nan,nan,,,,,,,,0.0002284678185079782,4.1939047027005675e-06,0.22036030857084768,nan,nan,nan,False,not_run,not_requested
fig2,PEB,10,781873798,0.0,snr_db,0.0,3,3,3,3,full_6d,781873798,,,nan,,False,,5.2959243804216385,nan,nan,nan,nan,nan,nan,False,,,peb_only,False,e91229784fa0b5ba,,,,,,,adaptive_jones,True,fixed_anchor_then_adaptive_jones_score_selection,,nan,nan,nan,nan,True,,,nan,nan,,,,,[],nan,,,nan,nan,nan,nan,,nan,nan,nan,0.000347695689057382,nan,nan,0.000347695689057382,False,f2ef97a231c1a4af27e9b56c32078a57d13f76cf0fcef71f5aea3cacfcafd031,0.22052459114280942,computed_unscaled,cpu,nan,nan,nan,,,,,,,,nan,nan,nan,nan,nan,nan,False,,
fig2,adaptive_jones_vp_proposed,6,1919806993,0.0,snr_db,0.0,3,3,3,3,full_6d,1919806993,,,nan,,False,,246.15419622510672,0.00011047446184539349,0.00011047446184539349,2.297108177488556e-06,3.0384614286316966e-05,3.200552703738716e-13,0.41980149569878233,False,direct_vp,global_exact_spherical_vp,main_single_proposed,True,1ce9d847fc5bc7ed,adaptive_jones,cpu,False,,numpy,numpy.linalg.solve,fixed_pol_anchor,True,fixed_anchor_then_adaptive_jones_score_selection,fixed_pol_anchor,1.8006596910074877,23.529740786546196,9.270242767141722,0.0,True,3,4,3096725.458075429,3099452.3066356084,"[2.480327823871481,23.529740786546196,1.8006596910074877]","[0.4031725122676102,0.04249940571161111,0.5553520218130107]","[1.1221546164281332e-06,2.2059670113605575e-08,2.2000799205619622e-08]",direct_vp,[],3095354.469854637,3096560,True,8244134.148685537,72.22051560060324,21.744672847761,0.07164573573664842,"[5.0948547625869125,5.092175081546221,4.941549083787875]",172.857484459877,239.5442320778966,413.73827788978815,nan,nan,nan,nan,False,,nan,,,nan,nan,nan,,,,,,,,0.00011047446184539349,2.297108177488556e-06,0.41980149569878233,nan,nan,nan,False,not_run,not_requested
fig2,PEB,6,1919806993,0.0,snr_db,0.0,3,3,3,3,full_6d,1919806993,,,nan,,False,,5.214538924396038,nan,nan,nan,nan,nan,nan,False,,,peb_only,False,652a9c95d85f9925,,,,,,,adaptive_jones,True,fixed_anchor_then_adaptive_jones_score_selection,,nan,nan,nan,nan,True,,,nan,nan,,,,,[],nan,,,nan,nan,nan,nan,,nan,nan,nan,0.000352907053243195,nan,nan,0.000352907053243195,False,231b7c2941d5d9c02809f94febabb8d0e1f1d4a2d4bfefa1b397f685379809da,0.4199671633749915,computed_unscaled,cpu,nan,nan,nan,,,,,,,,nan,nan,nan,nan,nan,nan,False,,
fig2,adaptive_jones_vp_proposed,7,1914929603,0.0,snr_db,0.0,3,3,3,3,full_6d,1914929603,,,nan,,False,,218.34528097510338,0.00041733626348013943,0.00041733626348013943,5.366931602453487e-06,0.00023259930935852992,2.0268466265009902e-13,0.7354901884361658,False,direct_vp,global_exact_spherical_vp,main_single_proposed,True,e1b91e40603f2f36,adaptive_jones,cpu,False,,numpy,numpy.linalg.solve,fixed_pol_anchor,True,fixed_anchor_then_adaptive_jones_score_selection,fixed_pol_anchor,1.3686017538050057,14.776859041353035,7.0199841930967315,0.0,True,3,4,3096725.458075429,3097130.825798138,"[14.776859041353035,4.914491784132153,1.3686017538050057]","[0.06767338019444616,0.2034798396090258,0.7306727448057241]","[6.932432441374885e-08,4.124185748323256e-08,1.173404581256222e-06]",direct_vp,"[""poor_clock_consistency""]",3093953.001681128,3096560,True,8096514.915886273,85.25650452442514,11.90521676816393,0.21403388592278302,"[4.5551554792064115,4.999193968770603,5.018565764198359]",180.9317461401224,211.85180334746838,394.0587244555354,nan,nan,nan,nan,False,,nan,,,nan,nan,nan,,,,,,,,0.00041733626348013943,5.366931602453487e-06,0.7354901884361658,nan,nan,nan,False,not_run,not_requested
fig2,PEB,7,1914929603,0.0,snr_db,0.0,3,3,3,3,full_6d,1914929603,,,nan,,False,,5.119962826371193,nan,nan,nan,nan,nan,nan,False,,,peb_only,False,113d66ed9ab18a67,,,,,,,adaptive_jones,True,fixed_anchor_then_adaptive_jones_score_selection,,nan,nan,nan,nan,True,,,nan,nan,,,,,[],nan,,,nan,nan,nan,nan,,nan,nan,nan,0.00033906627598154004,nan,nan,0.00033906627598154004,False,84f1975fc112e22552cd5389ecb9ea5e68088b810ed0a30ff85dfd5971674377,0.7361137239348519,computed_unscaled,cpu,nan,nan,nan,,,,,,,,nan,nan,nan,nan,nan,nan,False,,
fig2,adaptive_jones_vp_proposed,1,112311654,0.0,snr_db,0.0,3,3,3,3,full_6d,112311654,,,nan,,False,,413.99800711870193,0.00012757919449609786,0.00012757919449609786,8.866666761809928e-06,0.00010042020111439238,5.861172408999083e-13,0.3038171112657052,False,direct_vp,global_exact_spherical_vp,main_single_proposed,True,86490c7b6d48d8c9,adaptive_jones,cpu,False,,numpy,numpy.linalg.solve,fixed_pol_anchor,True,fixed_anchor_then_adaptive_jones_score_selection,fixed_pol_anchor,1.2076017225964397,40.01626333224579,16.02861546841937,0.0,True,3,4,3096725.458075429,3101888.9143859353,"[6.861981350415876,1.2076017225964397,40.01626333224579]","[0.14573050390650394,0.8280875898791473,0.02498983954741638]","[6.4160211460475245e-09,1.5179329442441319e-07,2.6840407017128036e-09]",direct_vp,"[""poor_clock_consistency""]",3096430.0698097544,3096560,True,5104870.006213317,98.49344373326065,7.504514512509921,0.1644317298323617,"[4.99084495620732,4.995232610862791,4.64424710737943]",171.3296056613326,407.2801701873541,580.1548408046365,nan,nan,nan,nan,False,,nan,,,nan,nan,nan,,,,,,,,0.00012757919449609786,8.866666761809928e-06,0.3038171112657052,nan,nan,nan,False,not_run,not_requested
fig2,PEB,1,112311654,0.0,snr_db,0.0,3,3,3,3,full_6d,112311654,,,nan,,False,,5.381379000842571,nan,nan,nan,nan,nan,nan,False,,,peb_only,False,84fedc971b3f8c03,,,,,,,adaptive_jones,True,fixed_anchor_then_adaptive_jones_score_selection,,nan,nan,nan,nan,True,,,nan,nan,,,,,[],nan,,,nan,nan,nan,nan,,nan,nan,nan,0.00045428474016656395,nan,nan,0.00045428474016656395,False,e3b48bd20620d3b9b8ef02e72c1473ee968de0b883c8a7b45706956b70dd2349,0.3038314297188423,computed_unscaled,cpu,nan,nan,nan,,,,,,,,nan,nan,nan,nan,nan,nan,False,,
fig2,adaptive_jones_vp_proposed,13,634888206,0.0,snr_db,0.0,3,3,3,3,full_6d,634888206,,,nan,,False,,186.63614014536142,0.0005031875473234649,0.0005031875473234649,4.155412847325214e-06,0.00013175050784374053,6.964427832222766e-13,0.20446468052867664,False,direct_vp,global_exact_spherical_vp,main_single_proposed,True,094f4a52486675d1,adaptive_jones,cpu,False,,numpy,numpy.linalg.solve,fixed_pol_anchor,True,fixed_anchor_then_adaptive_jones_score_selection,fixed_pol_anchor,1.7009084407350148,25.76308201325162,10.054522888010966,0.0,True,3,4,3096725.458075429,3216826.7002596585,"[1.7009084407350148,25.76308201325162,2.6995782100462664]","[0.5879211226479472,0.03881523179019778,0.37042823811359854]","[1.1238197108357152e-06,9.101889578064053e-09,1.0372431625655178e-06]",direct_vp,[],3095179.597925663,3096560,True,7540964.992404731,80.6307213250964,13.239513603953087,0.08133359874428693,"[5.005644451029319,5.202353482505853,5.13133688883215]",183.3958838954568,180.07100731134415,364.8280203640461,nan,nan,nan,nan,False,,nan,,,nan,nan,nan,,,,,,,,0.0005031875473234649,4.155412847325214e-06,0.20446468052867664,nan,nan,nan,False,not_run,not_requested
fig2,PEB,13,634888206,0.0,snr_db,0.0,3,3,3,3,full_6d,634888206,,,nan,,False,,5.369333781301975,nan,nan,nan,nan,nan,nan,False,,,peb_only,False,18c8706d1d216f6a,,,,,,,adaptive_jones,True,fixed_anchor_then_adaptive_jones_score_selection,,nan,nan,nan,nan,True,,,nan,nan,,,,,[],nan,,,nan,nan,nan,nan,,nan,nan,nan,0.00037280880254556817,nan,nan,0.00037280880254556817,False,11da97468c8b90c59dcc518746f48f2217739b6c2c3deec78f2d1177de9045c5,0.20455692554871044,computed_unscaled,cpu,nan,nan,nan,,,,,,,,nan,nan,nan,nan,nan,nan,False,,
fig2,adaptive_jones_vp_proposed,8,641399591,0.0,snr_db,0.0,3,3,3,3,full_6d,641399591,,,nan,,False,,421.8898867741227,0.00022618817862028395,0.00022618817862028395,3.738162452393023e-06,4.394175797282445e-05,1.863038856678093e-13,0.22558786920274237,False,direct_vp,global_exact_spherical_vp,main_single_proposed,True,b1fdd3da150f98cf,adaptive_jones,cpu,False,,numpy,numpy.linalg.solve,fixed_pol_anchor,True,fixed_anchor_then_adaptive_jones_score_selection,fixed_pol_anchor,2.1824295598889893,10.407740274639393,4.94667461060957,0.0,True,3,4,3096725.458075429,3096757.803101298,"[10.407740274639393,2.249853997300328,2.1824295598889893]","[0.09608233618457011,0.44447328635444006,0.45820493745909635]","[4.138865455002817e-08,1.1436321617309588e-09,4.962007001735078e-07]",direct_vp,"[""poor_clock_consistency""]",3097884.6474612686,3096560,True,8541703.762559334,78.32999293208717,12.377336339210942,0.10888534204262577,"[4.805398458531588,5.024903832172621,5.046357558723789]",155.72398218512535,415.4477869272232,572.3946969285607,nan,nan,nan,nan,False,,nan,,,nan,nan,nan,,,,,,,,0.00022618817862028395,3.738162452393023e-06,0.22558786920274237,nan,nan,nan,False,not_run,not_requested
fig2,PEB,8,641399591,0.0,snr_db,0.0,3,3,3,3,full_6d,641399591,,,nan,,False,,5.11310438811779,nan,nan,nan,nan,nan,nan,False,,,peb_only,False,754f7d38ec3e7f0b,,,,,,,adaptive_jones,True,fixed_anchor_then_adaptive_jones_score_selection,,nan,nan,nan,nan,True,,,nan,nan,,,,,[],nan,,,nan,nan,nan,nan,,nan,nan,nan,0.0003474113251691455,nan,nan,0.0003474113251691455,False,e032c9cb8462fea3417aadc651e10a3437190e0cacf3ab5bdc4b175ff7382e20,0.2254925735329804,computed_unscaled,cpu,nan,nan,nan,,,,,,,,nan,nan,nan,nan,nan,nan,False,,
fig2,adaptive_jones_vp_proposed,17,2127997378,0.0,snr_db,0.0,3,3,3,3,full_6d,2127997378,,,nan,,False,,162.97434612363577,0.000303526303641342,0.000303526303641342,5.525606305449925e-06,2.7611335563666413e-05,2.3718682769078547e-13,0.40048656595004734,False,direct_vp,global_exact_spherical_vp,main_single_proposed,True,b8c3d14906a6b15f,adaptive_jones,cpu,False,,numpy,numpy.linalg.solve,fixed_pol_anchor,True,fixed_anchor_then_adaptive_jones_score_selection,fixed_pol_anchor,1.660849461041284,5.862440186542688,3.979302102603817,0.0,True,3,4,3096725.458075429,3112042.4376344886,"[4.414616660227479,1.660849461041284,5.862440186542688]","[0.22652023424929876,0.6021015290400735,0.17057743331687225]","[6.983215691921845e-07,4.4792486060033445e-08,5.318509585432083e-07]",direct_vp,"[""poor_clock_consistency""]",3099947.8420358608,3096560,True,6510789.737451506,83.20003983879002,17.726488516141153,0.1275670955989717,"[4.959114512245969,4.940888267823303,5.220151330750327]",164.16195491701365,156.50558469444513,322.0395266190171,nan,nan,nan,nan,False,,nan,,,nan,nan,nan,,,,,,,,0.000303526303641342,5.525606305449925e-06,0.40048656595004734,nan,nan,nan,False,not_run,not_requested
fig2,PEB,17,2127997378,0.0,snr_db,0.0,3,3,3,3,full_6d,2127997378,,,nan,,False,,5.268390163779259,nan,nan,nan,nan,nan,nan,False,,,peb_only,False,82ce2bc3b2c19cc4,,,,,,,adaptive_jones,True,fixed_anchor_then_adaptive_jones_score_selection,,nan,nan,nan,nan,True,,,nan,nan,,,,,[],nan,,,nan,nan,nan,nan,,nan,nan,nan,0.0004000960764907918,nan,nan,0.0004000960764907918,False,1e7e5fb979d639b775e57b8f9a2b5887da0781d1b293b718b0219c60afc7e70e,0.4000509529956755,computed_unscaled,cpu,nan,nan,nan,,,,,,,,nan,nan,nan,nan,nan,nan,False,,
fig2,adaptive_jones_vp_proposed,15,2734808712,0.0,snr_db,0.0,3,3,3,3,full_6d,2734808712,,,nan,,False,,207.9479405581951,0.0004087665562458936,0.0004087665562458936,4.741528081337901e-06,0.00017424467880350046,1.6133647213807831e-12,0.11545139049077129,False,direct_vp,global_exact_spherical_vp,main_single_proposed,True,04666d124e385a4e,adaptive_jones,cpu,False,,numpy,numpy.linalg.solve,fixed_pol_anchor,True,fixed_anchor_then_adaptive_jones_score_selection,fixed_pol_anchor,2.0232455791142505,11.072197599892663,5.1809353275056225,0.0,True,3,4,3096725.458075429,3100217.3520743544,"[11.072197599892663,2.0232455791142505,2.447362803509954]","[0.09031630721606902,0.49425537380181167,0.4086030884196551]","[3.412395340518169e-08,4.553073900238862e-09,6.159885074039185e-07]",direct_vp,"[""poor_clock_consistency""]",3099367.5098712733,3096560,True,8672365.126329757,70.04754974140188,12.912043558143198,0.1194257578995107,"[4.798262477421024,5.0573839196079575,5.045395989047202]",189.38822726905346,201.25692833214998,391.9578973725438,nan,nan,nan,nan,False,,nan,,,nan,nan,nan,,,,,,,,0.0004087665562458936,4.741528081337901e-06,0.11545139049077129,nan,nan,nan,False,not_run,not_requested
fig2,PEB,15,2734808712,0.0,snr_db,0.0,3,3,3,3,full_6d,2734808712,,,nan,,False,,5.537084244191647,nan,nan,nan,nan,nan,nan,False,,,peb_only,False,691592abe5aa2b97,,,,,,,adaptive_jones,True,fixed_anchor_then_adaptive_jones_score_selection,,nan,nan,nan,nan,True,,,nan,nan,,,,,[],nan,,,nan,nan,nan,nan,,nan,nan,nan,0.0003461631391619722,nan,nan,0.0003461631391619722,False,3745774ba39f0b3a489ec82705d3e30e7ac3ac0889ba9ff94e26de5537c07034,0.11534740679242614,computed_unscaled,cpu,nan,nan,nan,,,,,,,,nan,nan,nan,nan,nan,nan,False,,
fig2,adaptive_jones_vp_proposed,37,1911328645,-5.0,snr_db,-5.0,3,3,3,3,full_6d,1911328645,,,nan,,False,,2770.0983265042305,0.0007851989400171983,0.0007851989400171983,1.3438882454295281e-05,0.00016769099461003356,8.262751149853374e-13,0.7223941867994215,False,direct_vp,global_exact_spherical_vp,main_single_proposed,True,013511b76838f851,adaptive_jones,cpu,False,,numpy,numpy.linalg.solve,fixed_pol_anchor,True,fixed_anchor_then_adaptive_jones_score_selection,fixed_pol_anchor,4.694506162898641,22.603149083058675,14.650407603360359,0.0,True,3,4,3096725.458075429,3123468.6017999677,"[16.653567564123765,4.694506162898641,22.603149083058675]","[0.06004719385998792,0.21301495094381806,0.04424162298371551]","[1.8274624076281824e-07,1.1204955065478342e-07,3.6739475679909884e-08]",direct_vp,"[""poor_clock_consistency""]",3094165.553250444,3096560,True,1784488.6896746983,84.81749663958699,7.443200814299848,0.25610620176404403,"[5.150238043706327,5.04270545948143,4.5612294726991145]",190.20395386964083,2763.4499987885356,2954.9892508909106,nan,nan,nan,nan,False,,nan,,,nan,nan,nan,,,,,,,,0.0007851989400171983,1.3438882454295281e-05,0.7223941867994215,nan,nan,nan,False,not_run,not_requested
fig2,PEB,37,1911328645,-5.0,snr_db,-5.0,3,3,3,3,full_6d,1911328645,,,nan,,False,,5.262507140636444,nan,nan,nan,nan,nan,nan,False,,,peb_only,False,a25ae95058822e25,,,,,,,adaptive_jones,True,fixed_anchor_then_adaptive_jones_score_selection,,nan,nan,nan,nan,True,,,nan,nan,,,,,[],nan,,,nan,nan,nan,nan,,nan,nan,nan,0.0007669004603673736,nan,nan,0.0007669004603673736,False,89cd20fcd9a64ac709c19d36df44d0df4be8c42c9af5aab07d8f4fd5c690dd17,0.7229569532996301,computed_unscaled,cpu,nan,nan,nan,,,,,,,,nan,nan,nan,nan,nan,nan,False,,
fig2,adaptive_jones_vp_proposed,19,3846521747,0.0,snr_db,0.0,3,3,3,3,full_6d,3846521747,,,nan,,False,,164.64641170948744,0.0007210443032299555,0.0007210443032299555,6.825305184523227e-06,0.00021687235785066518,2.2603882331773573e-13,0.11852845730879595,False,direct_vp,global_exact_spherical_vp,main_single_proposed,True,e7c365792d73d448,adaptive_jones,cpu,False,,numpy,numpy.linalg.solve,fixed_pol_anchor,True,fixed_anchor_then_adaptive_jones_score_selection,fixed_pol_anchor,1.8666281440527346,4.778806538663469,3.5210583792226906,0.0,True,3,4,3096725.458075429,3142267.890017695,"[3.9177404549518675,1.8666281440527346,4.778806538663469]","[0.255249170151668,0.5357253415385567,0.2092572678773684]","[3.6959460120190913e-07,6.634867703463047e-08,1.6244312117339319e-07]",direct_vp,"[""poor_clock_consistency""]",3095221.3193379347,3096560,True,6639999.425612839,80.7818962937199,13.690107996058416,0.12577153716632353,"[5.0308351472257815,4.940871105744552,5.241025639612232]",157.97496639937162,158.24871508777142,317.57844143360853,nan,nan,nan,nan,False,,nan,,,nan,nan,nan,,,,,,,,0.0007210443032299555,6.825305184523227e-06,0.11852845730879595,nan,nan,nan,False,not_run,not_requested
fig2,PEB,19,3846521747,0.0,snr_db,0.0,3,3,3,3,full_6d,3846521747,,,nan,,False,,5.1249543353915215,nan,nan,nan,nan,nan,nan,False,,,peb_only,False,629d5186f2c7efee,,,,,,,adaptive_jones,True,fixed_anchor_then_adaptive_jones_score_selection,,nan,nan,nan,nan,True,,,nan,nan,,,,,[],nan,,,nan,nan,nan,nan,,nan,nan,nan,0.0003956371814647065,nan,nan,0.0003956371814647065,False,66683f008884b5deaddb95c24fc2a892e518e793d697d2821f0c6f98570400e4,0.11858033347287425,computed_unscaled,cpu,nan,nan,nan,,,,,,,,nan,nan,nan,nan,nan,nan,False,,
fig2,adaptive_jones_vp_proposed,20,3607282624,0.0,snr_db,0.0,3,3,3,3,full_6d,3607282624,,,nan,,False,,235.9170720949769,0.0001372180211321525,0.0001372180211321525,6.804563031434289e-06,0.00012079667391058876,2.446757519597526e-13,0.5718119838399832,False,direct_vp,global_exact_spherical_vp,main_single_proposed,True,fa10dc5e0cc24684,adaptive_jones,cpu,False,,numpy,numpy.linalg.solve,fixed_pol_anchor,True,fixed_anchor_then_adaptive_jones_score_selection,fixed_pol_anchor,1.5789248139239556,7.81265254730483,4.563688077974837,0.0,True,3,4,3096725.458075429,3096892.651572292,"[4.2994868726957245,7.81265254730483,1.5789248139239556]","[0.2325858944578456,0.12799750071275887,0.6333423803209564]","[6.505975630656604e-07,3.553070249675496e-08,3.2654939251976767e-07]",direct_vp,[],3095256.7849561535,3096560,True,8586674.485079544,65.45865633475542,16.35863532816418,0.04519993701790599,"[4.9028155963553015,5.00619465970647,4.988830502382498]",177.18444654345512,229.45064691454172,407.8155901506543,nan,nan,nan,nan,False,,nan,,,nan,nan,nan,,,,,,,,0.0001372180211321525,6.804563031434289e-06,0.5718119838399832,nan,nan,nan,False,not_run,not_requested
fig2,PEB,20,3607282624,0.0,snr_db,0.0,3,3,3,3,full_6d,3607282624,,,nan,,False,,5.150748647749424,nan,nan,nan,nan,nan,nan,False,,,peb_only,False,ec00542421306cf4,,,,,,,adaptive_jones,True,fixed_anchor_then_adaptive_jones_score_selection,,nan,nan,nan,nan,True,,,nan,nan,,,,,[],nan,,,nan,nan,nan,nan,,nan,nan,nan,0.00033759600438714983,nan,nan,0.00033759600438714983,False,614c1d5045ebcd05d85977496f662de337f9fdc3d750d62d2ed64ea91c25b070,0.5720556931745366,computed_unscaled,cpu,nan,nan,nan,,,,,,,,nan,nan,nan,nan,nan,nan,False,,
fig2,adaptive_jones_vp_proposed,21,4000820147,0.0,snr_db,0.0,3,3,3,3,full_6d,4000820147,,,nan,,False,,187.06965009868145,0.00022310084396797602,0.00022310084396797602,3.073170133875104e-06,0.00012578001437517936,1.2404798773604694e-12,0.34784413228343986,False,direct_vp,global_exact_spherical_vp,main_single_proposed,True,dd94593ebe453ceb,adaptive_jones,cpu,False,,numpy,numpy.linalg.solve,fixed_pol_anchor,True,fixed_anchor_then_adaptive_jones_score_selection,fixed_pol_anchor,1.148486220306615,45.05504415957379,18.514759877913413,0.0,True,3,4,3096725.458075429,3148035.1025145683,"[1.148486220306615,45.05504415957379,9.340749253859833]","[0.8707113610225801,0.022195073129063932,0.10705779298993964]","[5.610675243229457e-07,2.866986455294845e-11,2.078339620363255e-08]",direct_vp,[],3096008.603595558,3096560,True,5114671.918983316,135.67595006238133,15.223090788754176,0.08408643459719942,"[4.988967247901601,5.194927551231871,5.0935732112988825]",185.058786123991,180.44471167773008,366.806497618556,nan,nan,nan,nan,False,,nan,,,nan,nan,nan,,,,,,,,0.00022310084396797602,3.073170133875104e-06,0.34784413228343986,nan,nan,nan,False,not_run,not_requested
fig2,PEB,21,4000820147,0.0,snr_db,0.0,3,3,3,3,full_6d,4000820147,,,nan,,False,,5.572002075612545,nan,nan,nan,nan,nan,nan,False,,,peb_only,False,68fd77c946414550,,,,,,,adaptive_jones,True,fixed_anchor_then_adaptive_jones_score_selection,,nan,nan,nan,nan,True,,,nan,nan,,,,,[],nan,,,nan,nan,nan,nan,,nan,nan,nan,0.0004667337139928578,nan,nan,0.0004667337139928578,False,f7a047bb7013efbe33f31c7f789c22a5d5f4d1899bcaccc54b42258dbd7f4038,0.3479078806560169,computed_unscaled,cpu,nan,nan,nan,,,,,,,,nan,nan,nan,nan,nan,nan,False,,
fig2,adaptive_jones_vp_proposed,23,2043173887,0.0,snr_db,0.0,3,3,3,3,full_6d,2043173887,,,nan,,False,,164.50293800979853,0.0005270220213619724,0.0005270220213619724,5.145748460783647e-06,3.9552955385817845e-05,1.464542230078553e-13,0.32753090499166104,False,direct_vp,global_exact_spherical_vp,main_single_proposed,True,ae812bbc7312e47a,adaptive_jones,cpu,False,,numpy,numpy.linalg.solve,fixed_pol_anchor,True,fixed_anchor_then_adaptive_jones_score_selection,fixed_pol_anchor,2.0810318603853983,12.390132181765686,5.584688882631894,0.0,True,3,4,3096725.458075429,3100566.586535489,"[12.390132181765686,2.0810318603853983,2.282902605744597]","[0.08070938915884127,0.4805308457952793,0.43803883594567744]","[5.191612019177545e-07,7.749162775775628e-09,2.4933216299975628e-08]",direct_vp,[],3096246.5443743346,3096560,True,8390753.295059122,64.02240319939138,14.507583349002482,0.06597658285649129,"[5.090935637361288,4.933337445168879,4.9811494464085]",167.23823829740286,157.89819591492414,326.56868278235197,nan,nan,nan,nan,False,,nan,,,nan,nan,nan,,,,,,,,0.0005270220213619724,5.145748460783647e-06,0.32753090499166104,nan,nan,nan,False,not_run,not_requested
fig2,PEB,23,2043173887,0.0,snr_db,0.0,3,3,3,3,full_6d,2043173887,,,nan,,False,,5.472570613026619,nan,nan,nan,nan,nan,nan,False,,,peb_only,False,5246b0bbe72e376f,,,,,,,adaptive_jones,True,fixed_anchor_then_adaptive_jones_score_selection,,nan,nan,nan,nan,True,,,nan,nan,,,,,[],nan,,,nan,nan,nan,nan,,nan,nan,nan,0.0003503706818334925,nan,nan,0.0003503706818334925,False,7093cfec76f40175c6c7c58aa1b5153ce86056a79427b6463226f28ede4d41bd,0.32756575586599623,computed_unscaled,cpu,nan,nan,nan,,,,,,,,nan,nan,nan,nan,nan,nan,False,,
fig2,adaptive_jones_vp_proposed,22,3206710796,0.0,snr_db,0.0,3,3,3,3,full_6d,3206710796,,,nan,,False,,184.83060266822577,0.00020081326163618759,0.00020081326163618759,5.06230194635359e-06,6.4957682627262e-05,1.0733509793518814e-12,0.1071358765584039,False,direct_vp,global_exact_spherical_vp,main_single_proposed,True,59f287ae625ed871,adaptive_jones,cpu,False,,numpy,numpy.linalg.solve,fixed_pol_anchor,True,fixed_anchor_then_adaptive_jones_score_selection,fixed_pol_anchor,2.2040288505894363,7.033328141521467,3.8989656579494323,0.0,True,3,4,3096725.458075429,3096823.32381902,"[2.459539981737393,2.2040288505894363,7.033328141521467]","[0.4065800952303085,0.4537145689950293,0.1421801997392154]","[8.300639932844008e-07,2.3876253248571037e-07,7.165593117492376e-07]",direct_vp,[],3093207.3423108594,3096560,True,5684530.566010401,85.46367956939812,13.980946699936958,0.06524840563284545,"[4.934993903810424,4.903165042350116,5.054719760800891]",170.24979547411203,177.95256269723177,349.5090632215142,nan,nan,nan,nan,False,,nan,,,nan,nan,nan,,,,,,,,0.00020081326163618759,5.06230194635359e-06,0.1071358765584039,nan,nan,nan,False,not_run,not_requested
fig2,PEB,22,3206710796,0.0,snr_db,0.0,3,3,3,3,full_6d,3206710796,,,nan,,False,,5.68104962259531,nan,nan,nan,nan,nan,nan,False,,,peb_only,False,fbaa13e1f6b063b7,,,,,,,adaptive_jones,True,fixed_anchor_then_adaptive_jones_score_selection,,nan,nan,nan,nan,True,,,nan,nan,,,,,[],nan,,,nan,nan,nan,nan,,nan,nan,nan,0.0004248150196153206,nan,nan,0.0004248150196153206,False,c84ba72aa3a760a0760b6b67e247dbffd03ad56315a9283ecceeafa1a6824f29,0.10725255289283989,computed_unscaled,cpu,nan,nan,nan,,,,,,,,nan,nan,nan,nan,nan,nan,False,,
fig2,adaptive_jones_vp_proposed,24,2465240206,0.0,snr_db,0.0,3,3,3,3,full_6d,2465240206,,,nan,,False,,176.3160798251629,0.0001280624104227991,0.0001280624104227991,3.3945043469681618e-06,6.687806862504731e-05,6.084487305476911e-13,0.5251363750805521,False,direct_vp,global_exact_spherical_vp,main_single_proposed,True,c67492527ec343e5,adaptive_jones,cpu,False,,numpy,numpy.linalg.solve,fixed_pol_anchor,True,fixed_anchor_then_adaptive_jones_score_selection,fixed_pol_anchor,1.244432189486778,56.56159885379905,21.141736498868216,0.0,True,3,4,3096725.458075429,3393496.979691906,"[5.619178453318826,1.244432189486778,56.56159885379905]","[0.17796195801607903,0.8035793420059073,0.01767983968289595]","[3.339046909258612e-07,1.4762623193006766e-07,7.747201010425135e-08]",direct_vp,[],3096137.1576519264,3096560,True,5163125.530320325,105.76033928462192,8.541997850549349,0.05671738329512702,"[5.050481084580455,5.007638867495329,5.143512085593513]",168.7882315516472,169.82860030978918,339.89992701262236,nan,nan,nan,nan,False,,nan,,,nan,nan,nan,,,,,,,,0.0001280624104227991,3.3945043469681618e-06,0.5251363750805521,nan,nan,nan,False,not_run,not_requested
fig2,PEB,24,2465240206,0.0,snr_db,0.0,3,3,3,3,full_6d,2465240206,,,nan,,False,,5.273721165955067,nan,nan,nan,nan,nan,nan,False,,,peb_only,False,d01ad1f51177285e,,,,,,,adaptive_jones,True,fixed_anchor_then_adaptive_jones_score_selection,,nan,nan,nan,nan,True,,,nan,nan,,,,,[],nan,,,nan,nan,nan,nan,,nan,nan,nan,0.00044958614918568163,nan,nan,0.00044958614918568163,False,d0abc1777196bcc1a36b4bbbb5b3c3e641533288ceccc09b778d2fb6777f61b5,0.5252108072094162,computed_unscaled,cpu,nan,nan,nan,,,,,,,,nan,nan,nan,nan,nan,nan,False,,
fig2,adaptive_jones_vp_proposed,26,890721611,0.0,snr_db,0.0,3,3,3,3,full_6d,890721611,,,nan,,False,,179.42062690109015,0.000549279994288367,0.000549279994288367,2.642635664225199e-06,3.777726309575167e-05,3.1711918805476763e-13,0.47663935397348883,False,direct_vp,global_exact_spherical_vp,main_single_proposed,True,ae336013dca61103,adaptive_jones,cpu,False,,numpy,numpy.linalg.solve,fixed_pol_anchor,True,fixed_anchor_then_adaptive_jones_score_selection,fixed_pol_anchor,1.9511907828197832,9.893588648568237,4.806562364620771,0.0,True,3,4,3096725.458075429,3096841.4285786087,"[1.9511907828197832,9.893588648568237,2.574907662474294]","[0.5125075460600981,0.10107555867858146,0.38836344097733577]","[1.773822576467408e-07,2.1186101580723232e-08,1.0014139172781765e-06]",direct_vp,[],3096424.1297141733,3096560,True,7695569.875717452,86.52964829117525,18.700501019120036,0.0475022234695203,"[5.045230600967911,5.049891247327437,4.946874359318494]",177.22668551653624,172.7922589480877,351.31567326933146,nan,nan,nan,nan,False,,nan,,,nan,nan,nan,,,,,,,,0.000549279994288367,2.642635664225199e-06,0.47663935397348883,nan,nan,nan,False,not_run,not_requested
fig2,PEB,26,890721611,0.0,snr_db,0.0,3,3,3,3,full_6d,890721611,,,nan,,False,,5.236157700419426,nan,nan,nan,nan,nan,nan,False,,,peb_only,False,d13ade0ce7d01947,,,,,,,adaptive_jones,True,fixed_anchor_then_adaptive_jones_score_selection,,nan,nan,nan,nan,True,,,nan,nan,,,,,[],nan,,,nan,nan,nan,nan,,nan,nan,nan,0.0003681739713605228,nan,nan,0.0003681739713605228,False,c294e93a3e036e5c5731d344dd8b7b3046868b56987f9fb6b7f233813953d55d,0.47666273169950174,computed_unscaled,cpu,nan,nan,nan,,,,,,,,nan,nan,nan,nan,nan,nan,False,,
fig2,adaptive_jones_vp_proposed,25,3407116044,0.0,snr_db,0.0,3,3,3,3,full_6d,3407116044,,,nan,,False,,230.9557942301035,0.00032059538443206215,0.00032059538443206215,7.0646343626269645e-06,6.0197599432004115e-05,7.029530585407381e-13,0.20453878718472504,False,direct_vp,global_exact_spherical_vp,main_single_proposed,True,50cfccc53174e259,adaptive_jones,cpu,False,,numpy,numpy.linalg.solve,fixed_pol_anchor,True,fixed_anchor_then_adaptive_jones_score_selection,fixed_pol_anchor,2.123270634339399,7.651547034503492,4.091478071272996,0.0,True,3,4,3096725.458075429,3096771.451986139,"[2.123270634339399,2.499616544976097,7.651547034503492]","[0.47097152092860783,0.4000613622146844,0.13069252472513074]","[2.1119127657627786e-07,6.76706452688674e-08,3.029940386326805e-08]",direct_vp,[],3097031.458721467,3096560,True,5531754.298364266,82.94854780669309,16.654671677851763,0.04843483313855651,"[5.090662337682374,4.989323490668398,4.986565137320761]",177.83633217960596,224.37294426560402,403.5951672643423,nan,nan,nan,nan,False,,nan,,,nan,nan,nan,,,,,,,,0.00032059538443206215,7.0646343626269645e-06,0.20453878718472504,nan,nan,nan,False,not_run,not_requested
fig2,PEB,25,3407116044,0.0,snr_db,0.0,3,3,3,3,full_6d,3407116044,,,nan,,False,,5.475295953452587,nan,nan,nan,nan,nan,nan,False,,,peb_only,False,f4718ff98edca8ea,,,,,,,adaptive_jones,True,fixed_anchor_then_adaptive_jones_score_selection,,nan,nan,nan,nan,True,,,nan,nan,,,,,[],nan,,,nan,nan,nan,nan,,nan,nan,nan,0.00043090987780612704,nan,nan,0.00043090987780612704,False,b8c0aecbc648c84bc393cf0ea8f798ce1d40daafad542474a8d407dec27d44d6,0.2045087070981185,computed_unscaled,cpu,nan,nan,nan,,,,,,,,nan,nan,nan,nan,nan,nan,False,,
fig2,adaptive_jones_vp_proposed,27,4133001221,0.0,snr_db,0.0,3,3,3,3,full_6d,4133001221,,,nan,,False,,179.24239597469568,0.00028566079366378614,0.00028566079366378614,2.673070074915787e-06,6.540350771017669e-05,1.516669573104396e-13,0.23382179810719375,False,direct_vp,global_exact_spherical_vp,main_single_proposed,True,2d7f630c8b47881e,adaptive_jones,cpu,False,,numpy,numpy.linalg.solve,fixed_pol_anchor,True,fixed_anchor_then_adaptive_jones_score_selection,fixed_pol_anchor,1.2405641949095225,110.51597091743304,39.087549950764746,0.0,True,3,4,3096725.458075429,3169211.5241714795,"[5.5061147399516654,1.2405641949095225,110.51597091743304]","[0.18161626613746742,0.8060848476057234,0.009048465951012531]","[7.932281034830098e-07,8.65270537228713e-08,1.8126795246477202e-08]",direct_vp,"[""poor_clock_consistency""]",3096104.7903111153,3096560,True,4551272.777302377,100.68714508777481,6.224401788938253,0.1467873018736392,"[5.1696665560634205,4.985934424226361,5.3454591940179395]",182.485106728971,172.8289037644863,356.50208404660225,nan,nan,nan,nan,False,,nan,,,nan,nan,nan,,,,,,,,0.00028566079366378614,2.673070074915787e-06,0.23382179810719375,nan,nan,nan,False,not_run,not_requested
fig2,PEB,27,4133001221,0.0,snr_db,0.0,3,3,3,3,full_6d,4133001221,,,nan,,False,,5.259578563272953,nan,nan,nan,nan,nan,nan,False,,,peb_only,False,869d07cac0325ad1,,,,,,,adaptive_jones,True,fixed_anchor_then_adaptive_jones_score_selection,,nan,nan,nan,nan,True,,,nan,nan,,,,,[],nan,,,nan,nan,nan,nan,,nan,nan,nan,0.00047899911448743274,nan,nan,0.00047899911448743274,False,4db56e3e555632d19d051acf26a881417468b8ad38e08366b65041ee29b29feb,0.23385738446624896,computed_unscaled,cpu,nan,nan,nan,,,,,,,,nan,nan,nan,nan,nan,nan,False,,
fig2,adaptive_jones_vp_proposed,36,3263447461,-5.0,snr_db,-5.0,3,3,3,3,full_6d,3263447461,,,nan,,False,,3301.0424809381366,0.0006846789227726978,0.0006846789227726978,2.1868044046567596e-05,0.00044623752013390024,1.7444802763839987e-13,0.774422158792929,False,direct_vp_rollback,global_exact_spherical_vp,main_single_proposed,True,cab2a463f674f194,adaptive_jones,cpu,False,,numpy,numpy.linalg.solve,fixed_pol_anchor,True,fixed_anchor_then_adaptive_jones_score_selection,fixed_pol_anchor,3.868864851440361,958.3628538895674,326.6000477524873,0.0,True,3,4,3096725.458075429,3102261.762363582,"[17.568424516454158,958.3628538895674,3.868864851440361]","[0.05692030034029836,0.0010434461174941027,0.2584737483460648]","[2.1480474622505117e-06,1.9068496111551512e-06,2.2308320501390274e-07]",jnpp_then_vp,"[""low_assignment_margin"",""poor_clock_consistency""]",3101086.1326576164,3096560,False,2450382.1412439975,90.42014472073737,4.852271010584249e-07,0.22324769569382252,"[5.061092572207057,4.579345530119354,5.044312205736294]",187.0811638906598,3120.3000312671065,3308.7470709085464,nan,nan,nan,nan,False,,nan,,,nan,nan,nan,,,,,,,,0.0006846789227726978,2.1868044046567596e-05,0.774422158792929,0.0006846830053409067,2.1868068521060162e-05,0.7744221587929344,True,rollback,existing_selector_rollback
fig2,PEB,36,3263447461,-5.0,snr_db,-5.0,3,3,3,3,full_6d,3263447461,,,nan,,False,,5.307970881462097,nan,nan,nan,nan,nan,nan,False,,,peb_only,False,920b99b3ea5b96c5,,,,,,,adaptive_jones,True,fixed_anchor_then_adaptive_jones_score_selection,,nan,nan,nan,nan,True,,,nan,nan,,,,,[],nan,,,nan,nan,nan,nan,,nan,nan,nan,0.0005661970791714683,nan,nan,0.0005661970791714683,False,44da4b062737b51be35373567f8e2b8ed08b76fc869f23df282060a8ccb40d9b,0.773295860934778,computed_unscaled,cpu,nan,nan,nan,,,,,,,,nan,nan,nan,nan,nan,nan,False,,
fig2,adaptive_jones_vp_proposed,72,2100195688,-5.0,snr_db,-5.0,3,3,3,3,full_6d,2100195688,,,nan,,False,,2042.7247993052006,0.00028089218422126924,0.00028089218422126924,2.203575374567904e-05,0.00021970820825976324,2.8440617828543244e-12,1.0409754707437682,False,direct_vp,global_exact_spherical_vp,main_single_proposed,True,39a316e5b29735bc,adaptive_jones,cpu,False,,numpy,numpy.linalg.solve,fixed_pol_anchor,True,fixed_anchor_then_adaptive_jones_score_selection,fixed_pol_anchor,5.295194464280382,16.706755178800844,12.259615142396568,0.0,True,3,4,3096725.458075429,3107474.4889909998,"[16.706755178800844,5.295194464280382,14.776895784108476]","[0.05985602765354404,0.18885047692589418,0.06767321192456764]","[2.766967521787555e-07,1.0916201844859586e-08,6.419282210577004e-08]",direct_vp,[],3100307.411157913,3096560,True,2168193.589337776,79.10192991819798,8.935011600204202,0.07666811234526694,"[5.055370677602853,4.944881722346138,5.131637190398676]",178.40153323113918,2036.1578996628523,2215.861803546548,nan,nan,nan,nan,False,,nan,,,nan,nan,nan,,,,,,,,0.00028089218422126924,2.203575374567904e-05,1.0409754707437682,nan,nan,nan,False,not_run,not_requested
fig2,PEB,72,2100195688,-5.0,snr_db,-5.0,3,3,3,3,full_6d,2100195688,,,nan,,False,,5.5691617503762245,nan,nan,nan,nan,nan,nan,False,,,peb_only,False,17a4a26c938aa886,,,,,,,adaptive_jones,True,fixed_anchor_then_adaptive_jones_score_selection,,nan,nan,nan,nan,True,,,nan,nan,,,,,[],nan,,,nan,nan,nan,nan,,nan,nan,nan,0.0006937328862216464,nan,nan,0.0006937328862216464,False,c74090ee2666e0b285da3833dfd6aa0f2593b8f113092ef5692488e84b651980,1.0397225925702465,computed_unscaled,cpu,nan,nan,nan,,,,,,,,nan,nan,nan,nan,nan,nan,False,,
fig2,adaptive_jones_vp_proposed,64,1096511241,-5.0,snr_db,-5.0,3,3,3,3,full_6d,1096511241,,,nan,,False,,2261.764139674604,0.00040274071740172565,0.00040274071740172565,1.028397104050135e-05,5.5519082204304536e-05,1.331103735307114e-13,0.5183764965982122,False,direct_vp,global_exact_spherical_vp,main_single_proposed,True,735f9ed27377ceba,adaptive_jones,cpu,False,,numpy,numpy.linalg.solve,fixed_pol_anchor,True,fixed_anchor_then_adaptive_jones_score_selection,fixed_pol_anchor,7.327317750428387,13.547802365663015,10.10456252430122,0.0,True,3,4,3096725.458075429,3127421.906272647,"[9.43856745681226,13.547802365663015,7.327317750428387]","[0.10594828130076181,0.07381270947094401,0.13647558821018896]","[2.1300751893645715e-07,2.9623276882163005e-08,6.691027970251834e-07]",direct_vp,[],3095547.1999891084,3096560,True,2545044.634855784,78.66610175108272,11.136096112166774,0.014475808432048643,"[4.988397392781597,4.976011524730569,5.01097794200704]",197.57913821935654,2255.5029336437583,2454.4521897882223,nan,nan,nan,nan,False,,nan,,,nan,nan,nan,,,,,,,,0.00040274071740172565,1.028397104050135e-05,0.5183764965982122,nan,nan,nan,False,not_run,not_requested
fig2,PEB,64,1096511241,-5.0,snr_db,-5.0,3,3,3,3,full_6d,1096511241,,,nan,,False,,5.275415442883968,nan,nan,nan,nan,nan,nan,False,,,peb_only,False,c38b9f625a36a952,,,,,,,adaptive_jones,True,fixed_anchor_then_adaptive_jones_score_selection,,nan,nan,nan,nan,True,,,nan,nan,,,,,[],nan,,,nan,nan,nan,nan,,nan,nan,nan,0.0006338460247542662,nan,nan,0.0006338460247542662,False,e140a9cd0c7a64d7d06d7886e7a75298e3fbf2d3964882a91cad3a1a2e55c6a3,0.5185487781726453,computed_unscaled,cpu,nan,nan,nan,,,,,,,,nan,nan,nan,nan,nan,nan,False,,
fig2,adaptive_jones_vp_proposed,30,635628036,0.0,snr_db,0.0,3,3,3,3,full_6d,635628036,,,nan,,False,,165.0167958661914,0.0007143655436339448,0.0007143655436339448,6.708569746626442e-06,5.967620321806763e-05,1.8946190517000388e-13,0.38567801821662767,False,direct_vp,global_exact_spherical_vp,main_single_proposed,True,5f4c65b41e5dd25a,adaptive_jones,cpu,False,,numpy,numpy.linalg.solve,fixed_pol_anchor,True,fixed_anchor_then_adaptive_jones_score_selection,fixed_pol_anchor,2.6826608050853733,3.2614604992210574,3.0169964269973484,0.0,True,3,4,3096725.458075429,3104968.3321905346,"[3.2614604992210574,3.106867976685614,2.6826608050853733]","[0.30661110267488173,0.321867555203838,0.3727642339656479]","[1.6427046471206856e-07,6.833678466065368e-09,1.264354122831207e-07]",direct_vp,[],3098435.4068495883,3096560,True,8170948.897594337,70.84156935274696,26.412778537131945,0.06262727131520988,"[5.050754938381878,5.124589338066982,4.971219791433541]",160.49000987410545,158.44863023608923,320.3280384466052,nan,nan,nan,nan,False,,nan,,,nan,nan,nan,,,,,,,,0.0007143655436339448,6.708569746626442e-06,0.38567801821662767,nan,nan,nan,False,not_run,not_requested
fig2,PEB,30,635628036,0.0,snr_db,0.0,3,3,3,3,full_6d,635628036,,,nan,,False,,5.3099256828427315,nan,nan,nan,nan,nan,nan,False,,,peb_only,False,ecb037f37cf122f1,,,,,,,adaptive_jones,True,fixed_anchor_then_adaptive_jones_score_selection,,nan,nan,nan,nan,True,,,nan,nan,,,,,[],nan,,,nan,nan,nan,nan,,nan,nan,nan,0.00035492264695108377,nan,nan,0.00035492264695108377,False,5590d75cc6f366b617653df89fa7a75298a3f157b3c5c00e92e68278a75325fa,0.3854465683864255,computed_unscaled,cpu,nan,nan,nan,,,,,,,,nan,nan,nan,nan,nan,nan,False,,
fig2,adaptive_jones_vp_proposed,28,4133035554,0.0,snr_db,0.0,3,3,3,3,full_6d,4133035554,,,nan,,False,,305.5860871076584,0.00024483734139873787,0.00024483734139873787,2.923297600563925e-06,9.483474378991702e-05,2.444876187405839e-13,0.3542768300032745,False,direct_vp,global_exact_spherical_vp,main_single_proposed,True,392c3dd8a97280c9,adaptive_jones,cpu,False,,numpy,numpy.linalg.solve,fixed_pol_anchor,True,fixed_anchor_then_adaptive_jones_score_selection,fixed_pol_anchor,1.8370010101353587,14.597976295896341,6.340445335384447,0.0,True,3,4,3096725.458075429,3098505.8502039025,"[1.8370010101353587,2.5863587001216417,14.597976295896341]","[0.5443655144884643,0.38664397167739406,0.06850264582677212]","[9.106538619161885e-08,1.614663265910983e-08,2.7008997802420617e-07]",direct_vp,[],3100563.114645516,3096560,True,5126751.840297145,88.92296227076186,15.100956934401031,0.030510601566563864,"[4.964702734914368,4.935125517238725,4.890475697583551]",185.19613876193762,299.1534163504839,485.6189317628741,nan,nan,nan,nan,False,,nan,,,nan,nan,nan,,,,,,,,0.00024483734139873787,2.923297600563925e-06,0.3542768300032745,nan,nan,nan,False,not_run,not_requested
fig2,PEB,28,4133035554,0.0,snr_db,0.0,3,3,3,3,full_6d,4133035554,,,nan,,False,,5.1503909677267075,nan,nan,nan,nan,nan,nan,False,,,peb_only,False,4baf8a67ab7cc799,,,,,,,adaptive_jones,True,fixed_anchor_then_adaptive_jones_score_selection,,nan,nan,nan,nan,True,,,nan,nan,,,,,[],nan,,,nan,nan,nan,nan,,nan,nan,nan,0.00044790349778235,nan,nan,0.00044790349778235,False,b0d6ccdf5e943bdc30a995d28f082c1063f363c2aa22897f8408d6a89636af3a,0.3538212539400746,computed_unscaled,cpu,nan,nan,nan,,,,,,,,nan,nan,nan,nan,nan,nan,False,,
fig2,adaptive_jones_vp_proposed,32,2857393641,0.0,snr_db,0.0,3,3,3,3,full_6d,2857393641,,,nan,,False,,159.63711467385292,0.0006694602634979778,0.0006694602634979778,8.650189289766075e-06,4.5243171799471656e-05,5.781709046304405e-14,0.1806218714132006,False,direct_vp,global_exact_spherical_vp,main_single_proposed,True,c693b995e7021ff9,adaptive_jones,cpu,False,,numpy,numpy.linalg.solve,fixed_pol_anchor,True,fixed_anchor_then_adaptive_jones_score_selection,fixed_pol_anchor,2.132022247701992,4.525335823026646,3.291490014848509,0.0,True,3,4,3096725.4580754293,3097658.8749322654,"[2.132022247701992,4.525335823026646,3.217111973816889]","[0.4690382574927264,0.22097807524186175,0.3108377974206318]","[1.492110728366824e-07,6.03045066226748e-08,1.8558471897607053e-06]",direct_vp,[],3094783.915487181,3096560,True,7786668.737837638,73.6024325682589,21.883768529206904,0.0448669965003615,"[5.085563800626381,4.975667291980695,5.02973167529935]",200.61870995163918,152.84381148964167,354.86692866683006,nan,nan,nan,nan,False,,nan,,,nan,nan,nan,,,,,,,,0.0006694602634979778,8.650189289766075e-06,0.1806218714132006,nan,nan,nan,False,not_run,not_requested
fig2,PEB,32,2857393641,0.0,snr_db,0.0,3,3,3,3,full_6d,2857393641,,,nan,,False,,5.4687056466937065,nan,nan,nan,nan,nan,nan,False,,,peb_only,False,d84ba97f03e72dd6,,,,,,,adaptive_jones,True,fixed_anchor_then_adaptive_jones_score_selection,,nan,nan,nan,nan,True,,,nan,nan,,,,,[],nan,,,nan,nan,nan,nan,,nan,nan,nan,0.00036501323958127975,nan,nan,0.00036501323958127975,False,73ca4065ba0c89751d2f0dc2de518337698a325ed5053ee6dc1f366512a9f819,0.18072646341938758,computed_unscaled,cpu,nan,nan,nan,,,,,,,,nan,nan,nan,nan,nan,nan,False,,
fig2,adaptive_jones_vp_proposed,35,714029656,0.0,snr_db,0.0,3,3,3,3,full_6d,714029656,,,nan,,False,,158.8145467415452,0.0005265436406807891,0.0005265436406807891,7.5612636873588404e-06,0.00015719969603077483,2.051084497805546e-12,0.19215008515137202,False,direct_vp,global_exact_spherical_vp,main_single_proposed,True,4bfdd4faea621190,adaptive_jones,cpu,False,,numpy,numpy.linalg.solve,fixed_pol_anchor,True,fixed_anchor_then_adaptive_jones_score_selection,fixed_pol_anchor,1.348315030044735,26.846693333102873,10.925338288355418,0.0,True,3,4,3096725.458075429,3097896.6746176677,"[26.846693333102873,1.348315030044735,4.581006501918641]","[0.03724853513859451,0.7416664338196046,0.21829263930898019]","[2.0915052381587204e-08,5.2559314752662156e-08,6.056106862035096e-08]",direct_vp,[],3096779.2783421734,3096560,True,7432720.364254895,80.90830181381935,11.50007782311066,0.04161915464233137,"[4.976114362413255,5.024900748573515,4.922985884051092]",149.62727519869804,152.22863651067019,303.1157227605581,nan,nan,nan,nan,False,,nan,,,nan,nan,nan,,,,,,,,0.0005265436406807891,7.5612636873588404e-06,0.19215008515137202,nan,nan,nan,False,not_run,not_requested
fig2,PEB,35,714029656,0.0,snr_db,0.0,3,3,3,3,full_6d,714029656,,,nan,,False,,5.658105626702309,nan,nan,nan,nan,nan,nan,False,,,peb_only,False,a557f784817e8187,,,,,,,adaptive_jones,True,fixed_anchor_then_adaptive_jones_score_selection,,nan,nan,nan,nan,True,,,nan,nan,,,,,[],nan,,,nan,nan,nan,nan,,nan,nan,nan,0.00038298479235587536,nan,nan,0.00038298479235587536,False,5d8c0ccf801b5347ce0be3d5af96b3f2d9a4ebabf39c0be2596e7a64087c3f22,0.19213747206298332,computed_unscaled,cpu,nan,nan,nan,,,,,,,,nan,nan,nan,nan,nan,nan,False,,
fig2,adaptive_jones_vp_proposed,71,1982555292,-5.0,snr_db,-5.0,3,3,3,3,full_6d,1982555292,,,nan,,False,,2274.8438143879175,0.0018798501365867584,0.0018798501365867584,2.24134410000862e-05,5.150388592756511e-05,3.325815769775317e-13,1.3724570630076953,False,direct_vp,global_exact_spherical_vp,main_single_proposed,True,da660225d98dd08b,adaptive_jones,cpu,False,,numpy,numpy.linalg.solve,fixed_pol_anchor,True,fixed_anchor_then_adaptive_jones_score_selection,fixed_pol_anchor,6.3152539053180305,48.8906200374885,20.84679467657941,0.0,True,3,4,3096725.458075429,3187375.9113651337,"[6.3152539053180305,48.8906200374885,7.334510086931698]","[0.15834676087236838,0.020453821186647382,0.13634175809157598]","[2.9899467498258376e-07,4.2960625975269937e-08,4.085189640315798e-07]",direct_vp,"[""poor_clock_consistency""]",3096594.286450092,3096560,True,2426329.114195211,85.99034479892,12.92999900759345,0.12488324738788244,"[5.0689658786348,5.169494576876213,4.8690269098837025]",180.95898609608412,2268.5083598569036,2450.7754877209663,nan,nan,nan,nan,False,,nan,,,nan,nan,nan,,,,,,,,0.0018798501365867584,2.24134410000862e-05,1.3724570630076953,nan,nan,nan,False,not_run,not_requested
fig2,PEB,71,1982555292,-5.0,snr_db,-5.0,3,3,3,3,full_6d,1982555292,,,nan,,False,,5.25768706202507,nan,nan,nan,nan,nan,nan,False,,,peb_only,False,e48a2a5e80c26e99,,,,,,,adaptive_jones,True,fixed_anchor_then_adaptive_jones_score_selection,,nan,nan,nan,nan,True,,,nan,nan,,,,,[],nan,,,nan,nan,nan,nan,,nan,nan,nan,0.0006550613759588045,nan,nan,0.0006550613759588045,False,bdd039092dd082ec6fd57d77070067f9fd8178794fea592c3fc196eccf3a063c,1.3724489581785622,computed_unscaled,cpu,nan,nan,nan,,,,,,,,nan,nan,nan,nan,nan,nan,False,,
fig2,adaptive_jones_vp_proposed,34,1995992425,0.0,snr_db,0.0,3,3,3,3,full_6d,1995992425,,,nan,,False,,156.13044356554747,0.00020966824376890972,0.00020966824376890972,4.341351351119968e-06,0.00017596500477600092,1.6681131182896579e-12,0.7642994760913636,False,direct_vp,global_exact_spherical_vp,main_single_proposed,True,06ed46bbac38192c,adaptive_jones,cpu,False,,numpy,numpy.linalg.solve,fixed_pol_anchor,True,fixed_anchor_then_adaptive_jones_score_selection,fixed_pol_anchor,1.4891685205944662,11.704820194022092,5.800997442698773,0.0,True,3,4,3096725.458075429,3098648.4771076636,"[11.704820194022092,1.4891685205944662,4.209003613479762]","[0.08543488779938858,0.6715156721143404,0.23758592099878204]","[4.285509098560977e-07,4.822976744858344e-08,4.890893901964762e-07]",direct_vp,[],3099047.226874441,3096560,True,6717639.894411084,76.70198436539974,15.308990776275648,0.04879086685191813,"[5.100264154902352,5.003207352525986,4.991341615496264]",193.32482907176018,149.35085314512253,344.0337774604559,nan,nan,nan,nan,False,,nan,,,nan,nan,nan,,,,,,,,0.00020966824376890972,4.341351351119968e-06,0.7642994760913636,nan,nan,nan,False,not_run,not_requested
fig2,PEB,34,1995992425,0.0,snr_db,0.0,3,3,3,3,full_6d,1995992425,,,nan,,False,,5.3747270703315735,nan,nan,nan,nan,nan,nan,False,,,peb_only,False,5064671ef3fb0bae,,,,,,,adaptive_jones,True,fixed_anchor_then_adaptive_jones_score_selection,,nan,nan,nan,nan,True,,,nan,nan,,,,,[],nan,,,nan,nan,nan,nan,,nan,nan,nan,0.00039957847105627763,nan,nan,0.00039957847105627763,False,08ae9de45575216533d6edee2ff062b3deef6ce05030f7f9832ee4fff1bbeb0e,0.7636900121925695,computed_unscaled,cpu,nan,nan,nan,,,,,,,,nan,nan,nan,nan,nan,nan,False,,
fig2,adaptive_jones_vp_proposed,82,2146768378,-5.0,snr_db,-5.0,3,3,3,3,full_6d,2146768378,,,nan,,False,,1975.9493231847882,0.000415215667609225,0.000415215667609225,1.5396519127140854e-05,0.0002490748419917736,2.459380198012306e-12,2.086949949691416,False,direct_vp,global_exact_spherical_vp,main_single_proposed,True,0454ef70eea98c76,adaptive_jones,cpu,False,,numpy,numpy.linalg.solve,fixed_pol_anchor,True,fixed_anchor_then_adaptive_jones_score_selection,fixed_pol_anchor,6.433439738034038,74.28798276256529,29.181044778504,0.0,True,3,4,3096725.458075429,3184257.30388893,"[6.433439738034038,74.28798276256529,6.821711834912664]","[0.15543784362844618,0.01346112739555536,0.14659077137725224]","[5.835759209652526e-08,1.650596681461161e-08,1.5039824869869616e-07]",direct_vp,"[""poor_clock_consistency""]",3100267.162885873,3096560,True,2568333.346578515,72.03947884176164,6.473109249806211,0.16476228916477104,"[5.163733111801871,4.814443416976153,4.813996044387413]",182.10102435946465,1969.4875675216317,2152.833962313831,nan,nan,nan,nan,False,,nan,,,nan,nan,nan,,,,,,,,0.000415215667609225,1.5396519127140854e-05,2.086949949691416,nan,nan,nan,False,not_run,not_requested
fig2,PEB,82,2146768378,-5.0,snr_db,-5.0,3,3,3,3,full_6d,2146768378,,,nan,,False,,5.535004377365112,nan,nan,nan,nan,nan,nan,False,,,peb_only,False,c4882b6ff7559adb,,,,,,,adaptive_jones,True,fixed_anchor_then_adaptive_jones_score_selection,,nan,nan,nan,nan,True,,,nan,nan,,,,,[],nan,,,nan,nan,nan,nan,,nan,nan,nan,0.0006385124679184979,nan,nan,0.0006385124679184979,False,3a0d3e6549ad4d642256987481bea72461b73f437bf823d820291ff80c435722,2.0844652373120462,computed_unscaled,cpu,nan,nan,nan,,,,,,,,nan,nan,nan,nan,nan,nan,False,,
fig2,adaptive_jones_vp_proposed,37,1911328645,0.0,snr_db,0.0,3,3,3,3,full_6d,1911328645,,,nan,,False,,169.72209682315588,0.0004416615103511428,0.0004416615103511428,4.244719950875699e-06,9.414854972560016e-05,4.664318915889137e-13,0.22844110044896382,False,direct_vp,global_exact_spherical_vp,main_single_proposed,True,54e6f9d4dee36e9f,adaptive_jones,cpu,False,,numpy,numpy.linalg.solve,fixed_pol_anchor,True,fixed_anchor_then_adaptive_jones_score_selection,fixed_pol_anchor,1.486153603830786,7.120173079524542,4.626674917942039,0.0,True,3,4,3096725.458075429,3133913.4669508347,"[5.2736980704707905,1.486153603830786,7.120173079524542]","[0.18962026013473593,0.6728779565052108,0.1404460241098038]","[3.172821263199662e-07,1.36329685441635e-07,1.426303869115118e-07]",direct_vp,"[""poor_clock_consistency""]",3094165.561022831,3096560,True,5637941.159480685,84.91295494202505,13.762986954075929,0.14322764814646324,"[5.109973349585729,5.025600696749199,4.7728723610005135]",144.9270044863224,163.23383671045303,309.52159797400236,nan,nan,nan,nan,False,,nan,,,nan,nan,nan,,,,,,,,0.0004416615103511428,4.244719950875699e-06,0.22844110044896382,nan,nan,nan,False,not_run,not_requested
fig2,PEB,37,1911328645,0.0,snr_db,0.0,3,3,3,3,full_6d,1911328645,,,nan,,False,,5.448024310171604,nan,nan,nan,nan,nan,nan,False,,,peb_only,False,252f4cbd8a7f049f,,,,,,,adaptive_jones,True,fixed_anchor_then_adaptive_jones_score_selection,,nan,nan,nan,nan,True,,,nan,nan,,,,,[],nan,,,nan,nan,nan,nan,,nan,nan,nan,0.00043125982117207763,nan,nan,0.00043125982117207763,False,89cd20fcd9a64ac709c19d36df44d0df4be8c42c9af5aab07d8f4fd5c690dd17,0.22861906226828144,computed_unscaled,cpu,nan,nan,nan,,,,,,,,nan,nan,nan,nan,nan,nan,False,,
fig2,adaptive_jones_vp_proposed,40,1007248754,0.0,snr_db,0.0,3,3,3,3,full_6d,1007248754,,,nan,,False,,144.05730412900448,0.000397215926203887,0.000397215926203887,3.9550692340033666e-06,9.723078144435268e-05,2.2861534910916738e-14,0.29398490512724734,False,direct_vp,global_exact_spherical_vp,main_single_proposed,True,3671da4245e0f9d4,adaptive_jones,cpu,False,,numpy,numpy.linalg.solve,fixed_pol_anchor,True,fixed_anchor_then_adaptive_jones_score_selection,fixed_pol_anchor,1.3607309658896394,9.317891193028862,5.6916561344203425,0.0,True,3,4,3096725.458075429,3105633.015076636,"[1.3607309658896394,6.396346244342528,9.317891193028862]","[0.7348991277969809,0.15633925397301446,0.10732042039070253]","[7.403567340078371e-07,2.335658209737417e-08,2.0804497118773515e-07]",direct_vp,[],3096552.1709539765,3096560,True,5087336.19766613,101.53306143493108,12.50248737840066,0.06217404995120507,"[5.033541462339934,5.002760799640221,4.888981981051588]",177.75768146663904,137.53601648658514,316.7769845575094,nan,nan,nan,nan,False,,nan,,,nan,nan,nan,,,,,,,,0.000397215926203887,3.9550692340033666e-06,0.29398490512724734,nan,nan,nan,False,not_run,not_requested
fig2,PEB,40,1007248754,0.0,snr_db,0.0,3,3,3,3,full_6d,1007248754,,,nan,,False,,5.288312070071697,nan,nan,nan,nan,nan,nan,False,,,peb_only,False,4b67467f3623a4d9,,,,,,,adaptive_jones,True,fixed_anchor_then_adaptive_jones_score_selection,,nan,nan,nan,nan,True,,,nan,nan,,,,,[],nan,,,nan,nan,nan,nan,,nan,nan,nan,0.00045392158326166583,nan,nan,0.00045392158326166583,False,8bb652b717ff684281335ff9a69fbed705a14cc366cf654f3e53c1ef0c7a4d23,0.2939871674433485,computed_unscaled,cpu,nan,nan,nan,,,,,,,,nan,nan,nan,nan,nan,nan,False,,
fig2,adaptive_jones_vp_proposed,39,1925729663,0.0,snr_db,0.0,3,3,3,3,full_6d,1925729663,,,nan,,False,,197.58907843381166,0.00023036785089398896,0.00023036785089398896,7.4850130046244205e-06,3.859539843614616e-05,3.115376927114664e-13,0.08880981101982006,False,direct_vp,global_exact_spherical_vp,main_single_proposed,True,29c9f63c26361005,adaptive_jones,cpu,False,,numpy,numpy.linalg.solve,fixed_pol_anchor,True,fixed_anchor_then_adaptive_jones_score_selection,fixed_pol_anchor,1.363027563262926,20.791743562720807,8.897079343291498,0.0,True,3,4,3096725.458075429,3121525.9406155995,"[4.536466903890762,20.791743562720807,1.363027563262926]","[0.22043586367571646,0.04809601450511293,0.7336608788781613]","[5.682757397777584e-07,1.9816992094006782e-08,1.6513396638252531e-06]",direct_vp,"[""poor_clock_consistency""]",3096020.386232957,3096560,True,8278292.018213184,90.0615043300452,12.892218600696289,0.11567528975356742,"[4.9576924287951645,5.226358226250585,5.014067044279173]",179.3247769922018,190.93011759966612,371.56826070696115,nan,nan,nan,nan,False,,nan,,,nan,nan,nan,,,,,,,,0.00023036785089398896,7.4850130046244205e-06,0.08880981101982006,nan,nan,nan,False,not_run,not_requested
fig2,PEB,39,1925729663,0.0,snr_db,0.0,3,3,3,3,full_6d,1925729663,,,nan,,False,,5.404107473790646,nan,nan,nan,nan,nan,nan,False,,,peb_only,False,69988f52cd0bb64f,,,,,,,adaptive_jones,True,fixed_anchor_then_adaptive_jones_score_selection,,nan,nan,nan,nan,True,,,nan,nan,,,,,[],nan,,,nan,nan,nan,nan,,nan,nan,nan,0.00032622317565137924,nan,nan,0.00032622317565137924,False,96864a0d945e4bbb9c67c4c5c4b209be5179ce0b5fab7e2f47325b1eaa6bc2cc,0.08882574888439955,computed_unscaled,cpu,nan,nan,nan,,,,,,,,nan,nan,nan,nan,nan,nan,False,,
fig2,adaptive_jones_vp_proposed,38,445142407,0.0,snr_db,0.0,3,3,3,3,full_6d,445142407,,,nan,,False,,287.78272012621164,0.000827961199409944,0.000827961199409944,6.9224529927108546e-06,0.00023874237280576834,2.847117204660065e-12,0.7093716184024159,False,direct_vp,global_exact_spherical_vp,main_single_proposed,True,e596c2f74d89bc4c,adaptive_jones,cpu,False,,numpy,numpy.linalg.solve,fixed_pol_anchor,True,fixed_anchor_then_adaptive_jones_score_selection,fixed_pol_anchor,1.1541744664063576,16.18538330910513,10.412002723966097,0.0,True,3,4,3096725.4580754284,3109568.4975612154,"[1.1541744664063576,16.18538330910513,13.896450396386802]","[0.8664201376005571,0.06178414072042779,0.07196082247349382]","[6.774822576403416e-07,7.724978401488858e-08,2.867355068364338e-09]",direct_vp,[],3095402.7049017344,3096560,True,4739274.59195637,121.6270304323603,11.357985013811364,0.09606185575511605,"[5.008048587054669,4.8221853994895945,4.790150528886132]",184.54343976825476,281.2973965629935,467.22834096103907,nan,nan,nan,nan,False,,nan,,,nan,nan,nan,,,,,,,,0.000827961199409944,6.9224529927108546e-06,0.7093716184024159,nan,nan,nan,False,not_run,not_requested
fig2,PEB,38,445142407,0.0,snr_db,0.0,3,3,3,3,full_6d,445142407,,,nan,,False,,5.2685714438557625,nan,nan,nan,nan,nan,nan,False,,,peb_only,False,01408fcac8d2946a,,,,,,,adaptive_jones,True,fixed_anchor_then_adaptive_jones_score_selection,,nan,nan,nan,nan,True,,,nan,nan,,,,,[],nan,,,nan,nan,nan,nan,,nan,nan,nan,0.00048043174357664673,nan,nan,0.00048043174357664673,False,188df01b21e845096046e025598027817a0fefeca6c3a9da8733d6021c9aadff,0.7096405017504217,computed_unscaled,cpu,nan,nan,nan,,,,,,,,nan,nan,nan,nan,nan,nan,False,,
fig2,adaptive_jones_vp_proposed,42,1970772956,0.0,snr_db,0.0,3,3,3,3,full_6d,1970772956,,,nan,,False,,183.93387255817652,9.19972233572837e-05,9.19972233572837e-05,1.8408632472721936e-06,2.067882061632882e-05,2.660646686516728e-13,0.1719775435975937,False,direct_vp,global_exact_spherical_vp,main_single_proposed,True,c4038d74f3fa6a2d,adaptive_jones,cpu,False,,numpy,numpy.linalg.solve,fixed_pol_anchor,True,fixed_anchor_then_adaptive_jones_score_selection,fixed_pol_anchor,1.787717208516263,10.456402094691772,5.044924658383733,0.0,True,3,4,3096725.458075429,3097521.6564634275,"[10.456402094691772,2.890654671943166,1.787717208516263]","[0.09563518989932464,0.3459423948848535,0.5593725871376347]","[3.56117199505302e-07,4.3415593597634924e-08,2.7234118196677245e-07]",direct_vp,[],3097092.722838307,3096560,True,8569435.595952662,72.50835625441341,15.357479817304958,0.056546493158020544,"[5.099053942270908,4.962215119290708,5.012056885823486]",166.0023934021592,177.54716380685568,344.9016803726554,nan,nan,nan,nan,False,,nan,,,nan,nan,nan,,,,,,,,9.19972233572837e-05,1.8408632472721936e-06,0.1719775435975937,nan,nan,nan,False,not_run,not_requested
fig2,PEB,42,1970772956,0.0,snr_db,0.0,3,3,3,3,full_6d,1970772956,,,nan,,False,,5.364070884883404,nan,nan,nan,nan,nan,nan,False,,,peb_only,False,1b50ee7f6ebce131,,,,,,,adaptive_jones,True,fixed_anchor_then_adaptive_jones_score_selection,,nan,nan,nan,nan,True,,,nan,nan,,,,,[],nan,,,nan,nan,nan,nan,,nan,nan,nan,0.00033837101002430123,nan,nan,0.00033837101002430123,False,4af21c66cd27ed283a830009c130c6232a0ae08038b9a036394b8e1c4ae43a65,0.1719488506483005,computed_unscaled,cpu,nan,nan,nan,,,,,,,,nan,nan,nan,nan,nan,nan,False,,
fig2,adaptive_jones_vp_proposed,69,1134195269,-5.0,snr_db,-5.0,3,3,3,3,full_6d,1134195269,,,nan,,False,,2671.5570091456175,0.0008810141761658448,0.0008810141761658448,1.1629662234370302e-05,0.00011370953143034747,6.118852966035043e-13,2.145774214660378,False,direct_vp,global_exact_spherical_vp,main_single_proposed,True,16c11e3fdc6d8145,adaptive_jones,cpu,False,,numpy,numpy.linalg.solve,fixed_pol_anchor,True,fixed_anchor_then_adaptive_jones_score_selection,fixed_pol_anchor,5.075306481389616,220.50103271207502,78.08212900028646,0.0,True,3,4,3096725.458075429,3166978.1605676846,"[220.50103271207502,8.670047807394731,5.075306481389616]","[0.0045351261510202315,0.11533961775140669,0.19703243610248444]","[1.4746492261565447e-06,6.086314778343467e-08,2.01142116055785e-06]",direct_vp,"[""low_assignment_margin"",""poor_clock_consistency""]",3097617.3330625906,3096560,True,2614867.5419861935,85.629835504663,0.12808142809511144,3.5476333656382777,"[-2.289594520915772,5.010083412037119,5.44334226374056]",169.59622406214476,2354.174514628947,2525.026761882007,nan,nan,nan,nan,False,,nan,,,nan,nan,nan,,,,,,,,0.0008810141761658448,1.1629662234370302e-05,2.145774214660378,nan,nan,nan,False,not_run,not_requested
fig2,PEB,69,1134195269,-5.0,snr_db,-5.0,3,3,3,3,full_6d,1134195269,,,nan,,False,,5.262643747031689,nan,nan,nan,nan,nan,nan,False,,,peb_only,False,0bc159b25dfa8816,,,,,,,adaptive_jones,True,fixed_anchor_then_adaptive_jones_score_selection,,nan,nan,nan,nan,True,,,nan,nan,,,,,[],nan,,,nan,nan,nan,nan,,nan,nan,nan,0.0005908236654186941,nan,nan,0.0005908236654186941,False,3c4e17d6858814038ebdb81b7444e4cbebd5be1a61e4510cac6392db534f501a,2.1450528648633163,computed_unscaled,cpu,nan,nan,nan,,,,,,,,nan,nan,nan,nan,nan,nan,False,,
fig2,adaptive_jones_vp_proposed,43,409305243,0.0,snr_db,0.0,3,3,3,3,full_6d,409305243,,,nan,,False,,214.7679478675127,0.0006468009802086188,0.0006468009802086188,4.227535195000448e-06,9.92765528679615e-05,1.9783328251243016e-13,0.33334016835291275,False,direct_vp,global_exact_spherical_vp,main_single_proposed,True,ca61dbf9a496a940,adaptive_jones,cpu,False,,numpy,numpy.linalg.solve,fixed_pol_anchor,True,fixed_anchor_then_adaptive_jones_score_selection,fixed_pol_anchor,1.8383855084425726,8.144392740910344,4.322449332483178,0.0,True,3,4,3096725.458075429,3096903.139119908,"[1.8383855084425726,2.984569748096616,8.144392740910344]","[0.5439555498048573,0.33505666960363617,0.12278386268981423]","[5.057966276617384e-07,2.867566025709512e-08,6.652119841746049e-07]",direct_vp,[],3099037.3416974056,3096560,True,5759913.222237347,96.94642189837715,16.20702626268566,0.007880480336268423,"[4.992867822869477,4.977184589417966,4.994772282680742]",187.21566922217607,208.37721321731806,396.87362526357174,nan,nan,nan,nan,False,,nan,,,nan,nan,nan,,,,,,,,0.0006468009802086188,4.227535195000448e-06,0.33334016835291275,nan,nan,nan,False,not_run,not_requested
fig2,PEB,43,409305243,0.0,snr_db,0.0,3,3,3,3,full_6d,409305243,,,nan,,False,,5.419398471713066,nan,nan,nan,nan,nan,nan,False,,,peb_only,False,b992ec995b2f4a61,,,,,,,adaptive_jones,True,fixed_anchor_then_adaptive_jones_score_selection,,nan,nan,nan,nan,True,,,nan,nan,,,,,[],nan,,,nan,nan,nan,nan,,nan,nan,nan,0.00042388220292965826,nan,nan,0.00042388220292965826,False,d06249056a46bde512ae6accc3f5b861faabc2ef0f40296322d007b403b53207,0.33307542031495013,computed_unscaled,cpu,nan,nan,nan,,,,,,,,nan,nan,nan,nan,nan,nan,False,,
fig2,adaptive_jones_vp_proposed,45,2629875502,0.0,snr_db,0.0,3,3,3,3,full_6d,2629875502,,,nan,,False,,158.1684167906642,0.00011665663724197708,0.00011665663724197708,4.476292847399738e-06,5.5586098759722574e-05,2.937318006134505e-13,0.3689260487328394,False,direct_vp,global_exact_spherical_vp,main_single_proposed,True,06f77e7917fd81c3,adaptive_jones,cpu,False,,numpy,numpy.linalg.solve,fixed_pol_anchor,True,fixed_anchor_then_adaptive_jones_score_selection,fixed_pol_anchor,2.356333749977665,3.8585133852117086,3.1343208776901776,0.0,True,3,4,3096725.458075429,3098265.10864453,"[3.8585133852117086,2.356333749977665,3.188115497881161]","[0.2591671714367459,0.4243880986753775,0.3136649223221108]","[5.7289947524074794e-08,9.630217374166578e-09,5.570963417760759e-07]",direct_vp,[],3094883.961482628,3096560,True,8228028.8116846215,71.67983240059655,17.96094236499722,0.045086506811098374,"[5.117158841988376,5.0418810488960935,5.0095377381728925]",186.74772235006094,151.7951429709792,339.88182839751244,nan,nan,nan,nan,False,,nan,,,nan,nan,nan,,,,,,,,0.00011665663724197708,4.476292847399738e-06,0.3689260487328394,nan,nan,nan,False,not_run,not_requested
fig2,PEB,45,2629875502,0.0,snr_db,0.0,3,3,3,3,full_6d,2629875502,,,nan,,False,,5.358918830752373,nan,nan,nan,nan,nan,nan,False,,,peb_only,False,ae4bfc44742c34c3,,,,,,,adaptive_jones,True,fixed_anchor_then_adaptive_jones_score_selection,,nan,nan,nan,nan,True,,,nan,nan,,,,,[],nan,,,nan,nan,nan,nan,,nan,nan,nan,0.00035198387078492463,nan,nan,0.00035198387078492463,False,61ef90b44bee96edd1828bab28b96f525f17a012a323714534c6c3c927bfb322,0.36912774840632856,computed_unscaled,cpu,nan,nan,nan,,,,,,,,nan,nan,nan,nan,nan,nan,False,,
fig2,adaptive_jones_vp_proposed,44,2937526438,0.0,snr_db,0.0,3,3,3,3,full_6d,2937526438,,,nan,,False,,279.1735517755151,0.00015368952015451965,0.00015368952015451965,7.636416591365978e-06,2.187041532694082e-05,2.375060232203216e-13,0.31678121825486016,False,direct_vp,global_exact_spherical_vp,main_single_proposed,True,38ad0c4f87d6a6d9,adaptive_jones,cpu,False,,numpy,numpy.linalg.solve,fixed_pol_anchor,True,fixed_anchor_then_adaptive_jones_score_selection,fixed_pol_anchor,1.9214812734389064,9.833828536486074,4.800774677567975,0.0,True,3,4,3096725.458075429,3097257.4482092396,"[9.833828536486074,1.9214812734389064,2.6470142227789437]","[0.10168979419154044,0.5204318219601288,0.377784143126935]","[6.174919105457366e-08,1.399933047744588e-07,2.3341335993615612e-07]",direct_vp,[],3098562.5679377634,3096560,True,8491728.075555531,72.68770350524758,15.093448859057105,0.032718143594288256,"[4.982889073797196,5.00030059774918,5.059342715934904]",173.05370324850082,272.49525644630194,446.8493064939976,nan,nan,nan,nan,False,,nan,,,nan,nan,nan,,,,,,,,0.00015368952015451965,7.636416591365978e-06,0.31678121825486016,nan,nan,nan,False,not_run,not_requested
fig2,PEB,44,2937526438,0.0,snr_db,0.0,3,3,3,3,full_6d,2937526438,,,nan,,False,,5.03396962583065,nan,nan,nan,nan,nan,nan,False,,,peb_only,False,4213ea570eba760f,,,,,,,adaptive_jones,True,fixed_anchor_then_adaptive_jones_score_selection,,nan,nan,nan,nan,True,,,nan,nan,,,,,[],nan,,,nan,nan,nan,nan,,nan,nan,nan,0.00034701903905361647,nan,nan,0.00034701903905361647,False,a69e9e58b307bf283137f27fcdcb11ba27c21f96108559d9bf8b0d1b3c2cba08,0.31657812169067184,computed_unscaled,cpu,nan,nan,nan,,,,,,,,nan,nan,nan,nan,nan,nan,False,,
fig2,adaptive_jones_vp_proposed,46,3306807379,0.0,snr_db,0.0,3,3,3,3,full_6d,3306807379,,,nan,,False,,159.85366961359978,0.0005962332260944654,0.0005962332260944654,5.230853118398207e-06,9.297587693210488e-05,3.2869272096280663e-13,0.43122091533978446,False,direct_vp,global_exact_spherical_vp,main_single_proposed,True,411947739d0629af,adaptive_jones,cpu,False,,numpy,numpy.linalg.solve,fixed_pol_anchor,True,fixed_anchor_then_adaptive_jones_score_selection,fixed_pol_anchor,1.4375374541638937,12.643145240176139,6.146520557951565,0.0,True,3,4,3096725.458075429,3102527.694984114,"[12.643145240176139,4.358878979514659,1.4375374541638937]","[0.07909424284786791,0.2294167846125855,0.6956340491178273]","[9.853578525007808e-08,4.319460493599745e-08,1.6887796308097377e-06]",direct_vp,[],3095202.118515112,3096560,True,8538785.49743472,78.03456009626763,13.298341003946009,0.041570050912070534,"[4.969679812730403,5.0298336727797635,5.070907610203177]",184.06821651011705,153.29284114390612,338.6852406412363,nan,nan,nan,nan,False,,nan,,,nan,nan,nan,,,,,,,,0.0005962332260944654,5.230853118398207e-06,0.43122091533978446,nan,nan,nan,False,not_run,not_requested
fig2,PEB,46,3306807379,0.0,snr_db,0.0,3,3,3,3,full_6d,3306807379,,,nan,,False,,5.309529773890972,nan,nan,nan,nan,nan,nan,False,,,peb_only,False,3ebfc28746834106,,,,,,,adaptive_jones,True,fixed_anchor_then_adaptive_jones_score_selection,,nan,nan,nan,nan,True,,,nan,nan,,,,,[],nan,,,nan,nan,nan,nan,,nan,nan,nan,0.00033005762833598424,nan,nan,0.00033005762833598424,False,324c3cee61ad53d18a3b7f70cef7049986ada5517935cd8531014229a0b305be,0.4314123233347383,computed_unscaled,cpu,nan,nan,nan,,,,,,,,nan,nan,nan,nan,nan,nan,False,,
fig2,adaptive_jones_vp_proposed,84,3985341227,-5.0,snr_db,-5.0,3,3,3,3,full_6d,3985341227,,,nan,,False,,2368.8887259438634,0.000498357889349124,0.000498357889349124,2.3450978837454142e-05,0.00011966966038176541,4.124341922245726e-13,2.1980287954936473,False,direct_vp,global_exact_spherical_vp,main_single_proposed,True,cb29c3074d02081e,adaptive_jones,cpu,False,,numpy,numpy.linalg.solve,fixed_pol_anchor,True,fixed_anchor_then_adaptive_jones_score_selection,fixed_pol_anchor,4.761724355038379,21.51836671253963,14.446534838381675,0.0,True,3,4,3096725.458075429,3397680.8264930993,"[4.761724355038379,17.059513447567017,21.51836671253963]","[0.21000795624323332,0.05861831892547662,0.04647192853144104]","[6.677810831069391e-08,2.873857207230986e-08,1.3828376688228043e-08]",direct_vp,[],3093751.805519045,3096560,True,1530725.2512640986,108.23018541955497,9.172213116868477,0.049248207429504906,"[4.9006512597719984,4.991754341525912,4.877723547741284]",173.33886677771807,2055.563922509551,2230.248326599598,nan,nan,nan,nan,False,,nan,,,nan,nan,nan,,,,,,,,0.000498357889349124,2.3450978837454142e-05,2.1980287954936473,nan,nan,nan,False,not_run,not_requested
fig2,PEB,84,3985341227,-5.0,snr_db,-5.0,3,3,3,3,full_6d,3985341227,,,nan,,False,,5.393774338066578,nan,nan,nan,nan,nan,nan,False,,,peb_only,False,d3623b14aa0ac8a5,,,,,,,adaptive_jones,True,fixed_anchor_then_adaptive_jones_score_selection,,nan,nan,nan,nan,True,,,nan,nan,,,,,[],nan,,,nan,nan,nan,nan,,nan,nan,nan,0.0008271589680675452,nan,nan,0.0008271589680675452,False,763c74c3103c34dc91712b88cb00b247f3e9461f0fa66c55a5e9608e707daf96,2.200035310942669,computed_unscaled,cpu,nan,nan,nan,,,,,,,,nan,nan,nan,nan,nan,nan,False,,
fig2,adaptive_jones_vp_proposed,93,3741086398,-5.0,snr_db,-5.0,3,3,3,3,full_6d,3741086398,,,nan,,False,,2168.914150454104,0.0002866229735336939,0.0002866229735336939,1.7632919569401253e-05,2.72146527325592e-05,1.5091181102899318e-12,0.4701282112370664,False,direct_vp,global_exact_spherical_vp,main_single_proposed,True,8c36af6981c3c1d3,adaptive_jones,cpu,False,,numpy,numpy.linalg.solve,fixed_pol_anchor,True,fixed_anchor_then_adaptive_jones_score_selection,fixed_pol_anchor,4.669475928625436,26.389869014566465,15.508409116223568,0.0,True,3,4,3096725.458075429,3098393.738505109,"[15.465882405478801,26.389869014566465,4.669475928625436]","[0.06465845101927603,0.03789332942204595,0.21415679516945335]","[3.215760030215023e-08,3.728262857406019e-08,5.243697128251878e-07]",direct_vp,"[""poor_clock_consistency""]",3096831.334620402,3096560,True,2851980.059132806,75.47780454188087,10.076464836148084,0.1314903785214799,"[5.167810243739877,4.847510547807766,4.978337759703763]",172.96406985074282,2162.562285989523,2336.7011469751596,nan,nan,nan,nan,False,,nan,,,nan,nan,nan,,,,,,,,0.0002866229735336939,1.7632919569401253e-05,0.4701282112370664,nan,nan,nan,False,not_run,not_requested
fig2,PEB,93,3741086398,-5.0,snr_db,-5.0,3,3,3,3,full_6d,3741086398,,,nan,,False,,5.251214452087879,nan,nan,nan,nan,nan,nan,False,,,peb_only,False,33484f90dd2c7eae,,,,,,,adaptive_jones,True,fixed_anchor_then_adaptive_jones_score_selection,,nan,nan,nan,nan,True,,,nan,nan,,,,,[],nan,,,nan,nan,nan,nan,,nan,nan,nan,0.0005375975915449526,nan,nan,0.0005375975915449526,False,c0a81a3b83197cd9cfba67cbec7ea74e0bc1c6abbc0cc35f29e15ac8d0f81a14,0.4700894490329338,computed_unscaled,cpu,nan,nan,nan,,,,,,,,nan,nan,nan,nan,nan,nan,False,,
fig2,adaptive_jones_vp_proposed,47,582567175,0.0,snr_db,0.0,3,3,3,3,full_6d,582567175,,,nan,,False,,147.36578295379877,0.00032294952827767914,0.00032294952827767914,8.003175155619898e-06,5.758931811399086e-05,9.25920001199901e-14,0.21487053815912602,False,direct_vp,global_exact_spherical_vp,main_single_proposed,True,9355d81cf5090c99,adaptive_jones,cpu,False,,numpy,numpy.linalg.solve,fixed_pol_anchor,True,fixed_anchor_then_adaptive_jones_score_selection,fixed_pol_anchor,1.4581406967394557,22.304762931386502,9.143673924453047,0.0,True,3,4,3096725.458075429,3100775.7166862865,"[3.668118145233185,1.4581406967394557,22.304762931386502]","[0.27261935423095845,0.6858048761924271,0.04483347359727054]","[3.4772551756032394e-06,2.4181072268245084e-08,3.1122755083994448e-09]",direct_vp,[],3097251.255451587,3096560,True,5386646.351828356,95.94036344968883,10.961654319275471,0.0494098106035066,"[4.940074785848615,5.015399189403655,4.895696400724024]",191.45673598349094,140.76280277222395,333.5022858157754,nan,nan,nan,nan,False,,nan,,,nan,nan,nan,,,,,,,,0.00032294952827767914,8.003175155619898e-06,0.21487053815912602,nan,nan,nan,False,not_run,not_requested
fig2,PEB,47,582567175,0.0,snr_db,0.0,3,3,3,3,full_6d,582567175,,,nan,,False,,5.122306801378727,nan,nan,nan,nan,nan,nan,False,,,peb_only,False,61b0e3aa9e075879,,,,,,,adaptive_jones,True,fixed_anchor_then_adaptive_jones_score_selection,,nan,nan,nan,nan,True,,,nan,nan,,,,,[],nan,,,nan,nan,nan,nan,,nan,nan,nan,0.00043682862225972085,nan,nan,0.00043682862225972085,False,050689952234d9ff329be9f4e449f2035a50644af1a2423c3a762752f771130c,0.2148236925885505,computed_unscaled,cpu,nan,nan,nan,,,,,,,,nan,nan,nan,nan,nan,nan,False,,
fig2,adaptive_jones_vp_proposed,83,2856883752,-5.0,snr_db,-5.0,3,3,3,3,full_6d,2856883752,,,nan,,False,,2511.372312605381,0.00037172975485834516,0.00037172975485834516,2.0425299909273016e-05,0.0003121125931663092,8.908791104145295e-13,0.6504503573199623,False,direct_vp,global_exact_spherical_vp,main_single_proposed,True,11c08f7af74742f1,adaptive_jones,cpu,False,,numpy,numpy.linalg.solve,fixed_pol_anchor,True,fixed_anchor_then_adaptive_jones_score_selection,fixed_pol_anchor,4.134824597394387,2502.754626139257,840.1320085361976,0.0,True,3,4,3096725.458075429,3106449.154100559,"[13.506574871941185,2502.754626139257,4.134824597394387]","[0.07403801551967941,0.0003995597439129871,0.24184822752240276]","[2.1912386719905144e-07,7.403868905808358e-08,1.3364317305672762e-07]",direct_vp,"[""low_assignment_margin"",""poor_clock_consistency""]",3093013.235848091,3096560,True,2546607.2643053844,97.85671739567448,0.0008636340525749659,48.78309611782742,"[4.936815414789728,108.41385422793503,4.921746253684638]",152.41641379892826,2504.8826067745686,2658.7205926552415,nan,nan,nan,nan,False,,nan,,,nan,nan,nan,,,,,,,,0.00037172975485834516,2.0425299909273016e-05,0.6504503573199623,nan,nan,nan,False,not_run,not_requested
fig2,PEB,83,2856883752,-5.0,snr_db,-5.0,3,3,3,3,full_6d,2856883752,,,nan,,False,,5.350355766713619,nan,nan,nan,nan,nan,nan,False,,,peb_only,False,16fc2c0a4b481534,,,,,,,adaptive_jones,True,fixed_anchor_then_adaptive_jones_score_selection,,nan,nan,nan,nan,True,,,nan,nan,,,,,[],nan,,,nan,nan,nan,nan,,nan,nan,nan,0.0005590930819767731,nan,nan,0.0005590930819767731,False,700eea5a638faf3db61de2a763659338a112f897687c33a7cb33c68c29ad4a9e,0.6511995947266429,computed_unscaled,cpu,nan,nan,nan,,,,,,,,nan,nan,nan,nan,nan,nan,False,,
fig2,adaptive_jones_vp_proposed,48,3302385666,0.0,snr_db,0.0,3,3,3,3,full_6d,3302385666,,,nan,,False,,228.55633932352066,0.00019909070930243321,0.00019909070930243321,6.7789632280698445e-06,0.00014889207272480607,2.0715377950641804e-12,0.4150319117105448,False,direct_vp,global_exact_spherical_vp,main_single_proposed,True,c6922bd6064da091,adaptive_jones,cpu,False,,numpy,numpy.linalg.solve,fixed_pol_anchor,True,fixed_anchor_then_adaptive_jones_score_selection,fixed_pol_anchor,2.151181002641587,11.59901145052239,5.3339265299132395,0.0,True,3,4,3096725.458075429,3100609.280133275,"[2.2515871365757416,11.59901145052239,2.151181002641587]","[0.44413115697514965,0.08621424370982611,0.4648609293080769]","[2.946514234532427e-08,8.352192602038034e-10,3.2073404884933355e-07]",direct_vp,[],3092814.1183213433,3096560,True,7956641.353357756,73.56313525380503,20.398906415251435,0.03215021842416188,"[5.013786893043372,5.003303772484951,5.076139286552679]",209.41150403022766,222.05856728553772,432.8809305205941,nan,nan,nan,nan,False,,nan,,,nan,nan,nan,,,,,,,,0.00019909070930243321,6.7789632280698445e-06,0.4150319117105448,nan,nan,nan,False,not_run,not_requested
fig2,PEB,48,3302385666,0.0,snr_db,0.0,3,3,3,3,full_6d,3302385666,,,nan,,False,,5.369422897696495,nan,nan,nan,nan,nan,nan,False,,,peb_only,False,2dac3c8180907daa,,,,,,,adaptive_jones,True,fixed_anchor_then_adaptive_jones_score_selection,,nan,nan,nan,nan,True,,,nan,nan,,,,,[],nan,,,nan,nan,nan,nan,,nan,nan,nan,0.00036233863343355493,nan,nan,0.00036233863343355493,False,1b543152d623d7ef1c79c425645de2dcbaa35a96910d0ef3f1aa53205c46b486,0.4155367273525431,computed_unscaled,cpu,nan,nan,nan,,,,,,,,nan,nan,nan,nan,nan,nan,False,,
fig2,adaptive_jones_vp_proposed,51,2092735507,0.0,snr_db,0.0,3,3,3,3,full_6d,2092735507,,,nan,,False,,177.32499236613512,0.0006101173984894132,0.0006101173984894132,4.1986808497994505e-06,0.00018797265075421628,5.252588692556392e-13,0.7085828799186281,False,direct_vp,global_exact_spherical_vp,main_single_proposed,True,6432521c61067c24,adaptive_jones,cpu,False,,numpy,numpy.linalg.solve,fixed_pol_anchor,True,fixed_anchor_then_adaptive_jones_score_selection,fixed_pol_anchor,1.173041795271776,14.242628731888242,9.486544934551869,0.0,True,3,4,3096725.458075429,3114286.8464374603,"[14.242628731888242,1.173041795271776,13.04396427649559]","[0.07021175787211442,0.8524845440542399,0.07666381008026016]","[3.90560635872608e-08,1.4655676066663884e-07,5.935466157827681e-08]",direct_vp,"[""poor_clock_consistency""]",3096491.3998109144,3096560,True,6052372.450444052,96.75055614195037,8.1088913281019,0.14109726588863078,"[5.091493517931194,5.04293004638789,4.770868796905363]",170.79326353222132,170.80647331476212,342.95131079107523,nan,nan,nan,nan,False,,nan,,,nan,nan,nan,,,,,,,,0.0006101173984894132,4.1986808497994505e-06,0.7085828799186281,nan,nan,nan,False,not_run,not_requested
fig2,PEB,51,2092735507,0.0,snr_db,0.0,3,3,3,3,full_6d,2092735507,,,nan,,False,,5.260652042925358,nan,nan,nan,nan,nan,nan,False,,,peb_only,False,437d27e4da962ac1,,,,,,,adaptive_jones,True,fixed_anchor_then_adaptive_jones_score_selection,,nan,nan,nan,nan,True,,,nan,nan,,,,,[],nan,,,nan,nan,nan,nan,,nan,nan,nan,0.00042113269827735906,nan,nan,0.00042113269827735906,False,ceb68ab38b09da961371426ea0267363a416dbe569c6f715609cdf27a87a3792,0.7086022393283224,computed_unscaled,cpu,nan,nan,nan,,,,,,,,nan,nan,nan,nan,nan,nan,False,,
fig2,adaptive_jones_vp_proposed,52,2910844986,0.0,snr_db,0.0,3,3,3,3,full_6d,2910844986,,,nan,,False,,193.07242815196514,0.0007002582117764223,0.0007002582117764223,5.778294045081554e-06,5.906511441704441e-05,3.403539999997688e-13,0.166366768013189,False,direct_vp,global_exact_spherical_vp,main_single_proposed,True,42c66750483cfbf6,adaptive_jones,cpu,False,,numpy,numpy.linalg.solve,fixed_pol_anchor,True,fixed_anchor_then_adaptive_jones_score_selection,fixed_pol_anchor,1.6263973638163662,35.8381571478572,13.417355349562833,0.0,True,3,4,3096725.458075429,3116241.2860811385,"[35.8381571478572,1.6263973638163662,2.7875115370149284]","[0.02790322046522844,0.6148558908456777,0.3587429098385314]","[7.28672134357902e-08,1.2354503613724947e-07,3.615321744348978e-07]",direct_vp,[],3098630.843382958,3096560,True,7964812.545658852,75.21062261087046,13.023326151256532,0.0341272591962889,"[4.951336472452767,4.972819475225134,4.89211459316706]",179.79712834954262,186.750178091228,367.80898563563824,nan,nan,nan,nan,False,,nan,,,nan,nan,nan,,,,,,,,0.0007002582117764223,5.778294045081554e-06,0.166366768013189,nan,nan,nan,False,not_run,not_requested
fig2,PEB,52,2910844986,0.0,snr_db,0.0,3,3,3,3,full_6d,2910844986,,,nan,,False,,5.204273074865341,nan,nan,nan,nan,nan,nan,False,,,peb_only,False,7e5df4371eff0918,,,,,,,adaptive_jones,True,fixed_anchor_then_adaptive_jones_score_selection,,nan,nan,nan,nan,True,,,nan,nan,,,,,[],nan,,,nan,nan,nan,nan,,nan,nan,nan,0.000367585070933519,nan,nan,0.000367585070933519,False,9e98686db4702520cd73f5ec75cd23f453189f0d5a51de87101750eedce217fa,0.16625644262443676,computed_unscaled,cpu,nan,nan,nan,,,,,,,,nan,nan,nan,nan,nan,nan,False,,
fig2,adaptive_jones_vp_proposed,53,3576518520,0.0,snr_db,0.0,3,3,3,3,full_6d,3576518520,,,nan,,False,,142.87645603716373,0.0002476711193412541,0.0002476711193412541,1.710840987795451e-06,0.00020208162132101515,2.177818062795459e-13,0.18751556838208427,False,direct_vp,global_exact_spherical_vp,main_single_proposed,True,d88d85b15030be48,adaptive_jones,cpu,False,,numpy,numpy.linalg.solve,fixed_pol_anchor,True,fixed_anchor_then_adaptive_jones_score_selection,fixed_pol_anchor,1.0407644989147198,163.02004445995058,65.0377959980484,0.0,True,3,4,3096725.458075429,3097001.6767256325,"[163.02004445995058,1.0407644989147198,31.052579035279898]","[0.006134214986566585,0.9608321585159096,0.03220344432044801]","[1.2985800135035828e-09,9.372005020178105e-08,8.007807590018058e-08]",direct_vp,"[""poor_clock_consistency""]",3093495.7649672497,3096560,True,3639663.128567837,166.93408940042414,4.739024872374445,0.3479671016425324,"[4.211500926344478,5.010847515510728,4.867394321633971]",196.78504365682602,136.3233007118106,334.46525010466576,nan,nan,nan,nan,False,,nan,,,nan,nan,nan,,,,,,,,0.0002476711193412541,1.710840987795451e-06,0.18751556838208427,nan,nan,nan,False,not_run,not_requested
fig2,PEB,53,3576518520,0.0,snr_db,0.0,3,3,3,3,full_6d,3576518520,,,nan,,False,,5.489832617342472,nan,nan,nan,nan,nan,nan,False,,,peb_only,False,f8599088abd2e847,,,,,,,adaptive_jones,True,fixed_anchor_then_adaptive_jones_score_selection,,nan,nan,nan,nan,True,,,nan,nan,,,,,[],nan,,,nan,nan,nan,nan,,nan,nan,nan,0.0005335762906142651,nan,nan,0.0005335762906142651,False,e200269e04ccf0a54521e583b609be7b0a3b6bdaccfd671ee9c073b4737a05cd,0.18770228013694026,computed_unscaled,cpu,nan,nan,nan,,,,,,,,nan,nan,nan,nan,nan,nan,False,,
fig2,adaptive_jones_vp_proposed,56,2167631329,0.0,snr_db,0.0,3,3,3,3,full_6d,2167631329,,,nan,,False,,121.41038592159748,8.342613763403137e-05,8.342613763403137e-05,3.181765112091805e-06,7.283450559461658e-05,9.088345961565299e-13,0.39487010961661534,False,direct_vp,global_exact_spherical_vp,main_single_proposed,True,4480507248ac276d,adaptive_jones,cpu,False,,numpy,numpy.linalg.solve,fixed_pol_anchor,True,fixed_anchor_then_adaptive_jones_score_selection,fixed_pol_anchor,1.3794463213966992,22.29050272313872,9.324410248973106,0.0,True,3,4,3096725.458075429,3096755.4614690933,"[4.303281702383899,22.29050272313872,1.3794463213966992]","[0.23238078962893005,0.044862155528670816,0.724928534360158]","[7.233153040337064e-07,1.4584234592324113e-09,1.7996602149957154e-07]",direct_vp,[],3095587.0110818124,3096560,True,8129749.647752376,84.94105326092046,12.950144740453572,0.05051448050777332,"[4.936804955761289,4.9073134338176745,5.026128378193854]",170.40267573297024,114.69397616386414,286.31806509941816,nan,nan,nan,nan,False,,nan,,,nan,nan,nan,,,,,,,,8.342613763403137e-05,3.181765112091805e-06,0.39487010961661534,nan,nan,nan,False,not_run,not_requested
fig2,PEB,56,2167631329,0.0,snr_db,0.0,3,3,3,3,full_6d,2167631329,,,nan,,False,,5.414004683494568,nan,nan,nan,nan,nan,nan,False,,,peb_only,False,909ac054ae314213,,,,,,,adaptive_jones,True,fixed_anchor_then_adaptive_jones_score_selection,,nan,nan,nan,nan,True,,,nan,nan,,,,,[],nan,,,nan,nan,nan,nan,,nan,nan,nan,0.00033803070936081365,nan,nan,0.00033803070936081365,False,7d96ebe691cae134218fac4c44588ab5938392c288ecaa287b62d8519dd2dcef,0.3949962640943077,computed_unscaled,cpu,nan,nan,nan,,,,,,,,nan,nan,nan,nan,nan,nan,False,,
fig2,adaptive_jones_vp_proposed,18,3644258948,0.0,snr_db,0.0,3,3,3,3,full_6d,3644258948,,,nan,,False,,1687.3223498091102,0.00016270802026886207,0.00016270802026886207,3.6767700941389336e-06,0.0001342547470729728,1.532479341189766e-12,0.4394780824555106,False,direct_vp,global_exact_spherical_vp,main_single_proposed,True,0bc97dcf209581c5,adaptive_jones,cpu,False,,numpy,numpy.linalg.solve,fixed_pol_anchor,True,fixed_anchor_then_adaptive_jones_score_selection,fixed_pol_anchor,1.3319008062870932,10.821952865926413,6.20783400919327,0.0,True,3,4,3096725.458075429,3105591.3473901376,"[6.469648355366307,10.821952865926413,1.3319008062870932]","[0.1545679061774774,0.09240476394401419,0.7508066631375825]","[1.1543427278906554e-07,8.436170970035078e-08,3.109577809528626e-07]",direct_vp,[],3093957.5320530236,3096560,True,8065215.38115025,80.81145067852302,13.859142483138076,0.09817334733228739,"[5.115998871717966,5.218839618216453,4.979167118249761]",165.8875459805131,1680.7659138962626,1847.9117601960897,nan,nan,nan,nan,False,,nan,,,nan,nan,nan,,,,,,,,0.00016270802026886207,3.6767700941389336e-06,0.4394780824555106,nan,nan,nan,False,not_run,not_requested
fig2,PEB,18,3644258948,0.0,snr_db,0.0,3,3,3,3,full_6d,3644258948,,,nan,,False,,5.371901951730251,nan,nan,nan,nan,nan,nan,False,,,peb_only,False,d8fff79d2cf5dd7a,,,,,,,adaptive_jones,True,fixed_anchor_then_adaptive_jones_score_selection,,nan,nan,nan,nan,True,,,nan,nan,,,,,[],nan,,,nan,nan,nan,nan,,nan,nan,nan,0.0003337104219380406,nan,nan,0.0003337104219380406,False,10eabe3ea0bf687d98504e31e23e6506b4b182585a8f16e7a2bae8ed9d09e41a,0.43985002009860585,computed_unscaled,cpu,nan,nan,nan,,,,,,,,nan,nan,nan,nan,nan,nan,False,,
fig2,adaptive_jones_vp_proposed,57,476784074,0.0,snr_db,0.0,3,3,3,3,full_6d,476784074,,,nan,,False,,159.09944673627615,0.0001720159638516647,0.0001720159638516647,5.421935548156069e-06,5.257020498644658e-05,4.125320931455451e-14,0.17667710714226822,False,direct_vp,global_exact_spherical_vp,main_single_proposed,True,fd37e699cbae5c3a,adaptive_jones,cpu,False,,numpy,numpy.linalg.solve,fixed_pol_anchor,True,fixed_anchor_then_adaptive_jones_score_selection,fixed_pol_anchor,2.2137132064719514,4.067853758887071,3.2193531940514375,0.0,True,3,4,3096725.458075429,3098061.831888515,"[3.3764926167952907,4.067853758887071,2.2137132064719514]","[0.29616531516237915,0.24582987965366862,0.4517296988038982]","[6.888326817364299e-07,2.5790605989012764e-08,2.233388343385136e-07]",direct_vp,[],3100071.8067662446,3096560,True,8522737.362227218,61.78839341600389,17.059498153719016,0.03910935327203821,"[4.987032369801241,4.969808072296025,5.060031675463413]",174.2710261270404,152.7778352573514,328.28028356283903,nan,nan,nan,nan,False,,nan,,,nan,nan,nan,,,,,,,,0.0001720159638516647,5.421935548156069e-06,0.17667710714226822,nan,nan,nan,False,not_run,not_requested
fig2,PEB,57,476784074,0.0,snr_db,0.0,3,3,3,3,full_6d,476784074,,,nan,,False,,5.27481147646904,nan,nan,nan,nan,nan,nan,False,,,peb_only,False,2e44181b8c19db13,,,,,,,adaptive_jones,True,fixed_anchor_then_adaptive_jones_score_selection,,nan,nan,nan,nan,True,,,nan,nan,,,,,[],nan,,,nan,nan,nan,nan,,nan,nan,nan,0.0003462672655432258,nan,nan,0.0003462672655432258,False,0678217d596e534740a4e9789e3054b9b6004d88d7430db9577064550d35976f,0.17647787658727254,computed_unscaled,cpu,nan,nan,nan,,,,,,,,nan,nan,nan,nan,nan,nan,False,,
fig2,adaptive_jones_vp_proposed,12,2210497206,0.0,snr_db,0.0,3,3,3,3,full_6d,2210497206,,,nan,,False,,1917.2552591115236,0.00039776473141046143,0.00039776473141046143,3.0273864487053307e-06,1.385955737305858e-05,2.857190496928749e-13,0.4559175753340896,False,direct_vp,global_exact_spherical_vp,main_single_proposed,True,f6fedd1d480f2ba1,adaptive_jones,cpu,False,,numpy,numpy.linalg.solve,fixed_pol_anchor,True,fixed_anchor_then_adaptive_jones_score_selection,fixed_pol_anchor,1.89608634120962,5.148189812237422,3.5333853919628204,0.0,True,3,4,3096725.458075429,3330332.118820864,"[5.148189812237422,3.55588002244142,1.89608634120962]","[0.19424303230192055,0.2812243365033046,0.527402143174634]","[2.4902540004733595e-07,8.245672605331561e-08,4.2699016153543773e-07]",direct_vp,[],3098867.906828884,3096560,True,9097435.519196928,71.46653369369122,18.203242554294757,0.013781580504873967,"[5.060339718306544,5.086379321520149,5.054754463508865]",178.4952162951231,1910.7714236229658,2090.6648093909025,nan,nan,nan,nan,False,,nan,,,nan,nan,nan,,,,,,,,0.00039776473141046143,3.0273864487053307e-06,0.4559175753340896,nan,nan,nan,False,not_run,not_requested
fig2,PEB,12,2210497206,0.0,snr_db,0.0,3,3,3,3,full_6d,2210497206,,,nan,,False,,5.2812511548399925,nan,nan,nan,nan,nan,nan,False,,,peb_only,False,615501f1ead2a0ab,,,,,,,adaptive_jones,True,fixed_anchor_then_adaptive_jones_score_selection,,nan,nan,nan,nan,True,,,nan,nan,,,,,[],nan,,,nan,nan,nan,nan,,nan,nan,nan,0.0003215338475920975,nan,nan,0.0003215338475920975,False,0a1c4f0b423cde7d810066f20685360779b434f786c785131581505ed3dd312e,0.45558038103096565,computed_unscaled,cpu,nan,nan,nan,,,,,,,,nan,nan,nan,nan,nan,nan,False,,
fig2,adaptive_jones_vp_proposed,58,1249403404,0.0,snr_db,0.0,3,3,3,3,full_6d,1249403404,,,nan,,False,,231.80747504532337,0.00029851859680543483,0.00029851859680543483,4.727360725960665e-06,6.225168428641084e-06,1.8909836470604273e-12,0.6789274411460507,False,direct_vp,global_exact_spherical_vp,main_single_proposed,True,badbc7e5427e00fe,adaptive_jones,cpu,False,,numpy,numpy.linalg.solve,fixed_pol_anchor,True,fixed_anchor_then_adaptive_jones_score_selection,fixed_pol_anchor,1.956317039273136,17.683651382083422,7.320060388563829,0.0,True,3,4,3096725.458075429,3099974.258525263,"[1.956317039273136,2.3202127443349303,17.683651382083422]","[0.5111645913842221,0.4309949604575254,0.05654940704132452]","[6.529292180459959e-07,4.340081303319261e-08,5.7780131993079854e-08]",direct_vp,"[""poor_clock_consistency""]",3097920.8914537136,3096560,True,4401919.279267283,95.44311768296835,15.78950900591324,0.18548810316160994,"[5.0009109587369,4.918231934735402,5.34648151136078]",168.95232889801264,225.17186533659697,395.38650918006897,nan,nan,nan,nan,False,,nan,,,nan,nan,nan,,,,,,,,0.00029851859680543483,4.727360725960665e-06,0.6789274411460507,nan,nan,nan,False,not_run,not_requested
fig2,PEB,58,1249403404,0.0,snr_db,0.0,3,3,3,3,full_6d,1249403404,,,nan,,False,,5.489167422056198,nan,nan,nan,nan,nan,nan,False,,,peb_only,False,d59f3af838274759,,,,,,,adaptive_jones,True,fixed_anchor_then_adaptive_jones_score_selection,,nan,nan,nan,nan,True,,,nan,nan,,,,,[],nan,,,nan,nan,nan,nan,,nan,nan,nan,0.00048249752736609266,nan,nan,0.00048249752736609266,False,282ef6b6a0b0bdc03992830ab54a887d3acbc9d2eab301295ecf986d4506a68e,0.6786327003359133,computed_unscaled,cpu,nan,nan,nan,,,,,,,,nan,nan,nan,nan,nan,nan,False,,
fig2,adaptive_jones_vp_proposed,59,1187262716,0.0,snr_db,0.0,3,3,3,3,full_6d,1187262716,,,nan,,False,,156.02062432467937,0.00026263660198002617,0.00026263660198002617,4.80355736349862e-06,0.00022362024132957308,6.929300686746752e-13,0.24935707281858638,False,direct_vp,global_exact_spherical_vp,main_single_proposed,True,2075c863a78f242a,adaptive_jones,cpu,False,,numpy,numpy.linalg.solve,fixed_pol_anchor,True,fixed_anchor_then_adaptive_jones_score_selection,fixed_pol_anchor,1.629068763760734,28.61336922571409,11.011285400451557,0.0,True,3,4,3096725.458075429,3101413.5014806665,"[1.629068763760734,28.61336922571409,2.7914182118798445]","[0.613847630157645,0.034948698004872235,0.3582408382023744]","[5.488196668766821e-07,1.2888646610211861e-08,3.0021946167186857e-07]",direct_vp,[],3097887.1933659688,3096560,True,7669024.563213762,73.77341492029912,15.798987065437585,0.06201621719086932,"[5.078537995481877,4.9425208225049895,4.951950002479501]",192.7368298470974,149.40595261752605,343.53740483522415,nan,nan,nan,nan,False,,nan,,,nan,nan,nan,,,,,,,,0.00026263660198002617,4.80355736349862e-06,0.24935707281858638,nan,nan,nan,False,not_run,not_requested
fig2,PEB,59,1187262716,0.0,snr_db,0.0,3,3,3,3,full_6d,1187262716,,,nan,,False,,5.258219391107559,nan,nan,nan,nan,nan,nan,False,,,peb_only,False,60568c231d1537f8,,,,,,,adaptive_jones,True,fixed_anchor_then_adaptive_jones_score_selection,,nan,nan,nan,nan,True,,,nan,nan,,,,,[],nan,,,nan,nan,nan,nan,,nan,nan,nan,0.000376380895406567,nan,nan,0.000376380895406567,False,ba85b3dc69f0d5910f5e051466d13a9fa16bdfb1c72eaceaa138a692faa0065e,0.2492515314223931,computed_unscaled,cpu,nan,nan,nan,,,,,,,,nan,nan,nan,nan,nan,nan,False,,
fig2,adaptive_jones_vp_proposed,55,3199904066,0.0,snr_db,0.0,3,3,3,3,full_6d,3199904066,,,nan,,False,,294.6652288734913,0.00015833323303504618,0.00015833323303504618,3.476065848098766e-06,0.0001401789390746671,6.195630170902908e-13,0.39241461464078314,False,direct_vp,global_exact_spherical_vp,main_single_proposed,True,92676ec7b82feb0e,adaptive_jones,cpu,False,,numpy,numpy.linalg.solve,fixed_pol_anchor,True,fixed_anchor_then_adaptive_jones_score_selection,fixed_pol_anchor,2.0776333633093818,3.928167882719579,3.245892080401377,0.0,True,3,4,3096725.458075429,3096823.1424626457,"[3.928167882719579,3.7318749951751697,2.0776333633093818]","[0.25457160433370896,0.2679618157867395,0.48131687604643636]","[3.6686083567167294e-07,1.2257516644534956e-07,2.1691445794020493e-07]",direct_vp,[],3094481.9084717934,3096560,True,8545720.943036208,66.28593347394393,25.108029537935792,0.019182211723891143,"[5.010946361275967,5.007967808307971,4.968847310396468]",169.7621757015586,288.14395136386156,459.2944943755865,nan,nan,nan,nan,False,,nan,,,nan,nan,nan,,,,,,,,0.00015833323303504618,3.476065848098766e-06,0.39241461464078314,nan,nan,nan,False,not_run,not_requested
fig2,PEB,55,3199904066,0.0,snr_db,0.0,3,3,3,3,full_6d,3199904066,,,nan,,False,,5.253926664590836,nan,nan,nan,nan,nan,nan,False,,,peb_only,False,b7d236cfb0245ba7,,,,,,,adaptive_jones,True,fixed_anchor_then_adaptive_jones_score_selection,,nan,nan,nan,nan,True,,,nan,nan,,,,,[],nan,,,nan,nan,nan,nan,,nan,nan,nan,0.0003434943240829625,nan,nan,0.0003434943240829625,False,ff385e78e5554a838decb9742089f6308b997df2029ddf9a6dfeb38655607425,0.39268016866383754,computed_unscaled,cpu,nan,nan,nan,,,,,,,,nan,nan,nan,nan,nan,nan,False,,
fig2,adaptive_jones_vp_proposed,60,1839575832,0.0,snr_db,0.0,3,3,3,3,full_6d,1839575832,,,nan,,False,,180.69337394833565,0.0005858754381341242,0.0005858754381341242,3.7539430767552846e-06,2.6683555259081202e-05,2.4377908533938665e-13,0.5609026974825991,False,direct_vp,global_exact_spherical_vp,main_single_proposed,True,c707f6419805fdcb,adaptive_jones,cpu,False,,numpy,numpy.linalg.solve,fixed_pol_anchor,True,fixed_anchor_then_adaptive_jones_score_selection,fixed_pol_anchor,1.2335055989070045,17.007918536309,8.685083226396229,0.0,True,3,4,3096725.458075429,3103378.1405134923,"[7.81382554397268,1.2335055989070045,17.007918536309]","[0.12797828597076272,0.8106975767964534,0.05879614238792143]","[5.017889175882837e-07,1.0892367801246991e-09,1.747478176824875e-08]",direct_vp,[],3095668.0645836764,3096560,True,5690352.98612162,93.95818496610943,12.118161752135224,0.07056467908488642,"[5.174791712393766,5.005917576054894,5.122265884586285]",174.9755596369505,174.14015590399504,350.489559546113,nan,nan,nan,nan,False,,nan,,,nan,nan,nan,,,,,,,,0.0005858754381341242,3.7539430767552846e-06,0.5609026974825991,nan,nan,nan,False,not_run,not_requested
fig2,PEB,60,1839575832,0.0,snr_db,0.0,3,3,3,3,full_6d,1839575832,,,nan,,False,,5.313619814813137,nan,nan,nan,nan,nan,nan,False,,,peb_only,False,906f0fda54110c4a,,,,,,,adaptive_jones,True,fixed_anchor_then_adaptive_jones_score_selection,,nan,nan,nan,nan,True,,,nan,nan,,,,,[],nan,,,nan,nan,nan,nan,,nan,nan,nan,0.0004322350168516508,nan,nan,0.0004322350168516508,False,42d79a12e13d52ea36763a6478c0ea4b122194dbd7e070b6eef8b19740c115ec,0.5610672058903261,computed_unscaled,cpu,nan,nan,nan,,,,,,,,nan,nan,nan,nan,nan,nan,False,,
fig2,adaptive_jones_vp_proposed,61,3445288900,0.0,snr_db,0.0,3,3,3,3,full_6d,3445288900,,,nan,,False,,152.8260753005743,0.000368058784177515,0.000368058784177515,5.15992201131754e-06,0.00015198397542110295,1.1759089045501525e-12,0.5671064602717045,False,direct_vp,global_exact_spherical_vp,main_single_proposed,True,df48b91425252474,adaptive_jones,cpu,False,,numpy,numpy.linalg.solve,fixed_pol_anchor,True,fixed_anchor_then_adaptive_jones_score_selection,fixed_pol_anchor,1.176059458788443,15.299899683388064,9.397262252928565,0.0,True,3,4,3096725.458075429,3098258.664812206,"[11.71582761660919,1.176059458788443,15.299899683388064]","[0.08535461878686343,0.8502971448646035,0.06535990566464005]","[2.4606414912949404e-08,2.0480539836557108e-07,1.4120982747368416e-07]",direct_vp,[],3096024.2583441003,3096560,True,5645203.111919297,109.13642945642287,10.878170425912916,0.06402355720442075,"[4.8473606014743,5.000994381455952,4.896918223621017]",181.79658522456884,146.24696691334248,329.4130188971758,nan,nan,nan,nan,False,,nan,,,nan,nan,nan,,,,,,,,0.000368058784177515,5.15992201131754e-06,0.5671064602717045,nan,nan,nan,False,not_run,not_requested
fig2,PEB,61,3445288900,0.0,snr_db,0.0,3,3,3,3,full_6d,3445288900,,,nan,,False,,5.245252825319767,nan,nan,nan,nan,nan,nan,False,,,peb_only,False,812cb421948a255b,,,,,,,adaptive_jones,True,fixed_anchor_then_adaptive_jones_score_selection,,nan,nan,nan,nan,True,,,nan,nan,,,,,[],nan,,,nan,nan,nan,nan,,nan,nan,nan,0.00043978247099798416,nan,nan,0.00043978247099798416,False,ce2b3681cf373b19e71cb19b884bc3b16d08555336684f81783906b12368ba1d,0.567207524162473,computed_unscaled,cpu,nan,nan,nan,,,,,,,,nan,nan,nan,nan,nan,nan,False,,
fig2,adaptive_jones_vp_proposed,65,2236466502,0.0,snr_db,0.0,3,3,3,3,full_6d,2236466502,,,nan,,False,,159.0366324186325,0.0001983080261083711,0.0001983080261083711,5.167935669793967e-06,0.00012088670980687023,2.1514876774307502e-12,0.10593867940410752,False,direct_vp,global_exact_spherical_vp,main_single_proposed,True,14db12a42f336fa3,adaptive_jones,cpu,False,,numpy,numpy.linalg.solve,fixed_pol_anchor,True,fixed_anchor_then_adaptive_jones_score_selection,fixed_pol_anchor,2.234882253744526,6.163424850140221,3.653338991813611,0.0,True,3,4,3096725.458075429,3098287.704375693,"[2.561709871556086,6.163424850140221,2.234882253744526]","[0.3903642684524606,0.16224745564490592,0.4474508660678985]","[3.2120926950011117e-07,1.8356240364626615e-07,3.529085645532553e-07]",direct_vp,[],3100303.2764539425,3096560,True,8808771.15014685,69.9790519689791,17.986347211135843,0.05986507735209383,"[5.071717330470503,5.027780373978989,4.9285903544651095]",160.52560494095087,152.73021038621664,314.6728479191661,nan,nan,nan,nan,False,,nan,,,nan,nan,nan,,,,,,,,0.0001983080261083711,5.167935669793967e-06,0.10593867940410752,nan,nan,nan,False,not_run,not_requested
fig2,PEB,65,2236466502,0.0,snr_db,0.0,3,3,3,3,full_6d,2236466502,,,nan,,False,,5.244888797402382,nan,nan,nan,nan,nan,nan,False,,,peb_only,False,2c3c920bb756571e,,,,,,,adaptive_jones,True,fixed_anchor_then_adaptive_jones_score_selection,,nan,nan,nan,nan,True,,,nan,nan,,,,,[],nan,,,nan,nan,nan,nan,,nan,nan,nan,0.00033978624755262186,nan,nan,0.00033978624755262186,False,8713a1af4c8a44df0d773df8c1e647ae5757abeba9d4009ab7b9d7ee65d54a43,0.1058113167850039,computed_unscaled,cpu,nan,nan,nan,,,,,,,,nan,nan,nan,nan,nan,nan,False,,
fig2,adaptive_jones_vp_proposed,62,1815661330,0.0,snr_db,0.0,3,3,3,3,full_6d,1815661330,,,nan,,False,,186.9098512083292,0.0004066357917008455,0.0004066357917008455,5.065186284694243e-06,8.431295140624907e-05,1.4122268827993547e-12,0.5661605423265488,False,direct_vp,global_exact_spherical_vp,main_single_proposed,True,aaebbd73bfd64aea,adaptive_jones,cpu,False,,numpy,numpy.linalg.solve,fixed_pol_anchor,True,fixed_anchor_then_adaptive_jones_score_selection,fixed_pol_anchor,1.0838011200362423,44.59470627311704,21.49453547967764,0.0,True,3,4,3096725.458075429,3195008.4760003374,"[1.0838011200362423,18.80509904587964,44.59470627311704]","[0.9226785076264511,0.05317706636596012,0.02242418626621236]","[2.07394811855605e-07,2.6934186896068404e-09,3.25713059872947e-08]",direct_vp,"[""poor_clock_consistency""]",3097295.7690502126,3096560,True,3411979.8844634253,173.89305087197027,6.496488183291512,0.2876553105182834,"[5.017959023654228,4.959869843503362,4.380782593535687]",178.20304645597935,180.49580551683903,359.93041284382343,nan,nan,nan,nan,False,,nan,,,nan,nan,nan,,,,,,,,0.0004066357917008455,5.065186284694243e-06,0.5661605423265488,nan,nan,nan,False,not_run,not_requested
fig2,PEB,62,1815661330,0.0,snr_db,0.0,3,3,3,3,full_6d,1815661330,,,nan,,False,,5.114569380879402,nan,nan,nan,nan,nan,nan,False,,,peb_only,False,086c6dd990226f27,,,,,,,adaptive_jones,True,fixed_anchor_then_adaptive_jones_score_selection,,nan,nan,nan,nan,True,,,nan,nan,,,,,[],nan,,,nan,nan,nan,nan,,nan,nan,nan,0.0005692369713952982,nan,nan,0.0005692369713952982,False,97d98efc9e77b8da847d52d27748aedf3c40844281671ccf00f295af09763222,0.5660289743827024,computed_unscaled,cpu,nan,nan,nan,,,,,,,,nan,nan,nan,nan,nan,nan,False,,
fig2,adaptive_jones_vp_proposed,16,1080178429,0.0,snr_db,0.0,3,3,3,3,full_6d,1080178429,,,nan,,False,,2080.7513538897038,8.47935541356051e-05,8.47935541356051e-05,1.8700996047835251e-06,7.077741019906622e-05,9.962533345654076e-13,0.4809288950988952,False,direct_vp_rollback,global_exact_spherical_vp,main_single_proposed,True,b5542c48f0487d32,adaptive_jones,cpu,False,,numpy,numpy.linalg.solve,fixed_pol_anchor,True,fixed_anchor_then_adaptive_jones_score_selection,fixed_pol_anchor,1.5807264272085186,199.39405273005937,67.9231593070598,0.0,True,3,4,3096725.458075429,3145390.660537287,"[2.794698763911505,199.39405273005937,1.5807264272085186]","[0.3578203178497812,0.005015194716737167,0.6326205362204058]","[1.9591879154519782e-07,3.308106541006263e-10,5.437906279343573e-08]",jnpp_then_vp,"[""poor_clock_consistency""]",3100975.130833448,3096560,False,8587193.555161769,87.5461105622494,6.8140858131833735,0.13779687530532186,"[5.037427342946251,5.223249760443326,4.88631308854749]",188.7349775955081,1796.3035585954785,1986.361144438386,nan,nan,nan,nan,False,,nan,,,nan,nan,nan,,,,,,,,8.47935541356051e-05,1.8700996047835251e-06,0.4809288950988952,8.479747286554793e-05,1.8701170906845454e-06,0.480928895098895,True,rollback,existing_selector_rollback
fig2,PEB,16,1080178429,0.0,snr_db,0.0,3,3,3,3,full_6d,1080178429,,,nan,,False,,5.201504923403263,nan,nan,nan,nan,nan,nan,False,,,peb_only,False,f1e44ef57d937e67,,,,,,,adaptive_jones,True,fixed_anchor_then_adaptive_jones_score_selection,,nan,nan,nan,nan,True,,,nan,nan,,,,,[],nan,,,nan,nan,nan,nan,,nan,nan,nan,0.00033179091832482714,nan,nan,0.00033179091832482714,False,2793ff1fce7242989610050dae2e9fefacb8b15f6d60bfd2b55605797f0e0ce8,0.4802466357959781,computed_unscaled,cpu,nan,nan,nan,,,,,,,,nan,nan,nan,nan,nan,nan,False,,
fig2,adaptive_jones_vp_proposed,63,3424526765,0.0,snr_db,0.0,3,3,3,3,full_6d,3424526765,,,nan,,False,,174.80370366573334,0.00010961357036613268,0.00010961357036613268,5.86108760613685e-06,8.663775978678094e-05,1.080019275610622e-12,0.32541658072709445,False,direct_vp,global_exact_spherical_vp,main_single_proposed,True,d03636ca2e89ada9,adaptive_jones,cpu,False,,numpy,numpy.linalg.solve,fixed_pol_anchor,True,fixed_anchor_then_adaptive_jones_score_selection,fixed_pol_anchor,1.8552138800309388,8.255196890571792,4.353072804546502,0.0,True,3,4,3096725.458075429,3115870.2530755424,"[8.255196890571792,1.8552138800309388,2.9488076430367776]","[0.12113581459623797,0.5390214092088769,0.339120119400945]","[5.372499731990823e-07,5.152709879911004e-08,9.429438478023362e-07]",direct_vp,[],3097440.666868949,3096560,True,7479816.908837734,71.76390935266723,14.483437226254885,0.040267787101444186,"[4.988320051151626,5.049324340778764,5.085945839612785]",181.64148637652397,168.3883431777358,351.38413967192173,nan,nan,nan,nan,False,,nan,,,nan,nan,nan,,,,,,,,0.00010961357036613268,5.86108760613685e-06,0.32541658072709445,nan,nan,nan,False,not_run,not_requested
fig2,PEB,63,3424526765,0.0,snr_db,0.0,3,3,3,3,full_6d,3424526765,,,nan,,False,,5.292288467288017,nan,nan,nan,nan,nan,nan,False,,,peb_only,False,101f6e22284f34c0,,,,,,,adaptive_jones,True,fixed_anchor_then_adaptive_jones_score_selection,,nan,nan,nan,nan,True,,,nan,nan,,,,,[],nan,,,nan,nan,nan,nan,,nan,nan,nan,0.0003765527517119302,nan,nan,0.0003765527517119302,False,258f950ff6512034899ff541f16fbb81fb7ab692c62ede128038d4532b76f1bb,0.3253257389753957,computed_unscaled,cpu,nan,nan,nan,,,,,,,,nan,nan,nan,nan,nan,nan,False,,
fig2,adaptive_jones_vp_proposed,66,437355907,0.0,snr_db,0.0,3,3,3,3,full_6d,437355907,,,nan,,False,,145.91639409959316,0.0005561036400750019,0.0005561036400750019,8.102810889925822e-06,0.00011733879543718992,1.489820246093013e-13,0.5809972765632742,False,direct_vp,global_exact_spherical_vp,main_single_proposed,True,134864fec844d522,adaptive_jones,cpu,False,,numpy,numpy.linalg.solve,fixed_pol_anchor,True,fixed_anchor_then_adaptive_jones_score_selection,fixed_pol_anchor,2.025922822960332,7.671666684823149,4.11800570281014,0.0,True,3,4,3096725.458075429,3097143.4697032226,"[2.6564276006469383,7.671666684823149,2.025922822960332]","[0.37644541855904773,0.13034977157840125,0.4936022185370061]","[1.3291950560071352e-07,1.636731225581168e-08,5.623429124743282e-07]",direct_vp,[],3097743.0347851263,3096560,True,8339253.087939948,77.95649245260806,23.22555376287448,0.02988875654495261,"[5.070301723517867,5.008132946009154,5.005731482789585]",186.50103667378426,139.3407829925418,327.1720796599984,nan,nan,nan,nan,False,,nan,,,nan,nan,nan,,,,,,,,0.0005561036400750019,8.102810889925822e-06,0.5809972765632742,nan,nan,nan,False,not_run,not_requested
fig2,PEB,66,437355907,0.0,snr_db,0.0,3,3,3,3,full_6d,437355907,,,nan,,False,,5.336091183125973,nan,nan,nan,nan,nan,nan,False,,,peb_only,False,ef71c1b4bc47b921,,,,,,,adaptive_jones,True,fixed_anchor_then_adaptive_jones_score_selection,,nan,nan,nan,nan,True,,,nan,nan,,,,,[],nan,,,nan,nan,nan,nan,,nan,nan,nan,0.00035478711051341387,nan,nan,0.00035478711051341387,False,34c19cd95e99da79457cbf3518f1232a26ad19f1e8691866bda8c30a1c520f1f,0.5807783933233801,computed_unscaled,cpu,nan,nan,nan,,,,,,,,nan,nan,nan,nan,nan,nan,False,,
fig2,adaptive_jones_vp_proposed,11,3685333214,0.0,snr_db,0.0,3,3,3,3,full_6d,3685333214,,,nan,,False,,2287.149323090911,3.138274644719336e-05,3.138274644719336e-05,2.5856422693281907e-06,1.3406406714286329e-05,5.663478790779999e-13,0.2863128181445631,False,direct_vp,global_exact_spherical_vp,main_single_proposed,True,d0fcdf58b47fa3f9,adaptive_jones,cpu,False,,numpy,numpy.linalg.solve,fixed_pol_anchor,True,fixed_anchor_then_adaptive_jones_score_selection,fixed_pol_anchor,1.208221160269578,32.31760563547053,13.521559439274895,0.0,True,3,4,3096725.458075429,3182607.2360916696,"[32.31760563547053,1.208221160269578,7.038851522084577]","[0.030942886402144903,0.8276630412396286,0.14206863106224582]","[7.386148478838641e-10,1.5181439106988763e-07,3.4697948216582976e-07]",direct_vp,"[""poor_clock_consistency""]",3091929.024929754,3096560,True,6004870.262435593,91.93557748307141,7.572658829541969,0.24705509246628612,"[5.5040644185844005,4.96693599107764,4.994081950583441]",189.4109648913145,2280.9322401434183,2471.607005238533,nan,nan,nan,nan,False,,nan,,,nan,nan,nan,,,,,,,,3.138274644719336e-05,2.5856422693281907e-06,0.2863128181445631,nan,nan,nan,False,not_run,not_requested
fig2,PEB,11,3685333214,0.0,snr_db,0.0,3,3,3,3,full_6d,3685333214,,,nan,,False,,5.446245141327381,nan,nan,nan,nan,nan,nan,False,,,peb_only,False,39b2e0de1e42de10,,,,,,,adaptive_jones,True,fixed_anchor_then_adaptive_jones_score_selection,,nan,nan,nan,nan,True,,,nan,nan,,,,,[],nan,,,nan,nan,nan,nan,,nan,nan,nan,0.0004307467863547109,nan,nan,0.0004307467863547109,False,e9ccda1e403051d390ee49d3f08d80b8c395469b47c082ff498964bcdaeda690,0.2867431283222813,computed_unscaled,cpu,nan,nan,nan,,,,,,,,nan,nan,nan,nan,nan,nan,False,,
fig2,adaptive_jones_vp_proposed,67,804537149,0.0,snr_db,0.0,3,3,3,3,full_6d,804537149,,,nan,,False,,168.11747636646032,0.0008040557265909806,0.0008040557265909806,7.863923644964197e-06,2.941007543284715e-05,2.1961378469754504e-12,0.4543931302908198,False,direct_vp,global_exact_spherical_vp,main_single_proposed,True,118d4e3e0d0ac5ea,adaptive_jones,cpu,False,,numpy,numpy.linalg.solve,fixed_pol_anchor,True,fixed_anchor_then_adaptive_jones_score_selection,fixed_pol_anchor,2.8983306133378695,3.1367678757689577,3.0097360347690283,0.0,True,3,4,3096725.458075429,3097581.2233179356,"[2.8983306133378695,2.9941096152002578,3.1367678757689577]","[0.34502620073610213,0.3339891081209203,0.3187994903039231]","[1.8923017964719122e-07,5.084045911588597e-08,2.1338855060149418e-07]",direct_vp,[],3092776.9057807825,3096560,True,8120968.481201496,70.3737713184648,13.970014464350491,0.08079184626352338,"[5.07762912808655,5.113624911679184,4.927100527678604]",202.68100724369287,161.6246311739087,365.5946547463536,nan,nan,nan,nan,False,,nan,,,nan,nan,nan,,,,,,,,0.0008040557265909806,7.863923644964197e-06,0.4543931302908198,nan,nan,nan,False,not_run,not_requested
fig2,PEB,67,804537149,0.0,snr_db,0.0,3,3,3,3,full_6d,804537149,,,nan,,False,,5.366768926382065,nan,nan,nan,nan,nan,nan,False,,,peb_only,False,b16aefe1a60bd8bb,,,,,,,adaptive_jones,True,fixed_anchor_then_adaptive_jones_score_selection,,nan,nan,nan,nan,True,,,nan,nan,,,,,[],nan,,,nan,nan,nan,nan,,nan,nan,nan,0.00035418023463707567,nan,nan,0.00035418023463707567,False,b26904abe3f7d46852807fc0a30cd211634c6c8e972ac0e965050f20e27517f2,0.45495129609686724,computed_unscaled,cpu,nan,nan,nan,,,,,,,,nan,nan,nan,nan,nan,nan,False,,
fig2,adaptive_jones_vp_proposed,14,1092560480,0.0,snr_db,0.0,3,3,3,3,full_6d,1092560480,,,nan,,False,,2310.955810792744,0.0003501749054091072,0.0003501749054091072,6.0673551164797476e-06,0.00025026627106900965,6.89238340149706e-13,0.2161752977241097,False,direct_vp,global_exact_spherical_vp,main_single_proposed,True,bf7dfadd73e0d930,adaptive_jones,cpu,False,,numpy,numpy.linalg.solve,fixed_pol_anchor,True,fixed_anchor_then_adaptive_jones_score_selection,fixed_pol_anchor,2.2510803055411683,3.738941893988557,3.170392675763413,0.0,True,3,4,3096725.458075429,3215725.0288892826,"[3.738941893988557,3.521155827760513,2.2510803055411683]","[0.26745534655247083,0.2839976555745015,0.44423115316507783]","[3.2004381646135145e-07,3.5374665869097173e-07,7.691623125909698e-07]",direct_vp,[],3094527.369531543,3096560,True,7933101.624079568,68.78333660803138,17.178267567119818,0.04625948013923814,"[5.075687539445385,4.971542031850542,4.98494939158239]",194.9554630368948,2304.633663788438,2500.947109773755,nan,nan,nan,nan,False,,nan,,,nan,nan,nan,,,,,,,,0.0003501749054091072,6.0673551164797476e-06,0.2161752977241097,nan,nan,nan,False,not_run,not_requested
fig2,PEB,14,1092560480,0.0,snr_db,0.0,3,3,3,3,full_6d,1092560480,,,nan,,False,,5.270912282168865,nan,nan,nan,nan,nan,nan,False,,,peb_only,False,fd7f4237118e868d,,,,,,,adaptive_jones,True,fixed_anchor_then_adaptive_jones_score_selection,,nan,nan,nan,nan,True,,,nan,nan,,,,,[],nan,,,nan,nan,nan,nan,,nan,nan,nan,0.0003614969438072783,nan,nan,0.0003614969438072783,False,f1022bc01518ff6f31f9f6e642efb32029d98d2c096644b99cc3e0e6c8ec44d7,0.21631840949807746,computed_unscaled,cpu,nan,nan,nan,,,,,,,,nan,nan,nan,nan,nan,nan,False,,
fig2,adaptive_jones_vp_proposed,5,2290547997,0.0,snr_db,0.0,3,3,3,3,full_6d,2290547997,,,nan,,False,,2633.0181390866637,0.0005429745495457618,0.0005429745495457618,4.503318754914088e-06,5.6763965554634414e-05,8.385433620579829e-13,0.27276976710982365,False,direct_vp,global_exact_spherical_vp,main_single_proposed,True,8b7386f6f7d87df5,adaptive_jones,cpu,False,,numpy,numpy.linalg.solve,fixed_pol_anchor,True,fixed_anchor_then_adaptive_jones_score_selection,fixed_pol_anchor,1.7084211043234234,5.768545116076141,3.8485429625029437,0.0,True,3,4,3096725.458075429,3102240.1809715875,"[5.768545116076141,1.7084211043234234,4.068662667109267]","[0.17335393584898368,0.5853357801935584,0.24578100516414123]","[7.782032634398723e-07,3.4512099826248273e-09,3.1230912063583243e-07]",direct_vp,[],3093962.1544044777,3096560,True,7168793.762060017,74.88002694016292,18.89398674792953,0.03376528658144478,"[5.003589586975943,5.024024048051841,5.083213230769982]",166.2579646334052,2626.8214313685894,2794.24526476115,nan,nan,nan,nan,False,,nan,,,nan,nan,nan,,,,,,,,0.0005429745495457618,4.503318754914088e-06,0.27276976710982365,nan,nan,nan,False,not_run,not_requested
fig2,PEB,5,2290547997,0.0,snr_db,0.0,3,3,3,3,full_6d,2290547997,,,nan,,False,,4.986271485686302,nan,nan,nan,nan,nan,nan,False,,,peb_only,False,845fd8f2f7a54d77,,,,,,,adaptive_jones,True,fixed_anchor_then_adaptive_jones_score_selection,,nan,nan,nan,nan,True,,,nan,nan,,,,,[],nan,,,nan,nan,nan,nan,,nan,nan,nan,0.00038367186194753237,nan,nan,0.00038367186194753237,False,38f1169f92c897947506b479f5ee71ac29695cde812eaf9f2f26b2ce8e8773e4,0.27300020886016524,computed_unscaled,cpu,nan,nan,nan,,,,,,,,nan,nan,nan,nan,nan,nan,False,,
fig2,adaptive_jones_vp_proposed,69,1134195269,0.0,snr_db,0.0,3,3,3,3,full_6d,1134195269,,,nan,,False,,159.34738267213106,0.0004960839096535618,0.0004960839096535618,3.677244118704835e-06,6.397932152335195e-05,3.4587969954886917e-13,0.6785533864163519,False,direct_vp,global_exact_spherical_vp,main_single_proposed,True,113bd0f3821a035c,adaptive_jones,cpu,False,,numpy,numpy.linalg.solve,fixed_pol_anchor,True,fixed_anchor_then_adaptive_jones_score_selection,fixed_pol_anchor,1.604468102142653,70.61829198499623,24.98796177349109,0.0,True,3,4,3096725.458075429,3113370.562428866,"[70.61829198499623,2.741125233334392,1.604468102142653]","[0.014160637022229942,0.36481368594050956,0.6232595080344487]","[6.917212393771753e-08,1.6714735461655655e-07,2.4448506276136903e-07]",direct_vp,[],3097617.333691495,3096560,True,8266401.467528734,85.65716906309277,9.664511022285424,0.09163134660532861,"[5.086714213210021,4.9929853760304,4.863230018338239]",188.74111959338188,152.78896316885948,342.8564268425107,nan,nan,nan,nan,False,,nan,,,nan,nan,nan,,,,,,,,0.0004960839096535618,3.677244118704835e-06,0.6785533864163519,nan,nan,nan,False,not_run,not_requested
fig2,PEB,69,1134195269,0.0,snr_db,0.0,3,3,3,3,full_6d,1134195269,,,nan,,False,,5.03861216455698,nan,nan,nan,nan,nan,nan,False,,,peb_only,False,56d433c679cb8e58,,,,,,,adaptive_jones,True,fixed_anchor_then_adaptive_jones_score_selection,,nan,nan,nan,nan,True,,,nan,nan,,,,,[],nan,,,nan,nan,nan,nan,,nan,nan,nan,0.00033224456296536783,nan,nan,0.00033224456296536783,False,3c4e17d6858814038ebdb81b7444e4cbebd5be1a61e4510cac6392db534f501a,0.6783252754437447,computed_unscaled,cpu,nan,nan,nan,,,,,,,,nan,nan,nan,nan,nan,nan,False,,
fig2,adaptive_jones_vp_proposed,68,217409269,0.0,snr_db,0.0,3,3,3,3,full_6d,217409269,,,nan,,False,,208.73079480975866,0.00016168542724128985,0.00016168542724128985,9.318365205472166e-06,6.953774043416329e-05,1.769885017217813e-13,0.18288918830371353,False,direct_vp,global_exact_spherical_vp,main_single_proposed,True,9c8fc11ee3c24ee2,adaptive_jones,cpu,False,,numpy,numpy.linalg.solve,fixed_pol_anchor,True,fixed_anchor_then_adaptive_jones_score_selection,fixed_pol_anchor,2.0691719031724523,10.214829035201577,4.8899769837508416,0.0,True,3,4,3096725.458075429,3097694.5550027248,"[2.0691719031724523,2.3859300128784957,10.214829035201577]","[0.4832851240946834,0.4191237775625984,0.09789689054448784]","[1.1964680276173596e-06,2.7902360730819068e-09,1.262962400370561e-07]",direct_vp,[],3099211.8553983825,3096560,True,5100132.506607553,95.15041368734376,13.720734000033387,0.061376448039501125,"[4.96078085628718,5.0413672585567735,4.891159629298607]",165.2657341659069,202.52189323306084,369.20738346129656,nan,nan,nan,nan,False,,nan,,,nan,nan,nan,,,,,,,,0.00016168542724128985,9.318365205472166e-06,0.18288918830371353,nan,nan,nan,False,not_run,not_requested
fig2,PEB,68,217409269,0.0,snr_db,0.0,3,3,3,3,full_6d,217409269,,,nan,,False,,5.313779428601265,nan,nan,nan,nan,nan,nan,False,,,peb_only,False,d3ded128629ed582,,,,,,,adaptive_jones,True,fixed_anchor_then_adaptive_jones_score_selection,,nan,nan,nan,nan,True,,,nan,nan,,,,,[],nan,,,nan,nan,nan,nan,,nan,nan,nan,0.00044880825717028813,nan,nan,0.00044880825717028813,False,0b182e454a04b5041a3aee67b1d617d5e470ee5322dc8a1561fe76d42cd56704,0.18273364248213428,computed_unscaled,cpu,nan,nan,nan,,,,,,,,nan,nan,nan,nan,nan,nan,False,,
fig2,adaptive_jones_vp_proposed,70,1909013635,0.0,snr_db,0.0,3,3,3,3,full_6d,1909013635,,,nan,,False,,182.21952733397484,0.0005275767753233178,0.0005275767753233178,5.078642179861738e-06,0.000161218782177454,7.663177295671839e-13,0.2113024485573288,False,direct_vp,global_exact_spherical_vp,main_single_proposed,True,aaab43de572c46be,adaptive_jones,cpu,False,,numpy,numpy.linalg.solve,fixed_pol_anchor,True,fixed_anchor_then_adaptive_jones_score_selection,fixed_pol_anchor,1.1692999832023119,15.173418221665445,9.800959984119265,0.0,True,3,4,3096725.458075429,3139043.4445810146,"[1.1692999832023119,15.173418221665445,13.060161747490033]","[0.8552125325959327,0.06590472795094854,0.07656873010620445]","[1.1208750972545285e-08,4.925438503961089e-08,2.3875834465312824e-07]",direct_vp,"[""poor_clock_consistency""]",3096748.071699059,3096560,True,4782211.477000246,130.79808571820925,11.62288464759095,0.11633180521879483,"[5.0051934556876345,4.767630833697592,4.750133384243678]",188.52427779138088,175.8884196355939,365.8528218641877,nan,nan,nan,nan,False,,nan,,,nan,nan,nan,,,,,,,,0.0005275767753233178,5.078642179861738e-06,0.2113024485573288,nan,nan,nan,False,not_run,not_requested
fig2,PEB,70,1909013635,0.0,snr_db,0.0,3,3,3,3,full_6d,1909013635,,,nan,,False,,5.066601172089577,nan,nan,nan,nan,nan,nan,False,,,peb_only,False,d79ef38ec1090f59,,,,,,,adaptive_jones,True,fixed_anchor_then_adaptive_jones_score_selection,,nan,nan,nan,nan,True,,,nan,nan,,,,,[],nan,,,nan,nan,nan,nan,,nan,nan,nan,0.00047511428739824605,nan,nan,0.00047511428739824605,False,7231f7a6a5fbe3cc9ff17e3c4c7cf441e267b4bae6d7354446f2924a30ccbc7b,0.21129070747587922,computed_unscaled,cpu,nan,nan,nan,,,,,,,,nan,nan,nan,nan,nan,nan,False,,
fig2,adaptive_jones_vp_proposed,75,3035140021,0.0,snr_db,0.0,3,3,3,3,full_6d,3035140021,,,nan,,False,,136.6522974744439,0.0003327368562760611,0.0003327368562760611,6.16807984979586e-06,8.35010740506975e-05,1.7814395843242443e-12,0.3313046083258021,False,direct_vp,global_exact_spherical_vp,main_single_proposed,True,bd0073746acf27e5,adaptive_jones,cpu,False,,numpy,numpy.linalg.solve,fixed_pol_anchor,True,fixed_anchor_then_adaptive_jones_score_selection,fixed_pol_anchor,1.2175932081961462,18.574886564662375,9.291829694627998,0.0,True,3,4,3096725.458075429,3099208.902619226,"[1.2175932081961462,8.083009311025473,18.574886564662375]","[0.8212923604265777,0.12371629940199207,0.053836129577440654]","[1.923385105502104e-08,6.563417036965827e-08,2.4176712521712967e-07]",direct_vp,[],3092353.6292750807,3096560,True,4185973.914191759,139.54913449127514,11.485092471961611,0.060490767179035114,"[4.964991076194715,4.92773667143702,5.070562022381776]",146.90146181732416,130.24676732718945,278.37788597494364,nan,nan,nan,nan,False,,nan,,,nan,nan,nan,,,,,,,,0.0003327368562760611,6.16807984979586e-06,0.3313046083258021,nan,nan,nan,False,not_run,not_requested
fig2,PEB,75,3035140021,0.0,snr_db,0.0,3,3,3,3,full_6d,3035140021,,,nan,,False,,5.072293251752853,nan,nan,nan,nan,nan,nan,False,,,peb_only,False,ae0ce7e57f67ef74,,,,,,,adaptive_jones,True,fixed_anchor_then_adaptive_jones_score_selection,,nan,nan,nan,nan,True,,,nan,nan,,,,,[],nan,,,nan,nan,nan,nan,,nan,nan,nan,0.0005027763298256784,nan,nan,0.0005027763298256784,False,2f212a9fc87faf916a5915468a1ea2df60203d744fc985d035cf071254d1c26c,0.33175697925323505,computed_unscaled,cpu,nan,nan,nan,,,,,,,,nan,nan,nan,nan,nan,nan,False,,
fig2,adaptive_jones_vp_proposed,73,1489186484,0.0,snr_db,0.0,3,3,3,3,full_6d,1489186484,,,nan,,False,,161.99540108442307,0.0001521717187182796,0.0001521717187182796,7.98850068843587e-06,5.454494633106876e-05,1.976299501736581e-12,0.28249820982654605,False,direct_vp,global_exact_spherical_vp,main_single_proposed,True,65aebfd7f1efe3ec,adaptive_jones,cpu,False,,numpy,numpy.linalg.solve,fixed_pol_anchor,True,fixed_anchor_then_adaptive_jones_score_selection,fixed_pol_anchor,2.041544016604833,5.5318740742399495,3.5238203230935476,0.0,True,3,4,3096725.458075429,3130370.815937989,"[2.998042878435861,5.5318740742399495,2.041544016604833]","[0.3335509332403952,0.18077056465387145,0.4898253438889833]","[1.8364380662671257e-07,8.275554277324438e-08,1.6583644658835177e-06]",direct_vp,[],3096064.501836352,3096560,True,8919237.758692935,68.20994633816545,20.321807768288664,0.0248991509330923,"[5.074869881695205,5.051151208944799,5.111671855922671]",189.29713420569897,155.30062482506037,345.91445526480675,nan,nan,nan,nan,False,,nan,,,nan,nan,nan,,,,,,,,0.0001521717187182796,7.98850068843587e-06,0.28249820982654605,nan,nan,nan,False,not_run,not_requested
fig2,PEB,73,1489186484,0.0,snr_db,0.0,3,3,3,3,full_6d,1489186484,,,nan,,False,,5.497096911072731,nan,nan,nan,nan,nan,nan,False,,,peb_only,False,389d59a4b296b7b1,,,,,,,adaptive_jones,True,fixed_anchor_then_adaptive_jones_score_selection,,nan,nan,nan,nan,True,,,nan,nan,,,,,[],nan,,,nan,nan,nan,nan,,nan,nan,nan,0.00033774383968190137,nan,nan,0.00033774383968190137,False,d64a78118eb17c14251c66a9269a2f68d800276ea77027a48898e01b93fc8e18,0.2825448811137477,computed_unscaled,cpu,nan,nan,nan,,,,,,,,nan,nan,nan,nan,nan,nan,False,,
fig2,adaptive_jones_vp_proposed,76,125194699,0.0,snr_db,0.0,3,3,3,3,full_6d,125194699,,,nan,,False,,217.78362299501896,0.0001550926290776308,0.0001550926290776308,4.93138045608426e-06,4.0630717826767376e-05,1.980746958244877e-13,0.16807369056338853,False,direct_vp,global_exact_spherical_vp,main_single_proposed,True,9cda67298b1f9d8f,adaptive_jones,cpu,False,,numpy,numpy.linalg.solve,fixed_pol_anchor,True,fixed_anchor_then_adaptive_jones_score_selection,fixed_pol_anchor,1.284655640807993,10.85630340119685,6.630223469886424,0.0,True,3,4,3096725.458075429,3180998.948053544,"[1.284655640807993,10.85630340119685,7.749711367654431]","[0.7784187203426426,0.0921123851309184,0.12903706377582363]","[4.74865375365991e-07,5.0973672172644464e-08,4.6215113665957956e-07]",direct_vp,[],3095481.4502509055,3096560,True,5085091.188580859,116.6483989531916,17.45127833298242,0.08127866261898854,"[5.0184450162717,5.097170556443932,5.2161735385914785]",177.06199723482132,210.9379738792777,389.26933255046606,nan,nan,nan,nan,False,,nan,,,nan,nan,nan,,,,,,,,0.0001550926290776308,4.93138045608426e-06,0.16807369056338853,nan,nan,nan,False,not_run,not_requested
fig2,PEB,76,125194699,0.0,snr_db,0.0,3,3,3,3,full_6d,125194699,,,nan,,False,,5.50740422308445,nan,nan,nan,nan,nan,nan,False,,,peb_only,False,d2b6cf81fc988d1b,,,,,,,adaptive_jones,True,fixed_anchor_then_adaptive_jones_score_selection,,nan,nan,nan,nan,True,,,nan,nan,,,,,[],nan,,,nan,nan,nan,nan,,nan,nan,nan,0.00045558489090260254,nan,nan,0.00045558489090260254,False,6b8d35b33f7212a697b02c68cfa098dd74c3e1f522985e34bcbd559db51c8fd8,0.16813312074211587,computed_unscaled,cpu,nan,nan,nan,,,,,,,,nan,nan,nan,nan,nan,nan,False,,
fig2,adaptive_jones_vp_proposed,78,3639033133,0.0,snr_db,0.0,3,3,3,3,full_6d,3639033133,,,nan,,False,,167.20019929856062,0.00020439463787484495,0.00020439463787484495,4.09654854926784e-06,7.21594312902282e-05,3.973185868893684e-13,0.17195383910485568,False,direct_vp,global_exact_spherical_vp,main_single_proposed,True,da550593fcead18b,adaptive_jones,cpu,False,,numpy,numpy.linalg.solve,fixed_pol_anchor,True,fixed_anchor_then_adaptive_jones_score_selection,fixed_pol_anchor,1.5441076442098605,23.746434456120042,9.51430775315576,0.0,True,3,4,3096725.458075429,3100563.464615721,"[3.2523811591373755,1.5441076442098605,23.746434456120042]","[0.30746703755410276,0.6476232429444183,0.04211158529185121]","[2.824946474252775e-07,6.124049604967181e-08,3.070318855625494e-08]",direct_vp,[],3098183.27834272,3096560,True,5198420.616905457,93.72973892864209,14.492098049365046,0.026111875296888555,"[4.943569822306298,4.975751731825694,5.007530168816939]",179.89953261613846,160.4401089847088,341.6116825193167,nan,nan,nan,nan,False,,nan,,,nan,nan,nan,,,,,,,,0.00020439463787484495,4.09654854926784e-06,0.17195383910485568,nan,nan,nan,False,not_run,not_requested
fig2,PEB,78,3639033133,0.0,snr_db,0.0,3,3,3,3,full_6d,3639033133,,,nan,,False,,5.459293462336063,nan,nan,nan,nan,nan,nan,False,,,peb_only,False,f99cb8bfc036bf50,,,,,,,adaptive_jones,True,fixed_anchor_then_adaptive_jones_score_selection,,nan,nan,nan,nan,True,,,nan,nan,,,,,[],nan,,,nan,nan,nan,nan,,nan,nan,nan,0.00044260098994742674,nan,nan,0.00044260098994742674,False,775d9f1d6241dae7442a88dca0b3fa5d7751717fd8d49705eaa3b8cfda4ebb75,0.17186463273560285,computed_unscaled,cpu,nan,nan,nan,,,,,,,,nan,nan,nan,nan,nan,nan,False,,
fig2,adaptive_jones_vp_proposed,81,3893654042,0.0,snr_db,0.0,3,3,3,3,full_6d,3893654042,,,nan,,False,,171.00431011617184,0.0008667993330808679,0.0008667993330808679,7.266155549582389e-06,0.0007758447085430754,2.0115508599294187e-12,0.6726585875216622,False,direct_vp,global_exact_spherical_vp,main_single_proposed,True,9d99679fbac441ba,adaptive_jones,cpu,False,,numpy,numpy.linalg.solve,fixed_pol_anchor,True,fixed_anchor_then_adaptive_jones_score_selection,fixed_pol_anchor,1.0519999518655592,75.97328881219593,35.00984163464368,0.0,True,3,4,3096725.458075429,3097016.618984777,"[28.004236139869544,75.97328881219593,1.0519999518655592]","[0.0357088832909925,0.013162520874882773,0.9505703856978346]","[1.9293143027032166e-07,1.5941735839865158e-09,2.219437745012569e-06]",direct_vp,"[""poor_clock_consistency""]",3093708.9869897706,3096560,True,3403190.7725761407,217.61159521541785,6.634406637386736,0.1269387955910255,"[4.866233246298027,5.175682512738924,4.994662940046338]",148.44274336844683,164.4052564650774,314.1538976356387,nan,nan,nan,nan,False,,nan,,,nan,nan,nan,,,,,,,,0.0008667993330808679,7.266155549582389e-06,0.6726585875216622,nan,nan,nan,False,not_run,not_requested
fig2,PEB,81,3893654042,0.0,snr_db,0.0,3,3,3,3,full_6d,3893654042,,,nan,,False,,5.392796136438847,nan,nan,nan,nan,nan,nan,False,,,peb_only,False,0d565c748aca4a93,,,,,,,adaptive_jones,True,fixed_anchor_then_adaptive_jones_score_selection,,nan,nan,nan,nan,True,,,nan,nan,,,,,[],nan,,,nan,nan,nan,nan,,nan,nan,nan,0.00043460982892049276,nan,nan,0.00043460982892049276,False,7fdbdc32913dce5e44795d5b9a7446df6f3ff25cfdfe20eb33bdaf98d154febf,0.6732819560834685,computed_unscaled,cpu,nan,nan,nan,,,,,,,,nan,nan,nan,nan,nan,nan,False,,
fig2,adaptive_jones_vp_proposed,80,2843598472,0.0,snr_db,0.0,3,3,3,3,full_6d,2843598472,,,nan,,False,,177.56009204685688,0.00021000478180820736,0.00021000478180820736,6.665152896836891e-06,0.00016944179135013862,4.2294004252728295e-13,0.6814624561718147,False,direct_vp,global_exact_spherical_vp,main_single_proposed,True,04189e767e16ad9b,adaptive_jones,cpu,False,,numpy,numpy.linalg.solve,fixed_pol_anchor,True,fixed_anchor_then_adaptive_jones_score_selection,fixed_pol_anchor,1.8800668542617816,9.396927447643524,4.681858388768557,0.0,True,3,4,3096725.458075429,3097461.6727962596,"[2.7685808644003664,9.396927447643524,1.8800668542617816]","[0.3611958793964346,0.1064177632063525,0.5318959789814365]","[1.420247681663148e-07,1.2662475876864588e-08,1.5154595547160173e-07]",direct_vp,"[""poor_clock_consistency""]",3095592.9099048926,3096560,True,8609933.556348639,66.78351217815775,16.126082767035886,0.13314239171431103,"[5.2201661053518995,5.098108034031539,4.897226007419625]",177.42275197803974,171.02142928540707,349.8128925859928,nan,nan,nan,nan,False,,nan,,,nan,nan,nan,,,,,,,,0.00021000478180820736,6.665152896836891e-06,0.6814624561718147,nan,nan,nan,False,not_run,not_requested
fig2,PEB,80,2843598472,0.0,snr_db,0.0,3,3,3,3,full_6d,2843598472,,,nan,,False,,5.221299909055233,nan,nan,nan,nan,nan,nan,False,,,peb_only,False,84aa3e607f95fc93,,,,,,,adaptive_jones,True,fixed_anchor_then_adaptive_jones_score_selection,,nan,nan,nan,nan,True,,,nan,nan,,,,,[],nan,,,nan,nan,nan,nan,,nan,nan,nan,0.0003466804503327276,nan,nan,0.0003466804503327276,False,ca96bdf8e3d74f1e490185f5b993e297e175166cef168c6fe33ef880dfc91c4e,0.6816788731912188,computed_unscaled,cpu,nan,nan,nan,,,,,,,,nan,nan,nan,nan,nan,nan,False,,
fig2,adaptive_jones_vp_proposed,82,2146768378,0.0,snr_db,0.0,3,3,3,3,full_6d,2146768378,,,nan,,False,,171.04440138489008,0.0002332836889243261,0.0002332836889243261,4.868918654054133e-06,0.00013991264104427095,1.3821281129182822e-12,0.6599515203433245,False,direct_vp,global_exact_spherical_vp,main_single_proposed,True,66503a6ca76bd444,adaptive_jones,cpu,False,,numpy,numpy.linalg.solve,fixed_pol_anchor,True,fixed_anchor_then_adaptive_jones_score_selection,fixed_pol_anchor,2.0340358049283243,23.331304783394962,9.173842039943187,0.0,True,3,4,3096725.458075429,3110202.6463469137,"[2.0340358049283243,23.331304783394962,2.156185531506273]","[0.49163343023512024,0.042860869088143544,0.4637819822950308]","[1.6391839918845983e-08,3.3355122516125844e-08,1.5163508410506417e-07]",direct_vp,[],3100267.1627141987,3096560,True,8124688.255810464,72.05137158914818,12.20755114927989,0.08531564326408621,"[5.092775422265987,4.9282018053676255,4.898949119014359]",178.05783151090145,164.45713813602924,343.79129971563816,nan,nan,nan,nan,False,,nan,,,nan,nan,nan,,,,,,,,0.0002332836889243261,4.868918654054133e-06,0.6599515203433245,nan,nan,nan,False,not_run,not_requested
fig2,PEB,82,2146768378,0.0,snr_db,0.0,3,3,3,3,full_6d,2146768378,,,nan,,False,,5.4098536148667336,nan,nan,nan,nan,nan,nan,False,,,peb_only,False,e568a5235752cc01,,,,,,,adaptive_jones,True,fixed_anchor_then_adaptive_jones_score_selection,,nan,nan,nan,nan,True,,,nan,nan,,,,,[],nan,,,nan,nan,nan,nan,,nan,nan,nan,0.00035906194735984843,nan,nan,0.00035906194735984843,False,3a0d3e6549ad4d642256987481bea72461b73f437bf823d820291ff80c435722,0.6591657853349463,computed_unscaled,cpu,nan,nan,nan,,,,,,,,nan,nan,nan,nan,nan,nan,False,,
fig2,adaptive_jones_vp_proposed,9,3933360494,0.0,snr_db,0.0,3,3,3,3,full_6d,3933360494,,,nan,,False,,2926.5064140334725,0.00010055519737115652,0.00010055519737115652,5.0971894282755215e-06,2.5335424759097565e-05,3.6979989794924856e-13,0.11912266568504545,False,direct_vp,global_exact_spherical_vp,main_single_proposed,True,3868aa7a7dd32c53,adaptive_jones,cpu,False,,numpy,numpy.linalg.solve,fixed_pol_anchor,True,fixed_anchor_then_adaptive_jones_score_selection,fixed_pol_anchor,2.2264181243646175,3.772502294019006,3.166237369540569,0.0,True,3,4,3096725.458075429,3187613.864412915,"[2.2264181243646175,3.772502294019006,3.4997916902380837]","[0.4491519311015117,0.26507604821914776,0.2857312916039504]","[1.8549517635967577e-07,2.962811310501542e-07,1.9911081359825644e-06]",direct_vp,[],3096586.5740934,3096560,True,7212345.844822569,77.0157181468506,18.058321192153983,0.05574780959276452,"[5.08649223550878,4.966803140123999,4.969717269152554]",155.3666318655014,2919.8393768295646,3076.42424967885,nan,nan,nan,nan,False,,nan,,,nan,nan,nan,,,,,,,,0.00010055519737115652,5.0971894282755215e-06,0.11912266568504545,nan,nan,nan,False,not_run,not_requested
fig2,PEB,9,3933360494,0.0,snr_db,0.0,3,3,3,3,full_6d,3933360494,,,nan,,False,,5.190622918307781,nan,nan,nan,nan,nan,nan,False,,,peb_only,False,286809628deba998,,,,,,,adaptive_jones,True,fixed_anchor_then_adaptive_jones_score_selection,,nan,nan,nan,nan,True,,,nan,nan,,,,,[],nan,,,nan,nan,nan,nan,,nan,nan,nan,0.0003804616526773719,nan,nan,0.0003804616526773719,False,2f009590b628473d7acf259cec76359e96ba2256fe333ef7c1514fe7022a67d5,0.1191222589099843,computed_unscaled,cpu,nan,nan,nan,,,,,,,,nan,nan,nan,nan,nan,nan,False,,
fig2,adaptive_jones_vp_proposed,31,3399679668,0.0,snr_db,0.0,3,3,3,3,full_6d,3399679668,,,nan,,False,,2022.7602956444025,0.0003844369154225374,0.0003844369154225374,3.313037503451598e-06,0.00010666361401696095,3.4549378284204256e-13,0.40279999820292334,False,direct_vp_rollback,global_exact_spherical_vp,main_single_proposed,True,d1ba0f4c6d304464,adaptive_jones,cpu,False,,numpy,numpy.linalg.solve,fixed_pol_anchor,True,fixed_anchor_then_adaptive_jones_score_selection,fixed_pol_anchor,1.775148763497842,9.992561919597708,4.912330766961634,0.0,True,3,4,3096725.458075429,3277602.3144841376,"[1.775148763497842,2.9692816177893517,9.992561919597708]","[0.563333068507326,0.3367817973229285,0.10007443616924483]","[6.784369480709794e-07,2.47903695578698e-07,1.5937826082598637e-08]",jnpp_then_vp,[],3102844.3619632684,3096560,False,5346066.472518943,93.71675533436681,17.48508904684744,0.05494858365808074,"[4.985873260421595,5.070806974937388,4.937914684802212]",162.24144020676613,1708.070650599897,1871.6365119069815,nan,nan,nan,nan,False,,nan,,,nan,nan,nan,,,,,,,,0.0003844369154225374,3.313037503451598e-06,0.40279999820292334,0.00038444884597108834,3.313056537662061e-06,0.4027999982029261,True,rollback,existing_selector_rollback
fig2,PEB,31,3399679668,0.0,snr_db,0.0,3,3,3,3,full_6d,3399679668,,,nan,,False,,5.160222120583057,nan,nan,nan,nan,nan,nan,False,,,peb_only,False,14ce26de9c259f51,,,,,,,adaptive_jones,True,fixed_anchor_then_adaptive_jones_score_selection,,nan,nan,nan,nan,True,,,nan,nan,,,,,[],nan,,,nan,nan,nan,nan,,nan,nan,nan,0.0004383491005625335,nan,nan,0.0004383491005625335,False,579f4d92d8c766cab7fa417a5175cd99bb36ab4a51df0f587cc9ea2e392b9def,0.40198626219395955,computed_unscaled,cpu,nan,nan,nan,,,,,,,,nan,nan,nan,nan,nan,nan,False,,
fig2,adaptive_jones_vp_proposed,33,3489193506,0.0,snr_db,0.0,3,3,3,3,full_6d,3489193506,,,nan,,False,,1893.1774977520108,9.956830167082704e-05,9.956830167082704e-05,3.520694983241729e-06,6.524859447244448e-05,2.117772143705676e-13,0.5019829084230987,False,direct_vp,global_exact_spherical_vp,main_single_proposed,True,7f049dcd5909c522,adaptive_jones,cpu,False,,numpy,numpy.linalg.solve,fixed_pol_anchor,True,fixed_anchor_then_adaptive_jones_score_selection,fixed_pol_anchor,2.3205277193333553,5.733218355101038,3.5229715425339037,0.0,True,3,4,3096725.458075429,3101373.81376443,"[2.3205277193333553,5.733218355101038,2.515168553167318]","[0.4309364596967456,0.174422102570807,0.39758766812593865]","[5.18566276069004e-08,6.61305621660276e-08,6.189439533173777e-07]",direct_vp,[],3094849.873152902,3096560,True,7782414.536889594,79.36566833030543,17.695481558673112,0.07053241027499688,"[4.947124378209053,5.042344176897733,5.11958052899759]",197.4431899935007,1886.8662526011467,2085.5917222723365,nan,nan,nan,nan,False,,nan,,,nan,nan,nan,,,,,,,,9.956830167082704e-05,3.520694983241729e-06,0.5019829084230987,nan,nan,nan,False,not_run,not_requested
fig2,PEB,33,3489193506,0.0,snr_db,0.0,3,3,3,3,full_6d,3489193506,,,nan,,False,,5.14060153067112,nan,nan,nan,nan,nan,nan,False,,,peb_only,False,9bf57850a2956d68,,,,,,,adaptive_jones,True,fixed_anchor_then_adaptive_jones_score_selection,,nan,nan,nan,nan,True,,,nan,nan,,,,,[],nan,,,nan,nan,nan,nan,,nan,nan,nan,0.0003666393535416366,nan,nan,0.0003666393535416366,False,76527bb9436024da57d5b3c4ee115c2d9eeebd7e9b24b99b40e819fe3069631e,0.5022628852266684,computed_unscaled,cpu,nan,nan,nan,,,,,,,,nan,nan,nan,nan,nan,nan,False,,
fig2,adaptive_jones_vp_proposed,79,2511075941,0.0,snr_db,0.0,3,3,3,3,full_6d,2511075941,,,nan,,False,,352.2540552318096,0.00011473487526718103,0.00011473487526718103,5.1678443329912684e-06,9.723709942430025e-05,1.1330623401788419e-13,0.40138063576827765,False,direct_vp,global_exact_spherical_vp,main_single_proposed,True,58c1ae4f2895ec96,adaptive_jones,cpu,False,,numpy,numpy.linalg.solve,fixed_pol_anchor,True,fixed_anchor_then_adaptive_jones_score_selection,fixed_pol_anchor,1.2245295501350795,13.152264240610945,7.922721575373366,0.0,True,3,4,3096725.458075429,3098438.10876827,"[9.391370935374072,1.2245295501350795,13.152264240610945]","[0.10648072649584649,0.8166401536724566,0.07603253566782019]","[1.5498113361702135e-09,2.918458913662495e-07,6.682573706306128e-08]",direct_vp,[],3094959.8984613847,3096560,True,4929918.169863488,90.4231869751408,13.949123786726322,0.018987957099294236,"[5.058784773954574,5.048874493026837,5.093184189333337]",171.443768247962,345.7720058262348,518.5575913339853,nan,nan,nan,nan,False,,nan,,,nan,nan,nan,,,,,,,,0.00011473487526718103,5.1678443329912684e-06,0.40138063576827765,nan,nan,nan,False,not_run,not_requested
fig2,PEB,79,2511075941,0.0,snr_db,0.0,3,3,3,3,full_6d,2511075941,,,nan,,False,,4.900591559708118,nan,nan,nan,nan,nan,nan,False,,,peb_only,False,e5024f2591474965,,,,,,,adaptive_jones,True,fixed_anchor_then_adaptive_jones_score_selection,,nan,nan,nan,nan,True,,,nan,nan,,,,,[],nan,,,nan,nan,nan,nan,,nan,nan,nan,0.00046414551788781673,nan,nan,0.00046414551788781673,False,d1d2709e7ef7e78043678a9bd3afef4c60705c0eab0a43aa5b03783626c11549,0.401590225515582,computed_unscaled,cpu,nan,nan,nan,,,,,,,,nan,nan,nan,nan,nan,nan,False,,
fig2,adaptive_jones_vp_proposed,86,2710333116,0.0,snr_db,0.0,3,3,3,3,full_6d,2710333116,,,nan,,False,,179.20791169255972,0.0003220997862030083,0.0003220997862030083,4.273782727742743e-06,5.7143108836532416e-05,1.973291665014679e-12,0.16808639455094107,False,direct_vp,global_exact_spherical_vp,main_single_proposed,True,06a157c9692c6054,adaptive_jones,cpu,False,,numpy,numpy.linalg.solve,fixed_pol_anchor,True,fixed_anchor_then_adaptive_jones_score_selection,fixed_pol_anchor,1.2967567266856215,20.500642022400243,9.14358425567293,0.0,True,3,4,3096725.458075429,3110500.1448122566,"[1.2967567266856215,20.500642022400243,5.633354017932927]","[0.771154665651592,0.04877896013631373,0.17751414109800637]","[2.0605815354754857e-07,5.825820830909203e-09,1.8742234049783706e-07]",direct_vp,[],3094679.7303323164,3096560,True,5392259.644119797,112.76044821475315,17.09769632316551,0.08178957658449458,"[5.092086349130845,5.20187078841631,5.00184607951462]",150.809486836195,172.8810502141714,325.0050444677472,nan,nan,nan,nan,False,,nan,,,nan,nan,nan,,,,,,,,0.0003220997862030083,4.273782727742743e-06,0.16808639455094107,nan,nan,nan,False,not_run,not_requested
fig2,PEB,86,2710333116,0.0,snr_db,0.0,3,3,3,3,full_6d,2710333116,,,nan,,False,,5.2269637659192085,nan,nan,nan,nan,nan,nan,False,,,peb_only,False,c81cd48a55c0a503,,,,,,,adaptive_jones,True,fixed_anchor_then_adaptive_jones_score_selection,,nan,nan,nan,nan,True,,,nan,nan,,,,,[],nan,,,nan,nan,nan,nan,,nan,nan,nan,0.0004487762613549425,nan,nan,0.0004487762613549425,False,3a54fb3766786593be45a3a051de7709f83ecc3b2e8854a667fc53103d577f6b,0.16818938974246708,computed_unscaled,cpu,nan,nan,nan,,,,,,,,nan,nan,nan,nan,nan,nan,False,,
fig2,adaptive_jones_vp_proposed,29,1456316145,0.0,snr_db,0.0,3,3,3,3,full_6d,1456316145,,,nan,,False,,2205.0266842767596,0.00017134341436456454,0.00017134341436456454,4.60888365577836e-06,2.4554163270806918e-05,1.5079865619597028e-12,0.5857033567858015,False,direct_vp,global_exact_spherical_vp,main_single_proposed,True,86aae038c135857f,adaptive_jones,cpu,False,,numpy,numpy.linalg.solve,fixed_pol_anchor,True,fixed_anchor_then_adaptive_jones_score_selection,fixed_pol_anchor,2.3284132796706785,7.064842918084689,3.9076586493624155,0.0,True,3,4,3096725.458075429,3103680.0653831195,"[7.064842918084689,2.3297197503318783,2.3284132796706785]","[0.14154596380807286,0.4292361773793677,0.42947702142426697]","[2.0735954633564365e-07,8.864748025288492e-08,1.4347901709017724e-07]",direct_vp,"[""poor_clock_consistency""]",3096312.8733884683,3096560,True,8701435.741167082,77.36662919207883,17.566770542166196,0.1390228373596612,"[4.780543160228661,4.9412620298049275,5.120902894257938]",197.62157959491014,2198.7624798193574,2397.7334236577153,nan,nan,nan,nan,False,,nan,,,nan,nan,nan,,,,,,,,0.00017134341436456454,4.60888365577836e-06,0.5857033567858015,nan,nan,nan,False,not_run,not_requested
fig2,PEB,29,1456316145,0.0,snr_db,0.0,3,3,3,3,full_6d,1456316145,,,nan,,False,,5.110868915915489,nan,nan,nan,nan,nan,nan,False,,,peb_only,False,f893cff3c0e2a845,,,,,,,adaptive_jones,True,fixed_anchor_then_adaptive_jones_score_selection,,nan,nan,nan,nan,True,,,nan,nan,,,,,[],nan,,,nan,nan,nan,nan,,nan,nan,nan,0.00034126583587062304,nan,nan,0.00034126583587062304,False,d8fe45eb7ae04a0170dd7feb177c545054b10b09137abe9e9f00552ed53b5825,0.5857531302247063,computed_unscaled,cpu,nan,nan,nan,,,,,,,,nan,nan,nan,nan,nan,nan,False,,
fig2,adaptive_jones_vp_proposed,77,4292676672,0.0,snr_db,0.0,3,3,3,3,full_6d,4292676672,,,nan,,False,,493.2756374925375,0.00020215640110325474,0.00020215640110325474,2.0019641588287174e-06,1.1873743611702875e-05,3.851713132427578e-13,0.8723823556931565,False,direct_vp,global_exact_spherical_vp,main_single_proposed,True,caa1a5ad4fd3c830,adaptive_jones,cpu,False,,numpy,numpy.linalg.solve,fixed_pol_anchor,True,fixed_anchor_then_adaptive_jones_score_selection,fixed_pol_anchor,1.472149152905555,220.05841242001628,74.8853455610488,0.0,True,3,4,3096725.458075429,3097289.63058693,"[1.472149152905555,220.05841242001628,3.1254751102245524]","[0.6792789969853567,0.004544247996624112,0.3199513561075931]","[1.2974544975959817e-07,1.7963603431352243e-09,3.505102012560255e-07]",direct_vp,"[""poor_clock_consistency""]",3093758.1928800833,3096560,True,6920905.33881202,87.76757588665417,7.3587541618317,0.3403612491356554,"[4.937352263884327,5.651676103055308,4.922207724751535]",154.57688707858324,486.9374279677868,642.8633843436837,nan,nan,nan,nan,False,,nan,,,nan,nan,nan,,,,,,,,0.00020215640110325474,2.0019641588287174e-06,0.8723823556931565,nan,nan,nan,False,not_run,not_requested
fig2,PEB,77,4292676672,0.0,snr_db,0.0,3,3,3,3,full_6d,4292676672,,,nan,,False,,5.202499218285084,nan,nan,nan,nan,nan,nan,False,,,peb_only,False,b6a7e60cba0c7a3e,,,,,,,adaptive_jones,True,fixed_anchor_then_adaptive_jones_score_selection,,nan,nan,nan,nan,True,,,nan,nan,,,,,[],nan,,,nan,nan,nan,nan,,nan,nan,nan,0.00039596720617761583,nan,nan,0.00039596720617761583,False,f60a4ab9705635604ca71e7bb7f90055bd716281a75d4d93b7beab9eb08c99af,0.8731769249710073,computed_unscaled,cpu,nan,nan,nan,,,,,,,,nan,nan,nan,nan,nan,nan,False,,
fig2,adaptive_jones_vp_proposed,74,2087150408,0.0,snr_db,0.0,3,3,3,3,full_6d,2087150408,,,nan,,False,,520.998571947217,8.06698015643528e-05,8.06698015643528e-05,5.921188860997259e-06,3.860650187532658e-05,1.0203681302925485e-12,0.24086285672001606,False,direct_vp,global_exact_spherical_vp,main_single_proposed,True,1b28ac931060e022,adaptive_jones,cpu,False,,numpy,numpy.linalg.solve,fixed_pol_anchor,True,fixed_anchor_then_adaptive_jones_score_selection,fixed_pol_anchor,2.197638698997086,4.100382801183092,3.1990900485331184,0.0,True,3,4,3096725.458075429,3096805.092543064,"[2.197638698997086,3.2992486454191767,4.100382801183092]","[0.45503385085735987,0.30309931365286613,0.24387966891953783]","[3.26316242918722e-09,5.946256384429325e-09,1.657057881232168e-08]",direct_vp,[],3096096.8641094454,3096560,True,6565760.565468315,79.38007652704425,18.397183173867276,0.04804686325050962,"[5.137769435275787,5.030388467309054,5.125795262201401]",185.92878221720457,514.4932693466544,701.7245329990983,nan,nan,nan,nan,False,,nan,,,nan,nan,nan,,,,,,,,8.06698015643528e-05,5.921188860997259e-06,0.24086285672001606,nan,nan,nan,False,not_run,not_requested
fig2,PEB,74,2087150408,0.0,snr_db,0.0,3,3,3,3,full_6d,2087150408,,,nan,,False,,5.233097694814205,nan,nan,nan,nan,nan,nan,False,,,peb_only,False,83605c3ad8336f87,,,,,,,adaptive_jones,True,fixed_anchor_then_adaptive_jones_score_selection,,nan,nan,nan,nan,True,,,nan,nan,,,,,[],nan,,,nan,nan,nan,nan,,nan,nan,nan,0.00039765225558543424,nan,nan,0.00039765225558543424,False,78fd75a3c1d4026a3e7d885aa302f9406531fe623bed7ee4eda6f02c54b6aa8a,0.24090013140631347,computed_unscaled,cpu,nan,nan,nan,,,,,,,,nan,nan,nan,nan,nan,nan,False,,
fig2,adaptive_jones_vp_proposed,85,2249164774,0.0,snr_db,0.0,3,3,3,3,full_6d,2249164774,,,nan,,False,,222.73613865673542,0.0001984466945859495,0.0001984466945859495,5.333649524515509e-06,3.21418131596611e-05,7.058497709640984e-14,0.25732168021103186,False,direct_vp,global_exact_spherical_vp,main_single_proposed,True,2eb2f180fe780f8f,adaptive_jones,cpu,False,,numpy,numpy.linalg.solve,fixed_pol_anchor,True,fixed_anchor_then_adaptive_jones_score_selection,fixed_pol_anchor,2.306230959458606,4.886189924901661,3.3271773132618825,0.0,True,3,4,3096725.458075429,3098152.06511572,"[4.886189924901661,2.78911105542538,2.306230959458606]","[0.20465843844889833,0.358537175510459,0.4336079159358985]","[2.281844046917564e-07,6.028967301040343e-08,5.163465103118757e-07]",direct_vp,[],3096524.326717373,3096560,True,8155068.421990408,66.64555516692836,18.50447589477094,0.035003193504995166,"[4.9640631882131405,5.006020660015509,5.049796722546037]",193.57268080860376,216.31588234752417,411.2499405667186,nan,nan,nan,nan,False,,nan,,,nan,nan,nan,,,,,,,,0.0001984466945859495,5.333649524515509e-06,0.25732168021103186,nan,nan,nan,False,not_run,not_requested
fig2,PEB,85,2249164774,0.0,snr_db,0.0,3,3,3,3,full_6d,2249164774,,,nan,,False,,5.127383351325989,nan,nan,nan,nan,nan,nan,False,,,peb_only,False,54d19b9881ee86b4,,,,,,,adaptive_jones,True,fixed_anchor_then_adaptive_jones_score_selection,,nan,nan,nan,nan,True,,,nan,nan,,,,,[],nan,,,nan,nan,nan,nan,,nan,nan,nan,0.0003573352327246397,nan,nan,0.0003573352327246397,False,d2813a00a2d0760dea2dc8be475dff9a47f414a15a39f0f8b76a2c0e1d6af5ec,0.2573259742693064,computed_unscaled,cpu,nan,nan,nan,,,,,,,,nan,nan,nan,nan,nan,nan,False,,
fig2,adaptive_jones_vp_proposed,87,3576217426,0.0,snr_db,0.0,3,3,3,3,full_6d,3576217426,,,nan,,False,,145.99921499192715,0.000222320030830223,0.000222320030830223,5.332189582650251e-06,0.00016931234115466384,4.692901424372939e-13,0.06620725469706608,False,direct_vp,global_exact_spherical_vp,main_single_proposed,True,e66ba1d41076965b,adaptive_jones,cpu,False,,numpy,numpy.linalg.solve,fixed_pol_anchor,True,fixed_anchor_then_adaptive_jones_score_selection,fixed_pol_anchor,1.634478889754557,11.745373362637025,5.549652453880878,0.0,True,3,4,3096725.458075429,3147703.4080587635,"[1.634478889754557,3.269105109251051,11.745373362637025]","[0.6118157941755561,0.305894110644191,0.08513990735869963]","[4.6334157846569503e-07,1.0404645198976544e-07,1.8753166065358292e-08]",direct_vp,[],3094137.5529459384,3096560,True,4581916.94156376,103.98516485611263,14.69119311251066,0.09842815533095578,"[4.988298267902744,5.00273026226856,4.7870910272202085]",178.74856563657522,139.6247532144189,319.75720179080963,nan,nan,nan,nan,False,,nan,,,nan,nan,nan,,,,,,,,0.000222320030830223,5.332189582650251e-06,0.06620725469706608,nan,nan,nan,False,not_run,not_requested
fig2,PEB,87,3576217426,0.0,snr_db,0.0,3,3,3,3,full_6d,3576217426,,,nan,,False,,5.087448768317699,nan,nan,nan,nan,nan,nan,False,,,peb_only,False,07017e01fc0d66b7,,,,,,,adaptive_jones,True,fixed_anchor_then_adaptive_jones_score_selection,,nan,nan,nan,nan,True,,,nan,nan,,,,,[],nan,,,nan,nan,nan,nan,,nan,nan,nan,0.00047465667901669715,nan,nan,0.00047465667901669715,False,66c908d686e5b626f41743ba5f1b64294d5b4f17110f5310f3926b121f412ca0,0.06625943171971327,computed_unscaled,cpu,nan,nan,nan,,,,,,,,nan,nan,nan,nan,nan,nan,False,,
fig2,adaptive_jones_vp_proposed,88,2932252539,0.0,snr_db,0.0,3,3,3,3,full_6d,2932252539,,,nan,,False,,146.7384628430009,0.0005507017833115679,0.0005507017833115679,5.796919859056554e-06,0.00010143381726767643,2.0504677150542124e-14,0.3913972373763151,False,direct_vp,global_exact_spherical_vp,main_single_proposed,True,0ad7a4aaf30c5105,adaptive_jones,cpu,False,,numpy,numpy.linalg.solve,fixed_pol_anchor,True,fixed_anchor_then_adaptive_jones_score_selection,fixed_pol_anchor,1.9801085630913213,5.6528211719159565,3.590729635389325,0.0,True,3,4,3096725.458075429,3098573.2532316586,"[3.1392591711606994,5.6528211719159565,1.9801085630913213]","[0.3185464931291812,0.17690281889023726,0.5050228147273057]","[6.37515973655776e-07,2.5654045890092622e-08,4.773720370388121e-07]",direct_vp,[],3097638.0505289803,3096560,True,8513929.164245784,71.2515198012958,16.79154977599668,0.04921616703728789,"[5.098514958879369,5.02447411000375,4.979102153339765]",199.72194508463144,140.28882363438606,341.40783179551363,nan,nan,nan,nan,False,,nan,,,nan,nan,nan,,,,,,,,0.0005507017833115679,5.796919859056554e-06,0.3913972373763151,nan,nan,nan,False,not_run,not_requested
fig2,PEB,88,2932252539,0.0,snr_db,0.0,3,3,3,3,full_6d,2932252539,,,nan,,False,,5.200729668140411,nan,nan,nan,nan,nan,nan,False,,,peb_only,False,d9b5a22e7d04cc1c,,,,,,,adaptive_jones,True,fixed_anchor_then_adaptive_jones_score_selection,,nan,nan,nan,nan,True,,,nan,nan,,,,,[],nan,,,nan,nan,nan,nan,,nan,nan,nan,0.0003459070588788567,nan,nan,0.0003459070588788567,False,026935debd21c4cd81fb47190ca8eeaf89621d3b1a455ec08b231cab8f8cd44e,0.39126304363378733,computed_unscaled,cpu,nan,nan,nan,,,,,,,,nan,nan,nan,nan,nan,nan,False,,
fig2,adaptive_jones_vp_proposed,89,850792180,0.0,snr_db,0.0,3,3,3,3,full_6d,850792180,,,nan,,False,,155.19657243788242,0.00041341615554638626,0.00041341615554638626,6.290338194886132e-06,0.00019433001998694105,5.835337303317265e-13,0.78911542471754,False,direct_vp,global_exact_spherical_vp,main_single_proposed,True,9dfe11614dd4b53d,adaptive_jones,cpu,False,,numpy,numpy.linalg.solve,fixed_pol_anchor,True,fixed_anchor_then_adaptive_jones_score_selection,fixed_pol_anchor,1.6813408365067615,7.046073124781722,4.163845278335004,0.0,True,3,4,3096725.458075429,3102790.546618151,"[7.046073124781722,1.6813408365067615,3.7641218737165283]","[0.14192302326183034,0.5947634044718554,0.26566621207959984]","[2.8654552661515944e-08,1.7304379883544051e-07,1.278262418092661e-06]",direct_vp,[],3098301.4993602787,3096560,True,7141254.47845764,67.08967384668313,21.459501867330047,0.01435378501389843,"[5.035259928628221,5.0546166609320045,5.0195192500517365]",178.70774850994349,148.78651323914528,328.867490157485,nan,nan,nan,nan,False,,nan,,,nan,nan,nan,,,,,,,,0.00041341615554638626,6.290338194886132e-06,0.78911542471754,nan,nan,nan,False,not_run,not_requested
fig2,PEB,89,850792180,0.0,snr_db,0.0,3,3,3,3,full_6d,850792180,,,nan,,False,,5.058658167719841,nan,nan,nan,nan,nan,nan,False,,,peb_only,False,61c43bb7e78f2c47,,,,,,,adaptive_jones,True,fixed_anchor_then_adaptive_jones_score_selection,,nan,nan,nan,nan,True,,,nan,nan,,,,,[],nan,,,nan,nan,nan,nan,,nan,nan,nan,0.0003858417222694729,nan,nan,0.0003858417222694729,False,2d81d18bd4ebd93cb30153245eac7dedb296bdb9883caf62dadd0506edd2daa4,0.7886759522643855,computed_unscaled,cpu,nan,nan,nan,,,,,,,,nan,nan,nan,nan,nan,nan,False,,
fig2,adaptive_jones_vp_proposed,90,4175219143,0.0,snr_db,0.0,3,3,3,3,full_6d,4175219143,,,nan,,False,,155.0713497698307,4.72192946702356e-05,4.72192946702356e-05,3.852267032542192e-06,3.462158887086583e-05,1.5480424960483189e-12,0.09024442797832538,False,direct_vp,global_exact_spherical_vp,main_single_proposed,True,9e533e8a79b9ccad,adaptive_jones,cpu,False,,numpy,numpy.linalg.solve,fixed_pol_anchor,True,fixed_anchor_then_adaptive_jones_score_selection,fixed_pol_anchor,1.6004847804229878,22.353557358975234,8.987659139278444,0.0,True,3,4,3096725.458075429,3099244.4298746674,"[3.0089352784371086,1.6004847804229878,22.353557358975234]","[0.3323434728434597,0.6248106900048823,0.04473560891980953]","[6.220257538741717e-07,2.8421592966695075e-08,2.5231282200655464e-07]",direct_vp,[],3092814.259394595,3096560,True,5029238.030437531,99.89897932607826,13.36935527200091,0.08102349172245342,"[4.967012977692115,4.956529254570989,5.13340793214485]",183.09926655888557,148.83366258442402,333.2055651471019,nan,nan,nan,nan,False,,nan,,,nan,nan,nan,,,,,,,,4.72192946702356e-05,3.852267032542192e-06,0.09024442797832538,nan,nan,nan,False,not_run,not_requested
fig2,PEB,90,4175219143,0.0,snr_db,0.0,3,3,3,3,full_6d,4175219143,,,nan,,False,,5.260953404009342,nan,nan,nan,nan,nan,nan,False,,,peb_only,False,1838f3ec632a7c19,,,,,,,adaptive_jones,True,fixed_anchor_then_adaptive_jones_score_selection,,nan,nan,nan,nan,True,,,nan,nan,,,,,[],nan,,,nan,nan,nan,nan,,nan,nan,nan,0.0004515768544716856,nan,nan,0.0004515768544716856,False,6333c10944794ce04d692bf5cb56023e51f4bf1ac8d7f2df89dad974bd0e5c09,0.09035419083527886,computed_unscaled,cpu,nan,nan,nan,,,,,,,,nan,nan,nan,nan,nan,nan,False,,
fig2,adaptive_jones_vp_proposed,91,3347136468,0.0,snr_db,0.0,3,3,3,3,full_6d,3347136468,,,nan,,False,,166.7391052916646,0.0001655825393139251,0.0001655825393139251,4.922604831178445e-06,0.00014730601610584348,1.5225003929163196e-13,0.24663673108795325,False,direct_vp,global_exact_spherical_vp,main_single_proposed,True,a5358f0e3927762f,adaptive_jones,cpu,False,,numpy,numpy.linalg.solve,fixed_pol_anchor,True,fixed_anchor_then_adaptive_jones_score_selection,fixed_pol_anchor,1.168456615600005,24.21058110732607,11.744838551073947,0.0,True,3,4,3096725.458075429,3120113.7089424767,"[9.855477930295763,24.21058110732607,1.168456615600005]","[0.1014664136090389,0.041304254348244106,0.8558298071557663]","[6.737583776873592e-08,2.1311248765755736e-08,1.6542929378345753e-06]",direct_vp,"[""poor_clock_consistency""]",3098743.3462942676,3096560,True,6857051.777845899,113.2582564812323,12.812287791947206,0.1877490174498031,"[4.735808939202565,5.150385723962465,5.11548697205942]",161.8338801190257,160.4494799375534,323.6270034313202,nan,nan,nan,nan,False,,nan,,,nan,nan,nan,,,,,,,,0.0001655825393139251,4.922604831178445e-06,0.24663673108795325,nan,nan,nan,False,not_run,not_requested
fig2,PEB,91,3347136468,0.0,snr_db,0.0,3,3,3,3,full_6d,3347136468,,,nan,,False,,5.166809059679508,nan,nan,nan,nan,nan,nan,False,,,peb_only,False,dd13e9d09063b8b6,,,,,,,adaptive_jones,True,fixed_anchor_then_adaptive_jones_score_selection,,nan,nan,nan,nan,True,,,nan,nan,,,,,[],nan,,,nan,nan,nan,nan,,nan,nan,nan,0.0003416416719734027,nan,nan,0.0003416416719734027,False,64607f16edc43d908c3fdfcf5a1ab43160e4a3b90bfd0c732196f2f9ce351b74,0.2464642265771189,computed_unscaled,cpu,nan,nan,nan,,,,,,,,nan,nan,nan,nan,nan,nan,False,,
fig2,adaptive_jones_vp_proposed,92,971995857,0.0,snr_db,0.0,3,3,3,3,full_6d,971995857,,,nan,,False,,156.3308011740446,7.086140995329062e-05,7.086140995329062e-05,1.8076607150232049e-06,1.914034389543269e-05,1.772962279936988e-13,0.5369682930918502,False,direct_vp,global_exact_spherical_vp,main_single_proposed,True,0e55489fd14d7acd,adaptive_jones,cpu,False,,numpy,numpy.linalg.solve,fixed_pol_anchor,True,fixed_anchor_then_adaptive_jones_score_selection,fixed_pol_anchor,1.4002974337054603,28.847558960642193,11.404599219210217,0.0,True,3,4,3096725.458075429,3099355.8477970515,"[28.847558960642193,3.965941263283,1.4002974337054603]","[0.03466497811254984,0.2521469516591468,0.7141339946274161]","[1.2142870402842492e-07,7.126992232813847e-08,1.7913646571078317e-06]",direct_vp,"[""poor_clock_consistency""]",3097912.8704146836,3096560,True,8319399.325150762,80.1975672075668,12.639718626211959,0.16858636080477363,"[4.665938468276216,4.977997475415124,5.056191170461642]",167.5147985368967,149.744650259614,318.7060085311532,nan,nan,nan,nan,False,,nan,,,nan,nan,nan,,,,,,,,7.086140995329062e-05,1.8076607150232049e-06,0.5369682930918502,nan,nan,nan,False,not_run,not_requested
fig2,PEB,92,971995857,0.0,snr_db,0.0,3,3,3,3,full_6d,971995857,,,nan,,False,,5.29299159348011,nan,nan,nan,nan,nan,nan,False,,,peb_only,False,6f36b3dc6f424d47,,,,,,,adaptive_jones,True,fixed_anchor_then_adaptive_jones_score_selection,,nan,nan,nan,nan,True,,,nan,nan,,,,,[],nan,,,nan,nan,nan,nan,,nan,nan,nan,0.00031892813233445265,nan,nan,0.00031892813233445265,False,414dc620a83beefed3505e1c54ca50570728cbcfef97d68ab55ee64715d67776,0.5367365702982516,computed_unscaled,cpu,nan,nan,nan,,,,,,,,nan,nan,nan,nan,nan,nan,False,,
fig2,adaptive_jones_vp_proposed,41,4278604885,0.0,snr_db,0.0,3,3,3,3,full_6d,4278604885,,,nan,,False,,1983.1334653869271,0.00027124940727143537,0.00027124940727143537,5.924488616894236e-06,0.0001936225242772715,2.0090406968832968e-13,0.28491617970486427,False,direct_vp,global_exact_spherical_vp,main_single_proposed,True,6e8986deffffa5c1,adaptive_jones,cpu,False,,numpy,numpy.linalg.solve,fixed_pol_anchor,True,fixed_anchor_then_adaptive_jones_score_selection,fixed_pol_anchor,1.7028197891560657,54.02403291855401,19.423603527045355,0.0,True,3,4,3096725.458075429,3255457.603132917,"[1.7028197891560657,2.543957873425979,54.02403291855401]","[0.5872612042486933,0.3930882702278179,0.01851028044229064]","[8.421716614029872e-08,1.905181714924924e-08,1.2400034754931493e-08]",direct_vp,[],3096803.17141498,3096560,True,4356675.780880333,110.50823066470167,11.380356260130387,0.06618790357244465,"[4.945410496052931,4.9728275357108735,4.820735479797531]",191.68660078197718,1762.2566174641252,1955.2800255939364,nan,nan,nan,nan,False,,nan,,,nan,nan,nan,,,,,,,,0.00027124940727143537,5.924488616894236e-06,0.28491617970486427,nan,nan,nan,False,not_run,not_requested
fig2,PEB,41,4278604885,0.0,snr_db,0.0,3,3,3,3,full_6d,4278604885,,,nan,,False,,5.298156350851059,nan,nan,nan,nan,nan,nan,False,,,peb_only,False,23b7281b6593e93a,,,,,,,adaptive_jones,True,fixed_anchor_then_adaptive_jones_score_selection,,nan,nan,nan,nan,True,,,nan,nan,,,,,[],nan,,,nan,nan,nan,nan,,nan,nan,nan,0.0004847722095366083,nan,nan,0.0004847722095366083,False,3ffbd47003275298d380fa4fdbe537af868b54f1a66ff07176dee6a601458b33,0.28489527917999663,computed_unscaled,cpu,nan,nan,nan,,,,,,,,nan,nan,nan,nan,nan,nan,False,,
fig2,adaptive_jones_vp_proposed,95,1902842209,0.0,snr_db,0.0,3,3,3,3,full_6d,1902842209,,,nan,,False,,168.24154702574015,0.0004202575233722645,0.0004202575233722645,7.072957535060816e-06,0.00023780291559132448,1.3690447785363075e-12,0.28299637727495713,False,direct_vp,global_exact_spherical_vp,main_single_proposed,True,5941fe193e5874c6,adaptive_jones,cpu,False,,numpy,numpy.linalg.solve,fixed_pol_anchor,True,fixed_anchor_then_adaptive_jones_score_selection,fixed_pol_anchor,1.2369430255801457,51.3115881147508,19.439942300125008,0.0,True,3,4,3096725.458075429,3114873.658121851,"[51.3115881147508,5.7712957600440795,1.2369430255801457]","[0.019488775083560773,0.17327131402924167,0.8084446731325782]","[1.3949312657502467e-07,8.845390088683361e-08,6.440535622353117e-07]",direct_vp,"[""poor_clock_consistency""]",3094777.024167012,3096560,True,7087552.862435301,97.66662229045278,8.771802299156647,0.100196060600932,"[4.9144867759781325,5.159667261883096,5.046643863672199]",171.099444180727,161.9024884328246,334.28984485566616,nan,nan,nan,nan,False,,nan,,,nan,nan,nan,,,,,,,,0.0004202575233722645,7.072957535060816e-06,0.28299637727495713,nan,nan,nan,False,not_run,not_requested
fig2,PEB,95,1902842209,0.0,snr_db,0.0,3,3,3,3,full_6d,1902842209,,,nan,,False,,5.306281395256519,nan,nan,nan,nan,nan,nan,False,,,peb_only,False,7daa591c1367432e,,,,,,,adaptive_jones,True,fixed_anchor_then_adaptive_jones_score_selection,,nan,nan,nan,nan,True,,,nan,nan,,,,,[],nan,,,nan,nan,nan,nan,,nan,nan,nan,0.00032902400615081534,nan,nan,0.00032902400615081534,False,76a18cb09eabd2843f7f18de70d1414c840c1b810997a8411f8aedb26f349b2f,0.28316088141841084,computed_unscaled,cpu,nan,nan,nan,,,,,,,,nan,nan,nan,nan,nan,nan,False,,
fig2,adaptive_jones_vp_proposed,3,3422926171,5.0,snr_db,5.0,3,3,3,3,full_6d,3422926171,,,nan,,False,,108.15077333152294,0.0002897616836986884,0.0002897616836986884,3.6123027468982375e-06,0.0001340407984593304,7.116156099315209e-13,0.08795708669945805,False,direct_vp,global_exact_spherical_vp,main_single_proposed,True,ab4d1d203e856e9d,adaptive_jones,cpu,False,,numpy,numpy.linalg.solve,fixed_pol_anchor,True,fixed_anchor_then_adaptive_jones_score_selection,fixed_pol_anchor,0.6666217095787584,2.767785938665386,1.4008888053436228,0.0,True,3,4,3096725.458075429,3096770.334892981,"[2.767785938665386,0.7682587677867242,0.6666217095787584]","[0.36129961715154457,1.3016447607622241,1.5001011602686]","[1.9583240975967762e-07,4.792894516797902e-08,1.4694364005018862e-07]",direct_vp,[],3097490.0766403335,3096560,True,27061120.273914177,79.29070742447085,31.471847958368244,0.03685338793961184,"[4.962360235654596,4.962082504013351,5.040398841401398]",174.3689632192254,101.86581602692604,277.51978000998497,nan,nan,nan,nan,False,,nan,,,nan,nan,nan,,,,,,,,0.0002897616836986884,3.6123027468982375e-06,0.08795708669945805,nan,nan,nan,False,not_run,not_requested
fig2,PEB,3,3422926171,5.0,snr_db,5.0,3,3,3,3,full_6d,3422926171,,,nan,,False,,5.246856614947319,nan,nan,nan,nan,nan,nan,False,,,peb_only,False,25f5f2613341c8e3,,,,,,,adaptive_jones,True,fixed_anchor_then_adaptive_jones_score_selection,,nan,nan,nan,nan,True,,,nan,nan,,,,,[],nan,,,nan,nan,nan,nan,,nan,nan,nan,0.0001943889350184992,nan,nan,0.0001943889350184992,False,36031d2b9c9618797e3e0dd10eb5c7dda8abc129f14c8c8dd5b717980768d13b,0.08793113035534897,computed_unscaled,cpu,nan,nan,nan,,,,,,,,nan,nan,nan,nan,nan,nan,False,,
fig2,adaptive_jones_vp_proposed,94,3608384463,0.0,snr_db,0.0,3,3,3,3,full_6d,3608384463,,,nan,,False,,256.474204570055,0.00014801968302082097,0.00014801968302082097,7.584090074204617e-06,2.823574889090609e-05,7.967086465112092e-13,0.46792747416858405,False,direct_vp,global_exact_spherical_vp,main_single_proposed,True,428a9038ebb6689e,adaptive_jones,cpu,False,,numpy,numpy.linalg.solve,fixed_pol_anchor,True,fixed_anchor_then_adaptive_jones_score_selection,fixed_pol_anchor,1.3506028329959732,15.219280181208644,7.242294396180026,0.0,True,3,4,3096725.458075429,3104288.7509846995,"[5.157000174335463,1.3506028329959732,15.219280181208644]","[0.1939111821193033,0.740410115815025,0.0657061298614824]","[3.5098442903667417e-06,4.62534514062259e-08,5.927497514695776e-08]",direct_vp,[],3098716.7665814916,3096560,True,5741422.277606547,101.79503946429269,11.959475964810549,0.05442890539111493,"[5.120462845166091,5.04275738267852,5.175432668055263]",174.5402629300952,249.9844216927886,425.81303042918444,nan,nan,nan,nan,False,,nan,,,nan,nan,nan,,,,,,,,0.00014801968302082097,7.584090074204617e-06,0.46792747416858405,nan,nan,nan,False,not_run,not_requested
fig2,PEB,94,3608384463,0.0,snr_db,0.0,3,3,3,3,full_6d,3608384463,,,nan,,False,,5.328037895262241,nan,nan,nan,nan,nan,nan,False,,,peb_only,False,13f5a0ffe53136da,,,,,,,adaptive_jones,True,fixed_anchor_then_adaptive_jones_score_selection,,nan,nan,nan,nan,True,,,nan,nan,,,,,[],nan,,,nan,nan,nan,nan,,nan,nan,nan,0.00042618828225929193,nan,nan,0.00042618828225929193,False,ef18bf3cff118d7dc1efd356b9a296459495c6f9c6bb71ac5354d9f7a0cabc56,0.4676042037393325,computed_unscaled,cpu,nan,nan,nan,,,,,,,,nan,nan,nan,nan,nan,nan,False,,
fig2,adaptive_jones_vp_proposed,1,112311654,5.0,snr_db,5.0,3,3,3,3,full_6d,112311654,,,nan,,False,,168.5200111940503,7.209435947063068e-05,7.209435947063068e-05,2.803107398320065e-06,5.6525986309962514e-05,3.3047506532160753e-13,0.09607540649086566,False,direct_vp,global_exact_spherical_vp,main_single_proposed,True,5edd6e215a75c3e3,adaptive_jones,cpu,False,,numpy,numpy.linalg.solve,fixed_pol_anchor,True,fixed_anchor_then_adaptive_jones_score_selection,fixed_pol_anchor,0.3813220463857824,12.680730227419879,5.076638382872287,0.0,True,3,4,3096725.458075429,3204615.51668836,"[2.1678628748111985,0.3813220463857824,12.680730227419879]","[0.4612837885721546,2.6224552434818356,0.07885981186043944]","[6.18833872920595e-09,1.7689661660762166e-07,5.634066498831923e-10]",direct_vp,[],3096430.073600633,3096560,True,16159746.112848414,98.52139866871858,14.839828088768984,0.09169322389580829,"[4.998360640459441,4.997619841535197,4.803480597790237]",170.251431055367,162.25152374058962,333.8789377436042,nan,nan,nan,nan,False,,nan,,,nan,nan,nan,,,,,,,,7.209435947063068e-05,2.803107398320065e-06,0.09607540649086566,nan,nan,nan,False,not_run,not_requested
fig2,PEB,1,112311654,5.0,snr_db,5.0,3,3,3,3,full_6d,112311654,,,nan,,False,,5.083575628697872,nan,nan,nan,nan,nan,nan,False,,,peb_only,False,b90ad4caea76c691,,,,,,,adaptive_jones,True,fixed_anchor_then_adaptive_jones_score_selection,,nan,nan,nan,nan,True,,,nan,nan,,,,,[],nan,,,nan,nan,nan,nan,,nan,nan,nan,0.00025546308279901893,nan,nan,0.00025546308279901893,False,e3b48bd20620d3b9b8ef02e72c1473ee968de0b883c8a7b45706956b70dd2349,0.09607993426569139,computed_unscaled,cpu,nan,nan,nan,,,,,,,,nan,nan,nan,nan,nan,nan,False,,
fig2,adaptive_jones_vp_proposed,0,3147786918,5.0,snr_db,5.0,3,3,3,3,full_6d,3147786918,,,nan,,False,,224.6044546291232,0.00020934318958220922,0.00020934318958220922,8.202781859431354e-07,3.2226611206992834e-05,1.7663501397596867e-13,0.12532463389259155,False,direct_vp,global_exact_spherical_vp,main_single_proposed,True,b83772c345c01109,adaptive_jones,cpu,False,,numpy,numpy.linalg.solve,fixed_pol_anchor,True,fixed_anchor_then_adaptive_jones_score_selection,fixed_pol_anchor,0.5914662974917432,2.30478208064028,1.2842974398951494,0.0,True,3,4,3096725.458075429,3104194.5845829267,"[2.30478208064028,0.5914662974917432,0.9566439415534254]","[0.4338804993311516,1.6907134087608235,1.0453209982966234]","[1.1024207248699811e-07,7.265176046798823e-08,5.62094902434495e-07]",direct_vp,[],3095469.817463591,3096560,True,26021737.469234243,69.79196371974771,32.03435752724904,0.013779392709908002,"[5.00131904616516,4.967566968811174,4.984300034552614]",149.65297735482454,218.30251397937536,369.23345966637135,nan,nan,nan,nan,False,,nan,,,nan,nan,nan,,,,,,,,0.00020934318958220922,8.202781859431354e-07,0.12532463389259155,nan,nan,nan,False,not_run,not_requested
fig2,PEB,0,3147786918,5.0,snr_db,5.0,3,3,3,3,full_6d,3147786918,,,nan,,False,,5.303194597363472,nan,nan,nan,nan,nan,nan,False,,,peb_only,False,e95573f14d2ecc9d,,,,,,,adaptive_jones,True,fixed_anchor_then_adaptive_jones_score_selection,,nan,nan,nan,nan,True,,,nan,nan,,,,,[],nan,,,nan,nan,nan,nan,,nan,nan,nan,0.00020082404726448643,nan,nan,0.00020082404726448643,False,7c738a48c71d396c30709f16037cef480e872ff8eba0c095999cea8980974cb0,0.12536941931437523,computed_unscaled,cpu,nan,nan,nan,,,,,,,,nan,nan,nan,nan,nan,nan,False,,
fig2,adaptive_jones_vp_proposed,6,1919806993,5.0,snr_db,5.0,3,3,3,3,full_6d,1919806993,,,nan,,False,,156.89687333256006,6.212459110843843e-05,6.212459110843843e-05,7.265370803507937e-07,1.7191609940490654e-05,1.791762289076763e-13,0.13275288912771324,False,direct_vp,global_exact_spherical_vp,main_single_proposed,True,28493fb8ab0d5d0d,adaptive_jones,cpu,False,,numpy,numpy.linalg.solve,fixed_pol_anchor,True,fixed_anchor_then_adaptive_jones_score_selection,fixed_pol_anchor,0.5697287071116894,7.427599490890187,2.927143589223094,0.0,True,3,4,3096725.458075429,3099440.6642036145,"[0.7841025696674051,7.427599490890187,0.5697287071116894]","[1.2753433526220792,0.13463299969513082,1.7552213667958818]","[1.4331667838659838e-06,6.193178740121253e-08,2.3259103255372357e-08]",direct_vp,[],3095354.4692101665,3096560,True,26068212.397586554,72.21016542584108,38.99003482074565,0.042030925511608815,"[5.053211962507351,5.056984259572266,4.965996924300959]",161.39210931956768,150.45499002933502,313.1506398022175,nan,nan,nan,nan,False,,nan,,,nan,nan,nan,,,,,,,,6.212459110843843e-05,7.265370803507937e-07,0.13275288912771324,nan,nan,nan,False,not_run,not_requested
fig2,PEB,6,1919806993,5.0,snr_db,5.0,3,3,3,3,full_6d,1919806993,,,nan,,False,,5.330982990562916,nan,nan,nan,nan,nan,nan,False,,,peb_only,False,cb62556cf6edcfa0,,,,,,,adaptive_jones,True,fixed_anchor_then_adaptive_jones_score_selection,,nan,nan,nan,nan,True,,,nan,nan,,,,,[],nan,,,nan,nan,nan,nan,,nan,nan,nan,0.00019845421998979928,nan,nan,0.00019845421998979928,False,231b7c2941d5d9c02809f94febabb8d0e1f1d4a2d4bfefa1b397f685379809da,0.13280527787450197,computed_unscaled,cpu,nan,nan,nan,,,,,,,,nan,nan,nan,nan,nan,nan,False,,
fig2,adaptive_jones_vp_proposed,5,2290547997,5.0,snr_db,5.0,3,3,3,3,full_6d,2290547997,,,nan,,False,,200.6437317878008,0.000305622721365662,0.000305622721365662,1.4243205774195605e-06,3.194330382303202e-05,4.713904847989267e-13,0.08625737405689156,False,direct_vp,global_exact_spherical_vp,main_single_proposed,True,454c022c4ae698a7,adaptive_jones,cpu,False,,numpy,numpy.linalg.solve,fixed_pol_anchor,True,fixed_anchor_then_adaptive_jones_score_selection,fixed_pol_anchor,0.5404136196126417,1.8229509416093694,1.2173211416482423,0.0,True,3,4,3096725.458075429,3104289.639900215,"[1.8229509416093694,0.5404136196126417,1.2885988637227161]","[0.5485611143848663,1.8504344888943414,0.7760366923727894]","[1.329203227916383e-06,1.713571797151188e-09,4.7075506522870705e-07]",direct_vp,[],3093962.1532143056,3096560,True,22629974.288960077,74.96484867632999,34.025205547800084,0.020229369658719246,"[5.005705310793955,5.012892487632181,5.051758075516584]",168.01647916436195,194.04597318917513,363.4029416590929,nan,nan,nan,nan,False,,nan,,,nan,nan,nan,,,,,,,,0.000305622721365662,1.4243205774195605e-06,0.08625737405689156,nan,nan,nan,False,not_run,not_requested
fig2,PEB,5,2290547997,5.0,snr_db,5.0,3,3,3,3,full_6d,2290547997,,,nan,,False,,5.390192821621895,nan,nan,nan,nan,nan,nan,False,,,peb_only,False,159307b4bdf1ec6c,,,,,,,adaptive_jones,True,fixed_anchor_then_adaptive_jones_score_selection,,nan,nan,nan,nan,True,,,nan,nan,,,,,[],nan,,,nan,nan,nan,nan,,nan,nan,nan,0.00021575454328582396,nan,nan,0.00021575454328582396,False,38f1169f92c897947506b479f5ee71ac29695cde812eaf9f2f26b2ce8e8773e4,0.08633024616998021,computed_unscaled,cpu,nan,nan,nan,,,,,,,,nan,nan,nan,nan,nan,nan,False,,
fig2,adaptive_jones_vp_proposed,36,3263447461,0.0,snr_db,0.0,3,3,3,3,full_6d,3263447461,,,nan,,False,,2351.8848991170526,0.00038452357569235897,0.00038452357569235897,6.908149670493601e-06,0.0002504048996679035,9.797690202486987e-14,0.244893790103398,False,direct_vp_rollback,global_exact_spherical_vp,main_single_proposed,True,352c69d0f870dab2,adaptive_jones,cpu,False,,numpy,numpy.linalg.solve,fixed_pol_anchor,True,fixed_anchor_then_adaptive_jones_score_selection,fixed_pol_anchor,1.2249281439242263,302.1195554957657,102.96423885901088,0.0,True,3,4,3096725.458075429,3102621.914872396,"[5.5482329373426955,302.1195554957657,1.2249281439242263]","[0.18023756595796386,0.003309947937851695,0.8163744175190041]","[4.430457305151959e-07,5.2816682577827545e-09,6.648829641895075e-08]",jnpp_then_vp,[],3101086.1437297896,3096560,False,7748343.767741153,90.34306809668621,8.081550179023814,0.03229177527457513,"[5.018394952150165,4.941413618646376,4.96416198265343]",147.2634896337986,1968.5533301904798,2117.1116539910436,nan,nan,nan,nan,False,,nan,,,nan,nan,nan,,,,,,,,0.00038452357569235897,6.908149670493601e-06,0.244893790103398,0.000384528922439443,6.908204413567782e-06,0.2448937901034021,True,rollback,existing_selector_rollback
fig2,PEB,36,3263447461,0.0,snr_db,0.0,3,3,3,3,full_6d,3263447461,,,nan,,False,,5.039584398269653,nan,nan,nan,nan,nan,nan,False,,,peb_only,False,60c6f81eb2390ce5,,,,,,,adaptive_jones,True,fixed_anchor_then_adaptive_jones_score_selection,,nan,nan,nan,nan,True,,,nan,nan,,,,,[],nan,,,nan,nan,nan,nan,,nan,nan,nan,0.0003183960158201883,nan,nan,0.0003183960158201883,False,44da4b062737b51be35373567f8e2b8ed08b76fc869f23df282060a8ccb40d9b,0.24453762257347222,computed_unscaled,cpu,nan,nan,nan,,,,,,,,nan,nan,nan,nan,nan,nan,False,,
fig2,adaptive_jones_vp_proposed,2,3251202663,5.0,snr_db,5.0,3,3,3,3,full_6d,3251202663,,,nan,,False,,243.19967240840197,8.367003120274291e-05,8.367003120274291e-05,2.5637162230959254e-06,6.447133552437222e-05,1.1409103231215515e-13,0.07225984225140662,False,direct_vp,global_exact_spherical_vp,main_single_proposed,True,7041cb4cd92b548f,adaptive_jones,cpu,False,,numpy,numpy.linalg.solve,fixed_pol_anchor,True,fixed_anchor_then_adaptive_jones_score_selection,fixed_pol_anchor,0.6857114806444039,1.937641906476058,1.154836557127625,0.0,True,3,4,3096725.458075429,3096789.41859893,"[1.937641906476058,0.6857114806444039,0.841156284262413]","[0.516091232676082,1.458339299000149,1.1888397182647592]","[3.177116333025912e-08,1.4706475951367053e-07,1.5097627737707046e-06]",direct_vp,[],3093867.6218992,3096560,True,26664144.372362565,73.86612743280787,39.252474080410636,0.032111669209332935,"[4.9428177430176,5.006124938283799,5.014898634871175]",175.22799683362246,236.80592239648104,413.24467715620995,nan,nan,nan,nan,False,,nan,,,nan,nan,nan,,,,,,,,8.367003120274291e-05,2.5637162230959254e-06,0.07225984225140662,nan,nan,nan,False,not_run,not_requested
fig2,PEB,2,3251202663,5.0,snr_db,5.0,3,3,3,3,full_6d,3251202663,,,nan,,False,,5.259424142539501,nan,nan,nan,nan,nan,nan,False,,,peb_only,False,57c80356029f6786,,,,,,,adaptive_jones,True,fixed_anchor_then_adaptive_jones_score_selection,,nan,nan,nan,nan,True,,,nan,nan,,,,,[],nan,,,nan,nan,nan,nan,,nan,nan,nan,0.00019639380470704915,nan,nan,0.00019639380470704915,False,ba669d51e548d5d57a5c08da45514e8eda76ee1a2847f0b8bc91639b42fa1215,0.07232309866643087,computed_unscaled,cpu,nan,nan,nan,,,,,,,,nan,nan,nan,nan,nan,nan,False,,
fig2,adaptive_jones_vp_proposed,7,1914929603,5.0,snr_db,5.0,3,3,3,3,full_6d,1914929603,,,nan,,False,,211.35719191282988,0.00023462570940596352,0.00023462570940596352,1.6961704789905553e-06,0.00013075690169925847,1.1416797482443556e-13,0.2325824195914393,False,direct_vp,global_exact_spherical_vp,main_single_proposed,True,8ad420ddbb3bc3cc,adaptive_jones,cpu,False,,numpy,numpy.linalg.solve,fixed_pol_anchor,True,fixed_anchor_then_adaptive_jones_score_selection,fixed_pol_anchor,0.43267633210721484,4.677967043878229,2.2224535368537786,0.0,True,3,4,3096725.458075429,3097033.4833057295,"[4.677967043878229,1.5567172345758922,0.43267633210721484]","[0.21376807288626823,0.6423774194745654,2.3111964436080426]","[1.7777494393712607e-07,6.989390066188728e-08,9.597983588384776e-07]",direct_vp,"[""poor_clock_consistency""]",3093953.006669174,3096560,True,25589592.034333307,85.29585566279317,22.67048243063016,0.11502929144532568,"[4.761404025385106,4.998967467731683,5.011393706119525]",186.21161981672049,204.86067533493042,392.40284319221973,nan,nan,nan,nan,False,,nan,,,nan,nan,nan,,,,,,,,0.00023462570940596352,1.6961704789905553e-06,0.2325824195914393,nan,nan,nan,False,not_run,not_requested
fig2,PEB,7,1914929603,5.0,snr_db,5.0,3,3,3,3,full_6d,1914929603,,,nan,,False,,5.328546158969402,nan,nan,nan,nan,nan,nan,False,,,peb_only,False,ed40dbdb321b9fb8,,,,,,,adaptive_jones,True,fixed_anchor_then_adaptive_jones_score_selection,,nan,nan,nan,nan,True,,,nan,nan,,,,,[],nan,,,nan,nan,nan,nan,,nan,nan,nan,0.00019067097896281586,nan,nan,0.00019067097896281586,False,84f1975fc112e22552cd5389ecb9ea5e68088b810ed0a30ff85dfd5971674377,0.23277959845425356,computed_unscaled,cpu,nan,nan,nan,,,,,,,,nan,nan,nan,nan,nan,nan,False,,
fig2,adaptive_jones_vp_proposed,10,781873798,5.0,snr_db,5.0,3,3,3,3,full_6d,781873798,,,nan,,False,,158.1127168610692,0.0001286218099589464,0.0001286218099589464,1.32757130859196e-06,0.00011447616177515665,1.181865896450535e-13,0.06968404794975931,False,direct_vp,global_exact_spherical_vp,main_single_proposed,True,8f2a9cc970dc12f1,adaptive_jones,cpu,False,,numpy,numpy.linalg.solve,fixed_pol_anchor,True,fixed_anchor_then_adaptive_jones_score_selection,fixed_pol_anchor,0.4415612873402426,11.338011463919644,4.338946281936053,0.0,True,3,4,3096725.458075429,3108660.1403883835,"[1.2372660945482725,11.338011463919644,0.4415612873402426]","[0.8082335759502599,0.08819888771244493,2.264691286736407]","[1.2899755380397992e-07,1.9124416131366168e-08,3.227934365768284e-07]",direct_vp,[],3094269.1601147098,3096560,True,25785005.163466133,81.20679766638527,25.767420892240402,0.03649897033440549,"[4.997821545892375,5.080163996180314,5.008833569786033]",188.7528026625514,151.52410845458508,341.5583054199815,nan,nan,nan,nan,False,,nan,,,nan,nan,nan,,,,,,,,0.0001286218099589464,1.32757130859196e-06,0.06968404794975931,nan,nan,nan,False,not_run,not_requested
fig2,PEB,10,781873798,5.0,snr_db,5.0,3,3,3,3,full_6d,781873798,,,nan,,False,,5.402268208563328,nan,nan,nan,nan,nan,nan,False,,,peb_only,False,6cacc95e0ad538c9,,,,,,,adaptive_jones,True,fixed_anchor_then_adaptive_jones_score_selection,,nan,nan,nan,nan,True,,,nan,nan,,,,,[],nan,,,nan,nan,nan,nan,,nan,nan,nan,0.00019552365454749974,nan,nan,0.00019552365454749974,False,f2ef97a231c1a4af27e9b56c32078a57d13f76cf0fcef71f5aea3cacfcafd031,0.06973599880886719,computed_unscaled,cpu,nan,nan,nan,,,,,,,,nan,nan,nan,nan,nan,nan,False,,
fig2,adaptive_jones_vp_proposed,8,641399591,5.0,snr_db,5.0,3,3,3,3,full_6d,641399591,,,nan,,False,,246.65452908724546,0.00012743535979698224,0.00012743535979698224,1.1824726522321612e-06,2.4671055641695446e-05,1.0467315739243088e-13,0.07133714787734204,False,direct_vp,global_exact_spherical_vp,main_single_proposed,True,3320befa9c0d7681,adaptive_jones,cpu,False,,numpy,numpy.linalg.solve,fixed_pol_anchor,True,fixed_anchor_then_adaptive_jones_score_selection,fixed_pol_anchor,0.6901918363404758,3.292541557671122,1.5645226533699848,0.0,True,3,4,3096725.458075429,3096777.4581008903,"[3.292541557671122,0.710834566098356,0.6901918363404758]","[0.3037167435797004,1.406797091323387,1.4488725414393395]","[8.087872841655463e-08,1.4020998172662779e-09,5.171410897415236e-07]",direct_vp,[],3097884.645674732,3096560,True,27011753.644661136,78.3502983894564,23.822306519586366,0.054717560120184396,"[4.904598290183817,5.014445523376848,5.026029351887282]",176.578518204391,240.3208358362317,418.23926313221455,nan,nan,nan,nan,False,,nan,,,nan,nan,nan,,,,,,,,0.00012743535979698224,1.1824726522321612e-06,0.07133714787734204,nan,nan,nan,False,not_run,not_requested
fig2,PEB,8,641399591,5.0,snr_db,5.0,3,3,3,3,full_6d,641399591,,,nan,,False,,5.254926614463329,nan,nan,nan,nan,nan,nan,False,,,peb_only,False,a6be896d3422a95a,,,,,,,adaptive_jones,True,fixed_anchor_then_adaptive_jones_score_selection,,nan,nan,nan,nan,True,,,nan,nan,,,,,[],nan,,,nan,nan,nan,nan,,nan,nan,nan,0.00019536374498175258,nan,nan,0.00019536374498175258,False,e032c9cb8462fea3417aadc651e10a3437190e0cacf3ab5bdc4b175ff7382e20,0.07130701278172195,computed_unscaled,cpu,nan,nan,nan,,,,,,,,nan,nan,nan,nan,nan,nan,False,,
fig2,adaptive_jones_vp_proposed,50,3229661427,0.0,snr_db,0.0,3,3,3,3,full_6d,3229661427,,,nan,,False,,1974.4803658500314,0.0005236365084462666,0.0005236365084462666,6.380656209939719e-06,0.00011475405942115264,3.056768573048953e-12,0.4885456170146398,False,direct_vp,global_exact_spherical_vp,main_single_proposed,True,7dda6cf51100019d,adaptive_jones,cpu,False,,numpy,numpy.linalg.solve,fixed_pol_anchor,True,fixed_anchor_then_adaptive_jones_score_selection,fixed_pol_anchor,1.2521270041421229,12.687653083382738,7.316776390451158,0.0,True,3,4,3096725.458075429,3630820.875355212,"[1.2521270041421229,8.010549083828614,12.687653083382738]","[0.7986410297762756,0.12483538762789066,0.07881678301064453]","[2.3088326256604738e-07,3.0254722397569816e-08,9.640948030543019e-08]",direct_vp,[],3095812.3259507366,3096560,True,4260285.360616275,123.90677128060265,13.740176968972055,0.09172400537604382,"[4.953793524220571,5.0456533948565605,5.177293565004167]",154.40923731029034,1781.072469189763,1936.8084501475096,nan,nan,nan,nan,False,,nan,,,nan,nan,nan,,,,,,,,0.0005236365084462666,6.380656209939719e-06,0.4885456170146398,nan,nan,nan,False,not_run,not_requested
fig2,PEB,50,3229661427,0.0,snr_db,0.0,3,3,3,3,full_6d,3229661427,,,nan,,False,,5.356462888419628,nan,nan,nan,nan,nan,nan,False,,,peb_only,False,7761b0986468911e,,,,,,,adaptive_jones,True,fixed_anchor_then_adaptive_jones_score_selection,,nan,nan,nan,nan,True,,,nan,nan,,,,,[],nan,,,nan,nan,nan,nan,,nan,nan,nan,0.0004961712610985548,nan,nan,0.0004961712610985548,False,1942487101149f69652abec158449acd8ba5e0555a4e067cb0f025310bb6ac8a,0.4886661312998463,computed_unscaled,cpu,nan,nan,nan,,,,,,,,nan,nan,nan,nan,nan,nan,False,,
fig2,adaptive_jones_vp_proposed,13,634888206,5.0,snr_db,5.0,3,3,3,3,full_6d,634888206,,,nan,,False,,183.49919824302197,0.0002831715461709404,0.0002831715461709404,1.3142404026759112e-06,7.411633253037266e-05,3.91093107227086e-13,0.0646574091352554,False,direct_vp,global_exact_spherical_vp,main_single_proposed,True,5ffdbb2ac11bcdf6,adaptive_jones,cpu,False,,numpy,numpy.linalg.solve,fixed_pol_anchor,True,fixed_anchor_then_adaptive_jones_score_selection,fixed_pol_anchor,0.5377923467739819,8.16132385621252,3.183991885688266,0.0,True,3,4,3096725.458075429,3199057.3136840733,"[0.5377923467739819,8.16132385621252,0.8528594540782963]","[1.8594537575666399,0.12252914081220093,1.1725261357158416]","[1.0907863139549073e-06,9.528665592354886e-09,1.1871839911298405e-06]",direct_vp,[],3095179.5970795783,3096560,True,23846894.66632142,80.67568422207671,24.06558314604401,0.04546786968767026,"[5.004505367787412,5.113958386057225,5.077064427957669]",175.48722771555185,177.16492461413145,353.89258573949337,nan,nan,nan,nan,False,,nan,,,nan,nan,nan,,,,,,,,0.0002831715461709404,1.3142404026759112e-06,0.0646574091352554,nan,nan,nan,False,not_run,not_requested
fig2,PEB,13,634888206,5.0,snr_db,5.0,3,3,3,3,full_6d,634888206,,,nan,,False,,5.267603822052479,nan,nan,nan,nan,nan,nan,False,,,peb_only,False,ab6c68628c87480d,,,,,,,adaptive_jones,True,fixed_anchor_then_adaptive_jones_score_selection,,nan,nan,nan,nan,True,,,nan,nan,,,,,[],nan,,,nan,nan,nan,nan,,nan,nan,nan,0.00020964579606610204,nan,nan,0.00020964579606610204,False,11da97468c8b90c59dcc518746f48f2217739b6c2c3deec78f2d1177de9045c5,0.06468657958954134,computed_unscaled,cpu,nan,nan,nan,,,,,,,,nan,nan,nan,nan,nan,nan,False,,
fig2,adaptive_jones_vp_proposed,49,3038295588,0.0,snr_db,0.0,3,3,3,3,full_6d,3038295588,,,nan,,False,,2000.1633025035262,0.0002670425742126909,0.0002670425742126909,1.0413947264042952e-05,4.3131310852072216e-05,1.5972228162591887e-12,0.5803357772088602,False,direct_vp,global_exact_spherical_vp,main_single_proposed,True,faae5bfd3d069db8,adaptive_jones,cpu,False,,numpy,numpy.linalg.solve,fixed_pol_anchor,True,fixed_anchor_then_adaptive_jones_score_selection,fixed_pol_anchor,1.6825265221665358,36.47645807900868,13.589352295760415,0.0,True,3,4,3096725.458075429,3131232.0052314396,"[2.609072286106037,36.47645807900868,1.6825265221665358]","[0.38327799705766735,0.027414942475980128,0.5943442714416468]","[8.520888681406547e-07,3.6599899633637404e-09,1.0455036643872306e-06]",direct_vp,[],3099200.7357331794,3096560,True,8745281.423348848,78.3209576016087,14.50893235298891,0.08123865910349275,"[5.079859513720259,5.253821943771893,5.083165502447615]",182.2032873481512,1993.7044497653842,2177.2740126103163,nan,nan,nan,nan,False,,nan,,,nan,nan,nan,,,,,,,,0.0002670425742126909,1.0413947264042952e-05,0.5803357772088602,nan,nan,nan,False,not_run,not_requested
fig2,PEB,49,3038295588,0.0,snr_db,0.0,3,3,3,3,full_6d,3038295588,,,nan,,False,,5.280077584087849,nan,nan,nan,nan,nan,nan,False,,,peb_only,False,185c528fce5e1bcb,,,,,,,adaptive_jones,True,fixed_anchor_then_adaptive_jones_score_selection,,nan,nan,nan,nan,True,,,nan,nan,,,,,[],nan,,,nan,nan,nan,nan,,nan,nan,nan,0.0003293469987989311,nan,nan,0.0003293469987989311,False,acf4e48940052036015f088be14d19342fd02a5a04e03acf4cbab7169512ba81,0.579844286601582,computed_unscaled,cpu,nan,nan,nan,,,,,,,,nan,nan,nan,nan,nan,nan,False,,
fig2,adaptive_jones_vp_proposed,15,2734808712,5.0,snr_db,5.0,3,3,3,3,full_6d,2734808712,,,nan,,False,,177.7306877374649,0.00022966085662175277,0.00022966085662175277,1.4974951872152595e-06,9.790381907248326e-05,9.061988590950385e-13,0.03650893540806676,False,direct_vp,global_exact_spherical_vp,main_single_proposed,True,a7f2fb5b33cea905,adaptive_jones,cpu,False,,numpy,numpy.linalg.solve,fixed_pol_anchor,True,fixed_anchor_then_adaptive_jones_score_selection,fixed_pol_anchor,0.6393508386592359,3.5028115699020486,1.6388274348425422,0.0,True,3,4,3096725.458075429,3104784.675571099,"[3.5028115699020486,0.6393508386592359,0.774319895966342]","[0.2854849540263626,1.5640864757390975,1.291455902409995]","[9.084894673819493e-08,3.2232910524435203e-09,7.222479102011378e-07]",direct_vp,[],3099367.519178353,3096560,True,27434825.87872232,70.03066096936068,24.008387640412643,0.06297872131344068,"[4.896487008173702,5.032797026495999,5.027196962790613]",172.8141903653741,171.26884888857603,345.49702978879213,nan,nan,nan,nan,False,,nan,,,nan,nan,nan,,,,,,,,0.00022966085662175277,1.4974951872152595e-06,0.03650893540806676,nan,nan,nan,False,not_run,not_requested
fig2,PEB,15,2734808712,5.0,snr_db,5.0,3,3,3,3,full_6d,2734808712,,,nan,,False,,5.465029813349247,nan,nan,nan,nan,nan,nan,False,,,peb_only,False,fdca5b03e362d84f,,,,,,,adaptive_jones,True,fixed_anchor_then_adaptive_jones_score_selection,,nan,nan,nan,nan,True,,,nan,nan,,,,,[],nan,,,nan,nan,nan,nan,,nan,nan,nan,0.0001946618384083946,nan,nan,0.0001946618384083946,False,3745774ba39f0b3a489ec82705d3e30e7ac3ac0889ba9ff94e26de5537c07034,0.03647605276580435,computed_unscaled,cpu,nan,nan,nan,,,,,,,,nan,nan,nan,nan,nan,nan,False,,
fig2,adaptive_jones_vp_proposed,20,3607282624,5.0,snr_db,5.0,3,3,3,3,full_6d,3607282624,,,nan,,False,,174.40660741180182,7.740495420532389e-05,7.740495420532389e-05,2.1544179650501405e-06,6.815384197213872e-05,1.3909416049779377e-13,0.18082282547596584,False,direct_vp,global_exact_spherical_vp,main_single_proposed,True,0370d09dd78f34e9,adaptive_jones,cpu,False,,numpy,numpy.linalg.solve,fixed_pol_anchor,True,fixed_anchor_then_adaptive_jones_score_selection,fixed_pol_anchor,0.49903372996711126,2.4629191725783492,1.4408349789661774,0.0,True,3,4,3096725.458075429,3097063.3332495685,"[1.3605520343530721,2.4629191725783492,0.49903372996711126]","[0.7349957772648723,0.4060222564878855,2.0038725640156745]","[1.0539161630322267e-06,7.679693429934831e-08,3.1314079944589815e-07]",direct_vp,[],3095256.77202536,3096560,True,27169370.945641372,65.45357712493168,29.558140663477122,0.025390076031521713,"[4.943508664961018,5.0013262424994025,4.992261788430162]",149.2848332002759,168.1187133193016,318.6835751309991,nan,nan,nan,nan,False,,nan,,,nan,nan,nan,,,,,,,,7.740495420532389e-05,2.1544179650501405e-06,0.18082282547596584,nan,nan,nan,False,not_run,not_requested
fig2,PEB,20,3607282624,5.0,snr_db,5.0,3,3,3,3,full_6d,3607282624,,,nan,,False,,5.2525987178087234,nan,nan,nan,nan,nan,nan,False,,,peb_only,False,2a5f2a62f0ea5953,,,,,,,adaptive_jones,True,fixed_anchor_then_adaptive_jones_score_selection,,nan,nan,nan,nan,True,,,nan,nan,,,,,[],nan,,,nan,nan,nan,nan,,nan,nan,nan,0.00018984418448603674,nan,nan,0.00018984418448603674,False,614c1d5045ebcd05d85977496f662de337f9fdc3d750d62d2ed64ea91c25b070,0.18089989388979738,computed_unscaled,cpu,nan,nan,nan,,,,,,,,nan,nan,nan,nan,nan,nan,False,,
fig2,adaptive_jones_vp_proposed,17,2127997378,5.0,snr_db,5.0,3,3,3,3,full_6d,2127997378,,,nan,,False,,161.06861636042595,0.00017131086649970005,0.00017131086649970005,1.7489416292360956e-06,1.5628924311731287e-05,1.336707212174904e-13,0.1266449717512926,False,direct_vp,global_exact_spherical_vp,main_single_proposed,True,10e64eb511338f92,adaptive_jones,cpu,False,,numpy,numpy.linalg.solve,fixed_pol_anchor,True,fixed_anchor_then_adaptive_jones_score_selection,fixed_pol_anchor,0.5255573410351552,1.857277976333077,1.2588516200434923,0.0,True,3,4,3096725.458075429,3116000.312585824,"[1.3937195427622446,0.5255573410351552,1.857277976333077]","[0.7175044686656854,1.902741950154937,0.5384223647407353]","[1.1104463564885688e-06,4.579923532682112e-08,1.0103549449433138e-06]",direct_vp,[],3099947.8342313212,3096560,True,20560141.725389376,83.2597256277732,32.09228964983469,0.07293642185410516,"[4.980086535549366,4.966952233090575,5.12782221942727]",181.16676335781813,154.56722356379032,337.0509062334895,nan,nan,nan,nan,False,,nan,,,nan,nan,nan,,,,,,,,0.00017131086649970005,1.7489416292360956e-06,0.1266449717512926,nan,nan,nan,False,not_run,not_requested
fig2,PEB,17,2127997378,5.0,snr_db,5.0,3,3,3,3,full_6d,2127997378,,,nan,,False,,5.036540389060974,nan,nan,nan,nan,nan,nan,False,,,peb_only,False,61a06fa25d5af6ef,,,,,,,adaptive_jones,True,fixed_anchor_then_adaptive_jones_score_selection,,nan,nan,nan,nan,True,,,nan,nan,,,,,[],nan,,,nan,nan,nan,nan,,nan,nan,nan,0.00022499055785729115,nan,nan,0.00022499055785729115,False,1e7e5fb979d639b775e57b8f9a2b5887da0781d1b293b718b0219c60afc7e70e,0.1265072191587295,computed_unscaled,cpu,nan,nan,nan,,,,,,,,nan,nan,nan,nan,nan,nan,False,,
fig2,adaptive_jones_vp_proposed,18,3644258948,5.0,snr_db,5.0,3,3,3,3,full_6d,3644258948,,,nan,,False,,171.76704390347004,9.1624306527593e-05,9.1624306527593e-05,1.1631235711289838e-06,7.557384025968363e-05,8.621117271633888e-13,0.13897517213139454,False,direct_vp,global_exact_spherical_vp,main_single_proposed,True,0db87a166e8d66cf,adaptive_jones,cpu,False,,numpy,numpy.linalg.solve,fixed_pol_anchor,True,fixed_anchor_then_adaptive_jones_score_selection,fixed_pol_anchor,0.4211291782280864,3.4222938564353886,1.9644794724854455,0.0,True,3,4,3096725.458075429,3130532.6480744705,"[2.0500153827928616,3.4222938564353886,0.4211291782280864]","[0.48780121768432233,0.2922016758193182,2.374568307537152]","[2.538125390769311e-07,9.20576488194963e-08,2.38941011294619e-07]",direct_vp,[],3093957.5298963217,3096560,True,25492928.951570686,80.84320887306987,24.936525983264275,0.05512237031375736,"[5.06073793721365,5.122821339790474,4.987941403569574]",172.86658111214638,165.3306632861495,339.5508206784725,nan,nan,nan,nan,False,,nan,,,nan,nan,nan,,,,,,,,9.1624306527593e-05,1.1631235711289838e-06,0.13897517213139454,nan,nan,nan,False,not_run,not_requested
fig2,PEB,18,3644258948,5.0,snr_db,5.0,3,3,3,3,full_6d,3644258948,,,nan,,False,,5.186668299138546,nan,nan,nan,nan,nan,nan,False,,,peb_only,False,48963ce2dbd4bcf4,,,,,,,adaptive_jones,True,fixed_anchor_then_adaptive_jones_score_selection,,nan,nan,nan,nan,True,,,nan,nan,,,,,[],nan,,,nan,nan,nan,nan,,nan,nan,nan,0.00018765916090246826,nan,nan,0.00018765916090246826,False,10eabe3ea0bf687d98504e31e23e6506b4b182585a8f16e7a2bae8ed9d09e41a,0.1390927892382434,computed_unscaled,cpu,nan,nan,nan,,,,,,,,nan,nan,nan,nan,nan,nan,False,,
fig2,adaptive_jones_vp_proposed,19,3846521747,5.0,snr_db,5.0,3,3,3,3,full_6d,3846521747,,,nan,,False,,256.14753127098083,0.00040613629371140977,0.00040613629371140977,2.1599145663820694e-06,0.00012186863818379665,1.282517044436984e-13,0.03748198917125215,False,direct_vp,global_exact_spherical_vp,main_single_proposed,True,d5c07168570d8c5f,adaptive_jones,cpu,False,,numpy,numpy.linalg.solve,fixed_pol_anchor,True,fixed_anchor_then_adaptive_jones_score_selection,fixed_pol_anchor,0.5902521647643797,1.5101673463822336,1.1131572837998522,0.0,True,3,4,3096725.458075429,3102923.2913678647,"[1.2390523402529434,0.5902521647643797,1.5101673463822336]","[0.8070684082599919,1.694191160482394,0.6621782694441752]","[6.259816812354607e-07,1.2300460932936199e-08,2.484101817227233e-07]",direct_vp,[],3095221.3116638334,3096560,True,20977876.10409223,80.88890870131694,24.807861575512877,0.07112636716065901,"[5.017909540769676,4.966529407168989,5.136390836860891]",193.11312352865934,249.60178577154875,443.91850304603577,nan,nan,nan,nan,False,,nan,,,nan,nan,nan,,,,,,,,0.00040613629371140977,2.1599145663820694e-06,0.03748198917125215,nan,nan,nan,False,not_run,not_requested
fig2,PEB,19,3846521747,5.0,snr_db,5.0,3,3,3,3,full_6d,3846521747,,,nan,,False,,5.538692072033882,nan,nan,nan,nan,nan,nan,False,,,peb_only,False,cfb41ceb523d315b,,,,,,,adaptive_jones,True,fixed_anchor_then_adaptive_jones_score_selection,,nan,nan,nan,nan,True,,,nan,nan,,,,,[],nan,,,nan,nan,nan,nan,,nan,nan,nan,0.00022248313691943764,nan,nan,0.00022248313691943764,False,66683f008884b5deaddb95c24fc2a892e518e793d697d2821f0c6f98570400e4,0.03749839394765869,computed_unscaled,cpu,nan,nan,nan,,,,,,,,nan,nan,nan,nan,nan,nan,False,,
fig2,adaptive_jones_vp_proposed,22,3206710796,5.0,snr_db,5.0,3,3,3,3,full_6d,3206710796,,,nan,,False,,167.36676438897848,0.00011320123296523891,0.00011320123296523891,1.6023448720955375e-06,3.6608544226292754e-05,6.033851178606115e-13,0.033879338823498924,False,direct_vp,global_exact_spherical_vp,main_single_proposed,True,cc25845677a7e508,adaptive_jones,cpu,False,,numpy,numpy.linalg.solve,fixed_pol_anchor,True,fixed_anchor_then_adaptive_jones_score_selection,fixed_pol_anchor,0.6977907565883578,2.220514726597523,1.2318971756426804,0.0,True,3,4,3096725.458075429,3096801.3148847963,"[0.7773860437421602,0.6977907565883578,2.220514726597523]","[1.286362172371206,1.4330943632565547,0.45034603374600063]","[1.0140461967952767e-06,2.709923498023661e-07,1.392941527176092e-06]",direct_vp,[],3093207.334931859,3096560,True,17972905.470708158,85.48527393992696,25.357627708112577,0.03729802931912294,"[4.964771721069134,4.945611605483194,5.032553223097278]",167.67876707017422,160.81334445625544,329.79968229681253,nan,nan,nan,nan,False,,nan,,,nan,nan,nan,,,,,,,,0.00011320123296523891,1.6023448720955375e-06,0.033879338823498924,nan,nan,nan,False,not_run,not_requested
fig2,PEB,22,3206710796,5.0,snr_db,5.0,3,3,3,3,full_6d,3206710796,,,nan,,False,,5.394613176584244,nan,nan,nan,nan,nan,nan,False,,,peb_only,False,d293db68c90e0c16,,,,,,,adaptive_jones,True,fixed_anchor_then_adaptive_jones_score_selection,,nan,nan,nan,nan,True,,,nan,nan,,,,,[],nan,,,nan,nan,nan,nan,,nan,nan,nan,0.00023889104109124345,nan,nan,0.00023889104109124345,False,c84ba72aa3a760a0760b6b67e247dbffd03ad56315a9283ecceeafa1a6824f29,0.033916235200905503,computed_unscaled,cpu,nan,nan,nan,,,,,,,,nan,nan,nan,nan,nan,nan,False,,
fig2,adaptive_jones_vp_proposed,21,4000820147,5.0,snr_db,5.0,3,3,3,3,full_6d,4000820147,,,nan,,False,,180.31663095206022,0.00012512783780199311,0.00012512783780199311,9.707011018867475e-07,7.04319988718194e-05,6.972386530672529e-13,0.10999797306464447,False,direct_vp,global_exact_spherical_vp,main_single_proposed,True,52bfbde3de36cdae,adaptive_jones,cpu,False,,numpy,numpy.linalg.solve,fixed_pol_anchor,True,fixed_anchor_then_adaptive_jones_score_selection,fixed_pol_anchor,0.36335165327706515,14.17206539350749,5.8287854820483815,0.0,True,3,4,3096725.458075429,3148910.7799983523,"[0.36335165327706515,14.17206539350749,2.9509393993605895]","[2.75215480920658,0.07056134530990438,0.33887513929080665]","[4.4391236631962816e-07,3.334880982809259e-09,3.3449551079159395e-08]",direct_vp,[],3096008.6089598252,3096560,True,16183441.110817768,135.557781444371,27.63772680087227,0.04590010946562051,"[4.994049635013179,5.106091895200394,5.0581694791656435]",182.38894023001194,174.11090958863497,357.82432290911674,nan,nan,nan,nan,False,,nan,,,nan,nan,nan,,,,,,,,0.00012512783780199311,9.707011018867475e-07,0.10999797306464447,nan,nan,nan,False,not_run,not_requested
fig2,PEB,21,4000820147,5.0,snr_db,5.0,3,3,3,3,full_6d,4000820147,,,nan,,False,,5.100564554333687,nan,nan,nan,nan,nan,nan,False,,,peb_only,False,361c21ce31e7136e,,,,,,,adaptive_jones,True,fixed_anchor_then_adaptive_jones_score_selection,,nan,nan,nan,nan,True,,,nan,nan,,,,,[],nan,,,nan,nan,nan,nan,,nan,nan,nan,0.000262463655237757,nan,nan,0.000262463655237757,False,f7a047bb7013efbe33f31c7f789c22a5d5f4d1899bcaccc54b42258dbd7f4038,0.11001813187950489,computed_unscaled,cpu,nan,nan,nan,,,,,,,,nan,nan,nan,nan,nan,nan,False,,
fig2,adaptive_jones_vp_proposed,23,2043173887,5.0,snr_db,5.0,3,3,3,3,full_6d,2043173887,,,nan,,False,,165.7580493092537,0.000296463774067555,0.000296463774067555,1.6275114419781164e-06,2.224367976617395e-05,8.275507379584018e-14,0.10357436633949296,False,direct_vp,global_exact_spherical_vp,main_single_proposed,True,eb83e3e876c26c16,adaptive_jones,cpu,False,,numpy,numpy.linalg.solve,fixed_pol_anchor,True,fixed_anchor_then_adaptive_jones_score_selection,fixed_pol_anchor,0.6585746391272034,3.9175634154615495,1.765974251440132,0.0,True,3,4,3096725.458075429,3100398.80924373,"[3.9175634154615495,0.6585746391272034,0.7217846997316429]","[0.25526070517438376,1.5184307754769035,1.3854546935825527]","[1.2707053282235595e-06,1.1188051400650791e-08,3.877775830134912e-08]",direct_vp,[],3096246.5429545757,3096560,True,26542997.509691868,63.99278067513725,26.213004254998364,0.03568996541025342,"[5.047813596014929,4.962343855908597,4.989167284039359]",174.75415398925543,159.33329840004444,335.36175775527954,nan,nan,nan,nan,False,,nan,,,nan,nan,nan,,,,,,,,0.000296463774067555,1.6275114419781164e-06,0.10357436633949296,nan,nan,nan,False,not_run,not_requested
fig2,PEB,23,2043173887,5.0,snr_db,5.0,3,3,3,3,full_6d,2043173887,,,nan,,False,,4.95340945571661,nan,nan,nan,nan,nan,nan,False,,,peb_only,False,97841e7f88c75a63,,,,,,,adaptive_jones,True,fixed_anchor_then_adaptive_jones_score_selection,,nan,nan,nan,nan,True,,,nan,nan,,,,,[],nan,,,nan,nan,nan,nan,,nan,nan,nan,0.00019702791353009235,nan,nan,0.00019702791353009235,False,7093cfec76f40175c6c7c58aa1b5153ce86056a79427b6463226f28ede4d41bd,0.10358538720112091,computed_unscaled,cpu,nan,nan,nan,,,,,,,,nan,nan,nan,nan,nan,nan,False,,
fig2,adaptive_jones_vp_proposed,24,2465240206,5.0,snr_db,5.0,3,3,3,3,full_6d,2465240206,,,nan,,False,,184.84493175894022,7.204004572295428e-05,7.204004572295428e-05,1.0743566228132467e-06,3.765813565588863e-05,3.4201407323278315e-13,0.16606270250604274,False,direct_vp,global_exact_spherical_vp,main_single_proposed,True,e52a9acecfcf476a,adaptive_jones,cpu,False,,numpy,numpy.linalg.solve,fixed_pol_anchor,True,fixed_anchor_then_adaptive_jones_score_selection,fixed_pol_anchor,0.39345029421790506,17.845673636788273,6.671831032150991,0.0,True,3,4,3096725.458075429,3516070.9940009248,"[1.7763691654467963,0.39345029421790506,17.845673636788273]","[0.5629460471673418,2.5416171107138004,0.056035990589936996]","[4.2524416249961934e-07,1.594960893510331e-07,2.1372047472156334e-07]",direct_vp,[],3096137.1531798746,3096560,True,16329869.028140543,105.77293817174589,12.785185351568586,0.07869626910962355,"[5.028036948543594,5.005854445011383,5.18277667963584]",176.5082441419363,178.1888998001814,355.9911594465375,nan,nan,nan,nan,False,,nan,,,nan,nan,nan,,,,,,,,7.204004572295428e-05,1.0743566228132467e-06,0.16606270250604274,nan,nan,nan,False,not_run,not_requested
fig2,PEB,24,2465240206,5.0,snr_db,5.0,3,3,3,3,full_6d,2465240206,,,nan,,False,,5.606131695210934,nan,nan,nan,nan,nan,nan,False,,,peb_only,False,9c25b551df8dcccb,,,,,,,adaptive_jones,True,fixed_anchor_then_adaptive_jones_score_selection,,nan,nan,nan,nan,True,,,nan,nan,,,,,[],nan,,,nan,nan,nan,nan,,nan,nan,nan,0.0002528208709203022,nan,nan,0.0002528208709203022,False,d0abc1777196bcc1a36b4bbbb5b3c3e641533288ceccc09b778d2fb6777f61b5,0.16608624025173382,computed_unscaled,cpu,nan,nan,nan,,,,,,,,nan,nan,nan,nan,nan,nan,False,,
fig2,adaptive_jones_vp_proposed,26,890721611,5.0,snr_db,5.0,3,3,3,3,full_6d,890721611,,,nan,,False,,151.4175363406539,0.0003087853854179813,0.0003087853854179813,8.354201015269989e-07,2.125178859812885e-05,1.788593019160834e-13,0.15072659816376513,False,direct_vp,global_exact_spherical_vp,main_single_proposed,True,dd4a5925290d8397,adaptive_jones,cpu,False,,numpy,numpy.linalg.solve,fixed_pol_anchor,True,fixed_anchor_then_adaptive_jones_score_selection,fixed_pol_anchor,0.6167668510406606,3.129506052516555,1.5204930744906857,0.0,True,3,4,3096725.458075429,3096875.7574043158,"[0.6167668510406606,3.129506052516555,0.815206319914842]","[1.6213582139054643,0.31953924460147076,1.226683326134722]","[1.8933114560294107e-07,4.879947588072612e-08,1.2121864696693222e-06]",direct_vp,[],3096424.1309677246,3096560,True,24342061.732508462,86.48522641546944,33.861198954962816,0.02628669993511459,"[5.025941648231792,5.028880620422517,4.971706740402609]",175.70251078903675,145.06996589899063,322.0965374186635,nan,nan,nan,nan,False,,nan,,,nan,nan,nan,,,,,,,,0.0003087853854179813,8.354201015269989e-07,0.15072659816376513,nan,nan,nan,False,not_run,not_requested
fig2,PEB,26,890721611,5.0,snr_db,5.0,3,3,3,3,full_6d,890721611,,,nan,,False,,5.359140157699585,nan,nan,nan,nan,nan,nan,False,,,peb_only,False,974200856f0e9c6e,,,,,,,adaptive_jones,True,fixed_anchor_then_adaptive_jones_score_selection,,nan,nan,nan,nan,True,,,nan,nan,,,,,[],nan,,,nan,nan,nan,nan,,nan,nan,nan,0.00020703943895547,nan,nan,0.00020703943895547,False,c294e93a3e036e5c5731d344dd8b7b3046868b56987f9fb6b7f233813953d55d,0.15073399078881683,computed_unscaled,cpu,nan,nan,nan,,,,,,,,nan,nan,nan,nan,nan,nan,False,,
fig2,adaptive_jones_vp_proposed,27,4133001221,5.0,snr_db,5.0,3,3,3,3,full_6d,4133001221,,,nan,,False,,225.9496917054057,0.00016034002029737327,0.00016034002029737327,8.450279692284255e-07,3.6765915338340725e-05,8.445837936344591e-14,0.07394094489275316,False,direct_vp,global_exact_spherical_vp,main_single_proposed,True,da5bcc64a14081b7,adaptive_jones,cpu,False,,numpy,numpy.linalg.solve,fixed_pol_anchor,True,fixed_anchor_then_adaptive_jones_score_selection,fixed_pol_anchor,0.3920170831693839,34.91676416072735,12.349698433323757,0.0,True,3,4,3096725.458075429,3129024.8870502985,"[1.7403140560745383,0.3920170831693839,34.91676416072735]","[0.5746089313637247,2.5509092407779717,0.02863953817031631]","[1.2305698342508359e-06,8.41956508309452e-09,2.8837760580330065e-08]",direct_vp,[],3096104.7916206904,3096560,True,14393950.268026147,100.74933229433272,11.549072451989499,0.09295831456845335,"[5.093124090738406,4.992146938742418,5.219379194102414]",160.70047386735678,219.12393181025982,381.20604661107063,nan,nan,nan,nan,False,,nan,,,nan,nan,nan,,,,,,,,0.00016034002029737327,8.450279692284255e-07,0.07394094489275316,nan,nan,nan,False,not_run,not_requested
fig2,PEB,27,4133001221,5.0,snr_db,5.0,3,3,3,3,full_6d,4133001221,,,nan,,False,,5.637729115784168,nan,nan,nan,nan,nan,nan,False,,,peb_only,False,26f5057c7dec8139,,,,,,,adaptive_jones,True,fixed_anchor_then_adaptive_jones_score_selection,,nan,nan,nan,nan,True,,,nan,nan,,,,,[],nan,,,nan,nan,nan,nan,,nan,nan,nan,0.00026936099680586665,nan,nan,0.00026936099680586665,False,4db56e3e555632d19d051acf26a881417468b8ad38e08366b65041ee29b29feb,0.07395219825630268,computed_unscaled,cpu,nan,nan,nan,,,,,,,,nan,nan,nan,nan,nan,nan,False,,
fig2,adaptive_jones_vp_proposed,30,635628036,5.0,snr_db,5.0,3,3,3,3,full_6d,635628036,,,nan,,False,,154.08432659506798,0.0004020793496239407,0.0004020793496239407,2.121485540239654e-06,3.342912787491012e-05,1.062627463975405e-13,0.12196209809371117,False,direct_vp,global_exact_spherical_vp,main_single_proposed,True,654a987c5ad72bac,adaptive_jones,cpu,False,,numpy,numpy.linalg.solve,fixed_pol_anchor,True,fixed_anchor_then_adaptive_jones_score_selection,fixed_pol_anchor,0.8488516172525926,1.0291967353942792,0.9536908374602678,0.0,True,3,4,3096725.458075429,3105278.877855041,"[1.0291967353942792,0.9830241597339318,0.8488516172525926]","[0.971631531279466,1.0172689959824384,1.1780621956470647]","[2.2646282479434912e-07,6.676218396772558e-09,1.741391669130194e-07]",direct_vp,[],3098435.406627694,3096560,True,25806531.951943673,70.91815057284946,47.60571862349475,0.03491243740458767,"[5.0302944059482035,5.070696475266562,4.985221350181107]",165.7217364385724,147.64823546260595,314.59112537652254,nan,nan,nan,nan,False,,nan,,,nan,nan,nan,,,,,,,,0.0004020793496239407,2.121485540239654e-06,0.12196209809371117,nan,nan,nan,False,not_run,not_requested
fig2,PEB,30,635628036,5.0,snr_db,5.0,3,3,3,3,full_6d,635628036,,,nan,,False,,5.333226501941681,nan,nan,nan,nan,nan,nan,False,,,peb_only,False,f07a389f0ee75542,,,,,,,adaptive_jones,True,fixed_anchor_then_adaptive_jones_score_selection,,nan,nan,nan,nan,True,,,nan,nan,,,,,[],nan,,,nan,nan,nan,nan,,nan,nan,nan,0.00019958767162653885,nan,nan,0.00019958767162653885,False,5590d75cc6f366b617653df89fa7a75298a3f157b3c5c00e92e68278a75325fa,0.12188890723969567,computed_unscaled,cpu,nan,nan,nan,,,,,,,,nan,nan,nan,nan,nan,nan,False,,
fig2,adaptive_jones_vp_proposed,28,4133035554,5.0,snr_db,5.0,3,3,3,3,full_6d,4133035554,,,nan,,False,,165.26684795320034,0.000137147515564877,0.000137147515564877,9.240271435626514e-07,5.340746742287933e-05,1.3780188115525902e-13,0.11203217057419562,False,direct_vp,global_exact_spherical_vp,main_single_proposed,True,b5ff3ee1af08f6a5,adaptive_jones,cpu,False,,numpy,numpy.linalg.solve,fixed_pol_anchor,True,fixed_anchor_then_adaptive_jones_score_selection,fixed_pol_anchor,0.5810933275244191,4.608418636058655,2.0026869463412367,0.0,True,3,4,3096725.458075429,3123246.9933138583,"[0.5810933275244191,0.8185488754406358,4.608418636058655]","[1.7208939642443168,1.2216741479986373,0.21699417500200036]","[5.66054568047401e-08,2.12554517761465e-08,7.836079126170132e-07]",direct_vp,[],3100563.1166030997,3096560,True,16218490.36374275,88.8694774259799,27.34229155048247,0.01595416776964748,"[4.980592582054561,4.964436095635735,4.941698181209128]",194.49305523186922,158.46113642305136,354.29365484416485,nan,nan,nan,nan,False,,nan,,,nan,nan,nan,,,,,,,,0.000137147515564877,9.240271435626514e-07,0.11203217057419562,nan,nan,nan,False,not_run,not_requested
fig2,PEB,28,4133035554,5.0,snr_db,5.0,3,3,3,3,full_6d,4133035554,,,nan,,False,,5.508002355694771,nan,nan,nan,nan,nan,nan,False,,,peb_only,False,a9b4d5801d9b3daf,,,,,,,adaptive_jones,True,fixed_anchor_then_adaptive_jones_score_selection,,nan,nan,nan,nan,True,,,nan,nan,,,,,[],nan,,,nan,nan,nan,nan,,nan,nan,nan,0.0002518746465003193,nan,nan,0.0002518746465003193,False,b0d6ccdf5e943bdc30a995d28f082c1063f363c2aa22897f8408d6a89636af3a,0.1118881047027461,computed_unscaled,cpu,nan,nan,nan,,,,,,,,nan,nan,nan,nan,nan,nan,False,,
fig2,adaptive_jones_vp_proposed,54,1185050677,0.0,snr_db,0.0,3,3,3,3,full_6d,1185050677,,,nan,,False,,2357.0974095389247,0.00037814512967119287,0.00037814512967119287,4.526010594542091e-06,0.0002940479737367995,1.6222192685817447e-13,0.2756840452294439,False,direct_vp,global_exact_spherical_vp,main_single_proposed,True,4f922e202dc654eb,adaptive_jones,cpu,False,,numpy,numpy.linalg.solve,fixed_pol_anchor,True,fixed_anchor_then_adaptive_jones_score_selection,fixed_pol_anchor,1.2656082320018465,17.886852268326226,8.554154264785753,0.0,True,3,4,3096725.458075429,3529170.664768182,"[17.886852268326226,6.510002294029187,1.2656082320018465]","[0.05590698603537406,0.15360977689833769,0.7901339251065139]","[2.3541543321020992e-07,6.912416898882464e-09,8.800530762304193e-07]",direct_vp,[],3094593.7583439033,3096560,True,7690580.767309834,87.26407313544136,10.92112828391401,0.056904488883410514,"[4.935457346735665,4.800009521545704,4.896228325548659]",157.95826420933008,2350.5798908397555,2509.8956561014056,nan,nan,nan,nan,False,,nan,,,nan,nan,nan,,,,,,,,0.00037814512967119287,4.526010594542091e-06,0.2756840452294439,nan,nan,nan,False,not_run,not_requested
fig2,PEB,54,1185050677,0.0,snr_db,0.0,3,3,3,3,full_6d,1185050677,,,nan,,False,,5.673742786049843,nan,nan,nan,nan,nan,nan,False,,,peb_only,False,06d1dff476e10c31,,,,,,,adaptive_jones,True,fixed_anchor_then_adaptive_jones_score_selection,,nan,nan,nan,nan,True,,,nan,nan,,,,,[],nan,,,nan,nan,nan,nan,,nan,nan,nan,0.00033731079222114026,nan,nan,0.00033731079222114026,False,115a7d3f95ba8b9ea29c0754c333293a0d2bf13a03dc583bd9fdf4cc7c014143,0.27586063461113625,computed_unscaled,cpu,nan,nan,nan,,,,,,,,nan,nan,nan,nan,nan,nan,False,,
fig2,adaptive_jones_vp_proposed,25,3407116044,5.0,snr_db,5.0,3,3,3,3,full_6d,3407116044,,,nan,,False,,310.3601660951972,0.00018018589328055342,0.00018018589328055342,2.2352160236405915e-06,3.391253931639177e-05,3.9547003464177605e-13,0.06468084361421304,False,direct_vp,global_exact_spherical_vp,main_single_proposed,True,16bb0e2f2b9b3b60,adaptive_jones,cpu,False,,numpy,numpy.linalg.solve,fixed_pol_anchor,True,fixed_anchor_then_adaptive_jones_score_selection,fixed_pol_anchor,0.6715726156395053,2.420277704223315,1.293708881414515,0.0,True,3,4,3096725.458075429,3096786.45496269,"[0.6715726156395053,0.7892763243807247,2.420277704223315]","[1.489042252038639,1.266983398727717,0.4131757270054625]","[2.641924599536124e-07,8.407209074288557e-08,3.9996191092779285e-08]",direct_vp,[],3097031.4529274893,3096560,True,17512687.187404636,82.8900430434034,29.810741912968126,0.027225738933053318,"[5.055100293791822,4.995331120316288,4.999596997122307]",183.04382646083832,303.863632902503,488.19718228280544,nan,nan,nan,nan,False,,nan,,,nan,nan,nan,,,,,,,,0.00018018589328055342,2.2352160236405915e-06,0.06468084361421304,nan,nan,nan,False,not_run,not_requested
fig2,PEB,25,3407116044,5.0,snr_db,5.0,3,3,3,3,full_6d,3407116044,,,nan,,False,,5.301597066223621,nan,nan,nan,nan,nan,nan,False,,,peb_only,False,1e95345a92e1220f,,,,,,,adaptive_jones,True,fixed_anchor_then_adaptive_jones_score_selection,,nan,nan,nan,nan,True,,,nan,nan,,,,,[],nan,,,nan,nan,nan,nan,,nan,nan,nan,0.00024231843172310883,nan,nan,0.00024231843172310883,False,b8c0aecbc648c84bc393cf0ea8f798ce1d40daafad542474a8d407dec27d44d6,0.06467133157662985,computed_unscaled,cpu,nan,nan,nan,,,,,,,,nan,nan,nan,nan,nan,nan,False,,
fig2,adaptive_jones_vp_proposed,64,1096511241,0.0,snr_db,0.0,3,3,3,3,full_6d,1096511241,,,nan,,False,,2083.038869962096,0.00022574416616765383,0.00022574416616765383,3.250591995223101e-06,3.110133033339451e-05,7.340056609654422e-14,0.16392504159538154,False,direct_vp,global_exact_spherical_vp,main_single_proposed,True,01b4b231fae50781,adaptive_jones,cpu,False,,numpy,numpy.linalg.solve,fixed_pol_anchor,True,fixed_anchor_then_adaptive_jones_score_selection,fixed_pol_anchor,2.3152595329865946,4.283470525291118,3.1935206878746754,0.0,True,3,4,3096725.458075429,3360190.567977311,"[2.9818320053463125,4.283470525291118,2.3152595329865946]","[0.3353642989289993,0.2334555576118394,0.4319170208567174]","[2.5043863439803066e-07,1.5849857479316894e-07,1.5811195429296277e-06]",direct_vp,[],3095547.2022645054,3096560,True,8058525.90891805,78.61609487327321,21.24907608118602,0.0077439057838322445,"[4.998832139671465,4.988085335362501,5.006995206532518]",187.2593862041831,2076.767081208527,2265.3207863867283,nan,nan,nan,nan,False,,nan,,,nan,nan,nan,,,,,,,,0.00022574416616765383,3.250591995223101e-06,0.16392504159538154,nan,nan,nan,False,not_run,not_requested
fig2,PEB,64,1096511241,0.0,snr_db,0.0,3,3,3,3,full_6d,1096511241,,,nan,,False,,5.235721223056316,nan,nan,nan,nan,nan,nan,False,,,peb_only,False,7b2549def92e82a1,,,,,,,adaptive_jones,True,fixed_anchor_then_adaptive_jones_score_selection,,nan,nan,nan,nan,True,,,nan,nan,,,,,[],nan,,,nan,nan,nan,nan,,nan,nan,nan,0.0003564378135269489,nan,nan,0.0003564378135269489,False,e140a9cd0c7a64d7d06d7886e7a75298e3fbf2d3964882a91cad3a1a2e55c6a3,0.1639795216922965,computed_unscaled,cpu,nan,nan,nan,,,,,,,,nan,nan,nan,nan,nan,nan,False,,
fig2,adaptive_jones_vp_proposed,83,2856883752,0.0,snr_db,0.0,3,3,3,3,full_6d,2856883752,,,nan,,False,,1590.0537559762597,0.0002083866664891061,0.0002083866664891061,6.456298568769695e-06,0.00017485922916938185,5.03888014345083e-13,0.2056904636776514,False,direct_vp,global_exact_spherical_vp,main_single_proposed,True,85016854c60fd6f5,adaptive_jones,cpu,False,,numpy,numpy.linalg.solve,fixed_pol_anchor,True,fixed_anchor_then_adaptive_jones_score_selection,fixed_pol_anchor,1.3085727822544542,797.795216912987,267.7907868722161,0.0,True,3,4,3096725.458075429,3625794.0022317353,"[4.268570921406749,797.795216912987,1.3085727822544542]","[0.23427044282684,0.0012534544930861268,0.7641913492009647]","[5.8794991297753e-07,7.615183004355786e-10,1.4885083627816705e-07]",direct_vp,[],3093013.2400210067,3096560,True,8049988.874442223,97.82115288041517,4.115083857272069,0.060531025861171636,"[4.962956269161986,5.091884845251782,4.9640084951546255]",158.44377772510052,1583.5411456897855,1743.3608759269118,nan,nan,nan,nan,False,,nan,,,nan,nan,nan,,,,,,,,0.0002083866664891061,6.456298568769695e-06,0.2056904636776514,nan,nan,nan,False,not_run,not_requested
fig2,PEB,83,2856883752,0.0,snr_db,0.0,3,3,3,3,full_6d,2856883752,,,nan,,False,,5.525975979864597,nan,nan,nan,nan,nan,nan,False,,,peb_only,False,ff58a40db03c6e10,,,,,,,adaptive_jones,True,fixed_anchor_then_adaptive_jones_score_selection,,nan,nan,nan,nan,True,,,nan,nan,,,,,[],nan,,,nan,nan,nan,nan,,nan,nan,nan,0.00031440114462357507,nan,nan,0.00031440114462357507,False,700eea5a638faf3db61de2a763659338a112f897687c33a7cb33c68c29ad4a9e,0.20592739307147653,computed_unscaled,cpu,nan,nan,nan,,,,,,,,nan,nan,nan,nan,nan,nan,False,,
fig2,adaptive_jones_vp_proposed,72,2100195688,0.0,snr_db,0.0,3,3,3,3,full_6d,2100195688,,,nan,,False,,1947.5922608673573,0.00015768189970704098,0.00015768189970704098,6.9614055604704275e-06,0.00012352937633549916,1.5958824793039032e-12,0.3291853487223534,False,direct_vp,global_exact_spherical_vp,main_single_proposed,True,97b8d11e5da71a95,adaptive_jones,cpu,False,,numpy,numpy.linalg.solve,fixed_pol_anchor,True,fixed_anchor_then_adaptive_jones_score_selection,fixed_pol_anchor,1.6747916090281436,5.286453174759768,3.87993450103588,0.0,True,3,4,3096725.458075429,3204512.3410352925,"[5.286453174759768,1.6747916090281436,4.678558719319727]","[0.18916274616206288,0.5970892107458134,0.21374103863779734]","[5.978064380349639e-07,6.427968779422491e-08,8.206710492979665e-08]",direct_vp,[],3100307.4218072216,3096560,True,6854439.903366372,79.10005618785428,16.458321227917477,0.041453729196704585,"[5.028361430446477,4.968739726673545,5.069731979352784]",131.74162666499615,1941.0737103670835,2074.1011816486716,nan,nan,nan,nan,False,,nan,,,nan,nan,nan,,,,,,,,0.00015768189970704098,6.9614055604704275e-06,0.3291853487223534,nan,nan,nan,False,not_run,not_requested
fig2,PEB,72,2100195688,0.0,snr_db,0.0,3,3,3,3,full_6d,2100195688,,,nan,,False,,5.429092094302177,nan,nan,nan,nan,nan,nan,False,,,peb_only,False,4e3843389bf5fc56,,,,,,,adaptive_jones,True,fixed_anchor_then_adaptive_jones_score_selection,,nan,nan,nan,nan,True,,,nan,nan,,,,,[],nan,,,nan,nan,nan,nan,,nan,nan,nan,0.00039011467056600637,nan,nan,0.00039011467056600637,False,c74090ee2666e0b285da3833dfd6aa0f2593b8f113092ef5692488e84b651980,0.328789152725724,computed_unscaled,cpu,nan,nan,nan,,,,,,,,nan,nan,nan,nan,nan,nan,False,,
fig2,adaptive_jones_vp_proposed,71,1982555292,0.0,snr_db,0.0,3,3,3,3,full_6d,1982555292,,,nan,,False,,1916.0875454246998,0.00105528915376308,0.00105528915376308,7.088696862108133e-06,2.89005000933157e-05,1.870291245091605e-13,0.43400903078896697,False,direct_vp,global_exact_spherical_vp,main_single_proposed,True,ff871771336459a4,adaptive_jones,cpu,False,,numpy,numpy.linalg.solve,fixed_pol_anchor,True,fixed_anchor_then_adaptive_jones_score_selection,fixed_pol_anchor,1.9955732656247782,15.377421064787947,6.56325105525448,0.0,True,3,4,3096725.458075429,3208615.7566367774,"[1.9955732656247782,15.377421064787947,2.3167588353507167]","[0.5011091385236224,0.06503041022102703,0.43163750354114905]","[6.346156706731208e-07,1.0416416689301653e-07,8.512045224120474e-07]",direct_vp,[],3096594.2850232115,3096560,True,7705760.730119024,85.7319462731728,23.654025054209228,0.0680205543259727,"[5.039657720208502,5.09535866434626,4.931516888271284]",183.54609009623528,1909.504627533257,2094.4019923582673,nan,nan,nan,nan,False,,nan,,,nan,nan,nan,,,,,,,,0.00105528915376308,7.088696862108133e-06,0.43400903078896697,nan,nan,nan,False,not_run,not_requested
fig2,PEB,71,1982555292,0.0,snr_db,0.0,3,3,3,3,full_6d,1982555292,,,nan,,False,,5.2856335490942,nan,nan,nan,nan,nan,nan,False,,,peb_only,False,381a7e85a985699c,,,,,,,adaptive_jones,True,fixed_anchor_then_adaptive_jones_score_selection,,nan,nan,nan,nan,True,,,nan,nan,,,,,[],nan,,,nan,nan,nan,nan,,nan,nan,nan,0.0003683680822376877,nan,nan,0.0003683680822376877,False,bdd039092dd082ec6fd57d77070067f9fd8178794fea592c3fc196eccf3a063c,0.43400646801694337,computed_unscaled,cpu,nan,nan,nan,,,,,,,,nan,nan,nan,nan,nan,nan,False,,
fig2,adaptive_jones_vp_proposed,34,1995992425,5.0,snr_db,5.0,3,3,3,3,full_6d,1995992425,,,nan,,False,,183.5146850720048,0.0001180356705448789,0.0001180356705448789,1.3751341224775816e-06,9.903964946799613e-05,9.387824596356734e-13,0.2416927150214049,False,direct_vp,global_exact_spherical_vp,main_single_proposed,True,6e128b7592ed15ec,adaptive_jones,cpu,False,,numpy,numpy.linalg.solve,fixed_pol_anchor,True,fixed_anchor_then_adaptive_jones_score_selection,fixed_pol_anchor,0.47060541797745725,3.7004936952644765,1.83430070775359,0.0,True,3,4,3096725.458075429,3098594.6900805733,"[3.7004936952644765,0.47060541797745725,1.3318030100188365]","[0.27023421260682057,2.1249224122775208,0.7508617959832697]","[9.586371179487808e-07,4.545568275130246e-08,8.031122046258486e-07]",direct_vp,[],3099047.2157087303,3096560,True,21249401.27839746,76.7034413303465,27.54090947793542,0.028667681173626735,"[5.061115384717529,5.001724114104144,4.998973340077553]",202.07838165014982,177.17873521149158,380.64055662602186,nan,nan,nan,nan,False,,nan,,,nan,nan,nan,,,,,,,,0.0001180356705448789,1.3751341224775816e-06,0.2416927150214049,nan,nan,nan,False,not_run,not_requested
fig2,PEB,34,1995992425,5.0,snr_db,5.0,3,3,3,3,full_6d,1995992425,,,nan,,False,,5.257761932909489,nan,nan,nan,nan,nan,nan,False,,,peb_only,False,8b2d729ab1743a55,,,,,,,adaptive_jones,True,fixed_anchor_then_adaptive_jones_score_selection,,nan,nan,nan,nan,True,,,nan,nan,,,,,[],nan,,,nan,nan,nan,nan,,nan,nan,nan,0.00022469948693132073,nan,nan,0.00022469948693132073,False,08ae9de45575216533d6edee2ff062b3deef6ce05030f7f9832ee4fff1bbeb0e,0.24149998648502796,computed_unscaled,cpu,nan,nan,nan,,,,,,,,nan,nan,nan,nan,nan,nan,False,,
fig2,adaptive_jones_vp_proposed,35,714029656,5.0,snr_db,5.0,3,3,3,3,full_6d,714029656,,,nan,,False,,156.0130975395441,0.00029596459279772737,0.00029596459279772737,2.389766953836546e-06,8.83315012150662e-05,1.1529966996990867e-12,0.06076319229330758,False,direct_vp,global_exact_spherical_vp,main_single_proposed,True,945ffdc4d404ab15,adaptive_jones,cpu,False,,numpy,numpy.linalg.solve,fixed_pol_anchor,True,fixed_anchor_then_adaptive_jones_score_selection,fixed_pol_anchor,0.4264290151887127,8.468732796579703,3.4489634994492966,0.0,True,3,4,3096725.458075429,3097931.1675519166,"[8.468732796579703,0.4264290151887127,1.451728686579474]","[0.11808142068142766,2.3450561860970733,0.6888339462070717]","[5.166317127187218e-08,4.38049481488649e-08,1.058408403575424e-07]",direct_vp,[],3096779.2847608756,3096560,True,23502313.775618266,80.86833505812103,21.09599051275879,0.02403273072193928,"[4.9734005468238935,5.01389930853175,4.956650436034188]",199.7608993500471,149.59643835574389,350.7279822304845,nan,nan,nan,nan,False,,nan,,,nan,nan,nan,,,,,,,,0.00029596459279772737,2.389766953836546e-06,0.06076319229330758,nan,nan,nan,False,not_run,not_requested
fig2,PEB,35,714029656,5.0,snr_db,5.0,3,3,3,3,full_6d,714029656,,,nan,,False,,5.153358697891235,nan,nan,nan,nan,nan,nan,False,,,peb_only,False,f6a41d7644351009,,,,,,,adaptive_jones,True,fixed_anchor_then_adaptive_jones_score_selection,,nan,nan,nan,nan,True,,,nan,nan,,,,,[],nan,,,nan,nan,nan,nan,,nan,nan,nan,0.00021536817566115358,nan,nan,0.00021536817566115358,False,5d8c0ccf801b5347ce0be3d5af96b3f2d9a4ebabf39c0be2596e7a64087c3f22,0.06075920355859982,computed_unscaled,cpu,nan,nan,nan,,,,,,,,nan,nan,nan,nan,nan,nan,False,,
fig2,adaptive_jones_vp_proposed,32,2857393641,5.0,snr_db,5.0,3,3,3,3,full_6d,2857393641,,,nan,,False,,294.0122953951359,0.0003764218069179034,0.0003764218069179034,2.7354781300973283e-06,2.5435903490371517e-05,3.271685657573067e-14,0.05711765088693868,False,direct_vp,global_exact_spherical_vp,main_single_proposed,True,4cf27e9d1a56d351,adaptive_jones,cpu,False,,numpy,numpy.linalg.solve,fixed_pol_anchor,True,fixed_anchor_then_adaptive_jones_score_selection,fixed_pol_anchor,0.673958060286374,1.4313997065198052,1.0410717359987196,0.0,True,3,4,3096725.458075429,3096865.7199123176,"[0.673958060286374,1.4313997065198052,1.0178574411899801]","[1.483771853065178,0.6986168820936057,0.9824558523931202]","[1.7211388435287308e-07,9.349026556265228e-08,2.408484635910939e-06]",direct_vp,[],3094783.9152792115,3096560,True,24646142.180930804,73.52980335866795,39.651215162489585,0.02524513129852197,"[5.048581946989201,4.986769461005708,5.0161468558481515]",187.26066416502,287.6706674769521,476.2749937325716,nan,nan,nan,nan,False,,nan,,,nan,nan,nan,,,,,,,,0.0003764218069179034,2.7354781300973283e-06,0.05711765088693868,nan,nan,nan,False,not_run,not_requested
fig2,PEB,32,2857393641,5.0,snr_db,5.0,3,3,3,3,full_6d,2857393641,,,nan,,False,,5.259799212217331,nan,nan,nan,nan,nan,nan,False,,,peb_only,False,9c8b2efc959b641f,,,,,,,adaptive_jones,True,fixed_anchor_then_adaptive_jones_score_selection,,nan,nan,nan,nan,True,,,nan,nan,,,,,[],nan,,,nan,nan,nan,nan,,nan,nan,nan,0.00020526202885815924,nan,nan,0.00020526202885815924,False,73ca4065ba0c89751d2f0dc2de518337698a325ed5053ee6dc1f366512a9f819,0.05715072578723671,computed_unscaled,cpu,nan,nan,nan,,,,,,,,nan,nan,nan,nan,nan,nan,False,,
fig2,adaptive_jones_vp_proposed,39,1925729663,5.0,snr_db,5.0,3,3,3,3,full_6d,1925729663,,,nan,,False,,158.44210938364267,0.00012949124191755657,0.00012949124191755657,2.3669822694187637e-06,2.1786200808788676e-05,1.75695570465506e-13,0.028084128138801262,False,direct_vp,global_exact_spherical_vp,main_single_proposed,True,3c74eebd8c113cb0,adaptive_jones,cpu,False,,numpy,numpy.linalg.solve,fixed_pol_anchor,True,fixed_anchor_then_adaptive_jones_score_selection,fixed_pol_anchor,0.4314131051364715,6.570270967724083,2.812914897153764,0.0,True,3,4,3096725.458075429,3121829.019552428,"[1.437060618600737,6.570270967724083,0.4314131051364715]","[0.6958648696199474,0.1522007242784731,2.31796389143819]","[9.928765115417524e-07,4.074234847795552e-08,1.5156226828085235e-06]",direct_vp,[],3096020.386191728,3096560,True,26151654.557481334,90.07909877211715,23.604292191002642,0.06212205550107482,"[4.977807371400751,5.122552616574766,5.009525541486346]",170.33140496909618,152.15106105059385,323.9037069827318,nan,nan,nan,nan,False,,nan,,,nan,nan,nan,,,,,,,,0.00012949124191755657,2.3669822694187637e-06,0.028084128138801262,nan,nan,nan,False,not_run,not_requested
fig2,PEB,39,1925729663,5.0,snr_db,5.0,3,3,3,3,full_6d,1925729663,,,nan,,False,,5.298389844596386,nan,nan,nan,nan,nan,nan,False,,,peb_only,False,16c01e47a5ffc432,,,,,,,adaptive_jones,True,fixed_anchor_then_adaptive_jones_score_selection,,nan,nan,nan,nan,True,,,nan,nan,,,,,[],nan,,,nan,nan,nan,nan,,nan,nan,nan,0.00018344877290360064,nan,nan,0.00018344877290360064,False,96864a0d945e4bbb9c67c4c5c4b209be5179ce0b5fab7e2f47325b1eaa6bc2cc,0.0280891681344863,computed_unscaled,cpu,nan,nan,nan,,,,,,,,nan,nan,nan,nan,nan,nan,False,,
fig2,adaptive_jones_vp_proposed,38,445142407,5.0,snr_db,5.0,3,3,3,3,full_6d,445142407,,,nan,,False,,198.7814584299922,0.0004653837187374915,0.0004653837187374915,2.187627909671789e-06,0.00013430211030649703,1.6003480093664328e-12,0.2243230026763627,False,direct_vp,global_exact_spherical_vp,main_single_proposed,True,4f84ea8db6880251,adaptive_jones,cpu,False,,numpy,numpy.linalg.solve,fixed_pol_anchor,True,fixed_anchor_then_adaptive_jones_score_selection,fixed_pol_anchor,0.3648398972274844,5.130532945001462,3.299508929539153,0.0,True,3,4,3096725.458075429,3141304.224089673,"[0.3648398972274844,5.130532945001462,4.403153946388514]","[2.740928301972733,0.19491152492630268,0.22710993350932032]","[4.818665928644525e-07,2.930472490435804e-07,2.1133987560409493e-08]",direct_vp,[],3095402.7119835587,3096560,True,15010667.016198965,121.44285504643175,20.714523724095997,0.05328794788207811,"[5.004019805820426,4.900030575040994,4.8837031283709305]",189.4763049185276,192.39689107239246,383.195482827723,nan,nan,nan,nan,False,,nan,,,nan,nan,nan,,,,,,,,0.0004653837187374915,2.187627909671789e-06,0.2243230026763627,nan,nan,nan,False,not_run,not_requested
fig2,PEB,38,445142407,5.0,snr_db,5.0,3,3,3,3,full_6d,445142407,,,nan,,False,,5.175266832113266,nan,nan,nan,nan,nan,nan,False,,,peb_only,False,d4a198f74491c10e,,,,,,,adaptive_jones,True,fixed_anchor_then_adaptive_jones_score_selection,,nan,nan,nan,nan,True,,,nan,nan,,,,,[],nan,,,nan,nan,nan,nan,,nan,nan,nan,0.0002701666233464015,nan,nan,0.0002701666233464015,False,188df01b21e845096046e025598027817a0fefeca6c3a9da8733d6021c9aadff,0.2244080305436038,computed_unscaled,cpu,nan,nan,nan,,,,,,,,nan,nan,nan,nan,nan,nan,False,,
fig2,adaptive_jones_vp_proposed,40,1007248754,5.0,snr_db,5.0,3,3,3,3,full_6d,1007248754,,,nan,,False,,267.25767827033997,0.0002232115030385028,0.0002232115030385028,1.2507976187060837e-06,5.4660441258874155e-05,1.2454536212331698e-14,0.09296618977720497,False,direct_vp,global_exact_spherical_vp,main_single_proposed,True,13a926f525d6b00b,adaptive_jones,cpu,False,,numpy,numpy.linalg.solve,fixed_pol_anchor,True,fixed_anchor_then_adaptive_jones_score_selection,fixed_pol_anchor,0.4298870586244447,2.9458295667861396,1.7987112045500349,0.0,True,3,4,3096725.458075429,3098038.053486484,"[0.4298870586244447,2.0204169882395204,2.9458295667861396]","[2.3261923799227087,0.4949473330598572,0.3394629517172104]","[6.985602835730938e-07,3.0143295331464386e-08,4.596879073823257e-07]",direct_vp,[],3096552.1704924395,3096560,True,16114352.32441567,101.44968627901618,23.171706433550618,0.036221484365021914,"[5.020365839592294,5.001496984700046,4.9358517449950945]",205.09304945915937,260.7810664176941,467.2615045681596,nan,nan,nan,nan,False,,nan,,,nan,nan,nan,,,,,,,,0.0002232115030385028,1.2507976187060837e-06,0.09296618977720497,nan,nan,nan,False,not_run,not_requested
fig2,PEB,40,1007248754,5.0,snr_db,5.0,3,3,3,3,full_6d,1007248754,,,nan,,False,,5.264779418706894,nan,nan,nan,nan,nan,nan,False,,,peb_only,False,85ccf7ea425e39c1,,,,,,,adaptive_jones,True,fixed_anchor_then_adaptive_jones_score_selection,,nan,nan,nan,nan,True,,,nan,nan,,,,,[],nan,,,nan,nan,nan,nan,,nan,nan,nan,0.0002552588646638665,nan,nan,0.0002552588646638665,False,8bb652b717ff684281335ff9a69fbed705a14cc366cf654f3e53c1ef0c7a4d23,0.09296690519822816,computed_unscaled,cpu,nan,nan,nan,,,,,,,,nan,nan,nan,nan,nan,nan,False,,
fig2,adaptive_jones_vp_proposed,43,409305243,5.0,snr_db,5.0,3,3,3,3,full_6d,409305243,,,nan,,False,,181.20235528051853,0.00036361245122278166,0.00036361245122278166,1.3362211989865959e-06,5.576979445785673e-05,1.1191183758424531e-13,0.10541141686328603,False,direct_vp,global_exact_spherical_vp,main_single_proposed,True,f7f89bd3ee9f2b71,adaptive_jones,cpu,False,,numpy,numpy.linalg.solve,fixed_pol_anchor,True,fixed_anchor_then_adaptive_jones_score_selection,fixed_pol_anchor,0.5816282488196532,2.5699059021284705,1.3651045046664663,0.0,True,3,4,3096725.458075429,3097747.5619536303,"[0.5816282488196532,0.943779363051275,2.5699059021284705]","[1.719311264590057,1.0595696824372358,0.38911930556258933]","[4.849347275593484e-07,3.5884491095089666e-08,1.3483319088436495e-06]",direct_vp,[],3099037.3446775624,3096560,True,18197000.993799523,97.03447255583067,29.384281220001974,0.0035551876876648036,"[4.994866979991252,4.9872307959433515,4.994674303476633]",185.07824502885342,174.4831007644534,360.85320933908224,nan,nan,nan,nan,False,,nan,,,nan,nan,nan,,,,,,,,0.00036361245122278166,1.3362211989865959e-06,0.10541141686328603,nan,nan,nan,False,not_run,not_requested
fig2,PEB,43,409305243,5.0,snr_db,5.0,3,3,3,3,full_6d,409305243,,,nan,,False,,5.542055957019329,nan,nan,nan,nan,nan,nan,False,,,peb_only,False,3cfd8a94ec0e6a99,,,,,,,adaptive_jones,True,fixed_anchor_then_adaptive_jones_score_selection,,nan,nan,nan,nan,True,,,nan,nan,,,,,[],nan,,,nan,nan,nan,nan,,nan,nan,nan,0.00023836647972006847,nan,nan,0.00023836647972006847,False,d06249056a46bde512ae6accc3f5b861faabc2ef0f40296322d007b403b53207,0.105327696081316,computed_unscaled,cpu,nan,nan,nan,,,,,,,,nan,nan,nan,nan,nan,nan,False,,
fig2,adaptive_jones_vp_proposed,44,2937526438,5.0,snr_db,5.0,3,3,3,3,full_6d,2937526438,,,nan,,False,,181.08456597477198,8.665456772691453e-05,8.665456772691453e-05,2.4150703434718576e-06,1.2249758404003619e-05,1.336846823304886e-13,0.1001750169289636,False,direct_vp,global_exact_spherical_vp,main_single_proposed,True,778e051fd364fb4d,adaptive_jones,cpu,False,,numpy,numpy.linalg.solve,fixed_pol_anchor,True,fixed_anchor_then_adaptive_jones_score_selection,fixed_pol_anchor,0.6077551501493217,3.10616067349682,1.5169797051581526,0.0,True,3,4,3096725.458075429,3098259.953572626,"[3.10616067349682,0.6077551501493217,0.837023291828316]","[0.3219408475966328,1.645399466797934,1.1947098841357875]","[9.237158982148901e-08,1.8261332018468833e-07,3.3037825301570996e-07]",direct_vp,[],3098562.566828462,3096560,True,26858579.190629493,72.67151519215275,26.603206735376485,0.025021768301508925,"[4.9654963414873,4.999385175551871,5.026668127811831]",182.48714117705822,174.58546476066113,358.3749370574951,nan,nan,nan,nan,False,,nan,,,nan,nan,nan,,,,,,,,8.665456772691453e-05,2.4150703434718576e-06,0.1001750169289636,nan,nan,nan,False,not_run,not_requested
fig2,PEB,44,2937526438,5.0,snr_db,5.0,3,3,3,3,full_6d,2937526438,,,nan,,False,,5.480861075222492,nan,nan,nan,nan,nan,nan,False,,,peb_only,False,3371c1b171e701d1,,,,,,,adaptive_jones,True,fixed_anchor_then_adaptive_jones_score_selection,,nan,nan,nan,nan,True,,,nan,nan,,,,,[],nan,,,nan,nan,nan,nan,,nan,nan,nan,0.00019514314628769216,nan,nan,0.00019514314628769216,False,a69e9e58b307bf283137f27fcdcb11ba27c21f96108559d9bf8b0d1b3c2cba08,0.10011079219204781,computed_unscaled,cpu,nan,nan,nan,,,,,,,,nan,nan,nan,nan,nan,nan,False,,
fig2,adaptive_jones_vp_proposed,45,2629875502,5.0,snr_db,5.0,3,3,3,3,full_6d,2629875502,,,nan,,False,,178.62054374814034,6.55463872611677e-05,6.55463872611677e-05,1.4161021973349042e-06,3.1297847198259234e-05,1.6506348159117287e-13,0.1166646601103173,False,direct_vp,global_exact_spherical_vp,main_single_proposed,True,f2ce69d5a02d9a5b,adaptive_jones,cpu,False,,numpy,numpy.linalg.solve,fixed_pol_anchor,True,fixed_anchor_then_adaptive_jones_score_selection,fixed_pol_anchor,0.7455403351713287,1.2208788186959132,0.9909869116101279,0.0,True,3,4,3096725.458075429,3098223.5217985804,"[1.2208788186959132,0.7455403351713287,1.0065415809631417]","[0.8190821109231246,1.341309051735544,0.99350093320746]","[8.726834598550619e-08,8.121400439304713e-09,7.971906218286933e-07]",direct_vp,[],3094883.9586736383,3096560,True,26031419.72303014,71.67351481514571,32.3448704560538,0.024029511324189387,"[5.061338181446471,5.0232077267159685,5.003440883808173]",198.92234335839748,171.85689215362072,372.2182050123811,nan,nan,nan,nan,False,,nan,,,nan,nan,nan,,,,,,,,6.55463872611677e-05,1.4161021973349042e-06,0.1166646601103173,nan,nan,nan,False,not_run,not_requested
fig2,PEB,45,2629875502,5.0,snr_db,5.0,3,3,3,3,full_6d,2629875502,,,nan,,False,,5.537897512316704,nan,nan,nan,nan,nan,nan,False,,,peb_only,False,7d5775e8be27f388,,,,,,,adaptive_jones,True,fixed_anchor_then_adaptive_jones_score_selection,,nan,nan,nan,nan,True,,,nan,nan,,,,,[],nan,,,nan,nan,nan,nan,,nan,nan,nan,0.0001979350763428231,nan,nan,0.0001979350763428231,False,61ef90b44bee96edd1828bab28b96f525f17a012a323714534c6c3c927bfb322,0.11672844325335868,computed_unscaled,cpu,nan,nan,nan,,,,,,,,nan,nan,nan,nan,nan,nan,False,,
fig2,adaptive_jones_vp_proposed,46,3306807379,5.0,snr_db,5.0,3,3,3,3,full_6d,3306807379,,,nan,,False,,164.49038533866405,0.000335042898511377,0.000335042898511377,1.6536704681639148e-06,5.225494453982592e-05,1.845846542606159e-13,0.1363640268200279,False,direct_vp,global_exact_spherical_vp,main_single_proposed,True,a4ea62d48c2b322c,adaptive_jones,cpu,False,,numpy,numpy.linalg.solve,fixed_pol_anchor,True,fixed_anchor_then_adaptive_jones_score_selection,fixed_pol_anchor,0.4546459322247098,4.008651786019892,1.9466844503212437,0.0,True,3,4,3096725.458075429,3102535.3193402286,"[4.008651786019892,1.3767556327191286,0.4546459322247098]","[0.24946043043286398,0.7263453122930734,2.1995137955073423]","[2.567329316805018e-07,6.86583325118185e-08,1.4501914462561538e-06]",direct_vp,[],3095202.120839211,3096560,True,27003489.13999474,78.02250484536351,24.141230683012267,0.02440020925981412,"[4.98103576158402,5.017223404482743,5.040324325777185]",196.90237459540367,157.83717311918736,356.0951562151313,nan,nan,nan,nan,False,,nan,,,nan,nan,nan,,,,,,,,0.000335042898511377,1.6536704681639148e-06,0.1363640268200279,nan,nan,nan,False,not_run,not_requested
fig2,PEB,46,3306807379,5.0,snr_db,5.0,3,3,3,3,full_6d,3306807379,,,nan,,False,,5.353196300566196,nan,nan,nan,nan,nan,nan,False,,,peb_only,False,372240d8baddfb79,,,,,,,adaptive_jones,True,fixed_anchor_then_adaptive_jones_score_selection,,nan,nan,nan,nan,True,,,nan,nan,,,,,[],nan,,,nan,nan,nan,nan,,nan,nan,nan,0.00018560504410764108,nan,nan,0.00018560504410764108,False,324c3cee61ad53d18a3b7f70cef7049986ada5517935cd8531014229a0b305be,0.13642455524027805,computed_unscaled,cpu,nan,nan,nan,,,,,,,,nan,nan,nan,nan,nan,nan,False,,
fig2,adaptive_jones_vp_proposed,37,1911328645,5.0,snr_db,5.0,3,3,3,3,full_6d,1911328645,,,nan,,False,,440.72972517460585,0.00024840941380523747,0.00024840941380523747,1.3414165437539446e-06,5.2894801095397455e-05,2.6285966071882676e-13,0.07223941896316553,False,direct_vp,global_exact_spherical_vp,main_single_proposed,True,a48896912a126f49,adaptive_jones,cpu,False,,numpy,numpy.linalg.solve,fixed_pol_anchor,True,fixed_anchor_then_adaptive_jones_score_selection,fixed_pol_anchor,0.470250995423742,2.2467112065158363,1.4619873538906312,0.0,True,3,4,3096725.458075429,3097392.6540395604,"[1.6689998597323146,0.470250995423742,2.2467112065158363]","[0.5991612247101793,2.126523940897631,0.44509503361962455]","[5.665554995501504e-07,5.720787222851944e-08,2.140477227571316e-07]",direct_vp,[],3094165.5653814953,3096560,True,17819693.852846924,84.9667259791948,24.945524628465193,0.08115612456343783,"[5.069696549143666,5.014587193546552,4.876731340580117]",171.65165430307388,434.21440278738737,607.2556474730372,nan,nan,nan,nan,False,,nan,,,nan,nan,nan,,,,,,,,0.00024840941380523747,1.3414165437539446e-06,0.07223941896316553,nan,nan,nan,False,not_run,not_requested
fig2,PEB,37,1911328645,5.0,snr_db,5.0,3,3,3,3,full_6d,1911328645,,,nan,,False,,5.488995768129826,nan,nan,nan,nan,nan,nan,False,,,peb_only,False,92537ce211e03f3b,,,,,,,adaptive_jones,True,fixed_anchor_then_adaptive_jones_score_selection,,nan,nan,nan,nan,True,,,nan,nan,,,,,[],nan,,,nan,nan,nan,nan,,nan,nan,nan,0.00024251521933925908,nan,nan,0.00024251521933925908,False,89cd20fcd9a64ac709c19d36df44d0df4be8c42c9af5aab07d8f4fd5c690dd17,0.072295695329963,computed_unscaled,cpu,nan,nan,nan,,,,,,,,nan,nan,nan,nan,nan,nan,False,,
fig2,adaptive_jones_vp_proposed,42,1970772956,5.0,snr_db,5.0,3,3,3,3,full_6d,1970772956,,,nan,,False,,318.22732561826706,5.1635441035191416e-05,5.1635441035191416e-05,5.821262744010913e-07,1.1688526433480694e-05,1.4972780618726996e-13,0.05438407441740773,False,direct_vp,global_exact_spherical_vp,main_single_proposed,True,8cba2387a8b6a731,adaptive_jones,cpu,False,,numpy,numpy.linalg.solve,fixed_pol_anchor,True,fixed_anchor_then_adaptive_jones_score_selection,fixed_pol_anchor,0.5655683323221188,3.3096937144007166,1.5964281795332242,0.0,True,3,4,3096725.458075429,3096813.620856573,"[3.3096937144007166,0.9140224918768372,0.5655683323221188]","[0.30214276192555767,1.0940649807705543,1.7681329431823378]","[8.369245837866759e-07,3.9314778045035875e-08,2.8219547177756815e-07]",direct_vp,[],3097092.7228654893,3096560,True,27091505.60147204,72.503955337451,27.953766450153584,0.027521181879128703,"[5.046379106469381,4.979456970516773,5.005886657137761]",170.6908226236701,311.67482302337885,483.6648271083832,nan,nan,nan,nan,False,,nan,,,nan,nan,nan,,,,,,,,5.1635441035191416e-05,5.821262744010913e-07,0.05438407441740773,nan,nan,nan,False,not_run,not_requested
fig2,PEB,42,1970772956,5.0,snr_db,5.0,3,3,3,3,full_6d,1970772956,,,nan,,False,,5.139742277562618,nan,nan,nan,nan,nan,nan,False,,,peb_only,False,370f23f42204b004,,,,,,,adaptive_jones,True,fixed_anchor_then_adaptive_jones_score_selection,,nan,nan,nan,nan,True,,,nan,nan,,,,,[],nan,,,nan,nan,nan,nan,,nan,nan,nan,0.00019028000218306246,nan,nan,0.00019028000218306246,False,4af21c66cd27ed283a830009c130c6232a0ae08038b9a036394b8e1c4ae43a65,0.05437500090967498,computed_unscaled,cpu,nan,nan,nan,,,,,,,,nan,nan,nan,nan,nan,nan,False,,
fig2,adaptive_jones_vp_proposed,47,582567175,5.0,snr_db,5.0,3,3,3,3,full_6d,582567175,,,nan,,False,,290.4779609590769,0.00018173800484198613,0.00018173800484198613,2.5310050238167673e-06,3.2407762243413845e-05,5.152807353843351e-14,0.06794803024651612,False,direct_vp,global_exact_spherical_vp,main_single_proposed,True,442a5a448bc27689,adaptive_jones,cpu,False,,numpy,numpy.linalg.solve,fixed_pol_anchor,True,fixed_anchor_then_adaptive_jones_score_selection,fixed_pol_anchor,0.46071893449128437,7.066310161044794,2.896322229681436,0.0,True,3,4,3096725.458075429,3096865.384489147,"[1.1619375935082303,0.46071893449128437,7.066310161044794]","[0.8606314190932964,2.1705207343034796,0.14151657331795892]","[5.516891377682321e-06,1.8713619170554556e-08,4.839257734115307e-09]",direct_vp,[],3097251.2546137767,3096560,True,17046784.069944963,95.89501715831824,20.170749295534296,0.02280591610245668,"[4.964433574026969,5.008478299958071,4.956697900599541]",174.15933928638697,284.0983696952462,459.514091424644,nan,nan,nan,nan,False,,nan,,,nan,nan,nan,,,,,,,,0.00018173800484198613,2.5310050238167673e-06,0.06794803024651612,nan,nan,nan,False,not_run,not_requested
fig2,PEB,47,582567175,5.0,snr_db,5.0,3,3,3,3,full_6d,582567175,,,nan,,False,,5.2178342044353485,nan,nan,nan,nan,nan,nan,False,,,peb_only,False,ab9f938347b484a7,,,,,,,adaptive_jones,True,fixed_anchor_then_adaptive_jones_score_selection,,nan,nan,nan,nan,True,,,nan,nan,,,,,[],nan,,,nan,nan,nan,nan,,nan,nan,nan,0.00024564678632260585,nan,nan,0.00024564678632260585,False,050689952234d9ff329be9f4e449f2035a50644af1a2423c3a762752f771130c,0.06793321639476527,computed_unscaled,cpu,nan,nan,nan,,,,,,,,nan,nan,nan,nan,nan,nan,False,,
fig2,adaptive_jones_vp_proposed,49,3038295588,5.0,snr_db,5.0,3,3,3,3,full_6d,3038295588,,,nan,,False,,176.1255980655551,0.00015033744622548758,0.00015033744622548758,3.2936639957429706e-06,2.4232888657390548e-05,8.987559830826922e-13,0.18351828622592722,False,direct_vp,global_exact_spherical_vp,main_single_proposed,True,b27b6e27203172a6,adaptive_jones,cpu,False,,numpy,numpy.linalg.solve,fixed_pol_anchor,True,fixed_anchor_then_adaptive_jones_score_selection,fixed_pol_anchor,0.5327125769510284,11.44458517546328,4.267674726527665,0.0,True,3,4,3096725.458075429,3189899.6524256454,"[0.8257264271686873,11.44458517546328,0.5327125769510284]","[1.211054856785981,0.08737756630380228,1.8771848896884522]","[8.510561790568513e-07,4.916134941679884e-08,7.359634143896838e-07]",direct_vp,[],3099200.7333608638,3096560,True,27631120.861561373,78.30816228583825,28.979804823380878,0.05304187479885169,"[5.042525560129794,5.156814575784527,5.046153735447348]",188.75938952714205,169.7544001713395,359.7462089806795,nan,nan,nan,nan,False,,nan,,,nan,nan,nan,,,,,,,,0.00015033744622548758,3.2936639957429706e-06,0.18351828622592722,nan,nan,nan,False,not_run,not_requested
fig2,PEB,49,3038295588,5.0,snr_db,5.0,3,3,3,3,full_6d,3038295588,,,nan,,False,,5.085018582642078,nan,nan,nan,nan,nan,nan,False,,,peb_only,False,f888f6d8c0a69892,,,,,,,adaptive_jones,True,fixed_anchor_then_adaptive_jones_score_selection,,nan,nan,nan,nan,True,,,nan,nan,,,,,[],nan,,,nan,nan,nan,nan,,nan,nan,nan,0.00018520542775205518,nan,nan,0.00018520542775205518,False,acf4e48940052036015f088be14d19342fd02a5a04e03acf4cbab7169512ba81,0.1833628633896454,computed_unscaled,cpu,nan,nan,nan,,,,,,,,nan,nan,nan,nan,nan,nan,False,,
fig2,adaptive_jones_vp_proposed,4,287230138,5.0,snr_db,5.0,3,3,3,3,full_6d,287230138,,,nan,,False,,1747.1927808523178,0.00018976019302163386,0.00018976019302163386,1.4451515446861987e-06,0.000147106994424862,1.5962190172517233e-13,0.15631429452681647,False,direct_vp,global_exact_spherical_vp,main_single_proposed,True,34dcbf419156ce59,adaptive_jones,cpu,False,,numpy,numpy.linalg.solve,fixed_pol_anchor,True,fixed_anchor_then_adaptive_jones_score_selection,fixed_pol_anchor,0.633689201254825,4.4959272025049515,1.9530869558508155,0.0,True,3,4,3096725.458075429,3120852.459534862,"[4.4959272025049515,0.72964446379267,0.633689201254825]","[0.22242353022049466,1.3705305112592787,1.5780606613134267]","[1.2605275277537033e-07,3.324009894214659e-08,1.2093722105940388e-06]",direct_vp,[],3096268.8520706394,3096560,True,29164371.95952052,76.1452915980684,27.834613972559897,0.0299320329591847,"[4.946920988050618,4.990646819430619,5.019751623322816]",178.87468979507685,1740.8098171949387,1920.9282095879316,nan,nan,nan,nan,False,,nan,,,nan,nan,nan,,,,,,,,0.00018976019302163386,1.4451515446861987e-06,0.15631429452681647,nan,nan,nan,False,not_run,not_requested
fig2,PEB,4,287230138,5.0,snr_db,5.0,3,3,3,3,full_6d,287230138,,,nan,,False,,5.357421167194843,nan,nan,nan,nan,nan,nan,False,,,peb_only,False,14d8dc6db91cbca7,,,,,,,adaptive_jones,True,fixed_anchor_then_adaptive_jones_score_selection,,nan,nan,nan,nan,True,,,nan,nan,,,,,[],nan,,,nan,nan,nan,nan,,nan,nan,nan,0.00017845997537464458,nan,nan,0.00017845997537464458,False,72d5586e1e2071d827e37c0d5029359210d7878b9ab9d369f2c38d0e300801aa,0.15632980080685455,computed_unscaled,cpu,nan,nan,nan,,,,,,,,nan,nan,nan,nan,nan,nan,False,,
fig2,adaptive_jones_vp_proposed,52,2910844986,5.0,snr_db,5.0,3,3,3,3,full_6d,2910844986,,,nan,,False,,177.06462041288614,0.00039407671789328696,0.00039407671789328696,1.827836378528301e-06,3.323945052123141e-05,1.9120565418676958e-13,0.0526097913403619,False,direct_vp,global_exact_spherical_vp,main_single_proposed,True,18dc62c2b810a55d,adaptive_jones,cpu,False,,numpy,numpy.linalg.solve,fixed_pol_anchor,True,fixed_anchor_then_adaptive_jones_score_selection,fixed_pol_anchor,0.5146227884960491,11.331164587723313,4.242580695212089,0.0,True,3,4,3096725.458075429,3115414.8340407815,"[11.331164587723313,0.5146227884960491,0.8819547094169041]","[0.0882521820459755,1.9431708473733134,1.1338450708656664]","[1.8756943704162595e-07,1.27059249660151e-07,4.395691531529943e-07]",direct_vp,[],3098630.8405622924,3096560,True,25156163.4657818,75.26579208031123,24.03735196892701,0.01875409026277506,"[4.980038159557063,4.984131644540767,4.942459732110534]",172.6215918958187,170.432420887053,344.4250585064292,nan,nan,nan,nan,False,,nan,,,nan,nan,nan,,,,,,,,0.00039407671789328696,1.827836378528301e-06,0.0526097913403619,nan,nan,nan,False,not_run,not_requested
fig2,PEB,52,2910844986,5.0,snr_db,5.0,3,3,3,3,full_6d,2910844986,,,nan,,False,,5.3354834988713264,nan,nan,nan,nan,nan,nan,False,,,peb_only,False,da845706354a41ec,,,,,,,adaptive_jones,True,fixed_anchor_then_adaptive_jones_score_selection,,nan,nan,nan,nan,True,,,nan,nan,,,,,[],nan,,,nan,nan,nan,nan,,nan,nan,nan,0.00020670827590894353,nan,nan,0.00020670827590894353,False,9e98686db4702520cd73f5ec75cd23f453189f0d5a51de87101750eedce217fa,0.05257490343703222,computed_unscaled,cpu,nan,nan,nan,,,,,,,,nan,nan,nan,nan,nan,nan,False,,
fig2,adaptive_jones_vp_proposed,53,3576518520,5.0,snr_db,5.0,3,3,3,3,full_6d,3576518520,,,nan,,False,,126.8647990077734,0.00013897575627543434,0.00013897575627543434,5.40603913511606e-07,0.00011338532348687222,1.22677940649387e-13,0.05929762932113032,False,direct_vp,global_exact_spherical_vp,main_single_proposed,True,f92e1d27ddb87f0b,adaptive_jones,cpu,False,,numpy,numpy.linalg.solve,fixed_pol_anchor,True,fixed_anchor_then_adaptive_jones_score_selection,fixed_pol_anchor,0.3291058135041978,51.54989912579655,20.563971676923117,0.0,True,3,4,3096725.458075429,3096900.1898334757,"[51.54989912579655,0.3291058135041978,9.812910091468604]","[0.019398680053828294,3.038536418886188,0.10190656906757888]","[3.411182894815905e-09,7.456530546169288e-08,1.885762649960643e-07]",direct_vp,"[""poor_clock_consistency""]",3093495.7669646014,3096560,True,11514781.339583209,166.88510417255804,8.586433237077424,0.22319600604898832,"[4.498481233523565,5.00524056613083,4.929541205811203]",198.84496305137873,120.39519464969635,320.5159994289279,nan,nan,nan,nan,False,,nan,,,nan,nan,nan,,,,,,,,0.00013897575627543434,5.40603913511606e-07,0.05929762932113032,nan,nan,nan,False,not_run,not_requested
fig2,PEB,53,3576518520,5.0,snr_db,5.0,3,3,3,3,full_6d,3576518520,,,nan,,False,,5.254436112940311,nan,nan,nan,nan,nan,nan,False,,,peb_only,False,052f2313100dd0a7,,,,,,,adaptive_jones,True,fixed_anchor_then_adaptive_jones_score_selection,,nan,nan,nan,nan,True,,,nan,nan,,,,,[],nan,,,nan,nan,nan,nan,,nan,nan,nan,0.000300051998354177,nan,nan,0.000300051998354177,False,e200269e04ccf0a54521e583b609be7b0a3b6bdaccfd671ee9c073b4737a05cd,0.059356672723971306,computed_unscaled,cpu,nan,nan,nan,,,,,,,,nan,nan,nan,nan,nan,nan,False,,
fig2,adaptive_jones_vp_proposed,56,2167631329,5.0,snr_db,5.0,3,3,3,3,full_6d,2167631329,,,nan,,False,,115.00286612659693,4.694859597025785e-05,4.694859597025785e-05,1.0063734658392765e-06,4.099224260996266e-05,5.11019515496851e-13,0.12486889258925858,False,direct_vp,global_exact_spherical_vp,main_single_proposed,True,4d60e2a8109970fb,adaptive_jones,cpu,False,,numpy,numpy.linalg.solve,fixed_pol_anchor,True,fixed_anchor_then_adaptive_jones_score_selection,fixed_pol_anchor,0.43610101902206005,7.057216678285129,2.951197304522737,0.0,True,3,4,3096725.458075429,3096767.881950256,"[1.3602742162610229,7.057216678285129,0.43610101902206005]","[0.7351458904715061,0.14169892261773917,2.293046694185732]","[1.1731440549113992e-06,3.755596114428336e-09,1.533676524948066e-07]",direct_vp,[],3095587.0100498353,3096560,True,25713433.738999277,84.94102695916418,23.99514642298109,0.025391752785925294,"[4.97086466932092,4.9558296241518605,5.015613728368541]",167.01942939311266,108.707518607378,277.10620617866516,nan,nan,nan,nan,False,,nan,,,nan,nan,nan,,,,,,,,4.694859597025785e-05,1.0063734658392765e-06,0.12486889258925858,nan,nan,nan,False,not_run,not_requested
fig2,PEB,56,2167631329,5.0,snr_db,5.0,3,3,3,3,full_6d,2167631329,,,nan,,False,,4.970757722854614,nan,nan,nan,nan,nan,nan,False,,,peb_only,False,39ed8f2725d6d7e6,,,,,,,adaptive_jones,True,fixed_anchor_then_adaptive_jones_score_selection,,nan,nan,nan,nan,True,,,nan,nan,,,,,[],nan,,,nan,nan,nan,nan,,nan,nan,nan,0.00019008863705699368,nan,nan,0.00019008863705699368,False,7d96ebe691cae134218fac4c44588ab5938392c288ecaa287b62d8519dd2dcef,0.12490878617953985,computed_unscaled,cpu,nan,nan,nan,,,,,,,,nan,nan,nan,nan,nan,nan,False,,
fig2,adaptive_jones_vp_proposed,55,3199904066,5.0,snr_db,5.0,3,3,3,3,full_6d,3199904066,,,nan,,False,,159.17935918271542,8.913594893974046e-05,8.913594893974046e-05,1.0996186220469955e-06,7.890417493422904e-05,3.476892595554578e-13,0.12409239686341937,False,direct_vp,global_exact_spherical_vp,main_single_proposed,True,643332ac58cf7fd6,adaptive_jones,cpu,False,,numpy,numpy.linalg.solve,fixed_pol_anchor,True,fixed_anchor_then_adaptive_jones_score_selection,fixed_pol_anchor,0.656803102239849,1.2427167221765363,1.0261804310292615,0.0,True,3,4,3096725.458075429,3097174.1064093867,"[1.2427167221765363,1.1790214686713991,0.656803102239849]","[0.8046886166038897,0.8481609763439579,1.5225263044420987]","[5.419370344428188e-07,1.8467155770413402e-07,2.430720197550331e-07]",direct_vp,[],3094481.9065567926,3096560,True,27032213.65285622,66.28612555279084,45.373419072165234,0.010344269454186783,"[5.001229714815931,5.0051077767959775,4.981483772347523]",190.3821703568101,152.70090521872044,344.37746070325375,nan,nan,nan,nan,False,,nan,,,nan,nan,nan,,,,,,,,8.913594893974046e-05,1.0996186220469955e-06,0.12409239686341937,nan,nan,nan,False,not_run,not_requested
fig2,PEB,55,3199904066,5.0,snr_db,5.0,3,3,3,3,full_6d,3199904066,,,nan,,False,,5.478667102754116,nan,nan,nan,nan,nan,nan,False,,,peb_only,False,4155d9cfcd87b0a8,,,,,,,adaptive_jones,True,fixed_anchor_then_adaptive_jones_score_selection,,nan,nan,nan,nan,True,,,nan,nan,,,,,[],nan,,,nan,nan,nan,nan,,nan,nan,nan,0.0001931610534001764,nan,nan,0.0001931610534001764,False,ff385e78e5554a838decb9742089f6308b997df2029ddf9a6dfeb38655607425,0.12417637249568046,computed_unscaled,cpu,nan,nan,nan,,,,,,,,nan,nan,nan,nan,nan,nan,False,,
fig2,adaptive_jones_vp_proposed,51,2092735507,5.0,snr_db,5.0,3,3,3,3,full_6d,2092735507,,,nan,,False,,279.8294958025217,0.00034315566834721675,0.00034315566834721675,1.400680033380333e-06,0.00010584157117892338,2.954059263407579e-13,0.22407368284890156,False,direct_vp,global_exact_spherical_vp,main_single_proposed,True,4cbe69d2a7e772ec,adaptive_jones,cpu,False,,numpy,numpy.linalg.solve,fixed_pol_anchor,True,fixed_anchor_then_adaptive_jones_score_selection,fixed_pol_anchor,0.37096892273422766,4.515368964529697,3.0010104933172705,0.0,True,3,4,3096725.458075429,3097253.4377618777,"[4.515368964529697,0.37096892273422766,4.116693592687888]","[0.2214658442866896,2.695643593617292,0.24291339092423425]","[1.3790697380796742e-07,1.655593343517826e-07,2.1353849591793242e-07]",direct_vp,[],3096492.8051350415,3096560,True,19162919.89795469,96.63926963775546,15.028349298101356,0.07912111063494337,"[5.045882358777864,5.024682823970138,4.868448510744672]",175.2477050870657,273.4595074504614,449.9560716897249,nan,nan,nan,nan,False,,nan,,,nan,nan,nan,,,,,,,,0.00034315566834721675,1.400680033380333e-06,0.22407368284890156,nan,nan,nan,False,not_run,not_requested
fig2,PEB,51,2092735507,5.0,snr_db,5.0,3,3,3,3,full_6d,2092735507,,,nan,,False,,5.3326879516243935,nan,nan,nan,nan,nan,nan,False,,,peb_only,False,17fb41afa2cc76aa,,,,,,,adaptive_jones,True,fixed_anchor_then_adaptive_jones_score_selection,,nan,nan,nan,nan,True,,,nan,nan,,,,,[],nan,,,nan,nan,nan,nan,,nan,nan,nan,0.00023682031963027754,nan,nan,0.00023682031963027754,False,ceb68ab38b09da961371426ea0267363a416dbe569c6f715609cdf27a87a3792,0.22407970313732414,computed_unscaled,cpu,nan,nan,nan,,,,,,,,nan,nan,nan,nan,nan,nan,False,,
fig2,adaptive_jones_vp_proposed,57,476784074,5.0,snr_db,5.0,3,3,3,3,full_6d,476784074,,,nan,,False,,173.22901143878698,9.692172847260453e-05,9.692172847260453e-05,1.714310456592177e-06,2.9520033115209768e-05,2.2417195363759516e-14,0.05587020692010673,False,direct_vp,global_exact_spherical_vp,main_single_proposed,True,e832fa4053928c05,adaptive_jones,cpu,False,,numpy,numpy.linalg.solve,fixed_pol_anchor,True,fixed_anchor_then_adaptive_jones_score_selection,fixed_pol_anchor,0.7002038216744098,1.2834995042016555,1.0173275932441361,0.0,True,3,4,3096725.458075429,3098117.2407357544,"[1.0682794538563434,1.2834995042016555,0.7002038216744098]","[0.9360846512483862,0.7791198958200787,1.428155587051756]","[9.816788431491721e-07,3.426564359085721e-08,2.375769724963311e-07]",direct_vp,[],3100071.8079974875,3096560,True,26951363.74430035,61.80908742309359,30.88651307339446,0.0214521131739277,"[4.994244529257072,4.9835103179472,5.033424609248232]",185.78528819978237,166.77048239856958,353.81394144147635,nan,nan,nan,nan,False,,nan,,,nan,nan,nan,,,,,,,,9.692172847260453e-05,1.714310456592177e-06,0.05587020692010673,nan,nan,nan,False,not_run,not_requested
fig2,PEB,57,476784074,5.0,snr_db,5.0,3,3,3,3,full_6d,476784074,,,nan,,False,,5.12650229036808,nan,nan,nan,nan,nan,nan,False,,,peb_only,False,fff66ae376665ba5,,,,,,,adaptive_jones,True,fixed_anchor_then_adaptive_jones_score_selection,,nan,nan,nan,nan,True,,,nan,nan,,,,,[],nan,,,nan,nan,nan,nan,,nan,nan,nan,0.00019472039297561614,nan,nan,0.00019472039297561614,False,0678217d596e534740a4e9789e3054b9b6004d88d7430db9577064550d35976f,0.05580720466458842,computed_unscaled,cpu,nan,nan,nan,,,,,,,,nan,nan,nan,nan,nan,nan,False,,
fig2,adaptive_jones_vp_proposed,58,1249403404,5.0,snr_db,5.0,3,3,3,3,full_6d,1249403404,,,nan,,False,,160.79044914990664,0.0001679876659377036,0.0001679876659377036,1.4957421185210015e-06,3.499764322440053e-06,1.0637666679107935e-12,0.214695707724692,False,direct_vp,global_exact_spherical_vp,main_single_proposed,True,0e607b80afb0c5dd,adaptive_jones,cpu,False,,numpy,numpy.linalg.solve,fixed_pol_anchor,True,fixed_anchor_then_adaptive_jones_score_selection,fixed_pol_anchor,0.6186106989996893,5.604899483489473,2.3190672645506143,0.0,True,3,4,3096725.458075429,3126670.975618615,"[0.6186106989996893,0.7336916111626812,5.604899483489473]","[1.6165255492936172,1.3629704698607172,0.1784153316112316]","[6.890652232093773e-07,1.0742531836781093e-07,7.652764044038475e-08]",direct_vp,"[""poor_clock_consistency""]",3097920.887464691,3096560,True,13923691.138366686,95.39489905956836,24.435589941333262,0.11405419027314193,"[5.000879763338476,4.955008432190167,5.216605946765981]",188.19271288067102,154.19222459942102,343.6781115978956,nan,nan,nan,nan,False,,nan,,,nan,nan,nan,,,,,,,,0.0001679876659377036,1.4957421185210015e-06,0.214695707724692,nan,nan,nan,False,not_run,not_requested
fig2,PEB,58,1249403404,5.0,snr_db,5.0,3,3,3,3,full_6d,1249403404,,,nan,,False,,5.193854637444019,nan,nan,nan,nan,nan,nan,False,,,peb_only,False,4972e10670e904e6,,,,,,,adaptive_jones,True,fixed_anchor_then_adaptive_jones_score_selection,,nan,nan,nan,nan,True,,,nan,nan,,,,,[],nan,,,nan,nan,nan,nan,,nan,nan,nan,0.00027132829894011527,nan,nan,0.00027132829894011527,False,282ef6b6a0b0bdc03992830ab54a887d3acbc9d2eab301295ecf986d4506a68e,0.21460250277320006,computed_unscaled,cpu,nan,nan,nan,,,,,,,,nan,nan,nan,nan,nan,nan,False,,
fig2,adaptive_jones_vp_proposed,11,3685333214,5.0,snr_db,5.0,3,3,3,3,full_6d,3685333214,,,nan,,False,,1754.465960368514,1.749244738573503e-05,1.749244738573503e-05,8.177346727295451e-07,7.452305901682591e-06,3.1912954215513374e-13,0.09054006285060012,False,direct_vp,global_exact_spherical_vp,main_single_proposed,True,0e423ebc5620acf1,adaptive_jones,cpu,False,,numpy,numpy.linalg.solve,fixed_pol_anchor,True,fixed_anchor_then_adaptive_jones_score_selection,fixed_pol_anchor,0.3820607172824554,10.24557848258299,4.285525910308639,0.0,True,3,4,3096725.458075429,3112101.6750010755,"[10.24557848258299,0.3820607172824554,2.228938531060471]","[0.09760307840984363,2.6173850248527994,0.4486440456130466]","[1.2669825155810998e-07,9.94013149969329e-08,1.0050940004088496e-06]",direct_vp,"[""poor_clock_consistency""]",3091929.024477602,3096560,True,18981008.995855987,91.95748218426473,13.629915803636296,0.13390765494359466,"[5.272655056465274,4.981804269358245,4.995909310469214]",168.95517369359732,1747.7550844624639,1917.9806085452437,nan,nan,nan,nan,False,,nan,,,nan,nan,nan,,,,,,,,1.749244738573503e-05,8.177346727295451e-07,0.09054006285060012,nan,nan,nan,False,not_run,not_requested
fig2,PEB,11,3685333214,5.0,snr_db,5.0,3,3,3,3,full_6d,3685333214,,,nan,,False,,5.520788669586182,nan,nan,nan,nan,nan,nan,False,,,peb_only,False,1cb3046526a5b1c0,,,,,,,adaptive_jones,True,fixed_anchor_then_adaptive_jones_score_selection,,nan,nan,nan,nan,True,,,nan,nan,,,,,[],nan,,,nan,nan,nan,nan,,nan,nan,nan,0.0002422267186601923,nan,nan,0.0002422267186601923,False,e9ccda1e403051d390ee49d3f08d80b8c395469b47c082ff498964bcdaeda690,0.09067613889003451,computed_unscaled,cpu,nan,nan,nan,,,,,,,,nan,nan,nan,nan,nan,nan,False,,
fig2,adaptive_jones_vp_proposed,59,1187262716,5.0,snr_db,5.0,3,3,3,3,full_6d,1187262716,,,nan,,False,,173.07182808965445,0.00014762694876218187,0.00014762694876218187,1.5173118573420647e-06,0.00012564477541079702,3.8965917343852343e-13,0.07885363029078572,False,direct_vp,global_exact_spherical_vp,main_single_proposed,True,8aa3a19a5086f73e,adaptive_jones,cpu,False,,numpy,numpy.linalg.solve,fixed_pol_anchor,True,fixed_anchor_then_adaptive_jones_score_selection,fixed_pol_anchor,0.5151329008862958,9.052870412267552,3.4837306906226644,0.0,True,3,4,3096725.458075429,3101764.7487612586,"[0.5151329008862958,9.052870412267552,0.8831887587141439]","[1.9412466147647842,0.1104622019813568,1.1322607881185458]","[5.358503168760854e-07,3.079414620455568e-08,3.806081937748218e-07]",direct_vp,[],3097887.2017287468,3096560,True,24246370.595926926,73.77428563085118,28.675637427748317,0.03300699507487896,"[5.042966037972861,4.972891113470495,4.973004279387755]",193.77288894355297,166.64585055410862,361.7130989357829,nan,nan,nan,nan,False,,nan,,,nan,nan,nan,,,,,,,,0.00014762694876218187,1.5173118573420647e-06,0.07885363029078572,nan,nan,nan,False,not_run,not_requested
fig2,PEB,59,1187262716,5.0,snr_db,5.0,3,3,3,3,full_6d,1187262716,,,nan,,False,,4.99872699379921,nan,nan,nan,nan,nan,nan,False,,,peb_only,False,d580414e07f77f8b,,,,,,,adaptive_jones,True,fixed_anchor_then_adaptive_jones_score_selection,,nan,nan,nan,nan,True,,,nan,nan,,,,,[],nan,,,nan,nan,nan,nan,,nan,nan,nan,0.00021165453149925905,nan,nan,0.00021165453149925905,False,ba85b3dc69f0d5910f5e051466d13a9fa16bdfb1c72eaceaa138a692faa0065e,0.07882025495797905,computed_unscaled,cpu,nan,nan,nan,,,,,,,,nan,nan,nan,nan,nan,nan,False,,
fig2,adaptive_jones_vp_proposed,93,3741086398,0.0,snr_db,0.0,3,3,3,3,full_6d,3741086398,,,nan,,False,,2217.288588769734,0.0001615624060868027,0.0001615624060868027,5.578521540170533e-06,1.5326545232108826e-05,8.506151539041123e-13,0.14866759379707142,False,direct_vp,global_exact_spherical_vp,main_single_proposed,True,ff30c9a4ae6dc068,adaptive_jones,cpu,False,,numpy,numpy.linalg.solve,fixed_pol_anchor,True,fixed_anchor_then_adaptive_jones_score_selection,fixed_pol_anchor,1.4768392836507962,8.37719942196765,4.916328606088715,0.0,True,3,4,3096725.458075429,3562450.8202688796,"[4.8949471126477,8.37719942196765,1.4768392836507962]","[0.20429229917750844,0.11937163598723799,0.6771217498538431]","[2.339992207887323e-07,5.427730416184594e-07,8.928428872220413e-07]",direct_vp,[],3096831.3307892815,3096560,True,9009751.3174721,75.51826676892122,18.324260568294047,0.07525804120519018,"[5.0996677556108105,4.916707787070757,4.988663046475726]",171.17574432492256,2211.133622586727,2383.666382022202,nan,nan,nan,nan,False,,nan,,,nan,nan,nan,,,,,,,,0.0001615624060868027,5.578521540170533e-06,0.14866759379707142,nan,nan,nan,False,not_run,not_requested
fig2,PEB,93,3741086398,0.0,snr_db,0.0,3,3,3,3,full_6d,3741086398,,,nan,,False,,5.311892218887806,nan,nan,nan,nan,nan,nan,False,,,peb_only,False,d9c6084f632ae7c5,,,,,,,adaptive_jones,True,fixed_anchor_then_adaptive_jones_score_selection,,nan,nan,nan,nan,True,,,nan,nan,,,,,[],nan,,,nan,nan,nan,nan,,nan,nan,nan,0.00030231334204852873,nan,nan,0.00030231334204852873,False,c0a81a3b83197cd9cfba67cbec7ea74e0bc1c6abbc0cc35f29e15ac8d0f81a14,0.14865533629577085,computed_unscaled,cpu,nan,nan,nan,,,,,,,,nan,nan,nan,nan,nan,nan,False,,
fig2,adaptive_jones_vp_proposed,60,1839575832,5.0,snr_db,5.0,3,3,3,3,full_6d,1839575832,,,nan,,False,,155.78503040224314,0.00032937093909120036,0.00032937093909120036,1.1874076558472502e-06,1.5001899633946482e-05,1.3671215910613219e-13,0.1773730068920566,False,direct_vp,global_exact_spherical_vp,main_single_proposed,True,fe5fbcdf83cf28f0,adaptive_jones,cpu,False,,numpy,numpy.linalg.solve,fixed_pol_anchor,True,fixed_anchor_then_adaptive_jones_score_selection,fixed_pol_anchor,0.39028259259841996,5.369740814951334,2.742471638819257,0.0,True,3,4,3096725.458075429,3103883.666536067,"[2.467391508908018,0.39028259259841996,5.369740814951334]","[0.40528631001089,2.562245969879975,0.18622872769021967]","[9.487517915728808e-07,1.8089599864590775e-09,4.7839800175351595e-08]",direct_vp,[],3095668.0630882448,3096560,True,18014049.51958492,93.82220640579247,22.62149891225876,0.032309388665527725,"[5.080593839042363,5.002549326758736,5.052943709286527]",173.48727950453758,149.36128563433886,324.128528252244,nan,nan,nan,nan,False,,nan,,,nan,nan,nan,,,,,,,,0.00032937093909120036,1.1874076558472502e-06,0.1773730068920566,nan,nan,nan,False,not_run,not_requested
fig2,PEB,60,1839575832,5.0,snr_db,5.0,3,3,3,3,full_6d,1839575832,,,nan,,False,,5.447973184287548,nan,nan,nan,nan,nan,nan,False,,,peb_only,False,5df4e3f35ea2dcf9,,,,,,,adaptive_jones,True,fixed_anchor_then_adaptive_jones_score_selection,,nan,nan,nan,nan,True,,,nan,nan,,,,,[],nan,,,nan,nan,nan,nan,,nan,nan,nan,0.00024306361217003023,nan,nan,0.00024306361217003023,False,42d79a12e13d52ea36763a6478c0ea4b122194dbd7e070b6eef8b19740c115ec,0.17742502910400706,computed_unscaled,cpu,nan,nan,nan,,,,,,,,nan,nan,nan,nan,nan,nan,False,,
fig2,adaptive_jones_vp_proposed,61,3445288900,5.0,snr_db,5.0,3,3,3,3,full_6d,3445288900,,,nan,,False,,164.31258494406939,0.00020727993557227532,0.00020727993557227532,1.6309877073769685e-06,8.537366151507285e-05,6.610507221496784e-13,0.17933480923137177,False,direct_vp,global_exact_spherical_vp,main_single_proposed,True,1bb776f43977b1e8,adaptive_jones,cpu,False,,numpy,numpy.linalg.solve,fixed_pol_anchor,True,fixed_anchor_then_adaptive_jones_score_selection,fixed_pol_anchor,0.3718730588345545,4.839839703203774,2.9741727097171364,0.0,True,3,4,3096725.458075429,3098412.8970051734,"[3.710805367113082,0.3718730588345545,4.839839703203774]","[0.26948327952168116,2.6890896671396836,0.20661841327786157]","[5.225579894082457e-08,1.6298676374960123e-07,3.9939585076536433e-07]",direct_vp,[],3096024.261899331,3096560,True,17839025.073837765,109.21071197133493,19.338723990248592,0.041062570039040805,"[4.9045805671144205,5.000368266716556,4.925901057781794]",144.22285037487745,157.8134916126728,303.3405425623059,nan,nan,nan,nan,False,,nan,,,nan,nan,nan,,,,,,,,0.00020727993557227532,1.6309877073769685e-06,0.17933480923137177,nan,nan,nan,False,not_run,not_requested
fig2,PEB,61,3445288900,5.0,snr_db,5.0,3,3,3,3,full_6d,3445288900,,,nan,,False,,5.223581209778786,nan,nan,nan,nan,nan,nan,False,,,peb_only,False,630260e574acfda4,,,,,,,adaptive_jones,True,fixed_anchor_then_adaptive_jones_score_selection,,nan,nan,nan,nan,True,,,nan,nan,,,,,[],nan,,,nan,nan,nan,nan,,nan,nan,nan,0.00024730785753649266,nan,nan,0.00024730785753649266,False,ce2b3681cf373b19e71cb19b884bc3b16d08555336684f81783906b12368ba1d,0.17936676823384046,computed_unscaled,cpu,nan,nan,nan,,,,,,,,nan,nan,nan,nan,nan,nan,False,,
fig2,adaptive_jones_vp_proposed,12,2210497206,5.0,snr_db,5.0,3,3,3,3,full_6d,2210497206,,,nan,,False,,1854.9861336126924,0.0002236681542404593,0.0002236681542404593,9.569338413570794e-07,7.788630797301147e-06,1.6101270878171487e-13,0.144173796428705,False,direct_vp,global_exact_spherical_vp,main_single_proposed,True,c9233946639b71a6,adaptive_jones,cpu,False,,numpy,numpy.linalg.solve,fixed_pol_anchor,True,fixed_anchor_then_adaptive_jones_score_selection,fixed_pol_anchor,0.5995335267334763,1.62809441723498,1.1178680012519564,0.0,True,3,4,3096725.458075429,3731588.226194702,"[1.62809441723498,1.1259760597874127,0.5995335267334763]","[0.6142149923323788,0.888118349681144,1.667963433918104]","[3.1369876444362284e-07,4.6440903554212954e-08,9.795719930689547e-07]",direct_vp,[],3098867.9088276615,3096560,True,28755075.682238467,71.48678572664679,32.6864803346593,0.00854100172286538,"[5.033664366388677,5.0493975932479715,5.029588686220341]",172.43376267701387,1848.4905563890934,2022.1871312633157,nan,nan,nan,nan,False,,nan,,,nan,nan,nan,,,,,,,,0.0002236681542404593,9.569338413570794e-07,0.144173796428705,nan,nan,nan,False,not_run,not_requested
fig2,PEB,12,2210497206,5.0,snr_db,5.0,3,3,3,3,full_6d,2210497206,,,nan,,False,,5.217389598488808,nan,nan,nan,nan,nan,nan,False,,,peb_only,False,02f0fe517fdeb20e,,,,,,,adaptive_jones,True,fixed_anchor_then_adaptive_jones_score_selection,,nan,nan,nan,nan,True,,,nan,nan,,,,,[],nan,,,nan,nan,nan,nan,,nan,nan,nan,0.0001808117699484918,nan,nan,0.0001808117699484918,False,0a1c4f0b423cde7d810066f20685360779b434f786c785131581505ed3dd312e,0.14406716613452206,computed_unscaled,cpu,nan,nan,nan,,,,,,,,nan,nan,nan,nan,nan,nan,False,,
fig2,adaptive_jones_vp_proposed,62,1815661330,5.0,snr_db,5.0,3,3,3,3,full_6d,1815661330,,,nan,,False,,189.82921002805233,0.00022882529608755106,0.00022882529608755106,1.60284072048795e-06,4.745304345485437e-05,7.947245541380884e-13,0.17903568319848295,False,direct_vp,global_exact_spherical_vp,main_single_proposed,True,127077269d8305bd,adaptive_jones,cpu,False,,numpy,numpy.linalg.solve,fixed_pol_anchor,True,fixed_anchor_then_adaptive_jones_score_selection,fixed_pol_anchor,0.3425959072433204,14.108956364701463,6.795985990283672,0.0,True,3,4,3096725.458075429,3207425.1919095744,"[0.3425959072433204,5.936405698906233,14.108956364701463]","[2.9188906780764072,0.16845209891539437,0.07087696454202269]","[1.8376450497852997e-07,3.882515977288147e-08,1.2515198943488654e-07]",direct_vp,"[""poor_clock_consistency""]",3097295.763716262,3096560,True,10805224.42373299,173.70924349151912,12.187284927036092,0.1469037871641525,"[5.008161162089697,4.977656285487978,4.682400525101744]",180.46587291359901,183.5126573741436,365.2534732297063,nan,nan,nan,nan,False,,nan,,,nan,nan,nan,,,,,,,,0.00022882529608755106,1.60284072048795e-06,0.17903568319848295,nan,nan,nan,False,not_run,not_requested
fig2,PEB,62,1815661330,5.0,snr_db,5.0,3,3,3,3,full_6d,1815661330,,,nan,,False,,5.257830031216145,nan,nan,nan,nan,nan,nan,False,,,peb_only,False,a4333ce7079767bd,,,,,,,adaptive_jones,True,fixed_anchor_then_adaptive_jones_score_selection,,nan,nan,nan,nan,True,,,nan,nan,,,,,[],nan,,,nan,nan,nan,nan,,nan,nan,nan,0.0003201054728417729,nan,nan,0.0003201054728417729,False,97d98efc9e77b8da847d52d27748aedf3c40844281671ccf00f295af09763222,0.17899407806984396,computed_unscaled,cpu,nan,nan,nan,,,,,,,,nan,nan,nan,nan,nan,nan,False,,
fig2,adaptive_jones_vp_proposed,63,3424526765,5.0,snr_db,5.0,3,3,3,3,full_6d,3424526765,,,nan,,False,,207.81462320685387,6.147633169833342e-05,6.147633169833342e-05,1.8522978635470008e-06,4.858119672070325e-05,6.066229521279464e-13,0.10290575853332772,False,direct_vp,global_exact_spherical_vp,main_single_proposed,True,5fca17723623b5a6,adaptive_jones,cpu,False,,numpy,numpy.linalg.solve,fixed_pol_anchor,True,fixed_anchor_then_adaptive_jones_score_selection,fixed_pol_anchor,0.5869977346067169,2.6072787332999185,1.375848416873526,0.0,True,3,4,3096725.458075429,3106766.537614784,"[2.6072787332999185,0.5869977346067169,0.9332687827139424]","[0.38354165483938746,1.703584087371996,1.0715026780292276]","[1.233104154506316e-06,1.689464591166481e-09,1.0274694132743597e-06]",direct_vp,[],3097440.672442244,3096560,True,23640925.793732516,71.75982919490123,27.55175646029026,0.021644591055450975,"[4.99947668107895,5.027413396085324,5.052468780263314]",178.15221932530403,201.7783059179783,381.27569115161896,nan,nan,nan,nan,False,,nan,,,nan,nan,nan,,,,,,,,6.147633169833342e-05,1.8522978635470008e-06,0.10290575853332772,nan,nan,nan,False,not_run,not_requested
fig2,PEB,63,3424526765,5.0,snr_db,5.0,3,3,3,3,full_6d,3424526765,,,nan,,False,,5.255899973213673,nan,nan,nan,nan,nan,nan,False,,,peb_only,False,b56752e1a2ca8185,,,,,,,adaptive_jones,True,fixed_anchor_then_adaptive_jones_score_selection,,nan,nan,nan,nan,True,,,nan,nan,,,,,[],nan,,,nan,nan,nan,nan,,nan,nan,nan,0.00021175117340175927,nan,nan,0.00021175117340175927,False,258f950ff6512034899ff541f16fbb81fb7ab692c62ede128038d4532b76f1bb,0.1028770316639663,computed_unscaled,cpu,nan,nan,nan,,,,,,,,nan,nan,nan,nan,nan,nan,False,,
fig2,adaptive_jones_vp_proposed,65,2236466502,5.0,snr_db,5.0,3,3,3,3,full_6d,2236466502,,,nan,,False,,161.42760532349348,0.00011171225446806839,0.00011171225446806839,1.6347411290762355e-06,6.8061185058993e-05,1.2093718892798235e-12,0.0335007518962001,False,direct_vp,global_exact_spherical_vp,main_single_proposed,True,a04f72b00d0221c6,adaptive_jones,cpu,False,,numpy,numpy.linalg.solve,fixed_pol_anchor,True,fixed_anchor_then_adaptive_jones_score_selection,fixed_pol_anchor,0.707313980470749,1.9463764492227025,1.1547278225247835,0.0,True,3,4,3096725.458075429,3098196.7648422993,"[0.8104930378808991,1.9463764492227025,0.707313980470749]","[1.2338168907826426,0.5137752259576558,1.4137992851968626]","[3.7204183497201506e-07,3.4190923571004273e-07,4.220867386026914e-07]",direct_vp,[],3100303.2739982973,3096560,True,27848151.125158053,69.96573672374873,31.987046624980067,0.033467573600361046,"[5.038123884895404,5.016918935330863,4.9589421438761425]",178.24077216535807,155.09437707066536,334.62403454631567,nan,nan,nan,nan,False,,nan,,,nan,nan,nan,,,,,,,,0.00011171225446806839,1.6347411290762355e-06,0.0335007518962001,nan,nan,nan,False,not_run,not_requested
fig2,PEB,65,2236466502,5.0,snr_db,5.0,3,3,3,3,full_6d,2236466502,,,nan,,False,,5.023879796266556,nan,nan,nan,nan,nan,nan,False,,,peb_only,False,ff28df0ce0f6ca19,,,,,,,adaptive_jones,True,fixed_anchor_then_adaptive_jones_score_selection,,nan,nan,nan,nan,True,,,nan,nan,,,,,[],nan,,,nan,nan,nan,nan,,nan,nan,nan,0.00019107584873019737,nan,nan,0.00019107584873019737,False,8713a1af4c8a44df0d773df8c1e647ae5757abeba9d4009ab7b9d7ee65d54a43,0.033460476326221726,computed_unscaled,cpu,nan,nan,nan,,,,,,,,nan,nan,nan,nan,nan,nan,False,,
fig2,adaptive_jones_vp_proposed,84,3985341227,0.0,snr_db,0.0,3,3,3,3,full_6d,3985341227,,,nan,,False,,2747.6309561803937,0.0002797099227144018,0.0002797099227144018,7.413640397765852e-06,6.706256965690802e-05,2.336795007174566e-13,0.6950777364017267,False,direct_vp,global_exact_spherical_vp,main_single_proposed,True,e4bcfc1c4ac33186,adaptive_jones,cpu,False,,numpy,numpy.linalg.solve,fixed_pol_anchor,True,fixed_anchor_then_adaptive_jones_score_selection,fixed_pol_anchor,1.5027034068227403,6.805278774342773,4.570678709160167,0.0,True,3,4,3096725.458075429,3166757.4534544284,"[1.5027034068227403,5.404053946314989,6.805278774342773]","[0.665467314080867,0.1850462652536053,0.14694475173645927]","[1.436562703774087e-07,3.306034231421287e-08,4.9435815368201044e-08]",direct_vp,[],3093751.8089110623,3096560,True,4837779.2614170695,108.44574356233858,15.88802404490391,0.02704386084475978,"[4.943522227036032,4.995107599589964,4.93332354148429]",188.19762036204338,2495.23720677197,2684.8089661449194,nan,nan,nan,nan,False,,nan,,,nan,nan,nan,,,,,,,,0.0002797099227144018,7.413640397765852e-06,0.6950777364017267,nan,nan,nan,False,not_run,not_requested
fig2,PEB,84,3985341227,0.0,snr_db,0.0,3,3,3,3,full_6d,3985341227,,,nan,,False,,5.120817139744759,nan,nan,nan,nan,nan,nan,False,,,peb_only,False,e9092ed5fd340276,,,,,,,adaptive_jones,True,fixed_anchor_then_adaptive_jones_score_selection,,nan,nan,nan,nan,True,,,nan,nan,,,,,[],nan,,,nan,nan,nan,nan,,nan,nan,nan,0.0004651456702461851,nan,nan,0.0004651456702461851,False,763c74c3103c34dc91712b88cb00b247f3e9461f0fa66c55a5e9608e707daf96,0.6957122515375597,computed_unscaled,cpu,nan,nan,nan,,,,,,,,nan,nan,nan,nan,nan,nan,False,,
fig2,adaptive_jones_vp_proposed,14,1092560480,5.0,snr_db,5.0,3,3,3,3,full_6d,1092560480,,,nan,,False,,2000.545499496162,0.00019688553033259676,0.00019688553033259676,1.918923023617971e-06,0.0001407186720498184,3.8769657828548965e-13,0.06836063143903161,False,direct_vp,global_exact_spherical_vp,main_single_proposed,True,0d405fdfff6d6f5a,adaptive_jones,cpu,False,,numpy,numpy.linalg.solve,fixed_pol_anchor,True,fixed_anchor_then_adaptive_jones_score_selection,fixed_pol_anchor,0.7118243337933615,1.1810595640183388,1.0017471412215497,0.0,True,3,4,3096725.458075429,4144680.935357067,"[1.1810595640183388,1.112357525852949,0.7118243337933615]","[0.8466973474195512,0.898991535326822,1.4048409874810242]","[6.258304588775842e-07,9.899972095852078e-07,4.5023296036559844e-07]",direct_vp,[],3094527.368250991,3096560,True,25092015.984646317,68.80171214085365,30.505191880095268,0.02673408371474154,"[5.044879886177266,4.983876025602577,4.9937600682547005]",172.48735746741295,1994.1415299624205,2167.874027557671,nan,nan,nan,nan,False,,nan,,,nan,nan,nan,,,,,,,,0.00019688553033259676,1.918923023617971e-06,0.06836063143903161,nan,nan,nan,False,not_run,not_requested
fig2,PEB,14,1092560480,5.0,snr_db,5.0,3,3,3,3,full_6d,1092560480,,,nan,,False,,5.287560313940048,nan,nan,nan,nan,nan,nan,False,,,peb_only,False,6093bc3617f3682c,,,,,,,adaptive_jones,True,fixed_anchor_then_adaptive_jones_score_selection,,nan,nan,nan,nan,True,,,nan,nan,,,,,[],nan,,,nan,nan,nan,nan,,nan,nan,nan,0.0002032846704328461,nan,nan,0.0002032846704328461,False,f1022bc01518ff6f31f9f6e642efb32029d98d2c096644b99cc3e0e6c8ec44d7,0.06840588738389257,computed_unscaled,cpu,nan,nan,nan,,,,,,,,nan,nan,nan,nan,nan,nan,False,,
fig2,adaptive_jones_vp_proposed,67,804537149,5.0,snr_db,5.0,3,3,3,3,full_6d,804537149,,,nan,,False,,147.78333734720945,0.00045202119191522323,0.00045202119191522323,2.48572622323391e-06,1.6563781780740412e-05,1.2342065818993389e-12,0.14369172473005662,False,direct_vp,global_exact_spherical_vp,main_single_proposed,True,4301e13862eda6ca,adaptive_jones,cpu,False,,numpy,numpy.linalg.solve,fixed_pol_anchor,True,fixed_anchor_then_adaptive_jones_score_selection,fixed_pol_anchor,0.916269826052392,0.9925225169564289,0.9512564883503737,0.0,True,3,4,3096725.458075429,3097676.8069896353,"[0.916269826052392,0.9449771220423,0.9925225169564289]","[1.0913815685794546,1.0582266773166302,1.0075338170316863]","[2.54289101158461e-07,6.592517537136296e-08,2.5212517015232064e-07]",direct_vp,[],3092776.9110496263,3096560,True,25715929.57019777,70.29637541255005,25.290740396436355,0.04411192550035493,"[5.0469149169540986,5.063772475737959,4.962914015480214]",182.18976517021656,141.51390750706196,324.96685361117125,nan,nan,nan,nan,False,,nan,,,nan,nan,nan,,,,,,,,0.00045202119191522323,2.48572622323391e-06,0.14369172473005662,nan,nan,nan,False,not_run,not_requested
fig2,PEB,67,804537149,5.0,snr_db,5.0,3,3,3,3,full_6d,804537149,,,nan,,False,,5.026148475706577,nan,nan,nan,nan,nan,nan,False,,,peb_only,False,87352582270f41e9,,,,,,,adaptive_jones,True,fixed_anchor_then_adaptive_jones_score_selection,,nan,nan,nan,nan,True,,,nan,nan,,,,,[],nan,,,nan,nan,nan,nan,,nan,nan,nan,0.00019917018250204189,nan,nan,0.00019917018250204189,False,b26904abe3f7d46852807fc0a30cd211634c6c8e972ac0e965050f20e27517f2,0.14386823201117727,computed_unscaled,cpu,nan,nan,nan,,,,,,,,nan,nan,nan,nan,nan,nan,False,,
fig2,adaptive_jones_vp_proposed,66,437355907,5.0,snr_db,5.0,3,3,3,3,full_6d,437355907,,,nan,,False,,319.52881894260645,0.000312708907927542,0.000312708907927542,2.5624642267019625e-06,6.59855096668654e-05,8.320811242927876e-14,0.18372747079095056,False,direct_vp,global_exact_spherical_vp,main_single_proposed,True,b1bcfed4167d992d,adaptive_jones,cpu,False,,numpy,numpy.linalg.solve,fixed_pol_anchor,True,fixed_anchor_then_adaptive_jones_score_selection,fixed_pol_anchor,0.640287476907132,2.433636291521802,1.3045069947680625,0.0,True,3,4,3096725.458075429,3096989.560866999,"[0.8395972158752537,2.433636291521802,0.640287476907132]","[1.1910473035057552,0.41090774471161673,1.5617984671975724]","[1.800211695561809e-07,3.504118163698728e-08,6.019949440214803e-07]",direct_vp,[],3097743.0341356494,3096560,True,26395384.612267688,77.90554157853025,41.62605447594357,0.01695535808456657,"[5.0390369538917925,5.003784198077543,5.002394499611843]",191.07540944218636,313.1109257340431,505.54585187137127,nan,nan,nan,nan,False,,nan,,,nan,nan,nan,,,,,,,,0.000312708907927542,2.5624642267019625e-06,0.18372747079095056,nan,nan,nan,False,not_run,not_requested
fig2,PEB,66,437355907,5.0,snr_db,5.0,3,3,3,3,full_6d,437355907,,,nan,,False,,5.032543629407883,nan,nan,nan,nan,nan,nan,False,,,peb_only,False,695b7ff04653f4d8,,,,,,,adaptive_jones,True,fixed_anchor_then_adaptive_jones_score_selection,,nan,nan,nan,nan,True,,,nan,nan,,,,,[],nan,,,nan,nan,nan,nan,,nan,nan,nan,0.000199511453886568,nan,nan,0.000199511453886568,False,34c19cd95e99da79457cbf3518f1232a26ad19f1e8691866bda8c30a1c520f1f,0.1836582538715009,computed_unscaled,cpu,nan,nan,nan,,,,,,,,nan,nan,nan,nan,nan,nan,False,,
fig2,adaptive_jones_vp_proposed,70,1909013635,5.0,snr_db,5.0,3,3,3,3,full_6d,1909013635,,,nan,,False,,181.78415155410767,0.0002961649611737492,0.0002961649611737492,1.6056206704631895e-06,9.046887618808701e-05,4.3129120489832106e-13,0.0668197013026842,False,direct_vp,global_exact_spherical_vp,main_single_proposed,True,5ce86899f55f7a7a,adaptive_jones,cpu,False,,numpy,numpy.linalg.solve,fixed_pol_anchor,True,fixed_anchor_then_adaptive_jones_score_selection,fixed_pol_anchor,0.36941804972608294,4.797291438543313,3.095851335643531,0.0,True,3,4,3096725.458075429,3159898.0038731773,"[0.36941804972608294,4.797291438543313,4.120844518661197]","[2.706960314313589,0.20845095879746062,0.24266870430742793]","[7.075684454840457e-09,1.0314032255767609e-07,6.375549191760589e-07]",direct_vp,[],3096748.07362294,3096560,True,15158678.262044666,130.6176768921729,21.4334101157625,0.06496323908799562,"[5.002902405015961,4.872186069300661,4.85895714769387]",171.39329855889082,175.3978155180812,348.0403035506606,nan,nan,nan,nan,False,,nan,,,nan,nan,nan,,,,,,,,0.0002961649611737492,1.6056206704631895e-06,0.0668197013026842,nan,nan,nan,False,not_run,not_requested
fig2,PEB,70,1909013635,5.0,snr_db,5.0,3,3,3,3,full_6d,1909013635,,,nan,,False,,5.255874216556549,nan,nan,nan,nan,nan,nan,False,,,peb_only,False,386c457a21d7cfd4,,,,,,,adaptive_jones,True,fixed_anchor_then_adaptive_jones_score_selection,,nan,nan,nan,nan,True,,,nan,nan,,,,,[],nan,,,nan,nan,nan,nan,,nan,nan,nan,0.00026717639799239804,nan,nan,0.00026717639799239804,False,7231f7a6a5fbe3cc9ff17e3c4c7cf441e267b4bae6d7354446f2924a30ccbc7b,0.06681598840521448,computed_unscaled,cpu,nan,nan,nan,,,,,,,,nan,nan,nan,nan,nan,nan,False,,
fig2,adaptive_jones_vp_proposed,69,1134195269,5.0,snr_db,5.0,3,3,3,3,full_6d,1134195269,,,nan,,False,,262.6410230919719,0.00027917252097280234,0.00027917252097280234,1.1627703782472894e-06,3.598778474850286e-05,1.9505853160057232e-13,0.21457742153392254,False,direct_vp,global_exact_spherical_vp,main_single_proposed,True,2574ad13a584d2d1,adaptive_jones,cpu,False,,numpy,numpy.linalg.solve,fixed_pol_anchor,True,fixed_anchor_then_adaptive_jones_score_selection,fixed_pol_anchor,0.5072903500367972,22.49181496406438,7.955273578249696,0.0,True,3,4,3096725.458075429,3104871.282847954,"[22.49181496406438,0.8667154206479131,0.5072903500367972]","[0.04446061829937816,1.1537812483497563,1.9712576829560347]","[1.5285343338814727e-07,2.2755356490988613e-07,1.5397844834553498e-07]",direct_vp,[],3097617.3340425678,3096560,True,26136188.805330414,85.6725306371446,17.296394983791984,0.0810810032111248,"[5.1314190042689924,4.9936708955163045,4.9386390389398445]",175.7949571684003,256.0640385225415,433.12996096909046,nan,nan,nan,nan,False,,nan,,,nan,nan,nan,,,,,,,,0.00027917252097280234,1.1627703782472894e-06,0.21457742153392254,nan,nan,nan,False,not_run,not_requested
fig2,PEB,69,1134195269,5.0,snr_db,5.0,3,3,3,3,full_6d,1134195269,,,nan,,False,,5.309530027210712,nan,nan,nan,nan,nan,nan,False,,,peb_only,False,f7cc8b1acfd18193,,,,,,,adaptive_jones,True,fixed_anchor_then_adaptive_jones_score_selection,,nan,nan,nan,nan,True,,,nan,nan,,,,,[],nan,,,nan,nan,nan,nan,,nan,nan,nan,0.00018683484782523326,nan,nan,0.00018683484782523326,False,3c4e17d6858814038ebdb81b7444e4cbebd5be1a61e4510cac6392db534f501a,0.2145052864863316,computed_unscaled,cpu,nan,nan,nan,,,,,,,,nan,nan,nan,nan,nan,nan,False,,
fig2,adaptive_jones_vp_proposed,73,1489186484,5.0,snr_db,5.0,3,3,3,3,full_6d,1489186484,,,nan,,False,,157.63846872001886,8.566196348310388e-05,8.566196348310388e-05,2.5260607819773407e-06,3.061754292952826e-05,1.1113157077331687e-12,0.08933377781429094,False,direct_vp,global_exact_spherical_vp,main_single_proposed,True,9189149201405df8,adaptive_jones,cpu,False,,numpy,numpy.linalg.solve,fixed_pol_anchor,True,fixed_anchor_then_adaptive_jones_score_selection,fixed_pol_anchor,0.6456527905968068,1.7496016219074764,1.1145792397128644,0.0,True,3,4,3096725.458075429,3130819.560354064,"[0.9484833066343104,1.7496016219074764,0.6456527905968068]","[1.0543148129275441,0.5715586836893851,1.5488200694912322]","[2.655787270340376e-07,1.24269900352221e-07,1.837728850855279e-06]",direct_vp,[],3096064.5024285186,3096560,True,28203336.81487501,68.20047524212629,36.577204058840415,0.014547504576468319,"[5.041283208233368,5.028461544935406,5.063665400305697]",180.32547254115343,150.9981329292059,332.58017161488533,nan,nan,nan,nan,False,,nan,,,nan,nan,nan,,,,,,,,8.566196348310388e-05,2.5260607819773407e-06,0.08933377781429094,nan,nan,nan,False,not_run,not_requested
fig2,PEB,73,1489186484,5.0,snr_db,5.0,3,3,3,3,full_6d,1489186484,,,nan,,False,,5.268135443329811,nan,nan,nan,nan,nan,nan,False,,,peb_only,False,cebb03cd8ae529a7,,,,,,,adaptive_jones,True,fixed_anchor_then_adaptive_jones_score_selection,,nan,nan,nan,nan,True,,,nan,nan,,,,,[],nan,,,nan,nan,nan,nan,,nan,nan,nan,0.00018992731838159726,nan,nan,0.00018992731838159726,False,d64a78118eb17c14251c66a9269a2f68d800276ea77027a48898e01b93fc8e18,0.0893485365540935,computed_unscaled,cpu,nan,nan,nan,,,,,,,,nan,nan,nan,nan,nan,nan,False,,
fig2,adaptive_jones_vp_proposed,68,217409269,5.0,snr_db,5.0,3,3,3,3,full_6d,217409269,,,nan,,False,,293.86202339082956,9.085149773865486e-05,9.085149773865486e-05,2.946814679850686e-06,3.909690211471754e-05,1.0012108955653971e-13,0.057834639437527285,False,direct_vp,global_exact_spherical_vp,main_single_proposed,True,d1f519e489314b2a,adaptive_jones,cpu,False,,numpy,numpy.linalg.solve,fixed_pol_anchor,True,fixed_anchor_then_adaptive_jones_score_selection,fixed_pol_anchor,0.6541825935498274,3.2297814065443466,1.5463072156384488,0.0,True,3,4,3096725.458075429,3097325.694746479,"[0.6541825935498274,0.7549576468211723,3.2297814065443466]","[1.5286252032066308,1.3245776159892533,0.30961847695652706]","[1.170023761505853e-06,1.932431516877069e-09,2.876059742351334e-07]",direct_vp,[],3099211.854948845,3096560,True,16130986.211281406,95.13292603478865,24.719008071385844,0.03560370083482479,"[4.978601913052266,5.023285921886334,4.936083988969505]",166.16687025874853,287.3215478360653,454.8572544977069,nan,nan,nan,nan,False,,nan,,,nan,nan,nan,,,,,,,,9.085149773865486e-05,2.946814679850686e-06,0.057834639437527285,nan,nan,nan,False,not_run,not_requested
fig2,PEB,68,217409269,5.0,snr_db,5.0,3,3,3,3,full_6d,217409269,,,nan,,False,,5.206974804401398,nan,nan,nan,nan,nan,nan,False,,,peb_only,False,35981853b7fa084f,,,,,,,adaptive_jones,True,fixed_anchor_then_adaptive_jones_score_selection,,nan,nan,nan,nan,True,,,nan,nan,,,,,[],nan,,,nan,nan,nan,nan,,nan,nan,nan,0.0002523834300935108,nan,nan,0.0002523834300935108,False,0b182e454a04b5041a3aee67b1d617d5e470ee5322dc8a1561fe76d42cd56704,0.057785451538244874,computed_unscaled,cpu,nan,nan,nan,,,,,,,,nan,nan,nan,nan,nan,nan,False,,
fig2,adaptive_jones_vp_proposed,75,3035140021,5.0,snr_db,5.0,3,3,3,3,full_6d,3035140021,,,nan,,False,,155.39865734428167,0.0001868367766643408,0.0001868367766643408,1.9499034133083862e-06,4.692562638458771e-05,1.0018073912650814e-12,0.10476771626312485,False,direct_vp,global_exact_spherical_vp,main_single_proposed,True,f921c03b127cf084,adaptive_jones,cpu,False,,numpy,numpy.linalg.solve,fixed_pol_anchor,True,fixed_anchor_then_adaptive_jones_score_selection,fixed_pol_anchor,0.384736633500562,5.8695885020251435,2.939311332831133,0.0,True,3,4,3096725.458075429,3099513.2207817826,"[0.384736633500562,2.5636088629676927,5.8695885020251435]","[2.599180615843681,0.39007510640285953,0.17036969451080042]","[1.534462276904019e-08,1.4188330994279032e-07,5.932728410485471e-07]",direct_vp,[],3092353.6322613307,3096560,True,13250529.537873866,139.49985247988204,19.73121812139225,0.03736170084818712,"[4.978524878796039,4.9582024214115785,5.045640965019669]",164.3266219869256,148.81586273759604,314.3933310210705,nan,nan,nan,nan,False,,nan,,,nan,nan,nan,,,,,,,,0.0001868367766643408,1.9499034133083862e-06,0.10476771626312485,nan,nan,nan,False,not_run,not_requested
fig2,PEB,75,3035140021,5.0,snr_db,5.0,3,3,3,3,full_6d,3035140021,,,nan,,False,,5.142115585505962,nan,nan,nan,nan,nan,nan,False,,,peb_only,False,bd91599ef4ee6503,,,,,,,adaptive_jones,True,fixed_anchor_then_adaptive_jones_score_selection,,nan,nan,nan,nan,True,,,nan,nan,,,,,[],nan,,,nan,nan,nan,nan,,nan,nan,nan,0.000282731907588512,nan,nan,0.000282731907588512,False,2f212a9fc87faf916a5915468a1ea2df60203d744fc985d035cf071254d1c26c,0.10491076840974496,computed_unscaled,cpu,nan,nan,nan,,,,,,,,nan,nan,nan,nan,nan,nan,False,,
fig2,adaptive_jones_vp_proposed,74,2087150408,5.0,snr_db,5.0,3,3,3,3,full_6d,2087150408,,,nan,,False,,209.9465453401208,4.560903537426447e-05,4.560903537426447e-05,1.8728715349217133e-06,2.1689226253848253e-05,5.741895860321683e-13,0.07616752304557725,False,direct_vp,global_exact_spherical_vp,main_single_proposed,True,886e9e078e524d46,adaptive_jones,cpu,False,,numpy,numpy.linalg.solve,fixed_pol_anchor,True,fixed_anchor_then_adaptive_jones_score_selection,fixed_pol_anchor,0.6952595884912147,1.2979328339237224,1.0121281168538288,0.0,True,3,4,3096725.458075429,3103834.0280118324,"[0.6952595884912147,1.0431919281465492,1.2979328339237224]","[1.4383116990438178,0.9585963742795327,0.7704558925253837]","[6.9560565348562365e-09,4.703795314129679e-09,5.6900661476130245e-08]",direct_vp,[],3096096.862019008,3096560,True,20748363.03739917,79.39586187778576,33.152191794346635,0.02556992360232935,"[5.074353710472704,5.016858564872097,5.06712184456072]",161.32832354307175,203.40587231516838,366.0615410283208,nan,nan,nan,nan,False,,nan,,,nan,nan,nan,,,,,,,,4.560903537426447e-05,1.8728715349217133e-06,0.07616752304557725,nan,nan,nan,False,not_run,not_requested
fig2,PEB,74,2087150408,5.0,snr_db,5.0,3,3,3,3,full_6d,2087150408,,,nan,,False,,5.164615772664547,nan,nan,nan,nan,nan,nan,False,,,peb_only,False,151b5b0477b014fd,,,,,,,adaptive_jones,True,fixed_anchor_then_adaptive_jones_score_selection,,nan,nan,nan,nan,True,,,nan,nan,,,,,[],nan,,,nan,nan,nan,nan,,nan,nan,nan,0.00022361629637084453,nan,nan,0.00022361629637084453,False,78fd75a3c1d4026a3e7d885aa302f9406531fe623bed7ee4eda6f02c54b6aa8a,0.07617931038778121,computed_unscaled,cpu,nan,nan,nan,,,,,,,,nan,nan,nan,nan,nan,nan,False,,
fig2,adaptive_jones_vp_proposed,76,125194699,5.0,snr_db,5.0,3,3,3,3,full_6d,125194699,,,nan,,False,,163.01885882765055,8.725759297814907e-05,8.725759297814907e-05,1.5575378911711365e-06,2.277484959343263e-05,1.1174285935221503e-13,0.053149567852104555,False,direct_vp,global_exact_spherical_vp,main_single_proposed,True,a1bf553d969c49f0,adaptive_jones,cpu,False,,numpy,numpy.linalg.solve,fixed_pol_anchor,True,fixed_anchor_then_adaptive_jones_score_selection,fixed_pol_anchor,0.4062459058858087,3.4342567432139224,2.095944193119171,0.0,True,3,4,3096725.458075429,3185231.54050125,"[0.4062459058858087,3.4342567432139224,2.4473299302577813]","[2.461563268727889,0.2911838207706986,0.4086085768959729]","[3.8978584280427796e-07,1.996167302167748e-08,8.84683719772095e-07]",direct_vp,[],3095481.459513483,3096560,True,16081799.642666956,116.65304962266228,31.605659132504893,0.04546096361268616,"[5.010523475299873,5.0521221501936955,5.120778439411525]",170.73497784882784,156.58921539783478,328.56718926131725,nan,nan,nan,nan,False,,nan,,,nan,nan,nan,,,,,,,,8.725759297814907e-05,1.5575378911711365e-06,0.053149567852104555,nan,nan,nan,False,not_run,not_requested
fig2,PEB,76,125194699,5.0,snr_db,5.0,3,3,3,3,full_6d,125194699,,,nan,,False,,5.311443246901035,nan,nan,nan,nan,nan,nan,False,,,peb_only,False,9cd724c14c102275,,,,,,,adaptive_jones,True,fixed_anchor_then_adaptive_jones_score_selection,,nan,nan,nan,nan,True,,,nan,nan,,,,,[],nan,,,nan,nan,nan,nan,,nan,nan,nan,0.0002561942112868701,nan,nan,0.0002561942112868701,False,6b8d35b33f7212a697b02c68cfa098dd74c3e1f522985e34bcbd559db51c8fd8,0.053168361165718575,computed_unscaled,cpu,nan,nan,nan,,,,,,,,nan,nan,nan,nan,nan,nan,False,,
fig2,adaptive_jones_vp_proposed,16,1080178429,5.0,snr_db,5.0,3,3,3,3,full_6d,1080178429,,,nan,,False,,2223.4164528101683,4.770295757975472e-05,4.770295757975472e-05,5.91478890311398e-07,3.978198262356608e-05,5.602928827688814e-13,0.15208307008548053,False,direct_vp_rollback,global_exact_spherical_vp,main_single_proposed,True,e197ca08c3452dc0,adaptive_jones,cpu,False,,numpy,numpy.linalg.solve,fixed_pol_anchor,True,fixed_anchor_then_adaptive_jones_score_selection,fixed_pol_anchor,0.4996947294604296,62.938921105151515,21.440556563878047,0.0,True,3,4,3096725.458075429,3107160.7781000757,"[0.883053857022197,62.938921105151515,0.4996947294604296]","[1.1324337604631292,0.015888419794587355,2.0012218281335494]","[2.8615905256245075e-07,3.5824947222104504e-09,5.864818117961648e-08]",jnpp_then_vp,"[""poor_clock_consistency""]",3100975.130332072,3096560,False,27169539.910714235,87.54029742823467,12.194165820279741,0.1039759555062026,"[5.0214423506739045,5.186973044566427,4.936579570535179]",176.51536675542593,1914.185846477747,2091.9992024526,nan,nan,nan,nan,False,,nan,,,nan,nan,nan,,,,,,,,4.770295757975472e-05,5.91478890311398e-07,0.15208307008548053,4.770218652786904e-05,5.914800853409592e-07,0.15208307008548136,True,rollback,existing_selector_rollback
fig2,PEB,16,1080178429,5.0,snr_db,5.0,3,3,3,3,full_6d,1080178429,,,nan,,False,,5.1688427701592445,nan,nan,nan,nan,nan,nan,False,,,peb_only,False,c22498828e06d416,,,,,,,adaptive_jones,True,fixed_anchor_then_adaptive_jones_score_selection,,nan,nan,nan,nan,True,,,nan,nan,,,,,[],nan,,,nan,nan,nan,nan,,nan,nan,nan,0.00018657974469690617,nan,nan,0.00018657974469690617,False,2793ff1fce7242989610050dae2e9fefacb8b15f6d60bfd2b55605797f0e0ce8,0.15186732077486415,computed_unscaled,cpu,nan,nan,nan,,,,,,,,nan,nan,nan,nan,nan,nan,False,,
fig2,adaptive_jones_vp_proposed,78,3639033133,5.0,snr_db,5.0,3,3,3,3,full_6d,3639033133,,,nan,,False,,157.19444046914577,0.00011470827960797362,0.00011470827960797362,1.2953460771685094e-06,4.0519796843940586e-05,2.2331244669324767e-13,0.05437657840388499,False,direct_vp,global_exact_spherical_vp,main_single_proposed,True,7d45d909377b5b28,adaptive_jones,cpu,False,,numpy,numpy.linalg.solve,fixed_pol_anchor,True,fixed_anchor_then_adaptive_jones_score_selection,fixed_pol_anchor,0.4876977076760404,7.481724847051602,2.999036590577051,0.0,True,3,4,3096725.458075429,3099905.9046721295,"[1.0276872170035103,0.4876977076760404,7.481724847051602]","[0.9730587122750566,2.0504504824611054,0.1336590185332194]","[4.260479452191238e-07,6.055208791547682e-08,8.20926949337195e-08]",direct_vp,[],3098183.2786696334,3096560,True,16468386.25875016,93.67891759331445,24.303458466931307,0.016494528538183506,"[4.969004500135591,4.986658892243027,5.009304771223756]",171.08185905963182,150.88203950226307,323.27894043922424,nan,nan,nan,nan,False,,nan,,,nan,nan,nan,,,,,,,,0.00011470827960797362,1.2953460771685094e-06,0.05437657840388499,nan,nan,nan,False,not_run,not_requested
fig2,PEB,78,3639033133,5.0,snr_db,5.0,3,3,3,3,full_6d,3639033133,,,nan,,False,,5.106520928442478,nan,nan,nan,nan,nan,nan,False,,,peb_only,False,a9fc43a397959985,,,,,,,adaptive_jones,True,fixed_anchor_then_adaptive_jones_score_selection,,nan,nan,nan,nan,True,,,nan,nan,,,,,[],nan,,,nan,nan,nan,nan,,nan,nan,nan,0.0002488928272175963,nan,nan,0.0002488928272175963,False,775d9f1d6241dae7442a88dca0b3fa5d7751717fd8d49705eaa3b8cfda4ebb75,0.054348368867283996,computed_unscaled,cpu,nan,nan,nan,,,,,,,,nan,nan,nan,nan,nan,nan,False,,
fig2,adaptive_jones_vp_proposed,79,2511075941,5.0,snr_db,5.0,3,3,3,3,full_6d,2511075941,,,nan,,False,,158.26432240009308,6.458663820242397e-05,6.458663820242397e-05,1.634790195306352e-06,5.475202224608396e-05,6.351474261593013e-14,0.12692770165605283,False,direct_vp,global_exact_spherical_vp,main_single_proposed,True,6452f29d916a553b,adaptive_jones,cpu,False,,numpy,numpy.linalg.solve,fixed_pol_anchor,True,fixed_anchor_then_adaptive_jones_score_selection,fixed_pol_anchor,0.38732264711799813,4.160264956594161,2.504441263939619,0.0,True,3,4,3096725.458075429,3107743.1150069786,"[2.965736188106698,0.38732264711799813,4.160264956594161]","[0.3371844077053348,2.5818268243296445,0.24036930590461694]","[1.1245363542395376e-08,2.1985604793192737e-07,8.209359593284775e-08]",direct_vp,[],3094959.895648299,3096560,True,15587376.450126177,90.42889217697613,25.300796799040107,0.010499705271604525,"[5.0221991998310935,5.02711921061024,5.046521096012804]",172.1683336570859,152.11868634074926,325.6323100477457,nan,nan,nan,nan,False,,nan,,,nan,nan,nan,,,,,,,,6.458663820242397e-05,1.634790195306352e-06,0.12692770165605283,nan,nan,nan,False,not_run,not_requested
fig2,PEB,79,2511075941,5.0,snr_db,5.0,3,3,3,3,full_6d,2511075941,,,nan,,False,,5.117592938244343,nan,nan,nan,nan,nan,nan,False,,,peb_only,False,7a053db50e540e45,,,,,,,adaptive_jones,True,fixed_anchor_then_adaptive_jones_score_selection,,nan,nan,nan,nan,True,,,nan,nan,,,,,[],nan,,,nan,nan,nan,nan,,nan,nan,nan,0.0002610082056101957,nan,nan,0.0002610082056101957,False,d1d2709e7ef7e78043678a9bd3afef4c60705c0eab0a43aa5b03783626c11549,0.12699397986899064,computed_unscaled,cpu,nan,nan,nan,,,,,,,,nan,nan,nan,nan,nan,nan,False,,
fig2,adaptive_jones_vp_proposed,29,1456316145,5.0,snr_db,5.0,3,3,3,3,full_6d,1456316145,,,nan,,False,,1892.1648926958442,9.635987686718173e-05,9.635987686718173e-05,1.457063877888202e-06,1.3870477664142558e-05,8.47450444146053e-13,0.18521566417973404,False,direct_vp,global_exact_spherical_vp,main_single_proposed,True,ca05135aed8523c4,adaptive_jones,cpu,False,,numpy,numpy.linalg.solve,fixed_pol_anchor,True,fixed_anchor_then_adaptive_jones_score_selection,fixed_pol_anchor,0.7355129253757892,2.2363274910024282,1.2362797744526852,0.0,True,3,4,3096725.458075429,3325632.5269802865,"[2.2363274910024282,0.7355129253757892,0.736998906979838]","[0.4471616988214531,1.3595954136201525,1.3568541154249225]","[8.432503765381234e-07,1.1950696375628714e-07,9.638883309779446e-08]",direct_vp,[],3096312.8753075697,3096560,True,27508284.373507608,77.3815160685267,32.33478890750743,0.07466155068649208,"[4.886255934411219,4.967382330488714,5.068764343970857]",197.73907952010632,1885.79376924783,2084.8593383058906,nan,nan,nan,nan,False,,nan,,,nan,nan,nan,,,,,,,,9.635987686718173e-05,1.457063877888202e-06,0.18521566417973404,nan,nan,nan,False,not_run,not_requested
fig2,PEB,29,1456316145,5.0,snr_db,5.0,3,3,3,3,full_6d,1456316145,,,nan,,False,,5.273431114852428,nan,nan,nan,nan,nan,nan,False,,,peb_only,False,c90e1e1b9603e39d,,,,,,,adaptive_jones,True,fixed_anchor_then_adaptive_jones_score_selection,,nan,nan,nan,nan,True,,,nan,nan,,,,,[],nan,,,nan,nan,nan,nan,,nan,nan,nan,0.00019190788238567834,nan,nan,0.00019190788238567834,False,d8fe45eb7ae04a0170dd7feb177c545054b10b09137abe9e9f00552ed53b5825,0.1852314038083288,computed_unscaled,cpu,nan,nan,nan,,,,,,,,nan,nan,nan,nan,nan,nan,False,,
fig2,adaptive_jones_vp_proposed,81,3893654042,5.0,snr_db,5.0,3,3,3,3,full_6d,3893654042,,,nan,,False,,155.44431640952826,0.0004877159805956243,0.0004877159805956243,2.2974058879830614e-06,0.0004365539756182227,1.1319598782779886e-12,0.21271332254874073,False,direct_vp,global_exact_spherical_vp,main_single_proposed,True,356b8a21d8eb0407,adaptive_jones,cpu,False,,numpy,numpy.linalg.solve,fixed_pol_anchor,True,fixed_anchor_then_adaptive_jones_score_selection,fixed_pol_anchor,0.33259698041035524,24.10177155592928,11.106771490431798,0.0,True,3,4,3096725.458075429,3096950.5422020955,"[8.885945934955762,24.10177155592928,0.33259698041035524]","[0.11253725909554417,0.041490726009718905,3.006641848539563]","[4.850469784875479e-07,5.043681030992688e-09,1.5020515863575975e-06]",direct_vp,[],3093708.9888037583,3096560,True,10730550.739658168,218.23048328161377,14.048035325438647,0.059368909786637475,"[4.9324432323897,5.077638903664635,4.997993635593427]",179.56737492978573,148.77811283618212,329.64196146279573,nan,nan,nan,nan,False,,nan,,,nan,nan,nan,,,,,,,,0.0004877159805956243,2.2974058879830614e-06,0.21271332254874073,nan,nan,nan,False,not_run,not_requested
fig2,PEB,81,3893654042,5.0,snr_db,5.0,3,3,3,3,full_6d,3893654042,,,nan,,False,,5.505862593650818,nan,nan,nan,nan,nan,nan,False,,,peb_only,False,61c59da1dd79f7e1,,,,,,,adaptive_jones,True,fixed_anchor_then_adaptive_jones_score_selection,,nan,nan,nan,nan,True,,,nan,nan,,,,,[],nan,,,nan,nan,nan,nan,,nan,nan,nan,0.0002443990671359007,nan,nan,0.0002443990671359007,False,7fdbdc32913dce5e44795d5b9a7446df6f3ff25cfdfe20eb33bdaf98d154febf,0.21291044887172203,computed_unscaled,cpu,nan,nan,nan,,,,,,,,nan,nan,nan,nan,nan,nan,False,,
fig2,adaptive_jones_vp_proposed,80,2843598472,5.0,snr_db,5.0,3,3,3,3,full_6d,2843598472,,,nan,,False,,169.93453069031239,0.0001183009449709279,0.0001183009449709279,2.10906529328257e-06,9.550887799320164e-05,2.386451191467637e-13,0.2154973496757815,False,direct_vp,global_exact_spherical_vp,main_single_proposed,True,272d7005a6dbc423,adaptive_jones,cpu,False,,numpy,numpy.linalg.solve,fixed_pol_anchor,True,fixed_anchor_then_adaptive_jones_score_selection,fixed_pol_anchor,0.595285307967768,2.9745148192822315,1.4820641429178734,0.0,True,3,4,3096725.458075429,3097423.039004945,"[0.8763923015036205,2.9745148192822315,0.595285307967768]","[1.1410415156356692,0.33618928153073774,1.6798667573592294]","[1.4120167794631377e-07,2.902710907264797e-08,1.637470705849375e-07]",direct_vp,[],3095592.903242768,3096560,True,27190867.062315512,66.7902463892932,29.54991428531612,0.07542506732929086,"[5.122092161328159,5.054408331796481,4.939373089374687]",187.56217777729034,163.38247349113226,352.27320596575737,nan,nan,nan,nan,False,,nan,,,nan,nan,nan,,,,,,,,0.0001183009449709279,2.10906529328257e-06,0.2154973496757815,nan,nan,nan,False,not_run,not_requested
fig2,PEB,80,2843598472,5.0,snr_db,5.0,3,3,3,3,full_6d,2843598472,,,nan,,False,,5.351321034133434,nan,nan,nan,nan,nan,nan,False,,,peb_only,False,b8e0698c539a3768,,,,,,,adaptive_jones,True,fixed_anchor_then_adaptive_jones_score_selection,,nan,nan,nan,nan,True,,,nan,nan,,,,,[],nan,,,nan,nan,nan,nan,,nan,nan,nan,0.00019495274385769303,nan,nan,0.00019495274385769303,False,ca96bdf8e3d74f1e490185f5b993e297e175166cef168c6fe33ef880dfc91c4e,0.21556578721013445,computed_unscaled,cpu,nan,nan,nan,,,,,,,,nan,nan,nan,nan,nan,nan,False,,
fig2,adaptive_jones_vp_proposed,84,3985341227,5.0,snr_db,5.0,3,3,3,3,full_6d,3985341227,,,nan,,False,,162.0233089029789,0.00015713325333242858,0.00015713325333242858,2.3440129741305123e-06,3.763921582671951e-05,1.319588013406839e-13,0.21980287992555855,False,direct_vp,global_exact_spherical_vp,main_single_proposed,True,20b0d47b92f15ddb,adaptive_jones,cpu,False,,numpy,numpy.linalg.solve,fixed_pol_anchor,True,fixed_anchor_then_adaptive_jones_score_selection,fixed_pol_anchor,0.4746478737019064,2.152119217062125,1.4457778722949588,0.0,True,3,4,3096725.458075429,3100122.4861828457,"[0.4746478737019064,1.7105665261208456,2.152119217062125]","[2.1068249862793156,0.5846016420454863,0.46465827360760986]","[1.5042680867485785e-07,8.515067072971512e-09,6.280543094052594e-08]",direct_vp,[],3093751.8108140184,3096560,True,15293489.699190006,108.56698455028885,27.98535636646121,0.015113829402476735,"[4.968370251669692,4.997337362213364,4.962888708482084]",168.3079102858901,155.52039109170437,325.10461665689945,nan,nan,nan,nan,False,,nan,,,nan,nan,nan,,,,,,,,0.00015713325333242858,2.3440129741305123e-06,0.21980287992555855,nan,nan,nan,False,not_run,not_requested
fig2,PEB,84,3985341227,5.0,snr_db,5.0,3,3,3,3,full_6d,3985341227,,,nan,,False,,5.453201308846474,nan,nan,nan,nan,nan,nan,False,,,peb_only,False,7511d30e27d5874b,,,,,,,adaptive_jones,True,fixed_anchor_then_adaptive_jones_score_selection,,nan,nan,nan,nan,True,,,nan,nan,,,,,[],nan,,,nan,nan,nan,nan,,nan,nan,nan,0.00026157063261279286,nan,nan,0.00026157063261279286,False,763c74c3103c34dc91712b88cb00b247f3e9461f0fa66c55a5e9608e707daf96,0.2200035310942669,computed_unscaled,cpu,nan,nan,nan,,,,,,,,nan,nan,nan,nan,nan,nan,False,,
fig2,adaptive_jones_vp_proposed,77,4292676672,5.0,snr_db,5.0,3,3,3,3,full_6d,4292676672,,,nan,,False,,414.96864665299654,0.00011387038127318259,0.00011387038127318259,6.334296459070475e-07,6.698498669856666e-06,2.1681501501907291e-13,0.275871523316979,False,direct_vp,global_exact_spherical_vp,main_single_proposed,True,1951f3a9918a6dd0,adaptive_jones,cpu,False,,numpy,numpy.linalg.solve,fixed_pol_anchor,True,fixed_anchor_then_adaptive_jones_score_selection,fixed_pol_anchor,0.4654824147454571,69.0129575121129,23.48917893570172,0.0,True,3,4,3096725.458075429,3097004.993049593,"[0.4654824147454571,69.0129575121129,0.9890968802468101]","[2.14830886908235,0.014490032538534096,1.0110233082015991]","[1.3345552641614755e-07,3.588984479514722e-09,5.504350129669212e-07]",direct_vp,"[""poor_clock_consistency""]",3093758.1913507152,3096560,True,21883900.001981884,87.76026701810893,14.121197885949464,0.16559064962156153,"[4.961497925720515,5.308236794975089,4.952602986427793]",179.05707846581936,408.45279677957296,588.8308715820312,nan,nan,nan,nan,False,,nan,,,nan,nan,nan,,,,,,,,0.00011387038127318259,6.334296459070475e-07,0.275871523316979,nan,nan,nan,False,not_run,not_requested
fig2,PEB,77,4292676672,5.0,snr_db,5.0,3,3,3,3,full_6d,4292676672,,,nan,,False,,5.347436241805553,nan,nan,nan,nan,nan,nan,False,,,peb_only,False,45f19b66027cedbc,,,,,,,adaptive_jones,True,fixed_anchor_then_adaptive_jones_score_selection,,nan,nan,nan,nan,True,,,nan,nan,,,,,[],nan,,,nan,nan,nan,nan,,nan,nan,nan,0.00022266872345384062,nan,nan,0.00022266872345384062,False,f60a4ab9705635604ca71e7bb7f90055bd716281a75d4d93b7beab9eb08c99af,0.2761227883210337,computed_unscaled,cpu,nan,nan,nan,,,,,,,,nan,nan,nan,nan,nan,nan,False,,
fig2,adaptive_jones_vp_proposed,85,2249164774,5.0,snr_db,5.0,3,3,3,3,full_6d,2249164774,,,nan,,False,,173.71314246207476,0.00011163379418922852,0.00011163379418922852,1.686727235183777e-06,1.8174030266188457e-05,3.975292900040302e-14,0.08137226007080342,False,direct_vp,global_exact_spherical_vp,main_single_proposed,True,c8f265410290bb02,adaptive_jones,cpu,False,,numpy,numpy.linalg.solve,fixed_pol_anchor,True,fixed_anchor_then_adaptive_jones_score_selection,fixed_pol_anchor,0.7294660991995898,1.5453576076705042,1.0524186210180653,0.0,True,3,4,3096725.458075429,3099745.8967316477,"[1.5453576076705042,0.8824321561841016,0.7294660991995898]","[0.6470994124821827,1.133231595189611,1.3708656250050897]","[4.3977819760628004e-07,5.521780503347201e-08,5.879717403338883e-07]",direct_vp,[],3096524.32633568,3096560,True,25787730.74086057,66.62625600898068,32.86147834202328,0.023135351486069274,"[4.970907859146497,5.002711955489619,5.027429789021183]",174.1473824456334,167.45418420433998,342.92193285375834,nan,nan,nan,nan,False,,nan,,,nan,nan,nan,,,,,,,,0.00011163379418922852,1.686727235183777e-06,0.08137226007080342,nan,nan,nan,False,not_run,not_requested
fig2,PEB,85,2249164774,5.0,snr_db,5.0,3,3,3,3,full_6d,2249164774,,,nan,,False,,5.336197085678577,nan,nan,nan,nan,nan,nan,False,,,peb_only,False,72e3816b0e5b8f0e,,,,,,,adaptive_jones,True,fixed_anchor_then_adaptive_jones_score_selection,,nan,nan,nan,nan,True,,,nan,nan,,,,,[],nan,,,nan,nan,nan,nan,,nan,nan,nan,0.00020094436830757567,nan,nan,0.00020094436830757567,False,d2813a00a2d0760dea2dc8be475dff9a47f414a15a39f0f8b76a2c0e1d6af5ec,0.08137361798128909,computed_unscaled,cpu,nan,nan,nan,,,,,,,,nan,nan,nan,nan,nan,nan,False,,
fig2,adaptive_jones_vp_proposed,86,2710333116,5.0,snr_db,5.0,3,3,3,3,full_6d,2710333116,,,nan,,False,,161.48835613578558,0.00018128983049198048,0.00018128983049198048,1.3513268670304043e-06,3.212630190549202e-05,1.109782922464852e-12,0.05315358506025434,False,direct_vp,global_exact_spherical_vp,main_single_proposed,True,37b35fa2860b2c42,adaptive_jones,cpu,False,,numpy,numpy.linalg.solve,fixed_pol_anchor,True,fixed_anchor_then_adaptive_jones_score_selection,fixed_pol_anchor,0.409891956780395,6.488348884583518,2.8934469104339544,0.0,True,3,4,3096725.458075429,3110684.9808721975,"[0.409891956780395,6.488348884583518,1.7820998899379499]","[2.4396672914842124,0.1541224150830633,0.561135773389805]","[1.979901436189777e-07,2.2552578827334367e-08,3.487421393325581e-07]",direct_vp,[],3094679.731123281,3096560,True,17039647.52840984,112.87023020390697,30.605184051375883,0.04890601874447336,"[5.049758487906573,5.1188166883002655,4.999515436241826]",181.91653379797935,154.89175478368998,338.09002651274204,nan,nan,nan,nan,False,,nan,,,nan,nan,nan,,,,,,,,0.00018128983049198048,1.3513268670304043e-06,0.05315358506025434,nan,nan,nan,False,not_run,not_requested
fig2,PEB,86,2710333116,5.0,snr_db,5.0,3,3,3,3,full_6d,2710333116,,,nan,,False,,5.396070130169392,nan,nan,nan,nan,nan,nan,False,,,peb_only,False,c028c8700be63422,,,,,,,adaptive_jones,True,fixed_anchor_then_adaptive_jones_score_selection,,nan,nan,nan,nan,True,,,nan,nan,,,,,[],nan,,,nan,nan,nan,nan,,nan,nan,nan,0.0002523654375243088,nan,nan,0.0002523654375243088,False,3a54fb3766786593be45a3a051de7709f83ecc3b2e8854a667fc53103d577f6b,0.05318615498599564,computed_unscaled,cpu,nan,nan,nan,,,,,,,,nan,nan,nan,nan,nan,nan,False,,
fig2,adaptive_jones_vp_proposed,33,3489193506,5.0,snr_db,5.0,3,3,3,3,full_6d,3489193506,,,nan,,False,,2058.7885124906898,5.6007648154090384e-05,5.6007648154090384e-05,1.113897712043609e-06,3.6713615050775676e-05,1.1867647559040548e-13,0.15874093357104171,False,direct_vp,global_exact_spherical_vp,main_single_proposed,True,a0034fa9a4f1d599,adaptive_jones,cpu,False,,numpy,numpy.linalg.solve,fixed_pol_anchor,True,fixed_anchor_then_adaptive_jones_score_selection,fixed_pol_anchor,0.7340586173946637,1.8133214853242532,1.1139716820741088,0.0,True,3,4,3096725.458075429,3455793.8914903104,"[0.7340586173946637,1.8133214853242532,0.7945349435034091]","[1.3622890274737007,0.5514741914721037,1.25859788568873]","[4.28205006014106e-07,7.901729634445872e-08,2.4278789990825614e-07]",direct_vp,[],3094849.8704579435,3096560,True,24623823.020330437,79.35612469833357,31.899886385412753,0.040396433640608714,"[4.968755609409307,5.025545808775287,5.067326048570917]",141.90784917771816,2052.4635278508067,2195.632518596947,nan,nan,nan,nan,False,,nan,,,nan,nan,nan,,,,,,,,5.6007648154090384e-05,1.113897712043609e-06,0.15874093357104171,nan,nan,nan,False,not_run,not_requested
fig2,PEB,33,3489193506,5.0,snr_db,5.0,3,3,3,3,full_6d,3489193506,,,nan,,False,,5.169018045067787,nan,nan,nan,nan,nan,nan,False,,,peb_only,False,cfd7e42fd8181e7a,,,,,,,adaptive_jones,True,fixed_anchor_then_adaptive_jones_score_selection,,nan,nan,nan,nan,True,,,nan,nan,,,,,[],nan,,,nan,nan,nan,nan,,nan,nan,nan,0.00020617645993753684,nan,nan,0.00020617645993753684,False,76527bb9436024da57d5b3c4ee115c2d9eeebd7e9b24b99b40e819fe3069631e,0.15882947014840082,computed_unscaled,cpu,nan,nan,nan,,,,,,,,nan,nan,nan,nan,nan,nan,False,,
fig2,adaptive_jones_vp_proposed,87,3576217426,5.0,snr_db,5.0,3,3,3,3,full_6d,3576217426,,,nan,,False,,156.84313771873713,0.00012485982431252767,0.00012485982431252767,1.6860246926153784e-06,9.519941602029415e-05,2.636211309879938e-13,0.02093657225226946,False,direct_vp,global_exact_spherical_vp,main_single_proposed,True,be83866524b2fa0a,adaptive_jones,cpu,False,,numpy,numpy.linalg.solve,fixed_pol_anchor,True,fixed_anchor_then_adaptive_jones_score_selection,fixed_pol_anchor,0.5171277751682579,3.7213916817708803,1.7577158235826575,0.0,True,3,4,3096725.458075429,3145660.2922479166,"[0.5171277751682579,1.0346280138088346,3.7213916817708803]","[1.9337580536533987,0.9665309528181136,0.2687166752413478]","[4.2400524951101023e-07,1.3119926386870813e-07,4.658320007230381e-08]",direct_vp,[],3094137.5537304548,3096560,True,14478835.527374538,103.98377421502958,26.713011981391784,0.05477628612014232,"[4.99246020586078,5.000692281300099,4.880597100862916]",182.2163321301341,150.27186916023493,333.8570925667882,nan,nan,nan,nan,False,,nan,,,nan,nan,nan,,,,,,,,0.00012485982431252767,1.6860246926153784e-06,0.02093657225226946,nan,nan,nan,False,not_run,not_requested
fig2,PEB,87,3576217426,5.0,snr_db,5.0,3,3,3,3,full_6d,3576217426,,,nan,,False,,5.39302834123373,nan,nan,nan,nan,nan,nan,False,,,peb_only,False,1ccb6ef059e09c2a,,,,,,,adaptive_jones,True,fixed_anchor_then_adaptive_jones_score_selection,,nan,nan,nan,nan,True,,,nan,nan,,,,,[],nan,,,nan,nan,nan,nan,,nan,nan,nan,0.00026691906588869956,nan,nan,0.00026691906588869956,False,66c908d686e5b626f41743ba5f1b64294d5b4f17110f5310f3926b121f412ca0,0.020953072070270137,computed_unscaled,cpu,nan,nan,nan,,,,,,,,nan,nan,nan,nan,nan,nan,False,,
fig2,adaptive_jones_vp_proposed,88,2932252539,5.0,snr_db,5.0,3,3,3,3,full_6d,2932252539,,,nan,,False,,177.25061057507992,0.00031006787227420997,0.00031006787227420997,1.833684496283362e-06,5.6977233240230495e-05,1.1650172319646949e-14,0.12377067389485223,False,direct_vp,global_exact_spherical_vp,main_single_proposed,True,49a5d7ae5d0bdd8b,adaptive_jones,cpu,False,,numpy,numpy.linalg.solve,fixed_pol_anchor,True,fixed_anchor_then_adaptive_jones_score_selection,fixed_pol_anchor,0.6264381136832246,1.787562070079066,1.1354374856149088,0.0,True,3,4,3096725.458075429,3098516.8205001447,"[0.9923122730824357,1.787562070079066,0.6264381136832246]","[1.007747285935194,0.5594211338093459,1.5963268807508266]","[8.826290474115382e-07,4.701245491262517e-08,5.135602214841247e-07]",direct_vp,[],3097638.04788055,3096560,True,26900036.380817432,71.29874580896542,30.0756657500447,0.028642698050808657,"[5.058302382132586,5.013073768071828,4.989238123165296]",177.68180756270885,170.9139414653182,349.91539566218853,nan,nan,nan,nan,False,,nan,,,nan,nan,nan,,,,,,,,0.00031006787227420997,1.833684496283362e-06,0.12377067389485223,nan,nan,nan,False,not_run,not_requested
fig2,PEB,88,2932252539,5.0,snr_db,5.0,3,3,3,3,full_6d,2932252539,,,nan,,False,,5.357740767300129,nan,nan,nan,nan,nan,nan,False,,,peb_only,False,d7a45b2166ca4f6c,,,,,,,adaptive_jones,True,fixed_anchor_then_adaptive_jones_score_selection,,nan,nan,nan,nan,True,,,nan,nan,,,,,[],nan,,,nan,nan,nan,nan,,nan,nan,nan,0.0001945178338826324,nan,nan,0.0001945178338826324,False,026935debd21c4cd81fb47190ca8eeaf89621d3b1a455ec08b231cab8f8cd44e,0.12372823821326115,computed_unscaled,cpu,nan,nan,nan,,,,,,,,nan,nan,nan,nan,nan,nan,False,,
fig2,adaptive_jones_vp_proposed,90,4175219143,5.0,snr_db,5.0,3,3,3,3,full_6d,4175219143,,,nan,,False,,165.81771347671747,2.6621274648364962e-05,2.6621274648364962e-05,1.2182883645348748e-06,1.9489549468206038e-05,8.705165743821859e-13,0.028537793851034908,False,direct_vp,global_exact_spherical_vp,main_single_proposed,True,275fe8936e4a9afe,adaptive_jones,cpu,False,,numpy,numpy.linalg.solve,fixed_pol_anchor,True,fixed_anchor_then_adaptive_jones_score_selection,fixed_pol_anchor,0.5061100817861257,7.061275836100909,2.8399496770010266,0.0,True,3,4,3096725.458075429,3099049.815904053,"[0.9524631131160448,0.5061100817861257,7.061275836100909]","[1.0499094256023025,1.975854731979195,0.14161746732515665]","[8.04973943760006e-07,3.016062409017625e-08,6.571171680258598e-07]",direct_vp,[],3092814.258959102,3096560,True,15903977.017731672,99.88633587641574,24.1333241764531,0.04221262963607873,"[4.979910887387734,4.975234190416023,5.067027409270369]",161.39261566847563,159.5103474035859,322.1687764748931,nan,nan,nan,nan,False,,nan,,,nan,nan,nan,,,,,,,,2.6621274648364962e-05,1.2182883645348748e-06,0.028537793851034908,nan,nan,nan,False,not_run,not_requested
fig2,PEB,90,4175219143,5.0,snr_db,5.0,3,3,3,3,full_6d,4175219143,,,nan,,False,,5.007065497338772,nan,nan,nan,nan,nan,nan,False,,,peb_only,False,ba0366851de43cc0,,,,,,,adaptive_jones,True,fixed_anchor_then_adaptive_jones_score_selection,,nan,nan,nan,nan,True,,,nan,nan,,,,,[],nan,,,nan,nan,nan,nan,,nan,nan,nan,0.00025394032676889707,nan,nan,0.00025394032676889707,False,6333c10944794ce04d692bf5cb56023e51f4bf1ac8d7f2df89dad974bd0e5c09,0.028572503918099283,computed_unscaled,cpu,nan,nan,nan,,,,,,,,nan,nan,nan,nan,nan,nan,False,,
fig2,adaptive_jones_vp_proposed,36,3263447461,5.0,snr_db,5.0,3,3,3,3,full_6d,3263447461,,,nan,,False,,2021.6996346786618,0.00021607491447427765,0.00021607491447427765,2.1832764276604715e-06,0.0001406430043506935,5.505899759534553e-14,0.0774422163117893,False,direct_vp_rollback,global_exact_spherical_vp,main_single_proposed,True,5a892d4c818815eb,adaptive_jones,cpu,False,,numpy,numpy.linalg.solve,fixed_pol_anchor,True,fixed_anchor_then_adaptive_jones_score_selection,fixed_pol_anchor,0.38762043548723496,95.33010418171126,32.49030272718867,0.0,True,3,4,3096725.458075429,7584176.470417667,"[1.753183564367499,95.33010418171126,0.38762043548723496]","[0.5703909278655711,0.010489865803550819,2.5798433427345553]","[8.143387278451654e-07,6.395314457197338e-07,1.5693733720905785e-06]",jnpp_then_vp,[],3101086.1499764468,3096560,False,24501769.06070478,90.29943914999879,15.27923146855655,0.030529697376206328,"[5.002947451322115,5.054866753323123,4.982296261756626]",161.552753649652,1754.2466252744198,1917.100772447884,nan,nan,nan,nan,False,,nan,,,nan,nan,nan,,,,,,,,0.00021607491447427765,2.1832764276604715e-06,0.0774422163117893,0.00021607561712579416,2.1832787539967683e-06,0.07744221631178934,True,rollback,existing_selector_rollback
fig2,PEB,36,3263447461,5.0,snr_db,5.0,3,3,3,3,full_6d,3263447461,,,nan,,False,,5.245873689651489,nan,nan,nan,nan,nan,nan,False,,,peb_only,False,30a845bf0c1b435b,,,,,,,adaptive_jones,True,fixed_anchor_then_adaptive_jones_score_selection,,nan,nan,nan,nan,True,,,nan,nan,,,,,[],nan,,,nan,nan,nan,nan,,nan,nan,nan,0.00017904723747165207,nan,nan,0.00017904723747165207,False,44da4b062737b51be35373567f8e2b8ed08b76fc869f23df282060a8ccb40d9b,0.0773295860934778,computed_unscaled,cpu,nan,nan,nan,,,,,,,,nan,nan,nan,nan,nan,nan,False,,
fig2,adaptive_jones_vp_proposed,9,3933360494,5.0,snr_db,5.0,3,3,3,3,full_6d,3933360494,,,nan,,False,,2890.348720178008,5.662101495119385e-05,5.662101495119385e-05,1.6118045284800082e-06,1.4222298201098885e-05,2.0756486530607422e-13,0.037669894455623874,False,direct_vp,global_exact_spherical_vp,main_single_proposed,True,1268177dfb354b48,adaptive_jones,cpu,False,,numpy,numpy.linalg.solve,fixed_pol_anchor,True,fixed_anchor_then_adaptive_jones_score_selection,fixed_pol_anchor,0.7039197979678713,1.1947165753330424,1.0010658295950352,0.0,True,3,4,3096725.458075429,4036777.6348737297,"[0.7039197979678713,1.1947165753330424,1.1045611154841917]","[1.4206163868187418,0.8370186039480054,0.9053369578020487]","[4.052007402081106e-07,3.6008299655561975e-06,8.93602141640805e-07]",direct_vp,[],3096586.574428075,3096560,True,22830519.55824606,76.99765366273235,32.90997555035969,0.030675250183529918,"[5.046217850728893,4.9810950081289125,4.981196748115414]",163.49213597923517,2883.9479560106993,3048.677654094994,nan,nan,nan,nan,False,,nan,,,nan,nan,nan,,,,,,,,5.662101495119385e-05,1.6118045284800082e-06,0.037669894455623874,nan,nan,nan,False,not_run,not_requested
fig2,PEB,9,3933360494,5.0,snr_db,5.0,3,3,3,3,full_6d,3933360494,,,nan,,False,,5.1173775643110275,nan,nan,nan,nan,nan,nan,False,,,peb_only,False,994476823fe4cb0d,,,,,,,adaptive_jones,True,fixed_anchor_then_adaptive_jones_score_selection,,nan,nan,nan,nan,True,,,nan,nan,,,,,[],nan,,,nan,nan,nan,nan,,nan,nan,nan,0.00021394930995070362,nan,nan,0.00021394930995070362,False,2f009590b628473d7acf259cec76359e96ba2256fe333ef7c1514fe7022a67d5,0.0376697658179837,computed_unscaled,cpu,nan,nan,nan,,,,,,,,nan,nan,nan,nan,nan,nan,False,,
fig2,adaptive_jones_vp_proposed,91,3347136468,5.0,snr_db,5.0,3,3,3,3,full_6d,3347136468,,,nan,,False,,173.87851199507713,9.310208172965747e-05,9.310208172965747e-05,1.556771085090892e-06,8.282709345342401e-05,8.493045062674795e-14,0.07799338247568834,False,direct_vp,global_exact_spherical_vp,main_single_proposed,True,54713b869550e441,adaptive_jones,cpu,False,,numpy,numpy.linalg.solve,fixed_pol_anchor,True,fixed_anchor_then_adaptive_jones_score_selection,fixed_pol_anchor,0.36973385438962175,7.672130107906638,3.717990361562743,0.0,True,3,4,3096725.458075429,3120412.246948661,"[3.1121071223919703,7.672130107906638,0.36973385438962175]","[0.32132570013473266,0.13034189800323662,2.7046481898458787]","[1.87811064408526e-07,4.6604393591337246e-08,1.1064012204568808e-06]",direct_vp,"[""poor_clock_consistency""]",3098743.345739994,3096560,True,21683521.436522815,113.19584074749683,23.63128118071946,0.10039927118777946,"[4.859573280429767,5.080054792871332,5.064159086606961]",188.0420571938157,167.45284020155668,356.78565764427185,nan,nan,nan,nan,False,,nan,,,nan,nan,nan,,,,,,,,9.310208172965747e-05,1.556771085090892e-06,0.07799338247568834,nan,nan,nan,False,not_run,not_requested
fig2,PEB,91,3347136468,5.0,snr_db,5.0,3,3,3,3,full_6d,3347136468,,,nan,,False,,5.368141457438469,nan,nan,nan,nan,nan,nan,False,,,peb_only,False,2f9cec15d1bd1ea6,,,,,,,adaptive_jones,True,fixed_anchor_then_adaptive_jones_score_selection,,nan,nan,nan,nan,True,,,nan,nan,,,,,[],nan,,,nan,nan,nan,nan,,nan,nan,nan,0.00019211923055776982,nan,nan,0.00019211923055776982,False,64607f16edc43d908c3fdfcf5a1ab43160e4a3b90bfd0c732196f2f9ce351b74,0.07793883177355007,computed_unscaled,cpu,nan,nan,nan,,,,,,,,nan,nan,nan,nan,nan,nan,False,,
fig2,adaptive_jones_vp_proposed,92,971995857,5.0,snr_db,5.0,3,3,3,3,full_6d,971995857,,,nan,,False,,154.41284227371216,3.989314420002796e-05,3.989314420002796e-05,5.716577528199117e-07,1.08738885602313e-05,9.982416811076808e-14,0.16980428373867215,False,direct_vp,global_exact_spherical_vp,main_single_proposed,True,b9577c7152299311,adaptive_jones,cpu,False,,numpy,numpy.linalg.solve,fixed_pol_anchor,True,fixed_anchor_then_adaptive_jones_score_selection,fixed_pol_anchor,0.4430555052971544,9.152908851535328,3.6166819109133446,0.0,True,3,4,3096725.458075429,3099444.656851125,"[9.152908851535328,1.2540813759075524,0.4430555052971544]","[0.1092548845630758,0.7973964203679103,2.2570535475659277]","[3.6115834363871304e-07,1.146863212015112e-07,1.604931261503599e-06]",direct_vp,[],3097912.8702753307,3096560,True,26293788.366750453,80.20555017449715,23.103013818933857,0.09630631420830472,"[4.809411569120847,4.988810103264763,5.031772820815417]",182.3339452445507,147.92058736085892,331.54912336170673,nan,nan,nan,nan,False,,nan,,,nan,nan,nan,,,,,,,,3.989314420002796e-05,5.716577528199117e-07,0.16980428373867215,nan,nan,nan,False,not_run,not_requested
fig2,PEB,92,971995857,5.0,snr_db,5.0,3,3,3,3,full_6d,971995857,,,nan,,False,,5.501891493797302,nan,nan,nan,nan,nan,nan,False,,,peb_only,False,48cb42b9e4156b12,,,,,,,adaptive_jones,True,fixed_anchor_then_adaptive_jones_score_selection,,nan,nan,nan,nan,True,,,nan,nan,,,,,[],nan,,,nan,nan,nan,nan,,nan,nan,nan,0.00017934646857743913,nan,nan,0.00017934646857743913,False,414dc620a83beefed3505e1c54ca50570728cbcfef97d68ab55ee64715d67776,0.16973100656495557,computed_unscaled,cpu,nan,nan,nan,,,,,,,,nan,nan,nan,nan,nan,nan,False,,
fig2,adaptive_jones_vp_proposed,94,3608384463,5.0,snr_db,5.0,3,3,3,3,full_6d,3608384463,,,nan,,False,,170.2268851622939,8.353134164934821e-05,8.353134164934821e-05,2.3987912163013164e-06,1.5778214588270764e-05,4.488782962462314e-13,0.14797165969950227,False,direct_vp,global_exact_spherical_vp,main_single_proposed,True,4574e7e8400c4931,adaptive_jones,cpu,False,,numpy,numpy.linalg.solve,fixed_pol_anchor,True,fixed_anchor_then_adaptive_jones_score_selection,fixed_pol_anchor,0.4273239165142762,4.82297549866897,2.2937367735592287,0.0,True,3,4,3096725.458075429,3165742.6607969054,"[1.6309109054944395,0.4273239165142762,4.82297549866897]","[0.6131542787711027,2.3401451717392097,0.20734088329313594]","[5.936066791571373e-06,1.7455109200149533e-08,9.792091136683459e-09]",direct_vp,[],3098716.764178883,3096560,True,18137670.18448166,101.83514986345347,21.448021095106714,0.035272219373487956,"[5.067834373790851,5.023695056818598,5.110087130455344]",173.76032378524542,163.69819300621748,338.7367197871208,nan,nan,nan,nan,False,,nan,,,nan,nan,nan,,,,,,,,8.353134164934821e-05,2.3987912163013164e-06,0.14797165969950227,nan,nan,nan,False,not_run,not_requested
fig2,PEB,94,3608384463,5.0,snr_db,5.0,3,3,3,3,full_6d,3608384463,,,nan,,False,,5.438572183251381,nan,nan,nan,nan,nan,nan,False,,,peb_only,False,79b70cd191caacf1,,,,,,,adaptive_jones,True,fixed_anchor_then_adaptive_jones_score_selection,,nan,nan,nan,nan,True,,,nan,nan,,,,,[],nan,,,nan,nan,nan,nan,,nan,nan,nan,0.00023966328342628877,nan,nan,0.00023966328342628877,False,ef18bf3cff118d7dc1efd356b9a296459495c6f9c6bb71ac5354d9f7a0cabc56,0.14786943272857145,computed_unscaled,cpu,nan,nan,nan,,,,,,,,nan,nan,nan,nan,nan,nan,False,,
fig2,adaptive_jones_vp_proposed,95,1902842209,5.0,snr_db,5.0,3,3,3,3,full_6d,1902842209,,,nan,,False,,159.68592469394207,0.0002363422434003907,0.0002363422434003907,2.2383327087640808e-06,0.00013382252821808174,7.697721282416046e-13,0.08949131194188134,False,direct_vp,global_exact_spherical_vp,main_single_proposed,True,7f74f22a40c682d7,adaptive_jones,cpu,False,,numpy,numpy.linalg.solve,fixed_pol_anchor,True,fixed_anchor_then_adaptive_jones_score_selection,fixed_pol_anchor,0.3908469431799334,16.217534893596994,6.144292336029404,0.0,True,3,4,3096725.458075429,3115055.617235832,"[16.217534893596994,1.8244951713112831,0.3908469431799334]","[0.06166165243637628,0.5480968191762686,2.5585462991308114]","[3.1439124427650534e-07,1.4284386715886325e-07,5.876557941160881e-07]",direct_vp,[],3094777.01605284,3096560,True,22426338.93248589,97.69881989769992,16.393411113546556,0.05424596163204439,"[4.956424396820808,5.08924854974751,5.026017336329248]",172.50999988615513,153.23041751235723,327.0347227230668,nan,nan,nan,nan,False,,nan,,,nan,nan,nan,,,,,,,,0.0002363422434003907,2.2383327087640808e-06,0.08949131194188134,nan,nan,nan,False,not_run,not_requested
fig2,PEB,95,1902842209,5.0,snr_db,5.0,3,3,3,3,full_6d,1902842209,,,nan,,False,,5.296343244612217,nan,nan,nan,nan,nan,nan,False,,,peb_only,False,54af76e34a6f7f00,,,,,,,adaptive_jones,True,fixed_anchor_then_adaptive_jones_score_selection,,nan,nan,nan,nan,True,,,nan,nan,,,,,[],nan,,,nan,nan,nan,nan,,nan,nan,nan,0.00018502379563828706,nan,nan,0.00018502379563828706,False,76a18cb09eabd2843f7f18de70d1414c840c1b810997a8411f8aedb26f349b2f,0.0895433329543028,computed_unscaled,cpu,nan,nan,nan,,,,,,,,nan,nan,nan,nan,nan,nan,False,,
fig2,adaptive_jones_vp_proposed,0,3147786918,10.0,snr_db,10.0,3,3,3,3,full_6d,3147786918,,,nan,,False,,160.01294338703156,0.0001176989394554334,0.0001176989394554334,2.5936219933129274e-07,1.8138282547932017e-05,9.928785434709955e-14,0.03963112900885161,False,direct_vp,global_exact_spherical_vp,main_single_proposed,True,46f762f58daa5de3,adaptive_jones,cpu,False,,numpy,numpy.linalg.solve,fixed_pol_anchor,True,fixed_anchor_then_adaptive_jones_score_selection,fixed_pol_anchor,0.18694759424365617,0.729584791264135,0.4063865047443774,0.0,True,3,4,3096725.458075429,3112255.503444759,"[0.729584791264135,0.18694759424365617,0.3026271287253411]","[1.3706426065524104,5.349092637675099,3.3043964175045235]","[9.245961092954981e-08,4.5575261005970586e-08,3.948527894337113e-07]",direct_vp,[],3095469.8179415516,3096560,True,82254383.1269439,69.81647194035841,57.727813203077325,0.007758291654363685,"[5.000718181959905,4.981718633799398,4.991568807003802]",172.21773988753557,153.748550593853,327.29972925782204,nan,nan,nan,nan,False,,nan,,,nan,nan,nan,,,,,,,,0.0001176989394554334,2.5936219933129274e-07,0.03963112900885161,nan,nan,nan,False,not_run,not_requested
fig2,PEB,0,3147786918,10.0,snr_db,10.0,3,3,3,3,full_6d,3147786918,,,nan,,False,,5.226500041782856,nan,nan,nan,nan,nan,nan,False,,,peb_only,False,1f5c62ddf748dcd0,,,,,,,adaptive_jones,True,fixed_anchor_then_adaptive_jones_score_selection,,nan,nan,nan,nan,True,,,nan,nan,,,,,[],nan,,,nan,nan,nan,nan,,nan,nan,nan,0.0001129316608688006,nan,nan,0.0001129316608688006,False,7c738a48c71d396c30709f16037cef480e872ff8eba0c095999cea8980974cb0,0.03964529139661309,computed_unscaled,cpu,nan,nan,nan,,,,,,,,nan,nan,nan,nan,nan,nan,False,,
fig2,adaptive_jones_vp_proposed,3,3422926171,10.0,snr_db,10.0,3,3,3,3,full_6d,3422926171,,,nan,,False,,112.86558073014021,0.00016301900920903117,0.00016301900920903117,1.1423686404335744e-06,7.535785260074458e-05,4.001507858329956e-13,0.027814473024448654,False,direct_vp,global_exact_spherical_vp,main_single_proposed,True,bc2871e7ae6b19f5,adaptive_jones,cpu,False,,numpy,numpy.linalg.solve,fixed_pol_anchor,True,fixed_anchor_then_adaptive_jones_score_selection,fixed_pol_anchor,0.21087478037467322,0.8744193457880025,0.44274157781808476,0.0,True,3,4,3096725.458075429,3096790.8716056207,"[0.8744193457880025,0.24293060729157853,0.21087478037467322]","[1.1436160519732705,4.116401844743683,4.742150759910845]","[2.3967403137094907e-07,3.0607761245891645e-08,8.847340872616187e-08]",direct_vp,[],3097490.075763877,3096560,True,85549328.18464547,79.30691444674149,44.6563469890979,0.020642448169355787,"[4.978466662096237,4.978800984046651,5.022422111123565]",173.99359855800867,106.33579687029123,281.67457293719053,nan,nan,nan,nan,False,,nan,,,nan,nan,nan,,,,,,,,0.00016301900920903117,1.1423686404335744e-06,0.027814473024448654,nan,nan,nan,False,not_run,not_requested
fig2,PEB,3,3422926171,10.0,snr_db,10.0,3,3,3,3,full_6d,3422926171,,,nan,,False,,5.376201741397381,nan,nan,nan,nan,nan,nan,False,,,peb_only,False,032f8d4e27cdb2ca,,,,,,,adaptive_jones,True,fixed_anchor_then_adaptive_jones_score_selection,,nan,nan,nan,nan,True,,,nan,nan,,,,,[],nan,,,nan,nan,nan,nan,,nan,nan,nan,0.00010931293132064349,nan,nan,0.00010931293132064349,False,36031d2b9c9618797e3e0dd10eb5c7dda8abc129f14c8c8dd5b717980768d13b,0.027806264915607372,computed_unscaled,cpu,nan,nan,nan,,,,,,,,nan,nan,nan,nan,nan,nan,False,,
fig2,adaptive_jones_vp_proposed,1,112311654,10.0,snr_db,10.0,3,3,3,3,full_6d,112311654,,,nan,,False,,154.60976856201887,4.065038373945754e-05,4.065038373945754e-05,8.862826121432198e-07,3.180358707370951e-05,1.8611681335625e-13,0.030381711184540167,False,direct_vp,global_exact_spherical_vp,main_single_proposed,True,8355676c31e2af09,adaptive_jones,cpu,False,,numpy,numpy.linalg.solve,fixed_pol_anchor,True,fixed_anchor_then_adaptive_jones_score_selection,fixed_pol_anchor,0.12048599214672626,4.014701217185469,1.606784341568282,0.0,True,3,4,3096725.458075429,3206767.501444935,"[0.6851658153726502,0.12048599214672626,4.014701217185469]","[1.4595007187500029,8.299720010456424,0.2490845385243989]","[4.770664100299665e-09,8.191861113373018e-08,5.6467561008909695e-09]",direct_vp,[],3096430.0757178795,3096560,True,51131303.980515584,98.53732750390954,34.995781724238526,0.05130057759938702,"[5.000097990402604,4.99873235977449,4.890596642802548]",178.00107318162918,148.18873714655638,327.57895574718714,nan,nan,nan,nan,False,,nan,,,nan,nan,nan,,,,,,,,4.065038373945754e-05,8.862826121432198e-07,0.030381711184540167,nan,nan,nan,False,not_run,not_requested
fig2,PEB,1,112311654,10.0,snr_db,10.0,3,3,3,3,full_6d,112311654,,,nan,,False,,5.1704417541623116,nan,nan,nan,nan,nan,nan,False,,,peb_only,False,f933d73e2f1434f7,,,,,,,adaptive_jones,True,fixed_anchor_then_adaptive_jones_score_selection,,nan,nan,nan,nan,True,,,nan,nan,,,,,[],nan,,,nan,nan,nan,nan,,nan,nan,nan,0.00014365744851841219,nan,nan,0.00014365744851841219,False,e3b48bd20620d3b9b8ef02e72c1473ee968de0b883c8a7b45706956b70dd2349,0.03038314297188423,computed_unscaled,cpu,nan,nan,nan,,,,,,,,nan,nan,nan,nan,nan,nan,False,,
fig2,adaptive_jones_vp_proposed,48,3302385666,5.0,snr_db,5.0,3,3,3,3,full_6d,3302385666,,,nan,,False,,1875.8127462863922,0.00011204752834778305,0.00011204752834778305,2.1440987311121362e-06,8.381059899152924e-05,1.1637702452070394e-12,0.13124461418278946,False,direct_vp,global_exact_spherical_vp,main_single_proposed,True,c0b5ffc4336e9e30,adaptive_jones,cpu,False,,numpy,numpy.linalg.solve,fixed_pol_anchor,True,fixed_anchor_then_adaptive_jones_score_selection,fixed_pol_anchor,0.679548982840736,3.659681702767234,1.6836037610230281,0.0,True,3,4,3096725.458075429,3115213.58030011,"[0.7115805974611145,3.659681702767234,0.679548982840736]","[1.4053221849601303,0.27324780710852525,1.471564265785514]","[4.7232301078975965e-08,1.028800762767433e-08,4.2938329165466724e-07]",direct_vp,[],3092814.1163622774,3096560,True,25191601.091256063,73.54653785430375,36.708690527940604,0.018500481084544832,"[5.007308241233443,5.003215641822256,5.044347016353963]",182.61540143191814,1869.1394571512938,2053.087944164872,nan,nan,nan,nan,False,,nan,,,nan,nan,nan,,,,,,,,0.00011204752834778305,2.1440987311121362e-06,0.13124461418278946,nan,nan,nan,False,not_run,not_requested
fig2,PEB,48,3302385666,5.0,snr_db,5.0,3,3,3,3,full_6d,3302385666,,,nan,,False,,5.202407866716385,nan,nan,nan,nan,nan,nan,False,,,peb_only,False,fa323e15ee649812,,,,,,,adaptive_jones,True,fixed_anchor_then_adaptive_jones_score_selection,,nan,nan,nan,nan,True,,,nan,nan,,,,,[],nan,,,nan,nan,nan,nan,,nan,nan,nan,0.00020375798729268534,nan,nan,0.00020375798729268534,False,1b543152d623d7ef1c79c425645de2dcbaa35a96910d0ef3f1aa53205c46b486,0.13140425098864256,computed_unscaled,cpu,nan,nan,nan,,,,,,,,nan,nan,nan,nan,nan,nan,False,,
fig2,adaptive_jones_vp_proposed,31,3399679668,5.0,snr_db,5.0,3,3,3,3,full_6d,3399679668,,,nan,,False,,2402.724697686732,0.0002160560004047844,0.0002160560004047844,1.0471601357093111e-06,5.999398050255721e-05,1.9382771866230607e-13,0.12737654368751786,False,direct_vp_rollback,global_exact_spherical_vp,main_single_proposed,True,bcbdd2bd0efcb584,adaptive_jones,cpu,False,,numpy,numpy.linalg.solve,fixed_pol_anchor,True,fixed_anchor_then_adaptive_jones_score_selection,fixed_pol_anchor,0.5615916180688455,3.1570774163317807,1.5526318883133425,0.0,True,3,4,3096725.458075429,3096768.0830780016,"[0.5615916180688455,0.9392266305394011,3.1570774163317807]","[1.780653357039329,1.0647057562930868,0.3167486469681654]","[4.0251442058843274e-07,3.752107280468917e-08,6.771270690798363e-09]",jnpp_then_vp,[],3102844.3645020546,3096560,False,16918300.952990275,93.62637730530776,31.77624797838302,0.03199153207057458,"[4.991842182506628,5.0398903570970885,4.9622557181548625]",147.01171544194221,2077.8531272113323,2226.1920719072223,nan,nan,nan,nan,False,,nan,,,nan,nan,nan,,,,,,,,0.0002160560004047844,1.0471601357093111e-06,0.12737654368751786,0.00021605749797197276,1.0471622314997287e-06,0.12737654368751922,True,rollback,existing_selector_rollback
fig2,PEB,31,3399679668,5.0,snr_db,5.0,3,3,3,3,full_6d,3399679668,,,nan,,False,,5.199006028473377,nan,nan,nan,nan,nan,nan,False,,,peb_only,False,d8945205ca32dcee,,,,,,,adaptive_jones,True,fixed_anchor_then_adaptive_jones_score_selection,,nan,nan,nan,nan,True,,,nan,nan,,,,,[],nan,,,nan,nan,nan,nan,,nan,nan,nan,0.0002465018141063327,nan,nan,0.0002465018141063327,False,579f4d92d8c766cab7fa417a5175cd99bb36ab4a51df0f587cc9ea2e392b9def,0.1271192176630547,computed_unscaled,cpu,nan,nan,nan,,,,,,,,nan,nan,nan,nan,nan,nan,False,,
fig2,adaptive_jones_vp_proposed,93,3741086398,5.0,snr_db,5.0,3,3,3,3,full_6d,3741086398,,,nan,,False,,294.20069746673107,9.097387191416521e-05,9.097387191416521e-05,1.7645227476495568e-06,8.62580243108881e-06,4.789651564750577e-13,0.04701282103280716,False,direct_vp,global_exact_spherical_vp,main_single_proposed,True,cd6d5ec9837f5dd5,adaptive_jones,cpu,False,,numpy,numpy.linalg.solve,fixed_pol_anchor,True,fixed_anchor_then_adaptive_jones_score_selection,fixed_pol_anchor,0.4670565014621923,2.6547888646340336,1.5568358681729304,0.0,True,3,4,3096725.458075429,3096827.78695867,"[1.548662238422565,2.6547888646340336,0.4670565014621923]","[0.6457185919487716,0.37667778907728566,2.141068579216602]","[1.5454897875568634e-07,1.6237505159809539e-07,8.331995957046733e-07]",direct_vp,[],3096831.328632667,3096560,True,28475424.660933323,75.54095404743428,32.97658330312922,0.04287740803134318,"[5.057895826650351,4.953794030990851,4.993793512180261]",183.1440880522132,287.8735032826662,472.3790971264243,nan,nan,nan,nan,False,,nan,,,nan,nan,nan,,,,,,,,9.097387191416521e-05,1.7645227476495568e-06,0.04701282103280716,nan,nan,nan,False,not_run,not_requested
fig2,PEB,93,3741086398,5.0,snr_db,5.0,3,3,3,3,full_6d,3741086398,,,nan,,False,,5.1614551320672035,nan,nan,nan,nan,nan,nan,False,,,peb_only,False,1fbd596334c05001,,,,,,,adaptive_jones,True,fixed_anchor_then_adaptive_jones_score_selection,,nan,nan,nan,nan,True,,,nan,nan,,,,,[],nan,,,nan,nan,nan,nan,,nan,nan,nan,0.0001700032853902929,nan,nan,0.0001700032853902929,False,c0a81a3b83197cd9cfba67cbec7ea74e0bc1c6abbc0cc35f29e15ac8d0f81a14,0.047008944903293375,computed_unscaled,cpu,nan,nan,nan,,,,,,,,nan,nan,nan,nan,nan,nan,False,,
fig2,adaptive_jones_vp_proposed,2,3251202663,10.0,snr_db,10.0,3,3,3,3,full_6d,3251202663,,,nan,,False,,260.66515558958054,4.703470676820969e-05,4.703470676820969e-05,8.106684348096708e-07,3.626005730696663e-05,6.394024454756896e-14,0.022850568493572122,False,direct_vp,global_exact_spherical_vp,main_single_proposed,True,58bbff416e9f0b52,adaptive_jones,cpu,False,,numpy,numpy.linalg.solve,fixed_pol_anchor,True,fixed_anchor_then_adaptive_jones_score_selection,fixed_pol_anchor,0.21693753686118825,0.6136084981377712,0.3655068298294166,0.0,True,3,4,3096725.458075429,3096802.4999722587,"[0.6136084981377712,0.21693753686118825,0.26597445448929036]","[1.6297036351912781,4.6096218039004135,3.759759567586592]","[3.6306609404928746e-08,8.916662537264513e-08,9.967119877251257e-07]",direct_vp,[],3093867.6226683403,3096560,True,84299824.42145014,73.86347803385381,69.20872616179587,0.01856028768099258,"[4.967005024901838,5.003468771546693,5.00875233230638]",169.26108365505934,254.3822568282485,424.8832237571478,nan,nan,nan,nan,False,,nan,,,nan,nan,nan,,,,,,,,4.703470676820969e-05,8.106684348096708e-07,0.022850568493572122,nan,nan,nan,False,not_run,not_requested
fig2,PEB,2,3251202663,10.0,snr_db,10.0,3,3,3,3,full_6d,3251202663,,,nan,,False,,5.0159425139427185,nan,nan,nan,nan,nan,nan,False,,,peb_only,False,c76aa040c3dff649,,,,,,,adaptive_jones,True,fixed_anchor_then_adaptive_jones_score_selection,,nan,nan,nan,nan,True,,,nan,nan,,,,,[],nan,,,nan,nan,nan,nan,,nan,nan,nan,0.00011044035239813665,nan,nan,0.00011044035239813665,False,ba669d51e548d5d57a5c08da45514e8eda76ee1a2847f0b8bc91639b42fa1215,0.02287057192270079,computed_unscaled,cpu,nan,nan,nan,,,,,,,,nan,nan,nan,nan,nan,nan,False,,
fig2,adaptive_jones_vp_proposed,6,1919806993,10.0,snr_db,10.0,3,3,3,3,full_6d,1919806993,,,nan,,False,,173.8415721282363,3.4937655741558154e-05,3.4937655741558154e-05,2.2977486705503345e-07,9.700670542081237e-06,1.0050377439242315e-13,0.04198014955616406,False,direct_vp,global_exact_spherical_vp,main_single_proposed,True,3fe6d6c973f979be,adaptive_jones,cpu,False,,numpy,numpy.linalg.solve,fixed_pol_anchor,True,fixed_anchor_then_adaptive_jones_score_selection,fixed_pol_anchor,0.18021918566719458,2.3464677783061547,0.9248660777858428,0.0,True,3,4,3096725.458075429,3099444.9796632067,"[0.24791126938417934,2.3464677783061547,0.18021918566719458]","[4.033701261277023,0.42617248327165347,5.548798793522961]","[9.563550252930532e-07,1.2711696220519083e-07,1.3214505664046369e-08]",direct_vp,[],3095354.4688434396,3096560,True,82431340.43261585,72.20434479655718,69.64790856355313,0.02414257061434265,"[5.029929734138986,5.033406851700721,4.980542771294107]",185.66974826157093,167.53152395784855,354.45366459339857,nan,nan,nan,nan,False,,nan,,,nan,nan,nan,,,,,,,,3.4937655741558154e-05,2.2977486705503345e-07,0.04198014955616406,nan,nan,nan,False,not_run,not_requested
fig2,PEB,6,1919806993,10.0,snr_db,10.0,3,3,3,3,full_6d,1919806993,,,nan,,False,,4.931239299476147,nan,nan,nan,nan,nan,nan,False,,,peb_only,False,4b300084cd5578b3,,,,,,,adaptive_jones,True,fixed_anchor_then_adaptive_jones_score_selection,,nan,nan,nan,nan,True,,,nan,nan,,,,,[],nan,,,nan,nan,nan,nan,,nan,nan,nan,0.00011159900905868082,nan,nan,0.00011159900905868082,False,231b7c2941d5d9c02809f94febabb8d0e1f1d4a2d4bfefa1b397f685379809da,0.04199671633749915,computed_unscaled,cpu,nan,nan,nan,,,,,,,,nan,nan,nan,nan,nan,nan,False,,
fig2,adaptive_jones_vp_proposed,8,641399591,10.0,snr_db,10.0,3,3,3,3,full_6d,641399591,,,nan,,False,,184.4138059988618,7.174105865777254e-05,7.174105865777254e-05,3.7399671004208003e-07,1.386164163228579e-05,5.883272662387842e-14,0.022558786899926884,False,direct_vp,global_exact_spherical_vp,main_single_proposed,True,50126cb3bd885c8c,adaptive_jones,cpu,False,,numpy,numpy.linalg.solve,fixed_pol_anchor,True,fixed_anchor_then_adaptive_jones_score_selection,fixed_pol_anchor,0.21826612746736515,1.0414262379122714,0.4947885570013785,0.0,True,3,4,3096725.458075429,3096802.3735332065,"[1.0414262379122714,0.22467330562449883,0.21826612746736515]","[0.9602216302938946,4.4509070502176,4.581562936966939]","[1.0535132610083528e-07,8.61491952931257e-10,3.053496048663545e-07]",direct_vp,[],3097884.644667069,3096560,True,85419559.87744233,78.36177492021528,44.1602917996776,0.02884910613497152,"[4.950514012081687,5.008207569820375,5.014699285657659]",191.73614384233952,177.91025695204735,370.93971997499466,nan,nan,nan,nan,False,,nan,,,nan,nan,nan,,,,,,,,7.174105865777254e-05,3.7399671004208003e-07,0.022558786899926884,nan,nan,nan,False,not_run,not_requested
fig2,PEB,8,641399591,10.0,snr_db,10.0,3,3,3,3,full_6d,641399591,,,nan,,False,,5.36813472956419,nan,nan,nan,nan,nan,nan,False,,,peb_only,False,aa35532b22b81e98,,,,,,,adaptive_jones,True,fixed_anchor_then_adaptive_jones_score_selection,,nan,nan,nan,nan,True,,,nan,nan,,,,,[],nan,,,nan,nan,nan,nan,,nan,nan,nan,0.00010986110724718815,nan,nan,0.00010986110724718815,False,e032c9cb8462fea3417aadc651e10a3437190e0cacf3ab5bdc4b175ff7382e20,0.02254925735329804,computed_unscaled,cpu,nan,nan,nan,,,,,,,,nan,nan,nan,nan,nan,nan,False,,
fig2,adaptive_jones_vp_proposed,7,1914929603,10.0,snr_db,10.0,3,3,3,3,full_6d,1914929603,,,nan,,False,,210.4677535519004,0.00013191810313334777,0.00013191810313334777,5.361954069298043e-07,7.35156247431544e-05,6.426111885333121e-14,0.0735490190287109,False,direct_vp,global_exact_spherical_vp,main_single_proposed,True,c3a7602d068d8add,adaptive_jones,cpu,False,,numpy,numpy.linalg.solve,fixed_pol_anchor,True,fixed_anchor_then_adaptive_jones_score_selection,fixed_pol_anchor,0.13680402677479764,1.4802100725849796,0.7032524022615249,0.0,True,3,4,3096725.458075429,3096995.411116161,"[1.4802100725849796,0.4927431074247971,0.13680402677479764]","[0.6755797832480358,2.0294550749289337,7.309726355102331]","[3.039240447340489e-07,6.535315113242433e-08,4.718471906070507e-07]",direct_vp,[],3093953.009467407,3096560,True,80896862.2602073,85.31798441843975,41.806848395440056,0.06311002507939867,"[4.869204120146026,4.9992243449173115,5.006629662915454]",187.13724569231272,204.08786679059267,392.479057751596,nan,nan,nan,nan,False,,nan,,,nan,nan,nan,,,,,,,,0.00013191810313334777,5.361954069298043e-07,0.0735490190287109,nan,nan,nan,False,not_run,not_requested
fig2,PEB,7,1914929603,10.0,snr_db,10.0,3,3,3,3,full_6d,1914929603,,,nan,,False,,5.191538155078888,nan,nan,nan,nan,nan,nan,False,,,peb_only,False,545aef3728bab53c,,,,,,,adaptive_jones,True,fixed_anchor_then_adaptive_jones_score_selection,,nan,nan,nan,nan,True,,,nan,nan,,,,,[],nan,,,nan,nan,nan,nan,,nan,nan,nan,0.00010722217098529104,nan,nan,0.00010722217098529104,False,84f1975fc112e22552cd5389ecb9ea5e68088b810ed0a30ff85dfd5971674377,0.07361137239348518,computed_unscaled,cpu,nan,nan,nan,,,,,,,,nan,nan,nan,nan,nan,nan,False,,
fig2,adaptive_jones_vp_proposed,10,781873798,10.0,snr_db,10.0,3,3,3,3,full_6d,781873798,,,nan,,False,,151.74159035086632,7.237533165588153e-05,7.237533165588153e-05,4.200544291424397e-07,6.440816441538907e-05,6.669901793399226e-14,0.022036030783719157,False,direct_vp,global_exact_spherical_vp,main_single_proposed,True,25d5b59b61b4c10a,adaptive_jones,cpu,False,,numpy,numpy.linalg.solve,fixed_pol_anchor,True,fixed_anchor_then_adaptive_jones_score_selection,fixed_pol_anchor,0.13965911861982755,3.5815447749202742,1.3708414414270258,0.0,True,3,4,3096725.458075429,3107763.0695164334,"[0.39132043074097583,3.5815447749202742,0.13965911861982755]","[2.5554505245383727,0.27920912981429324,7.160291500349547]","[1.0243850128470065e-07,3.9996989421733625e-08,1.6650527521995877e-07]",direct_vp,[],3094269.1564015574,3096560,True,81527831.12299645,81.20229089897707,46.697171885746265,0.01865952968975352,"[4.998051093211707,5.040346786368251,5.004195374467091]",174.56942057609558,145.13361806422472,321.0790226832032,nan,nan,nan,nan,False,,nan,,,nan,nan,nan,,,,,,,,7.237533165588153e-05,4.200544291424397e-07,0.022036030783719157,nan,nan,nan,False,not_run,not_requested
fig2,PEB,10,781873798,10.0,snr_db,10.0,3,3,3,3,full_6d,781873798,,,nan,,False,,5.43412408977747,nan,nan,nan,nan,nan,nan,False,,,peb_only,False,b6b5f5f02819860e,,,,,,,adaptive_jones,True,fixed_anchor_then_adaptive_jones_score_selection,,nan,nan,nan,nan,True,,,nan,nan,,,,,[],nan,,,nan,nan,nan,nan,,nan,nan,nan,0.00010995103100430105,nan,nan,0.00010995103100430105,False,f2ef97a231c1a4af27e9b56c32078a57d13f76cf0fcef71f5aea3cacfcafd031,0.022052459114280942,computed_unscaled,cpu,nan,nan,nan,,,,,,,,nan,nan,nan,nan,nan,nan,False,,
fig2,adaptive_jones_vp_proposed,12,2210497206,10.0,snr_db,10.0,3,3,3,3,full_6d,2210497206,,,nan,,False,,161.10728626698256,0.00012577361178434945,0.00012577361178434945,3.025336411117084e-07,4.378286398524556e-06,9.065470993385728e-14,0.04559175757934852,False,direct_vp,global_exact_spherical_vp,main_single_proposed,True,6df38e401ba4b1bf,adaptive_jones,cpu,False,,numpy,numpy.linalg.solve,fixed_pol_anchor,True,fixed_anchor_then_adaptive_jones_score_selection,fixed_pol_anchor,0.18957811053326676,0.5148652345572561,0.3535922251521683,0.0,True,3,4,3096725.458075429,3117605.7666261257,"[0.5148652345572561,0.3563333303659821,0.18957811053326676]","[1.9422558232338352,2.8063611084951434,5.274870591266562]","[4.503336552732321e-07,4.096573873846771e-07,2.5418161913244415e-07]",direct_vp,[],3098867.909951391,3096560,True,90907491.286727,71.49818999212265,58.44988433394613,0.0050346529200789684,"[5.018925823935795,5.028025516781989,5.0162672393441605]",159.7334655225277,154.57175191491842,315.69288923591375,nan,nan,nan,nan,False,,nan,,,nan,nan,nan,,,,,,,,0.00012577361178434945,3.025336411117084e-07,0.04559175757934852,nan,nan,nan,False,not_run,not_requested
fig2,PEB,12,2210497206,10.0,snr_db,10.0,3,3,3,3,full_6d,2210497206,,,nan,,False,,5.456753641366959,nan,nan,nan,nan,nan,nan,False,,,peb_only,False,941bc5bd33448aaa,,,,,,,adaptive_jones,True,fixed_anchor_then_adaptive_jones_score_selection,,nan,nan,nan,nan,True,,,nan,nan,,,,,[],nan,,,nan,nan,nan,nan,,nan,nan,nan,0.00010167793032284744,nan,nan,0.00010167793032284744,False,0a1c4f0b423cde7d810066f20685360779b434f786c785131581505ed3dd312e,0.04555803810309657,computed_unscaled,cpu,nan,nan,nan,,,,,,,,nan,nan,nan,nan,nan,nan,False,,
fig2,adaptive_jones_vp_proposed,54,1185050677,5.0,snr_db,5.0,3,3,3,3,full_6d,1185050677,,,nan,,False,,1875.6563396453857,0.0002127036476581502,0.0002127036476581502,1.4314120952983859e-06,0.00016537863007334605,9.04328782747899e-14,0.08717894972691054,False,direct_vp,global_exact_spherical_vp,main_single_proposed,True,7485469eb4303826,adaptive_jones,cpu,False,,numpy,numpy.linalg.solve,fixed_pol_anchor,True,fixed_anchor_then_adaptive_jones_score_selection,fixed_pol_anchor,0.40016576515053415,5.659823192401366,2.706112913818815,0.0,True,3,4,3096725.458075429,4220485.259709649,"[5.659823192401366,2.058349783904544,0.40016576515053415]","[0.1766839644985548,0.48582607670354855,2.4989643969753894]","[1.23996235024463e-06,1.2446150452276285e-08,7.363141563789148e-07]",direct_vp,[],3094593.75754588,3096560,True,24321401.867862683,87.26746108946783,19.99757391728076,0.03267717196485128,"[4.965504874977454,4.887873873221048,4.94357604721786]",185.0970200225711,1869.3763891682029,2055.8061971738935,nan,nan,nan,nan,False,,nan,,,nan,nan,nan,,,,,,,,0.0002127036476581502,1.4314120952983859e-06,0.08717894972691054,nan,nan,nan,False,not_run,not_requested
fig2,PEB,54,1185050677,5.0,snr_db,5.0,3,3,3,3,full_6d,1185050677,,,nan,,False,,5.32583075016737,nan,nan,nan,nan,nan,nan,False,,,peb_only,False,97c03ad99b38a127,,,,,,,adaptive_jones,True,fixed_anchor_then_adaptive_jones_score_selection,,nan,nan,nan,nan,True,,,nan,nan,,,,,[],nan,,,nan,nan,nan,nan,,nan,nan,nan,0.00018968379789864256,nan,nan,0.00018968379789864256,False,115a7d3f95ba8b9ea29c0754c333293a0d2bf13a03dc583bd9fdf4cc7c014143,0.08723479221506682,computed_unscaled,cpu,nan,nan,nan,,,,,,,,nan,nan,nan,nan,nan,nan,False,,
fig2,adaptive_jones_vp_proposed,13,634888206,10.0,snr_db,10.0,3,3,3,3,full_6d,634888206,,,nan,,False,,161.89891605824232,0.00015929997521591974,0.00015929997521591974,4.1562763086371664e-07,4.168633449735543e-05,2.1975545086381518e-13,0.020446468044119506,False,direct_vp,global_exact_spherical_vp,main_single_proposed,True,6b15d25cc493083b,adaptive_jones,cpu,False,,numpy,numpy.linalg.solve,fixed_pol_anchor,True,fixed_anchor_then_adaptive_jones_score_selection,fixed_pol_anchor,0.17005023751369175,2.5833759027418455,1.0076592476615895,0.0,True,3,4,3096725.458075429,3198619.0891806586,"[0.17005023751369175,2.5833759027418455,0.26955160272923173]","[5.880615132450574,0.3870903955309309,3.709864789801469]","[5.928737765908854e-07,1.45464206128998e-08,7.58998370851933e-07]",direct_vp,[],3095179.59660137,3096560,True,75410983.7885619,80.70101813114624,43.31177546109365,0.02554558594409671,"[5.002957739455909,5.064281949348239,5.044394921493849]",176.73322444409132,155.6034084931016,333.645977653563,nan,nan,nan,nan,False,,nan,,,nan,nan,nan,,,,,,,,0.00015929997521591974,4.1562763086371664e-07,0.020446468044119506,nan,nan,nan,False,not_run,not_requested
fig2,PEB,13,634888206,10.0,snr_db,10.0,3,3,3,3,full_6d,634888206,,,nan,,False,,4.931077316403389,nan,nan,nan,nan,nan,nan,False,,,peb_only,False,114fa36ffbd8cec9,,,,,,,adaptive_jones,True,fixed_anchor_then_adaptive_jones_score_selection,,nan,nan,nan,nan,True,,,nan,nan,,,,,[],nan,,,nan,nan,nan,nan,,nan,nan,nan,0.00011789249478039746,nan,nan,0.00011789249478039746,False,11da97468c8b90c59dcc518746f48f2217739b6c2c3deec78f2d1177de9045c5,0.020455692554871042,computed_unscaled,cpu,nan,nan,nan,,,,,,,,nan,nan,nan,nan,nan,nan,False,,
fig2,adaptive_jones_vp_proposed,4,287230138,10.0,snr_db,10.0,3,3,3,3,full_6d,287230138,,,nan,,False,,475.4412461668253,0.0001067320224058187,0.0001067320224058187,4.5720047467317024e-07,8.27362060226734e-05,8.966165605481972e-14,0.04943092010463882,False,direct_vp,global_exact_spherical_vp,main_single_proposed,True,834cc86ff79b8ccf,adaptive_jones,cpu,False,,numpy,numpy.linalg.solve,fixed_pol_anchor,True,fixed_anchor_then_adaptive_jones_score_selection,fixed_pol_anchor,0.2003398058641449,1.421394327863385,0.6174769601229605,0.0,True,3,4,3096725.458075429,3096788.307498495,"[1.421394327863385,0.2306967466413517,0.2003398058641449]","[0.7035345367543159,4.334694851828146,4.9915192624171905]","[1.357043270970727e-07,2.7021183933948784e-08,7.33787600529943e-07]",direct_vp,[],3096268.8489340646,3096560,True,92244172.0005586,76.14377528486955,49.79494292552969,0.01636980149739138,"[4.971672511531586,4.995045830593438,5.011574995909796]",181.38062676787376,468.9838287830353,651.7465543076396,nan,nan,nan,nan,False,,nan,,,nan,nan,nan,,,,,,,,0.0001067320224058187,4.5720047467317024e-07,0.04943092010463882,nan,nan,nan,False,not_run,not_requested
fig2,PEB,4,287230138,10.0,snr_db,10.0,3,3,3,3,full_6d,287230138,,,nan,,False,,5.015556283295155,nan,nan,nan,nan,nan,nan,False,,,peb_only,False,16e334985f095418,,,,,,,adaptive_jones,True,fixed_anchor_then_adaptive_jones_score_selection,,nan,nan,nan,nan,True,,,nan,nan,,,,,[],nan,,,nan,nan,nan,nan,,nan,nan,nan,0.0001003554190456147,nan,nan,0.0001003554190456147,False,72d5586e1e2071d827e37c0d5029359210d7878b9ab9d369f2c38d0e300801aa,0.04943582367100889,computed_unscaled,cpu,nan,nan,nan,,,,,,,,nan,nan,nan,nan,nan,nan,False,,
fig2,adaptive_jones_vp_proposed,15,2734808712,10.0,snr_db,10.0,3,3,3,3,full_6d,2734808712,,,nan,,False,,223.34763222187757,0.00012908404873144633,0.00012908404873144633,4.7321196247654403e-07,5.502954978654552e-05,5.092574858517221e-13,0.011545139103209449,False,direct_vp,global_exact_spherical_vp,main_single_proposed,True,b8d8a6bf7fe93920,adaptive_jones,cpu,False,,numpy,numpy.linalg.solve,fixed_pol_anchor,True,fixed_anchor_then_adaptive_jones_score_selection,fixed_pol_anchor,0.2020995918265065,1.1079448819342081,0.518325344951834,0.0,True,3,4,3096725.458075429,3100977.7361894595,"[1.1079448819342081,0.2020995918265065,0.24493156109478753]","[0.9025719747476336,4.948055515412685,4.082773144996039]","[1.6536916444956826e-07,2.605519298755339e-09,4.5639411115800914e-07]",direct_vp,[],3099367.524403446,3096560,True,86775060.10540584,70.021195290057,43.77132861522214,0.03406183979433756,"[4.9450562938538685,5.018628451973737,5.01592012735826]",170.62397852540016,216.6437660753727,388.65887370705605,nan,nan,nan,nan,False,,nan,,,nan,nan,nan,,,,,,,,0.00012908404873144633,4.7321196247654403e-07,0.011545139103209449,nan,nan,nan,False,not_run,not_requested
fig2,PEB,15,2734808712,10.0,snr_db,10.0,3,3,3,3,full_6d,2734808712,,,nan,,False,,5.2899245247244835,nan,nan,nan,nan,nan,nan,False,,,peb_only,False,b76b098dc7ef8860,,,,,,,adaptive_jones,True,fixed_anchor_then_adaptive_jones_score_selection,,nan,nan,nan,nan,True,,,nan,nan,,,,,[],nan,,,nan,nan,nan,nan,,nan,nan,nan,0.00010946639617456623,nan,nan,0.00010946639617456623,False,3745774ba39f0b3a489ec82705d3e30e7ac3ac0889ba9ff94e26de5537c07034,0.011534740679242613,computed_unscaled,cpu,nan,nan,nan,,,,,,,,nan,nan,nan,nan,nan,nan,False,,
fig2,adaptive_jones_vp_proposed,17,2127997378,10.0,snr_db,10.0,3,3,3,3,full_6d,2127997378,,,nan,,False,,270.49536672234535,9.65308415510383e-05,9.65308415510383e-05,5.53347215193973e-07,8.820932254053234e-06,7.526063518433917e-14,0.04004865643729583,False,direct_vp,global_exact_spherical_vp,main_single_proposed,True,94437bf102985e64,adaptive_jones,cpu,False,,numpy,numpy.linalg.solve,fixed_pol_anchor,True,fixed_anchor_then_adaptive_jones_score_selection,fixed_pol_anchor,0.1662581717941422,0.5879304845510034,0.39817059848841535,0.0,True,3,4,3096725.458075429,3098049.9857785497,"[0.4403231391201004,0.1662581717941422,0.5879304845510034]","[2.2710593906054175,6.014741947469597,1.700881356344538]","[8.776023778689586e-07,1.0108787938208544e-08,8.764266871009468e-07]",direct_vp,[],3099947.829828476,3096560,True,64965652.25687176,83.29348964467843,57.62661757301991,0.04146363935508683,"[4.989758369450201,4.981470354809337,5.073278675613329]",160.97854225337505,264.07109224051237,426.3338012173772,nan,nan,nan,nan,False,,nan,,,nan,nan,nan,,,,,,,,9.65308415510383e-05,5.53347215193973e-07,0.04004865643729583,nan,nan,nan,False,not_run,not_requested
fig2,PEB,17,2127997378,10.0,snr_db,10.0,3,3,3,3,full_6d,2127997378,,,nan,,False,,5.3829855397343636,nan,nan,nan,nan,nan,nan,False,,,peb_only,False,dd12887ad3bdd726,,,,,,,adaptive_jones,True,fixed_anchor_then_adaptive_jones_score_selection,,nan,nan,nan,nan,True,,,nan,nan,,,,,[],nan,,,nan,nan,nan,nan,,nan,nan,nan,0.000126521488460785,nan,nan,0.000126521488460785,False,1e7e5fb979d639b775e57b8f9a2b5887da0781d1b293b718b0219c60afc7e70e,0.04000509529956755,computed_unscaled,cpu,nan,nan,nan,,,,,,,,nan,nan,nan,nan,nan,nan,False,,
fig2,adaptive_jones_vp_proposed,19,3846521747,10.0,snr_db,10.0,3,3,3,3,full_6d,3846521747,,,nan,,False,,160.02862798422575,0.00022859498176326673,0.00022859498176326673,6.833007375357237e-07,6.850418912350109e-05,7.248245301124595e-14,0.011852845684939535,False,direct_vp,global_exact_spherical_vp,main_single_proposed,True,afaf8208829d4a54,adaptive_jones,cpu,False,,numpy,numpy.linalg.solve,fixed_pol_anchor,True,fixed_anchor_then_adaptive_jones_score_selection,fixed_pol_anchor,0.18664906586945873,0.4773740810084392,0.3519576203907219,0.0,True,3,4,3096725.458075429,3146385.4233542955,"[0.3918497142942677,0.18664906586945873,0.4773740810084392]","[2.5519987983164314,5.35764802969444,2.0947932445076427]","[5.434332079957686e-07,4.143684109075693e-08,1.8598703333503247e-07]",direct_vp,[],3095221.3073412674,3096560,True,66302877.200221285,80.94936954434299,44.5594129289744,0.04015399488674647,"[5.010352348810603,4.981103301340699,5.077053803647811]",185.31879171729088,153.3638890311122,339.94672748446465,nan,nan,nan,nan,False,,nan,,,nan,nan,nan,,,,,,,,0.00022859498176326673,6.833007375357237e-07,0.011852845684939535,nan,nan,nan,False,not_run,not_requested
fig2,PEB,19,3846521747,10.0,snr_db,10.0,3,3,3,3,full_6d,3846521747,,,nan,,False,,5.452792942523956,nan,nan,nan,nan,nan,nan,False,,,peb_only,False,77a8d9b491ccfef7,,,,,,,adaptive_jones,True,fixed_anchor_then_adaptive_jones_score_selection,,nan,nan,nan,nan,True,,,nan,nan,,,,,[],nan,,,nan,nan,nan,nan,,nan,nan,nan,0.00012511146204778243,nan,nan,0.00012511146204778243,False,66683f008884b5deaddb95c24fc2a892e518e793d697d2821f0c6f98570400e4,0.011858033347287425,computed_unscaled,cpu,nan,nan,nan,,,,,,,,nan,nan,nan,nan,nan,nan,False,,
fig2,adaptive_jones_vp_proposed,21,4000820147,10.0,snr_db,10.0,3,3,3,3,full_6d,4000820147,,,nan,,False,,174.19475369900465,7.026151573838907e-05,7.026151573838907e-05,3.067674775361197e-07,3.951371724914761e-05,3.9198234453187354e-13,0.034784413322373975,False,direct_vp,global_exact_spherical_vp,main_single_proposed,True,96de5ea7ed0fd111,adaptive_jones,cpu,False,,numpy,numpy.linalg.solve,fixed_pol_anchor,True,fixed_anchor_then_adaptive_jones_score_selection,fixed_pol_anchor,0.1149318223648786,4.468216176957907,1.8386027272702155,0.0,True,3,4,3096725.458075429,3131912.4087251723,"[0.1149318223648786,4.468216176957907,0.9326601824878609]","[8.700810440690182,0.2238029585838797,1.0722018788575043]","[1.8760589641378937e-07,2.048179103074941e-08,2.725720678955593e-08]",direct_vp,[],3096008.611964756,3096560,True,51193312.18734994,135.4914185108478,35.77653432799991,0.025542373364963414,"[4.996681869729578,5.058794114052966,5.034250256923669]",174.9919813722372,167.46295910328627,343.71328231692314,nan,nan,nan,nan,False,,nan,,,nan,nan,nan,,,,,,,,7.026151573838907e-05,3.067674775361197e-07,0.034784413322373975,nan,nan,nan,False,not_run,not_requested
fig2,PEB,21,4000820147,10.0,snr_db,10.0,3,3,3,3,full_6d,4000820147,,,nan,,False,,5.43776186555624,nan,nan,nan,nan,nan,nan,False,,,peb_only,False,b843a0594a51349b,,,,,,,adaptive_jones,True,fixed_anchor_then_adaptive_jones_score_selection,,nan,nan,nan,nan,True,,,nan,nan,,,,,[],nan,,,nan,nan,nan,nan,,nan,nan,nan,0.00014759415970070318,nan,nan,0.00014759415970070318,False,f7a047bb7013efbe33f31c7f789c22a5d5f4d1899bcaccc54b42258dbd7f4038,0.034790788065601694,computed_unscaled,cpu,nan,nan,nan,,,,,,,,nan,nan,nan,nan,nan,nan,False,,
fig2,adaptive_jones_vp_proposed,22,3206710796,10.0,snr_db,10.0,3,3,3,3,full_6d,3206710796,,,nan,,False,,161.36791238188744,6.374274865380265e-05,6.374274865380265e-05,5.069740394748937e-07,2.06116442728482e-05,3.3924398897602904e-13,0.010713587615881297,False,direct_vp,global_exact_spherical_vp,main_single_proposed,True,d32c77d91e2c5e5f,adaptive_jones,cpu,False,,numpy,numpy.linalg.solve,fixed_pol_anchor,True,fixed_anchor_then_adaptive_jones_score_selection,fixed_pol_anchor,0.2208059903339279,0.7015434226622353,0.38937046790182855,0.0,True,3,4,3096725.458075429,3096803.267963045,"[0.24576199070932236,0.2208059903339279,0.7015434226622353]","[4.068977457065421,4.528862638588136,1.4254285161771914]","[6.600660966370018e-07,1.6633754712542963e-07,1.5686502952061652e-06]",direct_vp,[],3093207.330773943,3096560,True,56829746.523094445,85.49747228355963,45.7321280514657,0.02102404071249377,"[4.98057699669728,4.969453722458063,5.018561322342457]",188.0273247435689,154.97991015017033,344.39387779682875,nan,nan,nan,nan,False,,nan,,,nan,nan,nan,,,,,,,,6.374274865380265e-05,5.069740394748937e-07,0.010713587615881297,nan,nan,nan,False,not_run,not_requested
fig2,PEB,22,3206710796,10.0,snr_db,10.0,3,3,3,3,full_6d,3206710796,,,nan,,False,,5.1121281534433365,nan,nan,nan,nan,nan,nan,False,,,peb_only,False,52617d29e6b3d085,,,,,,,adaptive_jones,True,fixed_anchor_then_adaptive_jones_score_selection,,nan,nan,nan,nan,True,,,nan,nan,,,,,[],nan,,,nan,nan,nan,nan,,nan,nan,nan,0.000134338304623352,nan,nan,0.000134338304623352,False,c84ba72aa3a760a0760b6b67e247dbffd03ad56315a9283ecceeafa1a6824f29,0.010725255289283989,computed_unscaled,cpu,nan,nan,nan,,,,,,,,nan,nan,nan,nan,nan,nan,False,,
fig2,adaptive_jones_vp_proposed,24,2465240206,10.0,snr_db,10.0,3,3,3,3,full_6d,2465240206,,,nan,,False,,175.99073826521635,4.051539494163586e-05,4.051539494163586e-05,3.3990336971935407e-07,2.1192949858690376e-05,1.9228262445084413e-13,0.052513637389532464,False,direct_vp,global_exact_spherical_vp,main_single_proposed,True,b008a27e83ffb7f7,adaptive_jones,cpu,False,,numpy,numpy.linalg.solve,fixed_pol_anchor,True,fixed_anchor_then_adaptive_jones_score_selection,fixed_pol_anchor,0.12440676373733525,5.6360272935651885,2.1073564729836165,0.0,True,3,4,3096725.458075429,3584918.976812477,"[0.561635361648325,0.12440676373733525,5.6360272935651885]","[1.7805146689207239,8.038148167821596,0.1774299427428416]","[3.864651087700007e-07,7.886006979751717e-08,4.3393905526010015e-07]",direct_vp,[],3096137.150663976,3096560,True,51644313.999721505,105.7799725092786,22.401201512526203,0.056402853616490355,"[5.015704471540692,5.003696014100159,5.128895948467898]",161.94095084816217,169.2171939611435,332.50597977638245,nan,nan,nan,nan,False,,nan,,,nan,nan,nan,,,,,,,,4.051539494163586e-05,3.3990336971935407e-07,0.052513637389532464,nan,nan,nan,False,not_run,not_requested
fig2,PEB,24,2465240206,10.0,snr_db,10.0,3,3,3,3,full_6d,2465240206,,,nan,,False,,5.511063113808632,nan,nan,nan,nan,nan,nan,False,,,peb_only,False,1320db7ffe2db933,,,,,,,adaptive_jones,True,fixed_anchor_then_adaptive_jones_score_selection,,nan,nan,nan,nan,True,,,nan,nan,,,,,[],nan,,,nan,nan,nan,nan,,nan,nan,nan,0.00014217162358910092,nan,nan,0.00014217162358910092,False,d0abc1777196bcc1a36b4bbbb5b3c3e641533288ceccc09b778d2fb6777f61b5,0.05252108072094162,computed_unscaled,cpu,nan,nan,nan,,,,,,,,nan,nan,nan,nan,nan,nan,False,,
fig2,adaptive_jones_vp_proposed,20,3607282624,10.0,snr_db,10.0,3,3,3,3,full_6d,3607282624,,,nan,,False,,320.98394913226366,4.360536545958384e-05,4.360536545958384e-05,6.817572431349283e-07,3.8397461665501304e-05,7.869402778559889e-14,0.0571811980102364,False,direct_vp,global_exact_spherical_vp,main_single_proposed,True,4c7b200bcc0701e8,adaptive_jones,cpu,False,,numpy,numpy.linalg.solve,fixed_pol_anchor,True,fixed_anchor_then_adaptive_jones_score_selection,fixed_pol_anchor,0.15776096190263195,0.7774853665440093,0.4552187844563283,0.0,True,3,4,3096725.458075429,3096927.1672086217,"[0.4304100249223437,0.7774853665440093,0.15776096190263195]","[2.3233659582626904,1.286197841181642,6.3387037448277574]","[9.149472519836958e-07,9.555998192057605e-08,1.6932239473228223e-07]",direct_vp,[],3095256.764724168,3096560,True,85945509.15636629,65.45071796032934,53.03922135165656,0.014258408128133324,"[4.967654842496276,5.0000362948752075,4.995178753010596]",187.94555604457855,314.5760714560747,503.76439851522446,nan,nan,nan,nan,False,,nan,,,nan,nan,nan,,,,,,,,4.360536545958384e-05,6.817572431349283e-07,0.0571811980102364,nan,nan,nan,False,not_run,not_requested
fig2,PEB,20,3607282624,10.0,snr_db,10.0,3,3,3,3,full_6d,3607282624,,,nan,,False,,5.100604876875877,nan,nan,nan,nan,nan,nan,False,,,peb_only,False,83bc8bee53a4eec9,,,,,,,adaptive_jones,True,fixed_anchor_then_adaptive_jones_score_selection,,nan,nan,nan,nan,True,,,nan,nan,,,,,[],nan,,,nan,nan,nan,nan,,nan,nan,nan,0.00010675723028355902,nan,nan,0.00010675723028355902,False,614c1d5045ebcd05d85977496f662de337f9fdc3d750d62d2ed64ea91c25b070,0.057205569317453665,computed_unscaled,cpu,nan,nan,nan,,,,,,,,nan,nan,nan,nan,nan,nan,False,,
fig2,adaptive_jones_vp_proposed,26,890721611,10.0,snr_db,10.0,3,3,3,3,full_6d,890721611,,,nan,,False,,163.6444023102522,0.00017361031525043718,0.00017361031525043718,2.641364248308972e-07,1.1952946977392842e-05,1.007476162777617e-13,0.04766393542746764,False,direct_vp,global_exact_spherical_vp,main_single_proposed,True,7e1dd30bcf1bba82,adaptive_jones,cpu,False,,numpy,numpy.linalg.solve,fixed_pol_anchor,True,fixed_anchor_then_adaptive_jones_score_selection,fixed_pol_anchor,0.19499368749461374,0.9897919332039525,0.48091511605918974,0.0,True,3,4,3096725.458075429,3096904.7241780898,"[0.19499368749461374,0.9897919332039525,0.2579597274790028]","[5.128371142924449,1.010313346121153,3.876574106247415]","[1.10157691207536e-07,6.806138335722642e-08,7.925787218488508e-07]",direct_vp,[],3096424.1316707986,3096560,True,76987970.92285624,86.46029912020761,60.82492138187557,0.014653522723783313,"[5.014723199057199,5.01645139856799,4.984538534395759]",187.9352017864585,157.10912866145372,346.36703480780125,nan,nan,nan,nan,False,,nan,,,nan,nan,nan,,,,,,,,0.00017361031525043718,2.641364248308972e-07,0.04766393542746764,nan,nan,nan,False,not_run,not_requested
fig2,PEB,26,890721611,10.0,snr_db,10.0,3,3,3,3,full_6d,890721611,,,nan,,False,,5.379310272634029,nan,nan,nan,nan,nan,nan,False,,,peb_only,False,dd4ef9de519bbf3b,,,,,,,adaptive_jones,True,fixed_anchor_then_adaptive_jones_score_selection,,nan,nan,nan,nan,True,,,nan,nan,,,,,[],nan,,,nan,nan,nan,nan,,nan,nan,nan,0.0001164268324688854,nan,nan,0.0001164268324688854,False,c294e93a3e036e5c5731d344dd8b7b3046868b56987f9fb6b7f233813953d55d,0.047666273169950174,computed_unscaled,cpu,nan,nan,nan,,,,,,,,nan,nan,nan,nan,nan,nan,False,,
fig2,adaptive_jones_vp_proposed,27,4133001221,10.0,snr_db,10.0,3,3,3,3,full_6d,4133001221,,,nan,,False,,156.0478035584092,9.007671517987552e-05,9.007671517987552e-05,2.671746511517356e-07,2.0671427945854554e-05,4.723280506437213e-14,0.02338217982614253,False,direct_vp,global_exact_spherical_vp,main_single_proposed,True,12d65efbe0051ad7,adaptive_jones,cpu,False,,numpy,numpy.linalg.solve,fixed_pol_anchor,True,fixed_anchor_then_adaptive_jones_score_selection,fixed_pol_anchor,0.1239162590630349,11.035935863539379,3.9033440568555378,0.0,True,3,4,3096725.458075429,3224280.248328924,"[0.5501800479642003,0.1239162590630349,11.035935863539379]","[1.8175868130799955,8.069966020287834,0.09061306737861469]","[1.1740585463858715e-06,5.09305926668176e-08,2.4490881683326197e-07]",direct_vp,[],3096104.7923533414,3096560,True,45520509.95857356,100.78419356460394,21.132958530334953,0.05442902536650952,"[5.051768243489428,4.9955481326241395,5.128352070214661]",181.76904247701168,149.57462571561337,332.6795700713992,nan,nan,nan,nan,False,,nan,,,nan,nan,nan,,,,,,,,9.007671517987552e-05,2.671746511517356e-07,0.02338217982614253,nan,nan,nan,False,not_run,not_requested
fig2,PEB,27,4133001221,10.0,snr_db,10.0,3,3,3,3,full_6d,4133001221,,,nan,,False,,5.406516425311565,nan,nan,nan,nan,nan,nan,False,,,peb_only,False,e97f4aa2c0fdd2e1,,,,,,,adaptive_jones,True,fixed_anchor_then_adaptive_jones_score_selection,,nan,nan,nan,nan,True,,,nan,nan,,,,,[],nan,,,nan,nan,nan,nan,,nan,nan,nan,0.00015147281989840445,nan,nan,0.00015147281989840445,False,4db56e3e555632d19d051acf26a881417468b8ad38e08366b65041ee29b29feb,0.023385738446624896,computed_unscaled,cpu,nan,nan,nan,,,,,,,,nan,nan,nan,nan,nan,nan,False,,
fig2,adaptive_jones_vp_proposed,23,2043173887,10.0,snr_db,10.0,3,3,3,3,full_6d,2043173887,,,nan,,False,,296.49909269064665,0.00016674790878839468,0.00016674790878839468,5.147182636720552e-07,1.250944392536931e-05,4.666309005694742e-14,0.03275309047563421,False,direct_vp,global_exact_spherical_vp,main_single_proposed,True,5e00977e6db55b47,adaptive_jones,cpu,False,,numpy,numpy.linalg.solve,fixed_pol_anchor,True,fixed_anchor_then_adaptive_jones_score_selection,fixed_pol_anchor,0.2083475686653461,1.2387414928155707,0.5584378897805022,0.0,True,3,4,3096725.458075429,3097115.8753580367,"[1.2387414928155707,0.2083475686653461,0.22822460786058987]","[0.8072709324734355,4.799672040358775,4.381648453135334]","[2.000063489376613e-06,9.32983215350499e-09,4.4025412537768054e-08]",direct_vp,[],3096246.5421497948,3096560,True,83952477.29693866,63.97621622259129,47.0661789037122,0.019481287114383183,"[5.025530214955304,4.978772424802873,4.993897577734183]",178.9220396503806,290.00195176899433,470.2672210931778,nan,nan,nan,nan,False,,nan,,,nan,nan,nan,,,,,,,,0.00016674790878839468,5.147182636720552e-07,0.03275309047563421,nan,nan,nan,False,not_run,not_requested
fig2,PEB,23,2043173887,10.0,snr_db,10.0,3,3,3,3,full_6d,2043173887,,,nan,,False,,5.285009562969208,nan,nan,nan,nan,nan,nan,False,,,peb_only,False,4eeae3e0912a2b1c,,,,,,,adaptive_jones,True,fixed_anchor_then_adaptive_jones_score_selection,,nan,nan,nan,nan,True,,,nan,nan,,,,,[],nan,,,nan,nan,nan,nan,,nan,nan,nan,0.00011079693799400164,nan,nan,0.00011079693799400164,False,7093cfec76f40175c6c7c58aa1b5153ce86056a79427b6463226f28ede4d41bd,0.032756575586599626,computed_unscaled,cpu,nan,nan,nan,,,,,,,,nan,nan,nan,nan,nan,nan,False,,
fig2,adaptive_jones_vp_proposed,28,4133035554,10.0,snr_db,10.0,3,3,3,3,full_6d,4133035554,,,nan,,False,,162.04772028326988,7.695811849894716e-05,7.695811849894716e-05,2.921328029273835e-07,3.005738549449499e-05,7.759155543347415e-14,0.03542768303517915,False,direct_vp,global_exact_spherical_vp,main_single_proposed,True,45c686b4eec522da,adaptive_jones,cpu,False,,numpy,numpy.linalg.solve,fixed_pol_anchor,True,fixed_anchor_then_adaptive_jones_score_selection,fixed_pol_anchor,0.18379025109504518,1.4559140383467584,0.6328904668744437,0.0,True,3,4,3096725.458075429,3121966.887965672,"[0.18379025109504518,0.2589671111815277,1.4559140383467584]","[5.440985003511839,3.861494208423914,0.6868537383801033]","[3.248179965928864e-08,1.0596911582701076e-08,1.2976912716366728e-06]",direct_vp,[],3100563.11769567,3096560,True,51298442.46302446,88.8396139763427,49.16285747300979,0.008503991632322672,"[4.989250171532754,4.9802745494598275,4.96848326077073]",185.4896922558546,155.43453457206488,342.1802497282624,nan,nan,nan,nan,False,,nan,,,nan,nan,nan,,,,,,,,7.695811849894716e-05,2.921328029273835e-07,0.03542768303517915,nan,nan,nan,False,not_run,not_requested
fig2,PEB,28,4133035554,10.0,snr_db,10.0,3,3,3,3,full_6d,4133035554,,,nan,,False,,5.320213928818703,nan,nan,nan,nan,nan,nan,False,,,peb_only,False,329e8e42d5b8c01b,,,,,,,adaptive_jones,True,fixed_anchor_then_adaptive_jones_score_selection,,nan,nan,nan,nan,True,,,nan,nan,,,,,[],nan,,,nan,nan,nan,nan,,nan,nan,nan,0.00014163952249484027,nan,nan,0.00014163952249484027,False,b0d6ccdf5e943bdc30a995d28f082c1063f363c2aa22897f8408d6a89636af3a,0.03538212539400746,computed_unscaled,cpu,nan,nan,nan,,,,,,,,nan,nan,nan,nan,nan,nan,False,,
fig2,adaptive_jones_vp_proposed,71,1982555292,5.0,snr_db,5.0,3,3,3,3,full_6d,1982555292,,,nan,,False,,1805.6827464997768,0.0005928521669122617,0.0005928521669122617,2.2418026748676582e-06,1.623184190721702e-05,1.0517576176204914e-13,0.1372457062015028,False,direct_vp,global_exact_spherical_vp,main_single_proposed,True,37c570da021f0629,adaptive_jones,cpu,False,,numpy,numpy.linalg.solve,fixed_pol_anchor,True,fixed_anchor_then_adaptive_jones_score_selection,fixed_pol_anchor,0.6307909975944134,4.848050469842777,2.0703321374642027,0.0,True,3,4,3096725.458075429,3468260.7273207167,"[0.6307909975944134,4.848050469842777,0.7321549449554183]","[1.585311147135854,0.2062684797148125,1.365831108414024]","[1.1531168055726077e-06,6.28366089092656e-07,1.1718520511563172e-06]",direct_vp,[],3096594.2842103955,3096560,True,24426426.905986365,85.58819348828453,40.995436209824156,0.0376425815067426,"[5.022537742651631,5.05380641911057,4.963051909518193]",176.7844467908144,1799.2433900535107,1977.3043906316161,nan,nan,nan,nan,False,,nan,,,nan,nan,nan,,,,,,,,0.0005928521669122617,2.2418026748676582e-06,0.1372457062015028,nan,nan,nan,False,not_run,not_requested
fig2,PEB,71,1982555292,5.0,snr_db,5.0,3,3,3,3,full_6d,1982555292,,,nan,,False,,5.2102817967534065,nan,nan,nan,nan,nan,nan,False,,,peb_only,False,a9ca38e74066f069,,,,,,,adaptive_jones,True,fixed_anchor_then_adaptive_jones_score_selection,,nan,nan,nan,nan,True,,,nan,nan,,,,,[],nan,,,nan,nan,nan,nan,,nan,nan,nan,0.00020714859552336873,nan,nan,0.00020714859552336873,False,bdd039092dd082ec6fd57d77070067f9fd8178794fea592c3fc196eccf3a063c,0.1372448958178562,computed_unscaled,cpu,nan,nan,nan,,,,,,,,nan,nan,nan,nan,nan,nan,False,,
fig2,adaptive_jones_vp_proposed,41,4278604885,5.0,snr_db,5.0,3,3,3,3,full_6d,4278604885,,,nan,,False,,2916.7054442465305,0.0001525859147841842,0.0001525859147841842,1.8733982854088947e-06,0.00010890056607920318,1.1273427525998603e-13,0.09009840702307938,False,direct_vp,global_exact_spherical_vp,main_single_proposed,True,f5a9e81dfbda9c4d,adaptive_jones,cpu,False,,numpy,numpy.linalg.solve,fixed_pol_anchor,True,fixed_anchor_then_adaptive_jones_score_selection,fixed_pol_anchor,0.5380628013602516,17.05105746127574,6.131368091384548,0.0,True,3,4,3096725.458075429,3758626.4228659444,"[0.5380628013602516,0.8049840115176518,17.05105746127574]","[1.8585191123999063,1.2422606979657593,0.05864738901115229]","[2.083238073239841e-07,9.630528654603238e-08,1.2452126584298494e-07]",direct_vp,[],3096803.1718603717,3096560,True,13785555.958826568,110.50284164136251,21.618676549820155,0.012816696626069008,"[4.965995921069021,4.985732065157292,4.997007979686563]",186.46429457515478,2427.390713982284,2615.2285166829824,nan,nan,nan,nan,False,,nan,,,nan,nan,nan,,,,,,,,0.0001525859147841842,1.8733982854088947e-06,0.09009840702307938,nan,nan,nan,False,not_run,not_requested
fig2,PEB,41,4278604885,5.0,snr_db,5.0,3,3,3,3,full_6d,4278604885,,,nan,,False,,5.145991139113903,nan,nan,nan,nan,nan,nan,False,,,peb_only,False,56a25364deb9a5d3,,,,,,,adaptive_jones,True,fixed_anchor_then_adaptive_jones_score_selection,,nan,nan,nan,nan,True,,,nan,nan,,,,,[],nan,,,nan,nan,nan,nan,,nan,nan,nan,0.00027260744672626987,nan,nan,0.00027260744672626987,False,3ffbd47003275298d380fa4fdbe537af868b54f1a66ff07176dee6a601458b33,0.09009179768383369,computed_unscaled,cpu,nan,nan,nan,,,,,,,,nan,nan,nan,nan,nan,nan,False,,
fig2,adaptive_jones_vp_proposed,25,3407116044,10.0,snr_db,10.0,3,3,3,3,full_6d,3407116044,,,nan,,False,,361.49274967610836,0.00010129387130614535,0.00010129387130614535,7.070476939636342e-07,1.908979884131378e-05,2.2244352951698702e-13,0.020453878658679443,False,direct_vp,global_exact_spherical_vp,main_single_proposed,True,4f7eeaa9889b6c1e,adaptive_jones,cpu,False,,numpy,numpy.linalg.solve,fixed_pol_anchor,True,fixed_anchor_then_adaptive_jones_score_selection,fixed_pol_anchor,0.2123936239173096,0.7654734816708197,0.4090833778131526,0.0,True,3,4,3096725.458075429,3096806.120625298,"[0.2123936239173096,0.24938302785132857,0.7654734816708197]","[4.708239266114287,4.009895976545395,1.3063809837233125]","[1.688865413353961e-07,5.5224292735301777e-08,3.70014550414986e-08]",direct_vp,[],3097031.4496678784,3096560,True,55415143.107190706,82.8572482750725,53.2067221728472,0.015361726119978648,"[5.032181646846057,4.997802370143206,5.0017454681057165]",180.33088790625334,355.2412571012974,536.816445030272,nan,nan,nan,nan,False,,nan,,,nan,nan,nan,,,,,,,,0.00010129387130614535,7.070476939636342e-07,0.020453878658679443,nan,nan,nan,False,not_run,not_requested
fig2,PEB,25,3407116044,10.0,snr_db,10.0,3,3,3,3,full_6d,3407116044,,,nan,,False,,5.214318104088306,nan,nan,nan,nan,nan,nan,False,,,peb_only,False,991e3916b677d6b6,,,,,,,adaptive_jones,True,fixed_anchor_then_adaptive_jones_score_selection,,nan,nan,nan,nan,True,,,nan,nan,,,,,[],nan,,,nan,nan,nan,nan,,nan,nan,nan,0.00013626566801322015,nan,nan,0.00013626566801322015,False,b8c0aecbc648c84bc393cf0ea8f798ce1d40daafad542474a8d407dec27d44d6,0.02045087070981185,computed_unscaled,cpu,nan,nan,nan,,,,,,,,nan,nan,nan,nan,nan,nan,False,,
fig2,adaptive_jones_vp_proposed,64,1096511241,5.0,snr_db,5.0,3,3,3,3,full_6d,1096511241,,,nan,,False,,2074.829835832119,0.00012671278769122577,0.00012671278769122577,1.0276747994090158e-06,1.7451883516662825e-05,4.0846380198461014e-14,0.05183764971914819,False,direct_vp,global_exact_spherical_vp,main_single_proposed,True,79bd1c6b839b4c43,adaptive_jones,cpu,False,,numpy,numpy.linalg.solve,fixed_pol_anchor,True,fixed_anchor_then_adaptive_jones_score_selection,fixed_pol_anchor,0.7318209650103219,1.3544201542792689,1.0095541913474668,0.0,True,3,4,3096725.458075429,4114996.7080198294,"[0.9424214547528096,1.3544201542792689,0.7318209650103219]","[1.0610963862886063,0.7383233310868578,1.366454430538436]","[3.34670300921186e-06,4.840745272023233e-07,1.5598132990837654e-06]",direct_vp,[],3095547.2035318897,3096560,True,25501774.467760447,78.58814273644612,38.84879559620112,0.004277681501017557,"[5.000771668825238,4.993784066900087,5.004039789195419]",177.68550043553114,2068.637204758823,2247.635823920369,nan,nan,nan,nan,False,,nan,,,nan,nan,nan,,,,,,,,0.00012671278769122577,1.0276747994090158e-06,0.05183764971914819,nan,nan,nan,False,not_run,not_requested
fig2,PEB,64,1096511241,5.0,snr_db,5.0,3,3,3,3,full_6d,1096511241,,,nan,,False,,5.042737975716591,nan,nan,nan,nan,nan,nan,False,,,peb_only,False,93fbb80fb12780af,,,,,,,adaptive_jones,True,fixed_anchor_then_adaptive_jones_score_selection,,nan,nan,nan,nan,True,,,nan,nan,,,,,[],nan,,,nan,nan,nan,nan,,nan,nan,nan,0.00020043971240669495,nan,nan,0.00020043971240669495,False,e140a9cd0c7a64d7d06d7886e7a75298e3fbf2d3964882a91cad3a1a2e55c6a3,0.05185487781726453,computed_unscaled,cpu,nan,nan,nan,,,,,,,,nan,nan,nan,nan,nan,nan,False,,
fig2,adaptive_jones_vp_proposed,50,3229661427,5.0,snr_db,5.0,3,3,3,3,full_6d,3229661427,,,nan,,False,,2652.7832126021385,0.0002943610544740838,0.0002943610544740838,2.0169268817966257e-06,6.463286130426699e-05,1.718320001056671e-12,0.1544916892681293,False,direct_vp,global_exact_spherical_vp,main_single_proposed,True,2f93f7388bde46c0,adaptive_jones,cpu,False,,numpy,numpy.linalg.solve,fixed_pol_anchor,True,fixed_anchor_then_adaptive_jones_score_selection,fixed_pol_anchor,0.39583444709439697,4.013217568435886,2.3150531808722454,0.0,True,3,4,3096725.458075429,3461415.413916402,"[0.39583444709439697,2.5361075270864535,4.013217568435886]","[2.526308681167226,0.3943050479197505,0.24917662273309726]","[1.7887001408352577e-07,4.108327297970142e-08,1.0771123477143952e-07]",direct_vp,[],3095812.3300040057,3096560,True,13488265.96884463,123.78875136822236,25.12839555262927,0.05252273183221211,"[4.9743240970608165,5.026414885331649,5.1022457909377605]",182.33629039674997,2471.293907791376,2654.8406944572926,nan,nan,nan,nan,False,,nan,,,nan,nan,nan,,,,,,,,0.0002943610544740838,2.0169268817966257e-06,0.1544916892681293,nan,nan,nan,False,not_run,not_requested
fig2,PEB,50,3229661427,5.0,snr_db,5.0,3,3,3,3,full_6d,3229661427,,,nan,,False,,5.352241024374962,nan,nan,nan,nan,nan,nan,False,,,peb_only,False,094bcd662f7b52cd,,,,,,,adaptive_jones,True,fixed_anchor_then_adaptive_jones_score_selection,,nan,nan,nan,nan,True,,,nan,nan,,,,,[],nan,,,nan,nan,nan,nan,,nan,nan,nan,0.00027901760448752796,nan,nan,0.00027901760448752796,False,1942487101149f69652abec158449acd8ba5e0555a4e067cb0f025310bb6ac8a,0.1545297990290412,computed_unscaled,cpu,nan,nan,nan,,,,,,,,nan,nan,nan,nan,nan,nan,False,,
fig2,adaptive_jones_vp_proposed,30,635628036,10.0,snr_db,10.0,3,3,3,3,full_6d,635628036,,,nan,,False,,159.50294786691666,0.0002262174845612151,0.0002262174845612151,6.708780333597952e-07,1.8758121977826886e-05,5.96680779124435e-14,0.03856780181732348,False,direct_vp,global_exact_spherical_vp,main_single_proposed,True,e0a130324fabc04e,adaptive_jones,cpu,False,,numpy,numpy.linalg.solve,fixed_pol_anchor,True,fixed_anchor_then_adaptive_jones_score_selection,fixed_pol_anchor,0.26852282074461276,0.32507589448506347,0.3015183443117576,0.0,True,3,4,3096725.458075429,3105441.398310398,"[0.32507589448506347,0.3109563177055966,0.26852282074461276]","[3.076204717005317,3.215885779000177,3.7240782635410103]","[1.6686398913498433e-07,3.917468109147576e-09,1.2331031529373254e-07]",direct_vp,[],3098435.4065009817,3096560,True,81549785.07074971,70.9615787701301,85.33630647365102,0.01953032385661765,"[5.017613790021804,5.0399258114111385,4.992121727767255]",191.1136293411255,152.84761564433575,345.27223647385836,nan,nan,nan,nan,False,,nan,,,nan,nan,nan,,,,,,,,0.0002262174845612151,6.708780333597952e-07,0.03856780181732348,nan,nan,nan,False,not_run,not_requested
fig2,PEB,30,635628036,10.0,snr_db,10.0,3,3,3,3,full_6d,635628036,,,nan,,False,,5.138846181333065,nan,nan,nan,nan,nan,nan,False,,,peb_only,False,75df9a6b5de5a2cc,,,,,,,adaptive_jones,True,fixed_anchor_then_adaptive_jones_score_selection,,nan,nan,nan,nan,True,,,nan,nan,,,,,[],nan,,,nan,nan,nan,nan,,nan,nan,nan,0.0001122363957541241,nan,nan,0.0001122363957541241,False,5590d75cc6f366b617653df89fa7a75298a3f157b3c5c00e92e68278a75325fa,0.03854465683864255,computed_unscaled,cpu,nan,nan,nan,,,,,,,,nan,nan,nan,nan,nan,nan,False,,
fig2,adaptive_jones_vp_proposed,72,2100195688,5.0,snr_db,5.0,3,3,3,3,full_6d,2100195688,,,nan,,False,,1993.6329054683447,8.858826205609113e-05,8.858826205609113e-05,2.2001699851529563e-06,6.945780344064702e-05,8.963410039775441e-13,0.10409754763233822,False,direct_vp,global_exact_spherical_vp,main_single_proposed,True,dbe7c7fd1a1752b7,adaptive_jones,cpu,False,,numpy,numpy.linalg.solve,fixed_pol_anchor,True,fixed_anchor_then_adaptive_jones_score_selection,fixed_pol_anchor,0.5296670640736312,1.6723115878900319,1.2274931145664214,0.0,True,3,4,3096725.458075429,3915280.1401943476,"[1.6723115878900319,0.5296670640736312,1.4805006917356016]","[0.5979746879946191,1.887978445003815,0.675447168367218]","[2.779674388399395e-06,2.3604906090362707e-08,1.030762516375725e-06]",direct_vp,[],3100307.427775518,3096560,True,21672134.116966456,79.09916338739906,29.80818082664145,0.0226053912087132,"[5.014207762364425,4.982456673910118,5.037618576954555]",159.10519186407328,1986.8726639971137,2147.30153439939,nan,nan,nan,nan,False,,nan,,,nan,nan,nan,,,,,,,,8.858826205609113e-05,2.2001699851529563e-06,0.10409754763233822,nan,nan,nan,False,not_run,not_requested
fig2,PEB,72,2100195688,5.0,snr_db,5.0,3,3,3,3,full_6d,2100195688,,,nan,,False,,5.400738209486008,nan,nan,nan,nan,nan,nan,False,,,peb_only,False,644424c3f6b3dda5,,,,,,,adaptive_jones,True,fixed_anchor_then_adaptive_jones_score_selection,,nan,nan,nan,nan,True,,,nan,nan,,,,,[],nan,,,nan,nan,nan,nan,,nan,nan,nan,0.00021937760082228449,nan,nan,0.00021937760082228449,False,c74090ee2666e0b285da3833dfd6aa0f2593b8f113092ef5692488e84b651980,0.10397225925702464,computed_unscaled,cpu,nan,nan,nan,,,,,,,,nan,nan,nan,nan,nan,nan,False,,
fig2,adaptive_jones_vp_proposed,32,2857393641,10.0,snr_db,10.0,3,3,3,3,full_6d,2857393641,,,nan,,False,,162.17754974216223,0.00021166461507063033,0.00021166461507063033,8.650434585713801e-07,1.4301971490677254e-05,1.846429422358979e-14,0.01806218713943081,False,direct_vp,global_exact_spherical_vp,main_single_proposed,True,4e391ec604381f48,adaptive_jones,cpu,False,,numpy,numpy.linalg.solve,fixed_pol_anchor,True,fixed_anchor_then_adaptive_jones_score_selection,fixed_pol_anchor,0.2130801504320881,0.45271225331060067,0.3292529029691129,0.0,True,3,4,3096725.458075429,3097479.1293170056,"[0.2130801504320881,0.45271225331060067,0.32196630516464997]","[4.693069710960722,2.2089086228321255,3.105915072349851]","[1.0681777861303165e-07,8.517639979983043e-08,1.7511667212935326e-06]",direct_vp,[],3094783.9151634756,3096560,True,77978091.5076575,73.4890592135416,71.24321692150812,0.014200453433269363,"[5.027451744987686,4.992696704851042,5.008848117859513]",189.68388897925615,155.7353825494647,346.7510292753577,nan,nan,nan,nan,False,,nan,,,nan,nan,nan,,,,,,,,0.00021166461507063033,8.650434585713801e-07,0.01806218713943081,nan,nan,nan,False,not_run,not_requested
fig2,PEB,32,2857393641,10.0,snr_db,10.0,3,3,3,3,full_6d,2857393641,,,nan,,False,,5.395140700042248,nan,nan,nan,nan,nan,nan,False,,,peb_only,False,7e70082d643da715,,,,,,,adaptive_jones,True,fixed_anchor_then_adaptive_jones_score_selection,,nan,nan,nan,nan,True,,,nan,nan,,,,,[],nan,,,nan,nan,nan,nan,,nan,nan,nan,0.00011542732131935694,nan,nan,0.00011542732131935694,False,73ca4065ba0c89751d2f0dc2de518337698a325ed5053ee6dc1f366512a9f819,0.01807264634193876,computed_unscaled,cpu,nan,nan,nan,,,,,,,,nan,nan,nan,nan,nan,nan,False,,
fig2,adaptive_jones_vp_proposed,33,3489193506,10.0,snr_db,10.0,3,3,3,3,full_6d,3489193506,,,nan,,False,,149.1931215301156,3.150065189099231e-05,3.150065189099231e-05,3.523433235573875e-07,2.0652448031768754e-05,6.66014240004794e-14,0.050198290773973774,False,direct_vp,global_exact_spherical_vp,main_single_proposed,True,7f3de34c8703d5f0,adaptive_jones,cpu,False,,numpy,numpy.linalg.solve,fixed_pol_anchor,True,fixed_anchor_then_adaptive_jones_score_selection,fixed_pol_anchor,0.23217291157170405,0.5734793044836829,0.35225279856479236,0.0,True,3,4,3096725.458075429,3132116.70661822,"[0.23217291157170405,0.5734793044836829,0.2511061796389901]","[4.3071346835004425,1.7437420883038672,3.982379093327878]","[1.9528080880861905e-08,2.1665669294843772e-08,4.779916053939439e-07]",direct_vp,[],3094849.868939811,3096560,True,77891697.3230024,79.35078514791107,63.998660118064755,0.022968668920468897,"[4.981937776054724,5.014910654317057,5.037903461103518]",185.58881994336843,142.90977858752012,329.82039166241884,nan,nan,nan,nan,False,,nan,,,nan,nan,nan,,,,,,,,3.150065189099231e-05,3.523433235573875e-07,0.050198290773973774,nan,nan,nan,False,not_run,not_requested
fig2,PEB,33,3489193506,10.0,snr_db,10.0,3,3,3,3,full_6d,3489193506,,,nan,,False,,5.002174943685532,nan,nan,nan,nan,nan,nan,False,,,peb_only,False,1116a51f158dd234,,,,,,,adaptive_jones,True,fixed_anchor_then_adaptive_jones_score_selection,,nan,nan,nan,nan,True,,,nan,nan,,,,,[],nan,,,nan,nan,nan,nan,,nan,nan,nan,0.0001159415437043294,nan,nan,0.0001159415437043294,False,76527bb9436024da57d5b3c4ee115c2d9eeebd7e9b24b99b40e819fe3069631e,0.05022628852266684,computed_unscaled,cpu,nan,nan,nan,,,,,,,,nan,nan,nan,nan,nan,nan,False,,
fig2,adaptive_jones_vp_proposed,35,714029656,10.0,snr_db,10.0,3,3,3,3,full_6d,714029656,,,nan,,False,,161.73169071227312,0.00016638976028405332,0.00016638976028405332,7.554754466439087e-07,4.965100535844344e-05,6.482466400361422e-13,0.019215008577383823,False,direct_vp,global_exact_spherical_vp,main_single_proposed,True,dc01faf1529757da,adaptive_jones,cpu,False,,numpy,numpy.linalg.solve,fixed_pol_anchor,True,fixed_anchor_then_adaptive_jones_score_selection,fixed_pol_anchor,0.1348582511185199,2.674329412630246,1.0896047790453867,0.0,True,3,4,3096725.458075429,3097938.3865852477,"[2.674329412630246,0.1348582511185199,0.4596266733873937]","[0.37392551391558365,7.4151932989329445,2.175678779975191]","[9.948241474867721e-08,2.1542297894727004e-08,9.764937305657065e-08]",direct_vp,[],3096779.2883741255,3096560,True,74317324.92790434,80.84589765924717,35.82772740709709,0.014082765773556896,"[4.981307043575817,5.007792293313514,4.975409188487341]",175.69611424207687,154.93502639234066,331.95044109225273,nan,nan,nan,nan,False,,nan,,,nan,nan,nan,,,,,,,,0.00016638976028405332,7.554754466439087e-07,0.019215008577383823,nan,nan,nan,False,not_run,not_requested
fig2,PEB,35,714029656,10.0,snr_db,10.0,3,3,3,3,full_6d,714029656,,,nan,,False,,5.421645723283291,nan,nan,nan,nan,nan,nan,False,,,peb_only,False,85e21663256944a8,,,,,,,adaptive_jones,True,fixed_anchor_then_adaptive_jones_score_selection,,nan,nan,nan,nan,True,,,nan,nan,,,,,[],nan,,,nan,nan,nan,nan,,nan,nan,nan,0.000121110425305121,nan,nan,0.000121110425305121,False,5d8c0ccf801b5347ce0be3d5af96b3f2d9a4ebabf39c0be2596e7a64087c3f22,0.019213747206298332,computed_unscaled,cpu,nan,nan,nan,,,,,,,,nan,nan,nan,nan,nan,nan,False,,
fig2,adaptive_jones_vp_proposed,34,1995992425,10.0,snr_db,10.0,3,3,3,3,full_6d,1995992425,,,nan,,False,,202.43053495883942,6.641759197870954e-05,6.641759197870954e-05,4.3526082830480235e-07,5.5721354396938795e-05,5.28148286176039e-13,0.0764299471787426,False,direct_vp,global_exact_spherical_vp,main_single_proposed,True,162faaa28467b58d,adaptive_jones,cpu,False,,numpy,numpy.linalg.solve,fixed_pol_anchor,True,fixed_anchor_then_adaptive_jones_score_selection,fixed_pol_anchor,0.14876310615324392,1.170038943657193,0.5800324480569058,0.0,True,3,4,3096725.458075429,3097819.974320675,"[1.170038943657193,0.14876310615324392,0.42129529436028046]","[0.8546724067774429,6.722096801136504,2.3736320186486712]","[1.3981786569711564e-06,2.554155644208851e-08,7.086386156404072e-07]",direct_vp,[],3099047.209423028,3096560,True,67207882.43756771,76.70424614386478,49.38894073306772,0.01643014857427331,"[5.035551450550793,5.000973251062572,5.000428811901246]",187.9916871264577,195.94006972014904,385.33139876276255,nan,nan,nan,nan,False,,nan,,,nan,nan,nan,,,,,,,,6.641759197870954e-05,4.3526082830480235e-07,0.0764299471787426,nan,nan,nan,False,not_run,not_requested
fig2,PEB,34,1995992425,10.0,snr_db,10.0,3,3,3,3,full_6d,1995992425,,,nan,,False,,5.5430589616298676,nan,nan,nan,nan,nan,nan,False,,,peb_only,False,ce455b9412dc97c9,,,,,,,adaptive_jones,True,fixed_anchor_then_adaptive_jones_score_selection,,nan,nan,nan,nan,True,,,nan,nan,,,,,[],nan,,,nan,nan,nan,nan,,nan,nan,nan,0.00012635780725055043,nan,nan,0.00012635780725055043,False,08ae9de45575216533d6edee2ff062b3deef6ce05030f7f9832ee4fff1bbeb0e,0.07636900121925695,computed_unscaled,cpu,nan,nan,nan,,,,,,,,nan,nan,nan,nan,nan,nan,False,,
fig2,adaptive_jones_vp_proposed,39,1925729663,10.0,snr_db,10.0,3,3,3,3,full_6d,1925729663,,,nan,,False,,167.48382929712534,7.280263906776988e-05,7.280263906776988e-05,7.485082482397408e-07,1.2277192658068882e-05,9.89604317555139e-14,0.00888098110179779,False,direct_vp,global_exact_spherical_vp,main_single_proposed,True,34e598c6b9418bcb,adaptive_jones,cpu,False,,numpy,numpy.linalg.solve,fixed_pol_anchor,True,fixed_anchor_then_adaptive_jones_score_selection,fixed_pol_anchor,0.13649340091295487,2.0768604454733097,0.8894127732624294,0.0,True,3,4,3096725.458075429,3121987.6750095054,"[0.4548844734010236,2.0768604454733097,0.13649340091295487]","[2.1983603716408906,0.4814960014176718,7.326361518661167]","[9.235013544232505e-07,6.773547118592816e-08,7.877685608529054e-07]",direct_vp,[],3096020.3861687374,3096560,True,82651614.98145978,90.08895854463923,42.69887965651095,0.033815724412397156,"[4.98801626818332,5.066992114475344,5.005873743905566]",166.542657867074,160.98665951937437,328.751800917089,nan,nan,nan,nan,False,,nan,,,nan,nan,nan,,,,,,,,7.280263906776988e-05,7.485082482397408e-07,0.00888098110179779,nan,nan,nan,False,not_run,not_requested
fig2,PEB,39,1925729663,10.0,snr_db,10.0,3,3,3,3,full_6d,1925729663,,,nan,,False,,5.359400510787964,nan,nan,nan,nan,nan,nan,False,,,peb_only,False,4826d7d9cb5e8b90,,,,,,,adaptive_jones,True,fixed_anchor_then_adaptive_jones_score_selection,,nan,nan,nan,nan,True,,,nan,nan,,,,,[],nan,,,nan,nan,nan,nan,,nan,nan,nan,0.00010316082605915418,nan,nan,0.00010316082605915418,False,96864a0d945e4bbb9c67c4c5c4b209be5179ce0b5fab7e2f47325b1eaa6bc2cc,0.008882574888439954,computed_unscaled,cpu,nan,nan,nan,,,,,,,,nan,nan,nan,nan,nan,nan,False,,
fig2,adaptive_jones_vp_proposed,38,445142407,10.0,snr_db,10.0,3,3,3,3,full_6d,445142407,,,nan,,False,,179.51761386543512,0.000261642090469019,0.000261642090469019,6.915347929491306e-07,7.553807047399455e-05,8.997206327976585e-13,0.07093716209345793,False,direct_vp,global_exact_spherical_vp,main_single_proposed,True,7ba97fdcb229ad90,adaptive_jones,cpu,False,,numpy,numpy.linalg.solve,fixed_pol_anchor,True,fixed_anchor_then_adaptive_jones_score_selection,fixed_pol_anchor,0.11534716805560759,1.6246005653329163,1.0446314781077841,0.0,True,3,4,3096725.458075429,3141782.8471163744,"[0.11534716805560759,1.6246005653329163,1.3939467009348285]","[8.669480290298898,0.6155359177740121,0.7173875438192664]","[2.2846736732780518e-07,5.855560193107929e-07,3.816002593993959e-08]",direct_vp,[],3095402.7159510422,3096560,True,47510196.73091128,121.33956941391003,37.29923468651191,0.030031071003128483,"[5.002154091179163,4.943667363330976,4.934273044684989]",165.17710581421852,172.9451176598668,339.3439436554909,nan,nan,nan,nan,False,,nan,,,nan,nan,nan,,,,,,,,0.000261642090469019,6.915347929491306e-07,0.07093716209345793,nan,nan,nan,False,not_run,not_requested
fig2,PEB,38,445142407,10.0,snr_db,10.0,3,3,3,3,full_6d,445142407,,,nan,,False,,5.426532983779907,nan,nan,nan,nan,nan,nan,False,,,peb_only,False,05f0fe1be5a42f7d,,,,,,,adaptive_jones,True,fixed_anchor_then_adaptive_jones_score_selection,,nan,nan,nan,nan,True,,,nan,nan,,,,,[],nan,,,nan,nan,nan,nan,,nan,nan,nan,0.0001519258569948173,nan,nan,0.0001519258569948173,False,188df01b21e845096046e025598027817a0fefeca6c3a9da8733d6021c9aadff,0.07096405017504218,computed_unscaled,cpu,nan,nan,nan,,,,,,,,nan,nan,nan,nan,nan,nan,False,,
fig2,adaptive_jones_vp_proposed,42,1970772956,10.0,snr_db,10.0,3,3,3,3,full_6d,1970772956,,,nan,,False,,163.63077156245708,2.9007390876048046e-05,2.9007390876048046e-05,1.8408381221291126e-07,6.591413405091831e-06,8.423272555138398e-14,0.017197754359987855,False,direct_vp,global_exact_spherical_vp,main_single_proposed,True,ea3872b55d6d312a,adaptive_jones,cpu,False,,numpy,numpy.linalg.solve,fixed_pol_anchor,True,fixed_anchor_then_adaptive_jones_score_selection,fixed_pol_anchor,0.17889154552309458,1.0471666565531177,0.5050275351921134,0.0,True,3,4,3096725.458075429,3097463.65439546,"[1.0471666565531177,0.289024403500128,0.17889154552309458]","[0.9549578319181591,3.4599154531228646,5.589979096416957]","[1.205350598872929e-06,2.3103939090360906e-08,1.7257306559169692e-07]",direct_vp,[],3097092.7228794536,3096560,True,85657665.23659931,72.50148847893682,50.30557442305333,0.014301370189507782,"[5.023494928672451,4.988638751557243,5.003039210757915]",143.40271741896868,156.84255907684565,301.5638250410557,nan,nan,nan,nan,False,,nan,,,nan,nan,nan,,,,,,,,2.9007390876048046e-05,1.8408381221291126e-07,0.017197754359987855,nan,nan,nan,False,not_run,not_requested
fig2,PEB,42,1970772956,10.0,snr_db,10.0,3,3,3,3,full_6d,1970772956,,,nan,,False,,5.464147999882698,nan,nan,nan,nan,nan,nan,False,,,peb_only,False,456f5ded9f78f2b2,,,,,,,adaptive_jones,True,fixed_anchor_then_adaptive_jones_score_selection,,nan,nan,nan,nan,True,,,nan,nan,,,,,[],nan,,,nan,nan,nan,nan,,nan,nan,nan,0.00010700230858484586,nan,nan,0.00010700230858484586,False,4af21c66cd27ed283a830009c130c6232a0ae08038b9a036394b8e1c4ae43a65,0.01719488506483005,computed_unscaled,cpu,nan,nan,nan,,,,,,,,nan,nan,nan,nan,nan,nan,False,,
fig2,adaptive_jones_vp_proposed,43,409305243,10.0,snr_db,10.0,3,3,3,3,full_6d,409305243,,,nan,,False,,159.97727754712105,0.00020444502730057848,0.00020444502730057848,4.224447680779963e-07,3.134487809899202e-05,6.314972754455312e-14,0.03333401688536391,False,direct_vp,global_exact_spherical_vp,main_single_proposed,True,b48ebfcbf99d3cb0,adaptive_jones,cpu,False,,numpy,numpy.linalg.solve,fixed_pol_anchor,True,fixed_anchor_then_adaptive_jones_score_selection,fixed_pol_anchor,0.18397671049443434,0.81168599849308,0.43136910125491507,0.0,True,3,4,3096725.458075429,3097863.698829649,"[0.18397671049443434,0.2984445947772309,0.81168599849308]","[5.435470594687407,3.350705683733811,1.2320035110322451]","[2.6624682828428715e-07,2.5456877144259192e-08,1.6272288602900806e-06]",direct_vp,[],3099037.346352619,3096560,True,57513024.38046503,97.08399636340526,52.837285088172145,0.0017101353782092393,"[4.99672851872944,4.992819490599275,4.996077905681037]",183.0877073481679,153.72646839916706,338.002283886075,nan,nan,nan,nan,False,,nan,,,nan,nan,nan,,,,,,,,0.00020444502730057848,4.224447680779963e-07,0.03333401688536391,nan,nan,nan,False,not_run,not_requested
fig2,PEB,43,409305243,10.0,snr_db,10.0,3,3,3,3,full_6d,409305243,,,nan,,False,,5.017302259802818,nan,nan,nan,nan,nan,nan,False,,,peb_only,False,3d35ae36f27a5722,,,,,,,adaptive_jones,True,fixed_anchor_then_adaptive_jones_score_selection,,nan,nan,nan,nan,True,,,nan,nan,,,,,[],nan,,,nan,nan,nan,nan,,nan,nan,nan,0.0001340433220867418,nan,nan,0.0001340433220867418,False,d06249056a46bde512ae6accc3f5b861faabc2ef0f40296322d007b403b53207,0.03330754203149501,computed_unscaled,cpu,nan,nan,nan,,,,,,,,nan,nan,nan,nan,nan,nan,False,,
fig2,adaptive_jones_vp_proposed,89,850792180,5.0,snr_db,5.0,3,3,3,3,full_6d,850792180,,,nan,,False,,1722.3070400953293,0.00023311837528733171,0.00023311837528733171,1.9923732222911005e-06,0.00010944958311751917,3.2909377368508865e-13,0.24954020662491988,False,direct_vp,global_exact_spherical_vp,main_single_proposed,True,715242e667471f24,adaptive_jones,cpu,False,,numpy,numpy.linalg.solve,fixed_pol_anchor,True,fixed_anchor_then_adaptive_jones_score_selection,fixed_pol_anchor,0.531458812962215,2.231934008057646,1.3181452243694036,0.0,True,3,4,3096725.458075429,3114355.6149495305,"[2.231934008057646,0.531458812962215,1.1910428520883503]","[0.4480419207680894,1.8816133548067917,0.8396003537953562]","[2.23878958252281e-08,8.903891928488035e-08,2.284693430959831e-06]",direct_vp,[],3098301.4836796126,3096560,True,22561573.14318419,67.12995297454326,38.818354624722105,0.008192858197620138,"[5.024079422499956,5.030856005721563,5.011108875387033]",183.29753097891808,1716.147076740861,1900.8201606944203,nan,nan,nan,nan,False,,nan,,,nan,nan,nan,,,,,,,,0.00023311837528733171,1.9923732222911005e-06,0.24954020662491988,nan,nan,nan,False,not_run,not_requested
fig2,PEB,89,850792180,5.0,snr_db,5.0,3,3,3,3,full_6d,850792180,,,nan,,False,,5.100677132606506,nan,nan,nan,nan,nan,nan,False,,,peb_only,False,c80bcc99bd98238b,,,,,,,adaptive_jones,True,fixed_anchor_then_adaptive_jones_score_selection,,nan,nan,nan,nan,True,,,nan,nan,,,,,[],nan,,,nan,nan,nan,nan,,nan,nan,nan,0.00021697474541474194,nan,nan,0.00021697474541474194,False,2d81d18bd4ebd93cb30153245eac7dedb296bdb9883caf62dadd0506edd2daa4,0.24940123449576893,computed_unscaled,cpu,nan,nan,nan,,,,,,,,nan,nan,nan,nan,nan,nan,False,,
fig2,adaptive_jones_vp_proposed,45,2629875502,10.0,snr_db,10.0,3,3,3,3,full_6d,2629875502,,,nan,,False,,150.76690888404846,3.684325110763214e-05,3.684325110763214e-05,4.479130273458199e-07,1.7612313307765067e-05,9.278558670259571e-14,0.036892604820950636,False,direct_vp,global_exact_spherical_vp,main_single_proposed,True,835c085ab68ddf38,adaptive_jones,cpu,False,,numpy,numpy.linalg.solve,fixed_pol_anchor,True,fixed_anchor_then_adaptive_jones_score_selection,fixed_pol_anchor,0.23583208477934825,0.38620181689198424,0.3133469529639314,0.0,True,3,4,3096725.458075429,3098219.4286094722,"[0.38620181689198424,0.23583208477934825,0.3180069572204617]","[2.589319770806001,4.24030513462744,3.144585290649542]","[7.143642338467799e-08,4.190913429795024e-09,5.93502418071323e-07]",direct_vp,[],3094883.957092439,3096560,True,82340188.72881521,71.66994986139247,57.90883576593775,0.013140927130972169,"[5.0331392935411285,5.0129436726049725,5.001334790150609]",187.36421469599009,144.35063313692808,332.9674178287387,nan,nan,nan,nan,False,,nan,,,nan,nan,nan,,,,,,,,3.684325110763214e-05,4.479130273458199e-07,0.036892604820950636,nan,nan,nan,False,not_run,not_requested
fig2,PEB,45,2629875502,10.0,snr_db,10.0,3,3,3,3,full_6d,2629875502,,,nan,,False,,5.3191835433244705,nan,nan,nan,nan,nan,nan,False,,,peb_only,False,39027eca51de9d70,,,,,,,adaptive_jones,True,fixed_anchor_then_adaptive_jones_score_selection,,nan,nan,nan,nan,True,,,nan,nan,,,,,[],nan,,,nan,nan,nan,nan,,nan,nan,nan,0.00011130707313227606,nan,nan,0.00011130707313227606,False,61ef90b44bee96edd1828bab28b96f525f17a012a323714534c6c3c927bfb322,0.03691277484063286,computed_unscaled,cpu,nan,nan,nan,,,,,,,,nan,nan,nan,nan,nan,nan,False,,
fig2,adaptive_jones_vp_proposed,41,4278604885,10.0,snr_db,10.0,3,3,3,3,full_6d,4278604885,,,nan,,False,,330.38275441527367,8.582286696382247e-05,8.582286696382247e-05,5.924042415194163e-07,6.124535982072037e-05,6.33182641899558e-14,0.02849161797691961,False,direct_vp,global_exact_spherical_vp,main_single_proposed,True,2275971d27ccc4ae,adaptive_jones,cpu,False,,numpy,numpy.linalg.solve,fixed_pol_anchor,True,fixed_anchor_then_adaptive_jones_score_selection,fixed_pol_anchor,0.17007641635790793,5.386140120975318,1.9369553192049491,0.0,True,3,4,3096725.458075429,3100946.2894075545,"[0.17007641635790793,0.25464942028162185,5.386140120975318]","[5.879709964581068,3.9269675104456376,0.1856617127542413]","[1.7644370457153268e-07,3.514891927615479e-08,3.9729475198386965e-07]",direct_vp,[],3096803.1721142144,3096560,True,43609016.55711061,110.49972394921454,37.062046976788054,0.02057127474561766,"[4.980137532842265,4.992346038868324,5.028579857805105]",166.46775727719069,323.6847970932722,491.3865199908614,nan,nan,nan,nan,False,,nan,,,nan,nan,nan,,,,,,,,8.582286696382247e-05,5.924042415194163e-07,0.02849161797691961,nan,nan,nan,False,not_run,not_requested
fig2,PEB,41,4278604885,10.0,snr_db,10.0,3,3,3,3,full_6d,4278604885,,,nan,,False,,5.494552485644817,nan,nan,nan,nan,nan,nan,False,,,peb_only,False,229e10f574f9b9ee,,,,,,,adaptive_jones,True,fixed_anchor_then_adaptive_jones_score_selection,,nan,nan,nan,nan,True,,,nan,nan,,,,,[],nan,,,nan,nan,nan,nan,,nan,nan,nan,0.0001532984328488081,nan,nan,0.0001532984328488081,False,3ffbd47003275298d380fa4fdbe537af868b54f1a66ff07176dee6a601458b33,0.028489527917999663,computed_unscaled,cpu,nan,nan,nan,,,,,,,,nan,nan,nan,nan,nan,nan,False,,
fig2,adaptive_jones_vp_proposed,47,582567175,10.0,snr_db,10.0,3,3,3,3,full_6d,582567175,,,nan,,False,,158.11841725558043,0.00010223159890737076,0.00010223159890737076,8.003981388764673e-07,1.823125393668211e-05,2.881090570213807e-14,0.021487053806832558,False,direct_vp,global_exact_spherical_vp,main_single_proposed,True,10e6c789a8908415,adaptive_jones,cpu,False,,numpy,numpy.linalg.solve,fixed_pol_anchor,True,fixed_anchor_then_adaptive_jones_score_selection,fixed_pol_anchor,0.14562357112849741,2.2368519715569706,0.9167546493074212,0.0,True,3,4,3096725.458075429,3098288.960594852,"[0.3677884052367958,0.14562357112849741,2.2368519715569706]","[2.718954664587088,6.8670201688534345,0.4470568516439239]","[4.41971455343922e-06,1.0252602590794357e-08,1.868029925641386e-08]",direct_vp,[],3097251.2541427445,3096560,True,53929388.48577875,95.86949239858562,36.50455510986219,0.011672058004445015,"[4.979356008066088,5.004689193868617,4.98054486190049]",148.7118141129613,151.40034052729607,301.50633250921965,nan,nan,nan,nan,False,,nan,,,nan,nan,nan,,,,,,,,0.00010223159890737076,8.003981388764673e-07,0.021487053806832558,nan,nan,nan,False,not_run,not_requested
fig2,PEB,47,582567175,10.0,snr_db,10.0,3,3,3,3,full_6d,582567175,,,nan,,False,,5.480020456016064,nan,nan,nan,nan,nan,nan,False,,,peb_only,False,f86019e0bac3e5b4,,,,,,,adaptive_jones,True,fixed_anchor_then_adaptive_jones_score_selection,,nan,nan,nan,nan,True,,,nan,nan,,,,,[],nan,,,nan,nan,nan,nan,,nan,nan,nan,0.0001381373393494047,nan,nan,0.0001381373393494047,False,050689952234d9ff329be9f4e449f2035a50644af1a2423c3a762752f771130c,0.02148236925885505,computed_unscaled,cpu,nan,nan,nan,,,,,,,,nan,nan,nan,nan,nan,nan,False,,
fig2,adaptive_jones_vp_proposed,46,3306807379,10.0,snr_db,10.0,3,3,3,3,full_6d,3306807379,,,nan,,False,,229.7005364522338,0.00018832725924980412,0.00018832725924980412,5.22847397683028e-07,2.9375305808730683e-05,1.0372002277406615e-13,0.04312209158452738,False,direct_vp,global_exact_spherical_vp,main_single_proposed,True,0fc4e20dc5cf3845,adaptive_jones,cpu,False,,numpy,numpy.linalg.solve,fixed_pol_anchor,True,fixed_anchor_then_adaptive_jones_score_selection,fixed_pol_anchor,0.1437817003646266,1.2695231433506677,0.6161270015872823,0.0,True,3,4,3096725.458075429,3100568.3015931244,"[1.2695231433506677,0.4350761610465525,0.1437817003646266]","[0.7876973375683554,2.298448155822002,6.9549879954394935]","[4.014004671549794e-07,5.960600526746206e-08,7.22623914627523e-07]",direct_vp,[],3095202.1221433952,3096560,True,85395207.96999149,78.01574728688523,43.451965427834594,0.01391971257037351,"[4.989024914052474,5.009811473452037,5.022824432288904]",182.54169788956642,223.27344201505184,407.1382936015725,nan,nan,nan,nan,False,,nan,,,nan,nan,nan,,,,,,,,0.00018832725924980412,5.22847397683028e-07,0.04312209158452738,nan,nan,nan,False,not_run,not_requested
fig2,PEB,46,3306807379,10.0,snr_db,10.0,3,3,3,3,full_6d,3306807379,,,nan,,False,,5.162559024989605,nan,nan,nan,nan,nan,nan,False,,,peb_only,False,89789572859fe1a1,,,,,,,adaptive_jones,True,fixed_anchor_then_adaptive_jones_score_selection,,nan,nan,nan,nan,True,,,nan,nan,,,,,[],nan,,,nan,nan,nan,nan,,nan,nan,nan,0.00010437338646550407,nan,nan,0.00010437338646550407,False,324c3cee61ad53d18a3b7f70cef7049986ada5517935cd8531014229a0b305be,0.043141232333473827,computed_unscaled,cpu,nan,nan,nan,,,,,,,,nan,nan,nan,nan,nan,nan,False,,
fig2,adaptive_jones_vp_proposed,49,3038295588,10.0,snr_db,10.0,3,3,3,3,full_6d,3038295588,,,nan,,False,,168.91510167717934,8.459656160095473e-05,8.459656160095473e-05,1.0416350513161782e-06,1.3620459278670672e-05,5.055878074863513e-13,0.05803357765163571,False,direct_vp,global_exact_spherical_vp,main_single_proposed,True,f100a38ee9cdc6f1,adaptive_jones,cpu,False,,numpy,numpy.linalg.solve,fixed_pol_anchor,True,fixed_anchor_then_adaptive_jones_score_selection,fixed_pol_anchor,0.1685742486273397,3.6031688752533215,1.344326314933333,0.0,True,3,4,3096725.458075429,3192033.3191636736,"[0.26123582091933784,3.6031688752533215,0.1685742486273397]","[3.827958954788632,0.27753348083805585,5.932104150797618]","[5.543199566889371e-07,1.0726418618930955e-07,4.2886229850785386e-07]",direct_vp,[],3099200.7320349645,3096560,True,87334908.39680465,78.30097882726567,38.511397645551455,0.031936309630870165,"[5.023366241534505,5.092340477604999,5.025891014589394]",183.3386138305068,162.39646556973457,347.12470837682486,nan,nan,nan,nan,False,,nan,,,nan,nan,nan,,,,,,,,8.459656160095473e-05,1.0416350513161782e-06,0.05803357765163571,nan,nan,nan,False,not_run,not_requested
fig2,PEB,49,3038295588,10.0,snr_db,10.0,3,3,3,3,full_6d,3038295588,,,nan,,False,,5.366351701319218,nan,nan,nan,nan,nan,nan,False,,,peb_only,False,e6f019a7eb624828,,,,,,,adaptive_jones,True,fixed_anchor_then_adaptive_jones_score_selection,,nan,nan,nan,nan,True,,,nan,nan,,,,,[],nan,,,nan,nan,nan,nan,,nan,nan,nan,0.00010414866567453616,nan,nan,0.00010414866567453616,False,acf4e48940052036015f088be14d19342fd02a5a04e03acf4cbab7169512ba81,0.0579844286601582,computed_unscaled,cpu,nan,nan,nan,,,,,,,,nan,nan,nan,nan,nan,nan,False,,
fig2,adaptive_jones_vp_proposed,51,2092735507,10.0,snr_db,10.0,3,3,3,3,full_6d,2092735507,,,nan,,False,,174.9827858954668,0.0001930727272771547,0.0001930727272771547,4.299490477493486e-07,5.97848617522134e-05,1.6658041401577913e-13,0.07085824536450047,False,direct_vp,global_exact_spherical_vp,main_single_proposed,True,b6c0c3a6238ffad4,adaptive_jones,cpu,False,,numpy,numpy.linalg.solve,fixed_pol_anchor,True,fixed_anchor_then_adaptive_jones_score_selection,fixed_pol_anchor,0.11731413512459889,1.4299316913690763,0.9492001657166957,0.0,True,3,4,3096725.458075429,3116941.087902453,"[1.4299316913690763,0.11731413512459889,1.3003546706564122]","[0.6993341052824197,8.524121998920135,0.7690209621763461]","[2.4962712525913305e-07,6.103143261899772e-08,2.2009662797987052e-07]",direct_vp,[],3096489.5370046766,3096560,True,60640551.50133627,96.57681024573719,27.37728865759051,0.04427929105891493,"[5.0244358002933005,5.014026223429374,4.925734055722669]",194.18369695544243,168.52773723006248,364.07422302663326,nan,nan,nan,nan,False,,nan,,,nan,nan,nan,,,,,,,,0.0001930727272771547,4.299490477493486e-07,0.07085824536450047,nan,nan,nan,False,not_run,not_requested
fig2,PEB,51,2092735507,10.0,snr_db,10.0,3,3,3,3,full_6d,2092735507,,,nan,,False,,5.3873899802565575,nan,nan,nan,nan,nan,nan,False,,,peb_only,False,ecce433315053263,,,,,,,adaptive_jones,True,fixed_anchor_then_adaptive_jones_score_selection,,nan,nan,nan,nan,True,,,nan,nan,,,,,[],nan,,,nan,nan,nan,nan,,nan,nan,nan,0.0001331738523728923,nan,nan,0.0001331738523728923,False,ceb68ab38b09da961371426ea0267363a416dbe569c6f715609cdf27a87a3792,0.07086022393283224,computed_unscaled,cpu,nan,nan,nan,,,,,,,,nan,nan,nan,nan,nan,nan,False,,
fig2,adaptive_jones_vp_proposed,52,2910844986,10.0,snr_db,10.0,3,3,3,3,full_6d,2910844986,,,nan,,False,,170.0586670488119,0.0002216996488286611,0.0002216996488286611,5.781179987836574e-07,1.8699824240426798e-05,1.0746294495318963e-13,0.016636676777621463,False,direct_vp,global_exact_spherical_vp,main_single_proposed,True,6715162d2c7bc05e,adaptive_jones,cpu,False,,numpy,numpy.linalg.solve,fixed_pol_anchor,True,fixed_anchor_then_adaptive_jones_score_selection,fixed_pol_anchor,0.1627932781576284,3.582855013896708,1.3415431653011414,0.0,True,3,4,3096725.458075429,3115226.936489672,"[3.582855013896708,0.1627932781576284,0.27898120384908787]","[0.27910702390070163,6.1427597706556645,3.5844708754667973]","[4.122975049555862e-07,6.975868692274197e-08,2.9780492527886676e-07]",direct_vp,[],3098630.838969239,3096560,True,79495988.67291911,75.29698428930692,43.646576814472894,0.010068106321276174,"[4.987815976383414,4.990886027960311,4.968159458350782]",166.60533618927002,163.3514557927847,331.19151625037193,nan,nan,nan,nan,False,,nan,,,nan,nan,nan,,,,,,,,0.0002216996488286611,5.781179987836574e-07,0.016636676777621463,nan,nan,nan,False,not_run,not_requested
fig2,PEB,52,2910844986,10.0,snr_db,10.0,3,3,3,3,full_6d,2910844986,,,nan,,False,,5.387742675840855,nan,nan,nan,nan,nan,nan,False,,,peb_only,False,e3a959639c92562f,,,,,,,adaptive_jones,True,fixed_anchor_then_adaptive_jones_score_selection,,nan,nan,nan,nan,True,,,nan,nan,,,,,[],nan,,,nan,nan,nan,nan,,nan,nan,nan,0.00011624060580244765,nan,nan,0.00011624060580244765,False,9e98686db4702520cd73f5ec75cd23f453189f0d5a51de87101750eedce217fa,0.016625644262443676,computed_unscaled,cpu,nan,nan,nan,,,,,,,,nan,nan,nan,nan,nan,nan,False,,
fig2,adaptive_jones_vp_proposed,53,3576518520,10.0,snr_db,10.0,3,3,3,3,full_6d,3576518520,,,nan,,False,,128.38711720705032,7.805543786964764e-05,7.805543786964764e-05,1.708808197953124e-07,6.368029518694225e-05,6.905525295360445e-14,0.0187515568570631,False,direct_vp,global_exact_spherical_vp,main_single_proposed,True,a0d8cb48d60fb19f,adaptive_jones,cpu,False,,numpy,numpy.linalg.solve,fixed_pol_anchor,True,fixed_anchor_then_adaptive_jones_score_selection,fixed_pol_anchor,0.10407009733346487,16.301216162132484,6.502395644603568,0.0,True,3,4,3096725.458075429,3097379.4219393884,"[16.301216162132484,0.10407009733346487,3.1019006743447544]","[0.06134511621940736,9.608908088128933,0.32238298546040267]","[1.1676996124060902e-08,3.588381895438418e-08,3.120687461315499e-07]",direct_vp,"[""poor_clock_consistency""]",3093495.7680777567,3096560,True,36422168.47887272,166.85731063557333,16.013874867000066,0.11515587756354113,"[4.745478958767364,5.002305503210106,4.974907265367938]",178.2699132859707,121.8466473147273,301.4218791872263,nan,nan,nan,nan,False,,nan,,,nan,nan,nan,,,,,,,,7.805543786964764e-05,1.708808197953124e-07,0.0187515568570631,nan,nan,nan,False,not_run,not_requested
fig2,PEB,53,3576518520,10.0,snr_db,10.0,3,3,3,3,full_6d,3576518520,,,nan,,False,,5.299341231584549,nan,nan,nan,nan,nan,nan,False,,,peb_only,False,a6bc18dba03f0dce,,,,,,,adaptive_jones,True,fixed_anchor_then_adaptive_jones_score_selection,,nan,nan,nan,nan,True,,,nan,nan,,,,,[],nan,,,nan,nan,nan,nan,,nan,nan,nan,0.0001687316383805,nan,nan,0.0001687316383805,False,e200269e04ccf0a54521e583b609be7b0a3b6bdaccfd671ee9c073b4737a05cd,0.018770228013694025,computed_unscaled,cpu,nan,nan,nan,,,,,,,,nan,nan,nan,nan,nan,nan,False,,
fig2,adaptive_jones_vp_proposed,37,1911328645,10.0,snr_db,10.0,3,3,3,3,full_6d,1911328645,,,nan,,False,,628.7758284881711,0.00013969935342808673,0.00013969935342808673,4.2403379505164357e-07,2.973017846378111e-05,1.4799596781552405e-13,0.022844110095144005,False,direct_vp,global_exact_spherical_vp,main_single_proposed,True,5765d1de8946e046,adaptive_jones,cpu,False,,numpy,numpy.linalg.solve,fixed_pol_anchor,True,fixed_anchor_then_adaptive_jones_score_selection,fixed_pol_anchor,0.1487576099758683,0.7096054867988754,0.4621266605838204,0.0,True,3,4,3096725.458075429,3096843.8561443933,"[0.5280168849767177,0.1487576099758683,0.7096054867988754]","[1.8938788293551745,6.72234516380085,1.4092337483330677]","[5.217780889870485e-07,2.89323864142345e-08,2.4261167944477507e-07]",direct_vp,[],3094165.5678287195,3096560,True,56334778.24680791,84.99699896540147,42.26910216067508,0.045923146953413374,"[5.041659794776904,5.008216308553209,4.931925367909691]",160.48510316759348,622.0528780147433,783.8063074499369,nan,nan,nan,nan,False,,nan,,,nan,nan,nan,,,,,,,,0.00013969935342808673,4.2403379505164357e-07,0.022844110095144005,nan,nan,nan,False,not_run,not_requested
fig2,PEB,37,1911328645,10.0,snr_db,10.0,3,3,3,3,full_6d,1911328645,,,nan,,False,,5.229582235217094,nan,nan,nan,nan,nan,nan,False,,,peb_only,False,b9639c8eeaa36185,,,,,,,adaptive_jones,True,fixed_anchor_then_adaptive_jones_score_selection,,nan,nan,nan,nan,True,,,nan,nan,,,,,[],nan,,,nan,nan,nan,nan,,nan,nan,nan,0.00013637632982206713,nan,nan,0.00013637632982206713,False,89cd20fcd9a64ac709c19d36df44d0df4be8c42c9af5aab07d8f4fd5c690dd17,0.022861906226828144,computed_unscaled,cpu,nan,nan,nan,,,,,,,,nan,nan,nan,nan,nan,nan,False,,
fig2,adaptive_jones_vp_proposed,55,3199904066,10.0,snr_db,10.0,3,3,3,3,full_6d,3199904066,,,nan,,False,,171.1068839803338,5.015563187667248e-05,5.015563187667248e-05,3.477991513911147e-07,4.439481819428026e-05,1.9529356510386345e-13,0.039241461426108494,False,direct_vp,global_exact_spherical_vp,main_single_proposed,True,453c012dbff0e6e3,adaptive_jones,cpu,False,,numpy,numpy.linalg.solve,fixed_pol_anchor,True,fixed_anchor_then_adaptive_jones_score_selection,fixed_pol_anchor,0.2076633729252948,0.3930739692585515,0.32446025543035684,0.0,True,3,4,3096725.458075429,3097194.3110041255,"[0.3930739692585515,0.3726434241072243,0.2076633729252948]","[2.5440504286912953,2.6835305155200797,4.815485686826122]","[4.3984417880899414e-07,1.4707015301463742e-07,1.4835327518690565e-07]",direct_vp,[],3094481.90547759,3096560,True,85498106.00785041,66.28624607137289,81.33005144920007,0.005794551422003791,"[4.999214698981709,5.003075007189903,4.9893161070312395]",196.3882343918085,164.3964423686266,362.1644728705287,nan,nan,nan,nan,False,,nan,,,nan,nan,nan,,,,,,,,5.015563187667248e-05,3.477991513911147e-07,0.039241461426108494,nan,nan,nan,False,not_run,not_requested
fig2,PEB,55,3199904066,10.0,snr_db,10.0,3,3,3,3,full_6d,3199904066,,,nan,,False,,5.212548993527889,nan,nan,nan,nan,nan,nan,False,,,peb_only,False,2d46dff787435cd0,,,,,,,adaptive_jones,True,fixed_anchor_then_adaptive_jones_score_selection,,nan,nan,nan,nan,True,,,nan,nan,,,,,[],nan,,,nan,nan,nan,nan,,nan,nan,nan,0.00010862244274421898,nan,nan,0.00010862244274421898,False,ff385e78e5554a838decb9742089f6308b997df2029ddf9a6dfeb38655607425,0.03926801686638375,computed_unscaled,cpu,nan,nan,nan,,,,,,,,nan,nan,nan,nan,nan,nan,False,,
fig2,adaptive_jones_vp_proposed,14,1092560480,10.0,snr_db,10.0,3,3,3,3,full_6d,1092560480,,,nan,,False,,1625.4708793237805,0.00011070675669979949,0.00011070675669979949,6.068628198566402e-07,7.912676332698269e-05,2.1805180142011436e-13,0.021617529758422405,False,direct_vp,global_exact_spherical_vp,main_single_proposed,True,f18eca044d676295,adaptive_jones,cpu,False,,numpy,numpy.linalg.solve,fixed_pol_anchor,True,fixed_anchor_then_adaptive_jones_score_selection,fixed_pol_anchor,0.22509318460396613,0.37325294327508773,0.3166344748829736,0.0,True,3,4,3096725.458075429,4361121.276361891,"[0.37325294327508773,0.3515572967698669,0.22509318460396613]","[2.679148330955359,2.8444865436949214,4.442604522918794]","[4.3338784050535716e-07,5.749682993871973e-07,3.3521260515453663e-07]",direct_vp,[],3094527.367529094,3096560,True,79357469.40815215,68.81207161984771,54.22386208892347,0.015250199779178544,"[5.025940111288147,4.990894531200514,4.997218475004078]",185.15591452270746,1618.7060882896185,1805.1089373230934,nan,nan,nan,nan,False,,nan,,,nan,nan,nan,,,,,,,,0.00011070675669979949,6.068628198566402e-07,0.021617529758422405,nan,nan,nan,False,not_run,not_requested
fig2,PEB,14,1092560480,10.0,snr_db,10.0,3,3,3,3,full_6d,1092560480,,,nan,,False,,5.494830429553986,nan,nan,nan,nan,nan,nan,False,,,peb_only,False,b1116a47d10b3909,,,,,,,adaptive_jones,True,fixed_anchor_then_adaptive_jones_score_selection,,nan,nan,nan,nan,True,,,nan,nan,,,,,[],nan,,,nan,nan,nan,nan,,nan,nan,nan,0.00011431537096209003,nan,nan,0.00011431537096209003,False,f1022bc01518ff6f31f9f6e642efb32029d98d2c096644b99cc3e0e6c8ec44d7,0.021631840949807746,computed_unscaled,cpu,nan,nan,nan,,,,,,,,nan,nan,nan,nan,nan,nan,False,,
fig2,adaptive_jones_vp_proposed,83,2856883752,5.0,snr_db,5.0,3,3,3,3,full_6d,2856883752,,,nan,,False,,2472.616165652871,0.00011697870196852021,0.00011697870196852021,2.041184100302979e-06,9.812379751789064e-05,2.842747205417655e-13,0.06504503586835171,False,direct_vp,global_exact_spherical_vp,main_single_proposed,True,5595323a1feff1d4,adaptive_jones,cpu,False,,numpy,numpy.linalg.solve,fixed_pol_anchor,True,fixed_anchor_then_adaptive_jones_score_selection,fixed_pol_anchor,0.4139890635245037,253.165978300877,84.97644815846566,0.0,True,3,4,3096725.458075429,3640348.4091736204,"[1.3493771109955004,253.165978300877,0.4139890635245037]","[0.7410826757398475,0.003949977822685071,2.4155227471133345]","[6.204846124424233e-07,1.4386910774591824e-09,1.3111177618989343e-07]",direct_vp,"[""poor_clock_consistency""]",3093013.24233205,3096560,True,25450943.363564365,97.80088975679399,7.15104507054997,0.16885666618387785,"[5.017548134051587,4.6428723002223675,4.981933967336428]",177.54739125072956,2466.165663667023,2644.9361556619406,nan,nan,nan,nan,False,,nan,,,nan,nan,nan,,,,,,,,0.00011697870196852021,2.041184100302979e-06,0.06504503586835171,nan,nan,nan,False,not_run,not_requested
fig2,PEB,83,2856883752,5.0,snr_db,5.0,3,3,3,3,full_6d,2856883752,,,nan,,False,,5.34737578779459,nan,nan,nan,nan,nan,nan,False,,,peb_only,False,44c84768417ebf68,,,,,,,adaptive_jones,True,fixed_anchor_then_adaptive_jones_score_selection,,nan,nan,nan,nan,True,,,nan,nan,,,,,[],nan,,,nan,nan,nan,nan,,nan,nan,nan,0.00017680075630898385,nan,nan,0.00017680075630898385,False,700eea5a638faf3db61de2a763659338a112f897687c33a7cb33c68c29ad4a9e,0.06511995947266429,computed_unscaled,cpu,nan,nan,nan,,,,,,,,nan,nan,nan,nan,nan,nan,False,,
fig2,adaptive_jones_vp_proposed,18,3644258948,10.0,snr_db,10.0,3,3,3,3,full_6d,3644258948,,,nan,,False,,1601.5394192934036,5.156379453951387e-05,5.156379453951387e-05,3.6789160483852057e-07,4.2523858072907534e-05,4.849121164049754e-13,0.043947808197684415,False,direct_vp,global_exact_spherical_vp,main_single_proposed,True,1bea6a146d7bd596,adaptive_jones,cpu,False,,numpy,numpy.linalg.solve,fixed_pol_anchor,True,fixed_anchor_then_adaptive_jones_score_selection,fixed_pol_anchor,0.13316295304717402,1.082238891760559,0.6214699362310395,0.0,True,3,4,3096725.458075429,3356255.1735314596,"[0.6490079638853853,1.082238891760559,0.13316295304717402]","[1.540813141972401,0.9240104080644735,7.509596153560885]","[3.646381840232305e-07,1.6640648627893291e-06,1.3701324057848632e-07]",direct_vp,[],3093957.5286831767,3096560,True,80595275.68569899,80.86108032267283,53.719599578688594,0.031055950520280613,"[5.0328178185012185,5.0691575895778165,4.9931111970543265]",191.75364785641432,1595.2329873144627,1788.26006565243,nan,nan,nan,nan,False,,nan,,,nan,nan,nan,,,,,,,,5.156379453951387e-05,3.6789160483852057e-07,0.043947808197684415,nan,nan,nan,False,not_run,not_requested
fig2,PEB,18,3644258948,10.0,snr_db,10.0,3,3,3,3,full_6d,3644258948,,,nan,,False,,5.2865984961390495,nan,nan,nan,nan,nan,nan,False,,,peb_only,False,8a8bb329f0bc1a2f,,,,,,,adaptive_jones,True,fixed_anchor_then_adaptive_jones_score_selection,,nan,nan,nan,nan,True,,,nan,nan,,,,,[],nan,,,nan,nan,nan,nan,,nan,nan,nan,0.00010552850122600296,nan,nan,0.00010552850122600296,False,10eabe3ea0bf687d98504e31e23e6506b4b182585a8f16e7a2bae8ed9d09e41a,0.04398500200986059,computed_unscaled,cpu,nan,nan,nan,,,,,,,,nan,nan,nan,nan,nan,nan,False,,
fig2,adaptive_jones_vp_proposed,60,1839575832,10.0,snr_db,10.0,3,3,3,3,full_6d,1839575832,,,nan,,False,,166.32655956596136,0.00018518945014605549,0.00018518945014605549,3.7554547935156977e-07,8.435073346642053e-06,7.676035750892454e-14,0.05609026970589975,False,direct_vp,global_exact_spherical_vp,main_single_proposed,True,c464f0b6e8e2b23e,adaptive_jones,cpu,False,,numpy,numpy.linalg.solve,fixed_pol_anchor,True,fixed_anchor_then_adaptive_jones_score_selection,fixed_pol_anchor,0.12345620299704677,1.6965251664372123,0.8665357275899543,0.0,True,3,4,3096725.458075429,3104112.956926082,"[0.7796258133356039,0.12345620299704677,1.6965251664372123]","[1.2826666112051275,8.10003852154596,0.5894401213619209]","[1.1323463426273434e-06,1.2161230379774144e-09,8.763458175878882e-08]",direct_vp,[],3095668.062245784,3096560,True,57000265.38400859,93.74587879145128,41.17169094726662,0.01636069725320831,"[5.041125978185211,5.001294020335044,5.025029320681145]",150.60089813917875,159.655213534832,311.55641654878855,nan,nan,nan,nan,False,,nan,,,nan,nan,nan,,,,,,,,0.00018518945014605549,3.7554547935156977e-07,0.05609026970589975,nan,nan,nan,False,not_run,not_requested
fig2,PEB,60,1839575832,10.0,snr_db,10.0,3,3,3,3,full_6d,1839575832,,,nan,,False,,5.384177699685097,nan,nan,nan,nan,nan,nan,False,,,peb_only,False,6b258205f1837007,,,,,,,adaptive_jones,True,fixed_anchor_then_adaptive_jones_score_selection,,nan,nan,nan,nan,True,,,nan,nan,,,,,[],nan,,,nan,nan,nan,nan,,nan,nan,nan,0.00013668471377324787,nan,nan,0.00013668471377324787,False,42d79a12e13d52ea36763a6478c0ea4b122194dbd7e070b6eef8b19740c115ec,0.05610672058903261,computed_unscaled,cpu,nan,nan,nan,,,,,,,,nan,nan,nan,nan,nan,nan,False,,
fig2,adaptive_jones_vp_proposed,59,1187262716,10.0,snr_db,10.0,3,3,3,3,full_6d,1187262716,,,nan,,False,,161.65841242671013,8.2995567511632e-05,8.2995567511632e-05,4.795116614933097e-07,7.062168701232646e-05,2.1912009218227878e-13,0.024935707387006168,False,direct_vp,global_exact_spherical_vp,main_single_proposed,True,d1a8bd6d4cb38866,adaptive_jones,cpu,False,,numpy,numpy.linalg.solve,fixed_pol_anchor,True,fixed_anchor_then_adaptive_jones_score_selection,fixed_pol_anchor,0.16289492488564492,2.863571547130361,1.1019459557235434,0.0,True,3,4,3096725.458075429,3101952.0757624824,"[0.16289492488564492,2.863571547130361,0.27937139515462406]","[6.138926677438567,0.34921425343789836,3.579464531242539]","[2.943739200358064e-07,6.116993225420325e-08,2.6092523653012576e-07]",direct_vp,[],3097887.2064289707,3096560,True,76664559.3814368,73.77477464611026,51.55810218152319,0.017950795152022074,"[5.023767379982822,4.986582382031218,4.984852561868725]",180.23972456902266,155.0167027413845,336.55617237091064,nan,nan,nan,nan,False,,nan,,,nan,nan,nan,,,,,,,,8.2995567511632e-05,4.795116614933097e-07,0.024935707387006168,nan,nan,nan,False,not_run,not_requested
fig2,PEB,59,1187262716,10.0,snr_db,10.0,3,3,3,3,full_6d,1187262716,,,nan,,False,,5.233346603810787,nan,nan,nan,nan,nan,nan,False,,,peb_only,False,79a329031d93a6a5,,,,,,,adaptive_jones,True,fixed_anchor_then_adaptive_jones_score_selection,,nan,nan,nan,nan,True,,,nan,nan,,,,,[],nan,,,nan,nan,nan,nan,,nan,nan,nan,0.00011902208972583581,nan,nan,0.00011902208972583581,False,ba85b3dc69f0d5910f5e051466d13a9fa16bdfb1c72eaceaa138a692faa0065e,0.02492515314223931,computed_unscaled,cpu,nan,nan,nan,,,,,,,,nan,nan,nan,nan,nan,nan,False,,
fig2,adaptive_jones_vp_proposed,58,1249403404,10.0,snr_db,10.0,3,3,3,3,full_6d,1249403404,,,nan,,False,,216.07410633563995,9.450492645189113e-05,9.450492645189113e-05,4.731413522993514e-07,1.9678469910927204e-06,5.983227209599207e-13,0.0678927439779951,False,direct_vp,global_exact_spherical_vp,main_single_proposed,True,a96f52c6e1383faa,adaptive_jones,cpu,False,,numpy,numpy.linalg.solve,fixed_pol_anchor,True,fixed_anchor_then_adaptive_jones_score_selection,fixed_pol_anchor,0.19561618580229606,1.7747126390291406,0.7341126895716732,0.0,True,3,4,3096725.458075429,3097140.381817977,"[0.19561618580229606,0.23200924388358313,1.7747126390291406]","[5.1120514179254934,4.310173091644335,0.5634715040657382]","[4.255018121680038e-07,3.547634080261884e-08,2.4673492365831237e-07]",direct_vp,[],3097920.88522025,3096560,True,44037032.14844522,95.36776077790631,43.53769098597738,0.06692254782860942,"[5.000626704132437,4.974995477957159,5.1280291480809375]",190.62595243752003,209.59699327498674,401.49228715896606,nan,nan,nan,nan,False,,nan,,,nan,nan,nan,,,,,,,,9.450492645189113e-05,4.731413522993514e-07,0.0678927439779951,nan,nan,nan,False,not_run,not_requested
fig2,PEB,58,1249403404,10.0,snr_db,10.0,3,3,3,3,full_6d,1249403404,,,nan,,False,,5.264361307024956,nan,nan,nan,nan,nan,nan,False,,,peb_only,False,97ed18ba20596356,,,,,,,adaptive_jones,True,fixed_anchor_then_adaptive_jones_score_selection,,nan,nan,nan,nan,True,,,nan,nan,,,,,[],nan,,,nan,nan,nan,nan,,nan,nan,nan,0.00015257911518762763,nan,nan,0.00015257911518762763,False,282ef6b6a0b0bdc03992830ab54a887d3acbc9d2eab301295ecf986d4506a68e,0.06786327003359133,computed_unscaled,cpu,nan,nan,nan,,,,,,,,nan,nan,nan,nan,nan,nan,False,,
fig2,adaptive_jones_vp_proposed,5,2290547997,10.0,snr_db,10.0,3,3,3,3,full_6d,2290547997,,,nan,,False,,2023.2546579688787,0.0001719463044212135,0.0001719463044212135,4.504478104838941e-07,1.796899207984251e-05,2.6502863883401554e-13,0.027276976694571645,False,direct_vp,global_exact_spherical_vp,main_single_proposed,True,740a69dfdd819a65,adaptive_jones,cpu,False,,numpy,numpy.linalg.solve,fixed_pol_anchor,True,fixed_anchor_then_adaptive_jones_score_selection,fixed_pol_anchor,0.17092275692341205,0.5762497931255496,0.3850049947648633,0.0,True,3,4,3096725.458075429,3224007.1292555174,"[0.5762497931255496,0.17092275692341205,0.4078424342456281]","[1.7353585405653242,5.850596011904455,2.4519273033696387]","[2.1366478194208817e-06,1.963815328063371e-08,4.485114792956373e-07]",direct_vp,[],3093962.152543049,3096560,True,71491601.53352515,75.01272261897248,60.94144665501855,0.011834601426100414,"[5.004192151710547,5.007074655435071,5.030613964781968]",171.44928447902203,2017.0770314112306,2190.00606174767,nan,nan,nan,nan,False,,nan,,,nan,nan,nan,,,,,,,,0.0001719463044212135,4.504478104838941e-07,0.027276976694571645,nan,nan,nan,False,not_run,not_requested
fig2,PEB,5,2290547997,10.0,snr_db,10.0,3,3,3,3,full_6d,2290547997,,,nan,,False,,5.094281397759914,nan,nan,nan,nan,nan,nan,False,,,peb_only,False,a236fb68fb87e983,,,,,,,adaptive_jones,True,fixed_anchor_then_adaptive_jones_score_selection,,nan,nan,nan,nan,True,,,nan,nan,,,,,[],nan,,,nan,nan,nan,nan,,nan,nan,nan,0.00012132769578718878,nan,nan,0.00012132769578718878,False,38f1169f92c897947506b479f5ee71ac29695cde812eaf9f2f26b2ce8e8773e4,0.027300020886016525,computed_unscaled,cpu,nan,nan,nan,,,,,,,,nan,nan,nan,nan,nan,nan,False,,
fig2,adaptive_jones_vp_proposed,61,3445288900,10.0,snr_db,10.0,3,3,3,3,full_6d,3445288900,,,nan,,False,,180.62706218659878,0.00011666457976016738,0.00011666457976016738,5.156368278207344e-07,4.7980009432275176e-05,3.716696159959931e-13,0.05671064612875925,False,direct_vp,global_exact_spherical_vp,main_single_proposed,True,bb11b0a92f7c93cc,adaptive_jones,cpu,False,,numpy,numpy.linalg.solve,fixed_pol_anchor,True,fixed_anchor_then_adaptive_jones_score_selection,fixed_pol_anchor,0.11759129671963023,1.5307680055760577,0.940957149877252,0.0,True,3,4,3096725.458075429,3098448.896212081,"[1.1745121473360682,0.11759129671963023,1.5307680055760577]","[0.8514173329470821,8.504030722479024,0.6532668545173504]","[7.832803244166272e-08,7.831194505554971e-08,7.205781214138197e-07]",direct_vp,[],3096024.2638901733,3096560,True,56389401.482966654,109.25259712879586,42.41888779003003,0.02455886050054746,"[4.943319899187888,5.000230036150306,4.954891645600465]",169.2488005310297,174.48432890325785,344.9848221614957,nan,nan,nan,nan,False,,nan,,,nan,nan,nan,,,,,,,,0.00011666457976016738,5.156368278207344e-07,0.05671064612875925,nan,nan,nan,False,not_run,not_requested
fig2,PEB,61,3445288900,10.0,snr_db,10.0,3,3,3,3,full_6d,3445288900,,,nan,,False,,4.9877907410264015,nan,nan,nan,nan,nan,nan,False,,,peb_only,False,df00408beb70ddec,,,,,,,adaptive_jones,True,fixed_anchor_then_adaptive_jones_score_selection,,nan,nan,nan,nan,True,,,nan,nan,,,,,[],nan,,,nan,nan,nan,nan,,nan,nan,nan,0.0001390714283370573,nan,nan,0.0001390714283370573,False,ce2b3681cf373b19e71cb19b884bc3b16d08555336684f81783906b12368ba1d,0.0567207524162473,computed_unscaled,cpu,nan,nan,nan,,,,,,,,nan,nan,nan,nan,nan,nan,False,,
fig2,adaptive_jones_vp_proposed,62,1815661330,10.0,snr_db,10.0,3,3,3,3,full_6d,1815661330,,,nan,,False,,181.99938881397247,0.00012874238519478917,0.00012874238519478917,5.070594564172965e-07,2.6695286068386367e-05,4.4708035927360454e-13,0.056616054080285826,False,direct_vp,global_exact_spherical_vp,main_single_proposed,True,07c9fdad1cd96cb5,adaptive_jones,cpu,False,,numpy,numpy.linalg.solve,fixed_pol_anchor,True,fixed_anchor_then_adaptive_jones_score_selection,fixed_pol_anchor,0.10831478738648184,4.462859501472091,2.148866462688653,0.0,True,3,4,3096725.458075429,3210860.4125769306,"[0.10831478738648184,1.8754250992073853,4.462859501472091]","[9.232349747701171,0.5332124436325165,0.2240715845223636]","[9.087814737444561e-08,9.628065467043304e-08,3.2345365262534025e-07]",direct_vp,[],3097295.760714555,3096560,True,34196926.84197757,173.60588353879697,22.341700252811922,0.07781760924764271,"[5.004042894437265,4.987582185823461,4.831353137253747]",191.43306548893452,175.740893535316,368.4086789339781,nan,nan,nan,nan,False,,nan,,,nan,nan,nan,,,,,,,,0.00012874238519478917,5.070594564172965e-07,0.056616054080285826,nan,nan,nan,False,not_run,not_requested
fig2,PEB,62,1815661330,10.0,snr_db,10.0,3,3,3,3,full_6d,1815661330,,,nan,,False,,5.288501106202602,nan,nan,nan,nan,nan,nan,False,,,peb_only,False,24fe0ecd420deee3,,,,,,,adaptive_jones,True,fixed_anchor_then_adaptive_jones_score_selection,,nan,nan,nan,nan,True,,,nan,nan,,,,,[],nan,,,nan,nan,nan,nan,,nan,nan,nan,0.0001800085357985258,nan,nan,0.0001800085357985258,False,97d98efc9e77b8da847d52d27748aedf3c40844281671ccf00f295af09763222,0.05660289743827024,computed_unscaled,cpu,nan,nan,nan,,,,,,,,nan,nan,nan,nan,nan,nan,False,,
fig2,adaptive_jones_vp_proposed,63,3424526765,10.0,snr_db,10.0,3,3,3,3,full_6d,3424526765,,,nan,,False,,162.96880816668272,3.451829129006628e-05,3.451829129006628e-05,5.85545546605536e-07,2.7275242318513222e-05,3.40902569839503e-13,0.032541658164136504,False,direct_vp,global_exact_spherical_vp,main_single_proposed,True,b32e99dd5fae9b98,adaptive_jones,cpu,False,,numpy,numpy.linalg.solve,fixed_pol_anchor,True,fixed_anchor_then_adaptive_jones_score_selection,fixed_pol_anchor,0.18568315267837832,0.823914575317974,0.4349536607930604,0.0,True,3,4,3096725.458075429,3116151.5833464176,"[0.823914575317974,0.18568315267837832,0.2952632543828289]","[1.2137180600467534,5.385518209785643,3.386808162397129]","[1.6075659028476056e-06,2.7050507024353504e-08,8.475206146545039e-07]",direct_vp,[],3097440.67557133,3096560,True,74737285.65528844,71.75755160897256,49.14521471284527,0.01199754537278971,"[5.001736088835313,5.0152724754322175,5.031094315462625]",166.3904614150524,156.64821251481771,324.30578600615263,nan,nan,nan,nan,False,,nan,,,nan,nan,nan,,,,,,,,3.451829129006628e-05,5.85545546605536e-07,0.032541658164136504,nan,nan,nan,False,not_run,not_requested
fig2,PEB,63,3424526765,10.0,snr_db,10.0,3,3,3,3,full_6d,3424526765,,,nan,,False,,5.132874853909016,nan,nan,nan,nan,nan,nan,False,,,peb_only,False,d134dc790d207d20,,,,,,,adaptive_jones,True,fixed_anchor_then_adaptive_jones_score_selection,,nan,nan,nan,nan,True,,,nan,nan,,,,,[],nan,,,nan,nan,nan,nan,,nan,nan,nan,0.00011907643546135671,nan,nan,0.00011907643546135671,False,258f950ff6512034899ff541f16fbb81fb7ab692c62ede128038d4532b76f1bb,0.032532573897539566,computed_unscaled,cpu,nan,nan,nan,,,,,,,,nan,nan,nan,nan,nan,nan,False,,
fig2,adaptive_jones_vp_proposed,11,3685333214,10.0,snr_db,10.0,3,3,3,3,full_6d,3685333214,,,nan,,False,,2017.1404750794172,9.788529398588982e-06,9.788529398588982e-06,2.5860864128747706e-07,4.164143872388713e-06,1.7966337193081777e-13,0.028631281807882686,False,direct_vp,global_exact_spherical_vp,main_single_proposed,True,c4d4be3c250e92bf,adaptive_jones,cpu,False,,numpy,numpy.linalg.solve,fixed_pol_anchor,True,fixed_anchor_then_adaptive_jones_score_selection,fixed_pol_anchor,0.12081599875585101,3.244531175970619,1.3569145298098262,0.0,True,3,4,3096725.458075429,13768272.037044963,"[3.244531175970619,0.12081599875585101,0.7053964147030088]","[0.3082109388878349,8.277049482665888,1.4176425895506173]","[3.593564904616764e-07,2.6884147065180888e-08,3.48792907599998e-06]",direct_vp,[],3091929.02421986,3096560,True,60008899.09431999,91.96982929479299,24.331054554887267,0.07497497130486114,"[5.152881844563871,4.989867662144343,4.998125926078095]",171.52737952023745,2010.699593320489,2183.4972497448325,nan,nan,nan,nan,False,,nan,,,nan,nan,nan,,,,,,,,9.788529398588982e-06,2.5860864128747706e-07,0.028631281807882686,nan,nan,nan,False,not_run,not_requested
fig2,PEB,11,3685333214,10.0,snr_db,10.0,3,3,3,3,full_6d,3685333214,,,nan,,False,,5.253963224589825,nan,nan,nan,nan,nan,nan,False,,,peb_only,False,15fbad3a84221363,,,,,,,adaptive_jones,True,fixed_anchor_then_adaptive_jones_score_selection,,nan,nan,nan,nan,True,,,nan,nan,,,,,[],nan,,,nan,nan,nan,nan,,nan,nan,nan,0.00013621409396788242,nan,nan,0.00013621409396788242,False,e9ccda1e403051d390ee49d3f08d80b8c395469b47c082ff498964bcdaeda690,0.028674312832228134,computed_unscaled,cpu,nan,nan,nan,,,,,,,,nan,nan,nan,nan,nan,nan,False,,
fig2,adaptive_jones_vp_proposed,57,476784074,10.0,snr_db,10.0,3,3,3,3,full_6d,476784074,,,nan,,False,,510.1634685769677,5.4563782207096674e-05,5.4563782207096674e-05,5.420681602561831e-07,1.6587112209514205e-05,1.2365315721623897e-14,0.017667710725136117,False,direct_vp,global_exact_spherical_vp,main_single_proposed,True,07b073800ab6d601,adaptive_jones,cpu,False,,numpy,numpy.linalg.solve,fixed_pol_anchor,True,fixed_anchor_then_adaptive_jones_score_selection,fixed_pol_anchor,0.221453296480418,0.40536917297144587,0.3215792560474199,0.0,True,3,4,3096725.458075429,3096810.099670657,"[0.3379152986903957,0.40536917297144587,0.221453296480418]","[2.9593214745683376,2.466887140601672,4.515624810706774]","[7.37038633124735e-07,3.076686737626043e-08,1.330943363821943e-07]",direct_vp,[],3100071.808680448,3096560,True,85227888.8844934,61.82077941643179,55.44783517002844,0.011910114103760989,"[4.997248299168045,4.990880940783239,5.0187206788910546]",183.07911249250174,503.67110378295183,688.0767820328474,nan,nan,nan,nan,False,,nan,,,nan,nan,nan,,,,,,,,5.4563782207096674e-05,5.420681602561831e-07,0.017667710725136117,nan,nan,nan,False,not_run,not_requested
fig2,PEB,57,476784074,10.0,snr_db,10.0,3,3,3,3,full_6d,476784074,,,nan,,False,,5.353020630776882,nan,nan,nan,nan,nan,nan,False,,,peb_only,False,95e7e718d588c706,,,,,,,adaptive_jones,True,fixed_anchor_then_adaptive_jones_score_selection,,nan,nan,nan,nan,True,,,nan,nan,,,,,[],nan,,,nan,nan,nan,nan,,nan,nan,nan,0.00010949932382749351,nan,nan,0.00010949932382749351,False,0678217d596e534740a4e9789e3054b9b6004d88d7430db9577064550d35976f,0.017647787658727255,computed_unscaled,cpu,nan,nan,nan,,,,,,,,nan,nan,nan,nan,nan,nan,False,,
fig2,adaptive_jones_vp_proposed,82,2146768378,5.0,snr_db,5.0,3,3,3,3,full_6d,2146768378,,,nan,,False,,2784.168763525784,0.0001311242724432322,0.0001311242724432322,1.5397129940840746e-06,7.863133679711122e-05,7.769494579205489e-13,0.20869499495104699,False,direct_vp,global_exact_spherical_vp,main_single_proposed,True,0e815493d74e4faa,adaptive_jones,cpu,False,,numpy,numpy.linalg.solve,fixed_pol_anchor,True,fixed_anchor_then_adaptive_jones_score_selection,fixed_pol_anchor,0.643145561435112,7.3496701945256,2.891492783781919,0.0,True,3,4,3096725.458075429,3098148.036850331,"[0.643145561435112,7.3496701945256,0.6816625953850453]","[1.5548579667843176,0.13606052700670843,1.467001426760781]","[4.0714383202055445e-10,9.256512453148554e-08,3.474481799106906e-07]",direct_vp,[],3100267.162617069,3096560,True,25697719.05654757,72.05811468204064,22.337127527736378,0.04638967863538273,"[5.052108769068087,4.968584080588471,4.94362513820766]",182.47483150660992,2777.352439329028,2961.2272296845913,nan,nan,nan,nan,False,,nan,,,nan,nan,nan,,,,,,,,0.0001311242724432322,1.5397129940840746e-06,0.20869499495104699,nan,nan,nan,False,not_run,not_requested
fig2,PEB,82,2146768378,5.0,snr_db,5.0,3,3,3,3,full_6d,2146768378,,,nan,,False,,5.4915841072797775,nan,nan,nan,nan,nan,nan,False,,,peb_only,False,731cdb756a51a2da,,,,,,,adaptive_jones,True,fixed_anchor_then_adaptive_jones_score_selection,,nan,nan,nan,nan,True,,,nan,nan,,,,,[],nan,,,nan,nan,nan,nan,,nan,nan,nan,0.0002019153713037645,nan,nan,0.0002019153713037645,False,3a0d3e6549ad4d642256987481bea72461b73f437bf823d820291ff80c435722,0.20844652373120462,computed_unscaled,cpu,nan,nan,nan,,,,,,,,nan,nan,nan,nan,nan,nan,False,,
fig2,adaptive_jones_vp_proposed,65,2236466502,10.0,snr_db,10.0,3,3,3,3,full_6d,2236466502,,,nan,,False,,170.41782044619322,6.288383063803817e-05,6.288383063803817e-05,5.170403541841695e-07,3.829902680909277e-05,6.799227820162815e-13,0.010593867927247846,False,direct_vp,global_exact_spherical_vp,main_single_proposed,True,ffc4eeea2e09b483,adaptive_jones,cpu,False,,numpy,numpy.linalg.solve,fixed_pol_anchor,True,fixed_anchor_then_adaptive_jones_score_selection,fixed_pol_anchor,0.22377583818731556,0.6150236423762779,0.3650574971325637,0.0,True,3,4,3096725.458075429,3098151.663968357,"[0.2563730108340974,0.6150236423762779,0.22377583818731556]","[3.900566587513604,1.6259537538031332,4.46875770011733]","[2.3715839959501312e-07,3.595562885452723e-07,2.6662680367782096e-07]",direct_vp,[],3100303.2726018084,3096560,True,88050111.44040857,69.95822980441663,56.86875647094319,0.018764123770039862,"[5.020778522495805,5.009925361105375,4.976672849260392]",180.32569957524538,164.06950545310974,345.7833852097392,nan,nan,nan,nan,False,,nan,,,nan,nan,nan,,,,,,,,6.288383063803817e-05,5.170403541841695e-07,0.010593867927247846,nan,nan,nan,False,not_run,not_requested
fig2,PEB,65,2236466502,10.0,snr_db,10.0,3,3,3,3,full_6d,2236466502,,,nan,,False,,5.046643063426018,nan,nan,nan,nan,nan,nan,False,,,peb_only,False,21fdc29637e0a6d0,,,,,,,adaptive_jones,True,fixed_anchor_then_adaptive_jones_score_selection,,nan,nan,nan,nan,True,,,nan,nan,,,,,[],nan,,,nan,nan,nan,nan,,nan,nan,nan,0.00010744984598680987,nan,nan,0.00010744984598680987,False,8713a1af4c8a44df0d773df8c1e647ae5757abeba9d4009ab7b9d7ee65d54a43,0.01058113167850039,computed_unscaled,cpu,nan,nan,nan,,,,,,,,nan,nan,nan,nan,nan,nan,False,,
fig2,adaptive_jones_vp_proposed,68,217409269,10.0,snr_db,10.0,3,3,3,3,full_6d,217409269,,,nan,,False,,152.90355823934078,5.1071316290691195e-05,5.1071316290691195e-05,9.318813083909526e-07,2.198405190864096e-05,5.6490894949820233e-14,0.018288918826221648,False,direct_vp,global_exact_spherical_vp,main_single_proposed,True,199b3d4440104a0d,adaptive_jones,cpu,False,,numpy,numpy.linalg.solve,fixed_pol_anchor,True,fixed_anchor_then_adaptive_jones_score_selection,fixed_pol_anchor,0.2068442254918633,1.0212673502697558,0.4889772612276328,0.0,True,3,4,3096725.458075429,3103876.101173142,"[0.2068442254918633,0.23882020792127912,1.0212673502697558]","[4.834556041493798,4.187250353325985,0.9791755310055105]","[6.424248119209507e-07,1.2261498406983688e-09,4.3632911504382756e-07]",direct_vp,[],3099211.8546951795,3096560,True,51015974.315989695,95.12312103535633,54.33213356322013,0.020345911806819432,"[4.988187706876008,5.01312011542398,4.963283015714821]",175.3604497089982,146.500639423728,323.10969415307045,nan,nan,nan,nan,False,,nan,,,nan,nan,nan,,,,,,,,5.1071316290691195e-05,9.318813083909526e-07,0.018288918826221648,nan,nan,nan,False,not_run,not_requested
fig2,PEB,68,217409269,10.0,snr_db,10.0,3,3,3,3,full_6d,217409269,,,nan,,False,,5.296902425587177,nan,nan,nan,nan,nan,nan,False,,,peb_only,False,f11e64798de78e5a,,,,,,,adaptive_jones,True,fixed_anchor_then_adaptive_jones_score_selection,,nan,nan,nan,nan,True,,,nan,nan,,,,,[],nan,,,nan,nan,nan,nan,,nan,nan,nan,0.00014192563253487072,nan,nan,0.00014192563253487072,False,0b182e454a04b5041a3aee67b1d617d5e470ee5322dc8a1561fe76d42cd56704,0.01827336424821343,computed_unscaled,cpu,nan,nan,nan,,,,,,,,nan,nan,nan,nan,nan,nan,False,,
fig2,adaptive_jones_vp_proposed,70,1909013635,10.0,snr_db,10.0,3,3,3,3,full_6d,1909013635,,,nan,,False,,159.94181364029646,0.00016638108161040626,0.00016638108161040626,5.0767247340555e-07,5.08128754052812e-05,2.4264489993932184e-13,0.02113024487618992,False,direct_vp,global_exact_spherical_vp,main_single_proposed,True,3c8dbb76a9758b0d,adaptive_jones,cpu,False,,numpy,numpy.linalg.solve,fixed_pol_anchor,True,fixed_anchor_then_adaptive_jones_score_selection,fixed_pol_anchor,0.11675854598323727,1.5168600710143876,0.9783740538293807,0.0,True,3,4,3096725.458075429,3189452.6455910443,"[0.11675854598323727,1.5168600710143876,1.3015035444905174]","[8.564683566232922,0.6592565913675488,0.7683421257144216]","[3.798366756974809e-09,1.5557823889387618e-07,1.1189797482647738e-06]",direct_vp,[],3096748.0746971457,3096560,True,47999991.09979327,130.51662305155602,38.861247191872934,0.03628833026198073,"[5.001564711452702,4.929175311183093,4.920697601982084]",171.61159478873014,153.70467279106379,326.5706723853946,nan,nan,nan,nan,False,,nan,,,nan,nan,nan,,,,,,,,0.00016638108161040626,5.0767247340555e-07,0.02113024487618992,nan,nan,nan,False,not_run,not_requested
fig2,PEB,70,1909013635,10.0,snr_db,10.0,3,3,3,3,full_6d,1909013635,,,nan,,False,,5.250266380608082,nan,nan,nan,nan,nan,nan,False,,,peb_only,False,df7850a0abb5711d,,,,,,,adaptive_jones,True,fixed_anchor_then_adaptive_jones_score_selection,,nan,nan,nan,nan,True,,,nan,nan,,,,,[],nan,,,nan,nan,nan,nan,,nan,nan,nan,0.0001502443297066292,nan,nan,0.0001502443297066292,False,7231f7a6a5fbe3cc9ff17e3c4c7cf441e267b4bae6d7354446f2924a30ccbc7b,0.021129070747587922,computed_unscaled,cpu,nan,nan,nan,,,,,,,,nan,nan,nan,nan,nan,nan,False,,
fig2,adaptive_jones_vp_proposed,66,437355907,10.0,snr_db,10.0,3,3,3,3,full_6d,437355907,,,nan,,False,,215.80482227355242,0.000175848214916097,0.000175848214916097,8.103484781349962e-07,3.710708706405778e-05,4.661155866280381e-14,0.0580997276372873,False,direct_vp,global_exact_spherical_vp,main_single_proposed,True,26a482ae0ddea712,adaptive_jones,cpu,False,,numpy,numpy.linalg.solve,fixed_pol_anchor,True,fixed_anchor_then_adaptive_jones_score_selection,fixed_pol_anchor,0.20241166867562105,0.7709446549969338,0.4129273153476964,0.0,True,3,4,3096725.458075429,3097176.2006182023,"[0.2654256223705343,0.7709446549969338,0.20241166867562105]","[3.767533786183363,1.2971099721849764,4.9404266391497815]","[1.3278351381283178e-07,4.239070290383927e-08,3.4603173084341237e-07]",direct_vp,[],3097743.033769951,3096560,True,83512820.26464194,77.87702819861983,74.34432190483756,0.00959135558368953,"[5.021800899572418,5.001871234018431,5.0010620340371155]",172.68749549984932,209.4240373596549,383.35187939554453,nan,nan,nan,nan,False,,nan,,,nan,nan,nan,,,,,,,,0.000175848214916097,8.103484781349962e-07,0.0580997276372873,nan,nan,nan,False,not_run,not_requested
fig2,PEB,66,437355907,10.0,snr_db,10.0,3,3,3,3,full_6d,437355907,,,nan,,False,,5.286842457950115,nan,nan,nan,nan,nan,nan,False,,,peb_only,False,e9b7b3488f6e88d8,,,,,,,adaptive_jones,True,fixed_anchor_then_adaptive_jones_score_selection,,nan,nan,nan,nan,True,,,nan,nan,,,,,[],nan,,,nan,nan,nan,nan,,nan,nan,nan,0.0001121935353692259,nan,nan,0.0001121935353692259,False,34c19cd95e99da79457cbf3518f1232a26ad19f1e8691866bda8c30a1c520f1f,0.05807783933233801,computed_unscaled,cpu,nan,nan,nan,,,,,,,,nan,nan,nan,nan,nan,nan,False,,
fig2,adaptive_jones_vp_proposed,16,1080178429,10.0,snr_db,10.0,3,3,3,3,full_6d,1080178429,,,nan,,False,,2139.6533693149686,2.6831713469700665e-05,2.6831713469700665e-05,1.8706028878264579e-07,2.2364942572148613e-05,3.1509368333744316e-13,0.0480928894977384,False,direct_vp_rollback,global_exact_spherical_vp,main_single_proposed,True,f3d7a96c32bd54b7,adaptive_jones,cpu,False,,numpy,numpy.linalg.solve,fixed_pol_anchor,True,fixed_anchor_then_adaptive_jones_score_selection,fixed_pol_anchor,0.15798624704641964,19.882423631323896,6.773176747868161,0.0,True,3,4,3096725.458075429,3111894.881629795,"[0.27912036523416595,19.882423631323896,0.15798624704641964]","[3.5826837613972677,0.050295679164820785,6.32966488346306]","[1.9538560209967925e-07,1.006589900502563e-08,2.811048208103039e-08]",jnpp_then_vp,[],3100975.130049958,3096560,False,85943358.3284962,87.5370186345722,22.164751207936053,0.06163268496438697,"[5.012216689396223,5.1124268371364625,4.964535823228694]",178.49616065621376,1788.8545868173242,1968.6755530014634,nan,nan,nan,nan,False,,nan,,,nan,nan,nan,,,,,,,,2.6831713469700665e-05,1.8706028878264579e-07,0.0480928894977384,2.6831784618217187e-05,1.870606057189047e-07,0.048092889497738475,True,rollback,existing_selector_rollback
fig2,PEB,16,1080178429,10.0,snr_db,10.0,3,3,3,3,full_6d,1080178429,,,nan,,False,,5.519798196852207,nan,nan,nan,nan,nan,nan,False,,,peb_only,False,e928ec3b846b6150,,,,,,,adaptive_jones,True,fixed_anchor_then_adaptive_jones_score_selection,,nan,nan,nan,nan,True,,,nan,nan,,,,,[],nan,,,nan,nan,nan,nan,,nan,nan,nan,0.0001049215008865352,nan,nan,0.0001049215008865352,False,2793ff1fce7242989610050dae2e9fefacb8b15f6d60bfd2b55605797f0e0ce8,0.04802466357959781,computed_unscaled,cpu,nan,nan,nan,,,,,,,,nan,nan,nan,nan,nan,nan,False,,
fig2,adaptive_jones_vp_proposed,67,804537149,10.0,snr_db,10.0,3,3,3,3,full_6d,804537149,,,nan,,False,,245.20663202553988,0.00025414443129393057,0.00025414443129393057,7.858615133102719e-07,9.321924323772612e-06,6.938010905989637e-13,0.04543931315002957,False,direct_vp,global_exact_spherical_vp,main_single_proposed,True,a6978e325d356f8c,adaptive_jones,cpu,False,,numpy,numpy.linalg.solve,fixed_pol_anchor,True,fixed_anchor_then_adaptive_jones_score_selection,fixed_pol_anchor,0.28970272124967694,0.3139677424404779,0.3007237802912018,0.0,True,3,4,3096725.458075429,3096811.6097638635,"[0.28970272124967694,0.29850087718345053,0.3139677424404779]","[3.451814313949339,3.3500739074382304,3.1850405784577256]","[1.7126962573545654e-07,4.697856587890437e-08,1.65125873961381e-07]",direct_vp,[],3092776.914012947,3096560,True,81383508.03289704,70.25299443155352,45.50727760105809,0.024393508542680287,"[5.027338302037081,5.035797205441341,4.9803424681812345]",177.09410627931356,238.92503439635038,417.3433936238289,nan,nan,nan,nan,False,,nan,,,nan,nan,nan,,,,,,,,0.00025414443129393057,7.858615133102719e-07,0.04543931315002957,nan,nan,nan,False,not_run,not_requested
fig2,PEB,67,804537149,10.0,snr_db,10.0,3,3,3,3,full_6d,804537149,,,nan,,False,,5.204805709421635,nan,nan,nan,nan,nan,nan,False,,,peb_only,False,964fbd20d3401a10,,,,,,,adaptive_jones,True,fixed_anchor_then_adaptive_jones_score_selection,,nan,nan,nan,nan,True,,,nan,nan,,,,,[],nan,,,nan,nan,nan,nan,,nan,nan,nan,0.00011200162436660195,nan,nan,0.00011200162436660195,False,b26904abe3f7d46852807fc0a30cd211634c6c8e972ac0e965050f20e27517f2,0.04549512960968673,computed_unscaled,cpu,nan,nan,nan,,,,,,,,nan,nan,nan,nan,nan,nan,False,,
fig2,adaptive_jones_vp_proposed,9,3933360494,10.0,snr_db,10.0,3,3,3,3,full_6d,3933360494,,,nan,,False,,2384.9268135130405,3.186400674515815e-05,3.186400674515815e-05,5.096853489618816e-07,7.989986530565022e-06,1.165990496136882e-13,0.011912266570513206,False,direct_vp,global_exact_spherical_vp,main_single_proposed,True,0af3151fec78eae4,adaptive_jones,cpu,False,,numpy,numpy.linalg.solve,fixed_pol_anchor,True,fixed_anchor_then_adaptive_jones_score_selection,fixed_pol_anchor,0.22257488430227967,0.37811346186065914,0.3165319510442573,0.0,True,3,4,3096725.458075429,7269736.0469406415,"[0.22257488430227967,0.37811346186065914,0.34890750696983314]","[4.49286990818638,2.644708800048325,2.8660890924485383]","[2.385840699062715e-06,1.3990701202006278e-05,5.556121587166154e-06]",direct_vp,[],3096586.5746155507,3096560,True,72237586.24686064,76.987488584907,59.33421670020794,0.01704891706383648,"[5.025310445324905,4.9892958257917535,4.988994518362188]",191.51213783025742,2378.453514419496,2571.300910077989,nan,nan,nan,nan,False,,nan,,,nan,nan,nan,,,,,,,,3.186400674515815e-05,5.096853489618816e-07,0.011912266570513206,nan,nan,nan,False,not_run,not_requested
fig2,PEB,9,3933360494,10.0,snr_db,10.0,3,3,3,3,full_6d,3933360494,,,nan,,False,,5.3306457325816154,nan,nan,nan,nan,nan,nan,False,,,peb_only,False,66eff19312305f2e,,,,,,,adaptive_jones,True,fixed_anchor_then_adaptive_jones_score_selection,,nan,nan,nan,nan,True,,,nan,nan,,,,,[],nan,,,nan,nan,nan,nan,,nan,nan,nan,0.00012031253848123944,nan,nan,0.00012031253848123944,False,2f009590b628473d7acf259cec76359e96ba2256fe333ef7c1514fe7022a67d5,0.01191222589099843,computed_unscaled,cpu,nan,nan,nan,,,,,,,,nan,nan,nan,nan,nan,nan,False,,
fig2,adaptive_jones_vp_proposed,74,2087150408,10.0,snr_db,10.0,3,3,3,3,full_6d,2087150408,,,nan,,False,,166.89611450582743,2.572442336975713e-05,2.572442336975713e-05,5.923299544998274e-07,1.2190289609804564e-05,3.230150899698498e-13,0.024086285646579948,False,direct_vp,global_exact_spherical_vp,main_single_proposed,True,fbf99f1d27cf7146,adaptive_jones,cpu,False,,numpy,numpy.linalg.solve,fixed_pol_anchor,True,fixed_anchor_then_adaptive_jones_score_selection,fixed_pol_anchor,0.2199145366557565,0.4106694912958828,0.32014939453831454,0.0,True,3,4,3096725.458075429,3116791.1226149504,"[0.2199145366557565,0.3298641556633043,0.4106694912958828]","[4.547221003244235,3.0315509667572984,2.4350481864237157]","[1.1409027356630641e-08,1.8085993316182e-08,1.3018750940925357e-07]",direct_vp,[],3096096.860841697,3096560,True,65586504.74056576,79.40481216730157,59.300420234637045,0.013951543797672647,"[5.040956412787995,5.0093823706718,5.036492597232592]",135.24269715696573,160.39233926683664,297.0324265733361,nan,nan,nan,nan,False,,nan,,,nan,nan,nan,,,,,,,,2.572442336975713e-05,5.923299544998274e-07,0.024086285646579948,nan,nan,nan,False,not_run,not_requested
fig2,PEB,74,2087150408,10.0,snr_db,10.0,3,3,3,3,full_6d,2087150408,,,nan,,False,,5.443791799247265,nan,nan,nan,nan,nan,nan,False,,,peb_only,False,e1ecfca3d7195544,,,,,,,adaptive_jones,True,fixed_anchor_then_adaptive_jones_score_selection,,nan,nan,nan,nan,True,,,nan,nan,,,,,[],nan,,,nan,nan,nan,nan,,nan,nan,nan,0.00012574868443533853,nan,nan,0.00012574868443533853,False,78fd75a3c1d4026a3e7d885aa302f9406531fe623bed7ee4eda6f02c54b6aa8a,0.024090013140631347,computed_unscaled,cpu,nan,nan,nan,,,,,,,,nan,nan,nan,nan,nan,nan,False,,
fig2,adaptive_jones_vp_proposed,69,1134195269,10.0,snr_db,10.0,3,3,3,3,full_6d,1134195269,,,nan,,False,,373.38225581496954,0.00015705473032072767,0.00015705473032072767,3.6768694767880783e-07,2.0240497240419344e-05,1.0986638775453195e-13,0.06785533865363254,False,direct_vp,global_exact_spherical_vp,main_single_proposed,True,19adea15f2aca332,adaptive_jones,cpu,False,,numpy,numpy.linalg.solve,fixed_pol_anchor,True,fixed_anchor_then_adaptive_jones_score_selection,fixed_pol_anchor,0.16040373933544927,7.141266691927554,2.525243759576115,0.0,True,3,4,3096725.458075429,3104522.730234885,"[7.141266691927554,0.2740608474653422,0.16040373933544927]","[0.14003117977980753,3.6488247381858736,6.234268628292753]","[3.3161491745137167e-07,1.616399667078683e-07,7.124085515297047e-08]",direct_vp,[],3097617.334239178,3096560,True,82641982.10407789,85.68116632226608,30.87713389528824,0.05344670453290545,"[5.092665086088303,4.996026305691751,4.96785918984468]",151.41533858329058,366.91681484133005,519.6405621170998,nan,nan,nan,nan,False,,nan,,,nan,nan,nan,,,,,,,,0.00015705473032072767,3.6768694767880783e-07,0.06785533865363254,nan,nan,nan,False,not_run,not_requested
fig2,PEB,69,1134195269,10.0,snr_db,10.0,3,3,3,3,full_6d,1134195269,,,nan,,False,,5.123966760933399,nan,nan,nan,nan,nan,nan,False,,,peb_only,False,12cdd18a9bc252d4,,,,,,,adaptive_jones,True,fixed_anchor_then_adaptive_jones_score_selection,,nan,nan,nan,nan,True,,,nan,nan,,,,,[],nan,,,nan,nan,nan,nan,,nan,nan,nan,0.0001050649559177789,nan,nan,0.0001050649559177789,False,3c4e17d6858814038ebdb81b7444e4cbebd5be1a61e4510cac6392db534f501a,0.06783252754437447,computed_unscaled,cpu,nan,nan,nan,,,,,,,,nan,nan,nan,nan,nan,nan,False,,
fig2,adaptive_jones_vp_proposed,76,125194699,10.0,snr_db,10.0,3,3,3,3,full_6d,125194699,,,nan,,False,,172.14702606201172,4.9080992431586486e-05,4.9080992431586486e-05,4.922007602597148e-07,1.2784498009493376e-05,6.295108833832707e-14,0.016807369134807536,False,direct_vp,global_exact_spherical_vp,main_single_proposed,True,78095c3edcb607e5,adaptive_jones,cpu,False,,numpy,numpy.linalg.solve,fixed_pol_anchor,True,fixed_anchor_then_adaptive_jones_score_selection,fixed_pol_anchor,0.12846654148216663,1.0862177715087022,0.662667690324319,0.0,True,3,4,3096725.458075429,3187705.760666706,"[0.12846654148216663,1.0862177715087022,0.7733187579820885]","[7.784127979647438,0.9206257034535199,1.2931278204199315]","[1.898894158020367e-07,4.646436799666117e-09,1.0055121316390427e-06]",direct_vp,[],3095481.464702802,3096560,True,50857511.27583989,116.6557038334798,56.76223925223937,0.025520740281480204,"[5.005933926623048,5.028573712015715,5.067716349164277]",166.80498104542494,165.6572704538703,333.8641219958663,nan,nan,nan,nan,False,,nan,,,nan,nan,nan,,,,,,,,4.9080992431586486e-05,4.922007602597148e-07,0.016807369134807536,nan,nan,nan,False,not_run,not_requested
fig2,PEB,76,125194699,10.0,snr_db,10.0,3,3,3,3,full_6d,125194699,,,nan,,False,,5.370608255267143,nan,nan,nan,nan,nan,nan,False,,,peb_only,False,e928cd38642ad2e7,,,,,,,adaptive_jones,True,fixed_anchor_then_adaptive_jones_score_selection,,nan,nan,nan,nan,True,,,nan,nan,,,,,[],nan,,,nan,nan,nan,nan,,nan,nan,nan,0.00014406859228115486,nan,nan,0.00014406859228115486,False,6b8d35b33f7212a697b02c68cfa098dd74c3e1f522985e34bcbd559db51c8fd8,0.016813312074211585,computed_unscaled,cpu,nan,nan,nan,,,,,,,,nan,nan,nan,nan,nan,nan,False,,
fig2,adaptive_jones_vp_proposed,75,3035140021,10.0,snr_db,10.0,3,3,3,3,full_6d,3035140021,,,nan,,False,,207.58777797967196,0.00010497296221762879,0.00010497296221762879,6.16502136211646e-07,2.6377758989965575e-05,5.633667651258978e-13,0.03313046088258298,False,direct_vp,global_exact_spherical_vp,main_single_proposed,True,f73f2784f595d15d,adaptive_jones,cpu,False,,numpy,numpy.linalg.solve,fixed_pol_anchor,True,fixed_anchor_then_adaptive_jones_score_selection,fixed_pol_anchor,0.12161105256100121,1.8553578288772088,0.9296651759936468,0.0,True,3,4,3096725.458075429,3098314.2173816725,"[0.12161105256100121,0.8120266465427304,1.8553578288772088]","[8.22293680501013,1.2314866812028513,0.5389795889687253]","[8.044940508710933e-09,1.5966380000302606e-07,1.0766931496353863e-06]",direct_vp,[],3092353.6339422734,3096560,True,41925561.161578365,139.4721870495097,42.932804507415355,0.022062399501777918,"[4.987446858099645,4.976167465507472,5.027577830359479]",175.51364067196846,200.7985244244337,377.6211674809456,nan,nan,nan,nan,False,,nan,,,nan,nan,nan,,,,,,,,0.00010497296221762879,6.16502136211646e-07,0.03313046088258298,nan,nan,nan,False,not_run,not_requested
fig2,PEB,75,3035140021,10.0,snr_db,10.0,3,3,3,3,full_6d,3035140021,,,nan,,False,,5.534372054040432,nan,nan,nan,nan,nan,nan,False,,,peb_only,False,bf96eef340c1b1af,,,,,,,adaptive_jones,True,fixed_anchor_then_adaptive_jones_score_selection,,nan,nan,nan,nan,True,,,nan,nan,,,,,[],nan,,,nan,nan,nan,nan,,nan,nan,nan,0.00015899183558691914,nan,nan,0.00015899183558691914,False,2f212a9fc87faf916a5915468a1ea2df60203d744fc985d035cf071254d1c26c,0.0331756979253235,computed_unscaled,cpu,nan,nan,nan,,,,,,,,nan,nan,nan,nan,nan,nan,False,,
fig2,adaptive_jones_vp_proposed,73,1489186484,10.0,snr_db,10.0,3,3,3,3,full_6d,1489186484,,,nan,,False,,288.0105959996581,4.820136964839787e-05,4.820136964839787e-05,7.987891895393956e-07,1.719981383765e-05,6.24926745169752e-13,0.028249820991072573,False,direct_vp,global_exact_spherical_vp,main_single_proposed,True,d7f99f871328c345,adaptive_jones,cpu,False,,numpy,numpy.linalg.solve,fixed_pol_anchor,True,fixed_anchor_then_adaptive_jones_score_selection,fixed_pol_anchor,0.20418375468470576,0.5533194551828976,0.3525047094408251,0.0,True,3,4,3096725.458075429,3104759.4153299644,"[0.3000109184548719,0.5533194551828976,0.20418375468470576]","[3.333212021582213,1.8072742438974978,4.8975492763563135]","[1.780817060133944e-07,1.0588430140041549e-07,1.017879618560989e-06]",direct_vp,[],3096064.5027589267,3096560,True,89183751.8496401,68.19514319920829,65.13211678355705,0.008343361273276678,"[5.022952692730384,5.015933880008402,5.036065703431727]",177.39860036224127,281.1939426586032,459.931480050087,nan,nan,nan,nan,False,,nan,,,nan,nan,nan,,,,,,,,4.820136964839787e-05,7.987891895393956e-07,0.028249820991072573,nan,nan,nan,False,not_run,not_requested
fig2,PEB,73,1489186484,10.0,snr_db,10.0,3,3,3,3,full_6d,1489186484,,,nan,,False,,5.408565200865269,nan,nan,nan,nan,nan,nan,False,,,peb_only,False,4d5af81c5c104c8b,,,,,,,adaptive_jones,True,fixed_anchor_then_adaptive_jones_score_selection,,nan,nan,nan,nan,True,,,nan,nan,,,,,[],nan,,,nan,nan,nan,nan,,nan,nan,nan,0.00010680397990855674,nan,nan,0.00010680397990855674,False,d64a78118eb17c14251c66a9269a2f68d800276ea77027a48898e01b93fc8e18,0.02825448811137477,computed_unscaled,cpu,nan,nan,nan,,,,,,,,nan,nan,nan,nan,nan,nan,False,,
fig2,adaptive_jones_vp_proposed,77,4292676672,10.0,snr_db,10.0,3,3,3,3,full_6d,4292676672,,,nan,,False,,161.91761984676123,6.408940273125209e-05,6.408940273125209e-05,2.0036441346651983e-07,3.77323763727884e-06,1.2201022781033677e-13,0.08723823550189536,False,direct_vp,global_exact_spherical_vp,main_single_proposed,True,771dad07146d6e52,adaptive_jones,cpu,False,,numpy,numpy.linalg.solve,fixed_pol_anchor,True,fixed_anchor_then_adaptive_jones_score_selection,fixed_pol_anchor,0.14718919023486673,21.722155988578287,7.394085271414123,0.0,True,3,4,3096725.458075429,3184529.624845966,"[0.14718919023486673,21.722155988578287,0.3129106354292166]","[6.793977182727709,0.046035945994683365,3.195800611340667]","[5.3941917634862984e-08,2.9942502581675047e-10,2.9707384162419574e-07]",direct_vp,[],3093758.1904891357,3096560,True,69199601.13456286,87.75611040607076,26.04894862826141,0.08811176656355424,"[4.978146030632814,5.162464604245008,4.9730604055028556]",184.48411224782467,155.29303400963545,341.0911866873503,nan,nan,nan,nan,False,,nan,,,nan,nan,nan,,,,,,,,6.408940273125209e-05,2.0036441346651983e-07,0.08723823550189536,nan,nan,nan,False,not_run,not_requested
fig2,PEB,77,4292676672,10.0,snr_db,10.0,3,3,3,3,full_6d,4292676672,,,nan,,False,,5.3500587940216064,nan,nan,nan,nan,nan,nan,False,,,peb_only,False,9e709c521ef2d28b,,,,,,,adaptive_jones,True,fixed_anchor_then_adaptive_jones_score_selection,,nan,nan,nan,nan,True,,,nan,nan,,,,,[],nan,,,nan,nan,nan,nan,,nan,nan,nan,0.00012521582502547605,nan,nan,0.00012521582502547605,False,f60a4ab9705635604ca71e7bb7f90055bd716281a75d4d93b7beab9eb08c99af,0.08731769249710072,computed_unscaled,cpu,nan,nan,nan,,,,,,,,nan,nan,nan,nan,nan,nan,False,,
fig2,adaptive_jones_vp_proposed,79,2511075941,10.0,snr_db,10.0,3,3,3,3,full_6d,2511075941,,,nan,,False,,164.02419932186604,3.6341892934698076e-05,3.6341892934698076e-05,5.170683371991763e-07,3.081215210513471e-05,3.5653001656677795e-14,0.0401380635198115,False,direct_vp,global_exact_spherical_vp,main_single_proposed,True,e93359698d000ea3,adaptive_jones,cpu,False,,numpy,numpy.linalg.solve,fixed_pol_anchor,True,fixed_anchor_then_adaptive_jones_score_selection,fixed_pol_anchor,0.12249857839282113,1.3157913372912489,0.7918039372976627,0.0,True,3,4,3096725.458075429,3107894.716963679,"[0.9371218962089182,0.12249857839282113,1.3157913372912489]","[1.0670970383303549,8.163360041560132,0.7599989235810992]","[1.4628766569830035e-08,1.0549308790446645e-07,1.3286448770628403e-07]",direct_vp,[],3094959.894064983,3096560,True,49287423.07348886,90.43205589972983,45.437995838723104,0.006264690711926491,"[5.0093617393683605,5.015128342537202,5.0245604089798555]",167.94561848789454,157.5170023292303,326.8204839155078,nan,nan,nan,nan,False,,nan,,,nan,nan,nan,,,,,,,,3.6341892934698076e-05,5.170683371991763e-07,0.0401380635198115,nan,nan,nan,False,not_run,not_requested
fig2,PEB,79,2511075941,10.0,snr_db,10.0,3,3,3,3,full_6d,2511075941,,,nan,,False,,4.935074515640736,nan,nan,nan,nan,nan,nan,False,,,peb_only,False,6e49b254e17a4a98,,,,,,,adaptive_jones,True,fixed_anchor_then_adaptive_jones_score_selection,,nan,nan,nan,nan,True,,,nan,nan,,,,,[],nan,,,nan,nan,nan,nan,,nan,nan,nan,0.00014677570022839255,nan,nan,0.00014677570022839255,False,d1d2709e7ef7e78043678a9bd3afef4c60705c0eab0a43aa5b03783626c11549,0.0401590225515582,computed_unscaled,cpu,nan,nan,nan,,,,,,,,nan,nan,nan,nan,nan,nan,False,,
fig2,adaptive_jones_vp_proposed,78,3639033133,10.0,snr_db,10.0,3,3,3,3,full_6d,3639033133,,,nan,,False,,169.71008010953665,6.44541065897614e-05,6.44541065897614e-05,4.0961387175880206e-07,2.2770016172059196e-05,1.2555847955458176e-13,0.01719538391331719,False,direct_vp,global_exact_spherical_vp,main_single_proposed,True,4502751d6a39849d,adaptive_jones,cpu,False,,numpy,numpy.linalg.solve,fixed_pol_anchor,True,fixed_anchor_then_adaptive_jones_score_selection,fixed_pol_anchor,0.15411841700177834,2.3610452070331593,0.9466678251506715,0.0,True,3,4,3096725.458075429,3099507.4163323585,"[0.3248398514170767,0.15411841700177834,2.3610452070331593]","[3.0784400240219587,6.488517202900592,0.4235412337801945]","[3.273642262007664e-07,3.304886749688784e-08,1.6681295985044798e-07]",direct_vp,[],3098183.278852909,3096560,True,52130163.227282934,93.65043463509933,38.98811896301406,0.009970448908384595,"[4.982870433474657,4.992599335092161,5.007134773108963]",183.12005397677422,163.33511012792587,347.7530022934079,nan,nan,nan,nan,False,,nan,,,nan,nan,nan,,,,,,,,6.44541065897614e-05,4.0961387175880206e-07,0.01719538391331719,nan,nan,nan,False,not_run,not_requested
fig2,PEB,78,3639033133,10.0,snr_db,10.0,3,3,3,3,full_6d,3639033133,,,nan,,False,,4.962845608592033,nan,nan,nan,nan,nan,nan,False,,,peb_only,False,b6464eeaa0bbfb43,,,,,,,adaptive_jones,True,fixed_anchor_then_adaptive_jones_score_selection,,nan,nan,nan,nan,True,,,nan,nan,,,,,[],nan,,,nan,nan,nan,nan,,nan,nan,nan,0.0001399627222879157,nan,nan,0.0001399627222879157,False,775d9f1d6241dae7442a88dca0b3fa5d7751717fd8d49705eaa3b8cfda4ebb75,0.017186463273560285,computed_unscaled,cpu,nan,nan,nan,,,,,,,,nan,nan,nan,nan,nan,nan,False,,
fig2,adaptive_jones_vp_proposed,29,1456316145,10.0,snr_db,10.0,3,3,3,3,full_6d,1456316145,,,nan,,False,,1966.3115422427654,5.418797024817918e-05,5.418797024817918e-05,4.6069479430892224e-07,7.81949428249062e-06,4.76386787866654e-13,0.058570335735266814,False,direct_vp,global_exact_spherical_vp,main_single_proposed,True,cd1628c581d85b9a,adaptive_jones,cpu,False,,numpy,numpy.linalg.solve,fixed_pol_anchor,True,fixed_anchor_then_adaptive_jones_score_selection,fixed_pol_anchor,0.23237482554462502,0.707585088803802,0.3910474222586229,0.0,True,3,4,3096725.458075429,3166647.115144755,"[0.707585088803802,0.23237482554462502,0.2331823524274416]","[1.413257593782577,4.303392149541296,4.288489199931769]","[6.354754527171078e-07,6.348953471589998e-08,5.1808362964428755e-08]",direct_vp,[],3096312.876385201,3096560,True,86974473.8545928,77.38995609511481,58.49456592673293,0.041073278212040855,"[4.9388924944654296,4.981810965109741,5.039155711172041]",194.94681188464165,1959.8765833824873,2156.10929415375,nan,nan,nan,nan,False,,nan,,,nan,nan,nan,,,,,,,,5.418797024817918e-05,4.6069479430892224e-07,0.058570335735266814,nan,nan,nan,False,not_run,not_requested
fig2,PEB,29,1456316145,10.0,snr_db,10.0,3,3,3,3,full_6d,1456316145,,,nan,,False,,5.112090498209,nan,nan,nan,nan,nan,nan,False,,,peb_only,False,c3e2ade8f6001626,,,,,,,adaptive_jones,True,fixed_anchor_then_adaptive_jones_score_selection,,nan,nan,nan,nan,True,,,nan,nan,,,,,[],nan,,,nan,nan,nan,nan,,nan,nan,nan,0.000107917732895236,nan,nan,0.000107917732895236,False,d8fe45eb7ae04a0170dd7feb177c545054b10b09137abe9e9f00552ed53b5825,0.05857531302247063,computed_unscaled,cpu,nan,nan,nan,,,,,,,,nan,nan,nan,nan,nan,nan,False,,
fig2,adaptive_jones_vp_proposed,80,2843598472,10.0,snr_db,10.0,3,3,3,3,full_6d,2843598472,,,nan,,False,,152.75185069441795,6.659088067821592e-05,6.659088067821592e-05,6.671873459103381e-07,5.377980947997406e-05,1.3445565055033923e-13,0.0681462453878478,False,direct_vp,global_exact_spherical_vp,main_single_proposed,True,dcfac6c7e366a1d3,adaptive_jones,cpu,False,,numpy,numpy.linalg.solve,fixed_pol_anchor,True,fixed_anchor_then_adaptive_jones_score_selection,fixed_pol_anchor,0.1883803036469849,0.9411465007369981,0.4689415233494249,0.0,True,3,4,3096725.458075429,3097403.339787584,"[0.27729776566429176,0.9411465007369981,0.1883803036469849]","[3.606231725683518,1.0625338342287554,5.308410596225392]","[8.275251130378414e-08,3.9646761778781955e-08,9.547478419564634e-08]",direct_vp,[],3095592.8994872435,3096560,True,85920910.99568772,66.79403582306466,53.518469540549866,0.04258187433142618,"[5.068107189986632,5.030342452217393,4.9650236302968125]",177.9667717218399,146.2797391489148,325.4693233370781,nan,nan,nan,nan,False,,nan,,,nan,nan,nan,,,,,,,,6.659088067821592e-05,6.671873459103381e-07,0.0681462453878478,nan,nan,nan,False,not_run,not_requested
fig2,PEB,80,2843598472,10.0,snr_db,10.0,3,3,3,3,full_6d,2843598472,,,nan,,False,,5.094710625708103,nan,nan,nan,nan,nan,nan,False,,,peb_only,False,385af1a008881fd2,,,,,,,adaptive_jones,True,fixed_anchor_then_adaptive_jones_score_selection,,nan,nan,nan,nan,True,,,nan,nan,,,,,[],nan,,,nan,nan,nan,nan,,nan,nan,nan,0.00010962998433042976,nan,nan,0.00010962998433042976,False,ca96bdf8e3d74f1e490185f5b993e297e175166cef168c6fe33ef880dfc91c4e,0.06816788731912188,computed_unscaled,cpu,nan,nan,nan,,,,,,,,nan,nan,nan,nan,nan,nan,False,,
fig2,adaptive_jones_vp_proposed,81,3893654042,10.0,snr_db,10.0,3,3,3,3,full_6d,3893654042,,,nan,,False,,181.3181337788701,0.0002743472119151928,0.0002743472119151928,7.264350309991629e-07,0.00024557240956712625,6.367926654160571e-13,0.06726585881502233,False,direct_vp,global_exact_spherical_vp,main_single_proposed,True,ff7a922d55cfdfb1,adaptive_jones,cpu,False,,numpy,numpy.linalg.solve,fixed_pol_anchor,True,fixed_anchor_then_adaptive_jones_score_selection,fixed_pol_anchor,0.10516310077410011,7.635133033167297,3.518549100708068,0.0,True,3,4,3096725.458075429,3096927.731543238,"[2.815351168182808,7.635133033167297,0.10516310077410011]","[0.3551954766064381,0.13097348738369433,9.509038746850814]","[9.774149713593624e-07,1.4095000538280079e-08,6.579530604929915e-07]",direct_vp,[],3093708.9898806647,3096560,True,33877822.94976578,218.57722007902603,25.804488213468247,0.029867144371362564,"[4.962031968734401,5.035189486285006,4.999048480206926]",154.16221052408218,175.13252233713865,330.5652454867959,nan,nan,nan,nan,False,,nan,,,nan,nan,nan,,,,,,,,0.0002743472119151928,7.264350309991629e-07,0.06726585881502233,nan,nan,nan,False,not_run,not_requested
fig2,PEB,81,3893654042,10.0,snr_db,10.0,3,3,3,3,full_6d,3893654042,,,nan,,False,,5.021930985152721,nan,nan,nan,nan,nan,nan,False,,,peb_only,False,f583cf3cc67d7772,,,,,,,adaptive_jones,True,fixed_anchor_then_adaptive_jones_score_selection,,nan,nan,nan,nan,True,,,nan,nan,,,,,[],nan,,,nan,nan,nan,nan,,nan,nan,nan,0.00013743569528848755,nan,nan,0.00013743569528848755,False,7fdbdc32913dce5e44795d5b9a7446df6f3ff25cfdfe20eb33bdaf98d154febf,0.06732819560834685,computed_unscaled,cpu,nan,nan,nan,,,,,,,,nan,nan,nan,nan,nan,nan,False,,
fig2,adaptive_jones_vp_proposed,84,3985341227,10.0,snr_db,10.0,3,3,3,3,full_6d,3985341227,,,nan,,False,,160.25001442432404,8.830483566440836e-05,8.830483566440836e-05,7.411713907563817e-07,2.114225849390158e-05,7.438008253577195e-14,0.06950777370693675,False,direct_vp,global_exact_spherical_vp,main_single_proposed,True,565198f93e2a663a,adaptive_jones,cpu,False,,numpy,numpy.linalg.solve,fixed_pol_anchor,True,fixed_anchor_then_adaptive_jones_score_selection,fixed_pol_anchor,0.14999928065118123,0.6805777399853927,0.4572662870420063,0.0,True,3,4,3096725.458075429,3100383.6936773076,"[0.14999928065118123,0.5412218404894448,0.6805777399853927]","[6.666698637877602,1.8476711861722463,1.4693398582515826]","[7.808954633018794e-08,7.76972992078024e-09,6.868640351422901e-08]",direct_vp,[],3093751.8118826943,3096560,True,48353587.87837942,108.63518052100066,49.596135775689525,0.008477876590169247,"[4.982322742479569,4.9985420344782945,4.979201373967914]",160.53978196531534,153.73466881364584,315.6007612198591,nan,nan,nan,nan,False,,nan,,,nan,nan,nan,,,,,,,,8.830483566440836e-05,7.411713907563817e-07,0.06950777370693675,nan,nan,nan,False,not_run,not_requested
fig2,PEB,84,3985341227,10.0,snr_db,10.0,3,3,3,3,full_6d,3985341227,,,nan,,False,,5.14591309428215,nan,nan,nan,nan,nan,nan,False,,,peb_only,False,f37add21a7309a02,,,,,,,adaptive_jones,True,fixed_anchor_then_adaptive_jones_score_selection,,nan,nan,nan,nan,True,,,nan,nan,,,,,[],nan,,,nan,nan,nan,nan,,nan,nan,nan,0.00014709197617435586,nan,nan,0.00014709197617435586,False,763c74c3103c34dc91712b88cb00b247f3e9461f0fa66c55a5e9608e707daf96,0.06957122515375597,computed_unscaled,cpu,nan,nan,nan,,,,,,,,nan,nan,nan,nan,nan,nan,False,,
fig2,adaptive_jones_vp_proposed,31,3399679668,10.0,snr_db,10.0,3,3,3,3,full_6d,3399679668,,,nan,,False,,2001.9982146918774,0.00012145132679247599,0.00012145132679247599,3.31047787584056e-07,3.374162659515193e-05,1.0885233254589641e-13,0.04027999987173796,False,direct_vp_rollback,global_exact_spherical_vp,main_single_proposed,True,6357878346bf5484,adaptive_jones,cpu,False,,numpy,numpy.linalg.solve,fixed_pol_anchor,True,fixed_anchor_then_adaptive_jones_score_selection,fixed_pol_anchor,0.17763359003690096,0.9978474838533167,0.4908453999507252,0.0,True,3,4,3096725.458075429,5088408.797147283,"[0.17763359003690096,0.29705512596195804,0.9978474838533167]","[5.629565893433139,3.3663785358404033,1.0021571594662675]","[4.6209164335659394e-07,3.7202109287773695e-07,2.291238994726236e-06]",jnpp_then_vp,[],3102844.3659262224,3096560,False,53522714.612011306,93.57562831367954,57.150867765389464,0.018409595262561158,"[4.995293422696146,5.022481297704011,4.9777309165774755]",182.58125473558903,1785.4310496971011,1969.2465892508626,nan,nan,nan,nan,False,,nan,,,nan,nan,nan,,,,,,,,0.00012145132679247599,3.31047787584056e-07,0.04027999987173796,0.00012145335584058884,3.310490158149869e-07,0.040279999871738026,True,rollback,existing_selector_rollback
fig2,PEB,31,3399679668,10.0,snr_db,10.0,3,3,3,3,full_6d,3399679668,,,nan,,False,,5.192477203905582,nan,nan,nan,nan,nan,nan,False,,,peb_only,False,82d55a7197910cbb,,,,,,,adaptive_jones,True,fixed_anchor_then_adaptive_jones_score_selection,,nan,nan,nan,nan,True,,,nan,nan,,,,,[],nan,,,nan,nan,nan,nan,,nan,nan,nan,0.0001386181568063802,nan,nan,0.0001386181568063802,False,579f4d92d8c766cab7fa417a5175cd99bb36ab4a51df0f587cc9ea2e392b9def,0.040198626219395954,computed_unscaled,cpu,nan,nan,nan,,,,,,,,nan,nan,nan,nan,nan,nan,False,,
fig2,adaptive_jones_vp_proposed,85,2249164774,10.0,snr_db,10.0,3,3,3,3,full_6d,2249164774,,,nan,,False,,161.58086045831442,6.27894981941698e-05,6.27894981941698e-05,5.334045763907762e-07,1.0251412279340291e-05,2.237368876056818e-14,0.025732168016124407,False,direct_vp,global_exact_spherical_vp,main_single_proposed,True,d2abf80377c23659,adaptive_jones,cpu,False,,numpy,numpy.linalg.solve,fixed_pol_anchor,True,fixed_anchor_then_adaptive_jones_score_selection,fixed_pol_anchor,0.2307078904860105,0.48872134799096667,0.3328521390701073,0.0,True,3,4,3096725.458075429,3099847.0189100024,"[0.48872134799096667,0.27912717873334464,0.2307078904860105]","[2.0461557574890197,3.582596308025738,4.334485473787497]","[4.292827391656261e-07,3.266548976371824e-08,3.6939943885762667e-07]",direct_vp,[],3096524.326118243,3096560,True,81546486.6935639,66.61541436149011,58.45458043889556,0.014062184450305796,"[4.980895403145066,5.0012852742485965,5.015132853313672]",188.58990339189768,155.57461699843407,345.5014795809984,nan,nan,nan,nan,False,,nan,,,nan,nan,nan,,,,,,,,6.27894981941698e-05,5.334045763907762e-07,0.025732168016124407,nan,nan,nan,False,not_run,not_requested
fig2,PEB,85,2249164774,10.0,snr_db,10.0,3,3,3,3,full_6d,2249164774,,,nan,,False,,5.194535411894321,nan,nan,nan,nan,nan,nan,False,,,peb_only,False,5605bfd18483fc17,,,,,,,adaptive_jones,True,fixed_anchor_then_adaptive_jones_score_selection,,nan,nan,nan,nan,True,,,nan,nan,,,,,[],nan,,,nan,nan,nan,nan,,nan,nan,nan,0.0001129993223636197,nan,nan,0.0001129993223636197,False,d2813a00a2d0760dea2dc8be475dff9a47f414a15a39f0f8b76a2c0e1d6af5ec,0.025732597426930643,computed_unscaled,cpu,nan,nan,nan,,,,,,,,nan,nan,nan,nan,nan,nan,False,,
fig2,adaptive_jones_vp_proposed,86,2710333116,10.0,snr_db,10.0,3,3,3,3,full_6d,2710333116,,,nan,,False,,161.95243386924267,0.00010199655888190864,0.00010199655888190864,4.2729912696723235e-07,1.8063654015381494e-05,6.241152660719338e-13,0.016808639461755703,False,direct_vp,global_exact_spherical_vp,main_single_proposed,True,bcb18f827edf05e7,adaptive_jones,cpu,False,,numpy,numpy.linalg.solve,fixed_pol_anchor,True,fixed_anchor_then_adaptive_jones_score_selection,fixed_pol_anchor,0.12958744648391957,2.052769693390234,0.9153419195919144,0.0,True,3,4,3096725.458075429,3110903.1697517596,"[0.12958744648391957,2.052769693390234,0.5636686189015896]","[7.7167968590534715,0.4871467087700452,1.7740920222738628]","[1.0403498293663923e-07,5.354028936316651e-08,3.5625194244966336e-07]",direct_vp,[],3094679.731558799,3096560,True,53862483.007725954,112.93203623217916,54.61414553090247,0.02838419623559912,"[5.027447196982127,5.068366226556697,4.999227081062708]",173.43581607192755,155.34439679980278,330.1836724355817,nan,nan,nan,nan,False,,nan,,,nan,nan,nan,,,,,,,,0.00010199655888190864,4.2729912696723235e-07,0.016808639461755703,nan,nan,nan,False,not_run,not_requested
fig2,PEB,86,2710333116,10.0,snr_db,10.0,3,3,3,3,full_6d,2710333116,,,nan,,False,,5.575957164168358,nan,nan,nan,nan,nan,nan,False,,,peb_only,False,7bb4033dcc5999c4,,,,,,,adaptive_jones,True,fixed_anchor_then_adaptive_jones_score_selection,,nan,nan,nan,nan,True,,,nan,nan,,,,,[],nan,,,nan,nan,nan,nan,,nan,nan,nan,0.00014191551456966205,nan,nan,0.00014191551456966205,False,3a54fb3766786593be45a3a051de7709f83ecc3b2e8854a667fc53103d577f6b,0.01681893897424671,computed_unscaled,cpu,nan,nan,nan,,,,,,,,nan,nan,nan,nan,nan,nan,False,,
fig2,adaptive_jones_vp_proposed,44,2937526438,10.0,snr_db,10.0,3,3,3,3,full_6d,2937526438,,,nan,,False,,1670.7888772413135,4.880121613353029e-05,4.880121613353029e-05,7.637526808553298e-07,6.8730564387736105e-06,7.521632374569854e-14,0.031678121807699966,False,direct_vp,global_exact_spherical_vp,main_single_proposed,True,69981414aa0cde12,adaptive_jones,cpu,False,,numpy,numpy.linalg.solve,fixed_pol_anchor,True,fixed_anchor_then_adaptive_jones_score_selection,fixed_pol_anchor,0.19221203225486092,0.981616809447501,0.47950396325284084,0.0,True,3,4,3096725.458075429,6805857.955999022,"[0.981616809447501,0.19221203225486092,0.26468304805616066]","[1.0187274610363124,5.20258793515003,3.7781036879534287]","[3.1286950013505024e-06,1.8265902684122144e-07,4.24274658102874e-07]",direct_vp,[],3098562.5661980393,3096560,True,84944009.21404311,72.66236818952844,47.07417584513094,0.016449164990956184,"[4.973203165709078,4.999498671570837,5.012789477765869]",207.30306782573462,1664.7801942378283,1873.3977323621511,nan,nan,nan,nan,False,,nan,,,nan,nan,nan,,,,,,,,4.880121613353029e-05,7.637526808553298e-07,0.031678121807699966,nan,nan,nan,False,not_run,not_requested
fig2,PEB,44,2937526438,10.0,snr_db,10.0,3,3,3,3,full_6d,2937526438,,,nan,,False,,4.881003193557262,nan,nan,nan,nan,nan,nan,False,,,peb_only,False,098f7c9f91f59605,,,,,,,adaptive_jones,True,fixed_anchor_then_adaptive_jones_score_selection,,nan,nan,nan,nan,True,,,nan,nan,,,,,[],nan,,,nan,nan,nan,nan,,nan,nan,nan,0.00010973705548523495,nan,nan,0.00010973705548523495,False,a69e9e58b307bf283137f27fcdcb11ba27c21f96108559d9bf8b0d1b3c2cba08,0.031657812169067184,computed_unscaled,cpu,nan,nan,nan,,,,,,,,nan,nan,nan,nan,nan,nan,False,,
fig2,adaptive_jones_vp_proposed,91,3347136468,10.0,snr_db,10.0,3,3,3,3,full_6d,3347136468,,,nan,,False,,143.96887289732695,5.235208270266792e-05,5.235208270266792e-05,4.923145285779463e-07,4.657480167626143e-05,4.754225028497622e-14,0.024663673101859133,False,direct_vp,global_exact_spherical_vp,main_single_proposed,True,dd61f2a8e8b05677,adaptive_jones,cpu,False,,numpy,numpy.linalg.solve,fixed_pol_anchor,True,fixed_anchor_then_adaptive_jones_score_selection,fixed_pol_anchor,0.11696196911382582,2.428986675097854,1.1764298465983838,0.0,True,3,4,3096725.458075429,3120589.664355186,"[0.983340895583471,2.428986675097854,0.11696196911382582]","[1.0169413318314813,0.4116943127970371,8.549787658129254]","[2.832161443011617e-07,8.416254040352772e-08,4.789695232887705e-07]",direct_vp,[],3098743.3454228044,3096560,True,68568734.74469154,113.1606609721587,42.87195668541366,0.05485262011202294,"[4.923655490973698,5.043717381674516,5.03592149639109]",173.52653608471155,138.8546680957079,313.8094969019294,nan,nan,nan,nan,False,,nan,,,nan,nan,nan,,,,,,,,5.235208270266792e-05,4.923145285779463e-07,0.024663673101859133,nan,nan,nan,False,not_run,not_requested
fig2,PEB,91,3347136468,10.0,snr_db,10.0,3,3,3,3,full_6d,3347136468,,,nan,,False,,4.126384876668453,nan,nan,nan,nan,nan,nan,False,,,peb_only,False,0466a9a74df00167,,,,,,,adaptive_jones,True,fixed_anchor_then_adaptive_jones_score_selection,,nan,nan,nan,nan,True,,,nan,nan,,,,,[],nan,,,nan,nan,nan,nan,,nan,nan,nan,0.00010803658270640652,nan,nan,0.00010803658270640652,False,64607f16edc43d908c3fdfcf5a1ab43160e4a3b90bfd0c732196f2f9ce351b74,0.02464642265771189,computed_unscaled,cpu,nan,nan,nan,,,,,,,,nan,nan,nan,nan,nan,nan,False,,
fig2,adaptive_jones_vp_proposed,90,4175219143,10.0,snr_db,10.0,3,3,3,3,full_6d,4175219143,,,nan,,False,,157.64436537772417,1.4998973956639159e-05,1.4998973956639159e-05,3.8527281199601025e-07,1.096832689213052e-05,4.895523071144338e-13,0.009024442795848622,False,direct_vp,global_exact_spherical_vp,main_single_proposed,True,aca704a60cc3f808,adaptive_jones,cpu,False,,numpy,numpy.linalg.solve,fixed_pol_anchor,True,fixed_anchor_then_adaptive_jones_score_selection,fixed_pol_anchor,0.16004468895503124,2.231619652127372,0.8976764251867744,0.0,True,3,4,3096725.458075429,3098966.537870694,"[0.3013649344779199,0.16004468895503124,2.231619652127372]","[3.318236083876459,6.24825482513085,0.44810503395795176]","[5.685101458604125e-07,1.708739743646417e-08,1.2738795953404333e-06]",direct_vp,[],3092814.258714677,3096560,True,50293091.157571025,99.8791635282084,43.242505286659835,0.022467840938214485,"[4.988229005329636,4.986013686836309,5.034744205267317]",170.64069702476263,151.54545562714338,323.4961712732911,nan,nan,nan,nan,False,,nan,,,nan,nan,nan,,,,,,,,1.4998973956639159e-05,3.8527281199601025e-07,0.009024442795848622,nan,nan,nan,False,not_run,not_requested
fig2,PEB,90,4175219143,10.0,snr_db,10.0,3,3,3,3,full_6d,4175219143,,,nan,,False,,4.959203198552132,nan,nan,nan,nan,nan,nan,False,,,peb_only,False,5fee6a474b206d7f,,,,,,,adaptive_jones,True,fixed_anchor_then_adaptive_jones_score_selection,,nan,nan,nan,nan,True,,,nan,nan,,,,,[],nan,,,nan,nan,nan,nan,,nan,nan,nan,0.00014280113987449186,nan,nan,0.00014280113987449186,False,6333c10944794ce04d692bf5cb56023e51f4bf1ac8d7f2df89dad974bd0e5c09,0.009035419083527885,computed_unscaled,cpu,nan,nan,nan,,,,,,,,nan,nan,nan,nan,nan,nan,False,,
fig2,adaptive_jones_vp_proposed,92,971995857,10.0,snr_db,10.0,3,3,3,3,full_6d,971995857,,,nan,,False,,161.29006406664848,2.2450030300855348e-05,2.2450030300855348e-05,1.807794614943136e-07,6.149682903157078e-06,5.61751917693845e-14,0.05369682930535837,False,direct_vp,global_exact_spherical_vp,main_single_proposed,True,461fd7acaff41510,adaptive_jones,cpu,False,,numpy,numpy.linalg.solve,fixed_pol_anchor,True,fixed_anchor_then_adaptive_jones_score_selection,fixed_pol_anchor,0.14014960426459547,2.8998446902668347,1.1455196775708845,0.0,True,3,4,3096725.458075429,3099522.1852850528,"[2.8998446902668347,0.39656473818122323,0.14014960426459547]","[0.3448460544640697,2.52165637465886,7.135232420006765]","[8.124590485867057e-07,9.671079479062204e-08,8.27677714842597e-07]",direct_vp,[],3097912.8701939136,3096560,True,83122583.55585667,80.21002736862573,41.79382720967049,0.05395616084282178,"[4.893439708408687,4.994137215283726,5.017921530714949]",161.75306302309036,156.24512900412083,319.1982623487711,nan,nan,nan,nan,False,,nan,,,nan,nan,nan,,,,,,,,2.2450030300855348e-05,1.807794614943136e-07,0.05369682930535837,nan,nan,nan,False,not_run,not_requested
fig2,PEB,92,971995857,10.0,snr_db,10.0,3,3,3,3,full_6d,971995857,,,nan,,False,,4.098084323108196,nan,nan,nan,nan,nan,nan,False,,,peb_only,False,dfb352ea7c738913,,,,,,,adaptive_jones,True,fixed_anchor_then_adaptive_jones_score_selection,,nan,nan,nan,nan,True,,,nan,nan,,,,,[],nan,,,nan,nan,nan,nan,,nan,nan,nan,0.00010085393080804644,nan,nan,0.00010085393080804644,False,414dc620a83beefed3505e1c54ca50570728cbcfef97d68ab55ee64715d67776,0.05367365702982516,computed_unscaled,cpu,nan,nan,nan,,,,,,,,nan,nan,nan,nan,nan,nan,False,,
fig2,adaptive_jones_vp_proposed,87,3576217426,10.0,snr_db,10.0,3,3,3,3,full_6d,3576217426,,,nan,,False,,259.5541723743081,7.015823648535833e-05,7.015823648535833e-05,5.331151386902386e-07,5.3527885765740145e-05,1.4814783742218807e-13,0.0066207254723266865,False,direct_vp,global_exact_spherical_vp,main_single_proposed,True,5da21bc0ccd23d5e,adaptive_jones,cpu,False,,numpy,numpy.linalg.solve,fixed_pol_anchor,True,fixed_anchor_then_adaptive_jones_score_selection,fixed_pol_anchor,0.1635763964060826,1.1780811078091575,0.5563286992895261,0.0,True,3,4,3096725.458075429,3111846.0714358077,"[0.1635763964060826,0.32732859365333816,1.1780811078091575]","[6.113351449052042,3.055034052597117,0.8488379903303027]","[2.8257189713684486e-07,6.46125799629841e-08,3.05109911805328e-08]",direct_vp,[],3094137.5541704088,3096560,True,45767526.57452133,103.98304496197912,48.11006234559785,0.030525970302326098,"[4.995469863779374,5.000124715422415,4.933167527492566]",170.61757362633944,253.97390015423298,425.9704206213355,nan,nan,nan,nan,False,,nan,,,nan,nan,nan,,,,,,,,7.015823648535833e-05,5.331151386902386e-07,0.0066207254723266865,nan,nan,nan,False,not_run,not_requested
fig2,PEB,87,3576217426,10.0,snr_db,10.0,3,3,3,3,full_6d,3576217426,,,nan,,False,,4.441371448338032,nan,nan,nan,nan,nan,nan,False,,,peb_only,False,ac6b18ea319b7a50,,,,,,,adaptive_jones,True,fixed_anchor_then_adaptive_jones_score_selection,,nan,nan,nan,nan,True,,,nan,nan,,,,,[],nan,,,nan,nan,nan,nan,,nan,nan,nan,0.00015009962123042143,nan,nan,0.00015009962123042143,False,66c908d686e5b626f41743ba5f1b64294d5b4f17110f5310f3926b121f412ca0,0.0066259431719713265,computed_unscaled,cpu,nan,nan,nan,,,,,,,,nan,nan,nan,nan,nan,nan,False,,
fig2,adaptive_jones_vp_proposed,94,3608384463,10.0,snr_db,10.0,3,3,3,3,full_6d,3608384463,,,nan,,False,,137.66857098042965,4.705984269354503e-05,4.705984269354503e-05,7.586512662863894e-07,8.84187815733506e-06,2.5269347587921665e-13,0.0467927473600679,False,direct_vp,global_exact_spherical_vp,main_single_proposed,True,4f89d3fcbdac2fb5,adaptive_jones,cpu,False,,numpy,numpy.linalg.solve,fixed_pol_anchor,True,fixed_anchor_then_adaptive_jones_score_selection,fixed_pol_anchor,0.1351718082927643,1.5269645013148943,0.7259657432428496,0.0,True,3,4,3096725.458075429,3171264.744830451,"[0.5157609201208903,0.1351718082927643,1.5269645013148943]","[1.9388828447201703,7.397992322733428,0.6548940719560649]","[5.454274394019345e-06,7.682066925198226e-09,1.9487551508764144e-08]",direct_vp,[],3098716.7628207016,3096560,True,57323892.27745864,101.85774156153362,38.381140743997285,0.021272821734195316,"[5.038000331316175,5.013200570955704,5.065288322897402]",181.9557612016797,132.31966502219439,315.69646786153316,nan,nan,nan,nan,False,,nan,,,nan,nan,nan,,,,,,,,4.705984269354503e-05,7.586512662863894e-07,0.0467927473600679,nan,nan,nan,False,not_run,not_requested
fig2,PEB,94,3608384463,10.0,snr_db,10.0,3,3,3,3,full_6d,3608384463,,,nan,,False,,4.318830288946629,nan,nan,nan,nan,nan,nan,False,,,peb_only,False,a7f6dd35467fb9f5,,,,,,,adaptive_jones,True,fixed_anchor_then_adaptive_jones_score_selection,,nan,nan,nan,nan,True,,,nan,nan,,,,,[],nan,,,nan,nan,nan,nan,,nan,nan,nan,0.00013477256840140945,nan,nan,0.00013477256840140945,False,ef18bf3cff118d7dc1efd356b9a296459495c6f9c6bb71ac5354d9f7a0cabc56,0.04676042037393325,computed_unscaled,cpu,nan,nan,nan,,,,,,,,nan,nan,nan,nan,nan,nan,False,,
fig2,adaptive_jones_vp_proposed,89,850792180,10.0,snr_db,10.0,3,3,3,3,full_6d,850792180,,,nan,,False,,266.55827963352203,0.00013128977290095015,0.00013128977290095015,6.306158079096978e-07,6.160191803582396e-05,1.8536838653797398e-13,0.07891154184747211,False,direct_vp,global_exact_spherical_vp,main_single_proposed,True,882c260476bd5fd7,adaptive_jones,cpu,False,,numpy,numpy.linalg.solve,fixed_pol_anchor,True,fixed_anchor_then_adaptive_jones_score_selection,fixed_pol_anchor,0.16802147565443418,0.706470414819351,0.41708687145994533,0.0,True,3,4,3096725.458075429,3098020.0536871115,"[0.706470414819351,0.16802147565443418,0.3767687239060508]","[1.4154874415441725,5.9516201491796705,2.6541481193884295]","[5.8476433681442575e-08,8.861677052191299e-08,1.5339608432622528e-06]",direct_vp,[],3098301.4748491175,3096560,True,71308495.72849731,67.15274057795573,69.60122184710416,0.004785997853463999,"[5.0146655713923005,5.017396522345887,5.006157728292903]",170.28367280960083,261.9499875381589,433.6004950925708,nan,nan,nan,nan,False,,nan,,,nan,nan,nan,,,,,,,,0.00013128977290095015,6.306158079096978e-07,0.07891154184747211,nan,nan,nan,False,not_run,not_requested
fig2,PEB,89,850792180,10.0,snr_db,10.0,3,3,3,3,full_6d,850792180,,,nan,,False,,3.7282311618328094,nan,nan,nan,nan,nan,nan,False,,,peb_only,False,a732eeabf2e5cf15,,,,,,,adaptive_jones,True,fixed_anchor_then_adaptive_jones_score_selection,,nan,nan,nan,nan,True,,,nan,nan,,,,,[],nan,,,nan,nan,nan,nan,,nan,nan,nan,0.00012201386586936464,nan,nan,0.00012201386586936464,False,2d81d18bd4ebd93cb30153245eac7dedb296bdb9883caf62dadd0506edd2daa4,0.07886759522643855,computed_unscaled,cpu,nan,nan,nan,,,,,,,,nan,nan,nan,nan,nan,nan,False,,
fig2,adaptive_jones_vp_proposed,95,1902842209,10.0,snr_db,10.0,3,3,3,3,full_6d,1902842209,,,nan,,False,,113.47846288979053,0.0001329072494393491,0.0001329072494393491,7.081163230829122e-07,7.528406618514504e-05,4.328425025484432e-13,0.0282996376114972,False,direct_vp,global_exact_spherical_vp,main_single_proposed,True,fd5e91bdb6066121,adaptive_jones,cpu,False,,numpy,numpy.linalg.solve,fixed_pol_anchor,True,fixed_anchor_then_adaptive_jones_score_selection,fixed_pol_anchor,0.12354171561793714,5.126907738703645,1.942435345854058,0.0,True,3,4,3096725.458075429,3115218.6786833284,"[5.126907738703645,0.576856583240592,0.12354171561793714]","[0.19504934571881458,1.7335331329353123,8.094431868604271]","[6.744149494262709e-07,1.3761389262366844e-07,3.02622092631626e-07]",direct_vp,[],3094777.011481707,3096560,True,70942484.89013425,97.71687290274643,30.071174211287108,0.02862489437537695,"[4.980014419072043,5.050127634947411,5.01449368766661]",140.25339084863663,108.80939251929522,250.30625297874212,nan,nan,nan,nan,False,,nan,,,nan,nan,nan,,,,,,,,0.0001329072494393491,7.081163230829122e-07,0.0282996376114972,nan,nan,nan,False,not_run,not_requested
fig2,PEB,95,1902842209,10.0,snr_db,10.0,3,3,3,3,full_6d,1902842209,,,nan,,False,,3.7349449172616005,nan,nan,nan,nan,nan,nan,False,,,peb_only,False,1328ea5009805f1b,,,,,,,adaptive_jones,True,fixed_anchor_then_adaptive_jones_score_selection,,nan,nan,nan,nan,True,,,nan,nan,,,,,[],nan,,,nan,nan,nan,nan,,nan,nan,nan,0.00010404652643098265,nan,nan,0.00010404652643098265,False,76a18cb09eabd2843f7f18de70d1414c840c1b810997a8411f8aedb26f349b2f,0.028316088141841084,computed_unscaled,cpu,nan,nan,nan,,,,,,,,nan,nan,nan,nan,nan,nan,False,,
fig2,adaptive_jones_vp_proposed,88,2932252539,10.0,snr_db,10.0,3,3,3,3,full_6d,2932252539,,,nan,,False,,320.7508154883981,0.00017448730362821466,0.00017448730362821466,5.799593536901786e-07,3.202048241228481e-05,6.589489280000337e-15,0.03913972368524619,False,direct_vp,global_exact_spherical_vp,main_single_proposed,True,d97e7ba3de435a4d,adaptive_jones,cpu,False,,numpy,numpy.linalg.solve,fixed_pol_anchor,True,fixed_anchor_then_adaptive_jones_score_selection,fixed_pol_anchor,0.19814545305325768,0.5652728923205913,0.35904742306980214,0.0,True,3,4,3096725.458075429,3096939.3753944174,"[0.31372392383555736,0.5652728923205913,0.19814545305325768]","[3.1875159145460956,1.7690570582540697,5.046797615542665]","[6.503558553068167e-07,5.228476135661684e-08,3.1520711912041395e-07]",direct_vp,[],3097638.0463830447,3096560,True,85023738.86693886,71.32548567569187,53.67792489104293,0.01645024316486567,"[5.033750336448402,5.007125562763876,4.9942446619066105]",171.03162241727114,315.975215934217,488.4240911975503,nan,nan,nan,nan,False,,nan,,,nan,nan,nan,,,,,,,,0.00017448730362821466,5.799593536901786e-07,0.03913972368524619,nan,nan,nan,False,not_run,not_requested
fig2,PEB,88,2932252539,10.0,snr_db,10.0,3,3,3,3,full_6d,2932252539,,,nan,,False,,3.758531168103218,nan,nan,nan,nan,nan,nan,False,,,peb_only,False,2d683b92ed52e9aa,,,,,,,adaptive_jones,True,fixed_anchor_then_adaptive_jones_score_selection,,nan,nan,nan,nan,True,,,nan,nan,,,,,[],nan,,,nan,nan,nan,nan,,nan,nan,nan,0.00010938541647871567,nan,nan,0.00010938541647871567,False,026935debd21c4cd81fb47190ca8eeaf89621d3b1a455ec08b231cab8f8cd44e,0.03912630436337873,computed_unscaled,cpu,nan,nan,nan,,,,,,,,nan,nan,nan,nan,nan,nan,False,,
fig2,adaptive_jones_vp_proposed,48,3302385666,10.0,snr_db,10.0,3,3,3,3,full_6d,3302385666,,,nan,,False,,1778.920543372631,6.303878151828564e-05,6.303878151828564e-05,6.780941597569564e-07,4.715557321192368e-05,6.540687970907362e-13,0.041503191129918446,False,direct_vp,global_exact_spherical_vp,main_single_proposed,True,471768e9c498b8c9,adaptive_jones,cpu,False,,numpy,numpy.linalg.solve,fixed_pol_anchor,True,fixed_anchor_then_adaptive_jones_score_selection,fixed_pol_anchor,0.2147653971574833,1.1558262567862376,0.5318452740805225,0.0,True,3,4,3096725.458075429,5118591.18987224,"[0.22494416829784672,1.1558262567862376,0.2147653971574833]","[4.445547566610766,0.8651819372743214,4.656243571987086]","[1.6796742684603785e-06,1.2606374401629811e-06,4.1824475520338755e-07]",direct_vp,[],3092814.11525589,3096560,True,79717148.53920716,73.53721802007028,65.6942857026748,0.010582326681127132,"[5.003908025529086,5.002166678154702,5.0254351453253765]",188.370176166296,1775.0781630203128,1964.7410067021847,nan,nan,nan,nan,False,,nan,,,nan,nan,nan,,,,,,,,6.303878151828564e-05,6.780941597569564e-07,0.041503191129918446,nan,nan,nan,False,not_run,not_requested
fig2,PEB,48,3302385666,10.0,snr_db,10.0,3,3,3,3,full_6d,3302385666,,,nan,,False,,2.9012457579374313,nan,nan,nan,nan,nan,nan,False,,,peb_only,False,c740d4f6d702a58f,,,,,,,adaptive_jones,True,fixed_anchor_then_adaptive_jones_score_selection,,nan,nan,nan,nan,True,,,nan,nan,,,,,[],nan,,,nan,nan,nan,nan,,nan,nan,nan,0.00011458153659228701,nan,nan,0.00011458153659228701,False,1b543152d623d7ef1c79c425645de2dcbaa35a96910d0ef3f1aa53205c46b486,0.04155367273525431,computed_unscaled,cpu,nan,nan,nan,,,,,,,,nan,nan,nan,nan,nan,nan,False,,
fig2,adaptive_jones_vp_proposed,36,3263447461,10.0,snr_db,10.0,3,3,3,3,full_6d,3263447461,,,nan,,False,,2186.19333820045,0.00012145819555162784,0.00012145819555162784,6.901878410823057e-07,7.903479066645126e-05,3.0954766741699964e-14,0.024489379087460367,False,direct_vp_rollback,global_exact_spherical_vp,main_single_proposed,True,54225d96272036bb,adaptive_jones,cpu,False,,numpy,numpy.linalg.solve,fixed_pol_anchor,True,fixed_anchor_then_adaptive_jones_score_selection,fixed_pol_anchor,0.12262331201793442,30.10491231506942,10.260568387606773,0.0,True,3,4,3096725.458075429,9293340.639283279,"[0.5541695357329589,30.10491231506942,0.12262331201793442]","[1.804501935814317,0.03321717032437034,8.155056192362682]","[4.930962035223886e-06,9.783563140762516e-07,1.651486037060551e-07]",jnpp_then_vp,[],3101086.153495555,3096560,False,77480394.68299954,90.27481542347336,27.568750741624292,0.024848061300971343,"[4.999784534623339,5.047026830372505,4.99017103497253]",168.22316446900368,1786.3187469244003,1955.849552474916,nan,nan,nan,nan,False,,nan,,,nan,nan,nan,,,,,,,,0.00012145819555162784,6.901878410823057e-07,0.024489379087460367,0.00012145740268812956,6.901860374141286e-07,0.02448937908746038,True,rollback,existing_selector_rollback
fig2,PEB,36,3263447461,10.0,snr_db,10.0,3,3,3,3,full_6d,3263447461,,,nan,,False,,2.8533528968691826,nan,nan,nan,nan,nan,nan,False,,,peb_only,False,90852824303fa4c3,,,,,,,adaptive_jones,True,fixed_anchor_then_adaptive_jones_score_selection,,nan,nan,nan,nan,True,,,nan,nan,,,,,[],nan,,,nan,nan,nan,nan,,nan,nan,nan,0.00010068566079147998,nan,nan,0.00010068566079147998,False,44da4b062737b51be35373567f8e2b8ed08b76fc869f23df282060a8ccb40d9b,0.024453762257347224,computed_unscaled,cpu,nan,nan,nan,,,,,,,,nan,nan,nan,nan,nan,nan,False,,
fig2,adaptive_jones_vp_proposed,56,2167631329,10.0,snr_db,10.0,3,3,3,3,full_6d,2167631329,,,nan,,False,,1548.5809427052736,2.6411906618885785e-05,2.6411906618885785e-05,3.1828060420049305e-07,2.3062252497402815e-05,2.8735044839555824e-13,0.039487010941093394,False,direct_vp,global_exact_spherical_vp,main_single_proposed,True,302434124ee6aa20,adaptive_jones,cpu,False,,numpy,numpy.linalg.solve,fixed_pol_anchor,True,fixed_anchor_then_adaptive_jones_score_selection,fixed_pol_anchor,0.1378862275197889,2.23317113227877,0.933705522662528,0.0,True,3,4,3096725.458075429,3855234.7677815408,"[0.430059208189025,2.23317113227877,0.1378862275197889]","[2.325261222078141,0.447793716094363,7.252355931315518]","[2.840682953468548e-07,1.1725168909081292e-07,2.8825134431174344e-08]",direct_vp,[],3095587.0094693718,3096560,True,81321803.67628084,84.94097843752954,43.63521972438147,0.013303737170227285,"[4.985636910268402,4.977747289447737,5.009073988299241]",197.25482614338398,1545.3917724713683,1744.0288114398718,nan,nan,nan,nan,False,,nan,,,nan,nan,nan,,,,,,,,2.6411906618885785e-05,3.1828060420049305e-07,0.039487010941093394,nan,nan,nan,False,not_run,not_requested
fig2,PEB,56,2167631329,10.0,snr_db,10.0,3,3,3,3,full_6d,2167631329,,,nan,,False,,2.174061454832554,nan,nan,nan,nan,nan,nan,False,,,peb_only,False,719eb7dd12e116fe,,,,,,,adaptive_jones,True,fixed_anchor_then_adaptive_jones_score_selection,,nan,nan,nan,nan,True,,,nan,nan,,,,,[],nan,,,nan,nan,nan,nan,,nan,nan,nan,0.00010689469606625713,nan,nan,0.00010689469606625713,False,7d96ebe691cae134218fac4c44588ab5938392c288ecaa287b62d8519dd2dcef,0.03949962640943077,computed_unscaled,cpu,nan,nan,nan,,,,,,,,nan,nan,nan,nan,nan,nan,False,,
fig2,adaptive_jones_vp_proposed,54,1185050677,10.0,snr_db,10.0,3,3,3,3,full_6d,1185050677,,,nan,,False,,1671.6215183362365,0.0001196294814262463,0.0001196294814262463,4.526801005960075e-07,9.300615118892468e-05,5.0604402530091995e-14,0.027568404511882597,False,direct_vp,global_exact_spherical_vp,main_single_proposed,True,ee255168aed9390f,adaptive_jones,cpu,False,,numpy,numpy.linalg.solve,fixed_pol_anchor,True,fixed_anchor_then_adaptive_jones_score_selection,fixed_pol_anchor,0.12653376573149056,1.7904110952949444,0.8559328207394205,0.0,True,3,4,3096725.458075429,4564704.079081707,"[1.7904110952949444,0.6508536011918263,0.12653376573149056]","[0.5585309444440603,1.5364438303301615,7.903028841502365]","[7.392923892370617e-07,4.2738934750133755e-07,1.4062670491082667e-07]",direct_vp,[],3094593.757102201,3096560,True,76914063.88290052,87.2693017992059,36.15345791138717,0.018538614467085174,"[4.981149660109245,4.937122614865391,4.96876814059873]",183.78849521279335,1668.441258765757,1853.5897389873862,nan,nan,nan,nan,False,,nan,,,nan,nan,nan,,,,,,,,0.0001196294814262463,4.526801005960075e-07,0.027568404511882597,nan,nan,nan,False,not_run,not_requested
fig2,PEB,54,1185050677,10.0,snr_db,10.0,3,3,3,3,full_6d,1185050677,,,nan,,False,,2.2300843372941017,nan,nan,nan,nan,nan,nan,False,,,peb_only,False,2f3b117555de6282,,,,,,,adaptive_jones,True,fixed_anchor_then_adaptive_jones_score_selection,,nan,nan,nan,nan,True,,,nan,nan,,,,,[],nan,,,nan,nan,nan,nan,,nan,nan,nan,0.00010666703827746101,nan,nan,0.00010666703827746101,False,115a7d3f95ba8b9ea29c0754c333293a0d2bf13a03dc583bd9fdf4cc7c014143,0.027586063461113624,computed_unscaled,cpu,nan,nan,nan,,,,,,,,nan,nan,nan,nan,nan,nan,False,,
fig2,adaptive_jones_vp_proposed,71,1982555292,10.0,snr_db,10.0,3,3,3,3,full_6d,1982555292,,,nan,,False,,1309.6858468279243,0.0003332041291880545,0.0003332041291880545,7.089527569599119e-07,9.121591010020642e-06,5.914478246143084e-14,0.043400903061052196,False,direct_vp,global_exact_spherical_vp,main_single_proposed,True,07116b7bea70ed9b,adaptive_jones,cpu,False,,numpy,numpy.linalg.solve,fixed_pol_anchor,True,fixed_anchor_then_adaptive_jones_score_selection,fixed_pol_anchor,0.199426507239571,1.5304780082084306,0.6537828685126565,0.0,True,3,4,3096725.458075429,6097635.2332698265,"[0.199426507239571,1.5304780082084306,0.23144409008996802]","[5.014378548978451,0.6533906365430655,4.320697925840508]","[2.039621371693291e-06,9.647795485820759e-06,1.8651498176569428e-06]",direct_vp,[],3096594.2837500316,3096560,True,77347403.2261362,85.50784668442749,73.62262573635988,0.020988314780827414,"[5.012732788949238,5.030326328930366,4.979694852998141]",194.46688835322857,1306.5516715943813,1502.2843188345432,nan,nan,nan,nan,False,,nan,,,nan,nan,nan,,,,,,,,0.0003332041291880545,7.089527569599119e-07,0.043400903061052196,nan,nan,nan,False,not_run,not_requested
fig2,PEB,71,1982555292,10.0,snr_db,10.0,3,3,3,3,full_6d,1982555292,,,nan,,False,,2.1345115453004837,nan,nan,nan,nan,nan,nan,False,,,peb_only,False,4ea434f44e019d56,,,,,,,adaptive_jones,True,fixed_anchor_then_adaptive_jones_score_selection,,nan,nan,nan,nan,True,,,nan,nan,,,,,[],nan,,,nan,nan,nan,nan,,nan,nan,nan,0.0001164882157179308,nan,nan,0.0001164882157179308,False,bdd039092dd082ec6fd57d77070067f9fd8178794fea592c3fc196eccf3a063c,0.04340064680169434,computed_unscaled,cpu,nan,nan,nan,,,,,,,,nan,nan,nan,nan,nan,nan,False,,
fig2,adaptive_jones_vp_proposed,64,1096511241,10.0,snr_db,10.0,3,3,3,3,full_6d,1096511241,,,nan,,False,,1510.1304438114166,7.118362341471448e-05,7.118362341471448e-05,3.2493077790913947e-07,9.8020005985215e-06,2.2837576660935698e-14,0.016392504170003434,False,direct_vp,global_exact_spherical_vp,main_single_proposed,True,8737932ef64c7d35,adaptive_jones,cpu,False,,numpy,numpy.linalg.solve,fixed_pol_anchor,True,fixed_anchor_then_adaptive_jones_score_selection,fixed_pol_anchor,0.23136362730980856,0.42828135849367194,0.3191909821740966,0.0,True,3,4,3096725.458075429,4303920.253767497,"[0.29792796071880934,0.42828135849367194,0.23136362730980856]","[3.356516110763847,2.3349136733775144,4.322200562064641]","[2.6861498157278852e-08,3.2724034405150155e-07,1.6454095278166989e-06]",direct_vp,[],3095547.2042407603,3096560,True,80676555.22249565,78.5724777882578,69.70389635970957,0.0023939489946335052,"[5.000848397714518,4.996647946630295,5.002291704459105]",162.11826393008232,1507.5315937921405,1671.0522241294384,nan,nan,nan,nan,False,,nan,,,nan,nan,nan,,,,,,,,7.118362341471448e-05,3.2493077790913947e-07,0.016392504170003434,nan,nan,nan,False,not_run,not_requested
fig2,PEB,64,1096511241,10.0,snr_db,10.0,3,3,3,3,full_6d,1096511241,,,nan,,False,,1.7152251899242401,nan,nan,nan,nan,nan,nan,False,,,peb_only,False,816c96a270b6b6c8,,,,,,,adaptive_jones,True,fixed_anchor_then_adaptive_jones_score_selection,,nan,nan,nan,nan,True,,,nan,nan,,,,,[],nan,,,nan,nan,nan,nan,,nan,nan,nan,0.00011271553349555331,nan,nan,0.00011271553349555331,False,e140a9cd0c7a64d7d06d7886e7a75298e3fbf2d3964882a91cad3a1a2e55c6a3,0.016397952169229648,computed_unscaled,cpu,nan,nan,nan,,,,,,,,nan,nan,nan,nan,nan,nan,False,,
fig2,adaptive_jones_vp_proposed,40,1007248754,10.0,snr_db,10.0,3,3,3,3,full_6d,1007248754,,,nan,,False,,2468.434065490961,0.00012546800597166056,0.00012546800597166056,3.9554459351304965e-07,3.073213932627286e-05,6.870405901481578e-15,0.029398490505867014,False,direct_vp,global_exact_spherical_vp,main_single_proposed,True,e17948b4adefce4a,adaptive_jones,cpu,False,,numpy,numpy.linalg.solve,fixed_pol_anchor,True,fixed_anchor_then_adaptive_jones_score_selection,fixed_pol_anchor,0.1358686338750793,0.931419701506873,0.5685981939921951,0.0,True,3,4,3096725.458075429,3145277.4921453963,"[0.1358686338750793,0.6385062465946331,0.931419701506873]","[7.3600504507853275,1.566155390542685,1.0736298559942898]","[4.88590660559793e-07,7.892090444728486e-09,2.2780419414163813e-07]",direct_vp,[],3096552.170231651,3096560,True,51005730.279814266,101.40291112633648,42.310016201406974,0.02072764555928555,"[5.011925752540296,5.000754142286005,4.963447580374412]",167.86984558403492,1771.5340146943927,1940.705826252699,nan,nan,nan,nan,False,,nan,,,nan,nan,nan,,,,,,,,0.00012546800597166056,3.9554459351304965e-07,0.029398490505867014,nan,nan,nan,False,not_run,not_requested
fig2,PEB,40,1007248754,10.0,snr_db,10.0,3,3,3,3,full_6d,1007248754,,,nan,,False,,1.6846713498234749,nan,nan,nan,nan,nan,nan,False,,,peb_only,False,55db9cd30abf3e26,,,,,,,adaptive_jones,True,fixed_anchor_then_adaptive_jones_score_selection,,nan,nan,nan,nan,True,,,nan,nan,,,,,[],nan,,,nan,nan,nan,nan,,nan,nan,nan,0.00014354260822166268,nan,nan,0.00014354260822166268,False,8bb652b717ff684281335ff9a69fbed705a14cc366cf654f3e53c1ef0c7a4d23,0.029398716744334853,computed_unscaled,cpu,nan,nan,nan,,,,,,,,nan,nan,nan,nan,nan,nan,False,,
fig2,adaptive_jones_vp_proposed,82,2146768378,10.0,snr_db,10.0,3,3,3,3,full_6d,2146768378,,,nan,,False,,1022.6637475937605,7.371218074606612e-05,7.371218074606612e-05,4.869025080290728e-07,4.4201639598248766e-05,4.368233839370766e-13,0.06599515203109928,False,direct_vp,global_exact_spherical_vp,main_single_proposed,True,f3aaffe1a4a9ad5a,adaptive_jones,cpu,False,,numpy,numpy.linalg.solve,fixed_pol_anchor,True,fixed_anchor_then_adaptive_jones_score_selection,fixed_pol_anchor,0.2033672428947892,2.3191532544165048,0.9126828524582771,0.0,True,3,4,3096725.458075429,5285889.836017593,"[0.2033672428947892,2.3191532544165048,0.2155280600635373]","[4.917212751500696,0.4311918576718981,4.639767089746858]","[2.1270365584088792e-07,1.4383358011844141e-06,5.114064331534135e-07]",direct_vp,[],3100267.162562313,3096560,True,81272598.19009633,72.061926377127,40.31646338742297,0.025710648123443956,"[5.029261658969248,4.984960613782998,4.968346055856042]",175.7664584442973,1020.3608033508062,1197.4820102900267,nan,nan,nan,nan,False,,nan,,,nan,nan,nan,,,,,,,,7.371218074606612e-05,4.869025080290728e-07,0.06599515203109928,nan,nan,nan,False,not_run,not_requested
fig2,PEB,82,2146768378,10.0,snr_db,10.0,3,3,3,3,full_6d,2146768378,,,nan,,False,,1.697308711707592,nan,nan,nan,nan,nan,nan,False,,,peb_only,False,5d28c4d5aafa84a8,,,,,,,adaptive_jones,True,fixed_anchor_then_adaptive_jones_score_selection,,nan,nan,nan,nan,True,,,nan,nan,,,,,[],nan,,,nan,nan,nan,nan,,nan,nan,nan,0.00011354535747526031,nan,nan,0.00011354535747526031,False,3a0d3e6549ad4d642256987481bea72461b73f437bf823d820291ff80c435722,0.06591657853349463,computed_unscaled,cpu,nan,nan,nan,,,,,,,,nan,nan,nan,nan,nan,nan,False,,
fig2,adaptive_jones_vp_proposed,83,2856883752,10.0,snr_db,10.0,3,3,3,3,full_6d,2856883752,,,nan,,False,,942.6367536187172,6.571695901859517e-05,6.571695901859517e-05,6.453953415515233e-07,5.511340307122131e-05,1.6014728173824129e-13,0.020569046391701994,False,direct_vp,global_exact_spherical_vp,main_single_proposed,True,b36652eb19028e9f,adaptive_jones,cpu,False,,numpy,numpy.linalg.solve,fixed_pol_anchor,True,fixed_anchor_then_adaptive_jones_score_selection,fixed_pol_anchor,0.13094715273157137,80.18928827292115,26.91562102877222,0.0,True,3,4,3096725.458075429,6747126.628115005,"[0.42662766066395524,80.18928827292115,0.13094715273157137]","[2.343964285961407,0.012470493521732596,7.636668527262823]","[6.226182968094268e-07,4.284591670830589e-09,1.712551684570377e-07]",direct_vp,"[""poor_clock_consistency""]",3093013.2436204446,3096560,True,80473562.80023427,97.78941180196348,12.71447010117169,0.12414470877717837,"[5.013789978593671,4.739452042183199,4.990232681059629]",186.8897525370121,940.1845417246222,1128.3379437029362,nan,nan,nan,nan,False,,nan,,,nan,nan,nan,,,,,,,,6.571695901859517e-05,6.453953415515233e-07,0.020569046391701994,nan,nan,nan,False,not_run,not_requested
fig2,PEB,83,2856883752,10.0,snr_db,10.0,3,3,3,3,full_6d,2856883752,,,nan,,False,,1.5618603602051735,nan,nan,nan,nan,nan,nan,False,,,peb_only,False,83941e6b4a8a8d2f,,,,,,,adaptive_jones,True,fixed_anchor_then_adaptive_jones_score_selection,,nan,nan,nan,nan,True,,,nan,nan,,,,,[],nan,,,nan,nan,nan,nan,,nan,nan,nan,9.942237159744992e-05,nan,nan,9.942237159744992e-05,False,700eea5a638faf3db61de2a763659338a112f897687c33a7cb33c68c29ad4a9e,0.020592739307147653,computed_unscaled,cpu,nan,nan,nan,,,,,,,,nan,nan,nan,nan,nan,nan,False,,
fig2,adaptive_jones_vp_proposed,72,2100195688,10.0,snr_db,10.0,3,3,3,3,full_6d,2100195688,,,nan,,False,,1429.5312052816153,4.9789917687325294e-05,4.9789917687325294e-05,6.955366297392253e-07,3.905661429624442e-05,5.037036019276641e-13,0.032918534971173634,False,direct_vp,global_exact_spherical_vp,main_single_proposed,True,ca9ab791d4aa5cf0,adaptive_jones,cpu,False,,numpy,numpy.linalg.solve,fixed_pol_anchor,True,fixed_anchor_then_adaptive_jones_score_selection,fixed_pol_anchor,0.16750432037309085,0.5289358865469568,0.3882650430022443,0.0,True,3,4,3096725.458075429,3149965.914144344,"[0.5289358865469568,0.16750432037309085,0.4683549220866852]","[1.8905883027293802,5.969995268017457,2.135132893541892]","[1.144361812549366e-06,2.606805773761003e-08,2.3727205110047e-07]",direct_vp,[],3100307.4311253494,3096560,True,68527103.0422403,79.09870706911178,53.53879337164577,0.012453655832187127,"[5.007309499078492,4.9901649618437895,5.020588307743405]",172.56449266523123,1427.5511343926191,1601.373667895794,nan,nan,nan,nan,False,,nan,,,nan,nan,nan,,,,,,,,4.9789917687325294e-05,6.955366297392253e-07,0.032918534971173634,nan,nan,nan,False,not_run,not_requested
fig2,PEB,72,2100195688,10.0,snr_db,10.0,3,3,3,3,full_6d,2100195688,,,nan,,False,,1.2106388807296753,nan,nan,nan,nan,nan,nan,False,,,peb_only,False,c9be7c50a430bc35,,,,,,,adaptive_jones,True,fixed_anchor_then_adaptive_jones_score_selection,,nan,nan,nan,nan,True,,,nan,nan,,,,,[],nan,,,nan,nan,nan,nan,,nan,nan,nan,0.00012336509076348284,nan,nan,0.00012336509076348284,False,c74090ee2666e0b285da3833dfd6aa0f2593b8f113092ef5692488e84b651980,0.032878915272572404,computed_unscaled,cpu,nan,nan,nan,,,,,,,,nan,nan,nan,nan,nan,nan,False,,
fig2,adaptive_jones_vp_proposed,50,3229661427,10.0,snr_db,10.0,3,3,3,3,full_6d,3229661427,,,nan,,False,,2343.2736516073346,0.00016549333184824155,0.00016549333184824155,6.376603354548257e-07,3.637859990966762e-05,9.660827465458588e-13,0.0488545618014998,False,direct_vp,global_exact_spherical_vp,main_single_proposed,True,316939f3b5421b3d,adaptive_jones,cpu,False,,numpy,numpy.linalg.solve,fixed_pol_anchor,True,fixed_anchor_then_adaptive_jones_score_selection,fixed_pol_anchor,0.12515191026700365,1.2692729445004491,0.7323117385517621,0.0,True,3,4,3096725.458075429,3373508.6509973686,"[0.12515191026700365,0.8025103608878338,1.2692729445004491]","[7.990289543854651,1.2460898310308128,0.7878526083231872]","[8.265000237264016e-08,4.070039967514033e-08,1.3138487763505153e-07]",direct_vp,[],3095812.332289799,3096560,True,42682247.884754196,123.72249576958018,45.36762155817795,0.029996971985544497,"[4.985611702026682,5.01520144122108,5.058651897429155]",160.8299245685339,1834.9563331231475,1997.0493665784597,nan,nan,nan,nan,False,,nan,,,nan,nan,nan,,,,,,,,0.00016549333184824155,6.376603354548257e-07,0.0488545618014998,nan,nan,nan,False,not_run,not_requested
fig2,PEB,50,3229661427,10.0,snr_db,10.0,3,3,3,3,full_6d,3229661427,,,nan,,False,,1.1588952615857124,nan,nan,nan,nan,nan,nan,False,,,peb_only,False,6c99f2bc9374e8d8,,,,,,,adaptive_jones,True,fixed_anchor_then_adaptive_jones_score_selection,,nan,nan,nan,nan,True,,,nan,nan,,,,,[],nan,,,nan,nan,nan,nan,,nan,nan,nan,0.00015690312945895315,nan,nan,0.00015690312945895315,False,1942487101149f69652abec158449acd8ba5e0555a4e067cb0f025310bb6ac8a,0.04886661312998463,computed_unscaled,cpu,nan,nan,nan,,,,,,,,nan,nan,nan,nan,nan,nan,False,,
fig2,adaptive_jones_vp_proposed,93,3741086398,10.0,snr_db,10.0,3,3,3,3,full_6d,3741086398,,,nan,,False,,921.2648913934827,5.119530188639225e-05,5.119530188639225e-05,5.580685939271917e-07,4.852929804887424e-06,2.695410693040628e-13,0.014866759363528655,False,direct_vp,global_exact_spherical_vp,main_single_proposed,True,7e563a3b7a69b1a7,adaptive_jones,cpu,False,,numpy,numpy.linalg.solve,fixed_pol_anchor,True,fixed_anchor_then_adaptive_jones_score_selection,fixed_pol_anchor,0.14770310936744116,0.8405287245309692,0.49269792018155684,0.0,True,3,4,3096725.458075429,16212671.248409292,"[0.4898619266462601,0.8405287245309692,0.14770310936744116]","[2.041391554648483,1.1897273356805007,6.770338175563734]","[1.6482309444286996e-06,5.737618285197399e-05,2.2576721837080374e-06]",direct_vp,[],3096831.3274192098,3096560,True,90019002.32062423,75.55369075886796,59.02839958581446,0.024299434330159686,"[5.033156052122761,4.974207174703025,4.996550436955912]",172.30529057979584,919.4195622950792,1093.044085584581,nan,nan,nan,nan,False,,nan,,,nan,nan,nan,,,,,,,,5.119530188639225e-05,5.580685939271917e-07,0.014866759363528655,nan,nan,nan,False,not_run,not_requested
fig2,PEB,93,3741086398,10.0,snr_db,10.0,3,3,3,3,full_6d,3741086398,,,nan,,False,,1.1138518378138542,nan,nan,nan,nan,nan,nan,False,,,peb_only,False,f576172fe9b385b9,,,,,,,adaptive_jones,True,fixed_anchor_then_adaptive_jones_score_selection,,nan,nan,nan,nan,True,,,nan,nan,,,,,[],nan,,,nan,nan,nan,nan,,nan,nan,nan,9.559987279309041e-05,nan,nan,9.559987279309041e-05,False,c0a81a3b83197cd9cfba67cbec7ea74e0bc1c6abbc0cc35f29e15ac8d0f81a14,0.014865533629577085,computed_unscaled,cpu,nan,nan,nan,,,,,,,,nan,nan,nan,nan,nan,nan,False,,
