figure,variant,trial_id,seed,snr_db,x_name,x_value,K,paper_k,effective_K,num_ris_paths,receiver_mode,config_seed,nested_receiver_noise_convention,reference_receiver_mode,reference_sigma2,nested_base_y_noisy_hash,failed,error,runtime_s,position_rmse_m,position_error_m,y_nmse,range_rmse_m,tau_rmse_s,raw_objective_final,outlier_flag,selected_branch,final_refinement_method,final_runner_name,used_main_single_proposed_path,variant_config_hash,global_vp_mode,global_vp_backend,global_vp_gpu_used,global_vp_gpu_device,global_vp_objective_backend,global_vp_linear_solve_backend,vp_dictionary_mode,vp_dictionary_mode_requested,vp_jacobian_mode,vp_matrix_free_enabled,vp_matrix_free_fallback_reason,vp_precontract_static_modes,vp_factor_cache_hits,vp_factor_cache_misses,vp_matrix_free_num_objective_calls,vp_matrix_free_debug_num_compares,vp_matrix_free_debug_rel_G_diff,vp_matrix_free_debug_rel_b_diff,vp_matrix_free_debug_rel_x_hat_diff,vp_matrix_free_debug_rel_regularized_objective_diff,vp_matrix_free_debug_rel_gradient_diff,jones_mode,adaptive_enabled,adaptive_policy_name,selected_vp_family_branch,lambda_path_min,lambda_path_max,lambda_path_mean,lambda_clipped_fraction,used_stage1_regularizer,linear_nuisance_dim,nonlinear_dim,fixed_pol_score,jones_score,lambda_jones_per_path,snr_eff_per_path,jones_leakage_per_path,reliability_decision,trigger_reasons,gof_stat,gof_dof,gof_pass,data_only_scaled_efim_lambda_min,data_only_scaled_efim_condition_number,stage1_assignment_margin,stage1_selected_clock_std_ns,delta_t_k_ns,stage1_runtime_s,global_vp_runtime_s,total_runtime_s,peb_position_m,peb_scalar_m,peb_dual_m,peb_evs_m,peb_free_jones_m,peb_constrained_jones_m,peb_anchored_jones_m,peb_variant,jones_bound_type,constrained_jones_peb_m,anchored_jones_peb_m,free_jones_peb_m,peb_fim_rank_chi_free,peb_fim_rank_chi_constrained,peb_fim_rank_chi_anchored,peb_fim_cond_chi_free,peb_fim_cond_chi_constrained,peb_fim_cond_chi_anchored,peb_clock_schur_used,peb_rank_deficient,anchored_prior_scaling,anchored_prior_lambda,anchored_prior_precision_norm,peb_free_projection_schur_relerr,peb_con_minus_free_min_eig,peb_hyb_minus_free_min_eig,peb_ordering_ok,efim_unscaled_cache_hit,efim_unscaled_cache_key,efim_sigma2,efim_reuse_mode,peb_backend,rss_mb_before,rss_mb_after,rss_mb_delta,warning,debug_main_position_error_m,debug_main_y_nmse,debug_main_raw_objective,debug_main_global_vp_mode,debug_main_adaptive_enabled,debug_config_diff_summary,direct_candidate_position_error_m,direct_candidate_y_nmse,direct_candidate_raw_objective,rescue_candidate_position_error_m,rescue_candidate_y_nmse,rescue_candidate_raw_objective,rescue_candidate_available,rescue_accept_decision,rescue_reject_reason,direct_candidate_lambda_jones_per_path,direct_candidate_snr_eff_per_path,direct_candidate_jones_leakage_per_path,rescue_candidate_lambda_jones_per_path,rescue_candidate_snr_eff_per_path,rescue_candidate_jones_leakage_per_path,direct_candidate_data_only_scaled_efim_lambda_min,direct_candidate_data_only_scaled_efim_condition_number,rescue_candidate_data_only_scaled_efim_lambda_min,rescue_candidate_data_only_scaled_efim_condition_number,legacy_stage1_decision,gof_reliability_decision,stage1_geometry_trigger,stage1_geometry_trigger_reasons,ngc_policy_active,ngc_lambda_ris,ngc_direct_clock_score,ngc_direct_clock_score_norm,ngc_direct_clock_dof,ngc_direct_clock_sigma_source,ngc_direct_clock_std_ns,ngc_direct_ris_score,ngc_direct_ris_score_norm,ngc_direct_ris_available,ngc_direct_total_score,ngc_direct_cert_status,ngc_direct_cert_reason,ngc_rescue_requested,ngc_rescue_request_reason,ngc_rescue_clock_score,ngc_rescue_clock_score_norm,ngc_rescue_clock_dof,ngc_rescue_clock_sigma_source,ngc_rescue_clock_std_ns,ngc_rescue_ris_score,ngc_rescue_ris_score_norm,ngc_rescue_ris_available,ngc_rescue_total_score,ngc_rescue_cert_status,ngc_rescue_cert_reason,ngc_selected_by,ngc_final_unreliable,ngc_threshold_clock_green,ngc_threshold_clock_red,proposed_stage2_policy,stage2_seed_position_error_m,stage2_seed_clock_error_ns,stage2_num_valid_local_fixes,stage2_clock_estimator,stage2_rescue_impl,stage2_pllg_pseudorange_block_weight
fig4,scalar_peb,10,781873798,-10.0,snr_db,-10.0,3,3,3,3,scalar,781873798,fixed_full6d_reference_sigma2,full_6d,2.205245911428094,b748604e7f74a418,False,,10.174884886015207,nan,nan,nan,nan,nan,nan,False,,,,False,,,,,,,,,,,,,,,,,,,,,,,,False,,,nan,nan,nan,nan,False,,,nan,nan,,,,,[],nan,,,nan,nan,nan,nan,,nan,nan,nan,0.0452302264066317,0.0452302264066317,nan,nan,0.0452302264066317,0.0010995080955249188,nan,free_jones_peb,free,0.0010995080955249188,nan,0.0452302264066317,4.0,4.0,0.0,164.01129938224233,81.19351224728516,nan,True,False,disabled,nan,nan,9.847522574913635e-15,813400.1158561005,nan,True,False,2a559681ea222df4a4a12f614b8f338477c00adab0989e61f9882cade7d8171d,2.205245911428094,computed_unscaled,cpu,nan,nan,nan,,,,,,,,nan,nan,nan,nan,nan,nan,False,,,,,,,,,nan,nan,nan,nan,,,,[],False,nan,nan,nan,,,nan,nan,nan,False,nan,,,False,,nan,nan,,,nan,nan,nan,False,nan,,,,False,nan,nan,,nan,nan,,,legacy_multistart,
fig4,dual_pol_peb,10,781873798,-10.0,snr_db,-10.0,3,3,3,3,dual_pol,781873798,fixed_full6d_reference_sigma2,full_6d,2.205245911428094,b748604e7f74a418,False,,10.09807399706915,nan,nan,nan,nan,nan,nan,False,,,,False,,,,,,,,,,,,,,,,,,,,,,,,False,,,nan,nan,nan,nan,False,,,nan,nan,,,,,[],nan,,,nan,nan,nan,nan,,nan,nan,nan,0.003538686026872654,nan,0.003538686026872654,nan,0.003538686026872654,0.0010995080955249188,nan,free_jones_peb,free,0.0010995080955249188,nan,0.003538686026872654,4.0,4.0,0.0,75.9149233626749,81.19351224728516,nan,True,False,disabled,nan,nan,2.7097710189399907e-15,729127.2712305677,nan,True,False,1734e444e53a059a54ad01f92a9b0a959d5ef88047dd81020a5adaee33276f81,2.205245911428094,computed_unscaled,cpu,nan,nan,nan,,,,,,,,nan,nan,nan,nan,nan,nan,False,,,,,,,,,nan,nan,nan,nan,,,,[],False,nan,nan,nan,,,nan,nan,nan,False,nan,,,False,,nan,nan,,,nan,nan,nan,False,nan,,,,False,nan,nan,,nan,nan,,,legacy_multistart,
fig4,full_6d_evs_peb,10,781873798,-10.0,snr_db,-10.0,3,3,3,3,full_6d,781873798,fixed_full6d_reference_sigma2,full_6d,2.205245911428094,b748604e7f74a418,False,,10.15017604501918,nan,nan,nan,nan,nan,nan,False,,,,False,,,,,,,,,,,,,,,,,,,,,,,,False,,,nan,nan,nan,nan,False,,,nan,nan,,,,,[],nan,,,nan,nan,nan,nan,,nan,nan,nan,0.0010995103100430099,nan,nan,0.0010995103100430099,0.0010995103100430099,0.0010995080955249188,nan,free_jones_peb,free,0.0010995080955249188,nan,0.0010995103100430099,4.0,4.0,0.0,81.1964836399364,81.19351224728516,nan,True,False,disabled,nan,nan,4.471256008617061e-15,1.5444058704569772,nan,True,False,f2ef97a231c1a4af27e9b56c32078a57d13f76cf0fcef71f5aea3cacfcafd031,2.205245911428094,computed_unscaled,cpu,nan,nan,nan,,,,,,,,nan,nan,nan,nan,nan,nan,False,,,,,,,,,nan,nan,nan,nan,,,,[],False,nan,nan,nan,,,nan,nan,nan,False,nan,,,False,,nan,nan,,,nan,nan,nan,False,nan,,,,False,nan,nan,,nan,nan,,,legacy_multistart,
fig4,full_6d_constrained_jones_peb,10,781873798,-10.0,snr_db,-10.0,3,3,3,3,full_6d,781873798,fixed_full6d_reference_sigma2,full_6d,2.205245911428094,b748604e7f74a418,False,,0.0014089688193053007,nan,nan,nan,nan,nan,nan,False,,,,False,,,,,,,,,,,,,,,,,,,,,,,,False,,,nan,nan,nan,nan,False,,,nan,nan,,,,,[],nan,,,nan,nan,nan,nan,,nan,nan,nan,0.0010995080955249188,nan,nan,0.0010995080955249188,0.0010995103100430099,0.0010995080955249188,nan,constrained_jones_peb,constrained,0.0010995080955249188,nan,0.0010995103100430099,4.0,4.0,0.0,81.1964836399364,81.19351224728516,nan,True,False,disabled,nan,nan,4.471256008617061e-15,1.5444058704569772,nan,True,False,f2ef97a231c1a4af27e9b56c32078a57d13f76cf0fcef71f5aea3cacfcafd031,2.205245911428094,computed_unscaled,cpu,nan,nan,nan,,,,,,,,nan,nan,nan,nan,nan,nan,False,,,,,,,,,nan,nan,nan,nan,,,,[],False,nan,nan,nan,,,nan,nan,nan,False,nan,,,False,,nan,nan,,,nan,nan,nan,False,nan,,,,False,nan,nan,,nan,nan,,,legacy_multistart,
fig4,scalar_peb,18,3644258948,-10.0,snr_db,-10.0,3,3,3,3,scalar,3644258948,fixed_full6d_reference_sigma2,full_6d,4.398500200986058,4249ff0633acd7cd,False,,9.726698606973514,nan,nan,nan,nan,nan,nan,False,,,,False,,,,,,,,,,,,,,,,,,,,,,,,False,,,nan,nan,nan,nan,False,,,nan,nan,,,,,[],nan,,,nan,nan,nan,nan,,nan,nan,nan,0.05752024687111895,0.05752024687111895,nan,nan,0.05752024687111895,0.0010552655568559462,nan,free_jones_peb,free,0.0010552655568559462,nan,0.05752024687111895,4.0,4.0,0.0,115.23711542244547,80.88495081630957,nan,True,False,disabled,nan,nan,4.619235515780194e-15,804580.5414886283,nan,True,False,7c3fffbebf7276e93d6865a756d564af06a271739673c8f69819f7ec957629a8,4.398500200986058,computed_unscaled,cpu,nan,nan,nan,,,,,,,,nan,nan,nan,nan,nan,nan,False,,,,,,,,,nan,nan,nan,nan,,,,[],False,nan,nan,nan,,,nan,nan,nan,False,nan,,,False,,nan,nan,,,nan,nan,nan,False,nan,,,,False,nan,nan,,nan,nan,,,legacy_multistart,
fig4,dual_pol_peb,18,3644258948,-10.0,snr_db,-10.0,3,3,3,3,dual_pol,3644258948,fixed_full6d_reference_sigma2,full_6d,4.398500200986058,4249ff0633acd7cd,False,,10.012193368980661,nan,nan,nan,nan,nan,nan,False,,,,False,,,,,,,,,,,,,,,,,,,,,,,,False,,,nan,nan,nan,nan,False,,,nan,nan,,,,,[],nan,,,nan,nan,nan,nan,,nan,nan,nan,0.0034615998535775247,nan,0.0034615998535775247,nan,0.0034615998535775247,0.0010552655568559462,nan,free_jones_peb,free,0.0010552655568559462,nan,0.0034615998535775247,4.0,4.0,0.0,81.40427739880947,80.88495081630957,nan,True,False,disabled,nan,nan,6.821645314639435e-15,731511.0474728235,nan,True,False,cf6f4ec51498c7da6824e9b45e0baf835ff8071253d23a2abd74e8038f51af4f,4.398500200986058,computed_unscaled,cpu,nan,nan,nan,,,,,,,,nan,nan,nan,nan,nan,nan,False,,,,,,,,,nan,nan,nan,nan,,,,[],False,nan,nan,nan,,,nan,nan,nan,False,nan,,,False,,nan,nan,,,nan,nan,nan,False,nan,,,,False,nan,nan,,nan,nan,,,legacy_multistart,
fig4,full_6d_evs_peb,18,3644258948,-10.0,snr_db,-10.0,3,3,3,3,full_6d,3644258948,fixed_full6d_reference_sigma2,full_6d,4.398500200986058,4249ff0633acd7cd,False,,10.100183188915253,nan,nan,nan,nan,nan,nan,False,,,,False,,,,,,,,,,,,,,,,,,,,,,,,False,,,nan,nan,nan,nan,False,,,nan,nan,,,,,[],nan,,,nan,nan,nan,nan,,nan,nan,nan,0.0010552850122600296,nan,nan,0.0010552850122600296,0.0010552850122600296,0.0010552655568559462,nan,free_jones_peb,free,0.0010552655568559462,nan,0.0010552850122600296,4.0,4.0,0.0,80.88405653823237,80.88495081630957,nan,True,False,disabled,nan,nan,2.3020694173582236e-15,2.350933391427838,nan,True,False,10eabe3ea0bf687d98504e31e23e6506b4b182585a8f16e7a2bae8ed9d09e41a,4.398500200986058,computed_unscaled,cpu,nan,nan,nan,,,,,,,,nan,nan,nan,nan,nan,nan,False,,,,,,,,,nan,nan,nan,nan,,,,[],False,nan,nan,nan,,,nan,nan,nan,False,nan,,,False,,nan,nan,,,nan,nan,nan,False,nan,,,,False,nan,nan,,nan,nan,,,legacy_multistart,
fig4,full_6d_constrained_jones_peb,18,3644258948,-10.0,snr_db,-10.0,3,3,3,3,full_6d,3644258948,fixed_full6d_reference_sigma2,full_6d,4.398500200986058,4249ff0633acd7cd,False,,0.0013009251561015844,nan,nan,nan,nan,nan,nan,False,,,,False,,,,,,,,,,,,,,,,,,,,,,,,False,,,nan,nan,nan,nan,False,,,nan,nan,,,,,[],nan,,,nan,nan,nan,nan,,nan,nan,nan,0.0010552655568559462,nan,nan,0.0010552655568559462,0.0010552850122600296,0.0010552655568559462,nan,constrained_jones_peb,constrained,0.0010552655568559462,nan,0.0010552850122600296,4.0,4.0,0.0,80.88405653823237,80.88495081630957,nan,True,False,disabled,nan,nan,2.3020694173582236e-15,2.350933391427838,nan,True,False,10eabe3ea0bf687d98504e31e23e6506b4b182585a8f16e7a2bae8ed9d09e41a,4.398500200986058,computed_unscaled,cpu,nan,nan,nan,,,,,,,,nan,nan,nan,nan,nan,nan,False,,,,,,,,,nan,nan,nan,nan,,,,[],False,nan,nan,nan,,,nan,nan,nan,False,nan,,,False,,nan,nan,,,nan,nan,nan,False,nan,,,,False,nan,nan,,nan,nan,,,legacy_multistart,
fig4,scalar_peb,1,112311654,-10.0,snr_db,-10.0,3,3,3,3,scalar,112311654,fixed_full6d_reference_sigma2,full_6d,3.038314297188423,6e506759baee40d9,False,,9.962364146951586,nan,nan,nan,nan,nan,nan,False,,,,False,,,,,,,,,,,,,,,,,,,,,,,,False,,,nan,nan,nan,nan,False,,,nan,nan,,,,,[],nan,,,nan,nan,nan,nan,,nan,nan,nan,0.034007866615481115,0.034007866615481115,nan,nan,0.034007866615481115,0.0014365604221044216,nan,free_jones_peb,free,0.0014365604221044216,nan,0.034007866615481115,4.0,4.0,0.0,103.42543501443842,98.55644697864288,nan,True,False,disabled,nan,nan,9.195140227350725e-15,510806.27640154,nan,True,False,fa6fba46c95bc61c803f79365f0d9505da44453f202847b9b8ecc32965b8cd2d,3.038314297188423,computed_unscaled,cpu,nan,nan,nan,,,,,,,,nan,nan,nan,nan,nan,nan,False,,,,,,,,,nan,nan,nan,nan,,,,[],False,nan,nan,nan,,,nan,nan,nan,False,nan,,,False,,nan,nan,,,nan,nan,nan,False,nan,,,,False,nan,nan,,nan,nan,,,legacy_multistart,
fig4,dual_pol_peb,1,112311654,-10.0,snr_db,-10.0,3,3,3,3,dual_pol,112311654,fixed_full6d_reference_sigma2,full_6d,3.038314297188423,6e506759baee40d9,False,,10.134370248066261,nan,nan,nan,nan,nan,nan,False,,,,False,,,,,,,,,,,,,,,,,,,,,,,,False,,,nan,nan,nan,nan,False,,,nan,nan,,,,,[],nan,,,nan,nan,nan,nan,,nan,nan,nan,0.004995090406863181,nan,0.004995090406863181,nan,0.004995090406863181,0.0014365604221044216,nan,free_jones_peb,free,0.0014365604221044216,nan,0.004995090406863181,4.0,4.0,0.0,91.56074979956595,98.55644697864288,nan,True,False,disabled,nan,nan,1.0952694309646964e-14,470083.60612088675,nan,True,False,9cb07c157e55079152cdbc0b259ea15448b5812311ff137fa6c78846796d4dab,3.038314297188423,computed_unscaled,cpu,nan,nan,nan,,,,,,,,nan,nan,nan,nan,nan,nan,False,,,,,,,,,nan,nan,nan,nan,,,,[],False,nan,nan,nan,,,nan,nan,nan,False,nan,,,False,,nan,nan,,,nan,nan,nan,False,nan,,,,False,nan,nan,,nan,nan,,,legacy_multistart,
fig4,full_6d_evs_peb,1,112311654,-10.0,snr_db,-10.0,3,3,3,3,full_6d,112311654,fixed_full6d_reference_sigma2,full_6d,3.038314297188423,6e506759baee40d9,False,,10.28121831594035,nan,nan,nan,nan,nan,nan,False,,,,False,,,,,,,,,,,,,,,,,,,,,,,,False,,,nan,nan,nan,nan,False,,,nan,nan,,,,,[],nan,,,nan,nan,nan,nan,,nan,nan,nan,0.001436574485184122,nan,nan,0.001436574485184122,0.001436574485184122,0.0014365604221044216,nan,free_jones_peb,free,0.0014365604221044216,nan,0.001436574485184122,4.0,4.0,0.0,98.55800326139405,98.55644697864288,nan,True,False,disabled,nan,nan,1.0719617826051704e-14,5.948330482524188,nan,True,False,e3b48bd20620d3b9b8ef02e72c1473ee968de0b883c8a7b45706956b70dd2349,3.038314297188423,computed_unscaled,cpu,nan,nan,nan,,,,,,,,nan,nan,nan,nan,nan,nan,False,,,,,,,,,nan,nan,nan,nan,,,,[],False,nan,nan,nan,,,nan,nan,nan,False,nan,,,False,,nan,nan,,,nan,nan,nan,False,nan,,,,False,nan,nan,,nan,nan,,,legacy_multistart,
fig4,full_6d_constrained_jones_peb,1,112311654,-10.0,snr_db,-10.0,3,3,3,3,full_6d,112311654,fixed_full6d_reference_sigma2,full_6d,3.038314297188423,6e506759baee40d9,False,,0.0013636639341711998,nan,nan,nan,nan,nan,nan,False,,,,False,,,,,,,,,,,,,,,,,,,,,,,,False,,,nan,nan,nan,nan,False,,,nan,nan,,,,,[],nan,,,nan,nan,nan,nan,,nan,nan,nan,0.0014365604221044216,nan,nan,0.0014365604221044216,0.001436574485184122,0.0014365604221044216,nan,constrained_jones_peb,constrained,0.0014365604221044216,nan,0.001436574485184122,4.0,4.0,0.0,98.55800326139405,98.55644697864288,nan,True,False,disabled,nan,nan,1.0719617826051704e-14,5.948330482524188,nan,True,False,e3b48bd20620d3b9b8ef02e72c1473ee968de0b883c8a7b45706956b70dd2349,3.038314297188423,computed_unscaled,cpu,nan,nan,nan,,,,,,,,nan,nan,nan,nan,nan,nan,False,,,,,,,,,nan,nan,nan,nan,,,,[],False,nan,nan,nan,,,nan,nan,nan,False,nan,,,False,,nan,nan,,,nan,nan,nan,False,nan,,,,False,nan,nan,,nan,nan,,,legacy_multistart,
fig4,scalar_peb,4,287230138,-10.0,snr_db,-10.0,3,3,3,3,scalar,287230138,fixed_full6d_reference_sigma2,full_6d,4.9435823671008885,517541d98ff9f365,False,,12.515633187023923,nan,nan,nan,nan,nan,nan,False,,,,False,,,,,,,,,,,,,,,,,,,,,,,,False,,,nan,nan,nan,nan,False,,,nan,nan,,,,,[],nan,,,nan,nan,nan,nan,,nan,nan,nan,0.03027573808087893,0.03027573808087893,nan,nan,0.03027573808087893,0.0010035500744104363,nan,free_jones_peb,free,0.0010035500744104363,nan,0.03027573808087893,4.0,4.0,0.0,109.105807165261,76.13476668992479,nan,True,False,disabled,nan,nan,3.240094841800787e-15,920425.6987127948,nan,True,False,3a97bf21da1a2141f67aadd557c78cf8b0d89e00d7c8ece8feadcfc10ca8c45e,4.9435823671008885,computed_unscaled,cpu,nan,nan,nan,,,,,,,,nan,nan,nan,nan,nan,nan,False,,,,,,,,,nan,nan,nan,nan,,,,[],False,nan,nan,nan,,,nan,nan,nan,False,nan,,,False,,nan,nan,,,nan,nan,nan,False,nan,,,,False,nan,nan,,nan,nan,,,legacy_multistart,
fig4,dual_pol_peb,4,287230138,-10.0,snr_db,-10.0,3,3,3,3,dual_pol,287230138,fixed_full6d_reference_sigma2,full_6d,4.9435823671008885,517541d98ff9f365,False,,10.186330754775554,nan,nan,nan,nan,nan,nan,False,,,,False,,,,,,,,,,,,,,,,,,,,,,,,False,,,nan,nan,nan,nan,False,,,nan,nan,,,,,[],nan,,,nan,nan,nan,nan,,nan,nan,nan,0.0024251562568250234,nan,0.0024251562568250234,nan,0.0024251562568250234,0.0010035500744104363,nan,free_jones_peb,free,0.0010035500744104363,nan,0.0024251562568250234,4.0,4.0,0.0,73.98742361562098,76.13476668992479,nan,True,False,disabled,nan,nan,4.546833059035567e-15,757435.3022240564,nan,True,False,4fe9f0bc21454d08b4befb801e7720d31b4f6c31543dd0044b72da8dd29691d1,4.9435823671008885,computed_unscaled,cpu,nan,nan,nan,,,,,,,,nan,nan,nan,nan,nan,nan,False,,,,,,,,,nan,nan,nan,nan,,,,[],False,nan,nan,nan,,,nan,nan,nan,False,nan,,,False,,nan,nan,,,nan,nan,nan,False,nan,,,,False,nan,nan,,nan,nan,,,legacy_multistart,
fig4,full_6d_evs_peb,4,287230138,-10.0,snr_db,-10.0,3,3,3,3,full_6d,287230138,fixed_full6d_reference_sigma2,full_6d,4.9435823671008885,517541d98ff9f365,False,,10.06462722318247,nan,nan,nan,nan,nan,nan,False,,,,False,,,,,,,,,,,,,,,,,,,,,,,,False,,,nan,nan,nan,nan,False,,,nan,nan,,,,,[],nan,,,nan,nan,nan,nan,,nan,nan,nan,0.001003554190456147,nan,nan,0.001003554190456147,0.001003554190456147,0.0010035500744104363,nan,free_jones_peb,free,0.0010035500744104363,nan,0.001003554190456147,4.0,4.0,0.0,76.14182004282641,76.13476668992479,nan,True,False,disabled,nan,nan,1.5761221276090666e-14,0.6013241036143325,nan,True,False,72d5586e1e2071d827e37c0d5029359210d7878b9ab9d369f2c38d0e300801aa,4.9435823671008885,computed_unscaled,cpu,nan,nan,nan,,,,,,,,nan,nan,nan,nan,nan,nan,False,,,,,,,,,nan,nan,nan,nan,,,,[],False,nan,nan,nan,,,nan,nan,nan,False,nan,,,False,,nan,nan,,,nan,nan,nan,False,nan,,,,False,nan,nan,,nan,nan,,,legacy_multistart,
fig4,full_6d_constrained_jones_peb,4,287230138,-10.0,snr_db,-10.0,3,3,3,3,full_6d,287230138,fixed_full6d_reference_sigma2,full_6d,4.9435823671008885,517541d98ff9f365,False,,0.001255139010027051,nan,nan,nan,nan,nan,nan,False,,,,False,,,,,,,,,,,,,,,,,,,,,,,,False,,,nan,nan,nan,nan,False,,,nan,nan,,,,,[],nan,,,nan,nan,nan,nan,,nan,nan,nan,0.0010035500744104363,nan,nan,0.0010035500744104363,0.001003554190456147,0.0010035500744104363,nan,constrained_jones_peb,constrained,0.0010035500744104363,nan,0.001003554190456147,4.0,4.0,0.0,76.14182004282641,76.13476668992479,nan,True,False,disabled,nan,nan,1.5761221276090666e-14,0.6013241036143325,nan,True,False,72d5586e1e2071d827e37c0d5029359210d7878b9ab9d369f2c38d0e300801aa,4.9435823671008885,computed_unscaled,cpu,nan,nan,nan,,,,,,,,nan,nan,nan,nan,nan,nan,False,,,,,,,,,nan,nan,nan,nan,,,,[],False,nan,nan,nan,,,nan,nan,nan,False,nan,,,False,,nan,nan,,,nan,nan,nan,False,nan,,,,False,nan,nan,,nan,nan,,,legacy_multistart,
fig4,scalar_peb,12,2210497206,-10.0,snr_db,-10.0,3,3,3,3,scalar,2210497206,fixed_full6d_reference_sigma2,full_6d,4.555803810309656,ca9e864b158772b3,False,,10.177943977061659,nan,nan,nan,nan,nan,nan,False,,,,False,,,,,,,,,,,,,,,,,,,,,,,,False,,,nan,nan,nan,nan,False,,,nan,nan,,,,,[],nan,,,nan,nan,nan,nan,,nan,nan,nan,0.04474889206533066,0.04474889206533066,nan,nan,0.04474889206533066,0.0010167712545494864,nan,free_jones_peb,free,0.0010167712545494864,nan,0.04474889206533066,4.0,4.0,0.0,146.33003125613982,71.51332246398775,nan,True,False,disabled,nan,nan,6.1227418535771034e-15,907344.507919773,nan,True,False,c92ff50e2f55191d90392c8949c662aed7151c4a195f313d191a86ee28295b61,4.555803810309656,computed_unscaled,cpu,nan,nan,nan,,,,,,,,nan,nan,nan,nan,nan,nan,False,,,,,,,,,nan,nan,nan,nan,,,,[],False,nan,nan,nan,,,nan,nan,nan,False,nan,,,False,,nan,nan,,,nan,nan,nan,False,nan,,,,False,nan,nan,,nan,nan,,,legacy_multistart,
fig4,dual_pol_peb,12,2210497206,-10.0,snr_db,-10.0,3,3,3,3,dual_pol,2210497206,fixed_full6d_reference_sigma2,full_6d,4.555803810309656,ca9e864b158772b3,False,,12.219346333993599,nan,nan,nan,nan,nan,nan,False,,,,False,,,,,,,,,,,,,,,,,,,,,,,,False,,,nan,nan,nan,nan,False,,,nan,nan,,,,,[],nan,,,nan,nan,nan,nan,,nan,nan,nan,0.002615278757522624,nan,0.002615278757522624,nan,0.002615278757522624,0.0010167712545494864,nan,free_jones_peb,free,0.0010167712545494864,nan,0.002615278757522624,4.0,4.0,0.0,83.94250933082294,71.51332246398775,nan,True,False,disabled,nan,nan,1.4071496175610096e-15,778912.3865414361,nan,True,False,7f63ff0447f532b740dc21a351bda795863922adafe5ba801c4afa28cadb6568,4.555803810309656,computed_unscaled,cpu,nan,nan,nan,,,,,,,,nan,nan,nan,nan,nan,nan,False,,,,,,,,,nan,nan,nan,nan,,,,[],False,nan,nan,nan,,,nan,nan,nan,False,nan,,,False,,nan,nan,,,nan,nan,nan,False,nan,,,,False,nan,nan,,nan,nan,,,legacy_multistart,
fig4,full_6d_evs_peb,12,2210497206,-10.0,snr_db,-10.0,3,3,3,3,full_6d,2210497206,fixed_full6d_reference_sigma2,full_6d,4.555803810309656,ca9e864b158772b3,False,,12.648634664015844,nan,nan,nan,nan,nan,nan,False,,,,False,,,,,,,,,,,,,,,,,,,,,,,,False,,,nan,nan,nan,nan,False,,,nan,nan,,,,,[],nan,,,nan,nan,nan,nan,,nan,nan,nan,0.0010167793032284742,nan,nan,0.0010167793032284742,0.0010167793032284742,0.0010167712545494864,nan,free_jones_peb,free,0.0010167712545494864,nan,0.0010167793032284742,4.0,4.0,0.0,71.51285963129958,71.51332246398775,nan,True,False,disabled,nan,nan,3.0313881569129365e-15,0.15952558956554125,nan,True,False,0a1c4f0b423cde7d810066f20685360779b434f786c785131581505ed3dd312e,4.555803810309656,computed_unscaled,cpu,nan,nan,nan,,,,,,,,nan,nan,nan,nan,nan,nan,False,,,,,,,,,nan,nan,nan,nan,,,,[],False,nan,nan,nan,,,nan,nan,nan,False,nan,,,False,,nan,nan,,,nan,nan,nan,False,nan,,,,False,nan,nan,,nan,nan,,,legacy_multistart,
fig4,full_6d_constrained_jones_peb,12,2210497206,-10.0,snr_db,-10.0,3,3,3,3,full_6d,2210497206,fixed_full6d_reference_sigma2,full_6d,4.555803810309656,ca9e864b158772b3,False,,0.0013841739855706692,nan,nan,nan,nan,nan,nan,False,,,,False,,,,,,,,,,,,,,,,,,,,,,,,False,,,nan,nan,nan,nan,False,,,nan,nan,,,,,[],nan,,,nan,nan,nan,nan,,nan,nan,nan,0.0010167712545494864,nan,nan,0.0010167712545494864,0.0010167793032284742,0.0010167712545494864,nan,constrained_jones_peb,constrained,0.0010167712545494864,nan,0.0010167793032284742,4.0,4.0,0.0,71.51285963129958,71.51332246398775,nan,True,False,disabled,nan,nan,3.0313881569129365e-15,0.15952558956554125,nan,True,False,0a1c4f0b423cde7d810066f20685360779b434f786c785131581505ed3dd312e,4.555803810309656,computed_unscaled,cpu,nan,nan,nan,,,,,,,,nan,nan,nan,nan,nan,nan,False,,,,,,,,,nan,nan,nan,nan,,,,[],False,nan,nan,nan,,,nan,nan,nan,False,nan,,,False,,nan,nan,,,nan,nan,nan,False,nan,,,,False,nan,nan,,nan,nan,,,legacy_multistart,
fig4,scalar_peb,15,2734808712,-10.0,snr_db,-10.0,3,3,3,3,scalar,2734808712,fixed_full6d_reference_sigma2,full_6d,1.1534740679242612,0599280d6adfc236,False,,12.875867659924552,nan,nan,nan,nan,nan,nan,False,,,,False,,,,,,,,,,,,,,,,,,,,,,,,False,,,nan,nan,nan,nan,False,,,nan,nan,,,,,[],nan,,,nan,nan,nan,nan,,nan,nan,nan,0.03208615031913029,0.03208615031913029,nan,nan,0.03208615031913029,0.0010946614829717427,nan,free_jones_peb,free,0.0010946614829717427,nan,0.03208615031913029,4.0,4.0,0.0,100.89591029078706,70.00822677902678,nan,True,False,disabled,nan,nan,9.437079116527189e-15,866641.0847752931,nan,True,False,d79defabb728f9ef2a9cb498979e3e0a06d619a6bb25b684616b7fd7193da39d,1.1534740679242612,computed_unscaled,cpu,nan,nan,nan,,,,,,,,nan,nan,nan,nan,nan,nan,False,,,,,,,,,nan,nan,nan,nan,,,,[],False,nan,nan,nan,,,nan,nan,nan,False,nan,,,False,,nan,nan,,,nan,nan,nan,False,nan,,,,False,nan,nan,,nan,nan,,,legacy_multistart,
fig4,dual_pol_peb,15,2734808712,-10.0,snr_db,-10.0,3,3,3,3,dual_pol,2734808712,fixed_full6d_reference_sigma2,full_6d,1.1534740679242612,0599280d6adfc236,False,,12.899961570976302,nan,nan,nan,nan,nan,nan,False,,,,False,,,,,,,,,,,,,,,,,,,,,,,,False,,,nan,nan,nan,nan,False,,,nan,nan,,,,,[],nan,,,nan,nan,nan,nan,,nan,nan,nan,0.0030840685987019623,nan,0.0030840685987019623,nan,0.0030840685987019623,0.0010946614829717427,nan,free_jones_peb,free,0.0010946614829717427,nan,0.0030840685987019623,4.0,4.0,0.0,70.20744561300263,70.00822677902678,nan,True,False,disabled,nan,nan,5.3243630988174745e-15,758201.3863742929,nan,True,False,2dd75ddc8fcab391f115d7c89ff58c856a8850fc1d32139859277407aa090c9f,1.1534740679242612,computed_unscaled,cpu,nan,nan,nan,,,,,,,,nan,nan,nan,nan,nan,nan,False,,,,,,,,,nan,nan,nan,nan,,,,[],False,nan,nan,nan,,,nan,nan,nan,False,nan,,,False,,nan,nan,,,nan,nan,nan,False,nan,,,,False,nan,nan,,nan,nan,,,legacy_multistart,
fig4,full_6d_evs_peb,15,2734808712,-10.0,snr_db,-10.0,3,3,3,3,full_6d,2734808712,fixed_full6d_reference_sigma2,full_6d,1.1534740679242612,0599280d6adfc236,False,,12.031145566143095,nan,nan,nan,nan,nan,nan,False,,,,False,,,,,,,,,,,,,,,,,,,,,,,,False,,,nan,nan,nan,nan,False,,,nan,nan,,,,,[],nan,,,nan,nan,nan,nan,,nan,nan,nan,0.0010946639617456621,nan,nan,0.0010946639617456621,0.0010946639617456621,0.0010946614829717427,nan,free_jones_peb,free,0.0010946614829717427,nan,0.0010946639617456621,4.0,4.0,0.0,70.00906531898141,70.00822677902678,nan,True,False,disabled,nan,nan,7.492488965611101e-15,1.008921476973451,nan,True,False,3745774ba39f0b3a489ec82705d3e30e7ac3ac0889ba9ff94e26de5537c07034,1.1534740679242612,computed_unscaled,cpu,nan,nan,nan,,,,,,,,nan,nan,nan,nan,nan,nan,False,,,,,,,,,nan,nan,nan,nan,,,,[],False,nan,nan,nan,,,nan,nan,nan,False,nan,,,False,,nan,nan,,,nan,nan,nan,False,nan,,,,False,nan,nan,,nan,nan,,,legacy_multistart,
fig4,full_6d_constrained_jones_peb,15,2734808712,-10.0,snr_db,-10.0,3,3,3,3,full_6d,2734808712,fixed_full6d_reference_sigma2,full_6d,1.1534740679242612,0599280d6adfc236,False,,0.0013534391764551401,nan,nan,nan,nan,nan,nan,False,,,,False,,,,,,,,,,,,,,,,,,,,,,,,False,,,nan,nan,nan,nan,False,,,nan,nan,,,,,[],nan,,,nan,nan,nan,nan,,nan,nan,nan,0.0010946614829717427,nan,nan,0.0010946614829717427,0.0010946639617456621,0.0010946614829717427,nan,constrained_jones_peb,constrained,0.0010946614829717427,nan,0.0010946639617456621,4.0,4.0,0.0,70.00906531898141,70.00822677902678,nan,True,False,disabled,nan,nan,7.492488965611101e-15,1.008921476973451,nan,True,False,3745774ba39f0b3a489ec82705d3e30e7ac3ac0889ba9ff94e26de5537c07034,1.1534740679242612,computed_unscaled,cpu,nan,nan,nan,,,,,,,,nan,nan,nan,nan,nan,nan,False,,,,,,,,,nan,nan,nan,nan,,,,[],False,nan,nan,nan,,,nan,nan,nan,False,nan,,,False,,nan,nan,,,nan,nan,nan,False,nan,,,,False,nan,nan,,nan,nan,,,legacy_multistart,
fig4,scalar_peb,7,1914929603,-10.0,snr_db,-10.0,3,3,3,3,scalar,1914929603,fixed_full6d_reference_sigma2,full_6d,7.361137239348518,bb77e88ed650d82d,False,,13.044551552971825,nan,nan,nan,nan,nan,nan,False,,,,False,,,,,,,,,,,,,,,,,,,,,,,,False,,,nan,nan,nan,nan,False,,,nan,nan,,,,,[],nan,,,nan,nan,nan,nan,,nan,nan,nan,0.04546391246903837,0.04546391246903837,nan,nan,0.04546391246903837,0.0010722103745145761,nan,free_jones_peb,free,0.0010722103745145761,nan,0.04546391246903837,4.0,4.0,0.0,107.31462831642784,85.34477319947685,nan,True,False,disabled,nan,nan,6.24237256887445e-15,807351.7201724603,nan,True,False,d8572e95f198cc4193a47572483e1b907f50e11a1c6e751323172f97705e7966,7.361137239348518,computed_unscaled,cpu,nan,nan,nan,,,,,,,,nan,nan,nan,nan,nan,nan,False,,,,,,,,,nan,nan,nan,nan,,,,[],False,nan,nan,nan,,,nan,nan,nan,False,nan,,,False,,nan,nan,,,nan,nan,nan,False,nan,,,,False,nan,nan,,nan,nan,,,legacy_multistart,
fig4,dual_pol_peb,7,1914929603,-10.0,snr_db,-10.0,3,3,3,3,dual_pol,1914929603,fixed_full6d_reference_sigma2,full_6d,7.361137239348518,bb77e88ed650d82d,False,,12.827783033018932,nan,nan,nan,nan,nan,nan,False,,,,False,,,,,,,,,,,,,,,,,,,,,,,,False,,,nan,nan,nan,nan,False,,,nan,nan,,,,,[],nan,,,nan,nan,nan,nan,,nan,nan,nan,0.003020715197992878,nan,0.003020715197992878,nan,0.003020715197992878,0.0010722103745145761,nan,free_jones_peb,free,0.0010722103745145761,nan,0.003020715197992878,4.0,4.0,0.0,82.77441195198537,85.34477319947685,nan,True,False,disabled,nan,nan,4.15912153455207e-15,701863.7053901633,nan,True,False,b44b9b557050131cc94ed16e3f420da41ec18220fbf46411d41a1ccb837ac303,7.361137239348518,computed_unscaled,cpu,nan,nan,nan,,,,,,,,nan,nan,nan,nan,nan,nan,False,,,,,,,,,nan,nan,nan,nan,,,,[],False,nan,nan,nan,,,nan,nan,nan,False,nan,,,False,,nan,nan,,,nan,nan,nan,False,nan,,,,False,nan,nan,,nan,nan,,,legacy_multistart,
fig4,full_6d_evs_peb,7,1914929603,-10.0,snr_db,-10.0,3,3,3,3,full_6d,1914929603,fixed_full6d_reference_sigma2,full_6d,7.361137239348518,bb77e88ed650d82d,False,,12.888886976987123,nan,nan,nan,nan,nan,nan,False,,,,False,,,,,,,,,,,,,,,,,,,,,,,,False,,,nan,nan,nan,nan,False,,,nan,nan,,,,,[],nan,,,nan,nan,nan,nan,,nan,nan,nan,0.0010722217098529105,nan,nan,0.0010722217098529105,0.0010722217098529105,0.0010722103745145761,nan,free_jones_peb,free,0.0010722103745145761,nan,0.0010722217098529105,4.0,4.0,0.0,85.34641686574986,85.34477319947685,nan,True,False,disabled,nan,nan,8.102450872244777e-15,9.892011737854599,nan,True,False,84f1975fc112e22552cd5389ecb9ea5e68088b810ed0a30ff85dfd5971674377,7.361137239348518,computed_unscaled,cpu,nan,nan,nan,,,,,,,,nan,nan,nan,nan,nan,nan,False,,,,,,,,,nan,nan,nan,nan,,,,[],False,nan,nan,nan,,,nan,nan,nan,False,nan,,,False,,nan,nan,,,nan,nan,nan,False,nan,,,,False,nan,nan,,nan,nan,,,legacy_multistart,
fig4,full_6d_constrained_jones_peb,7,1914929603,-10.0,snr_db,-10.0,3,3,3,3,full_6d,1914929603,fixed_full6d_reference_sigma2,full_6d,7.361137239348518,bb77e88ed650d82d,False,,0.0013675810769200325,nan,nan,nan,nan,nan,nan,False,,,,False,,,,,,,,,,,,,,,,,,,,,,,,False,,,nan,nan,nan,nan,False,,,nan,nan,,,,,[],nan,,,nan,nan,nan,nan,,nan,nan,nan,0.0010722103745145761,nan,nan,0.0010722103745145761,0.0010722217098529105,0.0010722103745145761,nan,constrained_jones_peb,constrained,0.0010722103745145761,nan,0.0010722217098529105,4.0,4.0,0.0,85.34641686574986,85.34477319947685,nan,True,False,disabled,nan,nan,8.102450872244777e-15,9.892011737854599,nan,True,False,84f1975fc112e22552cd5389ecb9ea5e68088b810ed0a30ff85dfd5971674377,7.361137239348518,computed_unscaled,cpu,nan,nan,nan,,,,,,,,nan,nan,nan,nan,nan,nan,False,,,,,,,,,nan,nan,nan,nan,,,,[],False,nan,nan,nan,,,nan,nan,nan,False,nan,,,False,,nan,nan,,,nan,nan,nan,False,nan,,,,False,nan,nan,,nan,nan,,,legacy_multistart,
fig4,scalar_peb,22,3206710796,-10.0,snr_db,-10.0,3,3,3,3,scalar,3206710796,fixed_full6d_reference_sigma2,full_6d,1.0725255289283988,2900e79ea20ef14b,False,,13.103610371937975,nan,nan,nan,nan,nan,nan,False,,,,False,,,,,,,,,,,,,,,,,,,,,,,,False,,,nan,nan,nan,nan,False,,,nan,nan,,,,,[],nan,,,nan,nan,nan,nan,,nan,nan,nan,0.03192787443651553,0.03192787443651553,nan,nan,0.03192787443651553,0.0013433671648676595,nan,free_jones_peb,free,0.0013433671648676595,nan,0.03192787443651553,4.0,4.0,0.0,111.05749458953493,85.51685239788134,nan,True,False,disabled,nan,nan,5.53890869812862e-15,567233.5376208562,nan,True,False,f9080b4e68e4aed660f7139dac97037d1e8fed6d4a9602cdbdb2d46386fc4c30,1.0725255289283988,computed_unscaled,cpu,nan,nan,nan,,,,,,,,nan,nan,nan,nan,nan,nan,False,,,,,,,,,nan,nan,nan,nan,,,,[],False,nan,nan,nan,,,nan,nan,nan,False,nan,,,False,,nan,nan,,,nan,nan,nan,False,nan,,,,False,nan,nan,,nan,nan,,,legacy_multistart,
fig4,dual_pol_peb,22,3206710796,-10.0,snr_db,-10.0,3,3,3,3,dual_pol,3206710796,fixed_full6d_reference_sigma2,full_6d,1.0725255289283988,2900e79ea20ef14b,False,,12.810495598940179,nan,nan,nan,nan,nan,nan,False,,,,False,,,,,,,,,,,,,,,,,,,,,,,,False,,,nan,nan,nan,nan,False,,,nan,nan,,,,,[],nan,,,nan,nan,nan,nan,,nan,nan,nan,0.004588206804267266,nan,0.004588206804267266,nan,0.004588206804267266,0.0013433671648676595,nan,free_jones_peb,free,0.0013433671648676595,nan,0.004588206804267266,4.0,4.0,0.0,85.63788320864273,85.51685239788134,nan,True,False,disabled,nan,nan,6.7435439149070296e-15,519649.68681595905,nan,True,False,419299da458ee1792ab0bf9d32fc334a7c54ce3cdd856294255dc0759783f127,1.0725255289283988,computed_unscaled,cpu,nan,nan,nan,,,,,,,,nan,nan,nan,nan,nan,nan,False,,,,,,,,,nan,nan,nan,nan,,,,[],False,nan,nan,nan,,,nan,nan,nan,False,nan,,,False,,nan,nan,,,nan,nan,nan,False,nan,,,,False,nan,nan,,nan,nan,,,legacy_multistart,
fig4,full_6d_evs_peb,22,3206710796,-10.0,snr_db,-10.0,3,3,3,3,full_6d,3206710796,fixed_full6d_reference_sigma2,full_6d,1.0725255289283988,2900e79ea20ef14b,False,,12.917527130106464,nan,nan,nan,nan,nan,nan,False,,,,False,,,,,,,,,,,,,,,,,,,,,,,,False,,,nan,nan,nan,nan,False,,,nan,nan,,,,,[],nan,,,nan,nan,nan,nan,,nan,nan,nan,0.0013433830462335197,nan,nan,0.0013433830462335197,0.0013433830462335197,0.0013433671648676595,nan,free_jones_peb,free,0.0013433671648676595,nan,0.0013433830462335197,4.0,4.0,0.0,85.51320048103585,85.51685239788134,nan,True,False,disabled,nan,nan,3.57098640499553e-15,10.104273501104672,nan,True,False,c84ba72aa3a760a0760b6b67e247dbffd03ad56315a9283ecceeafa1a6824f29,1.0725255289283988,computed_unscaled,cpu,nan,nan,nan,,,,,,,,nan,nan,nan,nan,nan,nan,False,,,,,,,,,nan,nan,nan,nan,,,,[],False,nan,nan,nan,,,nan,nan,nan,False,nan,,,False,,nan,nan,,,nan,nan,nan,False,nan,,,,False,nan,nan,,nan,nan,,,legacy_multistart,
fig4,full_6d_constrained_jones_peb,22,3206710796,-10.0,snr_db,-10.0,3,3,3,3,full_6d,3206710796,fixed_full6d_reference_sigma2,full_6d,1.0725255289283988,2900e79ea20ef14b,False,,0.0014375708997249603,nan,nan,nan,nan,nan,nan,False,,,,False,,,,,,,,,,,,,,,,,,,,,,,,False,,,nan,nan,nan,nan,False,,,nan,nan,,,,,[],nan,,,nan,nan,nan,nan,,nan,nan,nan,0.0013433671648676595,nan,nan,0.0013433671648676595,0.0013433830462335197,0.0013433671648676595,nan,constrained_jones_peb,constrained,0.0013433671648676595,nan,0.0013433830462335197,4.0,4.0,0.0,85.51320048103585,85.51685239788134,nan,True,False,disabled,nan,nan,3.57098640499553e-15,10.104273501104672,nan,True,False,c84ba72aa3a760a0760b6b67e247dbffd03ad56315a9283ecceeafa1a6824f29,1.0725255289283988,computed_unscaled,cpu,nan,nan,nan,,,,,,,,nan,nan,nan,nan,nan,nan,False,,,,,,,,,nan,nan,nan,nan,,,,[],False,nan,nan,nan,,,nan,nan,nan,False,nan,,,False,,nan,nan,,,nan,nan,nan,False,nan,,,,False,nan,nan,,nan,nan,,,legacy_multistart,
fig4,scalar_peb,2,3251202663,-10.0,snr_db,-10.0,3,3,3,3,scalar,3251202663,fixed_full6d_reference_sigma2,full_6d,2.287057192270079,7d427ca15b213bf7,False,,13.099292783997953,nan,nan,nan,nan,nan,nan,False,,,,False,,,,,,,,,,,,,,,,,,,,,,,,False,,,nan,nan,nan,nan,False,,,nan,nan,,,,,[],nan,,,nan,nan,nan,nan,,nan,nan,nan,0.03615347191818853,0.03615347191818853,nan,nan,0.03615347191818853,0.0011043780362075988,nan,free_jones_peb,free,0.0011043780362075988,nan,0.03615347191818853,4.0,4.0,0.0,101.20470028285688,73.85928344231198,nan,True,False,disabled,nan,nan,6.960268450752186e-15,841822.7028339907,nan,True,False,fa5a9a3e4ae7e1f83c84d4ef54f3477dae4ed75bbb1629c6c35e848a02dfe917,2.287057192270079,computed_unscaled,cpu,nan,nan,nan,,,,,,,,nan,nan,nan,nan,nan,nan,False,,,,,,,,,nan,nan,nan,nan,,,,[],False,nan,nan,nan,,,nan,nan,nan,False,nan,,,False,,nan,nan,,,nan,nan,nan,False,nan,,,,False,nan,nan,,nan,nan,,,legacy_multistart,
fig4,dual_pol_peb,2,3251202663,-10.0,snr_db,-10.0,3,3,3,3,dual_pol,3251202663,fixed_full6d_reference_sigma2,full_6d,2.287057192270079,7d427ca15b213bf7,False,,12.867604826111346,nan,nan,nan,nan,nan,nan,False,,,,False,,,,,,,,,,,,,,,,,,,,,,,,False,,,nan,nan,nan,nan,False,,,nan,nan,,,,,[],nan,,,nan,nan,nan,nan,,nan,nan,nan,0.0038240443965435983,nan,0.0038240443965435983,nan,0.0038240443965435983,0.0011043780362075988,nan,free_jones_peb,free,0.0011043780362075988,nan,0.0038240443965435983,4.0,4.0,0.0,77.70841776980222,73.85928344231198,nan,True,False,disabled,nan,nan,4.74304242173595e-15,770565.9140702531,nan,True,False,27b563e44bef6f7dd3fc9a70bc5f4d1231809ee95ff3fa9cf53394b15b7ee739,2.287057192270079,computed_unscaled,cpu,nan,nan,nan,,,,,,,,nan,nan,nan,nan,nan,nan,False,,,,,,,,,nan,nan,nan,nan,,,,[],False,nan,nan,nan,,,nan,nan,nan,False,nan,,,False,,nan,nan,,,nan,nan,nan,False,nan,,,,False,nan,nan,,nan,nan,,,legacy_multistart,
fig4,full_6d_evs_peb,2,3251202663,-10.0,snr_db,-10.0,3,3,3,3,full_6d,3251202663,fixed_full6d_reference_sigma2,full_6d,2.287057192270079,7d427ca15b213bf7,False,,13.186820014147088,nan,nan,nan,nan,nan,nan,False,,,,False,,,,,,,,,,,,,,,,,,,,,,,,False,,,nan,nan,nan,nan,False,,,nan,nan,,,,,[],nan,,,nan,nan,nan,nan,,nan,nan,nan,0.0011044035239813662,nan,nan,0.0011044035239813662,0.0011044035239813662,0.0011043780362075988,nan,free_jones_peb,free,0.0011043780362075988,nan,0.0011044035239813662,4.0,4.0,0.0,73.86011818264645,73.85928344231198,nan,True,False,disabled,nan,nan,2.9165082149199764e-15,19.339179267482088,nan,True,False,ba669d51e548d5d57a5c08da45514e8eda76ee1a2847f0b8bc91639b42fa1215,2.287057192270079,computed_unscaled,cpu,nan,nan,nan,,,,,,,,nan,nan,nan,nan,nan,nan,False,,,,,,,,,nan,nan,nan,nan,,,,[],False,nan,nan,nan,,,nan,nan,nan,False,nan,,,False,,nan,nan,,,nan,nan,nan,False,nan,,,,False,nan,nan,,nan,nan,,,legacy_multistart,
fig4,full_6d_constrained_jones_peb,2,3251202663,-10.0,snr_db,-10.0,3,3,3,3,full_6d,3251202663,fixed_full6d_reference_sigma2,full_6d,2.287057192270079,7d427ca15b213bf7,False,,0.0014587400946766138,nan,nan,nan,nan,nan,nan,False,,,,False,,,,,,,,,,,,,,,,,,,,,,,,False,,,nan,nan,nan,nan,False,,,nan,nan,,,,,[],nan,,,nan,nan,nan,nan,,nan,nan,nan,0.0011043780362075988,nan,nan,0.0011043780362075988,0.0011044035239813662,0.0011043780362075988,nan,constrained_jones_peb,constrained,0.0011043780362075988,nan,0.0011044035239813662,4.0,4.0,0.0,73.86011818264645,73.85928344231198,nan,True,False,disabled,nan,nan,2.9165082149199764e-15,19.339179267482088,nan,True,False,ba669d51e548d5d57a5c08da45514e8eda76ee1a2847f0b8bc91639b42fa1215,2.287057192270079,computed_unscaled,cpu,nan,nan,nan,,,,,,,,nan,nan,nan,nan,nan,nan,False,,,,,,,,,nan,nan,nan,nan,,,,[],False,nan,nan,nan,,,nan,nan,nan,False,nan,,,False,,nan,nan,,,nan,nan,nan,False,nan,,,,False,nan,nan,,nan,nan,,,legacy_multistart,
fig4,scalar_peb,16,1080178429,-10.0,snr_db,-10.0,3,3,3,3,scalar,1080178429,fixed_full6d_reference_sigma2,full_6d,4.802466357959781,6ced1f7c11c62449,False,,12.95043042092584,nan,nan,nan,nan,nan,nan,False,,,,False,,,,,,,,,,,,,,,,,,,,,,,,False,,,nan,nan,nan,nan,False,,,nan,nan,,,,,[],nan,,,nan,nan,nan,nan,,nan,nan,nan,0.044239640947441046,0.044239640947441046,nan,nan,0.044239640947441046,0.0010492106626753656,nan,free_jones_peb,free,0.0010492106626753656,nan,0.044239640947441046,4.0,4.0,0.0,351.7744876240074,87.52885512344135,nan,True,False,disabled,nan,nan,5.781750078999794e-15,857574.7520411216,nan,True,False,fe074e5d012d6531afd3135b069a94fbb4ac905dd184ede53d462f2ff19aea7a,4.802466357959781,computed_unscaled,cpu,nan,nan,nan,,,,,,,,nan,nan,nan,nan,nan,nan,False,,,,,,,,,nan,nan,nan,nan,,,,[],False,nan,nan,nan,,,nan,nan,nan,False,nan,,,False,,nan,nan,,,nan,nan,nan,False,nan,,,,False,nan,nan,,nan,nan,,,legacy_multistart,
fig4,dual_pol_peb,16,1080178429,-10.0,snr_db,-10.0,3,3,3,3,dual_pol,1080178429,fixed_full6d_reference_sigma2,full_6d,4.802466357959781,6ced1f7c11c62449,False,,13.018466347828507,nan,nan,nan,nan,nan,nan,False,,,,False,,,,,,,,,,,,,,,,,,,,,,,,False,,,nan,nan,nan,nan,False,,,nan,nan,,,,,[],nan,,,nan,nan,nan,nan,,nan,nan,nan,0.003466799035876399,nan,0.003466799035876399,nan,0.003466799035876399,0.0010492106626753656,nan,free_jones_peb,free,0.0010492106626753656,nan,0.003466799035876399,4.0,4.0,0.0,87.37275580693712,87.52885512344135,nan,True,False,disabled,nan,nan,3.3277819924764208e-15,768858.9259694059,nan,True,False,7873f3ee4d8c236ea9f55dde7f8a207e41c4badaaaa60a5426862eff8db93236,4.802466357959781,computed_unscaled,cpu,nan,nan,nan,,,,,,,,nan,nan,nan,nan,nan,nan,False,,,,,,,,,nan,nan,nan,nan,,,,[],False,nan,nan,nan,,,nan,nan,nan,False,nan,,,False,,nan,nan,,,nan,nan,nan,False,nan,,,,False,nan,nan,,nan,nan,,,legacy_multistart,
fig4,full_6d_evs_peb,16,1080178429,-10.0,snr_db,-10.0,3,3,3,3,full_6d,1080178429,fixed_full6d_reference_sigma2,full_6d,4.802466357959781,6ced1f7c11c62449,False,,13.19379477808252,nan,nan,nan,nan,nan,nan,False,,,,False,,,,,,,,,,,,,,,,,,,,,,,,False,,,nan,nan,nan,nan,False,,,nan,nan,,,,,[],nan,,,nan,nan,nan,nan,,nan,nan,nan,0.0010492150088653523,nan,nan,0.0010492150088653523,0.0010492150088653523,0.0010492106626753656,nan,free_jones_peb,free,0.0010492106626753656,nan,0.0010492150088653523,4.0,4.0,0.0,87.53279534019039,87.52885512344135,nan,True,False,disabled,nan,nan,5.241776466056869e-15,0.5011114268611122,nan,True,False,2793ff1fce7242989610050dae2e9fefacb8b15f6d60bfd2b55605797f0e0ce8,4.802466357959781,computed_unscaled,cpu,nan,nan,nan,,,,,,,,nan,nan,nan,nan,nan,nan,False,,,,,,,,,nan,nan,nan,nan,,,,[],False,nan,nan,nan,,,nan,nan,nan,False,nan,,,False,,nan,nan,,,nan,nan,nan,False,nan,,,,False,nan,nan,,nan,nan,,,legacy_multistart,
fig4,full_6d_constrained_jones_peb,16,1080178429,-10.0,snr_db,-10.0,3,3,3,3,full_6d,1080178429,fixed_full6d_reference_sigma2,full_6d,4.802466357959781,6ced1f7c11c62449,False,,0.0014367790427058935,nan,nan,nan,nan,nan,nan,False,,,,False,,,,,,,,,,,,,,,,,,,,,,,,False,,,nan,nan,nan,nan,False,,,nan,nan,,,,,[],nan,,,nan,nan,nan,nan,,nan,nan,nan,0.0010492106626753656,nan,nan,0.0010492106626753656,0.0010492150088653523,0.0010492106626753656,nan,constrained_jones_peb,constrained,0.0010492106626753656,nan,0.0010492150088653523,4.0,4.0,0.0,87.53279534019039,87.52885512344135,nan,True,False,disabled,nan,nan,5.241776466056869e-15,0.5011114268611122,nan,True,False,2793ff1fce7242989610050dae2e9fefacb8b15f6d60bfd2b55605797f0e0ce8,4.802466357959781,computed_unscaled,cpu,nan,nan,nan,,,,,,,,nan,nan,nan,nan,nan,nan,False,,,,,,,,,nan,nan,nan,nan,,,,[],False,nan,nan,nan,,,nan,nan,nan,False,nan,,,False,,nan,nan,,,nan,nan,nan,False,nan,,,,False,nan,nan,,nan,nan,,,legacy_multistart,
fig4,scalar_peb,6,1919806993,-10.0,snr_db,-10.0,3,3,3,3,scalar,1919806993,fixed_full6d_reference_sigma2,full_6d,4.199671633749915,9404cd05fe1a1840,False,,12.850741416914389,nan,nan,nan,nan,nan,nan,False,,,,False,,,,,,,,,,,,,,,,,,,,,,,,False,,,nan,nan,nan,nan,False,,,nan,nan,,,,,[],nan,,,nan,nan,nan,nan,,nan,nan,nan,0.041227385580645495,0.041227385580645495,nan,nan,0.041227385580645495,0.0011159717967688032,nan,free_jones_peb,free,0.0011159717967688032,nan,0.041227385580645495,4.0,4.0,0.0,167.16349688674438,72.1906288133053,nan,True,False,disabled,nan,nan,5.838622081887875e-15,823139.949908942,nan,True,False,1c6597d0275e6fcbcf3ceb73c07b34d8e97e2154c585ccc07f91c9aa1acec05d,4.199671633749915,computed_unscaled,cpu,nan,nan,nan,,,,,,,,nan,nan,nan,nan,nan,nan,False,,,,,,,,,nan,nan,nan,nan,,,,[],False,nan,nan,nan,,,nan,nan,nan,False,nan,,,False,,nan,nan,,,nan,nan,nan,False,nan,,,,False,nan,nan,,nan,nan,,,legacy_multistart,
fig4,dual_pol_peb,6,1919806993,-10.0,snr_db,-10.0,3,3,3,3,dual_pol,1919806993,fixed_full6d_reference_sigma2,full_6d,4.199671633749915,9404cd05fe1a1840,False,,12.959203960141167,nan,nan,nan,nan,nan,nan,False,,,,False,,,,,,,,,,,,,,,,,,,,,,,,False,,,nan,nan,nan,nan,False,,,nan,nan,,,,,[],nan,,,nan,nan,nan,nan,,nan,nan,nan,0.004828923120362073,nan,0.004828923120362073,nan,0.004828923120362073,0.0011159717967688032,nan,free_jones_peb,free,0.0011159717967688032,nan,0.004828923120362073,4.0,4.0,0.0,80.67656321321435,72.1906288133053,nan,True,False,disabled,nan,nan,6.904757006029973e-15,772628.1925253094,nan,True,False,8158e3eea8b8cfa80d1181d7302a18407d0f626e3c2dbcbb33bae90791259a7d,4.199671633749915,computed_unscaled,cpu,nan,nan,nan,,,,,,,,nan,nan,nan,nan,nan,nan,False,,,,,,,,,nan,nan,nan,nan,,,,[],False,nan,nan,nan,,,nan,nan,nan,False,nan,,,False,,nan,nan,,,nan,nan,nan,False,nan,,,,False,nan,nan,,nan,nan,,,legacy_multistart,
fig4,full_6d_evs_peb,6,1919806993,-10.0,snr_db,-10.0,3,3,3,3,full_6d,1919806993,fixed_full6d_reference_sigma2,full_6d,4.199671633749915,9404cd05fe1a1840,False,,13.018367209006101,nan,nan,nan,nan,nan,nan,False,,,,False,,,,,,,,,,,,,,,,,,,,,,,,False,,,nan,nan,nan,nan,False,,,nan,nan,,,,,[],nan,,,nan,nan,nan,nan,,nan,nan,nan,0.001115990090586808,nan,nan,0.001115990090586808,0.001115990090586808,0.0011159717967688032,nan,free_jones_peb,free,0.0011159717967688032,nan,0.001115990090586808,4.0,4.0,0.0,72.19686430595627,72.1906288133053,nan,True,False,disabled,nan,nan,8.08855080067094e-15,16.523628623917315,nan,True,False,231b7c2941d5d9c02809f94febabb8d0e1f1d4a2d4bfefa1b397f685379809da,4.199671633749915,computed_unscaled,cpu,nan,nan,nan,,,,,,,,nan,nan,nan,nan,nan,nan,False,,,,,,,,,nan,nan,nan,nan,,,,[],False,nan,nan,nan,,,nan,nan,nan,False,nan,,,False,,nan,nan,,,nan,nan,nan,False,nan,,,,False,nan,nan,,nan,nan,,,legacy_multistart,
fig4,full_6d_constrained_jones_peb,6,1919806993,-10.0,snr_db,-10.0,3,3,3,3,full_6d,1919806993,fixed_full6d_reference_sigma2,full_6d,4.199671633749915,9404cd05fe1a1840,False,,0.0013762519229203463,nan,nan,nan,nan,nan,nan,False,,,,False,,,,,,,,,,,,,,,,,,,,,,,,False,,,nan,nan,nan,nan,False,,,nan,nan,,,,,[],nan,,,nan,nan,nan,nan,,nan,nan,nan,0.0011159717967688032,nan,nan,0.0011159717967688032,0.001115990090586808,0.0011159717967688032,nan,constrained_jones_peb,constrained,0.0011159717967688032,nan,0.001115990090586808,4.0,4.0,0.0,72.19686430595627,72.1906288133053,nan,True,False,disabled,nan,nan,8.08855080067094e-15,16.523628623917315,nan,True,False,231b7c2941d5d9c02809f94febabb8d0e1f1d4a2d4bfefa1b397f685379809da,4.199671633749915,computed_unscaled,cpu,nan,nan,nan,,,,,,,,nan,nan,nan,nan,nan,nan,False,,,,,,,,,nan,nan,nan,nan,,,,[],False,nan,nan,nan,,,nan,nan,nan,False,nan,,,False,,nan,nan,,,nan,nan,nan,False,nan,,,,False,nan,nan,,nan,nan,,,legacy_multistart,
fig4,scalar_peb,21,4000820147,-10.0,snr_db,-10.0,3,3,3,3,scalar,4000820147,fixed_full6d_reference_sigma2,full_6d,3.4790788065601688,d1ed6154e40a2d32,False,,13.09693946596235,nan,nan,nan,nan,nan,nan,False,,,,False,,,,,,,,,,,,,,,,,,,,,,,,False,,,nan,nan,nan,nan,False,,,nan,nan,,,,,[],nan,,,nan,nan,nan,nan,,nan,nan,nan,0.03787448470527266,0.03787448470527266,nan,nan,0.03787448470527266,0.0014759249798815335,nan,free_jones_peb,free,0.0014759249798815335,nan,0.03787448470527266,4.0,4.0,0.0,192.14024865477816,135.40362900470882,nan,True,False,disabled,nan,nan,4.5907591121389165e-15,511361.8208657764,nan,True,False,90fd0c6eb62c194f065ae6c36fd149de6fbbaab36cb9bbe6aae7357be0bf6268,3.4790788065601688,computed_unscaled,cpu,nan,nan,nan,,,,,,,,nan,nan,nan,nan,nan,nan,False,,,,,,,,,nan,nan,nan,nan,,,,[],False,nan,nan,nan,,,nan,nan,nan,False,nan,,,False,,nan,nan,,,nan,nan,nan,False,nan,,,,False,nan,nan,,nan,nan,,,legacy_multistart,
fig4,dual_pol_peb,21,4000820147,-10.0,snr_db,-10.0,3,3,3,3,dual_pol,4000820147,fixed_full6d_reference_sigma2,full_6d,3.4790788065601688,d1ed6154e40a2d32,False,,12.996502690017223,nan,nan,nan,nan,nan,nan,False,,,,False,,,,,,,,,,,,,,,,,,,,,,,,False,,,nan,nan,nan,nan,False,,,nan,nan,,,,,[],nan,,,nan,nan,nan,nan,,nan,nan,nan,0.00448304512799728,nan,0.00448304512799728,nan,0.00448304512799728,0.0014759249798815335,nan,free_jones_peb,free,0.0014759249798815335,nan,0.00448304512799728,4.0,4.0,0.0,90.93335138686705,135.40362900470882,nan,True,False,disabled,nan,nan,6.736083416092366e-15,458246.10740050673,nan,True,False,afbebe42be898c368ac7152ce735fccf59acb013ca9e955cc19c791d910da41c,3.4790788065601688,computed_unscaled,cpu,nan,nan,nan,,,,,,,,nan,nan,nan,nan,nan,nan,False,,,,,,,,,nan,nan,nan,nan,,,,[],False,nan,nan,nan,,,nan,nan,nan,False,nan,,,False,,nan,nan,,,nan,nan,nan,False,nan,,,,False,nan,nan,,nan,nan,,,legacy_multistart,
fig4,full_6d_evs_peb,21,4000820147,-10.0,snr_db,-10.0,3,3,3,3,full_6d,4000820147,fixed_full6d_reference_sigma2,full_6d,3.4790788065601688,d1ed6154e40a2d32,False,,13.0416623740457,nan,nan,nan,nan,nan,nan,False,,,,False,,,,,,,,,,,,,,,,,,,,,,,,False,,,nan,nan,nan,nan,False,,,nan,nan,,,,,[],nan,,,nan,nan,nan,nan,,nan,nan,nan,0.0014759415970070314,nan,nan,0.0014759415970070314,0.0014759415970070314,0.0014759249798815335,nan,free_jones_peb,free,0.0014759249798815335,nan,0.0014759415970070314,4.0,4.0,0.0,135.40624207974673,135.40362900470882,nan,True,False,disabled,nan,nan,5.641309189731971e-15,8.677478067206746,nan,True,False,f7a047bb7013efbe33f31c7f789c22a5d5f4d1899bcaccc54b42258dbd7f4038,3.4790788065601688,computed_unscaled,cpu,nan,nan,nan,,,,,,,,nan,nan,nan,nan,nan,nan,False,,,,,,,,,nan,nan,nan,nan,,,,[],False,nan,nan,nan,,,nan,nan,nan,False,nan,,,False,,nan,nan,,,nan,nan,nan,False,nan,,,,False,nan,nan,,nan,nan,,,legacy_multistart,
fig4,full_6d_constrained_jones_peb,21,4000820147,-10.0,snr_db,-10.0,3,3,3,3,full_6d,4000820147,fixed_full6d_reference_sigma2,full_6d,3.4790788065601688,d1ed6154e40a2d32,False,,0.0014087390154600143,nan,nan,nan,nan,nan,nan,False,,,,False,,,,,,,,,,,,,,,,,,,,,,,,False,,,nan,nan,nan,nan,False,,,nan,nan,,,,,[],nan,,,nan,nan,nan,nan,,nan,nan,nan,0.0014759249798815335,nan,nan,0.0014759249798815335,0.0014759415970070314,0.0014759249798815335,nan,constrained_jones_peb,constrained,0.0014759249798815335,nan,0.0014759415970070314,4.0,4.0,0.0,135.40624207974673,135.40362900470882,nan,True,False,disabled,nan,nan,5.641309189731971e-15,8.677478067206746,nan,True,False,f7a047bb7013efbe33f31c7f789c22a5d5f4d1899bcaccc54b42258dbd7f4038,3.4790788065601688,computed_unscaled,cpu,nan,nan,nan,,,,,,,,nan,nan,nan,nan,nan,nan,False,,,,,,,,,nan,nan,nan,nan,,,,[],False,nan,nan,nan,,,nan,nan,nan,False,nan,,,False,,nan,nan,,,nan,nan,nan,False,nan,,,,False,nan,nan,,nan,nan,,,legacy_multistart,
fig4,scalar_peb,17,2127997378,-10.0,snr_db,-10.0,3,3,3,3,scalar,2127997378,fixed_full6d_reference_sigma2,full_6d,4.000509529956755,4892b100f6ad5012,False,,12.793720651883632,nan,nan,nan,nan,nan,nan,False,,,,False,,,,,,,,,,,,,,,,,,,,,,,,False,,,nan,nan,nan,nan,False,,,nan,nan,,,,,[],nan,,,nan,nan,nan,nan,,nan,nan,nan,0.029550903223082865,0.029550903223082865,nan,nan,0.029550903223082865,0.0012652068264116857,nan,free_jones_peb,free,0.0012652068264116857,nan,0.029550903223082865,4.0,4.0,0.0,124.74317257851249,83.33281630673481,nan,True,False,disabled,nan,nan,3.078233123359049e-15,647855.4201873664,nan,True,False,f80d1b30fabc96d829306cacd311a8dda31039fba04246ba0bb9e2c407097451,4.000509529956755,computed_unscaled,cpu,nan,nan,nan,,,,,,,,nan,nan,nan,nan,nan,nan,False,,,,,,,,,nan,nan,nan,nan,,,,[],False,nan,nan,nan,,,nan,nan,nan,False,nan,,,False,,nan,nan,,,nan,nan,nan,False,nan,,,,False,nan,nan,,nan,nan,,,legacy_multistart,
fig4,dual_pol_peb,17,2127997378,-10.0,snr_db,-10.0,3,3,3,3,dual_pol,2127997378,fixed_full6d_reference_sigma2,full_6d,4.000509529956755,4892b100f6ad5012,False,,12.976035328116268,nan,nan,nan,nan,nan,nan,False,,,,False,,,,,,,,,,,,,,,,,,,,,,,,False,,,nan,nan,nan,nan,False,,,nan,nan,,,,,[],nan,,,nan,nan,nan,nan,,nan,nan,nan,0.0038812977466368384,nan,0.0038812977466368384,nan,0.0038812977466368384,0.0012652068264116857,nan,free_jones_peb,free,0.0012652068264116857,nan,0.0038812977466368384,4.0,4.0,0.0,80.38650823425411,83.33281630673481,nan,True,False,disabled,nan,nan,2.8432049328356465e-15,580354.1298845287,nan,True,False,4b69279863936381b75eaf881fbc0666eb2ba07fa89219699aac78b513fcc887,4.000509529956755,computed_unscaled,cpu,nan,nan,nan,,,,,,,,nan,nan,nan,nan,nan,nan,False,,,,,,,,,nan,nan,nan,nan,,,,[],False,nan,nan,nan,,,nan,nan,nan,False,nan,,,False,,nan,nan,,,nan,nan,nan,False,nan,,,,False,nan,nan,,nan,nan,,,legacy_multistart,
fig4,full_6d_evs_peb,17,2127997378,-10.0,snr_db,-10.0,3,3,3,3,full_6d,2127997378,fixed_full6d_reference_sigma2,full_6d,4.000509529956755,4892b100f6ad5012,False,,13.11288400599733,nan,nan,nan,nan,nan,nan,False,,,,False,,,,,,,,,,,,,,,,,,,,,,,,False,,,nan,nan,nan,nan,False,,,nan,nan,,,,,[],nan,,,nan,nan,nan,nan,,nan,nan,nan,0.00126521488460785,nan,nan,0.00126521488460785,0.00126521488460785,0.0012652068264116857,nan,free_jones_peb,free,0.0012652068264116857,nan,0.00126521488460785,4.0,4.0,0.0,83.33708224159743,83.33281630673481,nan,True,False,disabled,nan,nan,3.5520908476340653e-15,1.2365799950637493,nan,True,False,1e7e5fb979d639b775e57b8f9a2b5887da0781d1b293b718b0219c60afc7e70e,4.000509529956755,computed_unscaled,cpu,nan,nan,nan,,,,,,,,nan,nan,nan,nan,nan,nan,False,,,,,,,,,nan,nan,nan,nan,,,,[],False,nan,nan,nan,,,nan,nan,nan,False,nan,,,False,,nan,nan,,,nan,nan,nan,False,nan,,,,False,nan,nan,,nan,nan,,,legacy_multistart,
fig4,full_6d_constrained_jones_peb,17,2127997378,-10.0,snr_db,-10.0,3,3,3,3,full_6d,2127997378,fixed_full6d_reference_sigma2,full_6d,4.000509529956755,4892b100f6ad5012,False,,0.0014158198609948158,nan,nan,nan,nan,nan,nan,False,,,,False,,,,,,,,,,,,,,,,,,,,,,,,False,,,nan,nan,nan,nan,False,,,nan,nan,,,,,[],nan,,,nan,nan,nan,nan,,nan,nan,nan,0.0012652068264116857,nan,nan,0.0012652068264116857,0.00126521488460785,0.0012652068264116857,nan,constrained_jones_peb,constrained,0.0012652068264116857,nan,0.00126521488460785,4.0,4.0,0.0,83.33708224159743,83.33281630673481,nan,True,False,disabled,nan,nan,3.5520908476340653e-15,1.2365799950637493,nan,True,False,1e7e5fb979d639b775e57b8f9a2b5887da0781d1b293b718b0219c60afc7e70e,4.000509529956755,computed_unscaled,cpu,nan,nan,nan,,,,,,,,nan,nan,nan,nan,nan,nan,False,,,,,,,,,nan,nan,nan,nan,,,,[],False,nan,nan,nan,,,nan,nan,nan,False,nan,,,False,,nan,nan,,,nan,nan,nan,False,nan,,,,False,nan,nan,,nan,nan,,,legacy_multistart,
fig4,scalar_peb,5,2290547997,-10.0,snr_db,-10.0,3,3,3,3,scalar,2290547997,fixed_full6d_reference_sigma2,full_6d,2.730002088601652,d7f0ed7bdd23392d,False,,12.919081800850108,nan,nan,nan,nan,nan,nan,False,,,,False,,,,,,,,,,,,,,,,,,,,,,,,False,,,nan,nan,nan,nan,False,,,nan,nan,,,,,[],nan,,,nan,nan,nan,nan,,nan,nan,nan,0.05393579009373165,0.05393579009373165,nan,nan,0.05393579009373165,0.001213265481642474,nan,free_jones_peb,free,0.001213265481642474,nan,0.05393579009373165,4.0,4.0,0.0,95.41165547853416,75.07451669325688,nan,True,False,disabled,nan,nan,4.024374634624863e-15,713666.2646225172,nan,True,False,93ef95e20e1c131fcaa8886b0220c980cc8f80e2f6a274806efc16af2e526fa6,2.730002088601652,computed_unscaled,cpu,nan,nan,nan,,,,,,,,nan,nan,nan,nan,nan,nan,False,,,,,,,,,nan,nan,nan,nan,,,,[],False,nan,nan,nan,,,nan,nan,nan,False,nan,,,False,,nan,nan,,,nan,nan,nan,False,nan,,,,False,nan,nan,,nan,nan,,,legacy_multistart,
fig4,dual_pol_peb,5,2290547997,-10.0,snr_db,-10.0,3,3,3,3,dual_pol,2290547997,fixed_full6d_reference_sigma2,full_6d,2.730002088601652,d7f0ed7bdd23392d,False,,12.929362850962207,nan,nan,nan,nan,nan,nan,False,,,,False,,,,,,,,,,,,,,,,,,,,,,,,False,,,nan,nan,nan,nan,False,,,nan,nan,,,,,[],nan,,,nan,nan,nan,nan,,nan,nan,nan,0.0039891292023206985,nan,0.0039891292023206985,nan,0.0039891292023206985,0.001213265481642474,nan,free_jones_peb,free,0.001213265481642474,nan,0.0039891292023206985,4.0,4.0,0.0,69.60947403148968,75.07451669325688,nan,True,False,disabled,nan,nan,4.305547405968776e-15,645351.8235908841,nan,True,False,a982c7f66b3b7068e3eaf7969bceb651aa74c5682d0cb2fec69a6a1f75a15ec0,2.730002088601652,computed_unscaled,cpu,nan,nan,nan,,,,,,,,nan,nan,nan,nan,nan,nan,False,,,,,,,,,nan,nan,nan,nan,,,,[],False,nan,nan,nan,,,nan,nan,nan,False,nan,,,False,,nan,nan,,,nan,nan,nan,False,nan,,,,False,nan,nan,,nan,nan,,,legacy_multistart,
fig4,full_6d_evs_peb,5,2290547997,-10.0,snr_db,-10.0,3,3,3,3,full_6d,2290547997,fixed_full6d_reference_sigma2,full_6d,2.730002088601652,d7f0ed7bdd23392d,False,,12.925145195098594,nan,nan,nan,nan,nan,nan,False,,,,False,,,,,,,,,,,,,,,,,,,,,,,,False,,,nan,nan,nan,nan,False,,,nan,nan,,,,,[],nan,,,nan,nan,nan,nan,,nan,nan,nan,0.001213276957871888,nan,nan,0.001213276957871888,0.001213276957871888,0.001213265481642474,nan,free_jones_peb,free,0.001213265481642474,nan,0.001213276957871888,4.0,4.0,0.0,75.07441184413706,75.07451669325688,nan,True,False,disabled,nan,nan,3.1028782911438017e-15,4.866383431059911,nan,True,False,38f1169f92c897947506b479f5ee71ac29695cde812eaf9f2f26b2ce8e8773e4,2.730002088601652,computed_unscaled,cpu,nan,nan,nan,,,,,,,,nan,nan,nan,nan,nan,nan,False,,,,,,,,,nan,nan,nan,nan,,,,[],False,nan,nan,nan,,,nan,nan,nan,False,nan,,,False,,nan,nan,,,nan,nan,nan,False,nan,,,,False,nan,nan,,nan,nan,,,legacy_multistart,
fig4,full_6d_constrained_jones_peb,5,2290547997,-10.0,snr_db,-10.0,3,3,3,3,full_6d,2290547997,fixed_full6d_reference_sigma2,full_6d,2.730002088601652,d7f0ed7bdd23392d,False,,0.0012051570229232311,nan,nan,nan,nan,nan,nan,False,,,,False,,,,,,,,,,,,,,,,,,,,,,,,False,,,nan,nan,nan,nan,False,,,nan,nan,,,,,[],nan,,,nan,nan,nan,nan,,nan,nan,nan,0.001213265481642474,nan,nan,0.001213265481642474,0.001213276957871888,0.001213265481642474,nan,constrained_jones_peb,constrained,0.001213265481642474,nan,0.001213276957871888,4.0,4.0,0.0,75.07441184413706,75.07451669325688,nan,True,False,disabled,nan,nan,3.1028782911438017e-15,4.866383431059911,nan,True,False,38f1169f92c897947506b479f5ee71ac29695cde812eaf9f2f26b2ce8e8773e4,2.730002088601652,computed_unscaled,cpu,nan,nan,nan,,,,,,,,nan,nan,nan,nan,nan,nan,False,,,,,,,,,nan,nan,nan,nan,,,,[],False,nan,nan,nan,,,nan,nan,nan,False,nan,,,False,,nan,nan,,,nan,nan,nan,False,nan,,,,False,nan,nan,,nan,nan,,,legacy_multistart,
fig4,scalar_peb,3,3422926171,-10.0,snr_db,-10.0,3,3,3,3,scalar,3422926171,fixed_full6d_reference_sigma2,full_6d,2.780626491560737,e6e66aa3d7e84d7d,False,,12.89903281792067,nan,nan,nan,nan,nan,nan,False,,,,False,,,,,,,,,,,,,,,,,,,,,,,,False,,,nan,nan,nan,nan,False,,,nan,nan,,,,,[],nan,,,nan,nan,nan,nan,,nan,nan,nan,0.0348482403332393,0.0348482403332393,nan,nan,0.0348482403332393,0.0010931264279597122,nan,free_jones_peb,free,0.0010931264279597122,nan,0.0348482403332393,4.0,4.0,0.0,104.50572595812709,79.32568453893882,nan,True,False,disabled,nan,nan,3.974830543973896e-15,853835.5234947366,nan,True,False,6d2b6f9de96b8591d5302f64424683a02c9496c3cee2815dc2956f0c1ed3f810,2.780626491560737,computed_unscaled,cpu,nan,nan,nan,,,,,,,,nan,nan,nan,nan,nan,nan,False,,,,,,,,,nan,nan,nan,nan,,,,[],False,nan,nan,nan,,,nan,nan,nan,False,nan,,,False,,nan,nan,,,nan,nan,nan,False,nan,,,,False,nan,nan,,nan,nan,,,legacy_multistart,
fig4,dual_pol_peb,3,3422926171,-10.0,snr_db,-10.0,3,3,3,3,dual_pol,3422926171,fixed_full6d_reference_sigma2,full_6d,2.780626491560737,e6e66aa3d7e84d7d,False,,12.889239446027204,nan,nan,nan,nan,nan,nan,False,,,,False,,,,,,,,,,,,,,,,,,,,,,,,False,,,nan,nan,nan,nan,False,,,nan,nan,,,,,[],nan,,,nan,nan,nan,nan,,nan,nan,nan,0.0029368197307774314,nan,0.0029368197307774314,nan,0.0029368197307774314,0.0010931264279597122,nan,free_jones_peb,free,0.0010931264279597122,nan,0.0029368197307774314,4.0,4.0,0.0,79.39545670317155,79.32568453893882,nan,True,False,disabled,nan,nan,7.070097415533506e-15,736839.9531444196,nan,True,False,f77eeba51e4c29f45760a30757cde728bf1f86a0a513fc49d764f003ded781c7,2.780626491560737,computed_unscaled,cpu,nan,nan,nan,,,,,,,,nan,nan,nan,nan,nan,nan,False,,,,,,,,,nan,nan,nan,nan,,,,[],False,nan,nan,nan,,,nan,nan,nan,False,nan,,,False,,nan,nan,,,nan,nan,nan,False,nan,,,,False,nan,nan,,nan,nan,,,legacy_multistart,
fig4,full_6d_evs_peb,3,3422926171,-10.0,snr_db,-10.0,3,3,3,3,full_6d,3422926171,fixed_full6d_reference_sigma2,full_6d,2.780626491560737,e6e66aa3d7e84d7d,False,,13.359183428110555,nan,nan,nan,nan,nan,nan,False,,,,False,,,,,,,,,,,,,,,,,,,,,,,,False,,,nan,nan,nan,nan,False,,,nan,nan,,,,,[],nan,,,nan,nan,nan,nan,,nan,nan,nan,0.0010931293132064352,nan,nan,0.0010931293132064352,0.0010931293132064352,0.0010931264279597122,nan,free_jones_peb,free,0.0010931264279597122,nan,0.0010931293132064352,4.0,4.0,0.0,79.32787446466104,79.32568453893882,nan,True,False,disabled,nan,nan,3.302939691394527e-15,4.83491196683694,nan,True,False,36031d2b9c9618797e3e0dd10eb5c7dda8abc129f14c8c8dd5b717980768d13b,2.780626491560737,computed_unscaled,cpu,nan,nan,nan,,,,,,,,nan,nan,nan,nan,nan,nan,False,,,,,,,,,nan,nan,nan,nan,,,,[],False,nan,nan,nan,,,nan,nan,nan,False,nan,,,False,,nan,nan,,,nan,nan,nan,False,nan,,,,False,nan,nan,,nan,nan,,,legacy_multistart,
fig4,full_6d_constrained_jones_peb,3,3422926171,-10.0,snr_db,-10.0,3,3,3,3,full_6d,3422926171,fixed_full6d_reference_sigma2,full_6d,2.780626491560737,e6e66aa3d7e84d7d,False,,0.0013418029993772507,nan,nan,nan,nan,nan,nan,False,,,,False,,,,,,,,,,,,,,,,,,,,,,,,False,,,nan,nan,nan,nan,False,,,nan,nan,,,,,[],nan,,,nan,nan,nan,nan,,nan,nan,nan,0.0010931264279597122,nan,nan,0.0010931264279597122,0.0010931293132064352,0.0010931264279597122,nan,constrained_jones_peb,constrained,0.0010931264279597122,nan,0.0010931293132064352,4.0,4.0,0.0,79.32787446466104,79.32568453893882,nan,True,False,disabled,nan,nan,3.302939691394527e-15,4.83491196683694,nan,True,False,36031d2b9c9618797e3e0dd10eb5c7dda8abc129f14c8c8dd5b717980768d13b,2.780626491560737,computed_unscaled,cpu,nan,nan,nan,,,,,,,,nan,nan,nan,nan,nan,nan,False,,,,,,,,,nan,nan,nan,nan,,,,[],False,nan,nan,nan,,,nan,nan,nan,False,nan,,,False,,nan,nan,,,nan,nan,nan,False,nan,,,,False,nan,nan,,nan,nan,,,legacy_multistart,
fig4,scalar_peb,14,1092560480,-10.0,snr_db,-10.0,3,3,3,3,scalar,1092560480,fixed_full6d_reference_sigma2,full_6d,2.1631840949807746,6b8393c832c570c0,False,,12.951603673864156,nan,nan,nan,nan,nan,nan,False,,,,False,,,,,,,,,,,,,,,,,,,,,,,,False,,,nan,nan,nan,nan,False,,,nan,nan,,,,,[],nan,,,nan,nan,nan,nan,,nan,nan,nan,0.031169140813098718,0.031169140813098718,nan,nan,0.031169140813098718,0.001143151009476655,nan,free_jones_peb,free,0.001143151009476655,nan,0.031169140813098718,4.0,4.0,0.0,113.60074949938739,68.82598452963308,nan,True,False,disabled,nan,nan,3.7878211260598495e-15,792349.9514880808,nan,True,False,daeed13a2f50233764622d6693621439c707a88ffe45923e1470c1628b195fa4,2.1631840949807746,computed_unscaled,cpu,nan,nan,nan,,,,,,,,nan,nan,nan,nan,nan,nan,False,,,,,,,,,nan,nan,nan,nan,,,,[],False,nan,nan,nan,,,nan,nan,nan,False,nan,,,False,,nan,nan,,,nan,nan,nan,False,nan,,,,False,nan,nan,,nan,nan,,,legacy_multistart,
fig4,dual_pol_peb,14,1092560480,-10.0,snr_db,-10.0,3,3,3,3,dual_pol,1092560480,fixed_full6d_reference_sigma2,full_6d,2.1631840949807746,6b8393c832c570c0,False,,12.99965441506356,nan,nan,nan,nan,nan,nan,False,,,,False,,,,,,,,,,,,,,,,,,,,,,,,False,,,nan,nan,nan,nan,False,,,nan,nan,,,,,[],nan,,,nan,nan,nan,nan,,nan,nan,nan,0.004131580357037656,nan,0.004131580357037656,nan,0.004131580357037656,0.001143151009476655,nan,free_jones_peb,free,0.001143151009476655,nan,0.004131580357037656,4.0,4.0,0.0,76.13175461760108,68.82598452963308,nan,True,False,disabled,nan,nan,5.676616016613883e-15,728002.1423956264,nan,True,False,f4cb566e66af0ab72dc54437cb77e52afa3ac990d61ae7e996305eb30e95ddb9,2.1631840949807746,computed_unscaled,cpu,nan,nan,nan,,,,,,,,nan,nan,nan,nan,nan,nan,False,,,,,,,,,nan,nan,nan,nan,,,,[],False,nan,nan,nan,,,nan,nan,nan,False,nan,,,False,,nan,nan,,,nan,nan,nan,False,nan,,,,False,nan,nan,,nan,nan,,,legacy_multistart,
fig4,full_6d_evs_peb,14,1092560480,-10.0,snr_db,-10.0,3,3,3,3,full_6d,1092560480,fixed_full6d_reference_sigma2,full_6d,2.1631840949807746,6b8393c832c570c0,False,,16.484387397998944,nan,nan,nan,nan,nan,nan,False,,,,False,,,,,,,,,,,,,,,,,,,,,,,,False,,,nan,nan,nan,nan,False,,,nan,nan,,,,,[],nan,,,nan,nan,nan,nan,,nan,nan,nan,0.0011431537096209005,nan,nan,0.0011431537096209005,0.0011431537096209005,0.001143151009476655,nan,free_jones_peb,free,0.001143151009476655,nan,0.0011431537096209005,4.0,4.0,0.0,68.82541009221043,68.82598452963308,nan,True,False,disabled,nan,nan,3.711963451721272e-15,0.3794739185891167,nan,True,False,f1022bc01518ff6f31f9f6e642efb32029d98d2c096644b99cc3e0e6c8ec44d7,2.1631840949807746,computed_unscaled,cpu,nan,nan,nan,,,,,,,,nan,nan,nan,nan,nan,nan,False,,,,,,,,,nan,nan,nan,nan,,,,[],False,nan,nan,nan,,,nan,nan,nan,False,nan,,,False,,nan,nan,,,nan,nan,nan,False,nan,,,,False,nan,nan,,nan,nan,,,legacy_multistart,
fig4,full_6d_constrained_jones_peb,14,1092560480,-10.0,snr_db,-10.0,3,3,3,3,full_6d,1092560480,fixed_full6d_reference_sigma2,full_6d,2.1631840949807746,6b8393c832c570c0,False,,0.0015357511583715677,nan,nan,nan,nan,nan,nan,False,,,,False,,,,,,,,,,,,,,,,,,,,,,,,False,,,nan,nan,nan,nan,False,,,nan,nan,,,,,[],nan,,,nan,nan,nan,nan,,nan,nan,nan,0.001143151009476655,nan,nan,0.001143151009476655,0.0011431537096209005,0.001143151009476655,nan,constrained_jones_peb,constrained,0.001143151009476655,nan,0.0011431537096209005,4.0,4.0,0.0,68.82541009221043,68.82598452963308,nan,True,False,disabled,nan,nan,3.711963451721272e-15,0.3794739185891167,nan,True,False,f1022bc01518ff6f31f9f6e642efb32029d98d2c096644b99cc3e0e6c8ec44d7,2.1631840949807746,computed_unscaled,cpu,nan,nan,nan,,,,,,,,nan,nan,nan,nan,nan,nan,False,,,,,,,,,nan,nan,nan,nan,,,,[],False,nan,nan,nan,,,nan,nan,nan,False,nan,,,False,,nan,nan,,,nan,nan,nan,False,nan,,,,False,nan,nan,,nan,nan,,,legacy_multistart,
fig4,scalar_peb,19,3846521747,-10.0,snr_db,-10.0,3,3,3,3,scalar,3846521747,fixed_full6d_reference_sigma2,full_6d,1.1858033347287424,b6cf39a8368a0fe5,False,,17.65575293917209,nan,nan,nan,nan,nan,nan,False,,,,False,,,,,,,,,,,,,,,,,,,,,,,,False,,,nan,nan,nan,nan,False,,,nan,nan,,,,,[],nan,,,nan,nan,nan,nan,,nan,nan,nan,0.03974062472356272,0.03974062472356272,nan,nan,0.03974062472356272,0.0012510962144581192,nan,free_jones_peb,free,0.0012510962144581192,nan,0.03974062472356272,4.0,4.0,0.0,138.3526511130804,81.02670887627153,nan,True,False,disabled,nan,nan,5.093566879806979e-15,661896.430774088,nan,True,False,0b8a9b663ca2c0e1d92176cbed39120875d02f4c6be3dc160568c7233976ffc2,1.1858033347287424,computed_unscaled,cpu,nan,nan,nan,,,,,,,,nan,nan,nan,nan,nan,nan,False,,,,,,,,,nan,nan,nan,nan,,,,[],False,nan,nan,nan,,,nan,nan,nan,False,nan,,,False,,nan,nan,,,nan,nan,nan,False,nan,,,,False,nan,nan,,nan,nan,,,legacy_multistart,
fig4,dual_pol_peb,19,3846521747,-10.0,snr_db,-10.0,3,3,3,3,dual_pol,3846521747,fixed_full6d_reference_sigma2,full_6d,1.1858033347287424,b6cf39a8368a0fe5,False,,14.937662959098816,nan,nan,nan,nan,nan,nan,False,,,,False,,,,,,,,,,,,,,,,,,,,,,,,False,,,nan,nan,nan,nan,False,,,nan,nan,,,,,[],nan,,,nan,nan,nan,nan,,nan,nan,nan,0.005064866000197643,nan,0.005064866000197643,nan,0.005064866000197643,0.0012510962144581192,nan,free_jones_peb,free,0.0012510962144581192,nan,0.005064866000197643,4.0,4.0,0.0,84.04221565549445,81.02670887627153,nan,True,False,disabled,nan,nan,5.524129502097942e-15,622094.3522597846,nan,True,False,dca030af82f710bcb535a4a0e546d3403fad4f1f40adb5820a43ca6b9c02e1ab,1.1858033347287424,computed_unscaled,cpu,nan,nan,nan,,,,,,,,nan,nan,nan,nan,nan,nan,False,,,,,,,,,nan,nan,nan,nan,,,,[],False,nan,nan,nan,,,nan,nan,nan,False,nan,,,False,,nan,nan,,,nan,nan,nan,False,nan,,,,False,nan,nan,,nan,nan,,,legacy_multistart,
fig4,full_6d_evs_peb,19,3846521747,-10.0,snr_db,-10.0,3,3,3,3,full_6d,3846521747,fixed_full6d_reference_sigma2,full_6d,1.1858033347287424,b6cf39a8368a0fe5,False,,9.648679219186306,nan,nan,nan,nan,nan,nan,False,,,,False,,,,,,,,,,,,,,,,,,,,,,,,False,,,nan,nan,nan,nan,False,,,nan,nan,,,,,[],nan,,,nan,nan,nan,nan,,nan,nan,nan,0.0012511146204778243,nan,nan,0.0012511146204778243,0.0012511146204778243,0.0012510962144581192,nan,free_jones_peb,free,0.0012510962144581192,nan,0.0012511146204778243,4.0,4.0,0.0,81.02735268366338,81.02670887627153,nan,True,False,disabled,nan,nan,3.121968755620256e-15,1.6978082465558195,nan,True,False,66683f008884b5deaddb95c24fc2a892e518e793d697d2821f0c6f98570400e4,1.1858033347287424,computed_unscaled,cpu,nan,nan,nan,,,,,,,,nan,nan,nan,nan,nan,nan,False,,,,,,,,,nan,nan,nan,nan,,,,[],False,nan,nan,nan,,,nan,nan,nan,False,nan,,,False,,nan,nan,,,nan,nan,nan,False,nan,,,,False,nan,nan,,nan,nan,,,legacy_multistart,
fig4,full_6d_constrained_jones_peb,19,3846521747,-10.0,snr_db,-10.0,3,3,3,3,full_6d,3846521747,fixed_full6d_reference_sigma2,full_6d,1.1858033347287424,b6cf39a8368a0fe5,False,,0.0013445669319480658,nan,nan,nan,nan,nan,nan,False,,,,False,,,,,,,,,,,,,,,,,,,,,,,,False,,,nan,nan,nan,nan,False,,,nan,nan,,,,,[],nan,,,nan,nan,nan,nan,,nan,nan,nan,0.0012510962144581192,nan,nan,0.0012510962144581192,0.0012511146204778243,0.0012510962144581192,nan,constrained_jones_peb,constrained,0.0012510962144581192,nan,0.0012511146204778243,4.0,4.0,0.0,81.02735268366338,81.02670887627153,nan,True,False,disabled,nan,nan,3.121968755620256e-15,1.6978082465558195,nan,True,False,66683f008884b5deaddb95c24fc2a892e518e793d697d2821f0c6f98570400e4,1.1858033347287424,computed_unscaled,cpu,nan,nan,nan,,,,,,,,nan,nan,nan,nan,nan,nan,False,,,,,,,,,nan,nan,nan,nan,,,,[],False,nan,nan,nan,,,nan,nan,nan,False,nan,,,False,,nan,nan,,,nan,nan,nan,False,nan,,,,False,nan,nan,,nan,nan,,,legacy_multistart,
fig4,scalar_peb,23,2043173887,-10.0,snr_db,-10.0,3,3,3,3,scalar,2043173887,fixed_full6d_reference_sigma2,full_6d,3.275657558659962,202ebb9aca1f1d8a,False,,17.601407416164875,nan,nan,nan,nan,nan,nan,False,,,,False,,,,,,,,,,,,,,,,,,,,,,,,False,,,nan,nan,nan,nan,False,,,nan,nan,,,,,[],nan,,,nan,nan,nan,nan,,nan,nan,nan,0.04959784062732546,0.04959784062732546,nan,nan,0.04959784062732546,0.0011079466344854723,nan,free_jones_peb,free,0.0011079466344854723,nan,0.04959784062732546,4.0,4.0,0.0,82.84495212885676,63.95570465517765,nan,True,False,disabled,nan,nan,1.0729335368163212e-14,839064.0533661911,nan,True,False,87d11b30b2b354763affc746a406804beff6231c93115ab9e8564b2555508918,3.275657558659962,computed_unscaled,cpu,nan,nan,nan,,,,,,,,nan,nan,nan,nan,nan,nan,False,,,,,,,,,nan,nan,nan,nan,,,,[],False,nan,nan,nan,,,nan,nan,nan,False,nan,,,False,,nan,nan,,,nan,nan,nan,False,nan,,,,False,nan,nan,,nan,nan,,,legacy_multistart,
fig4,dual_pol_peb,23,2043173887,-10.0,snr_db,-10.0,3,3,3,3,dual_pol,2043173887,fixed_full6d_reference_sigma2,full_6d,3.275657558659962,202ebb9aca1f1d8a,False,,15.352087785024196,nan,nan,nan,nan,nan,nan,False,,,,False,,,,,,,,,,,,,,,,,,,,,,,,False,,,nan,nan,nan,nan,False,,,nan,nan,,,,,[],nan,,,nan,nan,nan,nan,,nan,nan,nan,0.0030037812565205384,nan,0.0030037812565205384,nan,0.0030037812565205384,0.0011079466344854723,nan,free_jones_peb,free,0.0011079466344854723,nan,0.0030037812565205384,4.0,4.0,0.0,75.28877965469242,63.95570465517765,nan,True,False,disabled,nan,nan,3.844353347304685e-15,726078.0213923574,nan,True,False,ba7c54c525669a49f352e03ae343c04d0632702243a7f010eb38ac01de638d7a,3.275657558659962,computed_unscaled,cpu,nan,nan,nan,,,,,,,,nan,nan,nan,nan,nan,nan,False,,,,,,,,,nan,nan,nan,nan,,,,[],False,nan,nan,nan,,,nan,nan,nan,False,nan,,,False,,nan,nan,,,nan,nan,nan,False,nan,,,,False,nan,nan,,nan,nan,,,legacy_multistart,
fig4,full_6d_evs_peb,23,2043173887,-10.0,snr_db,-10.0,3,3,3,3,full_6d,2043173887,fixed_full6d_reference_sigma2,full_6d,3.275657558659962,202ebb9aca1f1d8a,False,,9.832770072156563,nan,nan,nan,nan,nan,nan,False,,,,False,,,,,,,,,,,,,,,,,,,,,,,,False,,,nan,nan,nan,nan,False,,,nan,nan,,,,,[],nan,,,nan,nan,nan,nan,,nan,nan,nan,0.0011079693799400164,nan,nan,0.0011079693799400164,0.0011079693799400164,0.0011079466344854723,nan,free_jones_peb,free,0.0011079466344854723,nan,0.0011079693799400164,4.0,4.0,0.0,63.95502988470635,63.95570465517765,nan,True,False,disabled,nan,nan,2.020383060683617e-15,4.763350499082011,nan,True,False,7093cfec76f40175c6c7c58aa1b5153ce86056a79427b6463226f28ede4d41bd,3.275657558659962,computed_unscaled,cpu,nan,nan,nan,,,,,,,,nan,nan,nan,nan,nan,nan,False,,,,,,,,,nan,nan,nan,nan,,,,[],False,nan,nan,nan,,,nan,nan,nan,False,nan,,,False,,nan,nan,,,nan,nan,nan,False,nan,,,,False,nan,nan,,nan,nan,,,legacy_multistart,
fig4,full_6d_constrained_jones_peb,23,2043173887,-10.0,snr_db,-10.0,3,3,3,3,full_6d,2043173887,fixed_full6d_reference_sigma2,full_6d,3.275657558659962,202ebb9aca1f1d8a,False,,0.001428418094292283,nan,nan,nan,nan,nan,nan,False,,,,False,,,,,,,,,,,,,,,,,,,,,,,,False,,,nan,nan,nan,nan,False,,,nan,nan,,,,,[],nan,,,nan,nan,nan,nan,,nan,nan,nan,0.0011079466344854723,nan,nan,0.0011079466344854723,0.0011079693799400164,0.0011079466344854723,nan,constrained_jones_peb,constrained,0.0011079466344854723,nan,0.0011079693799400164,4.0,4.0,0.0,63.95502988470635,63.95570465517765,nan,True,False,disabled,nan,nan,2.020383060683617e-15,4.763350499082011,nan,True,False,7093cfec76f40175c6c7c58aa1b5153ce86056a79427b6463226f28ede4d41bd,3.275657558659962,computed_unscaled,cpu,nan,nan,nan,,,,,,,,nan,nan,nan,nan,nan,nan,False,,,,,,,,,nan,nan,nan,nan,,,,[],False,nan,nan,nan,,,nan,nan,nan,False,nan,,,False,,nan,nan,,,nan,nan,nan,False,nan,,,,False,nan,nan,,nan,nan,,,legacy_multistart,
fig4,scalar_peb,11,3685333214,-10.0,snr_db,-10.0,3,3,3,3,scalar,3685333214,fixed_full6d_reference_sigma2,full_6d,2.867431283222813,643cb67e35d3b667,False,,17.227998804999515,nan,nan,nan,nan,nan,nan,False,,,,False,,,,,,,,,,,,,,,,,,,,,,,,False,,,nan,nan,nan,nan,False,,,nan,nan,,,,,[],nan,,,nan,nan,nan,nan,,nan,nan,nan,0.0274942552840551,0.0274942552840551,nan,nan,0.0274942552840551,0.0013621364627735984,nan,free_jones_peb,free,0.0013621364627735984,nan,0.0274942552840551,4.0,4.0,0.0,113.70465047536923,91.98328914155695,nan,True,False,disabled,nan,nan,5.4033721580004006e-15,598336.4787555201,nan,True,False,a8bf1e96550e66f5fc05821b98b3bcfcfd9c16edf816dc35720fa3fc2f3d9c3e,2.867431283222813,computed_unscaled,cpu,nan,nan,nan,,,,,,,,nan,nan,nan,nan,nan,nan,False,,,,,,,,,nan,nan,nan,nan,,,,[],False,nan,nan,nan,,,nan,nan,nan,False,nan,,,False,,nan,nan,,,nan,nan,nan,False,nan,,,,False,nan,nan,,nan,nan,,,legacy_multistart,
fig4,dual_pol_peb,11,3685333214,-10.0,snr_db,-10.0,3,3,3,3,dual_pol,3685333214,fixed_full6d_reference_sigma2,full_6d,2.867431283222813,643cb67e35d3b667,False,,17.151086651952937,nan,nan,nan,nan,nan,nan,False,,,,False,,,,,,,,,,,,,,,,,,,,,,,,False,,,nan,nan,nan,nan,False,,,nan,nan,,,,,[],nan,,,nan,nan,nan,nan,,nan,nan,nan,0.0031976246489848416,nan,0.0031976246489848416,nan,0.0031976246489848416,0.0013621364627735984,nan,free_jones_peb,free,0.0013621364627735984,nan,0.0031976246489848416,4.0,4.0,0.0,94.11827091354232,91.98328914155695,nan,True,False,disabled,nan,nan,4.276805910593686e-15,487564.66071740777,nan,True,False,4c9cfd1cb5551d79ef5d1cef79bea3ca1c914b47928f1f49d2e9fdb6c47a14a0,2.867431283222813,computed_unscaled,cpu,nan,nan,nan,,,,,,,,nan,nan,nan,nan,nan,nan,False,,,,,,,,,nan,nan,nan,nan,,,,[],False,nan,nan,nan,,,nan,nan,nan,False,nan,,,False,,nan,nan,,,nan,nan,nan,False,nan,,,,False,nan,nan,,nan,nan,,,legacy_multistart,
fig4,full_6d_evs_peb,11,3685333214,-10.0,snr_db,-10.0,3,3,3,3,full_6d,3685333214,fixed_full6d_reference_sigma2,full_6d,2.867431283222813,643cb67e35d3b667,False,,13.51132885995321,nan,nan,nan,nan,nan,nan,False,,,,False,,,,,,,,,,,,,,,,,,,,,,,,False,,,nan,nan,nan,nan,False,,,nan,nan,,,,,[],nan,,,nan,nan,nan,nan,,nan,nan,nan,0.0013621409396788239,nan,nan,0.0013621409396788239,0.0013621409396788239,0.0013621364627735984,nan,free_jones_peb,free,0.0013621364627735984,nan,0.0013621409396788239,4.0,4.0,0.0,91.98572404061613,91.98328914155695,nan,True,False,disabled,nan,nan,4.508207705656234e-15,1.4519768452854924,nan,True,False,e9ccda1e403051d390ee49d3f08d80b8c395469b47c082ff498964bcdaeda690,2.867431283222813,computed_unscaled,cpu,nan,nan,nan,,,,,,,,nan,nan,nan,nan,nan,nan,False,,,,,,,,,nan,nan,nan,nan,,,,[],False,nan,nan,nan,,,nan,nan,nan,False,nan,,,False,,nan,nan,,,nan,nan,nan,False,nan,,,,False,nan,nan,,nan,nan,,,legacy_multistart,
fig4,full_6d_constrained_jones_peb,11,3685333214,-10.0,snr_db,-10.0,3,3,3,3,full_6d,3685333214,fixed_full6d_reference_sigma2,full_6d,2.867431283222813,643cb67e35d3b667,False,,0.0013620499521493912,nan,nan,nan,nan,nan,nan,False,,,,False,,,,,,,,,,,,,,,,,,,,,,,,False,,,nan,nan,nan,nan,False,,,nan,nan,,,,,[],nan,,,nan,nan,nan,nan,,nan,nan,nan,0.0013621364627735984,nan,nan,0.0013621364627735984,0.0013621409396788239,0.0013621364627735984,nan,constrained_jones_peb,constrained,0.0013621364627735984,nan,0.0013621409396788239,4.0,4.0,0.0,91.98572404061613,91.98328914155695,nan,True,False,disabled,nan,nan,4.508207705656234e-15,1.4519768452854924,nan,True,False,e9ccda1e403051d390ee49d3f08d80b8c395469b47c082ff498964bcdaeda690,2.867431283222813,computed_unscaled,cpu,nan,nan,nan,,,,,,,,nan,nan,nan,nan,nan,nan,False,,,,,,,,,nan,nan,nan,nan,,,,[],False,nan,nan,nan,,,nan,nan,nan,False,nan,,,False,,nan,nan,,,nan,nan,nan,False,nan,,,,False,nan,nan,,nan,nan,,,legacy_multistart,
fig4,scalar_peb,0,3147786918,-10.0,snr_db,-10.0,3,3,3,3,scalar,3147786918,fixed_full6d_reference_sigma2,full_6d,3.964529139661309,b9aadcd59c3e0d21,False,,17.14099454204552,nan,nan,nan,nan,nan,nan,False,,,,False,,,,,,,,,,,,,,,,,,,,,,,,False,,,nan,nan,nan,nan,False,,,nan,nan,,,,,[],nan,,,nan,nan,nan,nan,,nan,nan,nan,0.03697897878969712,0.03697897878969712,nan,nan,0.03697897878969712,0.0011293002299880503,nan,free_jones_peb,free,0.0011293002299880503,nan,0.03697897878969712,4.0,4.0,0.0,109.80760458159129,69.84558422826325,nan,True,False,disabled,nan,nan,1.2522851377371237e-14,821156.9473903213,nan,True,False,cd96a98a06084da1d3e00a46ddfc6c9c51a558c9423886cb8941ee6de2c16ba9,3.964529139661309,computed_unscaled,cpu,nan,nan,nan,,,,,,,,nan,nan,nan,nan,nan,nan,False,,,,,,,,,nan,nan,nan,nan,,,,[],False,nan,nan,nan,,,nan,nan,nan,False,nan,,,False,,nan,nan,,,nan,nan,nan,False,nan,,,,False,nan,nan,,nan,nan,,,legacy_multistart,
fig4,dual_pol_peb,0,3147786918,-10.0,snr_db,-10.0,3,3,3,3,dual_pol,3147786918,fixed_full6d_reference_sigma2,full_6d,3.964529139661309,b9aadcd59c3e0d21,False,,17.259652571985498,nan,nan,nan,nan,nan,nan,False,,,,False,,,,,,,,,,,,,,,,,,,,,,,,False,,,nan,nan,nan,nan,False,,,nan,nan,,,,,[],nan,,,nan,nan,nan,nan,,nan,nan,nan,0.004996091708509073,nan,0.004996091708509073,nan,0.004996091708509073,0.0011293002299880503,nan,free_jones_peb,free,0.0011293002299880503,nan,0.004996091708509073,4.0,4.0,0.0,74.38377110368802,69.84558422826325,nan,True,False,disabled,nan,nan,8.882886992680745e-15,777657.5306696845,nan,True,False,8dc4f470547f71c7bbbfab20d66331fe815668d9c9eb7a3dceadd43db18a7ee2,3.964529139661309,computed_unscaled,cpu,nan,nan,nan,,,,,,,,nan,nan,nan,nan,nan,nan,False,,,,,,,,,nan,nan,nan,nan,,,,[],False,nan,nan,nan,,,nan,nan,nan,False,nan,,,False,,nan,nan,,,nan,nan,nan,False,nan,,,,False,nan,nan,,nan,nan,,,legacy_multistart,
fig4,full_6d_evs_peb,0,3147786918,-10.0,snr_db,-10.0,3,3,3,3,full_6d,3147786918,fixed_full6d_reference_sigma2,full_6d,3.964529139661309,b9aadcd59c3e0d21,False,,17.646083764033392,nan,nan,nan,nan,nan,nan,False,,,,False,,,,,,,,,,,,,,,,,,,,,,,,False,,,nan,nan,nan,nan,False,,,nan,nan,,,,,[],nan,,,nan,nan,nan,nan,,nan,nan,nan,0.001129316608688006,nan,nan,0.001129316608688006,0.001129316608688006,0.0011293002299880503,nan,free_jones_peb,free,0.0011293002299880503,nan,0.001129316608688006,4.0,4.0,0.0,69.84801761628549,69.84558422826325,nan,True,False,disabled,nan,nan,7.0917319113141936e-15,3.4100372834982444,nan,True,False,7c738a48c71d396c30709f16037cef480e872ff8eba0c095999cea8980974cb0,3.964529139661309,computed_unscaled,cpu,nan,nan,nan,,,,,,,,nan,nan,nan,nan,nan,nan,False,,,,,,,,,nan,nan,nan,nan,,,,[],False,nan,nan,nan,,,nan,nan,nan,False,nan,,,False,,nan,nan,,,nan,nan,nan,False,nan,,,,False,nan,nan,,nan,nan,,,legacy_multistart,
fig4,full_6d_constrained_jones_peb,0,3147786918,-10.0,snr_db,-10.0,3,3,3,3,full_6d,3147786918,fixed_full6d_reference_sigma2,full_6d,3.964529139661309,b9aadcd59c3e0d21,False,,0.0014210520312190056,nan,nan,nan,nan,nan,nan,False,,,,False,,,,,,,,,,,,,,,,,,,,,,,,False,,,nan,nan,nan,nan,False,,,nan,nan,,,,,[],nan,,,nan,nan,nan,nan,,nan,nan,nan,0.0011293002299880503,nan,nan,0.0011293002299880503,0.001129316608688006,0.0011293002299880503,nan,constrained_jones_peb,constrained,0.0011293002299880503,nan,0.001129316608688006,4.0,4.0,0.0,69.84801761628549,69.84558422826325,nan,True,False,disabled,nan,nan,7.0917319113141936e-15,3.4100372834982444,nan,True,False,7c738a48c71d396c30709f16037cef480e872ff8eba0c095999cea8980974cb0,3.964529139661309,computed_unscaled,cpu,nan,nan,nan,,,,,,,,nan,nan,nan,nan,nan,nan,False,,,,,,,,,nan,nan,nan,nan,,,,[],False,nan,nan,nan,,,nan,nan,nan,False,nan,,,False,,nan,nan,,,nan,nan,nan,False,nan,,,,False,nan,nan,,nan,nan,,,legacy_multistart,
fig4,scalar_peb,9,3933360494,-10.0,snr_db,-10.0,3,3,3,3,scalar,3933360494,fixed_full6d_reference_sigma2,full_6d,1.191222589099843,65437b590cfca8c8,False,,17.478274926077574,nan,nan,nan,nan,nan,nan,False,,,,False,,,,,,,,,,,,,,,,,,,,,,,,False,,,nan,nan,nan,nan,False,,,nan,nan,,,,,[],nan,,,nan,nan,nan,nan,,nan,nan,nan,0.033225265312368704,0.033225265312368704,nan,nan,0.033225265312368704,0.0012030959972984716,nan,free_jones_peb,free,0.0012030959972984716,nan,0.033225265312368704,4.0,4.0,0.0,152.05104145378027,76.97132639814663,nan,True,False,disabled,nan,nan,3.69989758720691e-15,721905.9272328472,nan,True,False,23d2fccd900640c7194c1fd2afbf8927da0030c3a396b91ee61afefd33e5ffef,1.191222589099843,computed_unscaled,cpu,nan,nan,nan,,,,,,,,nan,nan,nan,nan,nan,nan,False,,,,,,,,,nan,nan,nan,nan,,,,[],False,nan,nan,nan,,,nan,nan,nan,False,nan,,,False,,nan,nan,,,nan,nan,nan,False,nan,,,,False,nan,nan,,nan,nan,,,legacy_multistart,
fig4,dual_pol_peb,9,3933360494,-10.0,snr_db,-10.0,3,3,3,3,dual_pol,3933360494,fixed_full6d_reference_sigma2,full_6d,1.191222589099843,65437b590cfca8c8,False,,17.07950614299625,nan,nan,nan,nan,nan,nan,False,,,,False,,,,,,,,,,,,,,,,,,,,,,,,False,,,nan,nan,nan,nan,False,,,nan,nan,,,,,[],nan,,,nan,nan,nan,nan,,nan,nan,nan,0.00401341344509461,nan,0.00401341344509461,nan,0.00401341344509461,0.0012030959972984716,nan,free_jones_peb,free,0.0012030959972984716,nan,0.00401341344509461,4.0,4.0,0.0,83.63359391479061,76.97132639814663,nan,True,False,disabled,nan,nan,4.635298888135047e-15,657527.4138581202,nan,True,False,5c50e3e114f50289aba4cec36bdb0f867d74e95d498425153d9308ae1a2cd3da,1.191222589099843,computed_unscaled,cpu,nan,nan,nan,,,,,,,,nan,nan,nan,nan,nan,nan,False,,,,,,,,,nan,nan,nan,nan,,,,[],False,nan,nan,nan,,,nan,nan,nan,False,nan,,,False,,nan,nan,,,nan,nan,nan,False,nan,,,,False,nan,nan,,nan,nan,,,legacy_multistart,
fig4,full_6d_evs_peb,9,3933360494,-10.0,snr_db,-10.0,3,3,3,3,full_6d,3933360494,fixed_full6d_reference_sigma2,full_6d,1.191222589099843,65437b590cfca8c8,False,,17.289956429041922,nan,nan,nan,nan,nan,nan,False,,,,False,,,,,,,,,,,,,,,,,,,,,,,,False,,,nan,nan,nan,nan,False,,,nan,nan,,,,,[],nan,,,nan,nan,nan,nan,,nan,nan,nan,0.0012031253848123942,nan,nan,0.0012031253848123942,0.0012031253848123942,0.0012030959972984716,nan,free_jones_peb,free,0.0012030959972984716,nan,0.0012031253848123942,4.0,4.0,0.0,76.97442076595499,76.97132639814663,nan,True,False,disabled,nan,nan,5.531648889177156e-15,13.639386847059306,nan,True,False,2f009590b628473d7acf259cec76359e96ba2256fe333ef7c1514fe7022a67d5,1.191222589099843,computed_unscaled,cpu,nan,nan,nan,,,,,,,,nan,nan,nan,nan,nan,nan,False,,,,,,,,,nan,nan,nan,nan,,,,[],False,nan,nan,nan,,,nan,nan,nan,False,nan,,,False,,nan,nan,,,nan,nan,nan,False,nan,,,,False,nan,nan,,nan,nan,,,legacy_multistart,
fig4,full_6d_constrained_jones_peb,9,3933360494,-10.0,snr_db,-10.0,3,3,3,3,full_6d,3933360494,fixed_full6d_reference_sigma2,full_6d,1.191222589099843,65437b590cfca8c8,False,,0.0014417110942304134,nan,nan,nan,nan,nan,nan,False,,,,False,,,,,,,,,,,,,,,,,,,,,,,,False,,,nan,nan,nan,nan,False,,,nan,nan,,,,,[],nan,,,nan,nan,nan,nan,,nan,nan,nan,0.0012030959972984716,nan,nan,0.0012030959972984716,0.0012031253848123942,0.0012030959972984716,nan,constrained_jones_peb,constrained,0.0012030959972984716,nan,0.0012031253848123942,4.0,4.0,0.0,76.97442076595499,76.97132639814663,nan,True,False,disabled,nan,nan,5.531648889177156e-15,13.639386847059306,nan,True,False,2f009590b628473d7acf259cec76359e96ba2256fe333ef7c1514fe7022a67d5,1.191222589099843,computed_unscaled,cpu,nan,nan,nan,,,,,,,,nan,nan,nan,nan,nan,nan,False,,,,,,,,,nan,nan,nan,nan,,,,[],False,nan,nan,nan,,,nan,nan,nan,False,nan,,,False,,nan,nan,,,nan,nan,nan,False,nan,,,,False,nan,nan,,nan,nan,,,legacy_multistart,
fig4,scalar_peb,13,634888206,-10.0,snr_db,-10.0,3,3,3,3,scalar,634888206,fixed_full6d_reference_sigma2,full_6d,2.0455692554871043,46d64d14e6775bdc,False,,17.554462681058794,nan,nan,nan,nan,nan,nan,False,,,,False,,,,,,,,,,,,,,,,,,,,,,,,False,,,nan,nan,nan,nan,False,,,nan,nan,,,,,[],nan,,,nan,nan,nan,nan,,nan,nan,nan,0.03243231364565775,0.03243231364565775,nan,nan,0.03243231364565775,0.00117892358535892,nan,free_jones_peb,free,0.00117892358535892,nan,0.03243231364565775,4.0,4.0,0.0,228.92092859512792,80.72926238998195,nan,True,False,disabled,nan,nan,4.216103323925087e-15,752345.6204504068,nan,True,False,5358f617ab6e11e51370801f8d483ef17e5809c950b3c1c6d6e36d71c5ada3b5,2.0455692554871043,computed_unscaled,cpu,nan,nan,nan,,,,,,,,nan,nan,nan,nan,nan,nan,False,,,,,,,,,nan,nan,nan,nan,,,,[],False,nan,nan,nan,,,nan,nan,nan,False,nan,,,False,,nan,nan,,,nan,nan,nan,False,nan,,,,False,nan,nan,,nan,nan,,,legacy_multistart,
fig4,dual_pol_peb,13,634888206,-10.0,snr_db,-10.0,3,3,3,3,dual_pol,634888206,fixed_full6d_reference_sigma2,full_6d,2.0455692554871043,46d64d14e6775bdc,False,,17.130759719060734,nan,nan,nan,nan,nan,nan,False,,,,False,,,,,,,,,,,,,,,,,,,,,,,,False,,,nan,nan,nan,nan,False,,,nan,nan,,,,,[],nan,,,nan,nan,nan,nan,,nan,nan,nan,0.0030591359614182898,nan,0.0030591359614182898,nan,0.0030591359614182898,0.00117892358535892,nan,free_jones_peb,free,0.00117892358535892,nan,0.0030591359614182898,4.0,4.0,0.0,81.0653921725266,80.72926238998195,nan,True,False,disabled,nan,nan,8.331725063241612e-15,642065.3344959628,nan,True,False,db976f24e57a093ba83688330b962fc1ee3cc0995192f3bc3ecdf3cd55142780,2.0455692554871043,computed_unscaled,cpu,nan,nan,nan,,,,,,,,nan,nan,nan,nan,nan,nan,False,,,,,,,,,nan,nan,nan,nan,,,,[],False,nan,nan,nan,,,nan,nan,nan,False,nan,,,False,,nan,nan,,,nan,nan,nan,False,nan,,,,False,nan,nan,,nan,nan,,,legacy_multistart,
fig4,full_6d_evs_peb,13,634888206,-10.0,snr_db,-10.0,3,3,3,3,full_6d,634888206,fixed_full6d_reference_sigma2,full_6d,2.0455692554871043,46d64d14e6775bdc,False,,17.320992165012285,nan,nan,nan,nan,nan,nan,False,,,,False,,,,,,,,,,,,,,,,,,,,,,,,False,,,nan,nan,nan,nan,False,,,nan,nan,,,,,[],nan,,,nan,nan,nan,nan,,nan,nan,nan,0.0011789249478039749,nan,nan,0.0011789249478039749,0.0011789249478039749,0.00117892358535892,nan,free_jones_peb,free,0.00117892358535892,nan,0.0011789249478039749,4.0,4.0,0.0,80.73361776993532,80.72926238998195,nan,True,False,disabled,nan,nan,4.232849037151061e-15,0.4336534917529655,nan,True,False,11da97468c8b90c59dcc518746f48f2217739b6c2c3deec78f2d1177de9045c5,2.0455692554871043,computed_unscaled,cpu,nan,nan,nan,,,,,,,,nan,nan,nan,nan,nan,nan,False,,,,,,,,,nan,nan,nan,nan,,,,[],False,nan,nan,nan,,,nan,nan,nan,False,nan,,,False,,nan,nan,,,nan,nan,nan,False,nan,,,,False,nan,nan,,nan,nan,,,legacy_multistart,
fig4,full_6d_constrained_jones_peb,13,634888206,-10.0,snr_db,-10.0,3,3,3,3,full_6d,634888206,fixed_full6d_reference_sigma2,full_6d,2.0455692554871043,46d64d14e6775bdc,False,,0.0014429229777306318,nan,nan,nan,nan,nan,nan,False,,,,False,,,,,,,,,,,,,,,,,,,,,,,,False,,,nan,nan,nan,nan,False,,,nan,nan,,,,,[],nan,,,nan,nan,nan,nan,,nan,nan,nan,0.00117892358535892,nan,nan,0.00117892358535892,0.0011789249478039749,0.00117892358535892,nan,constrained_jones_peb,constrained,0.00117892358535892,nan,0.0011789249478039749,4.0,4.0,0.0,80.73361776993532,80.72926238998195,nan,True,False,disabled,nan,nan,4.232849037151061e-15,0.4336534917529655,nan,True,False,11da97468c8b90c59dcc518746f48f2217739b6c2c3deec78f2d1177de9045c5,2.0455692554871043,computed_unscaled,cpu,nan,nan,nan,,,,,,,,nan,nan,nan,nan,nan,nan,False,,,,,,,,,nan,nan,nan,nan,,,,[],False,nan,nan,nan,,,nan,nan,nan,False,nan,,,False,,nan,nan,,,nan,nan,nan,False,nan,,,,False,nan,nan,,nan,nan,,,legacy_multistart,
fig4,scalar_peb,8,641399591,-10.0,snr_db,-10.0,3,3,3,3,scalar,641399591,fixed_full6d_reference_sigma2,full_6d,2.254925735329804,853fec91cdc84d3e,False,,17.652810173109174,nan,nan,nan,nan,nan,nan,False,,,,False,,,,,,,,,,,,,,,,,,,,,,,,False,,,nan,nan,nan,nan,False,,,nan,nan,,,,,[],nan,,,nan,nan,nan,nan,,nan,nan,nan,0.032744153592427695,0.032744153592427695,nan,nan,0.032744153592427695,0.0010985846303863225,nan,free_jones_peb,free,0.0010985846303863225,nan,0.032744153592427695,4.0,4.0,0.0,114.52146509670158,78.37377137224921,nan,True,False,disabled,nan,nan,5.824253499199208e-15,852925.2148705176,nan,True,False,a732f6c1b505dd31abfe1f8ad599e32fbecdf22d475326329e10dadf9f1da568,2.254925735329804,computed_unscaled,cpu,nan,nan,nan,,,,,,,,nan,nan,nan,nan,nan,nan,False,,,,,,,,,nan,nan,nan,nan,,,,[],False,nan,nan,nan,,,nan,nan,nan,False,nan,,,False,,nan,nan,,,nan,nan,nan,False,nan,,,,False,nan,nan,,nan,nan,,,legacy_multistart,
fig4,dual_pol_peb,8,641399591,-10.0,snr_db,-10.0,3,3,3,3,dual_pol,641399591,fixed_full6d_reference_sigma2,full_6d,2.254925735329804,853fec91cdc84d3e,False,,17.35951203480363,nan,nan,nan,nan,nan,nan,False,,,,False,,,,,,,,,,,,,,,,,,,,,,,,False,,,nan,nan,nan,nan,False,,,nan,nan,,,,,[],nan,,,nan,nan,nan,nan,,nan,nan,nan,0.0033204383365842863,nan,0.0033204383365842863,nan,0.0033204383365842863,0.0010985846303863225,nan,free_jones_peb,free,0.0010985846303863225,nan,0.0033204383365842863,4.0,4.0,0.0,85.41819406523517,78.37377137224921,nan,True,False,disabled,nan,nan,5.728825845587925e-15,751703.7928673055,nan,True,False,9fa4b482586f33d958d2f91e29f91c27faeb030ad582eb158d921de6dbd0acce,2.254925735329804,computed_unscaled,cpu,nan,nan,nan,,,,,,,,nan,nan,nan,nan,nan,nan,False,,,,,,,,,nan,nan,nan,nan,,,,[],False,nan,nan,nan,,,nan,nan,nan,False,nan,,,False,,nan,nan,,,nan,nan,nan,False,nan,,,,False,nan,nan,,nan,nan,,,legacy_multistart,
fig4,full_6d_evs_peb,8,641399591,-10.0,snr_db,-10.0,3,3,3,3,full_6d,641399591,fixed_full6d_reference_sigma2,full_6d,2.254925735329804,853fec91cdc84d3e,False,,17.392348480876535,nan,nan,nan,nan,nan,nan,False,,,,False,,,,,,,,,,,,,,,,,,,,,,,,False,,,nan,nan,nan,nan,False,,,nan,nan,,,,,[],nan,,,nan,nan,nan,nan,,nan,nan,nan,0.0010986110724718816,nan,nan,0.0010986110724718816,0.0010986110724718816,0.0010985846303863225,nan,free_jones_peb,free,0.0010985846303863225,nan,0.0010986110724718816,4.0,4.0,0.0,78.37658416776922,78.37377137224921,nan,True,False,disabled,nan,nan,9.174851880356162e-15,7.407553602580434,nan,True,False,e032c9cb8462fea3417aadc651e10a3437190e0cacf3ab5bdc4b175ff7382e20,2.254925735329804,computed_unscaled,cpu,nan,nan,nan,,,,,,,,nan,nan,nan,nan,nan,nan,False,,,,,,,,,nan,nan,nan,nan,,,,[],False,nan,nan,nan,,,nan,nan,nan,False,nan,,,False,,nan,nan,,,nan,nan,nan,False,nan,,,,False,nan,nan,,nan,nan,,,legacy_multistart,
fig4,full_6d_constrained_jones_peb,8,641399591,-10.0,snr_db,-10.0,3,3,3,3,full_6d,641399591,fixed_full6d_reference_sigma2,full_6d,2.254925735329804,853fec91cdc84d3e,False,,0.0014995441306382418,nan,nan,nan,nan,nan,nan,False,,,,False,,,,,,,,,,,,,,,,,,,,,,,,False,,,nan,nan,nan,nan,False,,,nan,nan,,,,,[],nan,,,nan,nan,nan,nan,,nan,nan,nan,0.0010985846303863225,nan,nan,0.0010985846303863225,0.0010986110724718816,0.0010985846303863225,nan,constrained_jones_peb,constrained,0.0010985846303863225,nan,0.0010986110724718816,4.0,4.0,0.0,78.37658416776922,78.37377137224921,nan,True,False,disabled,nan,nan,9.174851880356162e-15,7.407553602580434,nan,True,False,e032c9cb8462fea3417aadc651e10a3437190e0cacf3ab5bdc4b175ff7382e20,2.254925735329804,computed_unscaled,cpu,nan,nan,nan,,,,,,,,nan,nan,nan,nan,nan,nan,False,,,,,,,,,nan,nan,nan,nan,,,,[],False,nan,nan,nan,,,nan,nan,nan,False,nan,,,False,,nan,nan,,,nan,nan,nan,False,nan,,,,False,nan,nan,,nan,nan,,,legacy_multistart,
fig4,scalar_peb,20,3607282624,-10.0,snr_db,-10.0,3,3,3,3,scalar,3607282624,fixed_full6d_reference_sigma2,full_6d,5.720556931745366,4ca6e6fac4663273,False,,17.648723375052214,nan,nan,nan,nan,nan,nan,False,,,,False,,,,,,,,,,,,,,,,,,,,,,,,False,,,nan,nan,nan,nan,False,,,nan,nan,,,,,[],nan,,,nan,nan,nan,nan,,nan,nan,nan,0.03560714740742389,0.03560714740742389,nan,nan,0.03560714740742389,0.0010675707394601768,nan,free_jones_peb,free,0.0010675707394601768,nan,0.03560714740742389,4.0,4.0,0.0,140.8525361239948,65.4448071541563,nan,True,False,disabled,nan,nan,5.107071793603379e-15,857908.1012020892,nan,True,False,d55a112d2b0e8a5bbe2e9ebbc09713c232ec12817530458a0e96df3c2ffa5f97,5.720556931745366,computed_unscaled,cpu,nan,nan,nan,,,,,,,,nan,nan,nan,nan,nan,nan,False,,,,,,,,,nan,nan,nan,nan,,,,[],False,nan,nan,nan,,,nan,nan,nan,False,nan,,,False,,nan,nan,,,nan,nan,nan,False,nan,,,,False,nan,nan,,nan,nan,,,legacy_multistart,
fig4,dual_pol_peb,20,3607282624,-10.0,snr_db,-10.0,3,3,3,3,dual_pol,3607282624,fixed_full6d_reference_sigma2,full_6d,5.720556931745366,4ca6e6fac4663273,False,,17.387912456179038,nan,nan,nan,nan,nan,nan,False,,,,False,,,,,,,,,,,,,,,,,,,,,,,,False,,,nan,nan,nan,nan,False,,,nan,nan,,,,,[],nan,,,nan,nan,nan,nan,,nan,nan,nan,0.0025098025287818458,nan,0.0025098025287818458,nan,0.0025098025287818458,0.0010675707394601768,nan,free_jones_peb,free,0.0010675707394601768,nan,0.0025098025287818458,4.0,4.0,0.0,65.94175143404574,65.4448071541563,nan,True,False,disabled,nan,nan,3.437756680467518e-15,705984.7828150417,nan,True,False,69f791d10fa1c5e844325c11b57a310bf435d47976592123c61e7bd2e017cefc,5.720556931745366,computed_unscaled,cpu,nan,nan,nan,,,,,,,,nan,nan,nan,nan,nan,nan,False,,,,,,,,,nan,nan,nan,nan,,,,[],False,nan,nan,nan,,,nan,nan,nan,False,nan,,,False,,nan,nan,,,nan,nan,nan,False,nan,,,,False,nan,nan,,nan,nan,,,legacy_multistart,
fig4,full_6d_evs_peb,20,3607282624,-10.0,snr_db,-10.0,3,3,3,3,full_6d,3607282624,fixed_full6d_reference_sigma2,full_6d,5.720556931745366,4ca6e6fac4663273,False,,17.386756144929677,nan,nan,nan,nan,nan,nan,False,,,,False,,,,,,,,,,,,,,,,,,,,,,,,False,,,nan,nan,nan,nan,False,,,nan,nan,,,,,[],nan,,,nan,nan,nan,nan,,nan,nan,nan,0.00106757230283559,nan,nan,0.00106757230283559,0.00106757230283559,0.0010675707394601768,nan,free_jones_peb,free,0.0010675707394601768,nan,0.00106757230283559,4.0,4.0,0.0,65.44704181364826,65.4448071541563,nan,True,False,disabled,nan,nan,4.671265076299034e-15,0.15190933379821406,nan,True,False,614c1d5045ebcd05d85977496f662de337f9fdc3d750d62d2ed64ea91c25b070,5.720556931745366,computed_unscaled,cpu,nan,nan,nan,,,,,,,,nan,nan,nan,nan,nan,nan,False,,,,,,,,,nan,nan,nan,nan,,,,[],False,nan,nan,nan,,,nan,nan,nan,False,nan,,,False,,nan,nan,,,nan,nan,nan,False,nan,,,,False,nan,nan,,nan,nan,,,legacy_multistart,
fig4,full_6d_constrained_jones_peb,20,3607282624,-10.0,snr_db,-10.0,3,3,3,3,full_6d,3607282624,fixed_full6d_reference_sigma2,full_6d,5.720556931745366,4ca6e6fac4663273,False,,0.0015093281399458647,nan,nan,nan,nan,nan,nan,False,,,,False,,,,,,,,,,,,,,,,,,,,,,,,False,,,nan,nan,nan,nan,False,,,nan,nan,,,,,[],nan,,,nan,nan,nan,nan,,nan,nan,nan,0.0010675707394601768,nan,nan,0.0010675707394601768,0.00106757230283559,0.0010675707394601768,nan,constrained_jones_peb,constrained,0.0010675707394601768,nan,0.00106757230283559,4.0,4.0,0.0,65.44704181364826,65.4448071541563,nan,True,False,disabled,nan,nan,4.671265076299034e-15,0.15190933379821406,nan,True,False,614c1d5045ebcd05d85977496f662de337f9fdc3d750d62d2ed64ea91c25b070,5.720556931745366,computed_unscaled,cpu,nan,nan,nan,,,,,,,,nan,nan,nan,nan,nan,nan,False,,,,,,,,,nan,nan,nan,nan,,,,[],False,nan,nan,nan,,,nan,nan,nan,False,nan,,,False,,nan,nan,,,nan,nan,nan,False,nan,,,,False,nan,nan,,nan,nan,,,legacy_multistart,
fig4,scalar_peb,0,3147786918,-5.0,snr_db,-5.0,3,3,3,3,scalar,3147786918,fixed_full6d_reference_sigma2,full_6d,1.2536941931437522,3ea0319ee1968d0d,False,,10.331646167906001,nan,nan,nan,nan,nan,nan,False,,,,False,,,,,,,,,,,,,,,,,,,,,,,,False,,,nan,nan,nan,nan,False,,,nan,nan,,,,,[],nan,,,nan,nan,nan,nan,,nan,nan,nan,0.020794807936784093,0.020794807936784093,nan,nan,0.020794807936784093,0.0006350521878692463,nan,free_jones_peb,free,0.0006350521878692463,nan,0.020794807936784093,4.0,4.0,0.0,109.80760458159129,69.84558422826326,nan,True,False,disabled,nan,nan,1.2504260718640696e-14,2596726.2702244716,nan,True,False,cd96a98a06084da1d3e00a46ddfc6c9c51a558c9423886cb8941ee6de2c16ba9,1.2536941931437522,computed_unscaled,cpu,nan,nan,nan,,,,,,,,nan,nan,nan,nan,nan,nan,False,,,,,,,,,nan,nan,nan,nan,,,,[],False,nan,nan,nan,,,nan,nan,nan,False,nan,,,False,,nan,nan,,,nan,nan,nan,False,nan,,,,False,nan,nan,,nan,nan,,,legacy_multistart,
fig4,dual_pol_peb,0,3147786918,-5.0,snr_db,-5.0,3,3,3,3,dual_pol,3147786918,fixed_full6d_reference_sigma2,full_6d,1.2536941931437522,3ea0319ee1968d0d,False,,9.837837084895,nan,nan,nan,nan,nan,nan,False,,,,False,,,,,,,,,,,,,,,,,,,,,,,,False,,,nan,nan,nan,nan,False,,,nan,nan,,,,,[],nan,,,nan,nan,nan,nan,,nan,nan,nan,0.002809508832135507,nan,0.002809508832135507,nan,0.002809508832135507,0.0006350521878692463,nan,free_jones_peb,free,0.0006350521878692463,nan,0.002809508832135507,4.0,4.0,0.0,74.38377110368795,69.84558422826326,nan,True,False,disabled,nan,nan,8.867967916285228e-15,2459169.0364984595,nan,True,False,8dc4f470547f71c7bbbfab20d66331fe815668d9c9eb7a3dceadd43db18a7ee2,1.2536941931437522,computed_unscaled,cpu,nan,nan,nan,,,,,,,,nan,nan,nan,nan,nan,nan,False,,,,,,,,,nan,nan,nan,nan,,,,[],False,nan,nan,nan,,,nan,nan,nan,False,nan,,,False,,nan,nan,,,nan,nan,nan,False,nan,,,,False,nan,nan,,nan,nan,,,legacy_multistart,
fig4,full_6d_evs_peb,0,3147786918,-5.0,snr_db,-5.0,3,3,3,3,full_6d,3147786918,fixed_full6d_reference_sigma2,full_6d,1.2536941931437522,3ea0319ee1968d0d,False,,10.240093437954783,nan,nan,nan,nan,nan,nan,False,,,,False,,,,,,,,,,,,,,,,,,,,,,,,False,,,nan,nan,nan,nan,False,,,nan,nan,,,,,[],nan,,,nan,nan,nan,nan,,nan,nan,nan,0.0006350613982890841,nan,nan,0.0006350613982890841,0.0006350613982890841,0.0006350521878692463,nan,free_jones_peb,free,0.0006350521878692463,nan,0.0006350613982890841,4.0,4.0,0.0,69.8480176162855,69.84558422826326,nan,True,False,disabled,nan,nan,7.0721567631052475e-15,10.783484721518606,nan,True,False,7c738a48c71d396c30709f16037cef480e872ff8eba0c095999cea8980974cb0,1.2536941931437522,computed_unscaled,cpu,nan,nan,nan,,,,,,,,nan,nan,nan,nan,nan,nan,False,,,,,,,,,nan,nan,nan,nan,,,,[],False,nan,nan,nan,,,nan,nan,nan,False,nan,,,False,,nan,nan,,,nan,nan,nan,False,nan,,,,False,nan,nan,,nan,nan,,,legacy_multistart,
fig4,full_6d_constrained_jones_peb,0,3147786918,-5.0,snr_db,-5.0,3,3,3,3,full_6d,3147786918,fixed_full6d_reference_sigma2,full_6d,1.2536941931437522,3ea0319ee1968d0d,False,,0.0013610669411718845,nan,nan,nan,nan,nan,nan,False,,,,False,,,,,,,,,,,,,,,,,,,,,,,,False,,,nan,nan,nan,nan,False,,,nan,nan,,,,,[],nan,,,nan,nan,nan,nan,,nan,nan,nan,0.0006350521878692463,nan,nan,0.0006350521878692463,0.0006350613982890841,0.0006350521878692463,nan,constrained_jones_peb,constrained,0.0006350521878692463,nan,0.0006350613982890841,4.0,4.0,0.0,69.8480176162855,69.84558422826326,nan,True,False,disabled,nan,nan,7.0721567631052475e-15,10.783484721518606,nan,True,False,7c738a48c71d396c30709f16037cef480e872ff8eba0c095999cea8980974cb0,1.2536941931437522,computed_unscaled,cpu,nan,nan,nan,,,,,,,,nan,nan,nan,nan,nan,nan,False,,,,,,,,,nan,nan,nan,nan,,,,[],False,nan,nan,nan,,,nan,nan,nan,False,nan,,,False,,nan,nan,,,nan,nan,nan,False,nan,,,,False,nan,nan,,nan,nan,,,legacy_multistart,
fig4,scalar_peb,2,3251202663,-5.0,snr_db,-5.0,3,3,3,3,scalar,3251202663,fixed_full6d_reference_sigma2,full_6d,0.7232309866643089,7a405a9cd2fc7e84,False,,12.327390810009092,nan,nan,nan,nan,nan,nan,False,,,,False,,,,,,,,,,,,,,,,,,,,,,,,False,,,nan,nan,nan,nan,False,,,nan,nan,,,,,[],nan,,,nan,nan,nan,nan,,nan,nan,nan,0.020330591308706205,0.020330591308706205,nan,nan,0.020330591308706205,0.0006210374083920965,nan,free_jones_peb,free,0.0006210374083920965,nan,0.020330591308706205,4.0,4.0,0.0,101.20470028285686,73.85928344231222,nan,True,False,disabled,nan,nan,6.982857906720933e-15,2662077.1269945055,nan,True,False,fa5a9a3e4ae7e1f83c84d4ef54f3477dae4ed75bbb1629c6c35e848a02dfe917,0.7232309866643089,computed_unscaled,cpu,nan,nan,nan,,,,,,,,nan,nan,nan,nan,nan,nan,False,,,,,,,,,nan,nan,nan,nan,,,,[],False,nan,nan,nan,,,nan,nan,nan,False,nan,,,False,,nan,nan,,,nan,nan,nan,False,nan,,,,False,nan,nan,,nan,nan,,,legacy_multistart,
fig4,dual_pol_peb,2,3251202663,-5.0,snr_db,-5.0,3,3,3,3,dual_pol,3251202663,fixed_full6d_reference_sigma2,full_6d,0.7232309866643089,7a405a9cd2fc7e84,False,,10.236578455194831,nan,nan,nan,nan,nan,nan,False,,,,False,,,,,,,,,,,,,,,,,,,,,,,,False,,,nan,nan,nan,nan,False,,,nan,nan,,,,,[],nan,,,nan,nan,nan,nan,,nan,nan,nan,0.0021504181935390553,nan,0.0021504181935390553,nan,0.0021504181935390553,0.0006210374083920965,nan,free_jones_peb,free,0.0006210374083920965,nan,0.0021504181935390553,4.0,4.0,0.0,77.70841776980222,73.85928344231222,nan,True,False,disabled,nan,nan,4.7522250076750585e-15,2436743.375751593,nan,True,False,27b563e44bef6f7dd3fc9a70bc5f4d1231809ee95ff3fa9cf53394b15b7ee739,0.7232309866643089,computed_unscaled,cpu,nan,nan,nan,,,,,,,,nan,nan,nan,nan,nan,nan,False,,,,,,,,,nan,nan,nan,nan,,,,[],False,nan,nan,nan,,,nan,nan,nan,False,nan,,,False,,nan,nan,,,nan,nan,nan,False,nan,,,,False,nan,nan,,nan,nan,,,legacy_multistart,
fig4,full_6d_evs_peb,2,3251202663,-5.0,snr_db,-5.0,3,3,3,3,full_6d,3251202663,fixed_full6d_reference_sigma2,full_6d,0.7232309866643089,7a405a9cd2fc7e84,False,,9.90825062803924,nan,nan,nan,nan,nan,nan,False,,,,False,,,,,,,,,,,,,,,,,,,,,,,,False,,,nan,nan,nan,nan,False,,,nan,nan,,,,,[],nan,,,nan,nan,nan,nan,,nan,nan,nan,0.000621051741220573,nan,nan,0.000621051741220573,0.000621051741220573,0.0006210374083920965,nan,free_jones_peb,free,0.0006210374083920965,nan,0.000621051741220573,4.0,4.0,0.0,73.86011818264654,73.85928344231222,nan,True,False,disabled,nan,nan,2.9114136955738346e-15,61.15585456369148,nan,True,False,ba669d51e548d5d57a5c08da45514e8eda76ee1a2847f0b8bc91639b42fa1215,0.7232309866643089,computed_unscaled,cpu,nan,nan,nan,,,,,,,,nan,nan,nan,nan,nan,nan,False,,,,,,,,,nan,nan,nan,nan,,,,[],False,nan,nan,nan,,,nan,nan,nan,False,nan,,,False,,nan,nan,,,nan,nan,nan,False,nan,,,,False,nan,nan,,nan,nan,,,legacy_multistart,
fig4,full_6d_constrained_jones_peb,2,3251202663,-5.0,snr_db,-5.0,3,3,3,3,full_6d,3251202663,fixed_full6d_reference_sigma2,full_6d,0.7232309866643089,7a405a9cd2fc7e84,False,,0.0012348669115453959,nan,nan,nan,nan,nan,nan,False,,,,False,,,,,,,,,,,,,,,,,,,,,,,,False,,,nan,nan,nan,nan,False,,,nan,nan,,,,,[],nan,,,nan,nan,nan,nan,,nan,nan,nan,0.0006210374083920965,nan,nan,0.0006210374083920965,0.000621051741220573,0.0006210374083920965,nan,constrained_jones_peb,constrained,0.0006210374083920965,nan,0.000621051741220573,4.0,4.0,0.0,73.86011818264654,73.85928344231222,nan,True,False,disabled,nan,nan,2.9114136955738346e-15,61.15585456369148,nan,True,False,ba669d51e548d5d57a5c08da45514e8eda76ee1a2847f0b8bc91639b42fa1215,0.7232309866643089,computed_unscaled,cpu,nan,nan,nan,,,,,,,,nan,nan,nan,nan,nan,nan,False,,,,,,,,,nan,nan,nan,nan,,,,[],False,nan,nan,nan,,,nan,nan,nan,False,nan,,,False,,nan,nan,,,nan,nan,nan,False,nan,,,,False,nan,nan,,nan,nan,,,legacy_multistart,
fig4,scalar_peb,4,287230138,-5.0,snr_db,-5.0,3,3,3,3,scalar,287230138,fixed_full6d_reference_sigma2,full_6d,1.5632980080685457,b9a8e13c9947281e,False,,11.145410737022758,nan,nan,nan,nan,nan,nan,False,,,,False,,,,,,,,,,,,,,,,,,,,,,,,False,,,nan,nan,nan,nan,False,,,nan,nan,,,,,[],nan,,,nan,nan,nan,nan,,nan,nan,nan,0.01702529867351738,0.01702529867351738,nan,nan,0.01702529867351738,0.0005643376787388382,nan,free_jones_peb,free,0.0005643376787388382,nan,0.01702529867351738,4.0,4.0,0.0,109.10580716526098,76.13476668992479,nan,True,False,disabled,nan,nan,3.2242891036947203e-15,2910641.6248843377,nan,True,False,3a97bf21da1a2141f67aadd557c78cf8b0d89e00d7c8ece8feadcfc10ca8c45e,1.5632980080685457,computed_unscaled,cpu,nan,nan,nan,,,,,,,,nan,nan,nan,nan,nan,nan,False,,,,,,,,,nan,nan,nan,nan,,,,[],False,nan,nan,nan,,,nan,nan,nan,False,nan,,,False,,nan,nan,,,nan,nan,nan,False,nan,,,,False,nan,nan,,nan,nan,,,legacy_multistart,
fig4,dual_pol_peb,4,287230138,-5.0,snr_db,-5.0,3,3,3,3,dual_pol,287230138,fixed_full6d_reference_sigma2,full_6d,1.5632980080685457,b9a8e13c9947281e,False,,10.519215632928535,nan,nan,nan,nan,nan,nan,False,,,,False,,,,,,,,,,,,,,,,,,,,,,,,False,,,nan,nan,nan,nan,False,,,nan,nan,,,,,[],nan,,,nan,nan,nan,nan,,nan,nan,nan,0.0013637655832566503,nan,0.0013637655832566503,nan,0.0013637655832566503,0.0005643376787388382,nan,free_jones_peb,free,0.0005643376787388382,nan,0.0013637655832566503,4.0,4.0,0.0,73.98742361562095,76.13476668992479,nan,True,False,disabled,nan,nan,4.5430005505835525e-15,2395220.735246023,nan,True,False,4fe9f0bc21454d08b4befb801e7720d31b4f6c31543dd0044b72da8dd29691d1,1.5632980080685457,computed_unscaled,cpu,nan,nan,nan,,,,,,,,nan,nan,nan,nan,nan,nan,False,,,,,,,,,nan,nan,nan,nan,,,,[],False,nan,nan,nan,,,nan,nan,nan,False,nan,,,False,,nan,nan,,,nan,nan,nan,False,nan,,,,False,nan,nan,,nan,nan,,,legacy_multistart,
fig4,full_6d_evs_peb,4,287230138,-5.0,snr_db,-5.0,3,3,3,3,full_6d,287230138,fixed_full6d_reference_sigma2,full_6d,1.5632980080685457,b9a8e13c9947281e,False,,9.32623981893994,nan,nan,nan,nan,nan,nan,False,,,,False,,,,,,,,,,,,,,,,,,,,,,,,False,,,nan,nan,nan,nan,False,,,nan,nan,,,,,[],nan,,,nan,nan,nan,nan,,nan,nan,nan,0.0005643399933614378,nan,nan,0.0005643399933614378,0.0005643399933614378,0.0005643376787388382,nan,free_jones_peb,free,0.0005643376787388382,nan,0.0005643399933614378,4.0,4.0,0.0,76.14182004282642,76.13476668992479,nan,True,False,disabled,nan,nan,1.5627410650206088e-14,1.9015537794814448,nan,True,False,72d5586e1e2071d827e37c0d5029359210d7878b9ab9d369f2c38d0e300801aa,1.5632980080685457,computed_unscaled,cpu,nan,nan,nan,,,,,,,,nan,nan,nan,nan,nan,nan,False,,,,,,,,,nan,nan,nan,nan,,,,[],False,nan,nan,nan,,,nan,nan,nan,False,nan,,,False,,nan,nan,,,nan,nan,nan,False,nan,,,,False,nan,nan,,nan,nan,,,legacy_multistart,
fig4,full_6d_constrained_jones_peb,4,287230138,-5.0,snr_db,-5.0,3,3,3,3,full_6d,287230138,fixed_full6d_reference_sigma2,full_6d,1.5632980080685457,b9a8e13c9947281e,False,,0.0013734360691159964,nan,nan,nan,nan,nan,nan,False,,,,False,,,,,,,,,,,,,,,,,,,,,,,,False,,,nan,nan,nan,nan,False,,,nan,nan,,,,,[],nan,,,nan,nan,nan,nan,,nan,nan,nan,0.0005643376787388382,nan,nan,0.0005643376787388382,0.0005643399933614378,0.0005643376787388382,nan,constrained_jones_peb,constrained,0.0005643376787388382,nan,0.0005643399933614378,4.0,4.0,0.0,76.14182004282642,76.13476668992479,nan,True,False,disabled,nan,nan,1.5627410650206088e-14,1.9015537794814448,nan,True,False,72d5586e1e2071d827e37c0d5029359210d7878b9ab9d369f2c38d0e300801aa,1.5632980080685457,computed_unscaled,cpu,nan,nan,nan,,,,,,,,nan,nan,nan,nan,nan,nan,False,,,,,,,,,nan,nan,nan,nan,,,,[],False,nan,nan,nan,,,nan,nan,nan,False,nan,,,False,,nan,nan,,,nan,nan,nan,False,nan,,,,False,nan,nan,,nan,nan,,,legacy_multistart,
fig4,scalar_peb,3,3422926171,-5.0,snr_db,-5.0,3,3,3,3,scalar,3422926171,fixed_full6d_reference_sigma2,full_6d,0.8793113035534897,aeebaa3c1977d7de,False,,12.787970751989633,nan,nan,nan,nan,nan,nan,False,,,,False,,,,,,,,,,,,,,,,,,,,,,,,False,,,nan,nan,nan,nan,False,,,nan,nan,,,,,[],nan,,,nan,nan,nan,nan,,nan,nan,nan,0.01959660564954556,0.01959660564954556,nan,nan,0.01959660564954556,0.0006147101640994572,nan,free_jones_peb,free,0.0006147101640994572,nan,0.01959660564954556,4.0,4.0,0.0,104.50572595812713,79.32568453893884,nan,True,False,disabled,nan,nan,3.866432868023908e-15,2700065.001405575,nan,True,False,6d2b6f9de96b8591d5302f64424683a02c9496c3cee2815dc2956f0c1ed3f810,0.8793113035534897,computed_unscaled,cpu,nan,nan,nan,,,,,,,,nan,nan,nan,nan,nan,nan,False,,,,,,,,,nan,nan,nan,nan,,,,[],False,nan,nan,nan,,,nan,nan,nan,False,nan,,,False,,nan,nan,,,nan,nan,nan,False,nan,,,,False,nan,nan,,nan,nan,,,legacy_multistart,
fig4,dual_pol_peb,3,3422926171,-5.0,snr_db,-5.0,3,3,3,3,dual_pol,3422926171,fixed_full6d_reference_sigma2,full_6d,0.8793113035534897,aeebaa3c1977d7de,False,,13.052645613905042,nan,nan,nan,nan,nan,nan,False,,,,False,,,,,,,,,,,,,,,,,,,,,,,,False,,,nan,nan,nan,nan,False,,,nan,nan,,,,,[],nan,,,nan,nan,nan,nan,,nan,nan,nan,0.001651495099250545,nan,0.001651495099250545,nan,0.001651495099250545,0.0006147101640994572,nan,free_jones_peb,free,0.0006147101640994572,nan,0.001651495099250545,4.0,4.0,0.0,79.39545670317153,79.32568453893884,nan,True,False,disabled,nan,nan,7.030271726129736e-15,2330092.5229481137,nan,True,False,f77eeba51e4c29f45760a30757cde728bf1f86a0a513fc49d764f003ded781c7,0.8793113035534897,computed_unscaled,cpu,nan,nan,nan,,,,,,,,nan,nan,nan,nan,nan,nan,False,,,,,,,,,nan,nan,nan,nan,,,,[],False,nan,nan,nan,,,nan,nan,nan,False,nan,,,False,,nan,nan,,,nan,nan,nan,False,nan,,,,False,nan,nan,,nan,nan,,,legacy_multistart,
fig4,full_6d_evs_peb,3,3422926171,-5.0,snr_db,-5.0,3,3,3,3,full_6d,3422926171,fixed_full6d_reference_sigma2,full_6d,0.8793113035534897,aeebaa3c1977d7de,False,,13.084325373871252,nan,nan,nan,nan,nan,nan,False,,,,False,,,,,,,,,,,,,,,,,,,,,,,,False,,,nan,nan,nan,nan,False,,,nan,nan,,,,,[],nan,,,nan,nan,nan,nan,,nan,nan,nan,0.0006147117865929228,nan,nan,0.0006147117865929228,0.0006147117865929228,0.0006147101640994572,nan,free_jones_peb,free,0.0006147101640994572,nan,0.0006147117865929228,4.0,4.0,0.0,79.32787446466105,79.32568453893884,nan,True,False,disabled,nan,nan,3.1530746038442787e-15,15.289334101789597,nan,True,False,36031d2b9c9618797e3e0dd10eb5c7dda8abc129f14c8c8dd5b717980768d13b,0.8793113035534897,computed_unscaled,cpu,nan,nan,nan,,,,,,,,nan,nan,nan,nan,nan,nan,False,,,,,,,,,nan,nan,nan,nan,,,,[],False,nan,nan,nan,,,nan,nan,nan,False,nan,,,False,,nan,nan,,,nan,nan,nan,False,nan,,,,False,nan,nan,,nan,nan,,,legacy_multistart,
fig4,full_6d_constrained_jones_peb,3,3422926171,-5.0,snr_db,-5.0,3,3,3,3,full_6d,3422926171,fixed_full6d_reference_sigma2,full_6d,0.8793113035534897,aeebaa3c1977d7de,False,,0.001409017015248537,nan,nan,nan,nan,nan,nan,False,,,,False,,,,,,,,,,,,,,,,,,,,,,,,False,,,nan,nan,nan,nan,False,,,nan,nan,,,,,[],nan,,,nan,nan,nan,nan,,nan,nan,nan,0.0006147101640994572,nan,nan,0.0006147101640994572,0.0006147117865929228,0.0006147101640994572,nan,constrained_jones_peb,constrained,0.0006147101640994572,nan,0.0006147117865929228,4.0,4.0,0.0,79.32787446466105,79.32568453893884,nan,True,False,disabled,nan,nan,3.1530746038442787e-15,15.289334101789597,nan,True,False,36031d2b9c9618797e3e0dd10eb5c7dda8abc129f14c8c8dd5b717980768d13b,0.8793113035534897,computed_unscaled,cpu,nan,nan,nan,,,,,,,,nan,nan,nan,nan,nan,nan,False,,,,,,,,,nan,nan,nan,nan,,,,[],False,nan,nan,nan,,,nan,nan,nan,False,nan,,,False,,nan,nan,,,nan,nan,nan,False,nan,,,,False,nan,nan,,nan,nan,,,legacy_multistart,
fig4,scalar_peb,17,2127997378,-5.0,snr_db,-5.0,3,3,3,3,scalar,2127997378,fixed_full6d_reference_sigma2,full_6d,1.265072191587295,6ebcc7239cd7c6d9,False,,10.513052822090685,nan,nan,nan,nan,nan,nan,False,,,,False,,,,,,,,,,,,,,,,,,,,,,,,False,,,nan,nan,nan,nan,False,,,nan,nan,,,,,[],nan,,,nan,nan,nan,nan,,nan,nan,nan,0.016617694079040173,0.016617694079040173,nan,nan,0.016617694079040173,0.0007114780834042232,nan,free_jones_peb,free,0.0007114780834042232,nan,0.016617694079040173,4.0,4.0,0.0,124.74317257851246,83.3328163067348,nan,True,False,disabled,nan,nan,2.953798067673869e-15,2048698.7222775053,nan,True,False,f80d1b30fabc96d829306cacd311a8dda31039fba04246ba0bb9e2c407097451,1.265072191587295,computed_unscaled,cpu,nan,nan,nan,,,,,,,,nan,nan,nan,nan,nan,nan,False,,,,,,,,,nan,nan,nan,nan,,,,[],False,nan,nan,nan,,,nan,nan,nan,False,nan,,,False,,nan,nan,,,nan,nan,nan,False,nan,,,,False,nan,nan,,nan,nan,,,legacy_multistart,
fig4,dual_pol_peb,17,2127997378,-5.0,snr_db,-5.0,3,3,3,3,dual_pol,2127997378,fixed_full6d_reference_sigma2,full_6d,1.265072191587295,6ebcc7239cd7c6d9,False,,9.721025047823787,nan,nan,nan,nan,nan,nan,False,,,,False,,,,,,,,,,,,,,,,,,,,,,,,False,,,nan,nan,nan,nan,False,,,nan,nan,,,,,[],nan,,,nan,nan,nan,nan,,nan,nan,nan,0.002182614118302075,nan,0.002182614118302075,nan,0.002182614118302075,0.0007114780834042232,nan,free_jones_peb,free,0.0007114780834042232,nan,0.002182614118302075,4.0,4.0,0.0,80.3865082342541,83.3328163067348,nan,True,False,disabled,nan,nan,2.801216232143065e-15,1835240.8999203031,nan,True,False,4b69279863936381b75eaf881fbc0666eb2ba07fa89219699aac78b513fcc887,1.265072191587295,computed_unscaled,cpu,nan,nan,nan,,,,,,,,nan,nan,nan,nan,nan,nan,False,,,,,,,,,nan,nan,nan,nan,,,,[],False,nan,nan,nan,,,nan,nan,nan,False,nan,,,False,,nan,nan,,,nan,nan,nan,False,nan,,,,False,nan,nan,,nan,nan,,,legacy_multistart,
fig4,full_6d_evs_peb,17,2127997378,-5.0,snr_db,-5.0,3,3,3,3,full_6d,2127997378,fixed_full6d_reference_sigma2,full_6d,1.265072191587295,6ebcc7239cd7c6d9,False,,9.471104961121455,nan,nan,nan,nan,nan,nan,False,,,,False,,,,,,,,,,,,,,,,,,,,,,,,False,,,nan,nan,nan,nan,False,,,nan,nan,,,,,[],nan,,,nan,nan,nan,nan,,nan,nan,nan,0.0007114826148609328,nan,nan,0.0007114826148609328,0.0007114826148609328,0.0007114780834042232,nan,free_jones_peb,free,0.0007114780834042232,nan,0.0007114826148609328,4.0,4.0,0.0,83.33708224159743,83.3328163067348,nan,True,False,disabled,nan,nan,3.464428431256158e-15,3.9104092935979735,nan,True,False,1e7e5fb979d639b775e57b8f9a2b5887da0781d1b293b718b0219c60afc7e70e,1.265072191587295,computed_unscaled,cpu,nan,nan,nan,,,,,,,,nan,nan,nan,nan,nan,nan,False,,,,,,,,,nan,nan,nan,nan,,,,[],False,nan,nan,nan,,,nan,nan,nan,False,nan,,,False,,nan,nan,,,nan,nan,nan,False,nan,,,,False,nan,nan,,nan,nan,,,legacy_multistart,
fig4,full_6d_constrained_jones_peb,17,2127997378,-5.0,snr_db,-5.0,3,3,3,3,full_6d,2127997378,fixed_full6d_reference_sigma2,full_6d,1.265072191587295,6ebcc7239cd7c6d9,False,,0.0013369829393923283,nan,nan,nan,nan,nan,nan,False,,,,False,,,,,,,,,,,,,,,,,,,,,,,,False,,,nan,nan,nan,nan,False,,,nan,nan,,,,,[],nan,,,nan,nan,nan,nan,,nan,nan,nan,0.0007114780834042232,nan,nan,0.0007114780834042232,0.0007114826148609328,0.0007114780834042232,nan,constrained_jones_peb,constrained,0.0007114780834042232,nan,0.0007114826148609328,4.0,4.0,0.0,83.33708224159743,83.3328163067348,nan,True,False,disabled,nan,nan,3.464428431256158e-15,3.9104092935979735,nan,True,False,1e7e5fb979d639b775e57b8f9a2b5887da0781d1b293b718b0219c60afc7e70e,1.265072191587295,computed_unscaled,cpu,nan,nan,nan,,,,,,,,nan,nan,nan,nan,nan,nan,False,,,,,,,,,nan,nan,nan,nan,,,,[],False,nan,nan,nan,,,nan,nan,nan,False,nan,,,False,,nan,nan,,,nan,nan,nan,False,nan,,,,False,nan,nan,,nan,nan,,,legacy_multistart,
fig4,scalar_peb,5,2290547997,-5.0,snr_db,-5.0,3,3,3,3,scalar,2290547997,fixed_full6d_reference_sigma2,full_6d,0.8633024616998022,febbf41213e56f2b,False,,13.033255682094023,nan,nan,nan,nan,nan,nan,False,,,,False,,,,,,,,,,,,,,,,,,,,,,,,False,,,nan,nan,nan,nan,False,,,nan,nan,,,,,[],nan,,,nan,nan,nan,nan,,nan,nan,nan,0.030330323676497562,0.030330323676497562,nan,nan,0.030330323676497562,0.000682269318754536,nan,free_jones_peb,free,0.000682269318754536,nan,0.030330323676497562,4.0,4.0,0.0,95.41165547853417,75.07451669325688,nan,True,False,disabled,nan,nan,4.0303291937742414e-15,2256810.8854316,nan,True,False,93ef95e20e1c131fcaa8886b0220c980cc8f80e2f6a274806efc16af2e526fa6,0.8633024616998022,computed_unscaled,cpu,nan,nan,nan,,,,,,,,nan,nan,nan,nan,nan,nan,False,,,,,,,,,nan,nan,nan,nan,,,,[],False,nan,nan,nan,,,nan,nan,nan,False,nan,,,False,,nan,nan,,,nan,nan,nan,False,nan,,,,False,nan,nan,,nan,nan,,,legacy_multistart,
fig4,dual_pol_peb,5,2290547997,-5.0,snr_db,-5.0,3,3,3,3,dual_pol,2290547997,fixed_full6d_reference_sigma2,full_6d,0.8633024616998022,febbf41213e56f2b,False,,13.048781923949718,nan,nan,nan,nan,nan,nan,False,,,,False,,,,,,,,,,,,,,,,,,,,,,,,False,,,nan,nan,nan,nan,False,,,nan,nan,,,,,[],nan,,,nan,nan,nan,nan,,nan,nan,nan,0.002243252201988542,nan,0.002243252201988542,nan,0.002243252201988542,0.000682269318754536,nan,free_jones_peb,free,0.000682269318754536,nan,0.002243252201988542,4.0,4.0,0.0,69.60947403148967,75.07451669325688,nan,True,False,disabled,nan,nan,4.351756221530142e-15,2040781.6546903802,nan,True,False,a982c7f66b3b7068e3eaf7969bceb651aa74c5682d0cb2fec69a6a1f75a15ec0,0.8633024616998022,computed_unscaled,cpu,nan,nan,nan,,,,,,,,nan,nan,nan,nan,nan,nan,False,,,,,,,,,nan,nan,nan,nan,,,,[],False,nan,nan,nan,,,nan,nan,nan,False,nan,,,False,,nan,nan,,,nan,nan,nan,False,nan,,,,False,nan,nan,,nan,nan,,,legacy_multistart,
fig4,full_6d_evs_peb,5,2290547997,-5.0,snr_db,-5.0,3,3,3,3,full_6d,2290547997,fixed_full6d_reference_sigma2,full_6d,0.8633024616998022,febbf41213e56f2b,False,,13.360046779038385,nan,nan,nan,nan,nan,nan,False,,,,False,,,,,,,,,,,,,,,,,,,,,,,,False,,,nan,nan,nan,nan,False,,,nan,nan,,,,,[],nan,,,nan,nan,nan,nan,,nan,nan,nan,0.0006822757723125929,nan,nan,0.0006822757723125929,0.0006822757723125929,0.000682269318754536,nan,free_jones_peb,free,0.000682269318754536,nan,0.0006822757723125929,4.0,4.0,0.0,75.07441184413706,75.07451669325688,nan,True,False,disabled,nan,nan,3.1996316286881677e-15,15.388855609021755,nan,True,False,38f1169f92c897947506b479f5ee71ac29695cde812eaf9f2f26b2ce8e8773e4,0.8633024616998022,computed_unscaled,cpu,nan,nan,nan,,,,,,,,nan,nan,nan,nan,nan,nan,False,,,,,,,,,nan,nan,nan,nan,,,,[],False,nan,nan,nan,,,nan,nan,nan,False,nan,,,False,,nan,nan,,,nan,nan,nan,False,nan,,,,False,nan,nan,,nan,nan,,,legacy_multistart,
fig4,full_6d_constrained_jones_peb,5,2290547997,-5.0,snr_db,-5.0,3,3,3,3,full_6d,2290547997,fixed_full6d_reference_sigma2,full_6d,0.8633024616998022,febbf41213e56f2b,False,,0.0013346699997782707,nan,nan,nan,nan,nan,nan,False,,,,False,,,,,,,,,,,,,,,,,,,,,,,,False,,,nan,nan,nan,nan,False,,,nan,nan,,,,,[],nan,,,nan,nan,nan,nan,,nan,nan,nan,0.000682269318754536,nan,nan,0.000682269318754536,0.0006822757723125929,0.000682269318754536,nan,constrained_jones_peb,constrained,0.000682269318754536,nan,0.0006822757723125929,4.0,4.0,0.0,75.07441184413706,75.07451669325688,nan,True,False,disabled,nan,nan,3.1996316286881677e-15,15.388855609021755,nan,True,False,38f1169f92c897947506b479f5ee71ac29695cde812eaf9f2f26b2ce8e8773e4,0.8633024616998022,computed_unscaled,cpu,nan,nan,nan,,,,,,,,nan,nan,nan,nan,nan,nan,False,,,,,,,,,nan,nan,nan,nan,,,,[],False,nan,nan,nan,,,nan,nan,nan,False,nan,,,False,,nan,nan,,,nan,nan,nan,False,nan,,,,False,nan,nan,,nan,nan,,,legacy_multistart,
fig4,scalar_peb,10,781873798,-5.0,snr_db,-5.0,3,3,3,3,scalar,781873798,fixed_full6d_reference_sigma2,full_6d,0.6973599880886718,a805761c7d8710db,False,,13.059564811876044,nan,nan,nan,nan,nan,nan,False,,,,False,,,,,,,,,,,,,,,,,,,,,,,,False,,,nan,nan,nan,nan,False,,,nan,nan,,,,,[],nan,,,nan,nan,nan,nan,,nan,nan,nan,0.02543482545616479,0.02543482545616479,nan,nan,0.02543482545616479,0.0006182988394949998,nan,free_jones_peb,free,0.0006182988394949998,nan,0.02543482545616479,4.0,4.0,0.0,164.01129938224236,81.19351224728513,nan,True,False,disabled,nan,nan,9.916469718110628e-15,2572197.0151501177,nan,True,False,2a559681ea222df4a4a12f614b8f338477c00adab0989e61f9882cade7d8171d,0.6973599880886718,computed_unscaled,cpu,nan,nan,nan,,,,,,,,nan,nan,nan,nan,nan,nan,False,,,,,,,,,nan,nan,nan,nan,,,,[],False,nan,nan,nan,,,nan,nan,nan,False,nan,,,False,,nan,nan,,,nan,nan,nan,False,nan,,,,False,nan,nan,,nan,nan,,,legacy_multistart,
fig4,dual_pol_peb,10,781873798,-5.0,snr_db,-5.0,3,3,3,3,dual_pol,781873798,fixed_full6d_reference_sigma2,full_6d,0.6973599880886718,a805761c7d8710db,False,,12.767998651135713,nan,nan,nan,nan,nan,nan,False,,,,False,,,,,,,,,,,,,,,,,,,,,,,,False,,,nan,nan,nan,nan,False,,,nan,nan,,,,,[],nan,,,nan,nan,nan,nan,,nan,nan,nan,0.0019899493897841394,nan,0.0019899493897841394,nan,0.0019899493897841394,0.0006182988394949998,nan,free_jones_peb,free,0.0006182988394949998,nan,0.0019899493897841394,4.0,4.0,0.0,75.91492336267491,81.19351224728513,nan,True,False,disabled,nan,nan,2.8292001245482453e-15,2305702.881231955,nan,True,False,1734e444e53a059a54ad01f92a9b0a959d5ef88047dd81020a5adaee33276f81,0.6973599880886718,computed_unscaled,cpu,nan,nan,nan,,,,,,,,nan,nan,nan,nan,nan,nan,False,,,,,,,,,nan,nan,nan,nan,,,,[],False,nan,nan,nan,,,nan,nan,nan,False,nan,,,False,,nan,nan,,,nan,nan,nan,False,nan,,,,False,nan,nan,,nan,nan,,,legacy_multistart,
fig4,full_6d_evs_peb,10,781873798,-5.0,snr_db,-5.0,3,3,3,3,full_6d,781873798,fixed_full6d_reference_sigma2,full_6d,0.6973599880886718,a805761c7d8710db,False,,12.794725473038852,nan,nan,nan,nan,nan,nan,False,,,,False,,,,,,,,,,,,,,,,,,,,,,,,False,,,nan,nan,nan,nan,False,,,nan,nan,,,,,[],nan,,,nan,nan,nan,nan,,nan,nan,nan,0.0006183000848100379,nan,nan,0.0006183000848100379,0.0006183000848100379,0.0006182988394949998,nan,free_jones_peb,free,0.0006182988394949998,nan,0.0006183000848100379,4.0,4.0,0.0,81.19648363993645,81.19351224728513,nan,True,False,disabled,nan,nan,4.438590544420894e-15,4.883840182230364,nan,True,False,f2ef97a231c1a4af27e9b56c32078a57d13f76cf0fcef71f5aea3cacfcafd031,0.6973599880886718,computed_unscaled,cpu,nan,nan,nan,,,,,,,,nan,nan,nan,nan,nan,nan,False,,,,,,,,,nan,nan,nan,nan,,,,[],False,nan,nan,nan,,,nan,nan,nan,False,nan,,,False,,nan,nan,,,nan,nan,nan,False,nan,,,,False,nan,nan,,nan,nan,,,legacy_multistart,
fig4,full_6d_constrained_jones_peb,10,781873798,-5.0,snr_db,-5.0,3,3,3,3,full_6d,781873798,fixed_full6d_reference_sigma2,full_6d,0.6973599880886718,a805761c7d8710db,False,,0.0012727328576147556,nan,nan,nan,nan,nan,nan,False,,,,False,,,,,,,,,,,,,,,,,,,,,,,,False,,,nan,nan,nan,nan,False,,,nan,nan,,,,,[],nan,,,nan,nan,nan,nan,,nan,nan,nan,0.0006182988394949998,nan,nan,0.0006182988394949998,0.0006183000848100379,0.0006182988394949998,nan,constrained_jones_peb,constrained,0.0006182988394949998,nan,0.0006183000848100379,4.0,4.0,0.0,81.19648363993645,81.19351224728513,nan,True,False,disabled,nan,nan,4.438590544420894e-15,4.883840182230364,nan,True,False,f2ef97a231c1a4af27e9b56c32078a57d13f76cf0fcef71f5aea3cacfcafd031,0.6973599880886718,computed_unscaled,cpu,nan,nan,nan,,,,,,,,nan,nan,nan,nan,nan,nan,False,,,,,,,,,nan,nan,nan,nan,,,,[],False,nan,nan,nan,,,nan,nan,nan,False,nan,,,False,,nan,nan,,,nan,nan,nan,False,nan,,,,False,nan,nan,,nan,nan,,,legacy_multistart,
fig4,scalar_peb,9,3933360494,-5.0,snr_db,-5.0,3,3,3,3,scalar,3933360494,fixed_full6d_reference_sigma2,full_6d,0.376697658179837,354ac17785118f0b,False,,12.92185375909321,nan,nan,nan,nan,nan,nan,False,,,,False,,,,,,,,,,,,,,,,,,,,,,,,False,,,nan,nan,nan,nan,False,,,nan,nan,,,,,[],nan,,,nan,nan,nan,nan,,nan,nan,nan,0.018683939725558353,0.018683939725558353,nan,nan,0.018683939725558353,0.0006765505974520271,nan,free_jones_peb,free,0.0006765505974520271,nan,0.018683939725558353,4.0,4.0,0.0,152.0510414537803,76.97132639814664,nan,True,False,disabled,nan,nan,3.7106450466947404e-15,2282866.986431572,nan,True,False,23d2fccd900640c7194c1fd2afbf8927da0030c3a396b91ee61afefd33e5ffef,0.376697658179837,computed_unscaled,cpu,nan,nan,nan,,,,,,,,nan,nan,nan,nan,nan,nan,False,,,,,,,,,nan,nan,nan,nan,,,,[],False,nan,nan,nan,,,nan,nan,nan,False,nan,,,False,,nan,nan,,,nan,nan,nan,False,nan,,,,False,nan,nan,,nan,nan,,,legacy_multistart,
fig4,dual_pol_peb,9,3933360494,-5.0,snr_db,-5.0,3,3,3,3,dual_pol,3933360494,fixed_full6d_reference_sigma2,full_6d,0.376697658179837,354ac17785118f0b,False,,12.779491686960682,nan,nan,nan,nan,nan,nan,False,,,,False,,,,,,,,,,,,,,,,,,,,,,,,False,,,nan,nan,nan,nan,False,,,nan,nan,,,,,[],nan,,,nan,nan,nan,nan,,nan,nan,nan,0.0022569082352512674,nan,0.0022569082352512674,nan,0.0022569082352512674,0.0006765505974520271,nan,free_jones_peb,free,0.0006765505974520271,nan,0.0022569082352512674,4.0,4.0,0.0,83.63359391479061,76.97132639814664,nan,True,False,disabled,nan,nan,4.534232130503473e-15,2079284.2517918223,nan,True,False,5c50e3e114f50289aba4cec36bdb0f867d74e95d498425153d9308ae1a2cd3da,0.376697658179837,computed_unscaled,cpu,nan,nan,nan,,,,,,,,nan,nan,nan,nan,nan,nan,False,,,,,,,,,nan,nan,nan,nan,,,,[],False,nan,nan,nan,,,nan,nan,nan,False,nan,,,False,,nan,nan,,,nan,nan,nan,False,nan,,,,False,nan,nan,,nan,nan,,,legacy_multistart,
fig4,full_6d_evs_peb,9,3933360494,-5.0,snr_db,-5.0,3,3,3,3,full_6d,3933360494,fixed_full6d_reference_sigma2,full_6d,0.376697658179837,354ac17785118f0b,False,,13.284094594884664,nan,nan,nan,nan,nan,nan,False,,,,False,,,,,,,,,,,,,,,,,,,,,,,,False,,,nan,nan,nan,nan,False,,,nan,nan,,,,,[],nan,,,nan,nan,nan,nan,,nan,nan,nan,0.0006765671232655503,nan,nan,0.0006765671232655503,0.0006765671232655503,0.0006765505974520271,nan,free_jones_peb,free,0.0006765505974520271,nan,0.0006765671232655503,4.0,4.0,0.0,76.97442076595499,76.97132639814664,nan,True,False,disabled,nan,nan,5.530565164752728e-15,43.131528324753646,nan,True,False,2f009590b628473d7acf259cec76359e96ba2256fe333ef7c1514fe7022a67d5,0.376697658179837,computed_unscaled,cpu,nan,nan,nan,,,,,,,,nan,nan,nan,nan,nan,nan,False,,,,,,,,,nan,nan,nan,nan,,,,[],False,nan,nan,nan,,,nan,nan,nan,False,nan,,,False,,nan,nan,,,nan,nan,nan,False,nan,,,,False,nan,nan,,nan,nan,,,legacy_multistart,
fig4,full_6d_constrained_jones_peb,9,3933360494,-5.0,snr_db,-5.0,3,3,3,3,full_6d,3933360494,fixed_full6d_reference_sigma2,full_6d,0.376697658179837,354ac17785118f0b,False,,0.0013694509398192167,nan,nan,nan,nan,nan,nan,False,,,,False,,,,,,,,,,,,,,,,,,,,,,,,False,,,nan,nan,nan,nan,False,,,nan,nan,,,,,[],nan,,,nan,nan,nan,nan,,nan,nan,nan,0.0006765505974520271,nan,nan,0.0006765505974520271,0.0006765671232655503,0.0006765505974520271,nan,constrained_jones_peb,constrained,0.0006765505974520271,nan,0.0006765671232655503,4.0,4.0,0.0,76.97442076595499,76.97132639814664,nan,True,False,disabled,nan,nan,5.530565164752728e-15,43.131528324753646,nan,True,False,2f009590b628473d7acf259cec76359e96ba2256fe333ef7c1514fe7022a67d5,0.376697658179837,computed_unscaled,cpu,nan,nan,nan,,,,,,,,nan,nan,nan,nan,nan,nan,False,,,,,,,,,nan,nan,nan,nan,,,,[],False,nan,nan,nan,,,nan,nan,nan,False,nan,,,False,,nan,nan,,,nan,nan,nan,False,nan,,,,False,nan,nan,,nan,nan,,,legacy_multistart,
fig4,scalar_peb,14,1092560480,-5.0,snr_db,-5.0,3,3,3,3,scalar,1092560480,fixed_full6d_reference_sigma2,full_6d,0.6840588738389257,70f3d8da194f1766,False,,12.681860401993617,nan,nan,nan,nan,nan,nan,False,,,,False,,,,,,,,,,,,,,,,,,,,,,,,False,,,nan,nan,nan,nan,False,,,nan,nan,,,,,[],nan,,,nan,nan,nan,nan,,nan,nan,nan,0.01752769594988253,0.01752769594988253,nan,nan,0.01752769594988253,0.0006428410535617874,nan,free_jones_peb,free,0.0006428410535617874,nan,0.01752769594988253,4.0,4.0,0.0,113.60074949938738,68.82598452963305,nan,True,False,disabled,nan,nan,3.808636618330436e-15,2505630.5506262546,nan,True,False,daeed13a2f50233764622d6693621439c707a88ffe45923e1470c1628b195fa4,0.6840588738389257,computed_unscaled,cpu,nan,nan,nan,,,,,,,,nan,nan,nan,nan,nan,nan,False,,,,,,,,,nan,nan,nan,nan,,,,[],False,nan,nan,nan,,,nan,nan,nan,False,nan,,,False,,nan,nan,,,nan,nan,nan,False,nan,,,,False,nan,nan,,nan,nan,,,legacy_multistart,
fig4,dual_pol_peb,14,1092560480,-5.0,snr_db,-5.0,3,3,3,3,dual_pol,1092560480,fixed_full6d_reference_sigma2,full_6d,0.6840588738389257,70f3d8da194f1766,False,,12.780213651014492,nan,nan,nan,nan,nan,nan,False,,,,False,,,,,,,,,,,,,,,,,,,,,,,,False,,,nan,nan,nan,nan,False,,,nan,nan,,,,,[],nan,,,nan,nan,nan,nan,,nan,nan,nan,0.002323358373106971,nan,0.002323358373106971,nan,0.002323358373106971,0.0006428410535617874,nan,free_jones_peb,free,0.0006428410535617874,nan,0.002323358373106971,4.0,4.0,0.0,76.1317546176011,68.82598452963305,nan,True,False,disabled,nan,nan,5.655170916865045e-15,2302144.9114524093,nan,True,False,f4cb566e66af0ab72dc54437cb77e52afa3ac990d61ae7e996305eb30e95ddb9,0.6840588738389257,computed_unscaled,cpu,nan,nan,nan,,,,,,,,nan,nan,nan,nan,nan,nan,False,,,,,,,,,nan,nan,nan,nan,,,,[],False,nan,nan,nan,,,nan,nan,nan,False,nan,,,False,,nan,nan,,,nan,nan,nan,False,nan,,,,False,nan,nan,,nan,nan,,,legacy_multistart,
fig4,full_6d_evs_peb,14,1092560480,-5.0,snr_db,-5.0,3,3,3,3,full_6d,1092560480,fixed_full6d_reference_sigma2,full_6d,0.6840588738389257,70f3d8da194f1766,False,,13.047505238093436,nan,nan,nan,nan,nan,nan,False,,,,False,,,,,,,,,,,,,,,,,,,,,,,,False,,,nan,nan,nan,nan,False,,,nan,nan,,,,,[],nan,,,nan,nan,nan,nan,,nan,nan,nan,0.0006428425719644807,nan,nan,0.0006428425719644807,0.0006428425719644807,0.0006428410535617874,nan,free_jones_peb,free,0.0006428410535617874,nan,0.0006428425719644807,4.0,4.0,0.0,68.82541009221046,68.82598452963305,nan,True,False,disabled,nan,nan,3.588454093869221e-15,1.200001895321463,nan,True,False,f1022bc01518ff6f31f9f6e642efb32029d98d2c096644b99cc3e0e6c8ec44d7,0.6840588738389257,computed_unscaled,cpu,nan,nan,nan,,,,,,,,nan,nan,nan,nan,nan,nan,False,,,,,,,,,nan,nan,nan,nan,,,,[],False,nan,nan,nan,,,nan,nan,nan,False,nan,,,False,,nan,nan,,,nan,nan,nan,False,nan,,,,False,nan,nan,,nan,nan,,,legacy_multistart,
fig4,full_6d_constrained_jones_peb,14,1092560480,-5.0,snr_db,-5.0,3,3,3,3,full_6d,1092560480,fixed_full6d_reference_sigma2,full_6d,0.6840588738389257,70f3d8da194f1766,False,,0.0014036600477993488,nan,nan,nan,nan,nan,nan,False,,,,False,,,,,,,,,,,,,,,,,,,,,,,,False,,,nan,nan,nan,nan,False,,,nan,nan,,,,,[],nan,,,nan,nan,nan,nan,,nan,nan,nan,0.0006428410535617874,nan,nan,0.0006428410535617874,0.0006428425719644807,0.0006428410535617874,nan,constrained_jones_peb,constrained,0.0006428410535617874,nan,0.0006428425719644807,4.0,4.0,0.0,68.82541009221046,68.82598452963305,nan,True,False,disabled,nan,nan,3.588454093869221e-15,1.200001895321463,nan,True,False,f1022bc01518ff6f31f9f6e642efb32029d98d2c096644b99cc3e0e6c8ec44d7,0.6840588738389257,computed_unscaled,cpu,nan,nan,nan,,,,,,,,nan,nan,nan,nan,nan,nan,False,,,,,,,,,nan,nan,nan,nan,,,,[],False,nan,nan,nan,,,nan,nan,nan,False,nan,,,False,,nan,nan,,,nan,nan,nan,False,nan,,,,False,nan,nan,,nan,nan,,,legacy_multistart,
fig4,scalar_peb,12,2210497206,-5.0,snr_db,-5.0,3,3,3,3,scalar,2210497206,fixed_full6d_reference_sigma2,full_6d,1.4406716613452208,ea7da688022f0a57,False,,13.146442524855956,nan,nan,nan,nan,nan,nan,False,,,,False,,,,,,,,,,,,,,,,,,,,,,,,False,,,nan,nan,nan,nan,False,,,nan,nan,,,,,[],nan,,,nan,nan,nan,nan,,nan,nan,nan,0.025164151264817945,0.025164151264817945,nan,nan,0.025164151264817945,0.0005717724946988121,nan,free_jones_peb,free,0.0005717724946988121,nan,0.025164151264817945,4.0,4.0,0.0,146.33003125613982,71.5133224639877,nan,True,False,disabled,nan,nan,6.07317122215275e-15,2869275.2674711705,nan,True,False,c92ff50e2f55191d90392c8949c662aed7151c4a195f313d191a86ee28295b61,1.4406716613452208,computed_unscaled,cpu,nan,nan,nan,,,,,,,,nan,nan,nan,nan,nan,nan,False,,,,,,,,,nan,nan,nan,nan,,,,[],False,nan,nan,nan,,,nan,nan,nan,False,nan,,,False,,nan,nan,,,nan,nan,nan,False,nan,,,,False,nan,nan,,nan,nan,,,legacy_multistart,
fig4,dual_pol_peb,12,2210497206,-5.0,snr_db,-5.0,3,3,3,3,dual_pol,2210497206,fixed_full6d_reference_sigma2,full_6d,1.4406716613452208,ea7da688022f0a57,False,,13.180965067120269,nan,nan,nan,nan,nan,nan,False,,,,False,,,,,,,,,,,,,,,,,,,,,,,,False,,,nan,nan,nan,nan,False,,,nan,nan,,,,,[],nan,,,nan,nan,nan,nan,,nan,nan,nan,0.0014706793222474422,nan,0.0014706793222474422,nan,0.0014706793222474422,0.0005717724946988121,nan,free_jones_peb,free,0.0005717724946988121,nan,0.0014706793222474422,4.0,4.0,0.0,83.94250933082293,71.5133224639877,nan,True,False,disabled,nan,nan,1.376293109661743e-15,2463137.239188422,nan,True,False,7f63ff0447f532b740dc21a351bda795863922adafe5ba801c4afa28cadb6568,1.4406716613452208,computed_unscaled,cpu,nan,nan,nan,,,,,,,,nan,nan,nan,nan,nan,nan,False,,,,,,,,,nan,nan,nan,nan,,,,[],False,nan,nan,nan,,,nan,nan,nan,False,nan,,,False,,nan,nan,,,nan,nan,nan,False,nan,,,,False,nan,nan,,nan,nan,,,legacy_multistart,
fig4,full_6d_evs_peb,12,2210497206,-5.0,snr_db,-5.0,3,3,3,3,full_6d,2210497206,fixed_full6d_reference_sigma2,full_6d,1.4406716613452208,ea7da688022f0a57,False,,12.725505322916433,nan,nan,nan,nan,nan,nan,False,,,,False,,,,,,,,,,,,,,,,,,,,,,,,False,,,nan,nan,nan,nan,False,,,nan,nan,,,,,[],nan,,,nan,nan,nan,nan,,nan,nan,nan,0.0005717770208036201,nan,nan,0.0005717770208036201,0.0005717770208036201,0.0005717724946988121,nan,free_jones_peb,free,0.0005717724946988121,nan,0.0005717770208036201,4.0,4.0,0.0,71.51285963129958,71.5133224639877,nan,True,False,disabled,nan,nan,3.054578754798196e-15,0.5044642086851548,nan,True,False,0a1c4f0b423cde7d810066f20685360779b434f786c785131581505ed3dd312e,1.4406716613452208,computed_unscaled,cpu,nan,nan,nan,,,,,,,,nan,nan,nan,nan,nan,nan,False,,,,,,,,,nan,nan,nan,nan,,,,[],False,nan,nan,nan,,,nan,nan,nan,False,nan,,,False,,nan,nan,,,nan,nan,nan,False,nan,,,,False,nan,nan,,nan,nan,,,legacy_multistart,
fig4,full_6d_constrained_jones_peb,12,2210497206,-5.0,snr_db,-5.0,3,3,3,3,full_6d,2210497206,fixed_full6d_reference_sigma2,full_6d,1.4406716613452208,ea7da688022f0a57,False,,0.001493497984483838,nan,nan,nan,nan,nan,nan,False,,,,False,,,,,,,,,,,,,,,,,,,,,,,,False,,,nan,nan,nan,nan,False,,,nan,nan,,,,,[],nan,,,nan,nan,nan,nan,,nan,nan,nan,0.0005717724946988121,nan,nan,0.0005717724946988121,0.0005717770208036201,0.0005717724946988121,nan,constrained_jones_peb,constrained,0.0005717724946988121,nan,0.0005717770208036201,4.0,4.0,0.0,71.51285963129958,71.5133224639877,nan,True,False,disabled,nan,nan,3.054578754798196e-15,0.5044642086851548,nan,True,False,0a1c4f0b423cde7d810066f20685360779b434f786c785131581505ed3dd312e,1.4406716613452208,computed_unscaled,cpu,nan,nan,nan,,,,,,,,nan,nan,nan,nan,nan,nan,False,,,,,,,,,nan,nan,nan,nan,,,,[],False,nan,nan,nan,,,nan,nan,nan,False,nan,,,False,,nan,nan,,,nan,nan,nan,False,nan,,,,False,nan,nan,,nan,nan,,,legacy_multistart,
fig4,scalar_peb,11,3685333214,-5.0,snr_db,-5.0,3,3,3,3,scalar,3685333214,fixed_full6d_reference_sigma2,full_6d,0.9067613889003451,dafa2ff2bbcf51ec,False,,13.153189481934533,nan,nan,nan,nan,nan,nan,False,,,,False,,,,,,,,,,,,,,,,,,,,,,,,False,,,nan,nan,nan,nan,False,,,nan,nan,,,,,[],nan,,,nan,nan,nan,nan,,nan,nan,nan,0.015461155951557308,0.015461155951557308,nan,nan,0.015461155951557308,0.0007659856235661998,nan,free_jones_peb,free,0.0007659856235661998,nan,0.015461155951557308,4.0,4.0,0.0,113.70465047536932,91.98328914155695,nan,True,False,disabled,nan,nan,5.407251129339662e-15,1892106.0800323933,nan,True,False,a8bf1e96550e66f5fc05821b98b3bcfcfd9c16edf816dc35720fa3fc2f3d9c3e,0.9067613889003451,computed_unscaled,cpu,nan,nan,nan,,,,,,,,nan,nan,nan,nan,nan,nan,False,,,,,,,,,nan,nan,nan,nan,,,,[],False,nan,nan,nan,,,nan,nan,nan,False,nan,,,False,,nan,nan,,,nan,nan,nan,False,nan,,,,False,nan,nan,,nan,nan,,,legacy_multistart,
fig4,dual_pol_peb,11,3685333214,-5.0,snr_db,-5.0,3,3,3,3,dual_pol,3685333214,fixed_full6d_reference_sigma2,full_6d,0.9067613889003451,dafa2ff2bbcf51ec,False,,12.772705940995365,nan,nan,nan,nan,nan,nan,False,,,,False,,,,,,,,,,,,,,,,,,,,,,,,False,,,nan,nan,nan,nan,False,,,nan,nan,,,,,[],nan,,,nan,nan,nan,nan,,nan,nan,nan,0.0017981564825714604,nan,0.0017981564825714604,nan,0.0017981564825714604,0.0007659856235661998,nan,free_jones_peb,free,0.0007659856235661998,nan,0.0017981564825714604,4.0,4.0,0.0,94.11827091354228,91.98328914155695,nan,True,False,disabled,nan,nan,4.198416229002334e-15,1541814.834474234,nan,True,False,4c9cfd1cb5551d79ef5d1cef79bea3ca1c914b47928f1f49d2e9fdb6c47a14a0,0.9067613889003451,computed_unscaled,cpu,nan,nan,nan,,,,,,,,nan,nan,nan,nan,nan,nan,False,,,,,,,,,nan,nan,nan,nan,,,,[],False,nan,nan,nan,,,nan,nan,nan,False,nan,,,False,,nan,nan,,,nan,nan,nan,False,nan,,,,False,nan,nan,,nan,nan,,,legacy_multistart,
fig4,full_6d_evs_peb,11,3685333214,-5.0,snr_db,-5.0,3,3,3,3,full_6d,3685333214,fixed_full6d_reference_sigma2,full_6d,0.9067613889003451,dafa2ff2bbcf51ec,False,,13.361855482915416,nan,nan,nan,nan,nan,nan,False,,,,False,,,,,,,,,,,,,,,,,,,,,,,,False,,,nan,nan,nan,nan,False,,,nan,nan,,,,,[],nan,,,nan,nan,nan,nan,,nan,nan,nan,0.0007659881411150172,nan,nan,0.0007659881411150172,0.0007659881411150172,0.0007659856235661998,nan,free_jones_peb,free,0.0007659856235661998,nan,0.0007659881411150172,4.0,4.0,0.0,91.9857240406161,91.98328914155695,nan,True,False,disabled,nan,nan,4.552209861559881e-15,4.59155394121071,nan,True,False,e9ccda1e403051d390ee49d3f08d80b8c395469b47c082ff498964bcdaeda690,0.9067613889003451,computed_unscaled,cpu,nan,nan,nan,,,,,,,,nan,nan,nan,nan,nan,nan,False,,,,,,,,,nan,nan,nan,nan,,,,[],False,nan,nan,nan,,,nan,nan,nan,False,nan,,,False,,nan,nan,,,nan,nan,nan,False,nan,,,,False,nan,nan,,nan,nan,,,legacy_multistart,
fig4,full_6d_constrained_jones_peb,11,3685333214,-5.0,snr_db,-5.0,3,3,3,3,full_6d,3685333214,fixed_full6d_reference_sigma2,full_6d,0.9067613889003451,dafa2ff2bbcf51ec,False,,0.0013048190157860518,nan,nan,nan,nan,nan,nan,False,,,,False,,,,,,,,,,,,,,,,,,,,,,,,False,,,nan,nan,nan,nan,False,,,nan,nan,,,,,[],nan,,,nan,nan,nan,nan,,nan,nan,nan,0.0007659856235661998,nan,nan,0.0007659856235661998,0.0007659881411150172,0.0007659856235661998,nan,constrained_jones_peb,constrained,0.0007659856235661998,nan,0.0007659881411150172,4.0,4.0,0.0,91.9857240406161,91.98328914155695,nan,True,False,disabled,nan,nan,4.552209861559881e-15,4.59155394121071,nan,True,False,e9ccda1e403051d390ee49d3f08d80b8c395469b47c082ff498964bcdaeda690,0.9067613889003451,computed_unscaled,cpu,nan,nan,nan,,,,,,,,nan,nan,nan,nan,nan,nan,False,,,,,,,,,nan,nan,nan,nan,,,,[],False,nan,nan,nan,,,nan,nan,nan,False,nan,,,False,,nan,nan,,,nan,nan,nan,False,nan,,,,False,nan,nan,,nan,nan,,,legacy_multistart,
fig4,scalar_peb,18,3644258948,-5.0,snr_db,-5.0,3,3,3,3,scalar,3644258948,fixed_full6d_reference_sigma2,full_6d,1.390927892382434,40b48fe7a0cab5c1,False,,13.328931158874184,nan,nan,nan,nan,nan,nan,False,,,,False,,,,,,,,,,,,,,,,,,,,,,,,False,,,nan,nan,nan,nan,False,,,nan,nan,,,,,[],nan,,,nan,nan,nan,nan,,nan,nan,nan,0.032346011850781065,0.032346011850781065,nan,nan,0.032346011850781065,0.0005934194316701045,nan,free_jones_peb,free,0.0005934194316701045,nan,0.032346011850781065,4.0,4.0,0.0,115.23711542244547,80.88495081630955,nan,True,False,disabled,nan,nan,4.620137486981793e-15,2544307.072155672,nan,True,False,7c3fffbebf7276e93d6865a756d564af06a271739673c8f69819f7ec957629a8,1.390927892382434,computed_unscaled,cpu,nan,nan,nan,,,,,,,,nan,nan,nan,nan,nan,nan,False,,,,,,,,,nan,nan,nan,nan,,,,[],False,nan,nan,nan,,,nan,nan,nan,False,nan,,,False,,nan,nan,,,nan,nan,nan,False,nan,,,,False,nan,nan,,nan,nan,,,legacy_multistart,
fig4,dual_pol_peb,18,3644258948,-5.0,snr_db,-5.0,3,3,3,3,dual_pol,3644258948,fixed_full6d_reference_sigma2,full_6d,1.390927892382434,40b48fe7a0cab5c1,False,,8.717615497065708,nan,nan,nan,nan,nan,nan,False,,,,False,,,,,,,,,,,,,,,,,,,,,,,,False,,,nan,nan,nan,nan,False,,,nan,nan,,,,,[],nan,,,nan,nan,nan,nan,,nan,nan,nan,0.0019466006489395034,nan,0.0019466006489395034,nan,0.0019466006489395034,0.0005934194316701045,nan,free_jones_peb,free,0.0005934194316701045,nan,0.0019466006489395034,4.0,4.0,0.0,81.40427739880944,80.88495081630955,nan,True,False,disabled,nan,nan,6.861374341300625e-15,2313241.043589685,nan,True,False,cf6f4ec51498c7da6824e9b45e0baf835ff8071253d23a2abd74e8038f51af4f,1.390927892382434,computed_unscaled,cpu,nan,nan,nan,,,,,,,,nan,nan,nan,nan,nan,nan,False,,,,,,,,,nan,nan,nan,nan,,,,[],False,nan,nan,nan,,,nan,nan,nan,False,nan,,,False,,nan,nan,,,nan,nan,nan,False,nan,,,,False,nan,nan,,nan,nan,,,legacy_multistart,
fig4,full_6d_evs_peb,18,3644258948,-5.0,snr_db,-5.0,3,3,3,3,full_6d,3644258948,fixed_full6d_reference_sigma2,full_6d,1.390927892382434,40b48fe7a0cab5c1,False,,9.157833006000146,nan,nan,nan,nan,nan,nan,False,,,,False,,,,,,,,,,,,,,,,,,,,,,,,False,,,nan,nan,nan,nan,False,,,nan,nan,,,,,[],nan,,,nan,nan,nan,nan,,nan,nan,nan,0.0005934303722478188,nan,nan,0.0005934303722478188,0.0005934303722478188,0.0005934194316701045,nan,free_jones_peb,free,0.0005934194316701045,nan,0.0005934303722478188,4.0,4.0,0.0,80.88405653823237,80.88495081630955,nan,True,False,disabled,nan,nan,2.339144898048795e-15,7.434304144670424,nan,True,False,10eabe3ea0bf687d98504e31e23e6506b4b182585a8f16e7a2bae8ed9d09e41a,1.390927892382434,computed_unscaled,cpu,nan,nan,nan,,,,,,,,nan,nan,nan,nan,nan,nan,False,,,,,,,,,nan,nan,nan,nan,,,,[],False,nan,nan,nan,,,nan,nan,nan,False,nan,,,False,,nan,nan,,,nan,nan,nan,False,nan,,,,False,nan,nan,,nan,nan,,,legacy_multistart,
fig4,full_6d_constrained_jones_peb,18,3644258948,-5.0,snr_db,-5.0,3,3,3,3,full_6d,3644258948,fixed_full6d_reference_sigma2,full_6d,1.390927892382434,40b48fe7a0cab5c1,False,,0.001429039053618908,nan,nan,nan,nan,nan,nan,False,,,,False,,,,,,,,,,,,,,,,,,,,,,,,False,,,nan,nan,nan,nan,False,,,nan,nan,,,,,[],nan,,,nan,nan,nan,nan,,nan,nan,nan,0.0005934194316701045,nan,nan,0.0005934194316701045,0.0005934303722478188,0.0005934194316701045,nan,constrained_jones_peb,constrained,0.0005934194316701045,nan,0.0005934303722478188,4.0,4.0,0.0,80.88405653823237,80.88495081630955,nan,True,False,disabled,nan,nan,2.339144898048795e-15,7.434304144670424,nan,True,False,10eabe3ea0bf687d98504e31e23e6506b4b182585a8f16e7a2bae8ed9d09e41a,1.390927892382434,computed_unscaled,cpu,nan,nan,nan,,,,,,,,nan,nan,nan,nan,nan,nan,False,,,,,,,,,nan,nan,nan,nan,,,,[],False,nan,nan,nan,,,nan,nan,nan,False,nan,,,False,,nan,nan,,,nan,nan,nan,False,nan,,,,False,nan,nan,,nan,nan,,,legacy_multistart,
fig4,scalar_peb,8,641399591,-5.0,snr_db,-5.0,3,3,3,3,scalar,641399591,fixed_full6d_reference_sigma2,full_6d,0.7130701278172195,4b031b47abef4fa1,False,,17.036749517079443,nan,nan,nan,nan,nan,nan,False,,,,False,,,,,,,,,,,,,,,,,,,,,,,,False,,,nan,nan,nan,nan,False,,,nan,nan,,,,,[],nan,,,nan,nan,nan,nan,,nan,nan,nan,0.01841339072340212,0.01841339072340212,nan,nan,0.01841339072340212,0.0006177795368851942,nan,free_jones_peb,free,0.0006177795368851942,nan,0.01841339072340212,4.0,4.0,0.0,114.52146509670163,78.37377137224918,nan,True,False,disabled,nan,nan,5.774874695522446e-15,2697186.352779386,nan,True,False,a732f6c1b505dd31abfe1f8ad599e32fbecdf22d475326329e10dadf9f1da568,0.7130701278172195,computed_unscaled,cpu,nan,nan,nan,,,,,,,,nan,nan,nan,nan,nan,nan,False,,,,,,,,,nan,nan,nan,nan,,,,[],False,nan,nan,nan,,,nan,nan,nan,False,nan,,,False,,nan,nan,,,nan,nan,nan,False,nan,,,,False,nan,nan,,nan,nan,,,legacy_multistart,
fig4,dual_pol_peb,8,641399591,-5.0,snr_db,-5.0,3,3,3,3,dual_pol,641399591,fixed_full6d_reference_sigma2,full_6d,0.7130701278172195,4b031b47abef4fa1,False,,15.371141372947022,nan,nan,nan,nan,nan,nan,False,,,,False,,,,,,,,,,,,,,,,,,,,,,,,False,,,nan,nan,nan,nan,False,,,nan,nan,,,,,[],nan,,,nan,nan,nan,nan,,nan,nan,nan,0.0018672196944076454,nan,0.0018672196944076454,nan,0.0018672196944076454,0.0006177795368851942,nan,free_jones_peb,free,0.0006177795368851942,nan,0.0018672196944076454,4.0,4.0,0.0,85.41819406523517,78.37377137224918,nan,True,False,disabled,nan,nan,5.631278549147564e-15,2377096.11124812,nan,True,False,9fa4b482586f33d958d2f91e29f91c27faeb030ad582eb158d921de6dbd0acce,0.7130701278172195,computed_unscaled,cpu,nan,nan,nan,,,,,,,,nan,nan,nan,nan,nan,nan,False,,,,,,,,,nan,nan,nan,nan,,,,[],False,nan,nan,nan,,,nan,nan,nan,False,nan,,,False,,nan,nan,,,nan,nan,nan,False,nan,,,,False,nan,nan,,nan,nan,,,legacy_multistart,
fig4,full_6d_evs_peb,8,641399591,-5.0,snr_db,-5.0,3,3,3,3,full_6d,641399591,fixed_full6d_reference_sigma2,full_6d,0.7130701278172195,4b031b47abef4fa1,False,,9.29109540884383,nan,nan,nan,nan,nan,nan,False,,,,False,,,,,,,,,,,,,,,,,,,,,,,,False,,,nan,nan,nan,nan,False,,,nan,nan,,,,,[],nan,,,nan,nan,nan,nan,,nan,nan,nan,0.0006177944063626284,nan,nan,0.0006177944063626284,0.0006177944063626284,0.0006177795368851942,nan,free_jones_peb,free,0.0006177795368851942,nan,0.0006177944063626284,4.0,4.0,0.0,78.37658416776922,78.37377137224918,nan,True,False,disabled,nan,nan,9.05913928934997e-15,23.424741273605697,nan,True,False,e032c9cb8462fea3417aadc651e10a3437190e0cacf3ab5bdc4b175ff7382e20,0.7130701278172195,computed_unscaled,cpu,nan,nan,nan,,,,,,,,nan,nan,nan,nan,nan,nan,False,,,,,,,,,nan,nan,nan,nan,,,,[],False,nan,nan,nan,,,nan,nan,nan,False,nan,,,False,,nan,nan,,,nan,nan,nan,False,nan,,,,False,nan,nan,,nan,nan,,,legacy_multistart,
fig4,full_6d_constrained_jones_peb,8,641399591,-5.0,snr_db,-5.0,3,3,3,3,full_6d,641399591,fixed_full6d_reference_sigma2,full_6d,0.7130701278172195,4b031b47abef4fa1,False,,0.001297009875997901,nan,nan,nan,nan,nan,nan,False,,,,False,,,,,,,,,,,,,,,,,,,,,,,,False,,,nan,nan,nan,nan,False,,,nan,nan,,,,,[],nan,,,nan,nan,nan,nan,,nan,nan,nan,0.0006177795368851942,nan,nan,0.0006177795368851942,0.0006177944063626284,0.0006177795368851942,nan,constrained_jones_peb,constrained,0.0006177795368851942,nan,0.0006177944063626284,4.0,4.0,0.0,78.37658416776922,78.37377137224918,nan,True,False,disabled,nan,nan,9.05913928934997e-15,23.424741273605697,nan,True,False,e032c9cb8462fea3417aadc651e10a3437190e0cacf3ab5bdc4b175ff7382e20,0.7130701278172195,computed_unscaled,cpu,nan,nan,nan,,,,,,,,nan,nan,nan,nan,nan,nan,False,,,,,,,,,nan,nan,nan,nan,,,,[],False,nan,nan,nan,,,nan,nan,nan,False,nan,,,False,,nan,nan,,,nan,nan,nan,False,nan,,,,False,nan,nan,,nan,nan,,,legacy_multistart,
fig4,scalar_peb,16,1080178429,-5.0,snr_db,-5.0,3,3,3,3,scalar,1080178429,fixed_full6d_reference_sigma2,full_6d,1.5186732077486413,0cf879aab72fd284,False,,12.920849682064727,nan,nan,nan,nan,nan,nan,False,,,,False,,,,,,,,,,,,,,,,,,,,,,,,False,,,nan,nan,nan,nan,False,,,nan,nan,,,,,[],nan,,,nan,nan,nan,nan,,nan,nan,nan,0.024877778316329275,0.024877778316329275,nan,nan,0.024877778316329275,0.0005900145144527094,nan,free_jones_peb,free,0.0005900145144527094,nan,0.024877778316329275,4.0,4.0,0.0,351.77448762401053,87.52885512344136,nan,True,False,disabled,nan,nan,5.756601308675983e-15,2711889.480304079,nan,True,False,fe074e5d012d6531afd3135b069a94fbb4ac905dd184ede53d462f2ff19aea7a,1.5186732077486413,computed_unscaled,cpu,nan,nan,nan,,,,,,,,nan,nan,nan,nan,nan,nan,False,,,,,,,,,nan,nan,nan,nan,,,,[],False,nan,nan,nan,,,nan,nan,nan,False,nan,,,False,,nan,nan,,,nan,nan,nan,False,nan,,,,False,nan,nan,,nan,nan,,,legacy_multistart,
fig4,dual_pol_peb,16,1080178429,-5.0,snr_db,-5.0,3,3,3,3,dual_pol,1080178429,fixed_full6d_reference_sigma2,full_6d,1.5186732077486413,0cf879aab72fd284,False,,12.71525357896462,nan,nan,nan,nan,nan,nan,False,,,,False,,,,,,,,,,,,,,,,,,,,,,,,False,,,nan,nan,nan,nan,False,,,nan,nan,,,,,[],nan,,,nan,nan,nan,nan,,nan,nan,nan,0.0019495243640033591,nan,0.0019495243640033591,nan,0.0019495243640033591,0.0005900145144527094,nan,free_jones_peb,free,0.0005900145144527094,nan,0.0019495243640033591,4.0,4.0,0.0,87.37275580693709,87.52885512344136,nan,True,False,disabled,nan,nan,3.3293154732663703e-15,2431345.405414109,nan,True,False,7873f3ee4d8c236ea9f55dde7f8a207e41c4badaaaa60a5426862eff8db93236,1.5186732077486413,computed_unscaled,cpu,nan,nan,nan,,,,,,,,nan,nan,nan,nan,nan,nan,False,,,,,,,,,nan,nan,nan,nan,,,,[],False,nan,nan,nan,,,nan,nan,nan,False,nan,,,False,,nan,nan,,,nan,nan,nan,False,nan,,,,False,nan,nan,,nan,nan,,,legacy_multistart,
fig4,full_6d_evs_peb,16,1080178429,-5.0,snr_db,-5.0,3,3,3,3,full_6d,1080178429,fixed_full6d_reference_sigma2,full_6d,1.5186732077486413,0cf879aab72fd284,False,,12.60626587108709,nan,nan,nan,nan,nan,nan,False,,,,False,,,,,,,,,,,,,,,,,,,,,,,,False,,,nan,nan,nan,nan,False,,,nan,nan,,,,,[],nan,,,nan,nan,nan,nan,,nan,nan,nan,0.0005900169584949459,nan,nan,0.0005900169584949459,0.0005900169584949459,0.0005900145144527094,nan,free_jones_peb,free,0.0005900145144527094,nan,0.0005900169584949459,4.0,4.0,0.0,87.53279534019043,87.52885512344136,nan,True,False,disabled,nan,nan,5.297103745377692e-15,1.5846534702642163,nan,True,False,2793ff1fce7242989610050dae2e9fefacb8b15f6d60bfd2b55605797f0e0ce8,1.5186732077486413,computed_unscaled,cpu,nan,nan,nan,,,,,,,,nan,nan,nan,nan,nan,nan,False,,,,,,,,,nan,nan,nan,nan,,,,[],False,nan,nan,nan,,,nan,nan,nan,False,nan,,,False,,nan,nan,,,nan,nan,nan,False,nan,,,,False,nan,nan,,nan,nan,,,legacy_multistart,
fig4,full_6d_constrained_jones_peb,16,1080178429,-5.0,snr_db,-5.0,3,3,3,3,full_6d,1080178429,fixed_full6d_reference_sigma2,full_6d,1.5186732077486413,0cf879aab72fd284,False,,0.0014042940456420183,nan,nan,nan,nan,nan,nan,False,,,,False,,,,,,,,,,,,,,,,,,,,,,,,False,,,nan,nan,nan,nan,False,,,nan,nan,,,,,[],nan,,,nan,nan,nan,nan,,nan,nan,nan,0.0005900145144527094,nan,nan,0.0005900145144527094,0.0005900169584949459,0.0005900145144527094,nan,constrained_jones_peb,constrained,0.0005900145144527094,nan,0.0005900169584949459,4.0,4.0,0.0,87.53279534019043,87.52885512344136,nan,True,False,disabled,nan,nan,5.297103745377692e-15,1.5846534702642163,nan,True,False,2793ff1fce7242989610050dae2e9fefacb8b15f6d60bfd2b55605797f0e0ce8,1.5186732077486413,computed_unscaled,cpu,nan,nan,nan,,,,,,,,nan,nan,nan,nan,nan,nan,False,,,,,,,,,nan,nan,nan,nan,,,,[],False,nan,nan,nan,,,nan,nan,nan,False,nan,,,False,,nan,nan,,,nan,nan,nan,False,nan,,,,False,nan,nan,,nan,nan,,,legacy_multistart,
fig4,scalar_peb,1,112311654,-5.0,snr_db,-5.0,3,3,3,3,scalar,112311654,fixed_full6d_reference_sigma2,full_6d,0.960799342656914,9a71b7daee707b48,False,,17.394097103970125,nan,nan,nan,nan,nan,nan,False,,,,False,,,,,,,,,,,,,,,,,,,,,,,,False,,,nan,nan,nan,nan,False,,,nan,nan,,,,,[],nan,,,nan,nan,nan,nan,,nan,nan,nan,0.019124028779446276,0.019124028779446276,nan,nan,0.019124028779446276,0.0008078372914822077,nan,free_jones_peb,free,0.0008078372914822077,nan,0.019124028779446276,4.0,4.0,0.0,103.42543501443843,98.5564469786429,nan,True,False,disabled,nan,nan,9.221265894816244e-15,1615311.2765383846,nan,True,False,fa6fba46c95bc61c803f79365f0d9505da44453f202847b9b8ecc32965b8cd2d,0.960799342656914,computed_unscaled,cpu,nan,nan,nan,,,,,,,,nan,nan,nan,nan,nan,nan,False,,,,,,,,,nan,nan,nan,nan,,,,[],False,nan,nan,nan,,,nan,nan,nan,False,nan,,,False,,nan,nan,,,nan,nan,nan,False,nan,,,,False,nan,nan,,nan,nan,,,legacy_multistart,
fig4,dual_pol_peb,1,112311654,-5.0,snr_db,-5.0,3,3,3,3,dual_pol,112311654,fixed_full6d_reference_sigma2,full_6d,0.960799342656914,9a71b7daee707b48,False,,16.595352639909834,nan,nan,nan,nan,nan,nan,False,,,,False,,,,,,,,,,,,,,,,,,,,,,,,False,,,nan,nan,nan,nan,False,,,nan,nan,,,,,[],nan,,,nan,nan,nan,nan,,nan,nan,nan,0.002808945758841041,nan,0.002808945758841041,nan,0.002808945758841041,0.0008078372914822077,nan,free_jones_peb,free,0.0008078372914822077,nan,0.002808945758841041,4.0,4.0,0.0,91.56074979956594,98.5564469786429,nan,True,False,disabled,nan,nan,1.0992830306564923e-14,1486534.8860474708,nan,True,False,9cb07c157e55079152cdbc0b259ea15448b5812311ff137fa6c78846796d4dab,0.960799342656914,computed_unscaled,cpu,nan,nan,nan,,,,,,,,nan,nan,nan,nan,nan,nan,False,,,,,,,,,nan,nan,nan,nan,,,,[],False,nan,nan,nan,,,nan,nan,nan,False,nan,,,False,,nan,nan,,,nan,nan,nan,False,nan,,,,False,nan,nan,,nan,nan,,,legacy_multistart,
fig4,full_6d_evs_peb,1,112311654,-5.0,snr_db,-5.0,3,3,3,3,full_6d,112311654,fixed_full6d_reference_sigma2,full_6d,0.960799342656914,9a71b7daee707b48,False,,17.366043800022453,nan,nan,nan,nan,nan,nan,False,,,,False,,,,,,,,,,,,,,,,,,,,,,,,False,,,nan,nan,nan,nan,False,,,nan,nan,,,,,[],nan,,,nan,nan,nan,nan,,nan,nan,nan,0.0008078451997330827,nan,nan,0.0008078451997330827,0.0008078451997330827,0.0008078372914822077,nan,free_jones_peb,free,0.0008078372914822077,nan,0.0008078451997330827,4.0,4.0,0.0,98.55800326139403,98.5564469786429,nan,True,False,disabled,nan,nan,1.074432298282821e-14,18.810272600144692,nan,True,False,e3b48bd20620d3b9b8ef02e72c1473ee968de0b883c8a7b45706956b70dd2349,0.960799342656914,computed_unscaled,cpu,nan,nan,nan,,,,,,,,nan,nan,nan,nan,nan,nan,False,,,,,,,,,nan,nan,nan,nan,,,,[],False,nan,nan,nan,,,nan,nan,nan,False,nan,,,False,,nan,nan,,,nan,nan,nan,False,nan,,,,False,nan,nan,,nan,nan,,,legacy_multistart,
fig4,full_6d_constrained_jones_peb,1,112311654,-5.0,snr_db,-5.0,3,3,3,3,full_6d,112311654,fixed_full6d_reference_sigma2,full_6d,0.960799342656914,9a71b7daee707b48,False,,0.0013861889019608498,nan,nan,nan,nan,nan,nan,False,,,,False,,,,,,,,,,,,,,,,,,,,,,,,False,,,nan,nan,nan,nan,False,,,nan,nan,,,,,[],nan,,,nan,nan,nan,nan,,nan,nan,nan,0.0008078372914822077,nan,nan,0.0008078372914822077,0.0008078451997330827,0.0008078372914822077,nan,constrained_jones_peb,constrained,0.0008078372914822077,nan,0.0008078451997330827,4.0,4.0,0.0,98.55800326139403,98.5564469786429,nan,True,False,disabled,nan,nan,1.074432298282821e-14,18.810272600144692,nan,True,False,e3b48bd20620d3b9b8ef02e72c1473ee968de0b883c8a7b45706956b70dd2349,0.960799342656914,computed_unscaled,cpu,nan,nan,nan,,,,,,,,nan,nan,nan,nan,nan,nan,False,,,,,,,,,nan,nan,nan,nan,,,,[],False,nan,nan,nan,,,nan,nan,nan,False,nan,,,False,,nan,nan,,,nan,nan,nan,False,nan,,,,False,nan,nan,,nan,nan,,,legacy_multistart,
fig4,scalar_peb,6,1919806993,-5.0,snr_db,-5.0,3,3,3,3,scalar,1919806993,fixed_full6d_reference_sigma2,full_6d,1.3280527787450196,fde97f3423feff73,False,,12.208522334927693,nan,nan,nan,nan,nan,nan,False,,,,False,,,,,,,,,,,,,,,,,,,,,,,,False,,,nan,nan,nan,nan,False,,,nan,nan,,,,,[],nan,,,nan,nan,nan,nan,,nan,nan,nan,0.023183862641553678,0.023183862641553678,nan,nan,0.023183862641553678,0.0006275570590700236,nan,free_jones_peb,free,0.0006275570590700236,nan,0.023183862641553678,4.0,4.0,0.0,167.16349688674433,72.19062881330532,nan,True,False,disabled,nan,nan,5.859271996119303e-15,2602997.0747891692,nan,True,False,1c6597d0275e6fcbcf3ceb73c07b34d8e97e2154c585ccc07f91c9aa1acec05d,1.3280527787450196,computed_unscaled,cpu,nan,nan,nan,,,,,,,,nan,nan,nan,nan,nan,nan,False,,,,,,,,,nan,nan,nan,nan,,,,[],False,nan,nan,nan,,,nan,nan,nan,False,nan,,,False,,nan,nan,,,nan,nan,nan,False,nan,,,,False,nan,nan,,nan,nan,,,legacy_multistart,
fig4,dual_pol_peb,6,1919806993,-5.0,snr_db,-5.0,3,3,3,3,dual_pol,1919806993,fixed_full6d_reference_sigma2,full_6d,1.3280527787450196,fde97f3423feff73,False,,16.817307660821825,nan,nan,nan,nan,nan,nan,False,,,,False,,,,,,,,,,,,,,,,,,,,,,,,False,,,nan,nan,nan,nan,False,,,nan,nan,,,,,[],nan,,,nan,nan,nan,nan,,nan,nan,nan,0.0027155030267467235,nan,0.0027155030267467235,nan,0.0027155030267467235,0.0006275570590700236,nan,free_jones_peb,free,0.0006275570590700236,nan,0.0027155030267467235,4.0,4.0,0.0,80.67656321321437,72.19062881330532,nan,True,False,disabled,nan,nan,6.868893721046666e-15,2443264.8728390587,nan,True,False,8158e3eea8b8cfa80d1181d7302a18407d0f626e3c2dbcbb33bae90791259a7d,1.3280527787450196,computed_unscaled,cpu,nan,nan,nan,,,,,,,,nan,nan,nan,nan,nan,nan,False,,,,,,,,,nan,nan,nan,nan,,,,[],False,nan,nan,nan,,,nan,nan,nan,False,nan,,,False,,nan,nan,,,nan,nan,nan,False,nan,,,,False,nan,nan,,nan,nan,,,legacy_multistart,
fig4,full_6d_evs_peb,6,1919806993,-5.0,snr_db,-5.0,3,3,3,3,full_6d,1919806993,fixed_full6d_reference_sigma2,full_6d,1.3280527787450196,fde97f3423feff73,False,,17.09911971888505,nan,nan,nan,nan,nan,nan,False,,,,False,,,,,,,,,,,,,,,,,,,,,,,,False,,,nan,nan,nan,nan,False,,,nan,nan,,,,,[],nan,,,nan,nan,nan,nan,,nan,nan,nan,0.0006275673464398835,nan,nan,0.0006275673464398835,0.0006275673464398835,0.0006275570590700236,nan,free_jones_peb,free,0.0006275570590700236,nan,0.0006275673464398835,4.0,4.0,0.0,72.19686430595634,72.19062881330532,nan,True,False,disabled,nan,nan,8.107479217411434e-15,52.25230166037632,nan,True,False,231b7c2941d5d9c02809f94febabb8d0e1f1d4a2d4bfefa1b397f685379809da,1.3280527787450196,computed_unscaled,cpu,nan,nan,nan,,,,,,,,nan,nan,nan,nan,nan,nan,False,,,,,,,,,nan,nan,nan,nan,,,,[],False,nan,nan,nan,,,nan,nan,nan,False,nan,,,False,,nan,nan,,,nan,nan,nan,False,nan,,,,False,nan,nan,,nan,nan,,,legacy_multistart,
fig4,full_6d_constrained_jones_peb,6,1919806993,-5.0,snr_db,-5.0,3,3,3,3,full_6d,1919806993,fixed_full6d_reference_sigma2,full_6d,1.3280527787450196,fde97f3423feff73,False,,0.0014364221133291721,nan,nan,nan,nan,nan,nan,False,,,,False,,,,,,,,,,,,,,,,,,,,,,,,False,,,nan,nan,nan,nan,False,,,nan,nan,,,,,[],nan,,,nan,nan,nan,nan,,nan,nan,nan,0.0006275570590700236,nan,nan,0.0006275570590700236,0.0006275673464398835,0.0006275570590700236,nan,constrained_jones_peb,constrained,0.0006275570590700236,nan,0.0006275673464398835,4.0,4.0,0.0,72.19686430595634,72.19062881330532,nan,True,False,disabled,nan,nan,8.107479217411434e-15,52.25230166037632,nan,True,False,231b7c2941d5d9c02809f94febabb8d0e1f1d4a2d4bfefa1b397f685379809da,1.3280527787450196,computed_unscaled,cpu,nan,nan,nan,,,,,,,,nan,nan,nan,nan,nan,nan,False,,,,,,,,,nan,nan,nan,nan,,,,[],False,nan,nan,nan,,,nan,nan,nan,False,nan,,,False,,nan,nan,,,nan,nan,nan,False,nan,,,,False,nan,nan,,nan,nan,,,legacy_multistart,
fig4,scalar_peb,13,634888206,-5.0,snr_db,-5.0,3,3,3,3,scalar,634888206,fixed_full6d_reference_sigma2,full_6d,0.6468657958954134,bf77bdf6070fca66,False,,13.103347793919966,nan,nan,nan,nan,nan,nan,False,,,,False,,,,,,,,,,,,,,,,,,,,,,,,False,,,nan,nan,nan,nan,False,,,nan,nan,,,,,[],nan,,,nan,nan,nan,nan,,nan,nan,nan,0.018238030234488185,0.018238030234488185,nan,nan,0.018238030234488185,0.0006629574512888927,nan,free_jones_peb,free,0.0006629574512888927,nan,0.018238030234488185,4.0,4.0,0.0,228.92092859512766,80.72926238998191,nan,True,False,disabled,nan,nan,4.23486981656628e-15,2379125.748275842,nan,True,False,5358f617ab6e11e51370801f8d483ef17e5809c950b3c1c6d6e36d71c5ada3b5,0.6468657958954134,computed_unscaled,cpu,nan,nan,nan,,,,,,,,nan,nan,nan,nan,nan,nan,False,,,,,,,,,nan,nan,nan,nan,,,,[],False,nan,nan,nan,,,nan,nan,nan,False,nan,,,False,,nan,nan,,,nan,nan,nan,False,nan,,,,False,nan,nan,,nan,nan,,,legacy_multistart,
fig4,dual_pol_peb,13,634888206,-5.0,snr_db,-5.0,3,3,3,3,dual_pol,634888206,fixed_full6d_reference_sigma2,full_6d,0.6468657958954134,bf77bdf6070fca66,False,,17.158532496076077,nan,nan,nan,nan,nan,nan,False,,,,False,,,,,,,,,,,,,,,,,,,,,,,,False,,,nan,nan,nan,nan,False,,,nan,nan,,,,,[],nan,,,nan,nan,nan,nan,,nan,nan,nan,0.0017202785704814136,nan,0.0017202785704814136,nan,0.0017202785704814136,0.0006629574512888927,nan,free_jones_peb,free,0.0006629574512888927,nan,0.0017202785704814136,4.0,4.0,0.0,81.06539217252664,80.72926238998191,nan,True,False,disabled,nan,nan,8.225378196745318e-15,2030388.863645121,nan,True,False,db976f24e57a093ba83688330b962fc1ee3cc0995192f3bc3ecdf3cd55142780,0.6468657958954134,computed_unscaled,cpu,nan,nan,nan,,,,,,,,nan,nan,nan,nan,nan,nan,False,,,,,,,,,nan,nan,nan,nan,,,,[],False,nan,nan,nan,,,nan,nan,nan,False,nan,,,False,,nan,nan,,,nan,nan,nan,False,nan,,,,False,nan,nan,,nan,nan,,,legacy_multistart,
fig4,full_6d_evs_peb,13,634888206,-5.0,snr_db,-5.0,3,3,3,3,full_6d,634888206,fixed_full6d_reference_sigma2,full_6d,0.6468657958954134,bf77bdf6070fca66,False,,17.451615069061518,nan,nan,nan,nan,nan,nan,False,,,,False,,,,,,,,,,,,,,,,,,,,,,,,False,,,nan,nan,nan,nan,False,,,nan,nan,,,,,[],nan,,,nan,nan,nan,nan,,nan,nan,nan,0.0006629582174480504,nan,nan,0.0006629582174480504,0.0006629582174480504,0.0006629574512888927,nan,free_jones_peb,free,0.0006629574512888927,nan,0.0006629582174480504,4.0,4.0,0.0,80.7336177699354,80.72926238998191,nan,True,False,disabled,nan,nan,4.1032210020646425e-15,1.3713327495392191,nan,True,False,11da97468c8b90c59dcc518746f48f2217739b6c2c3deec78f2d1177de9045c5,0.6468657958954134,computed_unscaled,cpu,nan,nan,nan,,,,,,,,nan,nan,nan,nan,nan,nan,False,,,,,,,,,nan,nan,nan,nan,,,,[],False,nan,nan,nan,,,nan,nan,nan,False,nan,,,False,,nan,nan,,,nan,nan,nan,False,nan,,,,False,nan,nan,,nan,nan,,,legacy_multistart,
fig4,full_6d_constrained_jones_peb,13,634888206,-5.0,snr_db,-5.0,3,3,3,3,full_6d,634888206,fixed_full6d_reference_sigma2,full_6d,0.6468657958954134,bf77bdf6070fca66,False,,0.0014145609457045794,nan,nan,nan,nan,nan,nan,False,,,,False,,,,,,,,,,,,,,,,,,,,,,,,False,,,nan,nan,nan,nan,False,,,nan,nan,,,,,[],nan,,,nan,nan,nan,nan,,nan,nan,nan,0.0006629574512888927,nan,nan,0.0006629574512888927,0.0006629582174480504,0.0006629574512888927,nan,constrained_jones_peb,constrained,0.0006629574512888927,nan,0.0006629582174480504,4.0,4.0,0.0,80.7336177699354,80.72926238998191,nan,True,False,disabled,nan,nan,4.1032210020646425e-15,1.3713327495392191,nan,True,False,11da97468c8b90c59dcc518746f48f2217739b6c2c3deec78f2d1177de9045c5,0.6468657958954134,computed_unscaled,cpu,nan,nan,nan,,,,,,,,nan,nan,nan,nan,nan,nan,False,,,,,,,,,nan,nan,nan,nan,,,,[],False,nan,nan,nan,,,nan,nan,nan,False,nan,,,False,,nan,nan,,,nan,nan,nan,False,nan,,,,False,nan,nan,,nan,nan,,,legacy_multistart,
fig4,scalar_peb,7,1914929603,-5.0,snr_db,-5.0,3,3,3,3,scalar,1914929603,fixed_full6d_reference_sigma2,full_6d,2.3277959845425356,4d56d7245f00e7e6,False,,16.43502971995622,nan,nan,nan,nan,nan,nan,False,,,,False,,,,,,,,,,,,,,,,,,,,,,,,False,,,nan,nan,nan,nan,False,,,nan,nan,,,,,[],nan,,,nan,nan,nan,nan,,nan,nan,nan,0.025566236786177074,0.025566236786177074,nan,nan,0.025566236786177074,0.0006029482028873672,nan,free_jones_peb,free,0.0006029482028873672,nan,0.025566236786177074,4.0,4.0,0.0,107.3146283164278,85.34477319947686,nan,True,False,disabled,nan,nan,5.98780465450669e-15,2553070.3085998776,nan,True,False,d8572e95f198cc4193a47572483e1b907f50e11a1c6e751323172f97705e7966,2.3277959845425356,computed_unscaled,cpu,nan,nan,nan,,,,,,,,nan,nan,nan,nan,nan,nan,False,,,,,,,,,nan,nan,nan,nan,,,,[],False,nan,nan,nan,,,nan,nan,nan,False,nan,,,False,,nan,nan,,,nan,nan,nan,False,nan,,,,False,nan,nan,,nan,nan,,,legacy_multistart,
fig4,dual_pol_peb,7,1914929603,-5.0,snr_db,-5.0,3,3,3,3,dual_pol,1914929603,fixed_full6d_reference_sigma2,full_6d,2.3277959845425356,4d56d7245f00e7e6,False,,16.97064369590953,nan,nan,nan,nan,nan,nan,False,,,,False,,,,,,,,,,,,,,,,,,,,,,,,False,,,nan,nan,nan,nan,False,,,nan,nan,,,,,[],nan,,,nan,nan,nan,nan,,nan,nan,nan,0.0016986729874619428,nan,0.0016986729874619428,nan,0.0016986729874619428,0.0006029482028873672,nan,free_jones_peb,free,0.0006029482028873672,nan,0.0016986729874619428,4.0,4.0,0.0,82.7744119519854,85.34477319947686,nan,True,False,disabled,nan,nan,4.288908572041212e-15,2219487.916038315,nan,True,False,b44b9b557050131cc94ed16e3f420da41ec18220fbf46411d41a1ccb837ac303,2.3277959845425356,computed_unscaled,cpu,nan,nan,nan,,,,,,,,nan,nan,nan,nan,nan,nan,False,,,,,,,,,nan,nan,nan,nan,,,,[],False,nan,nan,nan,,,nan,nan,nan,False,nan,,,False,,nan,nan,,,nan,nan,nan,False,nan,,,,False,nan,nan,,nan,nan,,,legacy_multistart,
fig4,full_6d_evs_peb,7,1914929603,-5.0,snr_db,-5.0,3,3,3,3,full_6d,1914929603,fixed_full6d_reference_sigma2,full_6d,2.3277959845425356,4d56d7245f00e7e6,False,,17.193379669915885,nan,nan,nan,nan,nan,nan,False,,,,False,,,,,,,,,,,,,,,,,,,,,,,,False,,,nan,nan,nan,nan,False,,,nan,nan,,,,,[],nan,,,nan,nan,nan,nan,,nan,nan,nan,0.0006029545772165476,nan,nan,0.0006029545772165476,0.0006029545772165476,0.0006029482028873672,nan,free_jones_peb,free,0.0006029482028873672,nan,0.0006029545772165476,4.0,4.0,0.0,85.34641686574984,85.34477319947686,nan,True,False,disabled,nan,nan,8.03318115972563e-15,31.28128773163005,nan,True,False,84f1975fc112e22552cd5389ecb9ea5e68088b810ed0a30ff85dfd5971674377,2.3277959845425356,computed_unscaled,cpu,nan,nan,nan,,,,,,,,nan,nan,nan,nan,nan,nan,False,,,,,,,,,nan,nan,nan,nan,,,,[],False,nan,nan,nan,,,nan,nan,nan,False,nan,,,False,,nan,nan,,,nan,nan,nan,False,nan,,,,False,nan,nan,,nan,nan,,,legacy_multistart,
fig4,full_6d_constrained_jones_peb,7,1914929603,-5.0,snr_db,-5.0,3,3,3,3,full_6d,1914929603,fixed_full6d_reference_sigma2,full_6d,2.3277959845425356,4d56d7245f00e7e6,False,,0.0015209829434752464,nan,nan,nan,nan,nan,nan,False,,,,False,,,,,,,,,,,,,,,,,,,,,,,,False,,,nan,nan,nan,nan,False,,,nan,nan,,,,,[],nan,,,nan,nan,nan,nan,,nan,nan,nan,0.0006029482028873672,nan,nan,0.0006029482028873672,0.0006029545772165476,0.0006029482028873672,nan,constrained_jones_peb,constrained,0.0006029482028873672,nan,0.0006029545772165476,4.0,4.0,0.0,85.34641686574984,85.34477319947686,nan,True,False,disabled,nan,nan,8.03318115972563e-15,31.28128773163005,nan,True,False,84f1975fc112e22552cd5389ecb9ea5e68088b810ed0a30ff85dfd5971674377,2.3277959845425356,computed_unscaled,cpu,nan,nan,nan,,,,,,,,nan,nan,nan,nan,nan,nan,False,,,,,,,,,nan,nan,nan,nan,,,,[],False,nan,nan,nan,,,nan,nan,nan,False,nan,,,False,,nan,nan,,,nan,nan,nan,False,nan,,,,False,nan,nan,,nan,nan,,,legacy_multistart,
fig4,scalar_peb,15,2734808712,-5.0,snr_db,-5.0,3,3,3,3,scalar,2734808712,fixed_full6d_reference_sigma2,full_6d,0.36476052765804357,4cf7d5eb6ae9d343,False,,13.328944242093712,nan,nan,nan,nan,nan,nan,False,,,,False,,,,,,,,,,,,,,,,,,,,,,,,False,,,nan,nan,nan,nan,False,,,nan,nan,,,,,[],nan,,,nan,nan,nan,nan,,nan,nan,nan,0.01804336829071648,0.01804336829071648,nan,nan,0.01804336829071648,0.0006155733889691627,nan,free_jones_peb,free,0.0006155733889691627,nan,0.01804336829071648,4.0,4.0,0.0,100.89591029078701,70.00822677902677,nan,True,False,disabled,nan,nan,9.427562437268475e-15,2740559.7417689995,nan,True,False,d79defabb728f9ef2a9cb498979e3e0a06d619a6bb25b684616b7fd7193da39d,0.36476052765804357,computed_unscaled,cpu,nan,nan,nan,,,,,,,,nan,nan,nan,nan,nan,nan,False,,,,,,,,,nan,nan,nan,nan,,,,[],False,nan,nan,nan,,,nan,nan,nan,False,nan,,,False,,nan,nan,,,nan,nan,nan,False,nan,,,,False,nan,nan,,nan,nan,,,legacy_multistart,
fig4,dual_pol_peb,15,2734808712,-5.0,snr_db,-5.0,3,3,3,3,dual_pol,2734808712,fixed_full6d_reference_sigma2,full_6d,0.36476052765804357,4cf7d5eb6ae9d343,False,,16.955176085000858,nan,nan,nan,nan,nan,nan,False,,,,False,,,,,,,,,,,,,,,,,,,,,,,,False,,,nan,nan,nan,nan,False,,,nan,nan,,,,,[],nan,,,nan,nan,nan,nan,,nan,nan,nan,0.0017342992227720047,nan,0.0017342992227720047,nan,0.0017342992227720047,0.0006155733889691627,nan,free_jones_peb,free,0.0006155733889691627,nan,0.0017342992227720047,4.0,4.0,0.0,70.20744561300263,70.00822677902677,nan,True,False,disabled,nan,nan,5.226771736975851e-15,2397643.306040118,nan,True,False,2dd75ddc8fcab391f115d7c89ff58c856a8850fc1d32139859277407aa090c9f,0.36476052765804357,computed_unscaled,cpu,nan,nan,nan,,,,,,,,nan,nan,nan,nan,nan,nan,False,,,,,,,,,nan,nan,nan,nan,,,,[],False,nan,nan,nan,,,nan,nan,nan,False,nan,,,False,,nan,nan,,,nan,nan,nan,False,nan,,,,False,nan,nan,,nan,nan,,,legacy_multistart,
fig4,full_6d_evs_peb,15,2734808712,-5.0,snr_db,-5.0,3,3,3,3,full_6d,2734808712,fixed_full6d_reference_sigma2,full_6d,0.36476052765804357,4cf7d5eb6ae9d343,False,,17.18340374692343,nan,nan,nan,nan,nan,nan,False,,,,False,,,,,,,,,,,,,,,,,,,,,,,,False,,,nan,nan,nan,nan,False,,,nan,nan,,,,,[],nan,,,nan,nan,nan,nan,,nan,nan,nan,0.0006155747828861733,nan,nan,0.0006155747828861733,0.0006155747828861733,0.0006155733889691627,nan,free_jones_peb,free,0.0006155733889691627,nan,0.0006155747828861733,4.0,4.0,0.0,70.00906531898141,70.00822677902677,nan,True,False,disabled,nan,nan,7.523865455648335e-15,3.1904898473991414,nan,True,False,3745774ba39f0b3a489ec82705d3e30e7ac3ac0889ba9ff94e26de5537c07034,0.36476052765804357,computed_unscaled,cpu,nan,nan,nan,,,,,,,,nan,nan,nan,nan,nan,nan,False,,,,,,,,,nan,nan,nan,nan,,,,[],False,nan,nan,nan,,,nan,nan,nan,False,nan,,,False,,nan,nan,,,nan,nan,nan,False,nan,,,,False,nan,nan,,nan,nan,,,legacy_multistart,
fig4,full_6d_constrained_jones_peb,15,2734808712,-5.0,snr_db,-5.0,3,3,3,3,full_6d,2734808712,fixed_full6d_reference_sigma2,full_6d,0.36476052765804357,4cf7d5eb6ae9d343,False,,0.0014493810012936592,nan,nan,nan,nan,nan,nan,False,,,,False,,,,,,,,,,,,,,,,,,,,,,,,False,,,nan,nan,nan,nan,False,,,nan,nan,,,,,[],nan,,,nan,nan,nan,nan,,nan,nan,nan,0.0006155733889691627,nan,nan,0.0006155733889691627,0.0006155747828861733,0.0006155733889691627,nan,constrained_jones_peb,constrained,0.0006155733889691627,nan,0.0006155747828861733,4.0,4.0,0.0,70.00906531898141,70.00822677902677,nan,True,False,disabled,nan,nan,7.523865455648335e-15,3.1904898473991414,nan,True,False,3745774ba39f0b3a489ec82705d3e30e7ac3ac0889ba9ff94e26de5537c07034,0.36476052765804357,computed_unscaled,cpu,nan,nan,nan,,,,,,,,nan,nan,nan,nan,nan,nan,False,,,,,,,,,nan,nan,nan,nan,,,,[],False,nan,nan,nan,,,nan,nan,nan,False,nan,,,False,,nan,nan,,,nan,nan,nan,False,nan,,,,False,nan,nan,,nan,nan,,,legacy_multistart,
fig4,scalar_peb,0,3147786918,0.0,snr_db,0.0,3,3,3,3,scalar,3147786918,fixed_full6d_reference_sigma2,full_6d,0.3964529139661309,e248008b44e988d5,False,,10.7878062420059,nan,nan,nan,nan,nan,nan,False,,,,False,,,,,,,,,,,,,,,,,,,,,,,,False,,,nan,nan,nan,nan,False,,,nan,nan,,,,,[],nan,,,nan,nan,nan,nan,,nan,nan,nan,0.011693779852249954,0.011693779852249954,nan,nan,0.011693779852249954,0.00035711608889142253,nan,free_jones_peb,free,0.00035711608889142253,nan,0.011693779852249954,4.0,4.0,0.0,109.80760458159133,69.8455842282633,nan,True,False,disabled,nan,nan,1.2535766870049865e-14,8211569.473903177,nan,True,False,cd96a98a06084da1d3e00a46ddfc6c9c51a558c9423886cb8941ee6de2c16ba9,0.3964529139661309,computed_unscaled,cpu,nan,nan,nan,,,,,,,,nan,nan,nan,nan,nan,nan,False,,,,,,,,,nan,nan,nan,nan,,,,[],False,nan,nan,nan,,,nan,nan,nan,False,nan,,,False,,nan,nan,,,nan,nan,nan,False,nan,,,,False,nan,nan,,nan,nan,,,legacy_multistart,
fig4,dual_pol_peb,0,3147786918,0.0,snr_db,0.0,3,3,3,3,dual_pol,3147786918,fixed_full6d_reference_sigma2,full_6d,0.3964529139661309,e248008b44e988d5,False,,8.932888538111001,nan,nan,nan,nan,nan,nan,False,,,,False,,,,,,,,,,,,,,,,,,,,,,,,False,,,nan,nan,nan,nan,False,,,nan,nan,,,,,[],nan,,,nan,nan,nan,nan,,nan,nan,nan,0.001579902919797071,nan,0.001579902919797071,nan,0.001579902919797071,0.00035711608889142253,nan,free_jones_peb,free,0.00035711608889142253,nan,0.001579902919797071,4.0,4.0,0.0,74.38377110368802,69.8455842282633,nan,True,False,disabled,nan,nan,8.920803399536529e-15,7776575.306696876,nan,True,False,8dc4f470547f71c7bbbfab20d66331fe815668d9c9eb7a3dceadd43db18a7ee2,0.3964529139661309,computed_unscaled,cpu,nan,nan,nan,,,,,,,,nan,nan,nan,nan,nan,nan,False,,,,,,,,,nan,nan,nan,nan,,,,[],False,nan,nan,nan,,,nan,nan,nan,False,nan,,,False,,nan,nan,,,nan,nan,nan,False,nan,,,,False,nan,nan,,nan,nan,,,legacy_multistart,
fig4,full_6d_evs_peb,0,3147786918,0.0,snr_db,0.0,3,3,3,3,full_6d,3147786918,fixed_full6d_reference_sigma2,full_6d,0.3964529139661309,e248008b44e988d5,False,,10.0842603049241,nan,nan,nan,nan,nan,nan,False,,,,False,,,,,,,,,,,,,,,,,,,,,,,,False,,,nan,nan,nan,nan,False,,,nan,nan,,,,,[],nan,,,nan,nan,nan,nan,,nan,nan,nan,0.0003571212682911197,nan,nan,0.0003571212682911197,0.0003571212682911197,0.00035711608889142253,nan,free_jones_peb,free,0.00035711608889142253,nan,0.0003571212682911197,4.0,4.0,0.0,69.84801761628553,69.8455842282633,nan,True,False,disabled,nan,nan,7.118297340560659e-15,34.10037283960188,nan,True,False,7c738a48c71d396c30709f16037cef480e872ff8eba0c095999cea8980974cb0,0.3964529139661309,computed_unscaled,cpu,nan,nan,nan,,,,,,,,nan,nan,nan,nan,nan,nan,False,,,,,,,,,nan,nan,nan,nan,,,,[],False,nan,nan,nan,,,nan,nan,nan,False,nan,,,False,,nan,nan,,,nan,nan,nan,False,nan,,,,False,nan,nan,,nan,nan,,,legacy_multistart,
fig4,full_6d_constrained_jones_peb,0,3147786918,0.0,snr_db,0.0,3,3,3,3,full_6d,3147786918,fixed_full6d_reference_sigma2,full_6d,0.3964529139661309,e248008b44e988d5,False,,0.0013090809807181358,nan,nan,nan,nan,nan,nan,False,,,,False,,,,,,,,,,,,,,,,,,,,,,,,False,,,nan,nan,nan,nan,False,,,nan,nan,,,,,[],nan,,,nan,nan,nan,nan,,nan,nan,nan,0.00035711608889142253,nan,nan,0.00035711608889142253,0.0003571212682911197,0.00035711608889142253,nan,constrained_jones_peb,constrained,0.00035711608889142253,nan,0.0003571212682911197,4.0,4.0,0.0,69.84801761628553,69.8455842282633,nan,True,False,disabled,nan,nan,7.118297340560659e-15,34.10037283960188,nan,True,False,7c738a48c71d396c30709f16037cef480e872ff8eba0c095999cea8980974cb0,0.3964529139661309,computed_unscaled,cpu,nan,nan,nan,,,,,,,,nan,nan,nan,nan,nan,nan,False,,,,,,,,,nan,nan,nan,nan,,,,[],False,nan,nan,nan,,,nan,nan,nan,False,nan,,,False,,nan,nan,,,nan,nan,nan,False,nan,,,,False,nan,nan,,nan,nan,,,legacy_multistart,
fig4,scalar_peb,22,3206710796,-5.0,snr_db,-5.0,3,3,3,3,scalar,3206710796,fixed_full6d_reference_sigma2,full_6d,0.33916235200905503,78fb41ee68a5dfa8,False,,12.791280684992671,nan,nan,nan,nan,nan,nan,False,,,,False,,,,,,,,,,,,,,,,,,,,,,,,False,,,nan,nan,nan,nan,False,,,nan,nan,,,,,[],nan,,,nan,nan,nan,nan,,nan,nan,nan,0.017954363221141207,0.017954363221141207,nan,nan,0.017954363221141207,0.000755430871708882,nan,free_jones_peb,free,0.000755430871708882,nan,0.017954363221141207,4.0,4.0,0.0,111.05749458953498,85.51685239788138,nan,True,False,disabled,nan,nan,5.562520467840031e-15,1793749.9441167163,nan,True,False,f9080b4e68e4aed660f7139dac97037d1e8fed6d4a9602cdbdb2d46386fc4c30,0.33916235200905503,computed_unscaled,cpu,nan,nan,nan,,,,,,,,nan,nan,nan,nan,nan,nan,False,,,,,,,,,nan,nan,nan,nan,,,,[],False,nan,nan,nan,,,nan,nan,nan,False,nan,,,False,,nan,nan,,,nan,nan,nan,False,nan,,,,False,nan,nan,,nan,nan,,,legacy_multistart,
fig4,dual_pol_peb,22,3206710796,-5.0,snr_db,-5.0,3,3,3,3,dual_pol,3206710796,fixed_full6d_reference_sigma2,full_6d,0.33916235200905503,78fb41ee68a5dfa8,False,,12.85545089514926,nan,nan,nan,nan,nan,nan,False,,,,False,,,,,,,,,,,,,,,,,,,,,,,,False,,,nan,nan,nan,nan,False,,,nan,nan,,,,,[],nan,,,nan,nan,nan,nan,,nan,nan,nan,0.002580138294559031,nan,0.002580138294559031,nan,0.002580138294559031,0.000755430871708882,nan,free_jones_peb,free,0.000755430871708882,nan,0.002580138294559031,4.0,4.0,0.0,85.63788320864272,85.51685239788138,nan,True,False,disabled,nan,nan,6.6628134199743195e-15,1643276.5957316004,nan,True,False,419299da458ee1792ab0bf9d32fc334a7c54ce3cdd856294255dc0759783f127,0.33916235200905503,computed_unscaled,cpu,nan,nan,nan,,,,,,,,nan,nan,nan,nan,nan,nan,False,,,,,,,,,nan,nan,nan,nan,,,,[],False,nan,nan,nan,,,nan,nan,nan,False,nan,,,False,,nan,nan,,,nan,nan,nan,False,nan,,,,False,nan,nan,,nan,nan,,,legacy_multistart,
fig4,full_6d_evs_peb,22,3206710796,-5.0,snr_db,-5.0,3,3,3,3,full_6d,3206710796,fixed_full6d_reference_sigma2,full_6d,0.33916235200905503,78fb41ee68a5dfa8,False,,13.075563278980553,nan,nan,nan,nan,nan,nan,False,,,,False,,,,,,,,,,,,,,,,,,,,,,,,False,,,nan,nan,nan,nan,False,,,nan,nan,,,,,[],nan,,,nan,nan,nan,nan,,nan,nan,nan,0.0007554398024572056,nan,nan,0.0007554398024572056,0.0007554398024572056,0.000755430871708882,nan,free_jones_peb,free,0.000755430871708882,nan,0.0007554398024572056,4.0,4.0,0.0,85.51320048103591,85.51685239788138,nan,True,False,disabled,nan,nan,3.553516597779522e-15,31.952518364606853,nan,True,False,c84ba72aa3a760a0760b6b67e247dbffd03ad56315a9283ecceeafa1a6824f29,0.33916235200905503,computed_unscaled,cpu,nan,nan,nan,,,,,,,,nan,nan,nan,nan,nan,nan,False,,,,,,,,,nan,nan,nan,nan,,,,[],False,nan,nan,nan,,,nan,nan,nan,False,nan,,,False,,nan,nan,,,nan,nan,nan,False,nan,,,,False,nan,nan,,nan,nan,,,legacy_multistart,
fig4,full_6d_constrained_jones_peb,22,3206710796,-5.0,snr_db,-5.0,3,3,3,3,full_6d,3206710796,fixed_full6d_reference_sigma2,full_6d,0.33916235200905503,78fb41ee68a5dfa8,False,,0.0014134198427200317,nan,nan,nan,nan,nan,nan,False,,,,False,,,,,,,,,,,,,,,,,,,,,,,,False,,,nan,nan,nan,nan,False,,,nan,nan,,,,,[],nan,,,nan,nan,nan,nan,,nan,nan,nan,0.000755430871708882,nan,nan,0.000755430871708882,0.0007554398024572056,0.000755430871708882,nan,constrained_jones_peb,constrained,0.000755430871708882,nan,0.0007554398024572056,4.0,4.0,0.0,85.51320048103591,85.51685239788138,nan,True,False,disabled,nan,nan,3.553516597779522e-15,31.952518364606853,nan,True,False,c84ba72aa3a760a0760b6b67e247dbffd03ad56315a9283ecceeafa1a6824f29,0.33916235200905503,computed_unscaled,cpu,nan,nan,nan,,,,,,,,nan,nan,nan,nan,nan,nan,False,,,,,,,,,nan,nan,nan,nan,,,,[],False,nan,nan,nan,,,nan,nan,nan,False,nan,,,False,,nan,nan,,,nan,nan,nan,False,nan,,,,False,nan,nan,,nan,nan,,,legacy_multistart,
fig4,scalar_peb,21,4000820147,-5.0,snr_db,-5.0,3,3,3,3,scalar,4000820147,fixed_full6d_reference_sigma2,full_6d,1.1001813187950489,874cd4c24b2e5bd8,False,,12.935022583929822,nan,nan,nan,nan,nan,nan,False,,,,False,,,,,,,,,,,,,,,,,,,,,,,,False,,,nan,nan,nan,nan,False,,,nan,nan,,,,,[],nan,,,nan,nan,nan,nan,,nan,nan,nan,0.021298387920064638,0.021298387920064638,nan,nan,0.021298387920064638,0.000829973609068121,nan,free_jones_peb,free,0.000829973609068121,nan,0.021298387920064638,4.0,4.0,0.0,192.14024865477816,135.40362900470882,nan,True,False,disabled,nan,nan,4.515908524981676e-15,1617068.0623868702,nan,True,False,90fd0c6eb62c194f065ae6c36fd149de6fbbaab36cb9bbe6aae7357be0bf6268,1.1001813187950489,computed_unscaled,cpu,nan,nan,nan,,,,,,,,nan,nan,nan,nan,nan,nan,False,,,,,,,,,nan,nan,nan,nan,,,,[],False,nan,nan,nan,,,nan,nan,nan,False,nan,,,False,,nan,nan,,,nan,nan,nan,False,nan,,,,False,nan,nan,,nan,nan,,,legacy_multistart,
fig4,dual_pol_peb,21,4000820147,-5.0,snr_db,-5.0,3,3,3,3,dual_pol,4000820147,fixed_full6d_reference_sigma2,full_6d,1.1001813187950489,874cd4c24b2e5bd8,False,,12.760290496051311,nan,nan,nan,nan,nan,nan,False,,,,False,,,,,,,,,,,,,,,,,,,,,,,,False,,,nan,nan,nan,nan,False,,,nan,nan,,,,,[],nan,,,nan,nan,nan,nan,,nan,nan,nan,0.0025210015381661286,nan,0.0025210015381661286,nan,0.0025210015381661286,0.000829973609068121,nan,free_jones_peb,free,0.000829973609068121,nan,0.0025210015381661286,4.0,4.0,0.0,90.93335138686709,135.40362900470882,nan,True,False,disabled,nan,nan,6.645579397513066e-15,1449101.4282917422,nan,True,False,afbebe42be898c368ac7152ce735fccf59acb013ca9e955cc19c791d910da41c,1.1001813187950489,computed_unscaled,cpu,nan,nan,nan,,,,,,,,nan,nan,nan,nan,nan,nan,False,,,,,,,,,nan,nan,nan,nan,,,,[],False,nan,nan,nan,,,nan,nan,nan,False,nan,,,False,,nan,nan,,,nan,nan,nan,False,nan,,,,False,nan,nan,,nan,nan,,,legacy_multistart,
fig4,full_6d_evs_peb,21,4000820147,-5.0,snr_db,-5.0,3,3,3,3,full_6d,4000820147,fixed_full6d_reference_sigma2,full_6d,1.1001813187950489,874cd4c24b2e5bd8,False,,15.277621533954516,nan,nan,nan,nan,nan,nan,False,,,,False,,,,,,,,,,,,,,,,,,,,,,,,False,,,nan,nan,nan,nan,False,,,nan,nan,,,,,[],nan,,,nan,nan,nan,nan,,nan,nan,nan,0.0008299829535644942,nan,nan,0.0008299829535644942,0.0008299829535644942,0.000829973609068121,nan,free_jones_peb,free,0.000829973609068121,nan,0.0008299829535644942,4.0,4.0,0.0,135.40624207974676,135.40362900470882,nan,True,False,disabled,nan,nan,5.716757894419463e-15,27.440595038664757,nan,True,False,f7a047bb7013efbe33f31c7f789c22a5d5f4d1899bcaccc54b42258dbd7f4038,1.1001813187950489,computed_unscaled,cpu,nan,nan,nan,,,,,,,,nan,nan,nan,nan,nan,nan,False,,,,,,,,,nan,nan,nan,nan,,,,[],False,nan,nan,nan,,,nan,nan,nan,False,nan,,,False,,nan,nan,,,nan,nan,nan,False,nan,,,,False,nan,nan,,nan,nan,,,legacy_multistart,
fig4,full_6d_constrained_jones_peb,21,4000820147,-5.0,snr_db,-5.0,3,3,3,3,full_6d,4000820147,fixed_full6d_reference_sigma2,full_6d,1.1001813187950489,874cd4c24b2e5bd8,False,,0.0014732049312442541,nan,nan,nan,nan,nan,nan,False,,,,False,,,,,,,,,,,,,,,,,,,,,,,,False,,,nan,nan,nan,nan,False,,,nan,nan,,,,,[],nan,,,nan,nan,nan,nan,,nan,nan,nan,0.000829973609068121,nan,nan,0.000829973609068121,0.0008299829535644942,0.000829973609068121,nan,constrained_jones_peb,constrained,0.000829973609068121,nan,0.0008299829535644942,4.0,4.0,0.0,135.40624207974676,135.40362900470882,nan,True,False,disabled,nan,nan,5.716757894419463e-15,27.440595038664757,nan,True,False,f7a047bb7013efbe33f31c7f789c22a5d5f4d1899bcaccc54b42258dbd7f4038,1.1001813187950489,computed_unscaled,cpu,nan,nan,nan,,,,,,,,nan,nan,nan,nan,nan,nan,False,,,,,,,,,nan,nan,nan,nan,,,,[],False,nan,nan,nan,,,nan,nan,nan,False,nan,,,False,,nan,nan,,,nan,nan,nan,False,nan,,,,False,nan,nan,,nan,nan,,,legacy_multistart,
fig4,scalar_peb,20,3607282624,-5.0,snr_db,-5.0,3,3,3,3,scalar,3607282624,fixed_full6d_reference_sigma2,full_6d,1.808998938897974,8437d97e475cccc5,False,,13.21578294201754,nan,nan,nan,nan,nan,nan,False,,,,False,,,,,,,,,,,,,,,,,,,,,,,,False,,,nan,nan,nan,nan,False,,,nan,nan,,,,,[],nan,,,nan,nan,nan,nan,,nan,nan,nan,0.020023370459338854,0.020023370459338854,nan,nan,0.020023370459338854,0.0006003391443624766,nan,free_jones_peb,free,0.0006003391443624766,nan,0.020023370459338854,4.0,4.0,0.0,140.8525361239948,65.44480715415628,nan,True,False,disabled,nan,nan,5.093757360844319e-15,2712943.622908838,nan,True,False,d55a112d2b0e8a5bbe2e9ebbc09713c232ec12817530458a0e96df3c2ffa5f97,1.808998938897974,computed_unscaled,cpu,nan,nan,nan,,,,,,,,nan,nan,nan,nan,nan,nan,False,,,,,,,,,nan,nan,nan,nan,,,,[],False,nan,nan,nan,,,nan,nan,nan,False,nan,,,False,,nan,nan,,,nan,nan,nan,False,nan,,,,False,nan,nan,,nan,nan,,,legacy_multistart,
fig4,dual_pol_peb,20,3607282624,-5.0,snr_db,-5.0,3,3,3,3,dual_pol,3607282624,fixed_full6d_reference_sigma2,full_6d,1.808998938897974,8437d97e475cccc5,False,,16.418039178010076,nan,nan,nan,nan,nan,nan,False,,,,False,,,,,,,,,,,,,,,,,,,,,,,,False,,,nan,nan,nan,nan,False,,,nan,nan,,,,,[],nan,,,nan,nan,nan,nan,,nan,nan,nan,0.0014113656800012727,nan,0.0014113656800012727,nan,0.0014113656800012727,0.0006003391443624766,nan,free_jones_peb,free,0.0006003391443624766,nan,0.0014113656800012727,4.0,4.0,0.0,65.94175143404574,65.44480715415628,nan,True,False,disabled,nan,nan,3.409812961799381e-15,2232519.907114832,nan,True,False,69f791d10fa1c5e844325c11b57a310bf435d47976592123c61e7bd2e017cefc,1.808998938897974,computed_unscaled,cpu,nan,nan,nan,,,,,,,,nan,nan,nan,nan,nan,nan,False,,,,,,,,,nan,nan,nan,nan,,,,[],False,nan,nan,nan,,,nan,nan,nan,False,nan,,,False,,nan,nan,,,nan,nan,nan,False,nan,,,,False,nan,nan,,nan,nan,,,legacy_multistart,
fig4,full_6d_evs_peb,20,3607282624,-5.0,snr_db,-5.0,3,3,3,3,full_6d,3607282624,fixed_full6d_reference_sigma2,full_6d,1.808998938897974,8437d97e475cccc5,False,,16.765275397105142,nan,nan,nan,nan,nan,nan,False,,,,False,,,,,,,,,,,,,,,,,,,,,,,,False,,,nan,nan,nan,nan,False,,,nan,nan,,,,,[],nan,,,nan,nan,nan,nan,,nan,nan,nan,0.0006003400235130783,nan,nan,0.0006003400235130783,0.0006003400235130783,0.0006003391443624766,nan,free_jones_peb,free,0.0006003391443624766,nan,0.0006003400235130783,4.0,4.0,0.0,65.44704181364827,65.44480715415628,nan,True,False,disabled,nan,nan,4.605340750794522e-15,0.48037949221707743,nan,True,False,614c1d5045ebcd05d85977496f662de337f9fdc3d750d62d2ed64ea91c25b070,1.808998938897974,computed_unscaled,cpu,nan,nan,nan,,,,,,,,nan,nan,nan,nan,nan,nan,False,,,,,,,,,nan,nan,nan,nan,,,,[],False,nan,nan,nan,,,nan,nan,nan,False,nan,,,False,,nan,nan,,,nan,nan,nan,False,nan,,,,False,nan,nan,,nan,nan,,,legacy_multistart,
fig4,full_6d_constrained_jones_peb,20,3607282624,-5.0,snr_db,-5.0,3,3,3,3,full_6d,3607282624,fixed_full6d_reference_sigma2,full_6d,1.808998938897974,8437d97e475cccc5,False,,0.0014103550929576159,nan,nan,nan,nan,nan,nan,False,,,,False,,,,,,,,,,,,,,,,,,,,,,,,False,,,nan,nan,nan,nan,False,,,nan,nan,,,,,[],nan,,,nan,nan,nan,nan,,nan,nan,nan,0.0006003391443624766,nan,nan,0.0006003391443624766,0.0006003400235130783,0.0006003391443624766,nan,constrained_jones_peb,constrained,0.0006003391443624766,nan,0.0006003400235130783,4.0,4.0,0.0,65.44704181364827,65.44480715415628,nan,True,False,disabled,nan,nan,4.605340750794522e-15,0.48037949221707743,nan,True,False,614c1d5045ebcd05d85977496f662de337f9fdc3d750d62d2ed64ea91c25b070,1.808998938897974,computed_unscaled,cpu,nan,nan,nan,,,,,,,,nan,nan,nan,nan,nan,nan,False,,,,,,,,,nan,nan,nan,nan,,,,[],False,nan,nan,nan,,,nan,nan,nan,False,nan,,,False,,nan,nan,,,nan,nan,nan,False,nan,,,,False,nan,nan,,nan,nan,,,legacy_multistart,
fig4,scalar_peb,19,3846521747,-5.0,snr_db,-5.0,3,3,3,3,scalar,3846521747,fixed_full6d_reference_sigma2,full_6d,0.3749839394765869,22cd3f4309a400e5,False,,17.558130138088018,nan,nan,nan,nan,nan,nan,False,,,,False,,,,,,,,,,,,,,,,,,,,,,,,False,,,nan,nan,nan,nan,False,,,nan,nan,,,,,[],nan,,,nan,nan,nan,nan,,nan,nan,nan,0.022347795570940614,0.022347795570940614,nan,nan,0.022347795570940614,0.0007035431031790079,nan,free_jones_peb,free,0.0007035431031790079,nan,0.022347795570940614,4.0,4.0,0.0,138.35265111308033,81.02670887627161,nan,True,False,disabled,nan,nan,5.076200717234088e-15,2093100.296382092,nan,True,False,0b8a9b663ca2c0e1d92176cbed39120875d02f4c6be3dc160568c7233976ffc2,0.3749839394765869,computed_unscaled,cpu,nan,nan,nan,,,,,,,,nan,nan,nan,nan,nan,nan,False,,,,,,,,,nan,nan,nan,nan,,,,[],False,nan,nan,nan,,,nan,nan,nan,False,nan,,,False,,nan,nan,,,nan,nan,nan,False,nan,,,,False,nan,nan,,nan,nan,,,legacy_multistart,
fig4,dual_pol_peb,19,3846521747,-5.0,snr_db,-5.0,3,3,3,3,dual_pol,3846521747,fixed_full6d_reference_sigma2,full_6d,0.3749839394765869,22cd3f4309a400e5,False,,17.23510320018977,nan,nan,nan,nan,nan,nan,False,,,,False,,,,,,,,,,,,,,,,,,,,,,,,False,,,nan,nan,nan,nan,False,,,nan,nan,,,,,[],nan,,,nan,nan,nan,nan,,nan,nan,nan,0.002848183458462685,nan,0.002848183458462685,nan,0.002848183458462685,0.0007035431031790079,nan,free_jones_peb,free,0.0007035431031790079,nan,0.002848183458462685,4.0,4.0,0.0,84.04221565549445,81.02670887627161,nan,True,False,disabled,nan,nan,5.510510613605769e-15,1967235.07266802,nan,True,False,dca030af82f710bcb535a4a0e546d3403fad4f1f40adb5820a43ca6b9c02e1ab,0.3749839394765869,computed_unscaled,cpu,nan,nan,nan,,,,,,,,nan,nan,nan,nan,nan,nan,False,,,,,,,,,nan,nan,nan,nan,,,,[],False,nan,nan,nan,,,nan,nan,nan,False,nan,,,False,,nan,nan,,,nan,nan,nan,False,nan,,,,False,nan,nan,,nan,nan,,,legacy_multistart,
fig4,full_6d_evs_peb,19,3846521747,-5.0,snr_db,-5.0,3,3,3,3,full_6d,3846521747,fixed_full6d_reference_sigma2,full_6d,0.3749839394765869,22cd3f4309a400e5,False,,16.965268855914474,nan,nan,nan,nan,nan,nan,False,,,,False,,,,,,,,,,,,,,,,,,,,,,,,False,,,nan,nan,nan,nan,False,,,nan,nan,,,,,[],nan,,,nan,nan,nan,nan,,nan,nan,nan,0.0007035534536445204,nan,nan,0.0007035534536445204,0.0007035534536445204,0.0007035431031790079,nan,free_jones_peb,free,0.0007035431031790079,nan,0.0007035534536445204,4.0,4.0,0.0,81.02735268366338,81.02670887627161,nan,True,False,disabled,nan,nan,3.195250174937673e-15,5.3689410895490886,nan,True,False,66683f008884b5deaddb95c24fc2a892e518e793d697d2821f0c6f98570400e4,0.3749839394765869,computed_unscaled,cpu,nan,nan,nan,,,,,,,,nan,nan,nan,nan,nan,nan,False,,,,,,,,,nan,nan,nan,nan,,,,[],False,nan,nan,nan,,,nan,nan,nan,False,nan,,,False,,nan,nan,,,nan,nan,nan,False,nan,,,,False,nan,nan,,nan,nan,,,legacy_multistart,
fig4,full_6d_constrained_jones_peb,19,3846521747,-5.0,snr_db,-5.0,3,3,3,3,full_6d,3846521747,fixed_full6d_reference_sigma2,full_6d,0.3749839394765869,22cd3f4309a400e5,False,,0.0014689159579575062,nan,nan,nan,nan,nan,nan,False,,,,False,,,,,,,,,,,,,,,,,,,,,,,,False,,,nan,nan,nan,nan,False,,,nan,nan,,,,,[],nan,,,nan,nan,nan,nan,,nan,nan,nan,0.0007035431031790079,nan,nan,0.0007035431031790079,0.0007035534536445204,0.0007035431031790079,nan,constrained_jones_peb,constrained,0.0007035431031790079,nan,0.0007035534536445204,4.0,4.0,0.0,81.02735268366338,81.02670887627161,nan,True,False,disabled,nan,nan,3.195250174937673e-15,5.3689410895490886,nan,True,False,66683f008884b5deaddb95c24fc2a892e518e793d697d2821f0c6f98570400e4,0.3749839394765869,computed_unscaled,cpu,nan,nan,nan,,,,,,,,nan,nan,nan,nan,nan,nan,False,,,,,,,,,nan,nan,nan,nan,,,,[],False,nan,nan,nan,,,nan,nan,nan,False,nan,,,False,,nan,nan,,,nan,nan,nan,False,nan,,,,False,nan,nan,,nan,nan,,,legacy_multistart,
fig4,scalar_peb,23,2043173887,-5.0,snr_db,-5.0,3,3,3,3,scalar,2043173887,fixed_full6d_reference_sigma2,full_6d,1.0358538720112092,f0883e7014cc5788,False,,17.32846164610237,nan,nan,nan,nan,nan,nan,False,,,,False,,,,,,,,,,,,,,,,,,,,,,,,False,,,nan,nan,nan,nan,False,,,nan,nan,,,,,[],nan,,,nan,nan,nan,nan,,nan,nan,nan,0.02789091542494994,0.02789091542494994,nan,nan,0.02789091542494994,0.0006230441786767477,nan,free_jones_peb,free,0.0006230441786767477,nan,0.02789091542494994,4.0,4.0,0.0,82.84495212885675,63.955704655177655,nan,True,False,disabled,nan,nan,1.0712810442562143e-14,2653353.5114102573,nan,True,False,87d11b30b2b354763affc746a406804beff6231c93115ab9e8564b2555508918,1.0358538720112092,computed_unscaled,cpu,nan,nan,nan,,,,,,,,nan,nan,nan,nan,nan,nan,False,,,,,,,,,nan,nan,nan,nan,,,,[],False,nan,nan,nan,,,nan,nan,nan,False,nan,,,False,,nan,nan,,,nan,nan,nan,False,nan,,,,False,nan,nan,,nan,nan,,,legacy_multistart,
fig4,dual_pol_peb,23,2043173887,-5.0,snr_db,-5.0,3,3,3,3,dual_pol,2043173887,fixed_full6d_reference_sigma2,full_6d,1.0358538720112092,f0883e7014cc5788,False,,17.137436672812328,nan,nan,nan,nan,nan,nan,False,,,,False,,,,,,,,,,,,,,,,,,,,,,,,False,,,nan,nan,nan,nan,False,,,nan,nan,,,,,[],nan,,,nan,nan,nan,nan,,nan,nan,nan,0.0016891503323736914,nan,0.0016891503323736914,nan,0.0016891503323736914,0.0006230441786767477,nan,free_jones_peb,free,0.0006230441786767477,nan,0.0016891503323736914,4.0,4.0,0.0,75.28877965469242,63.955704655177655,nan,True,False,disabled,nan,nan,3.73703092759636e-15,2296060.3065883173,nan,True,False,ba7c54c525669a49f352e03ae343c04d0632702243a7f010eb38ac01de638d7a,1.0358538720112092,computed_unscaled,cpu,nan,nan,nan,,,,,,,,nan,nan,nan,nan,nan,nan,False,,,,,,,,,nan,nan,nan,nan,,,,[],False,nan,nan,nan,,,nan,nan,nan,False,nan,,,False,,nan,nan,,,nan,nan,nan,False,nan,,,,False,nan,nan,,nan,nan,,,legacy_multistart,
fig4,full_6d_evs_peb,23,2043173887,-5.0,snr_db,-5.0,3,3,3,3,full_6d,2043173887,fixed_full6d_reference_sigma2,full_6d,1.0358538720112092,f0883e7014cc5788,False,,17.09370459499769,nan,nan,nan,nan,nan,nan,False,,,,False,,,,,,,,,,,,,,,,,,,,,,,,False,,,nan,nan,nan,nan,False,,,nan,nan,,,,,[],nan,,,nan,nan,nan,nan,,nan,nan,nan,0.0006230569693857981,nan,nan,0.0006230569693857981,0.0006230569693857981,0.0006230441786767477,nan,free_jones_peb,free,0.0006230441786767477,nan,0.0006230569693857981,4.0,4.0,0.0,63.95502988470638,63.955704655177655,nan,True,False,disabled,nan,nan,2.0257349131315145e-15,15.06303687038087,nan,True,False,7093cfec76f40175c6c7c58aa1b5153ce86056a79427b6463226f28ede4d41bd,1.0358538720112092,computed_unscaled,cpu,nan,nan,nan,,,,,,,,nan,nan,nan,nan,nan,nan,False,,,,,,,,,nan,nan,nan,nan,,,,[],False,nan,nan,nan,,,nan,nan,nan,False,nan,,,False,,nan,nan,,,nan,nan,nan,False,nan,,,,False,nan,nan,,nan,nan,,,legacy_multistart,
fig4,full_6d_constrained_jones_peb,23,2043173887,-5.0,snr_db,-5.0,3,3,3,3,full_6d,2043173887,fixed_full6d_reference_sigma2,full_6d,1.0358538720112092,f0883e7014cc5788,False,,0.0014555230736732483,nan,nan,nan,nan,nan,nan,False,,,,False,,,,,,,,,,,,,,,,,,,,,,,,False,,,nan,nan,nan,nan,False,,,nan,nan,,,,,[],nan,,,nan,nan,nan,nan,,nan,nan,nan,0.0006230441786767477,nan,nan,0.0006230441786767477,0.0006230569693857981,0.0006230441786767477,nan,constrained_jones_peb,constrained,0.0006230441786767477,nan,0.0006230569693857981,4.0,4.0,0.0,63.95502988470638,63.955704655177655,nan,True,False,disabled,nan,nan,2.0257349131315145e-15,15.06303687038087,nan,True,False,7093cfec76f40175c6c7c58aa1b5153ce86056a79427b6463226f28ede4d41bd,1.0358538720112092,computed_unscaled,cpu,nan,nan,nan,,,,,,,,nan,nan,nan,nan,nan,nan,False,,,,,,,,,nan,nan,nan,nan,,,,[],False,nan,nan,nan,,,nan,nan,nan,False,nan,,,False,,nan,nan,,,nan,nan,nan,False,nan,,,,False,nan,nan,,nan,nan,,,legacy_multistart,
fig4,scalar_peb,4,287230138,0.0,snr_db,0.0,3,3,3,3,scalar,287230138,fixed_full6d_reference_sigma2,full_6d,0.4943582367100889,f01b4e286b12ec27,False,,9.971217863960192,nan,nan,nan,nan,nan,nan,False,,,,False,,,,,,,,,,,,,,,,,,,,,,,,False,,,nan,nan,nan,nan,False,,,nan,nan,,,,,[],nan,,,nan,nan,nan,nan,,nan,nan,nan,0.009574029017827255,0.009574029017827255,nan,nan,0.009574029017827255,0.00031735039811684373,nan,free_jones_peb,free,0.00031735039811684373,nan,0.009574029017827255,4.0,4.0,0.0,109.10580716526103,76.13476668992482,nan,True,False,disabled,nan,nan,3.276811208296637e-15,9204256.9871279,nan,True,False,3a97bf21da1a2141f67aadd557c78cf8b0d89e00d7c8ece8feadcfc10ca8c45e,0.4943582367100889,computed_unscaled,cpu,nan,nan,nan,,,,,,,,nan,nan,nan,nan,nan,nan,False,,,,,,,,,nan,nan,nan,nan,,,,[],False,nan,nan,nan,,,nan,nan,nan,False,nan,,,False,,nan,nan,,,nan,nan,nan,False,nan,,,,False,nan,nan,,nan,nan,,,legacy_multistart,
fig4,dual_pol_peb,4,287230138,0.0,snr_db,0.0,3,3,3,3,dual_pol,287230138,fixed_full6d_reference_sigma2,full_6d,0.4943582367100889,f01b4e286b12ec27,False,,9.800108743831515,nan,nan,nan,nan,nan,nan,False,,,,False,,,,,,,,,,,,,,,,,,,,,,,,False,,,nan,nan,nan,nan,False,,,nan,nan,,,,,[],nan,,,nan,nan,nan,nan,,nan,nan,nan,0.000766901745337534,nan,0.000766901745337534,nan,0.000766901745337534,0.00031735039811684373,nan,free_jones_peb,free,0.00031735039811684373,nan,0.000766901745337534,4.0,4.0,0.0,73.98742361562098,76.13476668992482,nan,True,False,disabled,nan,nan,4.633780930406088e-15,7574353.022240464,nan,True,False,4fe9f0bc21454d08b4befb801e7720d31b4f6c31543dd0044b72da8dd29691d1,0.4943582367100889,computed_unscaled,cpu,nan,nan,nan,,,,,,,,nan,nan,nan,nan,nan,nan,False,,,,,,,,,nan,nan,nan,nan,,,,[],False,nan,nan,nan,,,nan,nan,nan,False,nan,,,False,,nan,nan,,,nan,nan,nan,False,nan,,,,False,nan,nan,,nan,nan,,,legacy_multistart,
fig4,full_6d_evs_peb,4,287230138,0.0,snr_db,0.0,3,3,3,3,full_6d,287230138,fixed_full6d_reference_sigma2,full_6d,0.4943582367100889,f01b4e286b12ec27,False,,10.163964430103078,nan,nan,nan,nan,nan,nan,False,,,,False,,,,,,,,,,,,,,,,,,,,,,,,False,,,nan,nan,nan,nan,False,,,nan,nan,,,,,[],nan,,,nan,nan,nan,nan,,nan,nan,nan,0.00031735169972478365,nan,nan,0.00031735169972478365,0.00031735169972478365,0.00031735039811684373,nan,free_jones_peb,free,0.00031735039811684373,nan,0.00031735169972478365,4.0,4.0,0.0,76.14182004282638,76.13476668992482,nan,True,False,disabled,nan,nan,1.534536919491038e-14,6.0132410364903635,nan,True,False,72d5586e1e2071d827e37c0d5029359210d7878b9ab9d369f2c38d0e300801aa,0.4943582367100889,computed_unscaled,cpu,nan,nan,nan,,,,,,,,nan,nan,nan,nan,nan,nan,False,,,,,,,,,nan,nan,nan,nan,,,,[],False,nan,nan,nan,,,nan,nan,nan,False,nan,,,False,,nan,nan,,,nan,nan,nan,False,nan,,,,False,nan,nan,,nan,nan,,,legacy_multistart,
fig4,full_6d_constrained_jones_peb,4,287230138,0.0,snr_db,0.0,3,3,3,3,full_6d,287230138,fixed_full6d_reference_sigma2,full_6d,0.4943582367100889,f01b4e286b12ec27,False,,0.0013214950449764729,nan,nan,nan,nan,nan,nan,False,,,,False,,,,,,,,,,,,,,,,,,,,,,,,False,,,nan,nan,nan,nan,False,,,nan,nan,,,,,[],nan,,,nan,nan,nan,nan,,nan,nan,nan,0.00031735039811684373,nan,nan,0.00031735039811684373,0.00031735169972478365,0.00031735039811684373,nan,constrained_jones_peb,constrained,0.00031735039811684373,nan,0.00031735169972478365,4.0,4.0,0.0,76.14182004282638,76.13476668992482,nan,True,False,disabled,nan,nan,1.534536919491038e-14,6.0132410364903635,nan,True,False,72d5586e1e2071d827e37c0d5029359210d7878b9ab9d369f2c38d0e300801aa,0.4943582367100889,computed_unscaled,cpu,nan,nan,nan,,,,,,,,nan,nan,nan,nan,nan,nan,False,,,,,,,,,nan,nan,nan,nan,,,,[],False,nan,nan,nan,,,nan,nan,nan,False,nan,,,False,,nan,nan,,,nan,nan,nan,False,nan,,,,False,nan,nan,,nan,nan,,,legacy_multistart,
fig4,scalar_peb,2,3251202663,0.0,snr_db,0.0,3,3,3,3,scalar,3251202663,fixed_full6d_reference_sigma2,full_6d,0.2287057192270079,482f3c6428924032,False,,12.836622161790729,nan,nan,nan,nan,nan,nan,False,,,,False,,,,,,,,,,,,,,,,,,,,,,,,False,,,nan,nan,nan,nan,False,,,nan,nan,,,,,[],nan,,,nan,nan,nan,nan,,nan,nan,nan,0.011432731658441242,0.011432731658441242,nan,nan,0.011432731658441242,0.00034923499922799144,nan,free_jones_peb,free,0.00034923499922799144,nan,0.011432731658441242,4.0,4.0,0.0,101.20470028285686,73.85928344231222,nan,True,False,disabled,nan,nan,7.00543103912677e-15,8418227.028339896,nan,True,False,fa5a9a3e4ae7e1f83c84d4ef54f3477dae4ed75bbb1629c6c35e848a02dfe917,0.2287057192270079,computed_unscaled,cpu,nan,nan,nan,,,,,,,,nan,nan,nan,nan,nan,nan,False,,,,,,,,,nan,nan,nan,nan,,,,[],False,nan,nan,nan,,,nan,nan,nan,False,nan,,,False,,nan,nan,,,nan,nan,nan,False,nan,,,,False,nan,nan,,nan,nan,,,legacy_multistart,
fig4,dual_pol_peb,2,3251202663,0.0,snr_db,0.0,3,3,3,3,dual_pol,3251202663,fixed_full6d_reference_sigma2,full_6d,0.2287057192270079,482f3c6428924032,False,,12.822678876109421,nan,nan,nan,nan,nan,nan,False,,,,False,,,,,,,,,,,,,,,,,,,,,,,,False,,,nan,nan,nan,nan,False,,,nan,nan,,,,,[],nan,,,nan,nan,nan,nan,,nan,nan,nan,0.0012092690166681888,nan,0.0012092690166681888,nan,0.0012092690166681888,0.00034923499922799144,nan,free_jones_peb,free,0.00034923499922799144,nan,0.0012092690166681888,4.0,4.0,0.0,77.70841776980218,73.85928344231222,nan,True,False,disabled,nan,nan,4.7514808569223005e-15,7705659.140702618,nan,True,False,27b563e44bef6f7dd3fc9a70bc5f4d1231809ee95ff3fa9cf53394b15b7ee739,0.2287057192270079,computed_unscaled,cpu,nan,nan,nan,,,,,,,,nan,nan,nan,nan,nan,nan,False,,,,,,,,,nan,nan,nan,nan,,,,[],False,nan,nan,nan,,,nan,nan,nan,False,nan,,,False,,nan,nan,,,nan,nan,nan,False,nan,,,,False,nan,nan,,nan,nan,,,legacy_multistart,
fig4,full_6d_evs_peb,2,3251202663,0.0,snr_db,0.0,3,3,3,3,full_6d,3251202663,fixed_full6d_reference_sigma2,full_6d,0.2287057192270079,482f3c6428924032,False,,13.081651968881488,nan,nan,nan,nan,nan,nan,False,,,,False,,,,,,,,,,,,,,,,,,,,,,,,False,,,nan,nan,nan,nan,False,,,nan,nan,,,,,[],nan,,,nan,nan,nan,nan,,nan,nan,nan,0.0003492430591697508,nan,nan,0.0003492430591697508,0.0003492430591697508,0.00034923499922799144,nan,free_jones_peb,free,0.00034923499922799144,nan,0.0003492430591697508,4.0,4.0,0.0,73.8601181826467,73.85928344231222,nan,True,False,disabled,nan,nan,2.902620638119001e-15,193.3917926749673,nan,True,False,ba669d51e548d5d57a5c08da45514e8eda76ee1a2847f0b8bc91639b42fa1215,0.2287057192270079,computed_unscaled,cpu,nan,nan,nan,,,,,,,,nan,nan,nan,nan,nan,nan,False,,,,,,,,,nan,nan,nan,nan,,,,[],False,nan,nan,nan,,,nan,nan,nan,False,nan,,,False,,nan,nan,,,nan,nan,nan,False,nan,,,,False,nan,nan,,nan,nan,,,legacy_multistart,
fig4,full_6d_constrained_jones_peb,2,3251202663,0.0,snr_db,0.0,3,3,3,3,full_6d,3251202663,fixed_full6d_reference_sigma2,full_6d,0.2287057192270079,482f3c6428924032,False,,0.0014181178994476795,nan,nan,nan,nan,nan,nan,False,,,,False,,,,,,,,,,,,,,,,,,,,,,,,False,,,nan,nan,nan,nan,False,,,nan,nan,,,,,[],nan,,,nan,nan,nan,nan,,nan,nan,nan,0.00034923499922799144,nan,nan,0.00034923499922799144,0.0003492430591697508,0.00034923499922799144,nan,constrained_jones_peb,constrained,0.00034923499922799144,nan,0.0003492430591697508,4.0,4.0,0.0,73.8601181826467,73.85928344231222,nan,True,False,disabled,nan,nan,2.902620638119001e-15,193.3917926749673,nan,True,False,ba669d51e548d5d57a5c08da45514e8eda76ee1a2847f0b8bc91639b42fa1215,0.2287057192270079,computed_unscaled,cpu,nan,nan,nan,,,,,,,,nan,nan,nan,nan,nan,nan,False,,,,,,,,,nan,nan,nan,nan,,,,[],False,nan,nan,nan,,,nan,nan,nan,False,nan,,,False,,nan,nan,,,nan,nan,nan,False,nan,,,,False,nan,nan,,nan,nan,,,legacy_multistart,
fig4,scalar_peb,1,112311654,0.0,snr_db,0.0,3,3,3,3,scalar,112311654,fixed_full6d_reference_sigma2,full_6d,0.3038314297188423,d899975bd9778f3c,False,,13.677377929212525,nan,nan,nan,nan,nan,nan,False,,,,False,,,,,,,,,,,,,,,,,,,,,,,,False,,,nan,nan,nan,nan,False,,,nan,nan,,,,,[],nan,,,nan,nan,nan,nan,,nan,nan,nan,0.010754231686812195,0.010754231686812195,nan,nan,0.010754231686812195,0.00045428029303028704,nan,free_jones_peb,free,0.00045428029303028704,nan,0.010754231686812195,4.0,4.0,0.0,103.42543501443849,98.55644697864295,nan,True,False,disabled,nan,nan,9.272566127236376e-15,5108062.764015399,nan,True,False,fa6fba46c95bc61c803f79365f0d9505da44453f202847b9b8ecc32965b8cd2d,0.3038314297188423,computed_unscaled,cpu,nan,nan,nan,,,,,,,,nan,nan,nan,nan,nan,nan,False,,,,,,,,,nan,nan,nan,nan,,,,[],False,nan,nan,nan,,,nan,nan,nan,False,nan,,,False,,nan,nan,,,nan,nan,nan,False,nan,,,,False,nan,nan,,nan,nan,,,legacy_multistart,
fig4,dual_pol_peb,1,112311654,0.0,snr_db,0.0,3,3,3,3,dual_pol,112311654,fixed_full6d_reference_sigma2,full_6d,0.3038314297188423,d899975bd9778f3c,False,,13.723019321914762,nan,nan,nan,nan,nan,nan,False,,,,False,,,,,,,,,,,,,,,,,,,,,,,,False,,,nan,nan,nan,nan,False,,,nan,nan,,,,,[],nan,,,nan,nan,nan,nan,,nan,nan,nan,0.0015795862804144818,nan,0.0015795862804144818,nan,0.0015795862804144818,0.00045428029303028704,nan,free_jones_peb,free,0.00045428029303028704,nan,0.0015795862804144818,4.0,4.0,0.0,91.56074979956593,98.55644697864295,nan,True,False,disabled,nan,nan,1.099012706879505e-14,4700836.061208861,nan,True,False,9cb07c157e55079152cdbc0b259ea15448b5812311ff137fa6c78846796d4dab,0.3038314297188423,computed_unscaled,cpu,nan,nan,nan,,,,,,,,nan,nan,nan,nan,nan,nan,False,,,,,,,,,nan,nan,nan,nan,,,,[],False,nan,nan,nan,,,nan,nan,nan,False,nan,,,False,,nan,nan,,,nan,nan,nan,False,nan,,,,False,nan,nan,,nan,nan,,,legacy_multistart,
fig4,full_6d_evs_peb,1,112311654,0.0,snr_db,0.0,3,3,3,3,full_6d,112311654,fixed_full6d_reference_sigma2,full_6d,0.3038314297188423,d899975bd9778f3c,False,,17.394086990971118,nan,nan,nan,nan,nan,nan,False,,,,False,,,,,,,,,,,,,,,,,,,,,,,,False,,,nan,nan,nan,nan,False,,,nan,nan,,,,,[],nan,,,nan,nan,nan,nan,,nan,nan,nan,0.00045428474016656395,nan,nan,0.00045428474016656395,0.00045428474016656395,0.00045428029303028704,nan,free_jones_peb,free,0.00045428029303028704,nan,0.00045428474016656395,4.0,4.0,0.0,98.55800326139406,98.55644697864295,nan,True,False,disabled,nan,nan,1.0742624732050156e-14,59.4833048249498,nan,True,False,e3b48bd20620d3b9b8ef02e72c1473ee968de0b883c8a7b45706956b70dd2349,0.3038314297188423,computed_unscaled,cpu,nan,nan,nan,,,,,,,,nan,nan,nan,nan,nan,nan,False,,,,,,,,,nan,nan,nan,nan,,,,[],False,nan,nan,nan,,,nan,nan,nan,False,nan,,,False,,nan,nan,,,nan,nan,nan,False,nan,,,,False,nan,nan,,nan,nan,,,legacy_multistart,
fig4,full_6d_constrained_jones_peb,1,112311654,0.0,snr_db,0.0,3,3,3,3,full_6d,112311654,fixed_full6d_reference_sigma2,full_6d,0.3038314297188423,d899975bd9778f3c,False,,0.0014643562026321888,nan,nan,nan,nan,nan,nan,False,,,,False,,,,,,,,,,,,,,,,,,,,,,,,False,,,nan,nan,nan,nan,False,,,nan,nan,,,,,[],nan,,,nan,nan,nan,nan,,nan,nan,nan,0.00045428029303028704,nan,nan,0.00045428029303028704,0.00045428474016656395,0.00045428029303028704,nan,constrained_jones_peb,constrained,0.00045428029303028704,nan,0.00045428474016656395,4.0,4.0,0.0,98.55800326139406,98.55644697864295,nan,True,False,disabled,nan,nan,1.0742624732050156e-14,59.4833048249498,nan,True,False,e3b48bd20620d3b9b8ef02e72c1473ee968de0b883c8a7b45706956b70dd2349,0.3038314297188423,computed_unscaled,cpu,nan,nan,nan,,,,,,,,nan,nan,nan,nan,nan,nan,False,,,,,,,,,nan,nan,nan,nan,,,,[],False,nan,nan,nan,,,nan,nan,nan,False,nan,,,False,,nan,nan,,,nan,nan,nan,False,nan,,,,False,nan,nan,,nan,nan,,,legacy_multistart,
fig4,scalar_peb,11,3685333214,0.0,snr_db,0.0,3,3,3,3,scalar,3685333214,fixed_full6d_reference_sigma2,full_6d,0.2867431283222813,b0842a1ab45ca7b4,False,,10.261174513027072,nan,nan,nan,nan,nan,nan,False,,,,False,,,,,,,,,,,,,,,,,,,,,,,,False,,,nan,nan,nan,nan,False,,,nan,nan,,,,,[],nan,,,nan,nan,nan,nan,,nan,nan,nan,0.008694446926773385,0.008694446926773385,nan,nan,0.008694446926773385,0.00043074537063297273,nan,free_jones_peb,free,0.00043074537063297273,nan,0.008694446926773385,4.0,4.0,0.0,113.70465047536925,91.98328914155694,nan,True,False,disabled,nan,nan,5.354228802999122e-15,5983364.787555201,nan,True,False,a8bf1e96550e66f5fc05821b98b3bcfcfd9c16edf816dc35720fa3fc2f3d9c3e,0.2867431283222813,computed_unscaled,cpu,nan,nan,nan,,,,,,,,nan,nan,nan,nan,nan,nan,False,,,,,,,,,nan,nan,nan,nan,,,,[],False,nan,nan,nan,,,nan,nan,nan,False,nan,,,False,,nan,nan,,,nan,nan,nan,False,nan,,,,False,nan,nan,,nan,nan,,,legacy_multistart,
fig4,dual_pol_peb,11,3685333214,0.0,snr_db,0.0,3,3,3,3,dual_pol,3685333214,fixed_full6d_reference_sigma2,full_6d,0.2867431283222813,b0842a1ab45ca7b4,False,,9.934786467114463,nan,nan,nan,nan,nan,nan,False,,,,False,,,,,,,,,,,,,,,,,,,,,,,,False,,,nan,nan,nan,nan,False,,,nan,nan,,,,,[],nan,,,nan,nan,nan,nan,,nan,nan,nan,0.0010111776993088518,nan,0.0010111776993088518,nan,0.0010111776993088518,0.00043074537063297273,nan,free_jones_peb,free,0.00043074537063297273,nan,0.0010111776993088518,4.0,4.0,0.0,94.11827091354233,91.98328914155694,nan,True,False,disabled,nan,nan,4.329043279293885e-15,4875646.607174079,nan,True,False,4c9cfd1cb5551d79ef5d1cef79bea3ca1c914b47928f1f49d2e9fdb6c47a14a0,0.2867431283222813,computed_unscaled,cpu,nan,nan,nan,,,,,,,,nan,nan,nan,nan,nan,nan,False,,,,,,,,,nan,nan,nan,nan,,,,[],False,nan,nan,nan,,,nan,nan,nan,False,nan,,,False,,nan,nan,,,nan,nan,nan,False,nan,,,,False,nan,nan,,nan,nan,,,legacy_multistart,
fig4,full_6d_evs_peb,11,3685333214,0.0,snr_db,0.0,3,3,3,3,full_6d,3685333214,fixed_full6d_reference_sigma2,full_6d,0.2867431283222813,b0842a1ab45ca7b4,False,,9.354557421989739,nan,nan,nan,nan,nan,nan,False,,,,False,,,,,,,,,,,,,,,,,,,,,,,,False,,,nan,nan,nan,nan,False,,,nan,nan,,,,,[],nan,,,nan,nan,nan,nan,,nan,nan,nan,0.0004307467863547109,nan,nan,0.0004307467863547109,0.0004307467863547109,0.00043074537063297273,nan,free_jones_peb,free,0.00043074537063297273,nan,0.0004307467863547109,4.0,4.0,0.0,91.98572404061609,91.98328914155694,nan,True,False,disabled,nan,nan,4.551272699218628e-15,14.51976845337883,nan,True,False,e9ccda1e403051d390ee49d3f08d80b8c395469b47c082ff498964bcdaeda690,0.2867431283222813,computed_unscaled,cpu,nan,nan,nan,,,,,,,,nan,nan,nan,nan,nan,nan,False,,,,,,,,,nan,nan,nan,nan,,,,[],False,nan,nan,nan,,,nan,nan,nan,False,nan,,,False,,nan,nan,,,nan,nan,nan,False,nan,,,,False,nan,nan,,nan,nan,,,legacy_multistart,
fig4,full_6d_constrained_jones_peb,11,3685333214,0.0,snr_db,0.0,3,3,3,3,full_6d,3685333214,fixed_full6d_reference_sigma2,full_6d,0.2867431283222813,b0842a1ab45ca7b4,False,,0.001327271107584238,nan,nan,nan,nan,nan,nan,False,,,,False,,,,,,,,,,,,,,,,,,,,,,,,False,,,nan,nan,nan,nan,False,,,nan,nan,,,,,[],nan,,,nan,nan,nan,nan,,nan,nan,nan,0.00043074537063297273,nan,nan,0.00043074537063297273,0.0004307467863547109,0.00043074537063297273,nan,constrained_jones_peb,constrained,0.00043074537063297273,nan,0.0004307467863547109,4.0,4.0,0.0,91.98572404061609,91.98328914155694,nan,True,False,disabled,nan,nan,4.551272699218628e-15,14.51976845337883,nan,True,False,e9ccda1e403051d390ee49d3f08d80b8c395469b47c082ff498964bcdaeda690,0.2867431283222813,computed_unscaled,cpu,nan,nan,nan,,,,,,,,nan,nan,nan,nan,nan,nan,False,,,,,,,,,nan,nan,nan,nan,,,,[],False,nan,nan,nan,,,nan,nan,nan,False,nan,,,False,,nan,nan,,,nan,nan,nan,False,nan,,,,False,nan,nan,,nan,nan,,,legacy_multistart,
fig4,scalar_peb,12,2210497206,0.0,snr_db,0.0,3,3,3,3,scalar,2210497206,fixed_full6d_reference_sigma2,full_6d,0.45558038103096565,55e4ad4f15b643b7,False,,10.008034283993766,nan,nan,nan,nan,nan,nan,False,,,,False,,,,,,,,,,,,,,,,,,,,,,,,False,,,nan,nan,nan,nan,False,,,nan,nan,,,,,[],nan,,,nan,nan,nan,nan,,nan,nan,nan,0.014150842169548119,0.014150842169548119,nan,nan,0.014150842169548119,0.00032153130237632185,nan,free_jones_peb,free,0.00032153130237632185,nan,0.014150842169548119,4.0,4.0,0.0,146.33003125613985,71.51332246398775,nan,True,False,disabled,nan,nan,6.112368902403895e-15,9073445.079197757,nan,True,False,c92ff50e2f55191d90392c8949c662aed7151c4a195f313d191a86ee28295b61,0.45558038103096565,computed_unscaled,cpu,nan,nan,nan,,,,,,,,nan,nan,nan,nan,nan,nan,False,,,,,,,,,nan,nan,nan,nan,,,,[],False,nan,nan,nan,,,nan,nan,nan,False,nan,,,False,,nan,nan,,,nan,nan,nan,False,nan,,,,False,nan,nan,,nan,nan,,,legacy_multistart,
fig4,dual_pol_peb,12,2210497206,0.0,snr_db,0.0,3,3,3,3,dual_pol,2210497206,fixed_full6d_reference_sigma2,full_6d,0.45558038103096565,55e4ad4f15b643b7,False,,9.909074293915182,nan,nan,nan,nan,nan,nan,False,,,,False,,,,,,,,,,,,,,,,,,,,,,,,False,,,nan,nan,nan,nan,False,,,nan,nan,,,,,[],nan,,,nan,nan,nan,nan,,nan,nan,nan,0.0008270237590026711,nan,0.0008270237590026711,nan,0.0008270237590026711,0.00032153130237632185,nan,free_jones_peb,free,0.00032153130237632185,nan,0.0008270237590026711,4.0,4.0,0.0,83.94250933082293,71.51332246398775,nan,True,False,disabled,nan,nan,1.3931959069515072e-15,7789123.865414365,nan,True,False,7f63ff0447f532b740dc21a351bda795863922adafe5ba801c4afa28cadb6568,0.45558038103096565,computed_unscaled,cpu,nan,nan,nan,,,,,,,,nan,nan,nan,nan,nan,nan,False,,,,,,,,,nan,nan,nan,nan,,,,[],False,nan,nan,nan,,,nan,nan,nan,False,nan,,,False,,nan,nan,,,nan,nan,nan,False,nan,,,,False,nan,nan,,nan,nan,,,legacy_multistart,
fig4,full_6d_evs_peb,12,2210497206,0.0,snr_db,0.0,3,3,3,3,full_6d,2210497206,fixed_full6d_reference_sigma2,full_6d,0.45558038103096565,55e4ad4f15b643b7,False,,9.451988862128928,nan,nan,nan,nan,nan,nan,False,,,,False,,,,,,,,,,,,,,,,,,,,,,,,False,,,nan,nan,nan,nan,False,,,nan,nan,,,,,[],nan,,,nan,nan,nan,nan,,nan,nan,nan,0.0003215338475920975,nan,nan,0.0003215338475920975,0.0003215338475920975,0.00032153130237632185,nan,free_jones_peb,free,0.00032153130237632185,nan,0.0003215338475920975,4.0,4.0,0.0,71.51285963129956,71.51332246398775,nan,True,False,disabled,nan,nan,2.957849442815432e-15,1.5952558958148153,nan,True,False,0a1c4f0b423cde7d810066f20685360779b434f786c785131581505ed3dd312e,0.45558038103096565,computed_unscaled,cpu,nan,nan,nan,,,,,,,,nan,nan,nan,nan,nan,nan,False,,,,,,,,,nan,nan,nan,nan,,,,[],False,nan,nan,nan,,,nan,nan,nan,False,nan,,,False,,nan,nan,,,nan,nan,nan,False,nan,,,,False,nan,nan,,nan,nan,,,legacy_multistart,
fig4,full_6d_constrained_jones_peb,12,2210497206,0.0,snr_db,0.0,3,3,3,3,full_6d,2210497206,fixed_full6d_reference_sigma2,full_6d,0.45558038103096565,55e4ad4f15b643b7,False,,0.0013744691386818886,nan,nan,nan,nan,nan,nan,False,,,,False,,,,,,,,,,,,,,,,,,,,,,,,False,,,nan,nan,nan,nan,False,,,nan,nan,,,,,[],nan,,,nan,nan,nan,nan,,nan,nan,nan,0.00032153130237632185,nan,nan,0.00032153130237632185,0.0003215338475920975,0.00032153130237632185,nan,constrained_jones_peb,constrained,0.00032153130237632185,nan,0.0003215338475920975,4.0,4.0,0.0,71.51285963129956,71.51332246398775,nan,True,False,disabled,nan,nan,2.957849442815432e-15,1.5952558958148153,nan,True,False,0a1c4f0b423cde7d810066f20685360779b434f786c785131581505ed3dd312e,0.45558038103096565,computed_unscaled,cpu,nan,nan,nan,,,,,,,,nan,nan,nan,nan,nan,nan,False,,,,,,,,,nan,nan,nan,nan,,,,[],False,nan,nan,nan,,,nan,nan,nan,False,nan,,,False,,nan,nan,,,nan,nan,nan,False,nan,,,,False,nan,nan,,nan,nan,,,legacy_multistart,
fig4,scalar_peb,9,3933360494,0.0,snr_db,0.0,3,3,3,3,scalar,3933360494,fixed_full6d_reference_sigma2,full_6d,0.1191222589099843,e431da9bcb8dbe2b,False,,13.332667363807559,nan,nan,nan,nan,nan,nan,False,,,,False,,,,,,,,,,,,,,,,,,,,,,,,False,,,nan,nan,nan,nan,False,,,nan,nan,,,,,[],nan,,,nan,nan,nan,nan,,nan,nan,nan,0.010506751425047093,0.010506751425047093,nan,nan,0.010506751425047093,0.00038045235952949535,nan,free_jones_peb,free,0.00038045235952949535,nan,0.010506751425047093,4.0,4.0,0.0,152.05104145378033,76.97132639814664,nan,True,False,disabled,nan,nan,3.706815829172909e-15,7219059.27232847,nan,True,False,23d2fccd900640c7194c1fd2afbf8927da0030c3a396b91ee61afefd33e5ffef,0.1191222589099843,computed_unscaled,cpu,nan,nan,nan,,,,,,,,nan,nan,nan,nan,nan,nan,False,,,,,,,,,nan,nan,nan,nan,,,,[],False,nan,nan,nan,,,nan,nan,nan,False,nan,,,False,,nan,nan,,,nan,nan,nan,False,nan,,,,False,nan,nan,,nan,nan,,,legacy_multistart,
fig4,dual_pol_peb,9,3933360494,0.0,snr_db,0.0,3,3,3,3,dual_pol,3933360494,fixed_full6d_reference_sigma2,full_6d,0.1191222589099843,e431da9bcb8dbe2b,False,,10.007566281827167,nan,nan,nan,nan,nan,nan,False,,,,False,,,,,,,,,,,,,,,,,,,,,,,,False,,,nan,nan,nan,nan,False,,,nan,nan,,,,,[],nan,,,nan,nan,nan,nan,,nan,nan,nan,0.00126915276784421,nan,0.00126915276784421,nan,0.00126915276784421,0.00038045235952949535,nan,free_jones_peb,free,0.00038045235952949535,nan,0.00126915276784421,4.0,4.0,0.0,83.63359391479062,76.97132639814664,nan,True,False,disabled,nan,nan,4.5128113706349484e-15,6575274.138581202,nan,True,False,5c50e3e114f50289aba4cec36bdb0f867d74e95d498425153d9308ae1a2cd3da,0.1191222589099843,computed_unscaled,cpu,nan,nan,nan,,,,,,,,nan,nan,nan,nan,nan,nan,False,,,,,,,,,nan,nan,nan,nan,,,,[],False,nan,nan,nan,,,nan,nan,nan,False,nan,,,False,,nan,nan,,,nan,nan,nan,False,nan,,,,False,nan,nan,,nan,nan,,,legacy_multistart,
fig4,full_6d_evs_peb,9,3933360494,0.0,snr_db,0.0,3,3,3,3,full_6d,3933360494,fixed_full6d_reference_sigma2,full_6d,0.1191222589099843,e431da9bcb8dbe2b,False,,8.934187421109527,nan,nan,nan,nan,nan,nan,False,,,,False,,,,,,,,,,,,,,,,,,,,,,,,False,,,nan,nan,nan,nan,False,,,nan,nan,,,,,[],nan,,,nan,nan,nan,nan,,nan,nan,nan,0.0003804616526773719,nan,nan,0.0003804616526773719,0.0003804616526773719,0.00038045235952949535,nan,free_jones_peb,free,0.00038045235952949535,nan,0.0003804616526773719,4.0,4.0,0.0,76.97442076595499,76.97132639814664,nan,True,False,disabled,nan,nan,5.397722226839603e-15,136.39386847076074,nan,True,False,2f009590b628473d7acf259cec76359e96ba2256fe333ef7c1514fe7022a67d5,0.1191222589099843,computed_unscaled,cpu,nan,nan,nan,,,,,,,,nan,nan,nan,nan,nan,nan,False,,,,,,,,,nan,nan,nan,nan,,,,[],False,nan,nan,nan,,,nan,nan,nan,False,nan,,,False,,nan,nan,,,nan,nan,nan,False,nan,,,,False,nan,nan,,nan,nan,,,legacy_multistart,
fig4,full_6d_constrained_jones_peb,9,3933360494,0.0,snr_db,0.0,3,3,3,3,full_6d,3933360494,fixed_full6d_reference_sigma2,full_6d,0.1191222589099843,e431da9bcb8dbe2b,False,,0.0013690819032490253,nan,nan,nan,nan,nan,nan,False,,,,False,,,,,,,,,,,,,,,,,,,,,,,,False,,,nan,nan,nan,nan,False,,,nan,nan,,,,,[],nan,,,nan,nan,nan,nan,,nan,nan,nan,0.00038045235952949535,nan,nan,0.00038045235952949535,0.0003804616526773719,0.00038045235952949535,nan,constrained_jones_peb,constrained,0.00038045235952949535,nan,0.0003804616526773719,4.0,4.0,0.0,76.97442076595499,76.97132639814664,nan,True,False,disabled,nan,nan,5.397722226839603e-15,136.39386847076074,nan,True,False,2f009590b628473d7acf259cec76359e96ba2256fe333ef7c1514fe7022a67d5,0.1191222589099843,computed_unscaled,cpu,nan,nan,nan,,,,,,,,nan,nan,nan,nan,nan,nan,False,,,,,,,,,nan,nan,nan,nan,,,,[],False,nan,nan,nan,,,nan,nan,nan,False,nan,,,False,,nan,nan,,,nan,nan,nan,False,nan,,,,False,nan,nan,,nan,nan,,,legacy_multistart,
fig4,scalar_peb,3,3422926171,0.0,snr_db,0.0,3,3,3,3,scalar,3422926171,fixed_full6d_reference_sigma2,full_6d,0.2780626491560737,f685be8cc65b6f41,False,,12.688017828855664,nan,nan,nan,nan,nan,nan,False,,,,False,,,,,,,,,,,,,,,,,,,,,,,,False,,,nan,nan,nan,nan,False,,,nan,nan,,,,,[],nan,,,nan,nan,nan,nan,,nan,nan,nan,0.01101998119019813,0.01101998119019813,nan,nan,0.01101998119019813,0.00034567692828766565,nan,free_jones_peb,free,0.00034567692828766565,nan,0.01101998119019813,4.0,4.0,0.0,104.50572595812713,79.32568453893886,nan,True,False,disabled,nan,nan,3.976397235488606e-15,8538355.234947374,nan,True,False,6d2b6f9de96b8591d5302f64424683a02c9496c3cee2815dc2956f0c1ed3f810,0.2780626491560737,computed_unscaled,cpu,nan,nan,nan,,,,,,,,nan,nan,nan,nan,nan,nan,False,,,,,,,,,nan,nan,nan,nan,,,,[],False,nan,nan,nan,,,nan,nan,nan,False,nan,,,False,,nan,nan,,,nan,nan,nan,False,nan,,,,False,nan,nan,,nan,nan,,,legacy_multistart,
fig4,dual_pol_peb,3,3422926171,0.0,snr_db,0.0,3,3,3,3,dual_pol,3422926171,fixed_full6d_reference_sigma2,full_6d,0.2780626491560737,f685be8cc65b6f41,False,,12.627836673054844,nan,nan,nan,nan,nan,nan,False,,,,False,,,,,,,,,,,,,,,,,,,,,,,,False,,,nan,nan,nan,nan,False,,,nan,nan,,,,,[],nan,,,nan,nan,nan,nan,,nan,nan,nan,0.0009287039426579185,nan,0.0009287039426579185,nan,0.0009287039426579185,0.00034567692828766565,nan,free_jones_peb,free,0.00034567692828766565,nan,0.0009287039426579185,4.0,4.0,0.0,79.39545670317155,79.32568453893886,nan,True,False,disabled,nan,nan,7.106473331592672e-15,7368399.5314441975,nan,True,False,f77eeba51e4c29f45760a30757cde728bf1f86a0a513fc49d764f003ded781c7,0.2780626491560737,computed_unscaled,cpu,nan,nan,nan,,,,,,,,nan,nan,nan,nan,nan,nan,False,,,,,,,,,nan,nan,nan,nan,,,,[],False,nan,nan,nan,,,nan,nan,nan,False,nan,,,False,,nan,nan,,,nan,nan,nan,False,nan,,,,False,nan,nan,,nan,nan,,,legacy_multistart,
fig4,full_6d_evs_peb,3,3422926171,0.0,snr_db,0.0,3,3,3,3,full_6d,3422926171,fixed_full6d_reference_sigma2,full_6d,0.2780626491560737,f685be8cc65b6f41,False,,13.333817383972928,nan,nan,nan,nan,nan,nan,False,,,,False,,,,,,,,,,,,,,,,,,,,,,,,False,,,nan,nan,nan,nan,False,,,nan,nan,,,,,[],nan,,,nan,nan,nan,nan,,nan,nan,nan,0.00034567784068279125,nan,nan,0.00034567784068279125,0.00034567784068279125,0.00034567692828766565,nan,free_jones_peb,free,0.00034567692828766565,nan,0.00034567784068279125,4.0,4.0,0.0,79.32787446466102,79.32568453893886,nan,True,False,disabled,nan,nan,3.2257476260404456e-15,48.34911966930053,nan,True,False,36031d2b9c9618797e3e0dd10eb5c7dda8abc129f14c8c8dd5b717980768d13b,0.2780626491560737,computed_unscaled,cpu,nan,nan,nan,,,,,,,,nan,nan,nan,nan,nan,nan,False,,,,,,,,,nan,nan,nan,nan,,,,[],False,nan,nan,nan,,,nan,nan,nan,False,nan,,,False,,nan,nan,,,nan,nan,nan,False,nan,,,,False,nan,nan,,nan,nan,,,legacy_multistart,
fig4,full_6d_constrained_jones_peb,3,3422926171,0.0,snr_db,0.0,3,3,3,3,full_6d,3422926171,fixed_full6d_reference_sigma2,full_6d,0.2780626491560737,f685be8cc65b6f41,False,,0.0013532501179724932,nan,nan,nan,nan,nan,nan,False,,,,False,,,,,,,,,,,,,,,,,,,,,,,,False,,,nan,nan,nan,nan,False,,,nan,nan,,,,,[],nan,,,nan,nan,nan,nan,,nan,nan,nan,0.00034567692828766565,nan,nan,0.00034567692828766565,0.00034567784068279125,0.00034567692828766565,nan,constrained_jones_peb,constrained,0.00034567692828766565,nan,0.00034567784068279125,4.0,4.0,0.0,79.32787446466102,79.32568453893886,nan,True,False,disabled,nan,nan,3.2257476260404456e-15,48.34911966930053,nan,True,False,36031d2b9c9618797e3e0dd10eb5c7dda8abc129f14c8c8dd5b717980768d13b,0.2780626491560737,computed_unscaled,cpu,nan,nan,nan,,,,,,,,nan,nan,nan,nan,nan,nan,False,,,,,,,,,nan,nan,nan,nan,,,,[],False,nan,nan,nan,,,nan,nan,nan,False,nan,,,False,,nan,nan,,,nan,nan,nan,False,nan,,,,False,nan,nan,,nan,nan,,,legacy_multistart,
fig4,scalar_peb,6,1919806993,0.0,snr_db,0.0,3,3,3,3,scalar,1919806993,fixed_full6d_reference_sigma2,full_6d,0.4199671633749915,2bdcf00ec027cda8,False,,12.982824606122449,nan,nan,nan,nan,nan,nan,False,,,,False,,,,,,,,,,,,,,,,,,,,,,,,False,,,nan,nan,nan,nan,False,,,nan,nan,,,,,[],nan,,,nan,nan,nan,nan,,nan,nan,nan,0.01303724404088232,0.01303724404088232,nan,nan,0.01303724404088232,0.00035290126822999526,nan,free_jones_peb,free,0.00035290126822999526,nan,0.01303724404088232,4.0,4.0,0.0,167.16349688674427,72.19062881330531,nan,True,False,disabled,nan,nan,5.842317328219835e-15,8231399.499089418,nan,True,False,1c6597d0275e6fcbcf3ceb73c07b34d8e97e2154c585ccc07f91c9aa1acec05d,0.4199671633749915,computed_unscaled,cpu,nan,nan,nan,,,,,,,,nan,nan,nan,nan,nan,nan,False,,,,,,,,,nan,nan,nan,nan,,,,[],False,nan,nan,nan,,,nan,nan,nan,False,nan,,,False,,nan,nan,,,nan,nan,nan,False,nan,,,,False,nan,nan,,nan,nan,,,legacy_multistart,
fig4,dual_pol_peb,6,1919806993,0.0,snr_db,0.0,3,3,3,3,dual_pol,1919806993,fixed_full6d_reference_sigma2,full_6d,0.4199671633749915,2bdcf00ec027cda8,False,,12.780699711060151,nan,nan,nan,nan,nan,nan,False,,,,False,,,,,,,,,,,,,,,,,,,,,,,,False,,,nan,nan,nan,nan,False,,,nan,nan,,,,,[],nan,,,nan,nan,nan,nan,,nan,nan,nan,0.0015270395706191565,nan,0.0015270395706191565,nan,0.0015270395706191565,0.00035290126822999526,nan,free_jones_peb,free,0.00035290126822999526,nan,0.0015270395706191565,4.0,4.0,0.0,80.67656321321431,72.19062881330531,nan,True,False,disabled,nan,nan,6.8858296013975036e-15,7726281.925253085,nan,True,False,8158e3eea8b8cfa80d1181d7302a18407d0f626e3c2dbcbb33bae90791259a7d,0.4199671633749915,computed_unscaled,cpu,nan,nan,nan,,,,,,,,nan,nan,nan,nan,nan,nan,False,,,,,,,,,nan,nan,nan,nan,,,,[],False,nan,nan,nan,,,nan,nan,nan,False,nan,,,False,,nan,nan,,,nan,nan,nan,False,nan,,,,False,nan,nan,,nan,nan,,,legacy_multistart,
fig4,full_6d_evs_peb,6,1919806993,0.0,snr_db,0.0,3,3,3,3,full_6d,1919806993,fixed_full6d_reference_sigma2,full_6d,0.4199671633749915,2bdcf00ec027cda8,False,,11.314001044956967,nan,nan,nan,nan,nan,nan,False,,,,False,,,,,,,,,,,,,,,,,,,,,,,,False,,,nan,nan,nan,nan,False,,,nan,nan,,,,,[],nan,,,nan,nan,nan,nan,,nan,nan,nan,0.000352907053243195,nan,nan,0.000352907053243195,0.000352907053243195,0.00035290126822999526,nan,free_jones_peb,free,0.00035290126822999526,nan,0.000352907053243195,4.0,4.0,0.0,72.19686430595635,72.19062881330531,nan,True,False,disabled,nan,nan,8.139664021491707e-15,165.23628622921254,nan,True,False,231b7c2941d5d9c02809f94febabb8d0e1f1d4a2d4bfefa1b397f685379809da,0.4199671633749915,computed_unscaled,cpu,nan,nan,nan,,,,,,,,nan,nan,nan,nan,nan,nan,False,,,,,,,,,nan,nan,nan,nan,,,,[],False,nan,nan,nan,,,nan,nan,nan,False,nan,,,False,,nan,nan,,,nan,nan,nan,False,nan,,,,False,nan,nan,,nan,nan,,,legacy_multistart,
fig4,full_6d_constrained_jones_peb,6,1919806993,0.0,snr_db,0.0,3,3,3,3,full_6d,1919806993,fixed_full6d_reference_sigma2,full_6d,0.4199671633749915,2bdcf00ec027cda8,False,,0.001345429103821516,nan,nan,nan,nan,nan,nan,False,,,,False,,,,,,,,,,,,,,,,,,,,,,,,False,,,nan,nan,nan,nan,False,,,nan,nan,,,,,[],nan,,,nan,nan,nan,nan,,nan,nan,nan,0.00035290126822999526,nan,nan,0.00035290126822999526,0.000352907053243195,0.00035290126822999526,nan,constrained_jones_peb,constrained,0.00035290126822999526,nan,0.000352907053243195,4.0,4.0,0.0,72.19686430595635,72.19062881330531,nan,True,False,disabled,nan,nan,8.139664021491707e-15,165.23628622921254,nan,True,False,231b7c2941d5d9c02809f94febabb8d0e1f1d4a2d4bfefa1b397f685379809da,0.4199671633749915,computed_unscaled,cpu,nan,nan,nan,,,,,,,,nan,nan,nan,nan,nan,nan,False,,,,,,,,,nan,nan,nan,nan,,,,[],False,nan,nan,nan,,,nan,nan,nan,False,nan,,,False,,nan,nan,,,nan,nan,nan,False,nan,,,,False,nan,nan,,nan,nan,,,legacy_multistart,
fig4,scalar_peb,7,1914929603,0.0,snr_db,0.0,3,3,3,3,scalar,1914929603,fixed_full6d_reference_sigma2,full_6d,0.7361137239348519,df1f48624ccf6520,False,,13.001642913091928,nan,nan,nan,nan,nan,nan,False,,,,False,,,,,,,,,,,,,,,,,,,,,,,,False,,,nan,nan,nan,nan,False,,,nan,nan,,,,,[],nan,,,nan,nan,nan,nan,,nan,nan,nan,0.014376951474469065,0.014376951474469065,nan,nan,0.014376951474469065,0.0003390626914328216,nan,free_jones_peb,free,0.0003390626914328216,nan,0.014376951474469065,4.0,4.0,0.0,107.31462831642777,85.34477319947688,nan,True,False,disabled,nan,nan,6.113640418480447e-15,8073517.201724591,nan,True,False,d8572e95f198cc4193a47572483e1b907f50e11a1c6e751323172f97705e7966,0.7361137239348519,computed_unscaled,cpu,nan,nan,nan,,,,,,,,nan,nan,nan,nan,nan,nan,False,,,,,,,,,nan,nan,nan,nan,,,,[],False,nan,nan,nan,,,nan,nan,nan,False,nan,,,False,,nan,nan,,,nan,nan,nan,False,nan,,,,False,nan,nan,,nan,nan,,,legacy_multistart,
fig4,dual_pol_peb,7,1914929603,0.0,snr_db,0.0,3,3,3,3,dual_pol,1914929603,fixed_full6d_reference_sigma2,full_6d,0.7361137239348519,df1f48624ccf6520,False,,12.748738433932886,nan,nan,nan,nan,nan,nan,False,,,,False,,,,,,,,,,,,,,,,,,,,,,,,False,,,nan,nan,nan,nan,False,,,nan,nan,,,,,[],nan,,,nan,nan,nan,nan,,nan,nan,nan,0.0009552340188343982,nan,0.0009552340188343982,nan,0.0009552340188343982,0.0003390626914328216,nan,free_jones_peb,free,0.0003390626914328216,nan,0.0009552340188343982,4.0,4.0,0.0,82.77441195198539,85.34477319947688,nan,True,False,disabled,nan,nan,4.03637454776687e-15,7018637.053901627,nan,True,False,b44b9b557050131cc94ed16e3f420da41ec18220fbf46411d41a1ccb837ac303,0.7361137239348519,computed_unscaled,cpu,nan,nan,nan,,,,,,,,nan,nan,nan,nan,nan,nan,False,,,,,,,,,nan,nan,nan,nan,,,,[],False,nan,nan,nan,,,nan,nan,nan,False,nan,,,False,,nan,nan,,,nan,nan,nan,False,nan,,,,False,nan,nan,,nan,nan,,,legacy_multistart,
fig4,full_6d_evs_peb,7,1914929603,0.0,snr_db,0.0,3,3,3,3,full_6d,1914929603,fixed_full6d_reference_sigma2,full_6d,0.7361137239348519,df1f48624ccf6520,False,,12.955922292079777,nan,nan,nan,nan,nan,nan,False,,,,False,,,,,,,,,,,,,,,,,,,,,,,,False,,,nan,nan,nan,nan,False,,,nan,nan,,,,,[],nan,,,nan,nan,nan,nan,,nan,nan,nan,0.00033906627598154004,nan,nan,0.00033906627598154004,0.00033906627598154004,0.0003390626914328216,nan,free_jones_peb,free,0.0003390626914328216,nan,0.00033906627598154004,4.0,4.0,0.0,85.34641686574986,85.34477319947688,nan,True,False,disabled,nan,nan,8.054687075182868e-15,98.92011737527076,nan,True,False,84f1975fc112e22552cd5389ecb9ea5e68088b810ed0a30ff85dfd5971674377,0.7361137239348519,computed_unscaled,cpu,nan,nan,nan,,,,,,,,nan,nan,nan,nan,nan,nan,False,,,,,,,,,nan,nan,nan,nan,,,,[],False,nan,nan,nan,,,nan,nan,nan,False,nan,,,False,,nan,nan,,,nan,nan,nan,False,nan,,,,False,nan,nan,,nan,nan,,,legacy_multistart,
fig4,full_6d_constrained_jones_peb,7,1914929603,0.0,snr_db,0.0,3,3,3,3,full_6d,1914929603,fixed_full6d_reference_sigma2,full_6d,0.7361137239348519,df1f48624ccf6520,False,,0.0014642688911408186,nan,nan,nan,nan,nan,nan,False,,,,False,,,,,,,,,,,,,,,,,,,,,,,,False,,,nan,nan,nan,nan,False,,,nan,nan,,,,,[],nan,,,nan,nan,nan,nan,,nan,nan,nan,0.0003390626914328216,nan,nan,0.0003390626914328216,0.00033906627598154004,0.0003390626914328216,nan,constrained_jones_peb,constrained,0.0003390626914328216,nan,0.00033906627598154004,4.0,4.0,0.0,85.34641686574986,85.34477319947688,nan,True,False,disabled,nan,nan,8.054687075182868e-15,98.92011737527076,nan,True,False,84f1975fc112e22552cd5389ecb9ea5e68088b810ed0a30ff85dfd5971674377,0.7361137239348519,computed_unscaled,cpu,nan,nan,nan,,,,,,,,nan,nan,nan,nan,nan,nan,False,,,,,,,,,nan,nan,nan,nan,,,,[],False,nan,nan,nan,,,nan,nan,nan,False,nan,,,False,,nan,nan,,,nan,nan,nan,False,nan,,,,False,nan,nan,,nan,nan,,,legacy_multistart,
fig4,scalar_peb,10,781873798,0.0,snr_db,0.0,3,3,3,3,scalar,781873798,fixed_full6d_reference_sigma2,full_6d,0.22052459114280942,0cb0264536115d23,False,,12.887370229931548,nan,nan,nan,nan,nan,nan,False,,,,False,,,,,,,,,,,,,,,,,,,,,,,,False,,,nan,nan,nan,nan,False,,,nan,nan,,,,,[],nan,,,nan,nan,nan,nan,,nan,nan,nan,0.01430305345300493,0.01430305345300493,nan,nan,0.01430305345300493,0.00034769498876527317,nan,free_jones_peb,free,0.00034769498876527317,nan,0.01430305345300493,4.0,4.0,0.0,164.01129938224233,81.1935122472852,nan,True,False,disabled,nan,nan,1.0011817257278868e-14,8134001.158561006,nan,True,False,2a559681ea222df4a4a12f614b8f338477c00adab0989e61f9882cade7d8171d,0.22052459114280942,computed_unscaled,cpu,nan,nan,nan,,,,,,,,nan,nan,nan,nan,nan,nan,False,,,,,,,,,nan,nan,nan,nan,,,,[],False,nan,nan,nan,,,nan,nan,nan,False,nan,,,False,,nan,nan,,,nan,nan,nan,False,nan,,,,False,nan,nan,,nan,nan,,,legacy_multistart,
fig4,dual_pol_peb,10,781873798,0.0,snr_db,0.0,3,3,3,3,dual_pol,781873798,fixed_full6d_reference_sigma2,full_6d,0.22052459114280942,0cb0264536115d23,False,,12.673473516013473,nan,nan,nan,nan,nan,nan,False,,,,False,,,,,,,,,,,,,,,,,,,,,,,,False,,,nan,nan,nan,nan,False,,,nan,nan,,,,,[],nan,,,nan,nan,nan,nan,,nan,nan,nan,0.0011190307769129398,nan,0.0011190307769129398,nan,0.0011190307769129398,0.00034769498876527317,nan,free_jones_peb,free,0.00034769498876527317,nan,0.0011190307769129398,4.0,4.0,0.0,75.91492336267491,81.1935122472852,nan,True,False,disabled,nan,nan,2.753710786594323e-15,7291272.712305677,nan,True,False,1734e444e53a059a54ad01f92a9b0a959d5ef88047dd81020a5adaee33276f81,0.22052459114280942,computed_unscaled,cpu,nan,nan,nan,,,,,,,,nan,nan,nan,nan,nan,nan,False,,,,,,,,,nan,nan,nan,nan,,,,[],False,nan,nan,nan,,,nan,nan,nan,False,nan,,,False,,nan,nan,,,nan,nan,nan,False,nan,,,,False,nan,nan,,nan,nan,,,legacy_multistart,
fig4,full_6d_evs_peb,10,781873798,0.0,snr_db,0.0,3,3,3,3,full_6d,781873798,fixed_full6d_reference_sigma2,full_6d,0.22052459114280942,0cb0264536115d23,False,,12.83426832407713,nan,nan,nan,nan,nan,nan,False,,,,False,,,,,,,,,,,,,,,,,,,,,,,,False,,,nan,nan,nan,nan,False,,,nan,nan,,,,,[],nan,,,nan,nan,nan,nan,,nan,nan,nan,0.000347695689057382,nan,nan,0.000347695689057382,0.000347695689057382,0.00034769498876527317,nan,free_jones_peb,free,0.00034769498876527317,nan,0.000347695689057382,4.0,4.0,0.0,81.19648363993646,81.1935122472852,nan,True,False,disabled,nan,nan,4.446006207068147e-15,15.44405870280367,nan,True,False,f2ef97a231c1a4af27e9b56c32078a57d13f76cf0fcef71f5aea3cacfcafd031,0.22052459114280942,computed_unscaled,cpu,nan,nan,nan,,,,,,,,nan,nan,nan,nan,nan,nan,False,,,,,,,,,nan,nan,nan,nan,,,,[],False,nan,nan,nan,,,nan,nan,nan,False,nan,,,False,,nan,nan,,,nan,nan,nan,False,nan,,,,False,nan,nan,,nan,nan,,,legacy_multistart,
fig4,full_6d_constrained_jones_peb,10,781873798,0.0,snr_db,0.0,3,3,3,3,full_6d,781873798,fixed_full6d_reference_sigma2,full_6d,0.22052459114280942,0cb0264536115d23,False,,0.0013104400131851435,nan,nan,nan,nan,nan,nan,False,,,,False,,,,,,,,,,,,,,,,,,,,,,,,False,,,nan,nan,nan,nan,False,,,nan,nan,,,,,[],nan,,,nan,nan,nan,nan,,nan,nan,nan,0.00034769498876527317,nan,nan,0.00034769498876527317,0.000347695689057382,0.00034769498876527317,nan,constrained_jones_peb,constrained,0.00034769498876527317,nan,0.000347695689057382,4.0,4.0,0.0,81.19648363993646,81.1935122472852,nan,True,False,disabled,nan,nan,4.446006207068147e-15,15.44405870280367,nan,True,False,f2ef97a231c1a4af27e9b56c32078a57d13f76cf0fcef71f5aea3cacfcafd031,0.22052459114280942,computed_unscaled,cpu,nan,nan,nan,,,,,,,,nan,nan,nan,nan,nan,nan,False,,,,,,,,,nan,nan,nan,nan,,,,[],False,nan,nan,nan,,,nan,nan,nan,False,nan,,,False,,nan,nan,,,nan,nan,nan,False,nan,,,,False,nan,nan,,nan,nan,,,legacy_multistart,
fig4,scalar_peb,13,634888206,0.0,snr_db,0.0,3,3,3,3,scalar,634888206,fixed_full6d_reference_sigma2,full_6d,0.20455692554871044,328104eb49ddabf5,False,,13.06111978692934,nan,nan,nan,nan,nan,nan,False,,,,False,,,,,,,,,,,,,,,,,,,,,,,,False,,,nan,nan,nan,nan,False,,,nan,nan,,,,,[],nan,,,nan,nan,nan,nan,,nan,nan,nan,0.010255998090923753,0.010255998090923753,nan,nan,0.010255998090923753,0.0003728083717026123,nan,free_jones_peb,free,0.0003728083717026123,nan,0.010255998090923753,4.0,4.0,0.0,228.9209285951276,80.72926238998197,nan,True,False,disabled,nan,nan,4.249476345703586e-15,7523456.204504072,nan,True,False,5358f617ab6e11e51370801f8d483ef17e5809c950b3c1c6d6e36d71c5ada3b5,0.20455692554871044,computed_unscaled,cpu,nan,nan,nan,,,,,,,,nan,nan,nan,nan,nan,nan,False,,,,,,,,,nan,nan,nan,nan,,,,[],False,nan,nan,nan,,,nan,nan,nan,False,nan,,,False,,nan,nan,,,nan,nan,nan,False,nan,,,,False,nan,nan,,nan,nan,,,legacy_multistart,
fig4,dual_pol_peb,13,634888206,0.0,snr_db,0.0,3,3,3,3,dual_pol,634888206,fixed_full6d_reference_sigma2,full_6d,0.20455692554871044,328104eb49ddabf5,False,,12.759854120202363,nan,nan,nan,nan,nan,nan,False,,,,False,,,,,,,,,,,,,,,,,,,,,,,,False,,,nan,nan,nan,nan,False,,,nan,nan,,,,,[],nan,,,nan,nan,nan,nan,,nan,nan,nan,0.0009673837310210776,nan,0.0009673837310210776,nan,0.0009673837310210776,0.0003728083717026123,nan,free_jones_peb,free,0.0003728083717026123,nan,0.0009673837310210776,4.0,4.0,0.0,81.06539217252669,80.72926238998197,nan,True,False,disabled,nan,nan,8.273445094398627e-15,6420653.344959623,nan,True,False,db976f24e57a093ba83688330b962fc1ee3cc0995192f3bc3ecdf3cd55142780,0.20455692554871044,computed_unscaled,cpu,nan,nan,nan,,,,,,,,nan,nan,nan,nan,nan,nan,False,,,,,,,,,nan,nan,nan,nan,,,,[],False,nan,nan,nan,,,nan,nan,nan,False,nan,,,False,,nan,nan,,,nan,nan,nan,False,nan,,,,False,nan,nan,,nan,nan,,,legacy_multistart,
fig4,full_6d_evs_peb,13,634888206,0.0,snr_db,0.0,3,3,3,3,full_6d,634888206,fixed_full6d_reference_sigma2,full_6d,0.20455692554871044,328104eb49ddabf5,False,,13.073070142185315,nan,nan,nan,nan,nan,nan,False,,,,False,,,,,,,,,,,,,,,,,,,,,,,,False,,,nan,nan,nan,nan,False,,,nan,nan,,,,,[],nan,,,nan,nan,nan,nan,,nan,nan,nan,0.00037280880254556817,nan,nan,0.00037280880254556817,0.00037280880254556817,0.0003728083717026123,nan,free_jones_peb,free,0.0003728083717026123,nan,0.00037280880254556817,4.0,4.0,0.0,80.73361776993535,80.72926238998197,nan,True,False,disabled,nan,nan,4.153852140187804e-15,4.336534917549206,nan,True,False,11da97468c8b90c59dcc518746f48f2217739b6c2c3deec78f2d1177de9045c5,0.20455692554871044,computed_unscaled,cpu,nan,nan,nan,,,,,,,,nan,nan,nan,nan,nan,nan,False,,,,,,,,,nan,nan,nan,nan,,,,[],False,nan,nan,nan,,,nan,nan,nan,False,nan,,,False,,nan,nan,,,nan,nan,nan,False,nan,,,,False,nan,nan,,nan,nan,,,legacy_multistart,
fig4,full_6d_constrained_jones_peb,13,634888206,0.0,snr_db,0.0,3,3,3,3,full_6d,634888206,fixed_full6d_reference_sigma2,full_6d,0.20455692554871044,328104eb49ddabf5,False,,0.0014315119478851557,nan,nan,nan,nan,nan,nan,False,,,,False,,,,,,,,,,,,,,,,,,,,,,,,False,,,nan,nan,nan,nan,False,,,nan,nan,,,,,[],nan,,,nan,nan,nan,nan,,nan,nan,nan,0.0003728083717026123,nan,nan,0.0003728083717026123,0.00037280880254556817,0.0003728083717026123,nan,constrained_jones_peb,constrained,0.0003728083717026123,nan,0.00037280880254556817,4.0,4.0,0.0,80.73361776993535,80.72926238998197,nan,True,False,disabled,nan,nan,4.153852140187804e-15,4.336534917549206,nan,True,False,11da97468c8b90c59dcc518746f48f2217739b6c2c3deec78f2d1177de9045c5,0.20455692554871044,computed_unscaled,cpu,nan,nan,nan,,,,,,,,nan,nan,nan,nan,nan,nan,False,,,,,,,,,nan,nan,nan,nan,,,,[],False,nan,nan,nan,,,nan,nan,nan,False,nan,,,False,,nan,nan,,,nan,nan,nan,False,nan,,,,False,nan,nan,,nan,nan,,,legacy_multistart,
fig4,scalar_peb,15,2734808712,0.0,snr_db,0.0,3,3,3,3,scalar,2734808712,fixed_full6d_reference_sigma2,full_6d,0.11534740679242614,c05ad90da4a3f476,False,,12.839570009848103,nan,nan,nan,nan,nan,nan,False,,,,False,,,,,,,,,,,,,,,,,,,,,,,,False,,,nan,nan,nan,nan,False,,,nan,nan,,,,,[],nan,,,nan,nan,nan,nan,,nan,nan,nan,0.010146531635499027,0.010146531635499027,nan,nan,0.010146531635499027,0.0003461623553048331,nan,free_jones_peb,free,0.0003461623553048331,nan,0.010146531635499027,4.0,4.0,0.0,100.89591029078707,70.00822677902678,nan,True,False,disabled,nan,nan,9.480538978527236e-15,8666410.84775294,nan,True,False,d79defabb728f9ef2a9cb498979e3e0a06d619a6bb25b684616b7fd7193da39d,0.11534740679242614,computed_unscaled,cpu,nan,nan,nan,,,,,,,,nan,nan,nan,nan,nan,nan,False,,,,,,,,,nan,nan,nan,nan,,,,[],False,nan,nan,nan,,,nan,nan,nan,False,nan,,,False,,nan,nan,,,nan,nan,nan,False,nan,,,,False,nan,nan,,nan,nan,,,legacy_multistart,
fig4,dual_pol_peb,15,2734808712,0.0,snr_db,0.0,3,3,3,3,dual_pol,2734808712,fixed_full6d_reference_sigma2,full_6d,0.11534740679242614,c05ad90da4a3f476,False,,14.867547475965694,nan,nan,nan,nan,nan,nan,False,,,,False,,,,,,,,,,,,,,,,,,,,,,,,False,,,nan,nan,nan,nan,False,,,nan,nan,,,,,[],nan,,,nan,nan,nan,nan,,nan,nan,nan,0.0009752681232102015,nan,0.0009752681232102015,nan,0.0009752681232102015,0.0003461623553048331,nan,free_jones_peb,free,0.0003461623553048331,nan,0.0009752681232102015,4.0,4.0,0.0,70.20744561300263,70.00822677902678,nan,True,False,disabled,nan,nan,5.376530559797727e-15,7582013.863742931,nan,True,False,2dd75ddc8fcab391f115d7c89ff58c856a8850fc1d32139859277407aa090c9f,0.11534740679242614,computed_unscaled,cpu,nan,nan,nan,,,,,,,,nan,nan,nan,nan,nan,nan,False,,,,,,,,,nan,nan,nan,nan,,,,[],False,nan,nan,nan,,,nan,nan,nan,False,nan,,,False,,nan,nan,,,nan,nan,nan,False,nan,,,,False,nan,nan,,nan,nan,,,legacy_multistart,
fig4,full_6d_evs_peb,15,2734808712,0.0,snr_db,0.0,3,3,3,3,full_6d,2734808712,fixed_full6d_reference_sigma2,full_6d,0.11534740679242614,c05ad90da4a3f476,False,,10.03277690592222,nan,nan,nan,nan,nan,nan,False,,,,False,,,,,,,,,,,,,,,,,,,,,,,,False,,,nan,nan,nan,nan,False,,,nan,nan,,,,,[],nan,,,nan,nan,nan,nan,,nan,nan,nan,0.0003461631391619722,nan,nan,0.0003461631391619722,0.0003461631391619722,0.0003461623553048331,nan,free_jones_peb,free,0.0003461623553048331,nan,0.0003461631391619722,4.0,4.0,0.0,70.00906531898143,70.00822677902678,nan,True,False,disabled,nan,nan,7.400619168231793e-15,10.08921477062736,nan,True,False,3745774ba39f0b3a489ec82705d3e30e7ac3ac0889ba9ff94e26de5537c07034,0.11534740679242614,computed_unscaled,cpu,nan,nan,nan,,,,,,,,nan,nan,nan,nan,nan,nan,False,,,,,,,,,nan,nan,nan,nan,,,,[],False,nan,nan,nan,,,nan,nan,nan,False,nan,,,False,,nan,nan,,,nan,nan,nan,False,nan,,,,False,nan,nan,,nan,nan,,,legacy_multistart,
fig4,full_6d_constrained_jones_peb,15,2734808712,0.0,snr_db,0.0,3,3,3,3,full_6d,2734808712,fixed_full6d_reference_sigma2,full_6d,0.11534740679242614,c05ad90da4a3f476,False,,0.0013641070108860731,nan,nan,nan,nan,nan,nan,False,,,,False,,,,,,,,,,,,,,,,,,,,,,,,False,,,nan,nan,nan,nan,False,,,nan,nan,,,,,[],nan,,,nan,nan,nan,nan,,nan,nan,nan,0.0003461623553048331,nan,nan,0.0003461623553048331,0.0003461631391619722,0.0003461623553048331,nan,constrained_jones_peb,constrained,0.0003461623553048331,nan,0.0003461631391619722,4.0,4.0,0.0,70.00906531898143,70.00822677902678,nan,True,False,disabled,nan,nan,7.400619168231793e-15,10.08921477062736,nan,True,False,3745774ba39f0b3a489ec82705d3e30e7ac3ac0889ba9ff94e26de5537c07034,0.11534740679242614,computed_unscaled,cpu,nan,nan,nan,,,,,,,,nan,nan,nan,nan,nan,nan,False,,,,,,,,,nan,nan,nan,nan,,,,[],False,nan,nan,nan,,,nan,nan,nan,False,nan,,,False,,nan,nan,,,nan,nan,nan,False,nan,,,,False,nan,nan,,nan,nan,,,legacy_multistart,
fig4,scalar_peb,8,641399591,0.0,snr_db,0.0,3,3,3,3,scalar,641399591,fixed_full6d_reference_sigma2,full_6d,0.2254925735329804,57f35e95323f3f44,False,,12.864915075013414,nan,nan,nan,nan,nan,nan,False,,,,False,,,,,,,,,,,,,,,,,,,,,,,,False,,,nan,nan,nan,nan,False,,,nan,nan,,,,,[],nan,,,nan,nan,nan,nan,,nan,nan,nan,0.010354610540645631,0.010354610540645631,nan,nan,0.010354610540645631,0.00034740296344750035,nan,free_jones_peb,free,0.00034740296344750035,nan,0.010354610540645631,4.0,4.0,0.0,114.52146509670165,78.37377137224918,nan,True,False,disabled,nan,nan,5.825485788701857e-15,8529252.14870522,nan,True,False,a732f6c1b505dd31abfe1f8ad599e32fbecdf22d475326329e10dadf9f1da568,0.2254925735329804,computed_unscaled,cpu,nan,nan,nan,,,,,,,,nan,nan,nan,nan,nan,nan,False,,,,,,,,,nan,nan,nan,nan,,,,[],False,nan,nan,nan,,,nan,nan,nan,False,nan,,,False,,nan,nan,,,nan,nan,nan,False,nan,,,,False,nan,nan,,nan,nan,,,legacy_multistart,
fig4,dual_pol_peb,8,641399591,0.0,snr_db,0.0,3,3,3,3,dual_pol,641399591,fixed_full6d_reference_sigma2,full_6d,0.2254925735329804,57f35e95323f3f44,False,,14.971483745845035,nan,nan,nan,nan,nan,nan,False,,,,False,,,,,,,,,,,,,,,,,,,,,,,,False,,,nan,nan,nan,nan,False,,,nan,nan,,,,,[],nan,,,nan,nan,nan,nan,,nan,nan,nan,0.0010500147973747142,nan,0.0010500147973747142,nan,0.0010500147973747142,0.00034740296344750035,nan,free_jones_peb,free,0.00034740296344750035,nan,0.0010500147973747142,4.0,4.0,0.0,85.41819406523518,78.37377137224918,nan,True,False,disabled,nan,nan,5.650272962425915e-15,7517037.928673061,nan,True,False,9fa4b482586f33d958d2f91e29f91c27faeb030ad582eb158d921de6dbd0acce,0.2254925735329804,computed_unscaled,cpu,nan,nan,nan,,,,,,,,nan,nan,nan,nan,nan,nan,False,,,,,,,,,nan,nan,nan,nan,,,,[],False,nan,nan,nan,,,nan,nan,nan,False,nan,,,False,,nan,nan,,,nan,nan,nan,False,nan,,,,False,nan,nan,,nan,nan,,,legacy_multistart,
fig4,full_6d_evs_peb,8,641399591,0.0,snr_db,0.0,3,3,3,3,full_6d,641399591,fixed_full6d_reference_sigma2,full_6d,0.2254925735329804,57f35e95323f3f44,False,,16.4951921061147,nan,nan,nan,nan,nan,nan,False,,,,False,,,,,,,,,,,,,,,,,,,,,,,,False,,,nan,nan,nan,nan,False,,,nan,nan,,,,,[],nan,,,nan,nan,nan,nan,,nan,nan,nan,0.0003474113251691455,nan,nan,0.0003474113251691455,0.0003474113251691455,0.00034740296344750035,nan,free_jones_peb,free,0.00034740296344750035,nan,0.0003474113251691455,4.0,4.0,0.0,78.37658416776922,78.37377137224918,nan,True,False,disabled,nan,nan,9.135245690905059e-15,74.07553602613399,nan,True,False,e032c9cb8462fea3417aadc651e10a3437190e0cacf3ab5bdc4b175ff7382e20,0.2254925735329804,computed_unscaled,cpu,nan,nan,nan,,,,,,,,nan,nan,nan,nan,nan,nan,False,,,,,,,,,nan,nan,nan,nan,,,,[],False,nan,nan,nan,,,nan,nan,nan,False,nan,,,False,,nan,nan,,,nan,nan,nan,False,nan,,,,False,nan,nan,,nan,nan,,,legacy_multistart,
fig4,full_6d_constrained_jones_peb,8,641399591,0.0,snr_db,0.0,3,3,3,3,full_6d,641399591,fixed_full6d_reference_sigma2,full_6d,0.2254925735329804,57f35e95323f3f44,False,,0.0014161209110170603,nan,nan,nan,nan,nan,nan,False,,,,False,,,,,,,,,,,,,,,,,,,,,,,,False,,,nan,nan,nan,nan,False,,,nan,nan,,,,,[],nan,,,nan,nan,nan,nan,,nan,nan,nan,0.00034740296344750035,nan,nan,0.00034740296344750035,0.0003474113251691455,0.00034740296344750035,nan,constrained_jones_peb,constrained,0.00034740296344750035,nan,0.0003474113251691455,4.0,4.0,0.0,78.37658416776922,78.37377137224918,nan,True,False,disabled,nan,nan,9.135245690905059e-15,74.07553602613399,nan,True,False,e032c9cb8462fea3417aadc651e10a3437190e0cacf3ab5bdc4b175ff7382e20,0.2254925735329804,computed_unscaled,cpu,nan,nan,nan,,,,,,,,nan,nan,nan,nan,nan,nan,False,,,,,,,,,nan,nan,nan,nan,,,,[],False,nan,nan,nan,,,nan,nan,nan,False,nan,,,False,,nan,nan,,,nan,nan,nan,False,nan,,,,False,nan,nan,,nan,nan,,,legacy_multistart,
fig4,scalar_peb,16,1080178429,0.0,snr_db,0.0,3,3,3,3,scalar,1080178429,fixed_full6d_reference_sigma2,full_6d,0.4802466357959781,e3ccd104d9b2a79d,False,,12.930753829889,nan,nan,nan,nan,nan,nan,False,,,,False,,,,,,,,,,,,,,,,,,,,,,,,False,,,nan,nan,nan,nan,False,,,nan,nan,,,,,[],nan,,,nan,nan,nan,nan,,nan,nan,nan,0.013989802826196334,0.013989802826196334,nan,nan,0.013989802826196334,0.000331789543938877,nan,free_jones_peb,free,0.000331789543938877,nan,0.013989802826196334,4.0,4.0,0.0,351.7744876240085,87.52885512344132,nan,True,False,disabled,nan,nan,5.820205765180271e-15,8575747.520411221,nan,True,False,fe074e5d012d6531afd3135b069a94fbb4ac905dd184ede53d462f2ff19aea7a,0.4802466357959781,computed_unscaled,cpu,nan,nan,nan,,,,,,,,nan,nan,nan,nan,nan,nan,False,,,,,,,,,nan,nan,nan,nan,,,,[],False,nan,nan,nan,,,nan,nan,nan,False,nan,,,False,,nan,nan,,,nan,nan,nan,False,nan,,,,False,nan,nan,,nan,nan,,,legacy_multistart,
fig4,dual_pol_peb,16,1080178429,0.0,snr_db,0.0,3,3,3,3,dual_pol,1080178429,fixed_full6d_reference_sigma2,full_6d,0.4802466357959781,e3ccd104d9b2a79d,False,,12.943936485098675,nan,nan,nan,nan,nan,nan,False,,,,False,,,,,,,,,,,,,,,,,,,,,,,,False,,,nan,nan,nan,nan,False,,,nan,nan,,,,,[],nan,,,nan,nan,nan,nan,,nan,nan,nan,0.0010962981143445214,nan,0.0010962981143445214,nan,0.0010962981143445214,0.000331789543938877,nan,free_jones_peb,free,0.000331789543938877,nan,0.0010962981143445214,4.0,4.0,0.0,87.3727558069371,87.52885512344132,nan,True,False,disabled,nan,nan,3.3403699496778374e-15,7688589.259694068,nan,True,False,7873f3ee4d8c236ea9f55dde7f8a207e41c4badaaaa60a5426862eff8db93236,0.4802466357959781,computed_unscaled,cpu,nan,nan,nan,,,,,,,,nan,nan,nan,nan,nan,nan,False,,,,,,,,,nan,nan,nan,nan,,,,[],False,nan,nan,nan,,,nan,nan,nan,False,nan,,,False,,nan,nan,,,nan,nan,nan,False,nan,,,,False,nan,nan,,nan,nan,,,legacy_multistart,
fig4,full_6d_evs_peb,16,1080178429,0.0,snr_db,0.0,3,3,3,3,full_6d,1080178429,fixed_full6d_reference_sigma2,full_6d,0.4802466357959781,e3ccd104d9b2a79d,False,,12.808862692909315,nan,nan,nan,nan,nan,nan,False,,,,False,,,,,,,,,,,,,,,,,,,,,,,,False,,,nan,nan,nan,nan,False,,,nan,nan,,,,,[],nan,,,nan,nan,nan,nan,,nan,nan,nan,0.00033179091832482714,nan,nan,0.00033179091832482714,0.00033179091832482714,0.000331789543938877,nan,free_jones_peb,free,0.000331789543938877,nan,0.00033179091832482714,4.0,4.0,0.0,87.53279534019043,87.52885512344132,nan,True,False,disabled,nan,nan,5.3546384784807076e-15,5.011114269253769,nan,True,False,2793ff1fce7242989610050dae2e9fefacb8b15f6d60bfd2b55605797f0e0ce8,0.4802466357959781,computed_unscaled,cpu,nan,nan,nan,,,,,,,,nan,nan,nan,nan,nan,nan,False,,,,,,,,,nan,nan,nan,nan,,,,[],False,nan,nan,nan,,,nan,nan,nan,False,nan,,,False,,nan,nan,,,nan,nan,nan,False,nan,,,,False,nan,nan,,nan,nan,,,legacy_multistart,
fig4,full_6d_constrained_jones_peb,16,1080178429,0.0,snr_db,0.0,3,3,3,3,full_6d,1080178429,fixed_full6d_reference_sigma2,full_6d,0.4802466357959781,e3ccd104d9b2a79d,False,,0.00131327286362648,nan,nan,nan,nan,nan,nan,False,,,,False,,,,,,,,,,,,,,,,,,,,,,,,False,,,nan,nan,nan,nan,False,,,nan,nan,,,,,[],nan,,,nan,nan,nan,nan,,nan,nan,nan,0.000331789543938877,nan,nan,0.000331789543938877,0.00033179091832482714,0.000331789543938877,nan,constrained_jones_peb,constrained,0.000331789543938877,nan,0.00033179091832482714,4.0,4.0,0.0,87.53279534019043,87.52885512344132,nan,True,False,disabled,nan,nan,5.3546384784807076e-15,5.011114269253769,nan,True,False,2793ff1fce7242989610050dae2e9fefacb8b15f6d60bfd2b55605797f0e0ce8,0.4802466357959781,computed_unscaled,cpu,nan,nan,nan,,,,,,,,nan,nan,nan,nan,nan,nan,False,,,,,,,,,nan,nan,nan,nan,,,,[],False,nan,nan,nan,,,nan,nan,nan,False,nan,,,False,,nan,nan,,,nan,nan,nan,False,nan,,,,False,nan,nan,,nan,nan,,,legacy_multistart,
fig4,scalar_peb,5,2290547997,0.0,snr_db,0.0,3,3,3,3,scalar,2290547997,fixed_full6d_reference_sigma2,full_6d,0.27300020886016524,9bd5be8ed5390c85,False,,14.75376038509421,nan,nan,nan,nan,nan,nan,False,,,,False,,,,,,,,,,,,,,,,,,,,,,,,False,,,nan,nan,nan,nan,False,,,nan,nan,,,,,[],nan,,,nan,nan,nan,nan,,nan,nan,nan,0.01705599440969386,0.01705599440969386,nan,nan,0.01705599440969386,0.0003836682328451425,nan,free_jones_peb,free,0.0003836682328451425,nan,0.01705599440969386,4.0,4.0,0.0,95.41165547853414,75.07451669325687,nan,True,False,disabled,nan,nan,3.933442050682204e-15,7136662.6462251665,nan,True,False,93ef95e20e1c131fcaa8886b0220c980cc8f80e2f6a274806efc16af2e526fa6,0.27300020886016524,computed_unscaled,cpu,nan,nan,nan,,,,,,,,nan,nan,nan,nan,nan,nan,False,,,,,,,,,nan,nan,nan,nan,,,,[],False,nan,nan,nan,,,nan,nan,nan,False,nan,,,False,,nan,nan,,,nan,nan,nan,False,nan,,,,False,nan,nan,,nan,nan,,,legacy_multistart,
fig4,dual_pol_peb,5,2290547997,0.0,snr_db,0.0,3,3,3,3,dual_pol,2290547997,fixed_full6d_reference_sigma2,full_6d,0.27300020886016524,9bd5be8ed5390c85,False,,17.10307620605454,nan,nan,nan,nan,nan,nan,False,,,,False,,,,,,,,,,,,,,,,,,,,,,,,False,,,nan,nan,nan,nan,False,,,nan,nan,,,,,[],nan,,,nan,nan,nan,nan,,nan,nan,nan,0.0012614734160024052,nan,0.0012614734160024052,nan,0.0012614734160024052,0.0003836682328451425,nan,free_jones_peb,free,0.0003836682328451425,nan,0.0012614734160024052,4.0,4.0,0.0,69.60947403148965,75.07451669325687,nan,True,False,disabled,nan,nan,4.305625217670353e-15,6453518.235908845,nan,True,False,a982c7f66b3b7068e3eaf7969bceb651aa74c5682d0cb2fec69a6a1f75a15ec0,0.27300020886016524,computed_unscaled,cpu,nan,nan,nan,,,,,,,,nan,nan,nan,nan,nan,nan,False,,,,,,,,,nan,nan,nan,nan,,,,[],False,nan,nan,nan,,,nan,nan,nan,False,nan,,,False,,nan,nan,,,nan,nan,nan,False,nan,,,,False,nan,nan,,nan,nan,,,legacy_multistart,
fig4,full_6d_evs_peb,5,2290547997,0.0,snr_db,0.0,3,3,3,3,full_6d,2290547997,fixed_full6d_reference_sigma2,full_6d,0.27300020886016524,9bd5be8ed5390c85,False,,17.39087654510513,nan,nan,nan,nan,nan,nan,False,,,,False,,,,,,,,,,,,,,,,,,,,,,,,False,,,nan,nan,nan,nan,False,,,nan,nan,,,,,[],nan,,,nan,nan,nan,nan,,nan,nan,nan,0.00038367186194753237,nan,nan,0.00038367186194753237,0.00038367186194753237,0.0003836682328451425,nan,free_jones_peb,free,0.0003836682328451425,nan,0.00038367186194753237,4.0,4.0,0.0,75.07441184413703,75.07451669325687,nan,True,False,disabled,nan,nan,3.0831386239129908e-15,48.663834309991316,nan,True,False,38f1169f92c897947506b479f5ee71ac29695cde812eaf9f2f26b2ce8e8773e4,0.27300020886016524,computed_unscaled,cpu,nan,nan,nan,,,,,,,,nan,nan,nan,nan,nan,nan,False,,,,,,,,,nan,nan,nan,nan,,,,[],False,nan,nan,nan,,,nan,nan,nan,False,nan,,,False,,nan,nan,,,nan,nan,nan,False,nan,,,,False,nan,nan,,nan,nan,,,legacy_multistart,
fig4,full_6d_constrained_jones_peb,5,2290547997,0.0,snr_db,0.0,3,3,3,3,full_6d,2290547997,fixed_full6d_reference_sigma2,full_6d,0.27300020886016524,9bd5be8ed5390c85,False,,0.001441196072846651,nan,nan,nan,nan,nan,nan,False,,,,False,,,,,,,,,,,,,,,,,,,,,,,,False,,,nan,nan,nan,nan,False,,,nan,nan,,,,,[],nan,,,nan,nan,nan,nan,,nan,nan,nan,0.0003836682328451425,nan,nan,0.0003836682328451425,0.00038367186194753237,0.0003836682328451425,nan,constrained_jones_peb,constrained,0.0003836682328451425,nan,0.00038367186194753237,4.0,4.0,0.0,75.07441184413703,75.07451669325687,nan,True,False,disabled,nan,nan,3.0831386239129908e-15,48.663834309991316,nan,True,False,38f1169f92c897947506b479f5ee71ac29695cde812eaf9f2f26b2ce8e8773e4,0.27300020886016524,computed_unscaled,cpu,nan,nan,nan,,,,,,,,nan,nan,nan,nan,nan,nan,False,,,,,,,,,nan,nan,nan,nan,,,,[],False,nan,nan,nan,,,nan,nan,nan,False,nan,,,False,,nan,nan,,,nan,nan,nan,False,nan,,,,False,nan,nan,,nan,nan,,,legacy_multistart,
fig4,scalar_peb,17,2127997378,0.0,snr_db,0.0,3,3,3,3,scalar,2127997378,fixed_full6d_reference_sigma2,full_6d,0.4000509529956755,0fa89e7ccc87c423,False,,12.898098550969735,nan,nan,nan,nan,nan,nan,False,,,,False,,,,,,,,,,,,,,,,,,,,,,,,False,,,nan,nan,nan,nan,False,,,nan,nan,,,,,[],nan,,,nan,nan,nan,nan,,nan,nan,nan,0.009344816110015268,0.009344816110015268,nan,nan,0.009344816110015268,0.0004000935282654207,nan,free_jones_peb,free,0.0004000935282654207,nan,0.009344816110015268,4.0,4.0,0.0,124.74317257851243,83.33281630673481,nan,True,False,disabled,nan,nan,3.0107673570410434e-15,6478554.2018736545,nan,True,False,f80d1b30fabc96d829306cacd311a8dda31039fba04246ba0bb9e2c407097451,0.4000509529956755,computed_unscaled,cpu,nan,nan,nan,,,,,,,,nan,nan,nan,nan,nan,nan,False,,,,,,,,,nan,nan,nan,nan,,,,[],False,nan,nan,nan,,,nan,nan,nan,False,nan,,,False,,nan,nan,,,nan,nan,nan,False,nan,,,,False,nan,nan,,nan,nan,,,legacy_multistart,
fig4,dual_pol_peb,17,2127997378,0.0,snr_db,0.0,3,3,3,3,dual_pol,2127997378,fixed_full6d_reference_sigma2,full_6d,0.4000509529956755,0fa89e7ccc87c423,False,,13.112108688801527,nan,nan,nan,nan,nan,nan,False,,,,False,,,,,,,,,,,,,,,,,,,,,,,,False,,,nan,nan,nan,nan,False,,,nan,nan,,,,,[],nan,,,nan,nan,nan,nan,,nan,nan,nan,0.0012273741156651546,nan,0.0012273741156651546,nan,0.0012273741156651546,0.0004000935282654207,nan,free_jones_peb,free,0.0004000935282654207,nan,0.0012273741156651546,4.0,4.0,0.0,80.3865082342541,83.33281630673481,nan,True,False,disabled,nan,nan,2.7339741713756576e-15,5803541.298845284,nan,True,False,4b69279863936381b75eaf881fbc0666eb2ba07fa89219699aac78b513fcc887,0.4000509529956755,computed_unscaled,cpu,nan,nan,nan,,,,,,,,nan,nan,nan,nan,nan,nan,False,,,,,,,,,nan,nan,nan,nan,,,,[],False,nan,nan,nan,,,nan,nan,nan,False,nan,,,False,,nan,nan,,,nan,nan,nan,False,nan,,,,False,nan,nan,,nan,nan,,,legacy_multistart,
fig4,full_6d_evs_peb,17,2127997378,0.0,snr_db,0.0,3,3,3,3,full_6d,2127997378,fixed_full6d_reference_sigma2,full_6d,0.4000509529956755,0fa89e7ccc87c423,False,,12.695638810051605,nan,nan,nan,nan,nan,nan,False,,,,False,,,,,,,,,,,,,,,,,,,,,,,,False,,,nan,nan,nan,nan,False,,,nan,nan,,,,,[],nan,,,nan,nan,nan,nan,,nan,nan,nan,0.0004000960764907918,nan,nan,0.0004000960764907918,0.0004000960764907918,0.0004000935282654207,nan,free_jones_peb,free,0.0004000935282654207,nan,0.0004000960764907918,4.0,4.0,0.0,83.33708224159741,83.33281630673481,nan,True,False,disabled,nan,nan,3.504491963418435e-15,12.36579995108723,nan,True,False,1e7e5fb979d639b775e57b8f9a2b5887da0781d1b293b718b0219c60afc7e70e,0.4000509529956755,computed_unscaled,cpu,nan,nan,nan,,,,,,,,nan,nan,nan,nan,nan,nan,False,,,,,,,,,nan,nan,nan,nan,,,,[],False,nan,nan,nan,,,nan,nan,nan,False,nan,,,False,,nan,nan,,,nan,nan,nan,False,nan,,,,False,nan,nan,,nan,nan,,,legacy_multistart,
fig4,full_6d_constrained_jones_peb,17,2127997378,0.0,snr_db,0.0,3,3,3,3,full_6d,2127997378,fixed_full6d_reference_sigma2,full_6d,0.4000509529956755,0fa89e7ccc87c423,False,,0.0013296580873429775,nan,nan,nan,nan,nan,nan,False,,,,False,,,,,,,,,,,,,,,,,,,,,,,,False,,,nan,nan,nan,nan,False,,,nan,nan,,,,,[],nan,,,nan,nan,nan,nan,,nan,nan,nan,0.0004000935282654207,nan,nan,0.0004000935282654207,0.0004000960764907918,0.0004000935282654207,nan,constrained_jones_peb,constrained,0.0004000935282654207,nan,0.0004000960764907918,4.0,4.0,0.0,83.33708224159741,83.33281630673481,nan,True,False,disabled,nan,nan,3.504491963418435e-15,12.36579995108723,nan,True,False,1e7e5fb979d639b775e57b8f9a2b5887da0781d1b293b718b0219c60afc7e70e,0.4000509529956755,computed_unscaled,cpu,nan,nan,nan,,,,,,,,nan,nan,nan,nan,nan,nan,False,,,,,,,,,nan,nan,nan,nan,,,,[],False,nan,nan,nan,,,nan,nan,nan,False,nan,,,False,,nan,nan,,,nan,nan,nan,False,nan,,,,False,nan,nan,,nan,nan,,,legacy_multistart,
fig4,scalar_peb,22,3206710796,0.0,snr_db,0.0,3,3,3,3,scalar,3206710796,fixed_full6d_reference_sigma2,full_6d,0.10725255289283989,a53e724b03977a0e,False,,11.921084797941148,nan,nan,nan,nan,nan,nan,False,,,,False,,,,,,,,,,,,,,,,,,,,,,,,False,,,nan,nan,nan,nan,False,,,nan,nan,,,,,[],nan,,,nan,nan,nan,nan,,nan,nan,nan,0.010096480406725413,0.010096480406725413,nan,nan,0.010096480406725413,0.0004248099974864732,nan,free_jones_peb,free,0.0004248099974864732,nan,0.010096480406725413,4.0,4.0,0.0,111.05749458953498,85.5168523978814,nan,True,False,disabled,nan,nan,5.538326606766008e-15,5672335.376208568,nan,True,False,f9080b4e68e4aed660f7139dac97037d1e8fed6d4a9602cdbdb2d46386fc4c30,0.10725255289283989,computed_unscaled,cpu,nan,nan,nan,,,,,,,,nan,nan,nan,nan,nan,nan,False,,,,,,,,,nan,nan,nan,nan,,,,[],False,nan,nan,nan,,,nan,nan,nan,False,nan,,,False,,nan,nan,,,nan,nan,nan,False,nan,,,,False,nan,nan,,nan,nan,,,legacy_multistart,
fig4,dual_pol_peb,22,3206710796,0.0,snr_db,0.0,3,3,3,3,dual_pol,3206710796,fixed_full6d_reference_sigma2,full_6d,0.10725255289283989,a53e724b03977a0e,False,,9.188099233200774,nan,nan,nan,nan,nan,nan,False,,,,False,,,,,,,,,,,,,,,,,,,,,,,,False,,,nan,nan,nan,nan,False,,,nan,nan,,,,,[],nan,,,nan,nan,nan,nan,,nan,nan,nan,0.0014509183877366928,nan,0.0014509183877366928,nan,0.0014509183877366928,0.0004248099974864732,nan,free_jones_peb,free,0.0004248099974864732,nan,0.0014509183877366928,4.0,4.0,0.0,85.63788320864268,85.5168523978814,nan,True,False,disabled,nan,nan,6.784284476869063e-15,5196496.868159589,nan,True,False,419299da458ee1792ab0bf9d32fc334a7c54ce3cdd856294255dc0759783f127,0.10725255289283989,computed_unscaled,cpu,nan,nan,nan,,,,,,,,nan,nan,nan,nan,nan,nan,False,,,,,,,,,nan,nan,nan,nan,,,,[],False,nan,nan,nan,,,nan,nan,nan,False,nan,,,False,,nan,nan,,,nan,nan,nan,False,nan,,,,False,nan,nan,,nan,nan,,,legacy_multistart,
fig4,full_6d_evs_peb,22,3206710796,0.0,snr_db,0.0,3,3,3,3,full_6d,3206710796,fixed_full6d_reference_sigma2,full_6d,0.10725255289283989,a53e724b03977a0e,False,,9.909932229900733,nan,nan,nan,nan,nan,nan,False,,,,False,,,,,,,,,,,,,,,,,,,,,,,,False,,,nan,nan,nan,nan,False,,,nan,nan,,,,,[],nan,,,nan,nan,nan,nan,,nan,nan,nan,0.0004248150196153206,nan,nan,0.0004248150196153206,0.0004248150196153206,0.0004248099974864732,nan,free_jones_peb,free,0.0004248099974864732,nan,0.0004248150196153206,4.0,4.0,0.0,85.5132004810359,85.5168523978814,nan,True,False,disabled,nan,nan,3.558399536001169e-15,101.04273501071154,nan,True,False,c84ba72aa3a760a0760b6b67e247dbffd03ad56315a9283ecceeafa1a6824f29,0.10725255289283989,computed_unscaled,cpu,nan,nan,nan,,,,,,,,nan,nan,nan,nan,nan,nan,False,,,,,,,,,nan,nan,nan,nan,,,,[],False,nan,nan,nan,,,nan,nan,nan,False,nan,,,False,,nan,nan,,,nan,nan,nan,False,nan,,,,False,nan,nan,,nan,nan,,,legacy_multistart,
fig4,full_6d_constrained_jones_peb,22,3206710796,0.0,snr_db,0.0,3,3,3,3,full_6d,3206710796,fixed_full6d_reference_sigma2,full_6d,0.10725255289283989,a53e724b03977a0e,False,,0.0013582378160208464,nan,nan,nan,nan,nan,nan,False,,,,False,,,,,,,,,,,,,,,,,,,,,,,,False,,,nan,nan,nan,nan,False,,,nan,nan,,,,,[],nan,,,nan,nan,nan,nan,,nan,nan,nan,0.0004248099974864732,nan,nan,0.0004248099974864732,0.0004248150196153206,0.0004248099974864732,nan,constrained_jones_peb,constrained,0.0004248099974864732,nan,0.0004248150196153206,4.0,4.0,0.0,85.5132004810359,85.5168523978814,nan,True,False,disabled,nan,nan,3.558399536001169e-15,101.04273501071154,nan,True,False,c84ba72aa3a760a0760b6b67e247dbffd03ad56315a9283ecceeafa1a6824f29,0.10725255289283989,computed_unscaled,cpu,nan,nan,nan,,,,,,,,nan,nan,nan,nan,nan,nan,False,,,,,,,,,nan,nan,nan,nan,,,,[],False,nan,nan,nan,,,nan,nan,nan,False,nan,,,False,,nan,nan,,,nan,nan,nan,False,nan,,,,False,nan,nan,,nan,nan,,,legacy_multistart,
fig4,scalar_peb,20,3607282624,0.0,snr_db,0.0,3,3,3,3,scalar,3607282624,fixed_full6d_reference_sigma2,full_6d,0.5720556931745366,5509ece571906c67,False,,13.026743358932436,nan,nan,nan,nan,nan,nan,False,,,,False,,,,,,,,,,,,,,,,,,,,,,,,False,,,nan,nan,nan,nan,False,,,nan,nan,,,,,[],nan,,,nan,nan,nan,nan,,nan,nan,nan,0.0112599686788819,0.0112599686788819,nan,nan,0.0112599686788819,0.00033759551000443543,nan,free_jones_peb,free,0.00033759551000443543,nan,0.0112599686788819,4.0,4.0,0.0,140.8525361239948,65.44480715415628,nan,True,False,disabled,nan,nan,5.162051431080093e-15,8579081.012020892,nan,True,False,d55a112d2b0e8a5bbe2e9ebbc09713c232ec12817530458a0e96df3c2ffa5f97,0.5720556931745366,computed_unscaled,cpu,nan,nan,nan,,,,,,,,nan,nan,nan,nan,nan,nan,False,,,,,,,,,nan,nan,nan,nan,,,,[],False,nan,nan,nan,,,nan,nan,nan,False,nan,,,False,,nan,nan,,,nan,nan,nan,False,nan,,,,False,nan,nan,,nan,nan,,,legacy_multistart,
fig4,dual_pol_peb,20,3607282624,0.0,snr_db,0.0,3,3,3,3,dual_pol,3607282624,fixed_full6d_reference_sigma2,full_6d,0.5720556931745366,5509ece571906c67,False,,12.783307943958789,nan,nan,nan,nan,nan,nan,False,,,,False,,,,,,,,,,,,,,,,,,,,,,,,False,,,nan,nan,nan,nan,False,,,nan,nan,,,,,[],nan,,,nan,nan,nan,nan,,nan,nan,nan,0.0007936692468200938,nan,0.0007936692468200938,nan,0.0007936692468200938,0.00033759551000443543,nan,free_jones_peb,free,0.00033759551000443543,nan,0.0007936692468200938,4.0,4.0,0.0,65.94175143404571,65.44480715415628,nan,True,False,disabled,nan,nan,3.4135013838473268e-15,7059847.828150415,nan,True,False,69f791d10fa1c5e844325c11b57a310bf435d47976592123c61e7bd2e017cefc,0.5720556931745366,computed_unscaled,cpu,nan,nan,nan,,,,,,,,nan,nan,nan,nan,nan,nan,False,,,,,,,,,nan,nan,nan,nan,,,,[],False,nan,nan,nan,,,nan,nan,nan,False,nan,,,False,,nan,nan,,,nan,nan,nan,False,nan,,,,False,nan,nan,,nan,nan,,,legacy_multistart,
fig4,full_6d_evs_peb,20,3607282624,0.0,snr_db,0.0,3,3,3,3,full_6d,3607282624,fixed_full6d_reference_sigma2,full_6d,0.5720556931745366,5509ece571906c67,False,,12.815489667933434,nan,nan,nan,nan,nan,nan,False,,,,False,,,,,,,,,,,,,,,,,,,,,,,,False,,,nan,nan,nan,nan,False,,,nan,nan,,,,,[],nan,,,nan,nan,nan,nan,,nan,nan,nan,0.00033759600438714983,nan,nan,0.00033759600438714983,0.00033759600438714983,0.00033759551000443543,nan,free_jones_peb,free,0.00033759551000443543,nan,0.00033759600438714983,4.0,4.0,0.0,65.44704181364826,65.44480715415628,nan,True,False,disabled,nan,nan,4.568020117442775e-15,1.5190933357004777,nan,True,False,614c1d5045ebcd05d85977496f662de337f9fdc3d750d62d2ed64ea91c25b070,0.5720556931745366,computed_unscaled,cpu,nan,nan,nan,,,,,,,,nan,nan,nan,nan,nan,nan,False,,,,,,,,,nan,nan,nan,nan,,,,[],False,nan,nan,nan,,,nan,nan,nan,False,nan,,,False,,nan,nan,,,nan,nan,nan,False,nan,,,,False,nan,nan,,nan,nan,,,legacy_multistart,
fig4,full_6d_constrained_jones_peb,20,3607282624,0.0,snr_db,0.0,3,3,3,3,full_6d,3607282624,fixed_full6d_reference_sigma2,full_6d,0.5720556931745366,5509ece571906c67,False,,0.0014296909794211388,nan,nan,nan,nan,nan,nan,False,,,,False,,,,,,,,,,,,,,,,,,,,,,,,False,,,nan,nan,nan,nan,False,,,nan,nan,,,,,[],nan,,,nan,nan,nan,nan,,nan,nan,nan,0.00033759551000443543,nan,nan,0.00033759551000443543,0.00033759600438714983,0.00033759551000443543,nan,constrained_jones_peb,constrained,0.00033759551000443543,nan,0.00033759600438714983,4.0,4.0,0.0,65.44704181364826,65.44480715415628,nan,True,False,disabled,nan,nan,4.568020117442775e-15,1.5190933357004777,nan,True,False,614c1d5045ebcd05d85977496f662de337f9fdc3d750d62d2ed64ea91c25b070,0.5720556931745366,computed_unscaled,cpu,nan,nan,nan,,,,,,,,nan,nan,nan,nan,nan,nan,False,,,,,,,,,nan,nan,nan,nan,,,,[],False,nan,nan,nan,,,nan,nan,nan,False,nan,,,False,,nan,nan,,,nan,nan,nan,False,nan,,,,False,nan,nan,,nan,nan,,,legacy_multistart,
fig4,scalar_peb,14,1092560480,0.0,snr_db,0.0,3,3,3,3,scalar,1092560480,fixed_full6d_reference_sigma2,full_6d,0.21631840949807746,01ab6855c45893aa,False,,15.585429084021598,nan,nan,nan,nan,nan,nan,False,,,,False,,,,,,,,,,,,,,,,,,,,,,,,False,,,nan,nan,nan,nan,False,,,nan,nan,,,,,[],nan,,,nan,nan,nan,nan,,nan,nan,nan,0.009856547767990454,0.009856547767990454,nan,nan,0.009856547767990454,0.00036149608994669565,nan,free_jones_peb,free,0.00036149608994669565,nan,0.009856547767990454,4.0,4.0,0.0,113.60074949938736,68.82598452963305,nan,True,False,disabled,nan,nan,3.7919715959771995e-15,7923499.514880801,nan,True,False,daeed13a2f50233764622d6693621439c707a88ffe45923e1470c1628b195fa4,0.21631840949807746,computed_unscaled,cpu,nan,nan,nan,,,,,,,,nan,nan,nan,nan,nan,nan,False,,,,,,,,,nan,nan,nan,nan,,,,[],False,nan,nan,nan,,,nan,nan,nan,False,nan,,,False,,nan,nan,,,nan,nan,nan,False,nan,,,,False,nan,nan,,nan,nan,,,legacy_multistart,
fig4,dual_pol_peb,14,1092560480,0.0,snr_db,0.0,3,3,3,3,dual_pol,1092560480,fixed_full6d_reference_sigma2,full_6d,0.21631840949807746,01ab6855c45893aa,False,,16.9729195558466,nan,nan,nan,nan,nan,nan,False,,,,False,,,,,,,,,,,,,,,,,,,,,,,,False,,,nan,nan,nan,nan,False,,,nan,nan,,,,,[],nan,,,nan,nan,nan,nan,,nan,nan,nan,0.0013065204264250674,nan,0.0013065204264250674,nan,0.0013065204264250674,0.00036149608994669565,nan,free_jones_peb,free,0.00036149608994669565,nan,0.0013065204264250674,4.0,4.0,0.0,76.13175461760103,68.82598452963305,nan,True,False,disabled,nan,nan,5.684817378219432e-15,7280021.423956271,nan,True,False,f4cb566e66af0ab72dc54437cb77e52afa3ac990d61ae7e996305eb30e95ddb9,0.21631840949807746,computed_unscaled,cpu,nan,nan,nan,,,,,,,,nan,nan,nan,nan,nan,nan,False,,,,,,,,,nan,nan,nan,nan,,,,[],False,nan,nan,nan,,,nan,nan,nan,False,nan,,,False,,nan,nan,,,nan,nan,nan,False,nan,,,,False,nan,nan,,nan,nan,,,legacy_multistart,
fig4,full_6d_evs_peb,14,1092560480,0.0,snr_db,0.0,3,3,3,3,full_6d,1092560480,fixed_full6d_reference_sigma2,full_6d,0.21631840949807746,01ab6855c45893aa,False,,17.26482675387524,nan,nan,nan,nan,nan,nan,False,,,,False,,,,,,,,,,,,,,,,,,,,,,,,False,,,nan,nan,nan,nan,False,,,nan,nan,,,,,[],nan,,,nan,nan,nan,nan,,nan,nan,nan,0.0003614969438072783,nan,nan,0.0003614969438072783,0.0003614969438072783,0.00036149608994669565,nan,free_jones_peb,free,0.00036149608994669565,nan,0.0003614969438072783,4.0,4.0,0.0,68.82541009221048,68.82598452963305,nan,True,False,disabled,nan,nan,3.668202220160614e-15,3.7947391860557986,nan,True,False,f1022bc01518ff6f31f9f6e642efb32029d98d2c096644b99cc3e0e6c8ec44d7,0.21631840949807746,computed_unscaled,cpu,nan,nan,nan,,,,,,,,nan,nan,nan,nan,nan,nan,False,,,,,,,,,nan,nan,nan,nan,,,,[],False,nan,nan,nan,,,nan,nan,nan,False,nan,,,False,,nan,nan,,,nan,nan,nan,False,nan,,,,False,nan,nan,,nan,nan,,,legacy_multistart,
fig4,full_6d_constrained_jones_peb,14,1092560480,0.0,snr_db,0.0,3,3,3,3,full_6d,1092560480,fixed_full6d_reference_sigma2,full_6d,0.21631840949807746,01ab6855c45893aa,False,,0.0014966768212616444,nan,nan,nan,nan,nan,nan,False,,,,False,,,,,,,,,,,,,,,,,,,,,,,,False,,,nan,nan,nan,nan,False,,,nan,nan,,,,,[],nan,,,nan,nan,nan,nan,,nan,nan,nan,0.00036149608994669565,nan,nan,0.00036149608994669565,0.0003614969438072783,0.00036149608994669565,nan,constrained_jones_peb,constrained,0.00036149608994669565,nan,0.0003614969438072783,4.0,4.0,0.0,68.82541009221048,68.82598452963305,nan,True,False,disabled,nan,nan,3.668202220160614e-15,3.7947391860557986,nan,True,False,f1022bc01518ff6f31f9f6e642efb32029d98d2c096644b99cc3e0e6c8ec44d7,0.21631840949807746,computed_unscaled,cpu,nan,nan,nan,,,,,,,,nan,nan,nan,nan,nan,nan,False,,,,,,,,,nan,nan,nan,nan,,,,[],False,nan,nan,nan,,,nan,nan,nan,False,nan,,,False,,nan,nan,,,nan,nan,nan,False,nan,,,,False,nan,nan,,nan,nan,,,legacy_multistart,
fig4,scalar_peb,19,3846521747,0.0,snr_db,0.0,3,3,3,3,scalar,3846521747,fixed_full6d_reference_sigma2,full_6d,0.11858033347287425,0ce2fe9ea41b0d8c,False,,13.00019724899903,nan,nan,nan,nan,nan,nan,False,,,,False,,,,,,,,,,,,,,,,,,,,,,,,False,,,nan,nan,nan,nan,False,,,nan,nan,,,,,[],nan,,,nan,nan,nan,nan,,nan,nan,nan,0.012567088976445758,0.012567088976445758,nan,nan,0.012567088976445758,0.0003956313609702138,nan,free_jones_peb,free,0.0003956313609702138,nan,0.012567088976445758,4.0,4.0,0.0,138.35265111308044,81.0267088762716,nan,True,False,disabled,nan,nan,5.025730860213916e-15,6618964.307740897,nan,True,False,0b8a9b663ca2c0e1d92176cbed39120875d02f4c6be3dc160568c7233976ffc2,0.11858033347287425,computed_unscaled,cpu,nan,nan,nan,,,,,,,,nan,nan,nan,nan,nan,nan,False,,,,,,,,,nan,nan,nan,nan,,,,[],False,nan,nan,nan,,,nan,nan,nan,False,nan,,,False,,nan,nan,,,nan,nan,nan,False,nan,,,,False,nan,nan,,nan,nan,,,legacy_multistart,
fig4,dual_pol_peb,19,3846521747,0.0,snr_db,0.0,3,3,3,3,dual_pol,3846521747,fixed_full6d_reference_sigma2,full_6d,0.11858033347287425,0ce2fe9ea41b0d8c,False,,17.12215900607407,nan,nan,nan,nan,nan,nan,False,,,,False,,,,,,,,,,,,,,,,,,,,,,,,False,,,nan,nan,nan,nan,False,,,nan,nan,,,,,[],nan,,,nan,nan,nan,nan,,nan,nan,nan,0.0016016512604171383,nan,0.0016016512604171383,nan,0.0016016512604171383,0.0003956313609702138,nan,free_jones_peb,free,0.0003956313609702138,nan,0.0016016512604171383,4.0,4.0,0.0,84.04221565549445,81.0267088762716,nan,True,False,disabled,nan,nan,5.467552475726876e-15,6220943.522597843,nan,True,False,dca030af82f710bcb535a4a0e546d3403fad4f1f40adb5820a43ca6b9c02e1ab,0.11858033347287425,computed_unscaled,cpu,nan,nan,nan,,,,,,,,nan,nan,nan,nan,nan,nan,False,,,,,,,,,nan,nan,nan,nan,,,,[],False,nan,nan,nan,,,nan,nan,nan,False,nan,,,False,,nan,nan,,,nan,nan,nan,False,nan,,,,False,nan,nan,,nan,nan,,,legacy_multistart,
fig4,full_6d_evs_peb,19,3846521747,0.0,snr_db,0.0,3,3,3,3,full_6d,3846521747,fixed_full6d_reference_sigma2,full_6d,0.11858033347287425,0ce2fe9ea41b0d8c,False,,17.18528299499303,nan,nan,nan,nan,nan,nan,False,,,,False,,,,,,,,,,,,,,,,,,,,,,,,False,,,nan,nan,nan,nan,False,,,nan,nan,,,,,[],nan,,,nan,nan,nan,nan,,nan,nan,nan,0.0003956371814647065,nan,nan,0.0003956371814647065,0.0003956371814647065,0.0003956313609702138,nan,free_jones_peb,free,0.0003956313609702138,nan,0.0003956371814647065,4.0,4.0,0.0,81.02735268366338,81.0267088762716,nan,True,False,disabled,nan,nan,3.1143003299953237e-15,16.97808246680703,nan,True,False,66683f008884b5deaddb95c24fc2a892e518e793d697d2821f0c6f98570400e4,0.11858033347287425,computed_unscaled,cpu,nan,nan,nan,,,,,,,,nan,nan,nan,nan,nan,nan,False,,,,,,,,,nan,nan,nan,nan,,,,[],False,nan,nan,nan,,,nan,nan,nan,False,nan,,,False,,nan,nan,,,nan,nan,nan,False,nan,,,,False,nan,nan,,nan,nan,,,legacy_multistart,
fig4,full_6d_constrained_jones_peb,19,3846521747,0.0,snr_db,0.0,3,3,3,3,full_6d,3846521747,fixed_full6d_reference_sigma2,full_6d,0.11858033347287425,0ce2fe9ea41b0d8c,False,,0.001550066052004695,nan,nan,nan,nan,nan,nan,False,,,,False,,,,,,,,,,,,,,,,,,,,,,,,False,,,nan,nan,nan,nan,False,,,nan,nan,,,,,[],nan,,,nan,nan,nan,nan,,nan,nan,nan,0.0003956313609702138,nan,nan,0.0003956313609702138,0.0003956371814647065,0.0003956313609702138,nan,constrained_jones_peb,constrained,0.0003956313609702138,nan,0.0003956371814647065,4.0,4.0,0.0,81.02735268366338,81.0267088762716,nan,True,False,disabled,nan,nan,3.1143003299953237e-15,16.97808246680703,nan,True,False,66683f008884b5deaddb95c24fc2a892e518e793d697d2821f0c6f98570400e4,0.11858033347287425,computed_unscaled,cpu,nan,nan,nan,,,,,,,,nan,nan,nan,nan,nan,nan,False,,,,,,,,,nan,nan,nan,nan,,,,[],False,nan,nan,nan,,,nan,nan,nan,False,nan,,,False,,nan,nan,,,nan,nan,nan,False,nan,,,,False,nan,nan,,nan,nan,,,legacy_multistart,
fig4,scalar_peb,3,3422926171,5.0,snr_db,5.0,3,3,3,3,scalar,3422926171,fixed_full6d_reference_sigma2,full_6d,0.08793113035534897,f492cd9d81cc37d2,False,,10.51472517196089,nan,nan,nan,nan,nan,nan,False,,,,False,,,,,,,,,,,,,,,,,,,,,,,,False,,,nan,nan,nan,nan,False,,,nan,nan,,,,,[],nan,,,nan,nan,nan,nan,,nan,nan,nan,0.006196990826068736,0.006196990826068736,nan,nan,0.006196990826068736,0.00019438842194101518,nan,free_jones_peb,free,0.00019438842194101518,nan,0.006196990826068736,4.0,4.0,0.0,104.50572595812713,79.32568453893884,nan,True,False,disabled,nan,nan,3.900801732574139e-15,27000650.01405585,nan,True,False,6d2b6f9de96b8591d5302f64424683a02c9496c3cee2815dc2956f0c1ed3f810,0.08793113035534897,computed_unscaled,cpu,nan,nan,nan,,,,,,,,nan,nan,nan,nan,nan,nan,False,,,,,,,,,nan,nan,nan,nan,,,,[],False,nan,nan,nan,,,nan,nan,nan,False,nan,,,False,,nan,nan,,,nan,nan,nan,False,nan,,,,False,nan,nan,,nan,nan,,,legacy_multistart,
fig4,dual_pol_peb,3,3422926171,5.0,snr_db,5.0,3,3,3,3,dual_pol,3422926171,fixed_full6d_reference_sigma2,full_6d,0.08793113035534897,f492cd9d81cc37d2,False,,9.846755604958162,nan,nan,nan,nan,nan,nan,False,,,,False,,,,,,,,,,,,,,,,,,,,,,,,False,,,nan,nan,nan,nan,False,,,nan,nan,,,,,[],nan,,,nan,nan,nan,nan,,nan,nan,nan,0.0005222486058237559,nan,0.0005222486058237559,nan,0.0005222486058237559,0.00019438842194101518,nan,free_jones_peb,free,0.00019438842194101518,nan,0.0005222486058237559,4.0,4.0,0.0,79.3954567031715,79.32568453893884,nan,True,False,disabled,nan,nan,6.955004518320193e-15,23300925.22948117,nan,True,False,f77eeba51e4c29f45760a30757cde728bf1f86a0a513fc49d764f003ded781c7,0.08793113035534897,computed_unscaled,cpu,nan,nan,nan,,,,,,,,nan,nan,nan,nan,nan,nan,False,,,,,,,,,nan,nan,nan,nan,,,,[],False,nan,nan,nan,,,nan,nan,nan,False,nan,,,False,,nan,nan,,,nan,nan,nan,False,nan,,,,False,nan,nan,,nan,nan,,,legacy_multistart,
fig4,full_6d_evs_peb,3,3422926171,5.0,snr_db,5.0,3,3,3,3,full_6d,3422926171,fixed_full6d_reference_sigma2,full_6d,0.08793113035534897,f492cd9d81cc37d2,False,,10.198750280076638,nan,nan,nan,nan,nan,nan,False,,,,False,,,,,,,,,,,,,,,,,,,,,,,,False,,,nan,nan,nan,nan,False,,,nan,nan,,,,,[],nan,,,nan,nan,nan,nan,,nan,nan,nan,0.0001943889350184992,nan,nan,0.0001943889350184992,0.0001943889350184992,0.00019438842194101518,nan,free_jones_peb,free,0.00019438842194101518,nan,0.0001943889350184992,4.0,4.0,0.0,79.32787446466105,79.32568453893884,nan,True,False,disabled,nan,nan,3.232701295910676e-15,152.8933410203527,nan,True,False,36031d2b9c9618797e3e0dd10eb5c7dda8abc129f14c8c8dd5b717980768d13b,0.08793113035534897,computed_unscaled,cpu,nan,nan,nan,,,,,,,,nan,nan,nan,nan,nan,nan,False,,,,,,,,,nan,nan,nan,nan,,,,[],False,nan,nan,nan,,,nan,nan,nan,False,nan,,,False,,nan,nan,,,nan,nan,nan,False,nan,,,,False,nan,nan,,nan,nan,,,legacy_multistart,
fig4,full_6d_constrained_jones_peb,3,3422926171,5.0,snr_db,5.0,3,3,3,3,full_6d,3422926171,fixed_full6d_reference_sigma2,full_6d,0.08793113035534897,f492cd9d81cc37d2,False,,0.0013951761648058891,nan,nan,nan,nan,nan,nan,False,,,,False,,,,,,,,,,,,,,,,,,,,,,,,False,,,nan,nan,nan,nan,False,,,nan,nan,,,,,[],nan,,,nan,nan,nan,nan,,nan,nan,nan,0.00019438842194101518,nan,nan,0.00019438842194101518,0.0001943889350184992,0.00019438842194101518,nan,constrained_jones_peb,constrained,0.00019438842194101518,nan,0.0001943889350184992,4.0,4.0,0.0,79.32787446466105,79.32568453893884,nan,True,False,disabled,nan,nan,3.232701295910676e-15,152.8933410203527,nan,True,False,36031d2b9c9618797e3e0dd10eb5c7dda8abc129f14c8c8dd5b717980768d13b,0.08793113035534897,computed_unscaled,cpu,nan,nan,nan,,,,,,,,nan,nan,nan,nan,nan,nan,False,,,,,,,,,nan,nan,nan,nan,,,,[],False,nan,nan,nan,,,nan,nan,nan,False,nan,,,False,,nan,nan,,,nan,nan,nan,False,nan,,,,False,nan,nan,,nan,nan,,,legacy_multistart,
fig4,scalar_peb,18,3644258948,0.0,snr_db,0.0,3,3,3,3,scalar,3644258948,fixed_full6d_reference_sigma2,full_6d,0.43985002009860585,de5ff5d9c9ba5440,False,,17.48456923896447,nan,nan,nan,nan,nan,nan,False,,,,False,,,,,,,,,,,,,,,,,,,,,,,,False,,,nan,nan,nan,nan,False,,,nan,nan,,,,,[],nan,,,nan,nan,nan,nan,,nan,nan,nan,0.01818949916879096,0.01818949916879096,nan,nan,0.01818949916879096,0.0003337042695990704,nan,free_jones_peb,free,0.0003337042695990704,nan,0.01818949916879096,4.0,4.0,0.0,115.23711542244548,80.88495081630951,nan,True,False,disabled,nan,nan,4.64685046868996e-15,8045805.414886286,nan,True,False,7c3fffbebf7276e93d6865a756d564af06a271739673c8f69819f7ec957629a8,0.43985002009860585,computed_unscaled,cpu,nan,nan,nan,,,,,,,,nan,nan,nan,nan,nan,nan,False,,,,,,,,,nan,nan,nan,nan,,,,[],False,nan,nan,nan,,,nan,nan,nan,False,nan,,,False,,nan,nan,,,nan,nan,nan,False,nan,,,,False,nan,nan,,nan,nan,,,legacy_multistart,
fig4,dual_pol_peb,18,3644258948,0.0,snr_db,0.0,3,3,3,3,dual_pol,3644258948,fixed_full6d_reference_sigma2,full_6d,0.43985002009860585,de5ff5d9c9ba5440,False,,16.942692262120545,nan,nan,nan,nan,nan,nan,False,,,,False,,,,,,,,,,,,,,,,,,,,,,,,False,,,nan,nan,nan,nan,False,,,nan,nan,,,,,[],nan,,,nan,nan,nan,nan,,nan,nan,nan,0.001094653988541034,nan,0.001094653988541034,nan,0.001094653988541034,0.0003337042695990704,nan,free_jones_peb,free,0.0003337042695990704,nan,0.001094653988541034,4.0,4.0,0.0,81.40427739880947,80.88495081630951,nan,True,False,disabled,nan,nan,6.820267472557088e-15,7315110.474728225,nan,True,False,cf6f4ec51498c7da6824e9b45e0baf835ff8071253d23a2abd74e8038f51af4f,0.43985002009860585,computed_unscaled,cpu,nan,nan,nan,,,,,,,,nan,nan,nan,nan,nan,nan,False,,,,,,,,,nan,nan,nan,nan,,,,[],False,nan,nan,nan,,,nan,nan,nan,False,nan,,,False,,nan,nan,,,nan,nan,nan,False,nan,,,,False,nan,nan,,nan,nan,,,legacy_multistart,
fig4,full_6d_evs_peb,18,3644258948,0.0,snr_db,0.0,3,3,3,3,full_6d,3644258948,fixed_full6d_reference_sigma2,full_6d,0.43985002009860585,de5ff5d9c9ba5440,False,,17.296525713056326,nan,nan,nan,nan,nan,nan,False,,,,False,,,,,,,,,,,,,,,,,,,,,,,,False,,,nan,nan,nan,nan,False,,,nan,nan,,,,,[],nan,,,nan,nan,nan,nan,,nan,nan,nan,0.0003337104219380406,nan,nan,0.0003337104219380406,0.0003337104219380406,0.0003337042695990704,nan,free_jones_peb,free,0.0003337042695990704,nan,0.0003337104219380406,4.0,4.0,0.0,80.88405653823233,80.88495081630951,nan,True,False,disabled,nan,nan,2.319325161621836e-15,23.50933391487118,nan,True,False,10eabe3ea0bf687d98504e31e23e6506b4b182585a8f16e7a2bae8ed9d09e41a,0.43985002009860585,computed_unscaled,cpu,nan,nan,nan,,,,,,,,nan,nan,nan,nan,nan,nan,False,,,,,,,,,nan,nan,nan,nan,,,,[],False,nan,nan,nan,,,nan,nan,nan,False,nan,,,False,,nan,nan,,,nan,nan,nan,False,nan,,,,False,nan,nan,,nan,nan,,,legacy_multistart,
fig4,full_6d_constrained_jones_peb,18,3644258948,0.0,snr_db,0.0,3,3,3,3,full_6d,3644258948,fixed_full6d_reference_sigma2,full_6d,0.43985002009860585,de5ff5d9c9ba5440,False,,0.0014796170871704817,nan,nan,nan,nan,nan,nan,False,,,,False,,,,,,,,,,,,,,,,,,,,,,,,False,,,nan,nan,nan,nan,False,,,nan,nan,,,,,[],nan,,,nan,nan,nan,nan,,nan,nan,nan,0.0003337042695990704,nan,nan,0.0003337042695990704,0.0003337104219380406,0.0003337042695990704,nan,constrained_jones_peb,constrained,0.0003337042695990704,nan,0.0003337104219380406,4.0,4.0,0.0,80.88405653823233,80.88495081630951,nan,True,False,disabled,nan,nan,2.319325161621836e-15,23.50933391487118,nan,True,False,10eabe3ea0bf687d98504e31e23e6506b4b182585a8f16e7a2bae8ed9d09e41a,0.43985002009860585,computed_unscaled,cpu,nan,nan,nan,,,,,,,,nan,nan,nan,nan,nan,nan,False,,,,,,,,,nan,nan,nan,nan,,,,[],False,nan,nan,nan,,,nan,nan,nan,False,nan,,,False,,nan,nan,,,nan,nan,nan,False,nan,,,,False,nan,nan,,nan,nan,,,legacy_multistart,
fig4,scalar_peb,0,3147786918,5.0,snr_db,5.0,3,3,3,3,scalar,3147786918,fixed_full6d_reference_sigma2,full_6d,0.12536941931437523,8f934be82c263222,False,,12.858304414898157,nan,nan,nan,nan,nan,nan,False,,,,False,,,,,,,,,,,,,,,,,,,,,,,,False,,,nan,nan,nan,nan,False,,,nan,nan,,,,,[],nan,,,nan,nan,nan,nan,,nan,nan,nan,0.006575895658598444,0.006575895658598444,nan,nan,0.006575895658598444,0.00020082113467399703,nan,free_jones_peb,free,0.00020082113467399703,nan,0.006575895658598444,4.0,4.0,0.0,109.80760458159132,69.84558422826329,nan,True,False,disabled,nan,nan,1.2518400196198644e-14,25967262.70224468,nan,True,False,cd96a98a06084da1d3e00a46ddfc6c9c51a558c9423886cb8941ee6de2c16ba9,0.12536941931437523,computed_unscaled,cpu,nan,nan,nan,,,,,,,,nan,nan,nan,nan,nan,nan,False,,,,,,,,,nan,nan,nan,nan,,,,[],False,nan,nan,nan,,,nan,nan,nan,False,nan,,,False,,nan,nan,,,nan,nan,nan,False,nan,,,,False,nan,nan,,nan,nan,,,legacy_multistart,
fig4,dual_pol_peb,0,3147786918,5.0,snr_db,5.0,3,3,3,3,dual_pol,3147786918,fixed_full6d_reference_sigma2,full_6d,0.12536941931437523,8f934be82c263222,False,,12.50095125194639,nan,nan,nan,nan,nan,nan,False,,,,False,,,,,,,,,,,,,,,,,,,,,,,,False,,,nan,nan,nan,nan,False,,,nan,nan,,,,,[],nan,,,nan,nan,nan,nan,,nan,nan,nan,0.0008884447015907865,nan,0.0008884447015907865,nan,0.0008884447015907865,0.00020082113467399703,nan,free_jones_peb,free,0.00020082113467399703,nan,0.0008884447015907865,4.0,4.0,0.0,74.38377110368802,69.84558422826329,nan,True,False,disabled,nan,nan,8.918836412836253e-15,24591690.364984605,nan,True,False,8dc4f470547f71c7bbbfab20d66331fe815668d9c9eb7a3dceadd43db18a7ee2,0.12536941931437523,computed_unscaled,cpu,nan,nan,nan,,,,,,,,nan,nan,nan,nan,nan,nan,False,,,,,,,,,nan,nan,nan,nan,,,,[],False,nan,nan,nan,,,nan,nan,nan,False,nan,,,False,,nan,nan,,,nan,nan,nan,False,nan,,,,False,nan,nan,,nan,nan,,,legacy_multistart,
fig4,full_6d_evs_peb,0,3147786918,5.0,snr_db,5.0,3,3,3,3,full_6d,3147786918,fixed_full6d_reference_sigma2,full_6d,0.12536941931437523,8f934be82c263222,False,,12.536706042010337,nan,nan,nan,nan,nan,nan,False,,,,False,,,,,,,,,,,,,,,,,,,,,,,,False,,,nan,nan,nan,nan,False,,,nan,nan,,,,,[],nan,,,nan,nan,nan,nan,,nan,nan,nan,0.00020082404726448643,nan,nan,0.00020082404726448643,0.00020082404726448643,0.00020082113467399703,nan,free_jones_peb,free,0.00020082113467399703,nan,0.00020082404726448643,4.0,4.0,0.0,69.84801761628553,69.84558422826329,nan,True,False,disabled,nan,nan,7.117183495239612e-15,107.83484722045316,nan,True,False,7c738a48c71d396c30709f16037cef480e872ff8eba0c095999cea8980974cb0,0.12536941931437523,computed_unscaled,cpu,nan,nan,nan,,,,,,,,nan,nan,nan,nan,nan,nan,False,,,,,,,,,nan,nan,nan,nan,,,,[],False,nan,nan,nan,,,nan,nan,nan,False,nan,,,False,,nan,nan,,,nan,nan,nan,False,nan,,,,False,nan,nan,,nan,nan,,,legacy_multistart,
fig4,full_6d_constrained_jones_peb,0,3147786918,5.0,snr_db,5.0,3,3,3,3,full_6d,3147786918,fixed_full6d_reference_sigma2,full_6d,0.12536941931437523,8f934be82c263222,False,,0.0014053720515221357,nan,nan,nan,nan,nan,nan,False,,,,False,,,,,,,,,,,,,,,,,,,,,,,,False,,,nan,nan,nan,nan,False,,,nan,nan,,,,,[],nan,,,nan,nan,nan,nan,,nan,nan,nan,0.00020082113467399703,nan,nan,0.00020082113467399703,0.00020082404726448643,0.00020082113467399703,nan,constrained_jones_peb,constrained,0.00020082113467399703,nan,0.00020082404726448643,4.0,4.0,0.0,69.84801761628553,69.84558422826329,nan,True,False,disabled,nan,nan,7.117183495239612e-15,107.83484722045316,nan,True,False,7c738a48c71d396c30709f16037cef480e872ff8eba0c095999cea8980974cb0,0.12536941931437523,computed_unscaled,cpu,nan,nan,nan,,,,,,,,nan,nan,nan,nan,nan,nan,False,,,,,,,,,nan,nan,nan,nan,,,,[],False,nan,nan,nan,,,nan,nan,nan,False,nan,,,False,,nan,nan,,,nan,nan,nan,False,nan,,,,False,nan,nan,,nan,nan,,,legacy_multistart,
fig4,scalar_peb,21,4000820147,0.0,snr_db,0.0,3,3,3,3,scalar,4000820147,fixed_full6d_reference_sigma2,full_6d,0.3479078806560169,f3eed4ed0e37f1c7,False,,17.12658003810793,nan,nan,nan,nan,nan,nan,False,,,,False,,,,,,,,,,,,,,,,,,,,,,,,False,,,nan,nan,nan,nan,False,,,nan,nan,,,,,[],nan,,,nan,nan,nan,nan,,nan,nan,nan,0.01197696368738727,0.01197696368738727,nan,nan,0.01197696368738727,0.00046672845919638385,nan,free_jones_peb,free,0.00046672845919638385,nan,0.01197696368738727,4.0,4.0,0.0,192.14024865477816,135.40362900470882,nan,True,False,disabled,nan,nan,4.497132367991968e-15,5113618.208657765,nan,True,False,90fd0c6eb62c194f065ae6c36fd149de6fbbaab36cb9bbe6aae7357be0bf6268,0.3479078806560169,computed_unscaled,cpu,nan,nan,nan,,,,,,,,nan,nan,nan,nan,nan,nan,False,,,,,,,,,nan,nan,nan,nan,,,,[],False,nan,nan,nan,,,nan,nan,nan,False,nan,,,False,,nan,nan,,,nan,nan,nan,False,nan,,,,False,nan,nan,,nan,nan,,,legacy_multistart,
fig4,dual_pol_peb,21,4000820147,0.0,snr_db,0.0,3,3,3,3,dual_pol,4000820147,fixed_full6d_reference_sigma2,full_6d,0.3479078806560169,f3eed4ed0e37f1c7,False,,17.091326104011387,nan,nan,nan,nan,nan,nan,False,,,,False,,,,,,,,,,,,,,,,,,,,,,,,False,,,nan,nan,nan,nan,False,,,nan,nan,,,,,[],nan,,,nan,nan,nan,nan,,nan,nan,nan,0.0014176633457792494,nan,0.0014176633457792494,nan,0.0014176633457792494,0.00046672845919638385,nan,free_jones_peb,free,0.00046672845919638385,nan,0.0014176633457792494,4.0,4.0,0.0,90.93335138686706,135.40362900470882,nan,True,False,disabled,nan,nan,6.7192849179592276e-15,4582461.074005066,nan,True,False,afbebe42be898c368ac7152ce735fccf59acb013ca9e955cc19c791d910da41c,0.3479078806560169,computed_unscaled,cpu,nan,nan,nan,,,,,,,,nan,nan,nan,nan,nan,nan,False,,,,,,,,,nan,nan,nan,nan,,,,[],False,nan,nan,nan,,,nan,nan,nan,False,nan,,,False,,nan,nan,,,nan,nan,nan,False,nan,,,,False,nan,nan,,nan,nan,,,legacy_multistart,
fig4,full_6d_evs_peb,21,4000820147,0.0,snr_db,0.0,3,3,3,3,full_6d,4000820147,fixed_full6d_reference_sigma2,full_6d,0.3479078806560169,f3eed4ed0e37f1c7,False,,16.095220532035455,nan,nan,nan,nan,nan,nan,False,,,,False,,,,,,,,,,,,,,,,,,,,,,,,False,,,nan,nan,nan,nan,False,,,nan,nan,,,,,[],nan,,,nan,nan,nan,nan,,nan,nan,nan,0.0004667337139928578,nan,nan,0.0004667337139928578,0.0004667337139928578,0.00046672845919638385,nan,free_jones_peb,free,0.00046672845919638385,nan,0.0004667337139928578,4.0,4.0,0.0,135.4062420797466,135.40362900470882,nan,True,False,disabled,nan,nan,5.630962808382132e-15,86.7747806732893,nan,True,False,f7a047bb7013efbe33f31c7f789c22a5d5f4d1899bcaccc54b42258dbd7f4038,0.3479078806560169,computed_unscaled,cpu,nan,nan,nan,,,,,,,,nan,nan,nan,nan,nan,nan,False,,,,,,,,,nan,nan,nan,nan,,,,[],False,nan,nan,nan,,,nan,nan,nan,False,nan,,,False,,nan,nan,,,nan,nan,nan,False,nan,,,,False,nan,nan,,nan,nan,,,legacy_multistart,
fig4,full_6d_constrained_jones_peb,21,4000820147,0.0,snr_db,0.0,3,3,3,3,full_6d,4000820147,fixed_full6d_reference_sigma2,full_6d,0.3479078806560169,f3eed4ed0e37f1c7,False,,0.0014524480793625116,nan,nan,nan,nan,nan,nan,False,,,,False,,,,,,,,,,,,,,,,,,,,,,,,False,,,nan,nan,nan,nan,False,,,nan,nan,,,,,[],nan,,,nan,nan,nan,nan,,nan,nan,nan,0.00046672845919638385,nan,nan,0.00046672845919638385,0.0004667337139928578,0.00046672845919638385,nan,constrained_jones_peb,constrained,0.00046672845919638385,nan,0.0004667337139928578,4.0,4.0,0.0,135.4062420797466,135.40362900470882,nan,True,False,disabled,nan,nan,5.630962808382132e-15,86.7747806732893,nan,True,False,f7a047bb7013efbe33f31c7f789c22a5d5f4d1899bcaccc54b42258dbd7f4038,0.3479078806560169,computed_unscaled,cpu,nan,nan,nan,,,,,,,,nan,nan,nan,nan,nan,nan,False,,,,,,,,,nan,nan,nan,nan,,,,[],False,nan,nan,nan,,,nan,nan,nan,False,nan,,,False,,nan,nan,,,nan,nan,nan,False,nan,,,,False,nan,nan,,nan,nan,,,legacy_multistart,
fig4,scalar_peb,1,112311654,5.0,snr_db,5.0,3,3,3,3,scalar,112311654,fixed_full6d_reference_sigma2,full_6d,0.09607993426569139,55879f871537e4b2,False,,12.935941487783566,nan,nan,nan,nan,nan,nan,False,,,,False,,,,,,,,,,,,,,,,,,,,,,,,False,,,nan,nan,nan,nan,False,,,nan,nan,,,,,[],nan,,,nan,nan,nan,nan,,nan,nan,nan,0.006047548898166013,0.006047548898166013,nan,nan,0.006047548898166013,0.00025546058199051166,nan,free_jones_peb,free,0.00025546058199051166,nan,0.006047548898166013,4.0,4.0,0.0,103.42543501443839,98.55644697864291,nan,True,False,disabled,nan,nan,9.27249515934803e-15,16153112.765383838,nan,True,False,fa6fba46c95bc61c803f79365f0d9505da44453f202847b9b8ecc32965b8cd2d,0.09607993426569139,computed_unscaled,cpu,nan,nan,nan,,,,,,,,nan,nan,nan,nan,nan,nan,False,,,,,,,,,nan,nan,nan,nan,,,,[],False,nan,nan,nan,,,nan,nan,nan,False,nan,,,False,,nan,nan,,,nan,nan,nan,False,nan,,,,False,nan,nan,,nan,nan,,,legacy_multistart,
fig4,dual_pol_peb,1,112311654,5.0,snr_db,5.0,3,3,3,3,dual_pol,112311654,fixed_full6d_reference_sigma2,full_6d,0.09607993426569139,55879f871537e4b2,False,,12.775838067987934,nan,nan,nan,nan,nan,nan,False,,,,False,,,,,,,,,,,,,,,,,,,,,,,,False,,,nan,nan,nan,nan,False,,,nan,nan,,,,,[],nan,,,nan,nan,nan,nan,,nan,nan,nan,0.0008882666421807738,nan,0.0008882666421807738,nan,0.0008882666421807738,0.00025546058199051166,nan,free_jones_peb,free,0.00025546058199051166,nan,0.0008882666421807738,4.0,4.0,0.0,91.56074979956591,98.55644697864291,nan,True,False,disabled,nan,nan,1.0969614211740623e-14,14865348.86047471,nan,True,False,9cb07c157e55079152cdbc0b259ea15448b5812311ff137fa6c78846796d4dab,0.09607993426569139,computed_unscaled,cpu,nan,nan,nan,,,,,,,,nan,nan,nan,nan,nan,nan,False,,,,,,,,,nan,nan,nan,nan,,,,[],False,nan,nan,nan,,,nan,nan,nan,False,nan,,,False,,nan,nan,,,nan,nan,nan,False,nan,,,,False,nan,nan,,nan,nan,,,legacy_multistart,
fig4,full_6d_evs_peb,1,112311654,5.0,snr_db,5.0,3,3,3,3,full_6d,112311654,fixed_full6d_reference_sigma2,full_6d,0.09607993426569139,55879f871537e4b2,False,,12.895466363057494,nan,nan,nan,nan,nan,nan,False,,,,False,,,,,,,,,,,,,,,,,,,,,,,,False,,,nan,nan,nan,nan,False,,,nan,nan,,,,,[],nan,,,nan,nan,nan,nan,,nan,nan,nan,0.00025546308279901893,nan,nan,0.00025546308279901893,0.00025546308279901893,0.00025546058199051166,nan,free_jones_peb,free,0.00025546058199051166,nan,0.00025546308279901893,4.0,4.0,0.0,98.55800326139406,98.55644697864291,nan,True,False,disabled,nan,nan,1.077326744986448e-14,188.1027260004141,nan,True,False,e3b48bd20620d3b9b8ef02e72c1473ee968de0b883c8a7b45706956b70dd2349,0.09607993426569139,computed_unscaled,cpu,nan,nan,nan,,,,,,,,nan,nan,nan,nan,nan,nan,False,,,,,,,,,nan,nan,nan,nan,,,,[],False,nan,nan,nan,,,nan,nan,nan,False,nan,,,False,,nan,nan,,,nan,nan,nan,False,nan,,,,False,nan,nan,,nan,nan,,,legacy_multistart,
fig4,full_6d_constrained_jones_peb,1,112311654,5.0,snr_db,5.0,3,3,3,3,full_6d,112311654,fixed_full6d_reference_sigma2,full_6d,0.09607993426569139,55879f871537e4b2,False,,0.001376710832118988,nan,nan,nan,nan,nan,nan,False,,,,False,,,,,,,,,,,,,,,,,,,,,,,,False,,,nan,nan,nan,nan,False,,,nan,nan,,,,,[],nan,,,nan,nan,nan,nan,,nan,nan,nan,0.00025546058199051166,nan,nan,0.00025546058199051166,0.00025546308279901893,0.00025546058199051166,nan,constrained_jones_peb,constrained,0.00025546058199051166,nan,0.00025546308279901893,4.0,4.0,0.0,98.55800326139406,98.55644697864291,nan,True,False,disabled,nan,nan,1.077326744986448e-14,188.1027260004141,nan,True,False,e3b48bd20620d3b9b8ef02e72c1473ee968de0b883c8a7b45706956b70dd2349,0.09607993426569139,computed_unscaled,cpu,nan,nan,nan,,,,,,,,nan,nan,nan,nan,nan,nan,False,,,,,,,,,nan,nan,nan,nan,,,,[],False,nan,nan,nan,,,nan,nan,nan,False,nan,,,False,,nan,nan,,,nan,nan,nan,False,nan,,,,False,nan,nan,,nan,nan,,,legacy_multistart,
fig4,scalar_peb,2,3251202663,5.0,snr_db,5.0,3,3,3,3,scalar,3251202663,fixed_full6d_reference_sigma2,full_6d,0.07232309866643087,af46f0c3cd4b1468,False,,12.923335403902456,nan,nan,nan,nan,nan,nan,False,,,,False,,,,,,,,,,,,,,,,,,,,,,,,False,,,nan,nan,nan,nan,False,,,nan,nan,,,,,[],nan,,,nan,nan,nan,nan,,nan,nan,nan,0.006429097471353506,0.006429097471353506,nan,nan,0.006429097471353506,0.00019638927226871925,nan,free_jones_peb,free,0.00019638927226871925,nan,0.006429097471353506,4.0,4.0,0.0,101.20470028285689,73.85928344231226,nan,True,False,disabled,nan,nan,6.9708959827955444e-15,26620771.269944854,nan,True,False,fa5a9a3e4ae7e1f83c84d4ef54f3477dae4ed75bbb1629c6c35e848a02dfe917,0.07232309866643087,computed_unscaled,cpu,nan,nan,nan,,,,,,,,nan,nan,nan,nan,nan,nan,False,,,,,,,,,nan,nan,nan,nan,,,,[],False,nan,nan,nan,,,nan,nan,nan,False,nan,,,False,,nan,nan,,,nan,nan,nan,False,nan,,,,False,nan,nan,,nan,nan,,,legacy_multistart,
fig4,dual_pol_peb,2,3251202663,5.0,snr_db,5.0,3,3,3,3,dual_pol,3251202663,fixed_full6d_reference_sigma2,full_6d,0.07232309866643087,af46f0c3cd4b1468,False,,12.739599535008892,nan,nan,nan,nan,nan,nan,False,,,,False,,,,,,,,,,,,,,,,,,,,,,,,False,,,nan,nan,nan,nan,False,,,nan,nan,,,,,[],nan,,,nan,nan,nan,nan,,nan,nan,nan,0.0006800219413448196,nan,0.0006800219413448196,nan,0.0006800219413448196,0.00019638927226871925,nan,free_jones_peb,free,0.00019638927226871925,nan,0.0006800219413448196,4.0,4.0,0.0,77.70841776980221,73.85928344231226,nan,True,False,disabled,nan,nan,4.785638592572206e-15,24367433.757515993,nan,True,False,27b563e44bef6f7dd3fc9a70bc5f4d1231809ee95ff3fa9cf53394b15b7ee739,0.07232309866643087,computed_unscaled,cpu,nan,nan,nan,,,,,,,,nan,nan,nan,nan,nan,nan,False,,,,,,,,,nan,nan,nan,nan,,,,[],False,nan,nan,nan,,,nan,nan,nan,False,nan,,,False,,nan,nan,,,nan,nan,nan,False,nan,,,,False,nan,nan,,nan,nan,,,legacy_multistart,
fig4,full_6d_evs_peb,2,3251202663,5.0,snr_db,5.0,3,3,3,3,full_6d,3251202663,fixed_full6d_reference_sigma2,full_6d,0.07232309866643087,af46f0c3cd4b1468,False,,12.79880313295871,nan,nan,nan,nan,nan,nan,False,,,,False,,,,,,,,,,,,,,,,,,,,,,,,False,,,nan,nan,nan,nan,False,,,nan,nan,,,,,[],nan,,,nan,nan,nan,nan,,nan,nan,nan,0.00019639380470704915,nan,nan,0.00019639380470704915,0.00019639380470704915,0.00019638927226871925,nan,free_jones_peb,free,0.00019638927226871925,nan,0.00019639380470704915,4.0,4.0,0.0,73.86011818264664,73.85928344231226,nan,True,False,disabled,nan,nan,2.9273056407982805e-15,611.5585456352206,nan,True,False,ba669d51e548d5d57a5c08da45514e8eda76ee1a2847f0b8bc91639b42fa1215,0.07232309866643087,computed_unscaled,cpu,nan,nan,nan,,,,,,,,nan,nan,nan,nan,nan,nan,False,,,,,,,,,nan,nan,nan,nan,,,,[],False,nan,nan,nan,,,nan,nan,nan,False,nan,,,False,,nan,nan,,,nan,nan,nan,False,nan,,,,False,nan,nan,,nan,nan,,,legacy_multistart,
fig4,full_6d_constrained_jones_peb,2,3251202663,5.0,snr_db,5.0,3,3,3,3,full_6d,3251202663,fixed_full6d_reference_sigma2,full_6d,0.07232309866643087,af46f0c3cd4b1468,False,,0.0013996229972690344,nan,nan,nan,nan,nan,nan,False,,,,False,,,,,,,,,,,,,,,,,,,,,,,,False,,,nan,nan,nan,nan,False,,,nan,nan,,,,,[],nan,,,nan,nan,nan,nan,,nan,nan,nan,0.00019638927226871925,nan,nan,0.00019638927226871925,0.00019639380470704915,0.00019638927226871925,nan,constrained_jones_peb,constrained,0.00019638927226871925,nan,0.00019639380470704915,4.0,4.0,0.0,73.86011818264664,73.85928344231226,nan,True,False,disabled,nan,nan,2.9273056407982805e-15,611.5585456352206,nan,True,False,ba669d51e548d5d57a5c08da45514e8eda76ee1a2847f0b8bc91639b42fa1215,0.07232309866643087,computed_unscaled,cpu,nan,nan,nan,,,,,,,,nan,nan,nan,nan,nan,nan,False,,,,,,,,,nan,nan,nan,nan,,,,[],False,nan,nan,nan,,,nan,nan,nan,False,nan,,,False,,nan,nan,,,nan,nan,nan,False,nan,,,,False,nan,nan,,nan,nan,,,legacy_multistart,
fig4,scalar_peb,7,1914929603,5.0,snr_db,5.0,3,3,3,3,scalar,1914929603,fixed_full6d_reference_sigma2,full_6d,0.23277959845425356,fb4f39e87e705f38,False,,13.478032803861424,nan,nan,nan,nan,nan,nan,False,,,,False,,,,,,,,,,,,,,,,,,,,,,,,False,,,nan,nan,nan,nan,False,,,nan,nan,,,,,[],nan,,,nan,nan,nan,nan,,nan,nan,nan,0.008084753944350279,0.008084753944350279,nan,nan,0.008084753944350279,0.0001906689632229393,nan,free_jones_peb,free,0.0001906689632229393,nan,0.008084753944350279,4.0,4.0,0.0,107.31462831642779,85.34477319947686,nan,True,False,disabled,nan,nan,5.9178594701419646e-15,25530703.08599879,nan,True,False,d8572e95f198cc4193a47572483e1b907f50e11a1c6e751323172f97705e7966,0.23277959845425356,computed_unscaled,cpu,nan,nan,nan,,,,,,,,nan,nan,nan,nan,nan,nan,False,,,,,,,,,nan,nan,nan,nan,,,,[],False,nan,nan,nan,,,nan,nan,nan,False,nan,,,False,,nan,nan,,,nan,nan,nan,False,nan,,,,False,nan,nan,,nan,nan,,,legacy_multistart,
fig4,dual_pol_peb,7,1914929603,5.0,snr_db,5.0,3,3,3,3,dual_pol,1914929603,fixed_full6d_reference_sigma2,full_6d,0.23277959845425356,fb4f39e87e705f38,False,,11.215088330907747,nan,nan,nan,nan,nan,nan,False,,,,False,,,,,,,,,,,,,,,,,,,,,,,,False,,,nan,nan,nan,nan,False,,,nan,nan,,,,,[],nan,,,nan,nan,nan,nan,,nan,nan,nan,0.0005371675640182383,nan,0.0005371675640182383,nan,0.0005371675640182383,0.0001906689632229393,nan,free_jones_peb,free,0.0001906689632229393,nan,0.0005371675640182383,4.0,4.0,0.0,82.77441195198537,85.34477319947686,nan,True,False,disabled,nan,nan,4.207195211109955e-15,22194879.160383128,nan,True,False,b44b9b557050131cc94ed16e3f420da41ec18220fbf46411d41a1ccb837ac303,0.23277959845425356,computed_unscaled,cpu,nan,nan,nan,,,,,,,,nan,nan,nan,nan,nan,nan,False,,,,,,,,,nan,nan,nan,nan,,,,[],False,nan,nan,nan,,,nan,nan,nan,False,nan,,,False,,nan,nan,,,nan,nan,nan,False,nan,,,,False,nan,nan,,nan,nan,,,legacy_multistart,
fig4,full_6d_evs_peb,7,1914929603,5.0,snr_db,5.0,3,3,3,3,full_6d,1914929603,fixed_full6d_reference_sigma2,full_6d,0.23277959845425356,fb4f39e87e705f38,False,,9.504238806199282,nan,nan,nan,nan,nan,nan,False,,,,False,,,,,,,,,,,,,,,,,,,,,,,,False,,,nan,nan,nan,nan,False,,,nan,nan,,,,,[],nan,,,nan,nan,nan,nan,,nan,nan,nan,0.00019067097896281586,nan,nan,0.00019067097896281586,0.00019067097896281586,0.0001906689632229393,nan,free_jones_peb,free,0.0001906689632229393,nan,0.00019067097896281586,4.0,4.0,0.0,85.34641686574986,85.34477319947686,nan,True,False,disabled,nan,nan,7.979267085341357e-15,312.81287731873834,nan,True,False,84f1975fc112e22552cd5389ecb9ea5e68088b810ed0a30ff85dfd5971674377,0.23277959845425356,computed_unscaled,cpu,nan,nan,nan,,,,,,,,nan,nan,nan,nan,nan,nan,False,,,,,,,,,nan,nan,nan,nan,,,,[],False,nan,nan,nan,,,nan,nan,nan,False,nan,,,False,,nan,nan,,,nan,nan,nan,False,nan,,,,False,nan,nan,,nan,nan,,,legacy_multistart,
fig4,full_6d_constrained_jones_peb,7,1914929603,5.0,snr_db,5.0,3,3,3,3,full_6d,1914929603,fixed_full6d_reference_sigma2,full_6d,0.23277959845425356,fb4f39e87e705f38,False,,0.0013541888911277056,nan,nan,nan,nan,nan,nan,False,,,,False,,,,,,,,,,,,,,,,,,,,,,,,False,,,nan,nan,nan,nan,False,,,nan,nan,,,,,[],nan,,,nan,nan,nan,nan,,nan,nan,nan,0.0001906689632229393,nan,nan,0.0001906689632229393,0.00019067097896281586,0.0001906689632229393,nan,constrained_jones_peb,constrained,0.0001906689632229393,nan,0.00019067097896281586,4.0,4.0,0.0,85.34641686574986,85.34477319947686,nan,True,False,disabled,nan,nan,7.979267085341357e-15,312.81287731873834,nan,True,False,84f1975fc112e22552cd5389ecb9ea5e68088b810ed0a30ff85dfd5971674377,0.23277959845425356,computed_unscaled,cpu,nan,nan,nan,,,,,,,,nan,nan,nan,nan,nan,nan,False,,,,,,,,,nan,nan,nan,nan,,,,[],False,nan,nan,nan,,,nan,nan,nan,False,nan,,,False,,nan,nan,,,nan,nan,nan,False,nan,,,,False,nan,nan,,nan,nan,,,legacy_multistart,
fig4,scalar_peb,10,781873798,5.0,snr_db,5.0,3,3,3,3,scalar,781873798,fixed_full6d_reference_sigma2,full_6d,0.06973599880886719,f183be8410eee47e,False,,10.201641475083306,nan,nan,nan,nan,nan,nan,False,,,,False,,,,,,,,,,,,,,,,,,,,,,,,False,,,nan,nan,nan,nan,False,,,nan,nan,,,,,[],nan,,,nan,nan,nan,nan,,nan,nan,nan,0.008043198033031194,0.008043198033031194,nan,nan,0.008043198033031194,0.0001955232607443072,nan,free_jones_peb,free,0.0001955232607443072,nan,0.008043198033031194,4.0,4.0,0.0,164.01129938224244,81.19351224728516,nan,True,False,disabled,nan,nan,9.931429682788467e-15,25721970.151501164,nan,True,False,2a559681ea222df4a4a12f614b8f338477c00adab0989e61f9882cade7d8171d,0.06973599880886719,computed_unscaled,cpu,nan,nan,nan,,,,,,,,nan,nan,nan,nan,nan,nan,False,,,,,,,,,nan,nan,nan,nan,,,,[],False,nan,nan,nan,,,nan,nan,nan,False,nan,,,False,,nan,nan,,,nan,nan,nan,False,nan,,,,False,nan,nan,,nan,nan,,,legacy_multistart,
fig4,dual_pol_peb,10,781873798,5.0,snr_db,5.0,3,3,3,3,dual_pol,781873798,fixed_full6d_reference_sigma2,full_6d,0.06973599880886719,f183be8410eee47e,False,,9.929704672889784,nan,nan,nan,nan,nan,nan,False,,,,False,,,,,,,,,,,,,,,,,,,,,,,,False,,,nan,nan,nan,nan,False,,,nan,nan,,,,,[],nan,,,nan,nan,nan,nan,,nan,nan,nan,0.0006292772500180084,nan,0.0006292772500180084,nan,0.0006292772500180084,0.0001955232607443072,nan,free_jones_peb,free,0.0001955232607443072,nan,0.0006292772500180084,4.0,4.0,0.0,75.91492336267491,81.19351224728516,nan,True,False,disabled,nan,nan,2.714280224456761e-15,23057028.812319554,nan,True,False,1734e444e53a059a54ad01f92a9b0a959d5ef88047dd81020a5adaee33276f81,0.06973599880886719,computed_unscaled,cpu,nan,nan,nan,,,,,,,,nan,nan,nan,nan,nan,nan,False,,,,,,,,,nan,nan,nan,nan,,,,[],False,nan,nan,nan,,,nan,nan,nan,False,nan,,,False,,nan,nan,,,nan,nan,nan,False,nan,,,,False,nan,nan,,nan,nan,,,legacy_multistart,
fig4,full_6d_evs_peb,10,781873798,5.0,snr_db,5.0,3,3,3,3,full_6d,781873798,fixed_full6d_reference_sigma2,full_6d,0.06973599880886719,f183be8410eee47e,False,,9.34177621616982,nan,nan,nan,nan,nan,nan,False,,,,False,,,,,,,,,,,,,,,,,,,,,,,,False,,,nan,nan,nan,nan,False,,,nan,nan,,,,,[],nan,,,nan,nan,nan,nan,,nan,nan,nan,0.00019552365454749974,nan,nan,0.00019552365454749974,0.00019552365454749974,0.0001955232607443072,nan,free_jones_peb,free,0.0001955232607443072,nan,0.00019552365454749974,4.0,4.0,0.0,81.19648363993639,81.19351224728516,nan,True,False,disabled,nan,nan,4.414178291655265e-15,48.83840182112234,nan,True,False,f2ef97a231c1a4af27e9b56c32078a57d13f76cf0fcef71f5aea3cacfcafd031,0.06973599880886719,computed_unscaled,cpu,nan,nan,nan,,,,,,,,nan,nan,nan,nan,nan,nan,False,,,,,,,,,nan,nan,nan,nan,,,,[],False,nan,nan,nan,,,nan,nan,nan,False,nan,,,False,,nan,nan,,,nan,nan,nan,False,nan,,,,False,nan,nan,,nan,nan,,,legacy_multistart,
fig4,full_6d_constrained_jones_peb,10,781873798,5.0,snr_db,5.0,3,3,3,3,full_6d,781873798,fixed_full6d_reference_sigma2,full_6d,0.06973599880886719,f183be8410eee47e,False,,0.0014098079409450293,nan,nan,nan,nan,nan,nan,False,,,,False,,,,,,,,,,,,,,,,,,,,,,,,False,,,nan,nan,nan,nan,False,,,nan,nan,,,,,[],nan,,,nan,nan,nan,nan,,nan,nan,nan,0.0001955232607443072,nan,nan,0.0001955232607443072,0.00019552365454749974,0.0001955232607443072,nan,constrained_jones_peb,constrained,0.0001955232607443072,nan,0.00019552365454749974,4.0,4.0,0.0,81.19648363993639,81.19351224728516,nan,True,False,disabled,nan,nan,4.414178291655265e-15,48.83840182112234,nan,True,False,f2ef97a231c1a4af27e9b56c32078a57d13f76cf0fcef71f5aea3cacfcafd031,0.06973599880886719,computed_unscaled,cpu,nan,nan,nan,,,,,,,,nan,nan,nan,nan,nan,nan,False,,,,,,,,,nan,nan,nan,nan,,,,[],False,nan,nan,nan,,,nan,nan,nan,False,nan,,,False,,nan,nan,,,nan,nan,nan,False,nan,,,,False,nan,nan,,nan,nan,,,legacy_multistart,
fig4,scalar_peb,5,2290547997,5.0,snr_db,5.0,3,3,3,3,scalar,2290547997,fixed_full6d_reference_sigma2,full_6d,0.08633024616998021,b86553d89713d1c4,False,,12.971282359911129,nan,nan,nan,nan,nan,nan,False,,,,False,,,,,,,,,,,,,,,,,,,,,,,,False,,,nan,nan,nan,nan,False,,,nan,nan,,,,,[],nan,,,nan,nan,nan,nan,,nan,nan,nan,0.009591290498786431,0.009591290498786431,nan,nan,0.009591290498786431,0.00021575250249157685,nan,free_jones_peb,free,0.00021575250249157685,nan,0.009591290498786431,4.0,4.0,0.0,95.41165547853414,75.07451669325688,nan,True,False,disabled,nan,nan,4.074655152559033e-15,22568108.854315992,nan,True,False,93ef95e20e1c131fcaa8886b0220c980cc8f80e2f6a274806efc16af2e526fa6,0.08633024616998021,computed_unscaled,cpu,nan,nan,nan,,,,,,,,nan,nan,nan,nan,nan,nan,False,,,,,,,,,nan,nan,nan,nan,,,,[],False,nan,nan,nan,,,nan,nan,nan,False,nan,,,False,,nan,nan,,,nan,nan,nan,False,nan,,,,False,nan,nan,,nan,nan,,,legacy_multistart,
fig4,dual_pol_peb,5,2290547997,5.0,snr_db,5.0,3,3,3,3,dual_pol,2290547997,fixed_full6d_reference_sigma2,full_6d,0.08633024616998021,b86553d89713d1c4,False,,12.704707700992003,nan,nan,nan,nan,nan,nan,False,,,,False,,,,,,,,,,,,,,,,,,,,,,,,False,,,nan,nan,nan,nan,False,,,nan,nan,,,,,[],nan,,,nan,nan,nan,nan,,nan,nan,nan,0.0007093786324471891,nan,0.0007093786324471891,nan,0.0007093786324471891,0.00021575250249157685,nan,free_jones_peb,free,0.00021575250249157685,nan,0.0007093786324471891,4.0,4.0,0.0,69.60947403148968,75.07451669325688,nan,True,False,disabled,nan,nan,4.333029567922023e-15,20407816.5469038,nan,True,False,a982c7f66b3b7068e3eaf7969bceb651aa74c5682d0cb2fec69a6a1f75a15ec0,0.08633024616998021,computed_unscaled,cpu,nan,nan,nan,,,,,,,,nan,nan,nan,nan,nan,nan,False,,,,,,,,,nan,nan,nan,nan,,,,[],False,nan,nan,nan,,,nan,nan,nan,False,nan,,,False,,nan,nan,,,nan,nan,nan,False,nan,,,,False,nan,nan,,nan,nan,,,legacy_multistart,
fig4,full_6d_evs_peb,5,2290547997,5.0,snr_db,5.0,3,3,3,3,full_6d,2290547997,fixed_full6d_reference_sigma2,full_6d,0.08633024616998021,b86553d89713d1c4,False,,12.83900107187219,nan,nan,nan,nan,nan,nan,False,,,,False,,,,,,,,,,,,,,,,,,,,,,,,False,,,nan,nan,nan,nan,False,,,nan,nan,,,,,[],nan,,,nan,nan,nan,nan,,nan,nan,nan,0.00021575454328582396,nan,nan,0.00021575454328582396,0.00021575454328582396,0.00021575250249157685,nan,free_jones_peb,free,0.00021575250249157685,nan,0.00021575454328582396,4.0,4.0,0.0,75.07441184413705,75.07451669325688,nan,True,False,disabled,nan,nan,3.172587057344181e-15,153.8885560873133,nan,True,False,38f1169f92c897947506b479f5ee71ac29695cde812eaf9f2f26b2ce8e8773e4,0.08633024616998021,computed_unscaled,cpu,nan,nan,nan,,,,,,,,nan,nan,nan,nan,nan,nan,False,,,,,,,,,nan,nan,nan,nan,,,,[],False,nan,nan,nan,,,nan,nan,nan,False,nan,,,False,,nan,nan,,,nan,nan,nan,False,nan,,,,False,nan,nan,,nan,nan,,,legacy_multistart,
fig4,full_6d_constrained_jones_peb,5,2290547997,5.0,snr_db,5.0,3,3,3,3,full_6d,2290547997,fixed_full6d_reference_sigma2,full_6d,0.08633024616998021,b86553d89713d1c4,False,,0.0013630217872560024,nan,nan,nan,nan,nan,nan,False,,,,False,,,,,,,,,,,,,,,,,,,,,,,,False,,,nan,nan,nan,nan,False,,,nan,nan,,,,,[],nan,,,nan,nan,nan,nan,,nan,nan,nan,0.00021575250249157685,nan,nan,0.00021575250249157685,0.00021575454328582396,0.00021575250249157685,nan,constrained_jones_peb,constrained,0.00021575250249157685,nan,0.00021575454328582396,4.0,4.0,0.0,75.07441184413705,75.07451669325688,nan,True,False,disabled,nan,nan,3.172587057344181e-15,153.8885560873133,nan,True,False,38f1169f92c897947506b479f5ee71ac29695cde812eaf9f2f26b2ce8e8773e4,0.08633024616998021,computed_unscaled,cpu,nan,nan,nan,,,,,,,,nan,nan,nan,nan,nan,nan,False,,,,,,,,,nan,nan,nan,nan,,,,[],False,nan,nan,nan,,,nan,nan,nan,False,nan,,,False,,nan,nan,,,nan,nan,nan,False,nan,,,,False,nan,nan,,nan,nan,,,legacy_multistart,
fig4,scalar_peb,4,287230138,5.0,snr_db,5.0,3,3,3,3,scalar,287230138,fixed_full6d_reference_sigma2,full_6d,0.15632980080685455,7e1cd2b291dc18f5,False,,12.68897364498116,nan,nan,nan,nan,nan,nan,False,,,,False,,,,,,,,,,,,,,,,,,,,,,,,False,,,nan,nan,nan,nan,False,,,nan,nan,,,,,[],nan,,,nan,nan,nan,nan,,nan,nan,nan,0.005383872165295833,0.005383872165295833,nan,nan,0.005383872165295833,0.0001784592434267108,nan,free_jones_peb,free,0.0001784592434267108,nan,0.005383872165295833,4.0,4.0,0.0,109.10580716526098,76.13476668992482,nan,True,False,disabled,nan,nan,3.260087689525874e-15,29106416.248843595,nan,True,False,3a97bf21da1a2141f67aadd557c78cf8b0d89e00d7c8ece8feadcfc10ca8c45e,0.15632980080685455,computed_unscaled,cpu,nan,nan,nan,,,,,,,,nan,nan,nan,nan,nan,nan,False,,,,,,,,,nan,nan,nan,nan,,,,[],False,nan,nan,nan,,,nan,nan,nan,False,nan,,,False,,nan,nan,,,nan,nan,nan,False,nan,,,,False,nan,nan,,nan,nan,,,legacy_multistart,
fig4,dual_pol_peb,4,287230138,5.0,snr_db,5.0,3,3,3,3,dual_pol,287230138,fixed_full6d_reference_sigma2,full_6d,0.15632980080685455,7e1cd2b291dc18f5,False,,13.20123502612114,nan,nan,nan,nan,nan,nan,False,,,,False,,,,,,,,,,,,,,,,,,,,,,,,False,,,nan,nan,nan,nan,False,,,nan,nan,,,,,[],nan,,,nan,nan,nan,nan,,nan,nan,nan,0.00043126054376390054,nan,0.00043126054376390054,nan,0.00043126054376390054,0.0001784592434267108,nan,free_jones_peb,free,0.0001784592434267108,nan,0.00043126054376390054,4.0,4.0,0.0,73.98742361562095,76.13476668992482,nan,True,False,disabled,nan,nan,4.578346889659361e-15,23952207.35246015,nan,True,False,4fe9f0bc21454d08b4befb801e7720d31b4f6c31543dd0044b72da8dd29691d1,0.15632980080685455,computed_unscaled,cpu,nan,nan,nan,,,,,,,,nan,nan,nan,nan,nan,nan,False,,,,,,,,,nan,nan,nan,nan,,,,[],False,nan,nan,nan,,,nan,nan,nan,False,nan,,,False,,nan,nan,,,nan,nan,nan,False,nan,,,,False,nan,nan,,nan,nan,,,legacy_multistart,
fig4,full_6d_evs_peb,4,287230138,5.0,snr_db,5.0,3,3,3,3,full_6d,287230138,fixed_full6d_reference_sigma2,full_6d,0.15632980080685455,7e1cd2b291dc18f5,False,,12.944176370976493,nan,nan,nan,nan,nan,nan,False,,,,False,,,,,,,,,,,,,,,,,,,,,,,,False,,,nan,nan,nan,nan,False,,,nan,nan,,,,,[],nan,,,nan,nan,nan,nan,,nan,nan,nan,0.00017845997537464458,nan,nan,0.00017845997537464458,0.00017845997537464458,0.0001784592434267108,nan,free_jones_peb,free,0.0001784592434267108,nan,0.00017845997537464458,4.0,4.0,0.0,76.14182004282642,76.13476668992482,nan,True,False,disabled,nan,nan,1.5525534316042194e-14,19.015537792732456,nan,True,False,72d5586e1e2071d827e37c0d5029359210d7878b9ab9d369f2c38d0e300801aa,0.15632980080685455,computed_unscaled,cpu,nan,nan,nan,,,,,,,,nan,nan,nan,nan,nan,nan,False,,,,,,,,,nan,nan,nan,nan,,,,[],False,nan,nan,nan,,,nan,nan,nan,False,nan,,,False,,nan,nan,,,nan,nan,nan,False,nan,,,,False,nan,nan,,nan,nan,,,legacy_multistart,
fig4,full_6d_constrained_jones_peb,4,287230138,5.0,snr_db,5.0,3,3,3,3,full_6d,287230138,fixed_full6d_reference_sigma2,full_6d,0.15632980080685455,7e1cd2b291dc18f5,False,,0.0014493640046566725,nan,nan,nan,nan,nan,nan,False,,,,False,,,,,,,,,,,,,,,,,,,,,,,,False,,,nan,nan,nan,nan,False,,,nan,nan,,,,,[],nan,,,nan,nan,nan,nan,,nan,nan,nan,0.0001784592434267108,nan,nan,0.0001784592434267108,0.00017845997537464458,0.0001784592434267108,nan,constrained_jones_peb,constrained,0.0001784592434267108,nan,0.00017845997537464458,4.0,4.0,0.0,76.14182004282642,76.13476668992482,nan,True,False,disabled,nan,nan,1.5525534316042194e-14,19.015537792732456,nan,True,False,72d5586e1e2071d827e37c0d5029359210d7878b9ab9d369f2c38d0e300801aa,0.15632980080685455,computed_unscaled,cpu,nan,nan,nan,,,,,,,,nan,nan,nan,nan,nan,nan,False,,,,,,,,,nan,nan,nan,nan,,,,[],False,nan,nan,nan,,,nan,nan,nan,False,nan,,,False,,nan,nan,,,nan,nan,nan,False,nan,,,,False,nan,nan,,nan,nan,,,legacy_multistart,
fig4,scalar_peb,23,2043173887,0.0,snr_db,0.0,3,3,3,3,scalar,2043173887,fixed_full6d_reference_sigma2,full_6d,0.32756575586599623,03039c43bc881bf7,False,,17.35049111605622,nan,nan,nan,nan,nan,nan,False,,,,False,,,,,,,,,,,,,,,,,,,,,,,,False,,,nan,nan,nan,nan,False,,,nan,nan,,,,,[],nan,,,nan,nan,nan,nan,,nan,nan,nan,0.015684214340838293,0.015684214340838293,nan,nan,0.015684214340838293,0.000350363489089215,nan,free_jones_peb,free,0.000350363489089215,nan,0.015684214340838293,4.0,4.0,0.0,82.84495212885675,63.95570465517766,nan,True,False,disabled,nan,nan,1.0903563970943331e-14,8390640.53366194,nan,True,False,87d11b30b2b354763affc746a406804beff6231c93115ab9e8564b2555508918,0.32756575586599623,computed_unscaled,cpu,nan,nan,nan,,,,,,,,nan,nan,nan,nan,nan,nan,False,,,,,,,,,nan,nan,nan,nan,,,,[],False,nan,nan,nan,,,nan,nan,nan,False,nan,,,False,,nan,nan,,,nan,nan,nan,False,nan,,,,False,nan,nan,,nan,nan,,,legacy_multistart,
fig4,dual_pol_peb,23,2043173887,0.0,snr_db,0.0,3,3,3,3,dual_pol,2043173887,fixed_full6d_reference_sigma2,full_6d,0.32756575586599623,03039c43bc881bf7,False,,16.91581781511195,nan,nan,nan,nan,nan,nan,False,,,,False,,,,,,,,,,,,,,,,,,,,,,,,False,,,nan,nan,nan,nan,False,,,nan,nan,,,,,[],nan,,,nan,nan,nan,nan,,nan,nan,nan,0.0009498790363527403,nan,0.0009498790363527403,nan,0.0009498790363527403,0.000350363489089215,nan,free_jones_peb,free,0.000350363489089215,nan,0.0009498790363527403,4.0,4.0,0.0,75.28877965469243,63.95570465517766,nan,True,False,disabled,nan,nan,3.8935061946616855e-15,7260780.213923587,nan,True,False,ba7c54c525669a49f352e03ae343c04d0632702243a7f010eb38ac01de638d7a,0.32756575586599623,computed_unscaled,cpu,nan,nan,nan,,,,,,,,nan,nan,nan,nan,nan,nan,False,,,,,,,,,nan,nan,nan,nan,,,,[],False,nan,nan,nan,,,nan,nan,nan,False,nan,,,False,,nan,nan,,,nan,nan,nan,False,nan,,,,False,nan,nan,,nan,nan,,,legacy_multistart,
fig4,full_6d_evs_peb,23,2043173887,0.0,snr_db,0.0,3,3,3,3,full_6d,2043173887,fixed_full6d_reference_sigma2,full_6d,0.32756575586599623,03039c43bc881bf7,False,,17.081289110938087,nan,nan,nan,nan,nan,nan,False,,,,False,,,,,,,,,,,,,,,,,,,,,,,,False,,,nan,nan,nan,nan,False,,,nan,nan,,,,,[],nan,,,nan,nan,nan,nan,,nan,nan,nan,0.0003503706818334925,nan,nan,0.0003503706818334925,0.0003503706818334925,0.000350363489089215,nan,free_jones_peb,free,0.000350363489089215,nan,0.0003503706818334925,4.0,4.0,0.0,63.95502988470634,63.95570465517766,nan,True,False,disabled,nan,nan,2.0633041543421865e-15,47.63350498948067,nan,True,False,7093cfec76f40175c6c7c58aa1b5153ce86056a79427b6463226f28ede4d41bd,0.32756575586599623,computed_unscaled,cpu,nan,nan,nan,,,,,,,,nan,nan,nan,nan,nan,nan,False,,,,,,,,,nan,nan,nan,nan,,,,[],False,nan,nan,nan,,,nan,nan,nan,False,nan,,,False,,nan,nan,,,nan,nan,nan,False,nan,,,,False,nan,nan,,nan,nan,,,legacy_multistart,
fig4,full_6d_constrained_jones_peb,23,2043173887,0.0,snr_db,0.0,3,3,3,3,full_6d,2043173887,fixed_full6d_reference_sigma2,full_6d,0.32756575586599623,03039c43bc881bf7,False,,0.001673293998464942,nan,nan,nan,nan,nan,nan,False,,,,False,,,,,,,,,,,,,,,,,,,,,,,,False,,,nan,nan,nan,nan,False,,,nan,nan,,,,,[],nan,,,nan,nan,nan,nan,,nan,nan,nan,0.000350363489089215,nan,nan,0.000350363489089215,0.0003503706818334925,0.000350363489089215,nan,constrained_jones_peb,constrained,0.000350363489089215,nan,0.0003503706818334925,4.0,4.0,0.0,63.95502988470634,63.95570465517766,nan,True,False,disabled,nan,nan,2.0633041543421865e-15,47.63350498948067,nan,True,False,7093cfec76f40175c6c7c58aa1b5153ce86056a79427b6463226f28ede4d41bd,0.32756575586599623,computed_unscaled,cpu,nan,nan,nan,,,,,,,,nan,nan,nan,nan,nan,nan,False,,,,,,,,,nan,nan,nan,nan,,,,[],False,nan,nan,nan,,,nan,nan,nan,False,nan,,,False,,nan,nan,,,nan,nan,nan,False,nan,,,,False,nan,nan,,nan,nan,,,legacy_multistart,
fig4,scalar_peb,8,641399591,5.0,snr_db,5.0,3,3,3,3,scalar,641399591,fixed_full6d_reference_sigma2,full_6d,0.07130701278172195,bb1ba8920695a111,False,,12.79102891497314,nan,nan,nan,nan,nan,nan,False,,,,False,,,,,,,,,,,,,,,,,,,,,,,,False,,,nan,nan,nan,nan,False,,,nan,nan,,,,,[],nan,,,nan,nan,nan,nan,,nan,nan,nan,0.005822825413256621,0.005822825413256621,nan,nan,0.005822825413256621,0.00019535904284012173,nan,free_jones_peb,free,0.00019535904284012173,nan,0.005822825413256621,4.0,4.0,0.0,114.5214650967016,78.37377137224921,nan,True,False,disabled,nan,nan,5.798267242538062e-15,26971863.527793553,nan,True,False,a732f6c1b505dd31abfe1f8ad599e32fbecdf22d475326329e10dadf9f1da568,0.07130701278172195,computed_unscaled,cpu,nan,nan,nan,,,,,,,,nan,nan,nan,nan,nan,nan,False,,,,,,,,,nan,nan,nan,nan,,,,[],False,nan,nan,nan,,,nan,nan,nan,False,nan,,,False,,nan,nan,,,nan,nan,nan,False,nan,,,,False,nan,nan,,nan,nan,,,legacy_multistart,
fig4,dual_pol_peb,8,641399591,5.0,snr_db,5.0,3,3,3,3,dual_pol,641399591,fixed_full6d_reference_sigma2,full_6d,0.07130701278172195,bb1ba8920695a111,False,,12.503007212886587,nan,nan,nan,nan,nan,nan,False,,,,False,,,,,,,,,,,,,,,,,,,,,,,,False,,,nan,nan,nan,nan,False,,,nan,nan,,,,,[],nan,,,nan,nan,nan,nan,,nan,nan,nan,0.0005904667126251726,nan,0.0005904667126251726,nan,0.0005904667126251726,0.00019535904284012173,nan,free_jones_peb,free,0.00019535904284012173,nan,0.0005904667126251726,4.0,4.0,0.0,85.41819406523518,78.37377137224921,nan,True,False,disabled,nan,nan,5.783598925313556e-15,23770961.112481214,nan,True,False,9fa4b482586f33d958d2f91e29f91c27faeb030ad582eb158d921de6dbd0acce,0.07130701278172195,computed_unscaled,cpu,nan,nan,nan,,,,,,,,nan,nan,nan,nan,nan,nan,False,,,,,,,,,nan,nan,nan,nan,,,,[],False,nan,nan,nan,,,nan,nan,nan,False,nan,,,False,,nan,nan,,,nan,nan,nan,False,nan,,,,False,nan,nan,,nan,nan,,,legacy_multistart,
fig4,full_6d_evs_peb,8,641399591,5.0,snr_db,5.0,3,3,3,3,full_6d,641399591,fixed_full6d_reference_sigma2,full_6d,0.07130701278172195,bb1ba8920695a111,False,,17.181199286831543,nan,nan,nan,nan,nan,nan,False,,,,False,,,,,,,,,,,,,,,,,,,,,,,,False,,,nan,nan,nan,nan,False,,,nan,nan,,,,,[],nan,,,nan,nan,nan,nan,,nan,nan,nan,0.00019536374498175258,nan,nan,0.00019536374498175258,0.00019536374498175258,0.00019535904284012173,nan,free_jones_peb,free,0.00019535904284012173,nan,0.00019536374498175258,4.0,4.0,0.0,78.37658416776922,78.37377137224921,nan,True,False,disabled,nan,nan,8.953947679270356e-15,234.24741273653154,nan,True,False,e032c9cb8462fea3417aadc651e10a3437190e0cacf3ab5bdc4b175ff7382e20,0.07130701278172195,computed_unscaled,cpu,nan,nan,nan,,,,,,,,nan,nan,nan,nan,nan,nan,False,,,,,,,,,nan,nan,nan,nan,,,,[],False,nan,nan,nan,,,nan,nan,nan,False,nan,,,False,,nan,nan,,,nan,nan,nan,False,nan,,,,False,nan,nan,,nan,nan,,,legacy_multistart,
fig4,full_6d_constrained_jones_peb,8,641399591,5.0,snr_db,5.0,3,3,3,3,full_6d,641399591,fixed_full6d_reference_sigma2,full_6d,0.07130701278172195,bb1ba8920695a111,False,,0.0014897831715643406,nan,nan,nan,nan,nan,nan,False,,,,False,,,,,,,,,,,,,,,,,,,,,,,,False,,,nan,nan,nan,nan,False,,,nan,nan,,,,,[],nan,,,nan,nan,nan,nan,,nan,nan,nan,0.00019535904284012173,nan,nan,0.00019535904284012173,0.00019536374498175258,0.00019535904284012173,nan,constrained_jones_peb,constrained,0.00019535904284012173,nan,0.00019536374498175258,4.0,4.0,0.0,78.37658416776922,78.37377137224921,nan,True,False,disabled,nan,nan,8.953947679270356e-15,234.24741273653154,nan,True,False,e032c9cb8462fea3417aadc651e10a3437190e0cacf3ab5bdc4b175ff7382e20,0.07130701278172195,computed_unscaled,cpu,nan,nan,nan,,,,,,,,nan,nan,nan,nan,nan,nan,False,,,,,,,,,nan,nan,nan,nan,,,,[],False,nan,nan,nan,,,nan,nan,nan,False,nan,,,False,,nan,nan,,,nan,nan,nan,False,nan,,,,False,nan,nan,,nan,nan,,,legacy_multistart,
fig4,scalar_peb,11,3685333214,5.0,snr_db,5.0,3,3,3,3,scalar,3685333214,fixed_full6d_reference_sigma2,full_6d,0.09067613889003451,df97d4f9cf1b6855,False,,13.042296841973439,nan,nan,nan,nan,nan,nan,False,,,,False,,,,,,,,,,,,,,,,,,,,,,,,False,,,nan,nan,nan,nan,False,,,nan,nan,,,,,[],nan,,,nan,nan,nan,nan,,nan,nan,nan,0.004889246806598906,0.004889246806598906,nan,nan,0.004889246806598906,0.000242225922541354,nan,free_jones_peb,free,0.000242225922541354,nan,0.004889246806598906,4.0,4.0,0.0,113.70465047536932,91.98328914155694,nan,True,False,disabled,nan,nan,5.3663408142717885e-15,18921060.80032393,nan,True,False,a8bf1e96550e66f5fc05821b98b3bcfcfd9c16edf816dc35720fa3fc2f3d9c3e,0.09067613889003451,computed_unscaled,cpu,nan,nan,nan,,,,,,,,nan,nan,nan,nan,nan,nan,False,,,,,,,,,nan,nan,nan,nan,,,,[],False,nan,nan,nan,,,nan,nan,nan,False,nan,,,False,,nan,nan,,,nan,nan,nan,False,nan,,,,False,nan,nan,,nan,nan,,,legacy_multistart,
fig4,dual_pol_peb,11,3685333214,5.0,snr_db,5.0,3,3,3,3,dual_pol,3685333214,fixed_full6d_reference_sigma2,full_6d,0.09067613889003451,df97d4f9cf1b6855,False,,12.405689781997353,nan,nan,nan,nan,nan,nan,False,,,,False,,,,,,,,,,,,,,,,,,,,,,,,False,,,nan,nan,nan,nan,False,,,nan,nan,,,,,[],nan,,,nan,nan,nan,nan,,nan,nan,nan,0.000568627007432268,nan,0.000568627007432268,nan,0.000568627007432268,0.000242225922541354,nan,free_jones_peb,free,0.000242225922541354,nan,0.000568627007432268,4.0,4.0,0.0,94.11827091354232,91.98328914155694,nan,True,False,disabled,nan,nan,4.300803202631027e-15,15418148.344742337,nan,True,False,4c9cfd1cb5551d79ef5d1cef79bea3ca1c914b47928f1f49d2e9fdb6c47a14a0,0.09067613889003451,computed_unscaled,cpu,nan,nan,nan,,,,,,,,nan,nan,nan,nan,nan,nan,False,,,,,,,,,nan,nan,nan,nan,,,,[],False,nan,nan,nan,,,nan,nan,nan,False,nan,,,False,,nan,nan,,,nan,nan,nan,False,nan,,,,False,nan,nan,,nan,nan,,,legacy_multistart,
fig4,full_6d_evs_peb,11,3685333214,5.0,snr_db,5.0,3,3,3,3,full_6d,3685333214,fixed_full6d_reference_sigma2,full_6d,0.09067613889003451,df97d4f9cf1b6855,False,,12.92454232997261,nan,nan,nan,nan,nan,nan,False,,,,False,,,,,,,,,,,,,,,,,,,,,,,,False,,,nan,nan,nan,nan,False,,,nan,nan,,,,,[],nan,,,nan,nan,nan,nan,,nan,nan,nan,0.0002422267186601923,nan,nan,0.0002422267186601923,0.0002422267186601923,0.000242225922541354,nan,free_jones_peb,free,0.000242225922541354,nan,0.0002422267186601923,4.0,4.0,0.0,91.98572404061613,91.98328914155694,nan,True,False,disabled,nan,nan,4.507067570637751e-15,45.91553941339186,nan,True,False,e9ccda1e403051d390ee49d3f08d80b8c395469b47c082ff498964bcdaeda690,0.09067613889003451,computed_unscaled,cpu,nan,nan,nan,,,,,,,,nan,nan,nan,nan,nan,nan,False,,,,,,,,,nan,nan,nan,nan,,,,[],False,nan,nan,nan,,,nan,nan,nan,False,nan,,,False,,nan,nan,,,nan,nan,nan,False,nan,,,,False,nan,nan,,nan,nan,,,legacy_multistart,
fig4,full_6d_constrained_jones_peb,11,3685333214,5.0,snr_db,5.0,3,3,3,3,full_6d,3685333214,fixed_full6d_reference_sigma2,full_6d,0.09067613889003451,df97d4f9cf1b6855,False,,0.0014294791035354137,nan,nan,nan,nan,nan,nan,False,,,,False,,,,,,,,,,,,,,,,,,,,,,,,False,,,nan,nan,nan,nan,False,,,nan,nan,,,,,[],nan,,,nan,nan,nan,nan,,nan,nan,nan,0.000242225922541354,nan,nan,0.000242225922541354,0.0002422267186601923,0.000242225922541354,nan,constrained_jones_peb,constrained,0.000242225922541354,nan,0.0002422267186601923,4.0,4.0,0.0,91.98572404061613,91.98328914155694,nan,True,False,disabled,nan,nan,4.507067570637751e-15,45.91553941339186,nan,True,False,e9ccda1e403051d390ee49d3f08d80b8c395469b47c082ff498964bcdaeda690,0.09067613889003451,computed_unscaled,cpu,nan,nan,nan,,,,,,,,nan,nan,nan,nan,nan,nan,False,,,,,,,,,nan,nan,nan,nan,,,,[],False,nan,nan,nan,,,nan,nan,nan,False,nan,,,False,,nan,nan,,,nan,nan,nan,False,nan,,,,False,nan,nan,,nan,nan,,,legacy_multistart,
fig4,scalar_peb,18,3644258948,5.0,snr_db,5.0,3,3,3,3,scalar,3644258948,fixed_full6d_reference_sigma2,full_6d,0.1390927892382434,45cce69c6387b34a,False,,11.174836335936561,nan,nan,nan,nan,nan,nan,False,,,,False,,,,,,,,,,,,,,,,,,,,,,,,False,,,nan,nan,nan,nan,False,,,nan,nan,,,,,[],nan,,,nan,nan,nan,nan,,nan,nan,nan,0.010228707067126662,0.010228707067126662,nan,nan,0.010228707067126662,0.00018765570118801873,nan,free_jones_peb,free,0.00018765570118801873,nan,0.010228707067126662,4.0,4.0,0.0,115.23711542244554,80.88495081630948,nan,True,False,disabled,nan,nan,4.558666763241701e-15,25443070.721556686,nan,True,False,7c3fffbebf7276e93d6865a756d564af06a271739673c8f69819f7ec957629a8,0.1390927892382434,computed_unscaled,cpu,nan,nan,nan,,,,,,,,nan,nan,nan,nan,nan,nan,False,,,,,,,,,nan,nan,nan,nan,,,,[],False,nan,nan,nan,,,nan,nan,nan,False,nan,,,False,,nan,nan,,,nan,nan,nan,False,nan,,,,False,nan,nan,,nan,nan,,,legacy_multistart,
fig4,dual_pol_peb,18,3644258948,5.0,snr_db,5.0,3,3,3,3,dual_pol,3644258948,fixed_full6d_reference_sigma2,full_6d,0.1390927892382434,45cce69c6387b34a,False,,8.988440535962582,nan,nan,nan,nan,nan,nan,False,,,,False,,,,,,,,,,,,,,,,,,,,,,,,False,,,nan,nan,nan,nan,False,,,nan,nan,,,,,[],nan,,,nan,nan,nan,nan,,nan,nan,nan,0.0006155691745410663,nan,0.0006155691745410663,nan,0.0006155691745410663,0.00018765570118801873,nan,free_jones_peb,free,0.00018765570118801873,nan,0.0006155691745410663,4.0,4.0,0.0,81.40427739880947,80.88495081630948,nan,True,False,disabled,nan,nan,6.900447652274305e-15,23132410.435896844,nan,True,False,cf6f4ec51498c7da6824e9b45e0baf835ff8071253d23a2abd74e8038f51af4f,0.1390927892382434,computed_unscaled,cpu,nan,nan,nan,,,,,,,,nan,nan,nan,nan,nan,nan,False,,,,,,,,,nan,nan,nan,nan,,,,[],False,nan,nan,nan,,,nan,nan,nan,False,nan,,,False,,nan,nan,,,nan,nan,nan,False,nan,,,,False,nan,nan,,nan,nan,,,legacy_multistart,
fig4,full_6d_evs_peb,18,3644258948,5.0,snr_db,5.0,3,3,3,3,full_6d,3644258948,fixed_full6d_reference_sigma2,full_6d,0.1390927892382434,45cce69c6387b34a,False,,10.034753056010231,nan,nan,nan,nan,nan,nan,False,,,,False,,,,,,,,,,,,,,,,,,,,,,,,False,,,nan,nan,nan,nan,False,,,nan,nan,,,,,[],nan,,,nan,nan,nan,nan,,nan,nan,nan,0.00018765916090246826,nan,nan,0.00018765916090246826,0.00018765916090246826,0.00018765570118801873,nan,free_jones_peb,free,0.00018765570118801873,nan,0.00018765916090246826,4.0,4.0,0.0,80.88405653823233,80.88495081630948,nan,True,False,disabled,nan,nan,2.3407922879790396e-15,74.34304145195752,nan,True,False,10eabe3ea0bf687d98504e31e23e6506b4b182585a8f16e7a2bae8ed9d09e41a,0.1390927892382434,computed_unscaled,cpu,nan,nan,nan,,,,,,,,nan,nan,nan,nan,nan,nan,False,,,,,,,,,nan,nan,nan,nan,,,,[],False,nan,nan,nan,,,nan,nan,nan,False,nan,,,False,,nan,nan,,,nan,nan,nan,False,nan,,,,False,nan,nan,,nan,nan,,,legacy_multistart,
fig4,full_6d_constrained_jones_peb,18,3644258948,5.0,snr_db,5.0,3,3,3,3,full_6d,3644258948,fixed_full6d_reference_sigma2,full_6d,0.1390927892382434,45cce69c6387b34a,False,,0.0013444949872791767,nan,nan,nan,nan,nan,nan,False,,,,False,,,,,,,,,,,,,,,,,,,,,,,,False,,,nan,nan,nan,nan,False,,,nan,nan,,,,,[],nan,,,nan,nan,nan,nan,,nan,nan,nan,0.00018765570118801873,nan,nan,0.00018765570118801873,0.00018765916090246826,0.00018765570118801873,nan,constrained_jones_peb,constrained,0.00018765570118801873,nan,0.00018765916090246826,4.0,4.0,0.0,80.88405653823233,80.88495081630948,nan,True,False,disabled,nan,nan,2.3407922879790396e-15,74.34304145195752,nan,True,False,10eabe3ea0bf687d98504e31e23e6506b4b182585a8f16e7a2bae8ed9d09e41a,0.1390927892382434,computed_unscaled,cpu,nan,nan,nan,,,,,,,,nan,nan,nan,nan,nan,nan,False,,,,,,,,,nan,nan,nan,nan,,,,[],False,nan,nan,nan,,,nan,nan,nan,False,nan,,,False,,nan,nan,,,nan,nan,nan,False,nan,,,,False,nan,nan,,nan,nan,,,legacy_multistart,
fig4,scalar_peb,13,634888206,5.0,snr_db,5.0,3,3,3,3,scalar,634888206,fixed_full6d_reference_sigma2,full_6d,0.06468657958954134,a2da3471bcc0602f,False,,12.60583204915747,nan,nan,nan,nan,nan,nan,False,,,,False,,,,,,,,,,,,,,,,,,,,,,,,False,,,nan,nan,nan,nan,False,,,nan,nan,,,,,[],nan,,,nan,nan,nan,nan,,nan,nan,nan,0.005767371557599754,0.005767371557599754,nan,nan,0.005767371557599754,0.0002096455537853032,nan,free_jones_peb,free,0.0002096455537853032,nan,0.005767371557599754,4.0,4.0,0.0,228.9209285951282,80.72926238998197,nan,True,False,disabled,nan,nan,4.165508333105332e-15,23791257.482758418,nan,True,False,5358f617ab6e11e51370801f8d483ef17e5809c950b3c1c6d6e36d71c5ada3b5,0.06468657958954134,computed_unscaled,cpu,nan,nan,nan,,,,,,,,nan,nan,nan,nan,nan,nan,False,,,,,,,,,nan,nan,nan,nan,,,,[],False,nan,nan,nan,,,nan,nan,nan,False,nan,,,False,,nan,nan,,,nan,nan,nan,False,nan,,,,False,nan,nan,,nan,nan,,,legacy_multistart,
fig4,dual_pol_peb,13,634888206,5.0,snr_db,5.0,3,3,3,3,dual_pol,634888206,fixed_full6d_reference_sigma2,full_6d,0.06468657958954134,a2da3471bcc0602f,False,,12.7318656349089,nan,nan,nan,nan,nan,nan,False,,,,False,,,,,,,,,,,,,,,,,,,,,,,,False,,,nan,nan,nan,nan,False,,,nan,nan,,,,,[],nan,,,nan,nan,nan,nan,,nan,nan,nan,0.000543999849269977,nan,0.000543999849269977,nan,0.000543999849269977,0.0002096455537853032,nan,free_jones_peb,free,0.0002096455537853032,nan,0.000543999849269977,4.0,4.0,0.0,81.06539217252667,80.72926238998197,nan,True,False,disabled,nan,nan,8.331049608616319e-15,20303888.636451196,nan,True,False,db976f24e57a093ba83688330b962fc1ee3cc0995192f3bc3ecdf3cd55142780,0.06468657958954134,computed_unscaled,cpu,nan,nan,nan,,,,,,,,nan,nan,nan,nan,nan,nan,False,,,,,,,,,nan,nan,nan,nan,,,,[],False,nan,nan,nan,,,nan,nan,nan,False,nan,,,False,,nan,nan,,,nan,nan,nan,False,nan,,,,False,nan,nan,,nan,nan,,,legacy_multistart,
fig4,full_6d_evs_peb,13,634888206,5.0,snr_db,5.0,3,3,3,3,full_6d,634888206,fixed_full6d_reference_sigma2,full_6d,0.06468657958954134,a2da3471bcc0602f,False,,12.888988397084177,nan,nan,nan,nan,nan,nan,False,,,,False,,,,,,,,,,,,,,,,,,,,,,,,False,,,nan,nan,nan,nan,False,,,nan,nan,,,,,[],nan,,,nan,nan,nan,nan,,nan,nan,nan,0.00020964579606610204,nan,nan,0.00020964579606610204,0.00020964579606610204,0.0002096455537853032,nan,free_jones_peb,free,0.0002096455537853032,nan,0.00020964579606610204,4.0,4.0,0.0,80.73361776993534,80.72926238998197,nan,True,False,disabled,nan,nan,4.1947211416928066e-15,13.71332749257693,nan,True,False,11da97468c8b90c59dcc518746f48f2217739b6c2c3deec78f2d1177de9045c5,0.06468657958954134,computed_unscaled,cpu,nan,nan,nan,,,,,,,,nan,nan,nan,nan,nan,nan,False,,,,,,,,,nan,nan,nan,nan,,,,[],False,nan,nan,nan,,,nan,nan,nan,False,nan,,,False,,nan,nan,,,nan,nan,nan,False,nan,,,,False,nan,nan,,nan,nan,,,legacy_multistart,
fig4,full_6d_constrained_jones_peb,13,634888206,5.0,snr_db,5.0,3,3,3,3,full_6d,634888206,fixed_full6d_reference_sigma2,full_6d,0.06468657958954134,a2da3471bcc0602f,False,,0.0013413210399448872,nan,nan,nan,nan,nan,nan,False,,,,False,,,,,,,,,,,,,,,,,,,,,,,,False,,,nan,nan,nan,nan,False,,,nan,nan,,,,,[],nan,,,nan,nan,nan,nan,,nan,nan,nan,0.0002096455537853032,nan,nan,0.0002096455537853032,0.00020964579606610204,0.0002096455537853032,nan,constrained_jones_peb,constrained,0.0002096455537853032,nan,0.00020964579606610204,4.0,4.0,0.0,80.73361776993534,80.72926238998197,nan,True,False,disabled,nan,nan,4.1947211416928066e-15,13.71332749257693,nan,True,False,11da97468c8b90c59dcc518746f48f2217739b6c2c3deec78f2d1177de9045c5,0.06468657958954134,computed_unscaled,cpu,nan,nan,nan,,,,,,,,nan,nan,nan,nan,nan,nan,False,,,,,,,,,nan,nan,nan,nan,,,,[],False,nan,nan,nan,,,nan,nan,nan,False,nan,,,False,,nan,nan,,,nan,nan,nan,False,nan,,,,False,nan,nan,,nan,nan,,,legacy_multistart,
fig4,scalar_peb,9,3933360494,5.0,snr_db,5.0,3,3,3,3,scalar,3933360494,fixed_full6d_reference_sigma2,full_6d,0.0376697658179837,dbb0d7f65a5f31e2,False,,12.799158679088578,nan,nan,nan,nan,nan,nan,False,,,,False,,,,,,,,,,,,,,,,,,,,,,,,False,,,nan,nan,nan,nan,False,,,nan,nan,,,,,[],nan,,,nan,nan,nan,nan,,nan,nan,nan,0.005908380519806571,0.005908380519806571,nan,nan,0.005908380519806571,0.00021394408402961157,nan,free_jones_peb,free,0.00021394408402961157,nan,0.005908380519806571,4.0,4.0,0.0,152.05104145378027,76.97132639814669,nan,True,False,disabled,nan,nan,3.615098504081274e-15,22828669.86431571,nan,True,False,23d2fccd900640c7194c1fd2afbf8927da0030c3a396b91ee61afefd33e5ffef,0.0376697658179837,computed_unscaled,cpu,nan,nan,nan,,,,,,,,nan,nan,nan,nan,nan,nan,False,,,,,,,,,nan,nan,nan,nan,,,,[],False,nan,nan,nan,,,nan,nan,nan,False,nan,,,False,,nan,nan,,,nan,nan,nan,False,nan,,,,False,nan,nan,,nan,nan,,,legacy_multistart,
fig4,dual_pol_peb,9,3933360494,5.0,snr_db,5.0,3,3,3,3,dual_pol,3933360494,fixed_full6d_reference_sigma2,full_6d,0.0376697658179837,dbb0d7f65a5f31e2,False,,16.094544482184574,nan,nan,nan,nan,nan,nan,False,,,,False,,,,,,,,,,,,,,,,,,,,,,,,False,,,nan,nan,nan,nan,False,,,nan,nan,,,,,[],nan,,,nan,nan,nan,nan,,nan,nan,nan,0.0007136970493385123,nan,0.0007136970493385123,nan,0.0007136970493385123,0.00021394408402961157,nan,free_jones_peb,free,0.00021394408402961157,nan,0.0007136970493385123,4.0,4.0,0.0,83.63359391479065,76.97132639814669,nan,True,False,disabled,nan,nan,4.5171260319585626e-15,20792842.51791822,nan,True,False,5c50e3e114f50289aba4cec36bdb0f867d74e95d498425153d9308ae1a2cd3da,0.0376697658179837,computed_unscaled,cpu,nan,nan,nan,,,,,,,,nan,nan,nan,nan,nan,nan,False,,,,,,,,,nan,nan,nan,nan,,,,[],False,nan,nan,nan,,,nan,nan,nan,False,nan,,,False,,nan,nan,,,nan,nan,nan,False,nan,,,,False,nan,nan,,nan,nan,,,legacy_multistart,
fig4,full_6d_evs_peb,9,3933360494,5.0,snr_db,5.0,3,3,3,3,full_6d,3933360494,fixed_full6d_reference_sigma2,full_6d,0.0376697658179837,dbb0d7f65a5f31e2,False,,17.50265609798953,nan,nan,nan,nan,nan,nan,False,,,,False,,,,,,,,,,,,,,,,,,,,,,,,False,,,nan,nan,nan,nan,False,,,nan,nan,,,,,[],nan,,,nan,nan,nan,nan,,nan,nan,nan,0.00021394930995070362,nan,nan,0.00021394930995070362,0.00021394930995070362,0.00021394408402961157,nan,free_jones_peb,free,0.00021394408402961157,nan,0.00021394930995070362,4.0,4.0,0.0,76.97442076595502,76.97132639814669,nan,True,False,disabled,nan,nan,5.477550336709149e-15,431.31528324907777,nan,True,False,2f009590b628473d7acf259cec76359e96ba2256fe333ef7c1514fe7022a67d5,0.0376697658179837,computed_unscaled,cpu,nan,nan,nan,,,,,,,,nan,nan,nan,nan,nan,nan,False,,,,,,,,,nan,nan,nan,nan,,,,[],False,nan,nan,nan,,,nan,nan,nan,False,nan,,,False,,nan,nan,,,nan,nan,nan,False,nan,,,,False,nan,nan,,nan,nan,,,legacy_multistart,
fig4,full_6d_constrained_jones_peb,9,3933360494,5.0,snr_db,5.0,3,3,3,3,full_6d,3933360494,fixed_full6d_reference_sigma2,full_6d,0.0376697658179837,dbb0d7f65a5f31e2,False,,0.00148771982640028,nan,nan,nan,nan,nan,nan,False,,,,False,,,,,,,,,,,,,,,,,,,,,,,,False,,,nan,nan,nan,nan,False,,,nan,nan,,,,,[],nan,,,nan,nan,nan,nan,,nan,nan,nan,0.00021394408402961157,nan,nan,0.00021394408402961157,0.00021394930995070362,0.00021394408402961157,nan,constrained_jones_peb,constrained,0.00021394408402961157,nan,0.00021394930995070362,4.0,4.0,0.0,76.97442076595502,76.97132639814669,nan,True,False,disabled,nan,nan,5.477550336709149e-15,431.31528324907777,nan,True,False,2f009590b628473d7acf259cec76359e96ba2256fe333ef7c1514fe7022a67d5,0.0376697658179837,computed_unscaled,cpu,nan,nan,nan,,,,,,,,nan,nan,nan,nan,nan,nan,False,,,,,,,,,nan,nan,nan,nan,,,,[],False,nan,nan,nan,,,nan,nan,nan,False,nan,,,False,,nan,nan,,,nan,nan,nan,False,nan,,,,False,nan,nan,,nan,nan,,,legacy_multistart,
fig4,scalar_peb,12,2210497206,5.0,snr_db,5.0,3,3,3,3,scalar,2210497206,fixed_full6d_reference_sigma2,full_6d,0.14406716613452206,150a0724ac04bd39,False,,10.280097150010988,nan,nan,nan,nan,nan,nan,False,,,,False,,,,,,,,,,,,,,,,,,,,,,,,False,,,nan,nan,nan,nan,False,,,nan,nan,,,,,[],nan,,,nan,nan,nan,nan,,nan,nan,nan,0.007957603338183164,0.007957603338183164,nan,nan,0.007957603338183164,0.00018081033866847962,nan,free_jones_peb,free,0.00018081033866847962,nan,0.007957603338183164,4.0,4.0,0.0,146.33003125613988,71.51332246398773,nan,True,False,disabled,nan,nan,6.16468315082842e-15,28692752.674711738,nan,True,False,c92ff50e2f55191d90392c8949c662aed7151c4a195f313d191a86ee28295b61,0.14406716613452206,computed_unscaled,cpu,nan,nan,nan,,,,,,,,nan,nan,nan,nan,nan,nan,False,,,,,,,,,nan,nan,nan,nan,,,,[],False,nan,nan,nan,,,nan,nan,nan,False,nan,,,False,,nan,nan,,,nan,nan,nan,False,nan,,,,False,nan,nan,,nan,nan,,,legacy_multistart,
fig4,dual_pol_peb,12,2210497206,5.0,snr_db,5.0,3,3,3,3,dual_pol,2210497206,fixed_full6d_reference_sigma2,full_6d,0.14406716613452206,150a0724ac04bd39,False,,13.393099367851391,nan,nan,nan,nan,nan,nan,False,,,,False,,,,,,,,,,,,,,,,,,,,,,,,False,,,nan,nan,nan,nan,False,,,nan,nan,,,,,[],nan,,,nan,nan,nan,nan,,nan,nan,nan,0.0004650696366014659,nan,0.0004650696366014659,nan,0.0004650696366014659,0.00018081033866847962,nan,free_jones_peb,free,0.00018081033866847962,nan,0.0004650696366014659,4.0,4.0,0.0,83.9425093308229,71.51332246398773,nan,True,False,disabled,nan,nan,1.3828904651527954e-15,24631372.391884256,nan,True,False,7f63ff0447f532b740dc21a351bda795863922adafe5ba801c4afa28cadb6568,0.14406716613452206,computed_unscaled,cpu,nan,nan,nan,,,,,,,,nan,nan,nan,nan,nan,nan,False,,,,,,,,,nan,nan,nan,nan,,,,[],False,nan,nan,nan,,,nan,nan,nan,False,nan,,,False,,nan,nan,,,nan,nan,nan,False,nan,,,,False,nan,nan,,nan,nan,,,legacy_multistart,
fig4,full_6d_evs_peb,12,2210497206,5.0,snr_db,5.0,3,3,3,3,full_6d,2210497206,fixed_full6d_reference_sigma2,full_6d,0.14406716613452206,150a0724ac04bd39,False,,17.527953502954915,nan,nan,nan,nan,nan,nan,False,,,,False,,,,,,,,,,,,,,,,,,,,,,,,False,,,nan,nan,nan,nan,False,,,nan,nan,,,,,[],nan,,,nan,nan,nan,nan,,nan,nan,nan,0.0001808117699484918,nan,nan,0.0001808117699484918,0.0001808117699484918,0.00018081033866847962,nan,free_jones_peb,free,0.00018081033866847962,nan,0.0001808117699484918,4.0,4.0,0.0,71.51285963129956,71.51332246398773,nan,True,False,disabled,nan,nan,2.954031501306752e-15,5.04464208206863,nan,True,False,0a1c4f0b423cde7d810066f20685360779b434f786c785131581505ed3dd312e,0.14406716613452206,computed_unscaled,cpu,nan,nan,nan,,,,,,,,nan,nan,nan,nan,nan,nan,False,,,,,,,,,nan,nan,nan,nan,,,,[],False,nan,nan,nan,,,nan,nan,nan,False,nan,,,False,,nan,nan,,,nan,nan,nan,False,nan,,,,False,nan,nan,,nan,nan,,,legacy_multistart,
fig4,full_6d_constrained_jones_peb,12,2210497206,5.0,snr_db,5.0,3,3,3,3,full_6d,2210497206,fixed_full6d_reference_sigma2,full_6d,0.14406716613452206,150a0724ac04bd39,False,,0.0014348949771374464,nan,nan,nan,nan,nan,nan,False,,,,False,,,,,,,,,,,,,,,,,,,,,,,,False,,,nan,nan,nan,nan,False,,,nan,nan,,,,,[],nan,,,nan,nan,nan,nan,,nan,nan,nan,0.00018081033866847962,nan,nan,0.00018081033866847962,0.0001808117699484918,0.00018081033866847962,nan,constrained_jones_peb,constrained,0.00018081033866847962,nan,0.0001808117699484918,4.0,4.0,0.0,71.51285963129956,71.51332246398773,nan,True,False,disabled,nan,nan,2.954031501306752e-15,5.04464208206863,nan,True,False,0a1c4f0b423cde7d810066f20685360779b434f786c785131581505ed3dd312e,0.14406716613452206,computed_unscaled,cpu,nan,nan,nan,,,,,,,,nan,nan,nan,nan,nan,nan,False,,,,,,,,,nan,nan,nan,nan,,,,[],False,nan,nan,nan,,,nan,nan,nan,False,nan,,,False,,nan,nan,,,nan,nan,nan,False,nan,,,,False,nan,nan,,nan,nan,,,legacy_multistart,
fig4,scalar_peb,6,1919806993,5.0,snr_db,5.0,3,3,3,3,scalar,1919806993,fixed_full6d_reference_sigma2,full_6d,0.13280527787450197,c26b23a45fbce227,False,,17.22569785709493,nan,nan,nan,nan,nan,nan,False,,,,False,,,,,,,,,,,,,,,,,,,,,,,,False,,,nan,nan,nan,nan,False,,,nan,nan,,,,,[],nan,,,nan,nan,nan,nan,,nan,nan,nan,0.007331381090779747,0.007331381090779747,nan,nan,0.007331381090779747,0.00019845096683781039,nan,free_jones_peb,free,0.00019845096683781039,nan,0.007331381090779747,4.0,4.0,0.0,167.16349688674435,72.19062881330531,nan,True,False,disabled,nan,nan,5.853595850471342e-15,26029970.747891657,nan,True,False,1c6597d0275e6fcbcf3ceb73c07b34d8e97e2154c585ccc07f91c9aa1acec05d,0.13280527787450197,computed_unscaled,cpu,nan,nan,nan,,,,,,,,nan,nan,nan,nan,nan,nan,False,,,,,,,,,nan,nan,nan,nan,,,,[],False,nan,nan,nan,,,nan,nan,nan,False,nan,,,False,,nan,nan,,,nan,nan,nan,False,nan,,,,False,nan,nan,,nan,nan,,,legacy_multistart,
fig4,dual_pol_peb,6,1919806993,5.0,snr_db,5.0,3,3,3,3,dual_pol,1919806993,fixed_full6d_reference_sigma2,full_6d,0.13280527787450197,c26b23a45fbce227,False,,16.867231740849093,nan,nan,nan,nan,nan,nan,False,,,,False,,,,,,,,,,,,,,,,,,,,,,,,False,,,nan,nan,nan,nan,False,,,nan,nan,,,,,[],nan,,,nan,nan,nan,nan,,nan,nan,nan,0.0008587174557600781,nan,0.0008587174557600781,nan,0.0008587174557600781,0.00019845096683781039,nan,free_jones_peb,free,0.00019845096683781039,nan,0.0008587174557600781,4.0,4.0,0.0,80.67656321321431,72.19062881330531,nan,True,False,disabled,nan,nan,6.885763778106239e-15,24432648.72839058,nan,True,False,8158e3eea8b8cfa80d1181d7302a18407d0f626e3c2dbcbb33bae90791259a7d,0.13280527787450197,computed_unscaled,cpu,nan,nan,nan,,,,,,,,nan,nan,nan,nan,nan,nan,False,,,,,,,,,nan,nan,nan,nan,,,,[],False,nan,nan,nan,,,nan,nan,nan,False,nan,,,False,,nan,nan,,,nan,nan,nan,False,nan,,,,False,nan,nan,,nan,nan,,,legacy_multistart,
fig4,full_6d_evs_peb,6,1919806993,5.0,snr_db,5.0,3,3,3,3,full_6d,1919806993,fixed_full6d_reference_sigma2,full_6d,0.13280527787450197,c26b23a45fbce227,False,,17.586548652034253,nan,nan,nan,nan,nan,nan,False,,,,False,,,,,,,,,,,,,,,,,,,,,,,,False,,,nan,nan,nan,nan,False,,,nan,nan,,,,,[],nan,,,nan,nan,nan,nan,,nan,nan,nan,0.00019845421998979928,nan,nan,0.00019845421998979928,0.00019845421998979928,0.00019845096683781039,nan,free_jones_peb,free,0.00019845096683781039,nan,0.00019845421998979928,4.0,4.0,0.0,72.19686430595628,72.19062881330531,nan,True,False,disabled,nan,nan,8.140985854719734e-15,522.523016613037,nan,True,False,231b7c2941d5d9c02809f94febabb8d0e1f1d4a2d4bfefa1b397f685379809da,0.13280527787450197,computed_unscaled,cpu,nan,nan,nan,,,,,,,,nan,nan,nan,nan,nan,nan,False,,,,,,,,,nan,nan,nan,nan,,,,[],False,nan,nan,nan,,,nan,nan,nan,False,nan,,,False,,nan,nan,,,nan,nan,nan,False,nan,,,,False,nan,nan,,nan,nan,,,legacy_multistart,
fig4,full_6d_constrained_jones_peb,6,1919806993,5.0,snr_db,5.0,3,3,3,3,full_6d,1919806993,fixed_full6d_reference_sigma2,full_6d,0.13280527787450197,c26b23a45fbce227,False,,0.0014339238405227661,nan,nan,nan,nan,nan,nan,False,,,,False,,,,,,,,,,,,,,,,,,,,,,,,False,,,nan,nan,nan,nan,False,,,nan,nan,,,,,[],nan,,,nan,nan,nan,nan,,nan,nan,nan,0.00019845096683781039,nan,nan,0.00019845096683781039,0.00019845421998979928,0.00019845096683781039,nan,constrained_jones_peb,constrained,0.00019845096683781039,nan,0.00019845421998979928,4.0,4.0,0.0,72.19686430595628,72.19062881330531,nan,True,False,disabled,nan,nan,8.140985854719734e-15,522.523016613037,nan,True,False,231b7c2941d5d9c02809f94febabb8d0e1f1d4a2d4bfefa1b397f685379809da,0.13280527787450197,computed_unscaled,cpu,nan,nan,nan,,,,,,,,nan,nan,nan,nan,nan,nan,False,,,,,,,,,nan,nan,nan,nan,,,,[],False,nan,nan,nan,,,nan,nan,nan,False,nan,,,False,,nan,nan,,,nan,nan,nan,False,nan,,,,False,nan,nan,,nan,nan,,,legacy_multistart,
fig4,scalar_peb,15,2734808712,5.0,snr_db,5.0,3,3,3,3,scalar,2734808712,fixed_full6d_reference_sigma2,full_6d,0.03647605276580435,2514cdd5d803d911,False,,13.019695809809491,nan,nan,nan,nan,nan,nan,False,,,,False,,,,,,,,,,,,,,,,,,,,,,,,False,,,nan,nan,nan,nan,False,,,nan,nan,,,,,[],nan,,,nan,nan,nan,nan,,nan,nan,nan,0.005705814045992324,0.005705814045992324,nan,nan,0.005705814045992324,0.0001946613976131323,nan,free_jones_peb,free,0.0001946613976131323,nan,0.005705814045992324,4.0,4.0,0.0,100.89591029078707,70.0082267790268,nan,True,False,disabled,nan,nan,9.447154040378339e-15,27405597.41769001,nan,True,False,d79defabb728f9ef2a9cb498979e3e0a06d619a6bb25b684616b7fd7193da39d,0.03647605276580435,computed_unscaled,cpu,nan,nan,nan,,,,,,,,nan,nan,nan,nan,nan,nan,False,,,,,,,,,nan,nan,nan,nan,,,,[],False,nan,nan,nan,,,nan,nan,nan,False,nan,,,False,,nan,nan,,,nan,nan,nan,False,nan,,,,False,nan,nan,,nan,nan,,,legacy_multistart,
fig4,dual_pol_peb,15,2734808712,5.0,snr_db,5.0,3,3,3,3,dual_pol,2734808712,fixed_full6d_reference_sigma2,full_6d,0.03647605276580435,2514cdd5d803d911,False,,12.433042095974088,nan,nan,nan,nan,nan,nan,False,,,,False,,,,,,,,,,,,,,,,,,,,,,,,False,,,nan,nan,nan,nan,False,,,nan,nan,,,,,[],nan,,,nan,nan,nan,nan,,nan,nan,nan,0.0005484335688219293,nan,0.0005484335688219293,nan,0.0005484335688219293,0.0001946613976131323,nan,free_jones_peb,free,0.0001946613976131323,nan,0.0005484335688219293,4.0,4.0,0.0,70.20744561300259,70.0082267790268,nan,True,False,disabled,nan,nan,5.3323505687157595e-15,23976433.060401183,nan,True,False,2dd75ddc8fcab391f115d7c89ff58c856a8850fc1d32139859277407aa090c9f,0.03647605276580435,computed_unscaled,cpu,nan,nan,nan,,,,,,,,nan,nan,nan,nan,nan,nan,False,,,,,,,,,nan,nan,nan,nan,,,,[],False,nan,nan,nan,,,nan,nan,nan,False,nan,,,False,,nan,nan,,,nan,nan,nan,False,nan,,,,False,nan,nan,,nan,nan,,,legacy_multistart,
fig4,full_6d_evs_peb,15,2734808712,5.0,snr_db,5.0,3,3,3,3,full_6d,2734808712,fixed_full6d_reference_sigma2,full_6d,0.03647605276580435,2514cdd5d803d911,False,,12.933465933892876,nan,nan,nan,nan,nan,nan,False,,,,False,,,,,,,,,,,,,,,,,,,,,,,,False,,,nan,nan,nan,nan,False,,,nan,nan,,,,,[],nan,,,nan,nan,nan,nan,,nan,nan,nan,0.0001946618384083946,nan,nan,0.0001946618384083946,0.0001946618384083946,0.0001946613976131323,nan,free_jones_peb,free,0.0001946613976131323,nan,0.0001946618384083946,4.0,4.0,0.0,70.00906531898143,70.0082267790268,nan,True,False,disabled,nan,nan,7.554248312658293e-15,31.9048984722979,nan,True,False,3745774ba39f0b3a489ec82705d3e30e7ac3ac0889ba9ff94e26de5537c07034,0.03647605276580435,computed_unscaled,cpu,nan,nan,nan,,,,,,,,nan,nan,nan,nan,nan,nan,False,,,,,,,,,nan,nan,nan,nan,,,,[],False,nan,nan,nan,,,nan,nan,nan,False,nan,,,False,,nan,nan,,,nan,nan,nan,False,nan,,,,False,nan,nan,,nan,nan,,,legacy_multistart,
fig4,full_6d_constrained_jones_peb,15,2734808712,5.0,snr_db,5.0,3,3,3,3,full_6d,2734808712,fixed_full6d_reference_sigma2,full_6d,0.03647605276580435,2514cdd5d803d911,False,,0.0014000681694597006,nan,nan,nan,nan,nan,nan,False,,,,False,,,,,,,,,,,,,,,,,,,,,,,,False,,,nan,nan,nan,nan,False,,,nan,nan,,,,,[],nan,,,nan,nan,nan,nan,,nan,nan,nan,0.0001946613976131323,nan,nan,0.0001946613976131323,0.0001946618384083946,0.0001946613976131323,nan,constrained_jones_peb,constrained,0.0001946613976131323,nan,0.0001946618384083946,4.0,4.0,0.0,70.00906531898143,70.0082267790268,nan,True,False,disabled,nan,nan,7.554248312658293e-15,31.9048984722979,nan,True,False,3745774ba39f0b3a489ec82705d3e30e7ac3ac0889ba9ff94e26de5537c07034,0.03647605276580435,computed_unscaled,cpu,nan,nan,nan,,,,,,,,nan,nan,nan,nan,nan,nan,False,,,,,,,,,nan,nan,nan,nan,,,,[],False,nan,nan,nan,,,nan,nan,nan,False,nan,,,False,,nan,nan,,,nan,nan,nan,False,nan,,,,False,nan,nan,,nan,nan,,,legacy_multistart,
fig4,scalar_peb,16,1080178429,5.0,snr_db,5.0,3,3,3,3,scalar,1080178429,fixed_full6d_reference_sigma2,full_6d,0.15186732077486415,0894c382957bbc4d,False,,12.839859429979697,nan,nan,nan,nan,nan,nan,False,,,,False,,,,,,,,,,,,,,,,,,,,,,,,False,,,nan,nan,nan,nan,False,,,nan,nan,,,,,[],nan,,,nan,nan,nan,nan,,nan,nan,nan,0.007867044260434952,0.007867044260434952,nan,nan,0.007867044260434952,0.00018657897182288962,nan,free_jones_peb,free,0.00018657897182288962,nan,0.007867044260434952,4.0,4.0,0.0,351.7744876240047,87.52885512344135,nan,True,False,disabled,nan,nan,5.896969578005674e-15,27118894.803040765,nan,True,False,fe074e5d012d6531afd3135b069a94fbb4ac905dd184ede53d462f2ff19aea7a,0.15186732077486415,computed_unscaled,cpu,nan,nan,nan,,,,,,,,nan,nan,nan,nan,nan,nan,False,,,,,,,,,nan,nan,nan,nan,,,,[],False,nan,nan,nan,,,nan,nan,nan,False,nan,,,False,,nan,nan,,,nan,nan,nan,False,nan,,,,False,nan,nan,,nan,nan,,,legacy_multistart,
fig4,dual_pol_peb,16,1080178429,5.0,snr_db,5.0,3,3,3,3,dual_pol,1080178429,fixed_full6d_reference_sigma2,full_6d,0.15186732077486415,0894c382957bbc4d,False,,12.620299868984148,nan,nan,nan,nan,nan,nan,False,,,,False,,,,,,,,,,,,,,,,,,,,,,,,False,,,nan,nan,nan,nan,False,,,nan,nan,,,,,[],nan,,,nan,nan,nan,nan,,nan,nan,nan,0.000616493734424179,nan,0.000616493734424179,nan,0.000616493734424179,0.00018657897182288962,nan,free_jones_peb,free,0.00018657897182288962,nan,0.000616493734424179,4.0,4.0,0.0,87.3727558069371,87.52885512344135,nan,True,False,disabled,nan,nan,3.2610676792715765e-15,24313454.0541411,nan,True,False,7873f3ee4d8c236ea9f55dde7f8a207e41c4badaaaa60a5426862eff8db93236,0.15186732077486415,computed_unscaled,cpu,nan,nan,nan,,,,,,,,nan,nan,nan,nan,nan,nan,False,,,,,,,,,nan,nan,nan,nan,,,,[],False,nan,nan,nan,,,nan,nan,nan,False,nan,,,False,,nan,nan,,,nan,nan,nan,False,nan,,,,False,nan,nan,,nan,nan,,,legacy_multistart,
fig4,full_6d_evs_peb,16,1080178429,5.0,snr_db,5.0,3,3,3,3,full_6d,1080178429,fixed_full6d_reference_sigma2,full_6d,0.15186732077486415,0894c382957bbc4d,False,,12.754776330897585,nan,nan,nan,nan,nan,nan,False,,,,False,,,,,,,,,,,,,,,,,,,,,,,,False,,,nan,nan,nan,nan,False,,,nan,nan,,,,,[],nan,,,nan,nan,nan,nan,,nan,nan,nan,0.00018657974469690617,nan,nan,0.00018657974469690617,0.00018657974469690617,0.00018657897182288962,nan,free_jones_peb,free,0.00018657897182288962,nan,0.00018657974469690617,4.0,4.0,0.0,87.53279534019042,87.52885512344135,nan,True,False,disabled,nan,nan,5.475090822790167e-15,15.846534705791836,nan,True,False,2793ff1fce7242989610050dae2e9fefacb8b15f6d60bfd2b55605797f0e0ce8,0.15186732077486415,computed_unscaled,cpu,nan,nan,nan,,,,,,,,nan,nan,nan,nan,nan,nan,False,,,,,,,,,nan,nan,nan,nan,,,,[],False,nan,nan,nan,,,nan,nan,nan,False,nan,,,False,,nan,nan,,,nan,nan,nan,False,nan,,,,False,nan,nan,,nan,nan,,,legacy_multistart,
fig4,full_6d_constrained_jones_peb,16,1080178429,5.0,snr_db,5.0,3,3,3,3,full_6d,1080178429,fixed_full6d_reference_sigma2,full_6d,0.15186732077486415,0894c382957bbc4d,False,,0.001361415022984147,nan,nan,nan,nan,nan,nan,False,,,,False,,,,,,,,,,,,,,,,,,,,,,,,False,,,nan,nan,nan,nan,False,,,nan,nan,,,,,[],nan,,,nan,nan,nan,nan,,nan,nan,nan,0.00018657897182288962,nan,nan,0.00018657897182288962,0.00018657974469690617,0.00018657897182288962,nan,constrained_jones_peb,constrained,0.00018657897182288962,nan,0.00018657974469690617,4.0,4.0,0.0,87.53279534019042,87.52885512344135,nan,True,False,disabled,nan,nan,5.475090822790167e-15,15.846534705791836,nan,True,False,2793ff1fce7242989610050dae2e9fefacb8b15f6d60bfd2b55605797f0e0ce8,0.15186732077486415,computed_unscaled,cpu,nan,nan,nan,,,,,,,,nan,nan,nan,nan,nan,nan,False,,,,,,,,,nan,nan,nan,nan,,,,[],False,nan,nan,nan,,,nan,nan,nan,False,nan,,,False,,nan,nan,,,nan,nan,nan,False,nan,,,,False,nan,nan,,nan,nan,,,legacy_multistart,
fig4,scalar_peb,20,3607282624,5.0,snr_db,5.0,3,3,3,3,scalar,3607282624,fixed_full6d_reference_sigma2,full_6d,0.18089989388979738,cfb7113e68bacd96,False,,9.406925447983667,nan,nan,nan,nan,nan,nan,False,,,,False,,,,,,,,,,,,,,,,,,,,,,,,False,,,nan,nan,nan,nan,False,,,nan,nan,,,,,[],nan,,,nan,nan,nan,nan,,nan,nan,nan,0.0063319457084842715,0.0063319457084842715,nan,nan,0.0063319457084842715,0.00018984390647420595,nan,free_jones_peb,free,0.00018984390647420595,nan,0.0063319457084842715,4.0,4.0,0.0,140.85253612399484,65.44480715415628,nan,True,False,disabled,nan,nan,5.162751115735689e-15,27129436.229088396,nan,True,False,d55a112d2b0e8a5bbe2e9ebbc09713c232ec12817530458a0e96df3c2ffa5f97,0.18089989388979738,computed_unscaled,cpu,nan,nan,nan,,,,,,,,nan,nan,nan,nan,nan,nan,False,,,,,,,,,nan,nan,nan,nan,,,,[],False,nan,nan,nan,,,nan,nan,nan,False,nan,,,False,,nan,nan,,,nan,nan,nan,False,nan,,,,False,nan,nan,,nan,nan,,,legacy_multistart,
fig4,dual_pol_peb,20,3607282624,5.0,snr_db,5.0,3,3,3,3,dual_pol,3607282624,fixed_full6d_reference_sigma2,full_6d,0.18089989388979738,cfb7113e68bacd96,False,,9.858238034881651,nan,nan,nan,nan,nan,nan,False,,,,False,,,,,,,,,,,,,,,,,,,,,,,,False,,,nan,nan,nan,nan,False,,,nan,nan,,,,,[],nan,,,nan,nan,nan,nan,,nan,nan,nan,0.00044631301601963776,nan,0.00044631301601963776,nan,0.00044631301601963776,0.00018984390647420595,nan,free_jones_peb,free,0.00018984390647420595,nan,0.00044631301601963776,4.0,4.0,0.0,65.9417514340457,65.44480715415628,nan,True,False,disabled,nan,nan,3.4359303072659818e-15,22325199.07114833,nan,True,False,69f791d10fa1c5e844325c11b57a310bf435d47976592123c61e7bd2e017cefc,0.18089989388979738,computed_unscaled,cpu,nan,nan,nan,,,,,,,,nan,nan,nan,nan,nan,nan,False,,,,,,,,,nan,nan,nan,nan,,,,[],False,nan,nan,nan,,,nan,nan,nan,False,nan,,,False,,nan,nan,,,nan,nan,nan,False,nan,,,,False,nan,nan,,nan,nan,,,legacy_multistart,
fig4,full_6d_evs_peb,20,3607282624,5.0,snr_db,5.0,3,3,3,3,full_6d,3607282624,fixed_full6d_reference_sigma2,full_6d,0.18089989388979738,cfb7113e68bacd96,False,,9.428832889068872,nan,nan,nan,nan,nan,nan,False,,,,False,,,,,,,,,,,,,,,,,,,,,,,,False,,,nan,nan,nan,nan,False,,,nan,nan,,,,,[],nan,,,nan,nan,nan,nan,,nan,nan,nan,0.00018984418448603674,nan,nan,0.00018984418448603674,0.00018984418448603674,0.00018984390647420595,nan,free_jones_peb,free,0.00018984390647420595,nan,0.00018984418448603674,4.0,4.0,0.0,65.44704181364823,65.44480715415628,nan,True,False,disabled,nan,nan,4.6029572442624465e-15,4.803794934575597,nan,True,False,614c1d5045ebcd05d85977496f662de337f9fdc3d750d62d2ed64ea91c25b070,0.18089989388979738,computed_unscaled,cpu,nan,nan,nan,,,,,,,,nan,nan,nan,nan,nan,nan,False,,,,,,,,,nan,nan,nan,nan,,,,[],False,nan,nan,nan,,,nan,nan,nan,False,nan,,,False,,nan,nan,,,nan,nan,nan,False,nan,,,,False,nan,nan,,nan,nan,,,legacy_multistart,
fig4,full_6d_constrained_jones_peb,20,3607282624,5.0,snr_db,5.0,3,3,3,3,full_6d,3607282624,fixed_full6d_reference_sigma2,full_6d,0.18089989388979738,cfb7113e68bacd96,False,,0.0013982579112052917,nan,nan,nan,nan,nan,nan,False,,,,False,,,,,,,,,,,,,,,,,,,,,,,,False,,,nan,nan,nan,nan,False,,,nan,nan,,,,,[],nan,,,nan,nan,nan,nan,,nan,nan,nan,0.00018984390647420595,nan,nan,0.00018984390647420595,0.00018984418448603674,0.00018984390647420595,nan,constrained_jones_peb,constrained,0.00018984390647420595,nan,0.00018984418448603674,4.0,4.0,0.0,65.44704181364823,65.44480715415628,nan,True,False,disabled,nan,nan,4.6029572442624465e-15,4.803794934575597,nan,True,False,614c1d5045ebcd05d85977496f662de337f9fdc3d750d62d2ed64ea91c25b070,0.18089989388979738,computed_unscaled,cpu,nan,nan,nan,,,,,,,,nan,nan,nan,nan,nan,nan,False,,,,,,,,,nan,nan,nan,nan,,,,[],False,nan,nan,nan,,,nan,nan,nan,False,nan,,,False,,nan,nan,,,nan,nan,nan,False,nan,,,,False,nan,nan,,nan,nan,,,legacy_multistart,
fig4,scalar_peb,3,3422926171,10.0,snr_db,10.0,3,3,3,3,scalar,3422926171,fixed_full6d_reference_sigma2,full_6d,0.027806264915607372,ec2c6bd37b0f23e4,False,,9.614964039996266,nan,nan,nan,nan,nan,nan,False,,,,False,,,,,,,,,,,,,,,,,,,,,,,,False,,,nan,nan,nan,nan,False,,,nan,nan,,,,,[],nan,,,nan,nan,nan,nan,,nan,nan,nan,0.0034848240333239296,0.0034848240333239296,nan,nan,0.0034848240333239296,0.0001093126427959712,nan,free_jones_peb,free,0.0001093126427959712,nan,0.0034848240333239296,4.0,4.0,0.0,104.50572595812712,79.3256845389388,nan,True,False,disabled,nan,nan,3.900547969524352e-15,85383552.3494735,nan,True,False,6d2b6f9de96b8591d5302f64424683a02c9496c3cee2815dc2956f0c1ed3f810,0.027806264915607372,computed_unscaled,cpu,nan,nan,nan,,,,,,,,nan,nan,nan,nan,nan,nan,False,,,,,,,,,nan,nan,nan,nan,,,,[],False,nan,nan,nan,,,nan,nan,nan,False,nan,,,False,,nan,nan,,,nan,nan,nan,False,nan,,,,False,nan,nan,,nan,nan,,,legacy_multistart,
fig4,dual_pol_peb,3,3422926171,10.0,snr_db,10.0,3,3,3,3,dual_pol,3422926171,fixed_full6d_reference_sigma2,full_6d,0.027806264915607372,ec2c6bd37b0f23e4,False,,9.36204142915085,nan,nan,nan,nan,nan,nan,False,,,,False,,,,,,,,,,,,,,,,,,,,,,,,False,,,nan,nan,nan,nan,False,,,nan,nan,,,,,[],nan,,,nan,nan,nan,nan,,nan,nan,nan,0.0002936819730777432,nan,0.0002936819730777432,nan,0.0002936819730777432,0.0001093126427959712,nan,free_jones_peb,free,0.0001093126427959712,nan,0.0002936819730777432,4.0,4.0,0.0,79.39545670317153,79.3256845389388,nan,True,False,disabled,nan,nan,6.980736425940032e-15,73683995.31444164,nan,True,False,f77eeba51e4c29f45760a30757cde728bf1f86a0a513fc49d764f003ded781c7,0.027806264915607372,computed_unscaled,cpu,nan,nan,nan,,,,,,,,nan,nan,nan,nan,nan,nan,False,,,,,,,,,nan,nan,nan,nan,,,,[],False,nan,nan,nan,,,nan,nan,nan,False,nan,,,False,,nan,nan,,,nan,nan,nan,False,nan,,,,False,nan,nan,,nan,nan,,,legacy_multistart,
fig4,full_6d_evs_peb,3,3422926171,10.0,snr_db,10.0,3,3,3,3,full_6d,3422926171,fixed_full6d_reference_sigma2,full_6d,0.027806264915607372,ec2c6bd37b0f23e4,False,,9.568755602929741,nan,nan,nan,nan,nan,nan,False,,,,False,,,,,,,,,,,,,,,,,,,,,,,,False,,,nan,nan,nan,nan,False,,,nan,nan,,,,,[],nan,,,nan,nan,nan,nan,,nan,nan,nan,0.00010931293132064349,nan,nan,0.00010931293132064349,0.00010931293132064349,0.0001093126427959712,nan,free_jones_peb,free,0.0001093126427959712,nan,0.00010931293132064349,4.0,4.0,0.0,79.327874464661,79.3256845389388,nan,True,False,disabled,nan,nan,3.3180072963813753e-15,483.4911966959071,nan,True,False,36031d2b9c9618797e3e0dd10eb5c7dda8abc129f14c8c8dd5b717980768d13b,0.027806264915607372,computed_unscaled,cpu,nan,nan,nan,,,,,,,,nan,nan,nan,nan,nan,nan,False,,,,,,,,,nan,nan,nan,nan,,,,[],False,nan,nan,nan,,,nan,nan,nan,False,nan,,,False,,nan,nan,,,nan,nan,nan,False,nan,,,,False,nan,nan,,nan,nan,,,legacy_multistart,
fig4,full_6d_constrained_jones_peb,3,3422926171,10.0,snr_db,10.0,3,3,3,3,full_6d,3422926171,fixed_full6d_reference_sigma2,full_6d,0.027806264915607372,ec2c6bd37b0f23e4,False,,0.0013626387808471918,nan,nan,nan,nan,nan,nan,False,,,,False,,,,,,,,,,,,,,,,,,,,,,,,False,,,nan,nan,nan,nan,False,,,nan,nan,,,,,[],nan,,,nan,nan,nan,nan,,nan,nan,nan,0.0001093126427959712,nan,nan,0.0001093126427959712,0.00010931293132064349,0.0001093126427959712,nan,constrained_jones_peb,constrained,0.0001093126427959712,nan,0.00010931293132064349,4.0,4.0,0.0,79.327874464661,79.3256845389388,nan,True,False,disabled,nan,nan,3.3180072963813753e-15,483.4911966959071,nan,True,False,36031d2b9c9618797e3e0dd10eb5c7dda8abc129f14c8c8dd5b717980768d13b,0.027806264915607372,computed_unscaled,cpu,nan,nan,nan,,,,,,,,nan,nan,nan,nan,nan,nan,False,,,,,,,,,nan,nan,nan,nan,,,,[],False,nan,nan,nan,,,nan,nan,nan,False,nan,,,False,,nan,nan,,,nan,nan,nan,False,nan,,,,False,nan,nan,,nan,nan,,,legacy_multistart,
fig4,scalar_peb,4,287230138,10.0,snr_db,10.0,3,3,3,3,scalar,287230138,fixed_full6d_reference_sigma2,full_6d,0.04943582367100889,dc39c9cd340913cf,False,,10.110796276014298,nan,nan,nan,nan,nan,nan,False,,,,False,,,,,,,,,,,,,,,,,,,,,,,,False,,,nan,nan,nan,nan,False,,,nan,nan,,,,,[],nan,,,nan,nan,nan,nan,,nan,nan,nan,0.0030275738080878935,0.0030275738080878935,nan,nan,0.0030275738080878935,0.00010035500744104364,nan,free_jones_peb,free,0.00010035500744104364,nan,0.0030275738080878935,4.0,4.0,0.0,109.10580716526096,76.1347666899248,nan,True,False,disabled,nan,nan,3.2519482566802424e-15,92042569.87127964,nan,True,False,3a97bf21da1a2141f67aadd557c78cf8b0d89e00d7c8ece8feadcfc10ca8c45e,0.04943582367100889,computed_unscaled,cpu,nan,nan,nan,,,,,,,,nan,nan,nan,nan,nan,nan,False,,,,,,,,,nan,nan,nan,nan,,,,[],False,nan,nan,nan,,,nan,nan,nan,False,nan,,,False,,nan,nan,,,nan,nan,nan,False,nan,,,,False,nan,nan,,nan,nan,,,legacy_multistart,
fig4,dual_pol_peb,4,287230138,10.0,snr_db,10.0,3,3,3,3,dual_pol,287230138,fixed_full6d_reference_sigma2,full_6d,0.04943582367100889,dc39c9cd340913cf,False,,9.108050708891824,nan,nan,nan,nan,nan,nan,False,,,,False,,,,,,,,,,,,,,,,,,,,,,,,False,,,nan,nan,nan,nan,False,,,nan,nan,,,,,[],nan,,,nan,nan,nan,nan,,nan,nan,nan,0.00024251562568250237,nan,0.00024251562568250237,nan,0.00024251562568250237,0.00010035500744104364,nan,free_jones_peb,free,0.00010035500744104364,nan,0.00024251562568250237,4.0,4.0,0.0,73.98742361562098,76.1347666899248,nan,True,False,disabled,nan,nan,4.739960518959085e-15,75743530.22240491,nan,True,False,4fe9f0bc21454d08b4befb801e7720d31b4f6c31543dd0044b72da8dd29691d1,0.04943582367100889,computed_unscaled,cpu,nan,nan,nan,,,,,,,,nan,nan,nan,nan,nan,nan,False,,,,,,,,,nan,nan,nan,nan,,,,[],False,nan,nan,nan,,,nan,nan,nan,False,nan,,,False,,nan,nan,,,nan,nan,nan,False,nan,,,,False,nan,nan,,nan,nan,,,legacy_multistart,
fig4,full_6d_evs_peb,4,287230138,10.0,snr_db,10.0,3,3,3,3,full_6d,287230138,fixed_full6d_reference_sigma2,full_6d,0.04943582367100889,dc39c9cd340913cf,False,,9.415750670945272,nan,nan,nan,nan,nan,nan,False,,,,False,,,,,,,,,,,,,,,,,,,,,,,,False,,,nan,nan,nan,nan,False,,,nan,nan,,,,,[],nan,,,nan,nan,nan,nan,,nan,nan,nan,0.0001003554190456147,nan,nan,0.0001003554190456147,0.0001003554190456147,0.00010035500744104364,nan,free_jones_peb,free,0.00010035500744104364,nan,0.0001003554190456147,4.0,4.0,0.0,76.14182004282642,76.1347666899248,nan,True,False,disabled,nan,nan,1.554482606900784e-14,60.13241036044189,nan,True,False,72d5586e1e2071d827e37c0d5029359210d7878b9ab9d369f2c38d0e300801aa,0.04943582367100889,computed_unscaled,cpu,nan,nan,nan,,,,,,,,nan,nan,nan,nan,nan,nan,False,,,,,,,,,nan,nan,nan,nan,,,,[],False,nan,nan,nan,,,nan,nan,nan,False,nan,,,False,,nan,nan,,,nan,nan,nan,False,nan,,,,False,nan,nan,,nan,nan,,,legacy_multistart,
fig4,full_6d_constrained_jones_peb,4,287230138,10.0,snr_db,10.0,3,3,3,3,full_6d,287230138,fixed_full6d_reference_sigma2,full_6d,0.04943582367100889,dc39c9cd340913cf,False,,0.0010154941119253635,nan,nan,nan,nan,nan,nan,False,,,,False,,,,,,,,,,,,,,,,,,,,,,,,False,,,nan,nan,nan,nan,False,,,nan,nan,,,,,[],nan,,,nan,nan,nan,nan,,nan,nan,nan,0.00010035500744104364,nan,nan,0.00010035500744104364,0.0001003554190456147,0.00010035500744104364,nan,constrained_jones_peb,constrained,0.00010035500744104364,nan,0.0001003554190456147,4.0,4.0,0.0,76.14182004282642,76.1347666899248,nan,True,False,disabled,nan,nan,1.554482606900784e-14,60.13241036044189,nan,True,False,72d5586e1e2071d827e37c0d5029359210d7878b9ab9d369f2c38d0e300801aa,0.04943582367100889,computed_unscaled,cpu,nan,nan,nan,,,,,,,,nan,nan,nan,nan,nan,nan,False,,,,,,,,,nan,nan,nan,nan,,,,[],False,nan,nan,nan,,,nan,nan,nan,False,nan,,,False,,nan,nan,,,nan,nan,nan,False,nan,,,,False,nan,nan,,nan,nan,,,legacy_multistart,
fig4,scalar_peb,14,1092560480,5.0,snr_db,5.0,3,3,3,3,scalar,1092560480,fixed_full6d_reference_sigma2,full_6d,0.06840588738389257,ab8a8563b5ee62fa,False,,17.353561782976612,nan,nan,nan,nan,nan,nan,False,,,,False,,,,,,,,,,,,,,,,,,,,,,,,False,,,nan,nan,nan,nan,False,,,nan,nan,,,,,[],nan,,,nan,nan,nan,nan,,nan,nan,nan,0.00554274413365373,0.00554274413365373,nan,nan,0.00554274413365373,0.0002032841902717545,nan,free_jones_peb,free,0.0002032841902717545,nan,0.00554274413365373,4.0,4.0,0.0,113.60074949938736,68.825984529633,nan,True,False,disabled,nan,nan,3.718836193327864e-15,25056305.506262552,nan,True,False,daeed13a2f50233764622d6693621439c707a88ffe45923e1470c1628b195fa4,0.06840588738389257,computed_unscaled,cpu,nan,nan,nan,,,,,,,,nan,nan,nan,nan,nan,nan,False,,,,,,,,,nan,nan,nan,nan,,,,[],False,nan,nan,nan,,,nan,nan,nan,False,nan,,,False,,nan,nan,,,nan,nan,nan,False,nan,,,,False,nan,nan,,nan,nan,,,legacy_multistart,
fig4,dual_pol_peb,14,1092560480,5.0,snr_db,5.0,3,3,3,3,dual_pol,1092560480,fixed_full6d_reference_sigma2,full_6d,0.06840588738389257,ab8a8563b5ee62fa,False,,17.17563402513042,nan,nan,nan,nan,nan,nan,False,,,,False,,,,,,,,,,,,,,,,,,,,,,,,False,,,nan,nan,nan,nan,False,,,nan,nan,,,,,[],nan,,,nan,nan,nan,nan,,nan,nan,nan,0.0007347104279841324,nan,0.0007347104279841324,nan,0.0007347104279841324,0.0002032841902717545,nan,free_jones_peb,free,0.0002032841902717545,nan,0.0007347104279841324,4.0,4.0,0.0,76.1317546176011,68.825984529633,nan,True,False,disabled,nan,nan,5.561223382776972e-15,23021449.114524085,nan,True,False,f4cb566e66af0ab72dc54437cb77e52afa3ac990d61ae7e996305eb30e95ddb9,0.06840588738389257,computed_unscaled,cpu,nan,nan,nan,,,,,,,,nan,nan,nan,nan,nan,nan,False,,,,,,,,,nan,nan,nan,nan,,,,[],False,nan,nan,nan,,,nan,nan,nan,False,nan,,,False,,nan,nan,,,nan,nan,nan,False,nan,,,,False,nan,nan,,nan,nan,,,legacy_multistart,
fig4,full_6d_evs_peb,14,1092560480,5.0,snr_db,5.0,3,3,3,3,full_6d,1092560480,fixed_full6d_reference_sigma2,full_6d,0.06840588738389257,ab8a8563b5ee62fa,False,,17.28844966017641,nan,nan,nan,nan,nan,nan,False,,,,False,,,,,,,,,,,,,,,,,,,,,,,,False,,,nan,nan,nan,nan,False,,,nan,nan,,,,,[],nan,,,nan,nan,nan,nan,,nan,nan,nan,0.0002032846704328461,nan,nan,0.0002032846704328461,0.0002032846704328461,0.0002032841902717545,nan,free_jones_peb,free,0.0002032841902717545,nan,0.0002032846704328461,4.0,4.0,0.0,68.82541009221046,68.825984529633,nan,True,False,disabled,nan,nan,3.4988201282563743e-15,12.000018950873939,nan,True,False,f1022bc01518ff6f31f9f6e642efb32029d98d2c096644b99cc3e0e6c8ec44d7,0.06840588738389257,computed_unscaled,cpu,nan,nan,nan,,,,,,,,nan,nan,nan,nan,nan,nan,False,,,,,,,,,nan,nan,nan,nan,,,,[],False,nan,nan,nan,,,nan,nan,nan,False,nan,,,False,,nan,nan,,,nan,nan,nan,False,nan,,,,False,nan,nan,,nan,nan,,,legacy_multistart,
fig4,full_6d_constrained_jones_peb,14,1092560480,5.0,snr_db,5.0,3,3,3,3,full_6d,1092560480,fixed_full6d_reference_sigma2,full_6d,0.06840588738389257,ab8a8563b5ee62fa,False,,0.0014349410776048899,nan,nan,nan,nan,nan,nan,False,,,,False,,,,,,,,,,,,,,,,,,,,,,,,False,,,nan,nan,nan,nan,False,,,nan,nan,,,,,[],nan,,,nan,nan,nan,nan,,nan,nan,nan,0.0002032841902717545,nan,nan,0.0002032841902717545,0.0002032846704328461,0.0002032841902717545,nan,constrained_jones_peb,constrained,0.0002032841902717545,nan,0.0002032846704328461,4.0,4.0,0.0,68.82541009221046,68.825984529633,nan,True,False,disabled,nan,nan,3.4988201282563743e-15,12.000018950873939,nan,True,False,f1022bc01518ff6f31f9f6e642efb32029d98d2c096644b99cc3e0e6c8ec44d7,0.06840588738389257,computed_unscaled,cpu,nan,nan,nan,,,,,,,,nan,nan,nan,nan,nan,nan,False,,,,,,,,,nan,nan,nan,nan,,,,[],False,nan,nan,nan,,,nan,nan,nan,False,nan,,,False,,nan,nan,,,nan,nan,nan,False,nan,,,,False,nan,nan,,nan,nan,,,legacy_multistart,
fig4,scalar_peb,21,4000820147,5.0,snr_db,5.0,3,3,3,3,scalar,4000820147,fixed_full6d_reference_sigma2,full_6d,0.11001813187950489,30f9d555f5e07d95,False,,12.955367063870654,nan,nan,nan,nan,nan,nan,False,,,,False,,,,,,,,,,,,,,,,,,,,,,,,False,,,nan,nan,nan,nan,False,,,nan,nan,,,,,[],nan,,,nan,nan,nan,nan,,nan,nan,nan,0.006735141631722047,0.006735141631722047,nan,nan,0.006735141631722047,0.00026246070024854427,nan,free_jones_peb,free,0.00026246070024854427,nan,0.006735141631722047,4.0,4.0,0.0,192.14024865477813,135.40362900470882,nan,True,False,disabled,nan,nan,4.595179706261905e-15,16170680.623868698,nan,True,False,90fd0c6eb62c194f065ae6c36fd149de6fbbaab36cb9bbe6aae7357be0bf6268,0.11001813187950489,computed_unscaled,cpu,nan,nan,nan,,,,,,,,nan,nan,nan,nan,nan,nan,False,,,,,,,,,nan,nan,nan,nan,,,,[],False,nan,nan,nan,,,nan,nan,nan,False,nan,,,False,,nan,nan,,,nan,nan,nan,False,nan,,,,False,nan,nan,,nan,nan,,,legacy_multistart,
fig4,dual_pol_peb,21,4000820147,5.0,snr_db,5.0,3,3,3,3,dual_pol,4000820147,fixed_full6d_reference_sigma2,full_6d,0.11001813187950489,30f9d555f5e07d95,False,,12.465752200921997,nan,nan,nan,nan,nan,nan,False,,,,False,,,,,,,,,,,,,,,,,,,,,,,,False,,,nan,nan,nan,nan,False,,,nan,nan,,,,,[],nan,,,nan,nan,nan,nan,,nan,nan,nan,0.000797210684539287,nan,0.000797210684539287,nan,0.000797210684539287,0.00026246070024854427,nan,free_jones_peb,free,0.00026246070024854427,nan,0.000797210684539287,4.0,4.0,0.0,90.93335138686706,135.40362900470882,nan,True,False,disabled,nan,nan,6.776735795790717e-15,14491014.282917425,nan,True,False,afbebe42be898c368ac7152ce735fccf59acb013ca9e955cc19c791d910da41c,0.11001813187950489,computed_unscaled,cpu,nan,nan,nan,,,,,,,,nan,nan,nan,nan,nan,nan,False,,,,,,,,,nan,nan,nan,nan,,,,[],False,nan,nan,nan,,,nan,nan,nan,False,nan,,,False,,nan,nan,,,nan,nan,nan,False,nan,,,,False,nan,nan,,nan,nan,,,legacy_multistart,
fig4,full_6d_evs_peb,21,4000820147,5.0,snr_db,5.0,3,3,3,3,full_6d,4000820147,fixed_full6d_reference_sigma2,full_6d,0.11001813187950489,30f9d555f5e07d95,False,,12.80638267006725,nan,nan,nan,nan,nan,nan,False,,,,False,,,,,,,,,,,,,,,,,,,,,,,,False,,,nan,nan,nan,nan,False,,,nan,nan,,,,,[],nan,,,nan,nan,nan,nan,,nan,nan,nan,0.000262463655237757,nan,nan,0.000262463655237757,0.000262463655237757,0.00026246070024854427,nan,free_jones_peb,free,0.00026246070024854427,nan,0.000262463655237757,4.0,4.0,0.0,135.4062420797467,135.40362900470882,nan,True,False,disabled,nan,nan,5.6583585810669e-15,274.405950386644,nan,True,False,f7a047bb7013efbe33f31c7f789c22a5d5f4d1899bcaccc54b42258dbd7f4038,0.11001813187950489,computed_unscaled,cpu,nan,nan,nan,,,,,,,,nan,nan,nan,nan,nan,nan,False,,,,,,,,,nan,nan,nan,nan,,,,[],False,nan,nan,nan,,,nan,nan,nan,False,nan,,,False,,nan,nan,,,nan,nan,nan,False,nan,,,,False,nan,nan,,nan,nan,,,legacy_multistart,
fig4,full_6d_constrained_jones_peb,21,4000820147,5.0,snr_db,5.0,3,3,3,3,full_6d,4000820147,fixed_full6d_reference_sigma2,full_6d,0.11001813187950489,30f9d555f5e07d95,False,,0.0013731431681662798,nan,nan,nan,nan,nan,nan,False,,,,False,,,,,,,,,,,,,,,,,,,,,,,,False,,,nan,nan,nan,nan,False,,,nan,nan,,,,,[],nan,,,nan,nan,nan,nan,,nan,nan,nan,0.00026246070024854427,nan,nan,0.00026246070024854427,0.000262463655237757,0.00026246070024854427,nan,constrained_jones_peb,constrained,0.00026246070024854427,nan,0.000262463655237757,4.0,4.0,0.0,135.4062420797467,135.40362900470882,nan,True,False,disabled,nan,nan,5.6583585810669e-15,274.405950386644,nan,True,False,f7a047bb7013efbe33f31c7f789c22a5d5f4d1899bcaccc54b42258dbd7f4038,0.11001813187950489,computed_unscaled,cpu,nan,nan,nan,,,,,,,,nan,nan,nan,nan,nan,nan,False,,,,,,,,,nan,nan,nan,nan,,,,[],False,nan,nan,nan,,,nan,nan,nan,False,nan,,,False,,nan,nan,,,nan,nan,nan,False,nan,,,,False,nan,nan,,nan,nan,,,legacy_multistart,
fig4,scalar_peb,19,3846521747,5.0,snr_db,5.0,3,3,3,3,scalar,3846521747,fixed_full6d_reference_sigma2,full_6d,0.03749839394765869,65929f5aba47a708,False,,13.61853317799978,nan,nan,nan,nan,nan,nan,False,,,,False,,,,,,,,,,,,,,,,,,,,,,,,False,,,nan,nan,nan,nan,False,,,nan,nan,,,,,[],nan,,,nan,nan,nan,nan,,nan,nan,nan,0.007066993468799535,0.007066993468799535,nan,nan,0.007066993468799535,0.0002224798638148514,nan,free_jones_peb,free,0.0002224798638148514,nan,0.007066993468799535,4.0,4.0,0.0,138.3526511130804,81.02670887627156,nan,True,False,disabled,nan,nan,5.158231422450718e-15,20931002.963820796,nan,True,False,0b8a9b663ca2c0e1d92176cbed39120875d02f4c6be3dc160568c7233976ffc2,0.03749839394765869,computed_unscaled,cpu,nan,nan,nan,,,,,,,,nan,nan,nan,nan,nan,nan,False,,,,,,,,,nan,nan,nan,nan,,,,[],False,nan,nan,nan,,,nan,nan,nan,False,nan,,,False,,nan,nan,,,nan,nan,nan,False,nan,,,,False,nan,nan,,nan,nan,,,legacy_multistart,
fig4,dual_pol_peb,19,3846521747,5.0,snr_db,5.0,3,3,3,3,dual_pol,3846521747,fixed_full6d_reference_sigma2,full_6d,0.03749839394765869,65929f5aba47a708,False,,17.055728800827637,nan,nan,nan,nan,nan,nan,False,,,,False,,,,,,,,,,,,,,,,,,,,,,,,False,,,nan,nan,nan,nan,False,,,nan,nan,,,,,[],nan,,,nan,nan,nan,nan,,nan,nan,nan,0.0009006746922757664,nan,0.0009006746922757664,nan,0.0009006746922757664,0.0002224798638148514,nan,free_jones_peb,free,0.0002224798638148514,nan,0.0009006746922757664,4.0,4.0,0.0,84.04221565549442,81.02670887627156,nan,True,False,disabled,nan,nan,5.348299195783265e-15,19672350.72668025,nan,True,False,dca030af82f710bcb535a4a0e546d3403fad4f1f40adb5820a43ca6b9c02e1ab,0.03749839394765869,computed_unscaled,cpu,nan,nan,nan,,,,,,,,nan,nan,nan,nan,nan,nan,False,,,,,,,,,nan,nan,nan,nan,,,,[],False,nan,nan,nan,,,nan,nan,nan,False,nan,,,False,,nan,nan,,,nan,nan,nan,False,nan,,,,False,nan,nan,,nan,nan,,,legacy_multistart,
fig4,full_6d_evs_peb,19,3846521747,5.0,snr_db,5.0,3,3,3,3,full_6d,3846521747,fixed_full6d_reference_sigma2,full_6d,0.03749839394765869,65929f5aba47a708,False,,17.20140127907507,nan,nan,nan,nan,nan,nan,False,,,,False,,,,,,,,,,,,,,,,,,,,,,,,False,,,nan,nan,nan,nan,False,,,nan,nan,,,,,[],nan,,,nan,nan,nan,nan,,nan,nan,nan,0.00022248313691943764,nan,nan,0.00022248313691943764,0.00022248313691943764,0.0002224798638148514,nan,free_jones_peb,free,0.0002224798638148514,nan,0.00022248313691943764,4.0,4.0,0.0,81.0273526836634,81.02670887627156,nan,True,False,disabled,nan,nan,3.147553636559127e-15,53.68941089176282,nan,True,False,66683f008884b5deaddb95c24fc2a892e518e793d697d2821f0c6f98570400e4,0.03749839394765869,computed_unscaled,cpu,nan,nan,nan,,,,,,,,nan,nan,nan,nan,nan,nan,False,,,,,,,,,nan,nan,nan,nan,,,,[],False,nan,nan,nan,,,nan,nan,nan,False,nan,,,False,,nan,nan,,,nan,nan,nan,False,nan,,,,False,nan,nan,,nan,nan,,,legacy_multistart,
fig4,full_6d_constrained_jones_peb,19,3846521747,5.0,snr_db,5.0,3,3,3,3,full_6d,3846521747,fixed_full6d_reference_sigma2,full_6d,0.03749839394765869,65929f5aba47a708,False,,0.0014030060265213251,nan,nan,nan,nan,nan,nan,False,,,,False,,,,,,,,,,,,,,,,,,,,,,,,False,,,nan,nan,nan,nan,False,,,nan,nan,,,,,[],nan,,,nan,nan,nan,nan,,nan,nan,nan,0.0002224798638148514,nan,nan,0.0002224798638148514,0.00022248313691943764,0.0002224798638148514,nan,constrained_jones_peb,constrained,0.0002224798638148514,nan,0.00022248313691943764,4.0,4.0,0.0,81.0273526836634,81.02670887627156,nan,True,False,disabled,nan,nan,3.147553636559127e-15,53.68941089176282,nan,True,False,66683f008884b5deaddb95c24fc2a892e518e793d697d2821f0c6f98570400e4,0.03749839394765869,computed_unscaled,cpu,nan,nan,nan,,,,,,,,nan,nan,nan,nan,nan,nan,False,,,,,,,,,nan,nan,nan,nan,,,,[],False,nan,nan,nan,,,nan,nan,nan,False,nan,,,False,,nan,nan,,,nan,nan,nan,False,nan,,,,False,nan,nan,,nan,nan,,,legacy_multistart,
fig4,scalar_peb,23,2043173887,5.0,snr_db,5.0,3,3,3,3,scalar,2043173887,fixed_full6d_reference_sigma2,full_6d,0.10358538720112091,cbb5908adb3ba694,False,,13.474290498998016,nan,nan,nan,nan,nan,nan,False,,,,False,,,,,,,,,,,,,,,,,,,,,,,,False,,,nan,nan,nan,nan,False,,,nan,nan,,,,,[],nan,,,nan,nan,nan,nan,,nan,nan,nan,0.008819881876996486,0.008819881876996486,nan,nan,0.008819881876996486,0.00019702386875274352,nan,free_jones_peb,free,0.00019702386875274352,nan,0.008819881876996486,4.0,4.0,0.0,82.84495212885678,63.95570465517769,nan,True,False,disabled,nan,nan,1.068204786635131e-14,26533535.11410253,nan,True,False,87d11b30b2b354763affc746a406804beff6231c93115ab9e8564b2555508918,0.10358538720112091,computed_unscaled,cpu,nan,nan,nan,,,,,,,,nan,nan,nan,nan,nan,nan,False,,,,,,,,,nan,nan,nan,nan,,,,[],False,nan,nan,nan,,,nan,nan,nan,False,nan,,,False,,nan,nan,,,nan,nan,nan,False,nan,,,,False,nan,nan,,nan,nan,,,legacy_multistart,
fig4,dual_pol_peb,23,2043173887,5.0,snr_db,5.0,3,3,3,3,dual_pol,2043173887,fixed_full6d_reference_sigma2,full_6d,0.10358538720112091,cbb5908adb3ba694,False,,12.710881302133203,nan,nan,nan,nan,nan,nan,False,,,,False,,,,,,,,,,,,,,,,,,,,,,,,False,,,nan,nan,nan,nan,False,,,nan,nan,,,,,[],nan,,,nan,nan,nan,nan,,nan,nan,nan,0.0005341562360731317,nan,0.0005341562360731317,nan,0.0005341562360731317,0.00019702386875274352,nan,free_jones_peb,free,0.00019702386875274352,nan,0.0005341562360731317,4.0,4.0,0.0,75.2887796546924,63.95570465517769,nan,True,False,disabled,nan,nan,3.769193992334776e-15,22960603.0658832,nan,True,False,ba7c54c525669a49f352e03ae343c04d0632702243a7f010eb38ac01de638d7a,0.10358538720112091,computed_unscaled,cpu,nan,nan,nan,,,,,,,,nan,nan,nan,nan,nan,nan,False,,,,,,,,,nan,nan,nan,nan,,,,[],False,nan,nan,nan,,,nan,nan,nan,False,nan,,,False,,nan,nan,,,nan,nan,nan,False,nan,,,,False,nan,nan,,nan,nan,,,legacy_multistart,
fig4,full_6d_evs_peb,23,2043173887,5.0,snr_db,5.0,3,3,3,3,full_6d,2043173887,fixed_full6d_reference_sigma2,full_6d,0.10358538720112091,cbb5908adb3ba694,False,,11.998909916030243,nan,nan,nan,nan,nan,nan,False,,,,False,,,,,,,,,,,,,,,,,,,,,,,,False,,,nan,nan,nan,nan,False,,,nan,nan,,,,,[],nan,,,nan,nan,nan,nan,,nan,nan,nan,0.00019702791353009235,nan,nan,0.00019702791353009235,0.00019702791353009235,0.00019702386875274352,nan,free_jones_peb,free,0.00019702386875274352,nan,0.00019702791353009235,4.0,4.0,0.0,63.95502988470636,63.95570465517769,nan,True,False,disabled,nan,nan,2.0444372626712505e-15,150.63036870381094,nan,True,False,7093cfec76f40175c6c7c58aa1b5153ce86056a79427b6463226f28ede4d41bd,0.10358538720112091,computed_unscaled,cpu,nan,nan,nan,,,,,,,,nan,nan,nan,nan,nan,nan,False,,,,,,,,,nan,nan,nan,nan,,,,[],False,nan,nan,nan,,,nan,nan,nan,False,nan,,,False,,nan,nan,,,nan,nan,nan,False,nan,,,,False,nan,nan,,nan,nan,,,legacy_multistart,
fig4,full_6d_constrained_jones_peb,23,2043173887,5.0,snr_db,5.0,3,3,3,3,full_6d,2043173887,fixed_full6d_reference_sigma2,full_6d,0.10358538720112091,cbb5908adb3ba694,False,,0.0013079599011689425,nan,nan,nan,nan,nan,nan,False,,,,False,,,,,,,,,,,,,,,,,,,,,,,,False,,,nan,nan,nan,nan,False,,,nan,nan,,,,,[],nan,,,nan,nan,nan,nan,,nan,nan,nan,0.00019702386875274352,nan,nan,0.00019702386875274352,0.00019702791353009235,0.00019702386875274352,nan,constrained_jones_peb,constrained,0.00019702386875274352,nan,0.00019702791353009235,4.0,4.0,0.0,63.95502988470636,63.95570465517769,nan,True,False,disabled,nan,nan,2.0444372626712505e-15,150.63036870381094,nan,True,False,7093cfec76f40175c6c7c58aa1b5153ce86056a79427b6463226f28ede4d41bd,0.10358538720112091,computed_unscaled,cpu,nan,nan,nan,,,,,,,,nan,nan,nan,nan,nan,nan,False,,,,,,,,,nan,nan,nan,nan,,,,[],False,nan,nan,nan,,,nan,nan,nan,False,nan,,,False,,nan,nan,,,nan,nan,nan,False,nan,,,,False,nan,nan,,nan,nan,,,legacy_multistart,
fig4,scalar_peb,17,2127997378,5.0,snr_db,5.0,3,3,3,3,scalar,2127997378,fixed_full6d_reference_sigma2,full_6d,0.1265072191587295,40d2d012bc02a8e0,False,,17.038486380130053,nan,nan,nan,nan,nan,nan,False,,,,False,,,,,,,,,,,,,,,,,,,,,,,,False,,,nan,nan,nan,nan,False,,,nan,nan,,,,,[],nan,,,nan,nan,nan,nan,,nan,nan,nan,0.0052549762749661095,0.0052549762749661095,nan,nan,0.0052549762749661095,0.00022498912488485906,nan,free_jones_peb,free,0.00022498912488485906,nan,0.0052549762749661095,4.0,4.0,0.0,124.74317257851244,83.33281630673483,nan,True,False,disabled,nan,nan,2.988927904843195e-15,20486987.22277502,nan,True,False,f80d1b30fabc96d829306cacd311a8dda31039fba04246ba0bb9e2c407097451,0.1265072191587295,computed_unscaled,cpu,nan,nan,nan,,,,,,,,nan,nan,nan,nan,nan,nan,False,,,,,,,,,nan,nan,nan,nan,,,,[],False,nan,nan,nan,,,nan,nan,nan,False,nan,,,False,,nan,nan,,,nan,nan,nan,False,nan,,,,False,nan,nan,,nan,nan,,,legacy_multistart,
fig4,dual_pol_peb,17,2127997378,5.0,snr_db,5.0,3,3,3,3,dual_pol,2127997378,fixed_full6d_reference_sigma2,full_6d,0.1265072191587295,40d2d012bc02a8e0,False,,17.13011762010865,nan,nan,nan,nan,nan,nan,False,,,,False,,,,,,,,,,,,,,,,,,,,,,,,False,,,nan,nan,nan,nan,False,,,nan,nan,,,,,[],nan,,,nan,nan,nan,nan,,nan,nan,nan,0.0006902031867074759,nan,0.0006902031867074759,nan,0.0006902031867074759,0.00022498912488485906,nan,free_jones_peb,free,0.00022498912488485906,nan,0.0006902031867074759,4.0,4.0,0.0,80.3865082342541,83.33281630673483,nan,True,False,disabled,nan,nan,2.6370405545414173e-15,18352408.99920301,nan,True,False,4b69279863936381b75eaf881fbc0666eb2ba07fa89219699aac78b513fcc887,0.1265072191587295,computed_unscaled,cpu,nan,nan,nan,,,,,,,,nan,nan,nan,nan,nan,nan,False,,,,,,,,,nan,nan,nan,nan,,,,[],False,nan,nan,nan,,,nan,nan,nan,False,nan,,,False,,nan,nan,,,nan,nan,nan,False,nan,,,,False,nan,nan,,nan,nan,,,legacy_multistart,
fig4,full_6d_evs_peb,17,2127997378,5.0,snr_db,5.0,3,3,3,3,full_6d,2127997378,fixed_full6d_reference_sigma2,full_6d,0.1265072191587295,40d2d012bc02a8e0,False,,17.31996090710163,nan,nan,nan,nan,nan,nan,False,,,,False,,,,,,,,,,,,,,,,,,,,,,,,False,,,nan,nan,nan,nan,False,,,nan,nan,,,,,[],nan,,,nan,nan,nan,nan,,nan,nan,nan,0.00022499055785729115,nan,nan,0.00022499055785729115,0.00022499055785729115,0.00022498912488485906,nan,free_jones_peb,free,0.00022498912488485906,nan,0.00022499055785729115,4.0,4.0,0.0,83.33708224159743,83.33281630673483,nan,True,False,disabled,nan,nan,3.4691085220895067e-15,39.10409293311806,nan,True,False,1e7e5fb979d639b775e57b8f9a2b5887da0781d1b293b718b0219c60afc7e70e,0.1265072191587295,computed_unscaled,cpu,nan,nan,nan,,,,,,,,nan,nan,nan,nan,nan,nan,False,,,,,,,,,nan,nan,nan,nan,,,,[],False,nan,nan,nan,,,nan,nan,nan,False,nan,,,False,,nan,nan,,,nan,nan,nan,False,nan,,,,False,nan,nan,,nan,nan,,,legacy_multistart,
fig4,full_6d_constrained_jones_peb,17,2127997378,5.0,snr_db,5.0,3,3,3,3,full_6d,2127997378,fixed_full6d_reference_sigma2,full_6d,0.1265072191587295,40d2d012bc02a8e0,False,,0.0013763580936938524,nan,nan,nan,nan,nan,nan,False,,,,False,,,,,,,,,,,,,,,,,,,,,,,,False,,,nan,nan,nan,nan,False,,,nan,nan,,,,,[],nan,,,nan,nan,nan,nan,,nan,nan,nan,0.00022498912488485906,nan,nan,0.00022498912488485906,0.00022499055785729115,0.00022498912488485906,nan,constrained_jones_peb,constrained,0.00022498912488485906,nan,0.00022499055785729115,4.0,4.0,0.0,83.33708224159743,83.33281630673483,nan,True,False,disabled,nan,nan,3.4691085220895067e-15,39.10409293311806,nan,True,False,1e7e5fb979d639b775e57b8f9a2b5887da0781d1b293b718b0219c60afc7e70e,0.1265072191587295,computed_unscaled,cpu,nan,nan,nan,,,,,,,,nan,nan,nan,nan,nan,nan,False,,,,,,,,,nan,nan,nan,nan,,,,[],False,nan,nan,nan,,,nan,nan,nan,False,nan,,,False,,nan,nan,,,nan,nan,nan,False,nan,,,,False,nan,nan,,nan,nan,,,legacy_multistart,
fig4,scalar_peb,22,3206710796,5.0,snr_db,5.0,3,3,3,3,scalar,3206710796,fixed_full6d_reference_sigma2,full_6d,0.033916235200905503,afd8f018216585ef,False,,13.5679023838602,nan,nan,nan,nan,nan,nan,False,,,,False,,,,,,,,,,,,,,,,,,,,,,,,False,,,nan,nan,nan,nan,False,,,nan,nan,,,,,[],nan,,,nan,nan,nan,nan,,nan,nan,nan,0.005677668171676363,0.005677668171676363,nan,nan,0.005677668171676363,0.0002388882169406522,nan,free_jones_peb,free,0.0002388882169406522,nan,0.005677668171676363,4.0,4.0,0.0,111.057494589535,85.51685239788137,nan,True,False,disabled,nan,nan,5.550682361575876e-15,17937499.44116715,nan,True,False,f9080b4e68e4aed660f7139dac97037d1e8fed6d4a9602cdbdb2d46386fc4c30,0.033916235200905503,computed_unscaled,cpu,nan,nan,nan,,,,,,,,nan,nan,nan,nan,nan,nan,False,,,,,,,,,nan,nan,nan,nan,,,,[],False,nan,nan,nan,,,nan,nan,nan,False,nan,,,False,,nan,nan,,,nan,nan,nan,False,nan,,,,False,nan,nan,,nan,nan,,,legacy_multistart,
fig4,dual_pol_peb,22,3206710796,5.0,snr_db,5.0,3,3,3,3,dual_pol,3206710796,fixed_full6d_reference_sigma2,full_6d,0.033916235200905503,afd8f018216585ef,False,,12.56921912310645,nan,nan,nan,nan,nan,nan,False,,,,False,,,,,,,,,,,,,,,,,,,,,,,,False,,,nan,nan,nan,nan,False,,,nan,nan,,,,,[],nan,,,nan,nan,nan,nan,,nan,nan,nan,0.0008159113689028965,nan,0.0008159113689028965,nan,0.0008159113689028965,0.0002388882169406522,nan,free_jones_peb,free,0.0002388882169406522,nan,0.0008159113689028965,4.0,4.0,0.0,85.63788320864273,85.51685239788137,nan,True,False,disabled,nan,nan,6.804177109551566e-15,16432765.957316022,nan,True,False,419299da458ee1792ab0bf9d32fc334a7c54ce3cdd856294255dc0759783f127,0.033916235200905503,computed_unscaled,cpu,nan,nan,nan,,,,,,,,nan,nan,nan,nan,nan,nan,False,,,,,,,,,nan,nan,nan,nan,,,,[],False,nan,nan,nan,,,nan,nan,nan,False,nan,,,False,,nan,nan,,,nan,nan,nan,False,nan,,,,False,nan,nan,,nan,nan,,,legacy_multistart,
fig4,full_6d_evs_peb,22,3206710796,5.0,snr_db,5.0,3,3,3,3,full_6d,3206710796,fixed_full6d_reference_sigma2,full_6d,0.033916235200905503,afd8f018216585ef,False,,12.809322870802134,nan,nan,nan,nan,nan,nan,False,,,,False,,,,,,,,,,,,,,,,,,,,,,,,False,,,nan,nan,nan,nan,False,,,nan,nan,,,,,[],nan,,,nan,nan,nan,nan,,nan,nan,nan,0.00023889104109124345,nan,nan,0.00023889104109124345,0.00023889104109124345,0.0002388882169406522,nan,free_jones_peb,free,0.0002388882169406522,nan,0.00023889104109124345,4.0,4.0,0.0,85.51320048103588,85.51685239788137,nan,True,False,disabled,nan,nan,3.5500564894550594e-15,319.5251836437145,nan,True,False,c84ba72aa3a760a0760b6b67e247dbffd03ad56315a9283ecceeafa1a6824f29,0.033916235200905503,computed_unscaled,cpu,nan,nan,nan,,,,,,,,nan,nan,nan,nan,nan,nan,False,,,,,,,,,nan,nan,nan,nan,,,,[],False,nan,nan,nan,,,nan,nan,nan,False,nan,,,False,,nan,nan,,,nan,nan,nan,False,nan,,,,False,nan,nan,,nan,nan,,,legacy_multistart,
fig4,full_6d_constrained_jones_peb,22,3206710796,5.0,snr_db,5.0,3,3,3,3,full_6d,3206710796,fixed_full6d_reference_sigma2,full_6d,0.033916235200905503,afd8f018216585ef,False,,0.0013589330483227968,nan,nan,nan,nan,nan,nan,False,,,,False,,,,,,,,,,,,,,,,,,,,,,,,False,,,nan,nan,nan,nan,False,,,nan,nan,,,,,[],nan,,,nan,nan,nan,nan,,nan,nan,nan,0.0002388882169406522,nan,nan,0.0002388882169406522,0.00023889104109124345,0.0002388882169406522,nan,constrained_jones_peb,constrained,0.0002388882169406522,nan,0.00023889104109124345,4.0,4.0,0.0,85.51320048103588,85.51685239788137,nan,True,False,disabled,nan,nan,3.5500564894550594e-15,319.5251836437145,nan,True,False,c84ba72aa3a760a0760b6b67e247dbffd03ad56315a9283ecceeafa1a6824f29,0.033916235200905503,computed_unscaled,cpu,nan,nan,nan,,,,,,,,nan,nan,nan,nan,nan,nan,False,,,,,,,,,nan,nan,nan,nan,,,,[],False,nan,nan,nan,,,nan,nan,nan,False,nan,,,False,,nan,nan,,,nan,nan,nan,False,nan,,,,False,nan,nan,,nan,nan,,,legacy_multistart,
fig4,scalar_peb,5,2290547997,10.0,snr_db,10.0,3,3,3,3,scalar,2290547997,fixed_full6d_reference_sigma2,full_6d,0.027300020886016525,bcd6dce8dd3293f2,False,,12.88654939783737,nan,nan,nan,nan,nan,nan,False,,,,False,,,,,,,,,,,,,,,,,,,,,,,,False,,,nan,nan,nan,nan,False,,,nan,nan,,,,,[],nan,,,nan,nan,nan,nan,,nan,nan,nan,0.005393579009373166,0.005393579009373166,nan,nan,0.005393579009373166,0.00012132654816424742,nan,free_jones_peb,free,0.00012132654816424742,nan,0.005393579009373166,4.0,4.0,0.0,95.41165547853416,75.07451669325688,nan,True,False,disabled,nan,nan,4.025867169170418e-15,71366626.46225172,nan,True,False,93ef95e20e1c131fcaa8886b0220c980cc8f80e2f6a274806efc16af2e526fa6,0.027300020886016525,computed_unscaled,cpu,nan,nan,nan,,,,,,,,nan,nan,nan,nan,nan,nan,False,,,,,,,,,nan,nan,nan,nan,,,,[],False,nan,nan,nan,,,nan,nan,nan,False,nan,,,False,,nan,nan,,,nan,nan,nan,False,nan,,,,False,nan,nan,,nan,nan,,,legacy_multistart,
fig4,dual_pol_peb,5,2290547997,10.0,snr_db,10.0,3,3,3,3,dual_pol,2290547997,fixed_full6d_reference_sigma2,full_6d,0.027300020886016525,bcd6dce8dd3293f2,False,,10.364696683827788,nan,nan,nan,nan,nan,nan,False,,,,False,,,,,,,,,,,,,,,,,,,,,,,,False,,,nan,nan,nan,nan,False,,,nan,nan,,,,,[],nan,,,nan,nan,nan,nan,,nan,nan,nan,0.0003989129202320699,nan,0.0003989129202320699,nan,0.0003989129202320699,0.00012132654816424742,nan,free_jones_peb,free,0.00012132654816424742,nan,0.0003989129202320699,4.0,4.0,0.0,69.60947403148968,75.07451669325688,nan,True,False,disabled,nan,nan,4.317862232529632e-15,64535182.359088436,nan,True,False,a982c7f66b3b7068e3eaf7969bceb651aa74c5682d0cb2fec69a6a1f75a15ec0,0.027300020886016525,computed_unscaled,cpu,nan,nan,nan,,,,,,,,nan,nan,nan,nan,nan,nan,False,,,,,,,,,nan,nan,nan,nan,,,,[],False,nan,nan,nan,,,nan,nan,nan,False,nan,,,False,,nan,nan,,,nan,nan,nan,False,nan,,,,False,nan,nan,,nan,nan,,,legacy_multistart,
fig4,full_6d_evs_peb,5,2290547997,10.0,snr_db,10.0,3,3,3,3,full_6d,2290547997,fixed_full6d_reference_sigma2,full_6d,0.027300020886016525,bcd6dce8dd3293f2,False,,8.798907084856182,nan,nan,nan,nan,nan,nan,False,,,,False,,,,,,,,,,,,,,,,,,,,,,,,False,,,nan,nan,nan,nan,False,,,nan,nan,,,,,[],nan,,,nan,nan,nan,nan,,nan,nan,nan,0.00012132769578718878,nan,nan,0.00012132769578718878,0.00012132769578718878,0.00012132654816424742,nan,free_jones_peb,free,0.00012132654816424742,nan,0.00012132769578718878,4.0,4.0,0.0,75.07441184413709,75.07451669325688,nan,True,False,disabled,nan,nan,3.112441248739562e-15,486.6383430647758,nan,True,False,38f1169f92c897947506b479f5ee71ac29695cde812eaf9f2f26b2ce8e8773e4,0.027300020886016525,computed_unscaled,cpu,nan,nan,nan,,,,,,,,nan,nan,nan,nan,nan,nan,False,,,,,,,,,nan,nan,nan,nan,,,,[],False,nan,nan,nan,,,nan,nan,nan,False,nan,,,False,,nan,nan,,,nan,nan,nan,False,nan,,,,False,nan,nan,,nan,nan,,,legacy_multistart,
fig4,full_6d_constrained_jones_peb,5,2290547997,10.0,snr_db,10.0,3,3,3,3,full_6d,2290547997,fixed_full6d_reference_sigma2,full_6d,0.027300020886016525,bcd6dce8dd3293f2,False,,0.0013466759119182825,nan,nan,nan,nan,nan,nan,False,,,,False,,,,,,,,,,,,,,,,,,,,,,,,False,,,nan,nan,nan,nan,False,,,nan,nan,,,,,[],nan,,,nan,nan,nan,nan,,nan,nan,nan,0.00012132654816424742,nan,nan,0.00012132654816424742,0.00012132769578718878,0.00012132654816424742,nan,constrained_jones_peb,constrained,0.00012132654816424742,nan,0.00012132769578718878,4.0,4.0,0.0,75.07441184413709,75.07451669325688,nan,True,False,disabled,nan,nan,3.112441248739562e-15,486.6383430647758,nan,True,False,38f1169f92c897947506b479f5ee71ac29695cde812eaf9f2f26b2ce8e8773e4,0.027300020886016525,computed_unscaled,cpu,nan,nan,nan,,,,,,,,nan,nan,nan,nan,nan,nan,False,,,,,,,,,nan,nan,nan,nan,,,,[],False,nan,nan,nan,,,nan,nan,nan,False,nan,,,False,,nan,nan,,,nan,nan,nan,False,nan,,,,False,nan,nan,,nan,nan,,,legacy_multistart,
fig4,scalar_peb,1,112311654,10.0,snr_db,10.0,3,3,3,3,scalar,112311654,fixed_full6d_reference_sigma2,full_6d,0.03038314297188423,77a6863ad5105f9f,False,,12.87696180306375,nan,nan,nan,nan,nan,nan,False,,,,False,,,,,,,,,,,,,,,,,,,,,,,,False,,,nan,nan,nan,nan,False,,,nan,nan,,,,,[],nan,,,nan,nan,nan,nan,,nan,nan,nan,0.003400786661548111,0.003400786661548111,nan,nan,0.003400786661548111,0.00014365604221044215,nan,free_jones_peb,free,0.00014365604221044215,nan,0.003400786661548111,4.0,4.0,0.0,103.42543501443846,98.55644697864291,nan,True,False,disabled,nan,nan,9.282837983591716e-15,51080627.640154004,nan,True,False,fa6fba46c95bc61c803f79365f0d9505da44453f202847b9b8ecc32965b8cd2d,0.03038314297188423,computed_unscaled,cpu,nan,nan,nan,,,,,,,,nan,nan,nan,nan,nan,nan,False,,,,,,,,,nan,nan,nan,nan,,,,[],False,nan,nan,nan,,,nan,nan,nan,False,nan,,,False,,nan,nan,,,nan,nan,nan,False,nan,,,,False,nan,nan,,nan,nan,,,legacy_multistart,
fig4,dual_pol_peb,1,112311654,10.0,snr_db,10.0,3,3,3,3,dual_pol,112311654,fixed_full6d_reference_sigma2,full_6d,0.03038314297188423,77a6863ad5105f9f,False,,12.666144548915327,nan,nan,nan,nan,nan,nan,False,,,,False,,,,,,,,,,,,,,,,,,,,,,,,False,,,nan,nan,nan,nan,False,,,nan,nan,,,,,[],nan,,,nan,nan,nan,nan,,nan,nan,nan,0.0004995090406863181,nan,0.0004995090406863181,nan,0.0004995090406863181,0.00014365604221044215,nan,free_jones_peb,free,0.00014365604221044215,nan,0.0004995090406863181,4.0,4.0,0.0,91.56074979956598,98.55644697864291,nan,True,False,disabled,nan,nan,1.0860245660835702e-14,47008360.61208867,nan,True,False,9cb07c157e55079152cdbc0b259ea15448b5812311ff137fa6c78846796d4dab,0.03038314297188423,computed_unscaled,cpu,nan,nan,nan,,,,,,,,nan,nan,nan,nan,nan,nan,False,,,,,,,,,nan,nan,nan,nan,,,,[],False,nan,nan,nan,,,nan,nan,nan,False,nan,,,False,,nan,nan,,,nan,nan,nan,False,nan,,,,False,nan,nan,,nan,nan,,,legacy_multistart,
fig4,full_6d_evs_peb,1,112311654,10.0,snr_db,10.0,3,3,3,3,full_6d,112311654,fixed_full6d_reference_sigma2,full_6d,0.03038314297188423,77a6863ad5105f9f,False,,12.513953874120489,nan,nan,nan,nan,nan,nan,False,,,,False,,,,,,,,,,,,,,,,,,,,,,,,False,,,nan,nan,nan,nan,False,,,nan,nan,,,,,[],nan,,,nan,nan,nan,nan,,nan,nan,nan,0.00014365744851841219,nan,nan,0.00014365744851841219,0.00014365744851841219,0.00014365604221044215,nan,free_jones_peb,free,0.00014365604221044215,nan,0.00014365744851841219,4.0,4.0,0.0,98.55800326139405,98.55644697864291,nan,True,False,disabled,nan,nan,1.0702287636073899e-14,594.8330482410847,nan,True,False,e3b48bd20620d3b9b8ef02e72c1473ee968de0b883c8a7b45706956b70dd2349,0.03038314297188423,computed_unscaled,cpu,nan,nan,nan,,,,,,,,nan,nan,nan,nan,nan,nan,False,,,,,,,,,nan,nan,nan,nan,,,,[],False,nan,nan,nan,,,nan,nan,nan,False,nan,,,False,,nan,nan,,,nan,nan,nan,False,nan,,,,False,nan,nan,,nan,nan,,,legacy_multistart,
fig4,full_6d_constrained_jones_peb,1,112311654,10.0,snr_db,10.0,3,3,3,3,full_6d,112311654,fixed_full6d_reference_sigma2,full_6d,0.03038314297188423,77a6863ad5105f9f,False,,0.0010340111330151558,nan,nan,nan,nan,nan,nan,False,,,,False,,,,,,,,,,,,,,,,,,,,,,,,False,,,nan,nan,nan,nan,False,,,nan,nan,,,,,[],nan,,,nan,nan,nan,nan,,nan,nan,nan,0.00014365604221044215,nan,nan,0.00014365604221044215,0.00014365744851841219,0.00014365604221044215,nan,constrained_jones_peb,constrained,0.00014365604221044215,nan,0.00014365744851841219,4.0,4.0,0.0,98.55800326139405,98.55644697864291,nan,True,False,disabled,nan,nan,1.0702287636073899e-14,594.8330482410847,nan,True,False,e3b48bd20620d3b9b8ef02e72c1473ee968de0b883c8a7b45706956b70dd2349,0.03038314297188423,computed_unscaled,cpu,nan,nan,nan,,,,,,,,nan,nan,nan,nan,nan,nan,False,,,,,,,,,nan,nan,nan,nan,,,,[],False,nan,nan,nan,,,nan,nan,nan,False,nan,,,False,,nan,nan,,,nan,nan,nan,False,nan,,,,False,nan,nan,,nan,nan,,,legacy_multistart,
fig4,scalar_peb,2,3251202663,10.0,snr_db,10.0,3,3,3,3,scalar,3251202663,fixed_full6d_reference_sigma2,full_6d,0.02287057192270079,c3508c545c5682a1,False,,12.839283569017425,nan,nan,nan,nan,nan,nan,False,,,,False,,,,,,,,,,,,,,,,,,,,,,,,False,,,nan,nan,nan,nan,False,,,nan,nan,,,,,[],nan,,,nan,nan,nan,nan,,nan,nan,nan,0.003615347191818853,0.003615347191818853,nan,nan,0.003615347191818853,0.00011043780362075988,nan,free_jones_peb,free,0.00011043780362075988,nan,0.003615347191818853,4.0,4.0,0.0,101.20470028285688,73.85928344231226,nan,True,False,disabled,nan,nan,6.9478355759006185e-15,84182270.2833996,nan,True,False,fa5a9a3e4ae7e1f83c84d4ef54f3477dae4ed75bbb1629c6c35e848a02dfe917,0.02287057192270079,computed_unscaled,cpu,nan,nan,nan,,,,,,,,nan,nan,nan,nan,nan,nan,False,,,,,,,,,nan,nan,nan,nan,,,,[],False,nan,nan,nan,,,nan,nan,nan,False,nan,,,False,,nan,nan,,,nan,nan,nan,False,nan,,,,False,nan,nan,,nan,nan,,,legacy_multistart,
fig4,dual_pol_peb,2,3251202663,10.0,snr_db,10.0,3,3,3,3,dual_pol,3251202663,fixed_full6d_reference_sigma2,full_6d,0.02287057192270079,c3508c545c5682a1,False,,12.859759705141187,nan,nan,nan,nan,nan,nan,False,,,,False,,,,,,,,,,,,,,,,,,,,,,,,False,,,nan,nan,nan,nan,False,,,nan,nan,,,,,[],nan,,,nan,nan,nan,nan,,nan,nan,nan,0.0003824044396543597,nan,0.0003824044396543597,nan,0.0003824044396543597,0.00011043780362075988,nan,free_jones_peb,free,0.00011043780362075988,nan,0.0003824044396543597,4.0,4.0,0.0,77.70841776980224,73.85928344231226,nan,True,False,disabled,nan,nan,4.7677999230079044e-15,77056591.40702562,nan,True,False,27b563e44bef6f7dd3fc9a70bc5f4d1231809ee95ff3fa9cf53394b15b7ee739,0.02287057192270079,computed_unscaled,cpu,nan,nan,nan,,,,,,,,nan,nan,nan,nan,nan,nan,False,,,,,,,,,nan,nan,nan,nan,,,,[],False,nan,nan,nan,,,nan,nan,nan,False,nan,,,False,,nan,nan,,,nan,nan,nan,False,nan,,,,False,nan,nan,,nan,nan,,,legacy_multistart,
fig4,full_6d_evs_peb,2,3251202663,10.0,snr_db,10.0,3,3,3,3,full_6d,3251202663,fixed_full6d_reference_sigma2,full_6d,0.02287057192270079,c3508c545c5682a1,False,,13.56020062114112,nan,nan,nan,nan,nan,nan,False,,,,False,,,,,,,,,,,,,,,,,,,,,,,,False,,,nan,nan,nan,nan,False,,,nan,nan,,,,,[],nan,,,nan,nan,nan,nan,,nan,nan,nan,0.00011044035239813665,nan,nan,0.00011044035239813665,0.00011044035239813665,0.00011043780362075988,nan,free_jones_peb,free,0.00011043780362075988,nan,0.00011044035239813665,4.0,4.0,0.0,73.86011818264652,73.85928344231226,nan,True,False,disabled,nan,nan,2.8028378451565577e-15,1933.9179267545637,nan,True,False,ba669d51e548d5d57a5c08da45514e8eda76ee1a2847f0b8bc91639b42fa1215,0.02287057192270079,computed_unscaled,cpu,nan,nan,nan,,,,,,,,nan,nan,nan,nan,nan,nan,False,,,,,,,,,nan,nan,nan,nan,,,,[],False,nan,nan,nan,,,nan,nan,nan,False,nan,,,False,,nan,nan,,,nan,nan,nan,False,nan,,,,False,nan,nan,,nan,nan,,,legacy_multistart,
fig4,full_6d_constrained_jones_peb,2,3251202663,10.0,snr_db,10.0,3,3,3,3,full_6d,3251202663,fixed_full6d_reference_sigma2,full_6d,0.02287057192270079,c3508c545c5682a1,False,,0.0014164848253130913,nan,nan,nan,nan,nan,nan,False,,,,False,,,,,,,,,,,,,,,,,,,,,,,,False,,,nan,nan,nan,nan,False,,,nan,nan,,,,,[],nan,,,nan,nan,nan,nan,,nan,nan,nan,0.00011043780362075988,nan,nan,0.00011043780362075988,0.00011044035239813665,0.00011043780362075988,nan,constrained_jones_peb,constrained,0.00011043780362075988,nan,0.00011044035239813665,4.0,4.0,0.0,73.86011818264652,73.85928344231226,nan,True,False,disabled,nan,nan,2.8028378451565577e-15,1933.9179267545637,nan,True,False,ba669d51e548d5d57a5c08da45514e8eda76ee1a2847f0b8bc91639b42fa1215,0.02287057192270079,computed_unscaled,cpu,nan,nan,nan,,,,,,,,nan,nan,nan,nan,nan,nan,False,,,,,,,,,nan,nan,nan,nan,,,,[],False,nan,nan,nan,,,nan,nan,nan,False,nan,,,False,,nan,nan,,,nan,nan,nan,False,nan,,,,False,nan,nan,,nan,nan,,,legacy_multistart,
fig4,scalar_peb,6,1919806993,10.0,snr_db,10.0,3,3,3,3,scalar,1919806993,fixed_full6d_reference_sigma2,full_6d,0.04199671633749915,8786e1d03b36360a,False,,12.840216654120013,nan,nan,nan,nan,nan,nan,False,,,,False,,,,,,,,,,,,,,,,,,,,,,,,False,,,nan,nan,nan,nan,False,,,nan,nan,,,,,[],nan,,,nan,nan,nan,nan,,nan,nan,nan,0.004122738558064549,0.004122738558064549,nan,nan,0.004122738558064549,0.00011159717967688028,nan,free_jones_peb,free,0.00011159717967688028,nan,0.004122738558064549,4.0,4.0,0.0,167.16349688674438,72.19062881330534,nan,True,False,disabled,nan,nan,5.9190544686710185e-15,82313994.99089424,nan,True,False,1c6597d0275e6fcbcf3ceb73c07b34d8e97e2154c585ccc07f91c9aa1acec05d,0.04199671633749915,computed_unscaled,cpu,nan,nan,nan,,,,,,,,nan,nan,nan,nan,nan,nan,False,,,,,,,,,nan,nan,nan,nan,,,,[],False,nan,nan,nan,,,nan,nan,nan,False,nan,,,False,,nan,nan,,,nan,nan,nan,False,nan,,,,False,nan,nan,,nan,nan,,,legacy_multistart,
fig4,dual_pol_peb,6,1919806993,10.0,snr_db,10.0,3,3,3,3,dual_pol,1919806993,fixed_full6d_reference_sigma2,full_6d,0.04199671633749915,8786e1d03b36360a,False,,12.789632993983105,nan,nan,nan,nan,nan,nan,False,,,,False,,,,,,,,,,,,,,,,,,,,,,,,False,,,nan,nan,nan,nan,False,,,nan,nan,,,,,[],nan,,,nan,nan,nan,nan,,nan,nan,nan,0.0004828923120362072,nan,0.0004828923120362072,nan,0.0004828923120362072,0.00011159717967688028,nan,free_jones_peb,free,0.00011159717967688028,nan,0.0004828923120362072,4.0,4.0,0.0,80.67656321321432,72.19062881330534,nan,True,False,disabled,nan,nan,6.896083306017453e-15,77262819.25253092,nan,True,False,8158e3eea8b8cfa80d1181d7302a18407d0f626e3c2dbcbb33bae90791259a7d,0.04199671633749915,computed_unscaled,cpu,nan,nan,nan,,,,,,,,nan,nan,nan,nan,nan,nan,False,,,,,,,,,nan,nan,nan,nan,,,,[],False,nan,nan,nan,,,nan,nan,nan,False,nan,,,False,,nan,nan,,,nan,nan,nan,False,nan,,,,False,nan,nan,,nan,nan,,,legacy_multistart,
fig4,full_6d_evs_peb,6,1919806993,10.0,snr_db,10.0,3,3,3,3,full_6d,1919806993,fixed_full6d_reference_sigma2,full_6d,0.04199671633749915,8786e1d03b36360a,False,,12.847304326016456,nan,nan,nan,nan,nan,nan,False,,,,False,,,,,,,,,,,,,,,,,,,,,,,,False,,,nan,nan,nan,nan,False,,,nan,nan,,,,,[],nan,,,nan,nan,nan,nan,,nan,nan,nan,0.00011159900905868082,nan,nan,0.00011159900905868082,0.00011159900905868082,0.00011159717967688028,nan,free_jones_peb,free,0.00011159717967688028,nan,0.00011159900905868082,4.0,4.0,0.0,72.19686430595631,72.19062881330534,nan,True,False,disabled,nan,nan,8.041938741476551e-15,1652.3628623272464,nan,True,False,231b7c2941d5d9c02809f94febabb8d0e1f1d4a2d4bfefa1b397f685379809da,0.04199671633749915,computed_unscaled,cpu,nan,nan,nan,,,,,,,,nan,nan,nan,nan,nan,nan,False,,,,,,,,,nan,nan,nan,nan,,,,[],False,nan,nan,nan,,,nan,nan,nan,False,nan,,,False,,nan,nan,,,nan,nan,nan,False,nan,,,,False,nan,nan,,nan,nan,,,legacy_multistart,
fig4,full_6d_constrained_jones_peb,6,1919806993,10.0,snr_db,10.0,3,3,3,3,full_6d,1919806993,fixed_full6d_reference_sigma2,full_6d,0.04199671633749915,8786e1d03b36360a,False,,0.0013836610596626997,nan,nan,nan,nan,nan,nan,False,,,,False,,,,,,,,,,,,,,,,,,,,,,,,False,,,nan,nan,nan,nan,False,,,nan,nan,,,,,[],nan,,,nan,nan,nan,nan,,nan,nan,nan,0.00011159717967688028,nan,nan,0.00011159717967688028,0.00011159900905868082,0.00011159717967688028,nan,constrained_jones_peb,constrained,0.00011159717967688028,nan,0.00011159900905868082,4.0,4.0,0.0,72.19686430595631,72.19062881330534,nan,True,False,disabled,nan,nan,8.041938741476551e-15,1652.3628623272464,nan,True,False,231b7c2941d5d9c02809f94febabb8d0e1f1d4a2d4bfefa1b397f685379809da,0.04199671633749915,computed_unscaled,cpu,nan,nan,nan,,,,,,,,nan,nan,nan,nan,nan,nan,False,,,,,,,,,nan,nan,nan,nan,,,,[],False,nan,nan,nan,,,nan,nan,nan,False,nan,,,False,,nan,nan,,,nan,nan,nan,False,nan,,,,False,nan,nan,,nan,nan,,,legacy_multistart,
fig4,scalar_peb,0,3147786918,10.0,snr_db,10.0,3,3,3,3,scalar,3147786918,fixed_full6d_reference_sigma2,full_6d,0.03964529139661309,36ef506ebacc6024,False,,12.892472590086982,nan,nan,nan,nan,nan,nan,False,,,,False,,,,,,,,,,,,,,,,,,,,,,,,False,,,nan,nan,nan,nan,False,,,nan,nan,,,,,[],nan,,,nan,nan,nan,nan,,nan,nan,nan,0.003697897878969713,0.003697897878969713,nan,nan,0.003697897878969713,0.00011293002299880503,nan,free_jones_peb,free,0.00011293002299880503,nan,0.003697897878969713,4.0,4.0,0.0,109.80760458159125,69.84558422826326,nan,True,False,disabled,nan,nan,1.2523582756843667e-14,82115694.73903188,nan,True,False,cd96a98a06084da1d3e00a46ddfc6c9c51a558c9423886cb8941ee6de2c16ba9,0.03964529139661309,computed_unscaled,cpu,nan,nan,nan,,,,,,,,nan,nan,nan,nan,nan,nan,False,,,,,,,,,nan,nan,nan,nan,,,,[],False,nan,nan,nan,,,nan,nan,nan,False,nan,,,False,,nan,nan,,,nan,nan,nan,False,nan,,,,False,nan,nan,,nan,nan,,,legacy_multistart,
fig4,dual_pol_peb,0,3147786918,10.0,snr_db,10.0,3,3,3,3,dual_pol,3147786918,fixed_full6d_reference_sigma2,full_6d,0.03964529139661309,36ef506ebacc6024,False,,15.278828920098022,nan,nan,nan,nan,nan,nan,False,,,,False,,,,,,,,,,,,,,,,,,,,,,,,False,,,nan,nan,nan,nan,False,,,nan,nan,,,,,[],nan,,,nan,nan,nan,nan,,nan,nan,nan,0.0004996091708509072,nan,0.0004996091708509072,nan,0.0004996091708509072,0.00011293002299880503,nan,free_jones_peb,free,0.00011293002299880503,nan,0.0004996091708509072,4.0,4.0,0.0,74.38377110368803,69.84558422826326,nan,True,False,disabled,nan,nan,8.900057877037298e-15,77765753.06696863,nan,True,False,8dc4f470547f71c7bbbfab20d66331fe815668d9c9eb7a3dceadd43db18a7ee2,0.03964529139661309,computed_unscaled,cpu,nan,nan,nan,,,,,,,,nan,nan,nan,nan,nan,nan,False,,,,,,,,,nan,nan,nan,nan,,,,[],False,nan,nan,nan,,,nan,nan,nan,False,nan,,,False,,nan,nan,,,nan,nan,nan,False,nan,,,,False,nan,nan,,nan,nan,,,legacy_multistart,
fig4,full_6d_evs_peb,0,3147786918,10.0,snr_db,10.0,3,3,3,3,full_6d,3147786918,fixed_full6d_reference_sigma2,full_6d,0.03964529139661309,36ef506ebacc6024,False,,17.11288589797914,nan,nan,nan,nan,nan,nan,False,,,,False,,,,,,,,,,,,,,,,,,,,,,,,False,,,nan,nan,nan,nan,False,,,nan,nan,,,,,[],nan,,,nan,nan,nan,nan,,nan,nan,nan,0.0001129316608688006,nan,nan,0.0001129316608688006,0.0001129316608688006,0.00011293002299880503,nan,free_jones_peb,free,0.00011293002299880503,nan,0.0001129316608688006,4.0,4.0,0.0,69.8480176162855,69.84558422826326,nan,True,False,disabled,nan,nan,7.213128062561282e-15,341.0037283717172,nan,True,False,7c738a48c71d396c30709f16037cef480e872ff8eba0c095999cea8980974cb0,0.03964529139661309,computed_unscaled,cpu,nan,nan,nan,,,,,,,,nan,nan,nan,nan,nan,nan,False,,,,,,,,,nan,nan,nan,nan,,,,[],False,nan,nan,nan,,,nan,nan,nan,False,nan,,,False,,nan,nan,,,nan,nan,nan,False,nan,,,,False,nan,nan,,nan,nan,,,legacy_multistart,
fig4,full_6d_constrained_jones_peb,0,3147786918,10.0,snr_db,10.0,3,3,3,3,full_6d,3147786918,fixed_full6d_reference_sigma2,full_6d,0.03964529139661309,36ef506ebacc6024,False,,0.0014458650257438421,nan,nan,nan,nan,nan,nan,False,,,,False,,,,,,,,,,,,,,,,,,,,,,,,False,,,nan,nan,nan,nan,False,,,nan,nan,,,,,[],nan,,,nan,nan,nan,nan,,nan,nan,nan,0.00011293002299880503,nan,nan,0.00011293002299880503,0.0001129316608688006,0.00011293002299880503,nan,constrained_jones_peb,constrained,0.00011293002299880503,nan,0.0001129316608688006,4.0,4.0,0.0,69.8480176162855,69.84558422826326,nan,True,False,disabled,nan,nan,7.213128062561282e-15,341.0037283717172,nan,True,False,7c738a48c71d396c30709f16037cef480e872ff8eba0c095999cea8980974cb0,0.03964529139661309,computed_unscaled,cpu,nan,nan,nan,,,,,,,,nan,nan,nan,nan,nan,nan,False,,,,,,,,,nan,nan,nan,nan,,,,[],False,nan,nan,nan,,,nan,nan,nan,False,nan,,,False,,nan,nan,,,nan,nan,nan,False,nan,,,,False,nan,nan,,nan,nan,,,legacy_multistart,
fig4,scalar_peb,10,781873798,10.0,snr_db,10.0,3,3,3,3,scalar,781873798,fixed_full6d_reference_sigma2,full_6d,0.022052459114280942,e48fe94445fbeac3,False,,11.75328921014443,nan,nan,nan,nan,nan,nan,False,,,,False,,,,,,,,,,,,,,,,,,,,,,,,False,,,nan,nan,nan,nan,False,,,nan,nan,,,,,[],nan,,,nan,nan,nan,nan,,nan,nan,nan,0.00452302264066317,0.00452302264066317,nan,nan,0.00452302264066317,0.00010995080955249189,nan,free_jones_peb,free,0.00010995080955249189,nan,0.00452302264066317,4.0,4.0,0.0,164.01129938224227,81.19351224728517,nan,True,False,disabled,nan,nan,9.876865646022255e-15,81340011.58561002,nan,True,False,2a559681ea222df4a4a12f614b8f338477c00adab0989e61f9882cade7d8171d,0.022052459114280942,computed_unscaled,cpu,nan,nan,nan,,,,,,,,nan,nan,nan,nan,nan,nan,False,,,,,,,,,nan,nan,nan,nan,,,,[],False,nan,nan,nan,,,nan,nan,nan,False,nan,,,False,,nan,nan,,,nan,nan,nan,False,nan,,,,False,nan,nan,,nan,nan,,,legacy_multistart,
fig4,dual_pol_peb,10,781873798,10.0,snr_db,10.0,3,3,3,3,dual_pol,781873798,fixed_full6d_reference_sigma2,full_6d,0.022052459114280942,e48fe94445fbeac3,False,,8.43816634407267,nan,nan,nan,nan,nan,nan,False,,,,False,,,,,,,,,,,,,,,,,,,,,,,,False,,,nan,nan,nan,nan,False,,,nan,nan,,,,,[],nan,,,nan,nan,nan,nan,,nan,nan,nan,0.00035386860268726546,nan,0.00035386860268726546,nan,0.00035386860268726546,0.00010995080955249189,nan,free_jones_peb,free,0.00010995080955249189,nan,0.00035386860268726546,4.0,4.0,0.0,75.91492336267487,81.19351224728517,nan,True,False,disabled,nan,nan,2.622681621827428e-15,72912727.12305675,nan,True,False,1734e444e53a059a54ad01f92a9b0a959d5ef88047dd81020a5adaee33276f81,0.022052459114280942,computed_unscaled,cpu,nan,nan,nan,,,,,,,,nan,nan,nan,nan,nan,nan,False,,,,,,,,,nan,nan,nan,nan,,,,[],False,nan,nan,nan,,,nan,nan,nan,False,nan,,,False,,nan,nan,,,nan,nan,nan,False,nan,,,,False,nan,nan,,nan,nan,,,legacy_multistart,
fig4,full_6d_evs_peb,10,781873798,10.0,snr_db,10.0,3,3,3,3,full_6d,781873798,fixed_full6d_reference_sigma2,full_6d,0.022052459114280942,e48fe94445fbeac3,False,,10.16227533784695,nan,nan,nan,nan,nan,nan,False,,,,False,,,,,,,,,,,,,,,,,,,,,,,,False,,,nan,nan,nan,nan,False,,,nan,nan,,,,,[],nan,,,nan,nan,nan,nan,,nan,nan,nan,0.00010995103100430105,nan,nan,0.00010995103100430105,0.00010995103100430105,0.00010995080955249189,nan,free_jones_peb,free,0.00010995080955249189,nan,0.00010995103100430105,4.0,4.0,0.0,81.19648363993645,81.19351224728517,nan,True,False,disabled,nan,nan,4.474108067842525e-15,154.4405870325829,nan,True,False,f2ef97a231c1a4af27e9b56c32078a57d13f76cf0fcef71f5aea3cacfcafd031,0.022052459114280942,computed_unscaled,cpu,nan,nan,nan,,,,,,,,nan,nan,nan,nan,nan,nan,False,,,,,,,,,nan,nan,nan,nan,,,,[],False,nan,nan,nan,,,nan,nan,nan,False,nan,,,False,,nan,nan,,,nan,nan,nan,False,nan,,,,False,nan,nan,,nan,nan,,,legacy_multistart,
fig4,full_6d_constrained_jones_peb,10,781873798,10.0,snr_db,10.0,3,3,3,3,full_6d,781873798,fixed_full6d_reference_sigma2,full_6d,0.022052459114280942,e48fe94445fbeac3,False,,0.0013465089723467827,nan,nan,nan,nan,nan,nan,False,,,,False,,,,,,,,,,,,,,,,,,,,,,,,False,,,nan,nan,nan,nan,False,,,nan,nan,,,,,[],nan,,,nan,nan,nan,nan,,nan,nan,nan,0.00010995080955249189,nan,nan,0.00010995080955249189,0.00010995103100430105,0.00010995080955249189,nan,constrained_jones_peb,constrained,0.00010995080955249189,nan,0.00010995103100430105,4.0,4.0,0.0,81.19648363993645,81.19351224728517,nan,True,False,disabled,nan,nan,4.474108067842525e-15,154.4405870325829,nan,True,False,f2ef97a231c1a4af27e9b56c32078a57d13f76cf0fcef71f5aea3cacfcafd031,0.022052459114280942,computed_unscaled,cpu,nan,nan,nan,,,,,,,,nan,nan,nan,nan,nan,nan,False,,,,,,,,,nan,nan,nan,nan,,,,[],False,nan,nan,nan,,,nan,nan,nan,False,nan,,,False,,nan,nan,,,nan,nan,nan,False,nan,,,,False,nan,nan,,nan,nan,,,legacy_multistart,
fig4,scalar_peb,7,1914929603,10.0,snr_db,10.0,3,3,3,3,scalar,1914929603,fixed_full6d_reference_sigma2,full_6d,0.07361137239348518,e2dcd90c79f927f3,False,,17.271122128004208,nan,nan,nan,nan,nan,nan,False,,,,False,,,,,,,,,,,,,,,,,,,,,,,,False,,,nan,nan,nan,nan,False,,,nan,nan,,,,,[],nan,,,nan,nan,nan,nan,,nan,nan,nan,0.004546391246903836,0.004546391246903836,nan,nan,0.004546391246903836,0.00010722103745145761,nan,free_jones_peb,free,0.00010722103745145761,nan,0.004546391246903836,4.0,4.0,0.0,107.3146283164278,85.34477319947685,nan,True,False,disabled,nan,nan,6.209706532387706e-15,80735172.01724605,nan,True,False,d8572e95f198cc4193a47572483e1b907f50e11a1c6e751323172f97705e7966,0.07361137239348518,computed_unscaled,cpu,nan,nan,nan,,,,,,,,nan,nan,nan,nan,nan,nan,False,,,,,,,,,nan,nan,nan,nan,,,,[],False,nan,nan,nan,,,nan,nan,nan,False,nan,,,False,,nan,nan,,,nan,nan,nan,False,nan,,,,False,nan,nan,,nan,nan,,,legacy_multistart,
fig4,dual_pol_peb,7,1914929603,10.0,snr_db,10.0,3,3,3,3,dual_pol,1914929603,fixed_full6d_reference_sigma2,full_6d,0.07361137239348518,e2dcd90c79f927f3,False,,12.56362149794586,nan,nan,nan,nan,nan,nan,False,,,,False,,,,,,,,,,,,,,,,,,,,,,,,False,,,nan,nan,nan,nan,False,,,nan,nan,,,,,[],nan,,,nan,nan,nan,nan,,nan,nan,nan,0.0003020715197992878,nan,0.0003020715197992878,nan,0.0003020715197992878,0.00010722103745145761,nan,free_jones_peb,free,0.00010722103745145761,nan,0.0003020715197992878,4.0,4.0,0.0,82.77441195198539,85.34477319947685,nan,True,False,disabled,nan,nan,4.202473916206783e-15,70186370.53901638,nan,True,False,b44b9b557050131cc94ed16e3f420da41ec18220fbf46411d41a1ccb837ac303,0.07361137239348518,computed_unscaled,cpu,nan,nan,nan,,,,,,,,nan,nan,nan,nan,nan,nan,False,,,,,,,,,nan,nan,nan,nan,,,,[],False,nan,nan,nan,,,nan,nan,nan,False,nan,,,False,,nan,nan,,,nan,nan,nan,False,nan,,,,False,nan,nan,,nan,nan,,,legacy_multistart,
fig4,full_6d_evs_peb,7,1914929603,10.0,snr_db,10.0,3,3,3,3,full_6d,1914929603,fixed_full6d_reference_sigma2,full_6d,0.07361137239348518,e2dcd90c79f927f3,False,,10.043018027907237,nan,nan,nan,nan,nan,nan,False,,,,False,,,,,,,,,,,,,,,,,,,,,,,,False,,,nan,nan,nan,nan,False,,,nan,nan,,,,,[],nan,,,nan,nan,nan,nan,,nan,nan,nan,0.00010722217098529104,nan,nan,0.00010722217098529104,0.00010722217098529104,0.00010722103745145761,nan,free_jones_peb,free,0.00010722103745145761,nan,0.00010722217098529104,4.0,4.0,0.0,85.34641686574984,85.34477319947685,nan,True,False,disabled,nan,nan,7.989931684907064e-15,989.2011737886727,nan,True,False,84f1975fc112e22552cd5389ecb9ea5e68088b810ed0a30ff85dfd5971674377,0.07361137239348518,computed_unscaled,cpu,nan,nan,nan,,,,,,,,nan,nan,nan,nan,nan,nan,False,,,,,,,,,nan,nan,nan,nan,,,,[],False,nan,nan,nan,,,nan,nan,nan,False,nan,,,False,,nan,nan,,,nan,nan,nan,False,nan,,,,False,nan,nan,,nan,nan,,,legacy_multistart,
fig4,full_6d_constrained_jones_peb,7,1914929603,10.0,snr_db,10.0,3,3,3,3,full_6d,1914929603,fixed_full6d_reference_sigma2,full_6d,0.07361137239348518,e2dcd90c79f927f3,False,,0.0013550219591706991,nan,nan,nan,nan,nan,nan,False,,,,False,,,,,,,,,,,,,,,,,,,,,,,,False,,,nan,nan,nan,nan,False,,,nan,nan,,,,,[],nan,,,nan,nan,nan,nan,,nan,nan,nan,0.00010722103745145761,nan,nan,0.00010722103745145761,0.00010722217098529104,0.00010722103745145761,nan,constrained_jones_peb,constrained,0.00010722103745145761,nan,0.00010722217098529104,4.0,4.0,0.0,85.34641686574984,85.34477319947685,nan,True,False,disabled,nan,nan,7.989931684907064e-15,989.2011737886727,nan,True,False,84f1975fc112e22552cd5389ecb9ea5e68088b810ed0a30ff85dfd5971674377,0.07361137239348518,computed_unscaled,cpu,nan,nan,nan,,,,,,,,nan,nan,nan,nan,nan,nan,False,,,,,,,,,nan,nan,nan,nan,,,,[],False,nan,nan,nan,,,nan,nan,nan,False,nan,,,False,,nan,nan,,,nan,nan,nan,False,nan,,,,False,nan,nan,,nan,nan,,,legacy_multistart,
fig4,scalar_peb,15,2734808712,10.0,snr_db,10.0,3,3,3,3,scalar,2734808712,fixed_full6d_reference_sigma2,full_6d,0.011534740679242613,1bdcc1230dcbafed,False,,12.788366653956473,nan,nan,nan,nan,nan,nan,False,,,,False,,,,,,,,,,,,,,,,,,,,,,,,False,,,nan,nan,nan,nan,False,,,nan,nan,,,,,[],nan,,,nan,nan,nan,nan,,nan,nan,nan,0.0032086150319130305,0.0032086150319130305,nan,nan,0.0032086150319130305,0.00010946614829717429,nan,free_jones_peb,free,0.00010946614829717429,nan,0.0032086150319130305,4.0,4.0,0.0,100.8959102907871,70.0082267790268,nan,True,False,disabled,nan,nan,9.46159651477554e-15,86664108.47752939,nan,True,False,d79defabb728f9ef2a9cb498979e3e0a06d619a6bb25b684616b7fd7193da39d,0.011534740679242613,computed_unscaled,cpu,nan,nan,nan,,,,,,,,nan,nan,nan,nan,nan,nan,False,,,,,,,,,nan,nan,nan,nan,,,,[],False,nan,nan,nan,,,nan,nan,nan,False,nan,,,False,,nan,nan,,,nan,nan,nan,False,nan,,,,False,nan,nan,,nan,nan,,,legacy_multistart,
fig4,dual_pol_peb,15,2734808712,10.0,snr_db,10.0,3,3,3,3,dual_pol,2734808712,fixed_full6d_reference_sigma2,full_6d,0.011534740679242613,1bdcc1230dcbafed,False,,11.218205522978678,nan,nan,nan,nan,nan,nan,False,,,,False,,,,,,,,,,,,,,,,,,,,,,,,False,,,nan,nan,nan,nan,False,,,nan,nan,,,,,[],nan,,,nan,nan,nan,nan,,nan,nan,nan,0.0003084068598701962,nan,0.0003084068598701962,nan,0.0003084068598701962,0.00010946614829717429,nan,free_jones_peb,free,0.00010946614829717429,nan,0.0003084068598701962,4.0,4.0,0.0,70.20744561300256,70.0082267790268,nan,True,False,disabled,nan,nan,5.336398521342983e-15,75820138.63742927,nan,True,False,2dd75ddc8fcab391f115d7c89ff58c856a8850fc1d32139859277407aa090c9f,0.011534740679242613,computed_unscaled,cpu,nan,nan,nan,,,,,,,,nan,nan,nan,nan,nan,nan,False,,,,,,,,,nan,nan,nan,nan,,,,[],False,nan,nan,nan,,,nan,nan,nan,False,nan,,,False,,nan,nan,,,nan,nan,nan,False,nan,,,,False,nan,nan,,nan,nan,,,legacy_multistart,
fig4,full_6d_evs_peb,15,2734808712,10.0,snr_db,10.0,3,3,3,3,full_6d,2734808712,fixed_full6d_reference_sigma2,full_6d,0.011534740679242613,1bdcc1230dcbafed,False,,10.170023875078186,nan,nan,nan,nan,nan,nan,False,,,,False,,,,,,,,,,,,,,,,,,,,,,,,False,,,nan,nan,nan,nan,False,,,nan,nan,,,,,[],nan,,,nan,nan,nan,nan,,nan,nan,nan,0.00010946639617456623,nan,nan,0.00010946639617456623,0.00010946639617456623,0.00010946614829717429,nan,free_jones_peb,free,0.00010946614829717429,nan,0.00010946639617456623,4.0,4.0,0.0,70.00906531898143,70.0082267790268,nan,True,False,disabled,nan,nan,7.46822317034203e-15,100.89214770534025,nan,True,False,3745774ba39f0b3a489ec82705d3e30e7ac3ac0889ba9ff94e26de5537c07034,0.011534740679242613,computed_unscaled,cpu,nan,nan,nan,,,,,,,,nan,nan,nan,nan,nan,nan,False,,,,,,,,,nan,nan,nan,nan,,,,[],False,nan,nan,nan,,,nan,nan,nan,False,nan,,,False,,nan,nan,,,nan,nan,nan,False,nan,,,,False,nan,nan,,nan,nan,,,legacy_multistart,
fig4,full_6d_constrained_jones_peb,15,2734808712,10.0,snr_db,10.0,3,3,3,3,full_6d,2734808712,fixed_full6d_reference_sigma2,full_6d,0.011534740679242613,1bdcc1230dcbafed,False,,0.0013412539847195148,nan,nan,nan,nan,nan,nan,False,,,,False,,,,,,,,,,,,,,,,,,,,,,,,False,,,nan,nan,nan,nan,False,,,nan,nan,,,,,[],nan,,,nan,nan,nan,nan,,nan,nan,nan,0.00010946614829717429,nan,nan,0.00010946614829717429,0.00010946639617456623,0.00010946614829717429,nan,constrained_jones_peb,constrained,0.00010946614829717429,nan,0.00010946639617456623,4.0,4.0,0.0,70.00906531898143,70.0082267790268,nan,True,False,disabled,nan,nan,7.46822317034203e-15,100.89214770534025,nan,True,False,3745774ba39f0b3a489ec82705d3e30e7ac3ac0889ba9ff94e26de5537c07034,0.011534740679242613,computed_unscaled,cpu,nan,nan,nan,,,,,,,,nan,nan,nan,nan,nan,nan,False,,,,,,,,,nan,nan,nan,nan,,,,[],False,nan,nan,nan,,,nan,nan,nan,False,nan,,,False,,nan,nan,,,nan,nan,nan,False,nan,,,,False,nan,nan,,nan,nan,,,legacy_multistart,
fig4,scalar_peb,12,2210497206,10.0,snr_db,10.0,3,3,3,3,scalar,2210497206,fixed_full6d_reference_sigma2,full_6d,0.04555803810309657,cf6044073ce491fa,False,,13.357148922979832,nan,nan,nan,nan,nan,nan,False,,,,False,,,,,,,,,,,,,,,,,,,,,,,,False,,,nan,nan,nan,nan,False,,,nan,nan,,,,,[],nan,,,nan,nan,nan,nan,,nan,nan,nan,0.004474889206533067,0.004474889206533067,nan,nan,0.004474889206533067,0.00010167712545494867,nan,free_jones_peb,free,0.00010167712545494867,nan,0.004474889206533067,4.0,4.0,0.0,146.33003125613985,71.5133224639877,nan,True,False,disabled,nan,nan,6.1252671491533455e-15,90734450.79197733,nan,True,False,c92ff50e2f55191d90392c8949c662aed7151c4a195f313d191a86ee28295b61,0.04555803810309657,computed_unscaled,cpu,nan,nan,nan,,,,,,,,nan,nan,nan,nan,nan,nan,False,,,,,,,,,nan,nan,nan,nan,,,,[],False,nan,nan,nan,,,nan,nan,nan,False,nan,,,False,,nan,nan,,,nan,nan,nan,False,nan,,,,False,nan,nan,,nan,nan,,,legacy_multistart,
fig4,dual_pol_peb,12,2210497206,10.0,snr_db,10.0,3,3,3,3,dual_pol,2210497206,fixed_full6d_reference_sigma2,full_6d,0.04555803810309657,cf6044073ce491fa,False,,12.794842723058537,nan,nan,nan,nan,nan,nan,False,,,,False,,,,,,,,,,,,,,,,,,,,,,,,False,,,nan,nan,nan,nan,False,,,nan,nan,,,,,[],nan,,,nan,nan,nan,nan,,nan,nan,nan,0.0002615278757522624,nan,0.0002615278757522624,nan,0.0002615278757522624,0.00010167712545494867,nan,free_jones_peb,free,0.00010167712545494867,nan,0.0002615278757522624,4.0,4.0,0.0,83.94250933082292,71.5133224639877,nan,True,False,disabled,nan,nan,1.378085764481041e-15,77891238.65414384,nan,True,False,7f63ff0447f532b740dc21a351bda795863922adafe5ba801c4afa28cadb6568,0.04555803810309657,computed_unscaled,cpu,nan,nan,nan,,,,,,,,nan,nan,nan,nan,nan,nan,False,,,,,,,,,nan,nan,nan,nan,,,,[],False,nan,nan,nan,,,nan,nan,nan,False,nan,,,False,,nan,nan,,,nan,nan,nan,False,nan,,,,False,nan,nan,,nan,nan,,,legacy_multistart,
fig4,full_6d_evs_peb,12,2210497206,10.0,snr_db,10.0,3,3,3,3,full_6d,2210497206,fixed_full6d_reference_sigma2,full_6d,0.04555803810309657,cf6044073ce491fa,False,,13.077019402990118,nan,nan,nan,nan,nan,nan,False,,,,False,,,,,,,,,,,,,,,,,,,,,,,,False,,,nan,nan,nan,nan,False,,,nan,nan,,,,,[],nan,,,nan,nan,nan,nan,,nan,nan,nan,0.00010167793032284744,nan,nan,0.00010167793032284744,0.00010167793032284744,0.00010167712545494867,nan,free_jones_peb,free,0.00010167712545494867,nan,0.00010167793032284744,4.0,4.0,0.0,71.51285963129955,71.5133224639877,nan,True,False,disabled,nan,nan,2.959053315765892e-15,15.952558960390629,nan,True,False,0a1c4f0b423cde7d810066f20685360779b434f786c785131581505ed3dd312e,0.04555803810309657,computed_unscaled,cpu,nan,nan,nan,,,,,,,,nan,nan,nan,nan,nan,nan,False,,,,,,,,,nan,nan,nan,nan,,,,[],False,nan,nan,nan,,,nan,nan,nan,False,nan,,,False,,nan,nan,,,nan,nan,nan,False,nan,,,,False,nan,nan,,nan,nan,,,legacy_multistart,
fig4,full_6d_constrained_jones_peb,12,2210497206,10.0,snr_db,10.0,3,3,3,3,full_6d,2210497206,fixed_full6d_reference_sigma2,full_6d,0.04555803810309657,cf6044073ce491fa,False,,0.0013553239405155182,nan,nan,nan,nan,nan,nan,False,,,,False,,,,,,,,,,,,,,,,,,,,,,,,False,,,nan,nan,nan,nan,False,,,nan,nan,,,,,[],nan,,,nan,nan,nan,nan,,nan,nan,nan,0.00010167712545494867,nan,nan,0.00010167712545494867,0.00010167793032284744,0.00010167712545494867,nan,constrained_jones_peb,constrained,0.00010167712545494867,nan,0.00010167793032284744,4.0,4.0,0.0,71.51285963129955,71.5133224639877,nan,True,False,disabled,nan,nan,2.959053315765892e-15,15.952558960390629,nan,True,False,0a1c4f0b423cde7d810066f20685360779b434f786c785131581505ed3dd312e,0.04555803810309657,computed_unscaled,cpu,nan,nan,nan,,,,,,,,nan,nan,nan,nan,nan,nan,False,,,,,,,,,nan,nan,nan,nan,,,,[],False,nan,nan,nan,,,nan,nan,nan,False,nan,,,False,,nan,nan,,,nan,nan,nan,False,nan,,,,False,nan,nan,,nan,nan,,,legacy_multistart,
fig4,scalar_peb,9,3933360494,10.0,snr_db,10.0,3,3,3,3,scalar,3933360494,fixed_full6d_reference_sigma2,full_6d,0.01191222589099843,be3b31bc86c8087b,False,,13.023342475062236,nan,nan,nan,nan,nan,nan,False,,,,False,,,,,,,,,,,,,,,,,,,,,,,,False,,,nan,nan,nan,nan,False,,,nan,nan,,,,,[],nan,,,nan,nan,nan,nan,,nan,nan,nan,0.00332252653123687,0.00332252653123687,nan,nan,0.00332252653123687,0.00012030959972984717,nan,free_jones_peb,free,0.00012030959972984717,nan,0.00332252653123687,4.0,4.0,0.0,152.05104145378027,76.97132639814669,nan,True,False,disabled,nan,nan,3.754202349921989e-15,72190592.72328468,nan,True,False,23d2fccd900640c7194c1fd2afbf8927da0030c3a396b91ee61afefd33e5ffef,0.01191222589099843,computed_unscaled,cpu,nan,nan,nan,,,,,,,,nan,nan,nan,nan,nan,nan,False,,,,,,,,,nan,nan,nan,nan,,,,[],False,nan,nan,nan,,,nan,nan,nan,False,nan,,,False,,nan,nan,,,nan,nan,nan,False,nan,,,,False,nan,nan,,nan,nan,,,legacy_multistart,
fig4,dual_pol_peb,9,3933360494,10.0,snr_db,10.0,3,3,3,3,dual_pol,3933360494,fixed_full6d_reference_sigma2,full_6d,0.01191222589099843,be3b31bc86c8087b,False,,14.109930839855224,nan,nan,nan,nan,nan,nan,False,,,,False,,,,,,,,,,,,,,,,,,,,,,,,False,,,nan,nan,nan,nan,False,,,nan,nan,,,,,[],nan,,,nan,nan,nan,nan,,nan,nan,nan,0.0004013413445094611,nan,0.0004013413445094611,nan,0.0004013413445094611,0.00012030959972984717,nan,free_jones_peb,free,0.00012030959972984717,nan,0.0004013413445094611,4.0,4.0,0.0,83.63359391479065,76.97132639814669,nan,True,False,disabled,nan,nan,4.505089762943056e-15,65752741.38581204,nan,True,False,5c50e3e114f50289aba4cec36bdb0f867d74e95d498425153d9308ae1a2cd3da,0.01191222589099843,computed_unscaled,cpu,nan,nan,nan,,,,,,,,nan,nan,nan,nan,nan,nan,False,,,,,,,,,nan,nan,nan,nan,,,,[],False,nan,nan,nan,,,nan,nan,nan,False,nan,,,False,,nan,nan,,,nan,nan,nan,False,nan,,,,False,nan,nan,,nan,nan,,,legacy_multistart,
fig4,full_6d_evs_peb,9,3933360494,10.0,snr_db,10.0,3,3,3,3,full_6d,3933360494,fixed_full6d_reference_sigma2,full_6d,0.01191222589099843,be3b31bc86c8087b,False,,17.542149072978646,nan,nan,nan,nan,nan,nan,False,,,,False,,,,,,,,,,,,,,,,,,,,,,,,False,,,nan,nan,nan,nan,False,,,nan,nan,,,,,[],nan,,,nan,nan,nan,nan,,nan,nan,nan,0.00012031253848123944,nan,nan,0.00012031253848123944,0.00012031253848123944,0.00012030959972984717,nan,free_jones_peb,free,0.00012030959972984717,nan,0.00012031253848123944,4.0,4.0,0.0,76.97442076595499,76.97132639814669,nan,True,False,disabled,nan,nan,5.589893101538951e-15,1363.9386847135083,nan,True,False,2f009590b628473d7acf259cec76359e96ba2256fe333ef7c1514fe7022a67d5,0.01191222589099843,computed_unscaled,cpu,nan,nan,nan,,,,,,,,nan,nan,nan,nan,nan,nan,False,,,,,,,,,nan,nan,nan,nan,,,,[],False,nan,nan,nan,,,nan,nan,nan,False,nan,,,False,,nan,nan,,,nan,nan,nan,False,nan,,,,False,nan,nan,,nan,nan,,,legacy_multistart,
fig4,full_6d_constrained_jones_peb,9,3933360494,10.0,snr_db,10.0,3,3,3,3,full_6d,3933360494,fixed_full6d_reference_sigma2,full_6d,0.01191222589099843,be3b31bc86c8087b,False,,0.001424113055691123,nan,nan,nan,nan,nan,nan,False,,,,False,,,,,,,,,,,,,,,,,,,,,,,,False,,,nan,nan,nan,nan,False,,,nan,nan,,,,,[],nan,,,nan,nan,nan,nan,,nan,nan,nan,0.00012030959972984717,nan,nan,0.00012030959972984717,0.00012031253848123944,0.00012030959972984717,nan,constrained_jones_peb,constrained,0.00012030959972984717,nan,0.00012031253848123944,4.0,4.0,0.0,76.97442076595499,76.97132639814669,nan,True,False,disabled,nan,nan,5.589893101538951e-15,1363.9386847135083,nan,True,False,2f009590b628473d7acf259cec76359e96ba2256fe333ef7c1514fe7022a67d5,0.01191222589099843,computed_unscaled,cpu,nan,nan,nan,,,,,,,,nan,nan,nan,nan,nan,nan,False,,,,,,,,,nan,nan,nan,nan,,,,[],False,nan,nan,nan,,,nan,nan,nan,False,nan,,,False,,nan,nan,,,nan,nan,nan,False,nan,,,,False,nan,nan,,nan,nan,,,legacy_multistart,
fig4,scalar_peb,14,1092560480,10.0,snr_db,10.0,3,3,3,3,scalar,1092560480,fixed_full6d_reference_sigma2,full_6d,0.021631840949807746,71c10d075abe913f,False,,13.295852288138121,nan,nan,nan,nan,nan,nan,False,,,,False,,,,,,,,,,,,,,,,,,,,,,,,False,,,nan,nan,nan,nan,False,,,nan,nan,,,,,[],nan,,,nan,nan,nan,nan,,nan,nan,nan,0.0031169140813098717,0.0031169140813098717,nan,nan,0.0031169140813098717,0.00011431510094766549,nan,free_jones_peb,free,0.00011431510094766549,nan,0.0031169140813098717,4.0,4.0,0.0,113.60074949938739,68.82598452963303,nan,True,False,disabled,nan,nan,3.7927409123215735e-15,79234995.1488081,nan,True,False,daeed13a2f50233764622d6693621439c707a88ffe45923e1470c1628b195fa4,0.021631840949807746,computed_unscaled,cpu,nan,nan,nan,,,,,,,,nan,nan,nan,nan,nan,nan,False,,,,,,,,,nan,nan,nan,nan,,,,[],False,nan,nan,nan,,,nan,nan,nan,False,nan,,,False,,nan,nan,,,nan,nan,nan,False,nan,,,,False,nan,nan,,nan,nan,,,legacy_multistart,
fig4,dual_pol_peb,14,1092560480,10.0,snr_db,10.0,3,3,3,3,dual_pol,1092560480,fixed_full6d_reference_sigma2,full_6d,0.021631840949807746,71c10d075abe913f,False,,13.101702457061037,nan,nan,nan,nan,nan,nan,False,,,,False,,,,,,,,,,,,,,,,,,,,,,,,False,,,nan,nan,nan,nan,False,,,nan,nan,,,,,[],nan,,,nan,nan,nan,nan,,nan,nan,nan,0.0004131580357037656,nan,0.0004131580357037656,nan,0.0004131580357037656,0.00011431510094766549,nan,free_jones_peb,free,0.00011431510094766549,nan,0.0004131580357037656,4.0,4.0,0.0,76.13175461760112,68.82598452963303,nan,True,False,disabled,nan,nan,5.713764778651401e-15,72800214.2395626,nan,True,False,f4cb566e66af0ab72dc54437cb77e52afa3ac990d61ae7e996305eb30e95ddb9,0.021631840949807746,computed_unscaled,cpu,nan,nan,nan,,,,,,,,nan,nan,nan,nan,nan,nan,False,,,,,,,,,nan,nan,nan,nan,,,,[],False,nan,nan,nan,,,nan,nan,nan,False,nan,,,False,,nan,nan,,,nan,nan,nan,False,nan,,,,False,nan,nan,,nan,nan,,,legacy_multistart,
fig4,full_6d_evs_peb,14,1092560480,10.0,snr_db,10.0,3,3,3,3,full_6d,1092560480,fixed_full6d_reference_sigma2,full_6d,0.021631840949807746,71c10d075abe913f,False,,12.91192378778942,nan,nan,nan,nan,nan,nan,False,,,,False,,,,,,,,,,,,,,,,,,,,,,,,False,,,nan,nan,nan,nan,False,,,nan,nan,,,,,[],nan,,,nan,nan,nan,nan,,nan,nan,nan,0.00011431537096209003,nan,nan,0.00011431537096209003,0.00011431537096209003,0.00011431510094766549,nan,free_jones_peb,free,0.00011431510094766549,nan,0.00011431537096209003,4.0,4.0,0.0,68.82541009221042,68.82598452963303,nan,True,False,disabled,nan,nan,3.609513974301806e-15,37.9473918575586,nan,True,False,f1022bc01518ff6f31f9f6e642efb32029d98d2c096644b99cc3e0e6c8ec44d7,0.021631840949807746,computed_unscaled,cpu,nan,nan,nan,,,,,,,,nan,nan,nan,nan,nan,nan,False,,,,,,,,,nan,nan,nan,nan,,,,[],False,nan,nan,nan,,,nan,nan,nan,False,nan,,,False,,nan,nan,,,nan,nan,nan,False,nan,,,,False,nan,nan,,nan,nan,,,legacy_multistart,
fig4,full_6d_constrained_jones_peb,14,1092560480,10.0,snr_db,10.0,3,3,3,3,full_6d,1092560480,fixed_full6d_reference_sigma2,full_6d,0.021631840949807746,71c10d075abe913f,False,,0.0014241831377148628,nan,nan,nan,nan,nan,nan,False,,,,False,,,,,,,,,,,,,,,,,,,,,,,,False,,,nan,nan,nan,nan,False,,,nan,nan,,,,,[],nan,,,nan,nan,nan,nan,,nan,nan,nan,0.00011431510094766549,nan,nan,0.00011431510094766549,0.00011431537096209003,0.00011431510094766549,nan,constrained_jones_peb,constrained,0.00011431510094766549,nan,0.00011431537096209003,4.0,4.0,0.0,68.82541009221042,68.82598452963303,nan,True,False,disabled,nan,nan,3.609513974301806e-15,37.9473918575586,nan,True,False,f1022bc01518ff6f31f9f6e642efb32029d98d2c096644b99cc3e0e6c8ec44d7,0.021631840949807746,computed_unscaled,cpu,nan,nan,nan,,,,,,,,nan,nan,nan,nan,nan,nan,False,,,,,,,,,nan,nan,nan,nan,,,,[],False,nan,nan,nan,,,nan,nan,nan,False,nan,,,False,,nan,nan,,,nan,nan,nan,False,nan,,,,False,nan,nan,,nan,nan,,,legacy_multistart,
fig4,scalar_peb,16,1080178429,10.0,snr_db,10.0,3,3,3,3,scalar,1080178429,fixed_full6d_reference_sigma2,full_6d,0.04802466357959781,e6cccc240ccb6493,False,,13.012426949106157,nan,nan,nan,nan,nan,nan,False,,,,False,,,,,,,,,,,,,,,,,,,,,,,,False,,,nan,nan,nan,nan,False,,,nan,nan,,,,,[],nan,,,nan,nan,nan,nan,,nan,nan,nan,0.004423964094744116,0.004423964094744116,nan,nan,0.004423964094744116,0.00010492106626753656,nan,free_jones_peb,free,0.00010492106626753656,nan,0.004423964094744116,4.0,4.0,0.0,351.77448762400417,87.52885512344135,nan,True,False,disabled,nan,nan,5.805465016351655e-15,85757475.20411216,nan,True,False,fe074e5d012d6531afd3135b069a94fbb4ac905dd184ede53d462f2ff19aea7a,0.04802466357959781,computed_unscaled,cpu,nan,nan,nan,,,,,,,,nan,nan,nan,nan,nan,nan,False,,,,,,,,,nan,nan,nan,nan,,,,[],False,nan,nan,nan,,,nan,nan,nan,False,nan,,,False,,nan,nan,,,nan,nan,nan,False,nan,,,,False,nan,nan,,nan,nan,,,legacy_multistart,
fig4,dual_pol_peb,16,1080178429,10.0,snr_db,10.0,3,3,3,3,dual_pol,1080178429,fixed_full6d_reference_sigma2,full_6d,0.04802466357959781,e6cccc240ccb6493,False,,12.528850027127191,nan,nan,nan,nan,nan,nan,False,,,,False,,,,,,,,,,,,,,,,,,,,,,,,False,,,nan,nan,nan,nan,False,,,nan,nan,,,,,[],nan,,,nan,nan,nan,nan,,nan,nan,nan,0.00034667990358763995,nan,0.00034667990358763995,nan,0.00034667990358763995,0.00010492106626753656,nan,free_jones_peb,free,0.00010492106626753656,nan,0.00034667990358763995,4.0,4.0,0.0,87.37275580693712,87.52885512344135,nan,True,False,disabled,nan,nan,3.296191148977324e-15,76885892.59694064,nan,True,False,7873f3ee4d8c236ea9f55dde7f8a207e41c4badaaaa60a5426862eff8db93236,0.04802466357959781,computed_unscaled,cpu,nan,nan,nan,,,,,,,,nan,nan,nan,nan,nan,nan,False,,,,,,,,,nan,nan,nan,nan,,,,[],False,nan,nan,nan,,,nan,nan,nan,False,nan,,,False,,nan,nan,,,nan,nan,nan,False,nan,,,,False,nan,nan,,nan,nan,,,legacy_multistart,
fig4,full_6d_evs_peb,16,1080178429,10.0,snr_db,10.0,3,3,3,3,full_6d,1080178429,fixed_full6d_reference_sigma2,full_6d,0.04802466357959781,e6cccc240ccb6493,False,,13.025670852977782,nan,nan,nan,nan,nan,nan,False,,,,False,,,,,,,,,,,,,,,,,,,,,,,,False,,,nan,nan,nan,nan,False,,,nan,nan,,,,,[],nan,,,nan,nan,nan,nan,,nan,nan,nan,0.0001049215008865352,nan,nan,0.0001049215008865352,0.0001049215008865352,0.00010492106626753656,nan,free_jones_peb,free,0.00010492106626753656,nan,0.0001049215008865352,4.0,4.0,0.0,87.5327953401904,87.52885512344135,nan,True,False,disabled,nan,nan,5.354403262735132e-15,50.11114268624136,nan,True,False,2793ff1fce7242989610050dae2e9fefacb8b15f6d60bfd2b55605797f0e0ce8,0.04802466357959781,computed_unscaled,cpu,nan,nan,nan,,,,,,,,nan,nan,nan,nan,nan,nan,False,,,,,,,,,nan,nan,nan,nan,,,,[],False,nan,nan,nan,,,nan,nan,nan,False,nan,,,False,,nan,nan,,,nan,nan,nan,False,nan,,,,False,nan,nan,,nan,nan,,,legacy_multistart,
fig4,full_6d_constrained_jones_peb,16,1080178429,10.0,snr_db,10.0,3,3,3,3,full_6d,1080178429,fixed_full6d_reference_sigma2,full_6d,0.04802466357959781,e6cccc240ccb6493,False,,0.0014314530417323112,nan,nan,nan,nan,nan,nan,False,,,,False,,,,,,,,,,,,,,,,,,,,,,,,False,,,nan,nan,nan,nan,False,,,nan,nan,,,,,[],nan,,,nan,nan,nan,nan,,nan,nan,nan,0.00010492106626753656,nan,nan,0.00010492106626753656,0.0001049215008865352,0.00010492106626753656,nan,constrained_jones_peb,constrained,0.00010492106626753656,nan,0.0001049215008865352,4.0,4.0,0.0,87.5327953401904,87.52885512344135,nan,True,False,disabled,nan,nan,5.354403262735132e-15,50.11114268624136,nan,True,False,2793ff1fce7242989610050dae2e9fefacb8b15f6d60bfd2b55605797f0e0ce8,0.04802466357959781,computed_unscaled,cpu,nan,nan,nan,,,,,,,,nan,nan,nan,nan,nan,nan,False,,,,,,,,,nan,nan,nan,nan,,,,[],False,nan,nan,nan,,,nan,nan,nan,False,nan,,,False,,nan,nan,,,nan,nan,nan,False,nan,,,,False,nan,nan,,nan,nan,,,legacy_multistart,
fig4,scalar_peb,17,2127997378,10.0,snr_db,10.0,3,3,3,3,scalar,2127997378,fixed_full6d_reference_sigma2,full_6d,0.04000509529956755,11c6b4380c7697a1,False,,13.055840061977506,nan,nan,nan,nan,nan,nan,False,,,,False,,,,,,,,,,,,,,,,,,,,,,,,False,,,nan,nan,nan,nan,False,,,nan,nan,,,,,[],nan,,,nan,nan,nan,nan,,nan,nan,nan,0.002955090322308286,0.002955090322308286,nan,nan,0.002955090322308286,0.00012652068264116858,nan,free_jones_peb,free,0.00012652068264116858,nan,0.002955090322308286,4.0,4.0,0.0,124.74317257851241,83.33281630673478,nan,True,False,disabled,nan,nan,2.956291075610865e-15,64785542.018736385,nan,True,False,f80d1b30fabc96d829306cacd311a8dda31039fba04246ba0bb9e2c407097451,0.04000509529956755,computed_unscaled,cpu,nan,nan,nan,,,,,,,,nan,nan,nan,nan,nan,nan,False,,,,,,,,,nan,nan,nan,nan,,,,[],False,nan,nan,nan,,,nan,nan,nan,False,nan,,,False,,nan,nan,,,nan,nan,nan,False,nan,,,,False,nan,nan,,nan,nan,,,legacy_multistart,
fig4,dual_pol_peb,17,2127997378,10.0,snr_db,10.0,3,3,3,3,dual_pol,2127997378,fixed_full6d_reference_sigma2,full_6d,0.04000509529956755,11c6b4380c7697a1,False,,12.606328360037878,nan,nan,nan,nan,nan,nan,False,,,,False,,,,,,,,,,,,,,,,,,,,,,,,False,,,nan,nan,nan,nan,False,,,nan,nan,,,,,[],nan,,,nan,nan,nan,nan,,nan,nan,nan,0.0003881297746636839,nan,0.0003881297746636839,nan,0.0003881297746636839,0.00012652068264116858,nan,free_jones_peb,free,0.00012652068264116858,nan,0.0003881297746636839,4.0,4.0,0.0,80.3865082342541,83.33281630673478,nan,True,False,disabled,nan,nan,2.835761025430555e-15,58035412.98845284,nan,True,False,4b69279863936381b75eaf881fbc0666eb2ba07fa89219699aac78b513fcc887,0.04000509529956755,computed_unscaled,cpu,nan,nan,nan,,,,,,,,nan,nan,nan,nan,nan,nan,False,,,,,,,,,nan,nan,nan,nan,,,,[],False,nan,nan,nan,,,nan,nan,nan,False,nan,,,False,,nan,nan,,,nan,nan,nan,False,nan,,,,False,nan,nan,,nan,nan,,,legacy_multistart,
fig4,full_6d_evs_peb,17,2127997378,10.0,snr_db,10.0,3,3,3,3,full_6d,2127997378,fixed_full6d_reference_sigma2,full_6d,0.04000509529956755,11c6b4380c7697a1,False,,13.06392485811375,nan,nan,nan,nan,nan,nan,False,,,,False,,,,,,,,,,,,,,,,,,,,,,,,False,,,nan,nan,nan,nan,False,,,nan,nan,,,,,[],nan,,,nan,nan,nan,nan,,nan,nan,nan,0.000126521488460785,nan,nan,0.000126521488460785,0.000126521488460785,0.00012652068264116858,nan,free_jones_peb,free,0.00012652068264116858,nan,0.000126521488460785,4.0,4.0,0.0,83.3370822415974,83.33281630673478,nan,True,False,disabled,nan,nan,3.505951450191025e-15,123.6579995019588,nan,True,False,1e7e5fb979d639b775e57b8f9a2b5887da0781d1b293b718b0219c60afc7e70e,0.04000509529956755,computed_unscaled,cpu,nan,nan,nan,,,,,,,,nan,nan,nan,nan,nan,nan,False,,,,,,,,,nan,nan,nan,nan,,,,[],False,nan,nan,nan,,,nan,nan,nan,False,nan,,,False,,nan,nan,,,nan,nan,nan,False,nan,,,,False,nan,nan,,nan,nan,,,legacy_multistart,
fig4,full_6d_constrained_jones_peb,17,2127997378,10.0,snr_db,10.0,3,3,3,3,full_6d,2127997378,fixed_full6d_reference_sigma2,full_6d,0.04000509529956755,11c6b4380c7697a1,False,,0.0014017110224813223,nan,nan,nan,nan,nan,nan,False,,,,False,,,,,,,,,,,,,,,,,,,,,,,,False,,,nan,nan,nan,nan,False,,,nan,nan,,,,,[],nan,,,nan,nan,nan,nan,,nan,nan,nan,0.00012652068264116858,nan,nan,0.00012652068264116858,0.000126521488460785,0.00012652068264116858,nan,constrained_jones_peb,constrained,0.00012652068264116858,nan,0.000126521488460785,4.0,4.0,0.0,83.3370822415974,83.33281630673478,nan,True,False,disabled,nan,nan,3.505951450191025e-15,123.6579995019588,nan,True,False,1e7e5fb979d639b775e57b8f9a2b5887da0781d1b293b718b0219c60afc7e70e,0.04000509529956755,computed_unscaled,cpu,nan,nan,nan,,,,,,,,nan,nan,nan,nan,nan,nan,False,,,,,,,,,nan,nan,nan,nan,,,,[],False,nan,nan,nan,,,nan,nan,nan,False,nan,,,False,,nan,nan,,,nan,nan,nan,False,nan,,,,False,nan,nan,,nan,nan,,,legacy_multistart,
fig4,scalar_peb,8,641399591,10.0,snr_db,10.0,3,3,3,3,scalar,641399591,fixed_full6d_reference_sigma2,full_6d,0.02254925735329804,adf5cfbcacf2a1fa,False,,17.063565423013642,nan,nan,nan,nan,nan,nan,False,,,,False,,,,,,,,,,,,,,,,,,,,,,,,False,,,nan,nan,nan,nan,False,,,nan,nan,,,,,[],nan,,,nan,nan,nan,nan,,nan,nan,nan,0.0032744153592427702,0.0032744153592427702,nan,nan,0.0032744153592427702,0.00010985846303863225,nan,free_jones_peb,free,0.00010985846303863225,nan,0.0032744153592427702,4.0,4.0,0.0,114.5214650967016,78.37377137224924,nan,True,False,disabled,nan,nan,5.778496051948352e-15,85292521.48705202,nan,True,False,a732f6c1b505dd31abfe1f8ad599e32fbecdf22d475326329e10dadf9f1da568,0.02254925735329804,computed_unscaled,cpu,nan,nan,nan,,,,,,,,nan,nan,nan,nan,nan,nan,False,,,,,,,,,nan,nan,nan,nan,,,,[],False,nan,nan,nan,,,nan,nan,nan,False,nan,,,False,,nan,nan,,,nan,nan,nan,False,nan,,,,False,nan,nan,,nan,nan,,,legacy_multistart,
fig4,dual_pol_peb,8,641399591,10.0,snr_db,10.0,3,3,3,3,dual_pol,641399591,fixed_full6d_reference_sigma2,full_6d,0.02254925735329804,adf5cfbcacf2a1fa,False,,16.839636745862663,nan,nan,nan,nan,nan,nan,False,,,,False,,,,,,,,,,,,,,,,,,,,,,,,False,,,nan,nan,nan,nan,False,,,nan,nan,,,,,[],nan,,,nan,nan,nan,nan,,nan,nan,nan,0.0003320438336584286,nan,0.0003320438336584286,nan,0.0003320438336584286,0.00010985846303863225,nan,free_jones_peb,free,0.00010985846303863225,nan,0.0003320438336584286,4.0,4.0,0.0,85.41819406523513,78.37377137224924,nan,True,False,disabled,nan,nan,5.673726409149375e-15,75170379.28673059,nan,True,False,9fa4b482586f33d958d2f91e29f91c27faeb030ad582eb158d921de6dbd0acce,0.02254925735329804,computed_unscaled,cpu,nan,nan,nan,,,,,,,,nan,nan,nan,nan,nan,nan,False,,,,,,,,,nan,nan,nan,nan,,,,[],False,nan,nan,nan,,,nan,nan,nan,False,nan,,,False,,nan,nan,,,nan,nan,nan,False,nan,,,,False,nan,nan,,nan,nan,,,legacy_multistart,
fig4,full_6d_evs_peb,8,641399591,10.0,snr_db,10.0,3,3,3,3,full_6d,641399591,fixed_full6d_reference_sigma2,full_6d,0.02254925735329804,adf5cfbcacf2a1fa,False,,17.472183482022956,nan,nan,nan,nan,nan,nan,False,,,,False,,,,,,,,,,,,,,,,,,,,,,,,False,,,nan,nan,nan,nan,False,,,nan,nan,,,,,[],nan,,,nan,nan,nan,nan,,nan,nan,nan,0.00010986110724718815,nan,nan,0.00010986110724718815,0.00010986110724718815,0.00010985846303863225,nan,free_jones_peb,free,0.00010985846303863225,nan,0.00010986110724718815,4.0,4.0,0.0,78.37658416776927,78.37377137224924,nan,True,False,disabled,nan,nan,9.025776319638943e-15,740.7553602376025,nan,True,False,e032c9cb8462fea3417aadc651e10a3437190e0cacf3ab5bdc4b175ff7382e20,0.02254925735329804,computed_unscaled,cpu,nan,nan,nan,,,,,,,,nan,nan,nan,nan,nan,nan,False,,,,,,,,,nan,nan,nan,nan,,,,[],False,nan,nan,nan,,,nan,nan,nan,False,nan,,,False,,nan,nan,,,nan,nan,nan,False,nan,,,,False,nan,nan,,nan,nan,,,legacy_multistart,
fig4,full_6d_constrained_jones_peb,8,641399591,10.0,snr_db,10.0,3,3,3,3,full_6d,641399591,fixed_full6d_reference_sigma2,full_6d,0.02254925735329804,adf5cfbcacf2a1fa,False,,0.0014872918836772442,nan,nan,nan,nan,nan,nan,False,,,,False,,,,,,,,,,,,,,,,,,,,,,,,False,,,nan,nan,nan,nan,False,,,nan,nan,,,,,[],nan,,,nan,nan,nan,nan,,nan,nan,nan,0.00010985846303863225,nan,nan,0.00010985846303863225,0.00010986110724718815,0.00010985846303863225,nan,constrained_jones_peb,constrained,0.00010985846303863225,nan,0.00010986110724718815,4.0,4.0,0.0,78.37658416776927,78.37377137224924,nan,True,False,disabled,nan,nan,9.025776319638943e-15,740.7553602376025,nan,True,False,e032c9cb8462fea3417aadc651e10a3437190e0cacf3ab5bdc4b175ff7382e20,0.02254925735329804,computed_unscaled,cpu,nan,nan,nan,,,,,,,,nan,nan,nan,nan,nan,nan,False,,,,,,,,,nan,nan,nan,nan,,,,[],False,nan,nan,nan,,,nan,nan,nan,False,nan,,,False,,nan,nan,,,nan,nan,nan,False,nan,,,,False,nan,nan,,nan,nan,,,legacy_multistart,
fig4,scalar_peb,18,3644258948,10.0,snr_db,10.0,3,3,3,3,scalar,3644258948,fixed_full6d_reference_sigma2,full_6d,0.04398500200986059,d422f298f1041ba7,False,,13.059788058046252,nan,nan,nan,nan,nan,nan,False,,,,False,,,,,,,,,,,,,,,,,,,,,,,,False,,,nan,nan,nan,nan,False,,,nan,nan,,,,,[],nan,,,nan,nan,nan,nan,,nan,nan,nan,0.005752024687111896,0.005752024687111896,nan,nan,0.005752024687111896,0.00010552655568559463,nan,free_jones_peb,free,0.00010552655568559463,nan,0.005752024687111896,4.0,4.0,0.0,115.2371154224455,80.88495081630954,nan,True,False,disabled,nan,nan,4.5736601696608555e-15,80458054.14886281,nan,True,False,7c3fffbebf7276e93d6865a756d564af06a271739673c8f69819f7ec957629a8,0.04398500200986059,computed_unscaled,cpu,nan,nan,nan,,,,,,,,nan,nan,nan,nan,nan,nan,False,,,,,,,,,nan,nan,nan,nan,,,,[],False,nan,nan,nan,,,nan,nan,nan,False,nan,,,False,,nan,nan,,,nan,nan,nan,False,nan,,,,False,nan,nan,,nan,nan,,,legacy_multistart,
fig4,dual_pol_peb,18,3644258948,10.0,snr_db,10.0,3,3,3,3,dual_pol,3644258948,fixed_full6d_reference_sigma2,full_6d,0.04398500200986059,d422f298f1041ba7,False,,10.893622264964506,nan,nan,nan,nan,nan,nan,False,,,,False,,,,,,,,,,,,,,,,,,,,,,,,False,,,nan,nan,nan,nan,False,,,nan,nan,,,,,[],nan,,,nan,nan,nan,nan,,nan,nan,nan,0.00034615998535775244,nan,0.00034615998535775244,nan,0.00034615998535775244,0.00010552655568559463,nan,free_jones_peb,free,0.00010552655568559463,nan,0.00034615998535775244,4.0,4.0,0.0,81.40427739880947,80.88495081630954,nan,True,False,disabled,nan,nan,6.941170287860763e-15,73151104.74728231,nan,True,False,cf6f4ec51498c7da6824e9b45e0baf835ff8071253d23a2abd74e8038f51af4f,0.04398500200986059,computed_unscaled,cpu,nan,nan,nan,,,,,,,,nan,nan,nan,nan,nan,nan,False,,,,,,,,,nan,nan,nan,nan,,,,[],False,nan,nan,nan,,,nan,nan,nan,False,nan,,,False,,nan,nan,,,nan,nan,nan,False,nan,,,,False,nan,nan,,nan,nan,,,legacy_multistart,
fig4,full_6d_evs_peb,18,3644258948,10.0,snr_db,10.0,3,3,3,3,full_6d,3644258948,fixed_full6d_reference_sigma2,full_6d,0.04398500200986059,d422f298f1041ba7,False,,10.309450219152495,nan,nan,nan,nan,nan,nan,False,,,,False,,,,,,,,,,,,,,,,,,,,,,,,False,,,nan,nan,nan,nan,False,,,nan,nan,,,,,[],nan,,,nan,nan,nan,nan,,nan,nan,nan,0.00010552850122600296,nan,nan,0.00010552850122600296,0.00010552850122600296,0.00010552655568559463,nan,free_jones_peb,free,0.00010552655568559463,nan,0.00010552850122600296,4.0,4.0,0.0,80.8840565382323,80.88495081630954,nan,True,False,disabled,nan,nan,2.3658635595159055e-15,235.0933391144013,nan,True,False,10eabe3ea0bf687d98504e31e23e6506b4b182585a8f16e7a2bae8ed9d09e41a,0.04398500200986059,computed_unscaled,cpu,nan,nan,nan,,,,,,,,nan,nan,nan,nan,nan,nan,False,,,,,,,,,nan,nan,nan,nan,,,,[],False,nan,nan,nan,,,nan,nan,nan,False,nan,,,False,,nan,nan,,,nan,nan,nan,False,nan,,,,False,nan,nan,,nan,nan,,,legacy_multistart,
fig4,full_6d_constrained_jones_peb,18,3644258948,10.0,snr_db,10.0,3,3,3,3,full_6d,3644258948,fixed_full6d_reference_sigma2,full_6d,0.04398500200986059,d422f298f1041ba7,False,,0.0013735599350184202,nan,nan,nan,nan,nan,nan,False,,,,False,,,,,,,,,,,,,,,,,,,,,,,,False,,,nan,nan,nan,nan,False,,,nan,nan,,,,,[],nan,,,nan,nan,nan,nan,,nan,nan,nan,0.00010552655568559463,nan,nan,0.00010552655568559463,0.00010552850122600296,0.00010552655568559463,nan,constrained_jones_peb,constrained,0.00010552655568559463,nan,0.00010552850122600296,4.0,4.0,0.0,80.8840565382323,80.88495081630954,nan,True,False,disabled,nan,nan,2.3658635595159055e-15,235.0933391144013,nan,True,False,10eabe3ea0bf687d98504e31e23e6506b4b182585a8f16e7a2bae8ed9d09e41a,0.04398500200986059,computed_unscaled,cpu,nan,nan,nan,,,,,,,,nan,nan,nan,nan,nan,nan,False,,,,,,,,,nan,nan,nan,nan,,,,[],False,nan,nan,nan,,,nan,nan,nan,False,nan,,,False,,nan,nan,,,nan,nan,nan,False,nan,,,,False,nan,nan,,nan,nan,,,legacy_multistart,
fig4,scalar_peb,22,3206710796,10.0,snr_db,10.0,3,3,3,3,scalar,3206710796,fixed_full6d_reference_sigma2,full_6d,0.010725255289283989,ab85a5515643e943,False,,10.97359581803903,nan,nan,nan,nan,nan,nan,False,,,,False,,,,,,,,,,,,,,,,,,,,,,,,False,,,nan,nan,nan,nan,False,,,nan,nan,,,,,[],nan,,,nan,nan,nan,nan,,nan,nan,nan,0.0031927874436515533,0.0031927874436515533,nan,nan,0.0031927874436515533,0.000134336716486766,nan,free_jones_peb,free,0.000134336716486766,nan,0.0031927874436515533,4.0,4.0,0.0,111.05749458953498,85.51685239788132,nan,True,False,disabled,nan,nan,5.514167212355142e-15,56723353.762085676,nan,True,False,f9080b4e68e4aed660f7139dac97037d1e8fed6d4a9602cdbdb2d46386fc4c30,0.010725255289283989,computed_unscaled,cpu,nan,nan,nan,,,,,,,,nan,nan,nan,nan,nan,nan,False,,,,,,,,,nan,nan,nan,nan,,,,[],False,nan,nan,nan,,,nan,nan,nan,False,nan,,,False,,nan,nan,,,nan,nan,nan,False,nan,,,,False,nan,nan,,nan,nan,,,legacy_multistart,
fig4,dual_pol_peb,22,3206710796,10.0,snr_db,10.0,3,3,3,3,dual_pol,3206710796,fixed_full6d_reference_sigma2,full_6d,0.010725255289283989,ab85a5515643e943,False,,9.671912177000195,nan,nan,nan,nan,nan,nan,False,,,,False,,,,,,,,,,,,,,,,,,,,,,,,False,,,nan,nan,nan,nan,False,,,nan,nan,,,,,[],nan,,,nan,nan,nan,nan,,nan,nan,nan,0.00045882068042672666,nan,0.00045882068042672666,nan,0.00045882068042672666,0.000134336716486766,nan,free_jones_peb,free,0.000134336716486766,nan,0.00045882068042672666,4.0,4.0,0.0,85.63788320864272,85.51685239788132,nan,True,False,disabled,nan,nan,6.725173800388882e-15,51964968.68159588,nan,True,False,419299da458ee1792ab0bf9d32fc334a7c54ce3cdd856294255dc0759783f127,0.010725255289283989,computed_unscaled,cpu,nan,nan,nan,,,,,,,,nan,nan,nan,nan,nan,nan,False,,,,,,,,,nan,nan,nan,nan,,,,[],False,nan,nan,nan,,,nan,nan,nan,False,nan,,,False,,nan,nan,,,nan,nan,nan,False,nan,,,,False,nan,nan,,nan,nan,,,legacy_multistart,
fig4,full_6d_evs_peb,22,3206710796,10.0,snr_db,10.0,3,3,3,3,full_6d,3206710796,fixed_full6d_reference_sigma2,full_6d,0.010725255289283989,ab85a5515643e943,False,,10.3561315019615,nan,nan,nan,nan,nan,nan,False,,,,False,,,,,,,,,,,,,,,,,,,,,,,,False,,,nan,nan,nan,nan,False,,,nan,nan,,,,,[],nan,,,nan,nan,nan,nan,,nan,nan,nan,0.000134338304623352,nan,nan,0.000134338304623352,0.000134338304623352,0.000134336716486766,nan,free_jones_peb,free,0.000134336716486766,nan,0.000134338304623352,4.0,4.0,0.0,85.5132004810359,85.51685239788132,nan,True,False,disabled,nan,nan,3.530056533457429e-15,1010.427350104283,nan,True,False,c84ba72aa3a760a0760b6b67e247dbffd03ad56315a9283ecceeafa1a6824f29,0.010725255289283989,computed_unscaled,cpu,nan,nan,nan,,,,,,,,nan,nan,nan,nan,nan,nan,False,,,,,,,,,nan,nan,nan,nan,,,,[],False,nan,nan,nan,,,nan,nan,nan,False,nan,,,False,,nan,nan,,,nan,nan,nan,False,nan,,,,False,nan,nan,,nan,nan,,,legacy_multistart,
fig4,full_6d_constrained_jones_peb,22,3206710796,10.0,snr_db,10.0,3,3,3,3,full_6d,3206710796,fixed_full6d_reference_sigma2,full_6d,0.010725255289283989,ab85a5515643e943,False,,0.0012927958741784096,nan,nan,nan,nan,nan,nan,False,,,,False,,,,,,,,,,,,,,,,,,,,,,,,False,,,nan,nan,nan,nan,False,,,nan,nan,,,,,[],nan,,,nan,nan,nan,nan,,nan,nan,nan,0.000134336716486766,nan,nan,0.000134336716486766,0.000134338304623352,0.000134336716486766,nan,constrained_jones_peb,constrained,0.000134336716486766,nan,0.000134338304623352,4.0,4.0,0.0,85.5132004810359,85.51685239788132,nan,True,False,disabled,nan,nan,3.530056533457429e-15,1010.427350104283,nan,True,False,c84ba72aa3a760a0760b6b67e247dbffd03ad56315a9283ecceeafa1a6824f29,0.010725255289283989,computed_unscaled,cpu,nan,nan,nan,,,,,,,,nan,nan,nan,nan,nan,nan,False,,,,,,,,,nan,nan,nan,nan,,,,[],False,nan,nan,nan,,,nan,nan,nan,False,nan,,,False,,nan,nan,,,nan,nan,nan,False,nan,,,,False,nan,nan,,nan,nan,,,legacy_multistart,
fig4,scalar_peb,11,3685333214,10.0,snr_db,10.0,3,3,3,3,scalar,3685333214,fixed_full6d_reference_sigma2,full_6d,0.028674312832228134,d7510693dc937dc2,False,,16.221170929959044,nan,nan,nan,nan,nan,nan,False,,,,False,,,,,,,,,,,,,,,,,,,,,,,,False,,,nan,nan,nan,nan,False,,,nan,nan,,,,,[],nan,,,nan,nan,nan,nan,,nan,nan,nan,0.0027494255284055105,0.0027494255284055105,nan,nan,0.0027494255284055105,0.00013621364627735985,nan,free_jones_peb,free,0.00013621364627735985,nan,0.0027494255284055105,4.0,4.0,0.0,113.70465047536922,91.98328914155691,nan,True,False,disabled,nan,nan,5.382012051650045e-15,59833647.875552036,nan,True,False,a8bf1e96550e66f5fc05821b98b3bcfcfd9c16edf816dc35720fa3fc2f3d9c3e,0.028674312832228134,computed_unscaled,cpu,nan,nan,nan,,,,,,,,nan,nan,nan,nan,nan,nan,False,,,,,,,,,nan,nan,nan,nan,,,,[],False,nan,nan,nan,,,nan,nan,nan,False,nan,,,False,,nan,nan,,,nan,nan,nan,False,nan,,,,False,nan,nan,,nan,nan,,,legacy_multistart,
fig4,dual_pol_peb,11,3685333214,10.0,snr_db,10.0,3,3,3,3,dual_pol,3685333214,fixed_full6d_reference_sigma2,full_6d,0.028674312832228134,d7510693dc937dc2,False,,16.909037866164,nan,nan,nan,nan,nan,nan,False,,,,False,,,,,,,,,,,,,,,,,,,,,,,,False,,,nan,nan,nan,nan,False,,,nan,nan,,,,,[],nan,,,nan,nan,nan,nan,,nan,nan,nan,0.00031976246489848415,nan,0.00031976246489848415,nan,0.00031976246489848415,0.00013621364627735985,nan,free_jones_peb,free,0.00013621364627735985,nan,0.00031976246489848415,4.0,4.0,0.0,94.11827091354233,91.98328914155691,nan,True,False,disabled,nan,nan,4.28576774162819e-15,48756466.071740784,nan,True,False,4c9cfd1cb5551d79ef5d1cef79bea3ca1c914b47928f1f49d2e9fdb6c47a14a0,0.028674312832228134,computed_unscaled,cpu,nan,nan,nan,,,,,,,,nan,nan,nan,nan,nan,nan,False,,,,,,,,,nan,nan,nan,nan,,,,[],False,nan,nan,nan,,,nan,nan,nan,False,nan,,,False,,nan,nan,,,nan,nan,nan,False,nan,,,,False,nan,nan,,nan,nan,,,legacy_multistart,
fig4,full_6d_evs_peb,11,3685333214,10.0,snr_db,10.0,3,3,3,3,full_6d,3685333214,fixed_full6d_reference_sigma2,full_6d,0.028674312832228134,d7510693dc937dc2,False,,17.350025894818828,nan,nan,nan,nan,nan,nan,False,,,,False,,,,,,,,,,,,,,,,,,,,,,,,False,,,nan,nan,nan,nan,False,,,nan,nan,,,,,[],nan,,,nan,nan,nan,nan,,nan,nan,nan,0.00013621409396788242,nan,nan,0.00013621409396788242,0.00013621409396788242,0.00013621364627735985,nan,free_jones_peb,free,0.00013621364627735985,nan,0.00013621409396788242,4.0,4.0,0.0,91.9857240406161,91.98328914155691,nan,True,False,disabled,nan,nan,4.529605345093013e-15,145.19768453521598,nan,True,False,e9ccda1e403051d390ee49d3f08d80b8c395469b47c082ff498964bcdaeda690,0.028674312832228134,computed_unscaled,cpu,nan,nan,nan,,,,,,,,nan,nan,nan,nan,nan,nan,False,,,,,,,,,nan,nan,nan,nan,,,,[],False,nan,nan,nan,,,nan,nan,nan,False,nan,,,False,,nan,nan,,,nan,nan,nan,False,nan,,,,False,nan,nan,,nan,nan,,,legacy_multistart,
fig4,full_6d_constrained_jones_peb,11,3685333214,10.0,snr_db,10.0,3,3,3,3,full_6d,3685333214,fixed_full6d_reference_sigma2,full_6d,0.028674312832228134,d7510693dc937dc2,False,,0.001517915166914463,nan,nan,nan,nan,nan,nan,False,,,,False,,,,,,,,,,,,,,,,,,,,,,,,False,,,nan,nan,nan,nan,False,,,nan,nan,,,,,[],nan,,,nan,nan,nan,nan,,nan,nan,nan,0.00013621364627735985,nan,nan,0.00013621364627735985,0.00013621409396788242,0.00013621364627735985,nan,constrained_jones_peb,constrained,0.00013621364627735985,nan,0.00013621409396788242,4.0,4.0,0.0,91.9857240406161,91.98328914155691,nan,True,False,disabled,nan,nan,4.529605345093013e-15,145.19768453521598,nan,True,False,e9ccda1e403051d390ee49d3f08d80b8c395469b47c082ff498964bcdaeda690,0.028674312832228134,computed_unscaled,cpu,nan,nan,nan,,,,,,,,nan,nan,nan,nan,nan,nan,False,,,,,,,,,nan,nan,nan,nan,,,,[],False,nan,nan,nan,,,nan,nan,nan,False,nan,,,False,,nan,nan,,,nan,nan,nan,False,nan,,,,False,nan,nan,,nan,nan,,,legacy_multistart,
fig4,scalar_peb,13,634888206,10.0,snr_db,10.0,3,3,3,3,scalar,634888206,fixed_full6d_reference_sigma2,full_6d,0.020455692554871042,4e7f8915a616af87,False,,17.262451281072572,nan,nan,nan,nan,nan,nan,False,,,,False,,,,,,,,,,,,,,,,,,,,,,,,False,,,nan,nan,nan,nan,False,,,nan,nan,,,,,[],nan,,,nan,nan,nan,nan,,nan,nan,nan,0.0032432313645657726,0.0032432313645657726,nan,nan,0.0032432313645657726,0.00011789235853589198,nan,free_jones_peb,free,0.00011789235853589198,nan,0.0032432313645657726,4.0,4.0,0.0,228.9209285951273,80.72926238998193,nan,True,False,disabled,nan,nan,4.221716512237474e-15,75234562.0450407,nan,True,False,5358f617ab6e11e51370801f8d483ef17e5809c950b3c1c6d6e36d71c5ada3b5,0.020455692554871042,computed_unscaled,cpu,nan,nan,nan,,,,,,,,nan,nan,nan,nan,nan,nan,False,,,,,,,,,nan,nan,nan,nan,,,,[],False,nan,nan,nan,,,nan,nan,nan,False,nan,,,False,,nan,nan,,,nan,nan,nan,False,nan,,,,False,nan,nan,,nan,nan,,,legacy_multistart,
fig4,dual_pol_peb,13,634888206,10.0,snr_db,10.0,3,3,3,3,dual_pol,634888206,fixed_full6d_reference_sigma2,full_6d,0.020455692554871042,4e7f8915a616af87,False,,17.04247106402181,nan,nan,nan,nan,nan,nan,False,,,,False,,,,,,,,,,,,,,,,,,,,,,,,False,,,nan,nan,nan,nan,False,,,nan,nan,,,,,[],nan,,,nan,nan,nan,nan,,nan,nan,nan,0.000305913596141829,nan,0.000305913596141829,nan,0.000305913596141829,0.00011789235853589198,nan,free_jones_peb,free,0.00011789235853589198,nan,0.000305913596141829,4.0,4.0,0.0,81.06539217252666,80.72926238998193,nan,True,False,disabled,nan,nan,8.285727479639935e-15,64206533.44959626,nan,True,False,db976f24e57a093ba83688330b962fc1ee3cc0995192f3bc3ecdf3cd55142780,0.020455692554871042,computed_unscaled,cpu,nan,nan,nan,,,,,,,,nan,nan,nan,nan,nan,nan,False,,,,,,,,,nan,nan,nan,nan,,,,[],False,nan,nan,nan,,,nan,nan,nan,False,nan,,,False,,nan,nan,,,nan,nan,nan,False,nan,,,,False,nan,nan,,nan,nan,,,legacy_multistart,
fig4,full_6d_evs_peb,13,634888206,10.0,snr_db,10.0,3,3,3,3,full_6d,634888206,fixed_full6d_reference_sigma2,full_6d,0.020455692554871042,4e7f8915a616af87,False,,17.3910114208702,nan,nan,nan,nan,nan,nan,False,,,,False,,,,,,,,,,,,,,,,,,,,,,,,False,,,nan,nan,nan,nan,False,,,nan,nan,,,,,[],nan,,,nan,nan,nan,nan,,nan,nan,nan,0.00011789249478039746,nan,nan,0.00011789249478039746,0.00011789249478039746,0.00011789235853589198,nan,free_jones_peb,free,0.00011789235853589198,nan,0.00011789249478039746,4.0,4.0,0.0,80.73361776993539,80.72926238998193,nan,True,False,disabled,nan,nan,4.11624982220541e-15,43.36534918635002,nan,True,False,11da97468c8b90c59dcc518746f48f2217739b6c2c3deec78f2d1177de9045c5,0.020455692554871042,computed_unscaled,cpu,nan,nan,nan,,,,,,,,nan,nan,nan,nan,nan,nan,False,,,,,,,,,nan,nan,nan,nan,,,,[],False,nan,nan,nan,,,nan,nan,nan,False,nan,,,False,,nan,nan,,,nan,nan,nan,False,nan,,,,False,nan,nan,,nan,nan,,,legacy_multistart,
fig4,full_6d_constrained_jones_peb,13,634888206,10.0,snr_db,10.0,3,3,3,3,full_6d,634888206,fixed_full6d_reference_sigma2,full_6d,0.020455692554871042,4e7f8915a616af87,False,,0.0015345190186053514,nan,nan,nan,nan,nan,nan,False,,,,False,,,,,,,,,,,,,,,,,,,,,,,,False,,,nan,nan,nan,nan,False,,,nan,nan,,,,,[],nan,,,nan,nan,nan,nan,,nan,nan,nan,0.00011789235853589198,nan,nan,0.00011789235853589198,0.00011789249478039746,0.00011789235853589198,nan,constrained_jones_peb,constrained,0.00011789235853589198,nan,0.00011789249478039746,4.0,4.0,0.0,80.73361776993539,80.72926238998193,nan,True,False,disabled,nan,nan,4.11624982220541e-15,43.36534918635002,nan,True,False,11da97468c8b90c59dcc518746f48f2217739b6c2c3deec78f2d1177de9045c5,0.020455692554871042,computed_unscaled,cpu,nan,nan,nan,,,,,,,,nan,nan,nan,nan,nan,nan,False,,,,,,,,,nan,nan,nan,nan,,,,[],False,nan,nan,nan,,,nan,nan,nan,False,nan,,,False,,nan,nan,,,nan,nan,nan,False,nan,,,,False,nan,nan,,nan,nan,,,legacy_multistart,
fig4,scalar_peb,19,3846521747,10.0,snr_db,10.0,3,3,3,3,scalar,3846521747,fixed_full6d_reference_sigma2,full_6d,0.011858033347287425,02b5383140e8d7bb,False,,13.110169654013589,nan,nan,nan,nan,nan,nan,False,,,,False,,,,,,,,,,,,,,,,,,,,,,,,False,,,nan,nan,nan,nan,False,,,nan,nan,,,,,[],nan,,,nan,nan,nan,nan,,nan,nan,nan,0.003974062472356273,0.003974062472356273,nan,nan,0.003974062472356273,0.00012510962144581195,nan,free_jones_peb,free,0.00012510962144581195,nan,0.003974062472356273,4.0,4.0,0.0,138.35265111308038,81.02670887627156,nan,True,False,disabled,nan,nan,5.15724828458674e-15,66189643.077409066,nan,True,False,0b8a9b663ca2c0e1d92176cbed39120875d02f4c6be3dc160568c7233976ffc2,0.011858033347287425,computed_unscaled,cpu,nan,nan,nan,,,,,,,,nan,nan,nan,nan,nan,nan,False,,,,,,,,,nan,nan,nan,nan,,,,[],False,nan,nan,nan,,,nan,nan,nan,False,nan,,,False,,nan,nan,,,nan,nan,nan,False,nan,,,,False,nan,nan,,nan,nan,,,legacy_multistart,
fig4,dual_pol_peb,19,3846521747,10.0,snr_db,10.0,3,3,3,3,dual_pol,3846521747,fixed_full6d_reference_sigma2,full_6d,0.011858033347287425,02b5383140e8d7bb,False,,12.685424042167142,nan,nan,nan,nan,nan,nan,False,,,,False,,,,,,,,,,,,,,,,,,,,,,,,False,,,nan,nan,nan,nan,False,,,nan,nan,,,,,[],nan,,,nan,nan,nan,nan,,nan,nan,nan,0.0005064866000197643,nan,0.0005064866000197643,nan,0.0005064866000197643,0.00012510962144581195,nan,free_jones_peb,free,0.00012510962144581195,nan,0.0005064866000197643,4.0,4.0,0.0,84.0422156554944,81.02670887627156,nan,True,False,disabled,nan,nan,5.405320119303903e-15,62209435.22597814,nan,True,False,dca030af82f710bcb535a4a0e546d3403fad4f1f40adb5820a43ca6b9c02e1ab,0.011858033347287425,computed_unscaled,cpu,nan,nan,nan,,,,,,,,nan,nan,nan,nan,nan,nan,False,,,,,,,,,nan,nan,nan,nan,,,,[],False,nan,nan,nan,,,nan,nan,nan,False,nan,,,False,,nan,nan,,,nan,nan,nan,False,nan,,,,False,nan,nan,,nan,nan,,,legacy_multistart,
fig4,full_6d_evs_peb,19,3846521747,10.0,snr_db,10.0,3,3,3,3,full_6d,3846521747,fixed_full6d_reference_sigma2,full_6d,0.011858033347287425,02b5383140e8d7bb,False,,12.897546272026375,nan,nan,nan,nan,nan,nan,False,,,,False,,,,,,,,,,,,,,,,,,,,,,,,False,,,nan,nan,nan,nan,False,,,nan,nan,,,,,[],nan,,,nan,nan,nan,nan,,nan,nan,nan,0.00012511146204778243,nan,nan,0.00012511146204778243,0.00012511146204778243,0.00012510962144581195,nan,free_jones_peb,free,0.00012510962144581195,nan,0.00012511146204778243,4.0,4.0,0.0,81.02735268366338,81.02670887627156,nan,True,False,disabled,nan,nan,3.100118176999201e-15,169.78082465845335,nan,True,False,66683f008884b5deaddb95c24fc2a892e518e793d697d2821f0c6f98570400e4,0.011858033347287425,computed_unscaled,cpu,nan,nan,nan,,,,,,,,nan,nan,nan,nan,nan,nan,False,,,,,,,,,nan,nan,nan,nan,,,,[],False,nan,nan,nan,,,nan,nan,nan,False,nan,,,False,,nan,nan,,,nan,nan,nan,False,nan,,,,False,nan,nan,,nan,nan,,,legacy_multistart,
fig4,full_6d_constrained_jones_peb,19,3846521747,10.0,snr_db,10.0,3,3,3,3,full_6d,3846521747,fixed_full6d_reference_sigma2,full_6d,0.011858033347287425,02b5383140e8d7bb,False,,0.0013696749228984118,nan,nan,nan,nan,nan,nan,False,,,,False,,,,,,,,,,,,,,,,,,,,,,,,False,,,nan,nan,nan,nan,False,,,nan,nan,,,,,[],nan,,,nan,nan,nan,nan,,nan,nan,nan,0.00012510962144581195,nan,nan,0.00012510962144581195,0.00012511146204778243,0.00012510962144581195,nan,constrained_jones_peb,constrained,0.00012510962144581195,nan,0.00012511146204778243,4.0,4.0,0.0,81.02735268366338,81.02670887627156,nan,True,False,disabled,nan,nan,3.100118176999201e-15,169.78082465845335,nan,True,False,66683f008884b5deaddb95c24fc2a892e518e793d697d2821f0c6f98570400e4,0.011858033347287425,computed_unscaled,cpu,nan,nan,nan,,,,,,,,nan,nan,nan,nan,nan,nan,False,,,,,,,,,nan,nan,nan,nan,,,,[],False,nan,nan,nan,,,nan,nan,nan,False,nan,,,False,,nan,nan,,,nan,nan,nan,False,nan,,,,False,nan,nan,,nan,nan,,,legacy_multistart,
fig4,scalar_peb,21,4000820147,10.0,snr_db,10.0,3,3,3,3,scalar,4000820147,fixed_full6d_reference_sigma2,full_6d,0.034790788065601694,8ba162804c4e4e76,False,,13.74383807904087,nan,nan,nan,nan,nan,nan,False,,,,False,,,,,,,,,,,,,,,,,,,,,,,,False,,,nan,nan,nan,nan,False,,,nan,nan,,,,,[],nan,,,nan,nan,nan,nan,,nan,nan,nan,0.003787448470527266,0.003787448470527266,nan,nan,0.003787448470527266,0.0001475924979881534,nan,free_jones_peb,free,0.0001475924979881534,nan,0.003787448470527266,4.0,4.0,0.0,192.1402486547782,135.40362900470882,nan,True,False,disabled,nan,nan,4.58459930757084e-15,51136182.08657766,nan,True,False,90fd0c6eb62c194f065ae6c36fd149de6fbbaab36cb9bbe6aae7357be0bf6268,0.034790788065601694,computed_unscaled,cpu,nan,nan,nan,,,,,,,,nan,nan,nan,nan,nan,nan,False,,,,,,,,,nan,nan,nan,nan,,,,[],False,nan,nan,nan,,,nan,nan,nan,False,nan,,,False,,nan,nan,,,nan,nan,nan,False,nan,,,,False,nan,nan,,nan,nan,,,legacy_multistart,
fig4,dual_pol_peb,21,4000820147,10.0,snr_db,10.0,3,3,3,3,dual_pol,4000820147,fixed_full6d_reference_sigma2,full_6d,0.034790788065601694,8ba162804c4e4e76,False,,12.626978853018954,nan,nan,nan,nan,nan,nan,False,,,,False,,,,,,,,,,,,,,,,,,,,,,,,False,,,nan,nan,nan,nan,False,,,nan,nan,,,,,[],nan,,,nan,nan,nan,nan,,nan,nan,nan,0.0004483045127997281,nan,0.0004483045127997281,nan,0.0004483045127997281,0.0001475924979881534,nan,free_jones_peb,free,0.0001475924979881534,nan,0.0004483045127997281,4.0,4.0,0.0,90.9333513868671,135.40362900470882,nan,True,False,disabled,nan,nan,6.764020894305997e-15,45824610.740050636,nan,True,False,afbebe42be898c368ac7152ce735fccf59acb013ca9e955cc19c791d910da41c,0.034790788065601694,computed_unscaled,cpu,nan,nan,nan,,,,,,,,nan,nan,nan,nan,nan,nan,False,,,,,,,,,nan,nan,nan,nan,,,,[],False,nan,nan,nan,,,nan,nan,nan,False,nan,,,False,,nan,nan,,,nan,nan,nan,False,nan,,,,False,nan,nan,,nan,nan,,,legacy_multistart,
fig4,full_6d_evs_peb,21,4000820147,10.0,snr_db,10.0,3,3,3,3,full_6d,4000820147,fixed_full6d_reference_sigma2,full_6d,0.034790788065601694,8ba162804c4e4e76,False,,12.876891413005069,nan,nan,nan,nan,nan,nan,False,,,,False,,,,,,,,,,,,,,,,,,,,,,,,False,,,nan,nan,nan,nan,False,,,nan,nan,,,,,[],nan,,,nan,nan,nan,nan,,nan,nan,nan,0.00014759415970070318,nan,nan,0.00014759415970070318,0.00014759415970070318,0.0001475924979881534,nan,free_jones_peb,free,0.0001475924979881534,nan,0.00014759415970070318,4.0,4.0,0.0,135.4062420797467,135.40362900470882,nan,True,False,disabled,nan,nan,5.585102577285425e-15,867.7478067251067,nan,True,False,f7a047bb7013efbe33f31c7f789c22a5d5f4d1899bcaccc54b42258dbd7f4038,0.034790788065601694,computed_unscaled,cpu,nan,nan,nan,,,,,,,,nan,nan,nan,nan,nan,nan,False,,,,,,,,,nan,nan,nan,nan,,,,[],False,nan,nan,nan,,,nan,nan,nan,False,nan,,,False,,nan,nan,,,nan,nan,nan,False,nan,,,,False,nan,nan,,nan,nan,,,legacy_multistart,
fig4,full_6d_constrained_jones_peb,21,4000820147,10.0,snr_db,10.0,3,3,3,3,full_6d,4000820147,fixed_full6d_reference_sigma2,full_6d,0.034790788065601694,8ba162804c4e4e76,False,,0.0013566359411925077,nan,nan,nan,nan,nan,nan,False,,,,False,,,,,,,,,,,,,,,,,,,,,,,,False,,,nan,nan,nan,nan,False,,,nan,nan,,,,,[],nan,,,nan,nan,nan,nan,,nan,nan,nan,0.0001475924979881534,nan,nan,0.0001475924979881534,0.00014759415970070318,0.0001475924979881534,nan,constrained_jones_peb,constrained,0.0001475924979881534,nan,0.00014759415970070318,4.0,4.0,0.0,135.4062420797467,135.40362900470882,nan,True,False,disabled,nan,nan,5.585102577285425e-15,867.7478067251067,nan,True,False,f7a047bb7013efbe33f31c7f789c22a5d5f4d1899bcaccc54b42258dbd7f4038,0.034790788065601694,computed_unscaled,cpu,nan,nan,nan,,,,,,,,nan,nan,nan,nan,nan,nan,False,,,,,,,,,nan,nan,nan,nan,,,,[],False,nan,nan,nan,,,nan,nan,nan,False,nan,,,False,,nan,nan,,,nan,nan,nan,False,nan,,,,False,nan,nan,,nan,nan,,,legacy_multistart,
fig4,scalar_peb,2,3251202663,15.0,snr_db,15.0,3,3,3,3,scalar,3251202663,fixed_full6d_reference_sigma2,full_6d,0.007232309866643088,ea509de47ac8dcd0,False,,12.891373794991523,nan,nan,nan,nan,nan,nan,False,,,,False,,,,,,,,,,,,,,,,,,,,,,,,False,,,nan,nan,nan,nan,False,,,nan,nan,,,,,[],nan,,,nan,nan,nan,nan,,nan,nan,nan,0.0020330591308706206,0.0020330591308706206,nan,nan,0.0020330591308706206,6.210374083920964e-05,nan,free_jones_peb,free,6.210374083920964e-05,nan,0.0020330591308706206,4.0,4.0,0.0,101.20470028285683,73.85928344231222,nan,True,False,disabled,nan,nan,6.964593354373592e-15,266207712.69944683,nan,True,False,fa5a9a3e4ae7e1f83c84d4ef54f3477dae4ed75bbb1629c6c35e848a02dfe917,0.007232309866643088,computed_unscaled,cpu,nan,nan,nan,,,,,,,,nan,nan,nan,nan,nan,nan,False,,,,,,,,,nan,nan,nan,nan,,,,[],False,nan,nan,nan,,,nan,nan,nan,False,nan,,,False,,nan,nan,,,nan,nan,nan,False,nan,,,,False,nan,nan,,nan,nan,,,legacy_multistart,
fig4,dual_pol_peb,2,3251202663,15.0,snr_db,15.0,3,3,3,3,dual_pol,3251202663,fixed_full6d_reference_sigma2,full_6d,0.007232309866643088,ea509de47ac8dcd0,False,,12.50572623196058,nan,nan,nan,nan,nan,nan,False,,,,False,,,,,,,,,,,,,,,,,,,,,,,,False,,,nan,nan,nan,nan,False,,,nan,nan,,,,,[],nan,,,nan,nan,nan,nan,,nan,nan,nan,0.00021504181935390554,nan,0.00021504181935390554,nan,0.00021504181935390554,6.210374083920964e-05,nan,free_jones_peb,free,6.210374083920964e-05,nan,0.00021504181935390554,4.0,4.0,0.0,77.70841776980222,73.85928344231222,nan,True,False,disabled,nan,nan,4.757202112296251e-15,243674337.57516167,nan,True,False,27b563e44bef6f7dd3fc9a70bc5f4d1231809ee95ff3fa9cf53394b15b7ee739,0.007232309866643088,computed_unscaled,cpu,nan,nan,nan,,,,,,,,nan,nan,nan,nan,nan,nan,False,,,,,,,,,nan,nan,nan,nan,,,,[],False,nan,nan,nan,,,nan,nan,nan,False,nan,,,False,,nan,nan,,,nan,nan,nan,False,nan,,,,False,nan,nan,,nan,nan,,,legacy_multistart,
fig4,full_6d_evs_peb,2,3251202663,15.0,snr_db,15.0,3,3,3,3,full_6d,3251202663,fixed_full6d_reference_sigma2,full_6d,0.007232309866643088,ea509de47ac8dcd0,False,,11.216925739776343,nan,nan,nan,nan,nan,nan,False,,,,False,,,,,,,,,,,,,,,,,,,,,,,,False,,,nan,nan,nan,nan,False,,,nan,nan,,,,,[],nan,,,nan,nan,nan,nan,,nan,nan,nan,6.210517412205731e-05,nan,nan,6.210517412205731e-05,6.210517412205731e-05,6.210374083920964e-05,nan,free_jones_peb,free,6.210374083920964e-05,nan,6.210517412205731e-05,4.0,4.0,0.0,73.86011818264647,73.85928344231222,nan,True,False,disabled,nan,nan,2.8311461065618146e-15,6115.585456338241,nan,True,False,ba669d51e548d5d57a5c08da45514e8eda76ee1a2847f0b8bc91639b42fa1215,0.007232309866643088,computed_unscaled,cpu,nan,nan,nan,,,,,,,,nan,nan,nan,nan,nan,nan,False,,,,,,,,,nan,nan,nan,nan,,,,[],False,nan,nan,nan,,,nan,nan,nan,False,nan,,,False,,nan,nan,,,nan,nan,nan,False,nan,,,,False,nan,nan,,nan,nan,,,legacy_multistart,
fig4,full_6d_constrained_jones_peb,2,3251202663,15.0,snr_db,15.0,3,3,3,3,full_6d,3251202663,fixed_full6d_reference_sigma2,full_6d,0.007232309866643088,ea509de47ac8dcd0,False,,0.0012879827991127968,nan,nan,nan,nan,nan,nan,False,,,,False,,,,,,,,,,,,,,,,,,,,,,,,False,,,nan,nan,nan,nan,False,,,nan,nan,,,,,[],nan,,,nan,nan,nan,nan,,nan,nan,nan,6.210374083920964e-05,nan,nan,6.210374083920964e-05,6.210517412205731e-05,6.210374083920964e-05,nan,constrained_jones_peb,constrained,6.210374083920964e-05,nan,6.210517412205731e-05,4.0,4.0,0.0,73.86011818264647,73.85928344231222,nan,True,False,disabled,nan,nan,2.8311461065618146e-15,6115.585456338241,nan,True,False,ba669d51e548d5d57a5c08da45514e8eda76ee1a2847f0b8bc91639b42fa1215,0.007232309866643088,computed_unscaled,cpu,nan,nan,nan,,,,,,,,nan,nan,nan,nan,nan,nan,False,,,,,,,,,nan,nan,nan,nan,,,,[],False,nan,nan,nan,,,nan,nan,nan,False,nan,,,False,,nan,nan,,,nan,nan,nan,False,nan,,,,False,nan,nan,,nan,nan,,,legacy_multistart,
fig4,scalar_peb,0,3147786918,15.0,snr_db,15.0,3,3,3,3,scalar,3147786918,fixed_full6d_reference_sigma2,full_6d,0.012536941931437524,0436af21ffd24b8c,False,,12.921393590979278,nan,nan,nan,nan,nan,nan,False,,,,False,,,,,,,,,,,,,,,,,,,,,,,,False,,,nan,nan,nan,nan,False,,,nan,nan,,,,,[],nan,,,nan,nan,nan,nan,,nan,nan,nan,0.0020794807936784098,0.0020794807936784098,nan,nan,0.0020794807936784098,6.350521878692464e-05,nan,free_jones_peb,free,6.350521878692464e-05,nan,0.0020794807936784098,4.0,4.0,0.0,109.80760458159132,69.84558422826326,nan,True,False,disabled,nan,nan,1.2505688291528604e-14,259672627.02244648,nan,True,False,cd96a98a06084da1d3e00a46ddfc6c9c51a558c9423886cb8941ee6de2c16ba9,0.012536941931437524,computed_unscaled,cpu,nan,nan,nan,,,,,,,,nan,nan,nan,nan,nan,nan,False,,,,,,,,,nan,nan,nan,nan,,,,[],False,nan,nan,nan,,,nan,nan,nan,False,nan,,,False,,nan,nan,,,nan,nan,nan,False,nan,,,,False,nan,nan,,nan,nan,,,legacy_multistart,
fig4,dual_pol_peb,0,3147786918,15.0,snr_db,15.0,3,3,3,3,dual_pol,3147786918,fixed_full6d_reference_sigma2,full_6d,0.012536941931437524,0436af21ffd24b8c,False,,12.790116127114743,nan,nan,nan,nan,nan,nan,False,,,,False,,,,,,,,,,,,,,,,,,,,,,,,False,,,nan,nan,nan,nan,False,,,nan,nan,,,,,[],nan,,,nan,nan,nan,nan,,nan,nan,nan,0.0002809508832135507,nan,0.0002809508832135507,nan,0.0002809508832135507,6.350521878692464e-05,nan,free_jones_peb,free,6.350521878692464e-05,nan,0.0002809508832135507,4.0,4.0,0.0,74.38377110368803,69.84558422826326,nan,True,False,disabled,nan,nan,8.859624201591203e-15,245916903.64984554,nan,True,False,8dc4f470547f71c7bbbfab20d66331fe815668d9c9eb7a3dceadd43db18a7ee2,0.012536941931437524,computed_unscaled,cpu,nan,nan,nan,,,,,,,,nan,nan,nan,nan,nan,nan,False,,,,,,,,,nan,nan,nan,nan,,,,[],False,nan,nan,nan,,,nan,nan,nan,False,nan,,,False,,nan,nan,,,nan,nan,nan,False,nan,,,,False,nan,nan,,nan,nan,,,legacy_multistart,
fig4,full_6d_evs_peb,0,3147786918,15.0,snr_db,15.0,3,3,3,3,full_6d,3147786918,fixed_full6d_reference_sigma2,full_6d,0.012536941931437524,0436af21ffd24b8c,False,,12.709473554044962,nan,nan,nan,nan,nan,nan,False,,,,False,,,,,,,,,,,,,,,,,,,,,,,,False,,,nan,nan,nan,nan,False,,,nan,nan,,,,,[],nan,,,nan,nan,nan,nan,,nan,nan,nan,6.350613982890842e-05,nan,nan,6.350613982890842e-05,6.350613982890842e-05,6.350521878692464e-05,nan,free_jones_peb,free,6.350521878692464e-05,nan,6.350613982890842e-05,4.0,4.0,0.0,69.8480176162855,69.84558422826326,nan,True,False,disabled,nan,nan,7.151356195187963e-15,1078.3484721978937,nan,True,False,7c738a48c71d396c30709f16037cef480e872ff8eba0c095999cea8980974cb0,0.012536941931437524,computed_unscaled,cpu,nan,nan,nan,,,,,,,,nan,nan,nan,nan,nan,nan,False,,,,,,,,,nan,nan,nan,nan,,,,[],False,nan,nan,nan,,,nan,nan,nan,False,nan,,,False,,nan,nan,,,nan,nan,nan,False,nan,,,,False,nan,nan,,nan,nan,,,legacy_multistart,
fig4,full_6d_constrained_jones_peb,0,3147786918,15.0,snr_db,15.0,3,3,3,3,full_6d,3147786918,fixed_full6d_reference_sigma2,full_6d,0.012536941931437524,0436af21ffd24b8c,False,,0.0013562231324613094,nan,nan,nan,nan,nan,nan,False,,,,False,,,,,,,,,,,,,,,,,,,,,,,,False,,,nan,nan,nan,nan,False,,,nan,nan,,,,,[],nan,,,nan,nan,nan,nan,,nan,nan,nan,6.350521878692464e-05,nan,nan,6.350521878692464e-05,6.350613982890842e-05,6.350521878692464e-05,nan,constrained_jones_peb,constrained,6.350521878692464e-05,nan,6.350613982890842e-05,4.0,4.0,0.0,69.8480176162855,69.84558422826326,nan,True,False,disabled,nan,nan,7.151356195187963e-15,1078.3484721978937,nan,True,False,7c738a48c71d396c30709f16037cef480e872ff8eba0c095999cea8980974cb0,0.012536941931437524,computed_unscaled,cpu,nan,nan,nan,,,,,,,,nan,nan,nan,nan,nan,nan,False,,,,,,,,,nan,nan,nan,nan,,,,[],False,nan,nan,nan,,,nan,nan,nan,False,nan,,,False,,nan,nan,,,nan,nan,nan,False,nan,,,,False,nan,nan,,nan,nan,,,legacy_multistart,
fig4,scalar_peb,3,3422926171,15.0,snr_db,15.0,3,3,3,3,scalar,3422926171,fixed_full6d_reference_sigma2,full_6d,0.008793113035534898,51e8e7f1cf215729,False,,12.966852207900956,nan,nan,nan,nan,nan,nan,False,,,,False,,,,,,,,,,,,,,,,,,,,,,,,False,,,nan,nan,nan,nan,False,,,nan,nan,,,,,[],nan,,,nan,nan,nan,nan,,nan,nan,nan,0.001959660564954556,0.001959660564954556,nan,nan,0.001959660564954556,6.147101640994572e-05,nan,free_jones_peb,free,6.147101640994572e-05,nan,0.001959660564954556,4.0,4.0,0.0,104.50572595812716,79.32568453893886,nan,True,False,disabled,nan,nan,3.9997808026930334e-15,270006500.1405583,nan,True,False,6d2b6f9de96b8591d5302f64424683a02c9496c3cee2815dc2956f0c1ed3f810,0.008793113035534898,computed_unscaled,cpu,nan,nan,nan,,,,,,,,nan,nan,nan,nan,nan,nan,False,,,,,,,,,nan,nan,nan,nan,,,,[],False,nan,nan,nan,,,nan,nan,nan,False,nan,,,False,,nan,nan,,,nan,nan,nan,False,nan,,,,False,nan,nan,,nan,nan,,,legacy_multistart,
fig4,dual_pol_peb,3,3422926171,15.0,snr_db,15.0,3,3,3,3,dual_pol,3422926171,fixed_full6d_reference_sigma2,full_6d,0.008793113035534898,51e8e7f1cf215729,False,,12.782518103951588,nan,nan,nan,nan,nan,nan,False,,,,False,,,,,,,,,,,,,,,,,,,,,,,,False,,,nan,nan,nan,nan,False,,,nan,nan,,,,,[],nan,,,nan,nan,nan,nan,,nan,nan,nan,0.0001651495099250545,nan,0.0001651495099250545,nan,0.0001651495099250545,6.147101640994572e-05,nan,free_jones_peb,free,6.147101640994572e-05,nan,0.0001651495099250545,4.0,4.0,0.0,79.39545670317158,79.32568453893886,nan,True,False,disabled,nan,nan,7.031867988373302e-15,233009252.29481214,nan,True,False,f77eeba51e4c29f45760a30757cde728bf1f86a0a513fc49d764f003ded781c7,0.008793113035534898,computed_unscaled,cpu,nan,nan,nan,,,,,,,,nan,nan,nan,nan,nan,nan,False,,,,,,,,,nan,nan,nan,nan,,,,[],False,nan,nan,nan,,,nan,nan,nan,False,nan,,,False,,nan,nan,,,nan,nan,nan,False,nan,,,,False,nan,nan,,nan,nan,,,legacy_multistart,
fig4,full_6d_evs_peb,3,3422926171,15.0,snr_db,15.0,3,3,3,3,full_6d,3422926171,fixed_full6d_reference_sigma2,full_6d,0.008793113035534898,51e8e7f1cf215729,False,,13.172822423977777,nan,nan,nan,nan,nan,nan,False,,,,False,,,,,,,,,,,,,,,,,,,,,,,,False,,,nan,nan,nan,nan,False,,,nan,nan,,,,,[],nan,,,nan,nan,nan,nan,,nan,nan,nan,6.147117865929228e-05,nan,nan,6.147117865929228e-05,6.147117865929228e-05,6.147101640994572e-05,nan,free_jones_peb,free,6.147101640994572e-05,nan,6.147117865929228e-05,4.0,4.0,0.0,79.32787446466104,79.32568453893886,nan,True,False,disabled,nan,nan,3.251696029233707e-15,1528.933410171803,nan,True,False,36031d2b9c9618797e3e0dd10eb5c7dda8abc129f14c8c8dd5b717980768d13b,0.008793113035534898,computed_unscaled,cpu,nan,nan,nan,,,,,,,,nan,nan,nan,nan,nan,nan,False,,,,,,,,,nan,nan,nan,nan,,,,[],False,nan,nan,nan,,,nan,nan,nan,False,nan,,,False,,nan,nan,,,nan,nan,nan,False,nan,,,,False,nan,nan,,nan,nan,,,legacy_multistart,
fig4,full_6d_constrained_jones_peb,3,3422926171,15.0,snr_db,15.0,3,3,3,3,full_6d,3422926171,fixed_full6d_reference_sigma2,full_6d,0.008793113035534898,51e8e7f1cf215729,False,,0.0014099329710006714,nan,nan,nan,nan,nan,nan,False,,,,False,,,,,,,,,,,,,,,,,,,,,,,,False,,,nan,nan,nan,nan,False,,,nan,nan,,,,,[],nan,,,nan,nan,nan,nan,,nan,nan,nan,6.147101640994572e-05,nan,nan,6.147101640994572e-05,6.147117865929228e-05,6.147101640994572e-05,nan,constrained_jones_peb,constrained,6.147101640994572e-05,nan,6.147117865929228e-05,4.0,4.0,0.0,79.32787446466104,79.32568453893886,nan,True,False,disabled,nan,nan,3.251696029233707e-15,1528.933410171803,nan,True,False,36031d2b9c9618797e3e0dd10eb5c7dda8abc129f14c8c8dd5b717980768d13b,0.008793113035534898,computed_unscaled,cpu,nan,nan,nan,,,,,,,,nan,nan,nan,nan,nan,nan,False,,,,,,,,,nan,nan,nan,nan,,,,[],False,nan,nan,nan,,,nan,nan,nan,False,nan,,,False,,nan,nan,,,nan,nan,nan,False,nan,,,,False,nan,nan,,nan,nan,,,legacy_multistart,
fig4,scalar_peb,7,1914929603,15.0,snr_db,15.0,3,3,3,3,scalar,1914929603,fixed_full6d_reference_sigma2,full_6d,0.023277959845425356,1fcc0d9fb309ac1c,False,,10.025405558058992,nan,nan,nan,nan,nan,nan,False,,,,False,,,,,,,,,,,,,,,,,,,,,,,,False,,,nan,nan,nan,nan,False,,,nan,nan,,,,,[],nan,,,nan,nan,nan,nan,,nan,nan,nan,0.0025566236786177072,0.0025566236786177072,nan,nan,0.0025566236786177072,6.0294820288736725e-05,nan,free_jones_peb,free,6.0294820288736725e-05,nan,0.0025566236786177072,4.0,4.0,0.0,107.31462831642776,85.34477319947685,nan,True,False,disabled,nan,nan,6.076088208348117e-15,255307030.8599885,nan,True,False,d8572e95f198cc4193a47572483e1b907f50e11a1c6e751323172f97705e7966,0.023277959845425356,computed_unscaled,cpu,nan,nan,nan,,,,,,,,nan,nan,nan,nan,nan,nan,False,,,,,,,,,nan,nan,nan,nan,,,,[],False,nan,nan,nan,,,nan,nan,nan,False,nan,,,False,,nan,nan,,,nan,nan,nan,False,nan,,,,False,nan,nan,,nan,nan,,,legacy_multistart,
fig4,dual_pol_peb,7,1914929603,15.0,snr_db,15.0,3,3,3,3,dual_pol,1914929603,fixed_full6d_reference_sigma2,full_6d,0.023277959845425356,1fcc0d9fb309ac1c,False,,9.459287415025756,nan,nan,nan,nan,nan,nan,False,,,,False,,,,,,,,,,,,,,,,,,,,,,,,False,,,nan,nan,nan,nan,False,,,nan,nan,,,,,[],nan,,,nan,nan,nan,nan,,nan,nan,nan,0.00016986729874619426,nan,0.00016986729874619426,nan,0.00016986729874619426,6.0294820288736725e-05,nan,free_jones_peb,free,6.0294820288736725e-05,nan,0.00016986729874619426,4.0,4.0,0.0,82.77441195198539,85.34477319947685,nan,True,False,disabled,nan,nan,4.2464852218428e-15,221948791.60383162,nan,True,False,b44b9b557050131cc94ed16e3f420da41ec18220fbf46411d41a1ccb837ac303,0.023277959845425356,computed_unscaled,cpu,nan,nan,nan,,,,,,,,nan,nan,nan,nan,nan,nan,False,,,,,,,,,nan,nan,nan,nan,,,,[],False,nan,nan,nan,,,nan,nan,nan,False,nan,,,False,,nan,nan,,,nan,nan,nan,False,nan,,,,False,nan,nan,,nan,nan,,,legacy_multistart,
fig4,full_6d_evs_peb,7,1914929603,15.0,snr_db,15.0,3,3,3,3,full_6d,1914929603,fixed_full6d_reference_sigma2,full_6d,0.023277959845425356,1fcc0d9fb309ac1c,False,,9.271090283989906,nan,nan,nan,nan,nan,nan,False,,,,False,,,,,,,,,,,,,,,,,,,,,,,,False,,,nan,nan,nan,nan,False,,,nan,nan,,,,,[],nan,,,nan,nan,nan,nan,,nan,nan,nan,6.029545772165475e-05,nan,nan,6.029545772165475e-05,6.029545772165475e-05,6.0294820288736725e-05,nan,free_jones_peb,free,6.0294820288736725e-05,nan,6.029545772165475e-05,4.0,4.0,0.0,85.34641686574984,85.34477319947685,nan,True,False,disabled,nan,nan,7.97696725903239e-15,3128.1287732085925,nan,True,False,84f1975fc112e22552cd5389ecb9ea5e68088b810ed0a30ff85dfd5971674377,0.023277959845425356,computed_unscaled,cpu,nan,nan,nan,,,,,,,,nan,nan,nan,nan,nan,nan,False,,,,,,,,,nan,nan,nan,nan,,,,[],False,nan,nan,nan,,,nan,nan,nan,False,nan,,,False,,nan,nan,,,nan,nan,nan,False,nan,,,,False,nan,nan,,nan,nan,,,legacy_multistart,
fig4,full_6d_constrained_jones_peb,7,1914929603,15.0,snr_db,15.0,3,3,3,3,full_6d,1914929603,fixed_full6d_reference_sigma2,full_6d,0.023277959845425356,1fcc0d9fb309ac1c,False,,0.0013777811545878649,nan,nan,nan,nan,nan,nan,False,,,,False,,,,,,,,,,,,,,,,,,,,,,,,False,,,nan,nan,nan,nan,False,,,nan,nan,,,,,[],nan,,,nan,nan,nan,nan,,nan,nan,nan,6.0294820288736725e-05,nan,nan,6.0294820288736725e-05,6.029545772165475e-05,6.0294820288736725e-05,nan,constrained_jones_peb,constrained,6.0294820288736725e-05,nan,6.029545772165475e-05,4.0,4.0,0.0,85.34641686574984,85.34477319947685,nan,True,False,disabled,nan,nan,7.97696725903239e-15,3128.1287732085925,nan,True,False,84f1975fc112e22552cd5389ecb9ea5e68088b810ed0a30ff85dfd5971674377,0.023277959845425356,computed_unscaled,cpu,nan,nan,nan,,,,,,,,nan,nan,nan,nan,nan,nan,False,,,,,,,,,nan,nan,nan,nan,,,,[],False,nan,nan,nan,,,nan,nan,nan,False,nan,,,False,,nan,nan,,,nan,nan,nan,False,nan,,,,False,nan,nan,,nan,nan,,,legacy_multistart,
fig4,scalar_peb,4,287230138,15.0,snr_db,15.0,3,3,3,3,scalar,287230138,fixed_full6d_reference_sigma2,full_6d,0.015632980080685456,0dc4695edcfd6de6,False,,12.93794126296416,nan,nan,nan,nan,nan,nan,False,,,,False,,,,,,,,,,,,,,,,,,,,,,,,False,,,nan,nan,nan,nan,False,,,nan,nan,,,,,[],nan,,,nan,nan,nan,nan,,nan,nan,nan,0.0017025298673517375,0.0017025298673517375,nan,nan,0.0017025298673517375,5.6433767873883815e-05,nan,free_jones_peb,free,5.6433767873883815e-05,nan,0.0017025298673517375,4.0,4.0,0.0,109.10580716526093,76.13476668992477,nan,True,False,disabled,nan,nan,3.266793514764654e-15,291064162.48843324,nan,True,False,3a97bf21da1a2141f67aadd557c78cf8b0d89e00d7c8ece8feadcfc10ca8c45e,0.015632980080685456,computed_unscaled,cpu,nan,nan,nan,,,,,,,,nan,nan,nan,nan,nan,nan,False,,,,,,,,,nan,nan,nan,nan,,,,[],False,nan,nan,nan,,,nan,nan,nan,False,nan,,,False,,nan,nan,,,nan,nan,nan,False,nan,,,,False,nan,nan,,nan,nan,,,legacy_multistart,
fig4,dual_pol_peb,4,287230138,15.0,snr_db,15.0,3,3,3,3,dual_pol,287230138,fixed_full6d_reference_sigma2,full_6d,0.015632980080685456,0dc4695edcfd6de6,False,,12.794452434172854,nan,nan,nan,nan,nan,nan,False,,,,False,,,,,,,,,,,,,,,,,,,,,,,,False,,,nan,nan,nan,nan,False,,,nan,nan,,,,,[],nan,,,nan,nan,nan,nan,,nan,nan,nan,0.00013637655832566504,nan,0.00013637655832566504,nan,0.00013637655832566504,5.6433767873883815e-05,nan,free_jones_peb,free,5.6433767873883815e-05,nan,0.00013637655832566504,4.0,4.0,0.0,73.98742361562095,76.13476668992477,nan,True,False,disabled,nan,nan,4.576281511698762e-15,239522073.52459976,nan,True,False,4fe9f0bc21454d08b4befb801e7720d31b4f6c31543dd0044b72da8dd29691d1,0.015632980080685456,computed_unscaled,cpu,nan,nan,nan,,,,,,,,nan,nan,nan,nan,nan,nan,False,,,,,,,,,nan,nan,nan,nan,,,,[],False,nan,nan,nan,,,nan,nan,nan,False,nan,,,False,,nan,nan,,,nan,nan,nan,False,nan,,,,False,nan,nan,,nan,nan,,,legacy_multistart,
fig4,full_6d_evs_peb,4,287230138,15.0,snr_db,15.0,3,3,3,3,full_6d,287230138,fixed_full6d_reference_sigma2,full_6d,0.015632980080685456,0dc4695edcfd6de6,False,,17.393326475052163,nan,nan,nan,nan,nan,nan,False,,,,False,,,,,,,,,,,,,,,,,,,,,,,,False,,,nan,nan,nan,nan,False,,,nan,nan,,,,,[],nan,,,nan,nan,nan,nan,,nan,nan,nan,5.6433999336143764e-05,nan,nan,5.6433999336143764e-05,5.6433999336143764e-05,5.6433767873883815e-05,nan,free_jones_peb,free,5.6433767873883815e-05,nan,5.6433999336143764e-05,4.0,4.0,0.0,76.1418200428264,76.13476668992477,nan,True,False,disabled,nan,nan,1.5522924237730858e-14,190.15537796110004,nan,True,False,72d5586e1e2071d827e37c0d5029359210d7878b9ab9d369f2c38d0e300801aa,0.015632980080685456,computed_unscaled,cpu,nan,nan,nan,,,,,,,,nan,nan,nan,nan,nan,nan,False,,,,,,,,,nan,nan,nan,nan,,,,[],False,nan,nan,nan,,,nan,nan,nan,False,nan,,,False,,nan,nan,,,nan,nan,nan,False,nan,,,,False,nan,nan,,nan,nan,,,legacy_multistart,
fig4,full_6d_constrained_jones_peb,4,287230138,15.0,snr_db,15.0,3,3,3,3,full_6d,287230138,fixed_full6d_reference_sigma2,full_6d,0.015632980080685456,0dc4695edcfd6de6,False,,0.0014537409879267216,nan,nan,nan,nan,nan,nan,False,,,,False,,,,,,,,,,,,,,,,,,,,,,,,False,,,nan,nan,nan,nan,False,,,nan,nan,,,,,[],nan,,,nan,nan,nan,nan,,nan,nan,nan,5.6433767873883815e-05,nan,nan,5.6433767873883815e-05,5.6433999336143764e-05,5.6433767873883815e-05,nan,constrained_jones_peb,constrained,5.6433767873883815e-05,nan,5.6433999336143764e-05,4.0,4.0,0.0,76.1418200428264,76.13476668992477,nan,True,False,disabled,nan,nan,1.5522924237730858e-14,190.15537796110004,nan,True,False,72d5586e1e2071d827e37c0d5029359210d7878b9ab9d369f2c38d0e300801aa,0.015632980080685456,computed_unscaled,cpu,nan,nan,nan,,,,,,,,nan,nan,nan,nan,nan,nan,False,,,,,,,,,nan,nan,nan,nan,,,,[],False,nan,nan,nan,,,nan,nan,nan,False,nan,,,False,,nan,nan,,,nan,nan,nan,False,nan,,,,False,nan,nan,,nan,nan,,,legacy_multistart,
fig4,scalar_peb,9,3933360494,15.0,snr_db,15.0,3,3,3,3,scalar,3933360494,fixed_full6d_reference_sigma2,full_6d,0.0037669765817983703,607853016da1eed7,False,,10.354454801883548,nan,nan,nan,nan,nan,nan,False,,,,False,,,,,,,,,,,,,,,,,,,,,,,,False,,,nan,nan,nan,nan,False,,,nan,nan,,,,,[],nan,,,nan,nan,nan,nan,,nan,nan,nan,0.0018683939725558354,0.0018683939725558354,nan,nan,0.0018683939725558354,6.765505974520271e-05,nan,free_jones_peb,free,6.765505974520271e-05,nan,0.0018683939725558354,4.0,4.0,0.0,152.0510414537803,76.97132639814663,nan,True,False,disabled,nan,nan,3.689194266461093e-15,228286698.64315715,nan,True,False,23d2fccd900640c7194c1fd2afbf8927da0030c3a396b91ee61afefd33e5ffef,0.0037669765817983703,computed_unscaled,cpu,nan,nan,nan,,,,,,,,nan,nan,nan,nan,nan,nan,False,,,,,,,,,nan,nan,nan,nan,,,,[],False,nan,nan,nan,,,nan,nan,nan,False,nan,,,False,,nan,nan,,,nan,nan,nan,False,nan,,,,False,nan,nan,,nan,nan,,,legacy_multistart,
fig4,dual_pol_peb,9,3933360494,15.0,snr_db,15.0,3,3,3,3,dual_pol,3933360494,fixed_full6d_reference_sigma2,full_6d,0.0037669765817983703,607853016da1eed7,False,,9.486029703868553,nan,nan,nan,nan,nan,nan,False,,,,False,,,,,,,,,,,,,,,,,,,,,,,,False,,,nan,nan,nan,nan,False,,,nan,nan,,,,,[],nan,,,nan,nan,nan,nan,,nan,nan,nan,0.00022569082352512677,nan,0.00022569082352512677,nan,0.00022569082352512677,6.765505974520271e-05,nan,free_jones_peb,free,6.765505974520271e-05,nan,0.00022569082352512677,4.0,4.0,0.0,83.63359391479062,76.97132639814663,nan,True,False,disabled,nan,nan,4.470573821864344e-15,207928425.17918223,nan,True,False,5c50e3e114f50289aba4cec36bdb0f867d74e95d498425153d9308ae1a2cd3da,0.0037669765817983703,computed_unscaled,cpu,nan,nan,nan,,,,,,,,nan,nan,nan,nan,nan,nan,False,,,,,,,,,nan,nan,nan,nan,,,,[],False,nan,nan,nan,,,nan,nan,nan,False,nan,,,False,,nan,nan,,,nan,nan,nan,False,nan,,,,False,nan,nan,,nan,nan,,,legacy_multistart,
fig4,full_6d_evs_peb,9,3933360494,15.0,snr_db,15.0,3,3,3,3,full_6d,3933360494,fixed_full6d_reference_sigma2,full_6d,0.0037669765817983703,607853016da1eed7,False,,9.669233219930902,nan,nan,nan,nan,nan,nan,False,,,,False,,,,,,,,,,,,,,,,,,,,,,,,False,,,nan,nan,nan,nan,False,,,nan,nan,,,,,[],nan,,,nan,nan,nan,nan,,nan,nan,nan,6.765671232655503e-05,nan,nan,6.765671232655503e-05,6.765671232655503e-05,6.765505974520271e-05,nan,free_jones_peb,free,6.765505974520271e-05,nan,6.765671232655503e-05,4.0,4.0,0.0,76.97442076595499,76.97132639814663,nan,True,False,disabled,nan,nan,5.534642026990126e-15,4313.15283249844,nan,True,False,2f009590b628473d7acf259cec76359e96ba2256fe333ef7c1514fe7022a67d5,0.0037669765817983703,computed_unscaled,cpu,nan,nan,nan,,,,,,,,nan,nan,nan,nan,nan,nan,False,,,,,,,,,nan,nan,nan,nan,,,,[],False,nan,nan,nan,,,nan,nan,nan,False,nan,,,False,,nan,nan,,,nan,nan,nan,False,nan,,,,False,nan,nan,,nan,nan,,,legacy_multistart,
fig4,full_6d_constrained_jones_peb,9,3933360494,15.0,snr_db,15.0,3,3,3,3,full_6d,3933360494,fixed_full6d_reference_sigma2,full_6d,0.0037669765817983703,607853016da1eed7,False,,0.0013400600291788578,nan,nan,nan,nan,nan,nan,False,,,,False,,,,,,,,,,,,,,,,,,,,,,,,False,,,nan,nan,nan,nan,False,,,nan,nan,,,,,[],nan,,,nan,nan,nan,nan,,nan,nan,nan,6.765505974520271e-05,nan,nan,6.765505974520271e-05,6.765671232655503e-05,6.765505974520271e-05,nan,constrained_jones_peb,constrained,6.765505974520271e-05,nan,6.765671232655503e-05,4.0,4.0,0.0,76.97442076595499,76.97132639814663,nan,True,False,disabled,nan,nan,5.534642026990126e-15,4313.15283249844,nan,True,False,2f009590b628473d7acf259cec76359e96ba2256fe333ef7c1514fe7022a67d5,0.0037669765817983703,computed_unscaled,cpu,nan,nan,nan,,,,,,,,nan,nan,nan,nan,nan,nan,False,,,,,,,,,nan,nan,nan,nan,,,,[],False,nan,nan,nan,,,nan,nan,nan,False,nan,,,False,,nan,nan,,,nan,nan,nan,False,nan,,,,False,nan,nan,,nan,nan,,,legacy_multistart,
fig4,scalar_peb,20,3607282624,10.0,snr_db,10.0,3,3,3,3,scalar,3607282624,fixed_full6d_reference_sigma2,full_6d,0.057205569317453665,4738719b211b6ddd,False,,17.39880177588202,nan,nan,nan,nan,nan,nan,False,,,,False,,,,,,,,,,,,,,,,,,,,,,,,False,,,nan,nan,nan,nan,False,,,nan,nan,,,,,[],nan,,,nan,nan,nan,nan,,nan,nan,nan,0.003560714740742389,0.003560714740742389,nan,nan,0.003560714740742389,0.00010675707394601767,nan,free_jones_peb,free,0.00010675707394601767,nan,0.003560714740742389,4.0,4.0,0.0,140.85253612399484,65.4448071541563,nan,True,False,disabled,nan,nan,5.0899388529772765e-15,85790810.12020889,nan,True,False,d55a112d2b0e8a5bbe2e9ebbc09713c232ec12817530458a0e96df3c2ffa5f97,0.057205569317453665,computed_unscaled,cpu,nan,nan,nan,,,,,,,,nan,nan,nan,nan,nan,nan,False,,,,,,,,,nan,nan,nan,nan,,,,[],False,nan,nan,nan,,,nan,nan,nan,False,nan,,,False,,nan,nan,,,nan,nan,nan,False,nan,,,,False,nan,nan,,nan,nan,,,legacy_multistart,
fig4,dual_pol_peb,20,3607282624,10.0,snr_db,10.0,3,3,3,3,dual_pol,3607282624,fixed_full6d_reference_sigma2,full_6d,0.057205569317453665,4738719b211b6ddd,False,,17.13467839313671,nan,nan,nan,nan,nan,nan,False,,,,False,,,,,,,,,,,,,,,,,,,,,,,,False,,,nan,nan,nan,nan,False,,,nan,nan,,,,,[],nan,,,nan,nan,nan,nan,,nan,nan,nan,0.0002509802528781846,nan,0.0002509802528781846,nan,0.0002509802528781846,0.00010675707394601767,nan,free_jones_peb,free,0.00010675707394601767,nan,0.0002509802528781846,4.0,4.0,0.0,65.94175143404577,65.4448071541563,nan,True,False,disabled,nan,nan,3.44357266420435e-15,70598478.28150421,nan,True,False,69f791d10fa1c5e844325c11b57a310bf435d47976592123c61e7bd2e017cefc,0.057205569317453665,computed_unscaled,cpu,nan,nan,nan,,,,,,,,nan,nan,nan,nan,nan,nan,False,,,,,,,,,nan,nan,nan,nan,,,,[],False,nan,nan,nan,,,nan,nan,nan,False,nan,,,False,,nan,nan,,,nan,nan,nan,False,nan,,,,False,nan,nan,,nan,nan,,,legacy_multistart,
fig4,full_6d_evs_peb,20,3607282624,10.0,snr_db,10.0,3,3,3,3,full_6d,3607282624,fixed_full6d_reference_sigma2,full_6d,0.057205569317453665,4738719b211b6ddd,False,,17.51827610307373,nan,nan,nan,nan,nan,nan,False,,,,False,,,,,,,,,,,,,,,,,,,,,,,,False,,,nan,nan,nan,nan,False,,,nan,nan,,,,,[],nan,,,nan,nan,nan,nan,,nan,nan,nan,0.00010675723028355902,nan,nan,0.00010675723028355902,0.00010675723028355902,0.00010675707394601767,nan,free_jones_peb,free,0.00010675707394601767,nan,0.00010675723028355902,4.0,4.0,0.0,65.44704181364823,65.4448071541563,nan,True,False,disabled,nan,nan,4.597145614154794e-15,15.190933339544513,nan,True,False,614c1d5045ebcd05d85977496f662de337f9fdc3d750d62d2ed64ea91c25b070,0.057205569317453665,computed_unscaled,cpu,nan,nan,nan,,,,,,,,nan,nan,nan,nan,nan,nan,False,,,,,,,,,nan,nan,nan,nan,,,,[],False,nan,nan,nan,,,nan,nan,nan,False,nan,,,False,,nan,nan,,,nan,nan,nan,False,nan,,,,False,nan,nan,,nan,nan,,,legacy_multistart,
fig4,full_6d_constrained_jones_peb,20,3607282624,10.0,snr_db,10.0,3,3,3,3,full_6d,3607282624,fixed_full6d_reference_sigma2,full_6d,0.057205569317453665,4738719b211b6ddd,False,,0.0013860948383808136,nan,nan,nan,nan,nan,nan,False,,,,False,,,,,,,,,,,,,,,,,,,,,,,,False,,,nan,nan,nan,nan,False,,,nan,nan,,,,,[],nan,,,nan,nan,nan,nan,,nan,nan,nan,0.00010675707394601767,nan,nan,0.00010675707394601767,0.00010675723028355902,0.00010675707394601767,nan,constrained_jones_peb,constrained,0.00010675707394601767,nan,0.00010675723028355902,4.0,4.0,0.0,65.44704181364823,65.4448071541563,nan,True,False,disabled,nan,nan,4.597145614154794e-15,15.190933339544513,nan,True,False,614c1d5045ebcd05d85977496f662de337f9fdc3d750d62d2ed64ea91c25b070,0.057205569317453665,computed_unscaled,cpu,nan,nan,nan,,,,,,,,nan,nan,nan,nan,nan,nan,False,,,,,,,,,nan,nan,nan,nan,,,,[],False,nan,nan,nan,,,nan,nan,nan,False,nan,,,False,,nan,nan,,,nan,nan,nan,False,nan,,,,False,nan,nan,,nan,nan,,,legacy_multistart,
fig4,scalar_peb,1,112311654,15.0,snr_db,15.0,3,3,3,3,scalar,112311654,fixed_full6d_reference_sigma2,full_6d,0.00960799342656914,4b42f90884f0a7ec,False,,16.68845361401327,nan,nan,nan,nan,nan,nan,False,,,,False,,,,,,,,,,,,,,,,,,,,,,,,False,,,nan,nan,nan,nan,False,,,nan,nan,,,,,[],nan,,,nan,nan,nan,nan,,nan,nan,nan,0.0019124028779446277,0.0019124028779446277,nan,nan,0.0019124028779446277,8.078372914822078e-05,nan,free_jones_peb,free,8.078372914822078e-05,nan,0.0019124028779446277,4.0,4.0,0.0,103.42543501443835,98.5564469786429,nan,True,False,disabled,nan,nan,9.261614825787933e-15,161531127.65383846,nan,True,False,fa6fba46c95bc61c803f79365f0d9505da44453f202847b9b8ecc32965b8cd2d,0.00960799342656914,computed_unscaled,cpu,nan,nan,nan,,,,,,,,nan,nan,nan,nan,nan,nan,False,,,,,,,,,nan,nan,nan,nan,,,,[],False,nan,nan,nan,,,nan,nan,nan,False,nan,,,False,,nan,nan,,,nan,nan,nan,False,nan,,,,False,nan,nan,,nan,nan,,,legacy_multistart,
fig4,dual_pol_peb,1,112311654,15.0,snr_db,15.0,3,3,3,3,dual_pol,112311654,fixed_full6d_reference_sigma2,full_6d,0.00960799342656914,4b42f90884f0a7ec,False,,16.992162600858137,nan,nan,nan,nan,nan,nan,False,,,,False,,,,,,,,,,,,,,,,,,,,,,,,False,,,nan,nan,nan,nan,False,,,nan,nan,,,,,[],nan,,,nan,nan,nan,nan,,nan,nan,nan,0.0002808945758841041,nan,0.0002808945758841041,nan,0.0002808945758841041,8.078372914822078e-05,nan,free_jones_peb,free,8.078372914822078e-05,nan,0.0002808945758841041,4.0,4.0,0.0,91.56074979956588,98.5564469786429,nan,True,False,disabled,nan,nan,1.0905471312483319e-14,148653488.60474703,nan,True,False,9cb07c157e55079152cdbc0b259ea15448b5812311ff137fa6c78846796d4dab,0.00960799342656914,computed_unscaled,cpu,nan,nan,nan,,,,,,,,nan,nan,nan,nan,nan,nan,False,,,,,,,,,nan,nan,nan,nan,,,,[],False,nan,nan,nan,,,nan,nan,nan,False,nan,,,False,,nan,nan,,,nan,nan,nan,False,nan,,,,False,nan,nan,,nan,nan,,,legacy_multistart,
fig4,full_6d_evs_peb,1,112311654,15.0,snr_db,15.0,3,3,3,3,full_6d,112311654,fixed_full6d_reference_sigma2,full_6d,0.00960799342656914,4b42f90884f0a7ec,False,,17.338716451078653,nan,nan,nan,nan,nan,nan,False,,,,False,,,,,,,,,,,,,,,,,,,,,,,,False,,,nan,nan,nan,nan,False,,,nan,nan,,,,,[],nan,,,nan,nan,nan,nan,,nan,nan,nan,8.078451997330827e-05,nan,nan,8.078451997330827e-05,8.078451997330827e-05,8.078372914822078e-05,nan,free_jones_peb,free,8.078372914822078e-05,nan,8.078451997330827e-05,4.0,4.0,0.0,98.55800326139399,98.5564469786429,nan,True,False,disabled,nan,nan,1.0734957520992039e-14,1881.027259998758,nan,True,False,e3b48bd20620d3b9b8ef02e72c1473ee968de0b883c8a7b45706956b70dd2349,0.00960799342656914,computed_unscaled,cpu,nan,nan,nan,,,,,,,,nan,nan,nan,nan,nan,nan,False,,,,,,,,,nan,nan,nan,nan,,,,[],False,nan,nan,nan,,,nan,nan,nan,False,nan,,,False,,nan,nan,,,nan,nan,nan,False,nan,,,,False,nan,nan,,nan,nan,,,legacy_multistart,
fig4,full_6d_constrained_jones_peb,1,112311654,15.0,snr_db,15.0,3,3,3,3,full_6d,112311654,fixed_full6d_reference_sigma2,full_6d,0.00960799342656914,4b42f90884f0a7ec,False,,0.0015240011271089315,nan,nan,nan,nan,nan,nan,False,,,,False,,,,,,,,,,,,,,,,,,,,,,,,False,,,nan,nan,nan,nan,False,,,nan,nan,,,,,[],nan,,,nan,nan,nan,nan,,nan,nan,nan,8.078372914822078e-05,nan,nan,8.078372914822078e-05,8.078451997330827e-05,8.078372914822078e-05,nan,constrained_jones_peb,constrained,8.078372914822078e-05,nan,8.078451997330827e-05,4.0,4.0,0.0,98.55800326139399,98.5564469786429,nan,True,False,disabled,nan,nan,1.0734957520992039e-14,1881.027259998758,nan,True,False,e3b48bd20620d3b9b8ef02e72c1473ee968de0b883c8a7b45706956b70dd2349,0.00960799342656914,computed_unscaled,cpu,nan,nan,nan,,,,,,,,nan,nan,nan,nan,nan,nan,False,,,,,,,,,nan,nan,nan,nan,,,,[],False,nan,nan,nan,,,nan,nan,nan,False,nan,,,False,,nan,nan,,,nan,nan,nan,False,nan,,,,False,nan,nan,,nan,nan,,,legacy_multistart,
fig4,scalar_peb,23,2043173887,10.0,snr_db,10.0,3,3,3,3,scalar,2043173887,fixed_full6d_reference_sigma2,full_6d,0.032756575586599626,ea4c588c1598dd58,False,,17.41815316188149,nan,nan,nan,nan,nan,nan,False,,,,False,,,,,,,,,,,,,,,,,,,,,,,,False,,,nan,nan,nan,nan,False,,,nan,nan,,,,,[],nan,,,nan,nan,nan,nan,,nan,nan,nan,0.0049597840627325475,0.0049597840627325475,nan,nan,0.0049597840627325475,0.00011079466344854721,nan,free_jones_peb,free,0.00011079466344854721,nan,0.0049597840627325475,4.0,4.0,0.0,82.84495212885678,63.9557046551777,nan,True,False,disabled,nan,nan,1.0815413774573562e-14,83906405.33661988,nan,True,False,87d11b30b2b354763affc746a406804beff6231c93115ab9e8564b2555508918,0.032756575586599626,computed_unscaled,cpu,nan,nan,nan,,,,,,,,nan,nan,nan,nan,nan,nan,False,,,,,,,,,nan,nan,nan,nan,,,,[],False,nan,nan,nan,,,nan,nan,nan,False,nan,,,False,,nan,nan,,,nan,nan,nan,False,nan,,,,False,nan,nan,,nan,nan,,,legacy_multistart,
fig4,dual_pol_peb,23,2043173887,10.0,snr_db,10.0,3,3,3,3,dual_pol,2043173887,fixed_full6d_reference_sigma2,full_6d,0.032756575586599626,ea4c588c1598dd58,False,,17.06996116694063,nan,nan,nan,nan,nan,nan,False,,,,False,,,,,,,,,,,,,,,,,,,,,,,,False,,,nan,nan,nan,nan,False,,,nan,nan,,,,,[],nan,,,nan,nan,nan,nan,,nan,nan,nan,0.0003003781256520539,nan,0.0003003781256520539,nan,0.0003003781256520539,0.00011079466344854721,nan,free_jones_peb,free,0.00011079466344854721,nan,0.0003003781256520539,4.0,4.0,0.0,75.28877965469246,63.9557046551777,nan,True,False,disabled,nan,nan,3.779641738478916e-15,72607802.13923575,nan,True,False,ba7c54c525669a49f352e03ae343c04d0632702243a7f010eb38ac01de638d7a,0.032756575586599626,computed_unscaled,cpu,nan,nan,nan,,,,,,,,nan,nan,nan,nan,nan,nan,False,,,,,,,,,nan,nan,nan,nan,,,,[],False,nan,nan,nan,,,nan,nan,nan,False,nan,,,False,,nan,nan,,,nan,nan,nan,False,nan,,,,False,nan,nan,,nan,nan,,,legacy_multistart,
fig4,full_6d_evs_peb,23,2043173887,10.0,snr_db,10.0,3,3,3,3,full_6d,2043173887,fixed_full6d_reference_sigma2,full_6d,0.032756575586599626,ea4c588c1598dd58,False,,17.315748477121815,nan,nan,nan,nan,nan,nan,False,,,,False,,,,,,,,,,,,,,,,,,,,,,,,False,,,nan,nan,nan,nan,False,,,nan,nan,,,,,[],nan,,,nan,nan,nan,nan,,nan,nan,nan,0.00011079693799400164,nan,nan,0.00011079693799400164,0.00011079693799400164,0.00011079466344854721,nan,free_jones_peb,free,0.00011079466344854721,nan,0.00011079693799400164,4.0,4.0,0.0,63.95502988470635,63.9557046551777,nan,True,False,disabled,nan,nan,2.0209664389882197e-15,476.3350499017881,nan,True,False,7093cfec76f40175c6c7c58aa1b5153ce86056a79427b6463226f28ede4d41bd,0.032756575586599626,computed_unscaled,cpu,nan,nan,nan,,,,,,,,nan,nan,nan,nan,nan,nan,False,,,,,,,,,nan,nan,nan,nan,,,,[],False,nan,nan,nan,,,nan,nan,nan,False,nan,,,False,,nan,nan,,,nan,nan,nan,False,nan,,,,False,nan,nan,,nan,nan,,,legacy_multistart,
fig4,full_6d_constrained_jones_peb,23,2043173887,10.0,snr_db,10.0,3,3,3,3,full_6d,2043173887,fixed_full6d_reference_sigma2,full_6d,0.032756575586599626,ea4c588c1598dd58,False,,0.0014046109281480312,nan,nan,nan,nan,nan,nan,False,,,,False,,,,,,,,,,,,,,,,,,,,,,,,False,,,nan,nan,nan,nan,False,,,nan,nan,,,,,[],nan,,,nan,nan,nan,nan,,nan,nan,nan,0.00011079466344854721,nan,nan,0.00011079466344854721,0.00011079693799400164,0.00011079466344854721,nan,constrained_jones_peb,constrained,0.00011079466344854721,nan,0.00011079693799400164,4.0,4.0,0.0,63.95502988470635,63.9557046551777,nan,True,False,disabled,nan,nan,2.0209664389882197e-15,476.3350499017881,nan,True,False,7093cfec76f40175c6c7c58aa1b5153ce86056a79427b6463226f28ede4d41bd,0.032756575586599626,computed_unscaled,cpu,nan,nan,nan,,,,,,,,nan,nan,nan,nan,nan,nan,False,,,,,,,,,nan,nan,nan,nan,,,,[],False,nan,nan,nan,,,nan,nan,nan,False,nan,,,False,,nan,nan,,,nan,nan,nan,False,nan,,,,False,nan,nan,,nan,nan,,,legacy_multistart,
fig4,scalar_peb,8,641399591,15.0,snr_db,15.0,3,3,3,3,scalar,641399591,fixed_full6d_reference_sigma2,full_6d,0.007130701278172195,67529505b1ac0a5f,False,,12.659309395123273,nan,nan,nan,nan,nan,nan,False,,,,False,,,,,,,,,,,,,,,,,,,,,,,,False,,,nan,nan,nan,nan,False,,,nan,nan,,,,,[],nan,,,nan,nan,nan,nan,,nan,nan,nan,0.0018413390723402124,0.0018413390723402124,nan,nan,0.0018413390723402124,6.177795368851943e-05,nan,free_jones_peb,free,6.177795368851943e-05,nan,0.0018413390723402124,4.0,4.0,0.0,114.52146509670158,78.37377137224922,nan,True,False,disabled,nan,nan,5.8086340017029905e-15,269718635.27793765,nan,True,False,a732f6c1b505dd31abfe1f8ad599e32fbecdf22d475326329e10dadf9f1da568,0.007130701278172195,computed_unscaled,cpu,nan,nan,nan,,,,,,,,nan,nan,nan,nan,nan,nan,False,,,,,,,,,nan,nan,nan,nan,,,,[],False,nan,nan,nan,,,nan,nan,nan,False,nan,,,False,,nan,nan,,,nan,nan,nan,False,nan,,,,False,nan,nan,,nan,nan,,,legacy_multistart,
fig4,dual_pol_peb,8,641399591,15.0,snr_db,15.0,3,3,3,3,dual_pol,641399591,fixed_full6d_reference_sigma2,full_6d,0.007130701278172195,67529505b1ac0a5f,False,,12.503593535861,nan,nan,nan,nan,nan,nan,False,,,,False,,,,,,,,,,,,,,,,,,,,,,,,False,,,nan,nan,nan,nan,False,,,nan,nan,,,,,[],nan,,,nan,nan,nan,nan,,nan,nan,nan,0.00018672196944076458,nan,0.00018672196944076458,nan,0.00018672196944076458,6.177795368851943e-05,nan,free_jones_peb,free,6.177795368851943e-05,nan,0.00018672196944076458,4.0,4.0,0.0,85.4181940652352,78.37377137224922,nan,True,False,disabled,nan,nan,5.691947070328316e-15,237709611.12481296,nan,True,False,9fa4b482586f33d958d2f91e29f91c27faeb030ad582eb158d921de6dbd0acce,0.007130701278172195,computed_unscaled,cpu,nan,nan,nan,,,,,,,,nan,nan,nan,nan,nan,nan,False,,,,,,,,,nan,nan,nan,nan,,,,[],False,nan,nan,nan,,,nan,nan,nan,False,nan,,,False,,nan,nan,,,nan,nan,nan,False,nan,,,,False,nan,nan,,nan,nan,,,legacy_multistart,
fig4,full_6d_evs_peb,8,641399591,15.0,snr_db,15.0,3,3,3,3,full_6d,641399591,fixed_full6d_reference_sigma2,full_6d,0.007130701278172195,67529505b1ac0a5f,False,,12.974440098041669,nan,nan,nan,nan,nan,nan,False,,,,False,,,,,,,,,,,,,,,,,,,,,,,,False,,,nan,nan,nan,nan,False,,,nan,nan,,,,,[],nan,,,nan,nan,nan,nan,,nan,nan,nan,6.177944063626285e-05,nan,nan,6.177944063626285e-05,6.177944063626285e-05,6.177795368851943e-05,nan,free_jones_peb,free,6.177795368851943e-05,nan,6.177944063626285e-05,4.0,4.0,0.0,78.37658416776924,78.37377137224922,nan,True,False,disabled,nan,nan,8.884874154618508e-15,2342.47412735289,nan,True,False,e032c9cb8462fea3417aadc651e10a3437190e0cacf3ab5bdc4b175ff7382e20,0.007130701278172195,computed_unscaled,cpu,nan,nan,nan,,,,,,,,nan,nan,nan,nan,nan,nan,False,,,,,,,,,nan,nan,nan,nan,,,,[],False,nan,nan,nan,,,nan,nan,nan,False,nan,,,False,,nan,nan,,,nan,nan,nan,False,nan,,,,False,nan,nan,,nan,nan,,,legacy_multistart,
fig4,full_6d_constrained_jones_peb,8,641399591,15.0,snr_db,15.0,3,3,3,3,full_6d,641399591,fixed_full6d_reference_sigma2,full_6d,0.007130701278172195,67529505b1ac0a5f,False,,0.001334451837465167,nan,nan,nan,nan,nan,nan,False,,,,False,,,,,,,,,,,,,,,,,,,,,,,,False,,,nan,nan,nan,nan,False,,,nan,nan,,,,,[],nan,,,nan,nan,nan,nan,,nan,nan,nan,6.177795368851943e-05,nan,nan,6.177795368851943e-05,6.177944063626285e-05,6.177795368851943e-05,nan,constrained_jones_peb,constrained,6.177795368851943e-05,nan,6.177944063626285e-05,4.0,4.0,0.0,78.37658416776924,78.37377137224922,nan,True,False,disabled,nan,nan,8.884874154618508e-15,2342.47412735289,nan,True,False,e032c9cb8462fea3417aadc651e10a3437190e0cacf3ab5bdc4b175ff7382e20,0.007130701278172195,computed_unscaled,cpu,nan,nan,nan,,,,,,,,nan,nan,nan,nan,nan,nan,False,,,,,,,,,nan,nan,nan,nan,,,,[],False,nan,nan,nan,,,nan,nan,nan,False,nan,,,False,,nan,nan,,,nan,nan,nan,False,nan,,,,False,nan,nan,,nan,nan,,,legacy_multistart,
fig4,scalar_peb,5,2290547997,15.0,snr_db,15.0,3,3,3,3,scalar,2290547997,fixed_full6d_reference_sigma2,full_6d,0.008633024616998022,cc8c2cfdf3a8b52d,False,,12.99346034298651,nan,nan,nan,nan,nan,nan,False,,,,False,,,,,,,,,,,,,,,,,,,,,,,,False,,,nan,nan,nan,nan,False,,,nan,nan,,,,,[],nan,,,nan,nan,nan,nan,,nan,nan,nan,0.003033032367649756,0.003033032367649756,nan,nan,0.003033032367649756,6.822693187545361e-05,nan,free_jones_peb,free,6.822693187545361e-05,nan,0.003033032367649756,4.0,4.0,0.0,95.41165547853416,75.07451669325691,nan,True,False,disabled,nan,nan,3.972081381006529e-15,225681088.54316005,nan,True,False,93ef95e20e1c131fcaa8886b0220c980cc8f80e2f6a274806efc16af2e526fa6,0.008633024616998022,computed_unscaled,cpu,nan,nan,nan,,,,,,,,nan,nan,nan,nan,nan,nan,False,,,,,,,,,nan,nan,nan,nan,,,,[],False,nan,nan,nan,,,nan,nan,nan,False,nan,,,False,,nan,nan,,,nan,nan,nan,False,nan,,,,False,nan,nan,,nan,nan,,,legacy_multistart,
fig4,dual_pol_peb,5,2290547997,15.0,snr_db,15.0,3,3,3,3,dual_pol,2290547997,fixed_full6d_reference_sigma2,full_6d,0.008633024616998022,cc8c2cfdf3a8b52d,False,,16.624782426049933,nan,nan,nan,nan,nan,nan,False,,,,False,,,,,,,,,,,,,,,,,,,,,,,,False,,,nan,nan,nan,nan,False,,,nan,nan,,,,,[],nan,,,nan,nan,nan,nan,,nan,nan,nan,0.00022432522019885415,nan,0.00022432522019885415,nan,0.00022432522019885415,6.822693187545361e-05,nan,free_jones_peb,free,6.822693187545361e-05,nan,0.00022432522019885415,4.0,4.0,0.0,69.60947403148965,75.07451669325691,nan,True,False,disabled,nan,nan,4.33255116515643e-15,204078165.4690378,nan,True,False,a982c7f66b3b7068e3eaf7969bceb651aa74c5682d0cb2fec69a6a1f75a15ec0,0.008633024616998022,computed_unscaled,cpu,nan,nan,nan,,,,,,,,nan,nan,nan,nan,nan,nan,False,,,,,,,,,nan,nan,nan,nan,,,,[],False,nan,nan,nan,,,nan,nan,nan,False,nan,,,False,,nan,nan,,,nan,nan,nan,False,nan,,,,False,nan,nan,,nan,nan,,,legacy_multistart,
fig4,full_6d_evs_peb,5,2290547997,15.0,snr_db,15.0,3,3,3,3,full_6d,2290547997,fixed_full6d_reference_sigma2,full_6d,0.008633024616998022,cc8c2cfdf3a8b52d,False,,17.18431561603211,nan,nan,nan,nan,nan,nan,False,,,,False,,,,,,,,,,,,,,,,,,,,,,,,False,,,nan,nan,nan,nan,False,,,nan,nan,,,,,[],nan,,,nan,nan,nan,nan,,nan,nan,nan,6.822757723125929e-05,nan,nan,6.822757723125929e-05,6.822757723125929e-05,6.822693187545361e-05,nan,free_jones_peb,free,6.822693187545361e-05,nan,6.822757723125929e-05,4.0,4.0,0.0,75.07441184413709,75.07451669325691,nan,True,False,disabled,nan,nan,3.090981184161112e-15,1538.8855609628276,nan,True,False,38f1169f92c897947506b479f5ee71ac29695cde812eaf9f2f26b2ce8e8773e4,0.008633024616998022,computed_unscaled,cpu,nan,nan,nan,,,,,,,,nan,nan,nan,nan,nan,nan,False,,,,,,,,,nan,nan,nan,nan,,,,[],False,nan,nan,nan,,,nan,nan,nan,False,nan,,,False,,nan,nan,,,nan,nan,nan,False,nan,,,,False,nan,nan,,nan,nan,,,legacy_multistart,
fig4,full_6d_constrained_jones_peb,5,2290547997,15.0,snr_db,15.0,3,3,3,3,full_6d,2290547997,fixed_full6d_reference_sigma2,full_6d,0.008633024616998022,cc8c2cfdf3a8b52d,False,,0.001408186974003911,nan,nan,nan,nan,nan,nan,False,,,,False,,,,,,,,,,,,,,,,,,,,,,,,False,,,nan,nan,nan,nan,False,,,nan,nan,,,,,[],nan,,,nan,nan,nan,nan,,nan,nan,nan,6.822693187545361e-05,nan,nan,6.822693187545361e-05,6.822757723125929e-05,6.822693187545361e-05,nan,constrained_jones_peb,constrained,6.822693187545361e-05,nan,6.822757723125929e-05,4.0,4.0,0.0,75.07441184413709,75.07451669325691,nan,True,False,disabled,nan,nan,3.090981184161112e-15,1538.8855609628276,nan,True,False,38f1169f92c897947506b479f5ee71ac29695cde812eaf9f2f26b2ce8e8773e4,0.008633024616998022,computed_unscaled,cpu,nan,nan,nan,,,,,,,,nan,nan,nan,nan,nan,nan,False,,,,,,,,,nan,nan,nan,nan,,,,[],False,nan,nan,nan,,,nan,nan,nan,False,nan,,,False,,nan,nan,,,nan,nan,nan,False,nan,,,,False,nan,nan,,nan,nan,,,legacy_multistart,
fig4,scalar_peb,6,1919806993,15.0,snr_db,15.0,3,3,3,3,scalar,1919806993,fixed_full6d_reference_sigma2,full_6d,0.013280527787450197,276028e3014143d7,False,,17.417603745125234,nan,nan,nan,nan,nan,nan,False,,,,False,,,,,,,,,,,,,,,,,,,,,,,,False,,,nan,nan,nan,nan,False,,,nan,nan,,,,,[],nan,,,nan,nan,nan,nan,,nan,nan,nan,0.0023183862641553677,0.0023183862641553677,nan,nan,0.0023183862641553677,6.275570590700237e-05,nan,free_jones_peb,free,6.275570590700237e-05,nan,0.0023183862641553677,4.0,4.0,0.0,167.1634968867444,72.19062881330535,nan,True,False,disabled,nan,nan,5.800490586631648e-15,260299707.4789165,nan,True,False,1c6597d0275e6fcbcf3ceb73c07b34d8e97e2154c585ccc07f91c9aa1acec05d,0.013280527787450197,computed_unscaled,cpu,nan,nan,nan,,,,,,,,nan,nan,nan,nan,nan,nan,False,,,,,,,,,nan,nan,nan,nan,,,,[],False,nan,nan,nan,,,nan,nan,nan,False,nan,,,False,,nan,nan,,,nan,nan,nan,False,nan,,,,False,nan,nan,,nan,nan,,,legacy_multistart,
fig4,dual_pol_peb,6,1919806993,15.0,snr_db,15.0,3,3,3,3,dual_pol,1919806993,fixed_full6d_reference_sigma2,full_6d,0.013280527787450197,276028e3014143d7,False,,17.11924228304997,nan,nan,nan,nan,nan,nan,False,,,,False,,,,,,,,,,,,,,,,,,,,,,,,False,,,nan,nan,nan,nan,False,,,nan,nan,,,,,[],nan,,,nan,nan,nan,nan,,nan,nan,nan,0.0002715503026746724,nan,0.0002715503026746724,nan,0.0002715503026746724,6.275570590700237e-05,nan,free_jones_peb,free,6.275570590700237e-05,nan,0.0002715503026746724,4.0,4.0,0.0,80.67656321321431,72.19062881330535,nan,True,False,disabled,nan,nan,6.90228899617546e-15,244326487.28390613,nan,True,False,8158e3eea8b8cfa80d1181d7302a18407d0f626e3c2dbcbb33bae90791259a7d,0.013280527787450197,computed_unscaled,cpu,nan,nan,nan,,,,,,,,nan,nan,nan,nan,nan,nan,False,,,,,,,,,nan,nan,nan,nan,,,,[],False,nan,nan,nan,,,nan,nan,nan,False,nan,,,False,,nan,nan,,,nan,nan,nan,False,nan,,,,False,nan,nan,,nan,nan,,,legacy_multistart,
fig4,full_6d_evs_peb,6,1919806993,15.0,snr_db,15.0,3,3,3,3,full_6d,1919806993,fixed_full6d_reference_sigma2,full_6d,0.013280527787450197,276028e3014143d7,False,,16.93749896902591,nan,nan,nan,nan,nan,nan,False,,,,False,,,,,,,,,,,,,,,,,,,,,,,,False,,,nan,nan,nan,nan,False,,,nan,nan,,,,,[],nan,,,nan,nan,nan,nan,,nan,nan,nan,6.275673464398835e-05,nan,nan,6.275673464398835e-05,6.275673464398835e-05,6.275570590700237e-05,nan,free_jones_peb,free,6.275570590700237e-05,nan,6.275673464398835e-05,4.0,4.0,0.0,72.19686430595631,72.19062881330535,nan,True,False,disabled,nan,nan,8.112380120097936e-15,5225.230165993106,nan,True,False,231b7c2941d5d9c02809f94febabb8d0e1f1d4a2d4bfefa1b397f685379809da,0.013280527787450197,computed_unscaled,cpu,nan,nan,nan,,,,,,,,nan,nan,nan,nan,nan,nan,False,,,,,,,,,nan,nan,nan,nan,,,,[],False,nan,nan,nan,,,nan,nan,nan,False,nan,,,False,,nan,nan,,,nan,nan,nan,False,nan,,,,False,nan,nan,,nan,nan,,,legacy_multistart,
fig4,full_6d_constrained_jones_peb,6,1919806993,15.0,snr_db,15.0,3,3,3,3,full_6d,1919806993,fixed_full6d_reference_sigma2,full_6d,0.013280527787450197,276028e3014143d7,False,,0.0014905838761478662,nan,nan,nan,nan,nan,nan,False,,,,False,,,,,,,,,,,,,,,,,,,,,,,,False,,,nan,nan,nan,nan,False,,,nan,nan,,,,,[],nan,,,nan,nan,nan,nan,,nan,nan,nan,6.275570590700237e-05,nan,nan,6.275570590700237e-05,6.275673464398835e-05,6.275570590700237e-05,nan,constrained_jones_peb,constrained,6.275570590700237e-05,nan,6.275673464398835e-05,4.0,4.0,0.0,72.19686430595631,72.19062881330535,nan,True,False,disabled,nan,nan,8.112380120097936e-15,5225.230165993106,nan,True,False,231b7c2941d5d9c02809f94febabb8d0e1f1d4a2d4bfefa1b397f685379809da,0.013280527787450197,computed_unscaled,cpu,nan,nan,nan,,,,,,,,nan,nan,nan,nan,nan,nan,False,,,,,,,,,nan,nan,nan,nan,,,,[],False,nan,nan,nan,,,nan,nan,nan,False,nan,,,False,,nan,nan,,,nan,nan,nan,False,nan,,,,False,nan,nan,,nan,nan,,,legacy_multistart,
fig4,scalar_peb,10,781873798,15.0,snr_db,15.0,3,3,3,3,scalar,781873798,fixed_full6d_reference_sigma2,full_6d,0.006973599880886719,6ab4b34db914a97c,False,,12.929903208976611,nan,nan,nan,nan,nan,nan,False,,,,False,,,,,,,,,,,,,,,,,,,,,,,,False,,,nan,nan,nan,nan,False,,,nan,nan,,,,,[],nan,,,nan,nan,nan,nan,,nan,nan,nan,0.002543482545616479,0.002543482545616479,nan,nan,0.002543482545616479,6.182988394949998e-05,nan,free_jones_peb,free,6.182988394949998e-05,nan,0.002543482545616479,4.0,4.0,0.0,164.01129938224236,81.19351224728511,nan,True,False,disabled,nan,nan,9.89097205538734e-15,257219701.51501188,nan,True,False,2a559681ea222df4a4a12f614b8f338477c00adab0989e61f9882cade7d8171d,0.006973599880886719,computed_unscaled,cpu,nan,nan,nan,,,,,,,,nan,nan,nan,nan,nan,nan,False,,,,,,,,,nan,nan,nan,nan,,,,[],False,nan,nan,nan,,,nan,nan,nan,False,nan,,,False,,nan,nan,,,nan,nan,nan,False,nan,,,,False,nan,nan,,nan,nan,,,legacy_multistart,
fig4,dual_pol_peb,10,781873798,15.0,snr_db,15.0,3,3,3,3,dual_pol,781873798,fixed_full6d_reference_sigma2,full_6d,0.006973599880886719,6ab4b34db914a97c,False,,12.848260548897088,nan,nan,nan,nan,nan,nan,False,,,,False,,,,,,,,,,,,,,,,,,,,,,,,False,,,nan,nan,nan,nan,False,,,nan,nan,,,,,[],nan,,,nan,nan,nan,nan,,nan,nan,nan,0.000198994938978414,nan,0.000198994938978414,nan,0.000198994938978414,6.182988394949998e-05,nan,free_jones_peb,free,6.182988394949998e-05,nan,0.000198994938978414,4.0,4.0,0.0,75.91492336267491,81.19351224728511,nan,True,False,disabled,nan,nan,2.7460006846455142e-15,230570288.12319553,nan,True,False,1734e444e53a059a54ad01f92a9b0a959d5ef88047dd81020a5adaee33276f81,0.006973599880886719,computed_unscaled,cpu,nan,nan,nan,,,,,,,,nan,nan,nan,nan,nan,nan,False,,,,,,,,,nan,nan,nan,nan,,,,[],False,nan,nan,nan,,,nan,nan,nan,False,nan,,,False,,nan,nan,,,nan,nan,nan,False,nan,,,,False,nan,nan,,nan,nan,,,legacy_multistart,
fig4,full_6d_evs_peb,10,781873798,15.0,snr_db,15.0,3,3,3,3,full_6d,781873798,fixed_full6d_reference_sigma2,full_6d,0.006973599880886719,6ab4b34db914a97c,False,,12.826391258044168,nan,nan,nan,nan,nan,nan,False,,,,False,,,,,,,,,,,,,,,,,,,,,,,,False,,,nan,nan,nan,nan,False,,,nan,nan,,,,,[],nan,,,nan,nan,nan,nan,,nan,nan,nan,6.183000848100379e-05,nan,nan,6.183000848100379e-05,6.183000848100379e-05,6.182988394949998e-05,nan,free_jones_peb,free,6.182988394949998e-05,nan,6.183000848100379e-05,4.0,4.0,0.0,81.1964836399364,81.19351224728511,nan,True,False,disabled,nan,nan,4.495732825641309e-15,488.3840182386425,nan,True,False,f2ef97a231c1a4af27e9b56c32078a57d13f76cf0fcef71f5aea3cacfcafd031,0.006973599880886719,computed_unscaled,cpu,nan,nan,nan,,,,,,,,nan,nan,nan,nan,nan,nan,False,,,,,,,,,nan,nan,nan,nan,,,,[],False,nan,nan,nan,,,nan,nan,nan,False,nan,,,False,,nan,nan,,,nan,nan,nan,False,nan,,,,False,nan,nan,,nan,nan,,,legacy_multistart,
fig4,full_6d_constrained_jones_peb,10,781873798,15.0,snr_db,15.0,3,3,3,3,full_6d,781873798,fixed_full6d_reference_sigma2,full_6d,0.006973599880886719,6ab4b34db914a97c,False,,0.0014235679991543293,nan,nan,nan,nan,nan,nan,False,,,,False,,,,,,,,,,,,,,,,,,,,,,,,False,,,nan,nan,nan,nan,False,,,nan,nan,,,,,[],nan,,,nan,nan,nan,nan,,nan,nan,nan,6.182988394949998e-05,nan,nan,6.182988394949998e-05,6.183000848100379e-05,6.182988394949998e-05,nan,constrained_jones_peb,constrained,6.182988394949998e-05,nan,6.183000848100379e-05,4.0,4.0,0.0,81.1964836399364,81.19351224728511,nan,True,False,disabled,nan,nan,4.495732825641309e-15,488.3840182386425,nan,True,False,f2ef97a231c1a4af27e9b56c32078a57d13f76cf0fcef71f5aea3cacfcafd031,0.006973599880886719,computed_unscaled,cpu,nan,nan,nan,,,,,,,,nan,nan,nan,nan,nan,nan,False,,,,,,,,,nan,nan,nan,nan,,,,[],False,nan,nan,nan,,,nan,nan,nan,False,nan,,,False,,nan,nan,,,nan,nan,nan,False,nan,,,,False,nan,nan,,nan,nan,,,legacy_multistart,
fig4,scalar_peb,11,3685333214,15.0,snr_db,15.0,3,3,3,3,scalar,3685333214,fixed_full6d_reference_sigma2,full_6d,0.009067613889003451,90c21855f57595d4,False,,12.841503598028794,nan,nan,nan,nan,nan,nan,False,,,,False,,,,,,,,,,,,,,,,,,,,,,,,False,,,nan,nan,nan,nan,False,,,nan,nan,,,,,[],nan,,,nan,nan,nan,nan,,nan,nan,nan,0.0015461155951557305,0.0015461155951557305,nan,nan,0.0015461155951557305,7.659856235661997e-05,nan,free_jones_peb,free,7.659856235661997e-05,nan,0.0015461155951557305,4.0,4.0,0.0,113.70465047536932,91.98328914155694,nan,True,False,disabled,nan,nan,5.377753791965518e-15,189210608.0032394,nan,True,False,a8bf1e96550e66f5fc05821b98b3bcfcfd9c16edf816dc35720fa3fc2f3d9c3e,0.009067613889003451,computed_unscaled,cpu,nan,nan,nan,,,,,,,,nan,nan,nan,nan,nan,nan,False,,,,,,,,,nan,nan,nan,nan,,,,[],False,nan,nan,nan,,,nan,nan,nan,False,nan,,,False,,nan,nan,,,nan,nan,nan,False,nan,,,,False,nan,nan,,nan,nan,,,legacy_multistart,
fig4,dual_pol_peb,11,3685333214,15.0,snr_db,15.0,3,3,3,3,dual_pol,3685333214,fixed_full6d_reference_sigma2,full_6d,0.009067613889003451,90c21855f57595d4,False,,12.486093741143122,nan,nan,nan,nan,nan,nan,False,,,,False,,,,,,,,,,,,,,,,,,,,,,,,False,,,nan,nan,nan,nan,False,,,nan,nan,,,,,[],nan,,,nan,nan,nan,nan,,nan,nan,nan,0.00017981564825714607,nan,0.00017981564825714607,nan,0.00017981564825714607,7.659856235661997e-05,nan,free_jones_peb,free,7.659856235661997e-05,nan,0.00017981564825714607,4.0,4.0,0.0,94.1182709135423,91.98328914155694,nan,True,False,disabled,nan,nan,4.266565071180929e-15,154181483.44742343,nan,True,False,4c9cfd1cb5551d79ef5d1cef79bea3ca1c914b47928f1f49d2e9fdb6c47a14a0,0.009067613889003451,computed_unscaled,cpu,nan,nan,nan,,,,,,,,nan,nan,nan,nan,nan,nan,False,,,,,,,,,nan,nan,nan,nan,,,,[],False,nan,nan,nan,,,nan,nan,nan,False,nan,,,False,,nan,nan,,,nan,nan,nan,False,nan,,,,False,nan,nan,,nan,nan,,,legacy_multistart,
fig4,full_6d_evs_peb,11,3685333214,15.0,snr_db,15.0,3,3,3,3,full_6d,3685333214,fixed_full6d_reference_sigma2,full_6d,0.009067613889003451,90c21855f57595d4,False,,13.011211378965527,nan,nan,nan,nan,nan,nan,False,,,,False,,,,,,,,,,,,,,,,,,,,,,,,False,,,nan,nan,nan,nan,False,,,nan,nan,,,,,[],nan,,,nan,nan,nan,nan,,nan,nan,nan,7.659881411150172e-05,nan,nan,7.659881411150172e-05,7.659881411150172e-05,7.659856235661997e-05,nan,free_jones_peb,free,7.659856235661997e-05,nan,7.659881411150172e-05,4.0,4.0,0.0,91.98572404061613,91.98328914155694,nan,True,False,disabled,nan,nan,4.53684563269991e-15,459.1553941325076,nan,True,False,e9ccda1e403051d390ee49d3f08d80b8c395469b47c082ff498964bcdaeda690,0.009067613889003451,computed_unscaled,cpu,nan,nan,nan,,,,,,,,nan,nan,nan,nan,nan,nan,False,,,,,,,,,nan,nan,nan,nan,,,,[],False,nan,nan,nan,,,nan,nan,nan,False,nan,,,False,,nan,nan,,,nan,nan,nan,False,nan,,,,False,nan,nan,,nan,nan,,,legacy_multistart,
fig4,full_6d_constrained_jones_peb,11,3685333214,15.0,snr_db,15.0,3,3,3,3,full_6d,3685333214,fixed_full6d_reference_sigma2,full_6d,0.009067613889003451,90c21855f57595d4,False,,0.0013768118806183338,nan,nan,nan,nan,nan,nan,False,,,,False,,,,,,,,,,,,,,,,,,,,,,,,False,,,nan,nan,nan,nan,False,,,nan,nan,,,,,[],nan,,,nan,nan,nan,nan,,nan,nan,nan,7.659856235661997e-05,nan,nan,7.659856235661997e-05,7.659881411150172e-05,7.659856235661997e-05,nan,constrained_jones_peb,constrained,7.659856235661997e-05,nan,7.659881411150172e-05,4.0,4.0,0.0,91.98572404061613,91.98328914155694,nan,True,False,disabled,nan,nan,4.53684563269991e-15,459.1553941325076,nan,True,False,e9ccda1e403051d390ee49d3f08d80b8c395469b47c082ff498964bcdaeda690,0.009067613889003451,computed_unscaled,cpu,nan,nan,nan,,,,,,,,nan,nan,nan,nan,nan,nan,False,,,,,,,,,nan,nan,nan,nan,,,,[],False,nan,nan,nan,,,nan,nan,nan,False,nan,,,False,,nan,nan,,,nan,nan,nan,False,nan,,,,False,nan,nan,,nan,nan,,,legacy_multistart,
fig4,scalar_peb,12,2210497206,15.0,snr_db,15.0,3,3,3,3,scalar,2210497206,fixed_full6d_reference_sigma2,full_6d,0.014406716613452207,1e2478c90f803b7a,False,,12.945326348068193,nan,nan,nan,nan,nan,nan,False,,,,False,,,,,,,,,,,,,,,,,,,,,,,,False,,,nan,nan,nan,nan,False,,,nan,nan,,,,,[],nan,,,nan,nan,nan,nan,,nan,nan,nan,0.0025164151264817944,0.0025164151264817944,nan,nan,0.0025164151264817944,5.717724946988121e-05,nan,free_jones_peb,free,5.717724946988121e-05,nan,0.0025164151264817944,4.0,4.0,0.0,146.33003125613985,71.51332246398775,nan,True,False,disabled,nan,nan,6.15731177342787e-15,286927526.7471176,nan,True,False,c92ff50e2f55191d90392c8949c662aed7151c4a195f313d191a86ee28295b61,0.014406716613452207,computed_unscaled,cpu,nan,nan,nan,,,,,,,,nan,nan,nan,nan,nan,nan,False,,,,,,,,,nan,nan,nan,nan,,,,[],False,nan,nan,nan,,,nan,nan,nan,False,nan,,,False,,nan,nan,,,nan,nan,nan,False,nan,,,,False,nan,nan,,nan,nan,,,legacy_multistart,
fig4,dual_pol_peb,12,2210497206,15.0,snr_db,15.0,3,3,3,3,dual_pol,2210497206,fixed_full6d_reference_sigma2,full_6d,0.014406716613452207,1e2478c90f803b7a,False,,12.528971681836993,nan,nan,nan,nan,nan,nan,False,,,,False,,,,,,,,,,,,,,,,,,,,,,,,False,,,nan,nan,nan,nan,False,,,nan,nan,,,,,[],nan,,,nan,nan,nan,nan,,nan,nan,nan,0.00014706793222474422,nan,0.00014706793222474422,nan,0.00014706793222474422,5.717724946988121e-05,nan,free_jones_peb,free,5.717724946988121e-05,nan,0.00014706793222474422,4.0,4.0,0.0,83.94250933082292,71.51332246398775,nan,True,False,disabled,nan,nan,1.3752807841384834e-15,246313723.9188425,nan,True,False,7f63ff0447f532b740dc21a351bda795863922adafe5ba801c4afa28cadb6568,0.014406716613452207,computed_unscaled,cpu,nan,nan,nan,,,,,,,,nan,nan,nan,nan,nan,nan,False,,,,,,,,,nan,nan,nan,nan,,,,[],False,nan,nan,nan,,,nan,nan,nan,False,nan,,,False,,nan,nan,,,nan,nan,nan,False,nan,,,,False,nan,nan,,nan,nan,,,legacy_multistart,
fig4,full_6d_evs_peb,12,2210497206,15.0,snr_db,15.0,3,3,3,3,full_6d,2210497206,fixed_full6d_reference_sigma2,full_6d,0.014406716613452207,1e2478c90f803b7a,False,,13.043201158056036,nan,nan,nan,nan,nan,nan,False,,,,False,,,,,,,,,,,,,,,,,,,,,,,,False,,,nan,nan,nan,nan,False,,,nan,nan,,,,,[],nan,,,nan,nan,nan,nan,,nan,nan,nan,5.7177702080362e-05,nan,nan,5.7177702080362e-05,5.7177702080362e-05,5.717724946988121e-05,nan,free_jones_peb,free,5.717724946988121e-05,nan,5.7177702080362e-05,4.0,4.0,0.0,71.51285963129958,71.51332246398775,nan,True,False,disabled,nan,nan,2.973351650813153e-15,50.44642081473502,nan,True,False,0a1c4f0b423cde7d810066f20685360779b434f786c785131581505ed3dd312e,0.014406716613452207,computed_unscaled,cpu,nan,nan,nan,,,,,,,,nan,nan,nan,nan,nan,nan,False,,,,,,,,,nan,nan,nan,nan,,,,[],False,nan,nan,nan,,,nan,nan,nan,False,nan,,,False,,nan,nan,,,nan,nan,nan,False,nan,,,,False,nan,nan,,nan,nan,,,legacy_multistart,
fig4,full_6d_constrained_jones_peb,12,2210497206,15.0,snr_db,15.0,3,3,3,3,full_6d,2210497206,fixed_full6d_reference_sigma2,full_6d,0.014406716613452207,1e2478c90f803b7a,False,,0.001455443911254406,nan,nan,nan,nan,nan,nan,False,,,,False,,,,,,,,,,,,,,,,,,,,,,,,False,,,nan,nan,nan,nan,False,,,nan,nan,,,,,[],nan,,,nan,nan,nan,nan,,nan,nan,nan,5.717724946988121e-05,nan,nan,5.717724946988121e-05,5.7177702080362e-05,5.717724946988121e-05,nan,constrained_jones_peb,constrained,5.717724946988121e-05,nan,5.7177702080362e-05,4.0,4.0,0.0,71.51285963129958,71.51332246398775,nan,True,False,disabled,nan,nan,2.973351650813153e-15,50.44642081473502,nan,True,False,0a1c4f0b423cde7d810066f20685360779b434f786c785131581505ed3dd312e,0.014406716613452207,computed_unscaled,cpu,nan,nan,nan,,,,,,,,nan,nan,nan,nan,nan,nan,False,,,,,,,,,nan,nan,nan,nan,,,,[],False,nan,nan,nan,,,nan,nan,nan,False,nan,,,False,,nan,nan,,,nan,nan,nan,False,nan,,,,False,nan,nan,,nan,nan,,,legacy_multistart,
fig4,scalar_peb,17,2127997378,15.0,snr_db,15.0,3,3,3,3,scalar,2127997378,fixed_full6d_reference_sigma2,full_6d,0.01265072191587295,a3e73176094bcbef,False,,9.554422687040642,nan,nan,nan,nan,nan,nan,False,,,,False,,,,,,,,,,,,,,,,,,,,,,,,False,,,nan,nan,nan,nan,False,,,nan,nan,,,,,[],nan,,,nan,nan,nan,nan,,nan,nan,nan,0.0016617694079040174,0.0016617694079040174,nan,nan,0.0016617694079040174,7.114780834042234e-05,nan,free_jones_peb,free,7.114780834042234e-05,nan,0.0016617694079040174,4.0,4.0,0.0,124.74317257851243,83.33281630673477,nan,True,False,disabled,nan,nan,3.0383135675563898e-15,204869872.2277506,nan,True,False,f80d1b30fabc96d829306cacd311a8dda31039fba04246ba0bb9e2c407097451,0.01265072191587295,computed_unscaled,cpu,nan,nan,nan,,,,,,,,nan,nan,nan,nan,nan,nan,False,,,,,,,,,nan,nan,nan,nan,,,,[],False,nan,nan,nan,,,nan,nan,nan,False,nan,,,False,,nan,nan,,,nan,nan,nan,False,nan,,,,False,nan,nan,,nan,nan,,,legacy_multistart,
fig4,dual_pol_peb,17,2127997378,15.0,snr_db,15.0,3,3,3,3,dual_pol,2127997378,fixed_full6d_reference_sigma2,full_6d,0.01265072191587295,a3e73176094bcbef,False,,13.079012323869392,nan,nan,nan,nan,nan,nan,False,,,,False,,,,,,,,,,,,,,,,,,,,,,,,False,,,nan,nan,nan,nan,False,,,nan,nan,,,,,[],nan,,,nan,nan,nan,nan,,nan,nan,nan,0.00021826141183020755,nan,0.00021826141183020755,nan,0.00021826141183020755,7.114780834042234e-05,nan,free_jones_peb,free,7.114780834042234e-05,nan,0.00021826141183020755,4.0,4.0,0.0,80.3865082342541,83.33281630673477,nan,True,False,disabled,nan,nan,2.7605054820881e-15,183524089.99203023,nan,True,False,4b69279863936381b75eaf881fbc0666eb2ba07fa89219699aac78b513fcc887,0.01265072191587295,computed_unscaled,cpu,nan,nan,nan,,,,,,,,nan,nan,nan,nan,nan,nan,False,,,,,,,,,nan,nan,nan,nan,,,,[],False,nan,nan,nan,,,nan,nan,nan,False,nan,,,False,,nan,nan,,,nan,nan,nan,False,nan,,,,False,nan,nan,,nan,nan,,,legacy_multistart,
fig4,full_6d_evs_peb,17,2127997378,15.0,snr_db,15.0,3,3,3,3,full_6d,2127997378,fixed_full6d_reference_sigma2,full_6d,0.01265072191587295,a3e73176094bcbef,False,,13.014716280857101,nan,nan,nan,nan,nan,nan,False,,,,False,,,,,,,,,,,,,,,,,,,,,,,,False,,,nan,nan,nan,nan,False,,,nan,nan,,,,,[],nan,,,nan,nan,nan,nan,,nan,nan,nan,7.114826148609331e-05,nan,nan,7.114826148609331e-05,7.114826148609331e-05,7.114780834042234e-05,nan,free_jones_peb,free,7.114780834042234e-05,nan,7.114826148609331e-05,4.0,4.0,0.0,83.33708224159741,83.33281630673477,nan,True,False,disabled,nan,nan,3.5407773915988266e-15,391.0409293460219,nan,True,False,1e7e5fb979d639b775e57b8f9a2b5887da0781d1b293b718b0219c60afc7e70e,0.01265072191587295,computed_unscaled,cpu,nan,nan,nan,,,,,,,,nan,nan,nan,nan,nan,nan,False,,,,,,,,,nan,nan,nan,nan,,,,[],False,nan,nan,nan,,,nan,nan,nan,False,nan,,,False,,nan,nan,,,nan,nan,nan,False,nan,,,,False,nan,nan,,nan,nan,,,legacy_multistart,
fig4,full_6d_constrained_jones_peb,17,2127997378,15.0,snr_db,15.0,3,3,3,3,full_6d,2127997378,fixed_full6d_reference_sigma2,full_6d,0.01265072191587295,a3e73176094bcbef,False,,0.001356062013655901,nan,nan,nan,nan,nan,nan,False,,,,False,,,,,,,,,,,,,,,,,,,,,,,,False,,,nan,nan,nan,nan,False,,,nan,nan,,,,,[],nan,,,nan,nan,nan,nan,,nan,nan,nan,7.114780834042234e-05,nan,nan,7.114780834042234e-05,7.114826148609331e-05,7.114780834042234e-05,nan,constrained_jones_peb,constrained,7.114780834042234e-05,nan,7.114826148609331e-05,4.0,4.0,0.0,83.33708224159741,83.33281630673477,nan,True,False,disabled,nan,nan,3.5407773915988266e-15,391.0409293460219,nan,True,False,1e7e5fb979d639b775e57b8f9a2b5887da0781d1b293b718b0219c60afc7e70e,0.01265072191587295,computed_unscaled,cpu,nan,nan,nan,,,,,,,,nan,nan,nan,nan,nan,nan,False,,,,,,,,,nan,nan,nan,nan,,,,[],False,nan,nan,nan,,,nan,nan,nan,False,nan,,,False,,nan,nan,,,nan,nan,nan,False,nan,,,,False,nan,nan,,nan,nan,,,legacy_multistart,
fig4,scalar_peb,14,1092560480,15.0,snr_db,15.0,3,3,3,3,scalar,1092560480,fixed_full6d_reference_sigma2,full_6d,0.006840588738389258,4cd312f8bb39cea7,False,,12.878724609967321,nan,nan,nan,nan,nan,nan,False,,,,False,,,,,,,,,,,,,,,,,,,,,,,,False,,,nan,nan,nan,nan,False,,,nan,nan,,,,,[],nan,,,nan,nan,nan,nan,,nan,nan,nan,0.0017527695949882528,0.0017527695949882528,nan,nan,0.0017527695949882528,6.428410535617873e-05,nan,free_jones_peb,free,6.428410535617873e-05,nan,0.0017527695949882528,4.0,4.0,0.0,113.60074949938738,68.82598452963303,nan,True,False,disabled,nan,nan,3.765104079938552e-15,250563055.06262556,nan,True,False,daeed13a2f50233764622d6693621439c707a88ffe45923e1470c1628b195fa4,0.006840588738389258,computed_unscaled,cpu,nan,nan,nan,,,,,,,,nan,nan,nan,nan,nan,nan,False,,,,,,,,,nan,nan,nan,nan,,,,[],False,nan,nan,nan,,,nan,nan,nan,False,nan,,,False,,nan,nan,,,nan,nan,nan,False,nan,,,,False,nan,nan,,nan,nan,,,legacy_multistart,
fig4,dual_pol_peb,14,1092560480,15.0,snr_db,15.0,3,3,3,3,dual_pol,1092560480,fixed_full6d_reference_sigma2,full_6d,0.006840588738389258,4cd312f8bb39cea7,False,,12.742707804078236,nan,nan,nan,nan,nan,nan,False,,,,False,,,,,,,,,,,,,,,,,,,,,,,,False,,,nan,nan,nan,nan,False,,,nan,nan,,,,,[],nan,,,nan,nan,nan,nan,,nan,nan,nan,0.00023233583731069709,nan,0.00023233583731069709,nan,0.00023233583731069709,6.428410535617873e-05,nan,free_jones_peb,free,6.428410535617873e-05,nan,0.00023233583731069709,4.0,4.0,0.0,76.13175461760109,68.82598452963303,nan,True,False,disabled,nan,nan,5.739187566105198e-15,230214491.14524078,nan,True,False,f4cb566e66af0ab72dc54437cb77e52afa3ac990d61ae7e996305eb30e95ddb9,0.006840588738389258,computed_unscaled,cpu,nan,nan,nan,,,,,,,,nan,nan,nan,nan,nan,nan,False,,,,,,,,,nan,nan,nan,nan,,,,[],False,nan,nan,nan,,,nan,nan,nan,False,nan,,,False,,nan,nan,,,nan,nan,nan,False,nan,,,,False,nan,nan,,nan,nan,,,legacy_multistart,
fig4,full_6d_evs_peb,14,1092560480,15.0,snr_db,15.0,3,3,3,3,full_6d,1092560480,fixed_full6d_reference_sigma2,full_6d,0.006840588738389258,4cd312f8bb39cea7,False,,12.935392176033929,nan,nan,nan,nan,nan,nan,False,,,,False,,,,,,,,,,,,,,,,,,,,,,,,False,,,nan,nan,nan,nan,False,,,nan,nan,,,,,[],nan,,,nan,nan,nan,nan,,nan,nan,nan,6.428425719644807e-05,nan,nan,6.428425719644807e-05,6.428425719644807e-05,6.428410535617873e-05,nan,free_jones_peb,free,6.428410535617873e-05,nan,6.428425719644807e-05,4.0,4.0,0.0,68.82541009221042,68.82598452963303,nan,True,False,disabled,nan,nan,3.716206115625447e-15,120.00018950299626,nan,True,False,f1022bc01518ff6f31f9f6e642efb32029d98d2c096644b99cc3e0e6c8ec44d7,0.006840588738389258,computed_unscaled,cpu,nan,nan,nan,,,,,,,,nan,nan,nan,nan,nan,nan,False,,,,,,,,,nan,nan,nan,nan,,,,[],False,nan,nan,nan,,,nan,nan,nan,False,nan,,,False,,nan,nan,,,nan,nan,nan,False,nan,,,,False,nan,nan,,nan,nan,,,legacy_multistart,
fig4,full_6d_constrained_jones_peb,14,1092560480,15.0,snr_db,15.0,3,3,3,3,full_6d,1092560480,fixed_full6d_reference_sigma2,full_6d,0.006840588738389258,4cd312f8bb39cea7,False,,0.0012037788983434439,nan,nan,nan,nan,nan,nan,False,,,,False,,,,,,,,,,,,,,,,,,,,,,,,False,,,nan,nan,nan,nan,False,,,nan,nan,,,,,[],nan,,,nan,nan,nan,nan,,nan,nan,nan,6.428410535617873e-05,nan,nan,6.428410535617873e-05,6.428425719644807e-05,6.428410535617873e-05,nan,constrained_jones_peb,constrained,6.428410535617873e-05,nan,6.428425719644807e-05,4.0,4.0,0.0,68.82541009221042,68.82598452963303,nan,True,False,disabled,nan,nan,3.716206115625447e-15,120.00018950299626,nan,True,False,f1022bc01518ff6f31f9f6e642efb32029d98d2c096644b99cc3e0e6c8ec44d7,0.006840588738389258,computed_unscaled,cpu,nan,nan,nan,,,,,,,,nan,nan,nan,nan,nan,nan,False,,,,,,,,,nan,nan,nan,nan,,,,[],False,nan,nan,nan,,,nan,nan,nan,False,nan,,,False,,nan,nan,,,nan,nan,nan,False,nan,,,,False,nan,nan,,nan,nan,,,legacy_multistart,
fig4,scalar_peb,20,3607282624,15.0,snr_db,15.0,3,3,3,3,scalar,3607282624,fixed_full6d_reference_sigma2,full_6d,0.01808998938897974,d15e3f6b7d612316,False,,10.64636633801274,nan,nan,nan,nan,nan,nan,False,,,,False,,,,,,,,,,,,,,,,,,,,,,,,False,,,nan,nan,nan,nan,False,,,nan,nan,,,,,[],nan,,,nan,nan,nan,nan,,nan,nan,nan,0.0020023370459338855,0.0020023370459338855,nan,nan,0.0020023370459338855,6.003391443624767e-05,nan,free_jones_peb,free,6.003391443624767e-05,nan,0.0020023370459338855,4.0,4.0,0.0,140.85253612399487,65.44480715415631,nan,True,False,disabled,nan,nan,5.111455052742643e-15,271294362.2908838,nan,True,False,d55a112d2b0e8a5bbe2e9ebbc09713c232ec12817530458a0e96df3c2ffa5f97,0.01808998938897974,computed_unscaled,cpu,nan,nan,nan,,,,,,,,nan,nan,nan,nan,nan,nan,False,,,,,,,,,nan,nan,nan,nan,,,,[],False,nan,nan,nan,,,nan,nan,nan,False,nan,,,False,,nan,nan,,,nan,nan,nan,False,nan,,,,False,nan,nan,,nan,nan,,,legacy_multistart,
fig4,dual_pol_peb,20,3607282624,15.0,snr_db,15.0,3,3,3,3,dual_pol,3607282624,fixed_full6d_reference_sigma2,full_6d,0.01808998938897974,d15e3f6b7d612316,False,,9.810657396912575,nan,nan,nan,nan,nan,nan,False,,,,False,,,,,,,,,,,,,,,,,,,,,,,,False,,,nan,nan,nan,nan,False,,,nan,nan,,,,,[],nan,,,nan,nan,nan,nan,,nan,nan,nan,0.00014113656800012725,nan,0.00014113656800012725,nan,0.00014113656800012725,6.003391443624767e-05,nan,free_jones_peb,free,6.003391443624767e-05,nan,0.00014113656800012725,4.0,4.0,0.0,65.94175143404571,65.44480715415631,nan,True,False,disabled,nan,nan,3.472320989603674e-15,223251990.71148324,nan,True,False,69f791d10fa1c5e844325c11b57a310bf435d47976592123c61e7bd2e017cefc,0.01808998938897974,computed_unscaled,cpu,nan,nan,nan,,,,,,,,nan,nan,nan,nan,nan,nan,False,,,,,,,,,nan,nan,nan,nan,,,,[],False,nan,nan,nan,,,nan,nan,nan,False,nan,,,False,,nan,nan,,,nan,nan,nan,False,nan,,,,False,nan,nan,,nan,nan,,,legacy_multistart,
fig4,full_6d_evs_peb,20,3607282624,15.0,snr_db,15.0,3,3,3,3,full_6d,3607282624,fixed_full6d_reference_sigma2,full_6d,0.01808998938897974,d15e3f6b7d612316,False,,10.325484000146389,nan,nan,nan,nan,nan,nan,False,,,,False,,,,,,,,,,,,,,,,,,,,,,,,False,,,nan,nan,nan,nan,False,,,nan,nan,,,,,[],nan,,,nan,nan,nan,nan,,nan,nan,nan,6.0034002351307844e-05,nan,nan,6.0034002351307844e-05,6.0034002351307844e-05,6.003391443624767e-05,nan,free_jones_peb,free,6.003391443624767e-05,nan,6.0034002351307844e-05,4.0,4.0,0.0,65.44704181364824,65.44480715415631,nan,True,False,disabled,nan,nan,4.605736596776607e-15,48.03794927154029,nan,True,False,614c1d5045ebcd05d85977496f662de337f9fdc3d750d62d2ed64ea91c25b070,0.01808998938897974,computed_unscaled,cpu,nan,nan,nan,,,,,,,,nan,nan,nan,nan,nan,nan,False,,,,,,,,,nan,nan,nan,nan,,,,[],False,nan,nan,nan,,,nan,nan,nan,False,nan,,,False,,nan,nan,,,nan,nan,nan,False,nan,,,,False,nan,nan,,nan,nan,,,legacy_multistart,
fig4,full_6d_constrained_jones_peb,20,3607282624,15.0,snr_db,15.0,3,3,3,3,full_6d,3607282624,fixed_full6d_reference_sigma2,full_6d,0.01808998938897974,d15e3f6b7d612316,False,,0.0013765308540314436,nan,nan,nan,nan,nan,nan,False,,,,False,,,,,,,,,,,,,,,,,,,,,,,,False,,,nan,nan,nan,nan,False,,,nan,nan,,,,,[],nan,,,nan,nan,nan,nan,,nan,nan,nan,6.003391443624767e-05,nan,nan,6.003391443624767e-05,6.0034002351307844e-05,6.003391443624767e-05,nan,constrained_jones_peb,constrained,6.003391443624767e-05,nan,6.0034002351307844e-05,4.0,4.0,0.0,65.44704181364824,65.44480715415631,nan,True,False,disabled,nan,nan,4.605736596776607e-15,48.03794927154029,nan,True,False,614c1d5045ebcd05d85977496f662de337f9fdc3d750d62d2ed64ea91c25b070,0.01808998938897974,computed_unscaled,cpu,nan,nan,nan,,,,,,,,nan,nan,nan,nan,nan,nan,False,,,,,,,,,nan,nan,nan,nan,,,,[],False,nan,nan,nan,,,nan,nan,nan,False,nan,,,False,,nan,nan,,,nan,nan,nan,False,nan,,,,False,nan,nan,,nan,nan,,,legacy_multistart,
fig4,scalar_peb,13,634888206,15.0,snr_db,15.0,3,3,3,3,scalar,634888206,fixed_full6d_reference_sigma2,full_6d,0.006468657958954134,dc4e955becad906d,False,,12.866424398031086,nan,nan,nan,nan,nan,nan,False,,,,False,,,,,,,,,,,,,,,,,,,,,,,,False,,,nan,nan,nan,nan,False,,,nan,nan,,,,,[],nan,,,nan,nan,nan,nan,,nan,nan,nan,0.0018238030234488222,0.0018238030234488222,nan,nan,0.0018238030234488222,6.629574512888928e-05,nan,free_jones_peb,free,6.629574512888928e-05,nan,0.0018238030234488222,4.0,4.0,0.0,228.92092859512786,80.72926238998195,nan,True,False,disabled,nan,nan,4.193370632975074e-15,237912574.827584,nan,True,False,5358f617ab6e11e51370801f8d483ef17e5809c950b3c1c6d6e36d71c5ada3b5,0.006468657958954134,computed_unscaled,cpu,nan,nan,nan,,,,,,,,nan,nan,nan,nan,nan,nan,False,,,,,,,,,nan,nan,nan,nan,,,,[],False,nan,nan,nan,,,nan,nan,nan,False,nan,,,False,,nan,nan,,,nan,nan,nan,False,nan,,,,False,nan,nan,,nan,nan,,,legacy_multistart,
fig4,dual_pol_peb,13,634888206,15.0,snr_db,15.0,3,3,3,3,dual_pol,634888206,fixed_full6d_reference_sigma2,full_6d,0.006468657958954134,dc4e955becad906d,False,,13.115124800009653,nan,nan,nan,nan,nan,nan,False,,,,False,,,,,,,,,,,,,,,,,,,,,,,,False,,,nan,nan,nan,nan,False,,,nan,nan,,,,,[],nan,,,nan,nan,nan,nan,,nan,nan,nan,0.00017202785704814138,nan,0.00017202785704814138,nan,0.00017202785704814138,6.629574512888928e-05,nan,free_jones_peb,free,6.629574512888928e-05,nan,0.00017202785704814138,4.0,4.0,0.0,81.0653921725266,80.72926238998195,nan,True,False,disabled,nan,nan,8.349080819048831e-15,203038886.36451203,nan,True,False,db976f24e57a093ba83688330b962fc1ee3cc0995192f3bc3ecdf3cd55142780,0.006468657958954134,computed_unscaled,cpu,nan,nan,nan,,,,,,,,nan,nan,nan,nan,nan,nan,False,,,,,,,,,nan,nan,nan,nan,,,,[],False,nan,nan,nan,,,nan,nan,nan,False,nan,,,False,,nan,nan,,,nan,nan,nan,False,nan,,,,False,nan,nan,,nan,nan,,,legacy_multistart,
fig4,full_6d_evs_peb,13,634888206,15.0,snr_db,15.0,3,3,3,3,full_6d,634888206,fixed_full6d_reference_sigma2,full_6d,0.006468657958954134,dc4e955becad906d,False,,17.207058826927096,nan,nan,nan,nan,nan,nan,False,,,,False,,,,,,,,,,,,,,,,,,,,,,,,False,,,nan,nan,nan,nan,False,,,nan,nan,,,,,[],nan,,,nan,nan,nan,nan,,nan,nan,nan,6.629582174480504e-05,nan,nan,6.629582174480504e-05,6.629582174480504e-05,6.629574512888928e-05,nan,free_jones_peb,free,6.629574512888928e-05,nan,6.629582174480504e-05,4.0,4.0,0.0,80.73361776993531,80.72926238998195,nan,True,False,disabled,nan,nan,4.169034118550161e-15,137.1332749259939,nan,True,False,11da97468c8b90c59dcc518746f48f2217739b6c2c3deec78f2d1177de9045c5,0.006468657958954134,computed_unscaled,cpu,nan,nan,nan,,,,,,,,nan,nan,nan,nan,nan,nan,False,,,,,,,,,nan,nan,nan,nan,,,,[],False,nan,nan,nan,,,nan,nan,nan,False,nan,,,False,,nan,nan,,,nan,nan,nan,False,nan,,,,False,nan,nan,,nan,nan,,,legacy_multistart,
fig4,full_6d_constrained_jones_peb,13,634888206,15.0,snr_db,15.0,3,3,3,3,full_6d,634888206,fixed_full6d_reference_sigma2,full_6d,0.006468657958954134,dc4e955becad906d,False,,0.0014229239895939827,nan,nan,nan,nan,nan,nan,False,,,,False,,,,,,,,,,,,,,,,,,,,,,,,False,,,nan,nan,nan,nan,False,,,nan,nan,,,,,[],nan,,,nan,nan,nan,nan,,nan,nan,nan,6.629574512888928e-05,nan,nan,6.629574512888928e-05,6.629582174480504e-05,6.629574512888928e-05,nan,constrained_jones_peb,constrained,6.629574512888928e-05,nan,6.629582174480504e-05,4.0,4.0,0.0,80.73361776993531,80.72926238998195,nan,True,False,disabled,nan,nan,4.169034118550161e-15,137.1332749259939,nan,True,False,11da97468c8b90c59dcc518746f48f2217739b6c2c3deec78f2d1177de9045c5,0.006468657958954134,computed_unscaled,cpu,nan,nan,nan,,,,,,,,nan,nan,nan,nan,nan,nan,False,,,,,,,,,nan,nan,nan,nan,,,,[],False,nan,nan,nan,,,nan,nan,nan,False,nan,,,False,,nan,nan,,,nan,nan,nan,False,nan,,,,False,nan,nan,,nan,nan,,,legacy_multistart,
fig4,scalar_peb,21,4000820147,15.0,snr_db,15.0,3,3,3,3,scalar,4000820147,fixed_full6d_reference_sigma2,full_6d,0.01100181318795049,6fb3e8bfe5fa2dae,False,,11.481857012957335,nan,nan,nan,nan,nan,nan,False,,,,False,,,,,,,,,,,,,,,,,,,,,,,,False,,,nan,nan,nan,nan,False,,,nan,nan,,,,,[],nan,,,nan,nan,nan,nan,,nan,nan,nan,0.0021298387920064632,0.0021298387920064632,nan,nan,0.0021298387920064632,8.299736090681209e-05,nan,free_jones_peb,free,8.299736090681209e-05,nan,0.0021298387920064632,4.0,4.0,0.0,192.1402486547782,135.40362900470882,nan,True,False,disabled,nan,nan,4.585544440543122e-15,161706806.23868704,nan,True,False,90fd0c6eb62c194f065ae6c36fd149de6fbbaab36cb9bbe6aae7357be0bf6268,0.01100181318795049,computed_unscaled,cpu,nan,nan,nan,,,,,,,,nan,nan,nan,nan,nan,nan,False,,,,,,,,,nan,nan,nan,nan,,,,[],False,nan,nan,nan,,,nan,nan,nan,False,nan,,,False,,nan,nan,,,nan,nan,nan,False,nan,,,,False,nan,nan,,nan,nan,,,legacy_multistart,
fig4,dual_pol_peb,21,4000820147,15.0,snr_db,15.0,3,3,3,3,dual_pol,4000820147,fixed_full6d_reference_sigma2,full_6d,0.01100181318795049,6fb3e8bfe5fa2dae,False,,9.952231720089912,nan,nan,nan,nan,nan,nan,False,,,,False,,,,,,,,,,,,,,,,,,,,,,,,False,,,nan,nan,nan,nan,False,,,nan,nan,,,,,[],nan,,,nan,nan,nan,nan,,nan,nan,nan,0.0002521001538166129,nan,0.0002521001538166129,nan,0.0002521001538166129,8.299736090681209e-05,nan,free_jones_peb,free,8.299736090681209e-05,nan,0.0002521001538166129,4.0,4.0,0.0,90.93335138686709,135.40362900470882,nan,True,False,disabled,nan,nan,6.733799864156144e-15,144910142.82917434,nan,True,False,afbebe42be898c368ac7152ce735fccf59acb013ca9e955cc19c791d910da41c,0.01100181318795049,computed_unscaled,cpu,nan,nan,nan,,,,,,,,nan,nan,nan,nan,nan,nan,False,,,,,,,,,nan,nan,nan,nan,,,,[],False,nan,nan,nan,,,nan,nan,nan,False,nan,,,False,,nan,nan,,,nan,nan,nan,False,nan,,,,False,nan,nan,,nan,nan,,,legacy_multistart,
fig4,full_6d_evs_peb,21,4000820147,15.0,snr_db,15.0,3,3,3,3,full_6d,4000820147,fixed_full6d_reference_sigma2,full_6d,0.01100181318795049,6fb3e8bfe5fa2dae,False,,10.09056676691398,nan,nan,nan,nan,nan,nan,False,,,,False,,,,,,,,,,,,,,,,,,,,,,,,False,,,nan,nan,nan,nan,False,,,nan,nan,,,,,[],nan,,,nan,nan,nan,nan,,nan,nan,nan,8.299829535644943e-05,nan,nan,8.299829535644943e-05,8.299829535644943e-05,8.299736090681209e-05,nan,free_jones_peb,free,8.299736090681209e-05,nan,8.299829535644943e-05,4.0,4.0,0.0,135.4062420797467,135.40362900470882,nan,True,False,disabled,nan,nan,5.584949092156629e-15,2744.0595038624183,nan,True,False,f7a047bb7013efbe33f31c7f789c22a5d5f4d1899bcaccc54b42258dbd7f4038,0.01100181318795049,computed_unscaled,cpu,nan,nan,nan,,,,,,,,nan,nan,nan,nan,nan,nan,False,,,,,,,,,nan,nan,nan,nan,,,,[],False,nan,nan,nan,,,nan,nan,nan,False,nan,,,False,,nan,nan,,,nan,nan,nan,False,nan,,,,False,nan,nan,,nan,nan,,,legacy_multistart,
fig4,full_6d_constrained_jones_peb,21,4000820147,15.0,snr_db,15.0,3,3,3,3,full_6d,4000820147,fixed_full6d_reference_sigma2,full_6d,0.01100181318795049,6fb3e8bfe5fa2dae,False,,0.0011804369278252125,nan,nan,nan,nan,nan,nan,False,,,,False,,,,,,,,,,,,,,,,,,,,,,,,False,,,nan,nan,nan,nan,False,,,nan,nan,,,,,[],nan,,,nan,nan,nan,nan,,nan,nan,nan,8.299736090681209e-05,nan,nan,8.299736090681209e-05,8.299829535644943e-05,8.299736090681209e-05,nan,constrained_jones_peb,constrained,8.299736090681209e-05,nan,8.299829535644943e-05,4.0,4.0,0.0,135.4062420797467,135.40362900470882,nan,True,False,disabled,nan,nan,5.584949092156629e-15,2744.0595038624183,nan,True,False,f7a047bb7013efbe33f31c7f789c22a5d5f4d1899bcaccc54b42258dbd7f4038,0.01100181318795049,computed_unscaled,cpu,nan,nan,nan,,,,,,,,nan,nan,nan,nan,nan,nan,False,,,,,,,,,nan,nan,nan,nan,,,,[],False,nan,nan,nan,,,nan,nan,nan,False,nan,,,False,,nan,nan,,,nan,nan,nan,False,nan,,,,False,nan,nan,,nan,nan,,,legacy_multistart,
fig4,scalar_peb,16,1080178429,15.0,snr_db,15.0,3,3,3,3,scalar,1080178429,fixed_full6d_reference_sigma2,full_6d,0.015186732077486415,20fc418f384591a6,False,,12.34085030388087,nan,nan,nan,nan,nan,nan,False,,,,False,,,,,,,,,,,,,,,,,,,,,,,,False,,,nan,nan,nan,nan,False,,,nan,nan,,,,,[],nan,,,nan,nan,nan,nan,,nan,nan,nan,0.002487777831632929,0.002487777831632929,nan,nan,0.002487777831632929,5.900145144527094e-05,nan,free_jones_peb,free,5.900145144527094e-05,nan,0.002487777831632929,4.0,4.0,0.0,351.7744876240032,87.52885512344139,nan,True,False,disabled,nan,nan,5.787938435201499e-15,271188948.03040785,nan,True,False,fe074e5d012d6531afd3135b069a94fbb4ac905dd184ede53d462f2ff19aea7a,0.015186732077486415,computed_unscaled,cpu,nan,nan,nan,,,,,,,,nan,nan,nan,nan,nan,nan,False,,,,,,,,,nan,nan,nan,nan,,,,[],False,nan,nan,nan,,,nan,nan,nan,False,nan,,,False,,nan,nan,,,nan,nan,nan,False,nan,,,,False,nan,nan,,nan,nan,,,legacy_multistart,
fig4,dual_pol_peb,16,1080178429,15.0,snr_db,15.0,3,3,3,3,dual_pol,1080178429,fixed_full6d_reference_sigma2,full_6d,0.015186732077486415,20fc418f384591a6,False,,10.174384940881282,nan,nan,nan,nan,nan,nan,False,,,,False,,,,,,,,,,,,,,,,,,,,,,,,False,,,nan,nan,nan,nan,False,,,nan,nan,,,,,[],nan,,,nan,nan,nan,nan,,nan,nan,nan,0.00019495243640033593,nan,0.00019495243640033593,nan,0.00019495243640033593,5.900145144527094e-05,nan,free_jones_peb,free,5.900145144527094e-05,nan,0.00019495243640033593,4.0,4.0,0.0,87.37275580693712,87.52885512344139,nan,True,False,disabled,nan,nan,3.304025323745425e-15,243134540.54141068,nan,True,False,7873f3ee4d8c236ea9f55dde7f8a207e41c4badaaaa60a5426862eff8db93236,0.015186732077486415,computed_unscaled,cpu,nan,nan,nan,,,,,,,,nan,nan,nan,nan,nan,nan,False,,,,,,,,,nan,nan,nan,nan,,,,[],False,nan,nan,nan,,,nan,nan,nan,False,nan,,,False,,nan,nan,,,nan,nan,nan,False,nan,,,,False,nan,nan,,nan,nan,,,legacy_multistart,
fig4,full_6d_evs_peb,16,1080178429,15.0,snr_db,15.0,3,3,3,3,full_6d,1080178429,fixed_full6d_reference_sigma2,full_6d,0.015186732077486415,20fc418f384591a6,False,,17.120836304035038,nan,nan,nan,nan,nan,nan,False,,,,False,,,,,,,,,,,,,,,,,,,,,,,,False,,,nan,nan,nan,nan,False,,,nan,nan,,,,,[],nan,,,nan,nan,nan,nan,,nan,nan,nan,5.9001695849494595e-05,nan,nan,5.9001695849494595e-05,5.9001695849494595e-05,5.900145144527094e-05,nan,free_jones_peb,free,5.900145144527094e-05,nan,5.9001695849494595e-05,4.0,4.0,0.0,87.53279534019045,87.52885512344139,nan,True,False,disabled,nan,nan,5.4169116963527154e-15,158.46534703769456,nan,True,False,2793ff1fce7242989610050dae2e9fefacb8b15f6d60bfd2b55605797f0e0ce8,0.015186732077486415,computed_unscaled,cpu,nan,nan,nan,,,,,,,,nan,nan,nan,nan,nan,nan,False,,,,,,,,,nan,nan,nan,nan,,,,[],False,nan,nan,nan,,,nan,nan,nan,False,nan,,,False,,nan,nan,,,nan,nan,nan,False,nan,,,,False,nan,nan,,nan,nan,,,legacy_multistart,
fig4,full_6d_constrained_jones_peb,16,1080178429,15.0,snr_db,15.0,3,3,3,3,full_6d,1080178429,fixed_full6d_reference_sigma2,full_6d,0.015186732077486415,20fc418f384591a6,False,,0.0014719581231474876,nan,nan,nan,nan,nan,nan,False,,,,False,,,,,,,,,,,,,,,,,,,,,,,,False,,,nan,nan,nan,nan,False,,,nan,nan,,,,,[],nan,,,nan,nan,nan,nan,,nan,nan,nan,5.900145144527094e-05,nan,nan,5.900145144527094e-05,5.9001695849494595e-05,5.900145144527094e-05,nan,constrained_jones_peb,constrained,5.900145144527094e-05,nan,5.9001695849494595e-05,4.0,4.0,0.0,87.53279534019045,87.52885512344139,nan,True,False,disabled,nan,nan,5.4169116963527154e-15,158.46534703769456,nan,True,False,2793ff1fce7242989610050dae2e9fefacb8b15f6d60bfd2b55605797f0e0ce8,0.015186732077486415,computed_unscaled,cpu,nan,nan,nan,,,,,,,,nan,nan,nan,nan,nan,nan,False,,,,,,,,,nan,nan,nan,nan,,,,[],False,nan,nan,nan,,,nan,nan,nan,False,nan,,,False,,nan,nan,,,nan,nan,nan,False,nan,,,,False,nan,nan,,nan,nan,,,legacy_multistart,
fig4,scalar_peb,22,3206710796,15.0,snr_db,15.0,3,3,3,3,scalar,3206710796,fixed_full6d_reference_sigma2,full_6d,0.0033916235200905508,3d13190c1cba7c8b,False,,12.61709767091088,nan,nan,nan,nan,nan,nan,False,,,,False,,,,,,,,,,,,,,,,,,,,,,,,False,,,nan,nan,nan,nan,False,,,nan,nan,,,,,[],nan,,,nan,nan,nan,nan,,nan,nan,nan,0.0017954363221141213,0.0017954363221141213,nan,nan,0.0017954363221141213,7.55430871708882e-05,nan,free_jones_peb,free,7.55430871708882e-05,nan,0.0017954363221141213,4.0,4.0,0.0,111.05749458953505,85.51685239788131,nan,True,False,disabled,nan,nan,5.555584205613902e-15,179374994.41167143,nan,True,False,f9080b4e68e4aed660f7139dac97037d1e8fed6d4a9602cdbdb2d46386fc4c30,0.0033916235200905508,computed_unscaled,cpu,nan,nan,nan,,,,,,,,nan,nan,nan,nan,nan,nan,False,,,,,,,,,nan,nan,nan,nan,,,,[],False,nan,nan,nan,,,nan,nan,nan,False,nan,,,False,,nan,nan,,,nan,nan,nan,False,nan,,,,False,nan,nan,,nan,nan,,,legacy_multistart,
fig4,dual_pol_peb,22,3206710796,15.0,snr_db,15.0,3,3,3,3,dual_pol,3206710796,fixed_full6d_reference_sigma2,full_6d,0.0033916235200905508,3d13190c1cba7c8b,False,,10.201465049991384,nan,nan,nan,nan,nan,nan,False,,,,False,,,,,,,,,,,,,,,,,,,,,,,,False,,,nan,nan,nan,nan,False,,,nan,nan,,,,,[],nan,,,nan,nan,nan,nan,,nan,nan,nan,0.00025801382945590313,nan,0.00025801382945590313,nan,0.00025801382945590313,7.55430871708882e-05,nan,free_jones_peb,free,7.55430871708882e-05,nan,0.00025801382945590313,4.0,4.0,0.0,85.63788320864273,85.51685239788131,nan,True,False,disabled,nan,nan,6.690484561724154e-15,164327659.57316005,nan,True,False,419299da458ee1792ab0bf9d32fc334a7c54ce3cdd856294255dc0759783f127,0.0033916235200905508,computed_unscaled,cpu,nan,nan,nan,,,,,,,,nan,nan,nan,nan,nan,nan,False,,,,,,,,,nan,nan,nan,nan,,,,[],False,nan,nan,nan,,,nan,nan,nan,False,nan,,,False,,nan,nan,,,nan,nan,nan,False,nan,,,,False,nan,nan,,nan,nan,,,legacy_multistart,
fig4,full_6d_evs_peb,22,3206710796,15.0,snr_db,15.0,3,3,3,3,full_6d,3206710796,fixed_full6d_reference_sigma2,full_6d,0.0033916235200905508,3d13190c1cba7c8b,False,,9.750093347160146,nan,nan,nan,nan,nan,nan,False,,,,False,,,,,,,,,,,,,,,,,,,,,,,,False,,,nan,nan,nan,nan,False,,,nan,nan,,,,,[],nan,,,nan,nan,nan,nan,,nan,nan,nan,7.554398024572056e-05,nan,nan,7.554398024572056e-05,7.554398024572056e-05,7.55430871708882e-05,nan,free_jones_peb,free,7.55430871708882e-05,nan,7.554398024572056e-05,4.0,4.0,0.0,85.51320048103588,85.51685239788131,nan,True,False,disabled,nan,nan,3.562562133170088e-15,3195.2518364412626,nan,True,False,c84ba72aa3a760a0760b6b67e247dbffd03ad56315a9283ecceeafa1a6824f29,0.0033916235200905508,computed_unscaled,cpu,nan,nan,nan,,,,,,,,nan,nan,nan,nan,nan,nan,False,,,,,,,,,nan,nan,nan,nan,,,,[],False,nan,nan,nan,,,nan,nan,nan,False,nan,,,False,,nan,nan,,,nan,nan,nan,False,nan,,,,False,nan,nan,,nan,nan,,,legacy_multistart,
fig4,full_6d_constrained_jones_peb,22,3206710796,15.0,snr_db,15.0,3,3,3,3,full_6d,3206710796,fixed_full6d_reference_sigma2,full_6d,0.0033916235200905508,3d13190c1cba7c8b,False,,0.0015346978325396776,nan,nan,nan,nan,nan,nan,False,,,,False,,,,,,,,,,,,,,,,,,,,,,,,False,,,nan,nan,nan,nan,False,,,nan,nan,,,,,[],nan,,,nan,nan,nan,nan,,nan,nan,nan,7.55430871708882e-05,nan,nan,7.55430871708882e-05,7.554398024572056e-05,7.55430871708882e-05,nan,constrained_jones_peb,constrained,7.55430871708882e-05,nan,7.554398024572056e-05,4.0,4.0,0.0,85.51320048103588,85.51685239788131,nan,True,False,disabled,nan,nan,3.562562133170088e-15,3195.2518364412626,nan,True,False,c84ba72aa3a760a0760b6b67e247dbffd03ad56315a9283ecceeafa1a6824f29,0.0033916235200905508,computed_unscaled,cpu,nan,nan,nan,,,,,,,,nan,nan,nan,nan,nan,nan,False,,,,,,,,,nan,nan,nan,nan,,,,[],False,nan,nan,nan,,,nan,nan,nan,False,nan,,,False,,nan,nan,,,nan,nan,nan,False,nan,,,,False,nan,nan,,nan,nan,,,legacy_multistart,
fig4,scalar_peb,19,3846521747,15.0,snr_db,15.0,3,3,3,3,scalar,3846521747,fixed_full6d_reference_sigma2,full_6d,0.0037498393947658693,251038878874738a,False,,13.975892795948312,nan,nan,nan,nan,nan,nan,False,,,,False,,,,,,,,,,,,,,,,,,,,,,,,False,,,nan,nan,nan,nan,False,,,nan,nan,,,,,[],nan,,,nan,nan,nan,nan,,nan,nan,nan,0.0022347795570940615,0.0022347795570940615,nan,nan,0.0022347795570940615,7.035431031790081e-05,nan,free_jones_peb,free,7.035431031790081e-05,nan,0.0022347795570940615,4.0,4.0,0.0,138.35265111308036,81.0267088762716,nan,True,False,disabled,nan,nan,5.0501717881217934e-15,209310029.63820928,nan,True,False,0b8a9b663ca2c0e1d92176cbed39120875d02f4c6be3dc160568c7233976ffc2,0.0037498393947658693,computed_unscaled,cpu,nan,nan,nan,,,,,,,,nan,nan,nan,nan,nan,nan,False,,,,,,,,,nan,nan,nan,nan,,,,[],False,nan,nan,nan,,,nan,nan,nan,False,nan,,,False,,nan,nan,,,nan,nan,nan,False,nan,,,,False,nan,nan,,nan,nan,,,legacy_multistart,
fig4,dual_pol_peb,19,3846521747,15.0,snr_db,15.0,3,3,3,3,dual_pol,3846521747,fixed_full6d_reference_sigma2,full_6d,0.0037498393947658693,251038878874738a,False,,12.66122511192225,nan,nan,nan,nan,nan,nan,False,,,,False,,,,,,,,,,,,,,,,,,,,,,,,False,,,nan,nan,nan,nan,False,,,nan,nan,,,,,[],nan,,,nan,nan,nan,nan,,nan,nan,nan,0.00028481834584626856,nan,0.00028481834584626856,nan,0.00028481834584626856,7.035431031790081e-05,nan,free_jones_peb,free,7.035431031790081e-05,nan,0.00028481834584626856,4.0,4.0,0.0,84.04221565549445,81.0267088762716,nan,True,False,disabled,nan,nan,5.464717174752458e-15,196723507.26680326,nan,True,False,dca030af82f710bcb535a4a0e546d3403fad4f1f40adb5820a43ca6b9c02e1ab,0.0037498393947658693,computed_unscaled,cpu,nan,nan,nan,,,,,,,,nan,nan,nan,nan,nan,nan,False,,,,,,,,,nan,nan,nan,nan,,,,[],False,nan,nan,nan,,,nan,nan,nan,False,nan,,,False,,nan,nan,,,nan,nan,nan,False,nan,,,,False,nan,nan,,nan,nan,,,legacy_multistart,
fig4,full_6d_evs_peb,19,3846521747,15.0,snr_db,15.0,3,3,3,3,full_6d,3846521747,fixed_full6d_reference_sigma2,full_6d,0.0037498393947658693,251038878874738a,False,,12.815172103000805,nan,nan,nan,nan,nan,nan,False,,,,False,,,,,,,,,,,,,,,,,,,,,,,,False,,,nan,nan,nan,nan,False,,,nan,nan,,,,,[],nan,,,nan,nan,nan,nan,,nan,nan,nan,7.035534536445204e-05,nan,nan,7.035534536445204e-05,7.035534536445204e-05,7.035431031790081e-05,nan,free_jones_peb,free,7.035431031790081e-05,nan,7.035534536445204e-05,4.0,4.0,0.0,81.02735268366338,81.0267088762716,nan,True,False,disabled,nan,nan,3.118544471127245e-15,536.8941089573098,nan,True,False,66683f008884b5deaddb95c24fc2a892e518e793d697d2821f0c6f98570400e4,0.0037498393947658693,computed_unscaled,cpu,nan,nan,nan,,,,,,,,nan,nan,nan,nan,nan,nan,False,,,,,,,,,nan,nan,nan,nan,,,,[],False,nan,nan,nan,,,nan,nan,nan,False,nan,,,False,,nan,nan,,,nan,nan,nan,False,nan,,,,False,nan,nan,,nan,nan,,,legacy_multistart,
fig4,full_6d_constrained_jones_peb,19,3846521747,15.0,snr_db,15.0,3,3,3,3,full_6d,3846521747,fixed_full6d_reference_sigma2,full_6d,0.0037498393947658693,251038878874738a,False,,0.0013118761125952005,nan,nan,nan,nan,nan,nan,False,,,,False,,,,,,,,,,,,,,,,,,,,,,,,False,,,nan,nan,nan,nan,False,,,nan,nan,,,,,[],nan,,,nan,nan,nan,nan,,nan,nan,nan,7.035431031790081e-05,nan,nan,7.035431031790081e-05,7.035534536445204e-05,7.035431031790081e-05,nan,constrained_jones_peb,constrained,7.035431031790081e-05,nan,7.035534536445204e-05,4.0,4.0,0.0,81.02735268366338,81.0267088762716,nan,True,False,disabled,nan,nan,3.118544471127245e-15,536.8941089573098,nan,True,False,66683f008884b5deaddb95c24fc2a892e518e793d697d2821f0c6f98570400e4,0.0037498393947658693,computed_unscaled,cpu,nan,nan,nan,,,,,,,,nan,nan,nan,nan,nan,nan,False,,,,,,,,,nan,nan,nan,nan,,,,[],False,nan,nan,nan,,,nan,nan,nan,False,nan,,,False,,nan,nan,,,nan,nan,nan,False,nan,,,,False,nan,nan,,nan,nan,,,legacy_multistart,
fig4,scalar_peb,15,2734808712,15.0,snr_db,15.0,3,3,3,3,scalar,2734808712,fixed_full6d_reference_sigma2,full_6d,0.0036476052765804356,d9935ad94497924c,False,,16.331698701018468,nan,nan,nan,nan,nan,nan,False,,,,False,,,,,,,,,,,,,,,,,,,,,,,,False,,,nan,nan,nan,nan,False,,,nan,nan,,,,,[],nan,,,nan,nan,nan,nan,,nan,nan,nan,0.0018043368290716478,0.0018043368290716478,nan,nan,0.0018043368290716478,6.155733889691626e-05,nan,free_jones_peb,free,6.155733889691626e-05,nan,0.0018043368290716478,4.0,4.0,0.0,100.89591029078709,70.00822677902678,nan,True,False,disabled,nan,nan,9.414876683125986e-15,274055974.17689985,nan,True,False,d79defabb728f9ef2a9cb498979e3e0a06d619a6bb25b684616b7fd7193da39d,0.0036476052765804356,computed_unscaled,cpu,nan,nan,nan,,,,,,,,nan,nan,nan,nan,nan,nan,False,,,,,,,,,nan,nan,nan,nan,,,,[],False,nan,nan,nan,,,nan,nan,nan,False,nan,,,False,,nan,nan,,,nan,nan,nan,False,nan,,,,False,nan,nan,,nan,nan,,,legacy_multistart,
fig4,dual_pol_peb,15,2734808712,15.0,snr_db,15.0,3,3,3,3,dual_pol,2734808712,fixed_full6d_reference_sigma2,full_6d,0.0036476052765804356,d9935ad94497924c,False,,16.603322356007993,nan,nan,nan,nan,nan,nan,False,,,,False,,,,,,,,,,,,,,,,,,,,,,,,False,,,nan,nan,nan,nan,False,,,nan,nan,,,,,[],nan,,,nan,nan,nan,nan,,nan,nan,nan,0.00017342992227720042,nan,0.00017342992227720042,nan,0.00017342992227720042,6.155733889691626e-05,nan,free_jones_peb,free,6.155733889691626e-05,nan,0.00017342992227720042,4.0,4.0,0.0,70.2074456130026,70.00822677902678,nan,True,False,disabled,nan,nan,5.2135749835018726e-15,239764330.60401198,nan,True,False,2dd75ddc8fcab391f115d7c89ff58c856a8850fc1d32139859277407aa090c9f,0.0036476052765804356,computed_unscaled,cpu,nan,nan,nan,,,,,,,,nan,nan,nan,nan,nan,nan,False,,,,,,,,,nan,nan,nan,nan,,,,[],False,nan,nan,nan,,,nan,nan,nan,False,nan,,,False,,nan,nan,,,nan,nan,nan,False,nan,,,,False,nan,nan,,nan,nan,,,legacy_multistart,
fig4,full_6d_evs_peb,15,2734808712,15.0,snr_db,15.0,3,3,3,3,full_6d,2734808712,fixed_full6d_reference_sigma2,full_6d,0.0036476052765804356,d9935ad94497924c,False,,17.340470442082733,nan,nan,nan,nan,nan,nan,False,,,,False,,,,,,,,,,,,,,,,,,,,,,,,False,,,nan,nan,nan,nan,False,,,nan,nan,,,,,[],nan,,,nan,nan,nan,nan,,nan,nan,nan,6.155747828861732e-05,nan,nan,6.155747828861732e-05,6.155747828861732e-05,6.155733889691626e-05,nan,free_jones_peb,free,6.155733889691626e-05,nan,6.155747828861732e-05,4.0,4.0,0.0,70.00906531898143,70.00822677902678,nan,True,False,disabled,nan,nan,7.441895008449223e-15,319.0489847828735,nan,True,False,3745774ba39f0b3a489ec82705d3e30e7ac3ac0889ba9ff94e26de5537c07034,0.0036476052765804356,computed_unscaled,cpu,nan,nan,nan,,,,,,,,nan,nan,nan,nan,nan,nan,False,,,,,,,,,nan,nan,nan,nan,,,,[],False,nan,nan,nan,,,nan,nan,nan,False,nan,,,False,,nan,nan,,,nan,nan,nan,False,nan,,,,False,nan,nan,,nan,nan,,,legacy_multistart,
fig4,full_6d_constrained_jones_peb,15,2734808712,15.0,snr_db,15.0,3,3,3,3,full_6d,2734808712,fixed_full6d_reference_sigma2,full_6d,0.0036476052765804356,d9935ad94497924c,False,,0.0014192990493029356,nan,nan,nan,nan,nan,nan,False,,,,False,,,,,,,,,,,,,,,,,,,,,,,,False,,,nan,nan,nan,nan,False,,,nan,nan,,,,,[],nan,,,nan,nan,nan,nan,,nan,nan,nan,6.155733889691626e-05,nan,nan,6.155733889691626e-05,6.155747828861732e-05,6.155733889691626e-05,nan,constrained_jones_peb,constrained,6.155733889691626e-05,nan,6.155747828861732e-05,4.0,4.0,0.0,70.00906531898143,70.00822677902678,nan,True,False,disabled,nan,nan,7.441895008449223e-15,319.0489847828735,nan,True,False,3745774ba39f0b3a489ec82705d3e30e7ac3ac0889ba9ff94e26de5537c07034,0.0036476052765804356,computed_unscaled,cpu,nan,nan,nan,,,,,,,,nan,nan,nan,nan,nan,nan,False,,,,,,,,,nan,nan,nan,nan,,,,[],False,nan,nan,nan,,,nan,nan,nan,False,nan,,,False,,nan,nan,,,nan,nan,nan,False,nan,,,,False,nan,nan,,nan,nan,,,legacy_multistart,
fig4,scalar_peb,0,3147786918,20.0,snr_db,20.0,3,3,3,3,scalar,3147786918,fixed_full6d_reference_sigma2,full_6d,0.003964529139661309,4a186b7be9c41b56,False,,13.047017212025821,nan,nan,nan,nan,nan,nan,False,,,,False,,,,,,,,,,,,,,,,,,,,,,,,False,,,nan,nan,nan,nan,False,,,nan,nan,,,,,[],nan,,,nan,nan,nan,nan,,nan,nan,nan,0.0011693779852249956,0.0011693779852249956,nan,nan,0.0011693779852249956,3.571160888914225e-05,nan,free_jones_peb,free,3.571160888914225e-05,nan,0.0011693779852249956,4.0,4.0,0.0,109.8076045815913,69.84558422826325,nan,True,False,disabled,nan,nan,1.2517256540300649e-14,821156947.3903173,nan,True,False,cd96a98a06084da1d3e00a46ddfc6c9c51a558c9423886cb8941ee6de2c16ba9,0.003964529139661309,computed_unscaled,cpu,nan,nan,nan,,,,,,,,nan,nan,nan,nan,nan,nan,False,,,,,,,,,nan,nan,nan,nan,,,,[],False,nan,nan,nan,,,nan,nan,nan,False,nan,,,False,,nan,nan,,,nan,nan,nan,False,nan,,,,False,nan,nan,,nan,nan,,,legacy_multistart,
fig4,dual_pol_peb,0,3147786918,20.0,snr_db,20.0,3,3,3,3,dual_pol,3147786918,fixed_full6d_reference_sigma2,full_6d,0.003964529139661309,4a186b7be9c41b56,False,,12.508043203037232,nan,nan,nan,nan,nan,nan,False,,,,False,,,,,,,,,,,,,,,,,,,,,,,,False,,,nan,nan,nan,nan,False,,,nan,nan,,,,,[],nan,,,nan,nan,nan,nan,,nan,nan,nan,0.00015799029197970712,nan,0.00015799029197970712,nan,0.00015799029197970712,3.571160888914225e-05,nan,free_jones_peb,free,3.571160888914225e-05,nan,0.00015799029197970712,4.0,4.0,0.0,74.38377110368802,69.84558422826325,nan,True,False,disabled,nan,nan,8.848903995827175e-15,777657530.6696863,nan,True,False,8dc4f470547f71c7bbbfab20d66331fe815668d9c9eb7a3dceadd43db18a7ee2,0.003964529139661309,computed_unscaled,cpu,nan,nan,nan,,,,,,,,nan,nan,nan,nan,nan,nan,False,,,,,,,,,nan,nan,nan,nan,,,,[],False,nan,nan,nan,,,nan,nan,nan,False,nan,,,False,,nan,nan,,,nan,nan,nan,False,nan,,,,False,nan,nan,,nan,nan,,,legacy_multistart,
fig4,full_6d_evs_peb,0,3147786918,20.0,snr_db,20.0,3,3,3,3,full_6d,3147786918,fixed_full6d_reference_sigma2,full_6d,0.003964529139661309,4a186b7be9c41b56,False,,13.078949938062578,nan,nan,nan,nan,nan,nan,False,,,,False,,,,,,,,,,,,,,,,,,,,,,,,False,,,nan,nan,nan,nan,False,,,nan,nan,,,,,[],nan,,,nan,nan,nan,nan,,nan,nan,nan,3.5712126829111964e-05,nan,nan,3.5712126829111964e-05,3.5712126829111964e-05,3.571160888914225e-05,nan,free_jones_peb,free,3.571160888914225e-05,nan,3.5712126829111964e-05,4.0,4.0,0.0,69.8480176162855,69.84558422826325,nan,True,False,disabled,nan,nan,7.067857438862356e-15,3410.0372831287928,nan,True,False,7c738a48c71d396c30709f16037cef480e872ff8eba0c095999cea8980974cb0,0.003964529139661309,computed_unscaled,cpu,nan,nan,nan,,,,,,,,nan,nan,nan,nan,nan,nan,False,,,,,,,,,nan,nan,nan,nan,,,,[],False,nan,nan,nan,,,nan,nan,nan,False,nan,,,False,,nan,nan,,,nan,nan,nan,False,nan,,,,False,nan,nan,,nan,nan,,,legacy_multistart,
fig4,full_6d_constrained_jones_peb,0,3147786918,20.0,snr_db,20.0,3,3,3,3,full_6d,3147786918,fixed_full6d_reference_sigma2,full_6d,0.003964529139661309,4a186b7be9c41b56,False,,0.0013954548630863428,nan,nan,nan,nan,nan,nan,False,,,,False,,,,,,,,,,,,,,,,,,,,,,,,False,,,nan,nan,nan,nan,False,,,nan,nan,,,,,[],nan,,,nan,nan,nan,nan,,nan,nan,nan,3.571160888914225e-05,nan,nan,3.571160888914225e-05,3.5712126829111964e-05,3.571160888914225e-05,nan,constrained_jones_peb,constrained,3.571160888914225e-05,nan,3.5712126829111964e-05,4.0,4.0,0.0,69.8480176162855,69.84558422826325,nan,True,False,disabled,nan,nan,7.067857438862356e-15,3410.0372831287928,nan,True,False,7c738a48c71d396c30709f16037cef480e872ff8eba0c095999cea8980974cb0,0.003964529139661309,computed_unscaled,cpu,nan,nan,nan,,,,,,,,nan,nan,nan,nan,nan,nan,False,,,,,,,,,nan,nan,nan,nan,,,,[],False,nan,nan,nan,,,nan,nan,nan,False,nan,,,False,,nan,nan,,,nan,nan,nan,False,nan,,,,False,nan,nan,,nan,nan,,,legacy_multistart,
fig4,scalar_peb,5,2290547997,20.0,snr_db,20.0,3,3,3,3,scalar,2290547997,fixed_full6d_reference_sigma2,full_6d,0.0027300020886016525,1f6ebd6e33878007,False,,10.281020877184346,nan,nan,nan,nan,nan,nan,False,,,,False,,,,,,,,,,,,,,,,,,,,,,,,False,,,nan,nan,nan,nan,False,,,nan,nan,,,,,[],nan,,,nan,nan,nan,nan,,nan,nan,nan,0.001705599440969386,0.001705599440969386,nan,nan,0.001705599440969386,3.836682328451425e-05,nan,free_jones_peb,free,3.836682328451425e-05,nan,0.001705599440969386,4.0,4.0,0.0,95.41165547853413,75.0745166932569,nan,True,False,disabled,nan,nan,3.975132146182977e-15,713666264.6225164,nan,True,False,93ef95e20e1c131fcaa8886b0220c980cc8f80e2f6a274806efc16af2e526fa6,0.0027300020886016525,computed_unscaled,cpu,nan,nan,nan,,,,,,,,nan,nan,nan,nan,nan,nan,False,,,,,,,,,nan,nan,nan,nan,,,,[],False,nan,nan,nan,,,nan,nan,nan,False,nan,,,False,,nan,nan,,,nan,nan,nan,False,nan,,,,False,nan,nan,,nan,nan,,,legacy_multistart,
fig4,dual_pol_peb,5,2290547997,20.0,snr_db,20.0,3,3,3,3,dual_pol,2290547997,fixed_full6d_reference_sigma2,full_6d,0.0027300020886016525,1f6ebd6e33878007,False,,9.385567526798695,nan,nan,nan,nan,nan,nan,False,,,,False,,,,,,,,,,,,,,,,,,,,,,,,False,,,nan,nan,nan,nan,False,,,nan,nan,,,,,[],nan,,,nan,nan,nan,nan,,nan,nan,nan,0.00012614734160024054,nan,0.00012614734160024054,nan,0.00012614734160024054,3.836682328451425e-05,nan,free_jones_peb,free,3.836682328451425e-05,nan,0.00012614734160024054,4.0,4.0,0.0,69.60947403148965,75.0745166932569,nan,True,False,disabled,nan,nan,4.3461724097907536e-15,645351823.5908843,nan,True,False,a982c7f66b3b7068e3eaf7969bceb651aa74c5682d0cb2fec69a6a1f75a15ec0,0.0027300020886016525,computed_unscaled,cpu,nan,nan,nan,,,,,,,,nan,nan,nan,nan,nan,nan,False,,,,,,,,,nan,nan,nan,nan,,,,[],False,nan,nan,nan,,,nan,nan,nan,False,nan,,,False,,nan,nan,,,nan,nan,nan,False,nan,,,,False,nan,nan,,nan,nan,,,legacy_multistart,
fig4,full_6d_evs_peb,5,2290547997,20.0,snr_db,20.0,3,3,3,3,full_6d,2290547997,fixed_full6d_reference_sigma2,full_6d,0.0027300020886016525,1f6ebd6e33878007,False,,9.990707152057439,nan,nan,nan,nan,nan,nan,False,,,,False,,,,,,,,,,,,,,,,,,,,,,,,False,,,nan,nan,nan,nan,False,,,nan,nan,,,,,[],nan,,,nan,nan,nan,nan,,nan,nan,nan,3.836718619475324e-05,nan,nan,3.836718619475324e-05,3.836718619475324e-05,3.836682328451425e-05,nan,free_jones_peb,free,3.836682328451425e-05,nan,3.836718619475324e-05,4.0,4.0,0.0,75.0744118441371,75.0745166932569,nan,True,False,disabled,nan,nan,3.1272288998831282e-15,4866.383430943958,nan,True,False,38f1169f92c897947506b479f5ee71ac29695cde812eaf9f2f26b2ce8e8773e4,0.0027300020886016525,computed_unscaled,cpu,nan,nan,nan,,,,,,,,nan,nan,nan,nan,nan,nan,False,,,,,,,,,nan,nan,nan,nan,,,,[],False,nan,nan,nan,,,nan,nan,nan,False,nan,,,False,,nan,nan,,,nan,nan,nan,False,nan,,,,False,nan,nan,,nan,nan,,,legacy_multistart,
fig4,full_6d_constrained_jones_peb,5,2290547997,20.0,snr_db,20.0,3,3,3,3,full_6d,2290547997,fixed_full6d_reference_sigma2,full_6d,0.0027300020886016525,1f6ebd6e33878007,False,,0.001397168030962348,nan,nan,nan,nan,nan,nan,False,,,,False,,,,,,,,,,,,,,,,,,,,,,,,False,,,nan,nan,nan,nan,False,,,nan,nan,,,,,[],nan,,,nan,nan,nan,nan,,nan,nan,nan,3.836682328451425e-05,nan,nan,3.836682328451425e-05,3.836718619475324e-05,3.836682328451425e-05,nan,constrained_jones_peb,constrained,3.836682328451425e-05,nan,3.836718619475324e-05,4.0,4.0,0.0,75.0744118441371,75.0745166932569,nan,True,False,disabled,nan,nan,3.1272288998831282e-15,4866.383430943958,nan,True,False,38f1169f92c897947506b479f5ee71ac29695cde812eaf9f2f26b2ce8e8773e4,0.0027300020886016525,computed_unscaled,cpu,nan,nan,nan,,,,,,,,nan,nan,nan,nan,nan,nan,False,,,,,,,,,nan,nan,nan,nan,,,,[],False,nan,nan,nan,,,nan,nan,nan,False,nan,,,False,,nan,nan,,,nan,nan,nan,False,nan,,,,False,nan,nan,,nan,nan,,,legacy_multistart,
fig4,scalar_peb,1,112311654,20.0,snr_db,20.0,3,3,3,3,scalar,112311654,fixed_full6d_reference_sigma2,full_6d,0.003038314297188423,3e4a9ded79cc2f37,False,,13.117285115877166,nan,nan,nan,nan,nan,nan,False,,,,False,,,,,,,,,,,,,,,,,,,,,,,,False,,,nan,nan,nan,nan,False,,,nan,nan,,,,,[],nan,,,nan,nan,nan,nan,,nan,nan,nan,0.0010754231686812194,0.0010754231686812194,nan,nan,0.0010754231686812194,4.54280293030287e-05,nan,free_jones_peb,free,4.54280293030287e-05,nan,0.0010754231686812194,4.0,4.0,0.0,103.42543501443845,98.55644697864294,nan,True,False,disabled,nan,nan,9.272826700578456e-15,510806276.4015399,nan,True,False,fa6fba46c95bc61c803f79365f0d9505da44453f202847b9b8ecc32965b8cd2d,0.003038314297188423,computed_unscaled,cpu,nan,nan,nan,,,,,,,,nan,nan,nan,nan,nan,nan,False,,,,,,,,,nan,nan,nan,nan,,,,[],False,nan,nan,nan,,,nan,nan,nan,False,nan,,,False,,nan,nan,,,nan,nan,nan,False,nan,,,,False,nan,nan,,nan,nan,,,legacy_multistart,
fig4,dual_pol_peb,1,112311654,20.0,snr_db,20.0,3,3,3,3,dual_pol,112311654,fixed_full6d_reference_sigma2,full_6d,0.003038314297188423,3e4a9ded79cc2f37,False,,12.58845284814015,nan,nan,nan,nan,nan,nan,False,,,,False,,,,,,,,,,,,,,,,,,,,,,,,False,,,nan,nan,nan,nan,False,,,nan,nan,,,,,[],nan,,,nan,nan,nan,nan,,nan,nan,nan,0.00015795862804144817,nan,0.00015795862804144817,nan,0.00015795862804144817,4.54280293030287e-05,nan,free_jones_peb,free,4.54280293030287e-05,nan,0.00015795862804144817,4.0,4.0,0.0,91.56074979956597,98.55644697864294,nan,True,False,disabled,nan,nan,1.0946593147413315e-14,470083606.1208863,nan,True,False,9cb07c157e55079152cdbc0b259ea15448b5812311ff137fa6c78846796d4dab,0.003038314297188423,computed_unscaled,cpu,nan,nan,nan,,,,,,,,nan,nan,nan,nan,nan,nan,False,,,,,,,,,nan,nan,nan,nan,,,,[],False,nan,nan,nan,,,nan,nan,nan,False,nan,,,False,,nan,nan,,,nan,nan,nan,False,nan,,,,False,nan,nan,,nan,nan,,,legacy_multistart,
fig4,full_6d_evs_peb,1,112311654,20.0,snr_db,20.0,3,3,3,3,full_6d,112311654,fixed_full6d_reference_sigma2,full_6d,0.003038314297188423,3e4a9ded79cc2f37,False,,12.702703354880214,nan,nan,nan,nan,nan,nan,False,,,,False,,,,,,,,,,,,,,,,,,,,,,,,False,,,nan,nan,nan,nan,False,,,nan,nan,,,,,[],nan,,,nan,nan,nan,nan,,nan,nan,nan,4.542847401665639e-05,nan,nan,4.542847401665639e-05,4.542847401665639e-05,4.54280293030287e-05,nan,free_jones_peb,free,4.54280293030287e-05,nan,4.542847401665639e-05,4.0,4.0,0.0,98.55800326139399,98.55644697864294,nan,True,False,disabled,nan,nan,1.0766054468854386e-14,5948.3304825478235,nan,True,False,e3b48bd20620d3b9b8ef02e72c1473ee968de0b883c8a7b45706956b70dd2349,0.003038314297188423,computed_unscaled,cpu,nan,nan,nan,,,,,,,,nan,nan,nan,nan,nan,nan,False,,,,,,,,,nan,nan,nan,nan,,,,[],False,nan,nan,nan,,,nan,nan,nan,False,nan,,,False,,nan,nan,,,nan,nan,nan,False,nan,,,,False,nan,nan,,nan,nan,,,legacy_multistart,
fig4,full_6d_constrained_jones_peb,1,112311654,20.0,snr_db,20.0,3,3,3,3,full_6d,112311654,fixed_full6d_reference_sigma2,full_6d,0.003038314297188423,3e4a9ded79cc2f37,False,,0.0013881758786737919,nan,nan,nan,nan,nan,nan,False,,,,False,,,,,,,,,,,,,,,,,,,,,,,,False,,,nan,nan,nan,nan,False,,,nan,nan,,,,,[],nan,,,nan,nan,nan,nan,,nan,nan,nan,4.54280293030287e-05,nan,nan,4.54280293030287e-05,4.542847401665639e-05,4.54280293030287e-05,nan,constrained_jones_peb,constrained,4.54280293030287e-05,nan,4.542847401665639e-05,4.0,4.0,0.0,98.55800326139399,98.55644697864294,nan,True,False,disabled,nan,nan,1.0766054468854386e-14,5948.3304825478235,nan,True,False,e3b48bd20620d3b9b8ef02e72c1473ee968de0b883c8a7b45706956b70dd2349,0.003038314297188423,computed_unscaled,cpu,nan,nan,nan,,,,,,,,nan,nan,nan,nan,nan,nan,False,,,,,,,,,nan,nan,nan,nan,,,,[],False,nan,nan,nan,,,nan,nan,nan,False,nan,,,False,,nan,nan,,,nan,nan,nan,False,nan,,,,False,nan,nan,,nan,nan,,,legacy_multistart,
fig4,scalar_peb,18,3644258948,15.0,snr_db,15.0,3,3,3,3,scalar,3644258948,fixed_full6d_reference_sigma2,full_6d,0.01390927892382434,a20378b39deac1a4,False,,17.379358486970887,nan,nan,nan,nan,nan,nan,False,,,,False,,,,,,,,,,,,,,,,,,,,,,,,False,,,nan,nan,nan,nan,False,,,nan,nan,,,,,[],nan,,,nan,nan,nan,nan,,nan,nan,nan,0.0032346011850781066,0.0032346011850781066,nan,nan,0.0032346011850781066,5.9341943167010455e-05,nan,free_jones_peb,free,5.9341943167010455e-05,nan,0.0032346011850781066,4.0,4.0,0.0,115.23711542244546,80.88495081630951,nan,True,False,disabled,nan,nan,4.567264388645128e-15,254430707.21556678,nan,True,False,7c3fffbebf7276e93d6865a756d564af06a271739673c8f69819f7ec957629a8,0.01390927892382434,computed_unscaled,cpu,nan,nan,nan,,,,,,,,nan,nan,nan,nan,nan,nan,False,,,,,,,,,nan,nan,nan,nan,,,,[],False,nan,nan,nan,,,nan,nan,nan,False,nan,,,False,,nan,nan,,,nan,nan,nan,False,nan,,,,False,nan,nan,,nan,nan,,,legacy_multistart,
fig4,dual_pol_peb,18,3644258948,15.0,snr_db,15.0,3,3,3,3,dual_pol,3644258948,fixed_full6d_reference_sigma2,full_6d,0.01390927892382434,a20378b39deac1a4,False,,16.863805865868926,nan,nan,nan,nan,nan,nan,False,,,,False,,,,,,,,,,,,,,,,,,,,,,,,False,,,nan,nan,nan,nan,False,,,nan,nan,,,,,[],nan,,,nan,nan,nan,nan,,nan,nan,nan,0.0001946600648939503,nan,0.0001946600648939503,nan,0.0001946600648939503,5.9341943167010455e-05,nan,free_jones_peb,free,5.9341943167010455e-05,nan,0.0001946600648939503,4.0,4.0,0.0,81.40427739880947,80.88495081630951,nan,True,False,disabled,nan,nan,6.8978375595772034e-15,231324104.3589683,nan,True,False,cf6f4ec51498c7da6824e9b45e0baf835ff8071253d23a2abd74e8038f51af4f,0.01390927892382434,computed_unscaled,cpu,nan,nan,nan,,,,,,,,nan,nan,nan,nan,nan,nan,False,,,,,,,,,nan,nan,nan,nan,,,,[],False,nan,nan,nan,,,nan,nan,nan,False,nan,,,False,,nan,nan,,,nan,nan,nan,False,nan,,,,False,nan,nan,,nan,nan,,,legacy_multistart,
fig4,full_6d_evs_peb,18,3644258948,15.0,snr_db,15.0,3,3,3,3,full_6d,3644258948,fixed_full6d_reference_sigma2,full_6d,0.01390927892382434,a20378b39deac1a4,False,,17.299095954047516,nan,nan,nan,nan,nan,nan,False,,,,False,,,,,,,,,,,,,,,,,,,,,,,,False,,,nan,nan,nan,nan,False,,,nan,nan,,,,,[],nan,,,nan,nan,nan,nan,,nan,nan,nan,5.9343037224781875e-05,nan,nan,5.9343037224781875e-05,5.9343037224781875e-05,5.9341943167010455e-05,nan,free_jones_peb,free,5.9341943167010455e-05,nan,5.9343037224781875e-05,4.0,4.0,0.0,80.88405653823233,80.88495081630951,nan,True,False,disabled,nan,nan,2.3136914737143978e-15,743.4304143732398,nan,True,False,10eabe3ea0bf687d98504e31e23e6506b4b182585a8f16e7a2bae8ed9d09e41a,0.01390927892382434,computed_unscaled,cpu,nan,nan,nan,,,,,,,,nan,nan,nan,nan,nan,nan,False,,,,,,,,,nan,nan,nan,nan,,,,[],False,nan,nan,nan,,,nan,nan,nan,False,nan,,,False,,nan,nan,,,nan,nan,nan,False,nan,,,,False,nan,nan,,nan,nan,,,legacy_multistart,
fig4,full_6d_constrained_jones_peb,18,3644258948,15.0,snr_db,15.0,3,3,3,3,full_6d,3644258948,fixed_full6d_reference_sigma2,full_6d,0.01390927892382434,a20378b39deac1a4,False,,0.0014435139019042253,nan,nan,nan,nan,nan,nan,False,,,,False,,,,,,,,,,,,,,,,,,,,,,,,False,,,nan,nan,nan,nan,False,,,nan,nan,,,,,[],nan,,,nan,nan,nan,nan,,nan,nan,nan,5.9341943167010455e-05,nan,nan,5.9341943167010455e-05,5.9343037224781875e-05,5.9341943167010455e-05,nan,constrained_jones_peb,constrained,5.9341943167010455e-05,nan,5.9343037224781875e-05,4.0,4.0,0.0,80.88405653823233,80.88495081630951,nan,True,False,disabled,nan,nan,2.3136914737143978e-15,743.4304143732398,nan,True,False,10eabe3ea0bf687d98504e31e23e6506b4b182585a8f16e7a2bae8ed9d09e41a,0.01390927892382434,computed_unscaled,cpu,nan,nan,nan,,,,,,,,nan,nan,nan,nan,nan,nan,False,,,,,,,,,nan,nan,nan,nan,,,,[],False,nan,nan,nan,,,nan,nan,nan,False,nan,,,False,,nan,nan,,,nan,nan,nan,False,nan,,,,False,nan,nan,,nan,nan,,,legacy_multistart,
fig4,scalar_peb,23,2043173887,15.0,snr_db,15.0,3,3,3,3,scalar,2043173887,fixed_full6d_reference_sigma2,full_6d,0.010358538720112092,2bd96d42c026ad9c,False,,13.045859974110499,nan,nan,nan,nan,nan,nan,False,,,,False,,,,,,,,,,,,,,,,,,,,,,,,False,,,nan,nan,nan,nan,False,,,nan,nan,,,,,[],nan,,,nan,nan,nan,nan,,nan,nan,nan,0.0027890915424949934,0.0027890915424949934,nan,nan,0.0027890915424949934,6.230441786767478e-05,nan,free_jones_peb,free,6.230441786767478e-05,nan,0.0027890915424949934,4.0,4.0,0.0,82.84495212885673,63.95570465517767,nan,True,False,disabled,nan,nan,1.0859708151157298e-14,265335351.1410255,nan,True,False,87d11b30b2b354763affc746a406804beff6231c93115ab9e8564b2555508918,0.010358538720112092,computed_unscaled,cpu,nan,nan,nan,,,,,,,,nan,nan,nan,nan,nan,nan,False,,,,,,,,,nan,nan,nan,nan,,,,[],False,nan,nan,nan,,,nan,nan,nan,False,nan,,,False,,nan,nan,,,nan,nan,nan,False,nan,,,,False,nan,nan,,nan,nan,,,legacy_multistart,
fig4,dual_pol_peb,23,2043173887,15.0,snr_db,15.0,3,3,3,3,dual_pol,2043173887,fixed_full6d_reference_sigma2,full_6d,0.010358538720112092,2bd96d42c026ad9c,False,,16.179543140809983,nan,nan,nan,nan,nan,nan,False,,,,False,,,,,,,,,,,,,,,,,,,,,,,,False,,,nan,nan,nan,nan,False,,,nan,nan,,,,,[],nan,,,nan,nan,nan,nan,,nan,nan,nan,0.00016891503323736916,nan,0.00016891503323736916,nan,0.00016891503323736916,6.230441786767478e-05,nan,free_jones_peb,free,6.230441786767478e-05,nan,0.00016891503323736916,4.0,4.0,0.0,75.2887796546924,63.95570465517767,nan,True,False,disabled,nan,nan,3.74753054019121e-15,229606030.65883183,nan,True,False,ba7c54c525669a49f352e03ae343c04d0632702243a7f010eb38ac01de638d7a,0.010358538720112092,computed_unscaled,cpu,nan,nan,nan,,,,,,,,nan,nan,nan,nan,nan,nan,False,,,,,,,,,nan,nan,nan,nan,,,,[],False,nan,nan,nan,,,nan,nan,nan,False,nan,,,False,,nan,nan,,,nan,nan,nan,False,nan,,,,False,nan,nan,,nan,nan,,,legacy_multistart,
fig4,full_6d_evs_peb,23,2043173887,15.0,snr_db,15.0,3,3,3,3,full_6d,2043173887,fixed_full6d_reference_sigma2,full_6d,0.010358538720112092,2bd96d42c026ad9c,False,,17.326209823135287,nan,nan,nan,nan,nan,nan,False,,,,False,,,,,,,,,,,,,,,,,,,,,,,,False,,,nan,nan,nan,nan,False,,,nan,nan,,,,,[],nan,,,nan,nan,nan,nan,,nan,nan,nan,6.230569693857983e-05,nan,nan,6.230569693857983e-05,6.230569693857983e-05,6.230441786767478e-05,nan,free_jones_peb,free,6.230441786767478e-05,nan,6.230569693857983e-05,4.0,4.0,0.0,63.95502988470638,63.95570465517767,nan,True,False,disabled,nan,nan,2.0201164276137857e-15,1506.3036870556743,nan,True,False,7093cfec76f40175c6c7c58aa1b5153ce86056a79427b6463226f28ede4d41bd,0.010358538720112092,computed_unscaled,cpu,nan,nan,nan,,,,,,,,nan,nan,nan,nan,nan,nan,False,,,,,,,,,nan,nan,nan,nan,,,,[],False,nan,nan,nan,,,nan,nan,nan,False,nan,,,False,,nan,nan,,,nan,nan,nan,False,nan,,,,False,nan,nan,,nan,nan,,,legacy_multistart,
fig4,full_6d_constrained_jones_peb,23,2043173887,15.0,snr_db,15.0,3,3,3,3,full_6d,2043173887,fixed_full6d_reference_sigma2,full_6d,0.010358538720112092,2bd96d42c026ad9c,False,,0.001405069837346673,nan,nan,nan,nan,nan,nan,False,,,,False,,,,,,,,,,,,,,,,,,,,,,,,False,,,nan,nan,nan,nan,False,,,nan,nan,,,,,[],nan,,,nan,nan,nan,nan,,nan,nan,nan,6.230441786767478e-05,nan,nan,6.230441786767478e-05,6.230569693857983e-05,6.230441786767478e-05,nan,constrained_jones_peb,constrained,6.230441786767478e-05,nan,6.230569693857983e-05,4.0,4.0,0.0,63.95502988470638,63.95570465517767,nan,True,False,disabled,nan,nan,2.0201164276137857e-15,1506.3036870556743,nan,True,False,7093cfec76f40175c6c7c58aa1b5153ce86056a79427b6463226f28ede4d41bd,0.010358538720112092,computed_unscaled,cpu,nan,nan,nan,,,,,,,,nan,nan,nan,nan,nan,nan,False,,,,,,,,,nan,nan,nan,nan,,,,[],False,nan,nan,nan,,,nan,nan,nan,False,nan,,,False,,nan,nan,,,nan,nan,nan,False,nan,,,,False,nan,nan,,nan,nan,,,legacy_multistart,
fig4,scalar_peb,4,287230138,20.0,snr_db,20.0,3,3,3,3,scalar,287230138,fixed_full6d_reference_sigma2,full_6d,0.004943582367100889,0609d6dce3a2f062,False,,12.583524617133662,nan,nan,nan,nan,nan,nan,False,,,,False,,,,,,,,,,,,,,,,,,,,,,,,False,,,nan,nan,nan,nan,False,,,nan,nan,,,,,[],nan,,,nan,nan,nan,nan,,nan,nan,nan,0.0009574029017827254,0.0009574029017827254,nan,nan,0.0009574029017827254,3.173503981168438e-05,nan,free_jones_peb,free,3.173503981168438e-05,nan,0.0009574029017827254,4.0,4.0,0.0,109.10580716526098,76.13476668992485,nan,True,False,disabled,nan,nan,3.276809447747702e-15,920425698.7127901,nan,True,False,3a97bf21da1a2141f67aadd557c78cf8b0d89e00d7c8ece8feadcfc10ca8c45e,0.004943582367100889,computed_unscaled,cpu,nan,nan,nan,,,,,,,,nan,nan,nan,nan,nan,nan,False,,,,,,,,,nan,nan,nan,nan,,,,[],False,nan,nan,nan,,,nan,nan,nan,False,nan,,,False,,nan,nan,,,nan,nan,nan,False,nan,,,,False,nan,nan,,nan,nan,,,legacy_multistart,
fig4,dual_pol_peb,4,287230138,20.0,snr_db,20.0,3,3,3,3,dual_pol,287230138,fixed_full6d_reference_sigma2,full_6d,0.004943582367100889,0609d6dce3a2f062,False,,12.640932826092467,nan,nan,nan,nan,nan,nan,False,,,,False,,,,,,,,,,,,,,,,,,,,,,,,False,,,nan,nan,nan,nan,False,,,nan,nan,,,,,[],nan,,,nan,nan,nan,nan,,nan,nan,nan,7.669017453375342e-05,nan,7.669017453375342e-05,nan,7.669017453375342e-05,3.173503981168438e-05,nan,free_jones_peb,free,3.173503981168438e-05,nan,7.669017453375342e-05,4.0,4.0,0.0,73.98742361562098,76.13476668992485,nan,True,False,disabled,nan,nan,4.624147149572942e-15,757435302.2240555,nan,True,False,4fe9f0bc21454d08b4befb801e7720d31b4f6c31543dd0044b72da8dd29691d1,0.004943582367100889,computed_unscaled,cpu,nan,nan,nan,,,,,,,,nan,nan,nan,nan,nan,nan,False,,,,,,,,,nan,nan,nan,nan,,,,[],False,nan,nan,nan,,,nan,nan,nan,False,nan,,,False,,nan,nan,,,nan,nan,nan,False,nan,,,,False,nan,nan,,nan,nan,,,legacy_multistart,
fig4,full_6d_evs_peb,4,287230138,20.0,snr_db,20.0,3,3,3,3,full_6d,287230138,fixed_full6d_reference_sigma2,full_6d,0.004943582367100889,0609d6dce3a2f062,False,,12.953954186057672,nan,nan,nan,nan,nan,nan,False,,,,False,,,,,,,,,,,,,,,,,,,,,,,,False,,,nan,nan,nan,nan,False,,,nan,nan,,,,,[],nan,,,nan,nan,nan,nan,,nan,nan,nan,3.173516997247837e-05,nan,nan,3.173516997247837e-05,3.173516997247837e-05,3.173503981168438e-05,nan,free_jones_peb,free,3.173503981168438e-05,nan,3.173516997247837e-05,4.0,4.0,0.0,76.14182004282638,76.13476668992485,nan,True,False,disabled,nan,nan,1.5491160006497167e-14,601.3241036861388,nan,True,False,72d5586e1e2071d827e37c0d5029359210d7878b9ab9d369f2c38d0e300801aa,0.004943582367100889,computed_unscaled,cpu,nan,nan,nan,,,,,,,,nan,nan,nan,nan,nan,nan,False,,,,,,,,,nan,nan,nan,nan,,,,[],False,nan,nan,nan,,,nan,nan,nan,False,nan,,,False,,nan,nan,,,nan,nan,nan,False,nan,,,,False,nan,nan,,nan,nan,,,legacy_multistart,
fig4,full_6d_constrained_jones_peb,4,287230138,20.0,snr_db,20.0,3,3,3,3,full_6d,287230138,fixed_full6d_reference_sigma2,full_6d,0.004943582367100889,0609d6dce3a2f062,False,,0.001447620103135705,nan,nan,nan,nan,nan,nan,False,,,,False,,,,,,,,,,,,,,,,,,,,,,,,False,,,nan,nan,nan,nan,False,,,nan,nan,,,,,[],nan,,,nan,nan,nan,nan,,nan,nan,nan,3.173503981168438e-05,nan,nan,3.173503981168438e-05,3.173516997247837e-05,3.173503981168438e-05,nan,constrained_jones_peb,constrained,3.173503981168438e-05,nan,3.173516997247837e-05,4.0,4.0,0.0,76.14182004282638,76.13476668992485,nan,True,False,disabled,nan,nan,1.5491160006497167e-14,601.3241036861388,nan,True,False,72d5586e1e2071d827e37c0d5029359210d7878b9ab9d369f2c38d0e300801aa,0.004943582367100889,computed_unscaled,cpu,nan,nan,nan,,,,,,,,nan,nan,nan,nan,nan,nan,False,,,,,,,,,nan,nan,nan,nan,,,,[],False,nan,nan,nan,,,nan,nan,nan,False,nan,,,False,,nan,nan,,,nan,nan,nan,False,nan,,,,False,nan,nan,,nan,nan,,,legacy_multistart,
fig4,scalar_peb,3,3422926171,20.0,snr_db,20.0,3,3,3,3,scalar,3422926171,fixed_full6d_reference_sigma2,full_6d,0.002780626491560737,c9dcae3e3481beb8,False,,13.091908500064164,nan,nan,nan,nan,nan,nan,False,,,,False,,,,,,,,,,,,,,,,,,,,,,,,False,,,nan,nan,nan,nan,False,,,nan,nan,,,,,[],nan,,,nan,nan,nan,nan,,nan,nan,nan,0.0011019981190198132,0.0011019981190198132,nan,nan,0.0011019981190198132,3.456769282876657e-05,nan,free_jones_peb,free,3.456769282876657e-05,nan,0.0011019981190198132,4.0,4.0,0.0,104.50572595812717,79.32568453893884,nan,True,False,disabled,nan,nan,3.9268267705162556e-15,853835523.4947369,nan,True,False,6d2b6f9de96b8591d5302f64424683a02c9496c3cee2815dc2956f0c1ed3f810,0.002780626491560737,computed_unscaled,cpu,nan,nan,nan,,,,,,,,nan,nan,nan,nan,nan,nan,False,,,,,,,,,nan,nan,nan,nan,,,,[],False,nan,nan,nan,,,nan,nan,nan,False,nan,,,False,,nan,nan,,,nan,nan,nan,False,nan,,,,False,nan,nan,,nan,nan,,,legacy_multistart,
fig4,dual_pol_peb,3,3422926171,20.0,snr_db,20.0,3,3,3,3,dual_pol,3422926171,fixed_full6d_reference_sigma2,full_6d,0.002780626491560737,c9dcae3e3481beb8,False,,15.145228003151715,nan,nan,nan,nan,nan,nan,False,,,,False,,,,,,,,,,,,,,,,,,,,,,,,False,,,nan,nan,nan,nan,False,,,nan,nan,,,,,[],nan,,,nan,nan,nan,nan,,nan,nan,nan,9.287039426579186e-05,nan,9.287039426579186e-05,nan,9.287039426579186e-05,3.456769282876657e-05,nan,free_jones_peb,free,3.456769282876657e-05,nan,9.287039426579186e-05,4.0,4.0,0.0,79.39545670317152,79.32568453893884,nan,True,False,disabled,nan,nan,7.029558754621511e-15,736839953.1444222,nan,True,False,f77eeba51e4c29f45760a30757cde728bf1f86a0a513fc49d764f003ded781c7,0.002780626491560737,computed_unscaled,cpu,nan,nan,nan,,,,,,,,nan,nan,nan,nan,nan,nan,False,,,,,,,,,nan,nan,nan,nan,,,,[],False,nan,nan,nan,,,nan,nan,nan,False,nan,,,False,,nan,nan,,,nan,nan,nan,False,nan,,,,False,nan,nan,,nan,nan,,,legacy_multistart,
fig4,full_6d_evs_peb,3,3422926171,20.0,snr_db,20.0,3,3,3,3,full_6d,3422926171,fixed_full6d_reference_sigma2,full_6d,0.002780626491560737,c9dcae3e3481beb8,False,,14.010412409901619,nan,nan,nan,nan,nan,nan,False,,,,False,,,,,,,,,,,,,,,,,,,,,,,,False,,,nan,nan,nan,nan,False,,,nan,nan,,,,,[],nan,,,nan,nan,nan,nan,,nan,nan,nan,3.456778406827913e-05,nan,nan,3.456778406827913e-05,3.456778406827913e-05,3.456769282876657e-05,nan,free_jones_peb,free,3.456769282876657e-05,nan,3.456778406827913e-05,4.0,4.0,0.0,79.32787446466102,79.32568453893884,nan,True,False,disabled,nan,nan,3.1618156372406424e-15,4834.9119668822195,nan,True,False,36031d2b9c9618797e3e0dd10eb5c7dda8abc129f14c8c8dd5b717980768d13b,0.002780626491560737,computed_unscaled,cpu,nan,nan,nan,,,,,,,,nan,nan,nan,nan,nan,nan,False,,,,,,,,,nan,nan,nan,nan,,,,[],False,nan,nan,nan,,,nan,nan,nan,False,nan,,,False,,nan,nan,,,nan,nan,nan,False,nan,,,,False,nan,nan,,nan,nan,,,legacy_multistart,
fig4,full_6d_constrained_jones_peb,3,3422926171,20.0,snr_db,20.0,3,3,3,3,full_6d,3422926171,fixed_full6d_reference_sigma2,full_6d,0.002780626491560737,c9dcae3e3481beb8,False,,0.0014387869741767645,nan,nan,nan,nan,nan,nan,False,,,,False,,,,,,,,,,,,,,,,,,,,,,,,False,,,nan,nan,nan,nan,False,,,nan,nan,,,,,[],nan,,,nan,nan,nan,nan,,nan,nan,nan,3.456769282876657e-05,nan,nan,3.456769282876657e-05,3.456778406827913e-05,3.456769282876657e-05,nan,constrained_jones_peb,constrained,3.456769282876657e-05,nan,3.456778406827913e-05,4.0,4.0,0.0,79.32787446466102,79.32568453893884,nan,True,False,disabled,nan,nan,3.1618156372406424e-15,4834.9119668822195,nan,True,False,36031d2b9c9618797e3e0dd10eb5c7dda8abc129f14c8c8dd5b717980768d13b,0.002780626491560737,computed_unscaled,cpu,nan,nan,nan,,,,,,,,nan,nan,nan,nan,nan,nan,False,,,,,,,,,nan,nan,nan,nan,,,,[],False,nan,nan,nan,,,nan,nan,nan,False,nan,,,False,,nan,nan,,,nan,nan,nan,False,nan,,,,False,nan,nan,,nan,nan,,,legacy_multistart,
fig4,scalar_peb,7,1914929603,20.0,snr_db,20.0,3,3,3,3,scalar,1914929603,fixed_full6d_reference_sigma2,full_6d,0.007361137239348519,aa735560ef555c14,False,,12.620565484045073,nan,nan,nan,nan,nan,nan,False,,,,False,,,,,,,,,,,,,,,,,,,,,,,,False,,,nan,nan,nan,nan,False,,,nan,nan,,,,,[],nan,,,nan,nan,nan,nan,,nan,nan,nan,0.0014376951474469068,0.0014376951474469068,nan,nan,0.0014376951474469068,3.3906269143282155e-05,nan,free_jones_peb,free,3.3906269143282155e-05,nan,0.0014376951474469068,4.0,4.0,0.0,107.31462831642779,85.34477319947685,nan,True,False,disabled,nan,nan,6.123433352778305e-15,807351720.1724573,nan,True,False,d8572e95f198cc4193a47572483e1b907f50e11a1c6e751323172f97705e7966,0.007361137239348519,computed_unscaled,cpu,nan,nan,nan,,,,,,,,nan,nan,nan,nan,nan,nan,False,,,,,,,,,nan,nan,nan,nan,,,,[],False,nan,nan,nan,,,nan,nan,nan,False,nan,,,False,,nan,nan,,,nan,nan,nan,False,nan,,,,False,nan,nan,,nan,nan,,,legacy_multistart,
fig4,dual_pol_peb,7,1914929603,20.0,snr_db,20.0,3,3,3,3,dual_pol,1914929603,fixed_full6d_reference_sigma2,full_6d,0.007361137239348519,aa735560ef555c14,False,,13.063290752004832,nan,nan,nan,nan,nan,nan,False,,,,False,,,,,,,,,,,,,,,,,,,,,,,,False,,,nan,nan,nan,nan,False,,,nan,nan,,,,,[],nan,,,nan,nan,nan,nan,,nan,nan,nan,9.552340188343983e-05,nan,9.552340188343983e-05,nan,9.552340188343983e-05,3.3906269143282155e-05,nan,free_jones_peb,free,3.3906269143282155e-05,nan,9.552340188343983e-05,4.0,4.0,0.0,82.77441195198539,85.34477319947685,nan,True,False,disabled,nan,nan,4.25361892734176e-15,701863705.3901633,nan,True,False,b44b9b557050131cc94ed16e3f420da41ec18220fbf46411d41a1ccb837ac303,0.007361137239348519,computed_unscaled,cpu,nan,nan,nan,,,,,,,,nan,nan,nan,nan,nan,nan,False,,,,,,,,,nan,nan,nan,nan,,,,[],False,nan,nan,nan,,,nan,nan,nan,False,nan,,,False,,nan,nan,,,nan,nan,nan,False,nan,,,,False,nan,nan,,nan,nan,,,legacy_multistart,
fig4,full_6d_evs_peb,7,1914929603,20.0,snr_db,20.0,3,3,3,3,full_6d,1914929603,fixed_full6d_reference_sigma2,full_6d,0.007361137239348519,aa735560ef555c14,False,,12.483371718088165,nan,nan,nan,nan,nan,nan,False,,,,False,,,,,,,,,,,,,,,,,,,,,,,,False,,,nan,nan,nan,nan,False,,,nan,nan,,,,,[],nan,,,nan,nan,nan,nan,,nan,nan,nan,3.390662759815401e-05,nan,nan,3.390662759815401e-05,3.390662759815401e-05,3.3906269143282155e-05,nan,free_jones_peb,free,3.3906269143282155e-05,nan,3.390662759815401e-05,4.0,4.0,0.0,85.34641686574983,85.34477319947685,nan,True,False,disabled,nan,nan,8.069060750624665e-15,9892.011737629995,nan,True,False,84f1975fc112e22552cd5389ecb9ea5e68088b810ed0a30ff85dfd5971674377,0.007361137239348519,computed_unscaled,cpu,nan,nan,nan,,,,,,,,nan,nan,nan,nan,nan,nan,False,,,,,,,,,nan,nan,nan,nan,,,,[],False,nan,nan,nan,,,nan,nan,nan,False,nan,,,False,,nan,nan,,,nan,nan,nan,False,nan,,,,False,nan,nan,,nan,nan,,,legacy_multistart,
fig4,full_6d_constrained_jones_peb,7,1914929603,20.0,snr_db,20.0,3,3,3,3,full_6d,1914929603,fixed_full6d_reference_sigma2,full_6d,0.007361137239348519,aa735560ef555c14,False,,0.0013638921082019806,nan,nan,nan,nan,nan,nan,False,,,,False,,,,,,,,,,,,,,,,,,,,,,,,False,,,nan,nan,nan,nan,False,,,nan,nan,,,,,[],nan,,,nan,nan,nan,nan,,nan,nan,nan,3.3906269143282155e-05,nan,nan,3.3906269143282155e-05,3.390662759815401e-05,3.3906269143282155e-05,nan,constrained_jones_peb,constrained,3.3906269143282155e-05,nan,3.390662759815401e-05,4.0,4.0,0.0,85.34641686574983,85.34477319947685,nan,True,False,disabled,nan,nan,8.069060750624665e-15,9892.011737629995,nan,True,False,84f1975fc112e22552cd5389ecb9ea5e68088b810ed0a30ff85dfd5971674377,0.007361137239348519,computed_unscaled,cpu,nan,nan,nan,,,,,,,,nan,nan,nan,nan,nan,nan,False,,,,,,,,,nan,nan,nan,nan,,,,[],False,nan,nan,nan,,,nan,nan,nan,False,nan,,,False,,nan,nan,,,nan,nan,nan,False,nan,,,,False,nan,nan,,nan,nan,,,legacy_multistart,
fig4,scalar_peb,8,641399591,20.0,snr_db,20.0,3,3,3,3,scalar,641399591,fixed_full6d_reference_sigma2,full_6d,0.002254925735329804,305b01c17c2cc86b,False,,12.899654232896864,nan,nan,nan,nan,nan,nan,False,,,,False,,,,,,,,,,,,,,,,,,,,,,,,False,,,nan,nan,nan,nan,False,,,nan,nan,,,,,[],nan,,,nan,nan,nan,nan,,nan,nan,nan,0.0010354610540645633,0.0010354610540645633,nan,nan,0.0010354610540645633,3.474029634475004e-05,nan,free_jones_peb,free,3.474029634475004e-05,nan,0.0010354610540645633,4.0,4.0,0.0,114.5214650967016,78.37377137224925,nan,True,False,disabled,nan,nan,5.8377221197174964e-15,852925214.8705201,nan,True,False,a732f6c1b505dd31abfe1f8ad599e32fbecdf22d475326329e10dadf9f1da568,0.002254925735329804,computed_unscaled,cpu,nan,nan,nan,,,,,,,,nan,nan,nan,nan,nan,nan,False,,,,,,,,,nan,nan,nan,nan,,,,[],False,nan,nan,nan,,,nan,nan,nan,False,nan,,,False,,nan,nan,,,nan,nan,nan,False,nan,,,,False,nan,nan,,nan,nan,,,legacy_multistart,
fig4,dual_pol_peb,8,641399591,20.0,snr_db,20.0,3,3,3,3,dual_pol,641399591,fixed_full6d_reference_sigma2,full_6d,0.002254925735329804,305b01c17c2cc86b,False,,12.376557910814881,nan,nan,nan,nan,nan,nan,False,,,,False,,,,,,,,,,,,,,,,,,,,,,,,False,,,nan,nan,nan,nan,False,,,nan,nan,,,,,[],nan,,,nan,nan,nan,nan,,nan,nan,nan,0.00010500147973747142,nan,0.00010500147973747142,nan,0.00010500147973747142,3.474029634475004e-05,nan,free_jones_peb,free,3.474029634475004e-05,nan,0.00010500147973747142,4.0,4.0,0.0,85.41819406523517,78.37377137224925,nan,True,False,disabled,nan,nan,5.720016859073846e-15,751703792.8673106,nan,True,False,9fa4b482586f33d958d2f91e29f91c27faeb030ad582eb158d921de6dbd0acce,0.002254925735329804,computed_unscaled,cpu,nan,nan,nan,,,,,,,,nan,nan,nan,nan,nan,nan,False,,,,,,,,,nan,nan,nan,nan,,,,[],False,nan,nan,nan,,,nan,nan,nan,False,nan,,,False,,nan,nan,,,nan,nan,nan,False,nan,,,,False,nan,nan,,nan,nan,,,legacy_multistart,
fig4,full_6d_evs_peb,8,641399591,20.0,snr_db,20.0,3,3,3,3,full_6d,641399591,fixed_full6d_reference_sigma2,full_6d,0.002254925735329804,305b01c17c2cc86b,False,,12.277101735817268,nan,nan,nan,nan,nan,nan,False,,,,False,,,,,,,,,,,,,,,,,,,,,,,,False,,,nan,nan,nan,nan,False,,,nan,nan,,,,,[],nan,,,nan,nan,nan,nan,,nan,nan,nan,3.4741132516914554e-05,nan,nan,3.4741132516914554e-05,3.4741132516914554e-05,3.474029634475004e-05,nan,free_jones_peb,free,3.474029634475004e-05,nan,3.4741132516914554e-05,4.0,4.0,0.0,78.37658416776925,78.37377137224925,nan,True,False,disabled,nan,nan,8.94433147675674e-15,7407.5536026194195,nan,True,False,e032c9cb8462fea3417aadc651e10a3437190e0cacf3ab5bdc4b175ff7382e20,0.002254925735329804,computed_unscaled,cpu,nan,nan,nan,,,,,,,,nan,nan,nan,nan,nan,nan,False,,,,,,,,,nan,nan,nan,nan,,,,[],False,nan,nan,nan,,,nan,nan,nan,False,nan,,,False,,nan,nan,,,nan,nan,nan,False,nan,,,,False,nan,nan,,nan,nan,,,legacy_multistart,
fig4,full_6d_constrained_jones_peb,8,641399591,20.0,snr_db,20.0,3,3,3,3,full_6d,641399591,fixed_full6d_reference_sigma2,full_6d,0.002254925735329804,305b01c17c2cc86b,False,,0.001400151988491416,nan,nan,nan,nan,nan,nan,False,,,,False,,,,,,,,,,,,,,,,,,,,,,,,False,,,nan,nan,nan,nan,False,,,nan,nan,,,,,[],nan,,,nan,nan,nan,nan,,nan,nan,nan,3.474029634475004e-05,nan,nan,3.474029634475004e-05,3.4741132516914554e-05,3.474029634475004e-05,nan,constrained_jones_peb,constrained,3.474029634475004e-05,nan,3.4741132516914554e-05,4.0,4.0,0.0,78.37658416776925,78.37377137224925,nan,True,False,disabled,nan,nan,8.94433147675674e-15,7407.5536026194195,nan,True,False,e032c9cb8462fea3417aadc651e10a3437190e0cacf3ab5bdc4b175ff7382e20,0.002254925735329804,computed_unscaled,cpu,nan,nan,nan,,,,,,,,nan,nan,nan,nan,nan,nan,False,,,,,,,,,nan,nan,nan,nan,,,,[],False,nan,nan,nan,,,nan,nan,nan,False,nan,,,False,,nan,nan,,,nan,nan,nan,False,nan,,,,False,nan,nan,,nan,nan,,,legacy_multistart,
fig4,scalar_peb,15,2734808712,20.0,snr_db,20.0,3,3,3,3,scalar,2734808712,fixed_full6d_reference_sigma2,full_6d,0.0011534740679242613,5a8c303d964f3aa6,False,,9.605007961858064,nan,nan,nan,nan,nan,nan,False,,,,False,,,,,,,,,,,,,,,,,,,,,,,,False,,,nan,nan,nan,nan,False,,,nan,nan,,,,,[],nan,,,nan,nan,nan,nan,,nan,nan,nan,0.0010146531635499025,0.0010146531635499025,nan,nan,0.0010146531635499025,3.461623553048331e-05,nan,free_jones_peb,free,3.461623553048331e-05,nan,0.0010146531635499025,4.0,4.0,0.0,100.89591029078704,70.00822677902677,nan,True,False,disabled,nan,nan,9.430199035412142e-15,866641084.7752932,nan,True,False,d79defabb728f9ef2a9cb498979e3e0a06d619a6bb25b684616b7fd7193da39d,0.0011534740679242613,computed_unscaled,cpu,nan,nan,nan,,,,,,,,nan,nan,nan,nan,nan,nan,False,,,,,,,,,nan,nan,nan,nan,,,,[],False,nan,nan,nan,,,nan,nan,nan,False,nan,,,False,,nan,nan,,,nan,nan,nan,False,nan,,,,False,nan,nan,,nan,nan,,,legacy_multistart,
fig4,dual_pol_peb,15,2734808712,20.0,snr_db,20.0,3,3,3,3,dual_pol,2734808712,fixed_full6d_reference_sigma2,full_6d,0.0011534740679242613,5a8c303d964f3aa6,False,,8.649352091131732,nan,nan,nan,nan,nan,nan,False,,,,False,,,,,,,,,,,,,,,,,,,,,,,,False,,,nan,nan,nan,nan,False,,,nan,nan,,,,,[],nan,,,nan,nan,nan,nan,,nan,nan,nan,9.752681232102013e-05,nan,9.752681232102013e-05,nan,9.752681232102013e-05,3.461623553048331e-05,nan,free_jones_peb,free,3.461623553048331e-05,nan,9.752681232102013e-05,4.0,4.0,0.0,70.2074456130026,70.00822677902677,nan,True,False,disabled,nan,nan,5.287616688414244e-15,758201386.3742925,nan,True,False,2dd75ddc8fcab391f115d7c89ff58c856a8850fc1d32139859277407aa090c9f,0.0011534740679242613,computed_unscaled,cpu,nan,nan,nan,,,,,,,,nan,nan,nan,nan,nan,nan,False,,,,,,,,,nan,nan,nan,nan,,,,[],False,nan,nan,nan,,,nan,nan,nan,False,nan,,,False,,nan,nan,,,nan,nan,nan,False,nan,,,,False,nan,nan,,nan,nan,,,legacy_multistart,
fig4,full_6d_evs_peb,15,2734808712,20.0,snr_db,20.0,3,3,3,3,full_6d,2734808712,fixed_full6d_reference_sigma2,full_6d,0.0011534740679242613,5a8c303d964f3aa6,False,,7.889332256047055,nan,nan,nan,nan,nan,nan,False,,,,False,,,,,,,,,,,,,,,,,,,,,,,,False,,,nan,nan,nan,nan,False,,,nan,nan,,,,,[],nan,,,nan,nan,nan,nan,,nan,nan,nan,3.4616313916197204e-05,nan,nan,3.4616313916197204e-05,3.4616313916197204e-05,3.461623553048331e-05,nan,free_jones_peb,free,3.461623553048331e-05,nan,3.4616313916197204e-05,4.0,4.0,0.0,70.00906531898141,70.00822677902677,nan,True,False,disabled,nan,nan,7.508429233451801e-15,1008.9214770911448,nan,True,False,3745774ba39f0b3a489ec82705d3e30e7ac3ac0889ba9ff94e26de5537c07034,0.0011534740679242613,computed_unscaled,cpu,nan,nan,nan,,,,,,,,nan,nan,nan,nan,nan,nan,False,,,,,,,,,nan,nan,nan,nan,,,,[],False,nan,nan,nan,,,nan,nan,nan,False,nan,,,False,,nan,nan,,,nan,nan,nan,False,nan,,,,False,nan,nan,,nan,nan,,,legacy_multistart,
fig4,full_6d_constrained_jones_peb,15,2734808712,20.0,snr_db,20.0,3,3,3,3,full_6d,2734808712,fixed_full6d_reference_sigma2,full_6d,0.0011534740679242613,5a8c303d964f3aa6,False,,0.000949945067986846,nan,nan,nan,nan,nan,nan,False,,,,False,,,,,,,,,,,,,,,,,,,,,,,,False,,,nan,nan,nan,nan,False,,,nan,nan,,,,,[],nan,,,nan,nan,nan,nan,,nan,nan,nan,3.461623553048331e-05,nan,nan,3.461623553048331e-05,3.4616313916197204e-05,3.461623553048331e-05,nan,constrained_jones_peb,constrained,3.461623553048331e-05,nan,3.4616313916197204e-05,4.0,4.0,0.0,70.00906531898141,70.00822677902677,nan,True,False,disabled,nan,nan,7.508429233451801e-15,1008.9214770911448,nan,True,False,3745774ba39f0b3a489ec82705d3e30e7ac3ac0889ba9ff94e26de5537c07034,0.0011534740679242613,computed_unscaled,cpu,nan,nan,nan,,,,,,,,nan,nan,nan,nan,nan,nan,False,,,,,,,,,nan,nan,nan,nan,,,,[],False,nan,nan,nan,,,nan,nan,nan,False,nan,,,False,,nan,nan,,,nan,nan,nan,False,nan,,,,False,nan,nan,,nan,nan,,,legacy_multistart,
fig4,scalar_peb,2,3251202663,20.0,snr_db,20.0,3,3,3,3,scalar,3251202663,fixed_full6d_reference_sigma2,full_6d,0.0022870571922700787,bb8bbc2a98c17b87,False,,17.260848683072254,nan,nan,nan,nan,nan,nan,False,,,,False,,,,,,,,,,,,,,,,,,,,,,,,False,,,nan,nan,nan,nan,False,,,nan,nan,,,,,[],nan,,,nan,nan,nan,nan,,nan,nan,nan,0.0011432731658441242,0.0011432731658441242,nan,nan,0.0011432731658441242,3.4923499922799146e-05,nan,free_jones_peb,free,3.4923499922799146e-05,nan,0.0011432731658441242,4.0,4.0,0.0,101.2047002828569,73.85928344231243,nan,True,False,disabled,nan,nan,7.037251821461206e-15,841822702.8339906,nan,True,False,fa5a9a3e4ae7e1f83c84d4ef54f3477dae4ed75bbb1629c6c35e848a02dfe917,0.0022870571922700787,computed_unscaled,cpu,nan,nan,nan,,,,,,,,nan,nan,nan,nan,nan,nan,False,,,,,,,,,nan,nan,nan,nan,,,,[],False,nan,nan,nan,,,nan,nan,nan,False,nan,,,False,,nan,nan,,,nan,nan,nan,False,nan,,,,False,nan,nan,,nan,nan,,,legacy_multistart,
fig4,dual_pol_peb,2,3251202663,20.0,snr_db,20.0,3,3,3,3,dual_pol,3251202663,fixed_full6d_reference_sigma2,full_6d,0.0022870571922700787,bb8bbc2a98c17b87,False,,17.060067994054407,nan,nan,nan,nan,nan,nan,False,,,,False,,,,,,,,,,,,,,,,,,,,,,,,False,,,nan,nan,nan,nan,False,,,nan,nan,,,,,[],nan,,,nan,nan,nan,nan,,nan,nan,nan,0.00012092690166681889,nan,0.00012092690166681889,nan,0.00012092690166681889,3.4923499922799146e-05,nan,free_jones_peb,free,3.4923499922799146e-05,nan,0.00012092690166681889,4.0,4.0,0.0,77.70841776980221,73.85928344231243,nan,True,False,disabled,nan,nan,4.7722365309932124e-15,770565914.0702574,nan,True,False,27b563e44bef6f7dd3fc9a70bc5f4d1231809ee95ff3fa9cf53394b15b7ee739,0.0022870571922700787,computed_unscaled,cpu,nan,nan,nan,,,,,,,,nan,nan,nan,nan,nan,nan,False,,,,,,,,,nan,nan,nan,nan,,,,[],False,nan,nan,nan,,,nan,nan,nan,False,nan,,,False,,nan,nan,,,nan,nan,nan,False,nan,,,,False,nan,nan,,nan,nan,,,legacy_multistart,
fig4,full_6d_evs_peb,2,3251202663,20.0,snr_db,20.0,3,3,3,3,full_6d,3251202663,fixed_full6d_reference_sigma2,full_6d,0.0022870571922700787,bb8bbc2a98c17b87,False,,12.877285378985107,nan,nan,nan,nan,nan,nan,False,,,,False,,,,,,,,,,,,,,,,,,,,,,,,False,,,nan,nan,nan,nan,False,,,nan,nan,,,,,[],nan,,,nan,nan,nan,nan,,nan,nan,nan,3.4924305916975074e-05,nan,nan,3.4924305916975074e-05,3.4924305916975074e-05,3.4923499922799146e-05,nan,free_jones_peb,free,3.4923499922799146e-05,nan,3.4924305916975074e-05,4.0,4.0,0.0,73.86011818264652,73.85928344231243,nan,True,False,disabled,nan,nan,2.9221004411518657e-15,19339.17926763564,nan,True,False,ba669d51e548d5d57a5c08da45514e8eda76ee1a2847f0b8bc91639b42fa1215,0.0022870571922700787,computed_unscaled,cpu,nan,nan,nan,,,,,,,,nan,nan,nan,nan,nan,nan,False,,,,,,,,,nan,nan,nan,nan,,,,[],False,nan,nan,nan,,,nan,nan,nan,False,nan,,,False,,nan,nan,,,nan,nan,nan,False,nan,,,,False,nan,nan,,nan,nan,,,legacy_multistart,
fig4,full_6d_constrained_jones_peb,2,3251202663,20.0,snr_db,20.0,3,3,3,3,full_6d,3251202663,fixed_full6d_reference_sigma2,full_6d,0.0022870571922700787,bb8bbc2a98c17b87,False,,0.0014652418904006481,nan,nan,nan,nan,nan,nan,False,,,,False,,,,,,,,,,,,,,,,,,,,,,,,False,,,nan,nan,nan,nan,False,,,nan,nan,,,,,[],nan,,,nan,nan,nan,nan,,nan,nan,nan,3.4923499922799146e-05,nan,nan,3.4923499922799146e-05,3.4924305916975074e-05,3.4923499922799146e-05,nan,constrained_jones_peb,constrained,3.4923499922799146e-05,nan,3.4924305916975074e-05,4.0,4.0,0.0,73.86011818264652,73.85928344231243,nan,True,False,disabled,nan,nan,2.9221004411518657e-15,19339.17926763564,nan,True,False,ba669d51e548d5d57a5c08da45514e8eda76ee1a2847f0b8bc91639b42fa1215,0.0022870571922700787,computed_unscaled,cpu,nan,nan,nan,,,,,,,,nan,nan,nan,nan,nan,nan,False,,,,,,,,,nan,nan,nan,nan,,,,[],False,nan,nan,nan,,,nan,nan,nan,False,nan,,,False,,nan,nan,,,nan,nan,nan,False,nan,,,,False,nan,nan,,nan,nan,,,legacy_multistart,
fig4,scalar_peb,19,3846521747,20.0,snr_db,20.0,3,3,3,3,scalar,3846521747,fixed_full6d_reference_sigma2,full_6d,0.0011858033347287426,356bc270d62d551d,False,,10.034497126936913,nan,nan,nan,nan,nan,nan,False,,,,False,,,,,,,,,,,,,,,,,,,,,,,,False,,,nan,nan,nan,nan,False,,,nan,nan,,,,,[],nan,,,nan,nan,nan,nan,,nan,nan,nan,0.001256708897644576,0.001256708897644576,nan,nan,0.001256708897644576,3.956313609702139e-05,nan,free_jones_peb,free,3.956313609702139e-05,nan,0.001256708897644576,4.0,4.0,0.0,138.3526511130804,81.02670887627158,nan,True,False,disabled,nan,nan,5.1480942134077715e-15,661896430.7740875,nan,True,False,0b8a9b663ca2c0e1d92176cbed39120875d02f4c6be3dc160568c7233976ffc2,0.0011858033347287426,computed_unscaled,cpu,nan,nan,nan,,,,,,,,nan,nan,nan,nan,nan,nan,False,,,,,,,,,nan,nan,nan,nan,,,,[],False,nan,nan,nan,,,nan,nan,nan,False,nan,,,False,,nan,nan,,,nan,nan,nan,False,nan,,,,False,nan,nan,,nan,nan,,,legacy_multistart,
fig4,dual_pol_peb,19,3846521747,20.0,snr_db,20.0,3,3,3,3,dual_pol,3846521747,fixed_full6d_reference_sigma2,full_6d,0.0011858033347287426,356bc270d62d551d,False,,7.737885534996167,nan,nan,nan,nan,nan,nan,False,,,,False,,,,,,,,,,,,,,,,,,,,,,,,False,,,nan,nan,nan,nan,False,,,nan,nan,,,,,[],nan,,,nan,nan,nan,nan,,nan,nan,nan,0.00016016512604171383,nan,0.00016016512604171383,nan,0.00016016512604171383,3.956313609702139e-05,nan,free_jones_peb,free,3.956313609702139e-05,nan,0.00016016512604171383,4.0,4.0,0.0,84.0422156554944,81.02670887627158,nan,True,False,disabled,nan,nan,5.39609400055058e-15,622094352.2597824,nan,True,False,dca030af82f710bcb535a4a0e546d3403fad4f1f40adb5820a43ca6b9c02e1ab,0.0011858033347287426,computed_unscaled,cpu,nan,nan,nan,,,,,,,,nan,nan,nan,nan,nan,nan,False,,,,,,,,,nan,nan,nan,nan,,,,[],False,nan,nan,nan,,,nan,nan,nan,False,nan,,,False,,nan,nan,,,nan,nan,nan,False,nan,,,,False,nan,nan,,nan,nan,,,legacy_multistart,
fig4,full_6d_evs_peb,19,3846521747,20.0,snr_db,20.0,3,3,3,3,full_6d,3846521747,fixed_full6d_reference_sigma2,full_6d,0.0011858033347287426,356bc270d62d551d,False,,6.598720221081749,nan,nan,nan,nan,nan,nan,False,,,,False,,,,,,,,,,,,,,,,,,,,,,,,False,,,nan,nan,nan,nan,False,,,nan,nan,,,,,[],nan,,,nan,nan,nan,nan,,nan,nan,nan,3.9563718146470636e-05,nan,nan,3.9563718146470636e-05,3.9563718146470636e-05,3.956313609702139e-05,nan,free_jones_peb,free,3.956313609702139e-05,nan,3.9563718146470636e-05,4.0,4.0,0.0,81.02735268366342,81.02670887627158,nan,True,False,disabled,nan,nan,3.1674145804318192e-15,1697.8082466362582,nan,True,False,66683f008884b5deaddb95c24fc2a892e518e793d697d2821f0c6f98570400e4,0.0011858033347287426,computed_unscaled,cpu,nan,nan,nan,,,,,,,,nan,nan,nan,nan,nan,nan,False,,,,,,,,,nan,nan,nan,nan,,,,[],False,nan,nan,nan,,,nan,nan,nan,False,nan,,,False,,nan,nan,,,nan,nan,nan,False,nan,,,,False,nan,nan,,nan,nan,,,legacy_multistart,
fig4,full_6d_constrained_jones_peb,19,3846521747,20.0,snr_db,20.0,3,3,3,3,full_6d,3846521747,fixed_full6d_reference_sigma2,full_6d,0.0011858033347287426,356bc270d62d551d,False,,0.0008992420043796301,nan,nan,nan,nan,nan,nan,False,,,,False,,,,,,,,,,,,,,,,,,,,,,,,False,,,nan,nan,nan,nan,False,,,nan,nan,,,,,[],nan,,,nan,nan,nan,nan,,nan,nan,nan,3.956313609702139e-05,nan,nan,3.956313609702139e-05,3.9563718146470636e-05,3.956313609702139e-05,nan,constrained_jones_peb,constrained,3.956313609702139e-05,nan,3.9563718146470636e-05,4.0,4.0,0.0,81.02735268366342,81.02670887627158,nan,True,False,disabled,nan,nan,3.1674145804318192e-15,1697.8082466362582,nan,True,False,66683f008884b5deaddb95c24fc2a892e518e793d697d2821f0c6f98570400e4,0.0011858033347287426,computed_unscaled,cpu,nan,nan,nan,,,,,,,,nan,nan,nan,nan,nan,nan,False,,,,,,,,,nan,nan,nan,nan,,,,[],False,nan,nan,nan,,,nan,nan,nan,False,nan,,,False,,nan,nan,,,nan,nan,nan,False,nan,,,,False,nan,nan,,nan,nan,,,legacy_multistart,
fig4,scalar_peb,17,2127997378,20.0,snr_db,20.0,3,3,3,3,scalar,2127997378,fixed_full6d_reference_sigma2,full_6d,0.004000509529956755,8a08eaca971d3c21,False,,9.975887949112803,nan,nan,nan,nan,nan,nan,False,,,,False,,,,,,,,,,,,,,,,,,,,,,,,False,,,nan,nan,nan,nan,False,,,nan,nan,,,,,[],nan,,,nan,nan,nan,nan,,nan,nan,nan,0.0009344816110015267,0.0009344816110015267,nan,nan,0.0009344816110015267,4.000935282654207e-05,nan,free_jones_peb,free,4.000935282654207e-05,nan,0.0009344816110015267,4.0,4.0,0.0,124.74317257851236,83.33281630673481,nan,True,False,disabled,nan,nan,2.978023229902391e-15,647855420.1873645,nan,True,False,f80d1b30fabc96d829306cacd311a8dda31039fba04246ba0bb9e2c407097451,0.004000509529956755,computed_unscaled,cpu,nan,nan,nan,,,,,,,,nan,nan,nan,nan,nan,nan,False,,,,,,,,,nan,nan,nan,nan,,,,[],False,nan,nan,nan,,,nan,nan,nan,False,nan,,,False,,nan,nan,,,nan,nan,nan,False,nan,,,,False,nan,nan,,nan,nan,,,legacy_multistart,
fig4,dual_pol_peb,17,2127997378,20.0,snr_db,20.0,3,3,3,3,dual_pol,2127997378,fixed_full6d_reference_sigma2,full_6d,0.004000509529956755,8a08eaca971d3c21,False,,7.814592206152156,nan,nan,nan,nan,nan,nan,False,,,,False,,,,,,,,,,,,,,,,,,,,,,,,False,,,nan,nan,nan,nan,False,,,nan,nan,,,,,[],nan,,,nan,nan,nan,nan,,nan,nan,nan,0.00012273741156651545,nan,0.00012273741156651545,nan,0.00012273741156651545,4.000935282654207e-05,nan,free_jones_peb,free,4.000935282654207e-05,nan,0.00012273741156651545,4.0,4.0,0.0,80.3865082342541,83.33281630673481,nan,True,False,disabled,nan,nan,2.760258741097255e-15,580354129.8845295,nan,True,False,4b69279863936381b75eaf881fbc0666eb2ba07fa89219699aac78b513fcc887,0.004000509529956755,computed_unscaled,cpu,nan,nan,nan,,,,,,,,nan,nan,nan,nan,nan,nan,False,,,,,,,,,nan,nan,nan,nan,,,,[],False,nan,nan,nan,,,nan,nan,nan,False,nan,,,False,,nan,nan,,,nan,nan,nan,False,nan,,,,False,nan,nan,,nan,nan,,,legacy_multistart,
fig4,full_6d_evs_peb,17,2127997378,20.0,snr_db,20.0,3,3,3,3,full_6d,2127997378,fixed_full6d_reference_sigma2,full_6d,0.004000509529956755,8a08eaca971d3c21,False,,8.350186153082177,nan,nan,nan,nan,nan,nan,False,,,,False,,,,,,,,,,,,,,,,,,,,,,,,False,,,nan,nan,nan,nan,False,,,nan,nan,,,,,[],nan,,,nan,nan,nan,nan,,nan,nan,nan,4.0009607649079175e-05,nan,nan,4.0009607649079175e-05,4.0009607649079175e-05,4.000935282654207e-05,nan,free_jones_peb,free,4.000935282654207e-05,nan,4.0009607649079175e-05,4.0,4.0,0.0,83.33708224159741,83.33281630673481,nan,True,False,disabled,nan,nan,3.4970023561907025e-15,1236.579995101526,nan,True,False,1e7e5fb979d639b775e57b8f9a2b5887da0781d1b293b718b0219c60afc7e70e,0.004000509529956755,computed_unscaled,cpu,nan,nan,nan,,,,,,,,nan,nan,nan,nan,nan,nan,False,,,,,,,,,nan,nan,nan,nan,,,,[],False,nan,nan,nan,,,nan,nan,nan,False,nan,,,False,,nan,nan,,,nan,nan,nan,False,nan,,,,False,nan,nan,,nan,nan,,,legacy_multistart,
fig4,full_6d_constrained_jones_peb,17,2127997378,20.0,snr_db,20.0,3,3,3,3,full_6d,2127997378,fixed_full6d_reference_sigma2,full_6d,0.004000509529956755,8a08eaca971d3c21,False,,0.0012980320025235415,nan,nan,nan,nan,nan,nan,False,,,,False,,,,,,,,,,,,,,,,,,,,,,,,False,,,nan,nan,nan,nan,False,,,nan,nan,,,,,[],nan,,,nan,nan,nan,nan,,nan,nan,nan,4.000935282654207e-05,nan,nan,4.000935282654207e-05,4.0009607649079175e-05,4.000935282654207e-05,nan,constrained_jones_peb,constrained,4.000935282654207e-05,nan,4.0009607649079175e-05,4.0,4.0,0.0,83.33708224159741,83.33281630673481,nan,True,False,disabled,nan,nan,3.4970023561907025e-15,1236.579995101526,nan,True,False,1e7e5fb979d639b775e57b8f9a2b5887da0781d1b293b718b0219c60afc7e70e,0.004000509529956755,computed_unscaled,cpu,nan,nan,nan,,,,,,,,nan,nan,nan,nan,nan,nan,False,,,,,,,,,nan,nan,nan,nan,,,,[],False,nan,nan,nan,,,nan,nan,nan,False,nan,,,False,,nan,nan,,,nan,nan,nan,False,nan,,,,False,nan,nan,,nan,nan,,,legacy_multistart,
fig4,scalar_peb,6,1919806993,20.0,snr_db,20.0,3,3,3,3,scalar,1919806993,fixed_full6d_reference_sigma2,full_6d,0.004199671633749915,babd32fbafbad7f7,False,,17.03368331794627,nan,nan,nan,nan,nan,nan,False,,,,False,,,,,,,,,,,,,,,,,,,,,,,,False,,,nan,nan,nan,nan,False,,,nan,nan,,,,,[],nan,,,nan,nan,nan,nan,,nan,nan,nan,0.001303724404088232,0.001303724404088232,nan,nan,0.001303724404088232,3.5290126822999526e-05,nan,free_jones_peb,free,3.5290126822999526e-05,nan,0.001303724404088232,4.0,4.0,0.0,167.16349688674435,72.19062881330534,nan,True,False,disabled,nan,nan,5.835879470421788e-15,823139949.9089429,nan,True,False,1c6597d0275e6fcbcf3ceb73c07b34d8e97e2154c585ccc07f91c9aa1acec05d,0.004199671633749915,computed_unscaled,cpu,nan,nan,nan,,,,,,,,nan,nan,nan,nan,nan,nan,False,,,,,,,,,nan,nan,nan,nan,,,,[],False,nan,nan,nan,,,nan,nan,nan,False,nan,,,False,,nan,nan,,,nan,nan,nan,False,nan,,,,False,nan,nan,,nan,nan,,,legacy_multistart,
fig4,dual_pol_peb,6,1919806993,20.0,snr_db,20.0,3,3,3,3,dual_pol,1919806993,fixed_full6d_reference_sigma2,full_6d,0.004199671633749915,babd32fbafbad7f7,False,,16.77438466786407,nan,nan,nan,nan,nan,nan,False,,,,False,,,,,,,,,,,,,,,,,,,,,,,,False,,,nan,nan,nan,nan,False,,,nan,nan,,,,,[],nan,,,nan,nan,nan,nan,,nan,nan,nan,0.00015270395706191566,nan,0.00015270395706191566,nan,0.00015270395706191566,3.5290126822999526e-05,nan,free_jones_peb,free,3.5290126822999526e-05,nan,0.00015270395706191566,4.0,4.0,0.0,80.67656321321432,72.19062881330534,nan,True,False,disabled,nan,nan,6.8673899642668774e-15,772628192.5253087,nan,True,False,8158e3eea8b8cfa80d1181d7302a18407d0f626e3c2dbcbb33bae90791259a7d,0.004199671633749915,computed_unscaled,cpu,nan,nan,nan,,,,,,,,nan,nan,nan,nan,nan,nan,False,,,,,,,,,nan,nan,nan,nan,,,,[],False,nan,nan,nan,,,nan,nan,nan,False,nan,,,False,,nan,nan,,,nan,nan,nan,False,nan,,,,False,nan,nan,,nan,nan,,,legacy_multistart,
fig4,full_6d_evs_peb,6,1919806993,20.0,snr_db,20.0,3,3,3,3,full_6d,1919806993,fixed_full6d_reference_sigma2,full_6d,0.004199671633749915,babd32fbafbad7f7,False,,11.400150374043733,nan,nan,nan,nan,nan,nan,False,,,,False,,,,,,,,,,,,,,,,,,,,,,,,False,,,nan,nan,nan,nan,False,,,nan,nan,,,,,[],nan,,,nan,nan,nan,nan,,nan,nan,nan,3.529070532431949e-05,nan,nan,3.529070532431949e-05,3.529070532431949e-05,3.5290126822999526e-05,nan,free_jones_peb,free,3.5290126822999526e-05,nan,3.529070532431949e-05,4.0,4.0,0.0,72.19686430595628,72.19062881330534,nan,True,False,disabled,nan,nan,8.172967874840981e-15,16523.6286236487,nan,True,False,231b7c2941d5d9c02809f94febabb8d0e1f1d4a2d4bfefa1b397f685379809da,0.004199671633749915,computed_unscaled,cpu,nan,nan,nan,,,,,,,,nan,nan,nan,nan,nan,nan,False,,,,,,,,,nan,nan,nan,nan,,,,[],False,nan,nan,nan,,,nan,nan,nan,False,nan,,,False,,nan,nan,,,nan,nan,nan,False,nan,,,,False,nan,nan,,nan,nan,,,legacy_multistart,
fig4,full_6d_constrained_jones_peb,6,1919806993,20.0,snr_db,20.0,3,3,3,3,full_6d,1919806993,fixed_full6d_reference_sigma2,full_6d,0.004199671633749915,babd32fbafbad7f7,False,,0.00103754922747612,nan,nan,nan,nan,nan,nan,False,,,,False,,,,,,,,,,,,,,,,,,,,,,,,False,,,nan,nan,nan,nan,False,,,nan,nan,,,,,[],nan,,,nan,nan,nan,nan,,nan,nan,nan,3.5290126822999526e-05,nan,nan,3.5290126822999526e-05,3.529070532431949e-05,3.5290126822999526e-05,nan,constrained_jones_peb,constrained,3.5290126822999526e-05,nan,3.529070532431949e-05,4.0,4.0,0.0,72.19686430595628,72.19062881330534,nan,True,False,disabled,nan,nan,8.172967874840981e-15,16523.6286236487,nan,True,False,231b7c2941d5d9c02809f94febabb8d0e1f1d4a2d4bfefa1b397f685379809da,0.004199671633749915,computed_unscaled,cpu,nan,nan,nan,,,,,,,,nan,nan,nan,nan,nan,nan,False,,,,,,,,,nan,nan,nan,nan,,,,[],False,nan,nan,nan,,,nan,nan,nan,False,nan,,,False,,nan,nan,,,nan,nan,nan,False,nan,,,,False,nan,nan,,nan,nan,,,legacy_multistart,
fig4,scalar_peb,11,3685333214,20.0,snr_db,20.0,3,3,3,3,scalar,3685333214,fixed_full6d_reference_sigma2,full_6d,0.0028674312832228134,d59efececd2fb74e,False,,13.19350337004289,nan,nan,nan,nan,nan,nan,False,,,,False,,,,,,,,,,,,,,,,,,,,,,,,False,,,nan,nan,nan,nan,False,,,nan,nan,,,,,[],nan,,,nan,nan,nan,nan,,nan,nan,nan,0.0008694446926773387,0.0008694446926773387,nan,nan,0.0008694446926773387,4.307453706329727e-05,nan,free_jones_peb,free,4.307453706329727e-05,nan,0.0008694446926773387,4.0,4.0,0.0,113.70465047536926,91.98328914155695,nan,True,False,disabled,nan,nan,5.394542111201165e-15,598336478.75552,nan,True,False,a8bf1e96550e66f5fc05821b98b3bcfcfd9c16edf816dc35720fa3fc2f3d9c3e,0.0028674312832228134,computed_unscaled,cpu,nan,nan,nan,,,,,,,,nan,nan,nan,nan,nan,nan,False,,,,,,,,,nan,nan,nan,nan,,,,[],False,nan,nan,nan,,,nan,nan,nan,False,nan,,,False,,nan,nan,,,nan,nan,nan,False,nan,,,,False,nan,nan,,nan,nan,,,legacy_multistart,
fig4,dual_pol_peb,11,3685333214,20.0,snr_db,20.0,3,3,3,3,dual_pol,3685333214,fixed_full6d_reference_sigma2,full_6d,0.0028674312832228134,d59efececd2fb74e,False,,12.61609068699181,nan,nan,nan,nan,nan,nan,False,,,,False,,,,,,,,,,,,,,,,,,,,,,,,False,,,nan,nan,nan,nan,False,,,nan,nan,,,,,[],nan,,,nan,nan,nan,nan,,nan,nan,nan,0.0001011177699308852,nan,0.0001011177699308852,nan,0.0001011177699308852,4.307453706329727e-05,nan,free_jones_peb,free,4.307453706329727e-05,nan,0.0001011177699308852,4.0,4.0,0.0,94.11827091354236,91.98328914155695,nan,True,False,disabled,nan,nan,4.301296043299941e-15,487564660.7174078,nan,True,False,4c9cfd1cb5551d79ef5d1cef79bea3ca1c914b47928f1f49d2e9fdb6c47a14a0,0.0028674312832228134,computed_unscaled,cpu,nan,nan,nan,,,,,,,,nan,nan,nan,nan,nan,nan,False,,,,,,,,,nan,nan,nan,nan,,,,[],False,nan,nan,nan,,,nan,nan,nan,False,nan,,,False,,nan,nan,,,nan,nan,nan,False,nan,,,,False,nan,nan,,nan,nan,,,legacy_multistart,
fig4,full_6d_evs_peb,11,3685333214,20.0,snr_db,20.0,3,3,3,3,full_6d,3685333214,fixed_full6d_reference_sigma2,full_6d,0.0028674312832228134,d59efececd2fb74e,False,,9.619788912124932,nan,nan,nan,nan,nan,nan,False,,,,False,,,,,,,,,,,,,,,,,,,,,,,,False,,,nan,nan,nan,nan,False,,,nan,nan,,,,,[],nan,,,nan,nan,nan,nan,,nan,nan,nan,4.3074678635471096e-05,nan,nan,4.3074678635471096e-05,4.3074678635471096e-05,4.307453706329727e-05,nan,free_jones_peb,free,4.307453706329727e-05,nan,4.3074678635471096e-05,4.0,4.0,0.0,91.9857240406161,91.98328914155695,nan,True,False,disabled,nan,nan,4.5067760018548796e-15,1451.976845231932,nan,True,False,e9ccda1e403051d390ee49d3f08d80b8c395469b47c082ff498964bcdaeda690,0.0028674312832228134,computed_unscaled,cpu,nan,nan,nan,,,,,,,,nan,nan,nan,nan,nan,nan,False,,,,,,,,,nan,nan,nan,nan,,,,[],False,nan,nan,nan,,,nan,nan,nan,False,nan,,,False,,nan,nan,,,nan,nan,nan,False,nan,,,,False,nan,nan,,nan,nan,,,legacy_multistart,
fig4,full_6d_constrained_jones_peb,11,3685333214,20.0,snr_db,20.0,3,3,3,3,full_6d,3685333214,fixed_full6d_reference_sigma2,full_6d,0.0028674312832228134,d59efececd2fb74e,False,,0.001141245011240244,nan,nan,nan,nan,nan,nan,False,,,,False,,,,,,,,,,,,,,,,,,,,,,,,False,,,nan,nan,nan,nan,False,,,nan,nan,,,,,[],nan,,,nan,nan,nan,nan,,nan,nan,nan,4.307453706329727e-05,nan,nan,4.307453706329727e-05,4.3074678635471096e-05,4.307453706329727e-05,nan,constrained_jones_peb,constrained,4.307453706329727e-05,nan,4.3074678635471096e-05,4.0,4.0,0.0,91.9857240406161,91.98328914155695,nan,True,False,disabled,nan,nan,4.5067760018548796e-15,1451.976845231932,nan,True,False,e9ccda1e403051d390ee49d3f08d80b8c395469b47c082ff498964bcdaeda690,0.0028674312832228134,computed_unscaled,cpu,nan,nan,nan,,,,,,,,nan,nan,nan,nan,nan,nan,False,,,,,,,,,nan,nan,nan,nan,,,,[],False,nan,nan,nan,,,nan,nan,nan,False,nan,,,False,,nan,nan,,,nan,nan,nan,False,nan,,,,False,nan,nan,,nan,nan,,,legacy_multistart,
fig4,scalar_peb,10,781873798,20.0,snr_db,20.0,3,3,3,3,scalar,781873798,fixed_full6d_reference_sigma2,full_6d,0.0022052459114280942,f6f72ca68190e23d,False,,12.85199313890189,nan,nan,nan,nan,nan,nan,False,,,,False,,,,,,,,,,,,,,,,,,,,,,,,False,,,nan,nan,nan,nan,False,,,nan,nan,,,,,[],nan,,,nan,nan,nan,nan,,nan,nan,nan,0.0014303053453004933,0.0014303053453004933,nan,nan,0.0014303053453004933,3.4769498876527306e-05,nan,free_jones_peb,free,3.4769498876527306e-05,nan,0.0014303053453004933,4.0,4.0,0.0,164.0112993822424,81.19351224728514,nan,True,False,disabled,nan,nan,9.832143175754683e-15,813400115.8561007,nan,True,False,2a559681ea222df4a4a12f614b8f338477c00adab0989e61f9882cade7d8171d,0.0022052459114280942,computed_unscaled,cpu,nan,nan,nan,,,,,,,,nan,nan,nan,nan,nan,nan,False,,,,,,,,,nan,nan,nan,nan,,,,[],False,nan,nan,nan,,,nan,nan,nan,False,nan,,,False,,nan,nan,,,nan,nan,nan,False,nan,,,,False,nan,nan,,nan,nan,,,legacy_multistart,
fig4,dual_pol_peb,10,781873798,20.0,snr_db,20.0,3,3,3,3,dual_pol,781873798,fixed_full6d_reference_sigma2,full_6d,0.0022052459114280942,f6f72ca68190e23d,False,,12.566739194793627,nan,nan,nan,nan,nan,nan,False,,,,False,,,,,,,,,,,,,,,,,,,,,,,,False,,,nan,nan,nan,nan,False,,,nan,nan,,,,,[],nan,,,nan,nan,nan,nan,,nan,nan,nan,0.00011190307769129397,nan,0.00011190307769129397,nan,0.00011190307769129397,3.4769498876527306e-05,nan,free_jones_peb,free,3.4769498876527306e-05,nan,0.00011190307769129397,4.0,4.0,0.0,75.91492336267493,81.19351224728514,nan,True,False,disabled,nan,nan,2.73408885818237e-15,729127271.2305677,nan,True,False,1734e444e53a059a54ad01f92a9b0a959d5ef88047dd81020a5adaee33276f81,0.0022052459114280942,computed_unscaled,cpu,nan,nan,nan,,,,,,,,nan,nan,nan,nan,nan,nan,False,,,,,,,,,nan,nan,nan,nan,,,,[],False,nan,nan,nan,,,nan,nan,nan,False,nan,,,False,,nan,nan,,,nan,nan,nan,False,nan,,,,False,nan,nan,,nan,nan,,,legacy_multistart,
fig4,full_6d_evs_peb,10,781873798,20.0,snr_db,20.0,3,3,3,3,full_6d,781873798,fixed_full6d_reference_sigma2,full_6d,0.0022052459114280942,f6f72ca68190e23d,False,,11.033885818906128,nan,nan,nan,nan,nan,nan,False,,,,False,,,,,,,,,,,,,,,,,,,,,,,,False,,,nan,nan,nan,nan,False,,,nan,nan,,,,,[],nan,,,nan,nan,nan,nan,,nan,nan,nan,3.47695689057382e-05,nan,nan,3.47695689057382e-05,3.47695689057382e-05,3.4769498876527306e-05,nan,free_jones_peb,free,3.4769498876527306e-05,nan,3.47695689057382e-05,4.0,4.0,0.0,81.1964836399364,81.19351224728514,nan,True,False,disabled,nan,nan,4.349185675764462e-15,1544.405870493128,nan,True,False,f2ef97a231c1a4af27e9b56c32078a57d13f76cf0fcef71f5aea3cacfcafd031,0.0022052459114280942,computed_unscaled,cpu,nan,nan,nan,,,,,,,,nan,nan,nan,nan,nan,nan,False,,,,,,,,,nan,nan,nan,nan,,,,[],False,nan,nan,nan,,,nan,nan,nan,False,nan,,,False,,nan,nan,,,nan,nan,nan,False,nan,,,,False,nan,nan,,nan,nan,,,legacy_multistart,
fig4,full_6d_constrained_jones_peb,10,781873798,20.0,snr_db,20.0,3,3,3,3,full_6d,781873798,fixed_full6d_reference_sigma2,full_6d,0.0022052459114280942,f6f72ca68190e23d,False,,0.0009387910831719637,nan,nan,nan,nan,nan,nan,False,,,,False,,,,,,,,,,,,,,,,,,,,,,,,False,,,nan,nan,nan,nan,False,,,nan,nan,,,,,[],nan,,,nan,nan,nan,nan,,nan,nan,nan,3.4769498876527306e-05,nan,nan,3.4769498876527306e-05,3.47695689057382e-05,3.4769498876527306e-05,nan,constrained_jones_peb,constrained,3.4769498876527306e-05,nan,3.47695689057382e-05,4.0,4.0,0.0,81.1964836399364,81.19351224728514,nan,True,False,disabled,nan,nan,4.349185675764462e-15,1544.405870493128,nan,True,False,f2ef97a231c1a4af27e9b56c32078a57d13f76cf0fcef71f5aea3cacfcafd031,0.0022052459114280942,computed_unscaled,cpu,nan,nan,nan,,,,,,,,nan,nan,nan,nan,nan,nan,False,,,,,,,,,nan,nan,nan,nan,,,,[],False,nan,nan,nan,,,nan,nan,nan,False,nan,,,False,,nan,nan,,,nan,nan,nan,False,nan,,,,False,nan,nan,,nan,nan,,,legacy_multistart,
fig4,scalar_peb,12,2210497206,20.0,snr_db,20.0,3,3,3,3,scalar,2210497206,fixed_full6d_reference_sigma2,full_6d,0.004555803810309657,e28a54789dc82b60,False,,12.730409342097118,nan,nan,nan,nan,nan,nan,False,,,,False,,,,,,,,,,,,,,,,,,,,,,,,False,,,nan,nan,nan,nan,False,,,nan,nan,,,,,[],nan,,,nan,nan,nan,nan,,nan,nan,nan,0.001415084216954812,0.001415084216954812,nan,nan,0.001415084216954812,3.2153130237632184e-05,nan,free_jones_peb,free,3.2153130237632184e-05,nan,0.001415084216954812,4.0,4.0,0.0,146.33003125613976,71.51332246398773,nan,True,False,disabled,nan,nan,6.142677906655308e-15,907344507.9197731,nan,True,False,c92ff50e2f55191d90392c8949c662aed7151c4a195f313d191a86ee28295b61,0.004555803810309657,computed_unscaled,cpu,nan,nan,nan,,,,,,,,nan,nan,nan,nan,nan,nan,False,,,,,,,,,nan,nan,nan,nan,,,,[],False,nan,nan,nan,,,nan,nan,nan,False,nan,,,False,,nan,nan,,,nan,nan,nan,False,nan,,,,False,nan,nan,,nan,nan,,,legacy_multistart,
fig4,dual_pol_peb,12,2210497206,20.0,snr_db,20.0,3,3,3,3,dual_pol,2210497206,fixed_full6d_reference_sigma2,full_6d,0.004555803810309657,e28a54789dc82b60,False,,12.444194196956232,nan,nan,nan,nan,nan,nan,False,,,,False,,,,,,,,,,,,,,,,,,,,,,,,False,,,nan,nan,nan,nan,False,,,nan,nan,,,,,[],nan,,,nan,nan,nan,nan,,nan,nan,nan,8.27023759002671e-05,nan,8.27023759002671e-05,nan,8.27023759002671e-05,3.2153130237632184e-05,nan,free_jones_peb,free,3.2153130237632184e-05,nan,8.27023759002671e-05,4.0,4.0,0.0,83.94250933082284,71.51332246398773,nan,True,False,disabled,nan,nan,1.3695916518561776e-15,778912386.5414355,nan,True,False,7f63ff0447f532b740dc21a351bda795863922adafe5ba801c4afa28cadb6568,0.004555803810309657,computed_unscaled,cpu,nan,nan,nan,,,,,,,,nan,nan,nan,nan,nan,nan,False,,,,,,,,,nan,nan,nan,nan,,,,[],False,nan,nan,nan,,,nan,nan,nan,False,nan,,,False,,nan,nan,,,nan,nan,nan,False,nan,,,,False,nan,nan,,nan,nan,,,legacy_multistart,
fig4,full_6d_evs_peb,12,2210497206,20.0,snr_db,20.0,3,3,3,3,full_6d,2210497206,fixed_full6d_reference_sigma2,full_6d,0.004555803810309657,e28a54789dc82b60,False,,10.573562529869378,nan,nan,nan,nan,nan,nan,False,,,,False,,,,,,,,,,,,,,,,,,,,,,,,False,,,nan,nan,nan,nan,False,,,nan,nan,,,,,[],nan,,,nan,nan,nan,nan,,nan,nan,nan,3.215338475920976e-05,nan,nan,3.215338475920976e-05,3.215338475920976e-05,3.2153130237632184e-05,nan,free_jones_peb,free,3.2153130237632184e-05,nan,3.215338475920976e-05,4.0,4.0,0.0,71.51285963129955,71.51332246398773,nan,True,False,disabled,nan,nan,3.063436775845152e-15,159.525589745852,nan,True,False,0a1c4f0b423cde7d810066f20685360779b434f786c785131581505ed3dd312e,0.004555803810309657,computed_unscaled,cpu,nan,nan,nan,,,,,,,,nan,nan,nan,nan,nan,nan,False,,,,,,,,,nan,nan,nan,nan,,,,[],False,nan,nan,nan,,,nan,nan,nan,False,nan,,,False,,nan,nan,,,nan,nan,nan,False,nan,,,,False,nan,nan,,nan,nan,,,legacy_multistart,
fig4,full_6d_constrained_jones_peb,12,2210497206,20.0,snr_db,20.0,3,3,3,3,full_6d,2210497206,fixed_full6d_reference_sigma2,full_6d,0.004555803810309657,e28a54789dc82b60,False,,0.0012346790172159672,nan,nan,nan,nan,nan,nan,False,,,,False,,,,,,,,,,,,,,,,,,,,,,,,False,,,nan,nan,nan,nan,False,,,nan,nan,,,,,[],nan,,,nan,nan,nan,nan,,nan,nan,nan,3.2153130237632184e-05,nan,nan,3.2153130237632184e-05,3.215338475920976e-05,3.2153130237632184e-05,nan,constrained_jones_peb,constrained,3.2153130237632184e-05,nan,3.215338475920976e-05,4.0,4.0,0.0,71.51285963129955,71.51332246398773,nan,True,False,disabled,nan,nan,3.063436775845152e-15,159.525589745852,nan,True,False,0a1c4f0b423cde7d810066f20685360779b434f786c785131581505ed3dd312e,0.004555803810309657,computed_unscaled,cpu,nan,nan,nan,,,,,,,,nan,nan,nan,nan,nan,nan,False,,,,,,,,,nan,nan,nan,nan,,,,[],False,nan,nan,nan,,,nan,nan,nan,False,nan,,,False,,nan,nan,,,nan,nan,nan,False,nan,,,,False,nan,nan,,nan,nan,,,legacy_multistart,
fig4,scalar_peb,16,1080178429,20.0,snr_db,20.0,3,3,3,3,scalar,1080178429,fixed_full6d_reference_sigma2,full_6d,0.004802466357959781,376bb3b421531ce8,False,,12.748836732003838,nan,nan,nan,nan,nan,nan,False,,,,False,,,,,,,,,,,,,,,,,,,,,,,,False,,,nan,nan,nan,nan,False,,,nan,nan,,,,,[],nan,,,nan,nan,nan,nan,,nan,nan,nan,0.0013989802826196362,0.0013989802826196362,nan,nan,0.0013989802826196362,3.317895439388769e-05,nan,free_jones_peb,free,3.317895439388769e-05,nan,0.0013989802826196362,4.0,4.0,0.0,351.7744876240059,87.52885512344129,nan,True,False,disabled,nan,nan,5.8421688757676566e-15,857574752.0411229,nan,True,False,fe074e5d012d6531afd3135b069a94fbb4ac905dd184ede53d462f2ff19aea7a,0.004802466357959781,computed_unscaled,cpu,nan,nan,nan,,,,,,,,nan,nan,nan,nan,nan,nan,False,,,,,,,,,nan,nan,nan,nan,,,,[],False,nan,nan,nan,,,nan,nan,nan,False,nan,,,False,,nan,nan,,,nan,nan,nan,False,nan,,,,False,nan,nan,,nan,nan,,,legacy_multistart,
fig4,dual_pol_peb,16,1080178429,20.0,snr_db,20.0,3,3,3,3,dual_pol,1080178429,fixed_full6d_reference_sigma2,full_6d,0.004802466357959781,376bb3b421531ce8,False,,11.501820017816499,nan,nan,nan,nan,nan,nan,False,,,,False,,,,,,,,,,,,,,,,,,,,,,,,False,,,nan,nan,nan,nan,False,,,nan,nan,,,,,[],nan,,,nan,nan,nan,nan,,nan,nan,nan,0.00010962981143445213,nan,0.00010962981143445213,nan,0.00010962981143445213,3.317895439388769e-05,nan,free_jones_peb,free,3.317895439388769e-05,nan,0.00010962981143445213,4.0,4.0,0.0,87.3727558069371,87.52885512344129,nan,True,False,disabled,nan,nan,3.306727507006611e-15,768858925.9694068,nan,True,False,7873f3ee4d8c236ea9f55dde7f8a207e41c4badaaaa60a5426862eff8db93236,0.004802466357959781,computed_unscaled,cpu,nan,nan,nan,,,,,,,,nan,nan,nan,nan,nan,nan,False,,,,,,,,,nan,nan,nan,nan,,,,[],False,nan,nan,nan,,,nan,nan,nan,False,nan,,,False,,nan,nan,,,nan,nan,nan,False,nan,,,,False,nan,nan,,nan,nan,,,legacy_multistart,
fig4,full_6d_evs_peb,16,1080178429,20.0,snr_db,20.0,3,3,3,3,full_6d,1080178429,fixed_full6d_reference_sigma2,full_6d,0.004802466357959781,376bb3b421531ce8,False,,6.7802023340482265,nan,nan,nan,nan,nan,nan,False,,,,False,,,,,,,,,,,,,,,,,,,,,,,,False,,,nan,nan,nan,nan,False,,,nan,nan,,,,,[],nan,,,nan,nan,nan,nan,,nan,nan,nan,3.3179091832482714e-05,nan,nan,3.3179091832482714e-05,3.3179091832482714e-05,3.317895439388769e-05,nan,free_jones_peb,free,3.317895439388769e-05,nan,3.3179091832482714e-05,4.0,4.0,0.0,87.53279534019035,87.52885512344129,nan,True,False,disabled,nan,nan,5.3498691104794496e-15,501.1114269856681,nan,True,False,2793ff1fce7242989610050dae2e9fefacb8b15f6d60bfd2b55605797f0e0ce8,0.004802466357959781,computed_unscaled,cpu,nan,nan,nan,,,,,,,,nan,nan,nan,nan,nan,nan,False,,,,,,,,,nan,nan,nan,nan,,,,[],False,nan,nan,nan,,,nan,nan,nan,False,nan,,,False,,nan,nan,,,nan,nan,nan,False,nan,,,,False,nan,nan,,nan,nan,,,legacy_multistart,
fig4,full_6d_constrained_jones_peb,16,1080178429,20.0,snr_db,20.0,3,3,3,3,full_6d,1080178429,fixed_full6d_reference_sigma2,full_6d,0.004802466357959781,376bb3b421531ce8,False,,0.0011046279687434435,nan,nan,nan,nan,nan,nan,False,,,,False,,,,,,,,,,,,,,,,,,,,,,,,False,,,nan,nan,nan,nan,False,,,nan,nan,,,,,[],nan,,,nan,nan,nan,nan,,nan,nan,nan,3.317895439388769e-05,nan,nan,3.317895439388769e-05,3.3179091832482714e-05,3.317895439388769e-05,nan,constrained_jones_peb,constrained,3.317895439388769e-05,nan,3.3179091832482714e-05,4.0,4.0,0.0,87.53279534019035,87.52885512344129,nan,True,False,disabled,nan,nan,5.3498691104794496e-15,501.1114269856681,nan,True,False,2793ff1fce7242989610050dae2e9fefacb8b15f6d60bfd2b55605797f0e0ce8,0.004802466357959781,computed_unscaled,cpu,nan,nan,nan,,,,,,,,nan,nan,nan,nan,nan,nan,False,,,,,,,,,nan,nan,nan,nan,,,,[],False,nan,nan,nan,,,nan,nan,nan,False,nan,,,False,,nan,nan,,,nan,nan,nan,False,nan,,,,False,nan,nan,,nan,nan,,,legacy_multistart,
fig4,scalar_peb,9,3933360494,20.0,snr_db,20.0,3,3,3,3,scalar,3933360494,fixed_full6d_reference_sigma2,full_6d,0.0011912225890998432,eb359eb81d31076b,False,,17.393916394095868,nan,nan,nan,nan,nan,nan,False,,,,False,,,,,,,,,,,,,,,,,,,,,,,,False,,,nan,nan,nan,nan,False,,,nan,nan,,,,,[],nan,,,nan,nan,nan,nan,,nan,nan,nan,0.0010506751425047093,0.0010506751425047093,nan,nan,0.0010506751425047093,3.8045235952949534e-05,nan,free_jones_peb,free,3.8045235952949534e-05,nan,0.0010506751425047093,4.0,4.0,0.0,152.05104145378036,76.97132639814667,nan,True,False,disabled,nan,nan,3.6982176795268515e-15,721905927.232847,nan,True,False,23d2fccd900640c7194c1fd2afbf8927da0030c3a396b91ee61afefd33e5ffef,0.0011912225890998432,computed_unscaled,cpu,nan,nan,nan,,,,,,,,nan,nan,nan,nan,nan,nan,False,,,,,,,,,nan,nan,nan,nan,,,,[],False,nan,nan,nan,,,nan,nan,nan,False,nan,,,False,,nan,nan,,,nan,nan,nan,False,nan,,,,False,nan,nan,,nan,nan,,,legacy_multistart,
fig4,dual_pol_peb,9,3933360494,20.0,snr_db,20.0,3,3,3,3,dual_pol,3933360494,fixed_full6d_reference_sigma2,full_6d,0.0011912225890998432,eb359eb81d31076b,False,,14.289176631951705,nan,nan,nan,nan,nan,nan,False,,,,False,,,,,,,,,,,,,,,,,,,,,,,,False,,,nan,nan,nan,nan,False,,,nan,nan,,,,,[],nan,,,nan,nan,nan,nan,,nan,nan,nan,0.000126915276784421,nan,0.000126915276784421,nan,0.000126915276784421,3.8045235952949534e-05,nan,free_jones_peb,free,3.8045235952949534e-05,nan,0.000126915276784421,4.0,4.0,0.0,83.63359391479064,76.97132639814667,nan,True,False,disabled,nan,nan,4.470200335326391e-15,657527413.8581202,nan,True,False,5c50e3e114f50289aba4cec36bdb0f867d74e95d498425153d9308ae1a2cd3da,0.0011912225890998432,computed_unscaled,cpu,nan,nan,nan,,,,,,,,nan,nan,nan,nan,nan,nan,False,,,,,,,,,nan,nan,nan,nan,,,,[],False,nan,nan,nan,,,nan,nan,nan,False,nan,,,False,,nan,nan,,,nan,nan,nan,False,nan,,,,False,nan,nan,,nan,nan,,,legacy_multistart,
fig4,full_6d_evs_peb,9,3933360494,20.0,snr_db,20.0,3,3,3,3,full_6d,3933360494,fixed_full6d_reference_sigma2,full_6d,0.0011912225890998432,eb359eb81d31076b,False,,8.00130261015147,nan,nan,nan,nan,nan,nan,False,,,,False,,,,,,,,,,,,,,,,,,,,,,,,False,,,nan,nan,nan,nan,False,,,nan,nan,,,,,[],nan,,,nan,nan,nan,nan,,nan,nan,nan,3.8046165267737193e-05,nan,nan,3.8046165267737193e-05,3.8046165267737193e-05,3.8045235952949534e-05,nan,free_jones_peb,free,3.8045235952949534e-05,nan,3.8046165267737193e-05,4.0,4.0,0.0,76.974420765955,76.97132639814667,nan,True,False,disabled,nan,nan,5.522169635095104e-15,13639.386847117286,nan,True,False,2f009590b628473d7acf259cec76359e96ba2256fe333ef7c1514fe7022a67d5,0.0011912225890998432,computed_unscaled,cpu,nan,nan,nan,,,,,,,,nan,nan,nan,nan,nan,nan,False,,,,,,,,,nan,nan,nan,nan,,,,[],False,nan,nan,nan,,,nan,nan,nan,False,nan,,,False,,nan,nan,,,nan,nan,nan,False,nan,,,,False,nan,nan,,nan,nan,,,legacy_multistart,
fig4,full_6d_constrained_jones_peb,9,3933360494,20.0,snr_db,20.0,3,3,3,3,full_6d,3933360494,fixed_full6d_reference_sigma2,full_6d,0.0011912225890998432,eb359eb81d31076b,False,,0.0008695370052009821,nan,nan,nan,nan,nan,nan,False,,,,False,,,,,,,,,,,,,,,,,,,,,,,,False,,,nan,nan,nan,nan,False,,,nan,nan,,,,,[],nan,,,nan,nan,nan,nan,,nan,nan,nan,3.8045235952949534e-05,nan,nan,3.8045235952949534e-05,3.8046165267737193e-05,3.8045235952949534e-05,nan,constrained_jones_peb,constrained,3.8045235952949534e-05,nan,3.8046165267737193e-05,4.0,4.0,0.0,76.974420765955,76.97132639814667,nan,True,False,disabled,nan,nan,5.522169635095104e-15,13639.386847117286,nan,True,False,2f009590b628473d7acf259cec76359e96ba2256fe333ef7c1514fe7022a67d5,0.0011912225890998432,computed_unscaled,cpu,nan,nan,nan,,,,,,,,nan,nan,nan,nan,nan,nan,False,,,,,,,,,nan,nan,nan,nan,,,,[],False,nan,nan,nan,,,nan,nan,nan,False,nan,,,False,,nan,nan,,,nan,nan,nan,False,nan,,,,False,nan,nan,,nan,nan,,,legacy_multistart,
fig4,scalar_peb,13,634888206,20.0,snr_db,20.0,3,3,3,3,scalar,634888206,fixed_full6d_reference_sigma2,full_6d,0.0020455692554871042,47fa06583c9c55ea,False,,13.325160767883062,nan,nan,nan,nan,nan,nan,False,,,,False,,,,,,,,,,,,,,,,,,,,,,,,False,,,nan,nan,nan,nan,False,,,nan,nan,,,,,[],nan,,,nan,nan,nan,nan,,nan,nan,nan,0.0010255998090923763,0.0010255998090923763,nan,nan,0.0010255998090923763,3.7280837170261224e-05,nan,free_jones_peb,free,3.7280837170261224e-05,nan,0.0010255998090923763,4.0,4.0,0.0,228.9209285951288,80.72926238998193,nan,True,False,disabled,nan,nan,4.1960042825689275e-15,752345620.4504067,nan,True,False,5358f617ab6e11e51370801f8d483ef17e5809c950b3c1c6d6e36d71c5ada3b5,0.0020455692554871042,computed_unscaled,cpu,nan,nan,nan,,,,,,,,nan,nan,nan,nan,nan,nan,False,,,,,,,,,nan,nan,nan,nan,,,,[],False,nan,nan,nan,,,nan,nan,nan,False,nan,,,False,,nan,nan,,,nan,nan,nan,False,nan,,,,False,nan,nan,,nan,nan,,,legacy_multistart,
fig4,dual_pol_peb,13,634888206,20.0,snr_db,20.0,3,3,3,3,dual_pol,634888206,fixed_full6d_reference_sigma2,full_6d,0.0020455692554871042,47fa06583c9c55ea,False,,12.217987808864564,nan,nan,nan,nan,nan,nan,False,,,,False,,,,,,,,,,,,,,,,,,,,,,,,False,,,nan,nan,nan,nan,False,,,nan,nan,,,,,[],nan,,,nan,nan,nan,nan,,nan,nan,nan,9.673837310210774e-05,nan,9.673837310210774e-05,nan,9.673837310210774e-05,3.7280837170261224e-05,nan,free_jones_peb,free,3.7280837170261224e-05,nan,9.673837310210774e-05,4.0,4.0,0.0,81.06539217252664,80.72926238998193,nan,True,False,disabled,nan,nan,8.312205688316727e-15,642065334.4959631,nan,True,False,db976f24e57a093ba83688330b962fc1ee3cc0995192f3bc3ecdf3cd55142780,0.0020455692554871042,computed_unscaled,cpu,nan,nan,nan,,,,,,,,nan,nan,nan,nan,nan,nan,False,,,,,,,,,nan,nan,nan,nan,,,,[],False,nan,nan,nan,,,nan,nan,nan,False,nan,,,False,,nan,nan,,,nan,nan,nan,False,nan,,,,False,nan,nan,,nan,nan,,,legacy_multistart,
fig4,full_6d_evs_peb,13,634888206,20.0,snr_db,20.0,3,3,3,3,full_6d,634888206,fixed_full6d_reference_sigma2,full_6d,0.0020455692554871042,47fa06583c9c55ea,False,,8.67237375001423,nan,nan,nan,nan,nan,nan,False,,,,False,,,,,,,,,,,,,,,,,,,,,,,,False,,,nan,nan,nan,nan,False,,,nan,nan,,,,,[],nan,,,nan,nan,nan,nan,,nan,nan,nan,3.728088025455682e-05,nan,nan,3.728088025455682e-05,3.728088025455682e-05,3.7280837170261224e-05,nan,free_jones_peb,free,3.7280837170261224e-05,nan,3.728088025455682e-05,4.0,4.0,0.0,80.73361776993532,80.72926238998193,nan,True,False,disabled,nan,nan,4.193437204517434e-15,433.65349177775744,nan,True,False,11da97468c8b90c59dcc518746f48f2217739b6c2c3deec78f2d1177de9045c5,0.0020455692554871042,computed_unscaled,cpu,nan,nan,nan,,,,,,,,nan,nan,nan,nan,nan,nan,False,,,,,,,,,nan,nan,nan,nan,,,,[],False,nan,nan,nan,,,nan,nan,nan,False,nan,,,False,,nan,nan,,,nan,nan,nan,False,nan,,,,False,nan,nan,,nan,nan,,,legacy_multistart,
fig4,full_6d_constrained_jones_peb,13,634888206,20.0,snr_db,20.0,3,3,3,3,full_6d,634888206,fixed_full6d_reference_sigma2,full_6d,0.0020455692554871042,47fa06583c9c55ea,False,,0.0011487600859254599,nan,nan,nan,nan,nan,nan,False,,,,False,,,,,,,,,,,,,,,,,,,,,,,,False,,,nan,nan,nan,nan,False,,,nan,nan,,,,,[],nan,,,nan,nan,nan,nan,,nan,nan,nan,3.7280837170261224e-05,nan,nan,3.7280837170261224e-05,3.728088025455682e-05,3.7280837170261224e-05,nan,constrained_jones_peb,constrained,3.7280837170261224e-05,nan,3.728088025455682e-05,4.0,4.0,0.0,80.73361776993532,80.72926238998193,nan,True,False,disabled,nan,nan,4.193437204517434e-15,433.65349177775744,nan,True,False,11da97468c8b90c59dcc518746f48f2217739b6c2c3deec78f2d1177de9045c5,0.0020455692554871042,computed_unscaled,cpu,nan,nan,nan,,,,,,,,nan,nan,nan,nan,nan,nan,False,,,,,,,,,nan,nan,nan,nan,,,,[],False,nan,nan,nan,,,nan,nan,nan,False,nan,,,False,,nan,nan,,,nan,nan,nan,False,nan,,,,False,nan,nan,,nan,nan,,,legacy_multistart,
fig4,scalar_peb,14,1092560480,20.0,snr_db,20.0,3,3,3,3,scalar,1092560480,fixed_full6d_reference_sigma2,full_6d,0.0021631840949807744,b8c65a0682ee300c,False,,12.870221804827452,nan,nan,nan,nan,nan,nan,False,,,,False,,,,,,,,,,,,,,,,,,,,,,,,False,,,nan,nan,nan,nan,False,,,nan,nan,,,,,[],nan,,,nan,nan,nan,nan,,nan,nan,nan,0.0009856547767990455,0.0009856547767990455,nan,nan,0.0009856547767990455,3.614960899466957e-05,nan,free_jones_peb,free,3.614960899466957e-05,nan,0.0009856547767990455,4.0,4.0,0.0,113.60074949938736,68.8259845296331,nan,True,False,disabled,nan,nan,3.764140567115175e-15,792349951.4880807,nan,True,False,daeed13a2f50233764622d6693621439c707a88ffe45923e1470c1628b195fa4,0.0021631840949807744,computed_unscaled,cpu,nan,nan,nan,,,,,,,,nan,nan,nan,nan,nan,nan,False,,,,,,,,,nan,nan,nan,nan,,,,[],False,nan,nan,nan,,,nan,nan,nan,False,nan,,,False,,nan,nan,,,nan,nan,nan,False,nan,,,,False,nan,nan,,nan,nan,,,legacy_multistart,
fig4,dual_pol_peb,14,1092560480,20.0,snr_db,20.0,3,3,3,3,dual_pol,1092560480,fixed_full6d_reference_sigma2,full_6d,0.0021631840949807744,b8c65a0682ee300c,False,,13.326201108051464,nan,nan,nan,nan,nan,nan,False,,,,False,,,,,,,,,,,,,,,,,,,,,,,,False,,,nan,nan,nan,nan,False,,,nan,nan,,,,,[],nan,,,nan,nan,nan,nan,,nan,nan,nan,0.00013065204264250675,nan,0.00013065204264250675,nan,0.00013065204264250675,3.614960899466957e-05,nan,free_jones_peb,free,3.614960899466957e-05,nan,0.00013065204264250675,4.0,4.0,0.0,76.1317546176011,68.8259845296331,nan,True,False,disabled,nan,nan,5.6217326440030244e-15,728002142.395628,nan,True,False,f4cb566e66af0ab72dc54437cb77e52afa3ac990d61ae7e996305eb30e95ddb9,0.0021631840949807744,computed_unscaled,cpu,nan,nan,nan,,,,,,,,nan,nan,nan,nan,nan,nan,False,,,,,,,,,nan,nan,nan,nan,,,,[],False,nan,nan,nan,,,nan,nan,nan,False,nan,,,False,,nan,nan,,,nan,nan,nan,False,nan,,,,False,nan,nan,,nan,nan,,,legacy_multistart,
fig4,full_6d_evs_peb,14,1092560480,20.0,snr_db,20.0,3,3,3,3,full_6d,1092560480,fixed_full6d_reference_sigma2,full_6d,0.0021631840949807744,b8c65a0682ee300c,False,,7.289843980921432,nan,nan,nan,nan,nan,nan,False,,,,False,,,,,,,,,,,,,,,,,,,,,,,,False,,,nan,nan,nan,nan,False,,,nan,nan,,,,,[],nan,,,nan,nan,nan,nan,,nan,nan,nan,3.614969438072784e-05,nan,nan,3.614969438072784e-05,3.614969438072784e-05,3.614960899466957e-05,nan,free_jones_peb,free,3.614960899466957e-05,nan,3.614969438072784e-05,4.0,4.0,0.0,68.82541009221046,68.8259845296331,nan,True,False,disabled,nan,nan,3.655424817619513e-15,379.4739185401745,nan,True,False,f1022bc01518ff6f31f9f6e642efb32029d98d2c096644b99cc3e0e6c8ec44d7,0.0021631840949807744,computed_unscaled,cpu,nan,nan,nan,,,,,,,,nan,nan,nan,nan,nan,nan,False,,,,,,,,,nan,nan,nan,nan,,,,[],False,nan,nan,nan,,,nan,nan,nan,False,nan,,,False,,nan,nan,,,nan,nan,nan,False,nan,,,,False,nan,nan,,nan,nan,,,legacy_multistart,
fig4,full_6d_constrained_jones_peb,14,1092560480,20.0,snr_db,20.0,3,3,3,3,full_6d,1092560480,fixed_full6d_reference_sigma2,full_6d,0.0021631840949807744,b8c65a0682ee300c,False,,0.0008164320606738329,nan,nan,nan,nan,nan,nan,False,,,,False,,,,,,,,,,,,,,,,,,,,,,,,False,,,nan,nan,nan,nan,False,,,nan,nan,,,,,[],nan,,,nan,nan,nan,nan,,nan,nan,nan,3.614960899466957e-05,nan,nan,3.614960899466957e-05,3.614969438072784e-05,3.614960899466957e-05,nan,constrained_jones_peb,constrained,3.614960899466957e-05,nan,3.614969438072784e-05,4.0,4.0,0.0,68.82541009221046,68.8259845296331,nan,True,False,disabled,nan,nan,3.655424817619513e-15,379.4739185401745,nan,True,False,f1022bc01518ff6f31f9f6e642efb32029d98d2c096644b99cc3e0e6c8ec44d7,0.0021631840949807744,computed_unscaled,cpu,nan,nan,nan,,,,,,,,nan,nan,nan,nan,nan,nan,False,,,,,,,,,nan,nan,nan,nan,,,,[],False,nan,nan,nan,,,nan,nan,nan,False,nan,,,False,,nan,nan,,,nan,nan,nan,False,nan,,,,False,nan,nan,,nan,nan,,,legacy_multistart,
fig4,scalar_peb,20,3607282624,20.0,snr_db,20.0,3,3,3,3,scalar,3607282624,fixed_full6d_reference_sigma2,full_6d,0.0057205569317453665,af4325c1d5aa8714,False,,12.973185598151758,nan,nan,nan,nan,nan,nan,False,,,,False,,,,,,,,,,,,,,,,,,,,,,,,False,,,nan,nan,nan,nan,False,,,nan,nan,,,,,[],nan,,,nan,nan,nan,nan,,nan,nan,nan,0.00112599686788819,0.00112599686788819,nan,nan,0.00112599686788819,3.375955100044354e-05,nan,free_jones_peb,free,3.375955100044354e-05,nan,0.00112599686788819,4.0,4.0,0.0,140.85253612399478,65.4448071541563,nan,True,False,disabled,nan,nan,5.132393505723612e-15,857908101.2020891,nan,True,False,d55a112d2b0e8a5bbe2e9ebbc09713c232ec12817530458a0e96df3c2ffa5f97,0.0057205569317453665,computed_unscaled,cpu,nan,nan,nan,,,,,,,,nan,nan,nan,nan,nan,nan,False,,,,,,,,,nan,nan,nan,nan,,,,[],False,nan,nan,nan,,,nan,nan,nan,False,nan,,,False,,nan,nan,,,nan,nan,nan,False,nan,,,,False,nan,nan,,nan,nan,,,legacy_multistart,
fig4,dual_pol_peb,20,3607282624,20.0,snr_db,20.0,3,3,3,3,dual_pol,3607282624,fixed_full6d_reference_sigma2,full_6d,0.0057205569317453665,af4325c1d5aa8714,False,,9.417479075025767,nan,nan,nan,nan,nan,nan,False,,,,False,,,,,,,,,,,,,,,,,,,,,,,,False,,,nan,nan,nan,nan,False,,,nan,nan,,,,,[],nan,,,nan,nan,nan,nan,,nan,nan,nan,7.936692468200937e-05,nan,7.936692468200937e-05,nan,7.936692468200937e-05,3.375955100044354e-05,nan,free_jones_peb,free,3.375955100044354e-05,nan,7.936692468200937e-05,4.0,4.0,0.0,65.94175143404573,65.4448071541563,nan,True,False,disabled,nan,nan,3.4351622587931706e-15,705984782.815042,nan,True,False,69f791d10fa1c5e844325c11b57a310bf435d47976592123c61e7bd2e017cefc,0.0057205569317453665,computed_unscaled,cpu,nan,nan,nan,,,,,,,,nan,nan,nan,nan,nan,nan,False,,,,,,,,,nan,nan,nan,nan,,,,[],False,nan,nan,nan,,,nan,nan,nan,False,nan,,,False,,nan,nan,,,nan,nan,nan,False,nan,,,,False,nan,nan,,nan,nan,,,legacy_multistart,
fig4,full_6d_evs_peb,20,3607282624,20.0,snr_db,20.0,3,3,3,3,full_6d,3607282624,fixed_full6d_reference_sigma2,full_6d,0.0057205569317453665,af4325c1d5aa8714,False,,5.224700313992798,nan,nan,nan,nan,nan,nan,False,,,,False,,,,,,,,,,,,,,,,,,,,,,,,False,,,nan,nan,nan,nan,False,,,nan,nan,,,,,[],nan,,,nan,nan,nan,nan,,nan,nan,nan,3.3759600438714983e-05,nan,nan,3.3759600438714983e-05,3.3759600438714983e-05,3.375955100044354e-05,nan,free_jones_peb,free,3.375955100044354e-05,nan,3.3759600438714983e-05,4.0,4.0,0.0,65.44704181364826,65.4448071541563,nan,True,False,disabled,nan,nan,4.615083045695682e-15,151.90933371281895,nan,True,False,614c1d5045ebcd05d85977496f662de337f9fdc3d750d62d2ed64ea91c25b070,0.0057205569317453665,computed_unscaled,cpu,nan,nan,nan,,,,,,,,nan,nan,nan,nan,nan,nan,False,,,,,,,,,nan,nan,nan,nan,,,,[],False,nan,nan,nan,,,nan,nan,nan,False,nan,,,False,,nan,nan,,,nan,nan,nan,False,nan,,,,False,nan,nan,,nan,nan,,,legacy_multistart,
fig4,full_6d_constrained_jones_peb,20,3607282624,20.0,snr_db,20.0,3,3,3,3,full_6d,3607282624,fixed_full6d_reference_sigma2,full_6d,0.0057205569317453665,af4325c1d5aa8714,False,,0.0007563780527561903,nan,nan,nan,nan,nan,nan,False,,,,False,,,,,,,,,,,,,,,,,,,,,,,,False,,,nan,nan,nan,nan,False,,,nan,nan,,,,,[],nan,,,nan,nan,nan,nan,,nan,nan,nan,3.375955100044354e-05,nan,nan,3.375955100044354e-05,3.3759600438714983e-05,3.375955100044354e-05,nan,constrained_jones_peb,constrained,3.375955100044354e-05,nan,3.3759600438714983e-05,4.0,4.0,0.0,65.44704181364826,65.4448071541563,nan,True,False,disabled,nan,nan,4.615083045695682e-15,151.90933371281895,nan,True,False,614c1d5045ebcd05d85977496f662de337f9fdc3d750d62d2ed64ea91c25b070,0.0057205569317453665,computed_unscaled,cpu,nan,nan,nan,,,,,,,,nan,nan,nan,nan,nan,nan,False,,,,,,,,,nan,nan,nan,nan,,,,[],False,nan,nan,nan,,,nan,nan,nan,False,nan,,,False,,nan,nan,,,nan,nan,nan,False,nan,,,,False,nan,nan,,nan,nan,,,legacy_multistart,
fig4,scalar_peb,18,3644258948,20.0,snr_db,20.0,3,3,3,3,scalar,3644258948,fixed_full6d_reference_sigma2,full_6d,0.004398500200986058,dbd1cb40b4c94564,False,,16.485135982045904,nan,nan,nan,nan,nan,nan,False,,,,False,,,,,,,,,,,,,,,,,,,,,,,,False,,,nan,nan,nan,nan,False,,,nan,nan,,,,,[],nan,,,nan,nan,nan,nan,,nan,nan,nan,0.001818949916879096,0.001818949916879096,nan,nan,0.001818949916879096,3.337042695990703e-05,nan,free_jones_peb,free,3.337042695990703e-05,nan,0.001818949916879096,4.0,4.0,0.0,115.23711542244551,80.88495081630954,nan,True,False,disabled,nan,nan,4.607417106313664e-15,804580541.4886278,nan,True,False,7c3fffbebf7276e93d6865a756d564af06a271739673c8f69819f7ec957629a8,0.004398500200986058,computed_unscaled,cpu,nan,nan,nan,,,,,,,,nan,nan,nan,nan,nan,nan,False,,,,,,,,,nan,nan,nan,nan,,,,[],False,nan,nan,nan,,,nan,nan,nan,False,nan,,,False,,nan,nan,,,nan,nan,nan,False,nan,,,,False,nan,nan,,nan,nan,,,legacy_multistart,
fig4,dual_pol_peb,18,3644258948,20.0,snr_db,20.0,3,3,3,3,dual_pol,3644258948,fixed_full6d_reference_sigma2,full_6d,0.004398500200986058,dbd1cb40b4c94564,False,,10.318617508048192,nan,nan,nan,nan,nan,nan,False,,,,False,,,,,,,,,,,,,,,,,,,,,,,,False,,,nan,nan,nan,nan,False,,,nan,nan,,,,,[],nan,,,nan,nan,nan,nan,,nan,nan,nan,0.0001094653988541034,nan,0.0001094653988541034,nan,0.0001094653988541034,3.337042695990703e-05,nan,free_jones_peb,free,3.337042695990703e-05,nan,0.0001094653988541034,4.0,4.0,0.0,81.40427739880953,80.88495081630954,nan,True,False,disabled,nan,nan,6.825740650960737e-15,731511047.4728235,nan,True,False,cf6f4ec51498c7da6824e9b45e0baf835ff8071253d23a2abd74e8038f51af4f,0.004398500200986058,computed_unscaled,cpu,nan,nan,nan,,,,,,,,nan,nan,nan,nan,nan,nan,False,,,,,,,,,nan,nan,nan,nan,,,,[],False,nan,nan,nan,,,nan,nan,nan,False,nan,,,False,,nan,nan,,,nan,nan,nan,False,nan,,,,False,nan,nan,,nan,nan,,,legacy_multistart,
fig4,full_6d_evs_peb,18,3644258948,20.0,snr_db,20.0,3,3,3,3,full_6d,3644258948,fixed_full6d_reference_sigma2,full_6d,0.004398500200986058,dbd1cb40b4c94564,False,,4.724829098908231,nan,nan,nan,nan,nan,nan,False,,,,False,,,,,,,,,,,,,,,,,,,,,,,,False,,,nan,nan,nan,nan,False,,,nan,nan,,,,,[],nan,,,nan,nan,nan,nan,,nan,nan,nan,3.337104219380405e-05,nan,nan,3.337104219380405e-05,3.337104219380405e-05,3.337042695990703e-05,nan,free_jones_peb,free,3.337042695990703e-05,nan,3.337104219380405e-05,4.0,4.0,0.0,80.88405653823231,80.88495081630954,nan,True,False,disabled,nan,nan,2.3506741873931374e-15,2350.9333913991595,nan,True,False,10eabe3ea0bf687d98504e31e23e6506b4b182585a8f16e7a2bae8ed9d09e41a,0.004398500200986058,computed_unscaled,cpu,nan,nan,nan,,,,,,,,nan,nan,nan,nan,nan,nan,False,,,,,,,,,nan,nan,nan,nan,,,,[],False,nan,nan,nan,,,nan,nan,nan,False,nan,,,False,,nan,nan,,,nan,nan,nan,False,nan,,,,False,nan,nan,,nan,nan,,,legacy_multistart,
fig4,full_6d_constrained_jones_peb,18,3644258948,20.0,snr_db,20.0,3,3,3,3,full_6d,3644258948,fixed_full6d_reference_sigma2,full_6d,0.004398500200986058,dbd1cb40b4c94564,False,,0.000728989951312542,nan,nan,nan,nan,nan,nan,False,,,,False,,,,,,,,,,,,,,,,,,,,,,,,False,,,nan,nan,nan,nan,False,,,nan,nan,,,,,[],nan,,,nan,nan,nan,nan,,nan,nan,nan,3.337042695990703e-05,nan,nan,3.337042695990703e-05,3.337104219380405e-05,3.337042695990703e-05,nan,constrained_jones_peb,constrained,3.337042695990703e-05,nan,3.337104219380405e-05,4.0,4.0,0.0,80.88405653823231,80.88495081630954,nan,True,False,disabled,nan,nan,2.3506741873931374e-15,2350.9333913991595,nan,True,False,10eabe3ea0bf687d98504e31e23e6506b4b182585a8f16e7a2bae8ed9d09e41a,0.004398500200986058,computed_unscaled,cpu,nan,nan,nan,,,,,,,,nan,nan,nan,nan,nan,nan,False,,,,,,,,,nan,nan,nan,nan,,,,[],False,nan,nan,nan,,,nan,nan,nan,False,nan,,,False,,nan,nan,,,nan,nan,nan,False,nan,,,,False,nan,nan,,nan,nan,,,legacy_multistart,
fig4,scalar_peb,21,4000820147,20.0,snr_db,20.0,3,3,3,3,scalar,4000820147,fixed_full6d_reference_sigma2,full_6d,0.003479078806560169,5eeb6be0db872b4f,False,,12.681514766998589,nan,nan,nan,nan,nan,nan,False,,,,False,,,,,,,,,,,,,,,,,,,,,,,,False,,,nan,nan,nan,nan,False,,,nan,nan,,,,,[],nan,,,nan,nan,nan,nan,,nan,nan,nan,0.001197696368738727,0.001197696368738727,nan,nan,0.001197696368738727,4.667284591963839e-05,nan,free_jones_peb,free,4.667284591963839e-05,nan,0.001197696368738727,4.0,4.0,0.0,192.14024865477816,135.4036290047088,nan,True,False,disabled,nan,nan,4.571642721866725e-15,511361820.8657764,nan,True,False,90fd0c6eb62c194f065ae6c36fd149de6fbbaab36cb9bbe6aae7357be0bf6268,0.003479078806560169,computed_unscaled,cpu,nan,nan,nan,,,,,,,,nan,nan,nan,nan,nan,nan,False,,,,,,,,,nan,nan,nan,nan,,,,[],False,nan,nan,nan,,,nan,nan,nan,False,nan,,,False,,nan,nan,,,nan,nan,nan,False,nan,,,,False,nan,nan,,nan,nan,,,legacy_multistart,
fig4,dual_pol_peb,21,4000820147,20.0,snr_db,20.0,3,3,3,3,dual_pol,4000820147,fixed_full6d_reference_sigma2,full_6d,0.003479078806560169,5eeb6be0db872b4f,False,,6.70221532904543,nan,nan,nan,nan,nan,nan,False,,,,False,,,,,,,,,,,,,,,,,,,,,,,,False,,,nan,nan,nan,nan,False,,,nan,nan,,,,,[],nan,,,nan,nan,nan,nan,,nan,nan,nan,0.00014176633457792492,nan,0.00014176633457792492,nan,0.00014176633457792492,4.667284591963839e-05,nan,free_jones_peb,free,4.667284591963839e-05,nan,0.00014176633457792492,4.0,4.0,0.0,90.9333513868671,135.4036290047088,nan,True,False,disabled,nan,nan,6.726896192971484e-15,458246107.40050673,nan,True,False,afbebe42be898c368ac7152ce735fccf59acb013ca9e955cc19c791d910da41c,0.003479078806560169,computed_unscaled,cpu,nan,nan,nan,,,,,,,,nan,nan,nan,nan,nan,nan,False,,,,,,,,,nan,nan,nan,nan,,,,[],False,nan,nan,nan,,,nan,nan,nan,False,nan,,,False,,nan,nan,,,nan,nan,nan,False,nan,,,,False,nan,nan,,nan,nan,,,legacy_multistart,
fig4,full_6d_evs_peb,21,4000820147,20.0,snr_db,20.0,3,3,3,3,full_6d,4000820147,fixed_full6d_reference_sigma2,full_6d,0.003479078806560169,5eeb6be0db872b4f,False,,3.8520268630236387,nan,nan,nan,nan,nan,nan,False,,,,False,,,,,,,,,,,,,,,,,,,,,,,,False,,,nan,nan,nan,nan,False,,,nan,nan,,,,,[],nan,,,nan,nan,nan,nan,,nan,nan,nan,4.667337139928577e-05,nan,nan,4.667337139928577e-05,4.667337139928577e-05,4.667284591963839e-05,nan,free_jones_peb,free,4.667284591963839e-05,nan,4.667337139928577e-05,4.0,4.0,0.0,135.40624207974665,135.4036290047088,nan,True,False,disabled,nan,nan,5.5825920869318015e-15,8677.478067248852,nan,True,False,f7a047bb7013efbe33f31c7f789c22a5d5f4d1899bcaccc54b42258dbd7f4038,0.003479078806560169,computed_unscaled,cpu,nan,nan,nan,,,,,,,,nan,nan,nan,nan,nan,nan,False,,,,,,,,,nan,nan,nan,nan,,,,[],False,nan,nan,nan,,,nan,nan,nan,False,nan,,,False,,nan,nan,,,nan,nan,nan,False,nan,,,,False,nan,nan,,nan,nan,,,legacy_multistart,
fig4,full_6d_constrained_jones_peb,21,4000820147,20.0,snr_db,20.0,3,3,3,3,full_6d,4000820147,fixed_full6d_reference_sigma2,full_6d,0.003479078806560169,5eeb6be0db872b4f,False,,0.0006930590607225895,nan,nan,nan,nan,nan,nan,False,,,,False,,,,,,,,,,,,,,,,,,,,,,,,False,,,nan,nan,nan,nan,False,,,nan,nan,,,,,[],nan,,,nan,nan,nan,nan,,nan,nan,nan,4.667284591963839e-05,nan,nan,4.667284591963839e-05,4.667337139928577e-05,4.667284591963839e-05,nan,constrained_jones_peb,constrained,4.667284591963839e-05,nan,4.667337139928577e-05,4.0,4.0,0.0,135.40624207974665,135.4036290047088,nan,True,False,disabled,nan,nan,5.5825920869318015e-15,8677.478067248852,nan,True,False,f7a047bb7013efbe33f31c7f789c22a5d5f4d1899bcaccc54b42258dbd7f4038,0.003479078806560169,computed_unscaled,cpu,nan,nan,nan,,,,,,,,nan,nan,nan,nan,nan,nan,False,,,,,,,,,nan,nan,nan,nan,,,,[],False,nan,nan,nan,,,nan,nan,nan,False,nan,,,False,,nan,nan,,,nan,nan,nan,False,nan,,,,False,nan,nan,,nan,nan,,,legacy_multistart,
fig4,scalar_peb,22,3206710796,20.0,snr_db,20.0,3,3,3,3,scalar,3206710796,fixed_full6d_reference_sigma2,full_6d,0.0010725255289283989,e3ba37c122ad5c60,False,,12.081224153051153,nan,nan,nan,nan,nan,nan,False,,,,False,,,,,,,,,,,,,,,,,,,,,,,,False,,,nan,nan,nan,nan,False,,,nan,nan,,,,,[],nan,,,nan,nan,nan,nan,,nan,nan,nan,0.0010096480406725412,0.0010096480406725412,nan,nan,0.0010096480406725412,4.2480999748647325e-05,nan,free_jones_peb,free,4.2480999748647325e-05,nan,0.0010096480406725412,4.0,4.0,0.0,111.057494589535,85.51685239788135,nan,True,False,disabled,nan,nan,5.536265272304712e-15,567233537.6208563,nan,True,False,f9080b4e68e4aed660f7139dac97037d1e8fed6d4a9602cdbdb2d46386fc4c30,0.0010725255289283989,computed_unscaled,cpu,nan,nan,nan,,,,,,,,nan,nan,nan,nan,nan,nan,False,,,,,,,,,nan,nan,nan,nan,,,,[],False,nan,nan,nan,,,nan,nan,nan,False,nan,,,False,,nan,nan,,,nan,nan,nan,False,nan,,,,False,nan,nan,,nan,nan,,,legacy_multistart,
fig4,dual_pol_peb,22,3206710796,20.0,snr_db,20.0,3,3,3,3,dual_pol,3206710796,fixed_full6d_reference_sigma2,full_6d,0.0010725255289283989,e3ba37c122ad5c60,False,,7.923686471069232,nan,nan,nan,nan,nan,nan,False,,,,False,,,,,,,,,,,,,,,,,,,,,,,,False,,,nan,nan,nan,nan,False,,,nan,nan,,,,,[],nan,,,nan,nan,nan,nan,,nan,nan,nan,0.00014509183877366925,nan,0.00014509183877366925,nan,0.00014509183877366925,4.2480999748647325e-05,nan,free_jones_peb,free,4.2480999748647325e-05,nan,0.00014509183877366925,4.0,4.0,0.0,85.63788320864276,85.51685239788135,nan,True,False,disabled,nan,nan,6.7647365452827106e-15,519649686.815959,nan,True,False,419299da458ee1792ab0bf9d32fc334a7c54ce3cdd856294255dc0759783f127,0.0010725255289283989,computed_unscaled,cpu,nan,nan,nan,,,,,,,,nan,nan,nan,nan,nan,nan,False,,,,,,,,,nan,nan,nan,nan,,,,[],False,nan,nan,nan,,,nan,nan,nan,False,nan,,,False,,nan,nan,,,nan,nan,nan,False,nan,,,,False,nan,nan,,nan,nan,,,legacy_multistart,
fig4,full_6d_evs_peb,22,3206710796,20.0,snr_db,20.0,3,3,3,3,full_6d,3206710796,fixed_full6d_reference_sigma2,full_6d,0.0010725255289283989,e3ba37c122ad5c60,False,,3.8314684911165386,nan,nan,nan,nan,nan,nan,False,,,,False,,,,,,,,,,,,,,,,,,,,,,,,False,,,nan,nan,nan,nan,False,,,nan,nan,,,,,[],nan,,,nan,nan,nan,nan,,nan,nan,nan,4.248150196153205e-05,nan,nan,4.248150196153205e-05,4.248150196153205e-05,4.2480999748647325e-05,nan,free_jones_peb,free,4.2480999748647325e-05,nan,4.248150196153205e-05,4.0,4.0,0.0,85.51320048103587,85.51685239788135,nan,True,False,disabled,nan,nan,3.568088312631708e-15,10104.273501000192,nan,True,False,c84ba72aa3a760a0760b6b67e247dbffd03ad56315a9283ecceeafa1a6824f29,0.0010725255289283989,computed_unscaled,cpu,nan,nan,nan,,,,,,,,nan,nan,nan,nan,nan,nan,False,,,,,,,,,nan,nan,nan,nan,,,,[],False,nan,nan,nan,,,nan,nan,nan,False,nan,,,False,,nan,nan,,,nan,nan,nan,False,nan,,,,False,nan,nan,,nan,nan,,,legacy_multistart,
fig4,full_6d_constrained_jones_peb,22,3206710796,20.0,snr_db,20.0,3,3,3,3,full_6d,3206710796,fixed_full6d_reference_sigma2,full_6d,0.0010725255289283989,e3ba37c122ad5c60,False,,0.0006605428643524647,nan,nan,nan,nan,nan,nan,False,,,,False,,,,,,,,,,,,,,,,,,,,,,,,False,,,nan,nan,nan,nan,False,,,nan,nan,,,,,[],nan,,,nan,nan,nan,nan,,nan,nan,nan,4.2480999748647325e-05,nan,nan,4.2480999748647325e-05,4.248150196153205e-05,4.2480999748647325e-05,nan,constrained_jones_peb,constrained,4.2480999748647325e-05,nan,4.248150196153205e-05,4.0,4.0,0.0,85.51320048103587,85.51685239788135,nan,True,False,disabled,nan,nan,3.568088312631708e-15,10104.273501000192,nan,True,False,c84ba72aa3a760a0760b6b67e247dbffd03ad56315a9283ecceeafa1a6824f29,0.0010725255289283989,computed_unscaled,cpu,nan,nan,nan,,,,,,,,nan,nan,nan,nan,nan,nan,False,,,,,,,,,nan,nan,nan,nan,,,,[],False,nan,nan,nan,,,nan,nan,nan,False,nan,,,False,,nan,nan,,,nan,nan,nan,False,nan,,,,False,nan,nan,,nan,nan,,,legacy_multistart,
fig4,scalar_peb,23,2043173887,20.0,snr_db,20.0,3,3,3,3,scalar,2043173887,fixed_full6d_reference_sigma2,full_6d,0.0032756575586599624,b60e7d07734bfd77,False,,12.759525015950203,nan,nan,nan,nan,nan,nan,False,,,,False,,,,,,,,,,,,,,,,,,,,,,,,False,,,nan,nan,nan,nan,False,,,nan,nan,,,,,[],nan,,,nan,nan,nan,nan,,nan,nan,nan,0.0015684214340838296,0.0015684214340838296,nan,nan,0.0015684214340838296,3.503634890892149e-05,nan,free_jones_peb,free,3.503634890892149e-05,nan,0.0015684214340838296,4.0,4.0,0.0,82.84495212885676,63.955704655177676,nan,True,False,disabled,nan,nan,1.0772990159149743e-14,839064053.366196,nan,True,False,87d11b30b2b354763affc746a406804beff6231c93115ab9e8564b2555508918,0.0032756575586599624,computed_unscaled,cpu,nan,nan,nan,,,,,,,,nan,nan,nan,nan,nan,nan,False,,,,,,,,,nan,nan,nan,nan,,,,[],False,nan,nan,nan,,,nan,nan,nan,False,nan,,,False,,nan,nan,,,nan,nan,nan,False,nan,,,,False,nan,nan,,nan,nan,,,legacy_multistart,
fig4,dual_pol_peb,23,2043173887,20.0,snr_db,20.0,3,3,3,3,dual_pol,2043173887,fixed_full6d_reference_sigma2,full_6d,0.0032756575586599624,b60e7d07734bfd77,False,,5.968377747107297,nan,nan,nan,nan,nan,nan,False,,,,False,,,,,,,,,,,,,,,,,,,,,,,,False,,,nan,nan,nan,nan,False,,,nan,nan,,,,,[],nan,,,nan,nan,nan,nan,,nan,nan,nan,9.498790363527402e-05,nan,9.498790363527402e-05,nan,9.498790363527402e-05,3.503634890892149e-05,nan,free_jones_peb,free,3.503634890892149e-05,nan,9.498790363527402e-05,4.0,4.0,0.0,75.28877965469245,63.955704655177676,nan,True,False,disabled,nan,nan,3.806166795880723e-15,726078021.3923577,nan,True,False,ba7c54c525669a49f352e03ae343c04d0632702243a7f010eb38ac01de638d7a,0.0032756575586599624,computed_unscaled,cpu,nan,nan,nan,,,,,,,,nan,nan,nan,nan,nan,nan,False,,,,,,,,,nan,nan,nan,nan,,,,[],False,nan,nan,nan,,,nan,nan,nan,False,nan,,,False,,nan,nan,,,nan,nan,nan,False,nan,,,,False,nan,nan,,nan,nan,,,legacy_multistart,
fig4,full_6d_evs_peb,23,2043173887,20.0,snr_db,20.0,3,3,3,3,full_6d,2043173887,fixed_full6d_reference_sigma2,full_6d,0.0032756575586599624,b60e7d07734bfd77,False,,3.505860034842044,nan,nan,nan,nan,nan,nan,False,,,,False,,,,,,,,,,,,,,,,,,,,,,,,False,,,nan,nan,nan,nan,False,,,nan,nan,,,,,[],nan,,,nan,nan,nan,nan,,nan,nan,nan,3.503706818334925e-05,nan,nan,3.503706818334925e-05,3.503706818334925e-05,3.503634890892149e-05,nan,free_jones_peb,free,3.503634890892149e-05,nan,3.503706818334925e-05,4.0,4.0,0.0,63.955029884706356,63.955704655177676,nan,True,False,disabled,nan,nan,2.0351605691139795e-15,4763.350498780528,nan,True,False,7093cfec76f40175c6c7c58aa1b5153ce86056a79427b6463226f28ede4d41bd,0.0032756575586599624,computed_unscaled,cpu,nan,nan,nan,,,,,,,,nan,nan,nan,nan,nan,nan,False,,,,,,,,,nan,nan,nan,nan,,,,[],False,nan,nan,nan,,,nan,nan,nan,False,nan,,,False,,nan,nan,,,nan,nan,nan,False,nan,,,,False,nan,nan,,nan,nan,,,legacy_multistart,
fig4,full_6d_constrained_jones_peb,23,2043173887,20.0,snr_db,20.0,3,3,3,3,full_6d,2043173887,fixed_full6d_reference_sigma2,full_6d,0.0032756575586599624,b60e7d07734bfd77,False,,0.0006293291226029396,nan,nan,nan,nan,nan,nan,False,,,,False,,,,,,,,,,,,,,,,,,,,,,,,False,,,nan,nan,nan,nan,False,,,nan,nan,,,,,[],nan,,,nan,nan,nan,nan,,nan,nan,nan,3.503634890892149e-05,nan,nan,3.503634890892149e-05,3.503706818334925e-05,3.503634890892149e-05,nan,constrained_jones_peb,constrained,3.503634890892149e-05,nan,3.503706818334925e-05,4.0,4.0,0.0,63.955029884706356,63.955704655177676,nan,True,False,disabled,nan,nan,2.0351605691139795e-15,4763.350498780528,nan,True,False,7093cfec76f40175c6c7c58aa1b5153ce86056a79427b6463226f28ede4d41bd,0.0032756575586599624,computed_unscaled,cpu,nan,nan,nan,,,,,,,,nan,nan,nan,nan,nan,nan,False,,,,,,,,,nan,nan,nan,nan,,,,[],False,nan,nan,nan,,,nan,nan,nan,False,nan,,,False,,nan,nan,,,nan,nan,nan,False,nan,,,,False,nan,nan,,nan,nan,,,legacy_multistart,
