trial_id,seed,snr_db,route,failed,error,shared_data_hash,diagnostic_mode,K,p_true_x,p_true_y,p_true_z,p_hat_x,p_hat_y,p_hat_z,err_x_m,err_y_m,err_z_m,position_error_m,delta_t_true_s,delta_t_hat_s,delta_t_error_s,clock_error_ns,range_rmse_m,tau_rmse_s,channel_y_nmse,channel_y_rmse_abs,raw_objective_final,regularized_objective_final,outlier_flag,boundary_hit,outer_success,outer_message,outer_n_iter,outer_n_eval,nonlinear_dim,linear_nuisance_dim,clock_certified,clock_certificate_gap_objective,clock_fft_peak_gap_objective,clock_bnb_splits,ccop_position_evaluations,ccop_clock_interval_evaluations,old_incumbent_used,incumbent_non_degradation,data_runtime_s,stage1_runtime_s,route_refinement_runtime_s,metric_reconstruction_runtime_s,route_runtime_s,end_to_end_incremental_runtime_s,incumbent_generation_runtime_s,deployment_runtime_s,paired_trial_wall_runtime_s,noise_variance,vp_backend
0,4191845062,-10.0,ccop_jvp_profiled_3d,False,,4c6db7d8cd15b9654b28,performance,3,1.25,0.55,0.75,1.249741491002687,0.5500211890145132,0.7489175301538457,-0.0002585089973130561,2.1189014513200988e-05,-0.0010824698461543436,0.0011131113348902932,5e-09,4.9970839776491095e-09,-2.916022350890603e-12,0.002916022350890603,0.00034493367980627357,1.7854803231691e-12,5.0590091996846374e-05,0.004291911646854654,3.640529087455257,3.6405369291730847,False,False,True,CONVERGENCE: RELATIVE REDUCTION OF F <= FACTR*EPSMCH,10,20,3,6,True,3.7198814516640685e-10,0.0019975980512079725,21,21,5187,True,True,0.3759348939638585,12.047686270903796,0.5347491770517081,0.08122262801043689,0.615971805062145,13.0395929699298,0.5896438939962536,13.629236863926053,13.642829220974818,3.6411290941227925,numpy_cpu
0,4191845062,-10.0,old_4d_jones_vp,False,,4c6db7d8cd15b9654b28,performance,3,1.25,0.55,0.75,1.2173967221136384,0.5403541780044,0.7372339106072336,-0.03260327788636164,-0.009645821995600046,-0.012766089392766355,0.036317883326127655,5e-09,4.887577992325742e-09,-1.1242200767425843e-10,0.11242200767425843,0.029407295448172666,2.9904578144311404e-11,0.02157424515921011,0.08863103955891403,3.6481671450475175,3.6481738650619406,False,False,True,CONVERGENCE: RELATIVE REDUCTION OF F <= FACTR*EPSMCH,19,36,4,6,False,nan,nan,0,0,0,False,False,0.3759348939638585,12.047686270903796,0.5896438939962536,0.0,0.5896438939962536,13.013265058863908,0.0,13.013265058863908,13.642829220974818,3.6411290941227925,cpu
1,1963740598,-10.0,ccop_jvp_profiled_3d,False,,213639ecff5da63977c6,performance,3,1.25,0.55,0.75,1.2496226241684232,0.5496110314624423,1.45,-0.00037737583157682053,-0.0003889685375577656,0.7,0.700000209792141,5e-09,5.0476805243203945e-09,4.768052432039435e-11,0.04768052432039435,0.017927843147311495,5.366671210145732e-11,0.08207374222243895,0.1654552423322583,3.3606654802876665,3.360673773224486,True,True,True,CONVERGENCE: RELATIVE REDUCTION OF F <= FACTR*EPSMCH,10,15,3,6,True,2.669772598175441e-10,0.0016425852713745123,21,16,3948,True,True,0.2733891059178859,9.287891652900726,0.41140662087127566,0.08049189508892596,0.4918985159602016,10.053179274778813,0.4838476642034948,10.537026938982308,10.55060758604668,3.3354683817185284,numpy_cpu
1,1963740598,-10.0,old_4d_jones_vp,False,,213639ecff5da63977c6,performance,3,1.25,0.55,0.75,1.2647807488678433,0.5499974768973901,1.45,0.014780748867843307,-2.5231026099525877e-06,0.7,0.7001560329979741,5e-09,5.096073460674338e-09,9.607346067433807e-11,0.09607346067433807,0.028266310993467436,6.024463583971773e-11,0.08754166322417416,0.17087786567232335,3.3624623150221944,3.3624694608381485,True,True,True,CONVERGENCE: RELATIVE REDUCTION OF F <= FACTR*EPSMCH,12,25,4,6,False,nan,nan,0,0,0,False,False,0.2733891059178859,9.287891652900726,0.4838476642034948,0.0,0.4838476642034948,10.045128423022106,0.0,10.045128423022106,10.55060758604668,3.3354683817185284,cpu
2,1670551931,-10.0,ccop_jvp_profiled_3d,False,,550cf4d5f38ed26d977b,performance,3,1.25,0.55,0.75,1.2496523030823194,0.5500290404643652,0.7505589948588972,-0.0003476969176805511,2.904046436513763e-05,0.0005589948588972105,0.0006589474542090674,5e-09,4.992607169576582e-09,-7.392830423418354e-12,0.007392830423418355,0.0002525557443279175,6.552061872626572e-12,9.694510118837371e-05,0.0069993218025556836,5.057011026152154,5.057018710832025,False,False,True,CONVERGENCE: RELATIVE REDUCTION OF F <= FACTR*EPSMCH,14,18,3,6,True,4.985039259693058e-10,0.002942118852794701,24,19,4741,True,True,0.26830799388699234,9.511119057890028,0.47970454092137516,0.08330715703777969,0.5630116979591548,10.342438749736175,0.4347887570038438,10.777227506740019,10.790806422010064,5.053427671454781,numpy_cpu
2,1670551931,-10.0,old_4d_jones_vp,False,,550cf4d5f38ed26d977b,performance,3,1.25,0.55,0.75,1.2361653330634992,0.5466402121858741,0.7437658628658028,-0.013834666936500817,-0.0033597878141259363,-0.006234137134197182,0.015541899794035294,5e-09,4.947587376735596e-09,-5.241262326440451e-11,0.05241262326440451,0.01259322956216377,1.4863313982295942e-11,0.003939779093798083,0.04461993802328546,5.058902599246828,5.058910027370502,False,False,True,CONVERGENCE: RELATIVE REDUCTION OF F <= FACTR*EPSMCH,5,19,4,6,False,nan,nan,0,0,0,False,False,0.26830799388699234,9.511119057890028,0.4347887570038438,0.0,0.4347887570038438,10.214215808780864,0.0,10.214215808780864,10.790806422010064,5.053427671454781,cpu
3,268311551,-10.0,ccop_jvp_profiled_3d,False,,3bdd1c0ac613bf8c9d7e,performance,3,1.25,0.55,0.75,1.2499290685653377,0.5501504208488612,0.7499040572051936,-7.093143466230245e-05,0.000150420848861188,-9.594279480640289e-05,0.00019199666682168307,5e-09,4.997573933971968e-09,-2.4260660280321708e-12,0.002426066028032171,0.00011171957243764033,2.117770980243574e-12,5.128922109895934e-05,0.006155774146761319,7.381528783655789,7.381536149512045,False,False,True,CONVERGENCE: RELATIVE REDUCTION OF F <= FACTR*EPSMCH,13,17,3,6,True,6.268562905673029e-10,0.004051079132018404,22,18,4460,True,True,0.27112516504712403,11.779098753118888,0.48468247009441257,0.07871805992908776,0.5634005300235003,12.613624448189512,0.40891400701366365,13.022538455203176,13.036108830012381,7.388210336207164,numpy_cpu
3,268311551,-10.0,old_4d_jones_vp,False,,3bdd1c0ac613bf8c9d7e,performance,3,1.25,0.55,0.75,1.2508491890557465,0.5497433529652104,0.7581641195570717,0.000849189055746491,-0.0002566470347896699,0.008164119557071747,0.00821217619727118,5e-09,5.0031773705309045e-09,3.177370530904424e-12,0.003177370530904424,0.0016357653936531673,2.377456937314138e-12,0.0002224274539585259,0.012819285527644057,7.381663451926264,7.381670840196187,False,False,True,CONVERGENCE: RELATIVE REDUCTION OF F <= FACTR*EPSMCH,5,12,4,6,False,nan,nan,0,0,0,False,False,0.27112516504712403,11.779098753118888,0.40891400701366365,0.0,0.40891400701366365,12.459137925179675,0.0,12.459137925179675,13.036108830012381,7.388210336207164,cpu
4,2546022630,-10.0,ccop_jvp_profiled_3d,False,,1a8c5623f1d65c476a1f,performance,3,1.25,0.55,0.75,1.2499450970247776,0.5500608281672582,0.7482185395509683,-5.490297522237064e-05,6.0828167258164534e-05,-0.0017814604490317132,0.0017833439752567447,5e-09,4.996127711093071e-09,-3.872288906929184e-12,0.003872288906929184,0.0002456173934463717,3.073472654153161e-12,4.397568371997109e-05,0.004535710156383281,4.680448992241636,4.6804569405972405,False,False,True,CONVERGENCE: RELATIVE REDUCTION OF F <= FACTR*EPSMCH,12,16,3,6,True,5.077367709105679e-10,0.0025612572175543157,22,17,4249,True,True,0.2898725278209895,9.379604023182765,0.4363086470402777,0.07884082105010748,0.5151494680903852,10.18462601909414,0.44204391492530704,10.626669934019446,10.649391042999923,4.6781914190855165,numpy_cpu
4,2546022630,-10.0,old_4d_jones_vp,False,,1a8c5623f1d65c476a1f,performance,3,1.25,0.55,0.75,1.2422108868183768,0.5486488552697788,0.7405854611849918,-0.007789113181623231,-0.0013511447302212432,-0.0094145388150082,0.012293470516393547,5e-09,4.972218899243124e-09,-2.7781100756876072e-11,0.027781100756876072,0.007750938848110729,5.5720468912355364e-12,0.0034990645938983694,0.040458984117252704,4.682018939431911,4.682026873518597,False,False,True,CONVERGENCE: RELATIVE REDUCTION OF F <= FACTR*EPSMCH,10,21,4,6,False,nan,nan,0,0,0,False,False,0.2898725278209895,9.379604023182765,0.44204391492530704,0.0,0.44204391492530704,10.111520465929061,0.0,10.111520465929061,10.649391042999923,4.6781914190855165,cpu
5,2003832857,-10.0,ccop_jvp_profiled_3d,False,,27ce6a9f440e86015a74,performance,3,1.25,0.55,0.75,1.2484318504090048,0.5489046626399212,1.45,-0.0015681495909951604,-0.0010953373600788296,0.7,0.7000026134644585,5e-09,5.033515831930694e-09,3.3515831930693666e-11,0.033515831930693664,0.017234969817555117,5.050976246383337e-11,0.04496214976766785,0.1497210788089954,5.00786694442056,5.007883234656256,True,True,True,CONVERGENCE: RELATIVE REDUCTION OF F <= FACTR*EPSMCH,9,13,3,6,True,1.0947170271984764e-10,0.0031384801448731134,22,14,3436,True,True,0.2665873810183257,9.397917902097106,0.3650522290263325,0.07932546292431653,0.444377691950649,10.10888297506608,0.38114423281513155,10.490027207881212,10.503571473993361,4.985616024936788,numpy_cpu
5,2003832857,-10.0,old_4d_jones_vp,False,,27ce6a9f440e86015a74,performance,3,1.25,0.55,0.75,1.2452352362017411,0.5478996936000173,1.45,-0.004764763798258853,-0.00210030639998271,0.7,0.7000193670613885,5e-09,5.0227929925059785e-09,2.279299250597837e-11,0.02279299250597837,0.015641370509502026,4.867822053132168e-11,0.045129616025691696,0.14999964561855939,5.007945497332513,5.007961937088273,True,True,True,CONVERGENCE: RELATIVE REDUCTION OF F <= FACTR*EPSMCH,5,13,4,6,False,nan,nan,0,0,0,False,False,0.2665873810183257,9.397917902097106,0.38114423281513155,0.0,0.38114423281513155,10.045649515930563,0.0,10.045649515930563,10.503571473993361,4.985616024936788,cpu
6,3924407702,-10.0,ccop_jvp_profiled_3d,False,,7f031cad3b07b0158f3b,performance,3,1.25,0.55,0.75,1.2499465079640222,0.5498635256553001,0.748996658867133,-5.349203597782015e-05,-0.00013647434469998831,-0.0010033411328670416,0.0010139921467039387,5e-09,5.000953867518051e-09,9.538675180505225e-13,0.0009538675180505225,0.00015053559190328188,1.4084458811465517e-12,5.59703718328626e-05,0.006413089015872915,7.35212844936285,7.352142029892659,False,False,True,CONVERGENCE: RELATIVE REDUCTION OF F <= FACTR*EPSMCH,14,18,3,6,True,2.7078174623186765e-10,0.0037850735340048194,24,19,4707,True,True,0.2718586560804397,9.169859112007543,0.4753409018740058,0.0785810318775475,0.5539219337515533,9.995639701839536,0.3801661420147866,10.375805843854323,10.389388144947588,7.3481217613354906,numpy_cpu
6,3924407702,-10.0,old_4d_jones_vp,False,,7f031cad3b07b0158f3b,performance,3,1.25,0.55,0.75,1.2582691168523135,0.5479004414208192,0.7474194549444949,0.008269116852313463,-0.0020995585791808713,-0.00258054505550509,0.008913229074141328,5e-09,5.027166585621213e-09,2.716658562121306e-11,0.02716658562121306,0.007331431464648629,3.421863962963269e-12,0.0013811536763827725,0.03185731530618487,7.353079328759008,7.35309253709576,False,False,True,CONVERGENCE: RELATIVE REDUCTION OF F <= FACTR*EPSMCH,5,13,4,6,False,nan,nan,0,0,0,False,False,0.2718586560804397,9.169859112007543,0.3801661420147866,0.0,0.3801661420147866,9.82188391010277,0.0,9.82188391010277,10.389388144947588,7.3481217613354906,cpu
7,3053707144,-10.0,ccop_jvp_profiled_3d,False,,543dd0de7252b5ba6462,performance,3,1.25,0.55,0.75,0.3,0.7445072083976455,0.43087523738809447,-0.95,0.19450720839764546,-0.31912476261190553,1.0208690749703166,5e-09,2.088356714014069e-09,-2.911643285985931e-09,2.911643285985931,0.9216258961033329,2.5920170140093115e-10,0.982640637003355,0.5982951378865713,4.003049548771901,4.003220634310339,True,True,True,CONVERGENCE: NORM OF PROJECTED GRADIENT <= PGTOL,14,15,3,6,True,1.3501585622596398e-10,6.580105462031705e-05,16,16,3762,True,True,0.2717347990255803,9.426689167041332,0.412408335134387,0.07761094393208623,0.49001927906647325,10.188443245133385,1.0765173831023276,11.264960628235713,11.27860631980002,3.642807538576162,numpy_cpu
7,3053707144,-10.0,old_4d_jones_vp,False,,543dd0de7252b5ba6462,performance,3,1.25,0.55,0.75,0.3,0.7336865137674838,0.8583133775665154,-0.95,0.1836865137674838,0.10831337756651538,0.9736388052557882,5e-09,2.19650660429983e-09,-2.80349339570017e-09,2.80349339570017,0.8745880538372468,2.1049539019739596e-10,0.9861105127775357,0.5993505493294572,4.004338289242988,4.004507585728256,True,True,False,STOP: TOTAL NO. OF ITERATIONS REACHED LIMIT,80,101,4,6,False,nan,nan,0,0,0,False,False,0.2717347990255803,9.426689167041332,1.0765173831023276,0.0,1.0765173831023276,10.77494134916924,0.0,10.77494134916924,11.27860631980002,3.642807538576162,cpu
8,3315122986,-10.0,ccop_jvp_profiled_3d,False,,76eb89a21dc97517c109,performance,3,1.25,0.55,0.75,1.2498358315680584,0.5498814292988897,0.7500264048299194,-0.00016416843194155817,-0.00011857070111032098,2.640482991944637e-05,0.00020422414218455658,5e-09,5.0038973446438956e-09,3.897344643895457e-12,0.0038973446438954566,0.00013907019396529972,4.313436909712542e-12,7.271708858652009e-05,0.0035106669224775483,1.694230287713474,1.6942343096439185,False,False,True,CONVERGENCE: RELATIVE REDUCTION OF F <= FACTR*EPSMCH,15,20,3,6,True,5.812493343780391e-11,0.0008322904454033051,25,21,5225,True,True,0.2665442950092256,9.4530180899892,0.5212808109354228,0.07939629117026925,0.600677102105692,10.320239487104118,0.41740343696437776,10.737642924068496,10.751202428946272,1.6948948974921718,numpy_cpu
8,3315122986,-10.0,old_4d_jones_vp,False,,76eb89a21dc97517c109,performance,3,1.25,0.55,0.75,1.1644855854071416,0.5667546133542672,0.7399062774882731,-0.08551441459285836,0.0167546133542672,-0.01009372251172691,0.08772294686086415,5e-09,4.719687173106351e-09,-2.8031282689364876e-10,0.2803128268936488,0.07904219853356502,2.7233256447726268e-11,0.08966506261400606,0.12327727167154363,1.7094869829120978,1.7094898512221857,False,False,True,CONVERGENCE: RELATIVE REDUCTION OF F <= FACTR*EPSMCH,11,18,4,6,False,nan,nan,0,0,0,False,False,0.2665442950092256,9.4530180899892,0.41740343696437776,0.0,0.41740343696437776,10.136965821962804,0.0,10.136965821962804,10.751202428946272,1.6948948974921718,cpu
9,1804969292,-10.0,ccop_jvp_profiled_3d,False,,7145023eb999cc019123,performance,3,1.25,0.55,0.75,1.249864928650583,0.5501443406450929,0.7492341313329484,-0.00013507134941703747,0.00014434064509283306,-0.000765868667051639,0.0007909698517836245,5e-09,5.0017626265064745e-09,1.7626265064743715e-12,0.0017626265064743715,0.00022559147492861505,2.5003826393865047e-12,0.01101422075702359,0.07051593732952846,4.5226790156364105,4.52782028123173,False,False,True,CONVERGENCE: RELATIVE REDUCTION OF F <= FACTR*EPSMCH,12,16,3,6,True,3.3314348810462335e-10,0.002291257706409913,22,17,4259,True,True,0.26753472397103906,9.645533466944471,0.4337045189458877,0.07878578687086701,0.5124903058167547,10.425558496732265,0.5403090710751712,10.965867567807436,10.979426313890144,4.514615720128099,numpy_cpu
9,1804969292,-10.0,old_4d_jones_vp,False,,7145023eb999cc019123,performance,3,1.25,0.55,0.75,1.276888748359647,0.564419004329922,0.7570433481493588,0.02688874835964694,0.014419004329921936,0.007043348149358808,0.03131327557710627,5e-09,5.083007614332436e-09,8.300761433243581e-11,0.08300761433243581,0.023696629611997973,3.049280747557484e-11,0.08225561240386282,0.19270508058358052,4.5549621613883735,4.559310770073696,False,False,True,CONVERGENCE: RELATIVE REDUCTION OF F <= FACTR*EPSMCH,9,34,4,6,False,nan,nan,0,0,0,False,False,0.26753472397103906,9.645533466944471,0.5403090710751712,0.0,0.5403090710751712,10.453377261990681,0.0,10.453377261990681,10.979426313890144,4.514615720128099,cpu
10,1162771679,-10.0,ccop_jvp_profiled_3d,False,,742ba987bca3dc899baa,performance,3,1.25,0.55,0.75,1.2498702952613332,0.550043233873958,0.7517757835202533,-0.00012970473866680265,4.323387395799294e-05,0.0017757835202533157,0.0017810389097078416,5e-09,4.9933112976205666e-09,-6.6887023794335295e-12,0.006688702379433529,7.4692694004892e-05,6.895261327472401e-12,6.630311756276266e-05,0.004050818012063809,2.4764209844545912,2.476422607714688,False,False,True,CONVERGENCE: RELATIVE REDUCTION OF F <= FACTR*EPSMCH,11,14,3,6,True,6.116096224417484e-11,0.001444211635114007,24,15,3725,True,True,0.26692200102843344,9.59519744105637,0.3874536829534918,0.07901452109217644,0.46646820404566824,10.328587646130472,0.4016747181303799,10.730262364260852,10.743827319005504,2.4748650093757063,numpy_cpu
10,1162771679,-10.0,old_4d_jones_vp,False,,742ba987bca3dc899baa,performance,3,1.25,0.55,0.75,1.2466749992408368,0.5504631893745912,0.75504799101831,-0.003325000759163199,0.00046318937459111087,0.005047991018309994,0.006062374762921568,5e-09,4.9847120350231e-09,-1.528796497690035e-11,0.01528796497690035,0.0024760121056966677,7.048056513381655e-12,0.0006259223222985815,0.012446177140166168,2.476544562199662,2.476546176344894,False,False,True,CONVERGENCE: RELATIVE REDUCTION OF F <= FACTR*EPSMCH,8,16,4,6,False,nan,nan,0,0,0,False,False,0.26692200102843344,9.59519744105637,0.4016747181303799,0.0,0.4016747181303799,10.263794160215184,0.0,10.263794160215184,10.743827319005504,2.4748650093757063,cpu
11,2669766368,-10.0,ccop_jvp_profiled_3d,False,,c0ed81e57d07ff835dc5,performance,3,1.25,0.55,0.75,1.2501966780836018,0.5498659401072599,0.7500880661589517,0.00019667808360179784,-0.00013405989274017927,8.806615895173842e-05,0.0002537911971745612,5e-09,4.9998353050762376e-09,-1.6469492376254204e-13,0.00016469492376254205,0.0002069055135091237,8.517730252597304e-13,0.00011524149973847473,0.007262186225211633,4.577099144919136,4.577111345391104,False,False,True,CONVERGENCE: NORM OF PROJECTED GRADIENT <= PGTOL,10,20,3,6,True,9.881408801139856e-11,0.0024134932684131837,22,21,5213,True,True,0.2685113470070064,9.49916890100576,0.5317499288357794,0.0769946260843426,0.608744554920122,10.376424802932888,0.5732572409324348,10.949682043865323,10.963240234879777,4.576419856504681,numpy_cpu
11,2669766368,-10.0,old_4d_jones_vp,False,,c0ed81e57d07ff835dc5,performance,3,1.25,0.55,0.75,1.2917292557140634,0.5184738158033207,0.7689254727728403,0.041729255714063385,-0.0315261841966793,0.01892547277284029,0.05561838358068456,5e-09,5.172919171183838e-09,1.7291917118383823e-10,0.17291917118383823,0.044555118397455504,4.587470044359701e-11,0.04312900761356689,0.1404907281047648,4.596587086680405,4.5965979115219895,False,False,True,CONVERGENCE: RELATIVE REDUCTION OF F <= FACTR*EPSMCH,18,38,4,6,False,nan,nan,0,0,0,False,False,0.2685113470070064,9.49916890100576,0.5732572409324348,0.0,0.5732572409324348,10.340937488945201,0.0,10.340937488945201,10.963240234879777,4.576419856504681,cpu
12,795438795,-10.0,ccop_jvp_profiled_3d,False,,52e48856373a76d12405,performance,3,1.25,0.55,0.75,1.2504400430072056,0.5502873346487885,0.7479077566705461,0.00044004300720557055,0.00028733464878849535,-0.0020922433294539022,0.002157239253821717,5e-09,5.001259473794114e-09,1.2594737941136574e-12,0.0012594737941136573,0.0001895530386047308,9.604377863948993e-13,0.00013235165300655677,0.007593567146825896,4.354456647295501,4.354501357229455,False,False,True,CONVERGENCE: RELATIVE REDUCTION OF F <= FACTR*EPSMCH,13,18,3,6,True,3.4334981418873037e-10,0.0022211464167819113,24,19,4707,True,True,0.2663352738600224,9.458018662873656,0.47630985104478896,0.0792867080308497,0.5555965590756387,10.279950495809317,0.4404489891603589,10.720399484969676,10.73393437312916,4.356746644524118,numpy_cpu
12,795438795,-10.0,old_4d_jones_vp,False,,52e48856373a76d12405,performance,3,1.25,0.55,0.75,1.1942007208408754,0.5339791311877367,0.7356668732387774,-0.05579927915912464,-0.01602086881226339,-0.014333126761222559,0.05979687546127263,5e-09,4.810038928480601e-09,-1.899610715193993e-10,0.1899610715193993,0.049602739807237485,5.0008546498909454e-11,0.045799165228823345,0.1412569854671554,4.374760848196869,4.374793947196676,False,False,True,CONVERGENCE: RELATIVE REDUCTION OF F <= FACTR*EPSMCH,6,21,4,6,False,nan,nan,0,0,0,False,False,0.2663352738600224,9.458018662873656,0.4404489891603589,0.0,0.4404489891603589,10.164802925894037,0.0,10.164802925894037,10.73393437312916,4.356746644524118,cpu
13,2634590860,-10.0,ccop_jvp_profiled_3d,False,,6fe906c4406fa966afe9,performance,3,1.25,0.55,0.75,1.2501349662195873,0.549920978708522,0.7519788679482444,0.00013496621958730692,-7.902129147807635e-05,0.0019788679482444227,0.001985038690183555,5e-09,5.00301179128577e-09,3.0117912857702522e-12,0.0030117912857702523,0.0003383662790215778,1.910672023885808e-12,0.00015625576894097917,0.008048667794010249,4.14823716430645,4.148269672410808,False,False,True,CONVERGENCE: RELATIVE REDUCTION OF F <= FACTR*EPSMCH,19,24,3,6,True,4.28472157225423e-10,0.002071953318001175,20,25,6221,True,True,0.2710637371055782,9.212914740899578,0.6130591419059783,0.07895994000136852,0.6920190819073468,10.175997559912503,0.4668395819608122,10.642837141873315,10.656401238869876,4.145834339262496,numpy_cpu
13,2634590860,-10.0,old_4d_jones_vp,False,,6fe906c4406fa966afe9,performance,3,1.25,0.55,0.75,1.2460952707597313,0.5521708916294629,1.0546635969905707,-0.003904729240268745,0.0021708916294628233,0.30466359699057066,0.30469635214773994,5e-09,5.047551110075369e-09,4.7551110075369067e-11,0.047551110075369066,0.017445069847641093,2.5482807169237008e-11,0.053071515159490795,0.14833263632286295,4.169676358899042,4.169703599744808,True,False,True,CONVERGENCE: RELATIVE REDUCTION OF F <= FACTR*EPSMCH,13,24,4,6,False,nan,nan,0,0,0,False,False,0.2710637371055782,9.212914740899578,0.4668395819608122,0.0,0.4668395819608122,9.950818059965968,0.0,9.950818059965968,10.656401238869876,4.145834339262496,cpu
14,3257551814,-10.0,ccop_jvp_profiled_3d,False,,a9baa86001aa8d36a2e7,performance,3,1.25,0.55,0.75,1.250057271230523,0.5503473114408535,1.45,5.727123052290395e-05,0.00034731144085342613,0.7,0.7000000885037306,5e-09,5.040496841521056e-09,4.0496841521055693e-11,0.04049684152105569,0.01822886403411481,5.2366619658056514e-11,0.08647858522085719,0.08832762698151875,0.9097624144830633,0.9097638185880838,True,True,True,CONVERGENCE: NORM OF PROJECTED GRADIENT <= PGTOL,7,10,3,6,True,2.964264929930501e-11,0.000488707541137811,26,11,2755,True,True,0.267815062077716,9.639531442895532,0.29843695601448417,0.07869837200269103,0.3771353280171752,10.284481832990423,0.39468539599329233,10.679167228983715,10.692730823997408,0.9021620402625048,numpy_cpu
14,3257551814,-10.0,old_4d_jones_vp,False,,a9baa86001aa8d36a2e7,performance,3,1.25,0.55,0.75,1.2241848435947071,0.5520465393998452,1.45,-0.02581515640529286,0.0020465393998451153,0.7,0.7004788438088225,5e-09,4.963692085970157e-09,-3.630791402984346e-11,0.03630791402984346,0.018802916725952076,4.469044293428781e-11,0.10828434737717042,0.09883826574676509,0.9116547174110776,0.9116562014418088,True,True,True,CONVERGENCE: RELATIVE REDUCTION OF F <= FACTR*EPSMCH,9,15,4,6,False,nan,nan,0,0,0,False,False,0.267815062077716,9.639531442895532,0.39468539599329233,0.0,0.39468539599329233,10.30203190096654,0.0,10.30203190096654,10.692730823997408,0.9021620402625048,cpu
15,666460866,-10.0,ccop_jvp_profiled_3d,False,,f5970d03535acf675b58,performance,3,1.25,0.55,0.75,1.2499884636741851,0.5501862179033856,0.749238292298025,-1.1536325814853754e-05,0.0001862179033855771,-0.000761707701975034,0.0007842249789459106,5e-09,4.997513356083255e-09,-2.486643916745264e-12,0.002486643916745264,0.0001388578127786622,2.111410747621528e-12,8.040910239327872e-05,0.006355826087930726,5.025302517981659,5.025320570209589,False,False,True,CONVERGENCE: RELATIVE REDUCTION OF F <= FACTR*EPSMCH,12,16,3,6,True,1.6924894877712375e-10,0.002709703602064229,24,17,4233,True,True,0.27017433592118323,9.38223330094479,0.4349144089501351,0.07962482701987028,0.5145392359700054,10.166946872835979,0.393545257858932,10.56049213069491,10.574247926939279,5.023874668124298,numpy_cpu
15,666460866,-10.0,old_4d_jones_vp,False,,f5970d03535acf675b58,performance,3,1.25,0.55,0.75,1.2386891778359872,0.5513969570169996,0.7470101968482763,-0.011310822164012801,0.0013969570169996004,-0.0029898031517237023,0.011782406792303711,5e-09,4.963699100565187e-09,-3.6300899434813385e-11,0.036300899434813384,0.010488594697468477,3.455434889908054e-12,0.00649467074222675,0.057121284841713055,5.0285329544777495,5.028551008466252,False,False,True,CONVERGENCE: RELATIVE REDUCTION OF F <= FACTR*EPSMCH,6,15,4,6,False,nan,nan,0,0,0,False,False,0.27017433592118323,9.38223330094479,0.393545257858932,0.0,0.393545257858932,10.045952894724905,0.0,10.045952894724905,10.574247926939279,5.023874668124298,cpu
16,4165246433,-10.0,ccop_jvp_profiled_3d,False,,297bc485804c054bbaea,performance,3,1.25,0.55,0.75,1.249343988335897,0.5501916477012997,0.7501323086870131,-0.0006560116641030067,0.00019164770129964648,0.00013230868701308296,0.0006961219243148146,5e-09,4.99764000314866e-09,-2.359996851339873e-12,0.002359996851339873,0.000593707511819271,4.272644291781046e-13,4.614570900452076e-05,0.002564920227074308,1.4247792885943413,1.4247812105062918,False,False,True,CONVERGENCE: RELATIVE REDUCTION OF F <= FACTR*EPSMCH,14,19,3,6,True,3.0443128323934006e-11,0.0007735283043826051,24,20,4976,True,True,0.2657548461575061,9.29905029386282,0.5077876499854028,0.07716349908150733,0.5849511490669101,10.149756289087236,0.5910633290186524,10.740819618105888,10.75436460901983,1.425661434871535,numpy_cpu
16,4165246433,-10.0,old_4d_jones_vp,False,,297bc485804c054bbaea,performance,3,1.25,0.55,0.75,1.259140892543799,0.5491738373018586,0.7551832619150648,0.009140892543799017,-0.0008261626981413972,0.005183261915064796,0.01054061978164671,5e-09,5.0311461039238106e-09,3.114610392381048e-11,0.031146103923810477,0.00871823124371377,3.703486218188864e-12,0.00109231547609474,0.012479070674459724,1.424950477601203,1.4249525420074667,False,False,True,CONVERGENCE: RELATIVE REDUCTION OF F <= FACTR*EPSMCH,20,40,4,6,False,nan,nan,0,0,0,False,False,0.2657548461575061,9.29905029386282,0.5910633290186524,0.0,0.5910633290186524,10.155868469038978,0.0,10.155868469038978,10.75436460901983,1.425661434871535,cpu
17,3618397615,-10.0,ccop_jvp_profiled_3d,False,,4fb5687bb6e6af7db828,performance,3,1.25,0.55,0.75,1.2499212091699572,0.5501879841578171,0.7496617619781434,-7.879083004280751e-05,0.00018798415781706712,-0.00033823802185661833,0.00039490631536923386,5e-09,5.000226721622704e-09,2.2672162270417212e-13,0.00022672162270417212,0.0001513347590430605,7.119648418862243e-13,4.763905848545529e-05,0.004529730412224948,4.304211456554466,4.304219484713064,False,False,True,CONVERGENCE: RELATIVE REDUCTION OF F <= FACTR*EPSMCH,13,16,3,6,True,4.577993763031031e-10,0.0022713739324288365,21,17,4235,True,True,0.2696618700865656,9.353493192931637,0.43298171111382544,0.07855433411896229,0.5115360452327877,10.13469110825099,0.37934410804882646,10.514035216299817,10.527610084973276,4.307066146930643,numpy_cpu
17,3618397615,-10.0,old_4d_jones_vp,False,,4fb5687bb6e6af7db828,performance,3,1.25,0.55,0.75,1.3069645390932911,0.5650892927703911,0.7609138517223202,0.05696453909329113,0.01508929277039106,0.010913851722320178,0.0599312742217155,5e-09,5.171294221851771e-09,1.7129422185177069e-10,0.17129422185177068,0.050110949699085854,4.120621775267323e-11,0.16336917395437145,0.2652624810618541,4.374852282227176,4.374856844167249,False,False,True,CONVERGENCE: RELATIVE REDUCTION OF F <= FACTR*EPSMCH,5,13,4,6,False,nan,nan,0,0,0,False,False,0.2696618700865656,9.353493192931637,0.37934410804882646,0.0,0.37934410804882646,10.00249917106703,0.0,10.00249917106703,10.527610084973276,4.307066146930643,cpu
18,607131593,-10.0,ccop_jvp_profiled_3d,False,,095f9183b36373d2b4d6,performance,3,1.25,0.55,0.75,1.249420341647525,0.5499627722353255,0.750041778853916,-0.0005796583524750876,-3.722776467451894e-05,4.177885391598579e-05,0.0005823531443130771,5e-09,4.999091207660014e-09,-9.087923399859406e-13,0.0009087923399859406,0.000503909285086699,7.930623541700447e-13,6.346098667250183e-05,0.002093875121494013,0.6914597819053568,0.6914615168205837,False,False,True,CONVERGENCE: NORM OF PROJECTED GRADIENT <= PGTOL,13,17,3,6,True,5.89099985723979e-11,0.0003686518108762659,22,18,4454,True,True,0.26614840095862746,9.341166771017015,0.46204833895899355,0.07886277395300567,0.5409111129119992,10.148226284887642,0.378301716176793,10.526528001064435,10.540076786885038,0.6908674532650012,numpy_cpu
18,607131593,-10.0,old_4d_jones_vp,False,,095f9183b36373d2b4d6,performance,3,1.25,0.55,0.75,1.2139235045005776,0.5626942748280753,0.748440648354086,-0.03607649549942238,0.01269427482807528,-0.001559351645914031,0.03827649041495528,5e-09,4.879504227448203e-09,-1.204957725517969e-10,0.1204957725517969,0.03398625145018344,1.443910137928878e-11,0.03603010355769806,0.04989190904924486,0.6938794261999357,0.6938813111133386,False,False,True,CONVERGENCE: RELATIVE REDUCTION OF F <= FACTR*EPSMCH,8,13,4,6,False,nan,nan,0,0,0,False,False,0.26614840095862746,9.341166771017015,0.378301716176793,0.0,0.378301716176793,9.985616888152435,0.0,9.985616888152435,10.540076786885038,0.6908674532650012,cpu
19,2520533696,-10.0,ccop_jvp_profiled_3d,False,,df422399c7a07e6552ea,performance,3,1.25,0.55,0.75,1.250074179005589,0.550158519118411,0.7504091897924828,7.417900558892576e-05,0.00015851911841091582,0.0004091897924828336,0.0004450473256228828,5e-09,4.998651795227429e-09,-1.348204772571206e-12,0.001348204772571206,0.00011450561151971554,1.6455487607286835e-12,8.916538503076923e-05,0.0055212176623039315,3.4181990864832086,3.418214304347674,False,False,True,CONVERGENCE: RELATIVE REDUCTION OF F <= FACTR*EPSMCH,13,16,3,6,True,1.0290034785453278e-10,0.0018206804720489855,23,17,4235,True,True,0.2675552840810269,10.083872176939622,0.4498142930679023,0.07916807709261775,0.5289823701605201,10.880409831181169,0.6165801628958434,11.496989994077012,11.510575746186078,3.4187980530805437,numpy_cpu
19,2520533696,-10.0,old_4d_jones_vp,False,,df422399c7a07e6552ea,performance,3,1.25,0.55,0.75,1.2576912180293534,0.5461569720530125,0.7512658806678222,0.007691218029353353,-0.003843027946987543,0.0012658806678221834,0.00869057837209603,5e-09,5.025764663184312e-09,2.5764663184311796e-11,0.025764663184311795,0.007556828545280868,4.043025547612866e-12,0.002308241819615814,0.02809165826173596,3.418969869081498,3.4189852785528996,False,False,True,CONVERGENCE: RELATIVE REDUCTION OF F <= FACTR*EPSMCH,25,40,4,6,False,nan,nan,0,0,0,False,False,0.2675552840810269,10.083872176939622,0.6165801628958434,0.0,0.6165801628958434,10.968007623916492,0.0,10.968007623916492,11.510575746186078,3.4187980530805437,cpu
20,1953334482,-10.0,ccop_jvp_profiled_3d,False,,8f08ce16cc2f6d8c0022,performance,3,1.25,0.55,0.75,1.2504111693961453,0.5499608287432534,0.7500180416913724,0.00041116939614527226,-3.917125674668398e-05,1.8041691372427948e-05,0.0004134249173781866,5e-09,5.005013728627411e-09,5.013728627410857e-12,0.005013728627410857,0.00037008502107868473,3.78613494413501e-12,0.00010375648320186716,0.004122134775044929,1.6365069186515433,1.6365114385420438,False,False,True,CONVERGENCE: RELATIVE REDUCTION OF F <= FACTR*EPSMCH,10,15,3,6,True,1.7421261611436046e-10,0.0015542279924336156,22,16,3978,True,True,0.29941797791980207,9.529819486895576,0.4086787321139127,0.07859097886830568,0.4872697109822184,10.316507175797597,0.4438388349954039,10.760346010793,10.78207252197899,1.637680324088791,numpy_cpu
20,1953334482,-10.0,old_4d_jones_vp,False,,8f08ce16cc2f6d8c0022,performance,3,1.25,0.55,0.75,1.263752951613015,0.5465612761530896,0.7528937263106336,0.013752951613015041,-0.003438723846910463,0.00289372631063356,0.014468661020498635,5e-09,5.047773102546283e-09,4.777310254628308e-11,0.04777310254628308,0.012931700612676853,6.081544056007686e-12,0.006904419881634065,0.03362622873502107,1.6375718480928008,1.6375764933277235,False,False,True,CONVERGENCE: RELATIVE REDUCTION OF F <= FACTR*EPSMCH,6,21,4,6,False,nan,nan,0,0,0,False,False,0.29941797791980207,9.529819486895576,0.4438388349954039,0.0,0.4438388349954039,10.273076299810782,0.0,10.273076299810782,10.78207252197899,1.637680324088791,cpu
21,1157340362,-10.0,ccop_jvp_profiled_3d,False,,512b7eccd0e00ec8dab6,performance,3,1.25,0.55,0.75,1.7965927416421832,-0.26220807422414316,0.5473418713005278,0.5465927416421832,-0.8122080742241432,-0.2026581286994722,0.9997579197879762,5e-09,2.597818535547141e-09,-2.402181464452859e-09,2.4021814644528594,0.6125937506411034,4.245013009024409e-09,0.994743509529649,0.47959820898230404,2.5428860013491397,2.543005773101145,True,False,True,CONVERGENCE: NORM OF PROJECTED GRADIENT <= PGTOL,17,18,3,6,True,6.253245790078334e-11,9.430904132814779e-06,13,19,4377,True,True,0.26670816796831787,9.45125736715272,0.47083426895551383,0.07870368612930179,0.5495379550848156,10.267503490205854,0.34011978609487414,10.607623276300728,10.621186336036772,2.312298998239135,numpy_cpu
21,1157340362,-10.0,old_4d_jones_vp,False,,512b7eccd0e00ec8dab6,performance,3,1.25,0.55,0.75,1.7128073954506482,-0.26320439691776,0.3653277754198996,0.4628073954506482,-0.81320439691776,-0.3846722245801004,1.011664369647164,5e-09,2.43109400687074e-09,-2.56890599312926e-09,2.5689059931292597,0.5274511741988378,4.0601393043552906e-09,0.9983022983889012,0.48045534698913817,2.5437241881373525,2.5437556519615963,True,True,True,CONVERGENCE: RELATIVE REDUCTION OF F <= FACTR*EPSMCH,4,8,4,6,False,nan,nan,0,0,0,False,False,0.26670816796831787,9.45125736715272,0.34011978609487414,0.0,0.34011978609487414,10.058085321215913,0.0,10.058085321215913,10.621186336036772,2.312298998239135,cpu
22,2486019150,-10.0,ccop_jvp_profiled_3d,False,,851f3469b008f257f0ba,performance,3,1.25,0.55,0.75,1.249140180244794,0.5503023268060346,0.7498765365349269,-0.0008598197552061038,0.00030232680603459183,-0.00012346346507308148,0.0009197471045334222,5e-09,4.994397648315493e-09,-5.602351684506981e-12,0.005602351684506981,0.0008180748297022677,2.9046029557523594e-12,6.551047591840671e-05,0.00424860830979382,2.755201720775298,2.755205689234131,False,False,True,CONVERGENCE: RELATIVE REDUCTION OF F <= FACTR*EPSMCH,14,18,3,6,True,1.207960997542989e-10,0.0015844911083625582,25,19,4735,True,True,0.2682720760349184,9.30096524185501,0.478441643062979,0.07925602397881448,0.5576976670417935,10.126934984931722,0.39329477213323116,10.520229757064953,10.533793627051637,2.755387183040958,numpy_cpu
22,2486019150,-10.0,old_4d_jones_vp,False,,851f3469b008f257f0ba,performance,3,1.25,0.55,0.75,1.2980062649877633,0.5392559482149062,0.7601102006751395,0.04800626498776328,-0.010744051785093856,0.010110200675139458,0.05022202987263374,5e-09,5.156519624212384e-09,1.5651962421238393e-10,0.15651962421238394,0.044895228360192996,1.462667545628697e-11,0.028745495440714964,0.08899717394811378,2.7633364433971557,2.7633399376785683,False,False,True,CONVERGENCE: RELATIVE REDUCTION OF F <= FACTR*EPSMCH,6,15,4,6,False,nan,nan,0,0,0,False,False,0.2682720760349184,9.30096524185501,0.39329477213323116,0.0,0.39329477213323116,9.96253209002316,0.0,9.96253209002316,10.533793627051637,2.755387183040958,cpu
23,3565776097,-10.0,ccop_jvp_profiled_3d,False,,d61c746fd39edda703ad,performance,3,1.25,0.55,0.75,1.2502421821617742,0.549230652404418,1.45,0.00024218216177418483,-0.0007693475955820039,0.7,0.7000004646769331,5e-09,5.0359337899380435e-09,3.5933789938043373e-11,0.03593378993804337,0.018242842067734077,5.1104079654431e-11,0.12179694910674536,0.12075817106549247,1.212756249864782,1.2127568041449637,True,True,True,CONVERGENCE: RELATIVE REDUCTION OF F <= FACTR*EPSMCH,6,9,3,6,True,3.082877633363914e-11,0.0006687130893428101,23,10,2480,True,True,0.2710498650558293,9.372331795981154,0.27481379196979105,0.07876528520137072,0.35357907717116177,9.996960738208145,0.45718468981795013,10.454145428026095,10.46769926790148,1.1972825252217663,numpy_cpu
23,3565776097,-10.0,old_4d_jones_vp,False,,d61c746fd39edda703ad,performance,3,1.25,0.55,0.75,1.27179610305116,0.5440140091002499,1.45,0.021796103051159976,-0.00598599089975016,0.7,0.7003648350647458,5e-09,5.102023108359579e-09,1.0202310835957886e-10,0.10202310835957887,0.03401135275952655,5.542352147288325e-11,0.13384593127783945,0.12659043984084525,1.2141918850794657,1.2141925524433719,True,True,True,CONVERGENCE: RELATIVE REDUCTION OF F <= FACTR*EPSMCH,14,23,4,6,False,nan,nan,0,0,0,False,False,0.2710498650558293,9.372331795981154,0.45718468981795013,0.0,0.45718468981795013,10.100566350854933,0.0,10.100566350854933,10.46769926790148,1.1972825252217663,cpu
24,1017552053,-10.0,ccop_jvp_profiled_3d,False,,c7d59d3385c59363c718,performance,3,1.25,0.55,0.75,1.2504341848095448,0.5502587081495078,0.7516877425589361,0.0004341848095448242,0.0002587081495077914,0.0016877425589361117,0.0017617949088090349,5e-09,5.009002693979979e-09,9.002693979979165e-12,0.009002693979979165,0.0005435583595996442,7.311552599988899e-12,8.640824975870699e-05,0.0025095325988105984,0.7286971016659,0.7286978531344084,False,False,True,CONVERGENCE: RELATIVE REDUCTION OF F <= FACTR*EPSMCH,11,15,3,6,True,5.587077420345874e-11,0.000661970060441859,22,16,3976,True,True,0.2678510311525315,9.275583531009033,0.4226892141159624,0.07940352195873857,0.502092736074701,10.045527298236266,0.38150478014722466,10.42703207838349,10.440589406061918,0.7288371054939187,numpy_cpu
24,1017552053,-10.0,old_4d_jones_vp,False,,c7d59d3385c59363c718,performance,3,1.25,0.55,0.75,1.2863671171038191,0.5616604844453632,0.7604591958798985,0.036367117103819124,0.011660484445363162,0.01045919587989852,0.03959708174092551,5e-09,5.120828838474927e-09,1.208288384749272e-10,0.12082883847492719,0.032272313068640236,3.3195908037121464e-11,0.043999833625416054,0.056629242783001965,0.7317802954591902,0.7317809603583313,False,False,True,CONVERGENCE: RELATIVE REDUCTION OF F <= FACTR*EPSMCH,8,13,4,6,False,nan,nan,0,0,0,False,False,0.2678510311525315,9.275583531009033,0.38150478014722466,0.0,0.38150478014722466,9.92493934230879,0.0,9.92493934230879,10.440589406061918,0.7288371054939187,cpu
25,495786482,-10.0,ccop_jvp_profiled_3d,False,,ac30c9577527b42b29ad,performance,3,1.25,0.55,0.75,1.2500608864968192,0.5500269428500977,0.7507588894583007,6.088649681923464e-05,2.6942850097633197e-05,0.0007588894583007155,0.0007618046288821404,5e-09,5.00043712792725e-09,4.371279272498757e-13,0.0004371279272498757,0.00013128243882932648,1.1027026613198728e-13,3.3195392523307474e-05,0.0030633773319106716,2.8250719880535438,2.8250727528091995,False,False,True,CONVERGENCE: RELATIVE REDUCTION OF F <= FACTR*EPSMCH,10,14,3,6,True,2.743627312406836e-10,0.0014614968734774129,20,15,3699,True,True,0.2689068131148815,9.277017435058951,0.38551188400015235,0.0787097669672221,0.46422165096737444,10.010145899141207,0.5091419438831508,10.519287843024358,10.532859552884474,2.8269828926032656,numpy_cpu
25,495786482,-10.0,old_4d_jones_vp,False,,ac30c9577527b42b29ad,performance,3,1.25,0.55,0.75,1.2564577725852193,0.5510379751378377,0.755604034218255,0.00645777258521929,0.0010379751378376545,0.00560403421825495,0.008613095765667027,5e-09,5.01976787309864e-09,1.9767873098639718e-11,0.019767873098639716,0.006189107652497031,3.953959195344082e-12,0.002379371536909845,0.025935386309039885,2.825712198351314,2.8257130310652783,False,False,True,CONVERGENCE: RELATIVE REDUCTION OF F <= FACTR*EPSMCH,20,30,4,6,False,nan,nan,0,0,0,False,False,0.2689068131148815,9.277017435058951,0.5091419438831508,0.0,0.5091419438831508,10.055066192056984,0.0,10.055066192056984,10.532859552884474,2.8269828926032656,cpu
26,2384823148,-10.0,ccop_jvp_profiled_3d,False,,19dac44ca185318ba8b9,performance,3,1.25,0.55,0.75,1.250367105967192,0.5496338011799903,0.7510694025562595,0.00036710596719191635,-0.00036619882000976656,0.0010694025562595355,0.0011884823070870203,5e-09,5.000715321590123e-09,7.153215901225967e-13,0.0007153215901225966,0.0005047718049734183,1.0093734741331135e-12,5.705063961242275e-05,0.003056212439888794,1.6362216614233394,1.6362291657281363,False,False,False,STOP: TOTAL NO. OF ITERATIONS REACHED LIMIT,20,26,3,6,True,1.228817494554504e-10,0.0008347109107502258,20,27,6671,True,True,0.26769137801602483,9.52369491592981,0.6569529629778117,0.08018232719041407,0.7371352901682258,10.52852158411406,0.510553230997175,11.039074815111235,11.052642817841843,1.637218187418387,numpy_cpu
26,2384823148,-10.0,old_4d_jones_vp,False,,19dac44ca185318ba8b9,performance,3,1.25,0.55,0.75,1.0893172113065852,0.7003245977863889,0.9371302589428762,-0.1606827886934148,0.15032459778638885,0.18713025894287616,0.28884974830170795,5e-09,4.312904516816454e-09,-6.87095483183546e-10,0.687095483183546,0.16079217728260334,2.5032255256556277e-10,0.08221160179512196,0.11601652023559897,1.6494895180653464,1.649493984920935,True,False,True,CONVERGENCE: RELATIVE REDUCTION OF F <= FACTR*EPSMCH,12,30,4,6,False,nan,nan,0,0,0,False,False,0.26769137801602483,9.52369491592981,0.510553230997175,0.0,0.510553230997175,10.301939524943009,0.0,10.301939524943009,11.052642817841843,1.637218187418387,cpu
27,3468878064,-10.0,ccop_jvp_profiled_3d,False,,bde61e6d52f3113939a2,performance,3,1.25,0.55,0.75,1.250282475764863,0.5500197694302084,0.7501419059690791,0.000282475764862955,1.976943020831623e-05,0.000141905969079148,0.0003167344189790005,5e-09,5.003722492283633e-09,3.72249228363287e-12,0.00372249228363287,0.0002623866455993288,2.8606065687100394e-12,6.381652925644063e-05,0.0045305158905401075,3.2167587411051457,3.216761561638647,False,False,True,CONVERGENCE: RELATIVE REDUCTION OF F <= FACTR*EPSMCH,12,16,3,6,True,1.1462028034522384e-10,0.0015957463865240611,25,17,4243,True,True,0.26837494503706694,9.15461619803682,0.4332235180772841,0.07843804499134421,0.5116615630686283,9.934652706142515,0.3872038540430367,10.321856560185552,10.335412499960512,3.2163413575747093,numpy_cpu
27,3468878064,-10.0,old_4d_jones_vp,False,,bde61e6d52f3113939a2,performance,3,1.25,0.55,0.75,1.2132999773795279,0.5634176210187362,0.7449765400160283,-0.03670002262047212,0.013417621018736114,-0.00502345998397169,0.039397453780113244,5e-09,4.877373643217605e-09,-1.2262635678239515e-10,0.12262635678239515,0.035023047227458325,1.4549616853162952e-11,0.03256213404622228,0.10233813483924512,3.2273410021335143,3.2273435855212718,False,False,True,CONVERGENCE: RELATIVE REDUCTION OF F <= FACTR*EPSMCH,6,14,4,6,False,nan,nan,0,0,0,False,False,0.26837494503706694,9.15461619803682,0.3872038540430367,0.0,0.3872038540430367,9.810194997116923,0.0,9.810194997116923,10.335412499960512,3.2163413575747093,cpu
28,1456778205,-10.0,ccop_jvp_profiled_3d,False,,9d2f6525f6fee9781388,performance,3,1.25,0.55,0.75,1.2498578452521283,0.5502878541710126,0.750834587612984,-0.00014215474787171445,0.00028785417101251376,0.0008345876129840502,0.0008942060611839906,5e-09,4.994188502649245e-09,-5.81149735075522e-12,0.00581149735075522,0.00014625181275320067,5.548329283188471e-12,6.306194822482743e-05,0.003329671189555507,1.7598738911316822,1.7598759807828117,False,False,True,CONVERGENCE: RELATIVE REDUCTION OF F <= FACTR*EPSMCH,12,15,3,6,True,6.548260346659975e-11,0.0010148699913942953,24,16,4026,True,True,0.2678886961657554,9.132431940874085,0.4116526530124247,0.07943828497081995,0.49109093798324466,9.891411575023085,0.8370623860973865,10.728473961120471,10.742041936842725,1.7580665587796074,numpy_cpu
28,1456778205,-10.0,old_4d_jones_vp,False,,9d2f6525f6fee9781388,performance,3,1.25,0.55,0.75,1.2482545270171064,0.5500510536471548,0.7509715179442323,-0.0017454729828936255,5.105364715474181e-05,0.0009715179442323363,0.0019982816430285286,5e-09,4.989287384554611e-09,-1.0712615445388808e-11,0.010712615445388807,0.0014470092670183156,5.931583166202796e-12,0.00015404441248006493,0.005204040066602614,1.7598856003993026,1.759887678791657,False,False,True,CONVERGENCE: RELATIVE REDUCTION OF F <= FACTR*EPSMCH,49,72,4,6,False,nan,nan,0,0,0,False,False,0.2678886961657554,9.132431940874085,0.8370623860973865,0.0,0.8370623860973865,10.237383023137227,0.0,10.237383023137227,10.742041936842725,1.7580665587796074,cpu
29,3705980607,-10.0,ccop_jvp_profiled_3d,False,,6f1d248fa2b040b92842,performance,3,1.25,0.55,0.75,1.2497167180157922,0.5499506958308807,0.7519580395812411,-0.00028328198420779493,-4.930416911930191e-05,0.001958039581241078,0.0019790398139946518,5e-09,4.9932552597571925e-09,-6.744740242807641e-12,0.00674474024280764,5.587199571220856e-05,6.6111422794627304e-12,9.606082613012622e-05,0.0046661507122618875,2.2682457631266946,2.2682484773156735,False,False,True,CONVERGENCE: RELATIVE REDUCTION OF F <= FACTR*EPSMCH,11,14,3,6,True,1.3567757147058498e-10,0.0013305106740934209,24,15,3745,True,True,0.2686379090882838,9.373934648931026,0.38910456490702927,0.07901499606668949,0.46811956097371876,10.110692118993029,0.3944219530094415,10.50511407200247,10.518678537104279,2.2665808057956727,numpy_cpu
29,3705980607,-10.0,old_4d_jones_vp,False,,6f1d248fa2b040b92842,performance,3,1.25,0.55,0.75,1.2094729686032617,0.541263809873252,0.7432886159345714,-0.0405270313967383,-0.008736190126748089,-0.006711384065428594,0.04199766621892926,5e-09,4.862677656393844e-09,-1.373223436061561e-10,0.1373223436061561,0.03577891141886388,3.275264848671143e-11,0.04030179078763051,0.09557576337044706,2.2771508751090774,2.2771539628394404,False,False,True,CONVERGENCE: RELATIVE REDUCTION OF F <= FACTR*EPSMCH,8,15,4,6,False,nan,nan,0,0,0,False,False,0.2686379090882838,9.373934648931026,0.3944219530094415,0.0,0.3944219530094415,10.036994511028752,0.0,10.036994511028752,10.518678537104279,2.2665808057956727,cpu
30,1122580844,-10.0,ccop_jvp_profiled_3d,False,,35626ff7c946bed91f57,performance,3,1.25,0.55,0.75,1.2502596299998328,0.5498149270575093,0.7496457208472089,0.0002596299998327556,-0.00018507294249070494,-0.0003542791527910705,0.0004766271592740841,5e-09,5.00226360915143e-09,2.263609151430258e-12,0.0022636091514302583,0.00022852512120363078,1.5449476625019048e-12,5.099797956217135e-05,0.0034014858071768446,2.2722006796890164,2.2722076443729087,False,False,True,CONVERGENCE: RELATIVE REDUCTION OF F <= FACTR*EPSMCH,12,17,3,6,True,4.4936639947009674e-11,0.00114906508205882,23,18,4476,True,True,0.2713022939860821,9.379902915097773,0.45344182290136814,0.07870973693206906,0.5321515598334372,10.183356768917292,0.37727461592294276,10.560631384840235,10.574163852026686,2.2687380550675442,numpy_cpu
30,1122580844,-10.0,old_4d_jones_vp,False,,35626ff7c946bed91f57,performance,3,1.25,0.55,0.75,1.2090575388036706,0.5382346304565179,0.73781342813726,-0.04094246119632938,-0.011765369543482174,-0.01218657186273997,0.044308256375909905,5e-09,4.876854980008762e-09,-1.2314501999123776e-10,0.12314501999123775,0.036551224376171115,3.02227560666606e-11,0.07694515912745878,0.13212433941772186,2.289550454823607,2.2895572427342454,False,False,True,CONVERGENCE: RELATIVE REDUCTION OF F <= FACTR*EPSMCH,5,13,4,6,False,nan,nan,0,0,0,False,False,0.2713022939860821,9.379902915097773,0.37727461592294276,0.0,0.37727461592294276,10.028479825006798,0.0,10.028479825006798,10.574163852026686,2.2687380550675442,cpu
31,1327027453,-10.0,ccop_jvp_profiled_3d,False,,06e970d888c0fd2abada,performance,3,1.25,0.55,0.75,1.2506435474817508,0.5498572687434484,0.7507360617115542,0.0006435474817507725,-0.00014273125655162033,0.000736061711554159,0.0009880852271340783,5e-09,4.999758599350257e-09,-2.414006497429501e-13,0.00024140064974295013,0.0006650282140165465,2.4586695178335663e-12,5.813956834730313e-05,0.004661928820670904,3.7391746272862325,3.7391837158791326,False,False,True,CONVERGENCE: RELATIVE REDUCTION OF F <= FACTR*EPSMCH,9,14,3,6,True,3.1366988019322484e-10,0.0019739958191725615,21,15,3705,True,True,0.2726881429553032,9.412847372936085,0.3882609868887812,0.078599191037938,0.4668601779267192,10.152395693818107,0.3760077841579914,10.528403477976099,10.541948434896767,3.7381736649941963,numpy_cpu
31,1327027453,-10.0,old_4d_jones_vp,False,,06e970d888c0fd2abada,performance,3,1.25,0.55,0.75,1.2318004529928763,0.5537406067097103,0.7468330246647338,-0.018199547007123673,0.0037406067097102147,-0.00316697533526622,0.018847954334500545,5e-09,4.936717934564786e-09,-6.328206543521426e-11,0.06328206543521427,0.016928058744363147,8.386748387423483e-12,0.005925527793180148,0.04706447911924378,3.7415437575399717,3.7415530695436514,False,False,True,CONVERGENCE: RELATIVE REDUCTION OF F <= FACTR*EPSMCH,6,12,4,6,False,nan,nan,0,0,0,False,False,0.2726881429553032,9.412847372936085,0.3760077841579914,0.0,0.3760077841579914,10.06154330004938,0.0,10.06154330004938,10.541948434896767,3.7381736649941963,cpu
32,1372647326,-10.0,ccop_jvp_profiled_3d,False,,b8765aae333ef88a7b99,performance,3,1.25,0.55,0.75,1.250258778155105,0.5497653974112772,0.7518621619474729,0.0002587781551051105,-0.00023460258872287643,0.0018621619474729068,0.001894637597750865,5e-09,5.006472238365148e-09,6.472238365148171e-12,0.006472238365148171,0.0004626883062041294,4.968093897557781e-12,0.030327362812383733,0.10923351690446717,3.9388505517228665,3.950524466096903,False,False,True,CONVERGENCE: NORM OF PROJECTED GRADIENT <= PGTOL,15,34,3,6,True,1.319681624413798e-10,0.0034464785699865556,23,35,8409,True,True,0.2690481781028211,9.23166739102453,0.8315040958113968,0.07864167587831616,0.910145771689713,10.410861340817064,0.516949012177065,10.927810352994129,10.941373480018228,3.934387994476821,numpy_cpu
32,1372647326,-10.0,old_4d_jones_vp,False,,b8765aae333ef88a7b99,performance,3,1.25,0.55,0.75,1.8849251602434705,0.19841070548619502,0.7057467117687221,0.6349251602434705,-0.35158929451380505,-0.04425328823127794,0.7271198970226247,5e-09,1e-08,5e-09,5.0,0.5987293395469492,3.076864779258829e-09,0.9976486777607306,0.6265091364447518,4.318465726147962,4.3185073683417965,True,False,True,CONVERGENCE: RELATIVE REDUCTION OF F <= FACTR*EPSMCH,11,31,4,6,False,nan,nan,0,0,0,False,False,0.2690481781028211,9.23166739102453,0.516949012177065,0.0,0.516949012177065,10.017664581304416,0.0,10.017664581304416,10.941373480018228,3.934387994476821,cpu
33,680502834,-10.0,ccop_jvp_profiled_3d,False,,3bd198cd98760eb4ea49,performance,3,1.25,0.55,0.75,1.2506537233417727,0.548969275773009,1.45,0.0006537233417727162,-0.00103072422699102,0.7,0.7000010641039338,5e-09,5.031410109500173e-09,3.141010950017309e-11,0.03141010950017309,0.01845986031961083,5.110079767805243e-11,0.08234273651512015,0.11681105341431834,1.672713640688389,1.6727149191840844,True,True,True,CONVERGENCE: NORM OF PROJECTED GRADIENT <= PGTOL,8,11,3,6,True,1.7602534597475794e-10,0.0010130850576677063,22,12,2972,True,True,0.27587045286782086,11.221761381952092,0.35891492082737386,0.07716632611118257,0.43608124693855643,11.93371308175847,0.481627956032753,12.415341037791222,12.428953207097948,1.6570766016814786,numpy_cpu
33,680502834,-10.0,old_4d_jones_vp,False,,3bd198cd98760eb4ea49,performance,3,1.25,0.55,0.75,1.2578853351404988,0.547019090931705,1.45,0.007885335140498828,-0.002980909068295068,0.7,0.7000507583948119,5e-09,5.054388271188645e-09,5.438827118864469e-11,0.054388271188644685,0.02312931339195143,5.236324144645187e-11,0.08410497115092458,0.11805438567850476,1.673027570624908,1.6730289040367958,True,True,True,CONVERGENCE: RELATIVE REDUCTION OF F <= FACTR*EPSMCH,8,13,4,6,False,nan,nan,0,0,0,False,False,0.27587045286782086,11.221761381952092,0.481627956032753,0.0,0.481627956032753,11.979259790852666,0.0,11.979259790852666,12.428953207097948,1.6570766016814786,cpu
34,605831450,-10.0,ccop_jvp_profiled_3d,False,,8754e384ece52e6f7025,performance,3,1.25,0.55,0.75,1.2507678929893984,0.5497118364215079,1.45,0.0007678929893983888,-0.000288163578492151,0.7,0.7000004804983287,5e-09,5.0284885338183775e-09,2.8488533818377417e-11,0.028488533818377418,0.018578290281964588,5.1856768993207534e-11,0.025484723957390047,0.04631124167636308,0.8427957881219177,0.84279651680149,True,True,True,CONVERGENCE: RELATIVE REDUCTION OF F <= FACTR*EPSMCH,7,10,3,6,True,3.039551444166733e-11,0.0005806497936336612,26,11,2747,True,True,0.29154990590177476,9.54176374594681,0.2985651141498238,0.07962259207852185,0.37818770622834563,10.21150135807693,0.3710720301605761,10.582573388237506,10.625270288903266,0.8415751762477238,numpy_cpu
34,605831450,-10.0,old_4d_jones_vp,False,,8754e384ece52e6f7025,performance,3,1.25,0.55,0.75,1.243546507286555,0.54783962332188,1.45,-0.006453492713444975,-0.0021603766781200795,0.7,0.7000330812151622,5e-09,5.006068419959913e-09,6.068419959912505e-12,0.006068419959912505,0.014989732403695881,4.862603961326831e-11,0.026812351294766813,0.04750222022864745,0.842902598923655,0.8429033728247357,True,True,True,CONVERGENCE: RELATIVE REDUCTION OF F <= FACTR*EPSMCH,7,12,4,6,False,nan,nan,0,0,0,False,False,0.29154990590177476,9.54176374594681,0.3710720301605761,0.0,0.3710720301605761,10.20438568200916,0.0,10.20438568200916,10.625270288903266,0.8415751762477238,cpu
35,2353888381,-10.0,ccop_jvp_profiled_3d,False,,61190fecd1935aa10b08,performance,3,1.25,0.55,0.75,1.249926086675245,0.5502205071229805,0.7491083622489779,-7.391332475492618e-05,0.00022050712298049557,-0.0008916377510220785,0.0009214686375070899,5e-09,4.998801801735446e-09,-1.1981982645541896e-12,0.0011981982645541897,0.00020855022872180674,6.313779033968537e-13,4.190287857679089e-05,0.004897479081121166,5.737742676407885,5.737749887430097,False,False,True,CONVERGENCE: RELATIVE REDUCTION OF F <= FACTR*EPSMCH,13,20,3,6,True,5.42517950610586e-10,0.0030563670564526368,21,21,5213,True,True,0.2729513661470264,9.444159650010988,0.5197397989686579,0.08124053105711937,0.6009803300257772,10.318091346183792,0.5419263779185712,10.860017724102363,10.873577926075086,5.724022349935747,numpy_cpu
35,2353888381,-10.0,old_4d_jones_vp,False,,61190fecd1935aa10b08,performance,3,1.25,0.55,0.75,1.2539522988353418,0.5470427935693669,0.7637148344083177,0.003952298835341761,-0.0029572064306331303,0.013714834408317667,0.014576090655755266,5e-09,5.0192219001895085e-09,1.9221900189508368e-11,0.019221900189508367,0.005406211695964445,3.794171607250771e-12,0.0006230840449264261,0.018885303807583353,5.738111450553807,5.738118429928689,False,False,True,CONVERGENCE: RELATIVE REDUCTION OF F <= FACTR*EPSMCH,17,34,4,6,False,nan,nan,0,0,0,False,False,0.2729513661470264,9.444159650010988,0.5419263779185712,0.0,0.5419263779185712,10.259037394076586,0.0,10.259037394076586,10.873577926075086,5.724022349935747,cpu
36,983570348,-10.0,ccop_jvp_profiled_3d,False,,cb905bd22c4b6f7b3c76,performance,3,1.25,0.55,0.75,1.2506744678519892,0.5499740719234282,1.45,0.0006744678519892133,-2.5928076571868353e-05,0.7,0.7000003254136018,5e-09,5.009500646732037e-09,9.5006467320371e-12,0.0095006467320371,0.018544723706678253,5.7183162426283186e-11,0.040925993128119315,0.06448383986909541,1.0199109830080106,1.0199127309243523,True,True,True,CONVERGENCE: RELATIVE REDUCTION OF F <= FACTR*EPSMCH,7,11,3,6,True,2.176997676778464e-11,0.000856651363852952,24,12,2982,True,True,0.2715036428999156,9.30569975497201,0.31898824498057365,0.07860089605674148,0.39758914103731513,9.974792538909242,0.511342064011842,10.486134602921084,10.499711821088567,1.0160206964913316,numpy_cpu
36,983570348,-10.0,old_4d_jones_vp,False,,cb905bd22c4b6f7b3c76,performance,3,1.25,0.55,0.75,1.2497428577979781,0.5491676164900964,1.45,-0.0002571422020218872,-0.0008323835099036669,0.7,0.7000005421315183,5e-09,5.007008049188998e-09,7.008049188997963e-12,0.007008049188997964,0.01795874769362249,5.650690491032727e-11,0.04112808191598229,0.06464285144826845,1.0199281363465649,1.0199298700332324,True,True,True,CONVERGENCE: RELATIVE REDUCTION OF F <= FACTR*EPSMCH,19,30,4,6,False,nan,nan,0,0,0,False,False,0.2715036428999156,9.30569975497201,0.511342064011842,0.0,0.511342064011842,10.088545461883768,0.0,10.088545461883768,10.499711821088567,1.0160206964913316,cpu
37,286724587,-10.0,ccop_jvp_profiled_3d,False,,85447a8acccbf8659905,performance,3,1.25,0.55,0.75,1.2495490030291,0.5501856991343339,0.7491386039627593,-0.0004509969708998973,0.00018569913433386098,-0.0008613960372406693,0.0009898916957057256,5e-09,4.99766932879808e-09,-2.3306712019197114e-12,0.0023306712019197113,0.0005166776310358415,6.573652794590374e-13,5.292546882313288e-05,0.0037436633976063566,2.6420846178929325,2.6420889340051614,False,False,True,CONVERGENCE: NORM OF PROJECTED GRADIENT <= PGTOL,14,18,3,6,True,2.243256726759437e-10,0.0014415454180556658,21,19,4729,True,True,0.26789773302152753,9.4471207507886,0.4779161380138248,0.07898932881653309,0.5569054668303579,10.271923950640485,0.5446376900654286,10.816561640705913,10.830115674063563,2.6480664123001234,numpy_cpu
37,286724587,-10.0,old_4d_jones_vp,False,,85447a8acccbf8659905,performance,3,1.25,0.55,0.75,1.2788976197344364,0.5590602207266646,0.7827937735934288,0.028897619734436386,0.00906022072666457,0.03279377359342883,0.04463845441353273,5e-09,5.1079442157247784e-09,1.0794421572477834e-10,0.10794421572477834,0.02809443701291861,2.9416356215502e-11,0.024858730262752926,0.08113419048787306,2.6488103635146785,2.6488148568848553,False,False,True,CONVERGENCE: RELATIVE REDUCTION OF F <= FACTR*EPSMCH,20,34,4,6,False,nan,nan,0,0,0,False,False,0.26789773302152753,9.4471207507886,0.5446376900654286,0.0,0.5446376900654286,10.259656173875555,0.0,10.259656173875555,10.830115674063563,2.6480664123001234,cpu
38,1881511804,-10.0,ccop_jvp_profiled_3d,False,,a61b1b413bcbc188e15e,performance,3,1.25,0.55,0.75,1.250758040279297,0.5498920603616823,0.7506885785760242,0.0007580402792970453,-0.00010793963831778886,0.0006885785760242236,0.0010297652576759739,5e-09,5.000848879815215e-09,8.4887981521491e-13,0.00084887981521491,0.0007557709664922671,1.6782653061525853e-12,6.339191375774346e-05,0.0037676032212105894,2.240740674594013,2.2407416192754024,False,False,True,CONVERGENCE: RELATIVE REDUCTION OF F <= FACTR*EPSMCH,14,17,3,6,True,7.650338446221511e-11,0.0011443056207165682,23,18,4480,True,True,0.2687017701100558,9.638812695164233,0.456030905013904,0.07893024990335107,0.534961154917255,10.442475620191544,0.3806007888633758,10.82307640905492,10.836641159141436,2.2392184098941987,numpy_cpu
38,1881511804,-10.0,old_4d_jones_vp,False,,a61b1b413bcbc188e15e,performance,3,1.25,0.55,0.75,1.2479781054948695,0.5502504051850277,0.7483293557482849,-0.0020218945051304615,0.00025040518502761344,-0.0016706442517151476,0.0026347319336802242,5e-09,4.9910084086715925e-09,-8.991591328407641e-12,0.008991591328407642,0.0019937410631252826,2.4644936099370283e-12,0.00012670774186152145,0.0053265965517621085,2.240772084850285,2.240773037942844,False,False,True,CONVERGENCE: RELATIVE REDUCTION OF F <= FACTR*EPSMCH,7,13,4,6,False,nan,nan,0,0,0,False,False,0.2687017701100558,9.638812695164233,0.3806007888633758,0.0,0.3806007888633758,10.288115254137665,0.0,10.288115254137665,10.836641159141436,2.2392184098941987,cpu
39,2130163541,-10.0,ccop_jvp_profiled_3d,False,,bb9f656d0909c398b1cf,performance,3,1.25,0.55,0.75,1.2498733153966024,0.5501196762800916,1.45,-0.00012668460339759768,0.00011967628009157405,0.7,0.7000000216938573,5e-09,5.047365066897628e-09,4.736506689762827e-11,0.047365066897628275,0.01810792683476575,5.382248446316357e-11,0.10808286301781482,0.1071599044077603,1.0728374285679034,1.0728394750264982,True,True,True,CONVERGENCE: NORM OF PROJECTED GRADIENT <= PGTOL,6,9,3,6,True,2.933114773989632e-11,0.0005095279289934018,23,10,2482,True,True,0.27125761890783906,9.356061482103541,0.27505800407379866,0.07970890798605978,0.35476691205985844,9.982086013071239,0.4015651987865567,10.383651211857796,10.397214849945158,1.062448272746784,numpy_cpu
39,2130163541,-10.0,old_4d_jones_vp,False,,bb9f656d0909c398b1cf,performance,3,1.25,0.55,0.75,1.2725814796436787,0.5436001251446256,1.45,0.022581479643678737,-0.00639987485537441,0.7,0.7003933763400838,5e-09,5.119363517332127e-09,1.193635173321273e-10,0.11936351733212731,0.03467737600730825,5.818261003428091e-11,0.12469154613753212,0.11509922580970966,1.074614043741313,1.0746160443322978,True,True,True,CONVERGENCE: RELATIVE REDUCTION OF F <= FACTR*EPSMCH,7,16,4,6,False,nan,nan,0,0,0,False,False,0.27125761890783906,9.356061482103541,0.4015651987865567,0.0,0.4015651987865567,10.028884299797937,0.0,10.028884299797937,10.397214849945158,1.062448272746784,cpu
40,1671808693,-10.0,ccop_jvp_profiled_3d,False,,5e3e994b7d11e0120151,performance,3,1.25,0.55,0.75,1.2496140693582558,0.5502020675106313,0.7508538106114895,-0.0003859306417441921,0.00020206751063123196,0.0008538106114894806,0.0009585229780145219,5e-09,5.000681578326657e-09,6.815783266566847e-13,0.0006815783266566847,0.0002891630324479553,1.6361582201033498e-12,4.1164791641691356e-05,0.0024520184272561456,1.4577943023548832,1.4577958939287665,False,False,True,CONVERGENCE: RELATIVE REDUCTION OF F <= FACTR*EPSMCH,13,17,3,6,True,4.3935940130053996e-11,0.0007599660130983424,23,18,4474,True,True,0.2689837240613997,9.633632892044261,0.4539565141312778,0.07894316385500133,0.5328996779862791,10.43551629409194,0.3972557031083852,10.832771997200325,10.846338498871773,1.4605671807930025,numpy_cpu
40,1671808693,-10.0,old_4d_jones_vp,False,,5e3e994b7d11e0120151,performance,3,1.25,0.55,0.75,1.2167528715999798,0.5569070319687847,0.7497940301540884,-0.0332471284000202,0.006907031968784616,-0.00020596984591159107,0.03395763626995653,5e-09,4.894275417298365e-09,-1.0572458270163522e-10,0.10572458270163522,0.0303667106384524,9.278775236124443e-12,0.019729624277714963,0.05368094793258366,1.4606056140572483,1.4606073873471062,False,False,True,CONVERGENCE: RELATIVE REDUCTION OF F <= FACTR*EPSMCH,7,15,4,6,False,nan,nan,0,0,0,False,False,0.2689837240613997,9.633632892044261,0.3972557031083852,0.0,0.3972557031083852,10.299872319214046,0.0,10.299872319214046,10.846338498871773,1.4605671807930025,cpu
41,1052834405,-10.0,ccop_jvp_profiled_3d,False,,60e163a18b2436ef044e,performance,3,1.25,0.55,0.75,1.25012782621819,0.5500699696542874,0.7493308028079023,0.00012782621819007467,6.996965428740509e-05,-0.0006691971920976814,0.0006848796803010706,5e-09,4.995395872823997e-09,-4.604127176003484e-12,0.004604127176003484,4.786936341195092e-05,4.7144672193819704e-12,6.211261741359921e-05,0.0054730116889188775,4.820867883602769,4.820874933682312,False,False,True,CONVERGENCE: RELATIVE REDUCTION OF F <= FACTR*EPSMCH,11,15,3,6,True,1.3380068599227348e-10,0.0026977724987058346,23,16,3976,True,True,0.27003001305274665,9.406242679106072,0.40909152501262724,0.07930498500354588,0.4883965100161731,10.164669202174991,0.38651912193745375,10.551188324112445,10.564769680146128,4.822507598993001,numpy_cpu
41,1052834405,-10.0,old_4d_jones_vp,False,,60e163a18b2436ef044e,performance,3,1.25,0.55,0.75,1.2568673083293873,0.5452377886752441,0.7503319527942078,0.006867308329387312,-0.0047622113247559605,0.00033195279420783486,0.008363538309237823,5e-09,5.0201879703874444e-09,2.018797038744433e-11,0.02018797038744433,0.0069670804777784544,5.811633406511777e-12,0.0019649500217611728,0.030783090182086494,4.821768942447172,4.821776241035574,False,False,True,CONVERGENCE: RELATIVE REDUCTION OF F <= FACTR*EPSMCH,6,14,4,6,False,nan,nan,0,0,0,False,False,0.27003001305274665,9.406242679106072,0.38651912193745375,0.0,0.38651912193745375,10.062791814096272,0.0,10.062791814096272,10.564769680146128,4.822507598993001,cpu
42,4028604297,-10.0,ccop_jvp_profiled_3d,False,,4eeca731f2fc503f7844,performance,3,1.25,0.55,0.75,1.2501671011901714,0.5500831276920805,0.7502788337648857,0.00016710119017138148,8.312769208040915e-05,0.0002788337648856887,0.0003355313538071145,5e-09,4.996567142086769e-09,-3.4328579132307086e-12,0.0034328579132307086,0.0001714489928921501,3.978939332839652e-12,8.869128578548663e-05,0.0065457931190115335,4.820098876620461,4.820101325816469,False,False,True,CONVERGENCE: RELATIVE REDUCTION OF F <= FACTR*EPSMCH,14,19,3,6,True,1.759551939776718e-10,0.002651198864315597,23,20,4996,True,True,0.2715909138787538,9.341616997029632,0.5046174149028957,0.07899353303946555,0.5836109479423612,10.196818858850747,0.5870297418441623,10.78384860069491,10.797427671961486,4.8310729940855595,numpy_cpu
42,4028604297,-10.0,old_4d_jones_vp,False,,4eeca731f2fc503f7844,performance,3,1.25,0.55,0.75,1.272657101131662,0.5579503379425904,0.7592133218756651,0.022657101131662083,0.007950337942590369,0.009213321875665148,0.025718425400408272,5e-09,5.0699974880715825e-09,6.999748807158241e-11,0.06999748807158242,0.02036515653821428,1.9373406456719182e-11,0.01843206230885483,0.09436452640988062,4.82879423626131,4.8287968617051,False,False,True,CONVERGENCE: RELATIVE REDUCTION OF F <= FACTR*EPSMCH,15,40,4,6,False,nan,nan,0,0,0,False,False,0.2715909138787538,9.341616997029632,0.5870297418441623,0.0,0.5870297418441623,10.200237652752548,0.0,10.200237652752548,10.797427671961486,4.8310729940855595,cpu
43,1419952921,-10.0,ccop_jvp_profiled_3d,False,,d028429f447fd53cd312,performance,3,1.25,0.55,0.75,1.2500617223984014,0.5499846408531799,0.7510171262643,6.172239840140925e-05,-1.5359146820159708e-05,0.0010171262642999501,0.0010191130434766486,5e-09,5.003496939230561e-09,3.49693923056058e-12,0.0034969392305605803,0.00016367244313791188,2.9623824223871153e-12,7.18572426402104e-05,0.006079435740377706,5.143887743505014,5.143896142093177,False,False,True,CONVERGENCE: RELATIVE REDUCTION OF F <= FACTR*EPSMCH,11,17,3,6,True,4.880851889615457e-10,0.0025554585346772006,24,18,4474,True,True,0.27137109404429793,9.182940328959376,0.4547618960496038,0.07916506985202432,0.5339269659016281,9.988238388905302,0.4021965810097754,10.390434969915077,10.403995053144172,5.1434674590059855,numpy_cpu
43,1419952921,-10.0,old_4d_jones_vp,False,,d028429f447fd53cd312,performance,3,1.25,0.55,0.75,1.209444216973175,0.5692018275660208,0.7407828275805342,-0.040555783026825054,0.019201827566020735,-0.009217172419465847,0.04580871081141956,5e-09,4.859665826768368e-09,-1.4033417323163194e-10,0.14033417323163194,0.039950324449855086,2.1132176407479637e-11,0.041071993443826005,0.14534526540442436,5.165083642292271,5.165089691790747,False,False,True,CONVERGENCE: RELATIVE REDUCTION OF F <= FACTR*EPSMCH,7,16,4,6,False,nan,nan,0,0,0,False,False,0.27137109404429793,9.182940328959376,0.4021965810097754,0.0,0.4021965810097754,9.856508004013449,0.0,9.856508004013449,10.403995053144172,5.1434674590059855,cpu
44,3890653440,-10.0,ccop_jvp_profiled_3d,False,,7575a9b2caff66e2286e,performance,3,1.25,0.55,0.75,1.2499685198383663,0.5499536099314094,0.7498058809714572,-3.148016163367906e-05,-4.639006859064043e-05,-0.00019411902854282737,0.00020205255821874148,5e-09,4.999903349329095e-09,-9.665067090489171e-14,9.66506709048917e-05,4.7629482902177644e-05,9.225225957886586e-14,4.56671345061621e-05,0.002633857329685023,1.5173301206615544,1.5173334735515722,False,False,True,CONVERGENCE: RELATIVE REDUCTION OF F <= FACTR*EPSMCH,14,17,3,6,True,5.6643714997720306e-11,0.0008054031159494675,22,18,4452,True,True,0.2678445049095899,9.363350497093052,0.45557031803764403,0.07831027405336499,0.533880592091009,10.16507559409365,0.3637700490653515,10.528845643159002,10.54239486111328,1.5190802988086476,numpy_cpu
44,3890653440,-10.0,old_4d_jones_vp,False,,7575a9b2caff66e2286e,performance,3,1.25,0.55,0.75,1.2670108245777019,0.5485474174823965,0.7508015459765233,0.017010824577701866,-0.0014525825176034957,0.0008015459765232658,0.017091536640579566,5e-09,5.052221731451327e-09,5.2221731451326544e-11,0.052221731451326546,0.015288038654379435,5.032856128631426e-12,0.004971986269078267,0.027482442372001585,1.5180748071695995,1.5180778470403147,False,False,True,CONVERGENCE: RELATIVE REDUCTION OF F <= FACTR*EPSMCH,5,11,4,6,False,nan,nan,0,0,0,False,False,0.2678445049095899,9.363350497093052,0.3637700490653515,0.0,0.3637700490653515,9.994965051067993,0.0,9.994965051067993,10.54239486111328,1.5190802988086476,cpu
45,4183453817,-10.0,ccop_jvp_profiled_3d,False,,2a59fdf1eacc03cddb6a,performance,3,1.25,0.55,0.75,1.250101935210099,0.5497362795336075,0.7484782405077323,0.00010193521009904671,-0.00026372046639255853,-0.001521759492267738,0.0015478020622027898,5e-09,5.004429000400809e-09,4.429000400808552e-12,0.004429000400808552,0.00012549498304877352,4.536463340707128e-12,0.00011746380955687912,0.008524856027932319,6.181315136976454,6.181341831246337,False,False,True,CONVERGENCE: NORM OF PROJECTED GRADIENT <= PGTOL,12,17,3,6,True,4.746578109983669e-10,0.0029783858097818827,22,18,4458,True,True,0.2678014189004898,9.410954831168056,0.45475910999812186,0.07921987911686301,0.5339789891149849,10.21273523918353,0.38896546117030084,10.601700700353831,10.615281951148063,6.186856238625868,numpy_cpu
45,4183453817,-10.0,old_4d_jones_vp,False,,2a59fdf1eacc03cddb6a,performance,3,1.25,0.55,0.75,1.2107845682954603,0.5410611844093943,0.7335024358859119,-0.03921543170453967,-0.00893881559060572,-0.016497564114088092,0.043473234635056986,5e-09,4.877547896465905e-09,-1.224521035340948e-10,0.12245210353409482,0.03564961281829626,2.656812105324272e-11,0.09694707899865262,0.24490766433890346,6.240495907651563,6.240516997595062,False,False,True,CONVERGENCE: RELATIVE REDUCTION OF F <= FACTR*EPSMCH,7,14,4,6,False,nan,nan,0,0,0,False,False,0.2678014189004898,9.410954831168056,0.38896546117030084,0.0,0.38896546117030084,10.067721711238846,0.0,10.067721711238846,10.615281951148063,6.186856238625868,cpu
46,2935528983,-10.0,ccop_jvp_profiled_3d,False,,b39cbd612119a98f7fec,performance,3,1.25,0.55,0.75,1.2489852342279808,0.5507669491820074,1.3784850765766812,-0.0010147657720191994,0.0007669491820073704,0.6284850765766812,0.6284863637663244,5e-09,4.997758018330694e-09,-2.241981669306223e-12,0.002241981669306223,0.019471387353058218,6.650603669225396e-11,0.014615117046171933,0.07295606937872971,3.639055134189122,3.639224448762765,True,False,True,CONVERGENCE: RELATIVE REDUCTION OF F <= FACTR*EPSMCH,10,15,3,6,True,3.024877420853406e-10,0.001976282800083129,21,16,3968,True,True,0.2707466520369053,9.738086598925292,0.41011756588704884,0.0801557928789407,0.49027335876598954,10.499106609728187,0.3898180068936199,10.888924616621807,10.902477077906951,3.6418374497986536,numpy_cpu
46,2935528983,-10.0,old_4d_jones_vp,False,,b39cbd612119a98f7fec,performance,3,1.25,0.55,0.75,1.2384863975760716,0.5587178284030173,1.4243952873762697,-0.011513602423928404,0.00871782840301727,0.6743952873762697,0.6745498997169611,5e-09,4.942121087826106e-09,-5.787891217389405e-11,0.05787891217389405,0.01571638791408743,7.803712715425932e-11,0.023028305126584946,0.09157802357301033,3.642001388004123,3.64216525447269,True,False,True,CONVERGENCE: RELATIVE REDUCTION OF F <= FACTR*EPSMCH,6,14,4,6,False,nan,nan,0,0,0,False,False,0.2707466520369053,9.738086598925292,0.3898180068936199,0.0,0.3898180068936199,10.398651257855818,0.0,10.398651257855818,10.902477077906951,3.6418374497986536,cpu
47,2160397598,-10.0,ccop_jvp_profiled_3d,False,,9271a06940ac2c66f572,performance,3,1.25,0.55,0.75,1.250591179493356,0.5498976201017182,0.7499004083256456,0.0005911794933559644,-0.0001023798982818791,-9.959167435436012e-05,0.0006081885715282125,5e-09,4.995516102225316e-09,-4.483897774683945e-12,0.004483897774683945,0.000525558409305806,6.233330508958166e-12,7.433796699291364e-05,0.0029178405914997802,1.1447750869352782,1.144775753667444,False,False,True,CONVERGENCE: RELATIVE REDUCTION OF F <= FACTR*EPSMCH,14,18,3,6,True,4.0321100955441666e-11,0.0006326308565496554,24,19,4747,True,True,0.27229492203332484,9.435169853037223,0.47841752297244966,0.07912934408523142,0.5575468670576811,10.26501164212823,0.3861897380556911,10.65120138018392,10.664763269014657,1.1452820223366278,numpy_cpu
47,2160397598,-10.0,old_4d_jones_vp,False,,9271a06940ac2c66f572,performance,3,1.25,0.55,0.75,1.2463153304078682,0.5512370464420077,0.746867797695278,-0.003684669592131762,0.0012370464420076166,-0.0031322023047219982,0.004991769744346182,5e-09,4.981062792059503e-09,-1.8937207940497e-11,0.018937207940497,0.0037661324379842822,6.583646335623206e-12,0.0006521215137532453,0.008642123848224706,1.144863566941594,1.1448642328129575,False,False,True,CONVERGENCE: RELATIVE REDUCTION OF F <= FACTR*EPSMCH,7,14,4,6,False,nan,nan,0,0,0,False,False,0.27229492203332484,9.435169853037223,0.3861897380556911,0.0,0.3861897380556911,10.09365451312624,0.0,10.09365451312624,10.664763269014657,1.1452820223366278,cpu
48,81257469,-10.0,ccop_jvp_profiled_3d,False,,d15856227eb9ea034f8e,performance,3,1.25,0.55,0.75,1.2497994630196483,0.5500061177215916,0.749827102809192,-0.00020053698035171763,6.117721591536451e-06,-0.00017289719080804122,0.0002648507987440645,5e-09,4.99987807697182e-09,-1.2192302818049298e-13,0.00012192302818049298,0.00019605594056816008,5.331598291897372e-13,5.605930640761786e-05,0.004620367974733188,3.8105844322320004,3.810601326025405,False,False,True,CONVERGENCE: RELATIVE REDUCTION OF F <= FACTR*EPSMCH,13,18,3,6,True,4.13849939620555e-10,0.002027179860419441,22,19,4717,True,True,0.27181023685261607,9.321156591875479,0.4776452488731593,0.07922704704105854,0.5568722959142178,10.149839124642313,0.45664911391213536,10.606488238554448,10.620033632963896,3.808074268118161,numpy_cpu
48,81257469,-10.0,old_4d_jones_vp,False,,d15856227eb9ea034f8e,performance,3,1.25,0.55,0.75,1.2590640268233853,0.5457943445006365,0.7534163060354147,0.009064026823385252,-0.004205655499363581,0.0034163060354146513,0.010560078946768582,5e-09,5.029775431972441e-09,2.977543197244111e-11,0.02977543197244111,0.009035045010502452,4.2984028040748116e-12,0.005125607395123259,0.0441799656290552,3.812576940532858,3.8125931420823314,False,False,True,CONVERGENCE: RELATIVE REDUCTION OF F <= FACTR*EPSMCH,11,23,4,6,False,nan,nan,0,0,0,False,False,0.27181023685261607,9.321156591875479,0.45664911391213536,0.0,0.45664911391213536,10.04961594264023,0.0,10.04961594264023,10.620033632963896,3.808074268118161,cpu
49,2856970602,-10.0,ccop_jvp_profiled_3d,False,,297c9472ff774d127204,performance,3,1.25,0.55,0.75,1.2495390963926514,0.5498362921694935,1.45,-0.00046090360734862834,-0.00016370783050656534,0.7,0.700000170880257,5e-09,5.006314813605513e-09,6.314813605512657e-12,0.006314813605512656,0.017901274701102674,5.6715949098358754e-11,0.028276935568057625,0.11619669915788017,4.783278140048637,4.783291883149784,True,True,True,CONVERGENCE: RELATIVE REDUCTION OF F <= FACTR*EPSMCH,6,10,3,6,True,1.0514355758772504e-10,0.004319056446431978,23,11,2737,True,True,0.26916197896935046,9.268999940017238,0.2983139760326594,0.07888755691237748,0.3772015329450369,9.915363451931626,0.38106933794915676,10.296432789880782,10.31000607716851,4.77480060124993,numpy_cpu
49,2856970602,-10.0,old_4d_jones_vp,False,,297c9472ff774d127204,performance,3,1.25,0.55,0.75,1.2539347940192942,0.558154141488158,1.45,0.003934794019294197,0.008154141488157962,0.7,0.7000585494281054,5e-09,5.015461301014012e-09,1.5461301014012038e-11,0.015461301014012038,0.0212905888283427,6.374884765101182e-11,0.04010399003817253,0.13837938999243718,4.789162694746319,4.789175350909759,True,True,True,CONVERGENCE: RELATIVE REDUCTION OF F <= FACTR*EPSMCH,8,13,4,6,False,nan,nan,0,0,0,False,False,0.26916197896935046,9.268999940017238,0.38106933794915676,0.0,0.38106933794915676,9.919231256935745,0.0,9.919231256935745,10.31000607716851,4.77480060124993,cpu
50,1106178032,-10.0,ccop_jvp_profiled_3d,False,,fe0fe7e6d5c593ed832d,performance,3,1.25,0.55,0.75,1.2509230399845301,0.5494959191673058,1.45,0.0009230399845301385,-0.0005040808326942647,0.7,0.7000007900711962,5e-09,5.035431915170684e-09,3.543191517068386e-11,0.035431915170683864,0.018652268850600125,5.143085207226263e-11,0.08936448896377837,0.15445345272253289,2.69056223809489,2.6905654649649065,True,True,True,CONVERGENCE: NORM OF PROJECTED GRADIENT <= PGTOL,8,12,3,6,True,8.213712367515659e-11,0.0015645267335112406,23,13,3213,True,True,0.2727338271215558,9.345475005917251,0.3415561851579696,0.07893053884617984,0.42048672400414944,10.038695557042956,0.38825232489034534,10.426947881933302,10.44052874785848,2.6695020958023745,numpy_cpu
50,1106178032,-10.0,old_4d_jones_vp,False,,fe0fe7e6d5c593ed832d,performance,3,1.25,0.55,0.75,1.218170400396223,0.5498876587652995,1.45,-0.03182959960377696,-0.00011234123470049706,0.7,0.7007232949114006,5e-09,4.940003089593733e-09,-5.999691040626716e-11,0.05999691040626716,0.022074819405383094,4.0657097565945294e-11,0.1331521774433648,0.18853382103636357,2.7022342753057673,2.702237700718025,True,True,True,CONVERGENCE: RELATIVE REDUCTION OF F <= FACTR*EPSMCH,6,14,4,6,False,nan,nan,0,0,0,False,False,0.2727338271215558,9.345475005917251,0.38825232489034534,0.0,0.38825232489034534,10.006461157929152,0.0,10.006461157929152,10.44052874785848,2.6695020958023745,cpu
51,2563947575,-10.0,ccop_jvp_profiled_3d,False,,7dd14641d6392364481b,performance,3,1.25,0.55,0.75,1.2489904710667172,0.5497285278101909,1.45,-0.0010095289332827662,-0.0002714721898091632,0.7,0.7000007806037197,5e-09,5.007799717147925e-09,7.79971714792458e-12,0.007799717147924579,0.017598348382453027,5.523460457273673e-11,0.0205742531407887,0.10630261541739593,5.505324237756851,5.505354059443841,True,True,True,CONVERGENCE: RELATIVE REDUCTION OF F <= FACTR*EPSMCH,5,9,3,6,True,1.6923714399304815e-10,0.004898365135004205,25,10,2470,True,True,0.2714183491189033,9.414148991927505,0.276081619085744,0.07909884699620306,0.3551804660819471,10.040747807128355,0.596108921803534,10.636856728931889,10.6504098509904,5.492421021191697,numpy_cpu
51,2563947575,-10.0,old_4d_jones_vp,False,,7dd14641d6392364481b,performance,3,1.25,0.55,0.75,1.2489419143839402,0.5497073029724829,1.45,-0.0010580856160598007,-0.00029269702751710813,0.7,0.7000008608685568,5e-09,5.0076682568803256e-09,7.66825688032548e-12,0.00766825688032548,0.017570868706895035,5.520668850487164e-11,0.020576513238027016,0.10630845396833194,5.5053243428832435,5.50535416380958,True,True,True,CONVERGENCE: RELATIVE REDUCTION OF F <= FACTR*EPSMCH,29,41,4,6,False,nan,nan,0,0,0,False,False,0.2714183491189033,9.414148991927505,0.596108921803534,0.0,0.596108921803534,10.281676262849942,0.0,10.281676262849942,10.6504098509904,5.492421021191697,cpu
52,2538379628,-10.0,ccop_jvp_profiled_3d,False,,256d6244bb41fc64abb5,performance,3,1.25,0.55,0.75,1.2506675470355384,0.5501280981279281,0.7496938769865534,0.0006675470355383961,0.00012809812792802244,-0.00030612301344656867,0.0007454793587996737,5e-09,4.99804929944716e-09,-1.9507005528401594e-12,0.0019507005528401594,0.0005462208850633091,3.752384277505324e-12,6.888520178130345e-05,0.003358187598124245,1.6371085008429724,1.6371098394984742,False,False,True,CONVERGENCE: NORM OF PROJECTED GRADIENT <= PGTOL,12,15,3,6,True,1.3381405096277945e-10,0.0008894136481769856,22,16,3970,True,True,0.27184743294492364,9.353939092019573,0.4108505321200937,0.07975907204672694,0.49060960416682065,10.116396129131317,0.38630556780844927,10.502701696939766,10.516272003995255,1.6371330347552842,numpy_cpu
52,2538379628,-10.0,old_4d_jones_vp,False,,256d6244bb41fc64abb5,performance,3,1.25,0.55,0.75,1.2811428013770383,0.5467256470188419,0.7545485075980811,0.031142801377038287,-0.0032743529811581906,0.00454850759808112,0.03164307801754878,5e-09,5.0992393992820826e-09,9.923939928208248e-11,0.09923939928208247,0.02838356191976444,1.0020139401533363e-11,0.013612309686752535,0.04720716245179519,1.6392631696314444,1.6392644734198238,False,False,True,CONVERGENCE: RELATIVE REDUCTION OF F <= FACTR*EPSMCH,8,14,4,6,False,nan,nan,0,0,0,False,False,0.27184743294492364,9.353939092019573,0.38630556780844927,0.0,0.38630556780844927,10.012092092772946,0.0,10.012092092772946,10.516272003995255,1.6371330347552842,cpu
53,2118589924,-10.0,ccop_jvp_profiled_3d,False,,c1d554331b95cd66e01f,performance,3,1.25,0.55,0.75,1.2495167906208045,0.5499466338529607,0.7490990160355852,-0.0004832093791955483,-5.3366147039324296e-05,-0.0009009839644148476,0.0010237730968945538,5e-09,4.998824954000017e-09,-1.175045999982719e-12,0.0011750459999827188,0.0005161424515381577,6.003529714407847e-13,6.0435266879648955e-05,0.005505741307690877,5.015830673424989,5.015836394712094,False,False,True,CONVERGENCE: RELATIVE REDUCTION OF F <= FACTR*EPSMCH,8,11,3,6,True,1.4200170257767982e-10,0.0026360712876616825,23,12,2974,True,True,0.2712977312039584,9.333994268905371,0.31998314592055976,0.07869498897343874,0.3986781348939985,10.003970135003328,0.3639545920304954,10.367924727033824,10.38147046114318,5.0158109515061495,numpy_cpu
53,2118589924,-10.0,old_4d_jones_vp,False,,c1d554331b95cd66e01f,performance,3,1.25,0.55,0.75,1.2265150372140616,0.543657483807276,0.7473958975343926,-0.023484962785938368,-0.006342516192724079,-0.002604102465607383,0.02446532931238122,5e-09,4.922489091815256e-09,-7.751090818474408e-11,0.07751090818474407,0.02051417794064513,1.9762948303031556e-11,0.010848054770415857,0.07376434905832881,5.021143908671973,5.021148913262669,False,False,True,CONVERGENCE: RELATIVE REDUCTION OF F <= FACTR*EPSMCH,5,11,4,6,False,nan,nan,0,0,0,False,False,0.2712977312039584,9.333994268905371,0.3639545920304954,0.0,0.3639545920304954,9.969246592139825,0.0,9.969246592139825,10.38147046114318,5.0158109515061495,cpu
54,4045394661,-10.0,ccop_jvp_profiled_3d,False,,1b9934177e49bb06a889,performance,3,1.25,0.55,0.75,1.2499457592168477,0.5501999410325772,0.7513193708991047,-5.424078315230396e-05,0.00019994103257714446,0.0013193708991047215,0.0013355366144248502,5e-09,4.9990529481851915e-09,-9.470518148085928e-13,0.0009470518148085927,0.0001131293450677146,1.1829430853138042e-12,6.200874181388343e-05,0.003381797722115392,1.8409253369992935,1.8409302469594833,False,False,True,CONVERGENCE: RELATIVE REDUCTION OF F <= FACTR*EPSMCH,14,18,3,6,True,6.69936158282754e-11,0.0009919909040811276,24,19,4707,True,True,0.27204068400897086,9.288987620966509,0.478618630906567,0.07933971402235329,0.5579583449289203,10.1189866499044,0.542689919937402,10.661676569841802,10.675245822872967,1.8443457323535561,numpy_cpu
54,4045394661,-10.0,old_4d_jones_vp,False,,1b9934177e49bb06a889,performance,3,1.25,0.55,0.75,1.2322640256391046,0.5476154306293062,0.7385389877503751,-0.017735974360895357,-0.0023845693706938675,-0.011461012249624924,0.021251017843859653,5e-09,4.938480640303656e-09,-6.151935969634412e-11,0.06151935969634412,0.016656349754799148,1.2020140392545012e-11,0.007373261617288981,0.03687660992739586,1.8422835424634407,1.8422880469019827,False,False,True,CONVERGENCE: RELATIVE REDUCTION OF F <= FACTR*EPSMCH,18,34,4,6,False,nan,nan,0,0,0,False,False,0.27204068400897086,9.288987620966509,0.542689919937402,0.0,0.542689919937402,10.103718224912882,0.0,10.103718224912882,10.675245822872967,1.8443457323535561,cpu
55,3516681027,-10.0,ccop_jvp_profiled_3d,False,,37aaf8c6fd1346259683,performance,3,1.25,0.55,0.75,1.2499843862834463,0.5502364860771924,0.7509184130813025,-1.561371655367516e-05,0.00023648607719239934,0.0009184130813024716,0.000948499889698448,5e-09,4.99749885560132e-09,-2.5011443986802003e-12,0.0025011443986802002,0.00011917957014653084,2.6742486200624372e-12,5.095345752806897e-05,0.00600224436065729,7.069930217154916,7.069932003349058,False,False,True,CONVERGENCE: RELATIVE REDUCTION OF F <= FACTR*EPSMCH,14,19,3,6,True,1.3521590666660963e-10,0.003922161056609621,24,20,5012,True,True,0.2686151540838182,9.481342506129295,0.7109973358456045,0.08392800809815526,0.7949253439437598,10.544883004156873,1.7039751291740686,12.248858133330941,12.26265213615261,7.070557939114491,numpy_cpu
55,3516681027,-10.0,old_4d_jones_vp,False,,37aaf8c6fd1346259683,performance,3,1.25,0.55,0.75,1.2635561789078815,0.5476919623654847,0.7602709458993531,0.013556178907881522,-0.0023080376345153697,0.010270945899353068,0.01716360550619446,5e-09,5.0430357021854714e-09,4.303570218547132e-11,0.043035702185471314,0.013343052836315842,4.3371758461400315e-12,0.00883498443062407,0.0790368707046921,7.076298818621126,7.0763003937719215,False,False,True,CONVERGENCE: RELATIVE REDUCTION OF F <= FACTR*EPSMCH,23,44,4,6,False,nan,nan,0,0,0,False,False,0.2686151540838182,9.481342506129295,1.7039751291740686,0.0,1.7039751291740686,11.453932789387181,0.0,11.453932789387181,12.26265213615261,7.070557939114491,cpu
56,1197201596,-10.0,ccop_jvp_profiled_3d,False,,1f391ec07803629ccbee,performance,3,1.25,0.55,0.75,1.2501801633724627,0.5498635325641315,0.7499179000587303,0.00018016337246273828,-0.00013646743586859245,-8.209994126973097e-05,0.00024046330735933295,5e-09,5.005884839391269e-09,5.884839391268726e-12,0.005884839391268726,0.00017670784393447665,5.3182660029592045e-12,6.241196801974511e-05,0.006452583121685645,6.676148892973016,6.676153558955791,False,False,True,CONVERGENCE: RELATIVE REDUCTION OF F <= FACTR*EPSMCH,10,14,3,6,True,1.3923306716856252e-10,0.006226643056690228,23,15,3713,True,True,0.2986253290437162,9.406622430076823,0.38729560701176524,0.08005934813991189,0.46735495515167713,10.172602714272216,0.3995906279888004,10.572193342261016,10.622183036990464,6.671128993895797,numpy_cpu
56,1197201596,-10.0,old_4d_jones_vp,False,,1f391ec07803629ccbee,performance,3,1.25,0.55,0.75,1.2450873062997463,0.5488413290821114,0.7507193136219974,-0.004912693700253712,-0.0011586709178886823,0.0007193136219973972,0.005098479162972476,5e-09,4.990245684796275e-09,-9.754315203725261e-12,0.009754315203725262,0.004166728759206059,4.917776405010182e-12,0.000760293694064628,0.022521139638905376,6.676647794898735,6.6766522691043155,False,False,True,CONVERGENCE: RELATIVE REDUCTION OF F <= FACTR*EPSMCH,6,15,4,6,False,nan,nan,0,0,0,False,False,0.2986253290437162,9.406622430076823,0.3995906279888004,0.0,0.3995906279888004,10.10483838710934,0.0,10.10483838710934,10.622183036990464,6.671128993895797,cpu
57,3704492712,-10.0,ccop_jvp_profiled_3d,False,,82ec0ec7bc88b8afe2ac,performance,3,1.25,0.55,0.75,1.2503335327298966,0.5499429545083252,0.7483898641309452,0.00033353272989655736,-5.7045491674845294e-05,-0.0016101358690547851,0.0016453072013607314,5e-09,5.001710983433892e-09,1.7109834338920506e-12,0.0017109834338920507,0.00013720985203528332,1.2602236625087494e-12,5.951600156583354e-05,0.006199447691892409,6.458418707467526,6.458434762045255,False,False,True,CONVERGENCE: RELATIVE REDUCTION OF F <= FACTR*EPSMCH,10,13,3,6,True,2.3987118229390864e-10,0.0033551970289619607,23,14,3474,True,True,0.2682471920270473,9.314678390976042,0.36501188203692436,0.08145881304517388,0.44647069508209825,10.029396278085187,0.41983398399315774,10.449230262078345,10.46281647309661,6.457616552415369,numpy_cpu
57,3704492712,-10.0,old_4d_jones_vp,False,,82ec0ec7bc88b8afe2ac,performance,3,1.25,0.55,0.75,1.244012096822097,0.5502118841847893,0.7455414071230019,-0.005987903177903098,0.00021188418478923499,-0.004458592876998124,0.007468529294213435,5e-09,4.983209303458237e-09,-1.6790696541762707e-11,0.01679069654176271,0.0057863012130440275,3.2963608899006785e-12,0.0015694779909975775,0.03183565148275979,6.4594835935665165,6.459500398476721,False,False,True,CONVERGENCE: RELATIVE REDUCTION OF F <= FACTR*EPSMCH,10,18,4,6,False,nan,nan,0,0,0,False,False,0.2682471920270473,9.314678390976042,0.41983398399315774,0.0,0.41983398399315774,10.002759566996247,0.0,10.002759566996247,10.46281647309661,6.457616552415369,cpu
58,2401019122,-10.0,ccop_jvp_profiled_3d,False,,06bcd6b6ec777534df5b,performance,3,1.25,0.55,0.75,1.249831823727551,0.5500190885095301,0.7485278825016018,-0.00016817627244902766,1.9088509530029718e-05,-0.001472117498398151,0.0014818156291863567,5e-09,5.004354552701824e-09,4.354552701824267e-12,0.004354552701824267,0.0003062855699293406,5.364187947682974e-12,6.582724413507468e-05,0.005015939230809429,3.826590719449109,3.8265981123699913,False,False,True,CONVERGENCE: RELATIVE REDUCTION OF F <= FACTR*EPSMCH,12,16,3,6,True,9.355900416536584e-11,0.001866636859982309,24,17,4261,True,True,0.26843502512201667,9.27720233798027,0.432505969889462,0.0787992631085217,0.5113052329979837,10.05694259610027,0.3894037208519876,10.446346316952258,10.459890201920643,3.822071954819605,numpy_cpu
58,2401019122,-10.0,old_4d_jones_vp,False,,06bcd6b6ec777534df5b,performance,3,1.25,0.55,0.75,1.2846225976877312,0.5610159351736054,0.7576944805383637,0.03462259768773124,0.011015935173605329,0.007694480538363746,0.037138660842184736,5e-09,5.115247901302112e-09,1.152479013021123e-10,0.1152479013021123,0.030499035087442894,3.1873436464138514e-11,0.04192616760985272,0.12658784672893497,3.8427083484658726,3.84271666672578,False,False,True,CONVERGENCE: RELATIVE REDUCTION OF F <= FACTR*EPSMCH,8,14,4,6,False,nan,nan,0,0,0,False,False,0.26843502512201667,9.27720233798027,0.3894037208519876,0.0,0.3894037208519876,9.935041083954275,0.0,9.935041083954275,10.459890201920643,3.822071954819605,cpu
59,3465536290,-10.0,ccop_jvp_profiled_3d,False,,e56ad1e5be8c31908754,performance,3,1.25,0.55,0.75,1.2500137066874741,0.5499488220162193,0.7499187999922569,1.3706687474135393e-05,-5.11779837807369e-05,-8.120000774314295e-05,9.6956178569813e-05,5e-09,4.998786709940247e-09,-1.2132900597528528e-12,0.0012132900597528527,2.4519435444707896e-05,1.2538361385708655e-12,3.267081535806342e-05,0.0042566481499083896,5.552615548695139,5.55261890895762,False,False,True,CONVERGENCE: RELATIVE REDUCTION OF F <= FACTR*EPSMCH,11,14,3,6,True,1.1190942822631095e-10,0.002889809998823023,24,15,3741,True,True,0.26902166195213795,9.314717615954578,0.38947031809948385,0.07869190303608775,0.4681622211355716,10.051901499042287,0.4328531550709158,10.484754654113203,10.498314376920462,5.545944682903883,numpy_cpu
59,3465536290,-10.0,old_4d_jones_vp,False,,e56ad1e5be8c31908754,performance,3,1.25,0.55,0.75,1.24728232039388,0.5498135859202533,0.7469358754557557,-0.002717679606119905,-0.00018641407974673285,-0.0030641245442443177,0.004099925837535151,5e-09,4.9889593252766405e-09,-1.104067472335958e-11,0.011040674723359581,0.002704148487380826,2.5525985039342235e-12,0.0003149202307995671,0.01321563535945855,5.552770973204786,5.552774267573663,False,False,True,CONVERGENCE: RELATIVE REDUCTION OF F <= FACTR*EPSMCH,12,20,4,6,False,nan,nan,0,0,0,False,False,0.26902166195213795,9.314717615954578,0.4328531550709158,0.0,0.4328531550709158,10.016592432977632,0.0,10.016592432977632,10.498314376920462,5.545944682903883,cpu
60,3753811929,-10.0,ccop_jvp_profiled_3d,False,,f89bf55cb92c5d2386e3,performance,3,1.25,0.55,0.75,1.2501377302155594,0.5498535481272275,0.7508255239537168,0.00013773021555940623,-0.00014645187277251281,0.0008255239537168224,0.0008496514352820639,5e-09,4.9989569032044895e-09,-1.0430967955105625e-12,0.0010430967955105625,0.00023422407907816304,1.812337932325261e-12,4.893655368437974e-05,0.00429050164301769,3.762769163411154,3.7627729335060054,False,False,True,CONVERGENCE: RELATIVE REDUCTION OF F <= FACTR*EPSMCH,10,14,3,6,True,1.38611849805298e-10,0.002040580637834598,25,15,3747,True,True,0.27403850690461695,9.191303999861702,0.3872697160113603,0.08055475004948676,0.46782446606084704,9.933166972827166,0.48314086301252246,10.416307835839689,10.429926848039031,3.761687933209186,numpy_cpu
60,3753811929,-10.0,old_4d_jones_vp,False,,f89bf55cb92c5d2386e3,performance,3,1.25,0.55,0.75,1.2261959874030872,0.555306698611966,0.7332366597859599,-0.023804012596912782,0.0053066986119659765,-0.016763340214040134,0.029593946019479716,5e-09,4.920949407339389e-09,-7.905059266061072e-11,0.07905059266061072,0.023551195349879966,7.130686449814757e-12,0.024265171698823963,0.09553952249028422,3.772115768486799,3.772119450031639,False,False,True,CONVERGENCE: RELATIVE REDUCTION OF F <= FACTR*EPSMCH,13,26,4,6,False,nan,nan,0,0,0,False,False,0.27403850690461695,9.191303999861702,0.48314086301252246,0.0,0.48314086301252246,9.948483369778842,0.0,9.948483369778842,10.429926848039031,3.761687933209186,cpu
61,1797336650,-10.0,ccop_jvp_profiled_3d,False,,de0ac28617e791ccef57,performance,3,1.25,0.55,0.75,1.2501986856210545,0.5501327790110392,0.7485678561455926,0.00019868562105451737,0.00013277901103914136,-0.001432143854407375,0.0014519443038571295,5e-09,5.002009346817195e-09,2.0093468171945766e-12,0.0020093468171945767,6.401698528167398e-05,1.998500449596885e-12,3.265371108703442e-05,0.001610522932731114,0.7946458054003298,0.7946465750933767,False,False,True,CONVERGENCE: RELATIVE REDUCTION OF F <= FACTR*EPSMCH,13,16,3,6,True,2.796371952338213e-11,0.0004106127679572693,26,17,4257,True,True,0.2691400710027665,9.389196006814018,0.43380995420739055,0.07951698219403625,0.5133269364014268,10.171663014218211,0.3918278031051159,10.563490817323327,10.577057308051735,0.7943305769869241,numpy_cpu
61,1797336650,-10.0,old_4d_jones_vp,False,,de0ac28617e791ccef57,performance,3,1.25,0.55,0.75,1.168725503618472,0.5723463218115088,0.7354807416824588,-0.08127449638152795,0.02234632181150875,-0.014519258317541195,0.085531928089258,5e-09,4.7339655642266274e-09,-2.660344357733727e-10,0.2660344357733727,0.07668257060295292,2.517634521288493e-11,0.14666778834684607,0.10793642061090682,0.8063105484797712,0.8063114128300378,False,False,True,CONVERGENCE: RELATIVE REDUCTION OF F <= FACTR*EPSMCH,6,14,4,6,False,nan,nan,0,0,0,False,False,0.2691400710027665,9.389196006814018,0.3918278031051159,0.0,0.3918278031051159,10.0501638809219,0.0,10.0501638809219,10.577057308051735,0.7943305769869241,cpu
62,1035509023,-10.0,ccop_jvp_profiled_3d,False,,62951e03f98b92d7a244,performance,3,1.25,0.55,0.75,1.3965597224704924,0.41942601184142414,1.2230697322908288,0.14655972247049243,-0.1305739881585759,0.4730697322908288,0.5121760344295505,5e-09,5.487426764319864e-09,4.874267643198638e-10,0.48742676431986376,0.17405002056529187,1.7115484436154126e-10,0.913336037099944,0.333956066131765,1.3330766991714436,1.3330942278162896,True,False,True,CONVERGENCE: RELATIVE REDUCTION OF F <= FACTR*EPSMCH,13,16,3,6,True,6.377193893476028e-11,5.7290443136768276e-05,18,17,4089,True,True,0.27174557698890567,9.525437742006034,0.43046326097100973,0.07952342601493001,0.5099866869859397,10.307170005980879,0.8608170689549297,11.167987074935809,11.181572885951027,1.2210911381568659,numpy_cpu
62,1035509023,-10.0,old_4d_jones_vp,False,,62951e03f98b92d7a244,performance,3,1.25,0.55,0.75,1.398429333202213,0.41764329418858076,1.429687309397553,0.14842933320221308,-0.13235670581141928,0.6796873093975531,0.7081838766056378,5e-09,5.462271462461844e-09,4.6227146246184397e-10,0.462271462461844,0.16681289189794843,1.7182200497397826e-10,0.9174589912694647,0.334708984621188,1.3335837203099765,1.333600959622388,True,False,True,CONVERGENCE: RELATIVE REDUCTION OF F <= FACTR*EPSMCH,58,75,4,6,False,nan,nan,0,0,0,False,False,0.27174557698890567,9.525437742006034,0.8608170689549297,0.0,0.8608170689549297,10.658000387949869,0.0,10.658000387949869,11.181572885951027,1.2210911381568659,cpu
63,368542159,-10.0,ccop_jvp_profiled_3d,False,,ea522764d4aaa7d7c54f,performance,3,1.25,0.55,0.75,1.2497210427537586,0.5498920622619008,0.7495330589688846,-0.00027895724624138474,-0.00010793773809925078,-0.00046694103111544205,0.0005545282924032923,5e-09,5.003451175832521e-09,3.4511758325212894e-12,0.0034511758325212892,0.00028725860125661446,4.380183215118836e-12,9.96636907384257e-05,0.009240797790411268,8.572621558609024,8.572628361207903,False,False,True,CONVERGENCE: RELATIVE REDUCTION OF F <= FACTR*EPSMCH,13,18,3,6,True,1.9194563868969603e-10,0.0042896730691981905,23,19,4707,True,True,0.2687538410536945,9.36175830103457,0.479703432880342,0.08040655986405909,0.5601099927444011,10.190622134832665,0.41448044194839895,10.605102576781064,10.61864921101369,8.568049524413869,numpy_cpu
63,368542159,-10.0,old_4d_jones_vp,False,,ea522764d4aaa7d7c54f,performance,3,1.25,0.55,0.75,1.211271837915931,0.5773930390261883,0.7388553229742542,-0.03872816208406893,0.02739303902618828,-0.011144677025745842,0.04872835880171192,5e-09,4.855248460670252e-09,-1.4475153932974814e-10,0.14475153932974813,0.04043000651441286,3.294660439243781e-11,0.10559154752728922,0.30078457549769955,8.663093743507439,8.663097522857505,False,False,True,CONVERGENCE: RELATIVE REDUCTION OF F <= FACTR*EPSMCH,7,16,4,6,False,nan,nan,0,0,0,False,False,0.2687538410536945,9.36175830103457,0.41448044194839895,0.0,0.41448044194839895,10.044992584036663,0.0,10.044992584036663,10.61864921101369,8.568049524413869,cpu
64,3463651332,-10.0,ccop_jvp_profiled_3d,False,,58ae115d901f52778b03,performance,3,1.25,0.55,0.75,1.249927496963053,0.5500209622705989,0.7493832384825619,-7.250303694705806e-05,2.0962270598889887e-05,-0.0006167615174380581,0.0006213621138657422,5e-09,5.001647150319516e-09,1.6471503195156868e-12,0.001647150319515687,0.00013180320688793257,2.0825064670080594e-12,5.439467159585293e-05,0.005734788424977145,6.040286464234619,6.040299382063369,False,False,True,CONVERGENCE: RELATIVE REDUCTION OF F <= FACTR*EPSMCH,13,17,3,6,True,6.133470310126699e-10,0.003116047134180836,23,18,4480,True,True,0.2739221779629588,9.345268526813015,0.4552655080333352,0.0802284199744463,0.5354939280077815,10.154684632783756,0.416969302110374,10.57165393489413,10.585215311031789,6.046143365586492,numpy_cpu
64,3463651332,-10.0,old_4d_jones_vp,False,,58ae115d901f52778b03,performance,3,1.25,0.55,0.75,1.3019617790136337,0.5170495166657125,0.753365222973979,0.051961779013633747,-0.03295048333428752,0.0033652229739790096,0.06162049623209362,5e-09,5.18193346046815e-09,1.8193346046815002e-10,0.18193346046815,0.05197970364498552,3.8127954625264865e-11,0.13397522083728197,0.2846108558397427,6.120742419697897,6.12076066622968,False,False,True,CONVERGENCE: RELATIVE REDUCTION OF F <= FACTR*EPSMCH,8,17,4,6,False,nan,nan,0,0,0,False,False,0.2739221779629588,9.345268526813015,0.416969302110374,0.0,0.416969302110374,10.036160006886348,0.0,10.036160006886348,10.585215311031789,6.046143365586492,cpu
65,3770249689,-10.0,ccop_jvp_profiled_3d,False,,511a91c8475e4cccfb29,performance,3,1.25,0.55,0.75,1.2500437860283546,0.5502436130183779,0.7483918553354179,4.378602835464207e-05,0.00024361301837783067,-0.0016081446645821451,0.0016270813689629202,5e-09,5.009093226478717e-09,9.093226478716671e-12,0.009093226478716672,0.00019274153585534438,9.647305030917259e-12,7.194768611655117e-05,0.0019440916538519396,0.5251813068879956,0.5251834646190433,False,False,True,CONVERGENCE: NORM OF PROJECTED GRADIENT <= PGTOL,18,23,3,6,True,4.634149384042594e-11,0.00046467653022710926,21,24,6022,True,True,0.2700239159166813,9.070994275156409,0.589132061926648,0.08230617200024426,0.6714382339268923,10.012456424999982,0.41356086800806224,10.426017293008044,10.439588656881824,0.5253111757415191,numpy_cpu
65,3770249689,-10.0,old_4d_jones_vp,False,,511a91c8475e4cccfb29,performance,3,1.25,0.55,0.75,1.2664732954519127,0.5345747865111325,1.0542242969492626,0.016473295451912673,-0.015425213488867495,0.30422429694926256,0.3050602063994847,5e-09,5.117890858519642e-09,1.178908585196416e-10,0.1178908585196416,0.03737642016422691,2.8572824960009375e-11,0.05822191771191921,0.05530336702875748,0.5282966836969035,0.5282985542884618,True,False,True,CONVERGENCE: RELATIVE REDUCTION OF F <= FACTR*EPSMCH,7,16,4,6,False,nan,nan,0,0,0,False,False,0.2700239159166813,9.070994275156409,0.41356086800806224,0.0,0.41356086800806224,9.754579059081152,0.0,9.754579059081152,10.439588656881824,0.5253111757415191,cpu
66,717028307,-10.0,ccop_jvp_profiled_3d,False,,a27a2c7f5e7daf154c12,performance,3,1.25,0.55,0.75,1.2501018406535616,0.5498481733810808,1.3647985117387282,0.00010184065356155791,-0.00015182661891921523,0.6147985117387282,0.6147985389206745,5e-09,5.012832516299369e-09,1.2832516299369201e-11,0.012832516299369202,0.020596533969424485,5.984150352001494e-11,0.017625665475712943,0.06903118781823211,2.7092183731328414,2.709223112006674,True,False,True,CONVERGENCE: RELATIVE REDUCTION OF F <= FACTR*EPSMCH,14,18,3,6,True,2.2197501685075132e-10,0.0022771407684412034,23,19,4715,True,True,0.268135123886168,9.358156955102459,0.47767985495738685,0.08004704304039478,0.5577268979977816,10.184018976986408,0.4635372899938375,10.647556266980246,10.661125034093857,2.703617005645745,numpy_cpu
66,717028307,-10.0,old_4d_jones_vp,False,,a27a2c7f5e7daf154c12,performance,3,1.25,0.55,0.75,1.2348136986755198,0.5637113811097777,1.4481709033570778,-0.015186301324480178,0.013711381109777654,0.6981709033570778,0.6984706407675941,5e-09,4.923893714174455e-09,-7.610628582554481e-11,0.07610628582554481,0.018043632731606616,8.063989528522146e-11,0.032548542304606645,0.09380767158591778,2.7132832287121227,2.7132877436741305,True,True,True,CONVERGENCE: RELATIVE REDUCTION OF F <= FACTR*EPSMCH,8,23,4,6,False,nan,nan,0,0,0,False,False,0.268135123886168,9.358156955102459,0.4635372899938375,0.0,0.4635372899938375,10.089829368982464,0.0,10.089829368982464,10.661125034093857,2.703617005645745,cpu
67,1209727556,-10.0,ccop_jvp_profiled_3d,False,,155fb212a2f3c0986039,performance,3,1.25,0.55,0.75,1.249840660629515,0.5482714583249969,1.45,-0.00015933937048506763,-0.0017285416750031368,0.7,0.7000021523148033,5e-09,5.079951338114068e-09,7.9951338114068e-11,0.079951338114068,0.01794960847364828,6.918339869195318e-11,0.15736084400863268,0.2662279422014762,4.573792838344089,4.573832437663076,True,True,True,CONVERGENCE: RELATIVE REDUCTION OF F <= FACTR*EPSMCH,10,14,3,6,True,1.0841626479584082e-10,0.0027184769023482548,23,15,3699,True,True,0.2688037408515811,9.29387153685093,0.3879385080654174,0.08084761700592935,0.46878612507134676,10.031461402773857,0.5235914171207696,10.555052819894627,10.568620035191998,4.504126655862619,numpy_cpu
67,1209727556,-10.0,old_4d_jones_vp,False,,155fb212a2f3c0986039,performance,3,1.25,0.55,0.75,1.2540509428154054,0.5477518831490303,1.45,0.004050942815405412,-0.002248116850969706,0.7,0.7000153313800128,5e-09,5.093660131723215e-09,9.366013172321515e-11,0.09366013172321515,0.020504850071420787,7.074838374643708e-11,0.15758088567453,0.26641401382455354,4.573881565030445,4.573920629264099,True,True,True,CONVERGENCE: RELATIVE REDUCTION OF F <= FACTR*EPSMCH,17,31,4,6,False,nan,nan,0,0,0,False,False,0.2688037408515811,9.29387153685093,0.5235914171207696,0.0,0.5235914171207696,10.08626669482328,0.0,10.08626669482328,10.568620035191998,4.504126655862619,cpu
68,1822346905,-10.0,ccop_jvp_profiled_3d,False,,14ced1e660b9e1fb728a,performance,3,1.25,0.55,0.75,1.2507117438431055,0.5499522631814532,0.7500800969227063,0.0007117438431054612,-4.773681854686185e-05,8.009692270627422e-05,0.0007178256188452195,5e-09,5.0069846417556636e-09,6.984641755663451e-12,0.006984641755663451,0.0006431050129506089,4.855033767394057e-12,0.0008217377396662661,0.023807483659373345,6.895036903643617,6.8955895613838285,False,False,True,CONVERGENCE: RELATIVE REDUCTION OF F <= FACTR*EPSMCH,13,17,3,6,True,5.827402334929617e-10,0.006466351008843471,24,18,4494,True,True,0.2714692410081625,9.417668107897043,0.45426811487413943,0.07893929909914732,0.5332074139732867,10.222344762878492,0.4227686158847064,10.645113378763199,10.658652036916465,6.8975325195788715,numpy_cpu
68,1822346905,-10.0,old_4d_jones_vp,False,,14ced1e660b9e1fb728a,performance,3,1.25,0.55,0.75,1.2856641928322048,0.5482092656836569,0.7549695824029629,0.03566419283220479,-0.0017907343163431344,0.004969582402962858,0.03605326793820852,5e-09,5.121395800095642e-09,1.2139580009564226e-10,0.12139580009564226,0.03222051161304368,1.850168969927776e-11,0.017380823547424026,0.10949191551681751,6.906035523177889,6.90651927108894,False,False,True,CONVERGENCE: RELATIVE REDUCTION OF F <= FACTR*EPSMCH,6,18,4,6,False,nan,nan,0,0,0,False,False,0.2714692410081625,9.417668107897043,0.4227686158847064,0.0,0.4227686158847064,10.111905964789912,0.0,10.111905964789912,10.658652036916465,6.8975325195788715,cpu
69,276072534,-10.0,ccop_jvp_profiled_3d,False,,e04e358981583f35ea28,performance,3,1.25,0.55,0.75,1.2498848215045735,0.5502802013631588,0.7514812021512731,-0.0001151784954265267,0.00028020136315876076,0.00148120215127312,0.0015118659671613966,5e-09,5.00056955698192e-09,5.695569819201071e-13,0.0005695569819201071,0.00012790079838931193,6.905453644654558e-13,6.141761015506567e-05,0.003435410414413397,1.9209702512908646,1.920971307254154,False,False,True,CONVERGENCE: NORM OF PROJECTED GRADIENT <= PGTOL,8,11,3,6,True,7.049941112960349e-11,0.0009941072377469581,23,12,3002,True,True,0.26816130708903074,9.434543755836785,0.32068652915768325,0.08023219392634928,0.40091872308403254,10.103623786009848,0.3764431111048907,10.480066897114739,10.493653850862756,1.921605983310376,numpy_cpu
69,276072534,-10.0,old_4d_jones_vp,False,,e04e358981583f35ea28,performance,3,1.25,0.55,0.75,1.2479850257047052,0.5509837023805099,0.7488381191630756,-0.002014974295294847,0.000983702380509821,-0.0011618808369243672,0.002525422511844646,5e-09,4.99373365415327e-09,-6.2663458467301715e-12,0.006266345846730172,0.0020606701066698987,1.1497783382228212e-12,0.00030366785783628424,0.007638913355689134,1.9210100830760795,1.9210111164703454,False,False,True,CONVERGENCE: RELATIVE REDUCTION OF F <= FACTR*EPSMCH,7,12,4,6,False,nan,nan,0,0,0,False,False,0.26816130708903074,9.434543755836785,0.3764431111048907,0.0,0.3764431111048907,10.079148174030706,0.0,10.079148174030706,10.493653850862756,1.921605983310376,cpu
70,2361737602,-10.0,ccop_jvp_profiled_3d,False,,cf6051cef3edac0547a5,performance,3,1.25,0.55,0.75,1.25006691351731,0.5500923570437678,0.7512153547398723,6.69135173099189e-05,9.235704376775455e-05,0.0012153547398723319,0.0012206942229987193,5e-09,4.9995468575945284e-09,-4.5314240547168383e-13,0.0004531424054716838,0.0001815065941502999,1.0407432507976187e-12,0.00010591469924981833,0.0037191518548181477,1.30662738369259,1.3066456420575814,False,False,True,CONVERGENCE: RELATIVE REDUCTION OF F <= FACTR*EPSMCH,13,16,3,6,True,2.5499273474620338e-11,0.0006940066289422693,24,17,4225,True,True,0.27308605914004147,9.511895389994606,0.4325901928823441,0.08160083508118987,0.514191027963534,10.299172477098182,0.37401650403626263,10.673188981134444,10.686739628901705,1.305965141492952,numpy_cpu
70,2361737602,-10.0,old_4d_jones_vp,False,,cf6051cef3edac0547a5,performance,3,1.25,0.55,0.75,1.2663351814048676,0.5535975291845247,0.7520049107394114,0.01633518140486756,0.003597529184524606,0.0020049107394114474,0.016846365626937004,5e-09,5.0528177990026035e-09,5.281779900260335e-11,0.052817799002603354,0.014317266591506225,1.2112264855562109e-11,0.005767919997647867,0.02744576917458907,1.3073621899783674,1.3073790177783584,False,False,True,CONVERGENCE: RELATIVE REDUCTION OF F <= FACTR*EPSMCH,7,12,4,6,False,nan,nan,0,0,0,False,False,0.27308605914004147,9.511895389994606,0.37401650403626263,0.0,0.37401650403626263,10.15899795317091,0.0,10.15899795317091,10.686739628901705,1.305965141492952,cpu
71,1463382397,-10.0,ccop_jvp_profiled_3d,False,,2c85355ff4115aa5d0cb,performance,3,1.25,0.55,0.75,1.2494385215594839,0.5500779975369847,0.7509390567499903,-0.0005614784405161277,7.799753698467526e-05,0.0009390567499902858,0.001096890712260076,5e-09,4.998103794483464e-09,-1.896205516535946e-12,0.0018962055165359462,0.00040857198895332563,5.375716084999226e-13,8.067751802149183e-05,0.003845081159745514,1.830525899230018,1.8305294706383086,False,False,True,CONVERGENCE: RELATIVE REDUCTION OF F <= FACTR*EPSMCH,13,17,3,6,True,6.272498334962942e-11,0.0009910163005373072,24,18,4448,True,True,0.26776351500302553,9.259093525120988,0.45499513507820666,0.07942636008374393,0.5344214951619506,10.061278535285965,0.3847263911738992,10.446004926459864,10.459584212861955,1.8325612249364778,numpy_cpu
71,1463382397,-10.0,old_4d_jones_vp,False,,2c85355ff4115aa5d0cb,performance,3,1.25,0.55,0.75,1.2873492688689236,0.5447358978838892,0.7561043895573026,0.037349268868923646,-0.005264102116110836,0.006104389557302636,0.03820919036042634,5e-09,5.122895195611149e-09,1.228951956111486e-10,0.1228951956111486,0.034288904900363695,1.3301765385039301e-11,0.01705883317590389,0.05591185582756245,1.833745050120556,1.8337491048903916,False,False,True,CONVERGENCE: RELATIVE REDUCTION OF F <= FACTR*EPSMCH,5,13,4,6,False,nan,nan,0,0,0,False,False,0.26776351500302553,9.259093525120988,0.3847263911738992,0.0,0.3847263911738992,9.911583431297913,0.0,9.911583431297913,10.459584212861955,1.8325612249364778,cpu
72,3823217008,-10.0,ccop_jvp_profiled_3d,False,,b1a1b50c3ff902a71d06,performance,3,1.25,0.55,0.75,1.2500911939114767,0.5497860622696772,0.7506758200064325,9.119391147671685e-05,-0.00021393773032285512,0.0006758200064325148,0.0007147155819209221,5e-09,5.003156028590429e-09,3.156028590428519e-12,0.003156028590428519,0.00019970599544224017,2.5632017903957837e-12,5.857559450622144e-05,0.0015959575872717161,0.43494960083203993,0.43494980230359775,False,False,True,CONVERGENCE: RELATIVE REDUCTION OF F <= FACTR*EPSMCH,11,14,3,6,True,1.4154744395989203e-11,0.00021838200643186848,23,15,3737,True,True,0.26827516802586615,9.331065811915323,0.38930072798393667,0.08013991708867252,0.4694406450726092,10.068781625013798,0.3942591261584312,10.46304075117223,10.476584488060325,0.4348364949329976,numpy_cpu
72,3823217008,-10.0,old_4d_jones_vp,False,,b1a1b50c3ff902a71d06,performance,3,1.25,0.55,0.75,1.238066536825793,0.5532457823254321,0.7485159754624972,-0.01193346317420696,0.003245782325432045,-0.0014840245375028482,0.012455720575789715,5e-09,4.96358890614204e-09,-3.641109385796043e-11,0.03641109385796043,0.011165476280013166,3.368193373764446e-12,0.004409620517766873,0.01384725218204086,0.43514304195080244,0.43514323643438346,False,False,True,CONVERGENCE: RELATIVE REDUCTION OF F <= FACTR*EPSMCH,9,14,4,6,False,nan,nan,0,0,0,False,False,0.26827516802586615,9.331065811915323,0.3942591261584312,0.0,0.3942591261584312,9.99360010609962,0.0,9.99360010609962,10.476584488060325,0.4348364949329976,cpu
73,208707498,-10.0,ccop_jvp_profiled_3d,False,,8cb89c03f394924ee5c7,performance,3,1.25,0.55,0.75,1.2507403312167158,0.5497621556727024,0.7512287184389027,0.0007403312167157949,-0.00023784432729767602,0.0012287184389027095,0.0014541008343891028,5e-09,4.99763501765736e-09,-2.3649823426398447e-12,0.0023649823426398447,0.000816764038450968,5.081762555424189e-12,4.492849633132107e-05,0.0037063975810333175,3.057537595356511,3.0575426183193968,False,False,True,CONVERGENCE: RELATIVE REDUCTION OF F <= FACTR*EPSMCH,12,16,3,6,True,8.454105140810411e-11,0.0016599292847797628,24,17,4199,True,True,0.2698937030509114,11.235529591795057,0.47618719609454274,0.07980475388467312,0.5559919499792159,12.061415244825184,0.57014647917822,12.631561724003404,12.645144406007603,3.057610236359716,numpy_cpu
73,208707498,-10.0,old_4d_jones_vp,False,,8cb89c03f394924ee5c7,performance,3,1.25,0.55,0.75,1.3307492478149756,0.5298580045807676,0.76064153265988,0.08074924781497561,-0.02014199541923245,0.010641532659879993,0.08390103229105121,5e-09,5.268175002747455e-09,2.681750027474546e-10,0.2681750027474546,0.07512824745321152,2.8607313945372933e-11,0.0858060245326822,0.16197573242694724,3.0832372802428796,3.0832423242179607,False,False,True,CONVERGENCE: RELATIVE REDUCTION OF F <= FACTR*EPSMCH,8,17,4,6,False,nan,nan,0,0,0,False,False,0.2698937030509114,11.235529591795057,0.57014647917822,0.0,0.57014647917822,12.075569774024189,0.0,12.075569774024189,12.645144406007603,3.057610236359716,cpu
74,1445709377,-10.0,ccop_jvp_profiled_3d,False,,7e4897195a7af2788bd1,performance,3,1.25,0.55,0.75,1.2494257358790022,0.5501568759049343,0.7509346326882446,-0.0005742641209978139,0.00015687590493429493,0.0009346326882445632,0.0011081189431417571,5e-09,4.9972211298590705e-09,-2.7788701409296523e-12,0.002778870140929652,0.00043339720120844837,1.3430491955646852e-12,7.443365111501826e-05,0.006637442370702412,5.914534843712127,5.914538308601169,False,False,True,CONVERGENCE: RELATIVE REDUCTION OF F <= FACTR*EPSMCH,11,16,3,6,True,1.6998498082372222e-10,0.0032384582441770202,24,17,4229,True,True,0.2921226129401475,9.639635470928624,0.4372383700683713,0.08155440213158727,0.5187927721999586,10.45055085606873,0.39937566104345024,10.84992651711218,10.872475252021104,5.918780089978252,numpy_cpu
74,1445709377,-10.0,old_4d_jones_vp,False,,7e4897195a7af2788bd1,performance,3,1.25,0.55,0.75,1.3174182865700483,0.5090261667943908,0.768470181277373,0.06741828657004834,-0.04097383320560921,0.018470181277372988,0.08102609436484806,5e-09,5.251106913538682e-09,2.5110691353868203e-10,0.25110691353868203,0.06840535533686012,5.234234111809103e-11,0.18956385316325985,0.33496070812593237,6.028978203149014,6.028982383140079,False,False,True,CONVERGENCE: RELATIVE REDUCTION OF F <= FACTR*EPSMCH,7,15,4,6,False,nan,nan,0,0,0,False,False,0.2921226129401475,9.639635470928624,0.39937566104345024,0.0,0.39937566104345024,10.331133744912222,0.0,10.331133744912222,10.872475252021104,5.918780089978252,cpu
75,1808319791,-10.0,ccop_jvp_profiled_3d,False,,cd43d0348f79b7f45491,performance,3,1.25,0.55,0.75,1.2500055296339432,0.5499517059905309,0.7501914387432952,5.529633943179846e-06,-4.8294009469151966e-05,0.0001914387432951914,0.00019751374796857634,5e-09,4.9941413286262125e-09,-5.85867137378765e-12,0.0058586713737876495,3.727842009484051e-05,5.965430969849737e-12,7.273101911201547e-05,0.008277986447683777,9.425056854055393,9.425070976764847,False,False,True,CONVERGENCE: RELATIVE REDUCTION OF F <= FACTR*EPSMCH,11,16,3,6,True,7.026121765525276e-10,0.005293610368798205,22,17,4255,True,True,0.2688171078916639,9.513802863890305,0.43304130691103637,0.0822488961275667,0.5152902030386031,10.297910174820572,0.4479730299208313,10.745883204741403,10.759429831057787,9.421710360265601,numpy_cpu
75,1808319791,-10.0,old_4d_jones_vp,False,,cd43d0348f79b7f45491,performance,3,1.25,0.55,0.75,1.2577419329549218,0.5450057501619666,0.7599386027499241,0.00774193295492176,-0.004994249838033427,0.009938602749924086,0.013551969670272992,5e-09,5.025783050425744e-09,2.57830504257441e-11,0.0257830504257441,0.008721361573307532,6.171893428875148e-12,0.002434421371217775,0.04789197537631422,9.427260167825189,9.42727337142678,False,False,True,CONVERGENCE: RELATIVE REDUCTION OF F <= FACTR*EPSMCH,10,21,4,6,False,nan,nan,0,0,0,False,False,0.2688171078916639,9.513802863890305,0.4479730299208313,0.0,0.4479730299208313,10.2305930017028,0.0,10.2305930017028,10.759429831057787,9.421710360265601,cpu
76,492355919,-10.0,ccop_jvp_profiled_3d,False,,12cff8aa3acdd30e84d4,performance,3,1.25,0.55,0.75,1.2499164074946765,0.5498903316283758,0.75199640323452,-8.359250532352647e-05,-0.0001096683716242941,0.0019964032345199945,0.0020011598470594206,5e-09,4.997009305339685e-09,-2.990694660315491e-12,0.002990694660315491,0.0001583355601258888,3.4892035343252183e-12,6.186949834662494e-05,0.004664259132853592,3.517300833846101,3.5173061166924335,False,False,True,CONVERGENCE: RELATIVE REDUCTION OF F <= FACTR*EPSMCH,12,17,3,6,True,3.5739637939307146e-10,0.0019082535505166231,20,18,4478,True,True,0.2721334018278867,9.332017122069374,0.4582388838753104,0.0820996300317347,0.5403385139070451,10.144489037804306,0.4859446759801358,10.630433713784441,10.644010493997484,3.5163228795752146,numpy_cpu
76,492355919,-10.0,old_4d_jones_vp,False,,12cff8aa3acdd30e84d4,performance,3,1.25,0.55,0.75,1.236591222207435,0.5508503551004282,0.742622227024472,-0.013408777792565107,0.0008503551004281906,-0.007377772975527996,0.015328077497378549,5e-09,4.958370405197172e-09,-4.162959480282821e-11,0.04162959480282821,0.012733060709524877,4.614621245810854e-12,0.008952386641656346,0.056106578914473314,3.5203514852575912,3.520356765447942,False,False,True,CONVERGENCE: RELATIVE REDUCTION OF F <= FACTR*EPSMCH,14,26,4,6,False,nan,nan,0,0,0,False,False,0.2721334018278867,9.332017122069374,0.4859446759801358,0.0,0.4859446759801358,10.090095199877396,0.0,10.090095199877396,10.644010493997484,3.5163228795752146,cpu
77,2205781370,-10.0,ccop_jvp_profiled_3d,False,,b60b9104edabc23c9777,performance,3,1.25,0.55,0.75,1.2511063615194264,0.5500959444497303,0.75188323598245,0.0011063615194264464,9.59444497302675e-05,0.0018832359824499934,0.002186279697270235,5e-09,5.00076259242571e-09,7.62592425709694e-13,0.0007625924257096939,0.001164753303028395,3.135669988369641e-12,7.500513233165016e-05,0.0033268711428712638,1.4761427765171398,1.4761431334650985,False,False,True,CONVERGENCE: RELATIVE REDUCTION OF F <= FACTR*EPSMCH,9,11,3,6,True,5.4828334700133866e-11,0.0007679124637987163,22,12,2984,True,True,0.27425602613948286,9.442629382945597,0.32082753302529454,0.08174759102985263,0.40257512405514717,10.119460533140227,0.7058401291724294,10.825300662312657,10.83888725982979,1.4756419003875387,numpy_cpu
77,2205781370,-10.0,old_4d_jones_vp,False,,b60b9104edabc23c9777,performance,3,1.25,0.55,0.75,1.251142845421881,0.5501152806012443,0.7543668151912377,0.0011428454218809225,0.00011528060124421646,0.004366815191237716,0.004515358257077937,5e-09,5.001685057788191e-09,1.6850577881911498e-12,0.0016850577881911497,0.0014545008972999002,3.208439449038537e-12,0.00010412100035197056,0.0039197616104762545,1.4761444769908427,1.4761448295053445,False,False,True,CONVERGENCE: RELATIVE REDUCTION OF F <= FACTR*EPSMCH,44,54,4,6,False,nan,nan,0,0,0,False,False,0.27425602613948286,9.442629382945597,0.7058401291724294,0.0,0.7058401291724294,10.42272553825751,0.0,10.42272553825751,10.83888725982979,1.4756419003875387,cpu
78,3459944134,-10.0,ccop_jvp_profiled_3d,False,,296a6e1f6eeec4f7906e,performance,3,1.25,0.55,0.75,1.9040666075290045,0.4461002453125758,0.8677773262455573,0.6540666075290045,-0.10389975468742424,0.11777732624555726,0.6726587431128508,5e-09,6.978090126936502e-09,1.9780901269365016e-09,1.9780901269365017,0.5923449530652546,1.9811191034262943e-10,0.9872509479210148,0.44671550642046065,2.222323511621134,2.2226187027705477,True,False,True,CONVERGENCE: RELATIVE REDUCTION OF F <= FACTR*EPSMCH,14,16,3,6,True,2.2282759940557142e-10,1.6556323841703035e-05,13,17,3959,True,True,0.27312245685607195,9.18163110804744,0.430058830184862,0.08114382019266486,0.5112026503775269,9.96595621528104,0.4278022719081491,10.393758487189189,10.407305140979588,2.0213173165011202,numpy_cpu
78,3459944134,-10.0,old_4d_jones_vp,False,,296a6e1f6eeec4f7906e,performance,3,1.25,0.55,0.75,1.8565935282766903,0.38410180098204616,0.9072692812163977,0.6065935282766903,-0.16589819901795388,0.15726928121639772,0.648237261964234,5e-09,1e-08,5e-09,5.0,0.5645070846004371,3.134183253507374e-09,0.9957919599857218,0.4486436818179571,2.2240317761552433,2.2240912426927273,True,False,True,CONVERGENCE: RELATIVE REDUCTION OF F <= FACTR*EPSMCH,4,18,4,6,False,nan,nan,0,0,0,False,False,0.27312245685607195,9.18163110804744,0.4278022719081491,0.0,0.4278022719081491,9.882555836811662,0.0,9.882555836811662,10.407305140979588,2.0213173165011202,cpu
79,1745735286,-10.0,ccop_jvp_profiled_3d,False,,01b7c7c11579a10e4ecd,performance,3,1.25,0.55,0.75,1.2483123650336458,0.5500679593403829,0.7509834937682951,-0.0016876349663541568,6.795934038283935e-05,0.0009834937682950962,0.001954479532735443,5e-09,4.998270042740562e-09,-1.7299572594377007e-12,0.0017299572594377008,0.0013967146313652835,2.9420226448276416e-12,0.00011135593437386686,0.005333461041856643,2.5544486325358333,2.5544548325747876,False,False,True,CONVERGENCE: RELATIVE REDUCTION OF F <= FACTR*EPSMCH,14,17,3,6,True,7.549982743637489e-11,0.0013721712858807587,23,18,4494,True,True,0.26892431592568755,9.63619051198475,0.45655305217951536,0.08087759301997721,0.5374306451994926,10.44254547310993,0.37766903592273593,10.820214509032667,10.833777823951095,2.55449400563589,numpy_cpu
79,1745735286,-10.0,old_4d_jones_vp,False,,01b7c7c11579a10e4ecd,performance,3,1.25,0.55,0.75,1.251074877581193,0.5498510424970118,0.7501601362060377,0.0010748775811930678,-0.00014895750298826727,0.00016013620603771983,0.0010969018902035471,5e-09,5.006923727637849e-09,6.923727637848948e-12,0.006923727637848948,0.000985721262332786,3.6584850492019545e-12,9.214206349636805e-05,0.004851560046710676,2.5544649836979074,2.554471255362339,False,False,True,CONVERGENCE: RELATIVE REDUCTION OF F <= FACTR*EPSMCH,6,12,4,6,False,nan,nan,0,0,0,False,False,0.26892431592568755,9.63619051198475,0.37766903592273593,0.0,0.37766903592273593,10.282783863833174,0.0,10.282783863833174,10.833777823951095,2.55449400563589,cpu
80,2169855254,-10.0,ccop_jvp_profiled_3d,False,,9ec602aa3d9a77de6a53,performance,3,1.25,0.55,0.75,1.2500742530658762,0.5498222023993936,0.7504599478536527,7.425306587616198e-05,-0.00017779760060643302,0.00045994785365266466,0.0004986757790920944,5e-09,4.998071842144594e-09,-1.9281578554059304e-12,0.0019281578554059303,0.00015544534456752988,2.4045977043034475e-12,0.00012165079314098335,0.0040091582205946195,1.3216135675619034,1.3216163579368312,False,False,True,CONVERGENCE: NORM OF PROJECTED GRADIENT <= PGTOL,13,16,3,6,True,2.659952446428992e-11,0.0007101994570455244,24,17,4265,True,True,0.2727483371272683,9.244872954208404,0.4346479701343924,0.08014970109798014,0.5147976712323725,10.032418962568045,0.5461522908881307,10.578571253456175,10.592125477967784,1.321269613025359,numpy_cpu
80,2169855254,-10.0,old_4d_jones_vp,False,,9ec602aa3d9a77de6a53,performance,3,1.25,0.55,0.75,1.223644750585403,0.5704817873680214,0.7452601696305351,-0.026355249414597104,0.02048178736802131,-0.0047398303694649035,0.03371303571952191,5e-09,4.886028458946261e-09,-1.1397154105373918e-10,0.11397154105373919,0.027669227407422753,3.372642338690624e-11,0.017507297873052656,0.04809559302664626,1.3239391812279022,1.3239414555177058,False,False,True,CONVERGENCE: RELATIVE REDUCTION OF F <= FACTR*EPSMCH,23,34,4,6,False,nan,nan,0,0,0,False,False,0.2727483371272683,9.244872954208404,0.5461522908881307,0.0,0.5461522908881307,10.063773582223803,0.0,10.063773582223803,10.592125477967784,1.321269613025359,cpu
81,2182675081,-10.0,ccop_jvp_profiled_3d,False,,594857458ce4b1dded94,performance,3,1.25,0.55,0.75,1.2497135062064937,0.549707001074669,0.7497870677089954,-0.000286493793506315,-0.0002929989253310783,-0.0002129322910046083,0.0004618086449118044,5e-09,4.999503158253237e-09,-4.968417467628149e-13,0.0004968417467628149,0.00027460241181777957,5.737926426642869e-13,7.191689901828311e-05,0.0019697827317609927,0.5396913336710735,0.5396927453672857,False,False,True,CONVERGENCE: RELATIVE REDUCTION OF F <= FACTR*EPSMCH,13,16,3,6,True,3.906776372132684e-11,0.0002871351081035905,24,17,4245,True,True,0.2749332101084292,9.41691432101652,0.43399443197995424,0.08170991903170943,0.5157043510116637,10.207551882136613,0.609255240065977,10.81680712220259,10.830412155017257,0.5395177021408338,numpy_cpu
81,2182675081,-10.0,old_4d_jones_vp,False,,594857458ce4b1dded94,performance,3,1.25,0.55,0.75,1.253217735960618,0.549607362546025,0.7495386458461663,0.003217735960618029,-0.0003926374539749977,-0.00046135415383374845,0.0032742688554512523,5e-09,5.0102743913552575e-09,1.027439135525739e-11,0.010274391355257389,0.002844749698179624,1.130749419935548e-12,0.00031871937140530264,0.004146742611838328,0.5397051723255143,0.5397065915791788,False,False,True,CONVERGENCE: RELATIVE REDUCTION OF F <= FACTR*EPSMCH,23,42,4,6,False,nan,nan,0,0,0,False,False,0.2749332101084292,9.41691432101652,0.609255240065977,0.0,0.609255240065977,10.301102771190926,0.0,10.301102771190926,10.830412155017257,0.5395177021408338,cpu
82,585321039,-10.0,ccop_jvp_profiled_3d,False,,24e95382bee075802db1,performance,3,1.25,0.55,0.75,1.2505730700494953,0.5501573300841778,0.7503141108921445,0.0005730700494952501,0.00015733008417773142,0.0003141108921445035,0.0006721812921970354,5e-09,5.00338860577658e-09,3.3886057765801295e-12,0.0033886057765801295,0.0005260482289358922,1.7361774788083552e-12,7.246118001607125e-05,0.007534211080857162,7.839191739160619,7.839215660395116,False,False,True,CONVERGENCE: RELATIVE REDUCTION OF F <= FACTR*EPSMCH,13,18,3,6,True,7.267588999740029e-10,0.0039059924590731346,21,19,4757,True,True,0.2715691321063787,9.26503328490071,0.4791651691775769,0.08128237188793719,0.5604475410655141,10.097049958072603,0.5570342170540243,10.654084175126627,10.667648062109947,7.833758241077413,numpy_cpu
82,585321039,-10.0,old_4d_jones_vp,False,,24e95382bee075802db1,performance,3,1.25,0.55,0.75,1.2340582611813382,0.5458796096603992,0.7395146019735793,-0.015941738818661788,-0.004120390339600877,-0.010485398026420678,0.019520763942160946,5e-09,4.947264817288304e-09,-5.2735182711695744e-11,0.05273518271169574,0.014847640377743429,1.2268389171194404e-11,0.008535296014254541,0.08177007123129075,7.846281610771581,7.846303079513467,False,False,True,CONVERGENCE: RELATIVE REDUCTION OF F <= FACTR*EPSMCH,16,35,4,6,False,nan,nan,0,0,0,False,False,0.2715691321063787,9.26503328490071,0.5570342170540243,0.0,0.5570342170540243,10.093636634061113,0.0,10.093636634061113,10.667648062109947,7.833758241077413,cpu
83,3559797852,-10.0,ccop_jvp_profiled_3d,False,,111e6cffa66a30a5ae36,performance,3,1.25,0.55,0.75,1.2499528266372515,0.5498547626735222,0.7501856357794405,-4.717336274850936e-05,-0.00014523732647786503,0.00018563577944052945,0.00024037439498401925,5e-09,4.994513704567774e-09,-5.4862954322261545e-12,0.005486295432226155,6.445543943016929e-05,5.490287456820897e-12,6.386653860918736e-05,0.004490734570953695,3.154996624156762,3.1550010161496247,False,False,True,CONVERGENCE: RELATIVE REDUCTION OF F <= FACTR*EPSMCH,12,16,3,6,True,3.0642527668706385e-10,0.001806238594692287,22,17,4211,True,True,0.2724596799816936,9.30530467396602,0.4329626578837633,0.08096247492358088,0.5139251328073442,10.091689486755058,0.384596613002941,10.476286099758,10.48984658299014,3.1576311204467866,numpy_cpu
83,3559797852,-10.0,old_4d_jones_vp,False,,111e6cffa66a30a5ae36,performance,3,1.25,0.55,0.75,1.2546177049523846,0.5491838912351634,0.7541591908445784,0.00461770495238456,-0.0008161087648366205,0.0041591908445783865,0.006268022098313368,5e-09,5.011573368987929e-09,1.1573368987928506e-11,0.011573368987928505,0.004621249142067832,4.044912355686404e-12,0.0002620435799238558,0.009096356209388753,3.1550578596577883,3.1550622160388713,False,False,True,CONVERGENCE: RELATIVE REDUCTION OF F <= FACTR*EPSMCH,5,13,4,6,False,nan,nan,0,0,0,False,False,0.2724596799816936,9.30530467396602,0.384596613002941,0.0,0.384596613002941,9.962360966950655,0.0,9.962360966950655,10.48984658299014,3.1576311204467866,cpu
84,3524806291,-10.0,ccop_jvp_profiled_3d,False,,070835f71a23836e51a6,performance,3,1.25,0.55,0.75,1.249935342508993,0.5500021014993379,0.7487767920225413,-6.465749100703633e-05,2.101499337880952e-06,-0.0012232079774586735,0.001224917451733516,5e-09,4.995511713443367e-09,-4.4882865566331065e-12,0.004488286556633106,0.0001867448185910512,3.880634473446056e-12,0.0010664357120040912,0.017343130091591136,2.8226898083289598,2.8229626518537847,False,False,True,CONVERGENCE: NORM OF PROJECTED GRADIENT <= PGTOL,19,27,3,6,True,9.519847814228448e-11,0.0015981971919856093,24,28,6998,True,True,0.2720070381183177,9.36519122403115,0.6815337289590389,0.07932661683298647,0.7608603457920253,10.398058607941493,0.40988216106779873,10.807940769009292,10.821481775958091,2.8204621993444734,numpy_cpu
84,3524806291,-10.0,old_4d_jones_vp,False,,070835f71a23836e51a6,performance,3,1.25,0.55,0.75,1.2653622542129754,0.5552972097039444,1.1499914940125675,0.015362254212975435,0.005297209703944317,0.3999914940125675,0.40032143905561374,5e-09,5.1167695806929855e-09,1.1676958069298544e-10,0.11676958069298544,0.03572513994503694,4.15337038037428e-11,0.09628641390117115,0.16479447524680205,2.8499594131810433,2.8502075600927803,True,False,True,CONVERGENCE: RELATIVE REDUCTION OF F <= FACTR*EPSMCH,7,16,4,6,False,nan,nan,0,0,0,False,False,0.2720070381183177,9.36519122403115,0.40988216106779873,0.0,0.40988216106779873,10.047080423217267,0.0,10.047080423217267,10.821481775958091,2.8204621993444734,cpu
85,1193988510,-10.0,ccop_jvp_profiled_3d,False,,8855051557923972ec2e,performance,3,1.25,0.55,0.75,1.2498451732101266,0.5499777014471897,0.750173059924088,-0.00015482678987344123,-2.229855281032922e-05,0.00017305992408800375,0.00023327729774947107,5e-09,5.000734042840535e-09,7.34042840534979e-13,0.0007340428405349789,0.00011661786453982857,1.1187059844745688e-12,4.3016916438549664e-05,0.004948792187171661,5.689958522530546,5.689967121914627,False,False,True,CONVERGENCE: RELATIVE REDUCTION OF F <= FACTR*EPSMCH,13,17,3,6,True,1.4149176598149728e-10,0.002979158228131364,22,18,4458,True,True,0.2741395968478173,9.434774149907753,0.45611359900794923,0.0818743051495403,0.5379879041574895,10.24690165091306,0.38714464101940393,10.634046291932464,10.647607078077272,5.693235624360919,numpy_cpu
85,1193988510,-10.0,old_4d_jones_vp,False,,8855051557923972ec2e,performance,3,1.25,0.55,0.75,1.25467815550029,0.5481160562294581,0.7490498007550035,0.004678155500289938,-0.001883943770541907,-0.000950199244996508,0.00513198417969586,5e-09,5.015940627714596e-09,1.5940627714596296e-11,0.015940627714596294,0.004328380468658718,2.4322633301398365e-12,0.0008613188606979897,0.022144279671418198,5.690454630143702,5.690463506160652,False,False,True,CONVERGENCE: RELATIVE REDUCTION OF F <= FACTR*EPSMCH,5,13,4,6,False,nan,nan,0,0,0,False,False,0.2741395968478173,9.434774149907753,0.38714464101940393,0.0,0.38714464101940393,10.096058387774974,0.0,10.096058387774974,10.647607078077272,5.693235624360919,cpu
86,550426581,-10.0,ccop_jvp_profiled_3d,False,,ef559bc438ddcbb2ce27,performance,3,1.25,0.55,0.75,1.2505403809354645,0.5500788527295698,1.414231083825723,0.0005403809354644906,7.885272956975609e-05,0.664231083825723,0.6642313083178202,5e-09,5.0040080692788295e-09,4.00806927882936e-12,0.00400806927882936,0.019486670571096185,6.248197991709804e-11,0.01998921059347706,0.08441786964477402,3.574318731254412,3.5743304540358523,True,False,True,CONVERGENCE: NORM OF PROJECTED GRADIENT <= PGTOL,13,16,3,6,True,1.2593486512284794e-10,0.0017399882815026114,26,17,4267,True,True,0.27247298997826874,9.418013446964324,0.4340339240152389,0.08170135086402297,0.5157352748792619,10.206221711821854,0.5377477698493749,10.743969481671229,10.757586148101836,3.5651116296146577,numpy_cpu
86,550426581,-10.0,old_4d_jones_vp,False,,ef559bc438ddcbb2ce27,performance,3,1.25,0.55,0.75,1.2642245240411325,0.540001244547781,1.4468588094108588,0.014224524041132502,-0.009998755452219066,0.6968588094108588,0.6970756863126913,5e-09,5.0380995294608635e-09,3.80995294608634e-11,0.0380995294608634,0.028340302903246233,6.571672087219524e-11,0.0352611615502868,0.11212046071821458,3.57961653338362,3.579628409305798,True,True,True,CONVERGENCE: RELATIVE REDUCTION OF F <= FACTR*EPSMCH,19,33,4,6,False,nan,nan,0,0,0,False,False,0.27247298997826874,9.418013446964324,0.5377477698493749,0.0,0.5377477698493749,10.228234206791967,0.0,10.228234206791967,10.757586148101836,3.5651116296146577,cpu
87,3783487590,-10.0,ccop_jvp_profiled_3d,False,,aa6c1249e3a3fa755de6,performance,3,1.25,0.55,0.75,1.2496139181299704,0.5499922368714983,0.7496504444426286,-0.000386081870029642,-7.763128501703243e-06,-0.00034955555737137267,0.0005208728868149411,5e-09,4.9943807330413355e-09,-5.619266958664595e-12,0.005619266958664595,0.0003769742360275503,4.377232065832156e-12,9.191748376278354e-05,0.0038253909522858614,1.5901185150433157,1.590121602425714,False,False,True,CONVERGENCE: NORM OF PROJECTED GRADIENT <= PGTOL,12,15,3,6,True,5.882519398106504e-11,0.0009120679995037284,25,16,4018,True,True,0.26928604301065207,9.261238534934819,1.6376090380363166,0.07993442891165614,1.7175434669479728,11.248068044893444,0.4983379382174462,11.74640598311089,11.760259703965858,1.5920383520937498,numpy_cpu
87,3783487590,-10.0,old_4d_jones_vp,False,,aa6c1249e3a3fa755de6,performance,3,1.25,0.55,0.75,1.237844537666012,0.5516831319512555,0.7433785684552451,-0.012155462333987899,0.0016831319512554677,-0.006621431544754919,0.013943871536277543,5e-09,4.954984458788953e-09,-4.501554121104691e-11,0.04501554121104691,0.0116574396363162,7.24581258312009e-12,0.0030110251491799653,0.021894445680613356,1.5905517716864495,1.5905548781132666,False,False,True,CONVERGENCE: RELATIVE REDUCTION OF F <= FACTR*EPSMCH,16,27,4,6,False,nan,nan,0,0,0,False,False,0.26928604301065207,9.261238534934819,0.4983379382174462,0.0,0.4983379382174462,10.028862516162917,0.0,10.028862516162917,11.760259703965858,1.5920383520937498,cpu
88,2951315003,-10.0,ccop_jvp_profiled_3d,False,,117a186710fd8c6d48bc,performance,3,1.25,0.55,0.75,1.8268592297064974,0.6190889275846098,1.1417181371001999,0.5768592297064974,0.06908892758460972,0.39171813710019987,0.7007017552037499,5e-09,6.751568683147319e-09,1.7515686831473187e-09,1.7515686831473187,0.5186386346604375,3.5813143941969375e-10,0.9935682495616336,0.5363355017476963,3.1810289316494735,3.181140070147225,True,False,True,CONVERGENCE: RELATIVE REDUCTION OF F <= FACTR*EPSMCH,15,16,3,6,True,1.1941637860803005e-10,1.0334444226630053e-05,15,17,3963,True,True,0.3143618630710989,9.377132593886927,0.43414745503105223,0.0792332268320024,0.5133806818630546,10.20487513882108,0.5091451399493963,10.714020278770477,10.741832396946847,2.895178771683422,numpy_cpu
88,2951315003,-10.0,old_4d_jones_vp,False,,117a186710fd8c6d48bc,performance,3,1.25,0.55,0.75,1.7794147929099475,0.596920052341346,0.9987080711429633,0.5294147929099475,0.046920052341346,0.24870807114296334,0.5868025382658553,5e-09,6.629751242898196e-09,1.6297512428981958e-09,1.6297512428981957,0.47610102426450257,2.9931140258922194e-10,0.9953103125434113,0.5368054850794011,3.181512097764395,3.181560935208456,True,False,True,CONVERGENCE: RELATIVE REDUCTION OF F <= FACTR*EPSMCH,10,28,4,6,False,nan,nan,0,0,0,False,False,0.3143618630710989,9.377132593886927,0.5091451399493963,0.0,0.5091451399493963,10.200639596907422,0.0,10.200639596907422,10.741832396946847,2.895178771683422,cpu
89,2084992833,-10.0,ccop_jvp_profiled_3d,False,,ca9532d197115726de64,performance,3,1.25,0.55,0.75,1.2505506847334076,0.550149390728863,0.7499918264799398,0.0005506847334075804,0.00014939072886299698,-8.17352006021732e-06,0.000570647064224964,5e-09,5.007730628543208e-09,7.730628543208018e-12,0.007730628543208018,0.00047341207823213067,6.2103460235367585e-12,8.147937327290805e-05,0.0028914382019089666,1.0255337227875134,1.0255366097760101,False,False,True,CONVERGENCE: RELATIVE REDUCTION OF F <= FACTR*EPSMCH,12,15,3,6,True,3.2025288946320036e-11,0.0009435137688610755,25,16,4034,True,True,0.27053249487653375,9.550556089961901,0.41407517809420824,0.0794712039642036,0.49354638205841184,10.314634966896847,0.39859638595953584,10.713231352856383,10.726796234026551,1.0260774647168787,numpy_cpu
89,2084992833,-10.0,old_4d_jones_vp,False,,ca9532d197115726de64,performance,3,1.25,0.55,0.75,1.2655263069360092,0.5422752830403851,0.7528120605764377,0.015526306936009204,-0.007724716959614963,0.0028120605764376805,0.017568299401560915,5e-09,5.058280922703059e-09,5.828092270305863e-11,0.058280922703058624,0.015270242786484376,1.1253990196662764e-11,0.014784258598257825,0.03894842048173338,1.0270129113116098,1.0270158748641613,False,False,True,CONVERGENCE: RELATIVE REDUCTION OF F <= FACTR*EPSMCH,9,15,4,6,False,nan,nan,0,0,0,False,False,0.27053249487653375,9.550556089961901,0.39859638595953584,0.0,0.39859638595953584,10.219684970797971,0.0,10.219684970797971,10.726796234026551,1.0260774647168787,cpu
90,1310474418,-10.0,ccop_jvp_profiled_3d,False,,f21bbad8505a36128143,performance,3,1.25,0.55,0.75,1.2496396051683782,0.5501010466604452,0.7490195604450401,-0.00036039483162175756,0.00010104666044519206,-0.0009804395549598555,0.0010494553745522867,5e-09,5.00009798355449e-09,9.798355448952195e-14,9.798355448952195e-05,0.00043533668617035966,1.5494894914666752e-12,6.618356562807774e-05,0.003101033156928284,1.4517782272617366,1.4517804422872604,False,False,True,CONVERGENCE: RELATIVE REDUCTION OF F <= FACTR*EPSMCH,14,17,3,6,True,5.3251005016453936e-11,0.0007585803106052413,22,18,4480,True,True,0.27308529103174806,9.279659881955013,0.45912698307074606,0.07825922803021967,0.5373862111009657,10.090131384087726,0.3931685099378228,10.48329989402555,10.49693272006698,1.4529901115344206,numpy_cpu
90,1310474418,-10.0,old_4d_jones_vp,False,,f21bbad8505a36128143,performance,3,1.25,0.55,0.75,1.2249060528080933,0.5625336369183804,0.739495359170905,-0.025093947191906718,0.012533636918380386,-0.010504640829094969,0.029952390873188735,5e-09,4.912242745542895e-09,-8.775725445710481e-11,0.0877572544571048,0.025339989285940414,1.3564504402478311e-11,0.01856482629441864,0.051936989735779246,1.4544115852741262,1.4544142481018933,False,False,True,CONVERGENCE: RELATIVE REDUCTION OF F <= FACTR*EPSMCH,7,14,4,6,False,nan,nan,0,0,0,False,False,0.27308529103174806,9.279659881955013,0.3931685099378228,0.0,0.3931685099378228,9.945913682924584,0.0,9.945913682924584,10.49693272006698,1.4529901115344206,cpu
91,4114984733,-10.0,ccop_jvp_profiled_3d,False,,53bf3e0173f96cd227eb,performance,3,1.25,0.55,0.75,1.249908040745458,0.5502786489731126,0.7499721450731155,-9.195925454208442e-05,0.00027864897311258296,-2.7854926884507414e-05,0.00029475015125420055,5e-09,5.000593098911917e-09,5.930989119171621e-13,0.0005930989119171621,0.0001689883493489565,1.0812227286069435e-12,4.894094654618304e-05,0.004869863403976495,4.846990071612925,4.846994300097158,False,False,True,CONVERGENCE: RELATIVE REDUCTION OF F <= FACTR*EPSMCH,9,15,3,6,True,1.0718119866064553e-10,0.0025320186133180496,23,16,3976,True,True,0.27079379302449524,9.630146951880306,0.41547983582131565,0.0784885638859123,0.49396839970722795,10.39490914461203,0.39031010097824037,10.78521924559027,10.798781926045194,4.845752125167826,numpy_cpu
91,4114984733,-10.0,old_4d_jones_vp,False,,53bf3e0173f96cd227eb,performance,3,1.25,0.55,0.75,1.2444522957151132,0.5538231457387348,0.7439479979209074,-0.005547704284886823,0.003823145738734768,-0.006052002079092622,0.009056500170457617,5e-09,4.981591456174037e-09,-1.8408543825962883e-11,0.018408543825962884,0.006210419560312299,4.629409597834219e-12,0.002586261925880994,0.03540110764309313,4.848115510946181,4.848119607139915,False,False,True,CONVERGENCE: RELATIVE REDUCTION OF F <= FACTR*EPSMCH,5,13,4,6,False,nan,nan,0,0,0,False,False,0.27079379302449524,9.630146951880306,0.39031010097824037,0.0,0.39031010097824037,10.291250845883042,0.0,10.291250845883042,10.798781926045194,4.845752125167826,cpu
92,71488209,-10.0,ccop_jvp_profiled_3d,False,,3fd31160fc8c81fe2561,performance,3,1.25,0.55,0.75,1.2504707714937742,0.5497323832254504,0.7506770334968034,0.00047077149377416916,-0.0002676167745496727,0.0006770334968033698,0.0008669595683562939,5e-09,4.996409388696409e-09,-3.5906113035907504e-12,0.0035906113035907503,0.0005307009903336162,5.344564848118683e-12,7.025685814603133e-05,0.004804379786702203,3.287248901130774,3.287253360206683,False,False,True,CONVERGENCE: NORM OF PROJECTED GRADIENT <= PGTOL,16,23,3,6,True,8.75045033493224e-11,0.0018211103791268518,25,24,5912,True,True,0.2740093299653381,9.755642254138365,0.5939614030066878,0.08075259206816554,0.6747139950748533,10.704365579178557,0.5391828618012369,11.243548440979794,11.257089936872944,3.2853824870585666,numpy_cpu
92,71488209,-10.0,old_4d_jones_vp,False,,3fd31160fc8c81fe2561,performance,3,1.25,0.55,0.75,1.1650283691398091,0.5910270915270975,0.7266467991703986,-0.08497163086019088,0.04102709152709749,-0.02335320082960135,0.09720479555660344,5e-09,4.689840774379409e-09,-3.101592256205913e-10,0.3101592256205913,0.08441617923554173,5.1910600332951986e-11,0.21129314128627688,0.26347272838332214,3.3570717293210106,3.357076059650222,False,False,True,CONVERGENCE: RELATIVE REDUCTION OF F <= FACTR*EPSMCH,15,33,4,6,False,nan,nan,0,0,0,False,False,0.2740093299653381,9.755642254138365,0.5391828618012369,0.0,0.5391828618012369,10.56883444590494,0.0,10.56883444590494,11.257089936872944,3.2853824870585666,cpu
93,3636486471,-10.0,ccop_jvp_profiled_3d,False,,fa276617798bcac95984,performance,3,1.25,0.55,0.75,1.2508761625275209,0.550541650096604,1.4333818811500085,0.000876162527520874,0.0005416500966040072,0.6833818811500085,0.6833826574692441,5e-09,5.0144416117203606e-09,1.4441611720360457e-11,0.014441611720360457,0.019168612346350682,5.64572642458999e-11,0.061139200378126056,0.12306290322774945,2.4910638067932918,2.4910680566162378,True,True,True,CONVERGENCE: RELATIVE REDUCTION OF F <= FACTR*EPSMCH,12,15,3,6,True,2.2087818699277242e-10,0.0019549293148864995,21,16,3986,True,True,0.27612332184799016,9.391853736015037,0.4145015680696815,0.07870502700097859,0.4932065950706601,10.161183652933687,0.38006774010136724,10.541251393035054,10.554833207046613,2.4770487767551788,numpy_cpu
93,3636486471,-10.0,old_4d_jones_vp,False,,fa276617798bcac95984,performance,3,1.25,0.55,0.75,1.2706785030930705,0.5351848827439054,1.4498476542760474,0.02067850309307051,-0.014815117256094634,0.6998476542760474,0.700309808145772,5e-09,5.085677995014194e-09,8.567799501419351e-11,0.08567799501419351,0.03381054608148616,5.367059673076712e-11,0.08262011621591037,0.143057351369298,2.4961564986046,2.496161370174392,True,True,True,CONVERGENCE: RELATIVE REDUCTION OF F <= FACTR*EPSMCH,6,13,4,6,False,nan,nan,0,0,0,False,False,0.27612332184799016,9.391853736015037,0.38006774010136724,0.0,0.38006774010136724,10.048044797964394,0.0,10.048044797964394,10.554833207046613,2.4770487767551788,cpu
94,3275046052,-10.0,ccop_jvp_profiled_3d,False,,a1c8d24b74dd43b61a06,performance,3,1.25,0.55,0.75,1.250504628652146,0.5496952826890933,0.7499181258001953,0.0005046286521459553,-0.0003047173109067547,-8.18741998046546e-05,0.0005951521660269245,5e-09,5.001810437836639e-09,1.8104378366388849e-12,0.001810437836638885,0.0004907714066708421,3.85564535128963e-13,7.580678699197124e-05,0.005127068301087611,3.4673022251427557,3.4673092491256665,False,False,True,CONVERGENCE: RELATIVE REDUCTION OF F <= FACTR*EPSMCH,14,19,3,6,True,1.2895388225789975e-10,0.0017762578051765505,25,20,5000,True,True,0.2726563529577106,9.213853049091995,0.5104766900185496,0.07638269104063511,0.5868593810591847,10.07336878310889,0.46241752011701465,10.535786303225905,10.549410302890465,3.4676089578630336,numpy_cpu
94,3275046052,-10.0,old_4d_jones_vp,False,,a1c8d24b74dd43b61a06,performance,3,1.25,0.55,0.75,1.3071908810145678,0.5251771889844064,0.7599693587318709,0.05719088101456782,-0.024822811015593693,0.009969358731870881,0.06313760314949454,5e-09,5.2005609967155904e-09,2.0056099671559034e-10,0.20056099671559033,0.05539767233654186,3.05900645881462e-11,0.07691269567155053,0.16331048725787992,3.493678879772578,3.493685391375697,False,False,True,CONVERGENCE: RELATIVE REDUCTION OF F <= FACTR*EPSMCH,7,22,4,6,False,nan,nan,0,0,0,False,False,0.2726563529577106,9.213853049091995,0.46241752011701465,0.0,0.46241752011701465,9.94892692216672,0.0,9.94892692216672,10.549410302890465,3.4676089578630336,cpu
95,3761732235,-10.0,ccop_jvp_profiled_3d,False,,52be20b1eeb3facaefa5,performance,3,1.25,0.55,0.75,1.2498682476663954,0.5502545919036212,0.7491603603924486,-0.0001317523336046289,0.0002545919036212041,-0.0008396396075514012,0.0008872262312222316,5e-09,4.995182580142319e-09,-4.817419857681171e-12,0.004817419857681171,0.0002594017982146696,4.026722489602855e-12,5.502049799677189e-05,0.004704411235602187,4.022735161998173,4.0227403449895265,False,False,True,CONVERGENCE: RELATIVE REDUCTION OF F <= FACTR*EPSMCH,12,16,3,6,True,3.68997173792248e-10,0.002274862514386892,23,17,4249,True,True,0.27173000504262745,9.341756622074172,0.4397659080568701,0.07864014594815671,0.5184060540050268,10.131892681121826,0.498570293886587,10.630462975008413,10.644042768049985,4.022407262645771,numpy_cpu
95,3761732235,-10.0,old_4d_jones_vp,False,,52be20b1eeb3facaefa5,performance,3,1.25,0.55,0.75,1.244182489481851,0.553590395005048,0.7478523294182379,-0.005817510518149049,0.003590395005047986,-0.002147670581762129,0.007165671904909883,5e-09,4.9751415931160536e-09,-2.485840688394653e-11,0.02485840688394653,0.005989047183613277,6.526126255047088e-12,0.0013378844114706107,0.02319809469176276,4.023204565388371,4.0232097449335145,False,False,True,CONVERGENCE: RELATIVE REDUCTION OF F <= FACTR*EPSMCH,15,27,4,6,False,nan,nan,0,0,0,False,False,0.27173000504262745,9.341756622074172,0.498570293886587,0.0,0.498570293886587,10.112056921003386,0.0,10.112056921003386,10.644042768049985,4.022407262645771,cpu
96,120357199,-10.0,ccop_jvp_profiled_3d,False,,c299b8a31a52db394765,performance,3,1.25,0.55,0.75,1.250472769739569,0.5499351466655924,0.7493286147227511,0.00047276973956900115,-6.485333440764407e-05,-0.0006713852772488593,0.0008236961649433962,5e-09,5.005845635199502e-09,5.8456351995019324e-12,0.005845635199501932,0.0003560943090848623,4.659642801471134e-12,6.169556358209414e-05,0.004489833088866435,3.2673372341889957,3.2673429041148783,False,False,True,CONVERGENCE: RELATIVE REDUCTION OF F <= FACTR*EPSMCH,13,16,3,6,True,1.5658380647360304e-10,0.0030661412210071176,24,17,4245,True,True,0.2760165489744395,9.492032210109755,0.43593408609740436,0.07891368912532926,0.5148477752227336,10.282896534306929,0.3765787440352142,10.659475278342143,10.673041576053947,3.267431237427004,numpy_cpu
96,120357199,-10.0,old_4d_jones_vp,False,,c299b8a31a52db394765,performance,3,1.25,0.55,0.75,1.2446223100842055,0.548169311145861,0.7485300152041467,-0.005377689915794459,-0.001830688854139062,-0.001469984795853252,0.0058678638200921245,5e-09,4.986383796432291e-09,-1.3616203567708801e-11,0.0136162035677088,0.004768295112010564,4.639315928547179e-12,0.0004784591548315431,0.01250332910999912,3.2674948010028695,3.267500562387913,False,False,True,CONVERGENCE: RELATIVE REDUCTION OF F <= FACTR*EPSMCH,6,12,4,6,False,nan,nan,0,0,0,False,False,0.2760165489744395,9.492032210109755,0.3765787440352142,0.0,0.3765787440352142,10.144627503119409,0.0,10.144627503119409,10.673041576053947,3.267431237427004,cpu
97,2413087209,-10.0,ccop_jvp_profiled_3d,False,,7c37608addbc82366f68,performance,3,1.25,0.55,0.75,1.249459701603116,0.5499616528873305,0.7502056732452661,-0.0005402983968840758,-3.834711266959001e-05,0.00020567324526610253,0.0005793913552547077,5e-09,4.997196235716427e-09,-2.8037642835732377e-12,0.0028037642835732376,0.0004519043723588094,1.331477632386467e-12,0.0001254890424988719,0.00827165675691136,5.450032473104088,5.450074178073651,False,False,True,CONVERGENCE: RELATIVE REDUCTION OF F <= FACTR*EPSMCH,14,18,3,6,True,5.097537348139291e-10,0.0029803093093019118,22,19,4707,True,True,0.27674789004959166,9.21844397392124,0.4841053090058267,0.07885081390850246,0.5629561229143292,10.05814798688516,0.44563310989178717,10.503781096776947,10.517350242938846,5.4522932155428565,numpy_cpu
97,2413087209,-10.0,old_4d_jones_vp,False,,7c37608addbc82366f68,performance,3,1.25,0.55,0.75,1.2297984220437672,0.5486866677699292,0.7480586389075461,-0.020201577956232786,-0.0013133322300707961,-0.0019413610924539082,0.020337096065062656,5e-09,4.935930364025063e-09,-6.40696359749373e-11,0.0640696359749373,0.0179250835777555,1.0079901992195754e-11,0.00908987033927643,0.07039931702864843,5.454698646808911,5.454738640374738,False,False,True,CONVERGENCE: RELATIVE REDUCTION OF F <= FACTR*EPSMCH,6,21,4,6,False,nan,nan,0,0,0,False,False,0.27674789004959166,9.21844397392124,0.44563310989178717,0.0,0.44563310989178717,9.940824973862618,0.0,9.940824973862618,10.517350242938846,5.4522932155428565,cpu
98,530580898,-10.0,ccop_jvp_profiled_3d,False,,1b1f226ad2f75e7f6561,performance,3,1.25,0.55,0.75,1.249734195243745,0.5502207311633136,0.7485241336356064,-0.00026580475625492817,0.0002207311633135589,-0.0014758663643935632,0.0015157690920630928,5e-09,4.996029619203823e-09,-3.970380796177444e-12,0.003970380796177443,0.00042677715073755756,2.5880701288413015e-12,5.9629342207269935e-05,0.0052269677622517555,4.584705680358822,4.584709822635529,False,False,True,CONVERGENCE: RELATIVE REDUCTION OF F <= FACTR*EPSMCH,14,19,3,6,True,1.290623810058047e-10,0.002558766116970946,26,20,5014,True,True,0.2680429951287806,9.489858584944159,0.5024194691795856,0.07907896186225116,0.5814984310418367,10.339400011114776,0.4673962779343128,10.806796289049089,10.820381818106398,4.581836890410618,numpy_cpu
98,530580898,-10.0,old_4d_jones_vp,False,,1b1f226ad2f75e7f6561,performance,3,1.25,0.55,0.75,1.226421418028343,0.5535445945855211,0.7364474389124939,-0.023578581971656964,0.0035445945855210326,-0.013552561087506132,0.027426002089266262,5e-09,4.920648689604317e-09,-7.935131039568307e-11,0.07935131039568306,0.022741165779364567,7.880951537553586e-12,0.018883973387932056,0.09301789392711513,4.5932039150328885,4.593207579104883,False,False,True,CONVERGENCE: RELATIVE REDUCTION OF F <= FACTR*EPSMCH,12,24,4,6,False,nan,nan,0,0,0,False,False,0.2680429951287806,9.489858584944159,0.4673962779343128,0.0,0.4673962779343128,10.225297858007252,0.0,10.225297858007252,10.820381818106398,4.581836890410618,cpu
99,2876830969,-10.0,ccop_jvp_profiled_3d,False,,3f0f1f760306b6d2a439,performance,3,1.25,0.55,0.75,1.249915024789992,0.5498865844164307,0.7504978378121674,-8.497521000805364e-05,-0.0001134155835693651,0.0004978378121673899,0.0005176160431593149,5e-09,4.99446749844172e-09,-5.532501558280114e-12,0.005532501558280114,5.173129629134345e-05,5.514881162760251e-12,9.205098100085691e-05,0.004120354138539048,1.8441993079790564,1.8442020503291225,False,False,True,CONVERGENCE: RELATIVE REDUCTION OF F <= FACTR*EPSMCH,12,15,3,6,True,6.592174895318248e-11,0.0010578753419728387,24,16,3980,True,True,0.2685733330436051,9.312223803019151,0.4206937530543655,0.08002697094343603,0.5007207239978015,10.081517860060558,0.5711404827889055,10.652658342849463,10.66619718610309,1.8443386526013927,numpy_cpu
99,2876830969,-10.0,old_4d_jones_vp,False,,3f0f1f760306b6d2a439,performance,3,1.25,0.55,0.75,1.2886827268333063,0.5521366870350578,0.7601676240955626,0.03868272683330631,0.0021366870350577605,0.0101676240955626,0.04005370602696641,5e-09,5.105872108230853e-09,1.0587210823085326e-10,0.10587210823085326,0.0349777974602753,1.9558884339514037e-11,0.07055132542356575,0.11407038900211702,1.857368032664521,1.857370572639364,False,False,True,CONVERGENCE: RELATIVE REDUCTION OF F <= FACTR*EPSMCH,23,37,4,6,False,nan,nan,0,0,0,False,False,0.2685733330436051,9.312223803019151,0.5711404827889055,0.0,0.5711404827889055,10.151937618851662,0.0,10.151937618851662,10.66619718610309,1.8443386526013927,cpu
