figure,variant,trial_id,seed,snr_db,x_name,x_value,K,paper_k,effective_K,num_ris_paths,receiver_mode,config_seed,nested_receiver_noise_convention,reference_receiver_mode,reference_sigma2,nested_base_y_noisy_hash,failed,error,runtime_s,position_rmse_m,position_error_m,y_nmse,range_rmse_m,tau_rmse_s,raw_objective_final,outlier_flag,selected_branch,final_refinement_method,final_runner_name,used_main_single_proposed_path,variant_config_hash,global_vp_mode,global_vp_backend,global_vp_gpu_used,global_vp_gpu_device,global_vp_objective_backend,global_vp_linear_solve_backend,jones_mode,adaptive_enabled,adaptive_policy_name,selected_vp_family_branch,lambda_path_min,lambda_path_max,lambda_path_mean,lambda_clipped_fraction,used_stage1_regularizer,linear_nuisance_dim,nonlinear_dim,fixed_pol_score,jones_score,lambda_jones_per_path,snr_eff_per_path,jones_leakage_per_path,reliability_decision,trigger_reasons,gof_stat,gof_dof,gof_pass,data_only_scaled_efim_lambda_min,data_only_scaled_efim_condition_number,stage1_assignment_margin,stage1_selected_clock_std_ns,delta_t_k_ns,stage1_runtime_s,global_vp_runtime_s,total_runtime_s,peb_position_m,peb_scalar_m,peb_dual_m,peb_evs_m,efim_unscaled_cache_hit,efim_unscaled_cache_key,efim_sigma2,efim_reuse_mode,peb_backend,rss_mb_before,rss_mb_after,rss_mb_delta,warning,debug_main_position_error_m,debug_main_y_nmse,debug_main_raw_objective,debug_main_global_vp_mode,debug_main_adaptive_enabled,debug_config_diff_summary,direct_candidate_position_error_m,direct_candidate_y_nmse,direct_candidate_raw_objective,rescue_candidate_position_error_m,rescue_candidate_y_nmse,rescue_candidate_raw_objective,rescue_candidate_available,rescue_accept_decision,rescue_reject_reason
fig1,adaptive_jones_vp_proposed,21,4000820147,-10.0,snr_db,-10.0,3,3,3,3,full_6d,4000820147,,,,,True,RuntimeError: CuPy backend unavailable (CUDARuntimeError: cudaErrorMemoryAllocation: out of memory),nan,nan,nan,nan,nan,nan,nan,,,,,,,,,,,,,,,,,nan,nan,nan,nan,,,,,,,,,,,nan,,,nan,nan,nan,nan,,nan,nan,nan,nan,nan,nan,nan,,,,,,nan,nan,nan,,,,,,,,,,,,,,,,
fig1,PEB,21,4000820147,-10.0,snr_db,-10.0,3,3,3,3,full_6d,4000820147,,,nan,,False,,1.531575545668602,nan,nan,nan,nan,nan,nan,False,,,peb_only,False,44f5030010351f86,,,,,,,adaptive_jones,True,fixed_anchor_then_adaptive_jones_score_selection,,nan,nan,nan,nan,True,,,nan,nan,,,,,[],nan,,,nan,nan,nan,nan,,nan,nan,nan,0.0014759415970070314,nan,nan,0.0014759415970070314,False,f7a047bb7013efbe33f31c7f789c22a5d5f4d1899bcaccc54b42258dbd7f4038,3.4790788065601688,computed_unscaled,cpu,nan,nan,nan,,,,,,,,nan,nan,nan,nan,nan,nan,False,,
fig1,adaptive_jones_vp_proposed,14,1092560480,-10.0,snr_db,-10.0,3,3,3,3,full_6d,1092560480,,,,,True,"OutOfMemoryError: Out of memory allocating 16,777,216 bytes (allocated so far: 41,658,368 bytes).",nan,nan,nan,nan,nan,nan,nan,,,,,,,,,,,,,,,,,nan,nan,nan,nan,,,,,,,,,,,nan,,,nan,nan,nan,nan,,nan,nan,nan,nan,nan,nan,nan,,,,,,nan,nan,nan,,,,,,,,,,,,,,,,
fig1,PEB,14,1092560480,-10.0,snr_db,-10.0,3,3,3,3,full_6d,1092560480,,,nan,,False,,2.0834012925624847,nan,nan,nan,nan,nan,nan,False,,,peb_only,False,b442c8f0737e55f5,,,,,,,adaptive_jones,True,fixed_anchor_then_adaptive_jones_score_selection,,nan,nan,nan,nan,True,,,nan,nan,,,,,[],nan,,,nan,nan,nan,nan,,nan,nan,nan,0.0011431537096209005,nan,nan,0.0011431537096209005,False,f1022bc01518ff6f31f9f6e642efb32029d98d2c096644b99cc3e0e6c8ec44d7,2.1631840949807746,computed_unscaled,cpu,nan,nan,nan,,,,,,,,nan,nan,nan,nan,nan,nan,False,,
fig1,adaptive_jones_vp_proposed,5,2290547997,-10.0,snr_db,-10.0,3,3,3,3,full_6d,2290547997,,,,,True,"OutOfMemoryError: Out of memory allocating 49,545,216 bytes (allocated so far: 868,157,440 bytes).",nan,nan,nan,nan,nan,nan,nan,,,,,,,,,,,,,,,,,nan,nan,nan,nan,,,,,,,,,,,nan,,,nan,nan,nan,nan,,nan,nan,nan,nan,nan,nan,nan,,,,,,nan,nan,nan,,,,,,,,,,,,,,,,
fig1,PEB,5,2290547997,-10.0,snr_db,-10.0,3,3,3,3,full_6d,2290547997,,,nan,,False,,2.103467769920826,nan,nan,nan,nan,nan,nan,False,,,peb_only,False,bf5dadfd63983e57,,,,,,,adaptive_jones,True,fixed_anchor_then_adaptive_jones_score_selection,,nan,nan,nan,nan,True,,,nan,nan,,,,,[],nan,,,nan,nan,nan,nan,,nan,nan,nan,0.001213276957871888,nan,nan,0.001213276957871888,False,38f1169f92c897947506b479f5ee71ac29695cde812eaf9f2f26b2ce8e8773e4,2.730002088601652,computed_unscaled,cpu,nan,nan,nan,,,,,,,,nan,nan,nan,nan,nan,nan,False,,
fig1,adaptive_jones_vp_proposed,7,1914929603,-10.0,snr_db,-10.0,3,3,3,3,full_6d,1914929603,,,,,True,"OutOfMemoryError: Out of memory allocating 148,635,648 bytes (allocated so far: 1,735,238,656 bytes).",nan,nan,nan,nan,nan,nan,nan,,,,,,,,,,,,,,,,,nan,nan,nan,nan,,,,,,,,,,,nan,,,nan,nan,nan,nan,,nan,nan,nan,nan,nan,nan,nan,,,,,,nan,nan,nan,,,,,,,,,,,,,,,,
fig1,PEB,7,1914929603,-10.0,snr_db,-10.0,3,3,3,3,full_6d,1914929603,,,nan,,False,,1.8381548300385475,nan,nan,nan,nan,nan,nan,False,,,peb_only,False,89476ced23063965,,,,,,,adaptive_jones,True,fixed_anchor_then_adaptive_jones_score_selection,,nan,nan,nan,nan,True,,,nan,nan,,,,,[],nan,,,nan,nan,nan,nan,,nan,nan,nan,0.0010722217098529105,nan,nan,0.0010722217098529105,False,84f1975fc112e22552cd5389ecb9ea5e68088b810ed0a30ff85dfd5971674377,7.361137239348518,computed_unscaled,cpu,nan,nan,nan,,,,,,,,nan,nan,nan,nan,nan,nan,False,,
fig1,adaptive_jones_vp_proposed,13,634888206,-10.0,snr_db,-10.0,3,3,3,3,full_6d,634888206,,,,,True,"OutOfMemoryError: Out of memory allocating 24,772,608 bytes (allocated so far: 818,977,792 bytes).",nan,nan,nan,nan,nan,nan,nan,,,,,,,,,,,,,,,,,nan,nan,nan,nan,,,,,,,,,,,nan,,,nan,nan,nan,nan,,nan,nan,nan,nan,nan,nan,nan,,,,,,nan,nan,nan,,,,,,,,,,,,,,,,
fig1,PEB,13,634888206,-10.0,snr_db,-10.0,3,3,3,3,full_6d,634888206,,,nan,,False,,2.2207251265645027,nan,nan,nan,nan,nan,nan,False,,,peb_only,False,53738fdc500dbb29,,,,,,,adaptive_jones,True,fixed_anchor_then_adaptive_jones_score_selection,,nan,nan,nan,nan,True,,,nan,nan,,,,,[],nan,,,nan,nan,nan,nan,,nan,nan,nan,0.0011789249478039749,nan,nan,0.0011789249478039749,False,11da97468c8b90c59dcc518746f48f2217739b6c2c3deec78f2d1177de9045c5,2.0455692554871043,computed_unscaled,cpu,nan,nan,nan,,,,,,,,nan,nan,nan,nan,nan,nan,False,,
fig1,adaptive_jones_vp_proposed,10,781873798,-10.0,snr_db,-10.0,3,3,3,3,full_6d,781873798,,,,,True,CUSOLVERError: CUSOLVER_STATUS_INTERNAL_ERROR,nan,nan,nan,nan,nan,nan,nan,,,,,,,,,,,,,,,,,nan,nan,nan,nan,,,,,,,,,,,nan,,,nan,nan,nan,nan,,nan,nan,nan,nan,nan,nan,nan,,,,,,nan,nan,nan,,,,,,,,,,,,,,,,
fig1,PEB,10,781873798,-10.0,snr_db,-10.0,3,3,3,3,full_6d,781873798,,,nan,,False,,2.840533882379532,nan,nan,nan,nan,nan,nan,False,,,peb_only,False,52455080964c73c8,,,,,,,adaptive_jones,True,fixed_anchor_then_adaptive_jones_score_selection,,nan,nan,nan,nan,True,,,nan,nan,,,,,[],nan,,,nan,nan,nan,nan,,nan,nan,nan,0.0010995103100430099,nan,nan,0.0010995103100430099,False,f2ef97a231c1a4af27e9b56c32078a57d13f76cf0fcef71f5aea3cacfcafd031,2.205245911428094,computed_unscaled,cpu,nan,nan,nan,,,,,,,,nan,nan,nan,nan,nan,nan,False,,
fig1,adaptive_jones_vp_proposed,17,2127997378,-10.0,snr_db,-10.0,3,3,3,3,full_6d,2127997378,,,nan,,False,,83.6439002007246,0.0009426507996956309,0.0009426507996956309,5.501227569877384e-05,8.451508665769546e-05,7.42015343312638e-13,4.004865708710878,False,direct_vp,global_exact_spherical_vp,main_single_proposed,True,a84b19984b2d7f49,adaptive_jones,cupy,True,0,cupy,cupy.linalg.solve,fixed_pol_anchor,True,fixed_anchor_then_adaptive_jones_score_selection,fixed_pol_anchor,16.553705191774647,58.09450254667996,39.71836085801031,0.0,True,3,4,3096725.458075429,3101491.3656816487,"[44.50687483557632,16.553705191774647,58.09450254667996]","[0.022468438946788256,0.06040943634059251,0.017213332692510585]","[9.105078959263461e-08,9.992491788066617e-09,6.413077328732681e-08]",direct_vp,"[""poor_clock_consistency""]",3099947.880126948,3096560,True,655563.2009545494,82.9116935270365,4.314575039378951,0.38774147788130714,"[4.789502260741158,4.804536640677291,5.619440277949186]",138.86419204622507,81.16964945197105,221.52731869369745,nan,nan,nan,nan,False,,nan,,,nan,nan,nan,,,,,,,,0.0009426507996956309,5.501227569877384e-05,4.004865708710878,nan,nan,nan,False,not_run,not_requested
fig1,PEB,17,2127997378,-10.0,snr_db,-10.0,3,3,3,3,full_6d,2127997378,,,nan,,False,,1.8149712830781937,nan,nan,nan,nan,nan,nan,False,,,peb_only,False,14a8deeb06a1b687,,,,,,,adaptive_jones,True,fixed_anchor_then_adaptive_jones_score_selection,,nan,nan,nan,nan,True,,,nan,nan,,,,,[],nan,,,nan,nan,nan,nan,,nan,nan,nan,0.00126521488460785,nan,nan,0.00126521488460785,False,1e7e5fb979d639b775e57b8f9a2b5887da0781d1b293b718b0219c60afc7e70e,4.000509529956755,computed_unscaled,cpu,nan,nan,nan,,,,,,,,nan,nan,nan,nan,nan,nan,False,,
fig1,adaptive_jones_vp_proposed,6,1919806993,-10.0,snr_db,-10.0,3,3,3,3,full_6d,1919806993,,,nan,,False,,79.556331127882,0.00034925319524521545,0.00034925319524521545,2.2952432280146276e-05,9.314793731984492e-05,1.034400891989316e-12,4.1980149611106885,False,direct_vp,global_exact_spherical_vp,main_single_proposed,True,ba47375ad7744e30,adaptive_jones,cupy,True,0,cupy,cupy.linalg.solve,fixed_pol_anchor,True,fixed_anchor_then_adaptive_jones_score_selection,fixed_pol_anchor,17.958154238968135,237.33378528659742,93.37788542937398,0.0,True,3,4,3096725.458075429,3098841.262582022,"[24.84171676255641,237.33378528659742,17.958154238968135]","[0.04025486682476169,0.0042134751213574375,0.0556850100892942]","[1.4855980601135478e-07,1.8487087092362653e-09,1.5944870998361418e-09]",direct_vp,"[""poor_clock_consistency""]",3095354.4728945806,3096560,True,824738.3233424108,72.27160616664234,6.291810883308423,0.1998530370312875,"[5.350353105940195,5.042950712439933,4.866707383245833]",143.18338532745838,77.09823345392942,221.72408533096313,nan,nan,nan,nan,False,,nan,,,nan,nan,nan,,,,,,,,0.00034925319524521545,2.2952432280146276e-05,4.1980149611106885,nan,nan,nan,False,not_run,not_requested
fig1,PEB,6,1919806993,-10.0,snr_db,-10.0,3,3,3,3,full_6d,1919806993,,,nan,,False,,1.7418954074382782,nan,nan,nan,nan,nan,nan,False,,,peb_only,False,87de9ec4052f059c,,,,,,,adaptive_jones,True,fixed_anchor_then_adaptive_jones_score_selection,,nan,nan,nan,nan,True,,,nan,nan,,,,,[],nan,,,nan,nan,nan,nan,,nan,nan,nan,0.001115990090586808,nan,nan,0.001115990090586808,False,231b7c2941d5d9c02809f94febabb8d0e1f1d4a2d4bfefa1b397f685379809da,4.199671633749915,computed_unscaled,cpu,nan,nan,nan,,,,,,,,nan,nan,nan,nan,nan,nan,False,,
fig1,adaptive_jones_vp_proposed,18,3644258948,-10.0,snr_db,-10.0,3,3,3,3,full_6d,3644258948,,,nan,,False,,80.7219111546874,0.0005109416425222073,0.0005109416425222073,3.669779245869093e-05,0.00042224513391124095,4.836966417631606e-12,4.394780839674873,False,direct_vp,global_exact_spherical_vp,main_single_proposed,True,1579c5da29d4bba8,adaptive_jones,cupy,True,0,cupy,cupy.linalg.solve,fixed_pol_anchor,True,fixed_anchor_then_adaptive_jones_score_selection,fixed_pol_anchor,13.327460469389017,108.1992259288262,61.86052043056665,0.0,True,3,4,3096725.458075429,3115124.3985791323,"[64.05487489348474,108.1992259288262,13.327460469389017]","[0.015611614285389213,0.009242210295936904,0.07503304941579139]","[9.38169347470478e-09,5.676226333046835e-09,5.038750977252688e-08]",direct_vp,"[""poor_clock_consistency""]",3093957.5426974483,3096560,True,808336.2057136612,80.65498606378686,4.318604922964898,0.3474618855051604,"[5.534083019249057,5.7706375612544525,4.944323998846386]",141.48272471874952,77.04013925790787,220.02106684446335,nan,nan,nan,nan,False,,nan,,,nan,nan,nan,,,,,,,,0.0005109416425222073,3.669779245869093e-05,4.394780839674873,nan,nan,nan,False,not_run,not_requested
fig1,PEB,18,3644258948,-10.0,snr_db,-10.0,3,3,3,3,full_6d,3644258948,,,nan,,False,,3.2974313721060753,nan,nan,nan,nan,nan,nan,False,,,peb_only,False,f0dbb319c7859b44,,,,,,,adaptive_jones,True,fixed_anchor_then_adaptive_jones_score_selection,,nan,nan,nan,nan,True,,,nan,nan,,,,,[],nan,,,nan,nan,nan,nan,,nan,nan,nan,0.0010552850122600296,nan,nan,0.0010552850122600296,False,10eabe3ea0bf687d98504e31e23e6506b4b182585a8f16e7a2bae8ed9d09e41a,4.398500200986058,computed_unscaled,cpu,nan,nan,nan,,,,,,,,nan,nan,nan,nan,nan,nan,False,,
fig1,adaptive_jones_vp_proposed,19,3846521747,-10.0,snr_db,-10.0,3,3,3,3,full_6d,3846521747,,,nan,,False,,79.82932406663895,0.0022616663956822563,0.0022616663956822563,6.801161557738064e-05,0.0006882582597936853,6.832363921893297e-13,1.1852845875166582,False,direct_vp,global_exact_spherical_vp,main_single_proposed,True,24eafb7659456193,adaptive_jones,cupy,True,0,cupy,cupy.linalg.solve,fixed_pol_anchor,True,fixed_anchor_then_adaptive_jones_score_selection,fixed_pol_anchor,18.67000899830257,47.945783232529514,35.25589646081823,0.0,True,3,4,3096725.458075429,3126888.6970507056,"[39.15189715162259,18.67000899830257,47.945783232529514]","[0.025541546456565634,0.053561838136888286,0.020856891524791896]","[2.9451813555357537e-08,8.494207421086984e-09,3.278989285592524e-08]",direct_vp,"[""poor_clock_consistency""]",3095221.3570166635,3096560,True,667050.604983404,80.26256490244099,3.77229811726869,0.40793297193431005,"[5.153550355777747,4.816334753140267,5.799532095985041]",144.0342415869236,74.91816265881062,220.47109781205654,nan,nan,nan,nan,False,,nan,,,nan,nan,nan,,,,,,,,0.0022616663956822563,6.801161557738064e-05,1.1852845875166582,nan,nan,nan,False,not_run,not_requested
fig1,PEB,19,3846521747,-10.0,snr_db,-10.0,3,3,3,3,full_6d,3846521747,,,nan,,False,,3.7602271363139153,nan,nan,nan,nan,nan,nan,False,,,peb_only,False,9eece59cf605e429,,,,,,,adaptive_jones,True,fixed_anchor_then_adaptive_jones_score_selection,,nan,nan,nan,nan,True,,,nan,nan,,,,,[],nan,,,nan,nan,nan,nan,,nan,nan,nan,0.0012511146204778243,nan,nan,0.0012511146204778243,False,66683f008884b5deaddb95c24fc2a892e518e793d697d2821f0c6f98570400e4,1.1858033347287424,computed_unscaled,cpu,nan,nan,nan,,,,,,,,nan,nan,nan,nan,nan,nan,False,,
fig1,adaptive_jones_vp_proposed,0,3147786918,-10.0,snr_db,-10.0,3,3,3,3,full_6d,3147786918,,,nan,,False,,83.13834315538406,0.0011793780217935037,0.0011793780217935037,2.597259984423452e-05,0.00017953408625465925,9.97677229235916e-13,3.9631128937020983,False,direct_vp,global_exact_spherical_vp,main_single_proposed,True,4938aff61ba2d6b5,adaptive_jones,cupy,True,0,cupy,cupy.linalg.solve,fixed_pol_anchor,True,fixed_anchor_then_adaptive_jones_score_selection,fixed_pol_anchor,18.799690678638335,72.09819048264322,40.34455220415351,0.0,True,3,4,3096725.458075429,3108684.6321490617,"[72.09819048264322,18.799690678638335,30.135775451178954]","[0.013869973618389769,0.05319236454871451,0.033183151420473664]","[1.1982117561953878e-08,2.4889751066759858e-08,7.127068440055138e-08]",direct_vp,"[""poor_clock_consistency""]",3095469.812331075,3096560,True,826432.8294771122,69.53545334479595,4.805719130033151,0.12792345090570606,"[5.122357217275852,4.813876383633271,4.920477286721791]",141.830775372684,77.85318818688393,221.09207028150558,nan,nan,nan,nan,False,,nan,,,nan,nan,nan,,,,,,,,0.0011793780217935037,2.597259984423452e-05,3.9631128937020983,nan,nan,nan,False,not_run,not_requested
fig1,PEB,0,3147786918,-10.0,snr_db,-10.0,3,3,3,3,full_6d,3147786918,,,nan,,False,,4.136199973523617,nan,nan,nan,nan,nan,nan,False,,,peb_only,False,09c70ccca2815158,,,,,,,adaptive_jones,True,fixed_anchor_then_adaptive_jones_score_selection,,nan,nan,nan,nan,True,,,nan,nan,,,,,[],nan,,,nan,nan,nan,nan,,nan,nan,nan,0.001129316608688006,nan,nan,0.001129316608688006,False,7c738a48c71d396c30709f16037cef480e872ff8eba0c095999cea8980974cb0,3.964529139661309,computed_unscaled,cpu,nan,nan,nan,,,,,,,,nan,nan,nan,nan,nan,nan,False,,
fig1,adaptive_jones_vp_proposed,20,3607282624,-10.0,snr_db,-10.0,3,3,3,3,full_6d,3607282624,,,nan,,False,,87.56650410592556,0.00042725634295734773,0.00042725634295734773,6.764497527645972e-05,0.0003757691715787347,7.319965467738827e-13,5.7181199546044335,False,direct_vp,global_exact_spherical_vp,main_single_proposed,True,95fff71ec8ba279f,adaptive_jones,cupy,True,0,cupy,cupy.linalg.solve,fixed_pol_anchor,True,fixed_anchor_then_adaptive_jones_score_selection,fixed_pol_anchor,15.830716740072587,79.33591914359307,46.00453888282842,0.0,True,3,4,3096725.458075429,3096752.211774784,"[42.84698076481959,79.33591914359307,15.830716740072587]","[0.023338867339241415,0.01260463117734511,0.06316833384131311]","[8.271175435742728e-08,3.4458060265008445e-09,6.170199733015762e-08]",direct_vp,"[""poor_clock_consistency""]",3095256.847858486,3096560,True,856213.1432055569,65.48366769759068,4.777199863227197,0.14338315326445292,"[4.7420183311920985,5.077236011462667,5.0003801823285245]",139.97168768197298,83.3422307446599,224.8228895738721,nan,nan,nan,nan,False,,nan,,,nan,nan,nan,,,,,,,,0.00042725634295734773,6.764497527645972e-05,5.7181199546044335,nan,nan,nan,False,not_run,not_requested
fig1,PEB,20,3607282624,-10.0,snr_db,-10.0,3,3,3,3,full_6d,3607282624,,,nan,,False,,2.800794944167137,nan,nan,nan,nan,nan,nan,False,,,peb_only,False,bee927bdb127c1d4,,,,,,,adaptive_jones,True,fixed_anchor_then_adaptive_jones_score_selection,,nan,nan,nan,nan,True,,,nan,nan,,,,,[],nan,,,nan,nan,nan,nan,,nan,nan,nan,0.00106757230283559,nan,nan,0.00106757230283559,False,614c1d5045ebcd05d85977496f662de337f9fdc3d750d62d2ed64ea91c25b070,5.720556931745366,computed_unscaled,cpu,nan,nan,nan,,,,,,,,nan,nan,nan,nan,nan,nan,False,,
fig1,adaptive_jones_vp_proposed,15,2734808712,-10.0,snr_db,-10.0,3,3,3,3,full_6d,2734808712,,,nan,,False,,86.37350199371576,0.0012986535978252286,0.0012986535978252286,4.771841191935227e-05,0.0005532286580691547,5.13217638029313e-12,1.1545138876721155,False,direct_vp,global_exact_spherical_vp,main_single_proposed,True,5c2277264efbeeff,adaptive_jones,cupy,True,0,cupy,cupy.linalg.solve,fixed_pol_anchor,True,fixed_anchor_then_adaptive_jones_score_selection,fixed_pol_anchor,20.304042823775145,110.47903150667086,51.731310845716585,0.0,True,3,4,3096725.458075429,3096793.4967590366,"[110.47903150667086,20.304042823775145,24.410858206703747]","[0.009051491366749894,0.04925127516027201,0.040965376616745396]","[1.3547211197693333e-09,1.4684782902922449e-09,2.409361970055893e-07]",direct_vp,"[""poor_clock_consistency""]",3099367.463601194,3096560,True,865621.1124929201,70.1321193727963,3.2330095879294642,0.4850013372432719,"[4.115175928296944,5.173599492841447,5.1116381847130015]",140.65668518096209,83.30239712446928,225.4125606790185,nan,nan,nan,nan,False,,nan,,,nan,nan,nan,,,,,,,,0.0012986535978252286,4.771841191935227e-05,1.1545138876721155,nan,nan,nan,False,not_run,not_requested
fig1,PEB,15,2734808712,-10.0,snr_db,-10.0,3,3,3,3,full_6d,2734808712,,,nan,,False,,3.4670784771442413,nan,nan,nan,nan,nan,nan,False,,,peb_only,False,e0c45d2818c3f167,,,,,,,adaptive_jones,True,fixed_anchor_then_adaptive_jones_score_selection,,nan,nan,nan,nan,True,,,nan,nan,,,,,[],nan,,,nan,nan,nan,nan,,nan,nan,nan,0.0010946639617456621,nan,nan,0.0010946639617456621,False,3745774ba39f0b3a489ec82705d3e30e7ac3ac0889ba9ff94e26de5537c07034,1.1534740679242612,computed_unscaled,cpu,nan,nan,nan,,,,,,,,nan,nan,nan,nan,nan,nan,False,,
fig1,adaptive_jones_vp_proposed,4,287230138,-10.0,snr_db,-10.0,3,3,3,3,full_6d,287230138,,,nan,,False,,83.91793946921825,0.001064856194773368,0.001064856194773368,4.548606014275392e-05,0.0008260095153018715,9.075917068375302e-13,4.9430920682842086,False,direct_vp,global_exact_spherical_vp,main_single_proposed,True,1ce372088b669690,adaptive_jones,cupy,True,0,cupy,cupy.linalg.solve,fixed_pol_anchor,True,fixed_anchor_then_adaptive_jones_score_selection,fixed_pol_anchor,20.091595761768428,142.51975391887936,61.9078598684304,0.0,True,3,4,3096725.458075429,3096872.765597608,"[142.51975391887936,23.112229924643422,20.091595761768428]","[0.0070165711935390295,0.043267136197474285,0.04977205453649293]","[3.4574160390781816e-09,5.218487513829498e-09,2.906041281030949e-07]",direct_vp,"[""poor_clock_consistency""]",3096268.8851517346,3096560,True,920349.1553423025,76.16100943243927,3.850744923659325,0.20647638904281737,"[4.538204787981568,4.898328103872015,5.025804483507147]",143.5371203199029,78.29746833443642,223.36527068167925,nan,nan,nan,nan,False,,nan,,,nan,nan,nan,,,,,,,,0.001064856194773368,4.548606014275392e-05,4.9430920682842086,nan,nan,nan,False,not_run,not_requested
fig1,PEB,4,287230138,-10.0,snr_db,-10.0,3,3,3,3,full_6d,287230138,,,nan,,False,,4.316200189292431,nan,nan,nan,nan,nan,nan,False,,,peb_only,False,96ad8621c939d8e3,,,,,,,adaptive_jones,True,fixed_anchor_then_adaptive_jones_score_selection,,nan,nan,nan,nan,True,,,nan,nan,,,,,[],nan,,,nan,nan,nan,nan,,nan,nan,nan,0.001003554190456147,nan,nan,0.001003554190456147,False,72d5586e1e2071d827e37c0d5029359210d7878b9ab9d369f2c38d0e300801aa,4.9435823671008885,computed_unscaled,cpu,nan,nan,nan,,,,,,,,nan,nan,nan,nan,nan,nan,False,,
fig1,adaptive_jones_vp_proposed,2,3251202663,-10.0,snr_db,-10.0,3,3,3,3,full_6d,3251202663,,,nan,,False,,85.75600367039442,0.00047215011796076226,0.00047215011796076226,8.112450985233215e-05,0.0003619740196200444,6.643604013330669e-13,2.2850568427675846,False,direct_vp,global_exact_spherical_vp,main_single_proposed,True,446ebc0af6effeaa,adaptive_jones,cupy,True,0,cupy,cupy.linalg.solve,fixed_pol_anchor,True,fixed_anchor_then_adaptive_jones_score_selection,fixed_pol_anchor,21.58204684582606,60.34948672671642,36.18503304603136,0.0,True,3,4,3096725.458075429,3096784.8651157715,"[60.34948672671642,21.58204684582606,26.62356556555159]","[0.016570149212171436,0.04633480814503082,0.037560709045946994]","[6.991905166923638e-10,2.8498737219767828e-08,2.0367671619082933e-07]",direct_vp,"[""poor_clock_consistency""]",3093867.613746271,3096560,True,845274.8740580764,73.8959645852695,6.871469445509129,0.12318759252972643,"[4.774327958837444,5.03317439125752,5.038053880185031]",142.84478905051947,82.33039959520102,226.6979869902134,nan,nan,nan,nan,False,,nan,,,nan,nan,nan,,,,,,,,0.00047215011796076226,8.112450985233215e-05,2.2850568427675846,nan,nan,nan,False,not_run,not_requested
fig1,PEB,2,3251202663,-10.0,snr_db,-10.0,3,3,3,3,full_6d,3251202663,,,nan,,False,,3.9731991291046143,nan,nan,nan,nan,nan,nan,False,,,peb_only,False,a778a3d17d3b140d,,,,,,,adaptive_jones,True,fixed_anchor_then_adaptive_jones_score_selection,,nan,nan,nan,nan,True,,,nan,nan,,,,,[],nan,,,nan,nan,nan,nan,,nan,nan,nan,0.0011044035239813662,nan,nan,0.0011044035239813662,False,ba669d51e548d5d57a5c08da45514e8eda76ee1a2847f0b8bc91639b42fa1215,2.287057192270079,computed_unscaled,cpu,nan,nan,nan,,,,,,,,nan,nan,nan,nan,nan,nan,False,,
fig1,adaptive_jones_vp_proposed,22,3206710796,-10.0,snr_db,-10.0,3,3,3,3,full_6d,3206710796,,,nan,,False,,87.93204250186682,0.0006275205218457333,0.0006275205218457333,5.039083719052071e-05,0.00020321117393683465,3.3999960302632426e-12,1.0713587781139395,False,direct_vp,global_exact_spherical_vp,main_single_proposed,True,9e590c21098dff85,adaptive_jones,cupy,True,0,cupy,cupy.linalg.solve,fixed_pol_anchor,True,fixed_anchor_then_adaptive_jones_score_selection,fixed_pol_anchor,21.9133072130987,70.89377529690601,39.15449335479361,0.0,True,3,4,3096725.458075429,3096765.3951550615,"[24.656397554376113,21.9133072130987,70.89377529690601]","[0.04055742521874854,0.04563437140060427,0.01410561076400665]","[1.1989945245215757e-07,4.334070103180889e-08,1.0523163870440275e-07]",direct_vp,"[""poor_clock_consistency""]",3093207.378486958,3096560,True,568962.3502140029,85.35874101011383,5.1510134090644835,0.1341137995444044,"[4.744358306822575,4.697609656014125,5.002586934639294]",147.8731513917446,82.2718999683857,231.63507772237062,nan,nan,nan,nan,False,,nan,,,nan,nan,nan,,,,,,,,0.0006275205218457333,5.039083719052071e-05,1.0713587781139395,nan,nan,nan,False,not_run,not_requested
fig1,PEB,22,3206710796,-10.0,snr_db,-10.0,3,3,3,3,full_6d,3206710796,,,nan,,False,,4.448393858969212,nan,nan,nan,nan,nan,nan,False,,,peb_only,False,10909b2f579ebe74,,,,,,,adaptive_jones,True,fixed_anchor_then_adaptive_jones_score_selection,,nan,nan,nan,nan,True,,,nan,nan,,,,,[],nan,,,nan,nan,nan,nan,,nan,nan,nan,0.0013433830462335197,nan,nan,0.0013433830462335197,False,c84ba72aa3a760a0760b6b67e247dbffd03ad56315a9283ecceeafa1a6824f29,1.0725255289283988,computed_unscaled,cpu,nan,nan,nan,,,,,,,,nan,nan,nan,nan,nan,nan,False,,
fig1,adaptive_jones_vp_proposed,3,3422926171,-10.0,snr_db,-10.0,3,3,3,3,full_6d,3422926171,,,nan,,False,,100.07289279252291,0.0016216485254757255,0.0016216485254757255,0.000114168788835377,0.0007557213497760044,4.003565794471698e-12,2.7814473116160445,False,direct_vp,global_exact_spherical_vp,main_single_proposed,True,a78ae809423deae9,adaptive_jones,cupy,True,0,cupy,cupy.linalg.solve,fixed_pol_anchor,True,fixed_anchor_then_adaptive_jones_score_selection,fixed_pol_anchor,21.005714204378858,88.38380167105747,44.565632978781764,0.0,True,3,4,3096725.458075429,3096738.5582129033,"[88.38380167105747,24.307383060908982,21.005714204378858]","[0.011314290413003136,0.04113976389271982,0.047606093763311985]","[1.7381356560761804e-08,6.440402797342569e-09,4.56736221786086e-08]",direct_vp,"[""poor_clock_consistency""]",3097490.0859771348,3096560,True,858433.1238501463,79.12499215827154,4.328386879314019,0.24464398053259098,"[4.720824926272022,4.774117560061667,5.264383197794091]",139.0939730629325,94.17147124558687,234.71270443499088,nan,nan,nan,nan,False,,nan,,,nan,nan,nan,,,,,,,,0.0016216485254757255,0.000114168788835377,2.7814473116160445,nan,nan,nan,False,not_run,not_requested
fig1,PEB,3,3422926171,-10.0,snr_db,-10.0,3,3,3,3,full_6d,3422926171,,,nan,,False,,4.77566672116518,nan,nan,nan,nan,nan,nan,False,,,peb_only,False,301d40f1ce6b53d3,,,,,,,adaptive_jones,True,fixed_anchor_then_adaptive_jones_score_selection,,nan,nan,nan,nan,True,,,nan,nan,,,,,[],nan,,,nan,nan,nan,nan,,nan,nan,nan,0.0010931293132064352,nan,nan,0.0010931293132064352,False,36031d2b9c9618797e3e0dd10eb5c7dda8abc129f14c8c8dd5b717980768d13b,2.780626491560737,computed_unscaled,cpu,nan,nan,nan,,,,,,,,nan,nan,nan,nan,nan,nan,False,,
fig1,adaptive_jones_vp_proposed,8,641399591,-10.0,snr_db,-10.0,3,3,3,3,full_6d,641399591,,,nan,,False,,100.0517285913229,0.0007085169082601929,0.0007085169082601929,3.732569471936574e-05,0.00014001896620309537,5.917197185230598e-13,2.2558786983816117,False,direct_vp,global_exact_spherical_vp,main_single_proposed,True,41a784bdbf25b2de,adaptive_jones,cupy,True,0,cupy,cupy.linalg.solve,fixed_pol_anchor,True,fixed_anchor_then_adaptive_jones_score_selection,fixed_pol_anchor,21.81676665650234,103.86217568990638,49.42541516388231,0.0,True,3,4,3096725.458075429,3100553.757324957,"[103.86217568990638,22.597303145238207,21.81676665650234]","[0.009628144155979977,0.04425306832192171,0.04583630634744585]","[1.0306786989901131e-08,2.8631510096293442e-09,3.984828265093662e-07]",direct_vp,"[""poor_clock_consistency""]",3097884.6561871557,3096560,True,854083.0796211532,78.2316107812247,2.4792541335207154,0.5846100349273672,"[3.9646280586339135,5.045603808534247,5.318490748362333]",138.9967593625188,94.10257147997618,234.5106684565544,nan,nan,nan,nan,False,,nan,,,nan,nan,nan,,,,,,,,0.0007085169082601929,3.732569471936574e-05,2.2558786983816117,nan,nan,nan,False,not_run,not_requested
fig1,PEB,8,641399591,-10.0,snr_db,-10.0,3,3,3,3,full_6d,641399591,,,nan,,False,,4.800980247557163,nan,nan,nan,nan,nan,nan,False,,,peb_only,False,f6e2e0d2fc1e9254,,,,,,,adaptive_jones,True,fixed_anchor_then_adaptive_jones_score_selection,,nan,nan,nan,nan,True,,,nan,nan,,,,,[],nan,,,nan,nan,nan,nan,,nan,nan,nan,0.0010986110724718816,nan,nan,0.0010986110724718816,False,e032c9cb8462fea3417aadc651e10a3437190e0cacf3ab5bdc4b175ff7382e20,2.254925735329804,computed_unscaled,cpu,nan,nan,nan,,,,,,,,nan,nan,nan,nan,nan,nan,False,,
fig1,adaptive_jones_vp_proposed,23,2043173887,-10.0,snr_db,-10.0,3,3,3,3,full_6d,2043173887,,,nan,,False,,99.92100459337234,0.0016639732759041273,0.0016639732759041273,5.141619117803837e-05,0.00012502959992252336,4.5232943469984507e-13,3.2753090571116195,False,direct_vp,global_exact_spherical_vp,main_single_proposed,True,31c214a9ce8d0b3d,adaptive_jones,cupy,True,0,cupy,cupy.linalg.solve,fixed_pol_anchor,True,fixed_anchor_then_adaptive_jones_score_selection,fixed_pol_anchor,20.733152017436407,123.96996080715867,55.850728828326396,0.0,True,3,4,3096725.458075429,3096775.4285980035,"[123.96996080715867,20.733152017436407,22.849073660384093]","[0.008066470242993614,0.048231933048012925,0.04376545040033544]","[5.3570542195524516e-08,2.2713309431754623e-09,2.4961345709147973e-09]",direct_vp,"[""poor_clock_consistency""]",3096246.5511759897,3096560,True,837638.0385656568,64.17189407695491,4.517606433520417,0.224589978584142,"[5.330852974150052,4.788835143184284,4.978324328857224]",139.6942883580923,93.89117100834846,235.09116238355637,nan,nan,nan,nan,False,,nan,,,nan,nan,nan,,,,,,,,0.0016639732759041273,5.141619117803837e-05,3.2753090571116195,nan,nan,nan,False,not_run,not_requested
fig1,PEB,23,2043173887,-10.0,snr_db,-10.0,3,3,3,3,full_6d,2043173887,,,nan,,False,,4.817561410367489,nan,nan,nan,nan,nan,nan,False,,,peb_only,False,dde7bb478a8ccb6b,,,,,,,adaptive_jones,True,fixed_anchor_then_adaptive_jones_score_selection,,nan,nan,nan,nan,True,,,nan,nan,,,,,[],nan,,,nan,nan,nan,nan,,nan,nan,nan,0.0011079693799400164,nan,nan,0.0011079693799400164,False,7093cfec76f40175c6c7c58aa1b5153ce86056a79427b6463226f28ede4d41bd,3.275657558659962,computed_unscaled,cpu,nan,nan,nan,,,,,,,,nan,nan,nan,nan,nan,nan,False,,
fig1,adaptive_jones_vp_proposed,26,890721611,-10.0,snr_db,-10.0,3,3,3,3,full_6d,890721611,,,nan,,False,,65.6422417089343,0.0017397357147467352,0.0017397357147467352,2.6466926801856703e-05,0.00011924508444434456,9.881314863841844e-13,4.766393530106699,False,direct_vp,global_exact_spherical_vp,main_single_proposed,True,6d496332a9102a15,adaptive_jones,cupy,True,0,cupy,cupy.linalg.solve,fixed_pol_anchor,True,fixed_anchor_then_adaptive_jones_score_selection,fixed_pol_anchor,19.55165519378348,98.79520695514165,47.98265920347018,0.0,True,3,4,3096725.458075429,3096770.5675858757,"[19.55165519378348,98.79520695514165,25.601115461485417]","[0.05114656483397897,0.010121948530916674,0.039060798014008774]","[3.305179111972927e-08,1.860169963273266e-09,2.0534488998184243e-07]",direct_vp,"[""poor_clock_consistency""]",3096424.123459348,3096560,True,768534.4259912047,86.75093093494694,5.3995531463871025,0.1740057127427023,"[5.117517293087189,5.131285664953809,4.755472257822126]",131.79642779380083,59.39071149379015,191.8276762291789,nan,nan,nan,nan,False,,nan,,,nan,nan,nan,,,,,,,,0.0017397357147467352,2.6466926801856703e-05,4.766393530106699,nan,nan,nan,False,not_run,not_requested
fig1,PEB,26,890721611,-10.0,snr_db,-10.0,3,3,3,3,full_6d,890721611,,,nan,,False,,4.957744374871254,nan,nan,nan,nan,nan,nan,False,,,peb_only,False,53b40508808b7617,,,,,,,adaptive_jones,True,fixed_anchor_then_adaptive_jones_score_selection,,nan,nan,nan,nan,True,,,nan,nan,,,,,[],nan,,,nan,nan,nan,nan,,nan,nan,nan,0.0011642683246888541,nan,nan,0.0011642683246888541,False,c294e93a3e036e5c5731d344dd8b7b3046868b56987f9fb6b7f233813953d55d,4.7666273169950175,computed_unscaled,cpu,nan,nan,nan,,,,,,,,nan,nan,nan,nan,nan,nan,False,,
fig1,adaptive_jones_vp_proposed,25,3407116044,-10.0,snr_db,-10.0,3,3,3,3,full_6d,3407116044,,,nan,,False,,65.9085266366601,0.0010165645255795293,0.0010165645255795293,7.04622906381762e-05,0.00018865190581793465,2.2183667995166617e-12,2.045387890719765,False,direct_vp,global_exact_spherical_vp,main_single_proposed,True,9d2ebd3a1eb3e8b1,adaptive_jones,cupy,True,0,cupy,cupy.linalg.solve,fixed_pol_anchor,True,fixed_anchor_then_adaptive_jones_score_selection,fixed_pol_anchor,21.21028422134577,76.41314118388823,40.93458543222811,0.0,True,3,4,3096725.458075429,3096754.627436494,"[21.21028422134577,25.18033089145033,76.41314118388823]","[0.04714694011372097,0.03971353689853049,0.013086754247114207]","[1.3112325379990451e-08,8.601582789649108e-09,2.4833679892913912e-08]",direct_vp,"[""poor_clock_consistency""]",3097031.487297353,3096560,True,550108.159914208,83.24115144877409,4.948025711681084,0.20409521524464141,"[5.146405424959112,4.931250163977492,4.648023474840367]",136.37718717753887,59.751802794635296,196.64994777739048,nan,nan,nan,nan,False,,nan,,,nan,nan,nan,,,,,,,,0.0010165645255795293,7.04622906381762e-05,2.045387890719765,nan,nan,nan,False,not_run,not_requested
fig1,PEB,25,3407116044,-10.0,snr_db,-10.0,3,3,3,3,full_6d,3407116044,,,nan,,False,,5.037184491753578,nan,nan,nan,nan,nan,nan,False,,,peb_only,False,35903693f49bb6bf,,,,,,,adaptive_jones,True,fixed_anchor_then_adaptive_jones_score_selection,,nan,nan,nan,nan,True,,,nan,nan,,,,,[],nan,,,nan,nan,nan,nan,,nan,nan,nan,0.0013626566801322015,nan,nan,0.0013626566801322015,False,b8c0aecbc648c84bc393cf0ea8f798ce1d40daafad542474a8d407dec27d44d6,2.045087070981185,computed_unscaled,cpu,nan,nan,nan,,,,,,,,nan,nan,nan,nan,nan,nan,False,,
fig1,adaptive_jones_vp_proposed,28,4133035554,-10.0,snr_db,-10.0,3,3,3,3,full_6d,4133035554,,,nan,,False,,66.74263732135296,0.0007896085048266958,0.0007896085048266958,2.9302470659319144e-05,0.0002977549589761162,7.641528479407867e-13,3.542768288666307,False,direct_vp,global_exact_spherical_vp,main_single_proposed,True,42341fbc3b8ac769,adaptive_jones,cupy,True,0,cupy,cupy.linalg.solve,fixed_pol_anchor,True,fixed_anchor_then_adaptive_jones_score_selection,fixed_pol_anchor,18.341262999202325,147.21914032071902,63.77308802788235,0.0,True,3,4,3096725.458075429,3099897.063853119,"[18.341262999202325,25.758860763725718,147.21914032071902]","[0.054521872350074774,0.03882159266074634,0.00679259502313535]","[6.687473201369004e-08,1.3298465165670582e-08,2.106647672727652e-08]",direct_vp,[],3100563.1046978272,3096560,True,511663.2242750797,89.1945295960333,3.5846302709961844,0.07243964621292916,"[4.894076734850661,4.745176988546527,4.903205625200263]",136.32020726054907,60.44210994243622,197.19263566285372,nan,nan,nan,nan,False,,nan,,,nan,nan,nan,,,,,,,,0.0007896085048266958,2.9302470659319144e-05,3.542768288666307,nan,nan,nan,False,not_run,not_requested
fig1,PEB,28,4133035554,-10.0,snr_db,-10.0,3,3,3,3,full_6d,4133035554,,,nan,,False,,4.716273948550224,nan,nan,nan,nan,nan,nan,False,,,peb_only,False,a3003584ec23a7d0,,,,,,,adaptive_jones,True,fixed_anchor_then_adaptive_jones_score_selection,,nan,nan,nan,nan,True,,,nan,nan,,,,,[],nan,,,nan,nan,nan,nan,,nan,nan,nan,0.0014163952249484026,nan,nan,0.0014163952249484026,False,b0d6ccdf5e943bdc30a995d28f082c1063f363c2aa22897f8408d6a89636af3a,3.5382125394007455,computed_unscaled,cpu,nan,nan,nan,,,,,,,,nan,nan,nan,nan,nan,nan,False,,
fig1,adaptive_jones_vp_proposed,30,635628036,-10.0,snr_db,-10.0,3,3,3,3,full_6d,635628036,,,nan,,False,,68.59818574786186,0.002249015955205327,0.002249015955205327,6.707929488673753e-05,0.0001923210702896752,6.070592949142624e-13,3.85678018344948,False,direct_vp,global_exact_spherical_vp,main_single_proposed,True,dadeb36cc55592cd,adaptive_jones,cupy,True,0,cupy,cupy.linalg.solve,fixed_pol_anchor,True,fixed_anchor_then_adaptive_jones_score_selection,fixed_pol_anchor,26.74519634158189,32.95586768876187,30.227743936790745,0.0,True,3,4,3096725.458075429,3104642.5755340774,"[32.95586768876187,30.98216778002848,26.74519634158189]","[0.030343610109469205,0.03227663109531126,0.03738989189690533]","[2.7110227222789798e-08,3.6424226856750003e-09,1.2919110618587242e-08]",direct_vp,"[""poor_clock_consistency""]",3098435.4078804804,3096560,True,822057.958374116,70.4752731573509,7.5248868867732215,0.20485110125692704,"[5.124168852066831,5.372493482874159,4.870721527910546]",144.27880557626486,62.55764503031969,207.49505871534348,nan,nan,nan,nan,False,,nan,,,nan,nan,nan,,,,,,,,0.002249015955205327,6.707929488673753e-05,3.85678018344948,nan,nan,nan,False,not_run,not_requested
fig1,PEB,30,635628036,-10.0,snr_db,-10.0,3,3,3,3,full_6d,635628036,,,nan,,False,,4.532061666250229,nan,nan,nan,nan,nan,nan,False,,,peb_only,False,2fe74f4da7edd452,,,,,,,adaptive_jones,True,fixed_anchor_then_adaptive_jones_score_selection,,nan,nan,nan,nan,True,,,nan,nan,,,,,[],nan,,,nan,nan,nan,nan,,nan,nan,nan,0.001122363957541241,nan,nan,0.001122363957541241,False,5590d75cc6f366b617653df89fa7a75298a3f157b3c5c00e92e68278a75325fa,3.854465683864255,computed_unscaled,cpu,nan,nan,nan,,,,,,,,nan,nan,nan,nan,nan,nan,False,,
fig1,adaptive_jones_vp_proposed,32,2857393641,-10.0,snr_db,-10.0,3,3,3,3,full_6d,2857393641,,,nan,,False,,66.98319010436535,0.002118275014318804,0.002118275014318804,8.649509081260921e-05,0.00014325352764988101,1.7775560495242196e-13,1.8062187147547284,False,direct_vp,global_exact_spherical_vp,main_single_proposed,True,2eac1d5f6a1f9228,adaptive_jones,cupy,True,0,cupy,cupy.linalg.solve,fixed_pol_anchor,True,fixed_anchor_then_adaptive_jones_score_selection,fixed_pol_anchor,21.357891737736022,45.194645499621735,32.88042516553348,0.0,True,3,4,3096725.458075429,3098332.7715047323,"[21.357891737736022,45.194645499621735,32.08873825924269]","[0.04682110070872773,0.02212651496432636,0.031163581188172022]","[2.2582717978188806e-08,9.468794907114312e-09,3.6099599644806497e-07]",direct_vp,"[""poor_clock_consistency""]",3094783.9165541567,3096560,True,775171.4679910048,73.96456280902495,6.287084633470682,0.1426495869424464,"[5.263226642804097,4.914005802847022,5.098798297839224]",145.05138766020536,60.98770900815725,206.94515647739172,nan,nan,nan,nan,False,,nan,,,nan,nan,nan,,,,,,,,0.002118275014318804,8.649509081260921e-05,1.8062187147547284,nan,nan,nan,False,not_run,not_requested
fig1,PEB,32,2857393641,-10.0,snr_db,-10.0,3,3,3,3,full_6d,2857393641,,,nan,,False,,4.790985442698002,nan,nan,nan,nan,nan,nan,False,,,peb_only,False,8da31eab44cbd2f6,,,,,,,adaptive_jones,True,fixed_anchor_then_adaptive_jones_score_selection,,nan,nan,nan,nan,True,,,nan,nan,,,,,[],nan,,,nan,nan,nan,nan,,nan,nan,nan,0.0011542732131935695,nan,nan,0.0011542732131935695,False,73ca4065ba0c89751d2f0dc2de518337698a325ed5053ee6dc1f366512a9f819,1.8072646341938758,computed_unscaled,cpu,nan,nan,nan,,,,,,,,nan,nan,nan,nan,nan,nan,False,,
fig1,adaptive_jones_vp_proposed,34,1995992425,-10.0,snr_db,-10.0,3,3,3,3,full_6d,1995992425,,,nan,,False,,68.62116339057684,0.0006594154553439169,0.0006594154553439169,4.305947077440118e-05,0.0005540159904678093,5.254764257768234e-12,7.6429948964022785,False,direct_vp,global_exact_spherical_vp,main_single_proposed,True,87c9b73c84cfc23e,adaptive_jones,cupy,True,0,cupy,cupy.linalg.solve,fixed_pol_anchor,True,fixed_anchor_then_adaptive_jones_score_selection,fixed_pol_anchor,14.939987463460337,117.18587157274864,58.03043587816285,0.0,True,3,4,3096725.458075429,3097433.3623281033,"[117.18587157274864,14.939987463460337,41.96544859827958]","[0.008533451912434828,0.06693446044923548,0.02382912689747896]","[4.2528853329820236e-08,9.80314708593659e-09,8.616802757748881e-08]",direct_vp,"[""poor_clock_consistency""]",3099047.281811768,3096560,True,670793.0652114814,76.69430789494787,4.729157167988443,0.13859494375395795,"[5.0224852179239745,5.022377837849271,4.7284272688938795]",149.5590781494975,62.62609739601612,213.27870170027018,nan,nan,nan,nan,False,,nan,,,nan,nan,nan,,,,,,,,0.0006594154553439169,4.305947077440118e-05,7.6429948964022785,nan,nan,nan,False,not_run,not_requested
fig1,PEB,34,1995992425,-10.0,snr_db,-10.0,3,3,3,3,full_6d,1995992425,,,nan,,False,,4.870443843305111,nan,nan,nan,nan,nan,nan,False,,,peb_only,False,970dd58e6606499a,,,,,,,adaptive_jones,True,fixed_anchor_then_adaptive_jones_score_selection,,nan,nan,nan,nan,True,,,nan,nan,,,,,[],nan,,,nan,nan,nan,nan,,nan,nan,nan,0.0012635780725055042,nan,nan,0.0012635780725055042,False,08ae9de45575216533d6edee2ff062b3deef6ce05030f7f9832ee4fff1bbeb0e,7.636900121925694,computed_unscaled,cpu,nan,nan,nan,,,,,,,,nan,nan,nan,nan,nan,nan,False,,
fig1,adaptive_jones_vp_proposed,35,714029656,-10.0,snr_db,-10.0,3,3,3,3,full_6d,714029656,,,nan,,False,,66.529282361269,0.0016686013666405565,0.0016686013666405565,7.581633730967458e-05,0.0004990438045290491,6.4974184280976584e-12,1.9215008319151694,False,direct_vp,global_exact_spherical_vp,main_single_proposed,True,2153d11f1c64488d,adaptive_jones,cupy,True,0,cupy,cupy.linalg.solve,fixed_pol_anchor,True,fixed_anchor_then_adaptive_jones_score_selection,fixed_pol_anchor,13.474283499877748,271.751088292227,110.18522162349417,0.0,True,3,4,3096725.458075429,3097772.1435530605,"[271.751088292227,13.474283499877748,45.330293078377785]","[0.0036798380680371037,0.07421544900666507,0.022060302990444647]","[1.0891381043567665e-09,1.1065620175330034e-08,4.335670923371669e-09]",direct_vp,"[""poor_clock_consistency""]",3096779.2467562463,3096560,True,743606.6163297122,81.10701156330647,3.1984928095800664,0.20883273658665624,"[5.003165733498228,5.0933903172065955,4.612222241321043]",154.63126035779715,60.802335791289806,216.3170194774866,nan,nan,nan,nan,False,,nan,,,nan,nan,nan,,,,,,,,0.0016686013666405565,7.581633730967458e-05,1.9215008319151694,nan,nan,nan,False,not_run,not_requested
fig1,PEB,35,714029656,-10.0,snr_db,-10.0,3,3,3,3,full_6d,714029656,,,nan,,False,,4.631581641733646,nan,nan,nan,nan,nan,nan,False,,,peb_only,False,cf2e366fb5bbf1a4,,,,,,,adaptive_jones,True,fixed_anchor_then_adaptive_jones_score_selection,,nan,nan,nan,nan,True,,,nan,nan,,,,,[],nan,,,nan,nan,nan,nan,,nan,nan,nan,0.00121110425305121,nan,nan,0.00121110425305121,False,5d8c0ccf801b5347ce0be3d5af96b3f2d9a4ebabf39c0be2596e7a64087c3f22,1.921374720629833,computed_unscaled,cpu,nan,nan,nan,,,,,,,,nan,nan,nan,nan,nan,nan,False,,
fig1,adaptive_jones_vp_proposed,40,1007248754,-10.0,snr_db,-10.0,3,3,3,3,full_6d,1007248754,,,nan,,False,,55.17096285521984,0.0012604709672313337,0.0012604709672313337,3.953656899201364e-05,0.00030797075824042376,8.486122456254164e-14,2.9398490533975843,False,direct_vp,global_exact_spherical_vp,main_single_proposed,True,a3ccbe43ecd01f61,adaptive_jones,cupy,True,0,cupy,cupy.linalg.solve,fixed_pol_anchor,True,fixed_anchor_then_adaptive_jones_score_selection,fixed_pol_anchor,13.67198166528622,93.29322797675177,57.09600549033373,0.0,True,3,4,3096725.458075429,3103337.98201698,"[13.67198166528622,64.3228068289632,93.29322797675177]","[0.07314228650008896,0.015546585250776065,0.010718891623686791]","[1.4776965539812417e-07,6.21253795154942e-09,1.8112642276682816e-08]",direct_vp,"[""poor_clock_consistency""]",3096552.1731923623,3096560,True,504564.8166701853,101.94868171574673,3.7325267780801705,0.15818383411377257,"[5.057274648938233,4.972885013929881,4.687576615702412]",157.5947080925107,49.26447905600071,208.12706533819437,nan,nan,nan,nan,False,,nan,,,nan,nan,nan,,,,,,,,0.0012604709672313337,3.953656899201364e-05,2.9398490533975843,nan,nan,nan,False,not_run,not_requested
fig1,PEB,40,1007248754,-10.0,snr_db,-10.0,3,3,3,3,full_6d,1007248754,,,nan,,False,,4.871947132050991,nan,nan,nan,nan,nan,nan,False,,,peb_only,False,137b6d4a38444c32,,,,,,,adaptive_jones,True,fixed_anchor_then_adaptive_jones_score_selection,,nan,nan,nan,nan,True,,,nan,nan,,,,,[],nan,,,nan,nan,nan,nan,,nan,nan,nan,0.0014354260822166268,nan,nan,0.0014354260822166268,False,8bb652b717ff684281335ff9a69fbed705a14cc366cf654f3e53c1ef0c7a4d23,2.939871674433485,computed_unscaled,cpu,nan,nan,nan,,,,,,,,nan,nan,nan,nan,nan,nan,False,,
fig1,adaptive_jones_vp_proposed,42,1970772956,-10.0,snr_db,-10.0,3,3,3,3,full_6d,1970772956,,,nan,,False,,67.49542312324047,0.00029365189294528653,0.00029365189294528653,1.840999306497486e-05,6.373263183260528e-05,8.383506545154925e-13,1.719775435876928,False,direct_vp,global_exact_spherical_vp,main_single_proposed,True,92a85ace32af02cb,adaptive_jones,cupy,True,0,cupy,cupy.linalg.solve,fixed_pol_anchor,True,fixed_anchor_then_adaptive_jones_score_selection,fixed_pol_anchor,17.839315674470107,104.08237651790778,50.28020419977462,0.0,True,3,4,3096725.458075429,3096756.526803952,"[104.08237651790778,28.918920406945997,17.839315674470107]","[0.009607774470098343,0.03457943747204659,0.0560559619118834]","[3.129932071458474e-08,4.052654802981177e-08,1.9810410523639198e-08]",direct_vp,"[""poor_clock_consistency""]",3097092.722660004,3096560,True,858108.7879824938,72.53035683287409,3.922555946699953,0.4138377653919061,"[5.802135263904266,4.832427603884814,5.061492609147939]",151.23534379899502,61.38318223506212,213.87081746011972,nan,nan,nan,nan,False,,nan,,,nan,nan,nan,,,,,,,,0.00029365189294528653,1.840999306497486e-05,1.719775435876928,nan,nan,nan,False,not_run,not_requested
fig1,PEB,42,1970772956,-10.0,snr_db,-10.0,3,3,3,3,full_6d,1970772956,,,nan,,False,,4.374475181102753,nan,nan,nan,nan,nan,nan,False,,,peb_only,False,653e8e8ca81cb4ae,,,,,,,adaptive_jones,True,fixed_anchor_then_adaptive_jones_score_selection,,nan,nan,nan,nan,True,,,nan,nan,,,,,[],nan,,,nan,nan,nan,nan,,nan,nan,nan,0.0010700230858484586,nan,nan,0.0010700230858484586,False,4af21c66cd27ed283a830009c130c6232a0ae08038b9a036394b8e1c4ae43a65,1.719488506483005,computed_unscaled,cpu,nan,nan,nan,,,,,,,,nan,nan,nan,nan,nan,nan,False,,
fig1,adaptive_jones_vp_proposed,39,1925729663,-10.0,snr_db,-10.0,3,3,3,3,full_6d,1925729663,,,nan,,False,,78.13752070069313,0.0007299394742435942,0.0007299394742435942,7.484910787525117e-05,0.00011981157154602829,9.71378053890863e-13,0.8880981102583528,False,direct_vp,global_exact_spherical_vp,main_single_proposed,True,c9acc162afe70ba8,adaptive_jones,cupy,True,0,cupy,cupy.linalg.solve,fixed_pol_anchor,True,fixed_anchor_then_adaptive_jones_score_selection,fixed_pol_anchor,13.569869624626719,208.59857926614583,89.04814847256178,0.0,True,3,4,3096725.458075429,3119515.8415783793,"[44.975996526912816,208.59857926614583,13.569869624626719]","[0.022234082114370547,0.004793896503559239,0.07369267558559452]","[8.85743627978965e-08,6.115462247988278e-09,3.605491513252686e-07]",direct_vp,"[""poor_clock_consistency""]",3096020.386442655,3096560,True,832028.9963258554,89.97345240489737,3.6913173338198892,0.3623486012731622,"[4.8200969497992,5.666985433051999,5.013499428910383]",156.06894709914923,73.29444859176874,230.65061339735985,nan,nan,nan,nan,False,,nan,,,nan,nan,nan,,,,,,,,0.0007299394742435942,7.484910787525117e-05,0.8880981102583528,nan,nan,nan,False,not_run,not_requested
fig1,PEB,39,1925729663,-10.0,snr_db,-10.0,3,3,3,3,full_6d,1925729663,,,nan,,False,,4.594336561858654,nan,nan,nan,nan,nan,nan,False,,,peb_only,False,c045368b3873e37c,,,,,,,adaptive_jones,True,fixed_anchor_then_adaptive_jones_score_selection,,nan,nan,nan,nan,True,,,nan,nan,,,,,[],nan,,,nan,nan,nan,nan,,nan,nan,nan,0.0010316082605915417,nan,nan,0.0010316082605915417,False,96864a0d945e4bbb9c67c4c5c4b209be5179ce0b5fab7e2f47325b1eaa6bc2cc,0.8882574888439955,computed_unscaled,cpu,nan,nan,nan,,,,,,,,nan,nan,nan,nan,nan,nan,False,,
fig1,adaptive_jones_vp_proposed,38,445142407,-10.0,snr_db,-10.0,3,3,3,3,full_6d,445142407,,,nan,,False,,106.25673837214708,0.002623948691949304,0.002623948691949304,6.945543447380951e-05,0.0007537755033486495,9.022939460118707e-12,7.09371610270266,False,direct_vp,global_exact_spherical_vp,main_single_proposed,True,776a2793a3923be8,adaptive_jones,cupy,True,0,cupy,cupy.linalg.solve,fixed_pol_anchor,True,fixed_anchor_then_adaptive_jones_score_selection,fixed_pol_anchor,11.563728128998331,159.94600215394237,103.03584607510629,0.0,True,3,4,3096725.458075429,3137560.5258651553,"[11.563728128998331,159.94600215394237,137.59780794237818]","[0.08647730116386416,0.006252110001959219,0.007267557636391795]","[5.4196812968407136e-08,8.207117699390025e-07,3.712928047636092e-08]",direct_vp,"[""poor_clock_consistency""]",3095402.669416415,3096560,True,470229.0986615906,122.54616425779813,2.901137788033761,0.6258112257060466,"[5.000165858818731,4.407185988273895,3.4794783247759415]",146.0342685803771,100.05653634667397,247.25657395273447,nan,nan,nan,nan,False,,nan,,,nan,nan,nan,,,,,,,,0.002623948691949304,6.945543447380951e-05,7.09371610270266,nan,nan,nan,False,not_run,not_requested
fig1,PEB,38,445142407,-10.0,snr_db,-10.0,3,3,3,3,full_6d,445142407,,,nan,,False,,5.303029373288155,nan,nan,nan,nan,nan,nan,False,,,peb_only,False,746684781f7c82a6,,,,,,,adaptive_jones,True,fixed_anchor_then_adaptive_jones_score_selection,,nan,nan,nan,nan,True,,,nan,nan,,,,,[],nan,,,nan,nan,nan,nan,,nan,nan,nan,0.0015192585699481732,nan,nan,0.0015192585699481732,False,188df01b21e845096046e025598027817a0fefeca6c3a9da8733d6021c9aadff,7.096405017504217,computed_unscaled,cpu,nan,nan,nan,,,,,,,,nan,nan,nan,nan,nan,nan,False,,
fig1,adaptive_jones_vp_proposed,43,409305243,-10.0,snr_db,-10.0,3,3,3,3,full_6d,409305243,,,nan,,False,,52.725429981946945,0.002048078082247333,0.002048078082247333,4.236978018947735e-05,0.00031544266198427754,6.065243195184793e-13,3.3334016676625486,False,direct_vp,global_exact_spherical_vp,main_single_proposed,True,49343fa1b3052f62,adaptive_jones,cupy,True,0,cupy,cupy.linalg.solve,fixed_pol_anchor,True,fixed_anchor_then_adaptive_jones_score_selection,fixed_pol_anchor,18.34005403665676,82.32259188396273,43.50372575120818,0.0,True,3,4,3096725.458075429,3096984.338299211,"[18.34005403665676,29.848531333005052,82.32259188396273]","[0.05452546639082595,0.03350248589498942,0.012147333763825376]","[1.0612342461715606e-07,5.044058683771033e-09,9.189913084253767e-08]",direct_vp,[],3099037.326946372,3096560,True,578740.2373421579,96.51196598215422,4.757081450359357,0.03547866020396985,"[4.99562043816371,4.915065317460496,4.927103483683025]",136.31416027247906,46.476140938699245,184.03918892890215,nan,nan,nan,nan,False,,nan,,,nan,nan,nan,,,,,,,,0.002048078082247333,4.236978018947735e-05,3.3334016676625486,nan,nan,nan,False,not_run,not_requested
fig1,PEB,43,409305243,-10.0,snr_db,-10.0,3,3,3,3,full_6d,409305243,,,nan,,False,,4.893015153706074,nan,nan,nan,nan,nan,nan,False,,,peb_only,False,2c167c0b8821d67b,,,,,,,adaptive_jones,True,fixed_anchor_then_adaptive_jones_score_selection,,nan,nan,nan,nan,True,,,nan,nan,,,,,[],nan,,,nan,nan,nan,nan,,nan,nan,nan,0.0013404332208674181,nan,nan,0.0013404332208674181,False,d06249056a46bde512ae6accc3f5b861faabc2ef0f40296322d007b403b53207,3.330754203149501,computed_unscaled,cpu,nan,nan,nan,,,,,,,,nan,nan,nan,nan,nan,nan,False,,
fig1,adaptive_jones_vp_proposed,45,2629875502,-10.0,snr_db,-10.0,3,3,3,3,full_6d,2629875502,,,nan,,False,,62.34952782839537,0.00037040649462459746,0.00037040649462459746,4.467380182117991e-05,0.0001747004926767374,9.319224780348503e-13,3.6892605038092863,False,direct_vp,global_exact_spherical_vp,main_single_proposed,True,e6ae4f3893625f54,adaptive_jones,cupy,True,0,cupy,cupy.linalg.solve,fixed_pol_anchor,True,fixed_anchor_then_adaptive_jones_score_selection,fixed_pol_anchor,23.50054347066088,38.473656480521306,31.370238258770044,0.0,True,3,4,3096725.458075429,3099106.9487645146,"[38.473656480521306,23.50054347066088,32.136514825127946]","[0.025991810798326718,0.042552207408519886,0.031117251058784722]","[9.042441224505357e-09,7.964892144491864e-09,5.8226303150971376e-08]",direct_vp,"[""poor_clock_consistency""]",3094883.9753082846,3096560,True,820937.73122745,71.71065174774719,5.289986287785602,0.20005187695285165,"[5.5412085361984476,5.148994322257066,5.090701353731752]",125.83169211447239,56.31958522647619,183.50601445138454,nan,nan,nan,nan,False,,nan,,,nan,nan,nan,,,,,,,,0.00037040649462459746,4.467380182117991e-05,3.6892605038092863,nan,nan,nan,False,not_run,not_requested
fig1,PEB,45,2629875502,-10.0,snr_db,-10.0,3,3,3,3,full_6d,2629875502,,,nan,,False,,4.854930073022842,nan,nan,nan,nan,nan,nan,False,,,peb_only,False,8a61f7d86379c017,,,,,,,adaptive_jones,True,fixed_anchor_then_adaptive_jones_score_selection,,nan,nan,nan,nan,True,,,nan,nan,,,,,[],nan,,,nan,nan,nan,nan,,nan,nan,nan,0.0011130707313227605,nan,nan,0.0011130707313227605,False,61ef90b44bee96edd1828bab28b96f525f17a012a323714534c6c3c927bfb322,3.6912774840632854,computed_unscaled,cpu,nan,nan,nan,,,,,,,,nan,nan,nan,nan,nan,nan,False,,
fig1,adaptive_jones_vp_proposed,47,582567175,-10.0,snr_db,-10.0,3,3,3,3,full_6d,582567175,,,,,True,"OutOfMemoryError: Out of memory allocating 148,635,648 bytes (allocated so far: 669,975,552 bytes).",nan,nan,nan,nan,nan,nan,nan,,,,,,,,,,,,,,,,,nan,nan,nan,nan,,,,,,,,,,,nan,,,nan,nan,nan,nan,,nan,nan,nan,nan,nan,nan,nan,,,,,,nan,nan,nan,,,,,,,,,,,,,,,,
fig1,PEB,47,582567175,-10.0,snr_db,-10.0,3,3,3,3,full_6d,582567175,,,nan,,False,,5.0443126782774925,nan,nan,nan,nan,nan,nan,False,,,peb_only,False,1c74e0dcca556919,,,,,,,adaptive_jones,True,fixed_anchor_then_adaptive_jones_score_selection,,nan,nan,nan,nan,True,,,nan,nan,,,,,[],nan,,,nan,nan,nan,nan,,nan,nan,nan,0.001381373393494047,nan,nan,0.001381373393494047,False,050689952234d9ff329be9f4e449f2035a50644af1a2423c3a762752f771130c,2.148236925885505,computed_unscaled,cpu,nan,nan,nan,,,,,,,,nan,nan,nan,nan,nan,nan,False,,
fig1,adaptive_jones_vp_proposed,46,3306807379,-10.0,snr_db,-10.0,3,3,3,3,full_6d,3306807379,,,,,True,"OutOfMemoryError: Out of memory allocating 148,635,648 bytes (allocated so far: 1,908,679,680 bytes).",nan,nan,nan,nan,nan,nan,nan,,,,,,,,,,,,,,,,,nan,nan,nan,nan,,,,,,,,,,,nan,,,nan,nan,nan,nan,,nan,nan,nan,nan,nan,nan,nan,,,,,,nan,nan,nan,,,,,,,,,,,,,,,,
fig1,PEB,46,3306807379,-10.0,snr_db,-10.0,3,3,3,3,full_6d,3306807379,,,nan,,False,,4.982683688402176,nan,nan,nan,nan,nan,nan,False,,,peb_only,False,de6e0327e3b3e5a0,,,,,,,adaptive_jones,True,fixed_anchor_then_adaptive_jones_score_selection,,nan,nan,nan,nan,True,,,nan,nan,,,,,[],nan,,,nan,nan,nan,nan,,nan,nan,nan,0.001043733864655041,nan,nan,0.001043733864655041,False,324c3cee61ad53d18a3b7f70cef7049986ada5517935cd8531014229a0b305be,4.314123233347383,computed_unscaled,cpu,nan,nan,nan,,,,,,,,nan,nan,nan,nan,nan,nan,False,,
fig1,adaptive_jones_vp_proposed,48,3302385666,-10.0,snr_db,-10.0,3,3,3,3,full_6d,3302385666,,,,,True,"OutOfMemoryError: Out of memory allocating 24,772,608 bytes (allocated so far: 0 bytes).",nan,nan,nan,nan,nan,nan,nan,,,,,,,,,,,,,,,,,nan,nan,nan,nan,,,,,,,,,,,nan,,,nan,nan,nan,nan,,nan,nan,nan,nan,nan,nan,nan,,,,,,nan,nan,nan,,,,,,,,,,,,,,,,
fig1,PEB,48,3302385666,-10.0,snr_db,-10.0,3,3,3,3,full_6d,3302385666,,,nan,,False,,4.82650401443243,nan,nan,nan,nan,nan,nan,False,,,peb_only,False,9981b5f3b8a64b83,,,,,,,adaptive_jones,True,fixed_anchor_then_adaptive_jones_score_selection,,nan,nan,nan,nan,True,,,nan,nan,,,,,[],nan,,,nan,nan,nan,nan,,nan,nan,nan,0.0011458153659228702,nan,nan,0.0011458153659228702,False,1b543152d623d7ef1c79c425645de2dcbaa35a96910d0ef3f1aa53205c46b486,4.155367273525431,computed_unscaled,cpu,nan,nan,nan,,,,,,,,nan,nan,nan,nan,nan,nan,False,,
fig1,adaptive_jones_vp_proposed,50,3229661427,-10.0,snr_db,-10.0,3,3,3,3,full_6d,3229661427,,,,,True,RuntimeError: CuPy backend unavailable (CUDARuntimeError: cudaErrorMemoryAllocation: out of memory),nan,nan,nan,nan,nan,nan,nan,,,,,,,,,,,,,,,,,nan,nan,nan,nan,,,,,,,,,,,nan,,,nan,nan,nan,nan,,nan,nan,nan,nan,nan,nan,nan,,,,,,nan,nan,nan,,,,,,,,,,,,,,,,
fig1,PEB,50,3229661427,-10.0,snr_db,-10.0,3,3,3,3,full_6d,3229661427,,,nan,,False,,4.690219610929489,nan,nan,nan,nan,nan,nan,False,,,peb_only,False,675eebe339891e37,,,,,,,adaptive_jones,True,fixed_anchor_then_adaptive_jones_score_selection,,nan,nan,nan,nan,True,,,nan,nan,,,,,[],nan,,,nan,nan,nan,nan,,nan,nan,nan,0.0015690312945895314,nan,nan,0.0015690312945895314,False,1942487101149f69652abec158449acd8ba5e0555a4e067cb0f025310bb6ac8a,4.886661312998463,computed_unscaled,cpu,nan,nan,nan,,,,,,,,nan,nan,nan,nan,nan,nan,False,,
fig1,adaptive_jones_vp_proposed,51,2092735507,-10.0,snr_db,-10.0,3,3,3,3,full_6d,2092735507,,,nan,,False,,54.32100676745176,0.0019281408175482728,0.0019281408175482728,4.282460089477614e-05,0.000589879090003425,1.667887226036585e-12,7.0858245990441,False,direct_vp,global_exact_spherical_vp,main_single_proposed,True,f8b6eab74bc17f06,adaptive_jones,cupy,True,0,cupy,cupy.linalg.solve,fixed_pol_anchor,True,fixed_anchor_then_adaptive_jones_score_selection,fixed_pol_anchor,11.727081379269725,140.6591703130768,94.69923663381572,0.0,True,3,4,3096725.458075429,3100043.184318349,"[140.6591703130768,11.727081379269725,131.7114582091006]","[0.007109383608857906,0.08527270918030803,0.0075923538731210655]","[2.0234825764721173e-08,6.71437199346571e-08,1.3268667658323407e-09]",direct_vp,"[""poor_clock_consistency""]",3096489.564358138,3096560,True,601554.8835447852,97.3048360378693,2.0927212092860463,0.5988989731000811,"[6.15706270108708,5.06885632131388,4.7609530169898004]",136.14106150716543,48.373168133199215,185.47273071855307,nan,nan,nan,nan,False,,nan,,,nan,nan,nan,,,,,,,,0.0019281408175482728,4.282460089477614e-05,7.0858245990441,nan,nan,nan,False,not_run,not_requested
fig1,PEB,51,2092735507,-10.0,snr_db,-10.0,3,3,3,3,full_6d,2092735507,,,nan,,False,,4.876177050173283,nan,nan,nan,nan,nan,nan,False,,,peb_only,False,7f30abbf51f60dd6,,,,,,,adaptive_jones,True,fixed_anchor_then_adaptive_jones_score_selection,,nan,nan,nan,nan,True,,,nan,nan,,,,,[],nan,,,nan,nan,nan,nan,,nan,nan,nan,0.0013317385237289231,nan,nan,0.0013317385237289231,False,ceb68ab38b09da961371426ea0267363a416dbe569c6f715609cdf27a87a3792,7.0860223932832245,computed_unscaled,cpu,nan,nan,nan,,,,,,,,nan,nan,nan,nan,nan,nan,False,,
fig1,adaptive_jones_vp_proposed,11,3685333214,-10.0,snr_db,-10.0,3,3,3,3,full_6d,3685333214,,,nan,,False,,528.4064346849918,0.00010354845454053385,0.00010354845454053385,2.5843319969427313e-05,4.48139040937596e-05,1.7731550320280056e-12,2.8631281834070923,False,direct_vp,global_exact_spherical_vp,main_single_proposed,True,500a425cc7439e6f,adaptive_jones,cupy,True,0,cupy,cupy.linalg.solve,fixed_pol_anchor,True,fixed_anchor_then_adaptive_jones_score_selection,fixed_pol_anchor,12.084108701762768,319.1287417742574,133.70821749576177,0.0,True,3,4,3096725.458075429,3123313.706197112,"[319.1287417742574,12.084108701762768,69.91180201126511]","[0.0031335316089712876,0.08275331053932351,0.014303736581828558]","[1.7032962885600253e-09,2.7846272767209683e-07,1.10852208295889e-08]",direct_vp,"[""poor_clock_consistency""]",3091929.0270479615,3096560,True,601748.6801517614,91.82831426794142,1.5642552497098197,1.5291875039027318,"[8.173994015891482,4.789689517681763,5.091616174674572]",140.31445721536875,522.456118516624,664.2952867671847,nan,nan,nan,nan,False,,nan,,,nan,nan,nan,,,,,,,,0.00010354845454053385,2.5843319969427313e-05,2.8631281834070923,nan,nan,nan,False,not_run,not_requested
fig1,PEB,11,3685333214,-10.0,snr_db,-10.0,3,3,3,3,full_6d,3685333214,,,nan,,False,,4.92062733322382,nan,nan,nan,nan,nan,nan,False,,,peb_only,False,7774c2e3feda3c6c,,,,,,,adaptive_jones,True,fixed_anchor_then_adaptive_jones_score_selection,,nan,nan,nan,nan,True,,,nan,nan,,,,,[],nan,,,nan,nan,nan,nan,,nan,nan,nan,0.0013621409396788239,nan,nan,0.0013621409396788239,False,e9ccda1e403051d390ee49d3f08d80b8c395469b47c082ff498964bcdaeda690,2.867431283222813,computed_unscaled,cpu,nan,nan,nan,,,,,,,,nan,nan,nan,nan,nan,nan,False,,
fig1,adaptive_jones_vp_proposed,12,2210497206,-10.0,snr_db,-10.0,3,3,3,3,full_6d,2210497206,,,nan,,False,,537.16198541224,0.0012580921913760892,0.0012580921913760892,3.0337992462191498e-05,4.397926989614065e-05,8.939640099964324e-13,4.559175738799348,False,direct_vp,global_exact_spherical_vp,main_single_proposed,True,65dab7ba9aaa9241,adaptive_jones,cupy,True,0,cupy,cupy.linalg.solve,fixed_pol_anchor,True,fixed_anchor_then_adaptive_jones_score_selection,fixed_pol_anchor,18.970224315616164,51.46685029825501,35.25371176102016,0.0,True,3,4,3096725.458075429,3115345.6295976876,"[51.46685029825501,35.3240606691893,18.970224315616164]","[0.019429982486852092,0.028309316115429105,0.05271418952899974]","[4.6336579359594684e-08,3.591690159786446e-08,6.995243648891832e-08]",direct_vp,[],3098867.896945006,3096560,True,911871.9838721618,71.36700596321215,7.028237797192763,0.016484750002115113,"[5.2357882774615305,5.242544286296378,5.204689787273026]",143.58403700590134,530.910097874701,676.0198719277978,nan,nan,nan,nan,False,,nan,,,nan,nan,nan,,,,,,,,0.0012580921913760892,3.0337992462191498e-05,4.559175738799348,nan,nan,nan,False,not_run,not_requested
fig1,PEB,12,2210497206,-10.0,snr_db,-10.0,3,3,3,3,full_6d,2210497206,,,nan,,False,,4.630291163921356,nan,nan,nan,nan,nan,nan,False,,,peb_only,False,5e5ff60dd3876069,,,,,,,adaptive_jones,True,fixed_anchor_then_adaptive_jones_score_selection,,nan,nan,nan,nan,True,,,nan,nan,,,,,[],nan,,,nan,nan,nan,nan,,nan,nan,nan,0.0010167793032284742,nan,nan,0.0010167793032284742,False,0a1c4f0b423cde7d810066f20685360779b434f786c785131581505ed3dd312e,4.555803810309656,computed_unscaled,cpu,nan,nan,nan,,,,,,,,nan,nan,nan,nan,nan,nan,False,,
fig1,adaptive_jones_vp_proposed,49,3038295588,-10.0,snr_db,-10.0,3,3,3,3,full_6d,3038295588,,,nan,,False,,88.92649314552546,0.0008397533205612951,0.0008397533205612951,0.00010406063608104148,0.00013701003712149567,5.034604761913468e-12,5.8033577945443415,False,direct_vp,global_exact_spherical_vp,main_single_proposed,True,abc3ffd2f5187ad2,adaptive_jones,cupy,True,0,cupy,cupy.linalg.solve,fixed_pol_anchor,True,fixed_anchor_then_adaptive_jones_score_selection,fixed_pol_anchor,16.72349937920521,379.30841317715306,140.67276940412518,0.0,True,3,4,3096725.458075429,3158268.9664503606,"[25.986395656017212,379.30841317715306,16.72349937920521]","[0.03848167376542123,0.002636377061200721,0.059796097533673105]","[3.009381115650116e-08,1.356086961697109e-09,1.4067195899357212e-07]",direct_vp,"[""poor_clock_consistency""]",3099200.747725348,3096560,True,878297.3827133701,78.38452409487509,3.942404330260876,0.1801396058472796,"[5.5282652878960965,5.089676154503572,5.350874518511714]",144.53359071165323,82.33188097923994,228.00028293579817,nan,nan,nan,nan,False,,nan,,,nan,nan,nan,,,,,,,,0.0008397533205612951,0.00010406063608104148,5.8033577945443415,nan,nan,nan,False,not_run,not_requested
fig1,PEB,49,3038295588,-10.0,snr_db,-10.0,3,3,3,3,full_6d,3038295588,,,nan,,False,,5.030173636972904,nan,nan,nan,nan,nan,nan,False,,,peb_only,False,02287d8ee350c821,,,,,,,adaptive_jones,True,fixed_anchor_then_adaptive_jones_score_selection,,nan,nan,nan,nan,True,,,nan,nan,,,,,[],nan,,,nan,nan,nan,nan,,nan,nan,nan,0.0010414866567453618,nan,nan,0.0010414866567453618,False,acf4e48940052036015f088be14d19342fd02a5a04e03acf4cbab7169512ba81,5.7984428660158205,computed_unscaled,cpu,nan,nan,nan,,,,,,,,nan,nan,nan,nan,nan,nan,False,,
fig1,adaptive_jones_vp_proposed,9,3933360494,-10.0,snr_db,-10.0,3,3,3,3,full_6d,3933360494,,,nan,,False,,574.9413252621889,0.0003159370006886649,0.0003159370006886649,5.098287940546506e-05,8.081259451348573e-05,1.1802386609947307e-12,1.1912266562051912,False,direct_vp,global_exact_spherical_vp,main_single_proposed,True,dd5c7ec5cfb014d4,adaptive_jones,cupy,True,0,cupy,cupy.linalg.solve,fixed_pol_anchor,True,fixed_anchor_then_adaptive_jones_score_selection,fixed_pol_anchor,22.285282978766492,37.45319179064385,31.692409075746593,0.0,True,3,4,3096725.458075429,3157083.017664634,"[22.285282978766492,37.45319179064385,35.33875245782942]","[0.04487266331464217,0.02669999410336921,0.028297546755731835]","[4.005876494218458e-08,3.325011955895832e-08,3.2509235965904694e-07]",direct_vp,"[""poor_clock_consistency""]",3096586.5724160424,3096560,True,717663.1192433278,77.10473550584642,5.021658776131254,0.21004105340175871,"[5.388768692042377,4.899271096588134,5.0068277788460085]",140.82110124081373,568.5524211898446,710.6997864097357,nan,nan,nan,nan,False,,nan,,,nan,nan,nan,,,,,,,,0.0003159370006886649,5.098287940546506e-05,1.1912266562051912,nan,nan,nan,False,not_run,not_requested
fig1,PEB,9,3933360494,-10.0,snr_db,-10.0,3,3,3,3,full_6d,3933360494,,,nan,,False,,4.950184240937233,nan,nan,nan,nan,nan,nan,False,,,peb_only,False,0a23230fc3c4abb8,,,,,,,adaptive_jones,True,fixed_anchor_then_adaptive_jones_score_selection,,nan,nan,nan,nan,True,,,nan,nan,,,,,[],nan,,,nan,nan,nan,nan,,nan,nan,nan,0.0012031253848123942,nan,nan,0.0012031253848123942,False,2f009590b628473d7acf259cec76359e96ba2256fe333ef7c1514fe7022a67d5,1.191222589099843,computed_unscaled,cpu,nan,nan,nan,,,,,,,,nan,nan,nan,nan,nan,nan,False,,
fig1,adaptive_jones_vp_proposed,55,3199904066,-10.0,snr_db,-10.0,3,3,3,3,full_6d,3199904066,,,nan,,False,,64.74996339529753,0.0004979538697982256,0.0004979538697982256,3.470052323772569e-05,0.00044117382823336747,1.979173308342157e-12,3.9241461583065966,False,direct_vp,global_exact_spherical_vp,main_single_proposed,True,831486e92a153a9f,adaptive_jones,cupy,True,0,cupy,cupy.linalg.solve,fixed_pol_anchor,True,fixed_anchor_then_adaptive_jones_score_selection,fixed_pol_anchor,20.807804887680096,39.19960117443812,32.49926769831436,0.0,True,3,4,3096725.458075429,3096811.0124246413,"[39.19960117443812,37.49039703282488,20.807804887680096]","[0.02551046362718853,0.026673497191479604,0.04805888969918558]","[8.104810885087642e-08,1.9464525527099607e-08,3.2966506993067054e-08]",direct_vp,"[""poor_clock_consistency""]",3094481.917854857,3096560,True,853290.6327531178,66.28539706668242,6.316050403350529,0.11682366704848739,"[5.230164747625366,5.019830217606807,4.956966234232475]",131.02362475544214,58.569205678999424,190.59759060293436,nan,nan,nan,nan,False,,nan,,,nan,nan,nan,,,,,,,,0.0004979538697982256,3.470052323772569e-05,3.9241461583065966,nan,nan,nan,False,not_run,not_requested
fig1,PEB,55,3199904066,-10.0,snr_db,-10.0,3,3,3,3,full_6d,3199904066,,,nan,,False,,4.74175713211298,nan,nan,nan,nan,nan,nan,False,,,peb_only,False,17c91c3f1e49f18b,,,,,,,adaptive_jones,True,fixed_anchor_then_adaptive_jones_score_selection,,nan,nan,nan,nan,True,,,nan,nan,,,,,[],nan,,,nan,nan,nan,nan,,nan,nan,nan,0.0010862244274421897,nan,nan,0.0010862244274421897,False,ff385e78e5554a838decb9742089f6308b997df2029ddf9a6dfeb38655607425,3.9268016866383753,computed_unscaled,cpu,nan,nan,nan,,,,,,,,nan,nan,nan,nan,nan,nan,False,,
fig1,adaptive_jones_vp_proposed,53,3576518520,-10.0,snr_db,-10.0,3,3,3,3,full_6d,3576518520,,,nan,,False,,191.89720802009106,0.05990527846309379,0.05990527846309379,0.012630712344441275,0.048032856389045406,6.724813432062245e-11,1.8775841625688137,False,direct_vp,global_exact_spherical_vp,main_single_proposed,True,a79432cec7d53da6,adaptive_jones,cupy,True,0,cupy,cupy.linalg.solve,adaptive_jones,True,fixed_anchor_then_adaptive_jones_score_selection,adaptive_jones,268.4661976375027,66876.49702219822,25770.303298144947,0.0,True,6,4,3096725.458075429,2829446.9268895593,"[10165.946674599107,268.4661976375027,66876.49702219822]","[9.83676210236946e-05,0.0037248637203920426,1.4952935300896133e-05]","[7.00852522496867e-08,4.8317119426596395e-11,7.991714349153817e-15]",direct_vp,"[""low_assignment_margin"",""poor_clock_consistency""]",3097502.092968162,3096560,True,298811.62676275393,208.29152907977203,0.09674656392661998,37.63937812596696,"[85.22325668950846,5.056938431172663,5.703140294721649]",139.64542648941278,185.74399725347757,326.73360449820757,nan,nan,nan,nan,False,,nan,,,nan,nan,nan,,,,,,,,0.05990527846309379,0.012630712344441275,1.8775841625688137,nan,nan,nan,False,not_run,not_requested
fig1,PEB,53,3576518520,-10.0,snr_db,-10.0,3,3,3,3,full_6d,3576518520,,,nan,,False,,5.022763773798943,nan,nan,nan,nan,nan,nan,False,,,peb_only,False,82253d7016fd4be0,,,,,,,adaptive_jones,True,fixed_anchor_then_adaptive_jones_score_selection,,nan,nan,nan,nan,True,,,nan,nan,,,,,[],nan,,,nan,nan,nan,nan,,nan,nan,nan,0.0016873163838050024,nan,nan,0.0016873163838050024,False,e200269e04ccf0a54521e583b609be7b0a3b6bdaccfd671ee9c073b4737a05cd,1.8770228013694026,computed_unscaled,cpu,nan,nan,nan,,,,,,,,nan,nan,nan,nan,nan,nan,False,,
fig1,adaptive_jones_vp_proposed,59,1187262716,-10.0,snr_db,-10.0,3,3,3,3,full_6d,1187262716,,,nan,,False,,66.19614666700363,0.0008323397978668203,0.0008323397978668203,4.8303188518280584e-05,0.000710098464306463,2.1913756015780003e-12,2.493570694862502,False,direct_vp,global_exact_spherical_vp,main_single_proposed,True,29182ac6ccdfb977,adaptive_jones,cupy,True,0,cupy,cupy.linalg.solve,fixed_pol_anchor,True,fixed_anchor_then_adaptive_jones_score_selection,fixed_pol_anchor,16.293893468229488,285.4171017382579,109.85077585321449,0.0,True,3,4,3096725.458075429,3099588.9860151717,"[16.293893468229488,285.4171017382579,27.8413323531561]","[0.061372685536059735,0.0035036442932968826,0.03591782129129314]","[1.7303551088903367e-07,3.0075132152203713e-09,6.557564239182707e-08]",direct_vp,"[""poor_clock_consistency""]",3097887.1519666957,3096560,True,767742.3283547069,73.7691247818122,4.466762259099457,0.20526864854751073,"[5.290986844006856,4.833056886536796,4.882206412979903]",127.36375515908003,60.18532570451498,188.6849343776703,nan,nan,nan,nan,False,,nan,,,nan,nan,nan,,,,,,,,0.0008323397978668203,4.8303188518280584e-05,2.493570694862502,nan,nan,nan,False,not_run,not_requested
fig1,PEB,59,1187262716,-10.0,snr_db,-10.0,3,3,3,3,full_6d,1187262716,,,nan,,False,,4.897428974509239,nan,nan,nan,nan,nan,nan,False,,,peb_only,False,a096024e0ae196aa,,,,,,,adaptive_jones,True,fixed_anchor_then_adaptive_jones_score_selection,,nan,nan,nan,nan,True,,,nan,nan,,,,,[],nan,,,nan,nan,nan,nan,,nan,nan,nan,0.0011902208972583582,nan,nan,0.0011902208972583582,False,ba85b3dc69f0d5910f5e051466d13a9fa16bdfb1c72eaceaa138a692faa0065e,2.492515314223931,computed_unscaled,cpu,nan,nan,nan,,,,,,,,nan,nan,nan,nan,nan,nan,False,,
fig1,adaptive_jones_vp_proposed,56,2167631329,-10.0,snr_db,-10.0,3,3,3,3,full_6d,2167631329,,,,,True,"OutOfMemoryError: Out of memory allocating 148,635,648 bytes (allocated so far: 1,437,967,360 bytes).",nan,nan,nan,nan,nan,nan,nan,,,,,,,,,,,,,,,,,nan,nan,nan,nan,,,,,,,,,,,nan,,,nan,nan,nan,nan,,nan,nan,nan,nan,nan,nan,nan,,,,,,nan,nan,nan,,,,,,,,,,,,,,,,
fig1,PEB,56,2167631329,-10.0,snr_db,-10.0,3,3,3,3,full_6d,2167631329,,,nan,,False,,4.882729768753052,nan,nan,nan,nan,nan,nan,False,,,peb_only,False,98aee12d99c14b3d,,,,,,,adaptive_jones,True,fixed_anchor_then_adaptive_jones_score_selection,,nan,nan,nan,nan,True,,,nan,nan,,,,,[],nan,,,nan,nan,nan,nan,,nan,nan,nan,0.001068946960662571,nan,nan,0.001068946960662571,False,7d96ebe691cae134218fac4c44588ab5938392c288ecaa287b62d8519dd2dcef,3.949962640943077,computed_unscaled,cpu,nan,nan,nan,,,,,,,,nan,nan,nan,nan,nan,nan,False,,
fig1,adaptive_jones_vp_proposed,57,476784074,-10.0,snr_db,-10.0,3,3,3,3,full_6d,476784074,,,,,True,"OutOfMemoryError: Out of memory allocating 148,635,648 bytes (allocated so far: 1,140,696,064 bytes).",nan,nan,nan,nan,nan,nan,nan,,,,,,,,,,,,,,,,,nan,nan,nan,nan,,,,,,,,,,,nan,,,nan,nan,nan,nan,,nan,nan,nan,nan,nan,nan,nan,,,,,,nan,nan,nan,,,,,,,,,,,,,,,,
fig1,PEB,57,476784074,-10.0,snr_db,-10.0,3,3,3,3,full_6d,476784074,,,nan,,False,,4.890579372644424,nan,nan,nan,nan,nan,nan,False,,,peb_only,False,161741ce132704a6,,,,,,,adaptive_jones,True,fixed_anchor_then_adaptive_jones_score_selection,,nan,nan,nan,nan,True,,,nan,nan,,,,,[],nan,,,nan,nan,nan,nan,,nan,nan,nan,0.0010949932382749352,nan,nan,0.0010949932382749352,False,0678217d596e534740a4e9789e3054b9b6004d88d7430db9577064550d35976f,1.7647787658727254,computed_unscaled,cpu,nan,nan,nan,,,,,,,,nan,nan,nan,nan,nan,nan,False,,
fig1,adaptive_jones_vp_proposed,58,1249403404,-10.0,snr_db,-10.0,3,3,3,3,full_6d,1249403404,,,nan,,False,,76.64133013784885,0.0009410175396085565,0.0009410175396085565,4.7146742047365e-05,1.972952915996395e-05,5.968979957833568e-12,6.789274454558632,False,direct_vp,global_exact_spherical_vp,main_single_proposed,True,218d7350b31356b2,adaptive_jones,cupy,True,0,cupy,cupy.linalg.solve,fixed_pol_anchor,True,fixed_anchor_then_adaptive_jones_score_selection,fixed_pol_anchor,19.567460486472108,174.84698773528567,72.53996499259914,0.0,True,3,4,3096725.458075429,3224298.8437059773,"[19.567460486472108,23.20544675603962,174.84698773528567]","[0.051105252041867104,0.04309333108256264,0.005719286404516902]","[2.9645360101297386e-08,1.9060069837343117e-08,2.7093265320545535e-08]",direct_vp,"[""poor_clock_consistency""]",3097920.911119229,3096560,True,439646.37672465557,95.6807103656975,3.7048132490947188,0.12568281692152516,"[4.978008460594513,4.690778862546985,4.93034748179733]",131.83683827519417,70.5029951557517,203.47485107928514,nan,nan,nan,nan,False,,nan,,,nan,nan,nan,,,,,,,,0.0009410175396085565,4.7146742047365e-05,6.789274454558632,nan,nan,nan,False,not_run,not_requested
fig1,PEB,58,1249403404,-10.0,snr_db,-10.0,3,3,3,3,full_6d,1249403404,,,nan,,False,,5.116835094988346,nan,nan,nan,nan,nan,nan,False,,,peb_only,False,2d614c1a3a34094d,,,,,,,adaptive_jones,True,fixed_anchor_then_adaptive_jones_score_selection,,nan,nan,nan,nan,True,,,nan,nan,,,,,[],nan,,,nan,nan,nan,nan,,nan,nan,nan,0.0015257911518762766,nan,nan,0.0015257911518762766,False,282ef6b6a0b0bdc03992830ab54a887d3acbc9d2eab301295ecf986d4506a68e,6.7863270033591325,computed_unscaled,cpu,nan,nan,nan,,,,,,,,nan,nan,nan,nan,nan,nan,False,,
fig1,adaptive_jones_vp_proposed,29,1456316145,-10.0,snr_db,-10.0,3,3,3,3,full_6d,1456316145,,,nan,,False,,543.6277268379927,0.0005415937133008346,0.0005415937133008346,4.6150711693171196e-05,7.590264162321707e-05,4.783987367007108e-12,5.857033549825508,False,direct_vp,global_exact_spherical_vp,main_single_proposed,True,b58a027debf081a0,adaptive_jones,cupy,True,0,cupy,cupy.linalg.solve,fixed_pol_anchor,True,fixed_anchor_then_adaptive_jones_score_selection,fixed_pol_anchor,23.176792441682156,70.30048007885914,38.988055278651146,0.0,True,3,4,3096725.458075429,3132593.1246377355,"[70.30048007885914,23.486893315412143,23.176792441682156]","[0.014224653925662464,0.042576937977587326,0.04314660894051843]","[9.230981594838842e-09,1.9026071559999568e-08,1.6680969746542913e-07]",direct_vp,"[""poor_clock_consistency""]",3096312.8638556083,3096560,True,871402.5921327226,77.29536621694513,3.508071454017743,0.6024326868493,"[4.034619955519932,4.80681046169298,5.509730592548418]",123.15953875333071,537.4150685369968,661.0745747163892,nan,nan,nan,nan,False,,nan,,,nan,nan,nan,,,,,,,,0.0005415937133008346,4.6150711693171196e-05,5.857033549825508,nan,nan,nan,False,not_run,not_requested
fig1,PEB,29,1456316145,-10.0,snr_db,-10.0,3,3,3,3,full_6d,1456316145,,,nan,,False,,4.673710688948631,nan,nan,nan,nan,nan,nan,False,,,peb_only,False,232ad712c0962649,,,,,,,adaptive_jones,True,fixed_anchor_then_adaptive_jones_score_selection,,nan,nan,nan,nan,True,,,nan,nan,,,,,[],nan,,,nan,nan,nan,nan,,nan,nan,nan,0.00107917732895236,nan,nan,0.00107917732895236,False,d8fe45eb7ae04a0170dd7feb177c545054b10b09137abe9e9f00552ed53b5825,5.857531302247063,computed_unscaled,cpu,nan,nan,nan,,,,,,,,nan,nan,nan,nan,nan,nan,False,,
fig1,adaptive_jones_vp_proposed,60,1839575832,-10.0,snr_db,-10.0,3,3,3,3,full_6d,1839575832,,,nan,,False,,76.05520110577345,0.0018553386663357112,0.0018553386663357112,3.749247230789271e-05,8.448557915077229e-05,7.813140438241347e-13,5.609026988120356,False,direct_vp,global_exact_spherical_vp,main_single_proposed,True,7455bbf422b1cc4b,adaptive_jones,cupy,True,0,cupy,cupy.linalg.solve,fixed_pol_anchor,True,fixed_anchor_then_adaptive_jones_score_selection,fixed_pol_anchor,12.301569800064154,171.42682199428495,87.47486225639149,0.0,True,3,4,3096725.458075429,3107797.4743651603,"[78.69619497482537,12.301569800064154,171.42682199428495]","[0.0127070946726357,0.08129043823191437,0.005833392862301975]","[3.861830434744802e-06,1.71452625417905e-09,7.510298805657664e-10]",direct_vp,"[""low_assignment_margin"",""poor_clock_consistency""]",3095668.071920946,3096560,True,565987.5857971368,94.63471098296867,0.6356147494529212,0.6333772853710431,"[6.7099230942162,5.160932092633608,5.859792330021633]",157.70962937921286,69.54175877571106,228.50587402284145,nan,nan,nan,nan,False,,nan,,,nan,nan,nan,,,,,,,,0.0018553386663357112,3.749247230789271e-05,5.609026988120356,nan,nan,nan,False,not_run,not_requested
fig1,PEB,60,1839575832,-10.0,snr_db,-10.0,3,3,3,3,full_6d,1839575832,,,nan,,False,,5.173703655600548,nan,nan,nan,nan,nan,nan,False,,,peb_only,False,3e9ed790d449ae81,,,,,,,adaptive_jones,True,fixed_anchor_then_adaptive_jones_score_selection,,nan,nan,nan,nan,True,,,nan,nan,,,,,[],nan,,,nan,nan,nan,nan,,nan,nan,nan,0.0013668471377324787,nan,nan,0.0013668471377324787,False,42d79a12e13d52ea36763a6478c0ea4b122194dbd7e070b6eef8b19740c115ec,5.610672058903261,computed_unscaled,cpu,nan,nan,nan,,,,,,,,nan,nan,nan,nan,nan,nan,False,,
fig1,adaptive_jones_vp_proposed,63,3424526765,-10.0,snr_db,-10.0,3,3,3,3,full_6d,3424526765,,,nan,,False,,66.12712542712688,0.0003513344442250237,0.0003513344442250237,5.879287306410158e-05,0.00027790520019937764,3.4353647509094067e-12,3.254165778167082,False,direct_vp,global_exact_spherical_vp,main_single_proposed,True,b3b9e1e900cb7f71,adaptive_jones,cupy,True,0,cupy,cupy.linalg.solve,fixed_pol_anchor,True,fixed_anchor_then_adaptive_jones_score_selection,fixed_pol_anchor,18.50067593535742,83.05009003727722,43.639449759534266,0.0,True,3,4,3096725.458075429,3128852.5950756962,"[83.05009003727722,18.50067593535742,29.367583305968164]","[0.012040926138287118,0.05405207914973297,0.03405115053397702]","[1.8791850702658857e-08,1.8890776753531824e-08,2.4215787527748494e-07]",direct_vp,"[""poor_clock_consistency""]",3097440.6391667686,3096560,True,749922.6553311803,71.78468063089657,4.177037978822836,0.16616522698068192,"[4.860519383987456,5.154039585113767,5.251478973917429]",141.67522130161524,59.83429889380932,202.68859890848398,nan,nan,nan,nan,False,,nan,,,nan,nan,nan,,,,,,,,0.0003513344442250237,5.879287306410158e-05,3.254165778167082,nan,nan,nan,False,not_run,not_requested
fig1,PEB,63,3424526765,-10.0,snr_db,-10.0,3,3,3,3,full_6d,3424526765,,,nan,,False,,5.119324877858162,nan,nan,nan,nan,nan,nan,False,,,peb_only,False,17a6bce42fd9126e,,,,,,,adaptive_jones,True,fixed_anchor_then_adaptive_jones_score_selection,,nan,nan,nan,nan,True,,,nan,nan,,,,,[],nan,,,nan,nan,nan,nan,,nan,nan,nan,0.0011907643546135674,nan,nan,0.0011907643546135674,False,258f950ff6512034899ff541f16fbb81fb7ab692c62ede128038d4532b76f1bb,3.2532573897539567,computed_unscaled,cpu,nan,nan,nan,,,,,,,,nan,nan,nan,nan,nan,nan,False,,
fig1,adaptive_jones_vp_proposed,37,1911328645,-10.0,snr_db,-10.0,3,3,3,3,full_6d,1911328645,,,nan,,False,,541.50539521873,0.0013958431901192466,0.0013958431901192466,4.2588192036119794e-05,0.00029903209575255884,1.4593489557048357e-12,2.2844109884970503,False,direct_vp,global_exact_spherical_vp,main_single_proposed,True,2673f763a7ca052f,adaptive_jones,cupy,True,0,cupy,cupy.linalg.solve,fixed_pol_anchor,True,fixed_anchor_then_adaptive_jones_score_selection,fixed_pol_anchor,14.816482711043465,71.97084380965435,46.439669831850125,0.0,True,3,4,3096725.458075429,3115592.157107086,"[52.53168297485256,14.816482711043465,71.97084380965435]","[0.019036131022609315,0.06749240150226973,0.013894515431454292]","[5.273941991636433e-08,5.380991575671355e-08,2.1703680309928724e-08]",direct_vp,"[""poor_clock_consistency""]",3094165.539361355,3096560,True,565220.8138485042,84.64820501341552,4.281675645732869,0.5549003094744998,"[5.091087780718897,5.045170155860181,3.8916795348915154]",149.6416190341115,535.0933767482638,685.613575220108,nan,nan,nan,nan,False,,nan,,,nan,nan,nan,,,,,,,,0.0013958431901192466,4.2588192036119794e-05,2.2844109884970503,nan,nan,nan,False,not_run,not_requested
fig1,PEB,37,1911328645,-10.0,snr_db,-10.0,3,3,3,3,full_6d,1911328645,,,nan,,False,,5.109872110188007,nan,nan,nan,nan,nan,nan,False,,,peb_only,False,8c5d6ada7c9ac0a1,,,,,,,adaptive_jones,True,fixed_anchor_then_adaptive_jones_score_selection,,nan,nan,nan,nan,True,,,nan,nan,,,,,[],nan,,,nan,nan,nan,nan,,nan,nan,nan,0.0013637632982206713,nan,nan,0.0013637632982206713,False,89cd20fcd9a64ac709c19d36df44d0df4be8c42c9af5aab07d8f4fd5c690dd17,2.286190622682814,computed_unscaled,cpu,nan,nan,nan,,,,,,,,nan,nan,nan,nan,nan,nan,False,,
fig1,adaptive_jones_vp_proposed,33,3489193506,-10.0,snr_db,-10.0,3,3,3,3,full_6d,3489193506,,,nan,,False,,592.9780339300632,0.0003144678911212694,0.0003144678911212694,3.512171249438185e-05,0.00020577183133372955,6.817005644848106e-13,5.01982910568315,False,direct_vp,global_exact_spherical_vp,main_single_proposed,True,91774ae91a1429c0,adaptive_jones,cupy,True,0,cupy,cupy.linalg.solve,fixed_pol_anchor,True,fixed_anchor_then_adaptive_jones_score_selection,fixed_pol_anchor,23.167014074939452,57.28252452466957,35.24366901485723,0.0,True,3,4,3096725.458075429,3097251.5747890472,"[23.167014074939452,57.28252452466957,25.281468444962687]","[0.04316482032350328,0.017457331153623523,0.03955466440375886]","[3.7875511644633664e-08,9.014661335955857e-09,1.0766602291641968e-07]",direct_vp,"[""poor_clock_consistency""]",3094849.8863786957,3096560,True,776115.3803308192,79.41372535932908,5.198336048366709,0.20944216558455603,"[4.863584024659968,5.076977366059346,5.374316033722745]",145.7031008079648,586.6931021735072,733.3856897801161,nan,nan,nan,nan,False,,nan,,,nan,nan,nan,,,,,,,,0.0003144678911212694,3.512171249438185e-05,5.01982910568315,nan,nan,nan,False,not_run,not_requested
fig1,PEB,33,3489193506,-10.0,snr_db,-10.0,3,3,3,3,full_6d,3489193506,,,nan,,False,,4.90454338490963,nan,nan,nan,nan,nan,nan,False,,,peb_only,False,c2f73d4563773d53,,,,,,,adaptive_jones,True,fixed_anchor_then_adaptive_jones_score_selection,,nan,nan,nan,nan,True,,,nan,nan,,,,,[],nan,,,nan,nan,nan,nan,,nan,nan,nan,0.001159415437043294,nan,nan,0.001159415437043294,False,76527bb9436024da57d5b3c4ee115c2d9eeebd7e9b24b99b40e819fe3069631e,5.022628852266684,computed_unscaled,cpu,nan,nan,nan,,,,,,,,nan,nan,nan,nan,nan,nan,False,,
fig1,adaptive_jones_vp_proposed,31,3399679668,-10.0,snr_db,-10.0,3,3,3,3,full_6d,3399679668,,,nan,,False,,625.7747162207961,0.0012195776532480309,0.0012195776532480309,3.321287992570372e-05,0.0003369188551254187,1.1052840640326017e-12,4.027999965593585,False,direct_vp_rollback,global_exact_spherical_vp,main_single_proposed,True,12c7a35c1370f6ee,adaptive_jones,cupy,True,0,cupy,cupy.linalg.solve,fixed_pol_anchor,True,fixed_anchor_then_adaptive_jones_score_selection,fixed_pol_anchor,17.713935469591643,100.36521753957071,49.243727660561966,0.0,True,3,4,3096725.458075429,3098132.7552549904,"[17.713935469591643,29.65202997252355,100.36521753957071]","[0.056452729078691796,0.03372450388378056,0.00996361114352557]","[1.0610578191254305e-07,4.121076762573115e-09,3.2865629149319327e-09]",jnpp_then_vp,"[""poor_clock_consistency""]",3102844.3493025783,3096560,False,532651.8702176142,94.1660216788746,5.429501723856991,0.15625356129262225,"[4.945664836355725,5.229355974459721,4.865006938028522]",149.09986545145512,512.8575529456139,662.6524527221918,nan,nan,nan,nan,False,,nan,,,nan,nan,nan,,,,,,,,0.0012195776532480309,3.321287992570372e-05,4.027999965593585,0.001219766722755494,3.32125068140736e-05,4.0279999655936445,True,rollback,existing_selector_rollback
fig1,PEB,31,3399679668,-10.0,snr_db,-10.0,3,3,3,3,full_6d,3399679668,,,nan,,False,,5.308444142341614,nan,nan,nan,nan,nan,nan,False,,,peb_only,False,a11b9985ce81e51c,,,,,,,adaptive_jones,True,fixed_anchor_then_adaptive_jones_score_selection,,nan,nan,nan,nan,True,,,nan,nan,,,,,[],nan,,,nan,nan,nan,nan,,nan,nan,nan,0.0013861815680638022,nan,nan,0.0013861815680638022,False,579f4d92d8c766cab7fa417a5175cd99bb36ab4a51df0f587cc9ea2e392b9def,4.019862621939596,computed_unscaled,cpu,nan,nan,nan,,,,,,,,nan,nan,nan,nan,nan,nan,False,,
fig1,adaptive_jones_vp_proposed,65,2236466502,-10.0,snr_db,-10.0,3,3,3,3,full_6d,2236466502,,,nan,,False,,65.33322559297085,0.0006217426739215624,0.0006217426739215624,5.160706565517274e-05,0.0003800509006439681,6.817690001845975e-12,1.0593867980102734,False,direct_vp,global_exact_spherical_vp,main_single_proposed,True,440b87ebfe5eb512,adaptive_jones,cupy,True,0,cupy,cupy.linalg.solve,fixed_pol_anchor,True,fixed_anchor_then_adaptive_jones_score_selection,fixed_pol_anchor,22.257851731436567,62.05166517220173,36.62070701692638,0.0,True,3,4,3096725.458075429,3098093.683235255,"[25.55260414714083,62.05166517220173,22.257851731436567]","[0.039134954473371786,0.016115602976371605,0.04492796573738341]","[7.981393262022646e-08,2.3099487057452733e-08,4.663054412300341e-08]",direct_vp,"[""poor_clock_consistency""]",3100303.2880698307,3096560,True,882099.8476273656,70.04418486796943,4.4943980994003905,0.20014260119594415,"[5.303809607271147,5.050565032982285,4.8136530537148765]",115.97311835736036,58.89476651698351,176.05788718163967,nan,nan,nan,nan,False,,nan,,,nan,nan,nan,,,,,,,,0.0006217426739215624,5.160706565517274e-05,1.0593867980102734,nan,nan,nan,False,not_run,not_requested
fig1,PEB,65,2236466502,-10.0,snr_db,-10.0,3,3,3,3,full_6d,2236466502,,,nan,,False,,5.109319940209389,nan,nan,nan,nan,nan,nan,False,,,peb_only,False,0a3939383cd8113c,,,,,,,adaptive_jones,True,fixed_anchor_then_adaptive_jones_score_selection,,nan,nan,nan,nan,True,,,nan,nan,,,,,[],nan,,,nan,nan,nan,nan,,nan,nan,nan,0.0010744984598680988,nan,nan,0.0010744984598680988,False,8713a1af4c8a44df0d773df8c1e647ae5757abeba9d4009ab7b9d7ee65d54a43,1.0581131678500388,computed_unscaled,cpu,nan,nan,nan,,,,,,,,nan,nan,nan,nan,nan,nan,False,,
fig1,adaptive_jones_vp_proposed,66,437355907,-10.0,snr_db,-10.0,3,3,3,3,full_6d,437355907,,,nan,,False,,63.73031398653984,0.0017588822518074482,0.0017588822518074482,8.100806161162975e-05,0.00037102715220911034,4.871583007781001e-13,5.809972771619445,False,direct_vp,global_exact_spherical_vp,main_single_proposed,True,49fcd53454ed1763,adaptive_jones,cupy,True,0,cupy,cupy.linalg.solve,fixed_pol_anchor,True,fixed_anchor_then_adaptive_jones_score_selection,fixed_pol_anchor,20.31634036638244,75.53042697684653,40.82623523386655,0.0,True,3,4,3096725.458075429,3097127.896172175,"[26.631938358370682,75.53042697684653,20.31634036638244]","[0.037548900366054586,0.01323969742989821,0.04922146321364005]","[1.3737501504212965e-08,2.502007631890799e-09,1.2183445905201389e-07]",direct_vp,[],3097743.037977098,3096560,True,830115.4880877772,78.21282933589177,6.241280025895449,0.09201421183662381,"[5.229289327891168,5.036386493747625,5.031886730815598]",132.58103746175766,57.337175495922565,191.1112732961774,nan,nan,nan,nan,False,,nan,,,nan,nan,nan,,,,,,,,0.0017588822518074482,8.100806161162975e-05,5.809972771619445,nan,nan,nan,False,not_run,not_requested
fig1,PEB,66,437355907,-10.0,snr_db,-10.0,3,3,3,3,full_6d,437355907,,,nan,,False,,4.811403147876263,nan,nan,nan,nan,nan,nan,False,,,peb_only,False,ef2fac57fc655e9d,,,,,,,adaptive_jones,True,fixed_anchor_then_adaptive_jones_score_selection,,nan,nan,nan,nan,True,,,nan,nan,,,,,[],nan,,,nan,nan,nan,nan,,nan,nan,nan,0.0011219353536922588,nan,nan,0.0011219353536922588,False,34c19cd95e99da79457cbf3518f1232a26ad19f1e8691866bda8c30a1c520f1f,5.807783933233801,computed_unscaled,cpu,nan,nan,nan,,,,,,,,nan,nan,nan,nan,nan,nan,False,,
fig1,adaptive_jones_vp_proposed,24,2465240206,-10.0,snr_db,-10.0,3,3,3,3,full_6d,2465240206,,,nan,,False,,726.4733817502856,0.00040449889855185406,0.00040449889855185406,3.380299535944842e-05,0.00021007146323759606,1.9281007998600977e-12,5.251363788216717,False,direct_vp,global_exact_spherical_vp,main_single_proposed,True,b9927de3711c6f65,adaptive_jones,cupy,True,0,cupy,cupy.linalg.solve,fixed_pol_anchor,True,fixed_anchor_then_adaptive_jones_score_selection,fixed_pol_anchor,12.455722255668832,571.8425759192814,213.5260601603267,0.0,True,3,4,3096725.458075429,3108369.128543131,"[56.27988230602981,12.455722255668832,571.8425759192814]","[0.01776833850693004,0.08028438491653309,0.0017487330281775182]","[2.7504134800405166e-09,3.488846542338744e-09,6.215843630548938e-07]",direct_vp,"[""low_assignment_margin"",""poor_clock_consistency""]",3096137.1797090913,3096560,True,515920.5602802487,105.6960411765786,0.04340041484004623,42.19945234739691,"[5.144867336808928,4.9759205533820685,94.57883112777469]",119.13362631946802,597.0175136327744,716.6638451889157,nan,nan,nan,nan,False,,nan,,,nan,nan,nan,,,,,,,,0.00040449889855185406,3.380299535944842e-05,5.251363788216717,nan,nan,nan,False,not_run,not_requested
fig1,PEB,24,2465240206,-10.0,snr_db,-10.0,3,3,3,3,full_6d,2465240206,,,nan,,False,,4.984282620251179,nan,nan,nan,nan,nan,nan,False,,,peb_only,False,c4c5b2c7cf0a76a4,,,,,,,adaptive_jones,True,fixed_anchor_then_adaptive_jones_score_selection,,nan,nan,nan,nan,True,,,nan,nan,,,,,[],nan,,,nan,nan,nan,nan,,nan,nan,nan,0.0014217162358910092,nan,nan,0.0014217162358910092,False,d0abc1777196bcc1a36b4bbbb5b3c3e641533288ceccc09b778d2fb6777f61b5,5.2521080720941615,computed_unscaled,cpu,nan,nan,nan,,,,,,,,nan,nan,nan,nan,nan,nan,False,,
fig1,adaptive_jones_vp_proposed,67,804537149,-10.0,snr_db,-10.0,3,3,3,3,full_6d,804537149,,,nan,,False,,64.97088216245174,0.0025464535152881934,0.0025464535152881934,7.880739512196784e-05,9.232375368178131e-05,6.966294627388272e-12,4.5439312646854875,False,direct_vp,global_exact_spherical_vp,main_single_proposed,True,ebb67403c48097ce,adaptive_jones,cupy,True,0,cupy,cupy.linalg.solve,fixed_pol_anchor,True,fixed_anchor_then_adaptive_jones_score_selection,fixed_pol_anchor,29.02265446335544,31.274763722264726,30.176286743258007,0.0,True,3,4,3096725.458075429,3096765.9525436503,"[29.02265446335544,30.23144204415386,31.274763722264726]","[0.034455842115806344,0.03307814422180857,0.0319746620262016]","[2.2595246262477303e-08,9.867014063345474e-09,7.997822150455994e-08]",direct_vp,"[""poor_clock_consistency""]",3092776.879764915,3096560,True,806618.3474704665,70.7609968150044,4.196122686620274,0.29962503696421683,"[5.136700607734892,5.359732501934291,4.642674803079596]",147.23595324903727,58.79602825641632,207.23395689576864,nan,nan,nan,nan,False,,nan,,,nan,nan,nan,,,,,,,,0.0025464535152881934,7.880739512196784e-05,4.5439312646854875,nan,nan,nan,False,not_run,not_requested
fig1,PEB,67,804537149,-10.0,snr_db,-10.0,3,3,3,3,full_6d,804537149,,,nan,,False,,5.005870535969734,nan,nan,nan,nan,nan,nan,False,,,peb_only,False,1d6121d10097bb7e,,,,,,,adaptive_jones,True,fixed_anchor_then_adaptive_jones_score_selection,,nan,nan,nan,nan,True,,,nan,nan,,,,,[],nan,,,nan,nan,nan,nan,,nan,nan,nan,0.0011200162436660194,nan,nan,0.0011200162436660194,False,b26904abe3f7d46852807fc0a30cd211634c6c8e972ac0e965050f20e27517f2,4.549512960968672,computed_unscaled,cpu,nan,nan,nan,,,,,,,,nan,nan,nan,nan,nan,nan,False,,
fig1,adaptive_jones_vp_proposed,44,2937526438,-10.0,snr_db,-10.0,3,3,3,3,full_6d,2937526438,,,nan,,False,,544.3395202234387,0.00047963812112065935,0.00047963812112065935,7.633122427897802e-05,7.051633772823298e-05,7.476833572297284e-13,3.167812187926373,False,direct_vp,global_exact_spherical_vp,main_single_proposed,True,811223d9e8eada74,adaptive_jones,cupy,True,0,cupy,cupy.linalg.solve,fixed_pol_anchor,True,fixed_anchor_then_adaptive_jones_score_selection,fixed_pol_anchor,19.194475293345647,98.88642404503722,48.184961449633754,0.0,True,3,4,3096725.458075429,3132361.3865064797,"[98.88642404503722,19.194475293345647,26.473985010518383]","[0.010112611610322461,0.05209832437188248,0.03777293065536661]","[6.49570850606127e-08,1.6384704431723577e-08,3.576711883061804e-09]",direct_vp,"[""poor_clock_consistency""]",3098562.573197975,3096560,True,848386.9114120288,72.76620968678851,3.7111363278213148,0.3964699645283455,"[6.030800753181037,5.126647237080968,5.271758586702144]",136.3378500342369,538.4257844388485,675.9489593803883,nan,nan,nan,nan,False,,nan,,,nan,nan,nan,,,,,,,,0.00047963812112065935,7.633122427897802e-05,3.167812187926373,nan,nan,nan,False,not_run,not_requested
fig1,PEB,44,2937526438,-10.0,snr_db,-10.0,3,3,3,3,full_6d,2937526438,,,nan,,False,,4.864847876131535,nan,nan,nan,nan,nan,nan,False,,,peb_only,False,c6c9041ab6ee318c,,,,,,,adaptive_jones,True,fixed_anchor_then_adaptive_jones_score_selection,,nan,nan,nan,nan,True,,,nan,nan,,,,,[],nan,,,nan,nan,nan,nan,,nan,nan,nan,0.0010973705548523495,nan,nan,0.0010973705548523495,False,a69e9e58b307bf283137f27fcdcb11ba27c21f96108559d9bf8b0d1b3c2cba08,3.1657812169067183,computed_unscaled,cpu,nan,nan,nan,,,,,,,,nan,nan,nan,nan,nan,nan,False,,
fig1,adaptive_jones_vp_proposed,70,1909013635,-10.0,snr_db,-10.0,3,3,3,3,full_6d,1909013635,,,nan,,False,,79.64019333571196,0.0016823139977430472,0.0016823139977430472,5.08401017328775e-05,0.0005146317578621911,2.4129314062187393e-12,2.1130244789128128,False,direct_vp,global_exact_spherical_vp,main_single_proposed,True,096d59db7ccba939,adaptive_jones,cupy,True,0,cupy,cupy.linalg.solve,fixed_pol_anchor,True,fixed_anchor_then_adaptive_jones_score_selection,fixed_pol_anchor,11.74729144492148,151.8677518500245,98.55236639400273,0.0,True,3,4,3096725.458075429,3112948.600250173,"[11.74729144492148,151.8677518500245,132.04205588706222]","[0.08512600582669351,0.006584676388939189,0.0075733446677267325]","[6.160436639066614e-09,1.2082248109613455e-08,2.193376780375106e-08]",direct_vp,"[""poor_clock_consistency""]",3096748.0619377843,3096560,True,472606.3620070046,131.702790100053,3.056408814932473,0.33545702273069705,"[4.989061008659005,4.295891900570911,4.260339301041385]",147.30865061283112,73.39452241361141,221.88976830244064,nan,nan,nan,nan,False,,nan,,,nan,nan,nan,,,,,,,,0.0016823139977430472,5.08401017328775e-05,2.1130244789128128,nan,nan,nan,False,not_run,not_requested
fig1,PEB,70,1909013635,-10.0,snr_db,-10.0,3,3,3,3,full_6d,1909013635,,,nan,,False,,4.777619123458862,nan,nan,nan,nan,nan,nan,False,,,peb_only,False,536bb67e9ed15a24,,,,,,,adaptive_jones,True,fixed_anchor_then_adaptive_jones_score_selection,,nan,nan,nan,nan,True,,,nan,nan,,,,,[],nan,,,nan,nan,nan,nan,,nan,nan,nan,0.0015024432970662924,nan,nan,0.0015024432970662924,False,7231f7a6a5fbe3cc9ff17e3c4c7cf441e267b4bae6d7354446f2924a30ccbc7b,2.112907074758792,computed_unscaled,cpu,nan,nan,nan,,,,,,,,nan,nan,nan,nan,nan,nan,False,,
fig1,adaptive_jones_vp_proposed,73,1489186484,-10.0,snr_db,-10.0,3,3,3,3,full_6d,1489186484,,,nan,,False,,66.72447232156992,0.00047860640073320553,0.00047860640073320553,7.990410188307069e-05,0.00017401721730594423,6.250716587593327e-12,2.824982095516199,False,direct_vp,global_exact_spherical_vp,main_single_proposed,True,d60af125dbdaebd7,adaptive_jones,cupy,True,0,cupy,cupy.linalg.solve,fixed_pol_anchor,True,fixed_anchor_then_adaptive_jones_score_selection,fixed_pol_anchor,20.405302448582766,55.27306657948703,35.19741627392955,0.0,True,3,4,3096725.458075429,3128894.0278400728,"[29.913879793718834,55.27306657948703,20.405302448582766]","[0.033429297933465024,0.018091994199501273,0.04900686978295923]","[1.4247152509707902e-08,2.369809635108656e-08,2.9080081543216624e-07]",direct_vp,[],3096064.4988232744,3096560,True,892239.512383437,68.25650350682962,6.47372549370267,0.057249133340702495,"[5.2483827759314705,5.179989169546467,5.320206351258462]",146.90912079811096,60.62931373715401,208.51072305440903,nan,nan,nan,nan,False,,nan,,,nan,nan,nan,,,,,,,,0.00047860640073320553,7.990410188307069e-05,2.824982095516199,nan,nan,nan,False,not_run,not_requested
fig1,PEB,73,1489186484,-10.0,snr_db,-10.0,3,3,3,3,full_6d,1489186484,,,nan,,False,,5.041247956454754,nan,nan,nan,nan,nan,nan,False,,,peb_only,False,d290c323512eea79,,,,,,,adaptive_jones,True,fixed_anchor_then_adaptive_jones_score_selection,,nan,nan,nan,nan,True,,,nan,nan,,,,,[],nan,,,nan,nan,nan,nan,,nan,nan,nan,0.0010680397990855675,nan,nan,0.0010680397990855675,False,d64a78118eb17c14251c66a9269a2f68d800276ea77027a48898e01b93fc8e18,2.825448811137477,computed_unscaled,cpu,nan,nan,nan,,,,,,,,nan,nan,nan,nan,nan,nan,False,,
fig1,adaptive_jones_vp_proposed,74,2087150408,-10.0,snr_db,-10.0,3,3,3,3,full_6d,2087150408,,,nan,,False,,64.90482874959707,0.0002485029801833523,0.0002485029801833523,5.914588520831796e-05,0.0001226527212556268,3.215781318130313e-12,2.4086285751888314,False,direct_vp,global_exact_spherical_vp,main_single_proposed,True,cd0de71e77a155a1,adaptive_jones,cupy,True,0,cupy,cupy.linalg.solve,fixed_pol_anchor,True,fixed_anchor_then_adaptive_jones_score_selection,fixed_pol_anchor,21.928287063175365,40.80364328514682,31.91406945954337,0.0,True,3,4,3096725.458075429,3102097.4062309125,"[21.928287063175365,33.01027803030792,40.80364328514682]","[0.045603197235473666,0.03029359519628565,0.024507615483522583]","[1.2343164944903371e-11,7.594894200468107e-10,1.6448992613195865e-09]",direct_vp,"[""poor_clock_consistency""]",3096096.8743782346,3096560,True,658831.6385448782,79.30446212805037,5.196631082993813,0.2006413249488192,"[5.555890412998454,5.086477297434005,5.447258162470076]",139.4358820617199,58.49039585888386,199.15804278105497,nan,nan,nan,nan,False,,nan,,,nan,nan,nan,,,,,,,,0.0002485029801833523,5.914588520831796e-05,2.4086285751888314,nan,nan,nan,False,not_run,not_requested
fig1,PEB,74,2087150408,-10.0,snr_db,-10.0,3,3,3,3,full_6d,2087150408,,,nan,,False,,4.615181885659695,nan,nan,nan,nan,nan,nan,False,,,peb_only,False,69b85bf86baf6dba,,,,,,,adaptive_jones,True,fixed_anchor_then_adaptive_jones_score_selection,,nan,nan,nan,nan,True,,,nan,nan,,,,,[],nan,,,nan,nan,nan,nan,,nan,nan,nan,0.001257486844353385,nan,nan,0.001257486844353385,False,78fd75a3c1d4026a3e7d885aa302f9406531fe623bed7ee4eda6f02c54b6aa8a,2.4090013140631346,computed_unscaled,cpu,nan,nan,nan,,,,,,,,nan,nan,nan,nan,nan,nan,False,,
fig1,adaptive_jones_vp_proposed,75,3035140021,-10.0,snr_db,-10.0,3,3,3,3,full_6d,3035140021,,,nan,,False,,55.011975295841694,0.001060188440225671,0.001060188440225671,6.177896255417381e-05,0.00026495689491978097,5.632455668606583e-12,3.313046067510556,False,direct_vp,global_exact_spherical_vp,main_single_proposed,True,121fd8eb9f7f4212,adaptive_jones,cupy,True,0,cupy,cupy.linalg.solve,fixed_pol_anchor,True,fixed_anchor_then_adaptive_jones_score_selection,fixed_pol_anchor,12.222895016125515,186.4106119313978,92.76437301409403,0.0,True,3,4,3096725.458075429,3097073.800251725,"[12.222895016125515,79.6596120947588,186.4106119313978]","[0.08181367823813339,0.012553412872897173,0.005364501459721649]","[8.157495782247543e-09,7.609552016856428e-09,3.0789275359926756e-08]",direct_vp,[],3092353.614576604,3096560,True,416523.79480733717,139.7946403972934,3.58082898451244,0.09120884030195991,"[4.922668889577007,4.841696852162248,5.062511413644212]",145.13228061050177,48.37399086356163,194.6698748320341,nan,nan,nan,nan,False,,nan,,,nan,nan,nan,,,,,,,,0.001060188440225671,6.177896255417381e-05,3.313046067510556,nan,nan,nan,False,not_run,not_requested
fig1,PEB,75,3035140021,-10.0,snr_db,-10.0,3,3,3,3,full_6d,3035140021,,,nan,,False,,5.08724844455719,nan,nan,nan,nan,nan,nan,False,,,peb_only,False,6014cd3dbd14749a,,,,,,,adaptive_jones,True,fixed_anchor_then_adaptive_jones_score_selection,,nan,nan,nan,nan,True,,,nan,nan,,,,,[],nan,,,nan,nan,nan,nan,,nan,nan,nan,0.0015899183558691912,nan,nan,0.0015899183558691912,False,2f212a9fc87faf916a5915468a1ea2df60203d744fc985d035cf071254d1c26c,3.31756979253235,computed_unscaled,cpu,nan,nan,nan,,,,,,,,nan,nan,nan,nan,nan,nan,False,,
fig1,adaptive_jones_vp_proposed,16,1080178429,-10.0,snr_db,-10.0,3,3,3,3,full_6d,1080178429,,,nan,,False,,1034.8198022395372,0.0002675569981174075,0.0002675569981174075,1.8684955480742225e-05,0.00022432987832501637,3.14877558519179e-12,4.8092889548212145,False,direct_vp_rollback,global_exact_spherical_vp,main_single_proposed,True,cd051916050ef753,adaptive_jones,cupy,True,0,cupy,cupy.linalg.solve,fixed_pol_anchor,True,fixed_anchor_then_adaptive_jones_score_selection,fixed_pol_anchor,15.834561415872171,2011.365146372346,685.0857740969377,0.0,True,3,4,3096725.458075429,3212296.4783820207,"[28.057614502594745,2011.365146372346,15.834561415872171]","[0.03564094872995932,0.0004971747669945524,0.06315299639318019]","[2.132532959561068e-07,3.2389253873758906e-07,6.896967021264101e-08]",jnpp_then_vp,"[""low_assignment_margin"",""poor_clock_consistency""]",3100975.133304448,3096560,False,856473.1954159081,87.57449387841355,0.10164280897058253,47.55785168428218,"[5.064346532323099,105.79961730381939,4.764679121752883]",144.80553812533617,745.2965365573764,891.6143948063254,nan,nan,nan,nan,False,,nan,,,nan,nan,nan,,,,,,,,0.0002675569981174075,1.8684955480742225e-05,4.8092889548212145,0.00026766224791845394,1.8685915648365846e-05,4.809288954821254,True,rollback,existing_selector_rollback
fig1,PEB,16,1080178429,-10.0,snr_db,-10.0,3,3,3,3,full_6d,1080178429,,,nan,,False,,4.9881550297141075,nan,nan,nan,nan,nan,nan,False,,,peb_only,False,2cf9f3c7c21f13e5,,,,,,,adaptive_jones,True,fixed_anchor_then_adaptive_jones_score_selection,,nan,nan,nan,nan,True,,,nan,nan,,,,,[],nan,,,nan,nan,nan,nan,,nan,nan,nan,0.0010492150088653523,nan,nan,0.0010492150088653523,False,2793ff1fce7242989610050dae2e9fefacb8b15f6d60bfd2b55605797f0e0ce8,4.802466357959781,computed_unscaled,cpu,nan,nan,nan,,,,,,,,nan,nan,nan,nan,nan,nan,False,,
fig1,adaptive_jones_vp_proposed,41,4278604885,-10.0,snr_db,-10.0,3,3,3,3,full_6d,4278604885,,,nan,,False,,786.0550081133842,0.0008564099754191498,0.0008564099754191498,5.925784277457748e-05,0.0006117675200125466,6.421601820284277e-13,2.849161795126131,False,direct_vp,global_exact_spherical_vp,main_single_proposed,True,ec0e99d5e5a003bf,adaptive_jones,cupy,True,0,cupy,cupy.linalg.solve,fixed_pol_anchor,True,fixed_anchor_then_adaptive_jones_score_selection,fixed_pol_anchor,17.093245541551134,545.2426258676784,195.89810027373665,0.0,True,3,4,3096725.458075429,3110074.0468673334,"[17.093245541551134,25.358429411980392,545.2426258676784]","[0.05850264056361068,0.03943461890830666,0.0018340458944555104]","[5.646587632723522e-08,3.072493528549495e-08,1.0022957437860784e-07]",direct_vp,"[""low_assignment_margin"",""poor_clock_consistency""]",3096803.1693253694,3096560,True,434359.8960897309,110.53199037973991,0.030089930230772957,62.61178691179636,"[4.944118343370185,4.912288671529987,137.74785796962246]",156.48307885229588,600.3983441591263,758.0837299823761,nan,nan,nan,nan,False,,nan,,,nan,nan,nan,,,,,,,,0.0008564099754191498,5.925784277457748e-05,2.849161795126131,nan,nan,nan,False,not_run,not_requested
fig1,PEB,41,4278604885,-10.0,snr_db,-10.0,3,3,3,3,full_6d,4278604885,,,nan,,False,,4.70876195281744,nan,nan,nan,nan,nan,nan,False,,,peb_only,False,fcc8c4342fedbe89,,,,,,,adaptive_jones,True,fixed_anchor_then_adaptive_jones_score_selection,,nan,nan,nan,nan,True,,,nan,nan,,,,,[],nan,,,nan,nan,nan,nan,,nan,nan,nan,0.0015329843284880812,nan,nan,0.0015329843284880812,False,3ffbd47003275298d380fa4fdbe537af868b54f1a66ff07176dee6a601458b33,2.848952791799966,computed_unscaled,cpu,nan,nan,nan,,,,,,,,nan,nan,nan,nan,nan,nan,False,,
fig1,adaptive_jones_vp_proposed,76,125194699,-10.0,snr_db,-10.0,3,3,3,3,full_6d,125194699,,,nan,,False,,75.53524237126112,0.0004894737200480721,0.0004894737200480721,4.9619155856878416e-05,0.00013070868522853534,6.166934583765802e-13,1.6807368804304605,False,direct_vp,global_exact_spherical_vp,main_single_proposed,True,4598a316c2cc7a78,adaptive_jones,cupy,True,0,cupy,cupy.linalg.solve,fixed_pol_anchor,True,fixed_anchor_then_adaptive_jones_score_selection,fixed_pol_anchor,12.845986622152155,108.37154970888372,66.41203439873031,0.0,True,3,4,3096725.458075429,3097637.9521336467,"[12.845986622152155,108.37154970888372,78.01856686515508]","[0.07784532472287588,0.009227514071524381,0.012817461792785183]","[2.3027747951004002e-07,4.679327555124783e-09,1.2863887739530732e-08]",direct_vp,"[""poor_clock_consistency""]",3095481.403832734,3096560,True,508312.5183281741,116.62660888386257,3.8399120746860333,0.29939778951810936,"[5.036118374902375,5.459130945880221,5.766441523314546]",136.59734191000462,69.54759874939919,207.3967675343156,nan,nan,nan,nan,False,,nan,,,nan,nan,nan,,,,,,,,0.0004894737200480721,4.9619155856878416e-05,1.6807368804304605,nan,nan,nan,False,not_run,not_requested
fig1,PEB,76,125194699,-10.0,snr_db,-10.0,3,3,3,3,full_6d,125194699,,,nan,,False,,4.935655526816845,nan,nan,nan,nan,nan,nan,False,,,peb_only,False,74fb50eb8fa00cd7,,,,,,,adaptive_jones,True,fixed_anchor_then_adaptive_jones_score_selection,,nan,nan,nan,nan,True,,,nan,nan,,,,,[],nan,,,nan,nan,nan,nan,,nan,nan,nan,0.0014406859228115485,nan,nan,0.0014406859228115485,False,6b8d35b33f7212a697b02c68cfa098dd74c3e1f522985e34bcbd559db51c8fd8,1.6813312074211586,computed_unscaled,cpu,nan,nan,nan,,,,,,,,nan,nan,nan,nan,nan,nan,False,,
fig1,adaptive_jones_vp_proposed,69,1134195269,-10.0,snr_db,-10.0,3,3,3,3,full_6d,1134195269,,,nan,,False,,217.65097305178642,0.0015631007035238759,0.0015631007035238759,3.678407592637087e-05,0.0002020227595452911,1.0781786059296949e-12,6.785533860305105,False,direct_vp,global_exact_spherical_vp,main_single_proposed,True,4620727ce6324d90,adaptive_jones,cupy,True,0,cupy,cupy.linalg.solve,fixed_pol_anchor,True,fixed_anchor_then_adaptive_jones_score_selection,fixed_pol_anchor,16.058002642765782,681.8338005756921,241.7730681067883,0.0,True,3,4,3096725.458075429,3097213.076344823,"[681.8338005756921,27.427401101906923,16.058002642765782]","[0.0014666330687534662,0.03645988900869818,0.06227424557277972]","[1.4222418898117727e-07,8.629260301842944e-09,2.65304477714543e-09]",direct_vp,"[""low_assignment_margin"",""poor_clock_consistency""]",3097617.3319301177,3096560,True,827352.0903601504,85.58117062665002,0.8308726383926685,2.732296861626459,"[-0.8279439303345257,5.020037091316183,4.914795612961072]",139.58430614322424,211.4512850418687,352.29647617042065,nan,nan,nan,nan,False,,nan,,,nan,nan,nan,,,,,,,,0.0015631007035238759,3.678407592637087e-05,6.785533860305105,nan,nan,nan,False,not_run,not_requested
fig1,PEB,69,1134195269,-10.0,snr_db,-10.0,3,3,3,3,full_6d,1134195269,,,nan,,False,,4.910712130367756,nan,nan,nan,nan,nan,nan,False,,,peb_only,False,d7f1c2ea64a9ea74,,,,,,,adaptive_jones,True,fixed_anchor_then_adaptive_jones_score_selection,,nan,nan,nan,nan,True,,,nan,nan,,,,,[],nan,,,nan,nan,nan,nan,,nan,nan,nan,0.001050649559177789,nan,nan,0.001050649559177789,False,3c4e17d6858814038ebdb81b7444e4cbebd5be1a61e4510cac6392db534f501a,6.783252754437446,computed_unscaled,cpu,nan,nan,nan,,,,,,,,nan,nan,nan,nan,nan,nan,False,,
fig1,adaptive_jones_vp_proposed,78,3639033133,-10.0,snr_db,-10.0,3,3,3,3,full_6d,3639033133,,,nan,,False,,67.02163188904524,0.0006511976556352302,0.0006511976556352302,4.097543197938888e-05,0.00022963261216422547,1.2578517101297605e-12,1.7195383901391696,False,direct_vp,global_exact_spherical_vp,main_single_proposed,True,60ddd1a25c81a7b8,adaptive_jones,cupy,True,0,cupy,cupy.linalg.solve,fixed_pol_anchor,True,fixed_anchor_then_adaptive_jones_score_selection,fixed_pol_anchor,15.534021512518786,241.8251861130149,96.66959015546917,0.0,True,3,4,3096725.458075429,3097879.384410144,"[32.64956284087382,15.534021512518786,241.8251861130149]","[0.03062828145176436,0.06437483037979387,0.004135218567725338]","[1.808230937439009e-08,6.240273515881618e-09,5.444213102492343e-09]",direct_vp,"[""poor_clock_consistency""]",3098183.2767042294,3096560,True,515243.3111770155,93.98291704433366,5.535142678001872,0.14132277311103864,"[4.843338029437248,4.919836120905649,4.589207870369974]",143.15966875851154,60.38050151616335,204.58898097276688,nan,nan,nan,nan,False,,nan,,,nan,nan,nan,,,,,,,,0.0006511976556352302,4.097543197938888e-05,1.7195383901391696,nan,nan,nan,False,not_run,not_requested
fig1,PEB,78,3639033133,-10.0,snr_db,-10.0,3,3,3,3,full_6d,3639033133,,,nan,,False,,4.851621054112911,nan,nan,nan,nan,nan,nan,False,,,peb_only,False,da659a4a75ab5554,,,,,,,adaptive_jones,True,fixed_anchor_then_adaptive_jones_score_selection,,nan,nan,nan,nan,True,,,nan,nan,,,,,[],nan,,,nan,nan,nan,nan,,nan,nan,nan,0.0013996272228791568,nan,nan,0.0013996272228791568,False,775d9f1d6241dae7442a88dca0b3fa5d7751717fd8d49705eaa3b8cfda4ebb75,1.7186463273560284,computed_unscaled,cpu,nan,nan,nan,,,,,,,,nan,nan,nan,nan,nan,nan,False,,
fig1,adaptive_jones_vp_proposed,54,1185050677,-10.0,snr_db,-10.0,3,3,3,3,full_6d,1185050677,,,nan,,False,,512.9746010527015,0.0011940952933580619,0.0011940952933580619,4.523267852780123e-05,0.0009291178422862226,5.352291769312618e-13,2.7568404559578057,False,direct_vp,global_exact_spherical_vp,main_single_proposed,True,eaf5e7ff23151785,adaptive_jones,cupy,True,0,cupy,cupy.linalg.solve,fixed_pol_anchor,True,fixed_anchor_then_adaptive_jones_score_selection,fixed_pol_anchor,12.664516841401575,178.30378225897044,85.36970210926278,0.0,True,3,4,3096725.458075429,3145763.7975055412,"[178.30378225897044,65.14080722741632,12.664516841401575]","[0.005608405986415279,0.015351360268590308,0.07896076988253]","[5.559839532566485e-09,1.1622912095538845e-09,2.741589053597268e-07]",direct_vp,"[""poor_clock_consistency""]",3094593.7624560865,3096560,True,768834.900021416,87.24518069562946,3.0944701079757677,0.2214299757814568,"[4.932652369180833,4.392377708539614,4.621066008867267]",123.11375095695257,506.5697042942047,630.9596716463566,nan,nan,nan,nan,False,,nan,,,nan,nan,nan,,,,,,,,0.0011940952933580619,4.523267852780123e-05,2.7568404559578057,nan,nan,nan,False,not_run,not_requested
fig1,PEB,54,1185050677,-10.0,snr_db,-10.0,3,3,3,3,full_6d,1185050677,,,nan,,False,,4.968091920018196,nan,nan,nan,nan,nan,nan,False,,,peb_only,False,d55161ae7f08f547,,,,,,,adaptive_jones,True,fixed_anchor_then_adaptive_jones_score_selection,,nan,nan,nan,nan,True,,,nan,nan,,,,,[],nan,,,nan,nan,nan,nan,,nan,nan,nan,0.0010666703827746098,nan,nan,0.0010666703827746098,False,115a7d3f95ba8b9ea29c0754c333293a0d2bf13a03dc583bd9fdf4cc7c014143,2.758606346111362,computed_unscaled,cpu,nan,nan,nan,,,,,,,,nan,nan,nan,nan,nan,nan,False,,
fig1,adaptive_jones_vp_proposed,79,2511075941,-10.0,snr_db,-10.0,3,3,3,3,full_6d,2511075941,,,nan,,False,,65.55464591085911,0.0003608883182313434,0.0003608883182313434,5.1588725346966994e-05,0.00030543353951315304,3.636102079294325e-13,4.01380637564365,False,direct_vp,global_exact_spherical_vp,main_single_proposed,True,756a545e7df850ae,adaptive_jones,cupy,True,0,cupy,cupy.linalg.solve,fixed_pol_anchor,True,fixed_anchor_then_adaptive_jones_score_selection,fixed_pol_anchor,12.23076261758906,131.32525632848308,79.36727102675253,0.0,True,3,4,3096725.458075429,3097330.759986489,"[94.54579413418547,12.23076261758906,131.32525632848308]","[0.010576885085826132,0.08176105049652989,0.007614681500163082]","[1.4584956337593808e-08,2.616536647365936e-07,3.2633960189436996e-09]",direct_vp,"[""poor_clock_consistency""]",3094959.9123106287,3096560,True,493387.950209892,90.39357680120301,1.9529908835577352,0.49626711278367164,"[6.376668091248075,5.163881768917661,5.698673848987064]",149.2489746361971,59.20971628278494,209.63373497873545,nan,nan,nan,nan,False,,nan,,,nan,nan,nan,,,,,,,,0.0003608883182313434,5.1588725346966994e-05,4.01380637564365,nan,nan,nan,False,not_run,not_requested
fig1,PEB,79,2511075941,-10.0,snr_db,-10.0,3,3,3,3,full_6d,2511075941,,,nan,,False,,4.968924202024937,nan,nan,nan,nan,nan,nan,False,,,peb_only,False,723f02a067164ced,,,,,,,adaptive_jones,True,fixed_anchor_then_adaptive_jones_score_selection,,nan,nan,nan,nan,True,,,nan,nan,,,,,[],nan,,,nan,nan,nan,nan,,nan,nan,nan,0.001467757002283925,nan,nan,0.001467757002283925,False,d1d2709e7ef7e78043678a9bd3afef4c60705c0eab0a43aa5b03783626c11549,4.01590225515582,computed_unscaled,cpu,nan,nan,nan,,,,,,,,nan,nan,nan,nan,nan,nan,False,,
fig1,adaptive_jones_vp_proposed,80,2843598472,-10.0,snr_db,-10.0,3,3,3,3,full_6d,2843598472,,,nan,,False,,64.81851249933243,0.0006584207619649205,0.0006584207619649205,6.644245636496424e-05,0.0005296384309621791,1.3150127022572632e-12,6.814624633506721,False,direct_vp,global_exact_spherical_vp,main_single_proposed,True,e720a06316439643,adaptive_jones,cupy,True,0,cupy,cupy.linalg.solve,fixed_pol_anchor,True,fixed_anchor_then_adaptive_jones_score_selection,fixed_pol_anchor,18.682991252742916,93.50434375861893,46.57790544000127,0.0,True,3,4,3096725.458075429,3098548.3994813794,"[27.54638130864196,93.50434375861893,18.682991252742916]","[0.036302408972271424,0.010694690318216567,0.05352461961006932]","[7.103834375586877e-08,1.078184777753121e-09,2.5496178862612824e-08]",direct_vp,"[""poor_clock_consistency""]",3095592.942515376,3096560,True,866670.3254037304,66.75032450636505,4.610697522321021,0.40339891080397877,"[5.731324632170233,5.323264135538042,4.747933723513572]",153.89068698138,58.202311992645264,213.2785169556737,nan,nan,nan,nan,False,,nan,,,nan,nan,nan,,,,,,,,0.0006584207619649205,6.644245636496424e-05,6.814624633506721,nan,nan,nan,False,not_run,not_requested
fig1,PEB,80,2843598472,-10.0,snr_db,-10.0,3,3,3,3,full_6d,2843598472,,,nan,,False,,4.896870538592339,nan,nan,nan,nan,nan,nan,False,,,peb_only,False,96aefbf92cefa687,,,,,,,adaptive_jones,True,fixed_anchor_then_adaptive_jones_score_selection,,nan,nan,nan,nan,True,,,nan,nan,,,,,[],nan,,,nan,nan,nan,nan,,nan,nan,nan,0.0010962998433042977,nan,nan,0.0010962998433042977,False,ca96bdf8e3d74f1e490185f5b993e297e175166cef168c6fe33ef880dfc91c4e,6.816788731912188,computed_unscaled,cpu,nan,nan,nan,,,,,,,,nan,nan,nan,nan,nan,nan,False,,
fig1,adaptive_jones_vp_proposed,27,4133001221,-10.0,snr_db,-10.0,3,3,3,3,full_6d,4133001221,,,nan,,False,,1034.662817671895,0.0009114131093133678,0.0009114131093133678,2.6773257189379988e-05,0.00020716847599897202,5.027764072207673e-13,2.3382179760902875,False,direct_vp,global_exact_spherical_vp,main_single_proposed,True,4f04eeee26ff1920,adaptive_jones,cupy,True,0,cupy,cupy.linalg.solve,fixed_pol_anchor,True,fixed_anchor_then_adaptive_jones_score_selection,fixed_pol_anchor,12.450086089228545,1109.6640360126341,392.4366710035517,0.0,True,3,4,3096725.458075429,3105338.054235701,"[55.195890908792414,12.450086089228545,1109.6640360126341]","[0.01811729068015658,0.08032072973798317,0.0009011736583656844]","[3.831139832882348e-10,4.718210698390935e-09,2.83745063416989e-06]",direct_vp,"[""low_assignment_margin"",""poor_clock_consistency""]",3096104.7837147624,3096560,True,454903.9774064819,100.3764854347976,0.07677263485026951,43.357981109565856,"[5.061278742417887,5.039564750974498,97.0265872077304]",92.07231311500072,807.8384343609214,900.4701173752546,nan,nan,nan,nan,False,,nan,,,nan,nan,nan,,,,,,,,0.0009114131093133678,2.6773257189379988e-05,2.3382179760902875,nan,nan,nan,False,not_run,not_requested
fig1,PEB,27,4133001221,-10.0,snr_db,-10.0,3,3,3,3,full_6d,4133001221,,,nan,,False,,4.882226273417473,nan,nan,nan,nan,nan,nan,False,,,peb_only,False,7b7ee541a0b0266f,,,,,,,adaptive_jones,True,fixed_anchor_then_adaptive_jones_score_selection,,nan,nan,nan,nan,True,,,nan,nan,,,,,[],nan,,,nan,nan,nan,nan,,nan,nan,nan,0.0015147281989840444,nan,nan,0.0015147281989840444,False,4db56e3e555632d19d051acf26a881417468b8ad38e08366b65041ee29b29feb,2.3385738446624895,computed_unscaled,cpu,nan,nan,nan,,,,,,,,nan,nan,nan,nan,nan,nan,False,,
fig1,adaptive_jones_vp_proposed,84,3985341227,-10.0,snr_db,-10.0,3,3,3,3,full_6d,3985341227,,,nan,,False,,63.65629031509161,0.0008890772034444589,0.0008890772034444589,7.419770339168204e-05,0.00021409963493699478,7.235116912791339e-13,6.9507773427872355,False,direct_vp,global_exact_spherical_vp,main_single_proposed,True,324d1650c767eb0e,adaptive_jones,cupy,True,0,cupy,cupy.linalg.solve,fixed_pol_anchor,True,fixed_anchor_then_adaptive_jones_score_selection,fixed_pol_anchor,15.112792395685238,68.03669047089272,45.6427049862624,0.0,True,3,4,3096725.458075429,3097582.7930459687,"[15.112792395685238,53.778632092209264,68.03669047089272]","[0.0661691085143465,0.018594745924954238,0.014697951840555511]","[3.6563027941854474e-08,9.52409892693176e-10,5.575033666313615e-09]",direct_vp,[],3093751.799461695,3096560,True,484566.7299727538,107.84713338493859,5.8071059754506225,0.09030658417897745,"[4.831180874442904,4.993477277196998,4.782161244167323]",142.8624153882265,57.543307200074196,201.73521953076124,nan,nan,nan,nan,False,,nan,,,nan,nan,nan,,,,,,,,0.0008890772034444589,7.419770339168204e-05,6.9507773427872355,nan,nan,nan,False,not_run,not_requested
fig1,PEB,84,3985341227,-10.0,snr_db,-10.0,3,3,3,3,full_6d,3985341227,,,nan,,False,,4.2701937928795815,nan,nan,nan,nan,nan,nan,False,,,peb_only,False,54de50c817a70c15,,,,,,,adaptive_jones,True,fixed_anchor_then_adaptive_jones_score_selection,,nan,nan,nan,nan,True,,,nan,nan,,,,,[],nan,,,nan,nan,nan,nan,,nan,nan,nan,0.001470919761743559,nan,nan,0.001470919761743559,False,763c74c3103c34dc91712b88cb00b247f3e9461f0fa66c55a5e9608e707daf96,6.9571225153755964,computed_unscaled,cpu,nan,nan,nan,,,,,,,,nan,nan,nan,nan,nan,nan,False,,
fig1,adaptive_jones_vp_proposed,85,2249164774,-10.0,snr_db,-10.0,3,3,3,3,full_6d,2249164774,,,nan,,False,,63.78595927357674,0.0006265605690688116,0.0006265605690688116,5.332545218946334e-05,9.890726949521627e-05,2.2153206622264458e-13,2.573216803600175,False,direct_vp,global_exact_spherical_vp,main_single_proposed,True,0fa6560e9086c88b,adaptive_jones,cupy,True,0,cupy,cupy.linalg.solve,fixed_pol_anchor,True,fixed_anchor_then_adaptive_jones_score_selection,fixed_pol_anchor,23.03512426477839,48.826812891962945,33.22796938746572,0.0,True,3,4,3096725.458075429,3097784.024950577,"[48.826812891962945,27.821971005655822,23.03512426477839]","[0.02048055035178789,0.03594281655202976,0.04341196463637074]","[9.152912384042167e-09,3.166046967874307e-08,6.238787813725112e-08]",direct_vp,[],3096524.3285102174,3096560,True,815658.0805390977,66.7412863698557,5.769604143165022,0.07000183390322497,"[5.19618916859936,5.027292184137197,5.1373631636374135]",138.67755072563887,57.47821655869484,197.43418379873037,nan,nan,nan,nan,False,,nan,,,nan,nan,nan,,,,,,,,0.0006265605690688116,5.332545218946334e-05,2.573216803600175,nan,nan,nan,False,not_run,not_requested
fig1,PEB,85,2249164774,-10.0,snr_db,-10.0,3,3,3,3,full_6d,2249164774,,,nan,,False,,5.140699632465839,nan,nan,nan,nan,nan,nan,False,,,peb_only,False,7da3776b9f4c57f7,,,,,,,adaptive_jones,True,fixed_anchor_then_adaptive_jones_score_selection,,nan,nan,nan,nan,True,,,nan,nan,,,,,[],nan,,,nan,nan,nan,nan,,nan,nan,nan,0.001129993223636197,nan,nan,0.001129993223636197,False,d2813a00a2d0760dea2dc8be475dff9a47f414a15a39f0f8b76a2c0e1d6af5ec,2.573259742693064,computed_unscaled,cpu,nan,nan,nan,,,,,,,,nan,nan,nan,nan,nan,nan,False,,
fig1,adaptive_jones_vp_proposed,86,2710333116,-10.0,snr_db,-10.0,3,3,3,3,full_6d,2710333116,,,nan,,False,,81.56882059574127,0.0010143935055558467,0.0010143935055558467,4.27673524055909e-05,0.0001809380982325347,6.237046710720017e-12,1.6808639432192432,False,direct_vp,global_exact_spherical_vp,main_single_proposed,True,c3dd761643d7a904,adaptive_jones,cupy,True,0,cupy,cupy.linalg.solve,fixed_pol_anchor,True,fixed_anchor_then_adaptive_jones_score_selection,fixed_pol_anchor,12.995376968926097,204.1497250878753,91.1229381131822,0.0,True,3,4,3096725.458075429,3096985.352273192,"[12.995376968926097,204.1497250878753,56.22371228274518]","[0.07695044186699279,0.004898365644947133,0.01778608987814332]","[3.14748454189668e-08,1.5581713351541716e-09,3.566159657852379e-08]",direct_vp,"[""poor_clock_consistency""]",3094679.7261158335,3096560,True,541141.0572359392,112.22026705951757,5.110897596710226,0.15933726893050795,"[5.4175660253529,5.350545592416137,5.0510710646502295]",143.98919916152954,75.60595160722733,220.830954156816,nan,nan,nan,nan,False,,nan,,,nan,nan,nan,,,,,,,,0.0010143935055558467,4.27673524055909e-05,1.6808639432192432,nan,nan,nan,False,not_run,not_requested
fig1,PEB,86,2710333116,-10.0,snr_db,-10.0,3,3,3,3,full_6d,2710333116,,,nan,,False,,4.993998385965824,nan,nan,nan,nan,nan,nan,False,,,peb_only,False,d6e406e5261d0aaa,,,,,,,adaptive_jones,True,fixed_anchor_then_adaptive_jones_score_selection,,nan,nan,nan,nan,True,,,nan,nan,,,,,[],nan,,,nan,nan,nan,nan,,nan,nan,nan,0.0014191551456966204,nan,nan,0.0014191551456966204,False,3a54fb3766786593be45a3a051de7709f83ecc3b2e8854a667fc53103d577f6b,1.6818938974246707,computed_unscaled,cpu,nan,nan,nan,,,,,,,,nan,nan,nan,nan,nan,nan,False,,
fig1,adaptive_jones_vp_proposed,87,3576217426,-10.0,snr_db,-10.0,3,3,3,3,full_6d,3576217426,,,nan,,False,,77.75999652594328,0.0007075301115709038,0.0007075301115709038,5.3343966834269296e-05,0.0005357425896814439,1.4914412154036665e-12,0.6620725461327999,False,direct_vp,global_exact_spherical_vp,main_single_proposed,True,76289ddadfce2853,adaptive_jones,cupy,True,0,cupy,cupy.linalg.solve,fixed_pol_anchor,True,fixed_anchor_then_adaptive_jones_score_selection,fixed_pol_anchor,16.30404319280206,116.32321655225903,55.06204594061953,0.0,True,3,4,3096725.458075429,3096839.3943608045,"[16.30404319280206,32.55887807679749,116.32321655225903]","[0.06133447931646661,0.030713589012763727,0.008596736141958555]","[2.927352940176125e-07,1.734928981966585e-08,8.715544996005892e-11]",direct_vp,"[""poor_clock_consistency""]",3094137.549030269,3096560,True,459833.7273716375,103.99390709931782,4.214541511266515,0.2624860623873756,"[5.000866017532755,5.031550809644466,4.460025861799967]",139.38230174034834,71.1232762336731,211.59935911744833,nan,nan,nan,nan,False,,nan,,,nan,nan,nan,,,,,,,,0.0007075301115709038,5.3343966834269296e-05,0.6620725461327999,nan,nan,nan,False,not_run,not_requested
fig1,PEB,87,3576217426,-10.0,snr_db,-10.0,3,3,3,3,full_6d,3576217426,,,nan,,False,,5.1624783128499985,nan,nan,nan,nan,nan,nan,False,,,peb_only,False,8f9e439fa7c18436,,,,,,,adaptive_jones,True,fixed_anchor_then_adaptive_jones_score_selection,,nan,nan,nan,nan,True,,,nan,nan,,,,,[],nan,,,nan,nan,nan,nan,,nan,nan,nan,0.0015009962123042142,nan,nan,0.0015009962123042142,False,66c908d686e5b626f41743ba5f1b64294d5b4f17110f5310f3926b121f412ca0,0.6625943171971327,computed_unscaled,cpu,nan,nan,nan,,,,,,,,nan,nan,nan,nan,nan,nan,False,,
fig1,adaptive_jones_vp_proposed,52,2910844986,-10.0,snr_db,-10.0,3,3,3,3,full_6d,2910844986,,,nan,,False,,802.4788382053375,0.002206464110627987,0.002206464110627987,5.769605224359349e-05,0.0001861001423696869,1.0816386746679939e-12,1.6636676874908687,False,direct_vp,global_exact_spherical_vp,main_single_proposed,True,bbcfacfbfde39a6f,adaptive_jones,cupy,True,0,cupy,cupy.linalg.solve,fixed_pol_anchor,True,fixed_anchor_then_adaptive_jones_score_selection,fixed_pol_anchor,16.215410520959306,358.5244815528762,134.18043954601413,0.0,True,3,4,3096725.458075429,3110188.9275820465,"[358.5244815528762,16.215410520959306,27.801426564206878]","[0.0027892098060087224,0.061669730697920346,0.03596937724266477]","[4.055731767730776e-06,1.6949036492101744e-08,4.202286690064441e-09]",direct_vp,"[""low_assignment_margin"",""poor_clock_consistency""]",3098630.8570892755,3096560,True,801278.1232130519,74.94356043660862,0.7321600525237719,5.321247493623588,"[-6.336363828424733,4.929789850301232,4.973496692150349]",144.14183191210032,622.9785364121199,768.443653523922,nan,nan,nan,nan,False,,nan,,,nan,nan,nan,,,,,,,,0.002206464110627987,5.769605224359349e-05,1.6636676874908687,nan,nan,nan,False,not_run,not_requested
fig1,PEB,52,2910844986,-10.0,snr_db,-10.0,3,3,3,3,full_6d,2910844986,,,nan,,False,,3.774237208068371,nan,nan,nan,nan,nan,nan,False,,,peb_only,False,8a38093e1085952d,,,,,,,adaptive_jones,True,fixed_anchor_then_adaptive_jones_score_selection,,nan,nan,nan,nan,True,,,nan,nan,,,,,[],nan,,,nan,nan,nan,nan,,nan,nan,nan,0.0011624060580244762,nan,nan,0.0011624060580244762,False,9e98686db4702520cd73f5ec75cd23f453189f0d5a51de87101750eedce217fa,1.6625644262443675,computed_unscaled,cpu,nan,nan,nan,,,,,,,,nan,nan,nan,nan,nan,nan,False,,
fig1,adaptive_jones_vp_proposed,64,1096511241,-10.0,snr_db,-10.0,3,3,3,3,full_6d,1096511241,,,nan,,False,,569.1715735718608,0.000720328693307159,0.000720328693307159,3.254790803096422e-05,9.940106853148899e-05,2.4572094988266085e-13,1.6392504125698766,False,direct_vp,global_exact_spherical_vp,main_single_proposed,True,9e35644ac973581b,adaptive_jones,cupy,True,0,cupy,cupy.linalg.solve,fixed_pol_anchor,True,fixed_anchor_then_adaptive_jones_score_selection,fixed_pol_anchor,23.203609682133987,42.85402030929341,31.985553350248363,0.0,True,3,4,3096725.458075429,3109869.1103774714,"[29.899030059317685,42.85402030929341,23.203609682133987]","[0.0334459010204066,0.02333503351003649,0.04309674286353659]","[9.538786694338089e-08,7.854441562991316e-09,2.2033157366373613e-07]",direct_vp,[],3095547.195874303,3096560,True,802967.3253690341,78.75598783573282,5.369932274557384,0.030513855555286056,"[4.933929824531474,4.945295038114147,5.0035894049460214]",142.03923288732767,564.2332947924733,707.4674856364727,nan,nan,nan,nan,False,,nan,,,nan,nan,nan,,,,,,,,0.000720328693307159,3.254790803096422e-05,1.6392504125698766,nan,nan,nan,False,not_run,not_requested
fig1,PEB,64,1096511241,-10.0,snr_db,-10.0,3,3,3,3,full_6d,1096511241,,,nan,,False,,4.148203857243061,nan,nan,nan,nan,nan,nan,False,,,peb_only,False,741c2b0496caaedb,,,,,,,adaptive_jones,True,fixed_anchor_then_adaptive_jones_score_selection,,nan,nan,nan,nan,True,,,nan,nan,,,,,[],nan,,,nan,nan,nan,nan,,nan,nan,nan,0.001127155334955533,nan,nan,0.001127155334955533,False,e140a9cd0c7a64d7d06d7886e7a75298e3fbf2d3964882a91cad3a1a2e55c6a3,1.6397952169229648,computed_unscaled,cpu,nan,nan,nan,,,,,,,,nan,nan,nan,nan,nan,nan,False,,
fig1,adaptive_jones_vp_proposed,88,2932252539,-10.0,snr_db,-10.0,3,3,3,3,full_6d,2932252539,,,nan,,False,,65.29017478972673,0.0017307850338687514,0.0017307850338687514,5.7887511289047094e-05,0.0003225372558781229,6.162852703790808e-14,3.913972389952819,False,direct_vp,global_exact_spherical_vp,main_single_proposed,True,c6103ec5ec947d7f,adaptive_jones,cupy,True,0,cupy,cupy.linalg.solve,fixed_pol_anchor,True,fixed_anchor_then_adaptive_jones_score_selection,fixed_pol_anchor,19.757851445439698,56.52801304999817,35.913985163864425,0.0,True,3,4,3096725.458075429,3098932.7317462694,"[31.456090996155407,56.52801304999817,19.757851445439698]","[0.0317903454720666,0.017690344061076183,0.05061279070458098]","[8.562002823280328e-08,3.0900698498136426e-09,1.1614196787835369e-07]",direct_vp,"[""poor_clock_consistency""]",3097638.0633419817,3096560,True,855016.3808817781,71.02424976972803,5.048525961683184,0.14107191073201641,"[5.236610270866053,5.094245403545628,4.89274677551701]",147.67875786870718,59.9185289517045,208.69446894526482,nan,nan,nan,nan,False,,nan,,,nan,nan,nan,,,,,,,,0.0017307850338687514,5.7887511289047094e-05,3.913972389952819,nan,nan,nan,False,not_run,not_requested
fig1,PEB,88,2932252539,-10.0,snr_db,-10.0,3,3,3,3,full_6d,2932252539,,,nan,,False,,4.706862688064575,nan,nan,nan,nan,nan,nan,False,,,peb_only,False,df07579783b95bd7,,,,,,,adaptive_jones,True,fixed_anchor_then_adaptive_jones_score_selection,,nan,nan,nan,nan,True,,,nan,nan,,,,,[],nan,,,nan,nan,nan,nan,,nan,nan,nan,0.0010938541647871568,nan,nan,0.0010938541647871568,False,026935debd21c4cd81fb47190ca8eeaf89621d3b1a455ec08b231cab8f8cd44e,3.912630436337873,computed_unscaled,cpu,nan,nan,nan,,,,,,,,nan,nan,nan,nan,nan,nan,False,,
fig1,adaptive_jones_vp_proposed,90,4175219143,-10.0,snr_db,-10.0,3,3,3,3,full_6d,4175219143,,,nan,,False,,51.39649721980095,0.00014745803877652417,0.00014745803877652417,3.850891736017292e-05,0.0001088584709688947,4.893078277257568e-12,0.9024442804151144,False,direct_vp,global_exact_spherical_vp,main_single_proposed,True,d248ab2d8c3c0ab2,adaptive_jones,cupy,True,0,cupy,cupy.linalg.solve,fixed_pol_anchor,True,fixed_anchor_then_adaptive_jones_score_selection,fixed_pol_anchor,16.006001956860473,224.67601991922064,90.20739133681,0.0,True,3,4,3096725.458075429,3096804.7222107006,"[29.940152134348907,16.006001956860473,224.67601991922064]","[0.03339996388404479,0.06247656364651232,0.004450853278132935]","[6.452648359968102e-08,8.40008002340639e-09,2.599185195689631e-08]",direct_vp,"[""poor_clock_consistency""]",3092814.261560078,3096560,True,502926.9914137878,99.95927250072337,4.680213481952753,0.13614030582722197,"[5.0345155045504875,4.896419221752078,5.228337835867846]",139.52535048872232,45.577188931405544,186.236172452569,nan,nan,nan,nan,False,,nan,,,nan,nan,nan,,,,,,,,0.00014745803877652417,3.850891736017292e-05,0.9024442804151144,nan,nan,nan,False,not_run,not_requested
fig1,PEB,90,4175219143,-10.0,snr_db,-10.0,3,3,3,3,full_6d,4175219143,,,nan,,False,,4.905096724629402,nan,nan,nan,nan,nan,nan,False,,,peb_only,False,d06ab4293d255b3f,,,,,,,adaptive_jones,True,fixed_anchor_then_adaptive_jones_score_selection,,nan,nan,nan,nan,True,,,nan,nan,,,,,[],nan,,,nan,nan,nan,nan,,nan,nan,nan,0.0014280113987449187,nan,nan,0.0014280113987449187,False,6333c10944794ce04d692bf5cb56023e51f4bf1ac8d7f2df89dad974bd0e5c09,0.9035419083527886,computed_unscaled,cpu,nan,nan,nan,,,,,,,,nan,nan,nan,nan,nan,nan,False,,
fig1,adaptive_jones_vp_proposed,91,3347136468,-10.0,snr_db,-10.0,3,3,3,3,full_6d,3347136468,,,nan,,False,,70.91273295879364,0.0005240149301404373,0.0005240149301404373,4.921077490685398e-05,0.0004661396925831595,5.006753987612434e-13,2.4663673129127237,False,direct_vp,global_exact_spherical_vp,main_single_proposed,True,64a873eddb34124b,adaptive_jones,cupy,True,0,cupy,cupy.linalg.solve,fixed_pol_anchor,True,fixed_anchor_then_adaptive_jones_score_selection,fixed_pol_anchor,11.647759536431025,239.55629508467783,116.81996258562043,0.0,True,3,4,3096725.458075429,3099133.109534345,"[99.25583313575247,239.55629508467783,11.647759536431025]","[0.010074974621723657,0.004174384143847966,0.08585342072530121]","[6.751460678576691e-10,2.9094873949373594e-09,9.393839164142734e-07]",direct_vp,"[""poor_clock_consistency""]",3098743.3488487685,3096560,True,685796.596880914,113.5638858133488,3.2947539618857093,0.7475078978711924,"[4.021510029804122,5.742980534003585,5.422486649801183]",144.90173417329788,64.13071954995394,210.26618713885546,nan,nan,nan,nan,False,,nan,,,nan,nan,nan,,,,,,,,0.0005240149301404373,4.921077490685398e-05,2.4663673129127237,nan,nan,nan,False,not_run,not_requested
fig1,PEB,91,3347136468,-10.0,snr_db,-10.0,3,3,3,3,full_6d,3347136468,,,nan,,False,,5.369078241288662,nan,nan,nan,nan,nan,nan,False,,,peb_only,False,8b25e091424ba654,,,,,,,adaptive_jones,True,fixed_anchor_then_adaptive_jones_score_selection,,nan,nan,nan,nan,True,,,nan,nan,,,,,[],nan,,,nan,nan,nan,nan,,nan,nan,nan,0.0010803658270640648,nan,nan,0.0010803658270640648,False,64607f16edc43d908c3fdfcf5a1ab43160e4a3b90bfd0c732196f2f9ce351b74,2.4646422657711886,computed_unscaled,cpu,nan,nan,nan,,,,,,,,nan,nan,nan,nan,nan,nan,False,,
fig1,adaptive_jones_vp_proposed,94,3608384463,-10.0,snr_db,-10.0,3,3,3,3,full_6d,3608384463,,,nan,,False,,64.24297507852316,0.00046036790162062505,0.00046036790162062505,7.576720134503996e-05,9.204896079451827e-05,2.4956355175664367e-12,4.679274759251305,False,direct_vp,global_exact_spherical_vp,main_single_proposed,True,a236fe4d6060bfd1,adaptive_jones,cupy,True,0,cupy,cupy.linalg.solve,fixed_pol_anchor,True,fixed_anchor_then_adaptive_jones_score_selection,fixed_pol_anchor,13.470641984441292,150.56106041261748,71.86022243131931,0.0,True,3,4,3096725.458075429,3122074.027028182,"[51.54896489689916,13.470641984441292,150.56106041261748]","[0.01939903161874361,0.07423551165130347,0.006641823570509575]","[1.4945004283833974e-07,7.061719104593502e-09,1.0443935629768685e-08]",direct_vp,"[""poor_clock_consistency""]",3098716.7782137212,3096560,True,577032.4634454143,101.59777487879354,2.872339465736749,0.3088603621114211,"[4.92090031712753,5.147639002546645,4.409194919364398]",125.18535427749157,57.722704879939556,184.06150768697262,nan,nan,nan,nan,False,,nan,,,nan,nan,nan,,,,,,,,0.00046036790162062505,7.576720134503996e-05,4.679274759251305,nan,nan,nan,False,not_run,not_requested
fig1,PEB,94,3608384463,-10.0,snr_db,-10.0,3,3,3,3,full_6d,3608384463,,,nan,,False,,4.901079438626766,nan,nan,nan,nan,nan,nan,False,,,peb_only,False,564c93ee75b05ee5,,,,,,,adaptive_jones,True,fixed_anchor_then_adaptive_jones_score_selection,,nan,nan,nan,nan,True,,,nan,nan,,,,,[],nan,,,nan,nan,nan,nan,,nan,nan,nan,0.0013477256840140944,nan,nan,0.0013477256840140944,False,ef18bf3cff118d7dc1efd356b9a296459495c6f9c6bb71ac5354d9f7a0cabc56,4.676042037393325,computed_unscaled,cpu,nan,nan,nan,,,,,,,,nan,nan,nan,nan,nan,nan,False,,
fig1,adaptive_jones_vp_proposed,0,3147786918,-5.0,snr_db,-5.0,3,3,3,3,full_6d,3147786918,,,nan,,False,,65.35061280429363,0.0006625506773512407,0.0006625506773512407,8.20755710527468e-06,0.00010146089488384878,5.597191629292358e-13,1.253246337961699,False,direct_vp,global_exact_spherical_vp,main_single_proposed,True,4930d8b598514f73,adaptive_jones,cupy,True,0,cupy,cupy.linalg.solve,fixed_pol_anchor,True,fixed_anchor_then_adaptive_jones_score_selection,fixed_pol_anchor,5.928821268934096,22.931267884602967,12.803126620204432,0.0,True,3,4,3096725.458075429,3111478.1734452425,"[22.931267884602967,5.928821268934096,9.549290707076235]","[0.043608578688686964,0.16866759084708496,0.10471981958297999]","[2.158849244336994e-08,5.2967734985934846e-08,2.0727021686421985e-07]",direct_vp,[],3095469.815082014,3096560,True,2607424.1211276148,69.67145797629206,9.455677035744408,0.047710500494209045,"[5.014342068032638,4.898098889998885,4.945782278558041]",118.39991085231304,58.856589160859585,178.52615601569414,nan,nan,nan,nan,False,,nan,,,nan,nan,nan,,,,,,,,0.0006625506773512407,8.20755710527468e-06,1.253246337961699,nan,nan,nan,False,not_run,not_requested
fig1,PEB,0,3147786918,-5.0,snr_db,-5.0,3,3,3,3,full_6d,3147786918,,,nan,,False,,5.1560438722372055,nan,nan,nan,nan,nan,nan,False,,,peb_only,False,94f5de2162a4630e,,,,,,,adaptive_jones,True,fixed_anchor_then_adaptive_jones_score_selection,,nan,nan,nan,nan,True,,,nan,nan,,,,,[],nan,,,nan,nan,nan,nan,,nan,nan,nan,0.0006350613982890841,nan,nan,0.0006350613982890841,False,7c738a48c71d396c30709f16037cef480e872ff8eba0c095999cea8980974cb0,1.2536941931437522,computed_unscaled,cpu,nan,nan,nan,,,,,,,,nan,nan,nan,nan,nan,nan,False,,
fig1,adaptive_jones_vp_proposed,71,1982555292,-10.0,snr_db,-10.0,3,3,3,3,full_6d,1982555292,,,nan,,False,,593.0791137516499,0.0033532906198094443,0.0033532906198094443,7.086222672452048e-05,9.194216202859442e-05,5.91427690245651e-13,4.340090313363529,False,direct_vp,global_exact_spherical_vp,main_single_proposed,True,cd49f3b1db30e261,adaptive_jones,cupy,True,0,cupy,cupy.linalg.solve,fixed_pol_anchor,True,fixed_anchor_then_adaptive_jones_score_selection,fixed_pol_anchor,19.996904033337625,156.0967247163563,66.44445166999566,0.0,True,3,4,3096725.458075429,3107599.973031328,"[19.996904033337625,156.0967247163563,23.239726260293043]","[0.050007741113967635,0.006406284319296291,0.04302976673547749]","[9.010794976073992e-08,5.307954849123262e-09,1.5290876643086298e-07]",direct_vp,"[""poor_clock_consistency""]",3096594.2889287346,3096560,True,761385.6572726887,86.4586950866525,6.312896401167977,0.24208262664990562,"[5.120333720480252,5.31843994979139,4.735358496092722]",129.15161228179932,587.1853407844901,717.6061673536897,nan,nan,nan,nan,False,,nan,,,nan,nan,nan,,,,,,,,0.0033532906198094443,7.086222672452048e-05,4.340090313363529,nan,nan,nan,False,not_run,not_requested
fig1,PEB,71,1982555292,-10.0,snr_db,-10.0,3,3,3,3,full_6d,1982555292,,,nan,,False,,4.769912026822567,nan,nan,nan,nan,nan,nan,False,,,peb_only,False,6b0940772403e48d,,,,,,,adaptive_jones,True,fixed_anchor_then_adaptive_jones_score_selection,,nan,nan,nan,nan,True,,,nan,nan,,,,,[],nan,,,nan,nan,nan,nan,,nan,nan,nan,0.001164882157179308,nan,nan,0.001164882157179308,False,bdd039092dd082ec6fd57d77070067f9fd8178794fea592c3fc196eccf3a063c,4.340064680169434,computed_unscaled,cpu,nan,nan,nan,,,,,,,,nan,nan,nan,nan,nan,nan,False,,
fig1,adaptive_jones_vp_proposed,72,2100195688,-10.0,snr_db,-10.0,3,3,3,3,full_6d,2100195688,,,nan,,False,,556.6142417564988,0.0005010580782007131,0.0005010580782007131,6.980730917471455e-05,0.0003908343763136947,5.07698872366502e-12,3.2918534556878782,False,direct_vp,global_exact_spherical_vp,main_single_proposed,True,d95c83c3779088ef,adaptive_jones,cupy,True,0,cupy,cupy.linalg.solve,fixed_pol_anchor,True,fixed_anchor_then_adaptive_jones_score_selection,fixed_pol_anchor,16.73900154579856,52.772321713090335,38.71278509810538,0.0,True,3,4,3096725.458075429,3122861.758404126,"[52.772321713090335,16.73900154579856,46.62703203542724]","[0.01894932736490111,0.05974071973452074,0.021446786473425385]","[1.1469795622059553e-07,8.622993284838297e-09,4.508815919177718e-08]",direct_vp,"[""poor_clock_consistency""]",3100307.39210656,3096560,True,686002.8384892787,79.1061275728261,4.6587903511616515,0.14151811877453896,"[5.080269203902294,4.9084054683477705,5.255048561502103]",149.31208285689354,550.5506668016315,701.0602653250098,nan,nan,nan,nan,False,,nan,,,nan,nan,nan,,,,,,,,0.0005010580782007131,6.980730917471455e-05,3.2918534556878782,nan,nan,nan,False,not_run,not_requested
fig1,PEB,72,2100195688,-10.0,snr_db,-10.0,3,3,3,3,full_6d,2100195688,,,nan,,False,,4.748971186578274,nan,nan,nan,nan,nan,nan,False,,,peb_only,False,285822242e55720d,,,,,,,adaptive_jones,True,fixed_anchor_then_adaptive_jones_score_selection,,nan,nan,nan,nan,True,,,nan,nan,,,,,[],nan,,,nan,nan,nan,nan,,nan,nan,nan,0.0012336509076348286,nan,nan,0.0012336509076348286,False,c74090ee2666e0b285da3833dfd6aa0f2593b8f113092ef5692488e84b651980,3.2878915272572398,computed_unscaled,cpu,nan,nan,nan,,,,,,,,nan,nan,nan,nan,nan,nan,False,,
fig1,adaptive_jones_vp_proposed,2,3251202663,-5.0,snr_db,-5.0,3,3,3,3,full_6d,3251202663,,,nan,,False,,65.41779467463493,0.00026501360695188397,0.00026501360695188397,2.564493864275898e-05,0.00020372663201090823,3.668135498965274e-13,0.722598421624966,False,direct_vp,global_exact_spherical_vp,main_single_proposed,True,79b49bfebea8a3ff,adaptive_jones,cupy,True,0,cupy,cupy.linalg.solve,fixed_pol_anchor,True,fixed_anchor_then_adaptive_jones_score_selection,fixed_pol_anchor,6.842027546392716,19.239921987020512,11.499012149866159,0.0,True,3,4,3096725.458075429,3096768.737819028,"[19.239921987020512,6.842027546392716,8.415086916185244]","[0.05197526271963953,0.14615550627538504,0.11883418554694006]","[4.1124092378322704e-09,6.950462475445079e-08,5.890260525418426e-07]",direct_vp,[],3093867.6180924405,3096560,True,2669484.795829765,73.87965443634182,12.2227362081701,0.08670459700869874,"[4.843352883856479,5.019098957918756,5.034495375373232]",149.77966526895761,59.322903491556644,210.3673579543829,nan,nan,nan,nan,False,,nan,,,nan,nan,nan,,,,,,,,0.00026501360695188397,2.564493864275898e-05,0.722598421624966,nan,nan,nan,False,not_run,not_requested
fig1,PEB,2,3251202663,-5.0,snr_db,-5.0,3,3,3,3,full_6d,3251202663,,,nan,,False,,4.734540224075317,nan,nan,nan,nan,nan,nan,False,,,peb_only,False,392358d3984e4e66,,,,,,,adaptive_jones,True,fixed_anchor_then_adaptive_jones_score_selection,,nan,nan,nan,nan,True,,,nan,nan,,,,,[],nan,,,nan,nan,nan,nan,,nan,nan,nan,0.000621051741220573,nan,nan,0.000621051741220573,False,ba669d51e548d5d57a5c08da45514e8eda76ee1a2847f0b8bc91639b42fa1215,0.7232309866643089,computed_unscaled,cpu,nan,nan,nan,,,,,,,,nan,nan,nan,nan,nan,nan,False,,
fig1,adaptive_jones_vp_proposed,1,112311654,-5.0,snr_db,-5.0,3,3,3,3,full_6d,112311654,,,nan,,False,,64.93856404721737,0.0002249695470845996,0.0002249695470845996,2.805305006508485e-05,0.00017827205721683768,1.0373360389432963e-12,0.9607540616153052,False,direct_vp,global_exact_spherical_vp,main_single_proposed,True,f0c1342aea9e2322,adaptive_jones,cupy,True,0,cupy,cupy.linalg.solve,fixed_pol_anchor,True,fixed_anchor_then_adaptive_jones_score_selection,fixed_pol_anchor,3.8286607407753643,126.07064665056643,50.54520068511159,0.0,True,3,4,3096725.458075429,3176812.899545294,"[21.736294663992986,3.8286607407753643,126.07064665056643]","[0.04600600127282974,0.2611879369060147,0.007932060526711325]","[1.7583728724656135e-08,1.469937481843575e-07,1.2637714082866574e-09]",direct_vp,"[""poor_clock_consistency""]",3096430.0629864368,3096560,True,1611318.3629228259,98.44486710806117,3.5974269250206334,0.28382826089112084,"[4.967526371275177,4.988888292479805,4.376400952047577]",150.68608355522156,59.00682774186134,210.9452447295189,nan,nan,nan,nan,False,,nan,,,nan,nan,nan,,,,,,,,0.0002249695470845996,2.805305006508485e-05,0.9607540616153052,nan,nan,nan,False,not_run,not_requested
fig1,PEB,1,112311654,-5.0,snr_db,-5.0,3,3,3,3,full_6d,112311654,,,nan,,False,,4.666488960385323,nan,nan,nan,nan,nan,nan,False,,,peb_only,False,2d70816cf57aaacb,,,,,,,adaptive_jones,True,fixed_anchor_then_adaptive_jones_score_selection,,nan,nan,nan,nan,True,,,nan,nan,,,,,[],nan,,,nan,nan,nan,nan,,nan,nan,nan,0.0008078451997330827,nan,nan,0.0008078451997330827,False,e3b48bd20620d3b9b8ef02e72c1473ee968de0b883c8a7b45706956b70dd2349,0.960799342656914,computed_unscaled,cpu,nan,nan,nan,,,,,,,,nan,nan,nan,nan,nan,nan,False,,
fig1,adaptive_jones_vp_proposed,5,2290547997,-5.0,snr_db,-5.0,3,3,3,3,full_6d,2290547997,,,,,True,"OutOfMemoryError: Out of memory allocating 24,772,608 bytes (allocated so far: 0 bytes).",nan,nan,nan,nan,nan,nan,nan,,,,,,,,,,,,,,,,,nan,nan,nan,nan,,,,,,,,,,,nan,,,nan,nan,nan,nan,,nan,nan,nan,nan,nan,nan,nan,,,,,,nan,nan,nan,,,,,,,,,,,,,,,,
fig1,PEB,5,2290547997,-5.0,snr_db,-5.0,3,3,3,3,full_6d,2290547997,,,nan,,False,,5.0269505232572556,nan,nan,nan,nan,nan,nan,False,,,peb_only,False,5f09bc4c5a89c5a6,,,,,,,adaptive_jones,True,fixed_anchor_then_adaptive_jones_score_selection,,nan,nan,nan,nan,True,,,nan,nan,,,,,[],nan,,,nan,nan,nan,nan,,nan,nan,nan,0.0006822757723125929,nan,nan,0.0006822757723125929,False,38f1169f92c897947506b479f5ee71ac29695cde812eaf9f2f26b2ce8e8773e4,0.8633024616998022,computed_unscaled,cpu,nan,nan,nan,,,,,,,,nan,nan,nan,nan,nan,nan,False,,
fig1,adaptive_jones_vp_proposed,3,3422926171,-5.0,snr_db,-5.0,3,3,3,3,full_6d,3422926171,,,nan,,False,,63.19347874075174,0.0009142836040621564,0.0009142836040621564,3.611399887927698e-05,0.0004243949723556714,2.2508455889111343e-12,0.8795708682294735,False,direct_vp,global_exact_spherical_vp,main_single_proposed,True,d86c53860276539e,adaptive_jones,cupy,True,0,cupy,cupy.linalg.solve,fixed_pol_anchor,True,fixed_anchor_then_adaptive_jones_score_selection,fixed_pol_anchor,6.6551854805053114,27.806285927394132,14.048704816741036,0.0,True,3,4,3096725.458075429,3096739.49106317,"[27.806285927394132,7.684643042323666,6.6551854805053114]","[0.03596309131623422,0.13012966177931115,0.15025877233964294]","[4.196338444260526e-08,1.981791059732032e-08,7.452819920897236e-08]",direct_vp,"[""poor_clock_consistency""]",3097490.080989123,3096560,True,2710085.322061222,79.2119669691085,9.106742095806037,0.12096642599878274,"[4.881545118725386,4.876264855270377,5.135472779400825]",140.7757042646408,57.14294397830963,199.08952781558037,nan,nan,nan,nan,False,,nan,,,nan,nan,nan,,,,,,,,0.0009142836040621564,3.611399887927698e-05,0.8795708682294735,nan,nan,nan,False,not_run,not_requested
fig1,PEB,3,3422926171,-5.0,snr_db,-5.0,3,3,3,3,full_6d,3422926171,,,nan,,False,,4.706193998456001,nan,nan,nan,nan,nan,nan,False,,,peb_only,False,de83a7618d53e805,,,,,,,adaptive_jones,True,fixed_anchor_then_adaptive_jones_score_selection,,nan,nan,nan,nan,True,,,nan,nan,,,,,[],nan,,,nan,nan,nan,nan,,nan,nan,nan,0.0006147117865929228,nan,nan,0.0006147117865929228,False,36031d2b9c9618797e3e0dd10eb5c7dda8abc129f14c8c8dd5b717980768d13b,0.8793113035534897,computed_unscaled,cpu,nan,nan,nan,,,,,,,,nan,nan,nan,nan,nan,nan,False,,
fig1,adaptive_jones_vp_proposed,4,287230138,-5.0,snr_db,-5.0,3,3,3,3,full_6d,287230138,,,nan,,False,,63.65544208139181,0.0005994861937033835,0.0005994861937033835,1.4419912718912406e-05,0.0004648706225015033,5.073835476705907e-13,1.56314295308513,False,direct_vp,global_exact_spherical_vp,main_single_proposed,True,5b55c4207f5af205,adaptive_jones,cupy,True,0,cupy,cupy.linalg.solve,fixed_pol_anchor,True,fixed_anchor_then_adaptive_jones_score_selection,fixed_pol_anchor,6.344709720775356,45.01160202007383,19.552841921996244,0.0,True,3,4,3096725.458075429,3096834.9958137656,"[45.01160202007383,7.30221402513955,6.344709720775356]","[0.022216494305379718,0.13694476723771282,0.15761162354192781]","[1.0426573420033015e-08,1.5545347203172088e-08,6.484612758949567e-07]",direct_vp,"[""poor_clock_consistency""]",3096268.8675544607,3096560,True,2913594.028531692,76.15271137118194,7.760300799958005,0.10951909042676872,"[4.782124218129624,4.959854124048424,5.045012159978858]",150.57988457381725,57.816890478134155,209.36573608219624,nan,nan,nan,nan,False,,nan,,,nan,nan,nan,,,,,,,,0.0005994861937033835,1.4419912718912406e-05,1.56314295308513,nan,nan,nan,False,not_run,not_requested
fig1,PEB,4,287230138,-5.0,snr_db,-5.0,3,3,3,3,full_6d,287230138,,,nan,,False,,4.904363118112087,nan,nan,nan,nan,nan,nan,False,,,peb_only,False,47a24873ea5a9c04,,,,,,,adaptive_jones,True,fixed_anchor_then_adaptive_jones_score_selection,,nan,nan,nan,nan,True,,,nan,nan,,,,,[],nan,,,nan,nan,nan,nan,,nan,nan,nan,0.0005643399933614378,nan,nan,0.0005643399933614378,False,72d5586e1e2071d827e37c0d5029359210d7878b9ab9d369f2c38d0e300801aa,1.5632980080685457,computed_unscaled,cpu,nan,nan,nan,,,,,,,,nan,nan,nan,nan,nan,nan,False,,
fig1,adaptive_jones_vp_proposed,6,1919806993,-5.0,snr_db,-5.0,3,3,3,3,full_6d,1919806993,,,nan,,False,,62.337865836918354,0.00019642743954248018,0.00019642743954248018,7.261861651040755e-06,5.34423075412969e-05,5.736626454077105e-13,1.3275288920346304,False,direct_vp,global_exact_spherical_vp,main_single_proposed,True,dcb7f8881f44eadf,adaptive_jones,cupy,True,0,cupy,cupy.linalg.solve,fixed_pol_anchor,True,fixed_anchor_then_adaptive_jones_score_selection,fixed_pol_anchor,5.688671595736348,74.64054637619746,29.392359221685993,0.0,True,3,4,3096725.458075429,3098938.16916636,"[7.84785969312416,74.64054637619746,5.688671595736348]","[0.12742327705836715,0.013397543941937904,0.17578796440698213]","[4.911407239883704e-07,6.884979676008477e-09,1.0587093307201293e-08]",direct_vp,"[""poor_clock_consistency""]",3095354.4709763997,3096560,True,2607389.193241224,72.23891201221005,12.011622271446624,0.11702270391688381,"[5.172022041512227,5.124434203031607,4.903430332727892]",145.04859564453363,56.312564343214035,202.46002354472876,nan,nan,nan,nan,False,,nan,,,nan,nan,nan,,,,,,,,0.00019642743954248018,7.261861651040755e-06,1.3275288920346304,nan,nan,nan,False,not_run,not_requested
fig1,PEB,6,1919806993,-5.0,snr_db,-5.0,3,3,3,3,full_6d,1919806993,,,nan,,False,,4.863279335200787,nan,nan,nan,nan,nan,nan,False,,,peb_only,False,a9633a005d4b43d2,,,,,,,adaptive_jones,True,fixed_anchor_then_adaptive_jones_score_selection,,nan,nan,nan,nan,True,,,nan,nan,,,,,[],nan,,,nan,nan,nan,nan,,nan,nan,nan,0.0006275673464398835,nan,nan,0.0006275673464398835,False,231b7c2941d5d9c02809f94febabb8d0e1f1d4a2d4bfefa1b397f685379809da,1.3280527787450196,computed_unscaled,cpu,nan,nan,nan,,,,,,,,nan,nan,nan,nan,nan,nan,False,,
fig1,adaptive_jones_vp_proposed,7,1914929603,-5.0,snr_db,-5.0,3,3,3,3,full_6d,1914929603,,,nan,,False,,75.53914591670036,0.0007425564674063558,0.0007425564674063558,1.699027086362243e-05,0.0004139047750032728,3.593830129063583e-13,2.325824185468304,False,direct_vp,global_exact_spherical_vp,main_single_proposed,True,c0859042c164ca73,adaptive_jones,cupy,True,0,cupy,cupy.linalg.solve,fixed_pol_anchor,True,fixed_anchor_then_adaptive_jones_score_selection,fixed_pol_anchor,4.329908621021294,46.637170415747,22.1538494429753,0.0,True,3,4,3096725.458075429,3097492.9557464784,"[46.637170415747,15.494469292157603,4.329908621021294]","[0.021442124190615856,0.06453915788459093,0.23095175615041053]","[2.151022140188505e-08,1.893612465963322e-08,8.728877077238951e-07]",direct_vp,"[""poor_clock_consistency""]",3093952.99277315,3096560,True,2562816.1498175813,85.18652320365936,5.860271832369636,0.4169049919024346,"[4.128368816707144,5.001130319443026,5.023943965619212]",138.9733965396881,68.86512621492147,209.07153865695,nan,nan,nan,nan,False,,nan,,,nan,nan,nan,,,,,,,,0.0007425564674063558,1.699027086362243e-05,2.325824185468304,nan,nan,nan,False,not_run,not_requested
fig1,PEB,7,1914929603,-5.0,snr_db,-5.0,3,3,3,3,full_6d,1914929603,,,nan,,False,,5.014311537146568,nan,nan,nan,nan,nan,nan,False,,,peb_only,False,31b347fffc8f3b68,,,,,,,adaptive_jones,True,fixed_anchor_then_adaptive_jones_score_selection,,nan,nan,nan,nan,True,,,nan,nan,,,,,[],nan,,,nan,nan,nan,nan,,nan,nan,nan,0.0006029545772165476,nan,nan,0.0006029545772165476,False,84f1975fc112e22552cd5389ecb9ea5e68088b810ed0a30ff85dfd5971674377,2.3277959845425356,computed_unscaled,cpu,nan,nan,nan,,,,,,,,nan,nan,nan,nan,nan,nan,False,,
fig1,adaptive_jones_vp_proposed,68,217409269,-10.0,snr_db,-10.0,3,3,3,3,full_6d,217409269,,,nan,,False,,684.5520362257957,0.0005129620622917884,0.0005129620622917884,9.316958308222194e-05,0.0002200562241906228,5.437437202551347e-13,1.8288918843295294,False,direct_vp,global_exact_spherical_vp,main_single_proposed,True,c36e2674fd17fde6,adaptive_jones,cupy,True,0,cupy,cupy.linalg.solve,fixed_pol_anchor,True,fixed_anchor_then_adaptive_jones_score_selection,fixed_pol_anchor,20.713579160442787,102.20712950629056,48.90245234019057,0.0,True,3,4,3096725.458075429,3172853.0519995284,"[20.713579160442787,23.786648353838373,102.20712950629056]","[0.048277508789452,0.042040391109361426,0.009784053272293942]","[7.548071046966391e-07,2.2544603862385046e-08,3.766415933253348e-08]",direct_vp,"[""poor_clock_consistency""]",3099211.8575884537,3096560,True,509576.74567518226,95.23749267066569,3.681182488782948,0.12759660341746473,"[4.8453701865750505,5.131464126228473,4.879436824750955]",146.43374836444855,678.0452964752913,825.7024872079492,nan,nan,nan,nan,False,,nan,,,nan,nan,nan,,,,,,,,0.0005129620622917884,9.316958308222194e-05,1.8288918843295294,nan,nan,nan,False,not_run,not_requested
fig1,PEB,68,217409269,-10.0,snr_db,-10.0,3,3,3,3,full_6d,217409269,,,nan,,False,,4.86092235147953,nan,nan,nan,nan,nan,nan,False,,,peb_only,False,2ca3e7a203928461,,,,,,,adaptive_jones,True,fixed_anchor_then_adaptive_jones_score_selection,,nan,nan,nan,nan,True,,,nan,nan,,,,,[],nan,,,nan,nan,nan,nan,,nan,nan,nan,0.001419256325348707,nan,nan,0.001419256325348707,False,0b182e454a04b5041a3aee67b1d617d5e470ee5322dc8a1561fe76d42cd56704,1.8273364248213426,computed_unscaled,cpu,nan,nan,nan,,,,,,,,nan,nan,nan,nan,nan,nan,False,,
fig1,adaptive_jones_vp_proposed,1,112311654,-10.0,snr_db,-10.0,3,3,3,3,full_6d,112311654,,,nan,,False,,1566.2558475881815,1.0104428384951798,1.0104428384951798,0.8553977207654877,0.6638690133738708,1.0956987837044926e-09,3.295549042752271,True,ris_only_stage2_then_vp,global_exact_spherical_vp,main_single_proposed,True,1c2f045ef804ee7c,adaptive_jones,cupy,True,0,cupy,cupy.linalg.solve,fixed_pol_anchor,True,fixed_anchor_then_adaptive_jones_score_selection,fixed_pol_anchor,75.71697044332019,109135.98562643297,51113.05997063443,0.0,True,3,4,3096725.458075429,3098565.0060262396,"[75.71697044332019,109135.98562643297,44127.47731502699]","[0.013207078863157338,9.162879549986052e-06,2.266161622459181e-05]","[7.90886995185776e-09,1.3877775754874097e-10,2.693078271061863e-10]",jnpp_then_vp,"[""low_assignment_margin"",""poor_clock_consistency""]",3402288.869230352,3096560,False,280.7964235951483,870.6791400044032,0.03730778499324582,30.109856104879324,"[4.86840343634669,72.38744814128236,12.925797325317612]",143.68260196596384,262.34850888699293,421.7034043222666,nan,nan,nan,nan,False,,nan,,,nan,nan,nan,,,,,,,,1.1337025643511474,0.9967458532356012,3.3382752157698086,1.0104428384951798,0.8553977207654877,3.295549042752271,True,accepted,accepted
fig1,PEB,1,112311654,-10.0,snr_db,-10.0,3,3,3,3,full_6d,112311654,,,nan,,False,,4.881333738565445,nan,nan,nan,nan,nan,nan,False,,,peb_only,False,8078fab5757abc84,,,,,,,adaptive_jones,True,fixed_anchor_then_adaptive_jones_score_selection,,nan,nan,nan,nan,True,,,nan,nan,,,,,[],nan,,,nan,nan,nan,nan,,nan,nan,nan,0.001436574485184122,nan,nan,0.001436574485184122,False,e3b48bd20620d3b9b8ef02e72c1473ee968de0b883c8a7b45706956b70dd2349,3.038314297188423,computed_unscaled,cpu,nan,nan,nan,,,,,,,,nan,nan,nan,nan,nan,nan,False,,
fig1,adaptive_jones_vp_proposed,8,641399591,-5.0,snr_db,-5.0,3,3,3,3,full_6d,641399591,,,nan,,False,,64.40313018113375,0.00040086724614906875,0.00040086724614906875,1.1814702363464592e-05,7.835810873320098e-05,3.318217700383808e-13,0.7133714799124954,False,direct_vp,global_exact_spherical_vp,main_single_proposed,True,d5972f41fd579452,adaptive_jones,cupy,True,0,cupy,cupy.linalg.solve,fixed_pol_anchor,True,fixed_anchor_then_adaptive_jones_score_selection,fixed_pol_anchor,6.900602435796621,32.888163267207595,15.638222073350299,0.0,True,3,4,3096725.458075429,3097684.772665207,"[32.888163267207595,7.12590051704668,6.900602435796621]","[0.030406076248234888,0.1403331407168343,0.14491488377965903]","[1.843872869332925e-08,1.1869969756241731e-09,3.6455830480968135e-07]",direct_vp,"[""poor_clock_consistency""]",3097884.6506212754,3096560,True,2701028.6786071435,78.29421157835421,5.96383248335899,0.23537938070611084,"[4.56568678997455,5.039899756996662,5.086795182472551]",129.5849045664072,57.959542743861675,188.78916411846876,nan,nan,nan,nan,False,,nan,,,nan,nan,nan,,,,,,,,0.00040086724614906875,1.1814702363464592e-05,0.7133714799124954,nan,nan,nan,False,not_run,not_requested
fig1,PEB,8,641399591,-5.0,snr_db,-5.0,3,3,3,3,full_6d,641399591,,,nan,,False,,5.2530141323804855,nan,nan,nan,nan,nan,nan,False,,,peb_only,False,89ff9f20f5ecb7e7,,,,,,,adaptive_jones,True,fixed_anchor_then_adaptive_jones_score_selection,,nan,nan,nan,nan,True,,,nan,nan,,,,,[],nan,,,nan,nan,nan,nan,,nan,nan,nan,0.0006177944063626284,nan,nan,0.0006177944063626284,False,e032c9cb8462fea3417aadc651e10a3437190e0cacf3ab5bdc4b175ff7382e20,0.7130701278172195,computed_unscaled,cpu,nan,nan,nan,,,,,,,,nan,nan,nan,nan,nan,nan,False,,
fig1,adaptive_jones_vp_proposed,62,1815661330,-10.0,snr_db,-10.0,3,3,3,3,full_6d,1815661330,,,nan,,False,,951.2367196157575,0.0012810685354196871,0.0012810685354196871,5.048282740282653e-05,0.0002658834797283922,4.4505914002056775e-12,5.661605471298055,False,direct_vp,global_exact_spherical_vp,main_single_proposed,True,3dde6fdf5a02347c,adaptive_jones,cupy,True,0,cupy,cupy.linalg.solve,fixed_pol_anchor,True,fixed_anchor_then_adaptive_jones_score_selection,fixed_pol_anchor,10.858448783475925,444.8527758018733,215.12136116847253,0.0,True,3,4,3096725.458075429,3101018.8043302735,"[10.858448783475925,189.65285892006838,444.8527758018733]","[0.09209418582062226,0.005272791591461375,0.0022479347189698624]","[3.1883489957857354e-09,1.2635977363392807e-09,5.683290007594434e-06]",direct_vp,"[""low_assignment_margin"",""poor_clock_consistency""]",3097295.7953273994,3096560,True,338787.57765389624,174.80004332325734,1.5722011217014344e-05,3.5554895919465563,"[5.169310884819273,4.429010890956373,12.314195486098017]",146.60990704596043,723.0420353263617,870.9164104089141,nan,nan,nan,nan,False,,nan,,,nan,nan,nan,,,,,,,,0.0012810685354196871,5.048282740282653e-05,5.661605471298055,nan,nan,nan,False,not_run,not_requested
fig1,PEB,62,1815661330,-10.0,snr_db,-10.0,3,3,3,3,full_6d,1815661330,,,nan,,False,,4.957920521497726,nan,nan,nan,nan,nan,nan,False,,,peb_only,False,537ada48c71bb34a,,,,,,,adaptive_jones,True,fixed_anchor_then_adaptive_jones_score_selection,,nan,nan,nan,nan,True,,,nan,nan,,,,,[],nan,,,nan,nan,nan,nan,,nan,nan,nan,0.001800085357985258,nan,nan,0.001800085357985258,False,97d98efc9e77b8da847d52d27748aedf3c40844281671ccf00f295af09763222,5.660289743827024,computed_unscaled,cpu,nan,nan,nan,,,,,,,,nan,nan,nan,nan,nan,nan,False,,
fig1,adaptive_jones_vp_proposed,10,781873798,-5.0,snr_db,-5.0,3,3,3,3,full_6d,781873798,,,nan,,False,,63.44079189002514,0.0004054721946850874,0.0004054721946850874,1.3238615651141415e-05,0.0003610795473201399,3.6715083526348683e-13,0.6968404836098799,False,direct_vp,global_exact_spherical_vp,main_single_proposed,True,81ef37a6ba961e0d,adaptive_jones,cupy,True,0,cupy,cupy.linalg.solve,fixed_pol_anchor,True,fixed_anchor_then_adaptive_jones_score_selection,fixed_pol_anchor,4.411664897717596,113.97024392769387,43.58158972208173,0.0,True,3,4,3096725.458075429,3114571.611307885,"[12.362860340833738,113.97024392769387,4.411664897717596]","[0.08088742996511099,0.008774220054494746,0.2266717947033885]","[3.622024180913598e-08,3.4681509910406403e-09,2.371132447531676e-07]",direct_vp,"[""poor_clock_consistency""]",3094269.1783750188,3096560,True,2580319.9633961576,81.22890019914335,7.121952059880217,0.1935273174447198,"[5.01857470354048,5.446444393420855,5.055779958288966]",132.0209507420659,57.12424776703119,190.3200399875641,nan,nan,nan,nan,False,,nan,,,nan,nan,nan,,,,,,,,0.0004054721946850874,1.3238615651141415e-05,0.6968404836098799,nan,nan,nan,False,not_run,not_requested
fig1,PEB,10,781873798,-5.0,snr_db,-5.0,3,3,3,3,full_6d,781873798,,,nan,,False,,5.054517708718777,nan,nan,nan,nan,nan,nan,False,,,peb_only,False,b784cef4084e36fc,,,,,,,adaptive_jones,True,fixed_anchor_then_adaptive_jones_score_selection,,nan,nan,nan,nan,True,,,nan,nan,,,,,[],nan,,,nan,nan,nan,nan,,nan,nan,nan,0.0006183000848100379,nan,nan,0.0006183000848100379,False,f2ef97a231c1a4af27e9b56c32078a57d13f76cf0fcef71f5aea3cacfcafd031,0.6973599880886718,computed_unscaled,cpu,nan,nan,nan,,,,,,,,nan,nan,nan,nan,nan,nan,False,,
fig1,adaptive_jones_vp_proposed,82,2146768378,-10.0,snr_db,-10.0,3,3,3,3,full_6d,2146768378,,,nan,,False,,578.0906636416912,0.0007395832033505197,0.0007395832033505197,4.8686469036895357e-05,0.0004437872187337893,4.378485304133863e-12,6.5995152044420475,False,direct_vp,global_exact_spherical_vp,main_single_proposed,True,14ff5d6b8355c245,adaptive_jones,cupy,True,0,cupy,cupy.linalg.solve,fixed_pol_anchor,True,fixed_anchor_then_adaptive_jones_score_selection,fixed_pol_anchor,20.35092191937854,237.81627420415495,93.25254084370476,0.0,True,3,4,3096725.458075429,3097356.242342006,"[20.35092191937854,237.81627420415495,21.590426407580836]","[0.0491378230402147,0.004204926694393198,0.04631682492511076]","[6.694555469686263e-10,4.847762281943511e-09,7.227017037856557e-08]",direct_vp,"[""poor_clock_consistency""]",3100267.163188106,3096560,True,811667.5971830335,72.01863716251265,4.261208053652952,0.36176160275852565,"[5.2676541135389,4.424723232292508,4.609498570423514]",139.16089818626642,572.1868000626564,712.4587886109948,nan,nan,nan,nan,False,,nan,,,nan,nan,nan,,,,,,,,0.0007395832033505197,4.8686469036895357e-05,6.5995152044420475,nan,nan,nan,False,not_run,not_requested
fig1,PEB,82,2146768378,-10.0,snr_db,-10.0,3,3,3,3,full_6d,2146768378,,,nan,,False,,4.8159861117601395,nan,nan,nan,nan,nan,nan,False,,,peb_only,False,d6289d4faa6d7e99,,,,,,,adaptive_jones,True,fixed_anchor_then_adaptive_jones_score_selection,,nan,nan,nan,nan,True,,,nan,nan,,,,,[],nan,,,nan,nan,nan,nan,,nan,nan,nan,0.0011354535747526032,nan,nan,0.0011354535747526032,False,3a0d3e6549ad4d642256987481bea72461b73f437bf823d820291ff80c435722,6.591657853349463,computed_unscaled,cpu,nan,nan,nan,,,,,,,,nan,nan,nan,nan,nan,nan,False,,
fig1,adaptive_jones_vp_proposed,12,2210497206,-5.0,snr_db,-5.0,3,3,3,3,full_6d,2210497206,,,nan,,False,,65.48310852050781,0.0007073746109301603,0.0007073746109301603,9.58063420358445e-06,2.467712391403881e-05,5.061359766928929e-13,1.4417379617027626,False,direct_vp,global_exact_spherical_vp,main_single_proposed,True,33c90f01ee46378a,adaptive_jones,cupy,True,0,cupy,cupy.linalg.solve,fixed_pol_anchor,True,fixed_anchor_then_adaptive_jones_score_selection,fixed_pol_anchor,5.997033128996079,16.278316133816173,11.164419328792219,0.0,True,3,4,3096725.458075429,3117448.230155696,"[16.278316133816173,11.217908723564406,5.997033128996079]","[0.06143141537264695,0.08914317495632462,0.16674912052076757]","[1.2919589393246035e-07,1.8616539295584e-07,2.32808097078796e-07]",direct_vp,[],3098867.903273,3096560,True,2879276.518014694,71.4306100579682,10.071501901580477,0.019254103149831548,"[5.111704676682017,5.148346904914658,5.104310959881532]",140.86296997964382,59.449895687401295,201.63365273177624,nan,nan,nan,nan,False,,nan,,,nan,nan,nan,,,,,,,,0.0007073746109301603,9.58063420358445e-06,1.4417379617027626,nan,nan,nan,False,not_run,not_requested
fig1,PEB,12,2210497206,-5.0,snr_db,-5.0,3,3,3,3,full_6d,2210497206,,,nan,,False,,4.960768274962902,nan,nan,nan,nan,nan,nan,False,,,peb_only,False,bb1283567b635a44,,,,,,,adaptive_jones,True,fixed_anchor_then_adaptive_jones_score_selection,,nan,nan,nan,nan,True,,,nan,nan,,,,,[],nan,,,nan,nan,nan,nan,,nan,nan,nan,0.0005717770208036201,nan,nan,0.0005717770208036201,False,0a1c4f0b423cde7d810066f20685360779b434f786c785131581505ed3dd312e,1.4406716613452208,computed_unscaled,cpu,nan,nan,nan,,,,,,,,nan,nan,nan,nan,nan,nan,False,,
fig1,adaptive_jones_vp_proposed,15,2734808712,-5.0,snr_db,-5.0,3,3,3,3,full_6d,2734808712,,,nan,,False,,67.34744216501713,0.0007280618862473377,0.0007280618862473377,1.502815009347355e-05,0.0003103149762930033,2.8750195063631532e-12,0.36508935102904705,False,direct_vp,global_exact_spherical_vp,main_single_proposed,True,35f7e97a66646922,adaptive_jones,cupy,True,0,cupy,cupy.linalg.solve,fixed_pol_anchor,True,fixed_anchor_then_adaptive_jones_score_selection,fixed_pol_anchor,6.4061876175667365,34.986464813102664,16.37493494646765,0.0,True,3,4,3096725.458075429,3098978.0959976153,"[34.986464813102664,6.4061876175667365,7.732152408733547]","[0.028582481977158975,0.1560990810277617,0.12933009427785688]","[7.53086255568484e-09,2.625660939294677e-09,3.4724974779668994e-07]",direct_vp,"[""poor_clock_consistency""]",3099367.493272109,3096560,True,2740598.7128684497,70.07776089779223,6.703746050256813,0.2352053661086557,"[4.588131630741251,5.099542107608368,5.073600948659161]",146.57050888985395,61.1901586279273,208.8993824645877,nan,nan,nan,nan,False,,nan,,,nan,nan,nan,,,,,,,,0.0007280618862473377,1.502815009347355e-05,0.36508935102904705,nan,nan,nan,False,not_run,not_requested
fig1,PEB,15,2734808712,-5.0,snr_db,-5.0,3,3,3,3,full_6d,2734808712,,,nan,,False,,4.6897494569420815,nan,nan,nan,nan,nan,nan,False,,,peb_only,False,b556d84c8c4dd6bf,,,,,,,adaptive_jones,True,fixed_anchor_then_adaptive_jones_score_selection,,nan,nan,nan,nan,True,,,nan,nan,,,,,[],nan,,,nan,nan,nan,nan,,nan,nan,nan,0.0006155747828861733,nan,nan,0.0006155747828861733,False,3745774ba39f0b3a489ec82705d3e30e7ac3ac0889ba9ff94e26de5537c07034,0.36476052765804357,computed_unscaled,cpu,nan,nan,nan,,,,,,,,nan,nan,nan,nan,nan,nan,False,,
fig1,adaptive_jones_vp_proposed,13,634888206,-5.0,snr_db,-5.0,3,3,3,3,full_6d,634888206,,,nan,,False,,76.55486942082644,0.0008936792304322774,0.0008936792304322774,1.3137557702957608e-05,0.00023414795238424808,1.24154013801233e-12,0.6465740918407157,False,direct_vp,global_exact_spherical_vp,main_single_proposed,True,1628b29119f67fa2,adaptive_jones,cupy,True,0,cupy,cupy.linalg.solve,fixed_pol_anchor,True,fixed_anchor_then_adaptive_jones_score_selection,fixed_pol_anchor,5.38019991198265,81.21390686256292,31.71517846247707,0.0,True,3,4,3096725.458075429,3218572.012509123,"[5.38019991198265,81.21390686256292,8.551428612885637]","[0.18586669944502326,0.012313162099331967,0.11693952499171989]","[6.46580928062141e-07,2.0305014395876624e-08,5.45250575767186e-07]",direct_vp,"[""poor_clock_consistency""]",3095179.5994164306,3096560,True,2384615.4559356826,80.55102377001066,7.156083007613549,0.14672295537967858,"[5.002813442960494,5.360007480560564,5.215814385755936]",149.87736839056015,70.63602109998465,221.78976733982563,nan,nan,nan,nan,False,,nan,,,nan,nan,nan,,,,,,,,0.0008936792304322774,1.3137557702957608e-05,0.6465740918407157,nan,nan,nan,False,not_run,not_requested
fig1,PEB,13,634888206,-5.0,snr_db,-5.0,3,3,3,3,full_6d,634888206,,,nan,,False,,4.729668848216534,nan,nan,nan,nan,nan,nan,False,,,peb_only,False,4e0c63cd1b68ba66,,,,,,,adaptive_jones,True,fixed_anchor_then_adaptive_jones_score_selection,,nan,nan,nan,nan,True,,,nan,nan,,,,,[],nan,,,nan,nan,nan,nan,,nan,nan,nan,0.0006629582174480504,nan,nan,0.0006629582174480504,False,11da97468c8b90c59dcc518746f48f2217739b6c2c3deec78f2d1177de9045c5,0.6468657958954134,computed_unscaled,cpu,nan,nan,nan,,,,,,,,nan,nan,nan,nan,nan,nan,False,,
fig1,adaptive_jones_vp_proposed,17,2127997378,-5.0,snr_db,-5.0,3,3,3,3,full_6d,2127997378,,,nan,,False,,65.52297117561102,0.0005362585347446253,0.0005362585347446253,1.744546398184563e-05,4.8530587103694685e-05,4.201535239919552e-13,1.266449726339144,False,direct_vp,global_exact_spherical_vp,main_single_proposed,True,be6e685790e7464a,adaptive_jones,cupy,True,0,cupy,cupy.linalg.solve,fixed_pol_anchor,True,fixed_anchor_then_adaptive_jones_score_selection,fixed_pol_anchor,5.245831490736706,18.478161913048247,12.575085307507067,0.0,True,3,4,3096725.458075429,3099379.3712279405,"[14.00126251873625,5.245831490736706,18.478161913048247]","[0.07142213058628219,0.19062754908551544,0.05411793687527858]","[2.567526335064188e-07,8.365479310341384e-09,1.926372068329119e-07]",direct_vp,"[""poor_clock_consistency""]",3099947.855835666,3096560,True,2064004.1130048654,83.0950106759708,9.631214685795394,0.2221065992102627,"[4.909888005227837,4.893648805548963,5.372717715455535]",139.71521064639091,59.414174146950245,200.30780044943094,nan,nan,nan,nan,False,,nan,,,nan,nan,nan,,,,,,,,0.0005362585347446253,1.744546398184563e-05,1.266449726339144,nan,nan,nan,False,not_run,not_requested
fig1,PEB,17,2127997378,-5.0,snr_db,-5.0,3,3,3,3,full_6d,2127997378,,,nan,,False,,4.707845114171505,nan,nan,nan,nan,nan,nan,False,,,peb_only,False,a3fc0f45dd926e90,,,,,,,adaptive_jones,True,fixed_anchor_then_adaptive_jones_score_selection,,nan,nan,nan,nan,True,,,nan,nan,,,,,[],nan,,,nan,nan,nan,nan,,nan,nan,nan,0.0007114826148609328,nan,nan,0.0007114826148609328,False,1e7e5fb979d639b775e57b8f9a2b5887da0781d1b293b718b0219c60afc7e70e,1.265072191587295,computed_unscaled,cpu,nan,nan,nan,,,,,,,,nan,nan,nan,nan,nan,nan,False,,
fig1,adaptive_jones_vp_proposed,20,3607282624,-5.0,snr_db,-5.0,3,3,3,3,full_6d,3607282624,,,,,True,"OutOfMemoryError: Out of memory allocating 148,635,648 bytes (allocated so far: 669,975,552 bytes).",nan,nan,nan,nan,nan,nan,nan,,,,,,,,,,,,,,,,,nan,nan,nan,nan,,,,,,,,,,,nan,,,nan,nan,nan,nan,,nan,nan,nan,nan,nan,nan,nan,,,,,,nan,nan,nan,,,,,,,,,,,,,,,,
fig1,PEB,20,3607282624,-5.0,snr_db,-5.0,3,3,3,3,full_6d,3607282624,,,nan,,False,,4.81922410428524,nan,nan,nan,nan,nan,nan,False,,,peb_only,False,3e83471d640fe3e4,,,,,,,adaptive_jones,True,fixed_anchor_then_adaptive_jones_score_selection,,nan,nan,nan,nan,True,,,nan,nan,,,,,[],nan,,,nan,nan,nan,nan,,nan,nan,nan,0.0006003400235130783,nan,nan,0.0006003400235130783,False,614c1d5045ebcd05d85977496f662de337f9fdc3d750d62d2ed64ea91c25b070,1.808998938897974,computed_unscaled,cpu,nan,nan,nan,,,,,,,,nan,nan,nan,nan,nan,nan,False,,
fig1,adaptive_jones_vp_proposed,19,3846521747,-5.0,snr_db,-5.0,3,3,3,3,full_6d,3846521747,,,,,True,"OutOfMemoryError: Out of memory allocating 148,635,648 bytes (allocated so far: 1,908,679,680 bytes).",nan,nan,nan,nan,nan,nan,nan,,,,,,,,,,,,,,,,,nan,nan,nan,nan,,,,,,,,,,,nan,,,nan,nan,nan,nan,,nan,nan,nan,nan,nan,nan,nan,,,,,,nan,nan,nan,,,,,,,,,,,,,,,,
fig1,PEB,19,3846521747,-5.0,snr_db,-5.0,3,3,3,3,full_6d,3846521747,,,nan,,False,,5.263992190361023,nan,nan,nan,nan,nan,nan,False,,,peb_only,False,e2f20cd2acfc645e,,,,,,,adaptive_jones,True,fixed_anchor_then_adaptive_jones_score_selection,,nan,nan,nan,nan,True,,,nan,nan,,,,,[],nan,,,nan,nan,nan,nan,,nan,nan,nan,0.0007035534536445204,nan,nan,0.0007035534536445204,False,66683f008884b5deaddb95c24fc2a892e518e793d697d2821f0c6f98570400e4,0.3749839394765869,computed_unscaled,cpu,nan,nan,nan,,,,,,,,nan,nan,nan,nan,nan,nan,False,,
fig1,adaptive_jones_vp_proposed,89,850792180,-10.0,snr_db,-10.0,3,3,3,3,full_6d,850792180,,,nan,,False,,535.5686256214976,0.0012901866092198716,0.0012901866092198716,6.273068404960059e-05,0.0006097449901139241,1.8184762254493214e-12,7.891154458000634,False,direct_vp,global_exact_spherical_vp,main_single_proposed,True,7f1b06e6df7408d9,adaptive_jones,cupy,True,0,cupy,cupy.linalg.solve,fixed_pol_anchor,True,fixed_anchor_then_adaptive_jones_score_selection,fixed_pol_anchor,16.84886901038092,69.87340733745334,41.41612483031981,0.0,True,3,4,3096725.458075429,3105497.291611346,"[69.87340733745334,16.84886901038092,37.526098143125175]","[0.01431159632878114,0.05935116472013827,0.026648120893050405]","[6.102396553598413e-10,2.48193497386878e-08,3.4522311929282803e-07]",direct_vp,"[""poor_clock_consistency""]",3098301.5821365267,3096560,True,717411.1070643543,66.8949936444751,4.186115666398258,0.13064023019436463,"[4.85295970885731,5.165099580232149,4.947976885580545]",143.86779521405697,529.0185442119837,674.0597371459007,nan,nan,nan,nan,False,,nan,,,nan,nan,nan,,,,,,,,0.0012901866092198716,6.273068404960059e-05,7.891154458000634,nan,nan,nan,False,not_run,not_requested
fig1,PEB,89,850792180,-10.0,snr_db,-10.0,3,3,3,3,full_6d,850792180,,,nan,,False,,5.101367473602295,nan,nan,nan,nan,nan,nan,False,,,peb_only,False,42bc79485fd13871,,,,,,,adaptive_jones,True,fixed_anchor_then_adaptive_jones_score_selection,,nan,nan,nan,nan,True,,,nan,nan,,,,,[],nan,,,nan,nan,nan,nan,,nan,nan,nan,0.0012201386586936462,nan,nan,0.0012201386586936462,False,2d81d18bd4ebd93cb30153245eac7dedb296bdb9883caf62dadd0506edd2daa4,7.886759522643854,computed_unscaled,cpu,nan,nan,nan,,,,,,,,nan,nan,nan,nan,nan,nan,False,,
fig1,adaptive_jones_vp_proposed,21,4000820147,-5.0,snr_db,-5.0,3,3,3,3,full_6d,4000820147,,,nan,,False,,78.35147989541292,0.0003985250664870397,0.0003985250664870397,9.73785148854206e-06,0.00022533004227722535,2.2077844006964306e-12,1.0999797253280514,False,direct_vp,global_exact_spherical_vp,main_single_proposed,True,4cae6a006239e301,adaptive_jones,cupy,True,0,cupy,cupy.linalg.solve,fixed_pol_anchor,True,fixed_anchor_then_adaptive_jones_score_selection,fixed_pol_anchor,3.628835669145874,143.8310070160029,59.01631641375676,0.0,True,3,4,3096725.458075429,3100219.7654748894,"[3.628835669145874,143.8310070160029,29.589106556121536]","[0.2755704835297056,0.0069526037577203855,0.033796221527463664]","[2.07719756562115e-07,7.32019767689627e-10,1.2021874817077418e-09]",direct_vp,"[""poor_clock_consistency""]",3096008.5939906477,3096560,True,1615727.458041457,135.88651965132797,5.9403660900793165,0.1565698869415497,"[4.982307893362556,5.359950374873907,5.11322231366964]",135.2832798883319,72.23100666701794,208.8720370233059,nan,nan,nan,nan,False,,nan,,,nan,nan,nan,,,,,,,,0.0003985250664870397,9.73785148854206e-06,1.0999797253280514,nan,nan,nan,False,not_run,not_requested
fig1,PEB,21,4000820147,-5.0,snr_db,-5.0,3,3,3,3,full_6d,4000820147,,,nan,,False,,5.125215142965317,nan,nan,nan,nan,nan,nan,False,,,peb_only,False,434ab7c1297d05f1,,,,,,,adaptive_jones,True,fixed_anchor_then_adaptive_jones_score_selection,,nan,nan,nan,nan,True,,,nan,nan,,,,,[],nan,,,nan,nan,nan,nan,,nan,nan,nan,0.0008299829535644942,nan,nan,0.0008299829535644942,False,f7a047bb7013efbe33f31c7f789c22a5d5f4d1899bcaccc54b42258dbd7f4038,1.1001813187950489,computed_unscaled,cpu,nan,nan,nan,,,,,,,,nan,nan,nan,nan,nan,nan,False,,
fig1,adaptive_jones_vp_proposed,92,971995857,-10.0,snr_db,-10.0,3,3,3,3,full_6d,971995857,,,nan,,False,,538.5143712684512,0.00022284800360582743,0.00022284800360582743,1.807328763310231e-05,5.751539998612915e-05,5.571664566250775e-13,5.369682931937251,False,direct_vp,global_exact_spherical_vp,main_single_proposed,True,631c3c820a84fe75,adaptive_jones,cupy,True,0,cupy,cupy.linalg.solve,fixed_pol_anchor,True,fixed_anchor_then_adaptive_jones_score_selection,fixed_pol_anchor,13.96512517422831,283.75977075324727,112.46446608000724,0.0,True,3,4,3096725.458075429,3108319.3782208683,"[283.75977075324727,39.66850231254613,13.96512517422831]","[0.0035241077234511283,0.025208917444913395,0.07160694856007928]","[1.2111491684064547e-08,1.1412208610637171e-07,8.789802328371508e-08]",direct_vp,"[""poor_clock_consistency""]",3097912.871002427,3096560,True,834213.4414480643,80.15773664935567,2.890056433420602,0.4162220211074883,"[5.900018451111476,4.923319262826954,5.158434794193531]",135.25965724885464,531.7506292238832,668.1431017145514,nan,nan,nan,nan,False,,nan,,,nan,nan,nan,,,,,,,,0.00022284800360582743,1.807328763310231e-05,5.369682931937251,nan,nan,nan,False,not_run,not_requested
fig1,PEB,92,971995857,-10.0,snr_db,-10.0,3,3,3,3,full_6d,971995857,,,nan,,False,,5.330399997532368,nan,nan,nan,nan,nan,nan,False,,,peb_only,False,41949af945b17168,,,,,,,adaptive_jones,True,fixed_anchor_then_adaptive_jones_score_selection,,nan,nan,nan,nan,True,,,nan,nan,,,,,[],nan,,,nan,nan,nan,nan,,nan,nan,nan,0.0010085393080804643,nan,nan,0.0010085393080804643,False,414dc620a83beefed3505e1c54ca50570728cbcfef97d68ab55ee64715d67776,5.367365702982516,computed_unscaled,cpu,nan,nan,nan,,,,,,,,nan,nan,nan,nan,nan,nan,False,,
fig1,adaptive_jones_vp_proposed,93,3741086398,-10.0,snr_db,-10.0,3,3,3,3,full_6d,3741086398,,,nan,,False,,540.8164068460464,0.0005075331938014776,0.0005075331938014776,5.571665237097478e-05,4.8268727146578247e-05,2.6723491407425548e-12,1.4866759430743888,False,direct_vp,global_exact_spherical_vp,main_single_proposed,True,ebd02feab80b0ac2,adaptive_jones,cupy,True,0,cupy,cupy.linalg.solve,fixed_pol_anchor,True,fixed_anchor_then_adaptive_jones_score_selection,fixed_pol_anchor,14.762163911217694,82.8827922238405,48.82563536057384,0.0,True,3,4,3096725.458075429,3140704.2079276643,"[48.831949946663336,82.8827922238405,14.762163911217694]","[0.02047839582575378,0.012065230587507598,0.0677407462753711]","[4.324849877544835e-09,3.6047873938777305e-08,2.489192156439733e-07]",direct_vp,"[""poor_clock_consistency""]",3096831.3414205294,3096560,True,903493.1159271317,75.40548244113607,5.402915746066185,0.2345288410487908,"[5.272479070979395,4.699402176221019,4.951239725958021]",134.38171023130417,534.7645344361663,670.3393836766481,nan,nan,nan,nan,False,,nan,,,nan,nan,nan,,,,,,,,0.0005075331938014776,5.571665237097478e-05,1.4866759430743888,nan,nan,nan,False,not_run,not_requested
fig1,PEB,93,3741086398,-10.0,snr_db,-10.0,3,3,3,3,full_6d,3741086398,,,nan,,False,,4.9962823539972305,nan,nan,nan,nan,nan,nan,False,,,peb_only,False,e93c371e9b572ab9,,,,,,,adaptive_jones,True,fixed_anchor_then_adaptive_jones_score_selection,,nan,nan,nan,nan,True,,,nan,nan,,,,,[],nan,,,nan,nan,nan,nan,,nan,nan,nan,0.0009559987279309044,nan,nan,0.0009559987279309044,False,c0a81a3b83197cd9cfba67cbec7ea74e0bc1c6abbc0cc35f29e15ac8d0f81a14,1.4865533629577083,computed_unscaled,cpu,nan,nan,nan,,,,,,,,nan,nan,nan,nan,nan,nan,False,,
fig1,adaptive_jones_vp_proposed,22,3206710796,-5.0,snr_db,-5.0,3,3,3,3,full_6d,3206710796,,,nan,,False,,65.42803101986647,0.0003556160226233846,0.0003556160226233846,1.598185100523324e-05,0.00011506918466766299,1.90987482434789e-12,0.3387933904752475,False,direct_vp,global_exact_spherical_vp,main_single_proposed,True,9a585c54d4cd97e5,adaptive_jones,cupy,True,0,cupy,cupy.linalg.solve,fixed_pol_anchor,True,fixed_anchor_then_adaptive_jones_score_selection,fixed_pol_anchor,6.9552708637218394,22.305431950873206,12.348459511377177,0.0,True,3,4,3096725.458075429,3096915.0439008474,"[7.784675719536482,6.9552708637218394,22.305431950873206]","[0.12845750240855988,0.14377585281530417,0.04483212888143809]","[3.8995107990853587e-07,1.1948754104439138e-07,2.777985402151711e-07]",direct_vp,"[""poor_clock_consistency""]",3093207.355385573,3096560,True,1798176.899337257,85.42555504602085,7.720185144993614,0.1080783077708904,"[4.875599154615123,4.8277480198553535,5.0771660359434785]",139.54517974704504,58.56765620410442,199.48240792006254,nan,nan,nan,nan,False,,nan,,,nan,nan,nan,,,,,,,,0.0003556160226233846,1.598185100523324e-05,0.3387933904752475,nan,nan,nan,False,not_run,not_requested
fig1,PEB,22,3206710796,-5.0,snr_db,-5.0,3,3,3,3,full_6d,3206710796,,,nan,,False,,5.239312864840031,nan,nan,nan,nan,nan,nan,False,,,peb_only,False,87243f1073a7f266,,,,,,,adaptive_jones,True,fixed_anchor_then_adaptive_jones_score_selection,,nan,nan,nan,nan,True,,,nan,nan,,,,,[],nan,,,nan,nan,nan,nan,,nan,nan,nan,0.0007554398024572056,nan,nan,0.0007554398024572056,False,c84ba72aa3a760a0760b6b67e247dbffd03ad56315a9283ecceeafa1a6824f29,0.33916235200905503,computed_unscaled,cpu,nan,nan,nan,,,,,,,,nan,nan,nan,nan,nan,nan,False,,
fig1,adaptive_jones_vp_proposed,61,3445288900,-10.0,snr_db,-10.0,3,3,3,3,full_6d,3445288900,,,nan,,False,,1192.548643745482,0.0011560679005517608,0.0011560679005517608,3.988697077598527e-05,0.0004810655523608282,3.704378301480342e-12,5.671066131394046,False,direct_vp,global_exact_spherical_vp,main_single_proposed,True,2432ddd5040fd7e3,adaptive_jones,cupy,True,0,cupy,cupy.linalg.solve,fixed_pol_anchor,True,fixed_anchor_then_adaptive_jones_score_selection,fixed_pol_anchor,11.765117530564309,152.73886009035695,93.57625449589807,0.0,True,3,4,3096725.458075429,3148268.091604783,"[116.22478586677296,11.765117530564309,152.73886009035695]","[0.008604016711461725,0.08499702594473531,0.006547122318810571]","[2.7439524665976136e-06,1.615691281651681e-06,9.602602878352626e-09]",direct_vp,"[""low_assignment_margin"",""poor_clock_consistency""]",3096025.0929001155,3096560,True,566502.8332792879,108.77215408011273,0.062002211023310765,2.447468821086984,"[2.666352338101471,5.317834852159066,8.648561859180097]",142.16840827465057,999.418614551425,1142.751362286508,nan,nan,nan,nan,False,,nan,,,nan,nan,nan,,,,,,,,0.0011560679005517608,3.988697077598527e-05,5.671066131394046,nan,nan,nan,False,not_run,not_requested
fig1,PEB,61,3445288900,-10.0,snr_db,-10.0,3,3,3,3,full_6d,3445288900,,,nan,,False,,5.013064034283161,nan,nan,nan,nan,nan,nan,False,,,peb_only,False,04f996d0cfc79f03,,,,,,,adaptive_jones,True,fixed_anchor_then_adaptive_jones_score_selection,,nan,nan,nan,nan,True,,,nan,nan,,,,,[],nan,,,nan,nan,nan,nan,,nan,nan,nan,0.0013907142833705735,nan,nan,0.0013907142833705735,False,ce2b3681cf373b19e71cb19b884bc3b16d08555336684f81783906b12368ba1d,5.6720752416247295,computed_unscaled,cpu,nan,nan,nan,,,,,,,,nan,nan,nan,nan,nan,nan,False,,
fig1,adaptive_jones_vp_proposed,83,2856883752,-10.0,snr_db,-10.0,3,3,3,3,full_6d,2856883752,,,nan,,False,,756.9165861904621,0.0006647194524571112,0.0006647194524571112,6.464124238396935e-05,0.0005587058168388884,1.5677337095857966e-12,2.056904628932976,False,direct_vp,global_exact_spherical_vp,main_single_proposed,True,d9eaeca87a99e123,adaptive_jones,cupy,True,0,cupy,cupy.linalg.solve,fixed_pol_anchor,True,fixed_anchor_then_adaptive_jones_score_selection,fixed_pol_anchor,13.057119821463235,7759.503423873254,2605.105757365632,0.0,True,3,4,3096725.458075429,3151219.6501043504,"[42.756728402179505,7759.503423873254,13.057119821463235]","[0.02338813181754731,0.00012887422527114938,0.07658656837499088]","[5.855696304112117e-08,1.9632240524739892e-08,1.4270721412618666e-08]",direct_vp,"[""low_assignment_margin"",""poor_clock_consistency""]",3093013.2282265048,3096560,True,805882.2624685476,97.91847084656914,0.08674065989854758,47.04647727194987,"[4.936938832221243,104.71081863232644,4.883421296683077]",125.74322813004255,750.6034875586629,877.5672227367759,nan,nan,nan,nan,False,,nan,,,nan,nan,nan,,,,,,,,0.0006647194524571112,6.464124238396935e-05,2.056904628932976,nan,nan,nan,False,not_run,not_requested
fig1,PEB,83,2856883752,-10.0,snr_db,-10.0,3,3,3,3,full_6d,2856883752,,,nan,,False,,4.973672412335873,nan,nan,nan,nan,nan,nan,False,,,peb_only,False,90abc9f55c186f46,,,,,,,adaptive_jones,True,fixed_anchor_then_adaptive_jones_score_selection,,nan,nan,nan,nan,True,,,nan,nan,,,,,[],nan,,,nan,nan,nan,nan,,nan,nan,nan,0.0009942237159744995,nan,nan,0.0009942237159744995,False,700eea5a638faf3db61de2a763659338a112f897687c33a7cb33c68c29ad4a9e,2.0592739307147654,computed_unscaled,cpu,nan,nan,nan,,,,,,,,nan,nan,nan,nan,nan,nan,False,,
fig1,adaptive_jones_vp_proposed,23,2043173887,-5.0,snr_db,-5.0,3,3,3,3,full_6d,2043173887,,,nan,,False,,63.904330380260944,0.0009366319373925056,0.0009366319373925056,1.626728183365647e-05,7.03255610234055e-05,2.582167472806356e-13,1.0357436647024325,False,direct_vp,global_exact_spherical_vp,main_single_proposed,True,1c1d3fe11700c1a1,adaptive_jones,cupy,True,0,cupy,cupy.linalg.solve,fixed_pol_anchor,True,fixed_anchor_then_adaptive_jones_score_selection,fixed_pol_anchor,6.572011034121434,39.18980680870899,17.66110371979521,0.0,True,3,4,3096725.458075429,3097980.9620536664,"[39.18980680870899,6.572011034121434,7.221493316555211]","[0.025516839234292536,0.15216042620767006,0.1384755141572017]","[1.699692426139547e-07,5.205396552402977e-09,1.8800043448211332e-08]",direct_vp,"[""poor_clock_consistency""]",3096246.5468632174,3096560,True,2651762.3045523716,64.07560349465766,10.421158676847131,0.1205512251246537,"[5.1704232583540435,4.8824649249364,4.96981645601343]",141.94939087331295,57.98620977252722,201.17739211767912,nan,nan,nan,nan,False,,nan,,,nan,nan,nan,,,,,,,,0.0009366319373925056,1.626728183365647e-05,1.0357436647024325,nan,nan,nan,False,not_run,not_requested
fig1,PEB,23,2043173887,-5.0,snr_db,-5.0,3,3,3,3,full_6d,2043173887,,,nan,,False,,4.850380316376686,nan,nan,nan,nan,nan,nan,False,,,peb_only,False,9895c8288db573c1,,,,,,,adaptive_jones,True,fixed_anchor_then_adaptive_jones_score_selection,,nan,nan,nan,nan,True,,,nan,nan,,,,,[],nan,,,nan,nan,nan,nan,,nan,nan,nan,0.0006230569693857981,nan,nan,0.0006230569693857981,False,7093cfec76f40175c6c7c58aa1b5153ce86056a79427b6463226f28ede4d41bd,1.0358538720112092,computed_unscaled,cpu,nan,nan,nan,,,,,,,,nan,nan,nan,nan,nan,nan,False,,
fig1,adaptive_jones_vp_proposed,26,890721611,-5.0,snr_db,-5.0,3,3,3,3,full_6d,890721611,,,nan,,False,,63.612455904483795,0.0009773382635344524,0.0009773382635344524,8.361376816890677e-06,6.713611979129554e-05,5.609497714651903e-13,1.5072659799372825,False,direct_vp,global_exact_spherical_vp,main_single_proposed,True,91dd736815373b36,adaptive_jones,cupy,True,0,cupy,cupy.linalg.solve,fixed_pol_anchor,True,fixed_anchor_then_adaptive_jones_score_selection,fixed_pol_anchor,6.1747258293128295,31.270468924279008,15.19030260341772,0.0,True,3,4,3096725.458075429,3096818.44859594,"[6.1747258293128295,31.270468924279008,8.125713056661324]","[0.16195051045774334,0.031979053540585375,0.12306612269209911]","[9.211811045966597e-08,6.98074107543345e-09,5.016071799339985e-07]",direct_vp,[],3096424.127474603,3096560,True,2432390.0607841653,86.6089497350643,10.177571395325653,0.08754826571454111,"[5.076631641495067,5.083211771474079,4.894291237136456]",137.06884091347456,57.03913163393736,195.4877738878131,nan,nan,nan,nan,False,,nan,,,nan,nan,nan,,,,,,,,0.0009773382635344524,8.361376816890677e-06,1.5072659799372825,nan,nan,nan,False,not_run,not_requested
fig1,PEB,26,890721611,-5.0,snr_db,-5.0,3,3,3,3,full_6d,890721611,,,nan,,False,,4.97998370975256,nan,nan,nan,nan,nan,nan,False,,,peb_only,False,70888c8ac0f88264,,,,,,,adaptive_jones,True,fixed_anchor_then_adaptive_jones_score_selection,,nan,nan,nan,nan,True,,,nan,nan,,,,,[],nan,,,nan,nan,nan,nan,,nan,nan,nan,0.0006547161925826777,nan,nan,0.0006547161925826777,False,c294e93a3e036e5c5731d344dd8b7b3046868b56987f9fb6b7f233813953d55d,1.5073399078881684,computed_unscaled,cpu,nan,nan,nan,,,,,,,,nan,nan,nan,nan,nan,nan,False,,
fig1,adaptive_jones_vp_proposed,25,3407116044,-5.0,snr_db,-5.0,3,3,3,3,full_6d,3407116044,,,nan,,False,,76.09305365383625,0.0005706419256227278,0.0005706419256227278,2.231929369154759e-05,0.00010670640045345591,1.2491032591901271e-12,0.6468084395023204,False,direct_vp,global_exact_spherical_vp,main_single_proposed,True,adca94605304f67c,adaptive_jones,cupy,True,0,cupy,cupy.linalg.solve,fixed_pol_anchor,True,fixed_anchor_then_adaptive_jones_score_selection,fixed_pol_anchor,6.711895035630134,24.184752771111196,12.940675150984909,0.0,True,3,4,3096725.458075429,3096747.43669739,"[6.711895035630134,7.925377646213396,24.184752771111196]","[0.14898921909308507,0.1261769526490459,0.04134836561861902]","[8.166822644197453e-08,3.040939725921399e-08,2.2778878568070907e-08]",direct_vp,[],3097031.4690166637,3096560,True,1745792.7567479867,83.05317246837309,9.238550689600594,0.08987925379749809,"[5.134518027400657,4.973504079543417,4.92397973943212]",137.14467727392912,69.60642543435097,208.0020734295249,nan,nan,nan,nan,False,,nan,,,nan,nan,nan,,,,,,,,0.0005706419256227278,2.231929369154759e-05,0.6468084395023204,nan,nan,nan,False,not_run,not_requested
fig1,PEB,25,3407116044,-5.0,snr_db,-5.0,3,3,3,3,full_6d,3407116044,,,nan,,False,,5.105798207223415,nan,nan,nan,nan,nan,nan,False,,,peb_only,False,61e4d6b1d057ec5b,,,,,,,adaptive_jones,True,fixed_anchor_then_adaptive_jones_score_selection,,nan,nan,nan,nan,True,,,nan,nan,,,,,[],nan,,,nan,nan,nan,nan,,nan,nan,nan,0.0007662781632850238,nan,nan,0.0007662781632850238,False,b8c0aecbc648c84bc393cf0ea8f798ce1d40daafad542474a8d407dec27d44d6,0.6467133157662985,computed_unscaled,cpu,nan,nan,nan,,,,,,,,nan,nan,nan,nan,nan,nan,False,,
fig1,adaptive_jones_vp_proposed,28,4133035554,-5.0,snr_db,-5.0,3,3,3,3,full_6d,4133035554,,,nan,,False,,64.75696691125631,0.0004384419049722449,0.0004384419049722449,9.251620964121325e-06,0.00016820162516508556,4.3298840042100514e-13,1.120321703760013,False,direct_vp,global_exact_spherical_vp,main_single_proposed,True,69516b28dbe730a3,adaptive_jones,cupy,True,0,cupy,cupy.linalg.solve,fixed_pol_anchor,True,fixed_anchor_then_adaptive_jones_score_selection,fixed_pol_anchor,5.805848452908298,46.303293272320374,20.09200158925232,0.0,True,3,4,3096725.458075429,3105781.0997959664,"[5.805848452908298,8.16686304252829,46.303293272320374]","[0.1722401141030935,0.12244603525055,0.021596735983172202]","[8.515664843236242e-08,1.833847057392436e-08,1.0435813739496827e-07]",direct_vp,[],3100563.1111179427,3096560,True,1620088.65368839,89.01928691104385,8.321529691010063,0.052469513820779946,"[4.935855413115454,4.878294847345535,4.8075572403119695]",145.0115965232253,58.0240702778101,204.2931973412633,nan,nan,nan,nan,False,,nan,,,nan,nan,nan,,,,,,,,0.0004384419049722449,9.251620964121325e-06,1.120321703760013,nan,nan,nan,False,not_run,not_requested
fig1,PEB,28,4133035554,-5.0,snr_db,-5.0,3,3,3,3,full_6d,4133035554,,,nan,,False,,5.645647093653679,nan,nan,nan,nan,nan,nan,False,,,peb_only,False,9faed64bc53578b6,,,,,,,adaptive_jones,True,fixed_anchor_then_adaptive_jones_score_selection,,nan,nan,nan,nan,True,,,nan,nan,,,,,[],nan,,,nan,nan,nan,nan,,nan,nan,nan,0.0007964975677907675,nan,nan,0.0007964975677907675,False,b0d6ccdf5e943bdc30a995d28f082c1063f363c2aa22897f8408d6a89636af3a,1.118881047027461,computed_unscaled,cpu,nan,nan,nan,,,,,,,,nan,nan,nan,nan,nan,nan,False,,
fig1,adaptive_jones_vp_proposed,27,4133001221,-5.0,snr_db,-5.0,3,3,3,3,full_6d,4133001221,,,nan,,False,,76.10169755667448,0.0005096014561876785,0.0005096014561876785,8.457810610559388e-06,0.00011637455039522307,2.744083453554782e-13,0.7394094480535678,False,direct_vp,global_exact_spherical_vp,main_single_proposed,True,3bf9ba4cb673839b,adaptive_jones,cupy,True,0,cupy,cupy.linalg.solve,fixed_pol_anchor,True,fixed_anchor_then_adaptive_jones_score_selection,fixed_pol_anchor,3.928060408048027,350.01985719748063,123.79173720068071,0.0,True,3,4,3096725.458075429,3112566.73346511,"[17.42729399651349,3.928060408048027,350.01985719748063]","[0.05738125495459209,0.2545785696032619,0.00285698076576776]","[1.6445006844890392e-06,1.7531415784967862e-08,3.347205202790137e-09]",direct_vp,"[""poor_clock_consistency""]",3096104.7879611705,3096560,True,1438971.9116036945,100.57599444524195,2.587864969182184,0.37124152322678927,"[5.583648093103876,4.953761890378303,5.836704760461842]",148.9937244132161,69.79973269999027,220.08695463091135,nan,nan,nan,nan,False,,nan,,,nan,nan,nan,,,,,,,,0.0005096014561876785,8.457810610559388e-06,0.7394094480535678,nan,nan,nan,False,not_run,not_requested
fig1,PEB,27,4133001221,-5.0,snr_db,-5.0,3,3,3,3,full_6d,4133001221,,,nan,,False,,5.075436390936375,nan,nan,nan,nan,nan,nan,False,,,peb_only,False,c988de271546b0ca,,,,,,,adaptive_jones,True,fixed_anchor_then_adaptive_jones_score_selection,,nan,nan,nan,nan,True,,,nan,nan,,,,,[],nan,,,nan,nan,nan,nan,,nan,nan,nan,0.0008517942627198783,nan,nan,0.0008517942627198783,False,4db56e3e555632d19d051acf26a881417468b8ad38e08366b65041ee29b29feb,0.7395219825630268,computed_unscaled,cpu,nan,nan,nan,,,,,,,,nan,nan,nan,nan,nan,nan,False,,
fig1,adaptive_jones_vp_proposed,30,635628036,-5.0,snr_db,-5.0,3,3,3,3,full_6d,635628036,,,nan,,False,,65.69027087837458,0.0012683224012725333,0.0012683224012725333,2.121364934571608e-05,0.00010684881540549752,3.3850275897081655e-13,1.2196209811754413,False,direct_vp,global_exact_spherical_vp,main_single_proposed,True,98282b2f05a8e8ce,adaptive_jones,cupy,True,0,cupy,cupy.linalg.solve,fixed_pol_anchor,True,fixed_anchor_then_adaptive_jones_score_selection,fixed_pol_anchor,8.474064196416448,10.352328532452496,9.547131902589255,0.0,True,3,4,3096725.458075429,3100385.309328846,"[10.352328532452496,9.815002978898816,8.474064196416448]","[0.09659662527660767,0.10188483917326115,0.1180071305589602]","[7.982133422870989e-08,3.1224037064594714e-09,5.6324404729941586e-08]",direct_vp,"[""poor_clock_consistency""]",3098435.4072331684,3096560,True,2589578.635777045,70.70741816602852,14.286049835433856,0.11306770889413008,"[5.08121276215551,5.217583839317691,4.940636288960572]",136.8011513054371,59.123717956244946,197.18974278122187,nan,nan,nan,nan,False,,nan,,,nan,nan,nan,,,,,,,,0.0012683224012725333,2.121364934571608e-05,1.2196209811754413,nan,nan,nan,False,not_run,not_requested
fig1,PEB,30,635628036,-5.0,snr_db,-5.0,3,3,3,3,full_6d,635628036,,,nan,,False,,5.039334662258625,nan,nan,nan,nan,nan,nan,False,,,peb_only,False,c3ee24117ba89d28,,,,,,,adaptive_jones,True,fixed_anchor_then_adaptive_jones_score_selection,,nan,nan,nan,nan,True,,,nan,nan,,,,,[],nan,,,nan,nan,nan,nan,,nan,nan,nan,0.0006311516352296262,nan,nan,0.0006311516352296262,False,5590d75cc6f366b617653df89fa7a75298a3f157b3c5c00e92e68278a75325fa,1.2188890723969568,computed_unscaled,cpu,nan,nan,nan,,,,,,,,nan,nan,nan,nan,nan,nan,False,,
fig1,adaptive_jones_vp_proposed,32,2857393641,-5.0,snr_db,-5.0,3,3,3,3,full_6d,2857393641,,,nan,,False,,65.40476007759571,0.0011907557292248482,0.0011907557292248482,2.7353606401262914e-05,8.049220922032143e-05,1.0172465641523857e-13,0.5711765089772639,False,direct_vp,global_exact_spherical_vp,main_single_proposed,True,29d1092233c32e9a,adaptive_jones,cupy,True,0,cupy,cupy.linalg.solve,fixed_pol_anchor,True,fixed_anchor_then_adaptive_jones_score_selection,fixed_pol_anchor,6.746385764428486,14.303807872718126,10.404770774800914,0.0,True,3,4,3096725.458075429,3097236.543029938,"[6.746385764428486,14.303807872718126,10.164118687256126]","[0.14822751542995521,0.06991145357125578,0.09838531315495615]","[7.243215097871668e-08,2.3208054822638477e-08,8.962491407071867e-07]",direct_vp,[],3094783.915863718,3096560,True,2458366.9950334486,73.73214694186936,11.891189484477291,0.07980084181449433,"[5.149778728084136,4.95433361640943,5.054829407939111]",147.62497054040432,59.09488586336374,208.14030620455742,nan,nan,nan,nan,False,,nan,,,nan,nan,nan,,,,,,,,0.0011907557292248482,2.7353606401262914e-05,0.5711765089772639,nan,nan,nan,False,not_run,not_requested
fig1,PEB,32,2857393641,-5.0,snr_db,-5.0,3,3,3,3,full_6d,2857393641,,,nan,,False,,4.952553935348988,nan,nan,nan,nan,nan,nan,False,,,peb_only,False,8e9e5a9db1024833,,,,,,,adaptive_jones,True,fixed_anchor_then_adaptive_jones_score_selection,,nan,nan,nan,nan,True,,,nan,nan,,,,,[],nan,,,nan,nan,nan,nan,,nan,nan,nan,0.0006490955283389941,nan,nan,0.0006490955283389941,False,73ca4065ba0c89751d2f0dc2de518337698a325ed5053ee6dc1f366512a9f819,0.5715072578723671,computed_unscaled,cpu,nan,nan,nan,,,,,,,,nan,nan,nan,nan,nan,nan,False,,
fig1,adaptive_jones_vp_proposed,81,3893654042,-10.0,snr_db,-10.0,3,3,3,3,full_6d,3893654042,,,nan,,False,,935.1008195728064,0.0027320216162138706,0.0027320216162138706,7.269717431715305e-05,0.0024449174521728005,6.338586112794216e-12,6.726585859843629,False,direct_vp,global_exact_spherical_vp,main_single_proposed,True,3d4cd206cc716012,adaptive_jones,cupy,True,0,cupy,cupy.linalg.solve,fixed_pol_anchor,True,fixed_anchor_then_adaptive_jones_score_selection,fixed_pol_anchor,10.531554231293635,747.1055941805037,344.3117295168042,0.0,True,3,4,3096725.458075429,3127417.3480780483,"[275.2980401386151,747.1055941805037,10.531554231293635]","[0.0036324268753282546,0.001338498877591446,0.09495274657733346]","[3.020541695413411e-06,1.2131037848175464e-09,0.00017781214316305507]",direct_vp,"[""low_assignment_margin"",""poor_clock_consistency""]",3093708.979919384,3096560,True,345363.0924851198,214.5142807063284,0.05944698648970692,2.4255247271520206,"[9.212594504364274,3.881826738912896,4.275327662013491]",141.24266478419304,713.0420450344682,855.4257663041353,nan,nan,nan,nan,False,,nan,,,nan,nan,nan,,,,,,,,0.0027320216162138706,7.269717431715305e-05,6.726585859843629,nan,nan,nan,False,not_run,not_requested
fig1,PEB,81,3893654042,-10.0,snr_db,-10.0,3,3,3,3,full_6d,3893654042,,,nan,,False,,4.824790365993977,nan,nan,nan,nan,nan,nan,False,,,peb_only,False,147b38ac5d831c09,,,,,,,adaptive_jones,True,fixed_anchor_then_adaptive_jones_score_selection,,nan,nan,nan,nan,True,,,nan,nan,,,,,[],nan,,,nan,nan,nan,nan,,nan,nan,nan,0.001374356952884877,nan,nan,0.001374356952884877,False,7fdbdc32913dce5e44795d5b9a7446df6f3ff25cfdfe20eb33bdaf98d154febf,6.732819560834685,computed_unscaled,cpu,nan,nan,nan,,,,,,,,nan,nan,nan,nan,nan,nan,False,,
fig1,adaptive_jones_vp_proposed,34,1995992425,-5.0,snr_db,-5.0,3,3,3,3,full_6d,1995992425,,,nan,,False,,66.65143544226885,0.00037211883832886965,0.00037211883832886965,1.368816569949933e-05,0.0003124229901250729,2.96225840998213e-12,2.4169271743776553,False,direct_vp,global_exact_spherical_vp,main_single_proposed,True,84953b9aaf1d81a7,adaptive_jones,cupy,True,0,cupy,cupy.linalg.solve,fixed_pol_anchor,True,fixed_anchor_then_adaptive_jones_score_selection,fixed_pol_anchor,4.714679706605881,37.029695578907194,18.34673870519538,0.0,True,3,4,3096725.458075429,3098941.3607152626,"[37.029695578907194,4.714679706605881,13.295840830073068]","[0.02700535298304178,0.21210348575623386,0.07521149002663027]","[1.506454373632678e-07,2.6284632793169125e-08,2.0042506885537549e-07]",direct_vp,[],3099047.246691938,3096560,True,2123185.4711728925,76.69931474392955,8.546063951433823,0.07725773325644973,"[5.137818821882218,5.007168193608902,4.9539303681763736]",136.2512595579028,60.10676693916321,197.6230081692338,nan,nan,nan,nan,False,,nan,,,nan,nan,nan,,,,,,,,0.00037211883832886965,1.368816569949933e-05,2.4169271743776553,nan,nan,nan,False,not_run,not_requested
fig1,PEB,34,1995992425,-5.0,snr_db,-5.0,3,3,3,3,full_6d,1995992425,,,nan,,False,,5.204743608832359,nan,nan,nan,nan,nan,nan,False,,,peb_only,False,5abe53b33ca4efbe,,,,,,,adaptive_jones,True,fixed_anchor_then_adaptive_jones_score_selection,,nan,nan,nan,nan,True,,,nan,nan,,,,,[],nan,,,nan,nan,nan,nan,,nan,nan,nan,0.0007105621677742123,nan,nan,0.0007105621677742123,False,08ae9de45575216533d6edee2ff062b3deef6ce05030f7f9832ee4fff1bbeb0e,2.4149998648502797,computed_unscaled,cpu,nan,nan,nan,,,,,,,,nan,nan,nan,nan,nan,nan,False,,
fig1,adaptive_jones_vp_proposed,35,714029656,-5.0,snr_db,-5.0,3,3,3,3,full_6d,714029656,,,nan,,False,,65.69303021579981,0.0009370312957293647,0.0009370312957293647,2.3933964461935736e-05,0.0002799440561539023,3.64970305722096e-12,0.6076319194381352,False,direct_vp,global_exact_spherical_vp,main_single_proposed,True,50f1920f961ac637,adaptive_jones,cupy,True,0,cupy,cupy.linalg.solve,fixed_pol_anchor,True,fixed_anchor_then_adaptive_jones_score_selection,fixed_pol_anchor,4.262759893135421,85.26973523407896,34.654715166295354,0.0,True,3,4,3096725.458075429,3097820.0493641878,"[85.26973523407896,4.262759893135421,14.431650371671674]","[0.011727490382954415,0.2345898021622324,0.06929214429615747]","[6.8809002754837135e-09,3.4790783350668845e-08,2.2106825430059894e-08]",direct_vp,[],3096779.266949008,3096560,True,2350801.4068413638,80.97957399415985,6.094678855612624,0.08804119885591127,"[5.040715911144978,5.045202430131359,4.85623600525027]",138.76648239046335,59.43100203573704,199.38315139710903,nan,nan,nan,nan,False,,nan,,,nan,nan,nan,,,,,,,,0.0009370312957293647,2.3933964461935736e-05,0.6076319194381352,nan,nan,nan,False,not_run,not_requested
fig1,PEB,35,714029656,-5.0,snr_db,-5.0,3,3,3,3,full_6d,714029656,,,nan,,False,,5.03232879191637,nan,nan,nan,nan,nan,nan,False,,,peb_only,False,d61f714a106a3dbb,,,,,,,adaptive_jones,True,fixed_anchor_then_adaptive_jones_score_selection,,nan,nan,nan,nan,True,,,nan,nan,,,,,[],nan,,,nan,nan,nan,nan,,nan,nan,nan,0.0006810539706044853,nan,nan,0.0006810539706044853,False,5d8c0ccf801b5347ce0be3d5af96b3f2d9a4ebabf39c0be2596e7a64087c3f22,0.6075920355859982,computed_unscaled,cpu,nan,nan,nan,,,,,,,,nan,nan,nan,nan,nan,nan,False,,
fig1,adaptive_jones_vp_proposed,38,445142407,-5.0,snr_db,-5.0,3,3,3,3,full_6d,445142407,,,nan,,False,,85.52452206611633,0.0014735063102826983,0.0014735063102826983,2.1916787000048004e-05,0.0004243084413066147,5.066922959943152e-12,2.243230012444246,False,direct_vp,global_exact_spherical_vp,main_single_proposed,True,17c75983cea6f23e,adaptive_jones,cupy,True,0,cupy,cupy.linalg.solve,fixed_pol_anchor,True,fixed_anchor_then_adaptive_jones_score_selection,fixed_pol_anchor,3.652335675994941,50.965008652339264,32.80218906095045,0.0,True,3,4,3096725.458075429,3104331.948209267,"[3.652335675994941,50.965008652339264,43.78922285451715]","[0.27379739670941816,0.01962130540917971,0.02283666927085129]","[4.963645203642566e-07,1.8566091143028387e-08,9.938742662257757e-10]",direct_vp,"[""poor_clock_consistency""]",3095402.6922244392,3096560,True,1494471.9017752907,121.95608849098538,6.045739201524759,0.18925833252494675,"[5.016992804288123,4.678795855238727,4.5733012823718076]",140.63726208359003,79.10254723578691,220.99872767180204,nan,nan,nan,nan,False,,nan,,,nan,nan,nan,,,,,,,,0.0014735063102826983,2.1916787000048004e-05,2.243230012444246,nan,nan,nan,False,not_run,not_requested
fig1,PEB,38,445142407,-5.0,snr_db,-5.0,3,3,3,3,full_6d,445142407,,,nan,,False,,4.823371022939682,nan,nan,nan,nan,nan,nan,False,,,peb_only,False,dbf7e9e641f95cce,,,,,,,adaptive_jones,True,fixed_anchor_then_adaptive_jones_score_selection,,nan,nan,nan,nan,True,,,nan,nan,,,,,[],nan,,,nan,nan,nan,nan,,nan,nan,nan,0.0008543418775314503,nan,nan,0.0008543418775314503,False,188df01b21e845096046e025598027817a0fefeca6c3a9da8733d6021c9aadff,2.244080305436038,computed_unscaled,cpu,nan,nan,nan,,,,,,,,nan,nan,nan,nan,nan,nan,False,,
fig1,adaptive_jones_vp_proposed,9,3933360494,-5.0,snr_db,-5.0,3,3,3,3,full_6d,3933360494,,,nan,,False,,579.2901994213462,0.00017839393781239648,0.00017839393781239648,1.6119959460016475e-05,4.519379543412142e-05,6.597980903691361e-13,0.37669894444263746,False,direct_vp,global_exact_spherical_vp,main_single_proposed,True,6353fd839e2667fd,adaptive_jones,cupy,True,0,cupy,cupy.linalg.solve,fixed_pol_anchor,True,fixed_anchor_then_adaptive_jones_score_selection,fixed_pol_anchor,7.042957586034406,11.898696013638942,10.015884510105705,0.0,True,3,4,3096725.458075429,3149895.02412522,"[7.042957586034406,11.898696013638942,11.105999930643769]","[0.14198580465341337,0.084042822746446,0.09004141961406693]","[8.405343706318838e-08,5.358266170971564e-08,1.1211157835562426e-06]",direct_vp,"[""poor_clock_consistency""]",3096586.5734942365,3096560,True,2276658.1494991607,77.0478022112547,9.71756052559554,0.1037009722721495,"[5.170911141360764,4.942237975423017,4.960793820188135]",114.29820639640093,573.2024478465319,688.7450765296817,nan,nan,nan,nan,False,,nan,,,nan,nan,nan,,,,,,,,0.00017839393781239648,1.6119959460016475e-05,0.37669894444263746,nan,nan,nan,False,not_run,not_requested
fig1,PEB,9,3933360494,-5.0,snr_db,-5.0,3,3,3,3,full_6d,3933360494,,,nan,,False,,4.716477453708649,nan,nan,nan,nan,nan,nan,False,,,peb_only,False,9cca1e7b55e54726,,,,,,,adaptive_jones,True,fixed_anchor_then_adaptive_jones_score_selection,,nan,nan,nan,nan,True,,,nan,nan,,,,,[],nan,,,nan,nan,nan,nan,,nan,nan,nan,0.0006765671232655503,nan,nan,0.0006765671232655503,False,2f009590b628473d7acf259cec76359e96ba2256fe333ef7c1514fe7022a67d5,0.376697658179837,computed_unscaled,cpu,nan,nan,nan,,,,,,,,nan,nan,nan,nan,nan,nan,False,,
fig1,adaptive_jones_vp_proposed,40,1007248754,-5.0,snr_db,-5.0,3,3,3,3,full_6d,1007248754,,,nan,,False,,52.35134515166283,0.0007072485809219948,0.0007072485809219948,1.2505395027537021e-05,0.0001730016842553742,4.306445849472601e-14,0.9296618981549027,False,direct_vp,global_exact_spherical_vp,main_single_proposed,True,746c6ae8ea2eac90,adaptive_jones,cupy,True,0,cupy,cupy.linalg.solve,fixed_pol_anchor,True,fixed_anchor_then_adaptive_jones_score_selection,fixed_pol_anchor,4.310369410234791,29.478909904655616,18.01902109488769,0.0,True,3,4,3096725.458075429,3097973.387474308,"[4.310369410234791,20.267783969772665,29.478909904655616]","[0.23199867687006864,0.049339385177537436,0.03392255694680863]","[4.572718368941667e-07,7.688121521205478e-09,5.875232109510164e-08]",direct_vp,"[""poor_clock_consistency""]",3096552.17176766,3096560,True,1604002.5113121697,101.68194839087468,6.778037530454053,0.10240431438593373,"[5.050986345996559,5.002441535134636,4.813588514523504]",152.1109179109335,46.0858329385519,199.55673238635063,nan,nan,nan,nan,False,,nan,,,nan,nan,nan,,,,,,,,0.0007072485809219948,1.2505395027537021e-05,0.9296618981549027,nan,nan,nan,False,not_run,not_requested
fig1,PEB,40,1007248754,-5.0,snr_db,-5.0,3,3,3,3,full_6d,1007248754,,,nan,,False,,4.9005188420414925,nan,nan,nan,nan,nan,nan,False,,,peb_only,False,e2f3c8a779647787,,,,,,,adaptive_jones,True,fixed_anchor_then_adaptive_jones_score_selection,,nan,nan,nan,nan,True,,,nan,nan,,,,,[],nan,,,nan,nan,nan,nan,,nan,nan,nan,0.0008071994052864888,nan,nan,0.0008071994052864888,False,8bb652b717ff684281335ff9a69fbed705a14cc366cf654f3e53c1ef0c7a4d23,0.9296690519822817,computed_unscaled,cpu,nan,nan,nan,,,,,,,,nan,nan,nan,nan,nan,nan,False,,
fig1,adaptive_jones_vp_proposed,41,4278604885,-5.0,snr_db,-5.0,3,3,3,3,full_6d,4278604885,,,,,True,"OutOfMemoryError: Out of memory allocating 24,772,608 bytes (allocated so far: 0 bytes).",nan,nan,nan,nan,nan,nan,nan,,,,,,,,,,,,,,,,,nan,nan,nan,nan,,,,,,,,,,,nan,,,nan,nan,nan,nan,,nan,nan,nan,nan,nan,nan,nan,,,,,,nan,nan,nan,,,,,,,,,,,,,,,,
fig1,PEB,41,4278604885,-5.0,snr_db,-5.0,3,3,3,3,full_6d,4278604885,,,nan,,False,,4.615001879632473,nan,nan,nan,nan,nan,nan,False,,,peb_only,False,2c384f3af6aa9910,,,,,,,adaptive_jones,True,fixed_anchor_then_adaptive_jones_score_selection,,nan,nan,nan,nan,True,,,nan,nan,,,,,[],nan,,,nan,nan,nan,nan,,nan,nan,nan,0.0008620604387780249,nan,nan,0.0008620604387780249,False,3ffbd47003275298d380fa4fdbe537af868b54f1a66ff07176dee6a601458b33,0.900917976838337,computed_unscaled,cpu,nan,nan,nan,,,,,,,,nan,nan,nan,nan,nan,nan,False,,
fig1,adaptive_jones_vp_proposed,39,1925729663,-5.0,snr_db,-5.0,3,3,3,3,full_6d,1925729663,,,nan,,False,,62.35132396221161,0.00040993179277031634,0.00040993179277031634,2.3669089902553595e-05,6.81746933223391e-05,5.511225114450005e-13,0.2808412813984935,False,direct_vp,global_exact_spherical_vp,main_single_proposed,True,c47ad0afbb96ed19,adaptive_jones,cupy,True,0,cupy,cupy.linalg.solve,fixed_pol_anchor,True,fixed_anchor_then_adaptive_jones_score_selection,fixed_pol_anchor,4.303402626474722,65.82960243939563,28.144727301148833,0.0,True,3,4,3096725.458075429,3120832.3088550596,"[14.301176837576147,65.82960243939563,4.303402626474722]","[0.06992431541425405,0.01519073430307885,0.23237425981098137]","[2.217556298382545e-07,9.949524182795916e-09,9.379992707615711e-07]",direct_vp,"[""poor_clock_consistency""]",3096020.38630727,3096560,True,2622579.732890668,90.03002772185141,6.921450639362417,0.21501650330521682,"[4.915363736922603,5.413562126242496,5.016499392896464]",150.16961839795113,56.44343242049217,207.90000933408737,nan,nan,nan,nan,False,,nan,,,nan,nan,nan,,,,,,,,0.00040993179277031634,2.3669089902553595e-05,0.2808412813984935,nan,nan,nan,False,not_run,not_requested
fig1,PEB,39,1925729663,-5.0,snr_db,-5.0,3,3,3,3,full_6d,1925729663,,,nan,,False,,4.931838788092136,nan,nan,nan,nan,nan,nan,False,,,peb_only,False,ed4e00c0a1901700,,,,,,,adaptive_jones,True,fixed_anchor_then_adaptive_jones_score_selection,,nan,nan,nan,nan,True,,,nan,nan,,,,,[],nan,,,nan,nan,nan,nan,,nan,nan,nan,0.0005801159563383586,nan,nan,0.0005801159563383586,False,96864a0d945e4bbb9c67c4c5c4b209be5179ce0b5fab7e2f47325b1eaa6bc2cc,0.28089168134486303,computed_unscaled,cpu,nan,nan,nan,,,,,,,,nan,nan,nan,nan,nan,nan,False,,
fig1,adaptive_jones_vp_proposed,42,1970772956,-5.0,snr_db,-5.0,3,3,3,3,full_6d,1970772956,,,nan,,False,,64.89376253634691,0.00016414502202504228,0.00016414502202504228,5.8214465229352166e-06,3.643851140166518e-05,4.725267295071106e-13,0.5438407441595176,False,direct_vp,global_exact_spherical_vp,main_single_proposed,True,5d17da1e09b4d7a7,adaptive_jones,cupy,True,0,cupy,cupy.linalg.solve,fixed_pol_anchor,True,fixed_anchor_then_adaptive_jones_score_selection,fixed_pol_anchor,5.648947348851625,33.01116653161619,15.93420295122967,0.0,True,3,4,3096725.458075429,3097660.468995381,"[33.01116653161619,9.142494973221194,5.648947348851625]","[0.03029277983888411,0.10937933276637345,0.17702413179645607]","[1.1480438174239684e-07,3.661389739274774e-08,1.1955015664749985e-07]",direct_vp,"[""poor_clock_consistency""]",3097092.7227825737,3096560,True,2711217.023178398,72.51622509342309,8.202861662539515,0.13252349825621207,"[5.244512164984186,4.92714583409856,5.026751862081642]",147.14766508340836,58.89178363233805,207.17369248718023,nan,nan,nan,nan,False,,nan,,,nan,nan,nan,,,,,,,,0.00016414502202504228,5.8214465229352166e-06,0.5438407441595176,nan,nan,nan,False,not_run,not_requested
fig1,PEB,42,1970772956,-5.0,snr_db,-5.0,3,3,3,3,full_6d,1970772956,,,nan,,False,,5.113499842584133,nan,nan,nan,nan,nan,nan,False,,,peb_only,False,3b4bdbf9aed6ded0,,,,,,,adaptive_jones,True,fixed_anchor_then_adaptive_jones_score_selection,,nan,nan,nan,nan,True,,,nan,nan,,,,,[],nan,,,nan,nan,nan,nan,,nan,nan,nan,0.0006017182000802888,nan,nan,0.0006017182000802888,False,4af21c66cd27ed283a830009c130c6232a0ae08038b9a036394b8e1c4ae43a65,0.5437500090967499,computed_unscaled,cpu,nan,nan,nan,,,,,,,,nan,nan,nan,nan,nan,nan,False,,
fig1,adaptive_jones_vp_proposed,11,3685333214,-5.0,snr_db,-5.0,3,3,3,3,full_6d,3685333214,,,nan,,False,,557.6189668998122,5.665828328668022e-05,5.665828328668022e-05,8.174940096283892e-06,2.4321631512244323e-05,1.0035017560886062e-12,0.9054006288681147,False,direct_vp,global_exact_spherical_vp,main_single_proposed,True,5c08afab2dcf6cb7,adaptive_jones,cupy,True,0,cupy,cupy.linalg.solve,fixed_pol_anchor,True,fixed_anchor_then_adaptive_jones_score_selection,fixed_pol_anchor,3.820948785108895,101.73701886357752,42.58748137215399,0.0,True,3,4,3096725.458075429,3317114.6959814434,"[101.73701886357752,3.820948785108895,22.204476467775546]","[0.009829263832068792,0.2617151017290277,0.04503596387102641]","[4.527825776134252e-09,5.3077725183991487e-08,1.751823819608589e-07]",direct_vp,"[""poor_clock_consistency""]",3091929.0257142135,3096560,True,1900341.338730834,91.89677475473745,4.066057950521142,0.5087481105838286,"[6.051062464901391,4.936837992907814,5.0106400287124835]",141.64931046962738,551.2918777093291,694.2187813073397,nan,nan,nan,nan,False,,nan,,,nan,nan,nan,,,,,,,,5.665828328668022e-05,8.174940096283892e-06,0.9054006288681147,nan,nan,nan,False,not_run,not_requested
fig1,PEB,11,3685333214,-5.0,snr_db,-5.0,3,3,3,3,full_6d,3685333214,,,nan,,False,,4.719209536910057,nan,nan,nan,nan,nan,nan,False,,,peb_only,False,e03f814032ff7ed2,,,,,,,adaptive_jones,True,fixed_anchor_then_adaptive_jones_score_selection,,nan,nan,nan,nan,True,,,nan,nan,,,,,[],nan,,,nan,nan,nan,nan,,nan,nan,nan,0.0007659881411150172,nan,nan,0.0007659881411150172,False,e9ccda1e403051d390ee49d3f08d80b8c395469b47c082ff498964bcdaeda690,0.9067613889003451,computed_unscaled,cpu,nan,nan,nan,,,,,,,,nan,nan,nan,nan,nan,nan,False,,
fig1,adaptive_jones_vp_proposed,43,409305243,-5.0,snr_db,-5.0,3,3,3,3,full_6d,409305243,,,nan,,False,,53.92403569072485,0.0011506944445936395,0.0011506944445936395,1.3379148012519586e-05,0.00017683840849208393,3.4790967131843027e-13,1.054114165815002,False,direct_vp,global_exact_spherical_vp,main_single_proposed,True,9ffcd6f1e77aa084,adaptive_jones,cupy,True,0,cupy,cupy.linalg.solve,fixed_pol_anchor,True,fixed_anchor_then_adaptive_jones_score_selection,fixed_pol_anchor,5.8085060339104935,25.85439842753676,13.70044170888666,0.0,True,3,4,3096725.458075429,3096772.9124718164,"[5.8085060339104935,9.438420665212723,25.85439842753676]","[0.17216130863187823,0.10594992906771693,0.038678138374671094]","[2.962451639145983e-07,1.3082860660789246e-08,2.507360950236565e-07]",direct_vp,[],3099037.3363932143,3096560,True,1824558.4467929895,96.78996874919599,8.839199493787616,0.01692741174897722,"[4.992563504272271,4.9583250282811315,4.995697976546439]",145.9919731914997,47.66152910143137,194.83547227084637,nan,nan,nan,nan,False,,nan,,,nan,nan,nan,,,,,,,,0.0011506944445936395,1.3379148012519586e-05,1.054114165815002,nan,nan,nan,False,not_run,not_requested
fig1,PEB,43,409305243,-5.0,snr_db,-5.0,3,3,3,3,full_6d,409305243,,,nan,,False,,4.914664171636105,nan,nan,nan,nan,nan,nan,False,,,peb_only,False,01ac6cbc4ffbd46b,,,,,,,adaptive_jones,True,fixed_anchor_then_adaptive_jones_score_selection,,nan,nan,nan,nan,True,,,nan,nan,,,,,[],nan,,,nan,nan,nan,nan,,nan,nan,nan,0.0007537809937517517,nan,nan,0.0007537809937517517,False,d06249056a46bde512ae6accc3f5b861faabc2ef0f40296322d007b403b53207,1.05327696081316,computed_unscaled,cpu,nan,nan,nan,,,,,,,,nan,nan,nan,nan,nan,nan,False,,
fig1,adaptive_jones_vp_proposed,14,1092560480,-5.0,snr_db,-5.0,3,3,3,3,full_6d,1092560480,,,nan,,False,,550.3220825642347,0.0006228668702201956,0.0006228668702201956,1.918194876908799e-05,0.00044513196760656267,1.2250450458656268e-12,0.6836063151740334,False,direct_vp,global_exact_spherical_vp,main_single_proposed,True,19a3b176094558ca,adaptive_jones,cupy,True,0,cupy,cupy.linalg.solve,fixed_pol_anchor,True,fixed_anchor_then_adaptive_jones_score_selection,fixed_pol_anchor,7.119045019384552,11.846627034616482,10.040202658163649,0.0,True,3,4,3096725.458075429,3098652.4260950694,"[11.846627034616482,11.154935920489915,7.119045019384552]","[0.08441221261259424,0.08964641366984435,0.14046827871855935]","[1.382245898257648e-07,1.2545236402048144e-07,5.590064332670599e-07]",direct_vp,[],3094527.3717986974,3096560,True,2507723.3737104745,68.75081525900522,9.69216249212456,0.07798683373135239,"[5.1213357830977335,4.950579304820592,4.9617926809559965]",147.00792825967073,543.9558915868402,692.0586135312915,nan,nan,nan,nan,False,,nan,,,nan,nan,nan,,,,,,,,0.0006228668702201956,1.918194876908799e-05,0.6836063151740334,nan,nan,nan,False,not_run,not_requested
fig1,PEB,14,1092560480,-5.0,snr_db,-5.0,3,3,3,3,full_6d,1092560480,,,nan,,False,,5.270090244710445,nan,nan,nan,nan,nan,nan,False,,,peb_only,False,f6d731868f5690ad,,,,,,,adaptive_jones,True,fixed_anchor_then_adaptive_jones_score_selection,,nan,nan,nan,nan,True,,,nan,nan,,,,,[],nan,,,nan,nan,nan,nan,,nan,nan,nan,0.0006428425719644807,nan,nan,0.0006428425719644807,False,f1022bc01518ff6f31f9f6e642efb32029d98d2c096644b99cc3e0e6c8ec44d7,0.6840588738389257,computed_unscaled,cpu,nan,nan,nan,,,,,,,,nan,nan,nan,nan,nan,nan,False,,
fig1,adaptive_jones_vp_proposed,18,3644258948,-5.0,snr_db,-5.0,3,3,3,3,full_6d,3644258948,,,nan,,False,,520.5919406339526,0.000288628581604708,0.000288628581604708,1.1619038209220157e-05,0.00023830143929768583,2.7231845768910927e-12,1.3897517240045925,False,direct_vp,global_exact_spherical_vp,main_single_proposed,True,01d84b93ff7b6d7f,adaptive_jones,cupy,True,0,cupy,cupy.linalg.solve,fixed_pol_anchor,True,fixed_anchor_then_adaptive_jones_score_selection,fixed_pol_anchor,4.212809218524861,34.22006862756389,19.606141778969437,0.0,True,3,4,3096725.458075429,3098444.7480875473,"[20.385547490819558,34.22006862756389,4.212809218524861]","[0.04905436071461682,0.029222618190785594,0.23737129979646757]","[2.816099627303481e-08,1.4525535102282621e-08,1.8656708536317593e-07]",direct_vp,"[""poor_clock_consistency""]",3093957.5358864185,3096560,True,2552501.702435175,80.75504794038436,7.723559079420896,0.17786587785526162,"[5.235230218828987,5.396167656998162,4.965074390826294]",133.72860650718212,514.4061139971018,649.3965227231383,nan,nan,nan,nan,False,,nan,,,nan,nan,nan,,,,,,,,0.000288628581604708,1.1619038209220157e-05,1.3897517240045925,nan,nan,nan,False,not_run,not_requested
fig1,PEB,18,3644258948,-5.0,snr_db,-5.0,3,3,3,3,full_6d,3644258948,,,nan,,False,,4.973492287099361,nan,nan,nan,nan,nan,nan,False,,,peb_only,False,a3bcafbb979f72a0,,,,,,,adaptive_jones,True,fixed_anchor_then_adaptive_jones_score_selection,,nan,nan,nan,nan,True,,,nan,nan,,,,,[],nan,,,nan,nan,nan,nan,,nan,nan,nan,0.0005934303722478188,nan,nan,0.0005934303722478188,False,10eabe3ea0bf687d98504e31e23e6506b4b182585a8f16e7a2bae8ed9d09e41a,1.390927892382434,computed_unscaled,cpu,nan,nan,nan,,,,,,,,nan,nan,nan,nan,nan,nan,False,,
fig1,adaptive_jones_vp_proposed,45,2629875502,-5.0,snr_db,-5.0,3,3,3,3,full_6d,2629875502,,,nan,,False,,63.70741855353117,0.0002077525381622891,0.0002077525381622891,1.4145114472240756e-05,9.862823141785595e-05,5.229682018665887e-13,1.1666466040417127,False,direct_vp,global_exact_spherical_vp,main_single_proposed,True,c4a5bf035865bfe6,adaptive_jones,cupy,True,0,cupy,cupy.linalg.solve,fixed_pol_anchor,True,fixed_anchor_then_adaptive_jones_score_selection,fixed_pol_anchor,7.444231841889079,12.189037795315627,9.914663464242208,0.0,True,3,4,3096725.458075429,3098434.8388466868,"[12.189037795315627,7.444231841889079,10.110720755521918]","[0.08204093028344872,0.13433219454094697,0.09890491728235541]","[2.4817065163703004e-08,8.235661023199478e-09,2.2581403432842324e-07]",direct_vp,[],3094883.966469006,3096560,True,2599792.150488291,71.69100106205825,9.849423692886166,0.0893198308653385,"[5.237232419887781,5.076736662009408,5.028213509216136]",130.79933116585016,56.89095239341259,188.97432470321655,nan,nan,nan,nan,False,,nan,,,nan,nan,nan,,,,,,,,0.0002077525381622891,1.4145114472240756e-05,1.1666466040417127,nan,nan,nan,False,not_run,not_requested
fig1,PEB,45,2629875502,-5.0,snr_db,-5.0,3,3,3,3,full_6d,2629875502,,,nan,,False,,5.151576720178127,nan,nan,nan,nan,nan,nan,False,,,peb_only,False,4dae9e5c7cfc7e73,,,,,,,adaptive_jones,True,fixed_anchor_then_adaptive_jones_score_selection,,nan,nan,nan,nan,True,,,nan,nan,,,,,[],nan,,,nan,nan,nan,nan,,nan,nan,nan,0.0006259256700826321,nan,nan,0.0006259256700826321,False,61ef90b44bee96edd1828bab28b96f525f17a012a323714534c6c3c927bfb322,1.167284432533587,computed_unscaled,cpu,nan,nan,nan,,,,,,,,nan,nan,nan,nan,nan,nan,False,,
fig1,adaptive_jones_vp_proposed,46,3306807379,-5.0,snr_db,-5.0,3,3,3,3,full_6d,3306807379,,,nan,,False,,64.76759099215269,0.001061661602105769,0.001061661602105769,1.6549976975231116e-05,0.00016550508253261188,5.859328426259035e-13,1.3636402653486481,False,direct_vp,global_exact_spherical_vp,main_single_proposed,True,8ec1f5c2fbce86a9,adaptive_jones,cupy,True,0,cupy,cupy.linalg.solve,fixed_pol_anchor,True,fixed_anchor_then_adaptive_jones_score_selection,fixed_pol_anchor,4.544876675254021,39.794124923456636,19.38406525274261,0.0,True,3,4,3096725.4580754284,3102438.102865671,"[39.794124923456636,13.813194159517165,4.544876675254021]","[0.025129337606586147,0.07239455179142587,0.22002797247288639]","[2.8119244401452685e-08,1.7789307720803257e-08,1.085070445620925e-06]",direct_vp,[],3095202.1143665556,3096560,True,2699946.5743193305,78.05612513146926,7.258565480933898,0.0620253822089048,"[4.971389239241693,5.05043161486658,5.123277652317574]",142.41531437635422,57.91575584560633,201.67092280089855,nan,nan,nan,nan,False,,nan,,,nan,nan,nan,,,,,,,,0.001061661602105769,1.6549976975231116e-05,1.3636402653486481,nan,nan,nan,False,not_run,not_requested
fig1,PEB,46,3306807379,-5.0,snr_db,-5.0,3,3,3,3,full_6d,3306807379,,,nan,,False,,5.450990222394466,nan,nan,nan,nan,nan,nan,False,,,peb_only,False,32c605123f55a4e2,,,,,,,adaptive_jones,True,fixed_anchor_then_adaptive_jones_score_selection,,nan,nan,nan,nan,True,,,nan,nan,,,,,[],nan,,,nan,nan,nan,nan,,nan,nan,nan,0.0005869346845961599,nan,nan,0.0005869346845961599,False,324c3cee61ad53d18a3b7f70cef7049986ada5517935cd8531014229a0b305be,1.3642455524027803,computed_unscaled,cpu,nan,nan,nan,,,,,,,,nan,nan,nan,nan,nan,nan,False,,
fig1,adaptive_jones_vp_proposed,47,582567175,-5.0,snr_db,-5.0,3,3,3,3,full_6d,582567175,,,nan,,False,,56.332811288535595,0.0005736592507267177,0.0005736592507267177,2.5305493760381305e-05,0.00010227819086661692,1.6773094910375428e-13,0.6794803029759822,False,direct_vp,global_exact_spherical_vp,main_single_proposed,True,1f1c41e9e8c5b870,adaptive_jones,cupy,True,0,cupy,cupy.linalg.solve,fixed_pol_anchor,True,fixed_anchor_then_adaptive_jones_score_selection,fixed_pol_anchor,4.617908733812467,70.3022803762949,28.828212082499473,0.0,True,3,4,3096725.458075429,3098873.9745845073,"[11.564447137391042,4.617908733812467,70.3022803762949]","[0.08647192452072872,0.2165482380960351,0.014224289661404581]","[1.3891478981466e-06,1.625183834697477e-08,2.034672352216482e-10]",direct_vp,"[""poor_clock_consistency""]",3097251.2569422345,3096560,True,1701166.028990342,96.02093407129883,6.966913312881068,0.11136605158075658,"[4.901253127637935,5.027323191222012,4.754787460619624]",141.38185145705938,49.57403048872948,192.1572191938758,nan,nan,nan,nan,False,,nan,,,nan,nan,nan,,,,,,,,0.0005736592507267177,2.5305493760381305e-05,0.6794803029759822,nan,nan,nan,False,not_run,not_requested
fig1,PEB,47,582567175,-5.0,snr_db,-5.0,3,3,3,3,full_6d,582567175,,,nan,,False,,5.085840180516243,nan,nan,nan,nan,nan,nan,False,,,peb_only,False,acd28f62fed7be2f,,,,,,,adaptive_jones,True,fixed_anchor_then_adaptive_jones_score_selection,,nan,nan,nan,nan,True,,,nan,nan,,,,,[],nan,,,nan,nan,nan,nan,,nan,nan,nan,0.0007768033446801319,nan,nan,0.0007768033446801319,False,050689952234d9ff329be9f4e449f2035a50644af1a2423c3a762752f771130c,0.6793321639476526,computed_unscaled,cpu,nan,nan,nan,,,,,,,,nan,nan,nan,nan,nan,nan,False,,
fig1,adaptive_jones_vp_proposed,16,1080178429,-5.0,snr_db,-5.0,3,3,3,3,full_6d,1080178429,,,nan,,False,,638.0808517113328,0.00015067478995643157,0.00015067478995643157,5.911960950423032e-06,0.00012596994105683524,1.7712923451197828e-12,1.5208307015374585,False,direct_vp_rollback,global_exact_spherical_vp,main_single_proposed,True,c4328152c0a6a2d2,adaptive_jones,cupy,True,0,cupy,cupy.linalg.solve,fixed_pol_anchor,True,fixed_anchor_then_adaptive_jones_score_selection,fixed_pol_anchor,5.001804174643086,632.5560903367763,215.46936470025184,0.0,True,3,4,3096725.458075429,3150445.6648689276,"[8.850199589336134,632.5560903367763,5.001804174643086]","[0.11299180203755849,0.0015808874732911645,0.19992785904425284]","[3.1659830714439083e-06,8.69361472609843e-11,8.001850399384428e-08]",jnpp_then_vp,"[""poor_clock_consistency""]",3100975.131724003,3096560,False,2712945.5296462025,87.55639206184082,3.9492686408648545,0.4703081703961253,"[5.016933528538272,3.921375038846853,4.777646884713838]",146.28449388593435,510.9945031777024,658.4880785867572,nan,nan,nan,nan,False,,nan,,,nan,nan,nan,,,,,,,,0.00015067478995643157,5.911960950423032e-06,1.5208307015374585,0.00015067443212086025,5.911956904630113e-06,1.5208307015374587,True,rollback,existing_selector_rollback
fig1,PEB,16,1080178429,-5.0,snr_db,-5.0,3,3,3,3,full_6d,1080178429,,,nan,,False,,4.972264111042023,nan,nan,nan,nan,nan,nan,False,,,peb_only,False,c475a7a265142c88,,,,,,,adaptive_jones,True,fixed_anchor_then_adaptive_jones_score_selection,,nan,nan,nan,nan,True,,,nan,nan,,,,,[],nan,,,nan,nan,nan,nan,,nan,nan,nan,0.0005900169584949459,nan,nan,0.0005900169584949459,False,2793ff1fce7242989610050dae2e9fefacb8b15f6d60bfd2b55605797f0e0ce8,1.5186732077486413,computed_unscaled,cpu,nan,nan,nan,,,,,,,,nan,nan,nan,nan,nan,nan,False,,
fig1,adaptive_jones_vp_proposed,48,3302385666,-5.0,snr_db,-5.0,3,3,3,3,full_6d,3302385666,,,nan,,False,,64.18496783822775,0.00035352319082019673,0.00035352319082019673,2.1429966140926543e-05,0.0002643102201404951,3.690250199483586e-12,1.3124461441262585,False,direct_vp,global_exact_spherical_vp,main_single_proposed,True,d53a2d2bc7b7d70b,adaptive_jones,cupy,True,0,cupy,cupy.linalg.solve,fixed_pol_anchor,True,fixed_anchor_then_adaptive_jones_score_selection,fixed_pol_anchor,6.815357006744143,36.825954416821105,16.923042084741734,0.0,True,3,4,3096725.458075429,3100734.847447239,"[7.12781483065996,36.825954416821105,6.815357006744143]","[0.14029545151641976,0.027154761249212893,0.14672745668402018]","[1.4227236572368791e-08,6.37643761713066e-10,1.7616590048752006e-07]",direct_vp,[],3092814.1217784327,3096560,True,2510704.508247318,73.59271924241568,11.196500053825268,0.056917922698422746,"[5.023888446016475,4.994404475961598,5.1271568261766705]",138.4771968498826,58.08282522112131,197.78364429622889,nan,nan,nan,nan,False,,nan,,,nan,nan,nan,,,,,,,,0.00035352319082019673,2.1429966140926543e-05,1.3124461441262585,nan,nan,nan,False,not_run,not_requested
fig1,PEB,48,3302385666,-5.0,snr_db,-5.0,3,3,3,3,full_6d,3302385666,,,nan,,False,,4.904903627932072,nan,nan,nan,nan,nan,nan,False,,,peb_only,False,0a4a9e2cdb2eba19,,,,,,,adaptive_jones,True,fixed_anchor_then_adaptive_jones_score_selection,,nan,nan,nan,nan,True,,,nan,nan,,,,,[],nan,,,nan,nan,nan,nan,,nan,nan,nan,0.0006443393312965315,nan,nan,0.0006443393312965315,False,1b543152d623d7ef1c79c425645de2dcbaa35a96910d0ef3f1aa53205c46b486,1.3140425098864257,computed_unscaled,cpu,nan,nan,nan,,,,,,,,nan,nan,nan,nan,nan,nan,False,,
fig1,adaptive_jones_vp_proposed,51,2092735507,-5.0,snr_db,-5.0,3,3,3,3,full_6d,2092735507,,,nan,,False,,63.78213433176279,0.0010844880997146085,0.0010844880997146085,1.3034376849147974e-05,0.0003331799584317355,9.335220217595084e-13,2.2407353690720195,False,direct_vp,global_exact_spherical_vp,main_single_proposed,True,025e7be0b0977a43,adaptive_jones,cupy,True,0,cupy,cupy.linalg.solve,fixed_pol_anchor,True,fixed_anchor_then_adaptive_jones_score_selection,fixed_pol_anchor,3.709112903358906,44.836569749266744,29.979885949601993,0.0,True,3,4,3096725.458075429,3105773.3033740604,"[44.836569749266744,3.709112903358906,41.39397519618033]","[0.022303222694049146,0.2696062444178253,0.02415810501937205]","[1.2216590225523757e-08,9.937453377084316e-08,2.34574696560346e-08]",direct_vp,"[""poor_clock_consistency""]",3096490.788354592,3096560,True,1909731.525846977,96.94914378029628,4.293460133011499,0.24552637511113265,"[5.231101297100226,5.070824253559362,4.648958934782924]",135.44637447595596,57.6575580984354,194.31080953031778,nan,nan,nan,nan,False,,nan,,,nan,nan,nan,,,,,,,,0.0010844880997146085,1.3034376849147974e-05,2.2407353690720195,nan,nan,nan,False,not_run,not_requested
fig1,PEB,51,2092735507,-5.0,snr_db,-5.0,3,3,3,3,full_6d,2092735507,,,nan,,False,,4.543952040374279,nan,nan,nan,nan,nan,nan,False,,,peb_only,False,7dbbc4b93efe4c7a,,,,,,,adaptive_jones,True,fixed_anchor_then_adaptive_jones_score_selection,,nan,nan,nan,nan,True,,,nan,nan,,,,,[],nan,,,nan,nan,nan,nan,,nan,nan,nan,0.0007488916062407619,nan,nan,0.0007488916062407619,False,ceb68ab38b09da961371426ea0267363a416dbe569c6f715609cdf27a87a3792,2.2407970313732415,computed_unscaled,cpu,nan,nan,nan,,,,,,,,nan,nan,nan,nan,nan,nan,False,,
fig1,adaptive_jones_vp_proposed,50,3229661427,-5.0,snr_db,-5.0,3,3,3,3,full_6d,3229661427,,,nan,,False,,64.51681163161993,0.0009318506220624497,0.0009318506220624497,2.0191992006048585e-05,0.00020347343655823706,5.439325546846217e-12,1.5449168870798178,False,direct_vp,global_exact_spherical_vp,main_single_proposed,True,d9fca38937e71923,adaptive_jones,cupy,True,0,cupy,cupy.linalg.solve,fixed_pol_anchor,True,fixed_anchor_then_adaptive_jones_score_selection,fixed_pol_anchor,3.9617438315163547,40.103412645681665,23.11465880072576,0.0,True,3,4,3096725.458075429,3098395.6002879264,"[3.9617438315163547,25.278819924979256,40.103412645681665]","[0.2524140990744697,0.039558808636734326,0.024935533761054538]","[1.0749491172475153e-07,9.78138453617309e-09,5.317320467429207e-08]",direct_vp,"[""poor_clock_consistency""]",3095812.318779378,3096560,True,1344371.3156724102,124.11738311920008,7.271076718229563,0.16726697936595616,"[4.916713573009697,5.081120992038128,5.323924576540921]",140.61729627847672,58.4795947894454,200.33261242508888,nan,nan,nan,nan,False,,nan,,,nan,nan,nan,,,,,,,,0.0009318506220624497,2.0191992006048585e-05,1.5449168870798178,nan,nan,nan,False,not_run,not_requested
fig1,PEB,50,3229661427,-5.0,snr_db,-5.0,3,3,3,3,full_6d,3229661427,,,nan,,False,,4.898138768970966,nan,nan,nan,nan,nan,nan,False,,,peb_only,False,369c2ef508378cf3,,,,,,,adaptive_jones,True,fixed_anchor_then_adaptive_jones_score_selection,,nan,nan,nan,nan,True,,,nan,nan,,,,,[],nan,,,nan,nan,nan,nan,,nan,nan,nan,0.0008823311374646061,nan,nan,0.0008823311374646061,False,1942487101149f69652abec158449acd8ba5e0555a4e067cb0f025310bb6ac8a,1.545297990290412,computed_unscaled,cpu,nan,nan,nan,,,,,,,,nan,nan,nan,nan,nan,nan,False,,
fig1,adaptive_jones_vp_proposed,49,3038295588,-5.0,snr_db,-5.0,3,3,3,3,full_6d,3038295588,,,nan,,False,,63.64775791764259,0.000473962435658816,0.000473962435658816,3.292350040662796e-05,7.682016988036046e-05,2.837135754886618e-12,1.8351828661893055,False,direct_vp,global_exact_spherical_vp,main_single_proposed,True,c9dd08386243cbb7,adaptive_jones,cupy,True,0,cupy,cupy.linalg.solve,fixed_pol_anchor,True,fixed_anchor_then_adaptive_jones_score_selection,fixed_pol_anchor,5.309036423345857,116.97726211833701,43.50835257737209,0.0,True,3,4,3096725.458075429,3179726.9381825584,"[8.23875919043342,116.97726211833701,5.309036423345857]","[0.12137750077134536,0.008548669901945548,0.18835809745009655]","[3.600463505193785e-07,9.705865915236051e-09,3.4643657083556494e-07]",direct_vp,[],3099200.7399977837,3096560,True,2769768.4428086868,78.34377224479323,8.238514068458258,0.0898701861583084,"[5.166987328175565,5.352224356678136,5.1565992451903915]",144.11491142213345,57.0898058488965,202.437978990376,nan,nan,nan,nan,False,,nan,,,nan,nan,nan,,,,,,,,0.000473962435658816,3.292350040662796e-05,1.8351828661893055,nan,nan,nan,False,not_run,not_requested
fig1,PEB,49,3038295588,-5.0,snr_db,-5.0,3,3,3,3,full_6d,3038295588,,,nan,,False,,5.395761840045452,nan,nan,nan,nan,nan,nan,False,,,peb_only,False,a1dc90152ca557b7,,,,,,,adaptive_jones,True,fixed_anchor_then_adaptive_jones_score_selection,,nan,nan,nan,nan,True,,,nan,nan,,,,,[],nan,,,nan,nan,nan,nan,,nan,nan,nan,0.0005856709867222529,nan,nan,0.0005856709867222529,False,acf4e48940052036015f088be14d19342fd02a5a04e03acf4cbab7169512ba81,1.833628633896454,computed_unscaled,cpu,nan,nan,nan,,,,,,,,nan,nan,nan,nan,nan,nan,False,,
fig1,adaptive_jones_vp_proposed,52,2910844986,-5.0,snr_db,-5.0,3,3,3,3,full_6d,2910844986,,,nan,,False,,62.82156070321798,0.0012436285683769318,0.0012436285683769318,1.8262466656285966e-05,0.0001048974605565991,6.063061971973213e-13,0.5260979147275893,False,direct_vp,global_exact_spherical_vp,main_single_proposed,True,289dd97bc23dcb40,adaptive_jones,cupy,True,0,cupy,cupy.linalg.solve,fixed_pol_anchor,True,fixed_anchor_then_adaptive_jones_score_selection,fixed_pol_anchor,5.137593007109587,113.35539171240242,42.433178166393,0.0,True,3,4,3096725.458075429,3104746.639866855,"[113.35539171240242,5.137593007109587,8.806549779666982]","[0.008821812397100408,0.1946436781993097,0.1135518477735793]","[2.7318220660640886e-08,5.12996418215236e-08,3.056051658976942e-07]",direct_vp,"[""poor_clock_consistency""]",3098630.8483602605,3096560,True,2524162.3720765538,75.11345198707052,6.43734877873049,0.10016473365158757,"[4.734610196997335,4.954400049066079,4.750071558556884]",142.88209010660648,56.67236492782831,200.7684375271201,nan,nan,nan,nan,False,,nan,,,nan,nan,nan,,,,,,,,0.0012436285683769318,1.8262466656285966e-05,0.5260979147275893,nan,nan,nan,False,not_run,not_requested
fig1,PEB,52,2910844986,-5.0,snr_db,-5.0,3,3,3,3,full_6d,2910844986,,,nan,,False,,4.909048497676849,nan,nan,nan,nan,nan,nan,False,,,peb_only,False,ea9422e58a441485,,,,,,,adaptive_jones,True,fixed_anchor_then_adaptive_jones_score_selection,,nan,nan,nan,nan,True,,,nan,nan,,,,,[],nan,,,nan,nan,nan,nan,,nan,nan,nan,0.0006536689630787738,nan,nan,0.0006536689630787738,False,9e98686db4702520cd73f5ec75cd23f453189f0d5a51de87101750eedce217fa,0.5257490343703223,computed_unscaled,cpu,nan,nan,nan,,,,,,,,nan,nan,nan,nan,nan,nan,False,,
fig1,adaptive_jones_vp_proposed,55,3199904066,-5.0,snr_db,-5.0,3,3,3,3,full_6d,3199904066,,,nan,,False,,62.44993756711483,0.0002810116354871025,0.0002810116354871025,1.0985405893917129e-05,0.0002488530993422688,1.1057883664321458e-12,1.2409239707625017,False,direct_vp,global_exact_spherical_vp,main_single_proposed,True,0be87c436111b880,adaptive_jones,cupy,True,0,cupy,cupy.linalg.solve,fixed_pol_anchor,True,fixed_anchor_then_adaptive_jones_score_selection,fixed_pol_anchor,6.57364342180712,12.412656715514949,10.269028287922767,0.0,True,3,4,3096725.458075429,3097054.128484969,"[12.412656715514949,11.820784726446231,6.57364342180712]","[0.08056293047544427,0.0845967525109322,0.15212264125493477]","[1.6880188025203353e-07,5.395100345765404e-08,1.0251419691353157e-07]",direct_vp,[],3094481.911864136,3096560,True,2700929.238786098,66.28565861813071,12.219856645338156,0.0405099931224612,"[5.051078699005534,5.011453384182169,4.952480612983098]",137.11266816407442,55.96338611841202,194.24550635367632,nan,nan,nan,nan,False,,nan,,,nan,nan,nan,,,,,,,,0.0002810116354871025,1.0985405893917129e-05,1.2409239707625017,nan,nan,nan,False,not_run,not_requested
fig1,PEB,55,3199904066,-5.0,snr_db,-5.0,3,3,3,3,full_6d,3199904066,,,nan,,False,,5.000614009797573,nan,nan,nan,nan,nan,nan,False,,,peb_only,False,deca198401041f2c,,,,,,,adaptive_jones,True,fixed_anchor_then_adaptive_jones_score_selection,,nan,nan,nan,nan,True,,,nan,nan,,,,,[],nan,,,nan,nan,nan,nan,,nan,nan,nan,0.0006108288839819692,nan,nan,0.0006108288839819692,False,ff385e78e5554a838decb9742089f6308b997df2029ddf9a6dfeb38655607425,1.2417637249568048,computed_unscaled,cpu,nan,nan,nan,,,,,,,,nan,nan,nan,nan,nan,nan,False,,
fig1,adaptive_jones_vp_proposed,56,2167631329,-5.0,snr_db,-5.0,3,3,3,3,full_6d,2167631329,,,nan,,False,,66.50930058211088,0.00014816348484103327,0.00014816348484103327,1.0057885465198666e-05,0.00012933201019483016,1.6164719073708747e-12,1.248688927048887,False,direct_vp,global_exact_spherical_vp,main_single_proposed,True,8d65a27326862d35,adaptive_jones,cupy,True,0,cupy,cupy.linalg.solve,fixed_pol_anchor,True,fixed_anchor_then_adaptive_jones_score_selection,fixed_pol_anchor,4.364293929766156,70.34044432702261,29.44081231897211,0.0,True,3,4,3096725.458075429,3097909.8351918063,"[13.61769870012757,70.34044432702261,4.364293929766156]","[0.07343384679064857,0.01421657212286745,0.22913213823094103]","[2.8528216204818906e-07,5.088703004222171e-10,1.3209954757964394e-07]",direct_vp,"[""poor_clock_consistency""]",3095587.0129163866,3096560,True,2569990.1956475712,84.94091148139724,6.738529307517325,0.10535090674774954,"[4.852923477868797,4.79393302391015,5.040993771464065]",135.60786639899015,60.36743772029877,197.28876493871212,nan,nan,nan,nan,False,,nan,,,nan,nan,nan,,,,,,,,0.00014816348484103327,1.0057885465198666e-05,1.248688927048887,nan,nan,nan,False,not_run,not_requested
fig1,PEB,56,2167631329,-5.0,snr_db,-5.0,3,3,3,3,full_6d,2167631329,,,nan,,False,,4.718267202377319,nan,nan,nan,nan,nan,nan,False,,,peb_only,False,e19015ed6c8ca743,,,,,,,adaptive_jones,True,fixed_anchor_then_adaptive_jones_score_selection,,nan,nan,nan,nan,True,,,nan,nan,,,,,[],nan,,,nan,nan,nan,nan,,nan,nan,nan,0.0006011130504171862,nan,nan,0.0006011130504171862,False,7d96ebe691cae134218fac4c44588ab5938392c288ecaa287b62d8519dd2dcef,1.2490878617953987,computed_unscaled,cpu,nan,nan,nan,,,,,,,,nan,nan,nan,nan,nan,nan,False,,
fig1,adaptive_jones_vp_proposed,24,2465240206,-5.0,snr_db,-5.0,3,3,3,3,full_6d,2465240206,,,nan,,False,,571.5871627256274,0.00022763541208713515,0.00022763541208713515,1.0718224803286929e-05,0.0001186432730303423,1.082810611493369e-12,1.6606270317210792,False,direct_vp,global_exact_spherical_vp,main_single_proposed,True,82928f47030f97ca,adaptive_jones,cupy,True,0,cupy,cupy.linalg.solve,fixed_pol_anchor,True,fixed_anchor_then_adaptive_jones_score_selection,fixed_pol_anchor,3.9365447961404216,179.58006670736972,67.09870319308907,0.0,True,3,4,3096725.458075429,3255434.0622248123,"[17.77949807575706,3.9365447961404216,179.58006670736972]","[0.056244557395338055,0.2540298794456783,0.0055685467666628345]","[6.74253746812084e-08,9.636773924766168e-09,3.079390757190048e-08]",direct_vp,"[""poor_clock_consistency""]",3096137.1655982505,3096560,True,1632265.913726964,105.73758181729443,3.8259093316260855,0.34292238020485766,"[5.095783197992828,5.002260129020784,4.326096362053274]",140.68628807365894,565.1333001032472,706.869703784585,nan,nan,nan,nan,False,,nan,,,nan,nan,nan,,,,,,,,0.00022763541208713515,1.0718224803286929e-05,1.6606270317210792,nan,nan,nan,False,not_run,not_requested
fig1,PEB,24,2465240206,-5.0,snr_db,-5.0,3,3,3,3,full_6d,2465240206,,,nan,,False,,5.006471075117588,nan,nan,nan,nan,nan,nan,False,,,peb_only,False,9869d5904414e57e,,,,,,,adaptive_jones,True,fixed_anchor_then_adaptive_jones_score_selection,,nan,nan,nan,nan,True,,,nan,nan,,,,,[],nan,,,nan,nan,nan,nan,,nan,nan,nan,0.0007994897921355851,nan,nan,0.0007994897921355851,False,d0abc1777196bcc1a36b4bbbb5b3c3e641533288ceccc09b778d2fb6777f61b5,1.6608624025173382,computed_unscaled,cpu,nan,nan,nan,,,,,,,,nan,nan,nan,nan,nan,nan,False,,
fig1,adaptive_jones_vp_proposed,57,476784074,-5.0,snr_db,-5.0,3,3,3,3,full_6d,476784074,,,nan,,False,,59.69486240297556,0.0003048257688633023,0.0003048257688633023,1.7150389526786996e-05,9.372498386715754e-05,7.792912504299256e-14,0.5587020685750035,False,direct_vp,global_exact_spherical_vp,main_single_proposed,True,51870f7a4c91640d,adaptive_jones,cupy,True,0,cupy,cupy.linalg.solve,fixed_pol_anchor,True,fixed_anchor_then_adaptive_jones_score_selection,fixed_pol_anchor,6.997391793074408,12.914903179800199,10.193366352469363,0.0,True,3,4,3096725.458075429,3097989.1733742813,"[10.667804084533483,12.914903179800199,6.997391793074408]","[0.09374000422815822,0.07742992619187065,0.14291039140937364]","[3.0611408837795683e-07,1.4177382139450172e-08,1.293290363876735e-07]",direct_vp,[],3100071.8045236454,3096560,True,2695110.3269720976,61.75190179717734,9.25138632339511,0.07326281496917644,"[4.967910756065132,4.943108066303596,5.109431794848598]",130.6967909410596,53.41460971534252,185.42571391910315,nan,nan,nan,nan,False,,nan,,,nan,nan,nan,,,,,,,,0.0003048257688633023,1.7150389526786996e-05,0.5587020685750035,nan,nan,nan,False,not_run,not_requested
fig1,PEB,57,476784074,-5.0,snr_db,-5.0,3,3,3,3,full_6d,476784074,,,nan,,False,,4.7163388058543205,nan,nan,nan,nan,nan,nan,False,,,peb_only,False,ac4b291d81b43fd8,,,,,,,adaptive_jones,True,fixed_anchor_then_adaptive_jones_score_selection,,nan,nan,nan,nan,True,,,nan,nan,,,,,[],nan,,,nan,nan,nan,nan,,nan,nan,nan,0.0006157599486859987,nan,nan,0.0006157599486859987,False,0678217d596e534740a4e9789e3054b9b6004d88d7430db9577064550d35976f,0.5580720466458842,computed_unscaled,cpu,nan,nan,nan,,,,,,,,nan,nan,nan,nan,nan,nan,False,,
fig1,adaptive_jones_vp_proposed,58,1249403404,-5.0,snr_db,-5.0,3,3,3,3,full_6d,1249403404,,,nan,,False,,65.05948872119188,0.0005303048616521076,0.0005303048616521076,1.4934800842143602e-05,1.10830763912981e-05,3.360476999305183e-12,2.146957084922595,False,direct_vp,global_exact_spherical_vp,main_single_proposed,True,442130236ecf0768,adaptive_jones,cupy,True,0,cupy,cupy.linalg.solve,fixed_pol_anchor,True,fixed_anchor_then_adaptive_jones_score_selection,fixed_pol_anchor,6.186940128654251,55.69318467560293,23.07256212092204,0.0,True,3,4,3096725.458075429,3096840.037260805,"[6.186940128654251,7.337561558508932,55.69318467560293]","[0.16163078665694597,0.13628505764738996,0.01795551835954479]","[2.503497704789169e-07,2.679621650739423e-08,3.039535476010548e-08]",direct_vp,"[""poor_clock_consistency""]",3097920.8985401965,3096560,True,1391377.4338513885,95.5287914581438,9.193246248427005,0.25800495773320675,"[4.998646463455189,4.847687892393548,5.4546350926044385]",143.70106995105743,58.51046584546566,203.3850255906582,nan,nan,nan,nan,False,,nan,,,nan,nan,nan,,,,,,,,0.0005303048616521076,1.4934800842143602e-05,2.146957084922595,nan,nan,nan,False,not_run,not_requested
fig1,PEB,58,1249403404,-5.0,snr_db,-5.0,3,3,3,3,full_6d,1249403404,,,nan,,False,,5.215854413807392,nan,nan,nan,nan,nan,nan,False,,,peb_only,False,a8b75cadb3d55d8e,,,,,,,adaptive_jones,True,fixed_anchor_then_adaptive_jones_score_selection,,nan,nan,nan,nan,True,,,nan,nan,,,,,[],nan,,,nan,nan,nan,nan,,nan,nan,nan,0.0008580154183098144,nan,nan,0.0008580154183098144,False,282ef6b6a0b0bdc03992830ab54a887d3acbc9d2eab301295ecf986d4506a68e,2.1460250277320005,computed_unscaled,cpu,nan,nan,nan,,,,,,,,nan,nan,nan,nan,nan,nan,False,,
fig1,adaptive_jones_vp_proposed,29,1456316145,-5.0,snr_db,-5.0,3,3,3,3,full_6d,1456316145,,,nan,,False,,546.408147521317,0.00030463163935873775,0.00030463163935873775,1.4581583538627067e-05,4.330784161382134e-05,2.6847501701939053e-12,1.8521566386027721,False,direct_vp,global_exact_spherical_vp,main_single_proposed,True,3113b1ada1bf8e60,adaptive_jones,cupy,True,0,cupy,cupy.linalg.solve,fixed_pol_anchor,True,fixed_anchor_then_adaptive_jones_score_selection,fixed_pol_anchor,7.350843965424432,22.30138236972112,12.346996994903776,0.0,True,3,4,3096725.458075429,3202667.1252157493,"[22.30138236972112,7.388764649565776,7.350843965424432]","[0.04484026969267213,0.13534062152749435,0.13603880108138167]","[3.9476071430850894e-08,4.843161321789192e-08,1.7421518180442274e-07]",direct_vp,"[""poor_clock_consistency""]",3096312.8699671016,3096560,True,2753069.7090536477,77.34054546408575,8.048757431281954,0.2731710084218036,"[4.551201699297729,4.893764507677722,5.220267033547688]",148.87084577977657,540.0570601001382,690.227590881288,nan,nan,nan,nan,False,,nan,,,nan,nan,nan,,,,,,,,0.00030463163935873775,1.4581583538627067e-05,1.8521566386027721,nan,nan,nan,False,not_run,not_requested
fig1,PEB,29,1456316145,-5.0,snr_db,-5.0,3,3,3,3,full_6d,1456316145,,,nan,,False,,4.845089972019196,nan,nan,nan,nan,nan,nan,False,,,peb_only,False,077ad8058aaedcb7,,,,,,,adaptive_jones,True,fixed_anchor_then_adaptive_jones_score_selection,,nan,nan,nan,nan,True,,,nan,nan,,,,,[],nan,,,nan,nan,nan,nan,,nan,nan,nan,0.0006068660092784514,nan,nan,0.0006068660092784514,False,d8fe45eb7ae04a0170dd7feb177c545054b10b09137abe9e9f00552ed53b5825,1.8523140380832883,computed_unscaled,cpu,nan,nan,nan,,,,,,,,nan,nan,nan,nan,nan,nan,False,,
fig1,adaptive_jones_vp_proposed,60,1839575832,-5.0,snr_db,-5.0,3,3,3,3,full_6d,1839575832,,,nan,,False,,61.2457005828619,0.0010424020522344349,0.0010424020522344349,1.1865722977787417e-05,4.747268514454338e-05,4.356331426074633e-13,1.7737300712961914,False,direct_vp,global_exact_spherical_vp,main_single_proposed,True,a971f8216fefdd0f,adaptive_jones,cupy,True,0,cupy,cupy.linalg.solve,fixed_pol_anchor,True,fixed_anchor_then_adaptive_jones_score_selection,fixed_pol_anchor,3.8968800810945634,53.937246317338015,27.53566146042947,0.0,True,3,4,3096725.458075429,3101366.250631606,"[24.77285798285583,3.8968800810945634,53.937246317338015]","[0.0403667594860182,0.25661554350813415,0.01854006402296839]","[2.9659176008600885e-07,3.1720380912404976e-10,4.601750481907007e-09]",direct_vp,"[""poor_clock_consistency""]",3095668.067234393,3096560,True,1795972.2468990819,94.20079429589893,5.712466964655101,0.1967596784666487,"[5.496623870005124,5.020704424626498,5.324544197021475]",151.60069407522678,54.86672404408455,207.72195713222027,nan,nan,nan,nan,False,,nan,,,nan,nan,nan,,,,,,,,0.0010424020522344349,1.1865722977787417e-05,1.7737300712961914,nan,nan,nan,False,not_run,not_requested
fig1,PEB,60,1839575832,-5.0,snr_db,-5.0,3,3,3,3,full_6d,1839575832,,,nan,,False,,5.067200273275375,nan,nan,nan,nan,nan,nan,False,,,peb_only,False,cb5df9297b3b4282,,,,,,,adaptive_jones,True,fixed_anchor_then_adaptive_jones_score_selection,,nan,nan,nan,nan,True,,,nan,nan,,,,,[],nan,,,nan,nan,nan,nan,,nan,nan,nan,0.0007686346307651176,nan,nan,0.0007686346307651176,False,42d79a12e13d52ea36763a6478c0ea4b122194dbd7e070b6eef8b19740c115ec,1.7742502910400708,computed_unscaled,cpu,nan,nan,nan,,,,,,,,nan,nan,nan,nan,nan,nan,False,,
fig1,adaptive_jones_vp_proposed,59,1187262716,-5.0,snr_db,-5.0,3,3,3,3,full_6d,1187262716,,,nan,,False,,61.77700665593147,0.0004674039533431971,0.0004674039533431971,1.5220595851327287e-05,0.0003982584695176592,1.2322484686248169e-12,0.7885362969902597,False,direct_vp,global_exact_spherical_vp,main_single_proposed,True,029077ca2d508e62,adaptive_jones,cupy,True,0,cupy,cupy.linalg.solve,fixed_pol_anchor,True,fixed_anchor_then_adaptive_jones_score_selection,fixed_pol_anchor,5.151964501312746,90.40240167648494,34.79110920618071,0.0,True,3,4,3096725.458075429,3100724.02680763,"[5.151964501312746,90.40240167648494,8.818961440744433]","[0.19410071628794084,0.011061653024310227,0.113392036773297]","[3.2276163932298523e-07,5.564279292330338e-09,1.5106554719155632e-07]",direct_vp,"[""poor_clock_consistency""]",3097887.178480547,3096560,True,2426099.3051367863,73.77186421213048,8.559204882724746,0.1178878709286494,"[5.146162973579134,4.879825347381237,4.916365090538183]",153.53526817262173,55.34067152440548,210.24095121771097,nan,nan,nan,nan,False,,nan,,,nan,nan,nan,,,,,,,,0.0004674039533431971,1.5220595851327287e-05,0.7885362969902597,nan,nan,nan,False,not_run,not_requested
fig1,PEB,59,1187262716,-5.0,snr_db,-5.0,3,3,3,3,full_6d,1187262716,,,nan,,False,,4.997224226593971,nan,nan,nan,nan,nan,nan,False,,,peb_only,False,29ecffaa4fe9d1b2,,,,,,,adaptive_jones,True,fixed_anchor_then_adaptive_jones_score_selection,,nan,nan,nan,nan,True,,,nan,nan,,,,,[],nan,,,nan,nan,nan,nan,,nan,nan,nan,0.0006693103966335114,nan,nan,0.0006693103966335114,False,ba85b3dc69f0d5910f5e051466d13a9fa16bdfb1c72eaceaa138a692faa0065e,0.7882025495797905,computed_unscaled,cpu,nan,nan,nan,,,,,,,,nan,nan,nan,nan,nan,nan,False,,
fig1,adaptive_jones_vp_proposed,61,3445288900,-5.0,snr_db,-5.0,3,3,3,3,full_6d,3445288900,,,nan,,False,,66.17277396470308,0.000652577104757189,0.000652577104757189,1.768108683395146e-05,0.00027098897218439093,2.0949861962067112e-12,1.7933481250714893,False,direct_vp,global_exact_spherical_vp,main_single_proposed,True,b5222a03d454c302,adaptive_jones,cupy,True,0,cupy,cupy.linalg.solve,fixed_pol_anchor,True,fixed_anchor_then_adaptive_jones_score_selection,fixed_pol_anchor,3.7195489147833425,48.35292485839962,29.671709418018526,0.0,True,3,4,3096725.458075429,3096821.7110104198,"[36.942654480872626,3.7195489147833425,48.35292485839962]","[0.027068980667883945,0.2688498048840766,0.020681272185294336]","[1.8476304572233738e-08,1.393219217197482e-07,3.57174912459473e-08]",direct_vp,[],3096024.318452131,3096560,True,1787418.5099144755,109.00518229647527,5.822196050805156,0.09943887650293172,"[4.789472378364604,5.008002834049548,4.991902705221363]",132.04123739898205,59.816392689943314,193.1531216353178,nan,nan,nan,nan,False,,nan,,,nan,nan,nan,,,,,,,,0.000652577104757189,1.768108683395146e-05,1.7933481250714893,nan,nan,nan,False,not_run,not_requested
fig1,PEB,61,3445288900,-5.0,snr_db,-5.0,3,3,3,3,full_6d,3445288900,,,nan,,False,,5.001844763755798,nan,nan,nan,nan,nan,nan,False,,,peb_only,False,dce6b0a6088c1b75,,,,,,,adaptive_jones,True,fixed_anchor_then_adaptive_jones_score_selection,,nan,nan,nan,nan,True,,,nan,nan,,,,,[],nan,,,nan,nan,nan,nan,,nan,nan,nan,0.0007820561130717549,nan,nan,0.0007820561130717549,False,ce2b3681cf373b19e71cb19b884bc3b16d08555336684f81783906b12368ba1d,1.7936676823384046,computed_unscaled,cpu,nan,nan,nan,,,,,,,,nan,nan,nan,nan,nan,nan,False,,
fig1,adaptive_jones_vp_proposed,95,1902842209,-10.0,snr_db,-10.0,3,3,3,3,full_6d,1902842209,,,nan,,False,,1169.8339420035481,0.0013287573477812735,0.0013287573477812735,7.047384169073093e-05,0.0007494667992221238,4.331861478687141e-12,2.8299638091595414,False,direct_vp,global_exact_spherical_vp,main_single_proposed,True,1426a52ea3b09953,adaptive_jones,cupy,True,0,cupy,cupy.linalg.solve,fixed_pol_anchor,True,fixed_anchor_then_adaptive_jones_score_selection,fixed_pol_anchor,12.417574063823759,514.478121501802,194.89605848143603,0.0,True,3,4,3096725.458075429,3129017.7324860212,"[514.478121501802,57.79247987868231,12.417574063823759]","[0.001943717249951161,0.01730328932140311,0.08053102762647434]","[9.157513996323301e-06,4.688012238869066e-09,4.1094765474808414e-08]",direct_vp,"[""low_assignment_margin"",""poor_clock_consistency""]",3094777.063984037,3096560,True,706680.2397299674,97.505774398101,0.3924284530475791,5.958392302151845,"[-7.440128123096767,5.31953572801313,5.076006314847067]",132.79818942397833,861.2749224081635,995.3459742367268,nan,nan,nan,nan,False,,nan,,,nan,nan,nan,,,,,,,,0.0013287573477812735,7.047384169073093e-05,2.8299638091595414,nan,nan,nan,False,not_run,not_requested
fig1,PEB,95,1902842209,-10.0,snr_db,-10.0,3,3,3,3,full_6d,1902842209,,,nan,,False,,4.879521533846855,nan,nan,nan,nan,nan,nan,False,,,peb_only,False,4757879117cab9db,,,,,,,adaptive_jones,True,fixed_anchor_then_adaptive_jones_score_selection,,nan,nan,nan,nan,True,,,nan,nan,,,,,[],nan,,,nan,nan,nan,nan,,nan,nan,nan,0.0010404652643098268,nan,nan,0.0010404652643098268,False,76a18cb09eabd2843f7f18de70d1414c840c1b810997a8411f8aedb26f349b2f,2.8316088141841083,computed_unscaled,cpu,nan,nan,nan,,,,,,,,nan,nan,nan,nan,nan,nan,False,,
fig1,adaptive_jones_vp_proposed,53,3576518520,-5.0,snr_db,-5.0,3,3,3,3,full_6d,3576518520,,,nan,,False,,213.8449893221259,0.04198517006198836,0.04198517006198836,0.005578618979140358,0.03378771807606689,4.572797742484114e-11,0.5940474925717502,False,direct_vp,global_exact_spherical_vp,main_single_proposed,True,f706f3a6a9cb9e9e,adaptive_jones,cupy,True,0,cupy,cupy.linalg.solve,adaptive_jones,True,fixed_anchor_then_adaptive_jones_score_selection,adaptive_jones,103.26816001693042,32687.796877875884,11204.91254885951,0.0,True,6,4,3096725.458075429,2382191.6965671815,"[823.6726086857109,103.26816001693042,32687.796877875884]","[0.0012140746075943601,0.009683526846346305,3.0592455375572714e-05]","[2.300268083717781e-07,1.318098062532673e-10,6.1672455101952196e-15]",direct_vp,"[""poor_clock_consistency""]",3099084.1028307313,3096560,True,1064620.3157732838,183.96137610525793,1.5338963292905017,0.5021424934094523,"[6.219393711207482,5.016860493453006,5.394302904037529]",137.35229399055243,207.43049805611372,346.14519940316677,nan,nan,nan,nan,False,,nan,,,nan,nan,nan,,,,,,,,0.04198517006198836,0.005578618979140358,0.5940474925717502,nan,nan,nan,False,not_run,not_requested
fig1,PEB,53,3576518520,-5.0,snr_db,-5.0,3,3,3,3,full_6d,3576518520,,,nan,,False,,5.054059863090515,nan,nan,nan,nan,nan,nan,False,,,peb_only,False,7757e40ead184601,,,,,,,adaptive_jones,True,fixed_anchor_then_adaptive_jones_score_selection,,nan,nan,nan,nan,True,,,nan,nan,,,,,[],nan,,,nan,nan,nan,nan,,nan,nan,nan,0.0009488477312842927,nan,nan,0.0009488477312842927,False,e200269e04ccf0a54521e583b609be7b0a3b6bdaccfd671ee9c073b4737a05cd,0.5935667272397132,computed_unscaled,cpu,nan,nan,nan,,,,,,,,nan,nan,nan,nan,nan,nan,False,,
fig1,adaptive_jones_vp_proposed,62,1815661330,-5.0,snr_db,-5.0,3,3,3,3,full_6d,1815661330,,,nan,,False,,77.04019464552402,0.0007221044047628069,0.0007221044047628069,1.5998073158807617e-05,0.0001497137412086945,2.5081688808845806e-12,1.7903568405436208,False,direct_vp,global_exact_spherical_vp,main_single_proposed,True,ff22c6c366d68e21,adaptive_jones,cupy,True,0,cupy,cupy.linalg.solve,fixed_pol_anchor,True,fixed_anchor_then_adaptive_jones_score_selection,fixed_pol_anchor,3.42961849327752,140.89753099219496,67.99225583118368,0.0,True,3,4,3096725.458075429,3160449.9173026327,"[3.42961849327752,59.64961800807856,140.89753099219496]","[0.2915776206469306,0.01676456670359426,0.007097356446327634]","[1.526628404098714e-07,3.875870382748109e-08,7.675395818633138e-09]",direct_vp,"[""poor_clock_consistency""]",3097295.7785228677,3096560,True,1076203.467043609,174.21969450715153,3.3810559253302133,0.5494359968660754,"[5.045218586579296,4.931393280966476,3.8269522125550166]",124.01101379841566,70.27979601919651,195.51623705774546,nan,nan,nan,nan,False,,nan,,,nan,nan,nan,,,,,,,,0.0007221044047628069,1.5998073158807617e-05,1.7903568405436208,nan,nan,nan,False,not_run,not_requested
fig1,PEB,62,1815661330,-5.0,snr_db,-5.0,3,3,3,3,full_6d,1815661330,,,nan,,False,,5.286834314465523,nan,nan,nan,nan,nan,nan,False,,,peb_only,False,f10a601ea5108113,,,,,,,adaptive_jones,True,fixed_anchor_then_adaptive_jones_score_selection,,nan,nan,nan,nan,True,,,nan,nan,,,,,[],nan,,,nan,nan,nan,nan,,nan,nan,nan,0.001012262385665174,nan,nan,0.001012262385665174,False,97d98efc9e77b8da847d52d27748aedf3c40844281671ccf00f295af09763222,1.7899407806984395,computed_unscaled,cpu,nan,nan,nan,,,,,,,,nan,nan,nan,nan,nan,nan,False,,
fig1,adaptive_jones_vp_proposed,63,3424526765,-5.0,snr_db,-5.0,3,3,3,3,full_6d,3424526765,,,nan,,False,,63.39986275136471,0.00019587707852944953,0.00019587707852944953,1.85548037644529e-05,0.00015485435476589652,1.9246094955339747e-12,1.0290575801796424,False,direct_vp,global_exact_spherical_vp,main_single_proposed,True,fe8aefae16e4badf,adaptive_jones,cupy,True,0,cupy,cupy.linalg.solve,fixed_pol_anchor,True,fixed_anchor_then_adaptive_jones_score_selection,fixed_pol_anchor,5.860860832747869,26.162452108829754,13.778173749864555,0.0,True,3,4,3096725.458075429,3117271.0694388337,"[26.162452108829754,5.860860832747869,9.311208308016038]","[0.03822271688502548,0.17062339962187575,0.10739744691672151]","[1.544315159915278e-07,3.3969734213790375e-08,4.82127932117762e-07]",direct_vp,[],3097440.6569299167,3096560,True,2367526.1159562413,71.7712753566284,8.042120239757109,0.07935652474215123,"[4.950736778107552,5.088288308934672,5.138458932123369]",135.61685868352652,56.96000012010336,193.8857828900218,nan,nan,nan,nan,False,,nan,,,nan,nan,nan,,,,,,,,0.00019587707852944953,1.85548037644529e-05,1.0290575801796424,nan,nan,nan,False,not_run,not_requested
fig1,PEB,63,3424526765,-5.0,snr_db,-5.0,3,3,3,3,full_6d,3424526765,,,nan,,False,,5.77570203691721,nan,nan,nan,nan,nan,nan,False,,,peb_only,False,23c3826e41d1d3cc,,,,,,,adaptive_jones,True,fixed_anchor_then_adaptive_jones_score_selection,,nan,nan,nan,nan,True,,,nan,nan,,,,,[],nan,,,nan,nan,nan,nan,,nan,nan,nan,0.0006696160051628242,nan,nan,0.0006696160051628242,False,258f950ff6512034899ff541f16fbb81fb7ab692c62ede128038d4532b76f1bb,1.0287703166396631,computed_unscaled,cpu,nan,nan,nan,,,,,,,,nan,nan,nan,nan,nan,nan,False,,
fig1,adaptive_jones_vp_proposed,33,3489193506,-5.0,snr_db,-5.0,3,3,3,3,full_6d,3489193506,,,nan,,False,,587.4985072612762,0.00017698587009873801,0.00017698587009873801,1.1123793964302727e-05,0.0001159226148597819,3.790872152819183e-13,1.5874093395431723,False,direct_vp,global_exact_spherical_vp,main_single_proposed,True,bffa89e111a5257e,adaptive_jones,cupy,True,0,cupy,cupy.linalg.solve,fixed_pol_anchor,True,fixed_anchor_then_adaptive_jones_score_selection,fixed_pol_anchor,7.33381282498236,18.124368413664996,11.142206474732127,0.0,True,3,4,3096725.458075429,3194054.8494237144,"[7.33381282498236,18.124368413664996,7.968438185549024]","[0.13635472077855648,0.05517433640489886,0.12549510665785904]","[1.2775311852057837e-07,9.342116760028033e-09,1.8058493740775632e-07]",direct_vp,"[""poor_clock_consistency""]",3094849.8779303716,3096560,True,2458589.9098250247,79.38279626635662,9.708031119084216,0.12175950983345821,"[4.914032310061093,5.065065344399192,5.212272802053123]",143.1694469973445,581.2504819184542,725.703171864152,nan,nan,nan,nan,False,,nan,,,nan,nan,nan,,,,,,,,0.00017698587009873801,1.1123793964302727e-05,1.5874093395431723,nan,nan,nan,False,not_run,not_requested
fig1,PEB,33,3489193506,-5.0,snr_db,-5.0,3,3,3,3,full_6d,3489193506,,,nan,,False,,4.817536622285843,nan,nan,nan,nan,nan,nan,False,,,peb_only,False,2e86e8ad6a2bb855,,,,,,,adaptive_jones,True,fixed_anchor_then_adaptive_jones_score_selection,,nan,nan,nan,nan,True,,,nan,nan,,,,,[],nan,,,nan,nan,nan,nan,,nan,nan,nan,0.0006519872133130736,nan,nan,0.0006519872133130736,False,76527bb9436024da57d5b3c4ee115c2d9eeebd7e9b24b99b40e819fe3069631e,1.588294701484008,computed_unscaled,cpu,nan,nan,nan,,,,,,,,nan,nan,nan,nan,nan,nan,False,,
fig1,adaptive_jones_vp_proposed,65,2236466502,-5.0,snr_db,-5.0,3,3,3,3,full_6d,2236466502,,,nan,,False,,62.28441281616688,0.00035156603924891953,0.00035156603924891953,1.6333947709125146e-05,0.00021451498500901664,3.828772080889825e-12,0.33500751968979176,False,direct_vp,global_exact_spherical_vp,main_single_proposed,True,346ab53f237d8748,adaptive_jones,cupy,True,0,cupy,cupy.linalg.solve,fixed_pol_anchor,True,fixed_anchor_then_adaptive_jones_score_selection,fixed_pol_anchor,7.056964846536706,19.53795169531393,11.5628157215653,0.0,True,3,4,3096725.458075429,3098396.8882996207,"[8.093530622845265,19.53795169531393,7.056964846536706]","[0.12355547246207346,0.051182437932851814,0.14170397922326416]","[1.7314762633329797e-07,7.121027429267297e-08,1.6079997247498668e-07]",direct_vp,"[""poor_clock_consistency""]",3100303.2807335844,3096560,True,2786950.986708088,70.00262295491244,8.548581896527523,0.10796028768236894,"[5.141408752500018,5.042087137309253,4.879496162130043]",143.3174038603902,56.62599637359381,201.32625425606966,nan,nan,nan,nan,False,,nan,,,nan,nan,nan,,,,,,,,0.00035156603924891953,1.6333947709125146e-05,0.33500751968979176,nan,nan,nan,False,not_run,not_requested
fig1,PEB,65,2236466502,-5.0,snr_db,-5.0,3,3,3,3,full_6d,2236466502,,,nan,,False,,4.430903762578964,nan,nan,nan,nan,nan,nan,False,,,peb_only,False,a805c4d8076949f3,,,,,,,adaptive_jones,True,fixed_anchor_then_adaptive_jones_score_selection,,nan,nan,nan,nan,True,,,nan,nan,,,,,[],nan,,,nan,nan,nan,nan,,nan,nan,nan,0.0006042348878372157,nan,nan,0.0006042348878372157,False,8713a1af4c8a44df0d773df8c1e647ae5757abeba9d4009ab7b9d7ee65d54a43,0.3346047632622173,computed_unscaled,cpu,nan,nan,nan,,,,,,,,nan,nan,nan,nan,nan,nan,False,,
fig1,adaptive_jones_vp_proposed,31,3399679668,-5.0,snr_db,-5.0,3,3,3,3,full_6d,3399679668,,,nan,,False,,653.4060722738504,0.0006844405721843475,0.0006844405721843475,1.0486113782236494e-05,0.00018959806284969037,6.169622062850827e-13,1.2737654339715065,False,direct_vp_rollback,global_exact_spherical_vp,main_single_proposed,True,bed392f9a3d8d005,adaptive_jones,cupy,True,0,cupy,cupy.linalg.solve,fixed_pol_anchor,True,fixed_anchor_then_adaptive_jones_score_selection,fixed_pol_anchor,5.609239688805151,31.64961919995558,15.547981536723825,0.0,True,3,4,3096725.458075429,3153593.1475162962,"[5.609239688805151,9.385085721410746,31.64961919995558]","[0.17827728096379586,0.10655203688861958,0.03159595676809135]","[3.23354952380602e-07,5.445523791590001e-08,3.927188092700485e-09]",jnpp_then_vp,[],3102844.3574288194,3096560,False,1688345.3974702219,93.8779499971676,9.414958989263685,0.09361742603141396,"[4.974426712470007,5.126137389624266,4.901362932451136]",137.26954041421413,546.1122923493385,684.5951713770628,nan,nan,nan,nan,False,,nan,,,nan,nan,nan,,,,,,,,0.0006844405721843475,1.0486113782236494e-05,1.2737654339715065,0.0006844597029286169,1.0486169004101572e-05,1.2737654339715099,True,rollback,existing_selector_rollback
fig1,PEB,31,3399679668,-5.0,snr_db,-5.0,3,3,3,3,full_6d,3399679668,,,nan,,False,,5.081416599452496,nan,nan,nan,nan,nan,nan,False,,,peb_only,False,6f1b1dd8dc2a1bb5,,,,,,,adaptive_jones,True,fixed_anchor_then_adaptive_jones_score_selection,,nan,nan,nan,nan,True,,,nan,nan,,,,,[],nan,,,nan,nan,nan,nan,,nan,nan,nan,0.0007795071799394346,nan,nan,0.0007795071799394346,False,579f4d92d8c766cab7fa417a5175cd99bb36ab4a51df0f587cc9ea2e392b9def,1.271192176630547,computed_unscaled,cpu,nan,nan,nan,,,,,,,,nan,nan,nan,nan,nan,nan,False,,
fig1,adaptive_jones_vp_proposed,66,437355907,-5.0,snr_db,-5.0,3,3,3,3,full_6d,437355907,,,nan,,False,,63.37867438048124,0.0009889527329150088,0.0009889527329150088,2.5620915636747767e-05,0.0002086515453261595,2.681557073291667e-13,1.8372747089780401,False,direct_vp,global_exact_spherical_vp,main_single_proposed,True,6a2a97ab4e0d84ae,adaptive_jones,cupy,True,0,cupy,cupy.linalg.solve,fixed_pol_anchor,True,fixed_anchor_then_adaptive_jones_score_selection,fixed_pol_anchor,6.4130312162620005,24.124447932686273,12.981865990813658,0.0,True,3,4,3096725.458075429,3097133.68629864,"[8.408118823492698,24.124447932686273,6.4130312162620005]","[0.1189326674591637,0.04145172576658109,0.15593250153808896]","[5.215428864253131e-08,6.113116559348874e-09,3.0413202469593984e-07]",direct_vp,[],3097743.0359372552,3096560,True,2632770.3293694933,78.0478683456604,11.558199949297542,0.05254405658249242,"[5.127722404241596,5.018323847098208,5.014304157347413]",141.51637295633554,56.91649854928255,199.8100672364235,nan,nan,nan,nan,False,,nan,,,nan,nan,nan,,,,,,,,0.0009889527329150088,2.5620915636747767e-05,1.8372747089780401,nan,nan,nan,False,not_run,not_requested
fig1,PEB,66,437355907,-5.0,snr_db,-5.0,3,3,3,3,full_6d,437355907,,,nan,,False,,5.167824909090996,nan,nan,nan,nan,nan,nan,False,,,peb_only,False,fb76faae04e3cfc8,,,,,,,adaptive_jones,True,fixed_anchor_then_adaptive_jones_score_selection,,nan,nan,nan,nan,True,,,nan,nan,,,,,[],nan,,,nan,nan,nan,nan,,nan,nan,nan,0.0006309106135732077,nan,nan,0.0006309106135732077,False,34c19cd95e99da79457cbf3518f1232a26ad19f1e8691866bda8c30a1c520f1f,1.836582538715009,computed_unscaled,cpu,nan,nan,nan,,,,,,,,nan,nan,nan,nan,nan,nan,False,,
fig1,adaptive_jones_vp_proposed,67,804537149,-5.0,snr_db,-5.0,3,3,3,3,full_6d,804537149,,,nan,,False,,62.95436830818653,0.0014306114218962987,0.0014306114218962987,2.488707032369149e-05,5.216236054328954e-05,3.909694537333617e-12,1.43691724050073,False,direct_vp,global_exact_spherical_vp,main_single_proposed,True,01d78db2c6871d7a,adaptive_jones,cupy,True,0,cupy,cupy.linalg.solve,fixed_pol_anchor,True,fixed_anchor_then_adaptive_jones_score_selection,fixed_pol_anchor,9.169908653118735,9.90880512115472,9.526608536555349,0.0,True,3,4,3096725.458075429,3097119.72315756,"[9.169908653118735,9.50111183539259,9.90880512115472]","[0.10905234041243417,0.10525083982965014,0.10092034183366365]","[8.060046843292486e-08,2.421616931789399e-08,1.2729425828868856e-07]",direct_vp,"[""poor_clock_consistency""]",3092776.896413866,3096560,True,2561829.886266011,70.51221722408968,7.668370480379943,0.15155004444717324,"[5.117641843728266,5.202125440851657,4.846833705001116]",141.67391819506884,56.05730564147234,198.9394644126296,nan,nan,nan,nan,False,,nan,,,nan,nan,nan,,,,,,,,0.0014306114218962987,2.488707032369149e-05,1.43691724050073,nan,nan,nan,False,not_run,not_requested
fig1,PEB,67,804537149,-5.0,snr_db,-5.0,3,3,3,3,full_6d,804537149,,,nan,,False,,5.45048563927412,nan,nan,nan,nan,nan,nan,False,,,peb_only,False,2df6b1b9ba9befa8,,,,,,,adaptive_jones,True,fixed_anchor_then_adaptive_jones_score_selection,,nan,nan,nan,nan,True,,,nan,nan,,,,,[],nan,,,nan,nan,nan,nan,,nan,nan,nan,0.0006298314186978662,nan,nan,0.0006298314186978662,False,b26904abe3f7d46852807fc0a30cd211634c6c8e972ac0e965050f20e27517f2,1.4386823201117729,computed_unscaled,cpu,nan,nan,nan,,,,,,,,nan,nan,nan,nan,nan,nan,False,,
fig1,adaptive_jones_vp_proposed,37,1911328645,-5.0,snr_db,-5.0,3,3,3,3,full_6d,1911328645,,,nan,,False,,575.581929244101,0.0007851989400171983,0.0007851989400171983,1.3438882454295281e-05,0.00016769099461003356,8.262751149853374e-13,0.7223941867994215,False,direct_vp,global_exact_spherical_vp,main_single_proposed,True,395146630e626e72,adaptive_jones,cupy,True,0,cupy,cupy.linalg.solve,fixed_pol_anchor,True,fixed_anchor_then_adaptive_jones_score_selection,fixed_pol_anchor,4.694506162898641,22.603149083058675,14.650407603360359,0.0,True,3,4,3096725.458075429,3151772.2888614177,"[16.653567564123765,4.694506162898641,22.603149083058675]","[0.06004719385998792,0.21301495094381806,0.04424162298371551]","[1.946067143067614e-07,1.2329196262123878e-07,5.028751468981514e-08]",direct_vp,"[""poor_clock_consistency""]",3094165.553250444,3096560,True,1784488.6896746983,84.81749663958699,7.443200814299848,0.25610620176404403,"[5.150238043706327,5.04270545948143,4.5612294726991145]",146.57069219648838,568.9007841050625,716.727386943996,nan,nan,nan,nan,False,,nan,,,nan,nan,nan,,,,,,,,0.0007851989400171983,1.3438882454295281e-05,0.7223941867994215,nan,nan,nan,False,not_run,not_requested
fig1,PEB,37,1911328645,-5.0,snr_db,-5.0,3,3,3,3,full_6d,1911328645,,,nan,,False,,4.728112079203129,nan,nan,nan,nan,nan,nan,False,,,peb_only,False,8e5ee86b81f9f88a,,,,,,,adaptive_jones,True,fixed_anchor_then_adaptive_jones_score_selection,,nan,nan,nan,nan,True,,,nan,nan,,,,,[],nan,,,nan,nan,nan,nan,,nan,nan,nan,0.0007669004603673736,nan,nan,0.0007669004603673736,False,89cd20fcd9a64ac709c19d36df44d0df4be8c42c9af5aab07d8f4fd5c690dd17,0.7229569532996301,computed_unscaled,cpu,nan,nan,nan,,,,,,,,nan,nan,nan,nan,nan,nan,False,,
fig1,adaptive_jones_vp_proposed,68,217409269,-5.0,snr_db,-5.0,3,3,3,3,full_6d,217409269,,,nan,,False,,62.831026166677475,0.0002878625271464118,0.0002878625271464118,2.9465645469462215e-05,0.0001236898846158448,3.1145082947512953e-13,0.5783463946073789,False,direct_vp,global_exact_spherical_vp,main_single_proposed,True,3a6c31c452b35a8e,adaptive_jones,cupy,True,0,cupy,cupy.linalg.solve,fixed_pol_anchor,True,fixed_anchor_then_adaptive_jones_score_selection,fixed_pol_anchor,6.545851452583501,32.30934045214535,15.46397998519915,0.0,True,3,4,3096725.458075429,3097565.56264875,"[6.545851452583501,7.5367480508686,32.30934045214535]","[0.15276851410961617,0.1326832200364207,0.030950802027321807]","[7.859740415304025e-07,1.6215478350201735e-09,4.6093344513517316e-08]",direct_vp,"[""poor_clock_consistency""]",3099211.8561926433,3096560,True,1612291.8677070367,95.18162195782698,7.485873486266771,0.10132260239459341,"[4.926587211845394,5.07383881953758,4.827192967933698]",140.6972088292241,55.8139635771513,197.78065164387226,nan,nan,nan,nan,False,,nan,,,nan,nan,nan,,,,,,,,0.0002878625271464118,2.9465645469462215e-05,0.5783463946073789,nan,nan,nan,False,not_run,not_requested
fig1,PEB,68,217409269,-5.0,snr_db,-5.0,3,3,3,3,full_6d,217409269,,,nan,,False,,5.364164799451828,nan,nan,nan,nan,nan,nan,False,,,peb_only,False,0f4a8ad3c411c793,,,,,,,adaptive_jones,True,fixed_anchor_then_adaptive_jones_score_selection,,nan,nan,nan,nan,True,,,nan,nan,,,,,[],nan,,,nan,nan,nan,nan,,nan,nan,nan,0.0007981064827813772,nan,nan,0.0007981064827813772,False,0b182e454a04b5041a3aee67b1d617d5e470ee5322dc8a1561fe76d42cd56704,0.5778545153824487,computed_unscaled,cpu,nan,nan,nan,,,,,,,,nan,nan,nan,nan,nan,nan,False,,
fig1,adaptive_jones_vp_proposed,70,1909013635,-5.0,snr_db,-5.0,3,3,3,3,full_6d,1909013635,,,nan,,False,,75.10141452401876,0.0009410973556738221,0.0009410973556738221,1.6067222941748864e-05,0.00028778733160165506,1.3607156541106874e-12,0.668197011864133,False,direct_vp,global_exact_spherical_vp,main_single_proposed,True,512cc85d0a92af2f,adaptive_jones,cupy,True,0,cupy,cupy.linalg.solve,fixed_pol_anchor,True,fixed_anchor_then_adaptive_jones_score_selection,fixed_pol_anchor,3.7038267262050666,47.998804021385624,31.055232234328628,0.0,True,3,4,3096725.458075429,3139053.6413864545,"[3.7038267262050666,47.998804021385624,41.463065955395194]","[0.26999103195653384,0.020833852433207633,0.024117849872325143]","[1.2929276142129946e-08,3.082331532709178e-08,7.233272468206132e-08]",direct_vp,"[""poor_clock_consistency""]",3096748.0682343845,3096560,True,1505871.2871503953,131.12117741507663,6.120211966672216,0.20601703304629257,"[5.006878237373615,4.577076938094567,4.562965114434232]",144.64297139644623,68.37023045122623,214.2043390199542,nan,nan,nan,nan,False,,nan,,,nan,nan,nan,,,,,,,,0.0009410973556738221,1.6067222941748864e-05,0.668197011864133,nan,nan,nan,False,not_run,not_requested
fig1,PEB,70,1909013635,-5.0,snr_db,-5.0,3,3,3,3,full_6d,1909013635,,,nan,,False,,5.140721261501312,nan,nan,nan,nan,nan,nan,False,,,peb_only,False,703dcd1b59fbcc74,,,,,,,adaptive_jones,True,fixed_anchor_then_adaptive_jones_score_selection,,nan,nan,nan,nan,True,,,nan,nan,,,,,[],nan,,,nan,nan,nan,nan,,nan,nan,nan,0.0008448859546956159,nan,nan,0.0008448859546956159,False,7231f7a6a5fbe3cc9ff17e3c4c7cf441e267b4bae6d7354446f2924a30ccbc7b,0.6681598840521448,computed_unscaled,cpu,nan,nan,nan,,,,,,,,nan,nan,nan,nan,nan,nan,False,,
fig1,adaptive_jones_vp_proposed,73,1489186484,-5.0,snr_db,-5.0,3,3,3,3,full_6d,1489186484,,,nan,,False,,63.57914483547211,0.0002700741027154113,0.0002700741027154113,2.5264067069703216e-05,9.731036649795473e-05,3.5146419491879243e-12,0.8933377776639573,False,direct_vp,global_exact_spherical_vp,main_single_proposed,True,63d368bb3e6497b2,adaptive_jones,cupy,True,0,cupy,cupy.linalg.solve,fixed_pol_anchor,True,fixed_anchor_then_adaptive_jones_score_selection,fixed_pol_anchor,6.454822432154347,17.48833990255576,11.138766083980878,0.0,True,3,4,3096725.458075429,3129397.0425690245,"[9.473135917232527,17.48833990255576,6.454822432154347]","[0.10556166497848221,0.05718095631457683,0.1549229294073373]","[6.984405444889543e-08,4.334850588033358e-08,8.289754717469666e-07]",direct_vp,[],3096064.500768602,3096560,True,2820846.250181417,68.22674796577213,11.415056631164413,0.040772909365332344,"[5.13720408071151,5.093503923859255,5.193127120004987]",141.15379255264997,58.255419582128525,200.49733196943998,nan,nan,nan,nan,False,,nan,,,nan,nan,nan,,,,,,,,0.0002700741027154113,2.5264067069703216e-05,0.8933377776639573,nan,nan,nan,False,not_run,not_requested
fig1,PEB,73,1489186484,-5.0,snr_db,-5.0,3,3,3,3,full_6d,1489186484,,,nan,,False,,4.778709799051285,nan,nan,nan,nan,nan,nan,False,,,peb_only,False,be77ea150937a3e2,,,,,,,adaptive_jones,True,fixed_anchor_then_adaptive_jones_score_selection,,nan,nan,nan,nan,True,,,nan,nan,,,,,[],nan,,,nan,nan,nan,nan,,nan,nan,nan,0.0006006029159738121,nan,nan,0.0006006029159738121,False,d64a78118eb17c14251c66a9269a2f68d800276ea77027a48898e01b93fc8e18,0.8934853655409349,computed_unscaled,cpu,nan,nan,nan,,,,,,,,nan,nan,nan,nan,nan,nan,False,,
fig1,adaptive_jones_vp_proposed,75,3035140021,-5.0,snr_db,-5.0,3,3,3,3,full_6d,3035140021,,,nan,,False,,55.19013328105211,0.0005932473158905674,0.0005932473158905674,1.9516141490463583e-05,0.00014866122972188276,3.1677002730734827e-12,1.0476771598235157,False,direct_vp,global_exact_spherical_vp,main_single_proposed,True,76679940ec9a8feb,adaptive_jones,cupy,True,0,cupy,cupy.linalg.solve,fixed_pol_anchor,True,fixed_anchor_then_adaptive_jones_score_selection,fixed_pol_anchor,3.85570896360375,58.81494609602465,29.36590660077168,0.0,True,3,4,3096725.458075429,3098183.69314887,"[3.85570896360375,25.427064742686646,58.81494609602465]","[0.25935567477621324,0.03932817295642407,0.017002480939258668]","[1.3562423243499703e-08,2.3087544405701503e-08,8.89906641136583e-08]",direct_vp,[],3092353.623973947,3096560,True,1321357.0897730347,139.63706911565347,6.4979649324945346,0.0862561167217007,"[4.948546297396287,4.880407980796849,5.087677620856379]",138.02549005299807,49.103799887001514,188.45086681097746,nan,nan,nan,nan,False,,nan,,,nan,nan,nan,,,,,,,,0.0005932473158905674,1.9516141490463583e-05,1.0476771598235157,nan,nan,nan,False,not_run,not_requested
fig1,PEB,75,3035140021,-5.0,snr_db,-5.0,3,3,3,3,full_6d,3035140021,,,nan,,False,,4.618141032755375,nan,nan,nan,nan,nan,nan,False,,,peb_only,False,9128c1d8e9febad5,,,,,,,adaptive_jones,True,fixed_anchor_then_adaptive_jones_score_selection,,nan,nan,nan,nan,True,,,nan,nan,,,,,[],nan,,,nan,nan,nan,nan,,nan,nan,nan,0.000894076795183942,nan,nan,0.000894076795183942,False,2f212a9fc87faf916a5915468a1ea2df60203d744fc985d035cf071254d1c26c,1.0491076840974496,computed_unscaled,cpu,nan,nan,nan,,,,,,,,nan,nan,nan,nan,nan,nan,False,,
fig1,adaptive_jones_vp_proposed,44,2937526438,-5.0,snr_db,-5.0,3,3,3,3,full_6d,2937526438,,,nan,,False,,537.695438914001,0.0002720188196080203,0.0002720188196080203,2.4144621800206215e-05,3.916827681651775e-05,4.216390091080847e-13,1.0017501702740093,False,direct_vp,global_exact_spherical_vp,main_single_proposed,True,29670c09cf2f70e4,adaptive_jones,cupy,True,0,cupy,cupy.linalg.solve,fixed_pol_anchor,True,fixed_anchor_then_adaptive_jones_score_selection,fixed_pol_anchor,6.073949568453655,31.160263256802413,15.201784374244042,0.0,True,3,4,3096725.458075429,3197273.330471981,"[31.160263256802413,6.073949568453655,8.371140297476058]","[0.03209215505425923,0.16463752106004273,0.1194580385055945]","[8.645873839045501e-08,1.0031064507886171e-08,1.7171942985184581e-07]",direct_vp,[],3098562.569873275,3096560,True,2684392.799100965,72.71624475331683,8.637463761856386,0.05956945728219902,"[5.135424257782419,5.009345845291589,5.1359972870886255]",125.22351228445768,531.6511284485459,658.1598589643836,nan,nan,nan,nan,False,,nan,,,nan,nan,nan,,,,,,,,0.0002720188196080203,2.4144621800206215e-05,1.0017501702740093,nan,nan,nan,False,not_run,not_requested
fig1,PEB,44,2937526438,-5.0,snr_db,-5.0,3,3,3,3,full_6d,2937526438,,,nan,,False,,4.102232865989208,nan,nan,nan,nan,nan,nan,False,,,peb_only,False,ea0631bf1a0774d2,,,,,,,adaptive_jones,True,fixed_anchor_then_adaptive_jones_score_selection,,nan,nan,nan,nan,True,,,nan,nan,,,,,[],nan,,,nan,nan,nan,nan,,nan,nan,nan,0.0006170968120405389,nan,nan,0.0006170968120405389,False,a69e9e58b307bf283137f27fcdcb11ba27c21f96108559d9bf8b0d1b3c2cba08,1.0011079219204781,computed_unscaled,cpu,nan,nan,nan,,,,,,,,nan,nan,nan,nan,nan,nan,False,,
fig1,adaptive_jones_vp_proposed,74,2087150408,-5.0,snr_db,-5.0,3,3,3,3,full_6d,2087150408,,,nan,,False,,66.09341798722744,0.00014210459552683606,0.00014210459552683606,1.8716892720586956e-05,6.876720758905092e-05,1.8122801824876184e-12,0.7616752318821067,False,direct_vp,global_exact_spherical_vp,main_single_proposed,True,e01106d670c6b646,adaptive_jones,cupy,True,0,cupy,cupy.linalg.solve,fixed_pol_anchor,True,fixed_anchor_then_adaptive_jones_score_selection,fixed_pol_anchor,6.944094062687154,12.943795090059897,10.107710784267537,0.0,True,3,4,3096725.458075429,3114404.5826482843,"[6.944094062687154,10.43524320005556,12.943795090059897]","[0.14400726588171908,0.09582910343519742,0.07725709446335408]","[3.793640839205827e-09,3.091570142880809e-09,2.6422803774107554e-08]",direct_vp,[],3096096.8678168454,3096560,True,2078839.134595904,79.35240600581288,10.021689396546545,0.09438302226045554,"[5.266454871686177,5.054223935049122,5.2397448135120355]",144.27826938778162,59.56558649241924,205.05551353096962,nan,nan,nan,nan,False,,nan,,,nan,nan,nan,,,,,,,,0.00014210459552683606,1.8716892720586956e-05,0.7616752318821067,nan,nan,nan,False,not_run,not_requested
fig1,PEB,74,2087150408,-5.0,snr_db,-5.0,3,3,3,3,full_6d,2087150408,,,nan,,False,,5.0499416291713715,nan,nan,nan,nan,nan,nan,False,,,peb_only,False,4c131d19633056ce,,,,,,,adaptive_jones,True,fixed_anchor_then_adaptive_jones_score_selection,,nan,nan,nan,nan,True,,,nan,nan,,,,,[],nan,,,nan,nan,nan,nan,,nan,nan,nan,0.000707136818463113,nan,nan,0.000707136818463113,False,78fd75a3c1d4026a3e7d885aa302f9406531fe623bed7ee4eda6f02c54b6aa8a,0.7617931038778121,computed_unscaled,cpu,nan,nan,nan,,,,,,,,nan,nan,nan,nan,nan,nan,False,,
fig1,adaptive_jones_vp_proposed,76,125194699,-5.0,snr_db,-5.0,3,3,3,3,full_6d,125194699,,,nan,,False,,64.590242870152,0.00027560061930716076,0.00027560061930716076,1.56291402407809e-05,7.269280999799988e-05,3.502776161267247e-13,0.5314956740836486,False,direct_vp,global_exact_spherical_vp,main_single_proposed,True,803bde504807624e,adaptive_jones,cupy,True,0,cupy,cupy.linalg.solve,fixed_pol_anchor,True,fixed_anchor_then_adaptive_jones_score_selection,fixed_pol_anchor,4.0623874192585925,34.309167104028695,20.979236329739383,0.0,True,3,4,3096725.458075429,3175364.8573606787,"[4.0623874192585925,34.309167104028695,24.566154465930868]","[0.24616066780219673,0.029146729121508393,0.04070641179767334]","[3.188195930125191e-07,1.1027913977936376e-07,1.7721046437755583e-07]",direct_vp,"[""poor_clock_consistency""]",3095481.43366966,3096560,True,1607816.5743056033,116.64032517875734,7.58353839655565,0.1482975844233285,"[5.03086753625971,5.19186147175497,5.39336715560194]",141.54736149311066,58.20119842886925,201.01255559176207,nan,nan,nan,nan,False,,nan,,,nan,nan,nan,,,,,,,,0.00027560061930716076,1.56291402407809e-05,0.5314956740836486,nan,nan,nan,False,not_run,not_requested
fig1,PEB,76,125194699,-5.0,snr_db,-5.0,3,3,3,3,full_6d,125194699,,,nan,,False,,5.20698257535696,nan,nan,nan,nan,nan,nan,False,,,peb_only,False,8ba178b0d20280cd,,,,,,,adaptive_jones,True,fixed_anchor_then_adaptive_jones_score_selection,,nan,nan,nan,nan,True,,,nan,nan,,,,,[],nan,,,nan,nan,nan,nan,,nan,nan,nan,0.0008101572310169272,nan,nan,0.0008101572310169272,False,6b8d35b33f7212a697b02c68cfa098dd74c3e1f522985e34bcbd559db51c8fd8,0.5316836116571858,computed_unscaled,cpu,nan,nan,nan,,,,,,,,nan,nan,nan,nan,nan,nan,False,,
fig1,adaptive_jones_vp_proposed,78,3639033133,-5.0,snr_db,-5.0,3,3,3,3,full_6d,3639033133,,,nan,,False,,52.700001902878284,0.00036465376320786653,0.00036465376320786653,1.2955820654525107e-05,0.00012863693551992737,7.070209681126174e-13,0.543765783878805,False,direct_vp,global_exact_spherical_vp,main_single_proposed,True,415d9f9bae949713,adaptive_jones,cupy,True,0,cupy,cupy.linalg.solve,fixed_pol_anchor,True,fixed_anchor_then_adaptive_jones_score_selection,fixed_pol_anchor,4.893448682987834,75.5858043931174,30.259503114130762,0.0,True,3,4,3096725.458075429,3098089.598882253,"[10.299256266287056,4.893448682987834,75.5858043931174]","[0.09709438954956762,0.20435485580376583,0.013229997457240409]","[1.207606182275988e-07,3.360433298925647e-08,1.104342488320922e-08]",direct_vp,[],3098183.2777577545,3096560,True,1638639.6449100936,93.82053677830618,8.312217688052588,0.041547809876322214,"[4.896412387042678,4.955944308206163,4.997662297198951]",146.41372775286436,47.04882399737835,194.67137365043163,nan,nan,nan,nan,False,,nan,,,nan,nan,nan,,,,,,,,0.00036465376320786653,1.2955820654525107e-05,0.543765783878805,nan,nan,nan,False,not_run,not_requested
fig1,PEB,78,3639033133,-5.0,snr_db,-5.0,3,3,3,3,full_6d,3639033133,,,nan,,False,,5.113488756120205,nan,nan,nan,nan,nan,nan,False,,,peb_only,False,5662c83318f0af74,,,,,,,adaptive_jones,True,fixed_anchor_then_adaptive_jones_score_selection,,nan,nan,nan,nan,True,,,nan,nan,,,,,[],nan,,,nan,nan,nan,nan,,nan,nan,nan,0.0007870682272863532,nan,nan,0.0007870682272863532,False,775d9f1d6241dae7442a88dca0b3fa5d7751717fd8d49705eaa3b8cfda4ebb75,0.54348368867284,computed_unscaled,cpu,nan,nan,nan,,,,,,,,nan,nan,nan,nan,nan,nan,False,,
fig1,adaptive_jones_vp_proposed,77,4292676672,-10.0,snr_db,-10.0,3,3,3,3,full_6d,4292676672,,,nan,,False,,1733.7948542162776,0.0006344996726900575,0.0006344996726900575,1.997273111601306e-05,3.704426266797766e-05,1.209982973154055e-12,8.723823578086586,False,ris_only_stage2_then_vp,global_exact_spherical_vp,main_single_proposed,True,ec054bb19239cfe2,adaptive_jones,cupy,True,0,cupy,cupy.linalg.solve,fixed_pol_anchor,True,fixed_anchor_then_adaptive_jones_score_selection,fixed_pol_anchor,14.729543394832115,2292.8913805320763,779.5870193972663,0.0,True,3,4,3096725.458075429,3186562.138845029,"[14.729543394832115,2292.8913805320763,31.14013426489065]","[0.06789076709167523,0.00043613055821033,0.032112899432688795]","[0.0018579466898025782,3.636000776950763e-07,5.510246303986556e-08]",jnpp_then_vp,"[""low_assignment_margin"",""poor_clock_consistency""]",3400370.475335511,3096560,False,11527.829517414879,55.883080450224405,0.04445335084472075,45.393492717659704,"[102.5474986161079,7.577483970187032,4.981720995535287]",147.1680407822132,78.32079762220383,243.81108105927706,nan,nan,nan,nan,False,,nan,,,nan,nan,nan,,,,,,,,1.3260477527527412,0.9898630481707869,9.588413251977874,0.0006344996726900575,1.997273111601306e-05,8.723823578086586,True,accepted,accepted
fig1,PEB,77,4292676672,-10.0,snr_db,-10.0,3,3,3,3,full_6d,4292676672,,,nan,,False,,5.15332567691803,nan,nan,nan,nan,nan,nan,False,,,peb_only,False,ae7a7c175dc5acf5,,,,,,,adaptive_jones,True,fixed_anchor_then_adaptive_jones_score_selection,,nan,nan,nan,nan,True,,,nan,nan,,,,,[],nan,,,nan,nan,nan,nan,,nan,nan,nan,0.0012521582502547609,nan,nan,0.0012521582502547609,False,f60a4ab9705635604ca71e7bb7f90055bd716281a75d4d93b7beab9eb08c99af,8.731769249710073,computed_unscaled,cpu,nan,nan,nan,,,,,,,,nan,nan,nan,nan,nan,nan,False,,
fig1,adaptive_jones_vp_proposed,79,2511075941,-5.0,snr_db,-5.0,3,3,3,3,full_6d,2511075941,,,nan,,False,,65.29886082559824,0.0002036577270506903,0.0002036577270506903,1.6331978681957612e-05,0.00017251142723978584,2.026242712668817e-13,1.2692770197623984,False,direct_vp,global_exact_spherical_vp,main_single_proposed,True,465adb3e120a2b63,adaptive_jones,cupy,True,0,cupy,cupy.linalg.solve,fixed_pol_anchor,True,fixed_anchor_then_adaptive_jones_score_selection,fixed_pol_anchor,3.8706541233142184,41.56968086117004,25.070230373172823,0.0,True,3,4,3096725.458075429,3107778.3286768035,"[29.770356135034213,3.8706541233142184,41.56968086117004]","[0.03359046144541799,0.2583542647153104,0.02405599415829347]","[4.935987557851695e-09,2.0235340122191346e-07,8.893297065282162e-09]",direct_vp,[],3094959.9034556253,3096560,True,1559414.5485618587,90.4127963494599,7.425273041320401,0.05700173020859287,"[5.192029048039845,5.088687255816414,5.221670777611453]",143.87636794149876,59.2619019523263,204.32100643217564,nan,nan,nan,nan,False,,nan,,,nan,nan,nan,,,,,,,,0.0002036577270506903,1.6331978681957612e-05,1.2692770197623984,nan,nan,nan,False,not_run,not_requested
fig1,PEB,79,2511075941,-5.0,snr_db,-5.0,3,3,3,3,full_6d,2511075941,,,nan,,False,,5.149603575468063,nan,nan,nan,nan,nan,nan,False,,,peb_only,False,f79313d2a64964e8,,,,,,,adaptive_jones,True,fixed_anchor_then_adaptive_jones_score_selection,,nan,nan,nan,nan,True,,,nan,nan,,,,,[],nan,,,nan,nan,nan,nan,,nan,nan,nan,0.000825380417721757,nan,nan,0.000825380417721757,False,d1d2709e7ef7e78043678a9bd3afef4c60705c0eab0a43aa5b03783626c11549,1.2699397986899064,computed_unscaled,cpu,nan,nan,nan,,,,,,,,nan,nan,nan,nan,nan,nan,False,,
fig1,adaptive_jones_vp_proposed,36,3263447461,-10.0,snr_db,-10.0,3,3,3,3,full_6d,3263447461,,,nan,,False,,2527.2668273970485,1.0586061634132784,1.0586061634132784,0.8198079409988369,0.6587768947099031,8.629606997663707e-10,2.6503769272474638,True,ris_only_stage2_then_vp,global_exact_spherical_vp,main_single_proposed,True,1d76143642db9519,adaptive_jones,cupy,True,0,cupy,cupy.linalg.solve,fixed_pol_anchor,True,fixed_anchor_then_adaptive_jones_score_selection,fixed_pol_anchor,60.73179730102763,1088275.5419312667,367193.1769027145,0.0,True,3,4,3096725.458075429,3096799.8362830156,"[60.73179730102763,1088275.5419312667,13243.256979575732]","[0.016465839055982416,9.188839344398462e-07,7.551012476001803e-05]","[2.168227055462711e-07,3.667600460173848e-13,4.1087046958300287e-10]",jnpp_then_vp,"[""low_assignment_margin"",""poor_clock_consistency""]",3406577.4315423914,3096560,False,7912.674564888545,198.00754242972113,0.02199906786742447,52.06056093226972,"[5.218080877103827,6.44009778779154,116.26114548746119]",151.94819644838572,168.63703506439924,335.9570252597332,nan,nan,nan,nan,False,,nan,,,nan,nan,nan,,,,,,,,0.9902958422787721,0.9840339145863102,2.690185373205184,1.0586061634132784,0.8198079409988369,2.6503769272474638,True,accepted,accepted
fig1,PEB,36,3263447461,-10.0,snr_db,-10.0,3,3,3,3,full_6d,3263447461,,,nan,,False,,4.847683392465115,nan,nan,nan,nan,nan,nan,False,,,peb_only,False,08382847fcefe234,,,,,,,adaptive_jones,True,fixed_anchor_then_adaptive_jones_score_selection,,nan,nan,nan,nan,True,,,nan,nan,,,,,[],nan,,,nan,nan,nan,nan,,nan,nan,nan,0.0010068566079147994,nan,nan,0.0010068566079147994,False,44da4b062737b51be35373567f8e2b8ed08b76fc869f23df282060a8ccb40d9b,2.445376225734722,computed_unscaled,cpu,nan,nan,nan,,,,,,,,nan,nan,nan,nan,nan,nan,False,,
fig1,adaptive_jones_vp_proposed,81,3893654042,-5.0,snr_db,-5.0,3,3,3,3,full_6d,3893654042,,,nan,,False,,62.673341773450375,0.0015397398674115552,0.0015397398674115552,2.2982993518761613e-05,0.0013780886476744045,3.57263909451303e-12,2.127133222241681,False,direct_vp,global_exact_spherical_vp,main_single_proposed,True,4ee448e6863cd620,adaptive_jones,cupy,True,0,cupy,cupy.linalg.solve,fixed_pol_anchor,True,fixed_anchor_then_adaptive_jones_score_selection,fixed_pol_anchor,3.3280373237494545,238.84759215359622,110.0646778596989,0.0,True,3,4,3096725.458075429,3097279.5901520858,"[88.01840410175102,238.84759215359622,3.3280373237494545]","[0.01136126029683476,0.004186770277835082,0.30047739935501855]","[5.985242380502302e-08,4.187256456664004e-10,2.4386799018245843e-06]",direct_vp,"[""poor_clock_consistency""]",3093708.984083164,3096560,True,1081830.1762183178,216.50408260061928,3.3968070370197023,0.2768740973193496,"[4.6503848620127695,5.328397933545508,4.975592772054911]",143.08871556073427,56.356592521071434,200.8117719218135,nan,nan,nan,nan,False,,nan,,,nan,nan,nan,,,,,,,,0.0015397398674115552,2.2982993518761613e-05,2.127133222241681,nan,nan,nan,False,not_run,not_requested
fig1,PEB,81,3893654042,-5.0,snr_db,-5.0,3,3,3,3,full_6d,3893654042,,,nan,,False,,4.516896955668926,nan,nan,nan,nan,nan,nan,False,,,peb_only,False,6b7dfd97fef55d40,,,,,,,adaptive_jones,True,fixed_anchor_then_adaptive_jones_score_selection,,nan,nan,nan,nan,True,,,nan,nan,,,,,[],nan,,,nan,nan,nan,nan,,nan,nan,nan,0.0007728577101698518,nan,nan,0.0007728577101698518,False,7fdbdc32913dce5e44795d5b9a7446df6f3ff25cfdfe20eb33bdaf98d154febf,2.1291044887172204,computed_unscaled,cpu,nan,nan,nan,,,,,,,,nan,nan,nan,nan,nan,nan,False,,
fig1,adaptive_jones_vp_proposed,77,4292676672,-5.0,snr_db,-5.0,3,3,3,3,full_6d,4292676672,,,nan,,False,,87.25592596828938,0.0003585421767551583,0.0003585421767551583,6.3256813940338325e-06,2.1012667823114617e-05,6.832213486220452e-13,2.758715236950479,False,direct_vp,global_exact_spherical_vp,main_single_proposed,True,4f658fcb3532bd3e,adaptive_jones,cupy,True,0,cupy,cupy.linalg.solve,fixed_pol_anchor,True,fixed_anchor_then_adaptive_jones_score_selection,fixed_pol_anchor,4.656265445689063,706.247878658682,240.25823552959938,0.0,True,3,4,3096725.458075429,3294822.097763146,"[4.656265445689063,706.247878658682,9.870562484427074]","[0.21476438825479321,0.0014159334555354263,0.10131134892949044]","[6.464456064905112e-08,3.775893434744766e-09,4.1363029308536056e-08]",direct_vp,"[""poor_clock_consistency""]",3093758.195590564,3096560,True,2188933.3189394176,87.78035538579194,1.5848899440139463,1.2495411613602634,"[5.00416128758557,7.636707907256818,4.968264957862563]",145.97393617033958,80.37991627305746,227.53449957072735,nan,nan,nan,nan,False,,nan,,,nan,nan,nan,,,,,,,,0.0003585421767551583,6.3256813940338325e-06,2.758715236950479,nan,nan,nan,False,not_run,not_requested
fig1,PEB,77,4292676672,-5.0,snr_db,-5.0,3,3,3,3,full_6d,4292676672,,,nan,,False,,5.006341606378555,nan,nan,nan,nan,nan,nan,False,,,peb_only,False,1f1d95ba48a82873,,,,,,,adaptive_jones,True,fixed_anchor_then_adaptive_jones_score_selection,,nan,nan,nan,nan,True,,,nan,nan,,,,,[],nan,,,nan,nan,nan,nan,,nan,nan,nan,0.000704140329796291,nan,nan,0.000704140329796291,False,f60a4ab9705635604ca71e7bb7f90055bd716281a75d4d93b7beab9eb08c99af,2.761227883210337,computed_unscaled,cpu,nan,nan,nan,,,,,,,,nan,nan,nan,nan,nan,nan,False,,
fig1,adaptive_jones_vp_proposed,80,2843598472,-5.0,snr_db,-5.0,3,3,3,3,full_6d,2843598472,,,nan,,False,,65.02587311714888,0.0003722921349137823,0.0003722921349137823,2.1053111457978528e-05,0.0003000597293366834,7.47561520989614e-13,2.154973509607159,False,direct_vp,global_exact_spherical_vp,main_single_proposed,True,638512227a1e90b1,adaptive_jones,cupy,True,0,cupy,cupy.linalg.solve,fixed_pol_anchor,True,fixed_anchor_then_adaptive_jones_score_selection,fixed_pol_anchor,5.931873103884922,29.6630595030116,14.778035123377798,0.0,True,3,4,3096725.458075429,3098052.5504544186,"[8.739172763236871,29.6630595030116,5.931873103884922]","[0.11442730646062596,0.03371196419805617,0.168580814606291]","[1.0356189158706838e-07,4.08400488253531e-09,7.61327067893082e-08]",direct_vp,"[""poor_clock_consistency""]",3095592.9217006923,3096560,True,2729142.4347812636,66.77155191713265,8.675959672719896,0.23335823799493816,"[5.4002275231252765,5.178111139126122,4.8330437600930996]",145.6815547272563,58.54715846478939,205.35874278098345,nan,nan,nan,nan,False,,nan,,,nan,nan,nan,,,,,,,,0.0003722921349137823,2.1053111457978528e-05,2.154973509607159,nan,nan,nan,False,not_run,not_requested
fig1,PEB,80,2843598472,-5.0,snr_db,-5.0,3,3,3,3,full_6d,2843598472,,,nan,,False,,5.318890415132046,nan,nan,nan,nan,nan,nan,False,,,peb_only,False,c8e10d1eadfff8f1,,,,,,,adaptive_jones,True,fixed_anchor_then_adaptive_jones_score_selection,,nan,nan,nan,nan,True,,,nan,nan,,,,,[],nan,,,nan,nan,nan,nan,,nan,nan,nan,0.0006164947066897109,nan,nan,0.0006164947066897109,False,ca96bdf8e3d74f1e490185f5b993e297e175166cef168c6fe33ef880dfc91c4e,2.1556578721013446,computed_unscaled,cpu,nan,nan,nan,,,,,,,,nan,nan,nan,nan,nan,nan,False,,
fig1,adaptive_jones_vp_proposed,85,2249164774,-5.0,snr_db,-5.0,3,3,3,3,full_6d,2249164774,,,nan,,False,,64.69582361727953,0.00035270464948052824,0.00035270464948052824,1.6865185118702948e-05,5.660418445202325e-05,1.2518192331035693e-13,0.8137226009825945,False,direct_vp,global_exact_spherical_vp,main_single_proposed,True,f3460a76992e57da,adaptive_jones,cupy,True,0,cupy,cupy.linalg.solve,fixed_pol_anchor,True,fixed_anchor_then_adaptive_jones_score_selection,fixed_pol_anchor,7.289868890396947,15.44764588139195,10.516544505157485,0.0,True,3,4,3096725.458075429,3097377.0097178444,"[15.44764588139195,8.812118743683564,7.289868890396947]","[0.06473478274053009,0.11348008680749762,0.13717667835014496]","[6.848099068039595e-08,4.2724110210434134e-08,2.3764831481658734e-07]",direct_vp,[],3096524.3273804863,3096560,True,2579020.886849693,66.67994155061753,10.491972860012828,0.041891944436089304,"[4.990055233737847,5.013514947143055,5.088297742255506]",150.85776329040527,57.76757649332285,209.80209629237652,nan,nan,nan,nan,False,,nan,,,nan,nan,nan,,,,,,,,0.00035270464948052824,1.6865185118702948e-05,0.8137226009825945,nan,nan,nan,False,not_run,not_requested
fig1,PEB,85,2249164774,-5.0,snr_db,-5.0,3,3,3,3,full_6d,2249164774,,,nan,,False,,5.4889484867453575,nan,nan,nan,nan,nan,nan,False,,,peb_only,False,10451d681113fcac,,,,,,,adaptive_jones,True,fixed_anchor_then_adaptive_jones_score_selection,,nan,nan,nan,nan,True,,,nan,nan,,,,,[],nan,,,nan,nan,nan,nan,,nan,nan,nan,0.0006354418868356935,nan,nan,0.0006354418868356935,False,d2813a00a2d0760dea2dc8be475dff9a47f414a15a39f0f8b76a2c0e1d6af5ec,0.8137361798128909,computed_unscaled,cpu,nan,nan,nan,,,,,,,,nan,nan,nan,nan,nan,nan,False,,
fig1,adaptive_jones_vp_proposed,86,2710333116,-5.0,snr_db,-5.0,3,3,3,3,full_6d,2710333116,,,nan,,False,,64.94947893172503,0.0005719413119169242,0.0005719413119169242,1.3518273816431575e-05,0.00010166628591466141,3.508457520968935e-12,0.5315358502161809,False,direct_vp,global_exact_spherical_vp,main_single_proposed,True,5a452cae01e02dca,adaptive_jones,cupy,True,0,cupy,cupy.linalg.solve,fixed_pol_anchor,True,fixed_anchor_then_adaptive_jones_score_selection,fixed_pol_anchor,4.103875162474942,64.73127883311179,28.87904284108932,0.0,True,3,4,3096725.458075429,3113888.7071468546,"[4.103875162474942,64.73127883311179,17.801974527681242]","[0.24367212948866157,0.015448482062488497,0.05617354403171652]","[8.729820992936268e-08,2.0115396152324633e-09,6.853424220001875e-08]",direct_vp,"[""poor_clock_consistency""]",3094679.728873822,3096560,True,1707354.2289988147,112.5655897142092,9.49820599209741,0.12614279626634112,"[5.179842750578235,5.320413826274598,5.0118346623415215]",144.44530379027128,57.82392228394747,203.4889244288206,nan,nan,nan,nan,False,,nan,,,nan,nan,nan,,,,,,,,0.0005719413119169242,1.3518273816431575e-05,0.5315358502161809,nan,nan,nan,False,not_run,not_requested
fig1,PEB,86,2710333116,-5.0,snr_db,-5.0,3,3,3,3,full_6d,2710333116,,,nan,,False,,4.955958686769009,nan,nan,nan,nan,nan,nan,False,,,peb_only,False,11bddc3a09001184,,,,,,,adaptive_jones,True,fixed_anchor_then_adaptive_jones_score_selection,,nan,nan,nan,nan,True,,,nan,nan,,,,,[],nan,,,nan,nan,nan,nan,,nan,nan,nan,0.0007980495852817404,nan,nan,0.0007980495852817404,False,3a54fb3766786593be45a3a051de7709f83ecc3b2e8854a667fc53103d577f6b,0.5318615498599564,computed_unscaled,cpu,nan,nan,nan,,,,,,,,nan,nan,nan,nan,nan,nan,False,,
fig1,adaptive_jones_vp_proposed,87,3576217426,-5.0,snr_db,-5.0,3,3,3,3,full_6d,3576217426,,,nan,,False,,53.32881607860327,0.00039620094023606385,0.00039620094023606385,1.686453782446082e-05,0.00030111839909832217,8.358012566371751e-13,0.20936572237477405,False,direct_vp,global_exact_spherical_vp,main_single_proposed,True,d34ff66285b018e3,adaptive_jones,cupy,True,0,cupy,cupy.linalg.solve,fixed_pol_anchor,True,fixed_anchor_then_adaptive_jones_score_selection,fixed_pol_anchor,5.164044313643237,37.01398972718916,17.50026860288589,0.0,True,3,4,3096725.458075429,3112317.4290652657,"[5.164044313643237,10.322771767825268,37.01398972718916]","[0.19364667289025161,0.0968732063908016,0.02701681194957542]","[3.8500678043984557e-07,3.213463787883205e-08,1.4112521336368255e-09]",direct_vp,"[""poor_clock_consistency""]",3094137.5515443925,3096560,True,1450793.6629653198,103.98793476025268,7.961797280230859,0.1730303497542267,"[4.98524033762607,5.009746185214707,4.631054513076567]",137.4104469642043,46.86040952056646,185.58334860950708,nan,nan,nan,nan,False,,nan,,,nan,nan,nan,,,,,,,,0.00039620094023606385,1.686453782446082e-05,0.20936572237477405,nan,nan,nan,False,not_run,not_requested
fig1,PEB,87,3576217426,-5.0,snr_db,-5.0,3,3,3,3,full_6d,3576217426,,,nan,,False,,4.607285514473915,nan,nan,nan,nan,nan,nan,False,,,peb_only,False,ed4ec1a61533fdef,,,,,,,adaptive_jones,True,fixed_anchor_then_adaptive_jones_score_selection,,nan,nan,nan,nan,True,,,nan,nan,,,,,[],nan,,,nan,nan,nan,nan,,nan,nan,nan,0.0008440721991328464,nan,nan,0.0008440721991328464,False,66c908d686e5b626f41743ba5f1b64294d5b4f17110f5310f3926b121f412ca0,0.20953072070270137,computed_unscaled,cpu,nan,nan,nan,,,,,,,,nan,nan,nan,nan,nan,nan,False,,
fig1,adaptive_jones_vp_proposed,54,1185050677,-5.0,snr_db,-5.0,3,3,3,3,full_6d,1185050677,,,nan,,False,,518.8164865225554,0.0006721036677055426,0.0006721036677055426,1.43094572433324e-05,0.0005227567723135877,2.9295684438819785e-13,0.8717894979017601,False,direct_vp,global_exact_spherical_vp,main_single_proposed,True,83b0fb32c0e296de,adaptive_jones,cupy,True,0,cupy,cupy.linalg.solve,fixed_pol_anchor,True,fixed_anchor_then_adaptive_jones_score_selection,fixed_pol_anchor,4.003171414196736,56.499958807425685,27.031505482585846,0.0,True,3,4,3096725.458075429,3099692.691962075,"[56.499958807425685,20.591386226135114,4.003171414196736]","[0.01769912794718838,0.048563996080564165,0.2498019436413901]","[9.909082182809931e-10,1.8561558742911582e-09,3.718630258504223e-07]",direct_vp,[],3094593.759791617,3096560,True,2431700.189306855,87.25768590429676,5.810426957722558,0.09727231047895883,"[4.87955738983574,4.645400952179165,4.800645029632727]",141.23137851059437,512.9740046933293,655.4325875192881,nan,nan,nan,nan,False,,nan,,,nan,nan,nan,,,,,,,,0.0006721036677055426,1.43094572433324e-05,0.8717894979017601,nan,nan,nan,False,not_run,not_requested
fig1,PEB,54,1185050677,-5.0,snr_db,-5.0,3,3,3,3,full_6d,1185050677,,,nan,,False,,4.746058598160744,nan,nan,nan,nan,nan,nan,False,,,peb_only,False,31c7086d6d58b35f,,,,,,,adaptive_jones,True,fixed_anchor_then_adaptive_jones_score_selection,,nan,nan,nan,nan,True,,,nan,nan,,,,,[],nan,,,nan,nan,nan,nan,,nan,nan,nan,0.0005998328365907712,nan,nan,0.0005998328365907712,False,115a7d3f95ba8b9ea29c0754c333293a0d2bf13a03dc583bd9fdf4cc7c014143,0.8723479221506681,computed_unscaled,cpu,nan,nan,nan,,,,,,,,nan,nan,nan,nan,nan,nan,False,,
fig1,adaptive_jones_vp_proposed,90,4175219143,-5.0,snr_db,-5.0,3,3,3,3,full_6d,4175219143,,,nan,,False,,52.33065493404865,8.358877179911812e-05,8.358877179911812e-05,1.2180366780765174e-05,6.144057218326211e-05,2.752475945992827e-12,0.28537793862220534,False,direct_vp,global_exact_spherical_vp,main_single_proposed,True,abe68f795ece95ff,adaptive_jones,cupy,True,0,cupy,cupy.linalg.solve,fixed_pol_anchor,True,fixed_anchor_then_adaptive_jones_score_selection,fixed_pol_anchor,5.061311071395113,70.8202486393797,28.459891063984887,0.0,True,3,4,3096725.458075429,3099666.0894553037,"[9.498113481179859,5.061311071395113,70.8202486393797]","[0.10528406530117405,0.1975772652360006,0.01412025542329328]","[3.0846836988085817e-07,1.301663935150034e-08,8.451593842554696e-08]",direct_vp,"[""poor_clock_consistency""]",3092814.260171356,3096560,True,1590374.1103485785,99.9210970655392,7.336858039155268,0.15513584355163373,"[4.953203248824197,4.925905778695255,5.267797138792743]",143.50923155248165,46.1294406875968,190.75185933709145,nan,nan,nan,nan,False,,nan,,,nan,nan,nan,,,,,,,,8.358877179911812e-05,1.2180366780765174e-05,0.28537793862220534,nan,nan,nan,False,not_run,not_requested
fig1,PEB,90,4175219143,-5.0,snr_db,-5.0,3,3,3,3,full_6d,4175219143,,,nan,,False,,5.008557707071304,nan,nan,nan,nan,nan,nan,False,,,peb_only,False,1f78ce7533c5c851,,,,,,,adaptive_jones,True,fixed_anchor_then_adaptive_jones_score_selection,,nan,nan,nan,nan,True,,,nan,nan,,,,,[],nan,,,nan,nan,nan,nan,,nan,nan,nan,0.0008030298223571415,nan,nan,0.0008030298223571415,False,6333c10944794ce04d692bf5cb56023e51f4bf1ac8d7f2df89dad974bd0e5c09,0.28572503918099285,computed_unscaled,cpu,nan,nan,nan,,,,,,,,nan,nan,nan,nan,nan,nan,False,,
fig1,adaptive_jones_vp_proposed,89,850792180,-5.0,snr_db,-5.0,3,3,3,3,full_6d,850792180,,,nan,,False,,65.51923394203186,0.0007322434279758569,0.0007322434279758569,2.0972733429293435e-05,0.0003443156504631914,1.0305530011033168e-12,2.495402392956037,False,direct_vp,global_exact_spherical_vp,main_single_proposed,True,a97b88c2f99e1995,adaptive_jones,cupy,True,0,cupy,cupy.linalg.solve,fixed_pol_anchor,True,fixed_anchor_then_adaptive_jones_score_selection,fixed_pol_anchor,5.3209104870117585,22.214746253904117,13.141973001141912,0.0,True,3,4,3096725.458075429,3102866.6161128473,"[22.214746253904117,5.3209104870117585,11.890262262509857]","[0.045015143929543686,0.1879377603580553,0.08410243423655354]","[9.780538416138818e-09,1.0578519500874511e-07,5.98197126941751e-07]",direct_vp,[],3098301.889320169,3096560,True,2262012.836372039,67.01853881119816,8.47024481702925,0.03210542417855675,"[5.028075362549095,5.095932775705427,5.027581100234662]",145.88166249543428,59.25260014086962,206.3276448994875,nan,nan,nan,nan,False,,nan,,,nan,nan,nan,,,,,,,,0.0007322434279758569,2.0972733429293435e-05,2.495402392956037,nan,nan,nan,False,not_run,not_requested
fig1,PEB,89,850792180,-5.0,snr_db,-5.0,3,3,3,3,full_6d,850792180,,,nan,,False,,4.395977854728699,nan,nan,nan,nan,nan,nan,False,,,peb_only,False,39bf50cee856e24d,,,,,,,adaptive_jones,True,fixed_anchor_then_adaptive_jones_score_selection,,nan,nan,nan,nan,True,,,nan,nan,,,,,[],nan,,,nan,nan,nan,nan,,nan,nan,nan,0.00068613439024576,nan,nan,0.00068613439024576,False,2d81d18bd4ebd93cb30153245eac7dedb296bdb9883caf62dadd0506edd2daa4,2.494012344957689,computed_unscaled,cpu,nan,nan,nan,,,,,,,,nan,nan,nan,nan,nan,nan,False,,
fig1,adaptive_jones_vp_proposed,88,2932252539,-5.0,snr_db,-5.0,3,3,3,3,full_6d,2932252539,,,nan,,False,,68.52678690850735,0.0009771211421050932,0.0009771211421050932,1.832196199457786e-05,0.00018073739770569034,3.58008373241414e-14,1.2377067418702405,False,direct_vp,global_exact_spherical_vp,main_single_proposed,True,997d2c4aba427882,adaptive_jones,cupy,True,0,cupy,cupy.linalg.solve,fixed_pol_anchor,True,fixed_anchor_then_adaptive_jones_score_selection,fixed_pol_anchor,6.256769087241812,17.875939610551008,11.355722142288206,0.0,True,3,4,3096725.458075429,3096748.959488187,"[9.934457729071795,17.875939610551008,6.256769087241812]","[0.10065974683889449,0.05594111536335069,0.15982689884350132]","[2.841701265168592e-07,1.0854790506183559e-08,2.7164624137144295e-07]",direct_vp,[],3097638.0551928035,3096560,True,2696481.8674789737,71.16856579814358,9.302429178110186,0.08317547222522978,"[5.159679243371668,5.047278971775253,4.9563181395204685]",148.2842651978135,62.17412421107292,211.60894227027893,nan,nan,nan,nan,False,,nan,,,nan,nan,nan,,,,,,,,0.0009771211421050932,1.832196199457786e-05,1.2377067418702405,nan,nan,nan,False,not_run,not_requested
fig1,PEB,88,2932252539,-5.0,snr_db,-5.0,3,3,3,3,full_6d,2932252539,,,nan,,False,,5.09513308852911,nan,nan,nan,nan,nan,nan,False,,,peb_only,False,5660c2208c354c66,,,,,,,adaptive_jones,True,fixed_anchor_then_adaptive_jones_score_selection,,nan,nan,nan,nan,True,,,nan,nan,,,,,[],nan,,,nan,nan,nan,nan,,nan,nan,nan,0.0006151194005913921,nan,nan,0.0006151194005913921,False,026935debd21c4cd81fb47190ca8eeaf89621d3b1a455ec08b231cab8f8cd44e,1.2372823821326115,computed_unscaled,cpu,nan,nan,nan,,,,,,,,nan,nan,nan,nan,nan,nan,False,,
fig1,adaptive_jones_vp_proposed,91,3347136468,-5.0,snr_db,-5.0,3,3,3,3,full_6d,3347136468,,,nan,,False,,65.40876325964928,0.0002945395747354293,0.0002945395747354293,1.5565107441997127e-05,0.00026201943285704106,2.745269724823755e-13,0.7799338251366703,False,direct_vp,global_exact_spherical_vp,main_single_proposed,True,dc84af21a0acb9b5,adaptive_jones,cupy,True,0,cupy,cupy.linalg.solve,fixed_pol_anchor,True,fixed_anchor_then_adaptive_jones_score_selection,fixed_pol_anchor,3.690796343360025,76.27268485784239,37.06961928510627,0.0,True,3,4,3096725.458075429,3119170.1381361717,"[31.24537665411639,76.27268485784239,3.690796343360025]","[0.03200473500571518,0.013110853535410938,0.27094423722278044]","[1.1636302294039538e-08,1.0366367052637362e-08,1.5218332272215007e-06]",direct_vp,"[""poor_clock_consistency""]",3098743.3472489193,3096560,True,2168474.775696752,113.36879256884703,6.727240798519691,0.36401817666842834,"[4.488963788006139,5.3016170702088115,5.213075781895249]",152.7171512618661,59.34834145754576,213.13392356038094,nan,nan,nan,nan,False,,nan,,,nan,nan,nan,,,,,,,,0.0002945395747354293,1.5565107441997127e-05,0.7799338251366703,nan,nan,nan,False,not_run,not_requested
fig1,PEB,91,3347136468,-5.0,snr_db,-5.0,3,3,3,3,full_6d,3347136468,,,nan,,False,,4.81413384526968,nan,nan,nan,nan,nan,nan,False,,,peb_only,False,ca00cc84fe9c71bd,,,,,,,adaptive_jones,True,fixed_anchor_then_adaptive_jones_score_selection,,nan,nan,nan,nan,True,,,nan,nan,,,,,[],nan,,,nan,nan,nan,nan,,nan,nan,nan,0.0006075343508815739,nan,nan,0.0006075343508815739,False,64607f16edc43d908c3fdfcf5a1ab43160e4a3b90bfd0c732196f2f9ce351b74,0.7793883177355008,computed_unscaled,cpu,nan,nan,nan,,,,,,,,nan,nan,nan,nan,nan,nan,False,,
fig1,adaptive_jones_vp_proposed,92,971995857,-5.0,snr_db,-5.0,3,3,3,3,full_6d,971995857,,,nan,,False,,63.6043766066432,0.00012576180860097012,0.00012576180860097012,5.716102293136864e-06,3.345201358102243e-05,3.1463051246311497e-13,1.6980428375896057,False,direct_vp,global_exact_spherical_vp,main_single_proposed,True,e71d76ea057993f0,adaptive_jones,cupy,True,0,cupy,cupy.linalg.solve,fixed_pol_anchor,True,fixed_anchor_then_adaptive_jones_score_selection,fixed_pol_anchor,4.423818245037888,90.68415584887205,35.883475791450365,0.0,True,3,4,3096725.458075429,3099208.2164226756,"[90.68415584887205,12.542453280441146,4.423818245037888]","[0.011027284651310497,0.07972921864870484,0.2260490699673878]","[3.581889937544297e-08,2.754989092196267e-08,9.655748862785892e-07]",direct_vp,"[""poor_clock_consistency""]",3097912.8706454723,3096560,True,2633404.2661721664,80.18330498693757,6.989906664596723,0.24941358174233233,"[4.5125188989829805,4.95675216444783,5.097849946076611]",137.67131747305393,57.21261765062809,195.86633154004812,nan,nan,nan,nan,False,,nan,,,nan,nan,nan,,,,,,,,0.00012576180860097012,5.716102293136864e-06,1.6980428375896057,nan,nan,nan,False,not_run,not_requested
fig1,PEB,92,971995857,-5.0,snr_db,-5.0,3,3,3,3,full_6d,971995857,,,nan,,False,,5.0423939898610115,nan,nan,nan,nan,nan,nan,False,,,peb_only,False,6e1ab3f69c20dd19,,,,,,,adaptive_jones,True,fixed_anchor_then_adaptive_jones_score_selection,,nan,nan,nan,nan,True,,,nan,nan,,,,,[],nan,,,nan,nan,nan,nan,,nan,nan,nan,0.000567143331012526,nan,nan,0.000567143331012526,False,414dc620a83beefed3505e1c54ca50570728cbcfef97d68ab55ee64715d67776,1.6973100656495559,computed_unscaled,cpu,nan,nan,nan,,,,,,,,nan,nan,nan,nan,nan,nan,False,,
fig1,adaptive_jones_vp_proposed,94,3608384463,-5.0,snr_db,-5.0,3,3,3,3,full_6d,3608384463,,,nan,,False,,65.12021820247173,0.00026171900232745024,0.00026171900232745024,2.3974535137231628e-05,5.075885238941243e-05,1.4119578380821216e-12,1.4797166001634081,False,direct_vp,global_exact_spherical_vp,main_single_proposed,True,5f1d5e17613b0e78,adaptive_jones,cupy,True,0,cupy,cupy.linalg.solve,fixed_pol_anchor,True,fixed_anchor_then_adaptive_jones_score_selection,fixed_pol_anchor,4.266960016647348,47.94398295541684,22.838837670531007,0.0,True,3,4,3096725.458075429,3145141.4493353623,"[16.30557003952883,4.266960016647348,47.94398295541684]","[0.06132873598159655,0.23435888691112153,0.020857674692608602]","[1.4887213075455654e-06,2.192161436640445e-08,4.613121245836027e-09]",direct_vp,[],3098716.7708138893,3096560,True,1818868.771877135,101.7238233244263,7.466633439806018,0.0663818688202452,"[5.199101704373625,5.077618446522839,5.231959486946258]",144.12131710350513,58.418157897889614,203.82683747261763,nan,nan,nan,nan,False,,nan,,,nan,nan,nan,,,,,,,,0.00026171900232745024,2.3974535137231628e-05,1.4797166001634081,nan,nan,nan,False,not_run,not_requested
fig1,PEB,94,3608384463,-5.0,snr_db,-5.0,3,3,3,3,full_6d,3608384463,,,nan,,False,,4.948443427681923,nan,nan,nan,nan,nan,nan,False,,,peb_only,False,dd5d960fb1e3d8d9,,,,,,,adaptive_jones,True,fixed_anchor_then_adaptive_jones_score_selection,,nan,nan,nan,nan,True,,,nan,nan,,,,,[],nan,,,nan,nan,nan,nan,,nan,nan,nan,0.0007578818471415555,nan,nan,0.0007578818471415555,False,ef18bf3cff118d7dc1efd356b9a296459495c6f9c6bb71ac5354d9f7a0cabc56,1.4786943272857145,computed_unscaled,cpu,nan,nan,nan,,,,,,,,nan,nan,nan,nan,nan,nan,False,,
fig1,adaptive_jones_vp_proposed,0,3147786918,0.0,snr_db,0.0,3,3,3,3,full_6d,3147786918,,,nan,,False,,64.71532620489597,0.00037238283077235243,0.00037238283077235243,2.594488736908091e-06,5.721666702975891e-05,3.1433878518603904e-13,0.396311289918062,False,direct_vp,global_exact_spherical_vp,main_single_proposed,True,d2efec4659402dec,adaptive_jones,cupy,True,0,cupy,cupy.linalg.solve,fixed_pol_anchor,True,fixed_anchor_then_adaptive_jones_score_selection,fixed_pol_anchor,1.8719907503192201,7.275069259860519,4.056760660582008,0.0,True,3,4,3096725.458075429,3104032.884645027,"[7.275069259860519,1.8719907503192201,3.0232219715662856]","[0.1374557360587791,0.5341906736599011,0.3307729334471898]","[5.997905303381672e-08,7.6167414542417e-08,4.395487279465215e-07]",direct_vp,[],3095469.8166101854,3096560,True,8234769.096700589,69.74847898456615,17.59019340004031,0.024734320707129047,"[5.003075717761551,4.942553519053571,4.970398548984333]",142.59736241400242,58.464807003736496,202.28287022560835,nan,nan,nan,nan,False,,nan,,,nan,nan,nan,,,,,,,,0.00037238283077235243,2.594488736908091e-06,0.396311289918062,nan,nan,nan,False,not_run,not_requested
fig1,PEB,0,3147786918,0.0,snr_db,0.0,3,3,3,3,full_6d,3147786918,,,nan,,False,,4.896978542208672,nan,nan,nan,nan,nan,nan,False,,,peb_only,False,7eb7cc478121eee6,,,,,,,adaptive_jones,True,fixed_anchor_then_adaptive_jones_score_selection,,nan,nan,nan,nan,True,,,nan,nan,,,,,[],nan,,,nan,nan,nan,nan,,nan,nan,nan,0.0003571212682911197,nan,nan,0.0003571212682911197,False,7c738a48c71d396c30709f16037cef480e872ff8eba0c095999cea8980974cb0,0.3964529139661309,computed_unscaled,cpu,nan,nan,nan,,,,,,,,nan,nan,nan,nan,nan,nan,False,,
fig1,adaptive_jones_vp_proposed,3,3422926171,0.0,snr_db,0.0,3,3,3,3,full_6d,3422926171,,,nan,,False,,61.51356188207865,0.0005148656431152095,0.0005148656431152095,1.142206953841401e-05,0.00023846707484212804,1.2655605856422013e-12,0.2781447304634289,False,direct_vp,global_exact_spherical_vp,main_single_proposed,True,ab2c7ba91effbf3b,adaptive_jones,cupy,True,0,cupy,cupy.linalg.solve,fixed_pol_anchor,True,fixed_anchor_then_adaptive_jones_score_selection,fixed_pol_anchor,2.1067884720390775,8.767214916958611,4.434564750030327,0.0,True,3,4,3096725.458075429,3096750.7631721515,"[8.767214916958611,2.429690861093292,2.1067884720390775]","[0.11406130789116523,0.41157499335022346,0.47465610015894605]","[9.978200390438999e-08,4.044993300875584e-08,1.3432029552981674e-07]",direct_vp,[],3097490.078202075,3096560,True,8562001.45961222,79.26211256626557,17.189705311949506,0.06614866374433319,"[4.934488229797593,4.9318023123305785,5.073448496628377]",145.9459196999669,55.72525089234114,202.70244377106428,nan,nan,nan,nan,False,,nan,,,nan,nan,nan,,,,,,,,0.0005148656431152095,1.142206953841401e-05,0.2781447304634289,nan,nan,nan,False,not_run,not_requested
fig1,PEB,3,3422926171,0.0,snr_db,0.0,3,3,3,3,full_6d,3422926171,,,nan,,False,,4.83877082914114,nan,nan,nan,nan,nan,nan,False,,,peb_only,False,a803e0bc7538fdb7,,,,,,,adaptive_jones,True,fixed_anchor_then_adaptive_jones_score_selection,,nan,nan,nan,nan,True,,,nan,nan,,,,,[],nan,,,nan,nan,nan,nan,,nan,nan,nan,0.00034567784068279125,nan,nan,0.00034567784068279125,False,36031d2b9c9618797e3e0dd10eb5c7dda8abc129f14c8c8dd5b717980768d13b,0.2780626491560737,computed_unscaled,cpu,nan,nan,nan,,,,,,,,nan,nan,nan,nan,nan,nan,False,,
fig1,adaptive_jones_vp_proposed,95,1902842209,-5.0,snr_db,-5.0,3,3,3,3,full_6d,1902842209,,,nan,,False,,74.29457195103168,0.0007472913012410736,0.0007472913012410736,2.233752158945648e-05,0.0004223559081873392,2.435095389534758e-12,0.8949131259243897,False,direct_vp,global_exact_spherical_vp,main_single_proposed,True,b91be69663f21f4d,adaptive_jones,cupy,True,0,cupy,cupy.linalg.solve,fixed_pol_anchor,True,fixed_anchor_then_adaptive_jones_score_selection,fixed_pol_anchor,3.917043145827397,162.4155269561976,61.530812702880915,0.0,True,3,4,3096725.458075429,3113751.7888740744,"[162.4155269561976,18.25986800661775,3.917043145827397]","[0.006157046795823147,0.0547649084658947,0.2552946094202016]","[6.980658734207298e-08,4.7416324696061186e-08,3.273999851704063e-07]",direct_vp,"[""poor_clock_consistency""]",3094777.0385503396,3096560,True,2238895.8010066524,97.6090656482053,3.918180139662592,0.1626524148973998,"[4.895849851004008,5.293727714237792,5.076871171586222]",144.26655511558056,68.20961796492338,213.75221223384142,nan,nan,nan,nan,False,,nan,,,nan,nan,nan,,,,,,,,0.0007472913012410736,2.233752158945648e-05,0.8949131259243897,nan,nan,nan,False,not_run,not_requested
fig1,PEB,95,1902842209,-5.0,snr_db,-5.0,3,3,3,3,full_6d,1902842209,,,nan,,False,,5.050611361861229,nan,nan,nan,nan,nan,nan,False,,,peb_only,False,8a691f62dd95bf46,,,,,,,adaptive_jones,True,fixed_anchor_then_adaptive_jones_score_selection,,nan,nan,nan,nan,True,,,nan,nan,,,,,[],nan,,,nan,nan,nan,nan,,nan,nan,nan,0.0005850966155465147,nan,nan,0.0005850966155465147,False,76a18cb09eabd2843f7f18de70d1414c840c1b810997a8411f8aedb26f349b2f,0.8954333295430281,computed_unscaled,cpu,nan,nan,nan,,,,,,,,nan,nan,nan,nan,nan,nan,False,,
fig1,adaptive_jones_vp_proposed,1,112311654,0.0,snr_db,0.0,3,3,3,3,full_6d,112311654,,,nan,,False,,64.82115610688925,0.00012757919449609786,0.00012757919449609786,8.866666761809928e-06,0.00010042020111439238,5.861172408999083e-13,0.3038171112657052,False,direct_vp,global_exact_spherical_vp,main_single_proposed,True,28b86972e1729aae,adaptive_jones,cupy,True,0,cupy,cupy.linalg.solve,fixed_pol_anchor,True,fixed_anchor_then_adaptive_jones_score_selection,fixed_pol_anchor,1.2076017225964397,40.01626333224579,16.02861546841937,0.0,True,3,4,3096725.458075429,3101777.902533463,"[6.861981350415876,1.2076017225964397,40.01626333224579]","[0.14573050390650394,0.8280875898791473,0.02498983954741638]","[1.1616551654336376e-08,1.573094759319299e-07,6.3663505370685074e-09]",direct_vp,"[""poor_clock_consistency""]",3096430.0698097544,3096560,True,5104870.006213317,98.49344373326065,7.504514512509921,0.1644317298323617,"[4.99084495620732,4.995232610862791,4.64424710737943]",153.73378883302212,58.39701162278652,213.3924847394228,nan,nan,nan,nan,False,,nan,,,nan,nan,nan,,,,,,,,0.00012757919449609786,8.866666761809928e-06,0.3038171112657052,nan,nan,nan,False,not_run,not_requested
fig1,PEB,1,112311654,0.0,snr_db,0.0,3,3,3,3,full_6d,112311654,,,nan,,False,,5.49897588044405,nan,nan,nan,nan,nan,nan,False,,,peb_only,False,5d0412b3664cbf24,,,,,,,adaptive_jones,True,fixed_anchor_then_adaptive_jones_score_selection,,nan,nan,nan,nan,True,,,nan,nan,,,,,[],nan,,,nan,nan,nan,nan,,nan,nan,nan,0.00045428474016656395,nan,nan,0.00045428474016656395,False,e3b48bd20620d3b9b8ef02e72c1473ee968de0b883c8a7b45706956b70dd2349,0.3038314297188423,computed_unscaled,cpu,nan,nan,nan,,,,,,,,nan,nan,nan,nan,nan,nan,False,,
fig1,adaptive_jones_vp_proposed,2,3251202663,0.0,snr_db,0.0,3,3,3,3,full_6d,3251202663,,,nan,,False,,65.3049352094531,0.0001488746844973588,0.0001488746844973588,8.108065852249397e-06,0.00011461791123951325,2.0410846788018584e-13,0.22850568477780991,False,direct_vp,global_exact_spherical_vp,main_single_proposed,True,f62d4ee0701ead3d,adaptive_jones,cupy,True,0,cupy,cupy.linalg.solve,fixed_pol_anchor,True,fixed_anchor_then_adaptive_jones_score_selection,fixed_pol_anchor,2.166693228486949,6.111837779614468,3.6463004947830355,0.0,True,3,4,3096725.458075429,3096759.7630862454,"[6.111837779614468,2.166693228486949,2.6603704762476896]","[0.16361690804839518,0.4615328034675938,0.37588749722098336]","[1.4179791457822668e-08,1.3048039588396784e-07,1.224385610747605e-06]",direct_vp,[],3093867.62053029,3096560,True,8435433.021326331,73.8709116663858,21.907433783535666,0.05420030970511048,"[4.903081006047038,5.010808035450615,5.024143452485092]",156.24463434517384,59.57478292286396,217.06112644076347,nan,nan,nan,nan,False,,nan,,,nan,nan,nan,,,,,,,,0.0001488746844973588,8.108065852249397e-06,0.22850568477780991,nan,nan,nan,False,not_run,not_requested
fig1,PEB,2,3251202663,0.0,snr_db,0.0,3,3,3,3,full_6d,3251202663,,,nan,,False,,4.607951000332832,nan,nan,nan,nan,nan,nan,False,,,peb_only,False,e9eaf8d0f67cf957,,,,,,,adaptive_jones,True,fixed_anchor_then_adaptive_jones_score_selection,,nan,nan,nan,nan,True,,,nan,nan,,,,,[],nan,,,nan,nan,nan,nan,,nan,nan,nan,0.0003492430591697508,nan,nan,0.0003492430591697508,False,ba669d51e548d5d57a5c08da45514e8eda76ee1a2847f0b8bc91639b42fa1215,0.2287057192270079,computed_unscaled,cpu,nan,nan,nan,,,,,,,,nan,nan,nan,nan,nan,nan,False,,
fig1,adaptive_jones_vp_proposed,4,287230138,0.0,snr_db,0.0,3,3,3,3,full_6d,287230138,,,nan,,False,,62.997239343822,0.0003373277646360249,0.0003373277646360249,4.56637008941625e-06,0.00026153218997022475,2.8437247705010797e-13,0.49430920243726095,False,direct_vp,global_exact_spherical_vp,main_single_proposed,True,43f418571b458b77,adaptive_jones,cupy,True,0,cupy,cupy.linalg.solve,fixed_pol_anchor,True,fixed_anchor_then_adaptive_jones_score_selection,fixed_pol_anchor,2.0047936431045246,14.2233998083104,6.17873002489792,0.0,True,3,4,3096725.458075429,3096855.9000728345,"[14.2233998083104,2.307996623278834,2.0047936431045246]","[0.07030667867477787,0.43327619716230403,0.4988044547315326]","[2.9978011473000045e-08,3.304339579423344e-08,1.1705161222966018e-06]",direct_vp,[],3096268.857646255,3096560,True,9219335.576152455,76.14797597972985,15.145729830406466,0.05591842559039449,"[4.896579776779941,4.98150996087762,5.032109708129877]",149.8371460735798,56.418660923838615,207.54391145706177,nan,nan,nan,nan,False,,nan,,,nan,nan,nan,,,,,,,,0.0003373277646360249,4.56637008941625e-06,0.49430920243726095,nan,nan,nan,False,not_run,not_requested
fig1,PEB,4,287230138,0.0,snr_db,0.0,3,3,3,3,full_6d,287230138,,,nan,,False,,4.9425231367349625,nan,nan,nan,nan,nan,nan,False,,,peb_only,False,f7773d301047b7ec,,,,,,,adaptive_jones,True,fixed_anchor_then_adaptive_jones_score_selection,,nan,nan,nan,nan,True,,,nan,nan,,,,,[],nan,,,nan,nan,nan,nan,,nan,nan,nan,0.00031735169972478365,nan,nan,0.00031735169972478365,False,72d5586e1e2071d827e37c0d5029359210d7878b9ab9d369f2c38d0e300801aa,0.4943582367100889,computed_unscaled,cpu,nan,nan,nan,,,,,,,,nan,nan,nan,nan,nan,nan,False,,
fig1,adaptive_jones_vp_proposed,6,1919806993,0.0,snr_db,0.0,3,3,3,3,full_6d,1919806993,,,nan,,False,,65.164859816432,0.00011047446184539349,0.00011047446184539349,2.297108177488556e-06,3.0384614286316966e-05,3.200552703738716e-13,0.41980149569878233,False,direct_vp,global_exact_spherical_vp,main_single_proposed,True,b82cd2c49b49cf40,adaptive_jones,cupy,True,0,cupy,cupy.linalg.solve,fixed_pol_anchor,True,fixed_anchor_then_adaptive_jones_score_selection,fixed_pol_anchor,1.8006596910074877,23.529740786546196,9.270242767141722,0.0,True,3,4,3096725.458075429,3099452.3066358417,"[2.480327823871481,23.529740786546196,1.8006596910074877]","[0.4031725122676102,0.04249940571161111,0.5553520218130107]","[1.1221545459173742e-06,2.205967380790092e-08,2.2000795214562082e-08]",direct_vp,[],3095354.469854637,3096560,True,8244134.148685537,72.22051560060324,21.744672847761,0.07164573573664842,"[5.0948547625869125,5.092175081546221,4.941549083787875]",141.3425530269742,58.30017100274563,200.83939331769943,nan,nan,nan,nan,False,,nan,,,nan,nan,nan,,,,,,,,0.00011047446184539349,2.297108177488556e-06,0.41980149569878233,nan,nan,nan,False,not_run,not_requested
fig1,PEB,6,1919806993,0.0,snr_db,0.0,3,3,3,3,full_6d,1919806993,,,nan,,False,,5.567245073616505,nan,nan,nan,nan,nan,nan,False,,,peb_only,False,ca073615d85d7426,,,,,,,adaptive_jones,True,fixed_anchor_then_adaptive_jones_score_selection,,nan,nan,nan,nan,True,,,nan,nan,,,,,[],nan,,,nan,nan,nan,nan,,nan,nan,nan,0.000352907053243195,nan,nan,0.000352907053243195,False,231b7c2941d5d9c02809f94febabb8d0e1f1d4a2d4bfefa1b397f685379809da,0.4199671633749915,computed_unscaled,cpu,nan,nan,nan,,,,,,,,nan,nan,nan,nan,nan,nan,False,,
fig1,adaptive_jones_vp_proposed,7,1914929603,0.0,snr_db,0.0,3,3,3,3,full_6d,1914929603,,,nan,,False,,64.8181512504816,0.00041733626348013943,0.00041733626348013943,5.366931602453487e-06,0.00023259930935852992,2.0268466265009902e-13,0.7354901884361658,False,direct_vp,global_exact_spherical_vp,main_single_proposed,True,a6ed85beb3f60e0a,adaptive_jones,cupy,True,0,cupy,cupy.linalg.solve,fixed_pol_anchor,True,fixed_anchor_then_adaptive_jones_score_selection,fixed_pol_anchor,1.3686017538050057,14.776859041353035,7.0199841930967315,0.0,True,3,4,3096725.458075429,3097126.7620558203,"[14.776859041353035,4.914491784132153,1.3686017538050057]","[0.06767338019444616,0.2034798396090258,0.7306727448057241]","[6.92987006500205e-08,4.124780672697102e-08,1.1732503849803676e-06]",direct_vp,"[""poor_clock_consistency""]",3093953.001681128,3096560,True,8096514.915886273,85.25650452442514,11.90521676816393,0.21403388592278302,"[4.5551554792064115,4.999193968770603,5.018565764198359]",147.6537201628089,58.90507736802101,207.5017078369856,nan,nan,nan,nan,False,,nan,,,nan,nan,nan,,,,,,,,0.00041733626348013943,5.366931602453487e-06,0.7354901884361658,nan,nan,nan,False,not_run,not_requested
fig1,PEB,7,1914929603,0.0,snr_db,0.0,3,3,3,3,full_6d,1914929603,,,nan,,False,,4.703391790390015,nan,nan,nan,nan,nan,nan,False,,,peb_only,False,4bf1961b1a052e79,,,,,,,adaptive_jones,True,fixed_anchor_then_adaptive_jones_score_selection,,nan,nan,nan,nan,True,,,nan,nan,,,,,[],nan,,,nan,nan,nan,nan,,nan,nan,nan,0.00033906627598154004,nan,nan,0.00033906627598154004,False,84f1975fc112e22552cd5389ecb9ea5e68088b810ed0a30ff85dfd5971674377,0.7361137239348519,computed_unscaled,cpu,nan,nan,nan,,,,,,,,nan,nan,nan,nan,nan,nan,False,,
fig1,adaptive_jones_vp_proposed,64,1096511241,-5.0,snr_db,-5.0,3,3,3,3,full_6d,1096511241,,,nan,,False,,568.9275095537305,0.00040274071740172565,0.00040274071740172565,1.028397104050135e-05,5.5519082204304536e-05,1.331103735307114e-13,0.5183764965982122,False,direct_vp,global_exact_spherical_vp,main_single_proposed,True,6a838e04bd539b70,adaptive_jones,cupy,True,0,cupy,cupy.linalg.solve,fixed_pol_anchor,True,fixed_anchor_then_adaptive_jones_score_selection,fixed_pol_anchor,7.327317750428387,13.547802365663015,10.10456252430122,0.0,True,3,4,3096725.458075429,3168102.682994047,"[9.43856745681226,13.547802365663015,7.327317750428387]","[0.10594828130076181,0.07381270947094401,0.13647558821018896]","[2.1938279437761464e-07,4.661318548074573e-08,6.843278569062205e-07]",direct_vp,[],3095547.1999891084,3096560,True,2545044.634855784,78.66610175108272,11.136096112166774,0.014475808432048643,"[4.988397392781597,4.976011524730569,5.01097794200704]",142.441304795444,563.1686645150185,706.9105046465993,nan,nan,nan,nan,False,,nan,,,nan,nan,nan,,,,,,,,0.00040274071740172565,1.028397104050135e-05,0.5183764965982122,nan,nan,nan,False,not_run,not_requested
fig1,PEB,64,1096511241,-5.0,snr_db,-5.0,3,3,3,3,full_6d,1096511241,,,nan,,False,,4.8412710428237915,nan,nan,nan,nan,nan,nan,False,,,peb_only,False,baa2a90f089824a4,,,,,,,adaptive_jones,True,fixed_anchor_then_adaptive_jones_score_selection,,nan,nan,nan,nan,True,,,nan,nan,,,,,[],nan,,,nan,nan,nan,nan,,nan,nan,nan,0.0006338460247542662,nan,nan,0.0006338460247542662,False,e140a9cd0c7a64d7d06d7886e7a75298e3fbf2d3964882a91cad3a1a2e55c6a3,0.5185487781726453,computed_unscaled,cpu,nan,nan,nan,,,,,,,,nan,nan,nan,nan,nan,nan,False,,
fig1,adaptive_jones_vp_proposed,8,641399591,0.0,snr_db,0.0,3,3,3,3,full_6d,641399591,,,nan,,False,,65.86268501728773,0.00022618817862028395,0.00022618817862028395,3.738162452393023e-06,4.394175797282445e-05,1.863038856678093e-13,0.22558786920274237,False,direct_vp,global_exact_spherical_vp,main_single_proposed,True,4ad9db9d8c95a168,adaptive_jones,cupy,True,0,cupy,cupy.linalg.solve,fixed_pol_anchor,True,fixed_anchor_then_adaptive_jones_score_selection,fixed_pol_anchor,2.1824295598889893,10.407740274639393,4.94667461060957,0.0,True,3,4,3096725.458075429,3096758.0554590053,"[10.407740274639393,2.249853997300328,2.1824295598889893]","[0.09608233618457011,0.44447328635444006,0.45820493745909635]","[4.137362807351459e-08,1.1500695165014018e-09,4.967757196781143e-07]",direct_vp,"[""poor_clock_consistency""]",3097884.6474612686,3096560,True,8541703.762559334,78.32999293208717,12.377336339210942,0.10888534204262577,"[4.805398458531588,5.024903832172621,5.046357558723789]",136.91676694899797,59.290760926902294,197.43878979235888,nan,nan,nan,nan,False,,nan,,,nan,nan,nan,,,,,,,,0.00022618817862028395,3.738162452393023e-06,0.22558786920274237,nan,nan,nan,False,not_run,not_requested
fig1,PEB,8,641399591,0.0,snr_db,0.0,3,3,3,3,full_6d,641399591,,,nan,,False,,5.158999025821686,nan,nan,nan,nan,nan,nan,False,,,peb_only,False,6cbe2e3526b240f5,,,,,,,adaptive_jones,True,fixed_anchor_then_adaptive_jones_score_selection,,nan,nan,nan,nan,True,,,nan,nan,,,,,[],nan,,,nan,nan,nan,nan,,nan,nan,nan,0.0003474113251691455,nan,nan,0.0003474113251691455,False,e032c9cb8462fea3417aadc651e10a3437190e0cacf3ab5bdc4b175ff7382e20,0.2254925735329804,computed_unscaled,cpu,nan,nan,nan,,,,,,,,nan,nan,nan,nan,nan,nan,False,,
fig1,adaptive_jones_vp_proposed,10,781873798,0.0,snr_db,0.0,3,3,3,3,full_6d,781873798,,,nan,,False,,62.961513824760914,0.0002284678185079782,0.0002284678185079782,4.1939047027005675e-06,0.00020338243435280424,2.0883323862272235e-13,0.22036030857084768,False,direct_vp,global_exact_spherical_vp,main_single_proposed,True,c2e3b7a745b37500,adaptive_jones,cupy,True,0,cupy,cupy.linalg.solve,fixed_pol_anchor,True,fixed_anchor_then_adaptive_jones_score_selection,fixed_pol_anchor,1.3958908857202381,35.921794922856115,13.743050346505337,0.0,True,3,4,3096725.458075429,3110408.6439988506,"[3.911465230939664,35.921794922856115,1.3958908857202381]","[0.255658670333075,0.0278382525737266,0.7163883726360416]","[8.774657062495727e-08,7.956492972854204e-09,3.633780081881976e-07]",direct_vp,[],3094269.1667034556,3096560,True,8155993.126213363,81.21478422266424,13.947152553409365,0.07707412688612159,"[5.000750788038233,5.173242242828544,5.020536616419754]",138.77656362950802,56.49712301790714,196.42537637799978,nan,nan,nan,nan,False,,nan,,,nan,nan,nan,,,,,,,,0.0002284678185079782,4.1939047027005675e-06,0.22036030857084768,nan,nan,nan,False,not_run,not_requested
fig1,PEB,10,781873798,0.0,snr_db,0.0,3,3,3,3,full_6d,781873798,,,nan,,False,,4.964265517890453,nan,nan,nan,nan,nan,nan,False,,,peb_only,False,cf716a5f296114d0,,,,,,,adaptive_jones,True,fixed_anchor_then_adaptive_jones_score_selection,,nan,nan,nan,nan,True,,,nan,nan,,,,,[],nan,,,nan,nan,nan,nan,,nan,nan,nan,0.000347695689057382,nan,nan,0.000347695689057382,False,f2ef97a231c1a4af27e9b56c32078a57d13f76cf0fcef71f5aea3cacfcafd031,0.22052459114280942,computed_unscaled,cpu,nan,nan,nan,,,,,,,,nan,nan,nan,nan,nan,nan,False,,
fig1,adaptive_jones_vp_proposed,72,2100195688,-5.0,snr_db,-5.0,3,3,3,3,full_6d,2100195688,,,nan,,False,,537.0033551231027,0.00028089218422126924,0.00028089218422126924,2.203575374567904e-05,0.00021970820825976324,2.8440617828543244e-12,1.0409754707437682,False,direct_vp,global_exact_spherical_vp,main_single_proposed,True,efd9a2a11f62d4b0,adaptive_jones,cupy,True,0,cupy,cupy.linalg.solve,fixed_pol_anchor,True,fixed_anchor_then_adaptive_jones_score_selection,fixed_pol_anchor,5.295194464280382,16.706755178800844,12.259615142396568,0.0,True,3,4,3096725.458075429,3117130.3025992163,"[16.706755178800844,5.295194464280382,14.776895784108476]","[0.05985602765354404,0.18885047692589418,0.06767321192456764]","[2.690649537182183e-07,1.1761519679832475e-08,5.5526159200042545e-08]",direct_vp,[],3100307.411157913,3096560,True,2168193.589337776,79.10192991819798,8.935011600204202,0.07666811234526694,"[5.055370677602853,4.944881722346138,5.131637190398676]",142.04520150274038,530.7066578418016,673.963650599122,nan,nan,nan,nan,False,,nan,,,nan,nan,nan,,,,,,,,0.00028089218422126924,2.203575374567904e-05,1.0409754707437682,nan,nan,nan,False,not_run,not_requested
fig1,PEB,72,2100195688,-5.0,snr_db,-5.0,3,3,3,3,full_6d,2100195688,,,nan,,False,,4.921865649521351,nan,nan,nan,nan,nan,nan,False,,,peb_only,False,1a13ea84186ff3cf,,,,,,,adaptive_jones,True,fixed_anchor_then_adaptive_jones_score_selection,,nan,nan,nan,nan,True,,,nan,nan,,,,,[],nan,,,nan,nan,nan,nan,,nan,nan,nan,0.0006937328862216464,nan,nan,0.0006937328862216464,False,c74090ee2666e0b285da3833dfd6aa0f2593b8f113092ef5692488e84b651980,1.0397225925702465,computed_unscaled,cpu,nan,nan,nan,,,,,,,,nan,nan,nan,nan,nan,nan,False,,
fig1,adaptive_jones_vp_proposed,71,1982555292,-5.0,snr_db,-5.0,3,3,3,3,full_6d,1982555292,,,nan,,False,,571.3008443266153,0.0018798501365867584,0.0018798501365867584,2.24134410000862e-05,5.150388592756511e-05,3.325815769775317e-13,1.3724570630076953,False,direct_vp,global_exact_spherical_vp,main_single_proposed,True,c96a1d4c387944c7,adaptive_jones,cupy,True,0,cupy,cupy.linalg.solve,fixed_pol_anchor,True,fixed_anchor_then_adaptive_jones_score_selection,fixed_pol_anchor,6.3152539053180305,48.8906200374885,20.84679467657941,0.0,True,3,4,3096725.458075429,3193330.2109983596,"[6.3152539053180305,48.8906200374885,7.334510086931698]","[0.15834676087236838,0.020453821186647382,0.13634175809157598]","[3.013386714551056e-07,4.43261291862648e-08,4.013080460955483e-07]",direct_vp,"[""poor_clock_consistency""]",3096594.286450092,3096560,True,2426329.114195211,85.99034479892,12.92999900759345,0.12488324738788244,"[5.0689658786348,5.169494576876213,4.8690269098837025]",135.84191423654556,564.9292849227786,701.9415152966976,nan,nan,nan,nan,False,,nan,,,nan,nan,nan,,,,,,,,0.0018798501365867584,2.24134410000862e-05,1.3724570630076953,nan,nan,nan,False,not_run,not_requested
fig1,PEB,71,1982555292,-5.0,snr_db,-5.0,3,3,3,3,full_6d,1982555292,,,nan,,False,,4.98746033757925,nan,nan,nan,nan,nan,nan,False,,,peb_only,False,5894f482bf66622a,,,,,,,adaptive_jones,True,fixed_anchor_then_adaptive_jones_score_selection,,nan,nan,nan,nan,True,,,nan,nan,,,,,[],nan,,,nan,nan,nan,nan,,nan,nan,nan,0.0006550613759588045,nan,nan,0.0006550613759588045,False,bdd039092dd082ec6fd57d77070067f9fd8178794fea592c3fc196eccf3a063c,1.3724489581785622,computed_unscaled,cpu,nan,nan,nan,,,,,,,,nan,nan,nan,nan,nan,nan,False,,
fig1,adaptive_jones_vp_proposed,13,634888206,0.0,snr_db,0.0,3,3,3,3,full_6d,634888206,,,nan,,False,,63.479127518832684,0.0005031875473234649,0.0005031875473234649,4.155412847325214e-06,0.00013175050784374053,6.964427832222766e-13,0.20446468052867664,False,direct_vp,global_exact_spherical_vp,main_single_proposed,True,7cef489babfc5072,adaptive_jones,cupy,True,0,cupy,cupy.linalg.solve,fixed_pol_anchor,True,fixed_anchor_then_adaptive_jones_score_selection,fixed_pol_anchor,1.7009084407350148,25.76308201325162,10.054522888010966,0.0,True,3,4,3096725.458075429,3216826.7002672204,"[1.7009084407350148,25.76308201325162,2.6995782100462664]","[0.5879211226479472,0.03881523179019778,0.37042823811359854]","[1.123820817899805e-06,9.10181803690074e-09,1.0372412873278705e-06]",direct_vp,[],3095179.597925663,3096560,True,7540964.992404731,80.6307213250964,13.239513603953087,0.08133359874428693,"[5.005644451029319,5.202353482505853,5.13133688883215]",148.83982672542334,56.93586469441652,206.90880897641182,nan,nan,nan,nan,False,,nan,,,nan,nan,nan,,,,,,,,0.0005031875473234649,4.155412847325214e-06,0.20446468052867664,nan,nan,nan,False,not_run,not_requested
fig1,PEB,13,634888206,0.0,snr_db,0.0,3,3,3,3,full_6d,634888206,,,nan,,False,,5.105869680643082,nan,nan,nan,nan,nan,nan,False,,,peb_only,False,5950e39cfc008c69,,,,,,,adaptive_jones,True,fixed_anchor_then_adaptive_jones_score_selection,,nan,nan,nan,nan,True,,,nan,nan,,,,,[],nan,,,nan,nan,nan,nan,,nan,nan,nan,0.00037280880254556817,nan,nan,0.00037280880254556817,False,11da97468c8b90c59dcc518746f48f2217739b6c2c3deec78f2d1177de9045c5,0.20455692554871044,computed_unscaled,cpu,nan,nan,nan,,,,,,,,nan,nan,nan,nan,nan,nan,False,,
fig1,adaptive_jones_vp_proposed,15,2734808712,0.0,snr_db,0.0,3,3,3,3,full_6d,2734808712,,,nan,,False,,63.971076399087906,0.0004087665562458936,0.0004087665562458936,4.741528081337901e-06,0.00017424467880350046,1.6133647213807831e-12,0.11545139049077129,False,direct_vp,global_exact_spherical_vp,main_single_proposed,True,db17b43e2f0fe861,adaptive_jones,cupy,True,0,cupy,cupy.linalg.solve,fixed_pol_anchor,True,fixed_anchor_then_adaptive_jones_score_selection,fixed_pol_anchor,2.0232455791142505,11.072197599892663,5.1809353275056225,0.0,True,3,4,3096725.458075429,3100188.1291846014,"[11.072197599892663,2.0232455791142505,2.447362803509954]","[0.09031630721606902,0.49425537380181167,0.4086030884196551]","[3.4098357449867784e-08,4.543575913494504e-09,6.15893310192058e-07]",direct_vp,"[""poor_clock_consistency""]",3099367.5098712733,3096560,True,8672365.126329757,70.04754974140188,12.912043558143198,0.1194257578995107,"[4.798262477421024,5.0573839196079575,5.045395989047202]",140.9910647496581,57.94867316633463,200.13925886154175,nan,nan,nan,nan,False,,nan,,,nan,nan,nan,,,,,,,,0.0004087665562458936,4.741528081337901e-06,0.11545139049077129,nan,nan,nan,False,not_run,not_requested
fig1,PEB,15,2734808712,0.0,snr_db,0.0,3,3,3,3,full_6d,2734808712,,,nan,,False,,4.727781914174557,nan,nan,nan,nan,nan,nan,False,,,peb_only,False,914e108c699b67ac,,,,,,,adaptive_jones,True,fixed_anchor_then_adaptive_jones_score_selection,,nan,nan,nan,nan,True,,,nan,nan,,,,,[],nan,,,nan,nan,nan,nan,,nan,nan,nan,0.0003461631391619722,nan,nan,0.0003461631391619722,False,3745774ba39f0b3a489ec82705d3e30e7ac3ac0889ba9ff94e26de5537c07034,0.11534740679242614,computed_unscaled,cpu,nan,nan,nan,,,,,,,,nan,nan,nan,nan,nan,nan,False,,
fig1,adaptive_jones_vp_proposed,36,3263447461,-5.0,snr_db,-5.0,3,3,3,3,full_6d,3263447461,,,nan,,False,,1210.3076151758432,0.0006846869157312216,0.0006846869157312216,2.186809164928668e-05,0.00044623444058214975,1.744491483501951e-13,0.7744221587929316,False,direct_vp_rollback,global_exact_spherical_vp,main_single_proposed,True,7769372f617972f7,adaptive_jones,cupy,True,0,cupy,cupy.linalg.solve,fixed_pol_anchor,True,fixed_anchor_then_adaptive_jones_score_selection,fixed_pol_anchor,3.868864851109393,958.3628568474315,326.6000487385835,0.0,True,3,4,3096725.458075429,3197841.3973861835,"[17.568424517209593,958.3628568474315,3.868864851109393]","[0.0569203003378508,0.00104344611427364,0.2584737483681763]","[1.6806739930064913e-06,2.0818666567670295e-06,4.5547949422588216e-07]",jnpp_then_vp,"[""low_assignment_margin"",""poor_clock_consistency""]",3101086.1326576276,3096560,False,2450382.1367924702,90.42014554148966,4.852271010584249e-07,0.22324769569382252,"[5.061092572207057,4.579345530119354,5.044312205736294]",136.62265506386757,1112.5110283344984,1250.4628358483315,nan,nan,nan,nan,False,,nan,,,nan,nan,nan,,,,,,,,0.0006846869157312216,2.186809164928668e-05,0.7744221587929316,0.0006846830053409067,2.1868068521060162e-05,0.7744221587929344,True,rollback,existing_selector_rollback
fig1,PEB,36,3263447461,-5.0,snr_db,-5.0,3,3,3,3,full_6d,3263447461,,,nan,,False,,4.803833656013012,nan,nan,nan,nan,nan,nan,False,,,peb_only,False,dcc3d1471ba9a21a,,,,,,,adaptive_jones,True,fixed_anchor_then_adaptive_jones_score_selection,,nan,nan,nan,nan,True,,,nan,nan,,,,,[],nan,,,nan,nan,nan,nan,,nan,nan,nan,0.0005661970791714683,nan,nan,0.0005661970791714683,False,44da4b062737b51be35373567f8e2b8ed08b76fc869f23df282060a8ccb40d9b,0.773295860934778,computed_unscaled,cpu,nan,nan,nan,,,,,,,,nan,nan,nan,nan,nan,nan,False,,
fig1,adaptive_jones_vp_proposed,17,2127997378,0.0,snr_db,0.0,3,3,3,3,full_6d,2127997378,,,nan,,False,,63.866506695747375,0.000303526303641342,0.000303526303641342,5.525606305449925e-06,2.7611335563666413e-05,2.3718682769078547e-13,0.40048656595004734,False,direct_vp,global_exact_spherical_vp,main_single_proposed,True,292d118dd5861382,adaptive_jones,cupy,True,0,cupy,cupy.linalg.solve,fixed_pol_anchor,True,fixed_anchor_then_adaptive_jones_score_selection,fixed_pol_anchor,1.660849461041284,5.862440186542688,3.979302102603817,0.0,True,3,4,3096725.458075429,3112042.4376324126,"[4.414616660227479,1.660849461041284,5.862440186542688]","[0.22652023424929876,0.6021015290400735,0.17057743331687225]","[6.983216057328544e-07,4.4792481285844456e-08,5.318509537580349e-07]",direct_vp,"[""poor_clock_consistency""]",3099947.8420358608,3096560,True,6510789.737451506,83.20003983879002,17.726488516141153,0.1275670955989717,"[4.959114512245969,4.940888267823303,5.220151330750327]",151.17468671500683,57.73460187762976,210.1963200941682,nan,nan,nan,nan,False,,nan,,,nan,nan,nan,,,,,,,,0.000303526303641342,5.525606305449925e-06,0.40048656595004734,nan,nan,nan,False,not_run,not_requested
fig1,PEB,17,2127997378,0.0,snr_db,0.0,3,3,3,3,full_6d,2127997378,,,nan,,False,,4.830037914216518,nan,nan,nan,nan,nan,nan,False,,,peb_only,False,103d393ad5747a93,,,,,,,adaptive_jones,True,fixed_anchor_then_adaptive_jones_score_selection,,nan,nan,nan,nan,True,,,nan,nan,,,,,[],nan,,,nan,nan,nan,nan,,nan,nan,nan,0.0004000960764907918,nan,nan,0.0004000960764907918,False,1e7e5fb979d639b775e57b8f9a2b5887da0781d1b293b718b0219c60afc7e70e,0.4000509529956755,computed_unscaled,cpu,nan,nan,nan,,,,,,,,nan,nan,nan,nan,nan,nan,False,,
fig1,adaptive_jones_vp_proposed,19,3846521747,0.0,snr_db,0.0,3,3,3,3,full_6d,3846521747,,,nan,,False,,66.51951136440039,0.0007210443032299555,0.0007210443032299555,6.825305184523227e-06,0.00021687235785066518,2.2603882331773573e-13,0.11852845730879595,False,direct_vp,global_exact_spherical_vp,main_single_proposed,True,acff5b4621d17d1b,adaptive_jones,cupy,True,0,cupy,cupy.linalg.solve,fixed_pol_anchor,True,fixed_anchor_then_adaptive_jones_score_selection,fixed_pol_anchor,1.8666281440527346,4.778806538663469,3.5210583792226906,0.0,True,3,4,3096725.458075429,3102554.94002705,"[3.9177404549518675,1.8666281440527346,4.778806538663469]","[0.255249170151668,0.5357253415385567,0.2092572678773684]","[3.8320253446549534e-07,1.071737448249655e-08,1.6435411365533124e-07]",direct_vp,"[""poor_clock_consistency""]",3095221.3193379347,3096560,True,6639999.425612839,80.7818962937199,13.690107996058416,0.12577153716632353,"[5.0308351472257815,4.940871105744552,5.241025639612232]",140.54048800468445,60.08470372110605,201.78762828558683,nan,nan,nan,nan,False,,nan,,,nan,nan,nan,,,,,,,,0.0007210443032299555,6.825305184523227e-06,0.11852845730879595,nan,nan,nan,False,not_run,not_requested
fig1,PEB,19,3846521747,0.0,snr_db,0.0,3,3,3,3,full_6d,3846521747,,,nan,,False,,5.3819334134459496,nan,nan,nan,nan,nan,nan,False,,,peb_only,False,1c87853c593a06df,,,,,,,adaptive_jones,True,fixed_anchor_then_adaptive_jones_score_selection,,nan,nan,nan,nan,True,,,nan,nan,,,,,[],nan,,,nan,nan,nan,nan,,nan,nan,nan,0.0003956371814647065,nan,nan,0.0003956371814647065,False,66683f008884b5deaddb95c24fc2a892e518e793d697d2821f0c6f98570400e4,0.11858033347287425,computed_unscaled,cpu,nan,nan,nan,,,,,,,,nan,nan,nan,nan,nan,nan,False,,
fig1,adaptive_jones_vp_proposed,20,3607282624,0.0,snr_db,0.0,3,3,3,3,full_6d,3607282624,,,nan,,False,,67.87657681852579,0.0001372180211321525,0.0001372180211321525,6.804563031434289e-06,0.00012079667391058876,2.446757519597526e-13,0.5718119838399832,False,direct_vp,global_exact_spherical_vp,main_single_proposed,True,853244e1ae97a9fb,adaptive_jones,cupy,True,0,cupy,cupy.linalg.solve,fixed_pol_anchor,True,fixed_anchor_then_adaptive_jones_score_selection,fixed_pol_anchor,1.5789248139239556,7.81265254730483,4.563688077974837,0.0,True,3,4,3096725.458075429,3096892.651571235,"[4.2994868726957245,7.81265254730483,1.5789248139239556]","[0.2325858944578456,0.12799750071275887,0.6333423803209564]","[6.505978199354008e-07,3.5530802344945094e-08,3.265493644029584e-07]",direct_vp,[],3095256.7849561535,3096560,True,8586674.485079544,65.45865633475542,16.35863532816418,0.04519993701790599,"[4.9028155963553015,5.00619465970647,4.988830502382498]",136.34248666465282,61.38108218461275,198.97232254594564,nan,nan,nan,nan,False,,nan,,,nan,nan,nan,,,,,,,,0.0001372180211321525,6.804563031434289e-06,0.5718119838399832,nan,nan,nan,False,not_run,not_requested
fig1,PEB,20,3607282624,0.0,snr_db,0.0,3,3,3,3,full_6d,3607282624,,,nan,,False,,4.745930626988411,nan,nan,nan,nan,nan,nan,False,,,peb_only,False,e429904b2524fb18,,,,,,,adaptive_jones,True,fixed_anchor_then_adaptive_jones_score_selection,,nan,nan,nan,nan,True,,,nan,nan,,,,,[],nan,,,nan,nan,nan,nan,,nan,nan,nan,0.00033759600438714983,nan,nan,0.00033759600438714983,False,614c1d5045ebcd05d85977496f662de337f9fdc3d750d62d2ed64ea91c25b070,0.5720556931745366,computed_unscaled,cpu,nan,nan,nan,,,,,,,,nan,nan,nan,nan,nan,nan,False,,
fig1,adaptive_jones_vp_proposed,22,3206710796,0.0,snr_db,0.0,3,3,3,3,full_6d,3206710796,,,nan,,False,,63.698026560246944,0.00020081326163618759,0.00020081326163618759,5.06230194635359e-06,6.4957682627262e-05,1.0733509793518814e-12,0.1071358765584039,False,direct_vp,global_exact_spherical_vp,main_single_proposed,True,1c3978601ac78fc1,adaptive_jones,cupy,True,0,cupy,cupy.linalg.solve,fixed_pol_anchor,True,fixed_anchor_then_adaptive_jones_score_selection,fixed_pol_anchor,2.2040288505894363,7.033328141521467,3.8989656579494323,0.0,True,3,4,3096725.458075429,3096771.3805747917,"[2.459539981737393,2.2040288505894363,7.033328141521467]","[0.4065800952303085,0.4537145689950293,0.1421801997392154]","[8.260143538289587e-07,2.415344538935702e-07,7.18398036951897e-07]",direct_vp,[],3093207.3423108594,3096560,True,5684530.566010401,85.46367956939812,13.980946699936958,0.06524840563284545,"[4.934993903810424,4.903165042350116,5.054719760800891]",140.74551444500685,57.79140841215849,199.7958503216505,nan,nan,nan,nan,False,,nan,,,nan,nan,nan,,,,,,,,0.00020081326163618759,5.06230194635359e-06,0.1071358765584039,nan,nan,nan,False,not_run,not_requested
fig1,PEB,22,3206710796,0.0,snr_db,0.0,3,3,3,3,full_6d,3206710796,,,nan,,False,,4.728425949811935,nan,nan,nan,nan,nan,nan,False,,,peb_only,False,50bca90c00ce2a7b,,,,,,,adaptive_jones,True,fixed_anchor_then_adaptive_jones_score_selection,,nan,nan,nan,nan,True,,,nan,nan,,,,,[],nan,,,nan,nan,nan,nan,,nan,nan,nan,0.0004248150196153206,nan,nan,0.0004248150196153206,False,c84ba72aa3a760a0760b6b67e247dbffd03ad56315a9283ecceeafa1a6824f29,0.10725255289283989,computed_unscaled,cpu,nan,nan,nan,,,,,,,,nan,nan,nan,nan,nan,nan,False,,
fig1,adaptive_jones_vp_proposed,21,4000820147,0.0,snr_db,0.0,3,3,3,3,full_6d,4000820147,,,nan,,False,,66.12579699605703,0.00022310084396797602,0.00022310084396797602,3.073170133875104e-06,0.00012578001437517936,1.2404798773604694e-12,0.34784413228343986,False,direct_vp,global_exact_spherical_vp,main_single_proposed,True,2116069e243701a6,adaptive_jones,cupy,True,0,cupy,cupy.linalg.solve,fixed_pol_anchor,True,fixed_anchor_then_adaptive_jones_score_selection,fixed_pol_anchor,1.148486220306615,45.05504415957379,18.514759877913413,0.0,True,3,4,3096725.458075429,3107310.9918726627,"[1.148486220306615,45.05504415957379,9.340749253859833]","[0.8707113610225801,0.022195073129063932,0.10705779298993964]","[3.9325437364893506e-07,1.926813521682418e-09,7.051291126618245e-09]",direct_vp,[],3096008.603595558,3096560,True,5114671.918983316,135.67595006238133,15.223090788754176,0.08408643459719942,"[4.988967247901601,5.194927551231871,5.0935732112988825]",141.8757045418024,60.10068156570196,203.20079412311316,nan,nan,nan,nan,False,,nan,,,nan,nan,nan,,,,,,,,0.00022310084396797602,3.073170133875104e-06,0.34784413228343986,nan,nan,nan,False,not_run,not_requested
fig1,PEB,21,4000820147,0.0,snr_db,0.0,3,3,3,3,full_6d,4000820147,,,nan,,False,,4.988248340785503,nan,nan,nan,nan,nan,nan,False,,,peb_only,False,755e835f23010c57,,,,,,,adaptive_jones,True,fixed_anchor_then_adaptive_jones_score_selection,,nan,nan,nan,nan,True,,,nan,nan,,,,,[],nan,,,nan,nan,nan,nan,,nan,nan,nan,0.0004667337139928578,nan,nan,0.0004667337139928578,False,f7a047bb7013efbe33f31c7f789c22a5d5f4d1899bcaccc54b42258dbd7f4038,0.3479078806560169,computed_unscaled,cpu,nan,nan,nan,,,,,,,,nan,nan,nan,nan,nan,nan,False,,
fig1,adaptive_jones_vp_proposed,82,2146768378,-5.0,snr_db,-5.0,3,3,3,3,full_6d,2146768378,,,nan,,False,,560.7618721202016,0.000415215667609225,0.000415215667609225,1.5396519127140854e-05,0.0002490748419917736,2.459380198012306e-12,2.086949949691416,False,direct_vp,global_exact_spherical_vp,main_single_proposed,True,687d166c66579a5d,adaptive_jones,cupy,True,0,cupy,cupy.linalg.solve,fixed_pol_anchor,True,fixed_anchor_then_adaptive_jones_score_selection,fixed_pol_anchor,6.433439738034038,74.28798276256529,29.181044778504,0.0,True,3,4,3096725.458075429,3198085.6792232296,"[6.433439738034038,74.28798276256529,6.821711834912664]","[0.15543784362844618,0.01346112739555536,0.14659077137725224]","[7.01209038182455e-08,1.713277686397973e-08,1.535324938893114e-07]",direct_vp,"[""poor_clock_consistency""]",3100267.162885873,3096560,True,2568333.346578515,72.03947884176164,6.473109249806211,0.16476228916477104,"[5.163733111801871,4.814443416976153,4.813996044387413]",148.4326433762908,554.0112455561757,703.6471754088998,nan,nan,nan,nan,False,,nan,,,nan,nan,nan,,,,,,,,0.000415215667609225,1.5396519127140854e-05,2.086949949691416,nan,nan,nan,False,not_run,not_requested
fig1,PEB,82,2146768378,-5.0,snr_db,-5.0,3,3,3,3,full_6d,2146768378,,,nan,,False,,5.128485299646854,nan,nan,nan,nan,nan,nan,False,,,peb_only,False,15cfab2d43d636fe,,,,,,,adaptive_jones,True,fixed_anchor_then_adaptive_jones_score_selection,,nan,nan,nan,nan,True,,,nan,nan,,,,,[],nan,,,nan,nan,nan,nan,,nan,nan,nan,0.0006385124679184979,nan,nan,0.0006385124679184979,False,3a0d3e6549ad4d642256987481bea72461b73f437bf823d820291ff80c435722,2.0844652373120462,computed_unscaled,cpu,nan,nan,nan,,,,,,,,nan,nan,nan,nan,nan,nan,False,,
fig1,adaptive_jones_vp_proposed,23,2043173887,0.0,snr_db,0.0,3,3,3,3,full_6d,2043173887,,,nan,,False,,63.88482742011547,0.0005270220213619724,0.0005270220213619724,5.145748460783647e-06,3.9552955385817845e-05,1.464542230078553e-13,0.32753090499166104,False,direct_vp,global_exact_spherical_vp,main_single_proposed,True,dd297c5ea76a11ee,adaptive_jones,cupy,True,0,cupy,cupy.linalg.solve,fixed_pol_anchor,True,fixed_anchor_then_adaptive_jones_score_selection,fixed_pol_anchor,2.0810318603853983,12.390132181765686,5.584688882631894,0.0,True,3,4,3096725.458075429,3100566.5865397975,"[12.390132181765686,2.0810318603853983,2.282902605744597]","[0.08070938915884127,0.4805308457952793,0.43803883594567744]","[5.19160421164524e-07,7.749524147064867e-09,2.49331946741482e-08]",direct_vp,[],3096246.5443743346,3096560,True,8390753.295059122,64.02240319939138,14.507583349002482,0.06597658285649129,"[5.090935637361288,4.933337445168879,4.9811494464085]",131.87890505045652,57.6458173841238,190.72688414156437,nan,nan,nan,nan,False,,nan,,,nan,nan,nan,,,,,,,,0.0005270220213619724,5.145748460783647e-06,0.32753090499166104,nan,nan,nan,False,not_run,not_requested
fig1,PEB,23,2043173887,0.0,snr_db,0.0,3,3,3,3,full_6d,2043173887,,,nan,,False,,4.989960461854935,nan,nan,nan,nan,nan,nan,False,,,peb_only,False,6f24def9e3523146,,,,,,,adaptive_jones,True,fixed_anchor_then_adaptive_jones_score_selection,,nan,nan,nan,nan,True,,,nan,nan,,,,,[],nan,,,nan,nan,nan,nan,,nan,nan,nan,0.0003503706818334925,nan,nan,0.0003503706818334925,False,7093cfec76f40175c6c7c58aa1b5153ce86056a79427b6463226f28ede4d41bd,0.32756575586599623,computed_unscaled,cpu,nan,nan,nan,,,,,,,,nan,nan,nan,nan,nan,nan,False,,
fig1,adaptive_jones_vp_proposed,24,2465240206,0.0,snr_db,0.0,3,3,3,3,full_6d,2465240206,,,nan,,False,,65.64404366910458,0.0001280624104227991,0.0001280624104227991,3.3945043469681618e-06,6.687806862504731e-05,6.084487305476911e-13,0.5251363750805521,False,direct_vp,global_exact_spherical_vp,main_single_proposed,True,777077be532eba49,adaptive_jones,cupy,True,0,cupy,cupy.linalg.solve,fixed_pol_anchor,True,fixed_anchor_then_adaptive_jones_score_selection,fixed_pol_anchor,1.244432189486778,56.56159885379905,21.141736498868216,0.0,True,3,4,3096725.458075429,3097532.6676200703,"[5.619178453318826,1.244432189486778,56.56159885379905]","[0.17796195801607903,0.8035793420059073,0.01767983968289595]","[7.710452688173666e-08,2.608117887443418e-08,6.890381496110637e-08]",direct_vp,[],3096137.1576519264,3096560,True,5163125.530320325,105.76033928462192,8.541997850549349,0.05671738329512702,"[5.050481084580455,5.007638867495329,5.143512085593513]",131.28404431790113,59.25081625580788,191.7316147685051,nan,nan,nan,nan,False,,nan,,,nan,nan,nan,,,,,,,,0.0001280624104227991,3.3945043469681618e-06,0.5251363750805521,nan,nan,nan,False,not_run,not_requested
fig1,PEB,24,2465240206,0.0,snr_db,0.0,3,3,3,3,full_6d,2465240206,,,nan,,False,,5.380166716873646,nan,nan,nan,nan,nan,nan,False,,,peb_only,False,2927e9c7fd29a0ce,,,,,,,adaptive_jones,True,fixed_anchor_then_adaptive_jones_score_selection,,nan,nan,nan,nan,True,,,nan,nan,,,,,[],nan,,,nan,nan,nan,nan,,nan,nan,nan,0.00044958614918568163,nan,nan,0.00044958614918568163,False,d0abc1777196bcc1a36b4bbbb5b3c3e641533288ceccc09b778d2fb6777f61b5,0.5252108072094162,computed_unscaled,cpu,nan,nan,nan,,,,,,,,nan,nan,nan,nan,nan,nan,False,,
fig1,adaptive_jones_vp_proposed,25,3407116044,0.0,snr_db,0.0,3,3,3,3,full_6d,3407116044,,,nan,,False,,60.825898587703705,0.00032059538443206215,0.00032059538443206215,7.0646343626269645e-06,6.0197599432004115e-05,7.029530585407381e-13,0.20453878718472504,False,direct_vp,global_exact_spherical_vp,main_single_proposed,True,82650b6a8a12fcf7,adaptive_jones,cupy,True,0,cupy,cupy.linalg.solve,fixed_pol_anchor,True,fixed_anchor_then_adaptive_jones_score_selection,fixed_pol_anchor,2.123270634339399,7.651547034503492,4.091478071272996,0.0,True,3,4,3096725.458075429,3097140.8030069177,"[2.123270634339399,2.499616544976097,7.651547034503492]","[0.47097152092860783,0.4000613622146844,0.13069252472513074]","[2.0951456317317534e-07,7.068920164023883e-08,3.0385631810189346e-08]",direct_vp,[],3097031.458721467,3096560,True,5531754.298364266,82.94854780669309,16.654671677851763,0.04843483313855651,"[5.090662337682374,4.989323490668398,4.986565137320761]",127.35045626014471,54.434130780398846,183.02582370489836,nan,nan,nan,nan,False,,nan,,,nan,nan,nan,,,,,,,,0.00032059538443206215,7.0646343626269645e-06,0.20453878718472504,nan,nan,nan,False,not_run,not_requested
fig1,PEB,25,3407116044,0.0,snr_db,0.0,3,3,3,3,full_6d,3407116044,,,nan,,False,,5.135873086750507,nan,nan,nan,nan,nan,nan,False,,,peb_only,False,85c4c99d3b8f745e,,,,,,,adaptive_jones,True,fixed_anchor_then_adaptive_jones_score_selection,,nan,nan,nan,nan,True,,,nan,nan,,,,,[],nan,,,nan,nan,nan,nan,,nan,nan,nan,0.00043090987780612704,nan,nan,0.00043090987780612704,False,b8c0aecbc648c84bc393cf0ea8f798ce1d40daafad542474a8d407dec27d44d6,0.2045087070981185,computed_unscaled,cpu,nan,nan,nan,,,,,,,,nan,nan,nan,nan,nan,nan,False,,
fig1,adaptive_jones_vp_proposed,69,1134195269,-5.0,snr_db,-5.0,3,3,3,3,full_6d,1134195269,,,nan,,False,,818.3552838265896,0.0008810204082410536,0.0008810204082410536,1.1629710469602154e-05,0.00011371184076943198,6.119100851665454e-13,2.145774214660368,False,direct_vp,global_exact_spherical_vp,main_single_proposed,True,a124ecd51fae5d07,adaptive_jones,cupy,True,0,cupy,cupy.linalg.solve,fixed_pol_anchor,True,fixed_anchor_then_adaptive_jones_score_selection,fixed_pol_anchor,5.07530648151863,220.5010326350673,78.08212897394266,0.0,True,3,4,3096725.458075429,3303808.491998396,"[220.5010326350673,8.670047805242065,5.07530648151863]","[0.004535126152604077,0.11533961778004408,0.1970324360974759]","[1.168877509212635e-06,8.023984004650493e-08,2.295298367201622e-06]",direct_vp,"[""low_assignment_margin"",""poor_clock_consistency""]",3097617.333062576,3096560,True,2614867.547643563,85.6298353672056,0.12808142809511144,3.5476333656382777,"[-2.289594520915772,5.010083412037119,5.44334226374056]",148.29326742887497,627.2351171448827,776.7073460295796,nan,nan,nan,nan,False,,nan,,,nan,nan,nan,,,,,,,,0.0008810204082410536,1.1629710469602154e-05,2.145774214660368,nan,nan,nan,False,not_run,not_requested
fig1,PEB,69,1134195269,-5.0,snr_db,-5.0,3,3,3,3,full_6d,1134195269,,,nan,,False,,4.668454825878143,nan,nan,nan,nan,nan,nan,False,,,peb_only,False,8db648148def375e,,,,,,,adaptive_jones,True,fixed_anchor_then_adaptive_jones_score_selection,,nan,nan,nan,nan,True,,,nan,nan,,,,,[],nan,,,nan,nan,nan,nan,,nan,nan,nan,0.0005908236654186941,nan,nan,0.0005908236654186941,False,3c4e17d6858814038ebdb81b7444e4cbebd5be1a61e4510cac6392db534f501a,2.1450528648633163,computed_unscaled,cpu,nan,nan,nan,,,,,,,,nan,nan,nan,nan,nan,nan,False,,
fig1,adaptive_jones_vp_proposed,26,890721611,0.0,snr_db,0.0,3,3,3,3,full_6d,890721611,,,nan,,False,,63.68393310159445,0.000549279994288367,0.000549279994288367,2.642635664225199e-06,3.777726309575167e-05,3.1711918805476763e-13,0.47663935397348883,False,direct_vp,global_exact_spherical_vp,main_single_proposed,True,935d3d3933cb06ca,adaptive_jones,cupy,True,0,cupy,cupy.linalg.solve,fixed_pol_anchor,True,fixed_anchor_then_adaptive_jones_score_selection,fixed_pol_anchor,1.9511907828197832,9.893588648568237,4.806562364620771,0.0,True,3,4,3096725.458075429,3096841.428597351,"[1.9511907828197832,9.893588648568237,2.574907662474294]","[0.5125075460600981,0.10107555867858146,0.38836344097733577]","[1.77380704905452e-07,2.1186062914317024e-08,1.0014128610956015e-06]",direct_vp,[],3096424.1297141733,3096560,True,7695569.875717452,86.52964829117525,18.700501019120036,0.0475022234695203,"[5.045230600967911,5.049891247327437,4.946874359318494]",142.52975360304117,57.52479548752308,201.27746895700693,nan,nan,nan,nan,False,,nan,,,nan,nan,nan,,,,,,,,0.000549279994288367,2.642635664225199e-06,0.47663935397348883,nan,nan,nan,False,not_run,not_requested
fig1,PEB,26,890721611,0.0,snr_db,0.0,3,3,3,3,full_6d,890721611,,,nan,,False,,4.317420266568661,nan,nan,nan,nan,nan,nan,False,,,peb_only,False,1ae6d4f267136e67,,,,,,,adaptive_jones,True,fixed_anchor_then_adaptive_jones_score_selection,,nan,nan,nan,nan,True,,,nan,nan,,,,,[],nan,,,nan,nan,nan,nan,,nan,nan,nan,0.0003681739713605228,nan,nan,0.0003681739713605228,False,c294e93a3e036e5c5731d344dd8b7b3046868b56987f9fb6b7f233813953d55d,0.47666273169950174,computed_unscaled,cpu,nan,nan,nan,,,,,,,,nan,nan,nan,nan,nan,nan,False,,
fig1,adaptive_jones_vp_proposed,27,4133001221,0.0,snr_db,0.0,3,3,3,3,full_6d,4133001221,,,nan,,False,,61.97999292612076,0.00028566079366378614,0.00028566079366378614,2.673070074915787e-06,6.540350771017669e-05,1.516669573104396e-13,0.23382179810719375,False,direct_vp,global_exact_spherical_vp,main_single_proposed,True,f9ea2ad38e0b27ce,adaptive_jones,cupy,True,0,cupy,cupy.linalg.solve,fixed_pol_anchor,True,fixed_anchor_then_adaptive_jones_score_selection,fixed_pol_anchor,1.2405641949095225,110.51597091743304,39.087549950764746,0.0,True,3,4,3096725.458075429,3169211.524171374,"[5.5061147399516654,1.2405641949095225,110.51597091743304]","[0.18161626613746742,0.8060848476057234,0.009048465951012531]","[7.932281010817878e-07,8.652705597634902e-08,1.812679560255314e-08]",direct_vp,"[""poor_clock_consistency""]",3096104.7903111153,3096560,True,4551272.777302377,100.68714508777481,6.224401788938253,0.1467873018736392,"[5.1696665560634205,4.985934424226361,5.3454591940179395]",146.0018656104803,55.762444607913494,203.0164024308324,nan,nan,nan,nan,False,,nan,,,nan,nan,nan,,,,,,,,0.00028566079366378614,2.673070074915787e-06,0.23382179810719375,nan,nan,nan,False,not_run,not_requested
fig1,PEB,27,4133001221,0.0,snr_db,0.0,3,3,3,3,full_6d,4133001221,,,nan,,False,,4.987940855324268,nan,nan,nan,nan,nan,nan,False,,,peb_only,False,68f8b1f27f5a0f2b,,,,,,,adaptive_jones,True,fixed_anchor_then_adaptive_jones_score_selection,,nan,nan,nan,nan,True,,,nan,nan,,,,,[],nan,,,nan,nan,nan,nan,,nan,nan,nan,0.00047899911448743274,nan,nan,0.00047899911448743274,False,4db56e3e555632d19d051acf26a881417468b8ad38e08366b65041ee29b29feb,0.23385738446624896,computed_unscaled,cpu,nan,nan,nan,,,,,,,,nan,nan,nan,nan,nan,nan,False,,
fig1,adaptive_jones_vp_proposed,28,4133035554,0.0,snr_db,0.0,3,3,3,3,full_6d,4133035554,,,nan,,False,,64.43947033584118,0.00024483734139873787,0.00024483734139873787,2.923297600563925e-06,9.483474378991702e-05,2.444876187405839e-13,0.3542768300032745,False,direct_vp,global_exact_spherical_vp,main_single_proposed,True,0cf55629e5773b8e,adaptive_jones,cupy,True,0,cupy,cupy.linalg.solve,fixed_pol_anchor,True,fixed_anchor_then_adaptive_jones_score_selection,fixed_pol_anchor,1.8370010101353587,14.597976295896341,6.340445335384447,0.0,True,3,4,3096725.458075429,3125203.3233458498,"[1.8370010101353587,2.5863587001216417,14.597976295896341]","[0.5443655144884643,0.38664397167739406,0.06850264582677212]","[5.4019418647491284e-08,2.6510355900848403e-08,3.1715732698249946e-07]",direct_vp,[],3100563.114645516,3096560,True,5126751.840297145,88.92296227076186,15.100956934401031,0.030510601566563864,"[4.964702734914368,4.935125517238725,4.890475697583551]",135.9197499603033,57.77626011520624,194.9342731758952,nan,nan,nan,nan,False,,nan,,,nan,nan,nan,,,,,,,,0.00024483734139873787,2.923297600563925e-06,0.3542768300032745,nan,nan,nan,False,not_run,not_requested
fig1,PEB,28,4133035554,0.0,snr_db,0.0,3,3,3,3,full_6d,4133035554,,,nan,,False,,4.9325852394104,nan,nan,nan,nan,nan,nan,False,,,peb_only,False,b3592293b508182e,,,,,,,adaptive_jones,True,fixed_anchor_then_adaptive_jones_score_selection,,nan,nan,nan,nan,True,,,nan,nan,,,,,[],nan,,,nan,nan,nan,nan,,nan,nan,nan,0.00044790349778235,nan,nan,0.00044790349778235,False,b0d6ccdf5e943bdc30a995d28f082c1063f363c2aa22897f8408d6a89636af3a,0.3538212539400746,computed_unscaled,cpu,nan,nan,nan,,,,,,,,nan,nan,nan,nan,nan,nan,False,,
fig1,adaptive_jones_vp_proposed,93,3741086398,-5.0,snr_db,-5.0,3,3,3,3,full_6d,3741086398,,,nan,,False,,531.8037620410323,0.0002866229735336939,0.0002866229735336939,1.7632919569401253e-05,2.72146527325592e-05,1.5091181102899318e-12,0.4701282112370664,False,direct_vp,global_exact_spherical_vp,main_single_proposed,True,c799ad461b3703c4,adaptive_jones,cupy,True,0,cupy,cupy.linalg.solve,fixed_pol_anchor,True,fixed_anchor_then_adaptive_jones_score_selection,fixed_pol_anchor,4.669475928625436,26.389869014566465,15.508409116223568,0.0,True,3,4,3096725.458075429,3097390.000385783,"[15.465882405478801,26.389869014566465,4.669475928625436]","[0.06465845101927603,0.03789332942204595,0.21415679516945335]","[3.1849303710820914e-08,3.33021478116931e-08,5.059582217533728e-07]",direct_vp,"[""poor_clock_consistency""]",3096831.334620402,3096560,True,2851980.059132806,75.47780454188087,10.076464836148084,0.1314903785214799,"[5.167810243739877,4.847510547807766,4.978337759703763]",145.4253652766347,525.5980357825756,672.2428393512964,nan,nan,nan,nan,False,,nan,,,nan,nan,nan,,,,,,,,0.0002866229735336939,1.7632919569401253e-05,0.4701282112370664,nan,nan,nan,False,not_run,not_requested
fig1,PEB,93,3741086398,-5.0,snr_db,-5.0,3,3,3,3,full_6d,3741086398,,,nan,,False,,5.029167056083679,nan,nan,nan,nan,nan,nan,False,,,peb_only,False,305eb89813b51d96,,,,,,,adaptive_jones,True,fixed_anchor_then_adaptive_jones_score_selection,,nan,nan,nan,nan,True,,,nan,nan,,,,,[],nan,,,nan,nan,nan,nan,,nan,nan,nan,0.0005375975915449526,nan,nan,0.0005375975915449526,False,c0a81a3b83197cd9cfba67cbec7ea74e0bc1c6abbc0cc35f29e15ac8d0f81a14,0.4700894490329338,computed_unscaled,cpu,nan,nan,nan,,,,,,,,nan,nan,nan,nan,nan,nan,False,,
fig1,adaptive_jones_vp_proposed,30,635628036,0.0,snr_db,0.0,3,3,3,3,full_6d,635628036,,,nan,,False,,62.42667169123888,0.0007143655436339448,0.0007143655436339448,6.708569746626442e-06,5.967620321806763e-05,1.8946190517000388e-13,0.38567801821662767,False,direct_vp,global_exact_spherical_vp,main_single_proposed,True,14d03d3669ca3295,adaptive_jones,cupy,True,0,cupy,cupy.linalg.solve,fixed_pol_anchor,True,fixed_anchor_then_adaptive_jones_score_selection,fixed_pol_anchor,2.6826608050853733,3.2614604992210574,3.0169964269973484,0.0,True,3,4,3096725.458075429,3104968.332190289,"[3.2614604992210574,3.106867976685614,2.6826608050853733]","[0.30661110267488173,0.321867555203838,0.3727642339656479]","[1.642704288213574e-07,6.833656290120416e-09,1.2643546163065156e-07]",direct_vp,[],3098435.4068495883,3096560,True,8170948.897594337,70.84156935274696,26.412778537131945,0.06262727131520988,"[5.050754938381878,5.124589338066982,4.971219791433541]",146.4405248761177,56.150025367736816,203.75410741567612,nan,nan,nan,nan,False,,nan,,,nan,nan,nan,,,,,,,,0.0007143655436339448,6.708569746626442e-06,0.38567801821662767,nan,nan,nan,False,not_run,not_requested
fig1,PEB,30,635628036,0.0,snr_db,0.0,3,3,3,3,full_6d,635628036,,,nan,,False,,5.182675883173943,nan,nan,nan,nan,nan,nan,False,,,peb_only,False,dcffb115a94e4335,,,,,,,adaptive_jones,True,fixed_anchor_then_adaptive_jones_score_selection,,nan,nan,nan,nan,True,,,nan,nan,,,,,[],nan,,,nan,nan,nan,nan,,nan,nan,nan,0.00035492264695108377,nan,nan,0.00035492264695108377,False,5590d75cc6f366b617653df89fa7a75298a3f157b3c5c00e92e68278a75325fa,0.3854465683864255,computed_unscaled,cpu,nan,nan,nan,,,,,,,,nan,nan,nan,nan,nan,nan,False,,
fig1,adaptive_jones_vp_proposed,84,3985341227,-5.0,snr_db,-5.0,3,3,3,3,full_6d,3985341227,,,nan,,False,,684.8198451250792,0.000498357889349124,0.000498357889349124,2.3450978837454142e-05,0.00011966966038176541,4.124341922245726e-13,2.1980287954936473,False,direct_vp,global_exact_spherical_vp,main_single_proposed,True,508acd18deb65a17,adaptive_jones,cupy,True,0,cupy,cupy.linalg.solve,fixed_pol_anchor,True,fixed_anchor_then_adaptive_jones_score_selection,fixed_pol_anchor,4.761724355038379,21.51836671253963,14.446534838381675,0.0,True,3,4,3096725.458075429,3397680.8265067274,"[4.761724355038379,17.059513447567017,21.51836671253963]","[0.21000795624323332,0.05861831892547662,0.04647192853144104]","[6.677807568969403e-08,2.8738588506856817e-08,1.3828392073657925e-08]",direct_vp,[],3093751.805519045,3096560,True,1530725.2512640986,108.23018541955497,9.172213116868477,0.049248207429504906,"[4.9006512597719984,4.991754341525912,4.877723547741284]",151.12773247808218,569.9009159132838,722.2637053951621,nan,nan,nan,nan,False,,nan,,,nan,nan,nan,,,,,,,,0.000498357889349124,2.3450978837454142e-05,2.1980287954936473,nan,nan,nan,False,not_run,not_requested
fig1,PEB,84,3985341227,-5.0,snr_db,-5.0,3,3,3,3,full_6d,3985341227,,,nan,,False,,5.250844232738018,nan,nan,nan,nan,nan,nan,False,,,peb_only,False,24a60d315d659af6,,,,,,,adaptive_jones,True,fixed_anchor_then_adaptive_jones_score_selection,,nan,nan,nan,nan,True,,,nan,nan,,,,,[],nan,,,nan,nan,nan,nan,,nan,nan,nan,0.0008271589680675452,nan,nan,0.0008271589680675452,False,763c74c3103c34dc91712b88cb00b247f3e9461f0fa66c55a5e9608e707daf96,2.200035310942669,computed_unscaled,cpu,nan,nan,nan,,,,,,,,nan,nan,nan,nan,nan,nan,False,,
fig1,adaptive_jones_vp_proposed,32,2857393641,0.0,snr_db,0.0,3,3,3,3,full_6d,2857393641,,,nan,,False,,64.77049688994884,0.0006694602634979778,0.0006694602634979778,8.650189289766075e-06,4.5243171799471656e-05,5.781709046304405e-14,0.1806218714132006,False,direct_vp,global_exact_spherical_vp,main_single_proposed,True,8d5ed2340877eb3b,adaptive_jones,cupy,True,0,cupy,cupy.linalg.solve,fixed_pol_anchor,True,fixed_anchor_then_adaptive_jones_score_selection,fixed_pol_anchor,2.132022247701992,4.525335823026646,3.291490014848509,0.0,True,3,4,3096725.4580754293,3097658.8749322817,"[2.132022247701992,4.525335823026646,3.217111973816889]","[0.4690382574927264,0.22097807524186175,0.3108377974206318]","[1.492110549983426e-07,6.030451326639243e-08,1.8558471937100509e-06]",direct_vp,[],3094783.915487181,3096560,True,7786668.737837638,73.6024325682589,21.883768529206904,0.0448669965003615,"[5.085563800626381,4.975667291980695,5.02973167529935]",128.33199067413807,58.324320279061794,187.9269755780697,nan,nan,nan,nan,False,,nan,,,nan,nan,nan,,,,,,,,0.0006694602634979778,8.650189289766075e-06,0.1806218714132006,nan,nan,nan,False,not_run,not_requested
fig1,PEB,32,2857393641,0.0,snr_db,0.0,3,3,3,3,full_6d,2857393641,,,nan,,False,,5.0980919525027275,nan,nan,nan,nan,nan,nan,False,,,peb_only,False,3c687deefb9c2a7b,,,,,,,adaptive_jones,True,fixed_anchor_then_adaptive_jones_score_selection,,nan,nan,nan,nan,True,,,nan,nan,,,,,[],nan,,,nan,nan,nan,nan,,nan,nan,nan,0.00036501323958127975,nan,nan,0.00036501323958127975,False,73ca4065ba0c89751d2f0dc2de518337698a325ed5053ee6dc1f366512a9f819,0.18072646341938758,computed_unscaled,cpu,nan,nan,nan,,,,,,,,nan,nan,nan,nan,nan,nan,False,,
fig1,adaptive_jones_vp_proposed,34,1995992425,0.0,snr_db,0.0,3,3,3,3,full_6d,1995992425,,,nan,,False,,63.37079173326492,0.00020966824376890972,0.00020966824376890972,4.341351351119968e-06,0.00017596500477600092,1.6681131182896579e-12,0.7642994760913636,False,direct_vp,global_exact_spherical_vp,main_single_proposed,True,78bc2e179b0e07f9,adaptive_jones,cupy,True,0,cupy,cupy.linalg.solve,fixed_pol_anchor,True,fixed_anchor_then_adaptive_jones_score_selection,fixed_pol_anchor,1.4891685205944662,11.704820194022092,5.800997442698773,0.0,True,3,4,3096725.458075429,3098648.4771016045,"[11.704820194022092,1.4891685205944662,4.209003613479762]","[0.08543488779938858,0.6715156721143404,0.23758592099878204]","[4.2855228634612756e-07,4.822991099874265e-08,4.89089805991882e-07]",direct_vp,[],3099047.226874441,3096560,True,6717639.894411084,76.70198436539974,15.308990776275648,0.04879086685191813,"[5.100264154902352,5.003207352525986,4.991341615496264]",138.6781596764922,56.509368881583214,196.6215197816491,nan,nan,nan,nan,False,,nan,,,nan,nan,nan,,,,,,,,0.00020966824376890972,4.341351351119968e-06,0.7642994760913636,nan,nan,nan,False,not_run,not_requested
fig1,PEB,34,1995992425,0.0,snr_db,0.0,3,3,3,3,full_6d,1995992425,,,nan,,False,,5.363583967089653,nan,nan,nan,nan,nan,nan,False,,,peb_only,False,59378d61b7c6866c,,,,,,,adaptive_jones,True,fixed_anchor_then_adaptive_jones_score_selection,,nan,nan,nan,nan,True,,,nan,nan,,,,,[],nan,,,nan,nan,nan,nan,,nan,nan,nan,0.00039957847105627763,nan,nan,0.00039957847105627763,False,08ae9de45575216533d6edee2ff062b3deef6ce05030f7f9832ee4fff1bbeb0e,0.7636900121925695,computed_unscaled,cpu,nan,nan,nan,,,,,,,,nan,nan,nan,nan,nan,nan,False,,
fig1,adaptive_jones_vp_proposed,35,714029656,0.0,snr_db,0.0,3,3,3,3,full_6d,714029656,,,nan,,False,,64.44721695780754,0.0005265436406807891,0.0005265436406807891,7.5612636873588404e-06,0.00015719969603077483,2.051084497805546e-12,0.19215008515137202,False,direct_vp,global_exact_spherical_vp,main_single_proposed,True,644a9de5aa6d2a22,adaptive_jones,cupy,True,0,cupy,cupy.linalg.solve,fixed_pol_anchor,True,fixed_anchor_then_adaptive_jones_score_selection,fixed_pol_anchor,1.348315030044735,26.846693333102873,10.925338288355418,0.0,True,3,4,3096725.458075429,3097896.67462199,"[26.846693333102873,1.348315030044735,4.581006501918641]","[0.03724853513859451,0.7416664338196046,0.21829263930898019]","[2.0915061204653125e-08,5.2559039978181206e-08,6.056044240831199e-08]",direct_vp,[],3096779.2783421734,3096560,True,7432720.364254895,80.90830181381935,11.50007782311066,0.04161915464233137,"[4.976114362413255,5.024900748573515,4.922985884051092]",150.11005030572414,57.434494480490685,208.72174579650164,nan,nan,nan,nan,False,,nan,,,nan,nan,nan,,,,,,,,0.0005265436406807891,7.5612636873588404e-06,0.19215008515137202,nan,nan,nan,False,not_run,not_requested
fig1,PEB,35,714029656,0.0,snr_db,0.0,3,3,3,3,full_6d,714029656,,,nan,,False,,5.320335231721401,nan,nan,nan,nan,nan,nan,False,,,peb_only,False,a73f2ecc59e72d79,,,,,,,adaptive_jones,True,fixed_anchor_then_adaptive_jones_score_selection,,nan,nan,nan,nan,True,,,nan,nan,,,,,[],nan,,,nan,nan,nan,nan,,nan,nan,nan,0.00038298479235587536,nan,nan,0.00038298479235587536,False,5d8c0ccf801b5347ce0be3d5af96b3f2d9a4ebabf39c0be2596e7a64087c3f22,0.19213747206298332,computed_unscaled,cpu,nan,nan,nan,,,,,,,,nan,nan,nan,nan,nan,nan,False,,
fig1,adaptive_jones_vp_proposed,5,2290547997,0.0,snr_db,0.0,3,3,3,3,full_6d,2290547997,,,nan,,False,,540.8009240180254,0.0005429745495457618,0.0005429745495457618,4.503318754914088e-06,5.6763965554634414e-05,8.385433620579829e-13,0.27276976710982365,False,direct_vp,global_exact_spherical_vp,main_single_proposed,True,6dfc5b7556d6b5d1,adaptive_jones,cupy,True,0,cupy,cupy.linalg.solve,fixed_pol_anchor,True,fixed_anchor_then_adaptive_jones_score_selection,fixed_pol_anchor,1.7084211043234234,5.768545116076141,3.8485429625029437,0.0,True,3,4,3096725.458075429,3102240.180971599,"[5.768545116076141,1.7084211043234234,4.068662667109267]","[0.17335393584898368,0.5853357801935584,0.24578100516414123]","[7.782032634408074e-07,3.451209982559064e-09,3.123091206368928e-07]",direct_vp,[],3093962.1544044777,3096560,True,7168793.762060017,74.88002694016292,18.89398674792953,0.03376528658144478,"[5.003589586975943,5.024024048051841,5.083213230769982]",145.12566372007132,534.364252500236,680.5302931591868,nan,nan,nan,nan,False,,nan,,,nan,nan,nan,,,,,,,,0.0005429745495457618,4.503318754914088e-06,0.27276976710982365,nan,nan,nan,False,not_run,not_requested
fig1,PEB,5,2290547997,0.0,snr_db,0.0,3,3,3,3,full_6d,2290547997,,,nan,,False,,5.047331809997559,nan,nan,nan,nan,nan,nan,False,,,peb_only,False,e70e03f1d895e19c,,,,,,,adaptive_jones,True,fixed_anchor_then_adaptive_jones_score_selection,,nan,nan,nan,nan,True,,,nan,nan,,,,,[],nan,,,nan,nan,nan,nan,,nan,nan,nan,0.00038367186194753237,nan,nan,0.00038367186194753237,False,38f1169f92c897947506b479f5ee71ac29695cde812eaf9f2f26b2ce8e8773e4,0.27300020886016524,computed_unscaled,cpu,nan,nan,nan,,,,,,,,nan,nan,nan,nan,nan,nan,False,,
fig1,adaptive_jones_vp_proposed,38,445142407,0.0,snr_db,0.0,3,3,3,3,full_6d,445142407,,,nan,,False,,63.488208673894405,0.000827961199409944,0.000827961199409944,6.9224529927108546e-06,0.00023874237280576834,2.847117204660065e-12,0.7093716184024159,False,direct_vp,global_exact_spherical_vp,main_single_proposed,True,7eaf22e04cce4d16,adaptive_jones,cupy,True,0,cupy,cupy.linalg.solve,fixed_pol_anchor,True,fixed_anchor_then_adaptive_jones_score_selection,fixed_pol_anchor,1.1541744664063576,16.18538330910513,10.412002723966097,0.0,True,3,4,3096725.4580754284,3139997.8309091437,"[1.1541744664063576,16.18538330910513,13.896450396386802]","[0.8664201376005571,0.06178414072042779,0.07196082247349382]","[6.212200310659187e-07,8.437772880022545e-08,6.328783226427523e-09]",direct_vp,[],3095402.7049017344,3096560,True,4739274.59195637,121.6270304323603,11.357985013811364,0.09606185575511605,"[5.008048587054669,4.8221853994895945,4.790150528886132]",137.26466992497444,57.457557164132595,196.0003845319152,nan,nan,nan,nan,False,,nan,,,nan,nan,nan,,,,,,,,0.000827961199409944,6.9224529927108546e-06,0.7093716184024159,nan,nan,nan,False,not_run,not_requested
fig1,PEB,38,445142407,0.0,snr_db,0.0,3,3,3,3,full_6d,445142407,,,nan,,False,,4.974630415439606,nan,nan,nan,nan,nan,nan,False,,,peb_only,False,d4a5744fc9d5a944,,,,,,,adaptive_jones,True,fixed_anchor_then_adaptive_jones_score_selection,,nan,nan,nan,nan,True,,,nan,nan,,,,,[],nan,,,nan,nan,nan,nan,,nan,nan,nan,0.00048043174357664673,nan,nan,0.00048043174357664673,False,188df01b21e845096046e025598027817a0fefeca6c3a9da8733d6021c9aadff,0.7096405017504217,computed_unscaled,cpu,nan,nan,nan,,,,,,,,nan,nan,nan,nan,nan,nan,False,,
fig1,adaptive_jones_vp_proposed,37,1911328645,0.0,snr_db,0.0,3,3,3,3,full_6d,1911328645,,,nan,,False,,67.1331329420209,0.0004416615103511428,0.0004416615103511428,4.244719950875699e-06,9.414854972560016e-05,4.664318915889137e-13,0.22844110044896382,False,direct_vp,global_exact_spherical_vp,main_single_proposed,True,4fc080852dc1c51d,adaptive_jones,cupy,True,0,cupy,cupy.linalg.solve,fixed_pol_anchor,True,fixed_anchor_then_adaptive_jones_score_selection,fixed_pol_anchor,1.486153603830786,7.120173079524542,4.626674917942039,0.0,True,3,4,3096725.458075429,3098435.2201868193,"[5.2736980704707905,1.486153603830786,7.120173079524542]","[0.18962026013473593,0.6728779565052108,0.1404460241098038]","[3.3286066033291067e-07,6.071173003061661e-08,1.0388699175435594e-07]",direct_vp,"[""poor_clock_consistency""]",3094165.561022831,3096560,True,5637941.159480685,84.91295494202505,13.762986954075929,0.14322764814646324,"[5.109973349585729,5.025600696749199,4.7728723610005135]",145.8246671780944,60.391575045883656,207.51513315737247,nan,nan,nan,nan,False,,nan,,,nan,nan,nan,,,,,,,,0.0004416615103511428,4.244719950875699e-06,0.22844110044896382,nan,nan,nan,False,not_run,not_requested
fig1,PEB,37,1911328645,0.0,snr_db,0.0,3,3,3,3,full_6d,1911328645,,,nan,,False,,5.206332787871361,nan,nan,nan,nan,nan,nan,False,,,peb_only,False,633be67b3b02cc7c,,,,,,,adaptive_jones,True,fixed_anchor_then_adaptive_jones_score_selection,,nan,nan,nan,nan,True,,,nan,nan,,,,,[],nan,,,nan,nan,nan,nan,,nan,nan,nan,0.00043125982117207763,nan,nan,0.00043125982117207763,False,89cd20fcd9a64ac709c19d36df44d0df4be8c42c9af5aab07d8f4fd5c690dd17,0.22861906226828144,computed_unscaled,cpu,nan,nan,nan,,,,,,,,nan,nan,nan,nan,nan,nan,False,,
fig1,adaptive_jones_vp_proposed,39,1925729663,0.0,snr_db,0.0,3,3,3,3,full_6d,1925729663,,,nan,,False,,63.74161157011986,0.00023036785089398896,0.00023036785089398896,7.4850130046244205e-06,3.859539843614616e-05,3.115376927114664e-13,0.08880981101982006,False,direct_vp,global_exact_spherical_vp,main_single_proposed,True,c1c89c316a22c3b7,adaptive_jones,cupy,True,0,cupy,cupy.linalg.solve,fixed_pol_anchor,True,fixed_anchor_then_adaptive_jones_score_selection,fixed_pol_anchor,1.363027563262926,20.791743562720807,8.897079343291498,0.0,True,3,4,3096725.458075429,3121525.940615866,"[4.536466903890762,20.791743562720807,1.363027563262926]","[0.22043586367571646,0.04809601450511293,0.7336608788781613]","[5.682761163210662e-07,1.9817039854095912e-08,1.6513399326559192e-06]",direct_vp,"[""poor_clock_consistency""]",3096020.386232957,3096560,True,8278292.018213184,90.0615043300452,12.892218600696289,0.11567528975356742,"[4.9576924287951645,5.226358226250585,5.014067044279173]",138.92383202165365,57.63182459771633,197.77940835803747,nan,nan,nan,nan,False,,nan,,,nan,nan,nan,,,,,,,,0.00023036785089398896,7.4850130046244205e-06,0.08880981101982006,nan,nan,nan,False,not_run,not_requested
fig1,PEB,39,1925729663,0.0,snr_db,0.0,3,3,3,3,full_6d,1925729663,,,nan,,False,,5.0094729363918304,nan,nan,nan,nan,nan,nan,False,,,peb_only,False,706cac4fc9054aec,,,,,,,adaptive_jones,True,fixed_anchor_then_adaptive_jones_score_selection,,nan,nan,nan,nan,True,,,nan,nan,,,,,[],nan,,,nan,nan,nan,nan,,nan,nan,nan,0.00032622317565137924,nan,nan,0.00032622317565137924,False,96864a0d945e4bbb9c67c4c5c4b209be5179ce0b5fab7e2f47325b1eaa6bc2cc,0.08882574888439955,computed_unscaled,cpu,nan,nan,nan,,,,,,,,nan,nan,nan,nan,nan,nan,False,,
fig1,adaptive_jones_vp_proposed,40,1007248754,0.0,snr_db,0.0,3,3,3,3,full_6d,1007248754,,,nan,,False,,53.79212428629398,0.000397215926203887,0.000397215926203887,3.9550692340033666e-06,9.723078144435268e-05,2.2861534910916738e-14,0.29398490512724734,False,direct_vp,global_exact_spherical_vp,main_single_proposed,True,a43fab1164557c27,adaptive_jones,cupy,True,0,cupy,cupy.linalg.solve,fixed_pol_anchor,True,fixed_anchor_then_adaptive_jones_score_selection,fixed_pol_anchor,1.3607309658896394,9.317891193028862,5.6916561344203425,0.0,True,3,4,3096725.458075429,3105633.0150701846,"[1.3607309658896394,6.396346244342528,9.317891193028862]","[0.7348991277969809,0.15633925397301446,0.10732042039070253]","[7.403594459124436e-07,2.3355974786447287e-08,2.080447500121968e-07]",direct_vp,[],3096552.1709539765,3096560,True,5087336.19766613,101.53306143493108,12.50248737840066,0.06217404995120507,"[5.033541462339934,5.002760799640221,4.888981981051588]",147.87893435359,47.3523423820734,196.38300476968288,nan,nan,nan,nan,False,,nan,,,nan,nan,nan,,,,,,,,0.000397215926203887,3.9550692340033666e-06,0.29398490512724734,nan,nan,nan,False,not_run,not_requested
fig1,PEB,40,1007248754,0.0,snr_db,0.0,3,3,3,3,full_6d,1007248754,,,nan,,False,,4.554888993501663,nan,nan,nan,nan,nan,nan,False,,,peb_only,False,8238489e4a9e10fe,,,,,,,adaptive_jones,True,fixed_anchor_then_adaptive_jones_score_selection,,nan,nan,nan,nan,True,,,nan,nan,,,,,[],nan,,,nan,nan,nan,nan,,nan,nan,nan,0.00045392158326166583,nan,nan,0.00045392158326166583,False,8bb652b717ff684281335ff9a69fbed705a14cc366cf654f3e53c1ef0c7a4d23,0.2939871674433485,computed_unscaled,cpu,nan,nan,nan,,,,,,,,nan,nan,nan,nan,nan,nan,False,,
fig1,adaptive_jones_vp_proposed,11,3685333214,0.0,snr_db,0.0,3,3,3,3,full_6d,3685333214,,,nan,,False,,535.1460028365254,3.138274644719336e-05,3.138274644719336e-05,2.5856422693281907e-06,1.3406406714286329e-05,5.663478790779999e-13,0.2863128181445631,False,direct_vp,global_exact_spherical_vp,main_single_proposed,True,4a9fc400e6ad6f2d,adaptive_jones,cupy,True,0,cupy,cupy.linalg.solve,fixed_pol_anchor,True,fixed_anchor_then_adaptive_jones_score_selection,fixed_pol_anchor,1.208221160269578,32.31760563547053,13.521559439274895,0.0,True,3,4,3096725.458075429,3177966.5987908333,"[32.31760563547053,1.208221160269578,7.038851522084577]","[0.030942886402144903,0.8276630412396286,0.14206863106224582]","[1.0127083582519617e-09,1.5270286342073592e-07,3.4643214033535654e-07]",direct_vp,"[""poor_clock_consistency""]",3091929.024929754,3096560,True,6004870.262435593,91.93557748307141,7.572658829541969,0.24705509246628612,"[5.5040644185844005,4.96693599107764,4.994081950583441]",142.65057358890772,529.0578106120229,672.8735309168696,nan,nan,nan,nan,False,,nan,,,nan,nan,nan,,,,,,,,3.138274644719336e-05,2.5856422693281907e-06,0.2863128181445631,nan,nan,nan,False,not_run,not_requested
fig1,PEB,11,3685333214,0.0,snr_db,0.0,3,3,3,3,full_6d,3685333214,,,nan,,False,,4.235102497041225,nan,nan,nan,nan,nan,nan,False,,,peb_only,False,2551f08a9b78ac2a,,,,,,,adaptive_jones,True,fixed_anchor_then_adaptive_jones_score_selection,,nan,nan,nan,nan,True,,,nan,nan,,,,,[],nan,,,nan,nan,nan,nan,,nan,nan,nan,0.0004307467863547109,nan,nan,0.0004307467863547109,False,e9ccda1e403051d390ee49d3f08d80b8c395469b47c082ff498964bcdaeda690,0.2867431283222813,computed_unscaled,cpu,nan,nan,nan,,,,,,,,nan,nan,nan,nan,nan,nan,False,,
fig1,adaptive_jones_vp_proposed,42,1970772956,0.0,snr_db,0.0,3,3,3,3,full_6d,1970772956,,,nan,,False,,65.21934098750353,9.19972233572837e-05,9.19972233572837e-05,1.8408632472721936e-06,2.067882061632882e-05,2.660646686516728e-13,0.1719775435975937,False,direct_vp,global_exact_spherical_vp,main_single_proposed,True,60643d62eea6e37a,adaptive_jones,cupy,True,0,cupy,cupy.linalg.solve,fixed_pol_anchor,True,fixed_anchor_then_adaptive_jones_score_selection,fixed_pol_anchor,1.787717208516263,10.456402094691772,5.044924658383733,0.0,True,3,4,3096725.458075429,3097521.6564632426,"[10.456402094691772,2.890654671943166,1.787717208516263]","[0.09563518989932464,0.3459423948848535,0.5593725871376347]","[3.5611723817013374e-07,4.341559704879855e-08,2.723412009211151e-07]",direct_vp,[],3097092.722838307,3096560,True,8569435.595952662,72.50835625441341,15.357479817304958,0.056546493158020544,"[5.099053942270908,4.962215119290708,5.012056885823486]",146.02505061030388,58.65854547172785,206.0664565488696,nan,nan,nan,nan,False,,nan,,,nan,nan,nan,,,,,,,,9.19972233572837e-05,1.8408632472721936e-06,0.1719775435975937,nan,nan,nan,False,not_run,not_requested
fig1,PEB,42,1970772956,0.0,snr_db,0.0,3,3,3,3,full_6d,1970772956,,,nan,,False,,4.587067015469074,nan,nan,nan,nan,nan,nan,False,,,peb_only,False,c6c61d87de38aa9a,,,,,,,adaptive_jones,True,fixed_anchor_then_adaptive_jones_score_selection,,nan,nan,nan,nan,True,,,nan,nan,,,,,[],nan,,,nan,nan,nan,nan,,nan,nan,nan,0.00033837101002430123,nan,nan,0.00033837101002430123,False,4af21c66cd27ed283a830009c130c6232a0ae08038b9a036394b8e1c4ae43a65,0.1719488506483005,computed_unscaled,cpu,nan,nan,nan,,,,,,,,nan,nan,nan,nan,nan,nan,False,,
fig1,adaptive_jones_vp_proposed,12,2210497206,0.0,snr_db,0.0,3,3,3,3,full_6d,2210497206,,,nan,,False,,535.5630638375878,0.00039776473141046143,0.00039776473141046143,3.0273864487053307e-06,1.385955737305858e-05,2.857190496928749e-13,0.4559175753340896,False,direct_vp,global_exact_spherical_vp,main_single_proposed,True,95d0c2facb54ebaa,adaptive_jones,cupy,True,0,cupy,cupy.linalg.solve,fixed_pol_anchor,True,fixed_anchor_then_adaptive_jones_score_selection,fixed_pol_anchor,1.89608634120962,5.148189812237422,3.5333853919628204,0.0,True,3,4,3096725.458075429,3333194.0378397126,"[5.148189812237422,3.55588002244142,1.89608634120962]","[0.19424303230192055,0.2812243365033046,0.527402143174634]","[2.4964846071375405e-07,8.083621276655228e-08,4.275305546077747e-07]",direct_vp,[],3098867.906828884,3096560,True,9097435.519196928,71.46653369369122,18.203242554294757,0.013781580504873967,"[5.060339718306544,5.086379321520149,5.054754463508865]",150.54762978106737,529.1414707303047,680.879403732717,nan,nan,nan,nan,False,,nan,,,nan,nan,nan,,,,,,,,0.00039776473141046143,3.0273864487053307e-06,0.4559175753340896,nan,nan,nan,False,not_run,not_requested
fig1,PEB,12,2210497206,0.0,snr_db,0.0,3,3,3,3,full_6d,2210497206,,,nan,,False,,4.864361464977264,nan,nan,nan,nan,nan,nan,False,,,peb_only,False,d814398683bdabd8,,,,,,,adaptive_jones,True,fixed_anchor_then_adaptive_jones_score_selection,,nan,nan,nan,nan,True,,,nan,nan,,,,,[],nan,,,nan,nan,nan,nan,,nan,nan,nan,0.0003215338475920975,nan,nan,0.0003215338475920975,False,0a1c4f0b423cde7d810066f20685360779b434f786c785131581505ed3dd312e,0.45558038103096565,computed_unscaled,cpu,nan,nan,nan,,,,,,,,nan,nan,nan,nan,nan,nan,False,,
fig1,adaptive_jones_vp_proposed,43,409305243,0.0,snr_db,0.0,3,3,3,3,full_6d,409305243,,,nan,,False,,53.005030795931816,0.0006468009802086188,0.0006468009802086188,4.227535195000448e-06,9.92765528679615e-05,1.9783328251243016e-13,0.33334016835291275,False,direct_vp,global_exact_spherical_vp,main_single_proposed,True,7e82e228690376ef,adaptive_jones,cupy,True,0,cupy,cupy.linalg.solve,fixed_pol_anchor,True,fixed_anchor_then_adaptive_jones_score_selection,fixed_pol_anchor,1.8383855084425726,8.144392740910344,4.322449332483178,0.0,True,3,4,3096725.458075429,3096794.622921799,"[1.8383855084425726,2.984569748096616,8.144392740910344]","[0.5439555498048573,0.33505666960363617,0.12278386268981423]","[5.022013911280543e-07,2.8393934308676562e-08,6.536231679909891e-07]",direct_vp,[],3099037.3416974056,3096560,True,5759913.222237347,96.94642189837715,16.20702626268566,0.007880480336268423,"[4.992867822869477,4.977184589417966,4.994772282680742]",143.91472747921944,46.515975676476955,191.70750445872545,nan,nan,nan,nan,False,,nan,,,nan,nan,nan,,,,,,,,0.0006468009802086188,4.227535195000448e-06,0.33334016835291275,nan,nan,nan,False,not_run,not_requested
fig1,PEB,43,409305243,0.0,snr_db,0.0,3,3,3,3,full_6d,409305243,,,nan,,False,,5.036291755735874,nan,nan,nan,nan,nan,nan,False,,,peb_only,False,8fd0f19de6b924f9,,,,,,,adaptive_jones,True,fixed_anchor_then_adaptive_jones_score_selection,,nan,nan,nan,nan,True,,,nan,nan,,,,,[],nan,,,nan,nan,nan,nan,,nan,nan,nan,0.00042388220292965826,nan,nan,0.00042388220292965826,False,d06249056a46bde512ae6accc3f5b861faabc2ef0f40296322d007b403b53207,0.33307542031495013,computed_unscaled,cpu,nan,nan,nan,,,,,,,,nan,nan,nan,nan,nan,nan,False,,
fig1,adaptive_jones_vp_proposed,44,2937526438,0.0,snr_db,0.0,3,3,3,3,full_6d,2937526438,,,nan,,False,,62.82803675532341,0.00015368952015451965,0.00015368952015451965,7.636416591365978e-06,2.187041532694082e-05,2.375060232203216e-13,0.31678121825486016,False,direct_vp,global_exact_spherical_vp,main_single_proposed,True,9f1906983d34f717,adaptive_jones,cupy,True,0,cupy,cupy.linalg.solve,fixed_pol_anchor,True,fixed_anchor_then_adaptive_jones_score_selection,fixed_pol_anchor,1.9214812734389064,9.833828536486074,4.800774677567975,0.0,True,3,4,3096725.458075429,3098590.3143191175,"[9.833828536486074,1.9214812734389064,2.6470142227789437]","[0.10168979419154044,0.5204318219601288,0.377784143126935]","[5.8556411989635385e-08,1.389739410205312e-07,2.3560857940332187e-07]",direct_vp,[],3098562.5679377634,3096560,True,8491728.075555531,72.68770350524758,15.093448859057105,0.032718143594288256,"[4.982889073797196,5.00030059774918,5.059342715934904]",148.5603797584772,56.130702532827854,205.98127001523972,nan,nan,nan,nan,False,,nan,,,nan,nan,nan,,,,,,,,0.00015368952015451965,7.636416591365978e-06,0.31678121825486016,nan,nan,nan,False,not_run,not_requested
fig1,PEB,44,2937526438,0.0,snr_db,0.0,3,3,3,3,full_6d,2937526438,,,nan,,False,,5.315799377858639,nan,nan,nan,nan,nan,nan,False,,,peb_only,False,6fe00d0f36cc213f,,,,,,,adaptive_jones,True,fixed_anchor_then_adaptive_jones_score_selection,,nan,nan,nan,nan,True,,,nan,nan,,,,,[],nan,,,nan,nan,nan,nan,,nan,nan,nan,0.00034701903905361647,nan,nan,0.00034701903905361647,False,a69e9e58b307bf283137f27fcdcb11ba27c21f96108559d9bf8b0d1b3c2cba08,0.31657812169067184,computed_unscaled,cpu,nan,nan,nan,,,,,,,,nan,nan,nan,nan,nan,nan,False,,
fig1,adaptive_jones_vp_proposed,9,3933360494,0.0,snr_db,0.0,3,3,3,3,full_6d,3933360494,,,nan,,False,,588.0243807509542,0.00010055519737115652,0.00010055519737115652,5.0971894282755215e-06,2.5335424759097565e-05,3.6979989794924856e-13,0.11912266568504545,False,direct_vp,global_exact_spherical_vp,main_single_proposed,True,933d9c852f94c7b9,adaptive_jones,cupy,True,0,cupy,cupy.linalg.solve,fixed_pol_anchor,True,fixed_anchor_then_adaptive_jones_score_selection,fixed_pol_anchor,2.2264181243646175,3.772502294019006,3.166237369540569,0.0,True,3,4,3096725.458075429,3197233.5673281047,"[2.2264181243646175,3.772502294019006,3.4997916902380837]","[0.4491519311015117,0.26507604821914776,0.2857312916039504]","[1.8957594051384933e-07,3.232838249827518e-07,1.921681222449083e-06]",direct_vp,[],3096586.5740934,3096560,True,7212345.844822569,77.0157181468506,18.058321192153983,0.05574780959276452,"[5.08649223550878,4.966803140123999,4.969717269152554]",139.80048754811287,581.8958092182875,722.8061000034213,nan,nan,nan,nan,False,,nan,,,nan,nan,nan,,,,,,,,0.00010055519737115652,5.0971894282755215e-06,0.11912266568504545,nan,nan,nan,False,not_run,not_requested
fig1,PEB,9,3933360494,0.0,snr_db,0.0,3,3,3,3,full_6d,3933360494,,,nan,,False,,4.619639977812767,nan,nan,nan,nan,nan,nan,False,,,peb_only,False,bdf944a40e5dd7bc,,,,,,,adaptive_jones,True,fixed_anchor_then_adaptive_jones_score_selection,,nan,nan,nan,nan,True,,,nan,nan,,,,,[],nan,,,nan,nan,nan,nan,,nan,nan,nan,0.0003804616526773719,nan,nan,0.0003804616526773719,False,2f009590b628473d7acf259cec76359e96ba2256fe333ef7c1514fe7022a67d5,0.1191222589099843,computed_unscaled,cpu,nan,nan,nan,,,,,,,,nan,nan,nan,nan,nan,nan,False,,
fig1,adaptive_jones_vp_proposed,45,2629875502,0.0,snr_db,0.0,3,3,3,3,full_6d,2629875502,,,nan,,False,,61.73431257158518,0.00011665663724197708,0.00011665663724197708,4.476292847399738e-06,5.5586098759722574e-05,2.937318006134505e-13,0.3689260487328394,False,direct_vp,global_exact_spherical_vp,main_single_proposed,True,0dfc7e9814a89099,adaptive_jones,cupy,True,0,cupy,cupy.linalg.solve,fixed_pol_anchor,True,fixed_anchor_then_adaptive_jones_score_selection,fixed_pol_anchor,2.356333749977665,3.8585133852117086,3.1343208776901776,0.0,True,3,4,3096725.458075429,3098265.1086458582,"[3.8585133852117086,2.356333749977665,3.188115497881161]","[0.2591671714367459,0.4243880986753775,0.3136649223221108]","[5.7289405072532944e-08,9.63016851477175e-09,5.570960805388755e-07]",direct_vp,[],3094883.961482628,3096560,True,8228028.8116846215,71.67983240059655,17.96094236499722,0.045086506811098374,"[5.117158841988376,5.0418810488960935,5.0095377381728925]",147.56353073567152,55.26821231096983,204.08556067943573,nan,nan,nan,nan,False,,nan,,,nan,nan,nan,,,,,,,,0.00011665663724197708,4.476292847399738e-06,0.3689260487328394,nan,nan,nan,False,not_run,not_requested
fig1,PEB,45,2629875502,0.0,snr_db,0.0,3,3,3,3,full_6d,2629875502,,,nan,,False,,5.147995211184025,nan,nan,nan,nan,nan,nan,False,,,peb_only,False,7709ceab616fcc8b,,,,,,,adaptive_jones,True,fixed_anchor_then_adaptive_jones_score_selection,,nan,nan,nan,nan,True,,,nan,nan,,,,,[],nan,,,nan,nan,nan,nan,,nan,nan,nan,0.00035198387078492463,nan,nan,0.00035198387078492463,False,61ef90b44bee96edd1828bab28b96f525f17a012a323714534c6c3c927bfb322,0.36912774840632856,computed_unscaled,cpu,nan,nan,nan,,,,,,,,nan,nan,nan,nan,nan,nan,False,,
fig1,adaptive_jones_vp_proposed,18,3644258948,0.0,snr_db,0.0,3,3,3,3,full_6d,3644258948,,,nan,,False,,531.0677556693554,0.00016270802026886207,0.00016270802026886207,3.6767700941389336e-06,0.0001342547470729728,1.532479341189766e-12,0.4394780824555106,False,direct_vp,global_exact_spherical_vp,main_single_proposed,True,ed4eb304ff25d256,adaptive_jones,cupy,True,0,cupy,cupy.linalg.solve,fixed_pol_anchor,True,fixed_anchor_then_adaptive_jones_score_selection,fixed_pol_anchor,1.3319008062870932,10.821952865926413,6.20783400919327,0.0,True,3,4,3096725.458075429,3105591.3473901358,"[6.469648355366307,10.821952865926413,1.3319008062870932]","[0.1545679061774774,0.09240476394401419,0.7508066631375825]","[1.1543427278825313e-07,8.436170970029541e-08,3.109577809498976e-07]",direct_vp,[],3093957.5320530236,3096560,True,8065215.38115025,80.81145067852302,13.859142483138076,0.09817334733228739,"[5.115998871717966,5.218839618216453,4.979167118249761]",140.91608214378357,526.1513552442193,668.2408835813403,nan,nan,nan,nan,False,,nan,,,nan,nan,nan,,,,,,,,0.00016270802026886207,3.6767700941389336e-06,0.4394780824555106,nan,nan,nan,False,not_run,not_requested
fig1,PEB,18,3644258948,0.0,snr_db,0.0,3,3,3,3,full_6d,3644258948,,,nan,,False,,4.819633364677429,nan,nan,nan,nan,nan,nan,False,,,peb_only,False,e7da444b0633f2b9,,,,,,,adaptive_jones,True,fixed_anchor_then_adaptive_jones_score_selection,,nan,nan,nan,nan,True,,,nan,nan,,,,,[],nan,,,nan,nan,nan,nan,,nan,nan,nan,0.0003337104219380406,nan,nan,0.0003337104219380406,False,10eabe3ea0bf687d98504e31e23e6506b4b182585a8f16e7a2bae8ed9d09e41a,0.43985002009860585,computed_unscaled,cpu,nan,nan,nan,,,,,,,,nan,nan,nan,nan,nan,nan,False,,
fig1,adaptive_jones_vp_proposed,46,3306807379,0.0,snr_db,0.0,3,3,3,3,full_6d,3306807379,,,nan,,False,,65.52617645263672,0.0005962332260944654,0.0005962332260944654,5.230853118398207e-06,9.297587693210488e-05,3.2869272096280663e-13,0.43122091533978446,False,direct_vp,global_exact_spherical_vp,main_single_proposed,True,339cf188ec11129e,adaptive_jones,cupy,True,0,cupy,cupy.linalg.solve,fixed_pol_anchor,True,fixed_anchor_then_adaptive_jones_score_selection,fixed_pol_anchor,1.4375374541638937,12.643145240176139,6.146520557951565,0.0,True,3,4,3096725.458075429,3102527.694983456,"[12.643145240176139,4.358878979514659,1.4375374541638937]","[0.07909424284786791,0.2294167846125855,0.6956340491178273]","[9.853572144165393e-08,4.31942152900357e-08,1.6887796083940556e-06]",direct_vp,[],3095202.118515112,3096560,True,8538785.49743472,78.03456009626763,13.298341003946009,0.041570050912070534,"[4.969679812730403,5.0298336727797635,5.070907610203177]",145.65294080227613,58.89139983803034,205.76708602160215,nan,nan,nan,nan,False,,nan,,,nan,nan,nan,,,,,,,,0.0005962332260944654,5.230853118398207e-06,0.43122091533978446,nan,nan,nan,False,not_run,not_requested
fig1,PEB,46,3306807379,0.0,snr_db,0.0,3,3,3,3,full_6d,3306807379,,,nan,,False,,5.408934600651264,nan,nan,nan,nan,nan,nan,False,,,peb_only,False,eec145c9c3cbfaa8,,,,,,,adaptive_jones,True,fixed_anchor_then_adaptive_jones_score_selection,,nan,nan,nan,nan,True,,,nan,nan,,,,,[],nan,,,nan,nan,nan,nan,,nan,nan,nan,0.00033005762833598424,nan,nan,0.00033005762833598424,False,324c3cee61ad53d18a3b7f70cef7049986ada5517935cd8531014229a0b305be,0.4314123233347383,computed_unscaled,cpu,nan,nan,nan,,,,,,,,nan,nan,nan,nan,nan,nan,False,,
fig1,adaptive_jones_vp_proposed,14,1092560480,0.0,snr_db,0.0,3,3,3,3,full_6d,1092560480,,,nan,,False,,544.2348879575729,0.0003501749054091072,0.0003501749054091072,6.0673551164797476e-06,0.00025026627106900965,6.89238340149706e-13,0.2161752977241097,False,direct_vp,global_exact_spherical_vp,main_single_proposed,True,38e93918c14e02dd,adaptive_jones,cupy,True,0,cupy,cupy.linalg.solve,fixed_pol_anchor,True,fixed_anchor_then_adaptive_jones_score_selection,fixed_pol_anchor,2.2510803055411683,3.738941893988557,3.170392675763413,0.0,True,3,4,3096725.458075429,3219157.5367914727,"[3.738941893988557,3.521155827760513,2.2510803055411683]","[0.26745534655247083,0.2839976555745015,0.44423115316507783]","[3.3238050773261717e-07,3.92430054369607e-07,7.180756805525164e-07]",direct_vp,[],3094527.369531543,3096560,True,7933101.624079568,68.78333660803138,17.178267567119818,0.04625948013923814,"[5.075687539445385,4.971542031850542,4.98494939158239]",155.89895263314247,537.9363424703479,694.9782927259803,nan,nan,nan,nan,False,,nan,,,nan,nan,nan,,,,,,,,0.0003501749054091072,6.0673551164797476e-06,0.2161752977241097,nan,nan,nan,False,not_run,not_requested
fig1,PEB,14,1092560480,0.0,snr_db,0.0,3,3,3,3,full_6d,1092560480,,,nan,,False,,5.015109941363335,nan,nan,nan,nan,nan,nan,False,,,peb_only,False,252e86e03afa3c3f,,,,,,,adaptive_jones,True,fixed_anchor_then_adaptive_jones_score_selection,,nan,nan,nan,nan,True,,,nan,nan,,,,,[],nan,,,nan,nan,nan,nan,,nan,nan,nan,0.0003614969438072783,nan,nan,0.0003614969438072783,False,f1022bc01518ff6f31f9f6e642efb32029d98d2c096644b99cc3e0e6c8ec44d7,0.21631840949807746,computed_unscaled,cpu,nan,nan,nan,,,,,,,,nan,nan,nan,nan,nan,nan,False,,
fig1,adaptive_jones_vp_proposed,47,582567175,0.0,snr_db,0.0,3,3,3,3,full_6d,582567175,,,nan,,False,,52.914947375655174,0.00032294952827767914,0.00032294952827767914,8.003175155619898e-06,5.758931811399086e-05,9.25920001199901e-14,0.21487053815912602,False,direct_vp,global_exact_spherical_vp,main_single_proposed,True,63b0a1fd928585d0,adaptive_jones,cupy,True,0,cupy,cupy.linalg.solve,fixed_pol_anchor,True,fixed_anchor_then_adaptive_jones_score_selection,fixed_pol_anchor,1.4581406967394557,22.304762931386502,9.143673924453047,0.0,True,3,4,3096725.458075429,3100775.716685727,"[3.668118145233185,1.4581406967394557,22.304762931386502]","[0.27261935423095845,0.6858048761924271,0.04483347359727054]","[3.477255436843972e-06,2.4181037116787965e-08,3.112303167698437e-09]",direct_vp,[],3097251.255451587,3096560,True,5386646.351828356,95.94036344968883,10.961654319275471,0.0494098106035066,"[4.940074785848615,5.015399189403655,4.895696400724024]",143.46648302674294,46.26056904345751,191.0256235897541,nan,nan,nan,nan,False,,nan,,,nan,nan,nan,,,,,,,,0.00032294952827767914,8.003175155619898e-06,0.21487053815912602,nan,nan,nan,False,not_run,not_requested
fig1,PEB,47,582567175,0.0,snr_db,0.0,3,3,3,3,full_6d,582567175,,,nan,,False,,4.893259398639202,nan,nan,nan,nan,nan,nan,False,,,peb_only,False,212d9f4d6cd207db,,,,,,,adaptive_jones,True,fixed_anchor_then_adaptive_jones_score_selection,,nan,nan,nan,nan,True,,,nan,nan,,,,,[],nan,,,nan,nan,nan,nan,,nan,nan,nan,0.00043682862225972085,nan,nan,0.00043682862225972085,False,050689952234d9ff329be9f4e449f2035a50644af1a2423c3a762752f771130c,0.2148236925885505,computed_unscaled,cpu,nan,nan,nan,,,,,,,,nan,nan,nan,nan,nan,nan,False,,
fig1,adaptive_jones_vp_proposed,48,3302385666,0.0,snr_db,0.0,3,3,3,3,full_6d,3302385666,,,nan,,False,,62.08657745271921,0.00019909070930243321,0.00019909070930243321,6.7789632280698445e-06,0.00014889207272480607,2.0715377950641804e-12,0.4150319117105448,False,direct_vp,global_exact_spherical_vp,main_single_proposed,True,2a27eaabdba61620,adaptive_jones,cupy,True,0,cupy,cupy.linalg.solve,fixed_pol_anchor,True,fixed_anchor_then_adaptive_jones_score_selection,fixed_pol_anchor,2.151181002641587,11.59901145052239,5.3339265299132395,0.0,True,3,4,3096725.458075429,3105933.4814805416,"[2.2515871365757416,11.59901145052239,2.151181002641587]","[0.44413115697514965,0.08621424370982611,0.4648609293080769]","[2.0934834411461936e-08,5.442784151677174e-09,3.3002123281897197e-07]",direct_vp,[],3092814.1183213433,3096560,True,7956641.353357756,73.56313525380503,20.398906415251435,0.03215021842416188,"[5.013786893043372,5.003303772484951,5.076139286552679]",145.83030007779598,55.34471553564072,202.6228727772832,nan,nan,nan,nan,False,,nan,,,nan,nan,nan,,,,,,,,0.00019909070930243321,6.7789632280698445e-06,0.4150319117105448,nan,nan,nan,False,not_run,not_requested
fig1,PEB,48,3302385666,0.0,snr_db,0.0,3,3,3,3,full_6d,3302385666,,,nan,,False,,5.3580372259020805,nan,nan,nan,nan,nan,nan,False,,,peb_only,False,92fa1ee83c86eddb,,,,,,,adaptive_jones,True,fixed_anchor_then_adaptive_jones_score_selection,,nan,nan,nan,nan,True,,,nan,nan,,,,,[],nan,,,nan,nan,nan,nan,,nan,nan,nan,0.00036233863343355493,nan,nan,0.00036233863343355493,False,1b543152d623d7ef1c79c425645de2dcbaa35a96910d0ef3f1aa53205c46b486,0.4155367273525431,computed_unscaled,cpu,nan,nan,nan,,,,,,,,nan,nan,nan,nan,nan,nan,False,,
fig1,adaptive_jones_vp_proposed,16,1080178429,0.0,snr_db,0.0,3,3,3,3,full_6d,1080178429,,,nan,,False,,591.7420657202601,8.47935541356051e-05,8.47935541356051e-05,1.8700996047835251e-06,7.077741019906622e-05,9.962533345654076e-13,0.4809288950988952,False,direct_vp_rollback,global_exact_spherical_vp,main_single_proposed,True,7ce64ed24d5f16e3,adaptive_jones,cupy,True,0,cupy,cupy.linalg.solve,fixed_pol_anchor,True,fixed_anchor_then_adaptive_jones_score_selection,fixed_pol_anchor,1.5807264272085186,199.39405273005937,67.9231593070598,0.0,True,3,4,3096725.458075429,3136375.7442766926,"[2.794698763911505,199.39405273005937,1.5807264272085186]","[0.3578203178497812,0.005015194716737167,0.6326205362204058]","[2.0680523490717044e-07,3.6890009961842703e-10,6.016110258765521e-08]",jnpp_then_vp,"[""poor_clock_consistency""]",3100975.130833448,3096560,False,8587193.555161769,87.5461105622494,6.8140858131833735,0.13779687530532186,"[5.037427342946251,5.223249760443326,4.88631308854749]",137.19557932019234,537.2628332078457,675.7533635795116,nan,nan,nan,nan,False,,nan,,,nan,nan,nan,,,,,,,,8.47935541356051e-05,1.8700996047835251e-06,0.4809288950988952,8.479747286554793e-05,1.8701170906845454e-06,0.480928895098895,True,rollback,existing_selector_rollback
fig1,PEB,16,1080178429,0.0,snr_db,0.0,3,3,3,3,full_6d,1080178429,,,nan,,False,,5.1259080320596695,nan,nan,nan,nan,nan,nan,False,,,peb_only,False,9a42cee25e05797c,,,,,,,adaptive_jones,True,fixed_anchor_then_adaptive_jones_score_selection,,nan,nan,nan,nan,True,,,nan,nan,,,,,[],nan,,,nan,nan,nan,nan,,nan,nan,nan,0.00033179091832482714,nan,nan,0.00033179091832482714,False,2793ff1fce7242989610050dae2e9fefacb8b15f6d60bfd2b55605797f0e0ce8,0.4802466357959781,computed_unscaled,cpu,nan,nan,nan,,,,,,,,nan,nan,nan,nan,nan,nan,False,,
fig1,adaptive_jones_vp_proposed,51,2092735507,0.0,snr_db,0.0,3,3,3,3,full_6d,2092735507,,,nan,,False,,62.98295870423317,0.0006101173984894132,0.0006101173984894132,4.1986808497994505e-06,0.00018797265075421628,5.252588692556392e-13,0.7085828799186281,False,direct_vp,global_exact_spherical_vp,main_single_proposed,True,f3ad28fdc592f227,adaptive_jones,cupy,True,0,cupy,cupy.linalg.solve,fixed_pol_anchor,True,fixed_anchor_then_adaptive_jones_score_selection,fixed_pol_anchor,1.173041795271776,14.242628731888242,9.486544934551869,0.0,True,3,4,3096725.458075429,3114286.846437377,"[14.242628731888242,1.173041795271776,13.04396427649559]","[0.07021175787211442,0.8524845440542399,0.07666381008026016]","[3.905607606399968e-08,1.465567726984781e-07,5.935466221238081e-08]",direct_vp,"[""poor_clock_consistency""]",3096491.3998109144,3096560,True,6052372.450444052,96.75055614195037,8.1088913281019,0.14109726588863078,"[5.091493517931194,5.04293004638789,4.770868796905363]",132.92501366883516,56.06281591206789,190.30316969752312,nan,nan,nan,nan,False,,nan,,,nan,nan,nan,,,,,,,,0.0006101173984894132,4.1986808497994505e-06,0.7085828799186281,nan,nan,nan,False,not_run,not_requested
fig1,PEB,51,2092735507,0.0,snr_db,0.0,3,3,3,3,full_6d,2092735507,,,nan,,False,,5.02794836461544,nan,nan,nan,nan,nan,nan,False,,,peb_only,False,dec02cbb62a012ad,,,,,,,adaptive_jones,True,fixed_anchor_then_adaptive_jones_score_selection,,nan,nan,nan,nan,True,,,nan,nan,,,,,[],nan,,,nan,nan,nan,nan,,nan,nan,nan,0.00042113269827735906,nan,nan,0.00042113269827735906,False,ceb68ab38b09da961371426ea0267363a416dbe569c6f715609cdf27a87a3792,0.7086022393283224,computed_unscaled,cpu,nan,nan,nan,,,,,,,,nan,nan,nan,nan,nan,nan,False,,
fig1,adaptive_jones_vp_proposed,52,2910844986,0.0,snr_db,0.0,3,3,3,3,full_6d,2910844986,,,nan,,False,,64.07148729264736,0.0007002582117764223,0.0007002582117764223,5.778294045081554e-06,5.906511441704441e-05,3.403539999997688e-13,0.166366768013189,False,direct_vp,global_exact_spherical_vp,main_single_proposed,True,dc1645a940c4dc35,adaptive_jones,cupy,True,0,cupy,cupy.linalg.solve,fixed_pol_anchor,True,fixed_anchor_then_adaptive_jones_score_selection,fixed_pol_anchor,1.6263973638163662,35.8381571478572,13.417355349562833,0.0,True,3,4,3096725.458075429,3116241.2860874888,"[35.8381571478572,1.6263973638163662,2.7875115370149284]","[0.02790322046522844,0.6148558908456777,0.3587429098385314]","[7.286774536052621e-08,1.2354528577430309e-07,3.6153186206223184e-07]",direct_vp,[],3098630.843382958,3096560,True,7964812.545658852,75.21062261087046,13.023326151256532,0.0341272591962889,"[4.951336472452767,4.972819475225134,4.89211459316706]",145.5812458023429,57.31723149120808,204.17425791174173,nan,nan,nan,nan,False,,nan,,,nan,nan,nan,,,,,,,,0.0007002582117764223,5.778294045081554e-06,0.166366768013189,nan,nan,nan,False,not_run,not_requested
fig1,PEB,52,2910844986,0.0,snr_db,0.0,3,3,3,3,full_6d,2910844986,,,nan,,False,,5.318271666765213,nan,nan,nan,nan,nan,nan,False,,,peb_only,False,a4512613451180cc,,,,,,,adaptive_jones,True,fixed_anchor_then_adaptive_jones_score_selection,,nan,nan,nan,nan,True,,,nan,nan,,,,,[],nan,,,nan,nan,nan,nan,,nan,nan,nan,0.000367585070933519,nan,nan,0.000367585070933519,False,9e98686db4702520cd73f5ec75cd23f453189f0d5a51de87101750eedce217fa,0.16625644262443676,computed_unscaled,cpu,nan,nan,nan,,,,,,,,nan,nan,nan,nan,nan,nan,False,,
fig1,adaptive_jones_vp_proposed,53,3576518520,0.0,snr_db,0.0,3,3,3,3,full_6d,3576518520,,,nan,,False,,74.09708634018898,0.0002476711193412541,0.0002476711193412541,1.710840987795451e-06,0.00020208162132101515,2.177818062795459e-13,0.18751556838208427,False,direct_vp,global_exact_spherical_vp,main_single_proposed,True,57a6c51808973073,adaptive_jones,cupy,True,0,cupy,cupy.linalg.solve,fixed_pol_anchor,True,fixed_anchor_then_adaptive_jones_score_selection,fixed_pol_anchor,1.0407644989147198,163.02004445995058,65.0377959980484,0.0,True,3,4,3096725.458075429,3097001.676725607,"[163.02004445995058,1.0407644989147198,31.052579035279898]","[0.006134214986566585,0.9608321585159096,0.03220344432044801]","[1.298580013502324e-09,9.372005020137386e-08,8.007807589993441e-08]",direct_vp,"[""poor_clock_consistency""]",3093495.7649672497,3096560,True,3639663.128567837,166.93408940042414,4.739024872374445,0.3479671016425324,"[4.211500926344478,5.010847515510728,4.867394321633971]",149.9153319746256,68.10588695853949,219.22856009751558,nan,nan,nan,nan,False,,nan,,,nan,nan,nan,,,,,,,,0.0002476711193412541,1.710840987795451e-06,0.18751556838208427,nan,nan,nan,False,not_run,not_requested
fig1,PEB,53,3576518520,0.0,snr_db,0.0,3,3,3,3,full_6d,3576518520,,,nan,,False,,4.291535630822182,nan,nan,nan,nan,nan,nan,False,,,peb_only,False,d8be7e423ec03ad2,,,,,,,adaptive_jones,True,fixed_anchor_then_adaptive_jones_score_selection,,nan,nan,nan,nan,True,,,nan,nan,,,,,[],nan,,,nan,nan,nan,nan,,nan,nan,nan,0.0005335762906142651,nan,nan,0.0005335762906142651,False,e200269e04ccf0a54521e583b609be7b0a3b6bdaccfd671ee9c073b4737a05cd,0.18770228013694026,computed_unscaled,cpu,nan,nan,nan,,,,,,,,nan,nan,nan,nan,nan,nan,False,,
fig1,adaptive_jones_vp_proposed,55,3199904066,0.0,snr_db,0.0,3,3,3,3,full_6d,3199904066,,,nan,,False,,67.86928462982178,0.00015833323303504618,0.00015833323303504618,3.476065848098766e-06,0.0001401789390746671,6.195630170902908e-13,0.39241461464078314,False,direct_vp,global_exact_spherical_vp,main_single_proposed,True,eb0f9b0e199c3e52,adaptive_jones,cupy,True,0,cupy,cupy.linalg.solve,fixed_pol_anchor,True,fixed_anchor_then_adaptive_jones_score_selection,fixed_pol_anchor,2.0776333633093818,3.928167882719579,3.245892080401377,0.0,True,3,4,3096725.458075429,3096818.529988565,"[3.928167882719579,3.7318749951751697,2.0776333633093818]","[0.25457160433370896,0.2679618157867395,0.48131687604643636]","[3.671008090985934e-07,1.2233998522362802e-07,2.1715524057917152e-07]",direct_vp,[],3094481.9084717934,3096560,True,8545720.943036208,66.28593347394393,25.108029537935792,0.019182211723891143,"[5.010946361275967,5.007967808307971,4.968847310396468]",136.53382132202387,61.470023050904274,199.40144554525614,nan,nan,nan,nan,False,,nan,,,nan,nan,nan,,,,,,,,0.00015833323303504618,3.476065848098766e-06,0.39241461464078314,nan,nan,nan,False,not_run,not_requested
fig1,PEB,55,3199904066,0.0,snr_db,0.0,3,3,3,3,full_6d,3199904066,,,nan,,False,,4.608229786157608,nan,nan,nan,nan,nan,nan,False,,,peb_only,False,8cab81948cccbff3,,,,,,,adaptive_jones,True,fixed_anchor_then_adaptive_jones_score_selection,,nan,nan,nan,nan,True,,,nan,nan,,,,,[],nan,,,nan,nan,nan,nan,,nan,nan,nan,0.0003434943240829625,nan,nan,0.0003434943240829625,False,ff385e78e5554a838decb9742089f6308b997df2029ddf9a6dfeb38655607425,0.39268016866383754,computed_unscaled,cpu,nan,nan,nan,,,,,,,,nan,nan,nan,nan,nan,nan,False,,
fig1,adaptive_jones_vp_proposed,57,476784074,0.0,snr_db,0.0,3,3,3,3,full_6d,476784074,,,nan,,False,,63.34177839756012,0.0001720159638516647,0.0001720159638516647,5.421935548156069e-06,5.257020498644658e-05,4.125320931455451e-14,0.17667710714226822,False,direct_vp,global_exact_spherical_vp,main_single_proposed,True,e975c14ea34bf987,adaptive_jones,cupy,True,0,cupy,cupy.linalg.solve,fixed_pol_anchor,True,fixed_anchor_then_adaptive_jones_score_selection,fixed_pol_anchor,2.2137132064719514,4.067853758887071,3.2193531940514375,0.0,True,3,4,3096725.458075429,3098061.831887293,"[3.3764926167952907,4.067853758887071,2.2137132064719514]","[0.29616531516237915,0.24582987965366862,0.4517296988038982]","[6.888329763232127e-07,2.5790824087849095e-08,2.233386775845249e-07]",direct_vp,[],3100071.8067662446,3096560,True,8522737.362227218,61.78839341600389,17.059498153719016,0.03910935327203821,"[4.987032369801241,4.969808072296025,5.060031675463413]",145.80099377781153,57.19635537266731,203.9991681277752,nan,nan,nan,nan,False,,nan,,,nan,nan,nan,,,,,,,,0.0001720159638516647,5.421935548156069e-06,0.17667710714226822,nan,nan,nan,False,not_run,not_requested
fig1,PEB,57,476784074,0.0,snr_db,0.0,3,3,3,3,full_6d,476784074,,,nan,,False,,4.737817138433456,nan,nan,nan,nan,nan,nan,False,,,peb_only,False,d68754b2f37f875a,,,,,,,adaptive_jones,True,fixed_anchor_then_adaptive_jones_score_selection,,nan,nan,nan,nan,True,,,nan,nan,,,,,[],nan,,,nan,nan,nan,nan,,nan,nan,nan,0.0003462672655432258,nan,nan,0.0003462672655432258,False,0678217d596e534740a4e9789e3054b9b6004d88d7430db9577064550d35976f,0.17647787658727254,computed_unscaled,cpu,nan,nan,nan,,,,,,,,nan,nan,nan,nan,nan,nan,False,,
fig1,adaptive_jones_vp_proposed,56,2167631329,0.0,snr_db,0.0,3,3,3,3,full_6d,2167631329,,,nan,,False,,65.83757089823484,8.342613763403137e-05,8.342613763403137e-05,3.181765112091805e-06,7.283450559461658e-05,9.088345961565299e-13,0.39487010961661534,False,direct_vp,global_exact_spherical_vp,main_single_proposed,True,711af03749f501b7,adaptive_jones,cupy,True,0,cupy,cupy.linalg.solve,fixed_pol_anchor,True,fixed_anchor_then_adaptive_jones_score_selection,fixed_pol_anchor,1.3794463213966992,22.29050272313872,9.324410248973106,0.0,True,3,4,3096725.458075429,3096755.461469092,"[4.303281702383899,22.29050272313872,1.3794463213966992]","[0.23238078962893005,0.044862155528670816,0.724928534360158]","[7.233153040649875e-07,1.458423462217275e-09,1.799660215045958e-07]",direct_vp,[],3095587.0110818124,3096560,True,8129749.647752376,84.94105326092046,12.950144740453572,0.05051448050777332,"[4.936804955761289,4.9073134338176745,5.026128378193854]",147.8217606022954,59.348179303109646,208.63616586476564,nan,nan,nan,nan,False,,nan,,,nan,nan,nan,,,,,,,,8.342613763403137e-05,3.181765112091805e-06,0.39487010961661534,nan,nan,nan,False,not_run,not_requested
fig1,PEB,56,2167631329,0.0,snr_db,0.0,3,3,3,3,full_6d,2167631329,,,nan,,False,,4.984123542904854,nan,nan,nan,nan,nan,nan,False,,,peb_only,False,923e12cccc1acb20,,,,,,,adaptive_jones,True,fixed_anchor_then_adaptive_jones_score_selection,,nan,nan,nan,nan,True,,,nan,nan,,,,,[],nan,,,nan,nan,nan,nan,,nan,nan,nan,0.00033803070936081365,nan,nan,0.00033803070936081365,False,7d96ebe691cae134218fac4c44588ab5938392c288ecaa287b62d8519dd2dcef,0.3949962640943077,computed_unscaled,cpu,nan,nan,nan,,,,,,,,nan,nan,nan,nan,nan,nan,False,,
fig1,adaptive_jones_vp_proposed,59,1187262716,0.0,snr_db,0.0,3,3,3,3,full_6d,1187262716,,,nan,,False,,63.11809267103672,0.00026263660198002617,0.00026263660198002617,4.80355736349862e-06,0.00022362024132957308,6.929300686746752e-13,0.24935707281858638,False,direct_vp,global_exact_spherical_vp,main_single_proposed,True,75454b45634c48a0,adaptive_jones,cupy,True,0,cupy,cupy.linalg.solve,fixed_pol_anchor,True,fixed_anchor_then_adaptive_jones_score_selection,fixed_pol_anchor,1.629068763760734,28.61336922571409,11.011285400451557,0.0,True,3,4,3096725.458075429,3101413.501483561,"[1.629068763760734,28.61336922571409,2.7914182118798445]","[0.613847630157645,0.034948698004872235,0.3582408382023744]","[5.488186084177518e-07,1.2888585293429258e-08,3.0021954375055474e-07]",direct_vp,[],3097887.1933659688,3096560,True,7669024.563213762,73.77341492029912,15.798987065437585,0.06201621719086932,"[5.078537995481877,4.9425208225049895,4.951950002479501]",138.81343562155962,56.89937946945429,196.96358461678028,nan,nan,nan,nan,False,,nan,,,nan,nan,nan,,,,,,,,0.00026263660198002617,4.80355736349862e-06,0.24935707281858638,nan,nan,nan,False,not_run,not_requested
fig1,PEB,59,1187262716,0.0,snr_db,0.0,3,3,3,3,full_6d,1187262716,,,nan,,False,,5.031192183494568,nan,nan,nan,nan,nan,nan,False,,,peb_only,False,0f15cc1a14e148ed,,,,,,,adaptive_jones,True,fixed_anchor_then_adaptive_jones_score_selection,,nan,nan,nan,nan,True,,,nan,nan,,,,,[],nan,,,nan,nan,nan,nan,,nan,nan,nan,0.000376380895406567,nan,nan,0.000376380895406567,False,ba85b3dc69f0d5910f5e051466d13a9fa16bdfb1c72eaceaa138a692faa0065e,0.2492515314223931,computed_unscaled,cpu,nan,nan,nan,,,,,,,,nan,nan,nan,nan,nan,nan,False,,
fig1,adaptive_jones_vp_proposed,58,1249403404,0.0,snr_db,0.0,3,3,3,3,full_6d,1249403404,,,nan,,False,,64.00106282532215,0.00029851859680543483,0.00029851859680543483,4.727360725960665e-06,6.225168428641084e-06,1.8909836470604273e-12,0.6789274411460507,False,direct_vp,global_exact_spherical_vp,main_single_proposed,True,3f313d6315e7296c,adaptive_jones,cupy,True,0,cupy,cupy.linalg.solve,fixed_pol_anchor,True,fixed_anchor_then_adaptive_jones_score_selection,fixed_pol_anchor,1.956317039273136,17.683651382083422,7.320060388563829,0.0,True,3,4,3096725.458075429,3099962.821091077,"[1.956317039273136,2.3202127443349303,17.683651382083422]","[0.5111645913842221,0.4309949604575254,0.05654940704132452]","[6.528701598937878e-07,4.3410952342412925e-08,5.7792931321925454e-08]",direct_vp,"[""poor_clock_consistency""]",3097920.8914537136,3096560,True,4401919.279267283,95.44311768296835,15.78950900591324,0.18548810316160994,"[5.0009109587369,4.918231934735402,5.34648151136078]",142.77929512411356,57.617495238780975,201.79731441289186,nan,nan,nan,nan,False,,nan,,,nan,nan,nan,,,,,,,,0.00029851859680543483,4.727360725960665e-06,0.6789274411460507,nan,nan,nan,False,not_run,not_requested
fig1,PEB,58,1249403404,0.0,snr_db,0.0,3,3,3,3,full_6d,1249403404,,,nan,,False,,4.783371336758137,nan,nan,nan,nan,nan,nan,False,,,peb_only,False,72920ea8b5b5ad28,,,,,,,adaptive_jones,True,fixed_anchor_then_adaptive_jones_score_selection,,nan,nan,nan,nan,True,,,nan,nan,,,,,[],nan,,,nan,nan,nan,nan,,nan,nan,nan,0.00048249752736609266,nan,nan,0.00048249752736609266,False,282ef6b6a0b0bdc03992830ab54a887d3acbc9d2eab301295ecf986d4506a68e,0.6786327003359133,computed_unscaled,cpu,nan,nan,nan,,,,,,,,nan,nan,nan,nan,nan,nan,False,,
fig1,adaptive_jones_vp_proposed,60,1839575832,0.0,snr_db,0.0,3,3,3,3,full_6d,1839575832,,,nan,,False,,63.787016183137894,0.0005858754381341242,0.0005858754381341242,3.7539430767552846e-06,2.6683555259081202e-05,2.4377908533938665e-13,0.5609026974825991,False,direct_vp,global_exact_spherical_vp,main_single_proposed,True,6b2532bfab283295,adaptive_jones,cupy,True,0,cupy,cupy.linalg.solve,fixed_pol_anchor,True,fixed_anchor_then_adaptive_jones_score_selection,fixed_pol_anchor,1.2335055989070045,17.007918536309,8.685083226396229,0.0,True,3,4,3096725.458075429,3103378.1405134527,"[7.81382554397268,1.2335055989070045,17.007918536309]","[0.12797828597076272,0.8106975767964534,0.05879614238792143]","[5.017889492295442e-07,1.089240726660808e-09,1.7474773722779427e-08]",direct_vp,[],3095668.0645836764,3096560,True,5690352.98612162,93.95818496610943,12.118161752135224,0.07056467908488642,"[5.174791712393766,5.005917576054894,5.122265884586285]",147.496379211545,57.3767948448658,206.15334207564592,nan,nan,nan,nan,False,,nan,,,nan,nan,nan,,,,,,,,0.0005858754381341242,3.7539430767552846e-06,0.5609026974825991,nan,nan,nan,False,not_run,not_requested
fig1,PEB,60,1839575832,0.0,snr_db,0.0,3,3,3,3,full_6d,1839575832,,,nan,,False,,5.1003065928816795,nan,nan,nan,nan,nan,nan,False,,,peb_only,False,1519a8b4330de21e,,,,,,,adaptive_jones,True,fixed_anchor_then_adaptive_jones_score_selection,,nan,nan,nan,nan,True,,,nan,nan,,,,,[],nan,,,nan,nan,nan,nan,,nan,nan,nan,0.0004322350168516508,nan,nan,0.0004322350168516508,False,42d79a12e13d52ea36763a6478c0ea4b122194dbd7e070b6eef8b19740c115ec,0.5610672058903261,computed_unscaled,cpu,nan,nan,nan,,,,,,,,nan,nan,nan,nan,nan,nan,False,,
fig1,adaptive_jones_vp_proposed,83,2856883752,-5.0,snr_db,-5.0,3,3,3,3,full_6d,2856883752,,,nan,,False,,1180.986136265099,0.00037172985455415195,0.00037172985455415195,2.0425294475176914e-05,0.00031211117202020164,8.908795392026866e-13,0.6504503573199606,False,direct_vp,global_exact_spherical_vp,main_single_proposed,True,97245f2147517684,adaptive_jones,cupy,True,0,cupy,cupy.linalg.solve,fixed_pol_anchor,True,fixed_anchor_then_adaptive_jones_score_selection,fixed_pol_anchor,4.134824597627397,2502.7546282384656,840.1320092359657,0.0,True,3,4,3096725.458075429,3106449.1453243047,"[13.506574871804517,2502.7546282384656,4.134824597627397]","[0.07403801552042857,0.0003995597435778527,0.24184822750877386]","[2.1912387990261412e-07,7.403870043450758e-08,1.3364308728239152e-07]",direct_vp,"[""low_assignment_margin"",""poor_clock_consistency""]",3093013.235848083,3096560,True,2546607.266414832,97.85671738673383,0.0008636340525749659,48.78309611782742,"[4.936815414789728,108.41385422793503,4.921746253684638]",140.8262963294983,1174.7742832750082,1316.9270656108856,nan,nan,nan,nan,False,,nan,,,nan,nan,nan,,,,,,,,0.00037172985455415195,2.0425294475176914e-05,0.6504503573199606,nan,nan,nan,False,not_run,not_requested
fig1,PEB,83,2856883752,-5.0,snr_db,-5.0,3,3,3,3,full_6d,2856883752,,,nan,,False,,4.520018711686134,nan,nan,nan,nan,nan,nan,False,,,peb_only,False,7ac308a62ed61147,,,,,,,adaptive_jones,True,fixed_anchor_then_adaptive_jones_score_selection,,nan,nan,nan,nan,True,,,nan,nan,,,,,[],nan,,,nan,nan,nan,nan,,nan,nan,nan,0.0005590930819767731,nan,nan,0.0005590930819767731,False,700eea5a638faf3db61de2a763659338a112f897687c33a7cb33c68c29ad4a9e,0.6511995947266429,computed_unscaled,cpu,nan,nan,nan,,,,,,,,nan,nan,nan,nan,nan,nan,False,,
fig1,adaptive_jones_vp_proposed,62,1815661330,0.0,snr_db,0.0,3,3,3,3,full_6d,1815661330,,,nan,,False,,64.75066728889942,0.0004066357917008455,0.0004066357917008455,5.065186284694243e-06,8.431295140624907e-05,1.4122268827993547e-12,0.5661605423265488,False,direct_vp,global_exact_spherical_vp,main_single_proposed,True,731e6e97ee0343ac,adaptive_jones,cupy,True,0,cupy,cupy.linalg.solve,fixed_pol_anchor,True,fixed_anchor_then_adaptive_jones_score_selection,fixed_pol_anchor,1.0838011200362423,44.59470627311704,21.49453547967764,0.0,True,3,4,3096725.458075429,3195008.476000358,"[1.0838011200362423,18.80509904587964,44.59470627311704]","[0.9226785076264511,0.05317706636596012,0.02242418626621236]","[2.0739481186036987e-07,2.6934186364272425e-09,3.2571306015883025e-08]",direct_vp,"[""poor_clock_consistency""]",3097295.7690502126,3096560,True,3411979.8844634253,173.89305087197027,6.496488183291512,0.2876553105182834,"[5.017959023654228,4.959869843503362,4.380782593535687]",144.8459921106696,57.833983801305294,204.07453483343124,nan,nan,nan,nan,False,,nan,,,nan,nan,nan,,,,,,,,0.0004066357917008455,5.065186284694243e-06,0.5661605423265488,nan,nan,nan,False,not_run,not_requested
fig1,PEB,62,1815661330,0.0,snr_db,0.0,3,3,3,3,full_6d,1815661330,,,nan,,False,,4.891110792756081,nan,nan,nan,nan,nan,nan,False,,,peb_only,False,55854d1ebb4071d5,,,,,,,adaptive_jones,True,fixed_anchor_then_adaptive_jones_score_selection,,nan,nan,nan,nan,True,,,nan,nan,,,,,[],nan,,,nan,nan,nan,nan,,nan,nan,nan,0.0005692369713952982,nan,nan,0.0005692369713952982,False,97d98efc9e77b8da847d52d27748aedf3c40844281671ccf00f295af09763222,0.5660289743827024,computed_unscaled,cpu,nan,nan,nan,,,,,,,,nan,nan,nan,nan,nan,nan,False,,
fig1,adaptive_jones_vp_proposed,61,3445288900,0.0,snr_db,0.0,3,3,3,3,full_6d,3445288900,,,nan,,False,,64.73874523490667,0.000368058784177515,0.000368058784177515,5.15992201131754e-06,0.00015198397542110295,1.1759089045501525e-12,0.5671064602717045,False,direct_vp,global_exact_spherical_vp,main_single_proposed,True,e4cb01d5d032b172,adaptive_jones,cupy,True,0,cupy,cupy.linalg.solve,fixed_pol_anchor,True,fixed_anchor_then_adaptive_jones_score_selection,fixed_pol_anchor,1.176059458788443,15.299899683388064,9.397262252928565,0.0,True,3,4,3096725.458075429,3098258.6648113416,"[11.71582761660919,1.176059458788443,15.299899683388064]","[0.08535461878686343,0.8502971448646035,0.06535990566464005]","[2.460652141767553e-08,2.048056277375651e-07,1.4120978427949783e-07]",direct_vp,[],3096024.2583441003,3096560,True,5645203.111919297,109.13642945642287,10.878170425912916,0.06402355720442075,"[4.8473606014743,5.000994381455952,4.896918223621017]",147.00862204283476,58.612710028886795,206.96097339689732,nan,nan,nan,nan,False,,nan,,,nan,nan,nan,,,,,,,,0.000368058784177515,5.15992201131754e-06,0.5671064602717045,nan,nan,nan,False,not_run,not_requested
fig1,PEB,61,3445288900,0.0,snr_db,0.0,3,3,3,3,full_6d,3445288900,,,nan,,False,,4.760384924709797,nan,nan,nan,nan,nan,nan,False,,,peb_only,False,9de05b5a08c5319b,,,,,,,adaptive_jones,True,fixed_anchor_then_adaptive_jones_score_selection,,nan,nan,nan,nan,True,,,nan,nan,,,,,[],nan,,,nan,nan,nan,nan,,nan,nan,nan,0.00043978247099798416,nan,nan,0.00043978247099798416,False,ce2b3681cf373b19e71cb19b884bc3b16d08555336684f81783906b12368ba1d,0.567207524162473,computed_unscaled,cpu,nan,nan,nan,,,,,,,,nan,nan,nan,nan,nan,nan,False,,
fig1,adaptive_jones_vp_proposed,29,1456316145,0.0,snr_db,0.0,3,3,3,3,full_6d,1456316145,,,nan,,False,,534.6088187843561,0.00017134341436456454,0.00017134341436456454,4.60888365577836e-06,2.4554163270806918e-05,1.5079865619597028e-12,0.5857033567858015,False,direct_vp,global_exact_spherical_vp,main_single_proposed,True,b1fc1d85a5d52a55,adaptive_jones,cupy,True,0,cupy,cupy.linalg.solve,fixed_pol_anchor,True,fixed_anchor_then_adaptive_jones_score_selection,fixed_pol_anchor,2.3284132796706785,7.064842918084689,3.9076586493624155,0.0,True,3,4,3096725.458075429,3103680.065385473,"[7.064842918084689,2.3297197503318783,2.3284132796706785]","[0.14154596380807286,0.4292361773793677,0.42947702142426697]","[2.073594681584637e-07,8.864704213244573e-08,1.4347910772028895e-07]",direct_vp,"[""poor_clock_consistency""]",3096312.8733884683,3096560,True,8701435.741167082,77.36662919207883,17.566770542166196,0.1390228373596612,"[4.780543160228661,4.9412620298049275,5.120902894257938]",147.33269678801298,528.511430606246,677.0468586832285,nan,nan,nan,nan,False,,nan,,,nan,nan,nan,,,,,,,,0.00017134341436456454,4.60888365577836e-06,0.5857033567858015,nan,nan,nan,False,not_run,not_requested
fig1,PEB,29,1456316145,0.0,snr_db,0.0,3,3,3,3,full_6d,1456316145,,,nan,,False,,4.548432774841785,nan,nan,nan,nan,nan,nan,False,,,peb_only,False,8ce42fa805d32f64,,,,,,,adaptive_jones,True,fixed_anchor_then_adaptive_jones_score_selection,,nan,nan,nan,nan,True,,,nan,nan,,,,,[],nan,,,nan,nan,nan,nan,,nan,nan,nan,0.00034126583587062304,nan,nan,0.00034126583587062304,False,d8fe45eb7ae04a0170dd7feb177c545054b10b09137abe9e9f00552ed53b5825,0.5857531302247063,computed_unscaled,cpu,nan,nan,nan,,,,,,,,nan,nan,nan,nan,nan,nan,False,,
fig1,adaptive_jones_vp_proposed,63,3424526765,0.0,snr_db,0.0,3,3,3,3,full_6d,3424526765,,,nan,,False,,63.398206040263176,0.00010961357036613268,0.00010961357036613268,5.86108760613685e-06,8.663775978678094e-05,1.080019275610622e-12,0.32541658072709445,False,direct_vp,global_exact_spherical_vp,main_single_proposed,True,af94527bf6b6c477,adaptive_jones,cupy,True,0,cupy,cupy.linalg.solve,fixed_pol_anchor,True,fixed_anchor_then_adaptive_jones_score_selection,fixed_pol_anchor,1.8552138800309388,8.255196890571792,4.353072804546502,0.0,True,3,4,3096725.458075429,3115870.2530795685,"[8.255196890571792,1.8552138800309388,2.9488076430367776]","[0.12113581459623797,0.5390214092088769,0.339120119400945]","[5.372486124405801e-07,5.152683874049457e-08,9.429442299068803e-07]",direct_vp,[],3097440.666868949,3096560,True,7479816.908837734,71.76390935266723,14.483437226254885,0.040267787101444186,"[4.988320051151626,5.049324340778764,5.085945839612785]",151.33617863804102,57.38947629183531,209.92823611199856,nan,nan,nan,nan,False,,nan,,,nan,nan,nan,,,,,,,,0.00010961357036613268,5.86108760613685e-06,0.32541658072709445,nan,nan,nan,False,not_run,not_requested
fig1,PEB,63,3424526765,0.0,snr_db,0.0,3,3,3,3,full_6d,3424526765,,,nan,,False,,4.930318459868431,nan,nan,nan,nan,nan,nan,False,,,peb_only,False,e905689371682e6f,,,,,,,adaptive_jones,True,fixed_anchor_then_adaptive_jones_score_selection,,nan,nan,nan,nan,True,,,nan,nan,,,,,[],nan,,,nan,nan,nan,nan,,nan,nan,nan,0.0003765527517119302,nan,nan,0.0003765527517119302,False,258f950ff6512034899ff541f16fbb81fb7ab692c62ede128038d4532b76f1bb,0.3253257389753957,computed_unscaled,cpu,nan,nan,nan,,,,,,,,nan,nan,nan,nan,nan,nan,False,,
fig1,adaptive_jones_vp_proposed,65,2236466502,0.0,snr_db,0.0,3,3,3,3,full_6d,2236466502,,,nan,,False,,61.310071870684624,0.0001983080261083711,0.0001983080261083711,5.167935669793967e-06,0.00012088670980687023,2.1514876774307502e-12,0.10593867940410752,False,direct_vp,global_exact_spherical_vp,main_single_proposed,True,436ba65f0c579fda,adaptive_jones,cupy,True,0,cupy,cupy.linalg.solve,fixed_pol_anchor,True,fixed_anchor_then_adaptive_jones_score_selection,fixed_pol_anchor,2.234882253744526,6.163424850140221,3.653338991813611,0.0,True,3,4,3096725.458075429,3098287.704379577,"[2.561709871556086,6.163424850140221,2.234882253744526]","[0.3903642684524606,0.16224745564490592,0.4474508660678985]","[3.2120874242545125e-07,1.835611437533325e-07,3.5290845246595764e-07]",direct_vp,[],3100303.2764539425,3096560,True,8808771.15014685,69.9790519689791,17.986347211135843,0.05986507735209383,"[5.071717330470503,5.027780373978989,4.9285903544651095]",154.0065342411399,54.93082918971777,210.2937035113573,nan,nan,nan,nan,False,,nan,,,nan,nan,nan,,,,,,,,0.0001983080261083711,5.167935669793967e-06,0.10593867940410752,nan,nan,nan,False,not_run,not_requested
fig1,PEB,65,2236466502,0.0,snr_db,0.0,3,3,3,3,full_6d,2236466502,,,nan,,False,,5.324792988598347,nan,nan,nan,nan,nan,nan,False,,,peb_only,False,cc3f736203f1a93d,,,,,,,adaptive_jones,True,fixed_anchor_then_adaptive_jones_score_selection,,nan,nan,nan,nan,True,,,nan,nan,,,,,[],nan,,,nan,nan,nan,nan,,nan,nan,nan,0.00033978624755262186,nan,nan,0.00033978624755262186,False,8713a1af4c8a44df0d773df8c1e647ae5757abeba9d4009ab7b9d7ee65d54a43,0.1058113167850039,computed_unscaled,cpu,nan,nan,nan,,,,,,,,nan,nan,nan,nan,nan,nan,False,,
fig1,adaptive_jones_vp_proposed,66,437355907,0.0,snr_db,0.0,3,3,3,3,full_6d,437355907,,,nan,,False,,62.3552338257432,0.0005561036400750019,0.0005561036400750019,8.102810889925822e-06,0.00011733879543718992,1.489820246093013e-13,0.5809972765632742,False,direct_vp,global_exact_spherical_vp,main_single_proposed,True,b880e0d8247e020d,adaptive_jones,cupy,True,0,cupy,cupy.linalg.solve,fixed_pol_anchor,True,fixed_anchor_then_adaptive_jones_score_selection,fixed_pol_anchor,2.025922822960332,7.671666684823149,4.11800570281014,0.0,True,3,4,3096725.458075429,3097143.469702253,"[2.6564276006469383,7.671666684823149,2.025922822960332]","[0.37644541855904773,0.13034977157840125,0.4936022185370061]","[1.329195273548734e-07,1.6367201098009446e-08,5.623430085553174e-07]",direct_vp,[],3097743.0347851263,3096560,True,8339253.087939948,77.95649245260806,23.22555376287448,0.02988875654495261,"[5.070301723517867,5.008132946009154,5.005731482789585]",150.31420104205608,55.54663687199354,207.20913807302713,nan,nan,nan,nan,False,,nan,,,nan,nan,nan,,,,,,,,0.0005561036400750019,8.102810889925822e-06,0.5809972765632742,nan,nan,nan,False,not_run,not_requested
fig1,PEB,66,437355907,0.0,snr_db,0.0,3,3,3,3,full_6d,437355907,,,nan,,False,,5.456670299172401,nan,nan,nan,nan,nan,nan,False,,,peb_only,False,35725c10900dbd61,,,,,,,adaptive_jones,True,fixed_anchor_then_adaptive_jones_score_selection,,nan,nan,nan,nan,True,,,nan,nan,,,,,[],nan,,,nan,nan,nan,nan,,nan,nan,nan,0.00035478711051341387,nan,nan,0.00035478711051341387,False,34c19cd95e99da79457cbf3518f1232a26ad19f1e8691866bda8c30a1c520f1f,0.5807783933233801,computed_unscaled,cpu,nan,nan,nan,,,,,,,,nan,nan,nan,nan,nan,nan,False,,
fig1,adaptive_jones_vp_proposed,67,804537149,0.0,snr_db,0.0,3,3,3,3,full_6d,804537149,,,nan,,False,,61.27985440194607,0.0008040557265909806,0.0008040557265909806,7.863923644964197e-06,2.941007543284715e-05,2.1961378469754504e-12,0.4543931302908198,False,direct_vp,global_exact_spherical_vp,main_single_proposed,True,75f55922130af425,adaptive_jones,cupy,True,0,cupy,cupy.linalg.solve,fixed_pol_anchor,True,fixed_anchor_then_adaptive_jones_score_selection,fixed_pol_anchor,2.8983306133378695,3.1367678757689577,3.0097360347690283,0.0,True,3,4,3096725.458075429,3097581.2233184297,"[2.8983306133378695,2.9941096152002578,3.1367678757689577]","[0.34502620073610213,0.3339891081209203,0.3187994903039231]","[1.892302042865074e-07,5.084004340447183e-08,2.1338869597312414e-07]",direct_vp,[],3092776.9057807825,3096560,True,8120968.481201496,70.3737713184648,13.970014464350491,0.08079184626352338,"[5.07762912808655,5.113624911679184,4.927100527678604]",137.26724757254124,54.46401282399893,193.0983677878976,nan,nan,nan,nan,False,,nan,,,nan,nan,nan,,,,,,,,0.0008040557265909806,7.863923644964197e-06,0.4543931302908198,nan,nan,nan,False,not_run,not_requested
fig1,PEB,67,804537149,0.0,snr_db,0.0,3,3,3,3,full_6d,804537149,,,nan,,False,,5.48824505507946,nan,nan,nan,nan,nan,nan,False,,,peb_only,False,b6e8bd02c73a30b1,,,,,,,adaptive_jones,True,fixed_anchor_then_adaptive_jones_score_selection,,nan,nan,nan,nan,True,,,nan,nan,,,,,[],nan,,,nan,nan,nan,nan,,nan,nan,nan,0.00035418023463707567,nan,nan,0.00035418023463707567,False,b26904abe3f7d46852807fc0a30cd211634c6c8e972ac0e965050f20e27517f2,0.45495129609686724,computed_unscaled,cpu,nan,nan,nan,,,,,,,,nan,nan,nan,nan,nan,nan,False,,
fig1,adaptive_jones_vp_proposed,33,3489193506,0.0,snr_db,0.0,3,3,3,3,full_6d,3489193506,,,nan,,False,,579.6857928484678,9.956830167082704e-05,9.956830167082704e-05,3.520694983241729e-06,6.524859447244448e-05,2.117772143705676e-13,0.5019829084230987,False,direct_vp,global_exact_spherical_vp,main_single_proposed,True,e5a0c9d2e6001179,adaptive_jones,cupy,True,0,cupy,cupy.linalg.solve,fixed_pol_anchor,True,fixed_anchor_then_adaptive_jones_score_selection,fixed_pol_anchor,2.3205277193333553,5.733218355101038,3.5229715425339037,0.0,True,3,4,3096725.458075429,3102046.872607335,"[2.3205277193333553,5.733218355101038,2.515168553167318]","[0.4309364596967456,0.174422102570807,0.39758766812593865]","[5.084983517307126e-08,6.529067383846249e-08,6.263640586187871e-07]",direct_vp,[],3094849.873152902,3096560,True,7782414.536889594,79.36566833030543,17.695481558673112,0.07053241027499688,"[4.947124378209053,5.042344176897733,5.11958052899759]",150.68086263537407,573.2887691706419,725.060812652111,nan,nan,nan,nan,False,,nan,,,nan,nan,nan,,,,,,,,9.956830167082704e-05,3.520694983241729e-06,0.5019829084230987,nan,nan,nan,False,not_run,not_requested
fig1,PEB,33,3489193506,0.0,snr_db,0.0,3,3,3,3,full_6d,3489193506,,,nan,,False,,5.087105542421341,nan,nan,nan,nan,nan,nan,False,,,peb_only,False,d9ea300c6160e1fa,,,,,,,adaptive_jones,True,fixed_anchor_then_adaptive_jones_score_selection,,nan,nan,nan,nan,True,,,nan,nan,,,,,[],nan,,,nan,nan,nan,nan,,nan,nan,nan,0.0003666393535416366,nan,nan,0.0003666393535416366,False,76527bb9436024da57d5b3c4ee115c2d9eeebd7e9b24b99b40e819fe3069631e,0.5022628852266684,computed_unscaled,cpu,nan,nan,nan,,,,,,,,nan,nan,nan,nan,nan,nan,False,,
fig1,adaptive_jones_vp_proposed,68,217409269,0.0,snr_db,0.0,3,3,3,3,full_6d,217409269,,,nan,,False,,63.933824591338634,0.00016168542724128985,0.00016168542724128985,9.318365205472166e-06,6.953774043416329e-05,1.769885017217813e-13,0.18288918830371353,False,direct_vp,global_exact_spherical_vp,main_single_proposed,True,543559dc443f360b,adaptive_jones,cupy,True,0,cupy,cupy.linalg.solve,fixed_pol_anchor,True,fixed_anchor_then_adaptive_jones_score_selection,fixed_pol_anchor,2.0691719031724523,10.214829035201577,4.8899769837508416,0.0,True,3,4,3096725.458075429,3097693.8934789496,"[2.0691719031724523,2.3859300128784957,10.214829035201577]","[0.4832851240946834,0.4191237775625984,0.09789689054448784]","[1.1964615764221642e-06,2.789941813801975e-09,1.262974722815962e-07]",direct_vp,[],3099211.8553983825,3096560,True,5100132.506607553,95.15041368734376,13.720734000033387,0.061376448039501125,"[4.96078085628718,5.0413672585567735,4.891159629298607]",135.9374450072646,57.61883004754782,194.92139723151922,nan,nan,nan,nan,False,,nan,,,nan,nan,nan,,,,,,,,0.00016168542724128985,9.318365205472166e-06,0.18288918830371353,nan,nan,nan,False,not_run,not_requested
fig1,PEB,68,217409269,0.0,snr_db,0.0,3,3,3,3,full_6d,217409269,,,nan,,False,,4.6926311030983925,nan,nan,nan,nan,nan,nan,False,,,peb_only,False,9a3efa33c28f2ebf,,,,,,,adaptive_jones,True,fixed_anchor_then_adaptive_jones_score_selection,,nan,nan,nan,nan,True,,,nan,nan,,,,,[],nan,,,nan,nan,nan,nan,,nan,nan,nan,0.00044880825717028813,nan,nan,0.00044880825717028813,False,0b182e454a04b5041a3aee67b1d617d5e470ee5322dc8a1561fe76d42cd56704,0.18273364248213428,computed_unscaled,cpu,nan,nan,nan,,,,,,,,nan,nan,nan,nan,nan,nan,False,,
fig1,adaptive_jones_vp_proposed,69,1134195269,0.0,snr_db,0.0,3,3,3,3,full_6d,1134195269,,,nan,,False,,62.67712067067623,0.0004960839096535618,0.0004960839096535618,3.677244118704835e-06,6.397932152335195e-05,3.4587969954886917e-13,0.6785533864163519,False,direct_vp,global_exact_spherical_vp,main_single_proposed,True,8aa9a9be59c46683,adaptive_jones,cupy,True,0,cupy,cupy.linalg.solve,fixed_pol_anchor,True,fixed_anchor_then_adaptive_jones_score_selection,fixed_pol_anchor,1.604468102142653,70.61829198499623,24.98796177349109,0.0,True,3,4,3096725.458075429,3113370.5624288167,"[70.61829198499623,2.741125233334392,1.604468102142653]","[0.014160637022229942,0.36481368594050956,0.6232595080344487]","[6.917212195276403e-08,1.6714738113285133e-07,2.4448505399161066e-07]",direct_vp,[],3097617.333691495,3096560,True,8266401.467528734,85.65716906309277,9.664511022285424,0.09163134660532861,"[5.086714213210021,4.9929853760304,4.863230018338239]",137.60020964592695,55.815679125487804,194.52478931844234,nan,nan,nan,nan,False,,nan,,,nan,nan,nan,,,,,,,,0.0004960839096535618,3.677244118704835e-06,0.6785533864163519,nan,nan,nan,False,not_run,not_requested
fig1,PEB,69,1134195269,0.0,snr_db,0.0,3,3,3,3,full_6d,1134195269,,,nan,,False,,5.064169831573963,nan,nan,nan,nan,nan,nan,False,,,peb_only,False,3255e5bd8f81a315,,,,,,,adaptive_jones,True,fixed_anchor_then_adaptive_jones_score_selection,,nan,nan,nan,nan,True,,,nan,nan,,,,,[],nan,,,nan,nan,nan,nan,,nan,nan,nan,0.00033224456296536783,nan,nan,0.00033224456296536783,False,3c4e17d6858814038ebdb81b7444e4cbebd5be1a61e4510cac6392db534f501a,0.6783252754437447,computed_unscaled,cpu,nan,nan,nan,,,,,,,,nan,nan,nan,nan,nan,nan,False,,
fig1,adaptive_jones_vp_proposed,70,1909013635,0.0,snr_db,0.0,3,3,3,3,full_6d,1909013635,,,nan,,False,,62.59549506753683,0.0005275767753233178,0.0005275767753233178,5.078642179861738e-06,0.000161218782177454,7.663177295671839e-13,0.2113024485573288,False,direct_vp,global_exact_spherical_vp,main_single_proposed,True,8e9401607f49f5c5,adaptive_jones,cupy,True,0,cupy,cupy.linalg.solve,fixed_pol_anchor,True,fixed_anchor_then_adaptive_jones_score_selection,fixed_pol_anchor,1.1692999832023119,15.173418221665445,9.800959984119265,0.0,True,3,4,3096725.458075429,3139043.4445810164,"[1.1692999832023119,15.173418221665445,13.060161747490033]","[0.8552125325959327,0.06590472795094854,0.07656873010620445]","[1.120875137584898e-08,4.925438351278207e-08,2.387583451531594e-07]",direct_vp,"[""poor_clock_consistency""]",3096748.071699059,3096560,True,4782211.477000246,130.79808571820925,11.62288464759095,0.11633180521879483,"[5.0051934556876345,4.767630833697592,4.750133384243678]",138.3898033723235,56.33678998053074,196.0517575442791,nan,nan,nan,nan,False,,nan,,,nan,nan,nan,,,,,,,,0.0005275767753233178,5.078642179861738e-06,0.2113024485573288,nan,nan,nan,False,not_run,not_requested
fig1,PEB,70,1909013635,0.0,snr_db,0.0,3,3,3,3,full_6d,1909013635,,,nan,,False,,4.87073927372694,nan,nan,nan,nan,nan,nan,False,,,peb_only,False,f248c90e8290a8b8,,,,,,,adaptive_jones,True,fixed_anchor_then_adaptive_jones_score_selection,,nan,nan,nan,nan,True,,,nan,nan,,,,,[],nan,,,nan,nan,nan,nan,,nan,nan,nan,0.00047511428739824605,nan,nan,0.00047511428739824605,False,7231f7a6a5fbe3cc9ff17e3c4c7cf441e267b4bae6d7354446f2924a30ccbc7b,0.21129070747587922,computed_unscaled,cpu,nan,nan,nan,,,,,,,,nan,nan,nan,nan,nan,nan,False,,
fig1,adaptive_jones_vp_proposed,31,3399679668,0.0,snr_db,0.0,3,3,3,3,full_6d,3399679668,,,nan,,False,,645.0485048294067,0.0003844369154225374,0.0003844369154225374,3.313037503451598e-06,0.00010666361401696095,3.4549378284204256e-13,0.40279999820292334,False,direct_vp_rollback,global_exact_spherical_vp,main_single_proposed,True,6daaaf5f881f6c0e,adaptive_jones,cupy,True,0,cupy,cupy.linalg.solve,fixed_pol_anchor,True,fixed_anchor_then_adaptive_jones_score_selection,fixed_pol_anchor,1.775148763497842,9.992561919597708,4.912330766961634,0.0,True,3,4,3096725.458075429,3276992.0259382767,"[1.775148763497842,2.9692816177893517,9.992561919597708]","[0.563333068507326,0.3367817973229285,0.10007443616924483]","[6.768129981884904e-07,2.471284853691751e-07,1.6000039128964995e-08]",jnpp_then_vp,[],3102844.3619632684,3096560,False,5346066.472518943,93.71675533436681,17.48508904684744,0.05494858365808074,"[4.985873260421595,5.070806974937388,4.937914684802212]",140.25087696313858,535.1472783312201,676.4828179255128,nan,nan,nan,nan,False,,nan,,,nan,nan,nan,,,,,,,,0.0003844369154225374,3.313037503451598e-06,0.40279999820292334,0.00038444884597108834,3.313056537662061e-06,0.4027999982029261,True,rollback,existing_selector_rollback
fig1,PEB,31,3399679668,0.0,snr_db,0.0,3,3,3,3,full_6d,3399679668,,,nan,,False,,5.231256358325481,nan,nan,nan,nan,nan,nan,False,,,peb_only,False,430c64cf2bf33f7e,,,,,,,adaptive_jones,True,fixed_anchor_then_adaptive_jones_score_selection,,nan,nan,nan,nan,True,,,nan,nan,,,,,[],nan,,,nan,nan,nan,nan,,nan,nan,nan,0.0004383491005625335,nan,nan,0.0004383491005625335,False,579f4d92d8c766cab7fa417a5175cd99bb36ab4a51df0f587cc9ea2e392b9def,0.40198626219395955,computed_unscaled,cpu,nan,nan,nan,,,,,,,,nan,nan,nan,nan,nan,nan,False,,
fig1,adaptive_jones_vp_proposed,75,3035140021,0.0,snr_db,0.0,3,3,3,3,full_6d,3035140021,,,nan,,False,,51.173584282398224,0.0003327368562760611,0.0003327368562760611,6.16807984979586e-06,8.35010740506975e-05,1.7814395843242443e-12,0.3313046083258021,False,direct_vp,global_exact_spherical_vp,main_single_proposed,True,5a2f80833211c574,adaptive_jones,cupy,True,0,cupy,cupy.linalg.solve,fixed_pol_anchor,True,fixed_anchor_then_adaptive_jones_score_selection,fixed_pol_anchor,1.2175932081961462,18.574886564662375,9.291829694627998,0.0,True,3,4,3096725.458075429,3099208.9026183826,"[1.2175932081961462,8.083009311025473,18.574886564662375]","[0.8212923604265777,0.12371629940199207,0.053836129577440654]","[1.9233688081552817e-08,6.563443634040786e-08,2.4176675535324276e-07]",direct_vp,[],3092353.6292750807,3096560,True,4185973.914191759,139.54913449127514,11.485092471961611,0.060490767179035114,"[4.964991076194715,4.92773667143702,5.070562022381776]",141.99734935164452,45.56624584645033,188.93714505434036,nan,nan,nan,nan,False,,nan,,,nan,nan,nan,,,,,,,,0.0003327368562760611,6.16807984979586e-06,0.3313046083258021,nan,nan,nan,False,not_run,not_requested
fig1,PEB,75,3035140021,0.0,snr_db,0.0,3,3,3,3,full_6d,3035140021,,,nan,,False,,4.6233939453959465,nan,nan,nan,nan,nan,nan,False,,,peb_only,False,ac59bfc0c6e2b54f,,,,,,,adaptive_jones,True,fixed_anchor_then_adaptive_jones_score_selection,,nan,nan,nan,nan,True,,,nan,nan,,,,,[],nan,,,nan,nan,nan,nan,,nan,nan,nan,0.0005027763298256784,nan,nan,0.0005027763298256784,False,2f212a9fc87faf916a5915468a1ea2df60203d744fc985d035cf071254d1c26c,0.33175697925323505,computed_unscaled,cpu,nan,nan,nan,,,,,,,,nan,nan,nan,nan,nan,nan,False,,
fig1,adaptive_jones_vp_proposed,73,1489186484,0.0,snr_db,0.0,3,3,3,3,full_6d,1489186484,,,nan,,False,,62.18441450595856,0.0001521717187182796,0.0001521717187182796,7.98850068843587e-06,5.454494633106876e-05,1.976299501736581e-12,0.28249820982654605,False,direct_vp,global_exact_spherical_vp,main_single_proposed,True,b4909a9c33aed495,adaptive_jones,cupy,True,0,cupy,cupy.linalg.solve,fixed_pol_anchor,True,fixed_anchor_then_adaptive_jones_score_selection,fixed_pol_anchor,2.041544016604833,5.5318740742399495,3.5238203230935476,0.0,True,3,4,3096725.458075429,3130370.8159361,"[2.998042878435861,5.5318740742399495,2.041544016604833]","[0.3335509332403952,0.18077056465387145,0.4898253438889833]","[1.8364396835252901e-07,8.275556493098988e-08,1.658364875830854e-06]",direct_vp,[],3096064.501836352,3096560,True,8919237.758692935,68.20994633816545,20.321807768288664,0.0248991509330923,"[5.074869881695205,5.051151208944799,5.111671855922671]",147.9589930176735,56.57299134880304,205.74988637119532,nan,nan,nan,nan,False,,nan,,,nan,nan,nan,,,,,,,,0.0001521717187182796,7.98850068843587e-06,0.28249820982654605,nan,nan,nan,False,not_run,not_requested
fig1,PEB,73,1489186484,0.0,snr_db,0.0,3,3,3,3,full_6d,1489186484,,,nan,,False,,4.762765944004059,nan,nan,nan,nan,nan,nan,False,,,peb_only,False,52986063c06a8770,,,,,,,adaptive_jones,True,fixed_anchor_then_adaptive_jones_score_selection,,nan,nan,nan,nan,True,,,nan,nan,,,,,[],nan,,,nan,nan,nan,nan,,nan,nan,nan,0.00033774383968190137,nan,nan,0.00033774383968190137,False,d64a78118eb17c14251c66a9269a2f68d800276ea77027a48898e01b93fc8e18,0.2825448811137477,computed_unscaled,cpu,nan,nan,nan,,,,,,,,nan,nan,nan,nan,nan,nan,False,,
fig1,adaptive_jones_vp_proposed,74,2087150408,0.0,snr_db,0.0,3,3,3,3,full_6d,2087150408,,,nan,,False,,65.05379009991884,8.06698015643528e-05,8.06698015643528e-05,5.921188860997259e-06,3.860650187532658e-05,1.0203681302925485e-12,0.24086285672001606,False,direct_vp,global_exact_spherical_vp,main_single_proposed,True,0687af232abe024e,adaptive_jones,cupy,True,0,cupy,cupy.linalg.solve,fixed_pol_anchor,True,fixed_anchor_then_adaptive_jones_score_selection,fixed_pol_anchor,2.197638698997086,4.100382801183092,3.1990900485331184,0.0,True,3,4,3096725.458075429,3103384.6858270094,"[2.197638698997086,3.2992486454191767,4.100382801183092]","[0.45503385085735987,0.30309931365286613,0.24387966891953783]","[5.389724126091044e-09,2.5201350492259517e-09,3.042328874600305e-08]",direct_vp,[],3096096.8641094454,3096560,True,6565760.565468315,79.38007652704425,18.397183173867276,0.04804686325050962,"[5.137769435275787,5.030388467309054,5.125795262201401]",144.34366960078478,58.97395741939545,204.51841627061367,nan,nan,nan,nan,False,,nan,,,nan,nan,nan,,,,,,,,8.06698015643528e-05,5.921188860997259e-06,0.24086285672001606,nan,nan,nan,False,not_run,not_requested
fig1,PEB,74,2087150408,0.0,snr_db,0.0,3,3,3,3,full_6d,2087150408,,,nan,,False,,4.7668033838272095,nan,nan,nan,nan,nan,nan,False,,,peb_only,False,ee0a103f3a972ba1,,,,,,,adaptive_jones,True,fixed_anchor_then_adaptive_jones_score_selection,,nan,nan,nan,nan,True,,,nan,nan,,,,,[],nan,,,nan,nan,nan,nan,,nan,nan,nan,0.00039765225558543424,nan,nan,0.00039765225558543424,False,78fd75a3c1d4026a3e7d885aa302f9406531fe623bed7ee4eda6f02c54b6aa8a,0.24090013140631347,computed_unscaled,cpu,nan,nan,nan,,,,,,,,nan,nan,nan,nan,nan,nan,False,,
fig1,adaptive_jones_vp_proposed,36,3263447461,0.0,snr_db,0.0,3,3,3,3,full_6d,3263447461,,,nan,,False,,621.2717582061887,0.00038452357569235897,0.00038452357569235897,6.908149670493601e-06,0.0002504048996679035,9.797690202486987e-14,0.244893790103398,False,direct_vp_rollback,global_exact_spherical_vp,main_single_proposed,True,3848355bb752c573,adaptive_jones,cupy,True,0,cupy,cupy.linalg.solve,fixed_pol_anchor,True,fixed_anchor_then_adaptive_jones_score_selection,fixed_pol_anchor,1.2249281439242263,302.1195554957657,102.96423885901088,0.0,True,3,4,3096725.458075429,3101619.4282129784,"[5.5482329373426955,302.1195554957657,1.2249281439242263]","[0.18023756595796386,0.003309947937851695,0.8163744175190041]","[4.3668983816151237e-07,5.5326670131132326e-09,6.913454726380841e-08]",jnpp_then_vp,[],3101086.1437297896,3096560,False,7748343.767741153,90.34306809668621,8.081550179023814,0.03229177527457513,"[5.018394952150165,4.941413618646376,4.96416198265343]",137.9232008829713,505.806976005435,644.9977362826467,nan,nan,nan,nan,False,,nan,,,nan,nan,nan,,,,,,,,0.00038452357569235897,6.908149670493601e-06,0.244893790103398,0.000384528922439443,6.908204413567782e-06,0.2448937901034021,True,rollback,existing_selector_rollback
fig1,PEB,36,3263447461,0.0,snr_db,0.0,3,3,3,3,full_6d,3263447461,,,nan,,False,,5.095391117036343,nan,nan,nan,nan,nan,nan,False,,,peb_only,False,9b03af01ca1cfb20,,,,,,,adaptive_jones,True,fixed_anchor_then_adaptive_jones_score_selection,,nan,nan,nan,nan,True,,,nan,nan,,,,,[],nan,,,nan,nan,nan,nan,,nan,nan,nan,0.0003183960158201883,nan,nan,0.0003183960158201883,False,44da4b062737b51be35373567f8e2b8ed08b76fc869f23df282060a8ccb40d9b,0.24453762257347222,computed_unscaled,cpu,nan,nan,nan,,,,,,,,nan,nan,nan,nan,nan,nan,False,,
fig1,adaptive_jones_vp_proposed,78,3639033133,0.0,snr_db,0.0,3,3,3,3,full_6d,3639033133,,,nan,,False,,52.84705935418606,0.00020439463787484495,0.00020439463787484495,4.09654854926784e-06,7.21594312902282e-05,3.973185868893684e-13,0.17195383910485568,False,direct_vp,global_exact_spherical_vp,main_single_proposed,True,1993c67467731645,adaptive_jones,cupy,True,0,cupy,cupy.linalg.solve,fixed_pol_anchor,True,fixed_anchor_then_adaptive_jones_score_selection,fixed_pol_anchor,1.5441076442098605,23.746434456120042,9.51430775315576,0.0,True,3,4,3096725.458075429,3097066.8296417813,"[3.2523811591373755,1.5441076442098605,23.746434456120042]","[0.30746703755410276,0.6476232429444183,0.04211158529185121]","[3.0114010794279275e-07,6.72348141851898e-08,3.008538360795179e-08]",direct_vp,[],3098183.27834272,3096560,True,5198420.616905457,93.72973892864209,14.492098049365046,0.026111875296888555,"[4.943569822306298,4.975751731825694,5.007530168816939]",146.95501725375652,46.378662779927254,194.69818936288357,nan,nan,nan,nan,False,,nan,,,nan,nan,nan,,,,,,,,0.00020439463787484495,4.09654854926784e-06,0.17195383910485568,nan,nan,nan,False,not_run,not_requested
fig1,PEB,78,3639033133,0.0,snr_db,0.0,3,3,3,3,full_6d,3639033133,,,nan,,False,,4.59186702221632,nan,nan,nan,nan,nan,nan,False,,,peb_only,False,3b7e465864a3405d,,,,,,,adaptive_jones,True,fixed_anchor_then_adaptive_jones_score_selection,,nan,nan,nan,nan,True,,,nan,nan,,,,,[],nan,,,nan,nan,nan,nan,,nan,nan,nan,0.00044260098994742674,nan,nan,0.00044260098994742674,False,775d9f1d6241dae7442a88dca0b3fa5d7751717fd8d49705eaa3b8cfda4ebb75,0.17186463273560285,computed_unscaled,cpu,nan,nan,nan,,,,,,,,nan,nan,nan,nan,nan,nan,False,,
fig1,adaptive_jones_vp_proposed,76,125194699,0.0,snr_db,0.0,3,3,3,3,full_6d,125194699,,,nan,,False,,62.05159588158131,0.0001550926290776308,0.0001550926290776308,4.93138045608426e-06,4.0630717826767376e-05,1.980746958244877e-13,0.16807369056338853,False,direct_vp,global_exact_spherical_vp,main_single_proposed,True,91481a604bed2cea,adaptive_jones,cupy,True,0,cupy,cupy.linalg.solve,fixed_pol_anchor,True,fixed_anchor_then_adaptive_jones_score_selection,fixed_pol_anchor,1.284655640807993,10.85630340119685,6.630223469886424,0.0,True,3,4,3096725.458075429,3180998.948053673,"[1.284655640807993,10.85630340119685,7.749711367654431]","[0.7784187203426426,0.0921123851309184,0.12903706377582363]","[4.748653784190952e-07,5.0973670082548136e-08,4.6215113805366874e-07]",direct_vp,[],3095481.4502509055,3096560,True,5085091.188580859,116.6483989531916,17.45127833298242,0.08127866261898854,"[5.0184450162717,5.097170556443932,5.2161735385914785]",143.5718741118908,56.00007725507021,200.86633497476578,nan,nan,nan,nan,False,,nan,,,nan,nan,nan,,,,,,,,0.0001550926290776308,4.93138045608426e-06,0.16807369056338853,nan,nan,nan,False,not_run,not_requested
fig1,PEB,76,125194699,0.0,snr_db,0.0,3,3,3,3,full_6d,125194699,,,nan,,False,,5.108528986573219,nan,nan,nan,nan,nan,nan,False,,,peb_only,False,ba5b0325783fd63b,,,,,,,adaptive_jones,True,fixed_anchor_then_adaptive_jones_score_selection,,nan,nan,nan,nan,True,,,nan,nan,,,,,[],nan,,,nan,nan,nan,nan,,nan,nan,nan,0.00045558489090260254,nan,nan,0.00045558489090260254,False,6b8d35b33f7212a697b02c68cfa098dd74c3e1f522985e34bcbd559db51c8fd8,0.16813312074211587,computed_unscaled,cpu,nan,nan,nan,,,,,,,,nan,nan,nan,nan,nan,nan,False,,
fig1,adaptive_jones_vp_proposed,77,4292676672,0.0,snr_db,0.0,3,3,3,3,full_6d,4292676672,,,nan,,False,,67.14938998222351,0.00020215640110325474,0.00020215640110325474,2.0019641588287174e-06,1.1873743611702875e-05,3.851713132427578e-13,0.8723823556931565,False,direct_vp,global_exact_spherical_vp,main_single_proposed,True,a9e385c90f7a3689,adaptive_jones,cupy,True,0,cupy,cupy.linalg.solve,fixed_pol_anchor,True,fixed_anchor_then_adaptive_jones_score_selection,fixed_pol_anchor,1.472149152905555,220.05841242001628,74.8853455610488,0.0,True,3,4,3096725.458075429,3159208.005707614,"[1.472149152905555,220.05841242001628,3.1254751102245524]","[0.6792789969853567,0.004544247996624112,0.3199513561075931]","[1.2099478662524893e-07,3.5898314957264014e-10,2.2879423406482082e-07]",direct_vp,"[""poor_clock_consistency""]",3093758.1928800833,3096560,True,6920905.33881202,87.76757588665417,7.3587541618317,0.3403612491356554,"[4.937352263884327,5.651676103055308,4.922207724751535]",144.4448175355792,60.52292300015688,205.9903276488185,nan,nan,nan,nan,False,,nan,,,nan,nan,nan,,,,,,,,0.00020215640110325474,2.0019641588287174e-06,0.8723823556931565,nan,nan,nan,False,not_run,not_requested
fig1,PEB,77,4292676672,0.0,snr_db,0.0,3,3,3,3,full_6d,4292676672,,,nan,,False,,4.829415500164032,nan,nan,nan,nan,nan,nan,False,,,peb_only,False,49ca9efb2716623b,,,,,,,adaptive_jones,True,fixed_anchor_then_adaptive_jones_score_selection,,nan,nan,nan,nan,True,,,nan,nan,,,,,[],nan,,,nan,nan,nan,nan,,nan,nan,nan,0.00039596720617761583,nan,nan,0.00039596720617761583,False,f60a4ab9705635604ca71e7bb7f90055bd716281a75d4d93b7beab9eb08c99af,0.8731769249710073,computed_unscaled,cpu,nan,nan,nan,,,,,,,,nan,nan,nan,nan,nan,nan,False,,
fig1,adaptive_jones_vp_proposed,79,2511075941,0.0,snr_db,0.0,3,3,3,3,full_6d,2511075941,,,nan,,False,,63.06711047887802,0.00011473487526718103,0.00011473487526718103,5.1678443329912684e-06,9.723709942430025e-05,1.1330623401788419e-13,0.40138063576827765,False,direct_vp,global_exact_spherical_vp,main_single_proposed,True,9af09f8e4a5f05a7,adaptive_jones,cupy,True,0,cupy,cupy.linalg.solve,fixed_pol_anchor,True,fixed_anchor_then_adaptive_jones_score_selection,fixed_pol_anchor,1.2245295501350795,13.152264240610945,7.922721575373366,0.0,True,3,4,3096725.458075429,3107599.82144746,"[9.391370935374072,1.2245295501350795,13.152264240610945]","[0.10648072649584649,0.8166401536724566,0.07603253566782019]","[6.612873612564335e-09,2.7712704785101964e-07,3.205740025678109e-08]",direct_vp,[],3094959.8984613847,3096560,True,4929918.169863488,90.4231869751408,13.949123786726322,0.018987957099294236,"[5.058784773954574,5.048874493026837,5.093184189333337]",151.92602571099997,56.09934352338314,209.4273331090808,nan,nan,nan,nan,False,,nan,,,nan,nan,nan,,,,,,,,0.00011473487526718103,5.1678443329912684e-06,0.40138063576827765,nan,nan,nan,False,not_run,not_requested
fig1,PEB,79,2511075941,0.0,snr_db,0.0,3,3,3,3,full_6d,2511075941,,,nan,,False,,5.439733386039734,nan,nan,nan,nan,nan,nan,False,,,peb_only,False,9289cf47b378adfc,,,,,,,adaptive_jones,True,fixed_anchor_then_adaptive_jones_score_selection,,nan,nan,nan,nan,True,,,nan,nan,,,,,[],nan,,,nan,nan,nan,nan,,nan,nan,nan,0.00046414551788781673,nan,nan,0.00046414551788781673,False,d1d2709e7ef7e78043678a9bd3afef4c60705c0eab0a43aa5b03783626c11549,0.401590225515582,computed_unscaled,cpu,nan,nan,nan,,,,,,,,nan,nan,nan,nan,nan,nan,False,,
fig1,adaptive_jones_vp_proposed,80,2843598472,0.0,snr_db,0.0,3,3,3,3,full_6d,2843598472,,,nan,,False,,62.08946483582258,0.00021000478180820736,0.00021000478180820736,6.665152896836891e-06,0.00016944179135013862,4.2294004252728295e-13,0.6814624561718147,False,direct_vp,global_exact_spherical_vp,main_single_proposed,True,ec248f2728ea4c76,adaptive_jones,cupy,True,0,cupy,cupy.linalg.solve,fixed_pol_anchor,True,fixed_anchor_then_adaptive_jones_score_selection,fixed_pol_anchor,1.8800668542617816,9.396927447643524,4.681858388768557,0.0,True,3,4,3096725.458075429,3097461.6727963905,"[2.7685808644003664,9.396927447643524,1.8800668542617816]","[0.3611958793964346,0.1064177632063525,0.5318959789814365]","[1.420247235651406e-07,1.2662477599226285e-08,1.515459547946805e-07]",direct_vp,"[""poor_clock_consistency""]",3095592.9099048926,3096560,True,8609933.556348639,66.78351217815775,16.126082767035886,0.13314239171431103,"[5.2201661053518995,5.098108034031539,4.897226007419625]",152.1193384900689,55.6291604116559,209.06621835380793,nan,nan,nan,nan,False,,nan,,,nan,nan,nan,,,,,,,,0.00021000478180820736,6.665152896836891e-06,0.6814624561718147,nan,nan,nan,False,not_run,not_requested
fig1,PEB,80,2843598472,0.0,snr_db,0.0,3,3,3,3,full_6d,2843598472,,,nan,,False,,5.257033385336399,nan,nan,nan,nan,nan,nan,False,,,peb_only,False,29af0b4056f5f294,,,,,,,adaptive_jones,True,fixed_anchor_then_adaptive_jones_score_selection,,nan,nan,nan,nan,True,,,nan,nan,,,,,[],nan,,,nan,nan,nan,nan,,nan,nan,nan,0.0003466804503327276,nan,nan,0.0003466804503327276,False,ca96bdf8e3d74f1e490185f5b993e297e175166cef168c6fe33ef880dfc91c4e,0.6816788731912188,computed_unscaled,cpu,nan,nan,nan,,,,,,,,nan,nan,nan,nan,nan,nan,False,,
fig1,adaptive_jones_vp_proposed,81,3893654042,0.0,snr_db,0.0,3,3,3,3,full_6d,3893654042,,,nan,,False,,62.65206861495972,0.0008667993330808679,0.0008667993330808679,7.266155549582389e-06,0.0007758447085430754,2.0115508599294187e-12,0.6726585875216622,False,direct_vp,global_exact_spherical_vp,main_single_proposed,True,3b1d38d25d1a26f0,adaptive_jones,cupy,True,0,cupy,cupy.linalg.solve,fixed_pol_anchor,True,fixed_anchor_then_adaptive_jones_score_selection,fixed_pol_anchor,1.0519999518655592,75.97328881219593,35.00984163464368,0.0,True,3,4,3096725.458075429,3097016.6189847672,"[28.004236139869544,75.97328881219593,1.0519999518655592]","[0.0357088832909925,0.013162520874882773,0.9505703856978346]","[1.9293142841268121e-07,1.594173620546399e-09,2.219437750116701e-06]",direct_vp,"[""poor_clock_consistency""]",3093708.9869897706,3096560,True,3403190.7725761407,217.61159521541785,6.634406637386736,0.1269387955910255,"[4.866233246298027,5.175682512738924,4.994662940046338]",152.65793650597334,55.61260737478733,209.68506772071123,nan,nan,nan,nan,False,,nan,,,nan,nan,nan,,,,,,,,0.0008667993330808679,7.266155549582389e-06,0.6726585875216622,nan,nan,nan,False,not_run,not_requested
fig1,PEB,81,3893654042,0.0,snr_db,0.0,3,3,3,3,full_6d,3893654042,,,nan,,False,,5.016105979681015,nan,nan,nan,nan,nan,nan,False,,,peb_only,False,568c6ace049552ed,,,,,,,adaptive_jones,True,fixed_anchor_then_adaptive_jones_score_selection,,nan,nan,nan,nan,True,,,nan,nan,,,,,[],nan,,,nan,nan,nan,nan,,nan,nan,nan,0.00043460982892049276,nan,nan,0.00043460982892049276,False,7fdbdc32913dce5e44795d5b9a7446df6f3ff25cfdfe20eb33bdaf98d154febf,0.6732819560834685,computed_unscaled,cpu,nan,nan,nan,,,,,,,,nan,nan,nan,nan,nan,nan,False,,
fig1,adaptive_jones_vp_proposed,82,2146768378,0.0,snr_db,0.0,3,3,3,3,full_6d,2146768378,,,nan,,False,,65.98079040646553,0.0002332836889243261,0.0002332836889243261,4.868918654054133e-06,0.00013991264104427095,1.3821281129182822e-12,0.6599515203433245,False,direct_vp,global_exact_spherical_vp,main_single_proposed,True,f959e137fc4a9a3c,adaptive_jones,cupy,True,0,cupy,cupy.linalg.solve,fixed_pol_anchor,True,fixed_anchor_then_adaptive_jones_score_selection,fixed_pol_anchor,2.0340358049283243,23.331304783394962,9.173842039943187,0.0,True,3,4,3096725.458075429,3110202.646346899,"[2.0340358049283243,23.331304783394962,2.156185531506273]","[0.49163343023512024,0.042860869088143544,0.4637819822950308]","[1.6391839602870585e-08,3.3355121688364815e-08,1.5163508953157315e-07]",direct_vp,[],3100267.1627141987,3096560,True,8124688.255810464,72.05137158914818,12.20755114927989,0.08531564326408621,"[5.092775422265987,4.9282018053676255,4.898949119014359]",154.6672241538763,59.372878566384315,215.39461684972048,nan,nan,nan,nan,False,,nan,,,nan,nan,nan,,,,,,,,0.0002332836889243261,4.868918654054133e-06,0.6599515203433245,nan,nan,nan,False,not_run,not_requested
fig1,PEB,82,2146768378,0.0,snr_db,0.0,3,3,3,3,full_6d,2146768378,,,nan,,False,,5.0564147010445595,nan,nan,nan,nan,nan,nan,False,,,peb_only,False,861150dc29c2e693,,,,,,,adaptive_jones,True,fixed_anchor_then_adaptive_jones_score_selection,,nan,nan,nan,nan,True,,,nan,nan,,,,,[],nan,,,nan,nan,nan,nan,,nan,nan,nan,0.00035906194735984843,nan,nan,0.00035906194735984843,False,3a0d3e6549ad4d642256987481bea72461b73f437bf823d820291ff80c435722,0.6591657853349463,computed_unscaled,cpu,nan,nan,nan,,,,,,,,nan,nan,nan,nan,nan,nan,False,,
fig1,adaptive_jones_vp_proposed,41,4278604885,0.0,snr_db,0.0,3,3,3,3,full_6d,4278604885,,,nan,,False,,628.783398129046,0.00027124940727143537,0.00027124940727143537,5.924488616894236e-06,0.0001936225242772715,2.0090406968832968e-13,0.28491617970486427,False,direct_vp,global_exact_spherical_vp,main_single_proposed,True,81b559ec4e2a801a,adaptive_jones,cupy,True,0,cupy,cupy.linalg.solve,fixed_pol_anchor,True,fixed_anchor_then_adaptive_jones_score_selection,fixed_pol_anchor,1.7028197891560657,54.02403291855401,19.423603527045355,0.0,True,3,4,3096725.458075429,3241615.4540299973,"[1.7028197891560657,2.543957873425979,54.02403291855401]","[0.5872612042486933,0.3930882702278179,0.01851028044229064]","[9.213527327915915e-08,1.827682881075779e-08,1.1890806779672045e-08]",direct_vp,[],3096803.17141498,3096560,True,4356675.780880333,110.50823066470167,11.380356260130387,0.06618790357244465,"[4.945410496052931,4.9728275357108735,4.820735479797531]",141.6952849328518,528.362734362483,671.4322374984622,nan,nan,nan,nan,False,,nan,,,nan,nan,nan,,,,,,,,0.00027124940727143537,5.924488616894236e-06,0.28491617970486427,nan,nan,nan,False,not_run,not_requested
fig1,PEB,41,4278604885,0.0,snr_db,0.0,3,3,3,3,full_6d,4278604885,,,nan,,False,,5.012894921004772,nan,nan,nan,nan,nan,nan,False,,,peb_only,False,b8bfeeda23ecc8f6,,,,,,,adaptive_jones,True,fixed_anchor_then_adaptive_jones_score_selection,,nan,nan,nan,nan,True,,,nan,nan,,,,,[],nan,,,nan,nan,nan,nan,,nan,nan,nan,0.0004847722095366083,nan,nan,0.0004847722095366083,False,3ffbd47003275298d380fa4fdbe537af868b54f1a66ff07176dee6a601458b33,0.28489527917999663,computed_unscaled,cpu,nan,nan,nan,,,,,,,,nan,nan,nan,nan,nan,nan,False,,
fig1,adaptive_jones_vp_proposed,49,3038295588,0.0,snr_db,0.0,3,3,3,3,full_6d,3038295588,,,nan,,False,,551.1279173716903,0.0002670425742126909,0.0002670425742126909,1.0413947264042952e-05,4.3131310852072216e-05,1.5972228162591887e-12,0.5803357772088602,False,direct_vp,global_exact_spherical_vp,main_single_proposed,True,7c40bfa4496d8b62,adaptive_jones,cupy,True,0,cupy,cupy.linalg.solve,fixed_pol_anchor,True,fixed_anchor_then_adaptive_jones_score_selection,fixed_pol_anchor,1.6825265221665358,36.47645807900868,13.589352295760415,0.0,True,3,4,3096725.458075429,3131232.0052309637,"[2.609072286106037,36.47645807900868,1.6825265221665358]","[0.38327799705766735,0.027414942475980128,0.5943442714416468]","[8.520889403340585e-07,3.6599904877554402e-09,1.0455037389539044e-06]",direct_vp,[],3099200.7357331794,3096560,True,8745281.423348848,78.3209576016087,14.50893235298891,0.08123865910349275,"[5.079859513720259,5.253821943771893,5.083165502447615]",129.43598655611277,545.918335326016,676.6452350094914,nan,nan,nan,nan,False,,nan,,,nan,nan,nan,,,,,,,,0.0002670425742126909,1.0413947264042952e-05,0.5803357772088602,nan,nan,nan,False,not_run,not_requested
fig1,PEB,49,3038295588,0.0,snr_db,0.0,3,3,3,3,full_6d,3038295588,,,nan,,False,,4.9131472408771515,nan,nan,nan,nan,nan,nan,False,,,peb_only,False,04328dffc2628ccb,,,,,,,adaptive_jones,True,fixed_anchor_then_adaptive_jones_score_selection,,nan,nan,nan,nan,True,,,nan,nan,,,,,[],nan,,,nan,nan,nan,nan,,nan,nan,nan,0.0003293469987989311,nan,nan,0.0003293469987989311,False,acf4e48940052036015f088be14d19342fd02a5a04e03acf4cbab7169512ba81,0.579844286601582,computed_unscaled,cpu,nan,nan,nan,,,,,,,,nan,nan,nan,nan,nan,nan,False,,
fig1,adaptive_jones_vp_proposed,85,2249164774,0.0,snr_db,0.0,3,3,3,3,full_6d,2249164774,,,nan,,False,,65.78848490864038,0.0001984466945859495,0.0001984466945859495,5.333649524515509e-06,3.21418131596611e-05,7.058497709640984e-14,0.25732168021103186,False,direct_vp,global_exact_spherical_vp,main_single_proposed,True,3c03936988aa05b4,adaptive_jones,cupy,True,0,cupy,cupy.linalg.solve,fixed_pol_anchor,True,fixed_anchor_then_adaptive_jones_score_selection,fixed_pol_anchor,2.306230959458606,4.886189924901661,3.3271773132618825,0.0,True,3,4,3096725.458075429,3099542.920867148,"[4.886189924901661,2.78911105542538,2.306230959458606]","[0.20465843844889833,0.358537175510459,0.4336079159358985]","[2.3352411219990221e-07,5.502921190021674e-08,4.954152185151225e-07]",direct_vp,[],3096524.326717373,3096560,True,8155068.421990408,66.64555516692836,18.50447589477094,0.035003193504995166,"[4.9640631882131405,5.006020660015509,5.049796722546037]",132.22872243076563,58.66358361393213,192.03789188712835,nan,nan,nan,nan,False,,nan,,,nan,nan,nan,,,,,,,,0.0001984466945859495,5.333649524515509e-06,0.25732168021103186,nan,nan,nan,False,not_run,not_requested
fig1,PEB,85,2249164774,0.0,snr_db,0.0,3,3,3,3,full_6d,2249164774,,,nan,,False,,5.358226887881756,nan,nan,nan,nan,nan,nan,False,,,peb_only,False,9526f7c2fb849fcf,,,,,,,adaptive_jones,True,fixed_anchor_then_adaptive_jones_score_selection,,nan,nan,nan,nan,True,,,nan,nan,,,,,[],nan,,,nan,nan,nan,nan,,nan,nan,nan,0.0003573352327246397,nan,nan,0.0003573352327246397,False,d2813a00a2d0760dea2dc8be475dff9a47f414a15a39f0f8b76a2c0e1d6af5ec,0.2573259742693064,computed_unscaled,cpu,nan,nan,nan,,,,,,,,nan,nan,nan,nan,nan,nan,False,,
fig1,adaptive_jones_vp_proposed,87,3576217426,0.0,snr_db,0.0,3,3,3,3,full_6d,3576217426,,,nan,,False,,52.4211795181036,0.000222320030830223,0.000222320030830223,5.332189582650251e-06,0.00016931234115466384,4.692901424372939e-13,0.06620725469706608,False,direct_vp,global_exact_spherical_vp,main_single_proposed,True,e14603a005436cbe,adaptive_jones,cupy,True,0,cupy,cupy.linalg.solve,fixed_pol_anchor,True,fixed_anchor_then_adaptive_jones_score_selection,fixed_pol_anchor,1.634478889754557,11.745373362637025,5.549652453880878,0.0,True,3,4,3096725.458075429,3147703.4080587365,"[1.634478889754557,3.269105109251051,11.745373362637025]","[0.6118157941755561,0.305894110644191,0.08513990735869963]","[4.633415817724719e-07,1.0404645161381696e-07,1.8753166064598656e-08]",direct_vp,[],3094137.5529459384,3096560,True,4581916.94156376,103.98516485611263,14.69119311251066,0.09842815533095578,"[4.988298267902744,5.00273026226856,4.7870910272202085]",133.4633204191923,46.341700471937656,181.05864834040403,nan,nan,nan,nan,False,,nan,,,nan,nan,nan,,,,,,,,0.000222320030830223,5.332189582650251e-06,0.06620725469706608,nan,nan,nan,False,not_run,not_requested
fig1,PEB,87,3576217426,0.0,snr_db,0.0,3,3,3,3,full_6d,3576217426,,,nan,,False,,5.135196313261986,nan,nan,nan,nan,nan,nan,False,,,peb_only,False,436efba7c57be423,,,,,,,adaptive_jones,True,fixed_anchor_then_adaptive_jones_score_selection,,nan,nan,nan,nan,True,,,nan,nan,,,,,[],nan,,,nan,nan,nan,nan,,nan,nan,nan,0.00047465667901669715,nan,nan,0.00047465667901669715,False,66c908d686e5b626f41743ba5f1b64294d5b4f17110f5310f3926b121f412ca0,0.06625943171971327,computed_unscaled,cpu,nan,nan,nan,,,,,,,,nan,nan,nan,nan,nan,nan,False,,
fig1,adaptive_jones_vp_proposed,86,2710333116,0.0,snr_db,0.0,3,3,3,3,full_6d,2710333116,,,nan,,False,,67.8195990845561,0.0003220997862030083,0.0003220997862030083,4.273782727742743e-06,5.7143108836532416e-05,1.973291665014679e-12,0.16808639455094107,False,direct_vp,global_exact_spherical_vp,main_single_proposed,True,62bbe72024d4f3be,adaptive_jones,cupy,True,0,cupy,cupy.linalg.solve,fixed_pol_anchor,True,fixed_anchor_then_adaptive_jones_score_selection,fixed_pol_anchor,1.2967567266856215,20.500642022400243,9.14358425567293,0.0,True,3,4,3096725.458075429,3096795.2358188396,"[1.2967567266856215,20.500642022400243,5.633354017932927]","[0.771154665651592,0.04877896013631373,0.17751414109800637]","[2.5666274279254445e-07,1.7000391439255576e-08,2.278213452541683e-07]",direct_vp,[],3094679.7303323164,3096560,True,5392259.644119797,112.76044821475315,17.09769632316551,0.08178957658449458,"[5.092086349130845,5.20187078841631,5.00184607951462]",138.2307709082961,61.315629191696644,200.75214601308107,nan,nan,nan,nan,False,,nan,,,nan,nan,nan,,,,,,,,0.0003220997862030083,4.273782727742743e-06,0.16808639455094107,nan,nan,nan,False,not_run,not_requested
fig1,PEB,86,2710333116,0.0,snr_db,0.0,3,3,3,3,full_6d,2710333116,,,nan,,False,,5.398618079721928,nan,nan,nan,nan,nan,nan,False,,,peb_only,False,a7fac3bedfae4393,,,,,,,adaptive_jones,True,fixed_anchor_then_adaptive_jones_score_selection,,nan,nan,nan,nan,True,,,nan,nan,,,,,[],nan,,,nan,nan,nan,nan,,nan,nan,nan,0.0004487762613549425,nan,nan,0.0004487762613549425,False,3a54fb3766786593be45a3a051de7709f83ecc3b2e8854a667fc53103d577f6b,0.16818938974246708,computed_unscaled,cpu,nan,nan,nan,,,,,,,,nan,nan,nan,nan,nan,nan,False,,
fig1,adaptive_jones_vp_proposed,88,2932252539,0.0,snr_db,0.0,3,3,3,3,full_6d,2932252539,,,nan,,False,,59.59007142484188,0.0005507017833115679,0.0005507017833115679,5.796919859056554e-06,0.00010143381726767643,2.0504677150542124e-14,0.3913972373763151,False,direct_vp,global_exact_spherical_vp,main_single_proposed,True,954d3131f177f68b,adaptive_jones,cupy,True,0,cupy,cupy.linalg.solve,fixed_pol_anchor,True,fixed_anchor_then_adaptive_jones_score_selection,fixed_pol_anchor,1.9801085630913213,5.6528211719159565,3.590729635389325,0.0,True,3,4,3096725.458075429,3098573.2532271575,"[3.1392591711606994,5.6528211719159565,1.9801085630913213]","[0.3185464931291812,0.17690281889023726,0.5050228147273057]","[6.375170517615473e-07,2.565408714616392e-08,4.773728206125024e-07]",direct_vp,[],3097638.0505289803,3096560,True,8513929.164245784,71.2515198012958,16.79154977599668,0.04921616703728789,"[5.098514958879369,5.02447411000375,4.979102153339765]",134.61984571814537,53.413524106144905,189.36957129836082,nan,nan,nan,nan,False,,nan,,,nan,nan,nan,,,,,,,,0.0005507017833115679,5.796919859056554e-06,0.3913972373763151,nan,nan,nan,False,not_run,not_requested
fig1,PEB,88,2932252539,0.0,snr_db,0.0,3,3,3,3,full_6d,2932252539,,,nan,,False,,4.879154086112976,nan,nan,nan,nan,nan,nan,False,,,peb_only,False,e5c704d3527eae69,,,,,,,adaptive_jones,True,fixed_anchor_then_adaptive_jones_score_selection,,nan,nan,nan,nan,True,,,nan,nan,,,,,[],nan,,,nan,nan,nan,nan,,nan,nan,nan,0.0003459070588788567,nan,nan,0.0003459070588788567,False,026935debd21c4cd81fb47190ca8eeaf89621d3b1a455ec08b231cab8f8cd44e,0.39126304363378733,computed_unscaled,cpu,nan,nan,nan,,,,,,,,nan,nan,nan,nan,nan,nan,False,,
fig1,adaptive_jones_vp_proposed,54,1185050677,0.0,snr_db,0.0,3,3,3,3,full_6d,1185050677,,,nan,,False,,507.4712179005146,0.00037814512967119287,0.00037814512967119287,4.526010594542091e-06,0.0002940479737367995,1.6222192685817447e-13,0.2756840452294439,False,direct_vp,global_exact_spherical_vp,main_single_proposed,True,727e6b0a366f9879,adaptive_jones,cupy,True,0,cupy,cupy.linalg.solve,fixed_pol_anchor,True,fixed_anchor_then_adaptive_jones_score_selection,fixed_pol_anchor,1.2656082320018465,17.886852268326226,8.554154264785753,0.0,True,3,4,3096725.458075429,3311133.297146927,"[17.886852268326226,6.510002294029187,1.2656082320018465]","[0.05590698603537406,0.15360977689833769,0.7901339251065139]","[7.95365837551688e-08,1.1894615070322627e-08,8.098125108036881e-07]",direct_vp,[],3094593.7583439033,3096560,True,7690580.767309834,87.26407313544136,10.92112828391401,0.056904488883410514,"[4.935457346735665,4.800009521545704,4.896228325548659]",144.47082693129778,500.82669864594936,646.6311572417617,nan,nan,nan,nan,False,,nan,,,nan,nan,nan,,,,,,,,0.00037814512967119287,4.526010594542091e-06,0.2756840452294439,nan,nan,nan,False,not_run,not_requested
fig1,PEB,54,1185050677,0.0,snr_db,0.0,3,3,3,3,full_6d,1185050677,,,nan,,False,,4.966590113937855,nan,nan,nan,nan,nan,nan,False,,,peb_only,False,731ce219711023a1,,,,,,,adaptive_jones,True,fixed_anchor_then_adaptive_jones_score_selection,,nan,nan,nan,nan,True,,,nan,nan,,,,,[],nan,,,nan,nan,nan,nan,,nan,nan,nan,0.00033731079222114026,nan,nan,0.00033731079222114026,False,115a7d3f95ba8b9ea29c0754c333293a0d2bf13a03dc583bd9fdf4cc7c014143,0.27586063461113625,computed_unscaled,cpu,nan,nan,nan,,,,,,,,nan,nan,nan,nan,nan,nan,False,,
fig1,adaptive_jones_vp_proposed,89,850792180,0.0,snr_db,0.0,3,3,3,3,full_6d,850792180,,,nan,,False,,64.70807510614395,0.00041341615554638626,0.00041341615554638626,6.290338194886132e-06,0.00019433001998694105,5.835337303317265e-13,0.78911542471754,False,direct_vp,global_exact_spherical_vp,main_single_proposed,True,c9086b75bc9125ff,adaptive_jones,cupy,True,0,cupy,cupy.linalg.solve,fixed_pol_anchor,True,fixed_anchor_then_adaptive_jones_score_selection,fixed_pol_anchor,1.6813408365067615,7.046073124781722,4.163845278335004,0.0,True,3,4,3096725.458075429,3102790.5466169873,"[7.046073124781722,1.6813408365067615,3.7641218737165283]","[0.14192302326183034,0.5947634044718554,0.26566621207959984]","[2.8654600191681583e-08,1.7304399406871367e-07,1.2782625703575323e-06]",direct_vp,[],3098301.4993602787,3096560,True,7141254.47845764,67.08967384668313,21.459501867330047,0.01435378501389843,"[5.035259928628221,5.0546166609320045,5.0195192500517365]",143.9105294495821,59.33615920692682,204.4286708533764,nan,nan,nan,nan,False,,nan,,,nan,nan,nan,,,,,,,,0.00041341615554638626,6.290338194886132e-06,0.78911542471754,nan,nan,nan,False,not_run,not_requested
fig1,PEB,89,850792180,0.0,snr_db,0.0,3,3,3,3,full_6d,850792180,,,nan,,False,,4.859048418700695,nan,nan,nan,nan,nan,nan,False,,,peb_only,False,e1c668c365a5eb0b,,,,,,,adaptive_jones,True,fixed_anchor_then_adaptive_jones_score_selection,,nan,nan,nan,nan,True,,,nan,nan,,,,,[],nan,,,nan,nan,nan,nan,,nan,nan,nan,0.0003858417222694729,nan,nan,0.0003858417222694729,False,2d81d18bd4ebd93cb30153245eac7dedb296bdb9883caf62dadd0506edd2daa4,0.7886759522643855,computed_unscaled,cpu,nan,nan,nan,,,,,,,,nan,nan,nan,nan,nan,nan,False,,
fig1,adaptive_jones_vp_proposed,91,3347136468,0.0,snr_db,0.0,3,3,3,3,full_6d,3347136468,,,nan,,False,,63.592152528464794,0.0001655825393139251,0.0001655825393139251,4.922604831178445e-06,0.00014730601610584348,1.5225003929163196e-13,0.24663673108795325,False,direct_vp,global_exact_spherical_vp,main_single_proposed,True,d02a2ac6afce3f34,adaptive_jones,cupy,True,0,cupy,cupy.linalg.solve,fixed_pol_anchor,True,fixed_anchor_then_adaptive_jones_score_selection,fixed_pol_anchor,1.168456615600005,24.21058110732607,11.744838551073947,0.0,True,3,4,3096725.458075429,3120113.708942361,"[9.855477930295763,24.21058110732607,1.168456615600005]","[0.1014664136090389,0.041304254348244106,0.8558298071557663]","[6.737584271110775e-08,2.1311249151203926e-08,1.654292971107619e-06]",direct_vp,"[""poor_clock_consistency""]",3098743.3462942676,3096560,True,6857051.777845899,113.2582564812323,12.812287791947206,0.1877490174498031,"[4.735808939202565,5.150385723962465,5.11548697205942]",139.9958329871297,57.17022557556629,198.44400487840176,nan,nan,nan,nan,False,,nan,,,nan,nan,nan,,,,,,,,0.0001655825393139251,4.922604831178445e-06,0.24663673108795325,nan,nan,nan,False,not_run,not_requested
fig1,PEB,91,3347136468,0.0,snr_db,0.0,3,3,3,3,full_6d,3347136468,,,nan,,False,,4.954933114349842,nan,nan,nan,nan,nan,nan,False,,,peb_only,False,1d1b16ac1f0157ca,,,,,,,adaptive_jones,True,fixed_anchor_then_adaptive_jones_score_selection,,nan,nan,nan,nan,True,,,nan,nan,,,,,[],nan,,,nan,nan,nan,nan,,nan,nan,nan,0.0003416416719734027,nan,nan,0.0003416416719734027,False,64607f16edc43d908c3fdfcf5a1ab43160e4a3b90bfd0c732196f2f9ce351b74,0.2464642265771189,computed_unscaled,cpu,nan,nan,nan,,,,,,,,nan,nan,nan,nan,nan,nan,False,,
fig1,adaptive_jones_vp_proposed,90,4175219143,0.0,snr_db,0.0,3,3,3,3,full_6d,4175219143,,,nan,,False,,56.15469665080309,4.72192946702356e-05,4.72192946702356e-05,3.852267032542192e-06,3.462158887086583e-05,1.5480424960483189e-12,0.09024442797832538,False,direct_vp,global_exact_spherical_vp,main_single_proposed,True,ede5569157579809,adaptive_jones,cupy,True,0,cupy,cupy.linalg.solve,fixed_pol_anchor,True,fixed_anchor_then_adaptive_jones_score_selection,fixed_pol_anchor,1.6004847804229878,22.353557358975234,8.987659139278444,0.0,True,3,4,3096725.458075429,3099244.429874688,"[3.0089352784371086,1.6004847804229878,22.353557358975234]","[0.3323434728434597,0.6248106900048823,0.04473560891980953]","[6.22025746003175e-07,2.842159482270798e-08,2.523128213852387e-07]",direct_vp,[],3092814.259394595,3096560,True,5029238.030437531,99.89897932607826,13.36935527200091,0.08102349172245342,"[4.967012977692115,4.956529254570989,5.13340793214485]",150.41305224597454,49.907885901629925,201.59956417232752,nan,nan,nan,nan,False,,nan,,,nan,nan,nan,,,,,,,,4.72192946702356e-05,3.852267032542192e-06,0.09024442797832538,nan,nan,nan,False,not_run,not_requested
fig1,PEB,90,4175219143,0.0,snr_db,0.0,3,3,3,3,full_6d,4175219143,,,nan,,False,,4.6140782088041306,nan,nan,nan,nan,nan,nan,False,,,peb_only,False,9fca9e0c17238114,,,,,,,adaptive_jones,True,fixed_anchor_then_adaptive_jones_score_selection,,nan,nan,nan,nan,True,,,nan,nan,,,,,[],nan,,,nan,nan,nan,nan,,nan,nan,nan,0.0004515768544716856,nan,nan,0.0004515768544716856,False,6333c10944794ce04d692bf5cb56023e51f4bf1ac8d7f2df89dad974bd0e5c09,0.09035419083527886,computed_unscaled,cpu,nan,nan,nan,,,,,,,,nan,nan,nan,nan,nan,nan,False,,
fig1,adaptive_jones_vp_proposed,50,3229661427,0.0,snr_db,0.0,3,3,3,3,full_6d,3229661427,,,nan,,False,,611.3917254880071,0.0005236365084462666,0.0005236365084462666,6.380656209939719e-06,0.00011475405942115264,3.056768573048953e-12,0.4885456170146398,False,direct_vp,global_exact_spherical_vp,main_single_proposed,True,344a4fa3c4215cc0,adaptive_jones,cupy,True,0,cupy,cupy.linalg.solve,fixed_pol_anchor,True,fixed_anchor_then_adaptive_jones_score_selection,fixed_pol_anchor,1.2521270041421229,12.687653083382738,7.316776390451158,0.0,True,3,4,3096725.458075429,3630820.875353898,"[1.2521270041421229,8.010549083828614,12.687653083382738]","[0.7986410297762756,0.12483538762789066,0.07881678301064453]","[2.3088335598500025e-07,3.0254768402253876e-08,9.640960143157395e-08]",direct_vp,[],3095812.3259507366,3096560,True,4260285.360616275,123.90677128060265,13.740176968972055,0.09172400537604382,"[4.953793524220571,5.0456533948565605,5.177293565004167]",125.10161165893078,520.6927049681544,646.9650035202503,nan,nan,nan,nan,False,,nan,,,nan,nan,nan,,,,,,,,0.0005236365084462666,6.380656209939719e-06,0.4885456170146398,nan,nan,nan,False,not_run,not_requested
fig1,PEB,50,3229661427,0.0,snr_db,0.0,3,3,3,3,full_6d,3229661427,,,nan,,False,,5.2671448811888695,nan,nan,nan,nan,nan,nan,False,,,peb_only,False,d086d6806595b1a2,,,,,,,adaptive_jones,True,fixed_anchor_then_adaptive_jones_score_selection,,nan,nan,nan,nan,True,,,nan,nan,,,,,[],nan,,,nan,nan,nan,nan,,nan,nan,nan,0.0004961712610985548,nan,nan,0.0004961712610985548,False,1942487101149f69652abec158449acd8ba5e0555a4e067cb0f025310bb6ac8a,0.4886661312998463,computed_unscaled,cpu,nan,nan,nan,,,,,,,,nan,nan,nan,nan,nan,nan,False,,
fig1,adaptive_jones_vp_proposed,92,971995857,0.0,snr_db,0.0,3,3,3,3,full_6d,971995857,,,nan,,False,,62.3552780225873,7.086140995329062e-05,7.086140995329062e-05,1.8076607150232049e-06,1.914034389543269e-05,1.772962279936988e-13,0.5369682930918502,False,direct_vp,global_exact_spherical_vp,main_single_proposed,True,fb73d8144701763f,adaptive_jones,cupy,True,0,cupy,cupy.linalg.solve,fixed_pol_anchor,True,fixed_anchor_then_adaptive_jones_score_selection,fixed_pol_anchor,1.4002974337054603,28.847558960642193,11.404599219210217,0.0,True,3,4,3096725.458075429,3099355.847796701,"[28.847558960642193,3.965941263283,1.4002974337054603]","[0.03466497811254984,0.2521469516591468,0.7141339946274161]","[1.2142859948637568e-07,7.126981393478762e-08,1.7913649201132273e-06]",direct_vp,"[""poor_clock_consistency""]",3097912.8704146836,3096560,True,8319399.325150762,80.1975672075668,12.639718626211959,0.16858636080477363,"[4.665938468276216,4.977997475415124,5.056191170461642]",147.66078500449657,56.03963215649128,204.79648246616125,nan,nan,nan,nan,False,,nan,,,nan,nan,nan,,,,,,,,7.086140995329062e-05,1.8076607150232049e-06,0.5369682930918502,nan,nan,nan,False,not_run,not_requested
fig1,PEB,92,971995857,0.0,snr_db,0.0,3,3,3,3,full_6d,971995857,,,nan,,False,,4.8275831416249275,nan,nan,nan,nan,nan,nan,False,,,peb_only,False,c704973987ba3572,,,,,,,adaptive_jones,True,fixed_anchor_then_adaptive_jones_score_selection,,nan,nan,nan,nan,True,,,nan,nan,,,,,[],nan,,,nan,nan,nan,nan,,nan,nan,nan,0.00031892813233445265,nan,nan,0.00031892813233445265,False,414dc620a83beefed3505e1c54ca50570728cbcfef97d68ab55ee64715d67776,0.5367365702982516,computed_unscaled,cpu,nan,nan,nan,,,,,,,,nan,nan,nan,nan,nan,nan,False,,
fig1,adaptive_jones_vp_proposed,94,3608384463,0.0,snr_db,0.0,3,3,3,3,full_6d,3608384463,,,nan,,False,,60.91042096912861,0.00014801968302082097,0.00014801968302082097,7.584090074204617e-06,2.823574889090609e-05,7.967086465112092e-13,0.46792747416858405,False,direct_vp,global_exact_spherical_vp,main_single_proposed,True,4b3f076edc487d49,adaptive_jones,cupy,True,0,cupy,cupy.linalg.solve,fixed_pol_anchor,True,fixed_anchor_then_adaptive_jones_score_selection,fixed_pol_anchor,1.3506028329959732,15.219280181208644,7.242294396180026,0.0,True,3,4,3096725.458075429,3104288.061604125,"[5.157000174335463,1.3506028329959732,15.219280181208644]","[0.1939111821193033,0.740410115815025,0.0657061298614824]","[3.5098431636357243e-06,4.625442001854407e-08,5.9277134944191284e-08]",direct_vp,[],3098716.7665814916,3096560,True,5741422.277606547,101.79503946429269,11.959475964810549,0.05442890539111493,"[5.120462845166091,5.04275738267852,5.175432668055263]",152.59589347988367,54.36833995580673,208.24403303861618,nan,nan,nan,nan,False,,nan,,,nan,nan,nan,,,,,,,,0.00014801968302082097,7.584090074204617e-06,0.46792747416858405,nan,nan,nan,False,not_run,not_requested
fig1,PEB,94,3608384463,0.0,snr_db,0.0,3,3,3,3,full_6d,3608384463,,,nan,,False,,5.101735733449459,nan,nan,nan,nan,nan,nan,False,,,peb_only,False,abca908ee9d83a26,,,,,,,adaptive_jones,True,fixed_anchor_then_adaptive_jones_score_selection,,nan,nan,nan,nan,True,,,nan,nan,,,,,[],nan,,,nan,nan,nan,nan,,nan,nan,nan,0.00042618828225929193,nan,nan,0.00042618828225929193,False,ef18bf3cff118d7dc1efd356b9a296459495c6f9c6bb71ac5354d9f7a0cabc56,0.4676042037393325,computed_unscaled,cpu,nan,nan,nan,,,,,,,,nan,nan,nan,nan,nan,nan,False,,
fig1,adaptive_jones_vp_proposed,95,1902842209,0.0,snr_db,0.0,3,3,3,3,full_6d,1902842209,,,nan,,False,,59.18122483789921,0.0004202575233722645,0.0004202575233722645,7.072957535060816e-06,0.00023780291559132448,1.3690447785363075e-12,0.28299637727495713,False,direct_vp,global_exact_spherical_vp,main_single_proposed,True,a88e1e5dd01562f7,adaptive_jones,cupy,True,0,cupy,cupy.linalg.solve,fixed_pol_anchor,True,fixed_anchor_then_adaptive_jones_score_selection,fixed_pol_anchor,1.2369430255801457,51.3115881147508,19.439942300125008,0.0,True,3,4,3096725.458075429,3114873.658121848,"[51.3115881147508,5.7712957600440795,1.2369430255801457]","[0.019488775083560773,0.17327131402924167,0.8084446731325782]","[1.394931265096188e-07,8.845390121192212e-08,6.440535616749578e-07]",direct_vp,"[""poor_clock_consistency""]",3094777.024167012,3096560,True,7087552.862435301,97.66662229045278,8.771802299156647,0.100196060600932,"[4.9144867759781325,5.159667261883096,5.046643863672199]",154.3534993827343,52.72305416315794,208.16330230981112,nan,nan,nan,nan,False,,nan,,,nan,nan,nan,,,,,,,,0.0004202575233722645,7.072957535060816e-06,0.28299637727495713,nan,nan,nan,False,not_run,not_requested
fig1,PEB,95,1902842209,0.0,snr_db,0.0,3,3,3,3,full_6d,1902842209,,,nan,,False,,5.19804198294878,nan,nan,nan,nan,nan,nan,False,,,peb_only,False,021fa0fd6d128a36,,,,,,,adaptive_jones,True,fixed_anchor_then_adaptive_jones_score_selection,,nan,nan,nan,nan,True,,,nan,nan,,,,,[],nan,,,nan,nan,nan,nan,,nan,nan,nan,0.00032902400615081534,nan,nan,0.00032902400615081534,False,76a18cb09eabd2843f7f18de70d1414c840c1b810997a8411f8aedb26f349b2f,0.28316088141841084,computed_unscaled,cpu,nan,nan,nan,,,,,,,,nan,nan,nan,nan,nan,nan,False,,
fig1,adaptive_jones_vp_proposed,1,112311654,5.0,snr_db,5.0,3,3,3,3,full_6d,112311654,,,nan,,False,,61.89255679398775,7.209435947063068e-05,7.209435947063068e-05,2.803107398320065e-06,5.6525986309962514e-05,3.3047506532160753e-13,0.09607540649086566,False,direct_vp,global_exact_spherical_vp,main_single_proposed,True,c0575d2b789ec32b,adaptive_jones,cupy,True,0,cupy,cupy.linalg.solve,fixed_pol_anchor,True,fixed_anchor_then_adaptive_jones_score_selection,fixed_pol_anchor,0.3813220463857824,12.680730227419879,5.076638382872287,0.0,True,3,4,3096725.458075429,3204615.5166888144,"[2.1678628748111985,0.3813220463857824,12.680730227419879]","[0.4612837885721546,2.6224552434818356,0.07885981186043944]","[6.188342968605113e-09,1.7689663032919259e-07,5.634069541549992e-10]",direct_vp,[],3096430.073600633,3096560,True,16159746.112848414,98.52139866871858,14.839828088768984,0.09169322389580829,"[4.998360640459441,4.997619841535197,4.803480597790237]",143.70561193674803,55.20824223011732,200.13018763065338,nan,nan,nan,nan,False,,nan,,,nan,nan,nan,,,,,,,,7.209435947063068e-05,2.803107398320065e-06,0.09607540649086566,nan,nan,nan,False,not_run,not_requested
fig1,PEB,1,112311654,5.0,snr_db,5.0,3,3,3,3,full_6d,112311654,,,nan,,False,,5.414658948779106,nan,nan,nan,nan,nan,nan,False,,,peb_only,False,3e78a7a58bfa59ba,,,,,,,adaptive_jones,True,fixed_anchor_then_adaptive_jones_score_selection,,nan,nan,nan,nan,True,,,nan,nan,,,,,[],nan,,,nan,nan,nan,nan,,nan,nan,nan,0.00025546308279901893,nan,nan,0.00025546308279901893,False,e3b48bd20620d3b9b8ef02e72c1473ee968de0b883c8a7b45706956b70dd2349,0.09607993426569139,computed_unscaled,cpu,nan,nan,nan,,,,,,,,nan,nan,nan,nan,nan,nan,False,,
fig1,adaptive_jones_vp_proposed,0,3147786918,5.0,snr_db,5.0,3,3,3,3,full_6d,3147786918,,,nan,,False,,62.58878357708454,0.00020934318958220922,0.00020934318958220922,8.202781859431354e-07,3.2226611206992834e-05,1.7663501397596867e-13,0.12532463389259155,False,direct_vp,global_exact_spherical_vp,main_single_proposed,True,f77beb548788dc71,adaptive_jones,cupy,True,0,cupy,cupy.linalg.solve,fixed_pol_anchor,True,fixed_anchor_then_adaptive_jones_score_selection,fixed_pol_anchor,0.5914662974917432,2.30478208064028,1.2842974398951494,0.0,True,3,4,3096725.458075429,3104194.6736118607,"[2.30478208064028,0.5914662974917432,0.9566439415534254]","[0.4338804993311516,1.6907134087608235,1.0453209982966234]","[1.1024277870335287e-07,7.265142143305958e-08,5.620944788638424e-07]",direct_vp,[],3095469.817463591,3096560,True,26021737.469234243,69.79196371974771,32.03435752724904,0.013779392709908002,"[5.00131904616516,4.967566968811174,4.984300034552614]",144.87768126279116,55.75026189535856,201.80151538550854,nan,nan,nan,nan,False,,nan,,,nan,nan,nan,,,,,,,,0.00020934318958220922,8.202781859431354e-07,0.12532463389259155,nan,nan,nan,False,not_run,not_requested
fig1,PEB,0,3147786918,5.0,snr_db,5.0,3,3,3,3,full_6d,3147786918,,,nan,,False,,5.250493690371513,nan,nan,nan,nan,nan,nan,False,,,peb_only,False,31ad06749da7635e,,,,,,,adaptive_jones,True,fixed_anchor_then_adaptive_jones_score_selection,,nan,nan,nan,nan,True,,,nan,nan,,,,,[],nan,,,nan,nan,nan,nan,,nan,nan,nan,0.00020082404726448643,nan,nan,0.00020082404726448643,False,7c738a48c71d396c30709f16037cef480e872ff8eba0c095999cea8980974cb0,0.12536941931437523,computed_unscaled,cpu,nan,nan,nan,,,,,,,,nan,nan,nan,nan,nan,nan,False,,
fig1,adaptive_jones_vp_proposed,3,3422926171,5.0,snr_db,5.0,3,3,3,3,full_6d,3422926171,,,nan,,False,,61.801724560558796,0.0002897616836986884,0.0002897616836986884,3.6123027468982375e-06,0.0001340407984593304,7.116156099315209e-13,0.08795708669945805,False,direct_vp,global_exact_spherical_vp,main_single_proposed,True,de58cc5541154d6c,adaptive_jones,cupy,True,0,cupy,cupy.linalg.solve,fixed_pol_anchor,True,fixed_anchor_then_adaptive_jones_score_selection,fixed_pol_anchor,0.6666217095787584,2.767785938665386,1.4008888053436228,0.0,True,3,4,3096725.458075429,3096770.334892971,"[2.767785938665386,0.7682587677867242,0.6666217095787584]","[0.36129961715154457,1.3016447607622241,1.5001011602686]","[1.958324099262816e-07,4.7928945272718627e-08,1.4694363981805082e-07]",direct_vp,[],3097490.0766403335,3096560,True,27061120.273914177,79.29070742447085,31.471847958368244,0.03685338793961184,"[4.962360235654596,4.962082504013351,5.040398841401398]",132.71553038060665,54.97826633602381,188.8441650569439,nan,nan,nan,nan,False,,nan,,,nan,nan,nan,,,,,,,,0.0002897616836986884,3.6123027468982375e-06,0.08795708669945805,nan,nan,nan,False,not_run,not_requested
fig1,PEB,3,3422926171,5.0,snr_db,5.0,3,3,3,3,full_6d,3422926171,,,nan,,False,,5.463362954556942,nan,nan,nan,nan,nan,nan,False,,,peb_only,False,1bbe3c9ed82be057,,,,,,,adaptive_jones,True,fixed_anchor_then_adaptive_jones_score_selection,,nan,nan,nan,nan,True,,,nan,nan,,,,,[],nan,,,nan,nan,nan,nan,,nan,nan,nan,0.0001943889350184992,nan,nan,0.0001943889350184992,False,36031d2b9c9618797e3e0dd10eb5c7dda8abc129f14c8c8dd5b717980768d13b,0.08793113035534897,computed_unscaled,cpu,nan,nan,nan,,,,,,,,nan,nan,nan,nan,nan,nan,False,,
fig1,adaptive_jones_vp_proposed,2,3251202663,5.0,snr_db,5.0,3,3,3,3,full_6d,3251202663,,,nan,,False,,61.94135434180498,8.367003120274291e-05,8.367003120274291e-05,2.5637162230959254e-06,6.447133552437222e-05,1.1409103231215515e-13,0.07225984225140662,False,direct_vp,global_exact_spherical_vp,main_single_proposed,True,81e890ffa6b8596b,adaptive_jones,cupy,True,0,cupy,cupy.linalg.solve,fixed_pol_anchor,True,fixed_anchor_then_adaptive_jones_score_selection,fixed_pol_anchor,0.6857114806444039,1.937641906476058,1.154836557127625,0.0,True,3,4,3096725.458075429,3096789.5265379837,"[1.937641906476058,0.6857114806444039,0.841156284262413]","[0.516091232676082,1.458339299000149,1.1888397182647592]","[3.1773208026780346e-08,1.4706993427441724e-07,1.509773120511387e-06]",direct_vp,[],3093867.6218992,3096560,True,26664144.372362565,73.86612743280787,39.252474080410636,0.032111669209332935,"[4.9428177430176,5.006124938283799,5.014898634871175]",147.17382846027613,55.08910891413689,203.51797717809677,nan,nan,nan,nan,False,,nan,,,nan,nan,nan,,,,,,,,8.367003120274291e-05,2.5637162230959254e-06,0.07225984225140662,nan,nan,nan,False,not_run,not_requested
fig1,PEB,2,3251202663,5.0,snr_db,5.0,3,3,3,3,full_6d,3251202663,,,nan,,False,,5.3781352415680885,nan,nan,nan,nan,nan,nan,False,,,peb_only,False,0fed681dee043d2c,,,,,,,adaptive_jones,True,fixed_anchor_then_adaptive_jones_score_selection,,nan,nan,nan,nan,True,,,nan,nan,,,,,[],nan,,,nan,nan,nan,nan,,nan,nan,nan,0.00019639380470704915,nan,nan,0.00019639380470704915,False,ba669d51e548d5d57a5c08da45514e8eda76ee1a2847f0b8bc91639b42fa1215,0.07232309866643087,computed_unscaled,cpu,nan,nan,nan,,,,,,,,nan,nan,nan,nan,nan,nan,False,,
fig1,adaptive_jones_vp_proposed,64,1096511241,0.0,snr_db,0.0,3,3,3,3,full_6d,1096511241,,,nan,,False,,556.5243346169591,0.00022574416616765383,0.00022574416616765383,3.250591995223101e-06,3.110133033339451e-05,7.340056609654422e-14,0.16392504159538154,False,direct_vp,global_exact_spherical_vp,main_single_proposed,True,b483e789dd28afb4,adaptive_jones,cupy,True,0,cupy,cupy.linalg.solve,fixed_pol_anchor,True,fixed_anchor_then_adaptive_jones_score_selection,fixed_pol_anchor,2.3152595329865946,4.283470525291118,3.1935206878746754,0.0,True,3,4,3096725.458075429,3362897.832333125,"[2.9818320053463125,4.283470525291118,2.3152595329865946]","[0.3353642989289993,0.2334555576118394,0.4319170208567174]","[2.1460171155655132e-07,1.5909757068815436e-07,1.5639052598614449e-06]",direct_vp,[],3095547.2022645054,3096560,True,8058525.90891805,78.61609487327321,21.24907608118602,0.0077439057838322445,"[4.998832139671465,4.988085335362501,5.006995206532518]",149.56236540526152,550.5117891952395,701.2700487673283,nan,nan,nan,nan,False,,nan,,,nan,nan,nan,,,,,,,,0.00022574416616765383,3.250591995223101e-06,0.16392504159538154,nan,nan,nan,False,not_run,not_requested
fig1,PEB,64,1096511241,0.0,snr_db,0.0,3,3,3,3,full_6d,1096511241,,,nan,,False,,5.096303761005402,nan,nan,nan,nan,nan,nan,False,,,peb_only,False,6fed13c7bed1c32d,,,,,,,adaptive_jones,True,fixed_anchor_then_adaptive_jones_score_selection,,nan,nan,nan,nan,True,,,nan,nan,,,,,[],nan,,,nan,nan,nan,nan,,nan,nan,nan,0.0003564378135269489,nan,nan,0.0003564378135269489,False,e140a9cd0c7a64d7d06d7886e7a75298e3fbf2d3964882a91cad3a1a2e55c6a3,0.1639795216922965,computed_unscaled,cpu,nan,nan,nan,,,,,,,,nan,nan,nan,nan,nan,nan,False,,
fig1,adaptive_jones_vp_proposed,6,1919806993,5.0,snr_db,5.0,3,3,3,3,full_6d,1919806993,,,nan,,False,,63.846232920885086,6.212459110843843e-05,6.212459110843843e-05,7.265370803507937e-07,1.7191609940490654e-05,1.791762289076763e-13,0.13275288912771324,False,direct_vp,global_exact_spherical_vp,main_single_proposed,True,3a34bc60e609a4ee,adaptive_jones,cupy,True,0,cupy,cupy.linalg.solve,fixed_pol_anchor,True,fixed_anchor_then_adaptive_jones_score_selection,fixed_pol_anchor,0.5697287071116894,7.427599490890187,2.927143589223094,0.0,True,3,4,3096725.458075429,3099440.6642052196,"[0.7841025696674051,7.427599490890187,0.5697287071116894]","[1.2753433526220792,0.13463299969513082,1.7552213667958818]","[1.4331664033671885e-06,6.193164931378567e-08,2.3259097607140095e-08]",direct_vp,[],3095354.4692101665,3096560,True,26068212.397586554,72.21016542584108,38.99003482074565,0.042030925511608815,"[5.053211962507351,5.056984259572266,4.965996924300959]",131.1271291896701,57.01179650425911,189.3785558566451,nan,nan,nan,nan,False,,nan,,,nan,nan,nan,,,,,,,,6.212459110843843e-05,7.265370803507937e-07,0.13275288912771324,nan,nan,nan,False,not_run,not_requested
fig1,PEB,6,1919806993,5.0,snr_db,5.0,3,3,3,3,full_6d,1919806993,,,nan,,False,,5.263368986546993,nan,nan,nan,nan,nan,nan,False,,,peb_only,False,404044cc1f13fd16,,,,,,,adaptive_jones,True,fixed_anchor_then_adaptive_jones_score_selection,,nan,nan,nan,nan,True,,,nan,nan,,,,,[],nan,,,nan,nan,nan,nan,,nan,nan,nan,0.00019845421998979928,nan,nan,0.00019845421998979928,False,231b7c2941d5d9c02809f94febabb8d0e1f1d4a2d4bfefa1b397f685379809da,0.13280527787450197,computed_unscaled,cpu,nan,nan,nan,,,,,,,,nan,nan,nan,nan,nan,nan,False,,
fig1,adaptive_jones_vp_proposed,5,2290547997,5.0,snr_db,5.0,3,3,3,3,full_6d,2290547997,,,nan,,False,,60.985430881381035,0.000305622721365662,0.000305622721365662,1.4243205774195605e-06,3.194330382303202e-05,4.713904847989267e-13,0.08625737405689156,False,direct_vp,global_exact_spherical_vp,main_single_proposed,True,c302c61bce8564b7,adaptive_jones,cupy,True,0,cupy,cupy.linalg.solve,fixed_pol_anchor,True,fixed_anchor_then_adaptive_jones_score_selection,fixed_pol_anchor,0.5404136196126417,1.8229509416093694,1.2173211416482423,0.0,True,3,4,3096725.458075429,3112911.190428001,"[1.8229509416093694,0.5404136196126417,1.2885988637227161]","[0.5485611143848663,1.8504344888943414,0.7760366923727894]","[1.4913581563674472e-06,2.2182970315552893e-09,5.380222825352096e-07]",direct_vp,[],3093962.1532143056,3096560,True,22629974.288960077,74.96484867632999,34.025205547800084,0.020229369658719246,"[5.005705310793955,5.012892487632181,5.051758075516584]",142.42979662120342,54.235087268054485,197.85178428143263,nan,nan,nan,nan,False,,nan,,,nan,nan,nan,,,,,,,,0.000305622721365662,1.4243205774195605e-06,0.08625737405689156,nan,nan,nan,False,not_run,not_requested
fig1,PEB,5,2290547997,5.0,snr_db,5.0,3,3,3,3,full_6d,2290547997,,,nan,,False,,5.500904873013496,nan,nan,nan,nan,nan,nan,False,,,peb_only,False,a42fe2593d2471fc,,,,,,,adaptive_jones,True,fixed_anchor_then_adaptive_jones_score_selection,,nan,nan,nan,nan,True,,,nan,nan,,,,,[],nan,,,nan,nan,nan,nan,,nan,nan,nan,0.00021575454328582396,nan,nan,0.00021575454328582396,False,38f1169f92c897947506b479f5ee71ac29695cde812eaf9f2f26b2ce8e8773e4,0.08633024616998021,computed_unscaled,cpu,nan,nan,nan,,,,,,,,nan,nan,nan,nan,nan,nan,False,,
fig1,adaptive_jones_vp_proposed,7,1914929603,5.0,snr_db,5.0,3,3,3,3,full_6d,1914929603,,,nan,,False,,60.52863460034132,0.00023462570940596352,0.00023462570940596352,1.6961704789905553e-06,0.00013075690169925847,1.1416797482443556e-13,0.2325824195914393,False,direct_vp,global_exact_spherical_vp,main_single_proposed,True,f03302d461bee581,adaptive_jones,cupy,True,0,cupy,cupy.linalg.solve,fixed_pol_anchor,True,fixed_anchor_then_adaptive_jones_score_selection,fixed_pol_anchor,0.43267633210721484,4.677967043878229,2.2224535368537786,0.0,True,3,4,3096725.458075429,3097032.608589182,"[4.677967043878229,1.5567172345758922,0.43267633210721484]","[0.21376807288626823,0.6423774194745654,2.3111964436080426]","[1.7775921702561098e-07,6.989621555420453e-08,9.597676677792398e-07]",direct_vp,"[""poor_clock_consistency""]",3093953.006669174,3096560,True,25589592.034333307,85.29585566279317,22.67048243063016,0.11502929144532568,"[4.761404025385106,4.998967467731683,5.011393706119525]",146.00282660871744,54.205294884741306,201.36125942319632,nan,nan,nan,nan,False,,nan,,,nan,nan,nan,,,,,,,,0.00023462570940596352,1.6961704789905553e-06,0.2325824195914393,nan,nan,nan,False,not_run,not_requested
fig1,PEB,7,1914929603,5.0,snr_db,5.0,3,3,3,3,full_6d,1914929603,,,nan,,False,,5.532233640551567,nan,nan,nan,nan,nan,nan,False,,,peb_only,False,c877835322a6e0e2,,,,,,,adaptive_jones,True,fixed_anchor_then_adaptive_jones_score_selection,,nan,nan,nan,nan,True,,,nan,nan,,,,,[],nan,,,nan,nan,nan,nan,,nan,nan,nan,0.00019067097896281586,nan,nan,0.00019067097896281586,False,84f1975fc112e22552cd5389ecb9ea5e68088b810ed0a30ff85dfd5971674377,0.23277959845425356,computed_unscaled,cpu,nan,nan,nan,,,,,,,,nan,nan,nan,nan,nan,nan,False,,
fig1,adaptive_jones_vp_proposed,8,641399591,5.0,snr_db,5.0,3,3,3,3,full_6d,641399591,,,nan,,False,,62.96470645815134,0.00012743535979698224,0.00012743535979698224,1.1824726522321612e-06,2.4671055641695446e-05,1.0467315739243088e-13,0.07133714787734204,False,direct_vp,global_exact_spherical_vp,main_single_proposed,True,0899ee2e4d6ea057,adaptive_jones,cupy,True,0,cupy,cupy.linalg.solve,fixed_pol_anchor,True,fixed_anchor_then_adaptive_jones_score_selection,fixed_pol_anchor,0.6901918363404758,3.292541557671122,1.5645226533699848,0.0,True,3,4,3096725.458075429,3096784.244502342,"[3.292541557671122,0.710834566098356,0.6901918363404758]","[0.3037167435797004,1.406797091323387,1.4488725414393395]","[8.085146761236226e-08,1.4351241358841955e-09,5.123097417581347e-07]",direct_vp,[],3097884.645674732,3096560,True,27011753.644661136,78.3502983894564,23.822306519586366,0.054717560120184396,"[4.904598290183817,5.014445523376848,5.026029351887282]",136.8070681989193,56.59189119189978,194.63377138227224,nan,nan,nan,nan,False,,nan,,,nan,nan,nan,,,,,,,,0.00012743535979698224,1.1824726522321612e-06,0.07133714787734204,nan,nan,nan,False,not_run,not_requested
fig1,PEB,8,641399591,5.0,snr_db,5.0,3,3,3,3,full_6d,641399591,,,nan,,False,,5.052181400358677,nan,nan,nan,nan,nan,nan,False,,,peb_only,False,ffc6efc44a33f6b2,,,,,,,adaptive_jones,True,fixed_anchor_then_adaptive_jones_score_selection,,nan,nan,nan,nan,True,,,nan,nan,,,,,[],nan,,,nan,nan,nan,nan,,nan,nan,nan,0.00019536374498175258,nan,nan,0.00019536374498175258,False,e032c9cb8462fea3417aadc651e10a3437190e0cacf3ab5bdc4b175ff7382e20,0.07130701278172195,computed_unscaled,cpu,nan,nan,nan,,,,,,,,nan,nan,nan,nan,nan,nan,False,,
fig1,adaptive_jones_vp_proposed,10,781873798,5.0,snr_db,5.0,3,3,3,3,full_6d,781873798,,,nan,,False,,63.433772288262844,0.0001286218099589464,0.0001286218099589464,1.32757130859196e-06,0.00011447616177515665,1.181865896450535e-13,0.06968404794975931,False,direct_vp,global_exact_spherical_vp,main_single_proposed,True,182294d1d804baac,adaptive_jones,cupy,True,0,cupy,cupy.linalg.solve,fixed_pol_anchor,True,fixed_anchor_then_adaptive_jones_score_selection,fixed_pol_anchor,0.4415612873402426,11.338011463919644,4.338946281936053,0.0,True,3,4,3096725.458075429,3108660.1403881223,"[1.2372660945482725,11.338011463919644,0.4415612873402426]","[0.8082335759502599,0.08819888771244493,2.264691286736407]","[1.289975792430296e-07,1.912440826055857e-08,3.2279348125974204e-07]",direct_vp,[],3094269.1601147098,3096560,True,25785005.163466133,81.20679766638527,25.767420892240402,0.03649897033440549,"[4.997821545892375,5.080163996180314,5.008833569786033]",140.20674321055412,57.28270085901022,198.68965356051922,nan,nan,nan,nan,False,,nan,,,nan,nan,nan,,,,,,,,0.0001286218099589464,1.32757130859196e-06,0.06968404794975931,nan,nan,nan,False,not_run,not_requested
fig1,PEB,10,781873798,5.0,snr_db,5.0,3,3,3,3,full_6d,781873798,,,nan,,False,,4.9814136028289795,nan,nan,nan,nan,nan,nan,False,,,peb_only,False,efbd1f6a82797880,,,,,,,adaptive_jones,True,fixed_anchor_then_adaptive_jones_score_selection,,nan,nan,nan,nan,True,,,nan,nan,,,,,[],nan,,,nan,nan,nan,nan,,nan,nan,nan,0.00019552365454749974,nan,nan,0.00019552365454749974,False,f2ef97a231c1a4af27e9b56c32078a57d13f76cf0fcef71f5aea3cacfcafd031,0.06973599880886719,computed_unscaled,cpu,nan,nan,nan,,,,,,,,nan,nan,nan,nan,nan,nan,False,,
fig1,adaptive_jones_vp_proposed,13,634888206,5.0,snr_db,5.0,3,3,3,3,full_6d,634888206,,,nan,,False,,61.80699969828129,0.0002831715461709404,0.0002831715461709404,1.3142404026759112e-06,7.411633253037266e-05,3.91093107227086e-13,0.0646574091352554,False,direct_vp,global_exact_spherical_vp,main_single_proposed,True,b8d37efc74f8c3d7,adaptive_jones,cupy,True,0,cupy,cupy.linalg.solve,fixed_pol_anchor,True,fixed_anchor_then_adaptive_jones_score_selection,fixed_pol_anchor,0.5377923467739819,8.16132385621252,3.183991885688266,0.0,True,3,4,3096725.458075429,3199057.31368403,"[0.5377923467739819,8.16132385621252,0.8528594540782963]","[1.8594537575666399,0.12252914081220093,1.1725261357158416]","[1.09078628854684e-06,9.528664845848363e-09,1.1871840328090674e-06]",direct_vp,[],3095179.5970795783,3096560,True,23846894.66632142,80.67568422207671,24.06558314604401,0.04546786968767026,"[5.004505367787412,5.113958386057225,5.077064427957669]",145.54074881970882,56.15833942592144,202.9037528783083,nan,nan,nan,nan,False,,nan,,,nan,nan,nan,,,,,,,,0.0002831715461709404,1.3142404026759112e-06,0.0646574091352554,nan,nan,nan,False,not_run,not_requested
fig1,PEB,13,634888206,5.0,snr_db,5.0,3,3,3,3,full_6d,634888206,,,nan,,False,,4.971748918294907,nan,nan,nan,nan,nan,nan,False,,,peb_only,False,8b115ac1f315e89c,,,,,,,adaptive_jones,True,fixed_anchor_then_adaptive_jones_score_selection,,nan,nan,nan,nan,True,,,nan,nan,,,,,[],nan,,,nan,nan,nan,nan,,nan,nan,nan,0.00020964579606610204,nan,nan,0.00020964579606610204,False,11da97468c8b90c59dcc518746f48f2217739b6c2c3deec78f2d1177de9045c5,0.06468657958954134,computed_unscaled,cpu,nan,nan,nan,,,,,,,,nan,nan,nan,nan,nan,nan,False,,
fig1,adaptive_jones_vp_proposed,15,2734808712,5.0,snr_db,5.0,3,3,3,3,full_6d,2734808712,,,nan,,False,,67.12761686742306,0.00022966085662175277,0.00022966085662175277,1.4974951872152595e-06,9.790381907248326e-05,9.061988590950385e-13,0.03650893540806676,False,direct_vp,global_exact_spherical_vp,main_single_proposed,True,8ec707078ebe84ab,adaptive_jones,cupy,True,0,cupy,cupy.linalg.solve,fixed_pol_anchor,True,fixed_anchor_then_adaptive_jones_score_selection,fixed_pol_anchor,0.6393508386592359,3.5028115699020486,1.6388274348425422,0.0,True,3,4,3096725.458075429,3100477.1547111114,"[3.5028115699020486,0.6393508386592359,0.774319895966342]","[0.2854849540263626,1.5640864757390975,1.291455902409995]","[9.956361182745221e-08,4.52871620921588e-09,7.126472129446906e-07]",direct_vp,[],3099367.519178353,3096560,True,27434825.87872232,70.03066096936068,24.008387640412643,0.06297872131344068,"[4.896487008173702,5.032797026495999,5.027196962790613]",149.7958484441042,60.77398984879255,211.73846826702356,nan,nan,nan,nan,False,,nan,,,nan,nan,nan,,,,,,,,0.00022966085662175277,1.4974951872152595e-06,0.03650893540806676,nan,nan,nan,False,not_run,not_requested
fig1,PEB,15,2734808712,5.0,snr_db,5.0,3,3,3,3,full_6d,2734808712,,,nan,,False,,4.970104388892651,nan,nan,nan,nan,nan,nan,False,,,peb_only,False,f1b42be6357a8cd5,,,,,,,adaptive_jones,True,fixed_anchor_then_adaptive_jones_score_selection,,nan,nan,nan,nan,True,,,nan,nan,,,,,[],nan,,,nan,nan,nan,nan,,nan,nan,nan,0.0001946618384083946,nan,nan,0.0001946618384083946,False,3745774ba39f0b3a489ec82705d3e30e7ac3ac0889ba9ff94e26de5537c07034,0.03647605276580435,computed_unscaled,cpu,nan,nan,nan,,,,,,,,nan,nan,nan,nan,nan,nan,False,,
fig1,adaptive_jones_vp_proposed,72,2100195688,0.0,snr_db,0.0,3,3,3,3,full_6d,2100195688,,,nan,,False,,559.3321664705873,0.00015768189970704098,0.00015768189970704098,6.9614055604704275e-06,0.00012352937633549916,1.5958824793039032e-12,0.3291853487223534,False,direct_vp,global_exact_spherical_vp,main_single_proposed,True,de0d24482509987c,adaptive_jones,cupy,True,0,cupy,cupy.linalg.solve,fixed_pol_anchor,True,fixed_anchor_then_adaptive_jones_score_selection,fixed_pol_anchor,1.6747916090281436,5.286453174759768,3.87993450103588,0.0,True,3,4,3096725.458075429,3101032.0593828573,"[5.286453174759768,1.6747916090281436,4.678558719319727]","[0.18916274616206288,0.5970892107458134,0.21374103863779734]","[7.282586115504631e-07,2.0731098508339607e-08,1.8886281047383477e-07]",direct_vp,[],3100307.4218072216,3096560,True,6854439.903366372,79.10005618785428,16.458321227917477,0.041453729196704585,"[5.028361430446477,4.968739726673545,5.069731979352784]",141.77099809795618,553.3562104478478,696.4119683131576,nan,nan,nan,nan,False,,nan,,,nan,nan,nan,,,,,,,,0.00015768189970704098,6.9614055604704275e-06,0.3291853487223534,nan,nan,nan,False,not_run,not_requested
fig1,PEB,72,2100195688,0.0,snr_db,0.0,3,3,3,3,full_6d,2100195688,,,nan,,False,,4.667639873921871,nan,nan,nan,nan,nan,nan,False,,,peb_only,False,019e4c0eafd50ff9,,,,,,,adaptive_jones,True,fixed_anchor_then_adaptive_jones_score_selection,,nan,nan,nan,nan,True,,,nan,nan,,,,,[],nan,,,nan,nan,nan,nan,,nan,nan,nan,0.00039011467056600637,nan,nan,0.00039011467056600637,False,c74090ee2666e0b285da3833dfd6aa0f2593b8f113092ef5692488e84b651980,0.328789152725724,computed_unscaled,cpu,nan,nan,nan,,,,,,,,nan,nan,nan,nan,nan,nan,False,,
fig1,adaptive_jones_vp_proposed,19,3846521747,5.0,snr_db,5.0,3,3,3,3,full_6d,3846521747,,,nan,,False,,65.5165962651372,0.00040613629371140977,0.00040613629371140977,2.1599145663820694e-06,0.00012186863818379665,1.282517044436984e-13,0.03748198917125215,False,direct_vp,global_exact_spherical_vp,main_single_proposed,True,d18d9eb5004919b8,adaptive_jones,cupy,True,0,cupy,cupy.linalg.solve,fixed_pol_anchor,True,fixed_anchor_then_adaptive_jones_score_selection,fixed_pol_anchor,0.5902521647643797,1.5101673463822336,1.1131572837998522,0.0,True,3,4,3096725.458075429,3114025.852687921,"[1.2390523402529434,0.5902521647643797,1.5101673463822336]","[0.8070684082599919,1.694191160482394,0.6621782694441752]","[7.32125633668865e-07,3.4840365883857986e-09,2.745278782067008e-07]",direct_vp,[],3095221.3116638334,3096560,True,20977876.10409223,80.88890870131694,24.807861575512877,0.07112636716065901,"[5.017909540769676,4.966529407168989,5.136390836860891]",142.25125005841255,58.7497378885746,202.26211223006248,nan,nan,nan,nan,False,,nan,,,nan,nan,nan,,,,,,,,0.00040613629371140977,2.1599145663820694e-06,0.03748198917125215,nan,nan,nan,False,not_run,not_requested
fig1,PEB,19,3846521747,5.0,snr_db,5.0,3,3,3,3,full_6d,3846521747,,,nan,,False,,5.467281974852085,nan,nan,nan,nan,nan,nan,False,,,peb_only,False,c2063d3961350518,,,,,,,adaptive_jones,True,fixed_anchor_then_adaptive_jones_score_selection,,nan,nan,nan,nan,True,,,nan,nan,,,,,[],nan,,,nan,nan,nan,nan,,nan,nan,nan,0.00022248313691943764,nan,nan,0.00022248313691943764,False,66683f008884b5deaddb95c24fc2a892e518e793d697d2821f0c6f98570400e4,0.03749839394765869,computed_unscaled,cpu,nan,nan,nan,,,,,,,,nan,nan,nan,nan,nan,nan,False,,
fig1,adaptive_jones_vp_proposed,17,2127997378,5.0,snr_db,5.0,3,3,3,3,full_6d,2127997378,,,nan,,False,,63.84603142738342,0.00017131086649970005,0.00017131086649970005,1.7489416292360956e-06,1.5628924311731287e-05,1.336707212174904e-13,0.1266449717512926,False,direct_vp,global_exact_spherical_vp,main_single_proposed,True,57a58fdff3e3bc22,adaptive_jones,cupy,True,0,cupy,cupy.linalg.solve,fixed_pol_anchor,True,fixed_anchor_then_adaptive_jones_score_selection,fixed_pol_anchor,0.5255573410351552,1.857277976333077,1.2588516200434923,0.0,True,3,4,3096725.458075429,3116000.3125890633,"[1.3937195427622446,0.5255573410351552,1.857277976333077]","[0.7175044686656854,1.902741950154937,0.5384223647407353]","[1.1104481607460512e-06,4.5799934892815e-08,1.0103516263943745e-06]",direct_vp,[],3099947.8342313212,3096560,True,20560141.725389376,83.2597256277732,32.09228964983469,0.07293642185410516,"[4.980086535549366,4.966952233090575,5.12782221942727]",152.4883850812912,57.42304962128401,211.05216392874718,nan,nan,nan,nan,False,,nan,,,nan,nan,nan,,,,,,,,0.00017131086649970005,1.7489416292360956e-06,0.1266449717512926,nan,nan,nan,False,not_run,not_requested
fig1,PEB,17,2127997378,5.0,snr_db,5.0,3,3,3,3,full_6d,2127997378,,,nan,,False,,5.221564628183842,nan,nan,nan,nan,nan,nan,False,,,peb_only,False,70e59d6b7585c13c,,,,,,,adaptive_jones,True,fixed_anchor_then_adaptive_jones_score_selection,,nan,nan,nan,nan,True,,,nan,nan,,,,,[],nan,,,nan,nan,nan,nan,,nan,nan,nan,0.00022499055785729115,nan,nan,0.00022499055785729115,False,1e7e5fb979d639b775e57b8f9a2b5887da0781d1b293b718b0219c60afc7e70e,0.1265072191587295,computed_unscaled,cpu,nan,nan,nan,,,,,,,,nan,nan,nan,nan,nan,nan,False,,
fig1,adaptive_jones_vp_proposed,18,3644258948,5.0,snr_db,5.0,3,3,3,3,full_6d,3644258948,,,nan,,False,,62.378024853765965,9.1624306527593e-05,9.1624306527593e-05,1.1631235711289838e-06,7.557384025968363e-05,8.621117271633888e-13,0.13897517213139454,False,direct_vp,global_exact_spherical_vp,main_single_proposed,True,12b8b1aa72f02937,adaptive_jones,cupy,True,0,cupy,cupy.linalg.solve,fixed_pol_anchor,True,fixed_anchor_then_adaptive_jones_score_selection,fixed_pol_anchor,0.4211291782280864,3.4222938564353886,1.9644794724854455,0.0,True,3,4,3096725.458075429,3130532.648074411,"[2.0500153827928616,3.4222938564353886,0.4211291782280864]","[0.48780121768432233,0.2922016758193182,2.374568307537152]","[2.5381255967872516e-07,9.205765465803202e-08,2.389410152805455e-07]",direct_vp,[],3093957.5298963217,3096560,True,25492928.951570686,80.84320887306987,24.936525983264275,0.05512237031375736,"[5.06073793721365,5.122821339790474,4.987941403569574]",154.80888105928898,56.264659732580185,212.17249383032322,nan,nan,nan,nan,False,,nan,,,nan,nan,nan,,,,,,,,9.1624306527593e-05,1.1631235711289838e-06,0.13897517213139454,nan,nan,nan,False,not_run,not_requested
fig1,PEB,18,3644258948,5.0,snr_db,5.0,3,3,3,3,full_6d,3644258948,,,nan,,False,,4.585948385298252,nan,nan,nan,nan,nan,nan,False,,,peb_only,False,e39c4805c03544ef,,,,,,,adaptive_jones,True,fixed_anchor_then_adaptive_jones_score_selection,,nan,nan,nan,nan,True,,,nan,nan,,,,,[],nan,,,nan,nan,nan,nan,,nan,nan,nan,0.00018765916090246826,nan,nan,0.00018765916090246826,False,10eabe3ea0bf687d98504e31e23e6506b4b182585a8f16e7a2bae8ed9d09e41a,0.1390927892382434,computed_unscaled,cpu,nan,nan,nan,,,,,,,,nan,nan,nan,nan,nan,nan,False,,
fig1,adaptive_jones_vp_proposed,71,1982555292,0.0,snr_db,0.0,3,3,3,3,full_6d,1982555292,,,nan,,False,,584.7476681992412,0.00105528915376308,0.00105528915376308,7.088696862108133e-06,2.89005000933157e-05,1.870291245091605e-13,0.43400903078896697,False,direct_vp,global_exact_spherical_vp,main_single_proposed,True,6dda158f27e76fb1,adaptive_jones,cupy,True,0,cupy,cupy.linalg.solve,fixed_pol_anchor,True,fixed_anchor_then_adaptive_jones_score_selection,fixed_pol_anchor,1.9955732656247782,15.377421064787947,6.56325105525448,0.0,True,3,4,3096725.458075429,3208618.547147318,"[1.9955732656247782,15.377421064787947,2.3167588353507167]","[0.5011091385236224,0.06503041022102703,0.43163750354114905]","[6.346169891670758e-07,1.0416731029801696e-07,8.512164416695544e-07]",direct_vp,[],3096594.2850232115,3096560,True,7705760.730119024,85.7319462731728,23.654025054209228,0.0680205543259727,"[5.039657720208502,5.09535866434626,4.931516888271284]",143.20412779599428,578.3098130077124,722.7893447726965,nan,nan,nan,nan,False,,nan,,,nan,nan,nan,,,,,,,,0.00105528915376308,7.088696862108133e-06,0.43400903078896697,nan,nan,nan,False,not_run,not_requested
fig1,PEB,71,1982555292,0.0,snr_db,0.0,3,3,3,3,full_6d,1982555292,,,nan,,False,,5.1368448212742805,nan,nan,nan,nan,nan,nan,False,,,peb_only,False,03b993e566be8b5c,,,,,,,adaptive_jones,True,fixed_anchor_then_adaptive_jones_score_selection,,nan,nan,nan,nan,True,,,nan,nan,,,,,[],nan,,,nan,nan,nan,nan,,nan,nan,nan,0.0003683680822376877,nan,nan,0.0003683680822376877,False,bdd039092dd082ec6fd57d77070067f9fd8178794fea592c3fc196eccf3a063c,0.43400646801694337,computed_unscaled,cpu,nan,nan,nan,,,,,,,,nan,nan,nan,nan,nan,nan,False,,
fig1,adaptive_jones_vp_proposed,20,3607282624,5.0,snr_db,5.0,3,3,3,3,full_6d,3607282624,,,nan,,False,,63.70804428309202,7.740495420532389e-05,7.740495420532389e-05,2.1544179650501405e-06,6.815384197213872e-05,1.3909416049779377e-13,0.18082282547596584,False,direct_vp,global_exact_spherical_vp,main_single_proposed,True,c553f90a75021bde,adaptive_jones,cupy,True,0,cupy,cupy.linalg.solve,fixed_pol_anchor,True,fixed_anchor_then_adaptive_jones_score_selection,fixed_pol_anchor,0.49903372996711126,2.4629191725783492,1.4408349789661774,0.0,True,3,4,3096725.458075429,3097063.3332509953,"[1.3605520343530721,2.4629191725783492,0.49903372996711126]","[0.7349957772648723,0.4060222564878855,2.0038725640156745]","[1.0539158105513047e-06,7.679675831180134e-08,3.1314085017577466e-07]",direct_vp,[],3095256.77202536,3096560,True,27169370.945641372,65.45357712493168,29.558140663477122,0.025390076031521713,"[4.943508664961018,5.0013262424994025,4.992261788430162]",140.05966541171074,56.78530178964138,198.15000002086163,nan,nan,nan,nan,False,,nan,,,nan,nan,nan,,,,,,,,7.740495420532389e-05,2.1544179650501405e-06,0.18082282547596584,nan,nan,nan,False,not_run,not_requested
fig1,PEB,20,3607282624,5.0,snr_db,5.0,3,3,3,3,full_6d,3607282624,,,nan,,False,,5.121387109160423,nan,nan,nan,nan,nan,nan,False,,,peb_only,False,821ffbc9407c1743,,,,,,,adaptive_jones,True,fixed_anchor_then_adaptive_jones_score_selection,,nan,nan,nan,nan,True,,,nan,nan,,,,,[],nan,,,nan,nan,nan,nan,,nan,nan,nan,0.00018984418448603674,nan,nan,0.00018984418448603674,False,614c1d5045ebcd05d85977496f662de337f9fdc3d750d62d2ed64ea91c25b070,0.18089989388979738,computed_unscaled,cpu,nan,nan,nan,,,,,,,,nan,nan,nan,nan,nan,nan,False,,
fig1,adaptive_jones_vp_proposed,21,4000820147,5.0,snr_db,5.0,3,3,3,3,full_6d,4000820147,,,nan,,False,,65.22138221561909,0.00012512783780199311,0.00012512783780199311,9.707011018867475e-07,7.04319988718194e-05,6.972386530672529e-13,0.10999797306464447,False,direct_vp,global_exact_spherical_vp,main_single_proposed,True,aba1d4d4ad3d01d0,adaptive_jones,cupy,True,0,cupy,cupy.linalg.solve,fixed_pol_anchor,True,fixed_anchor_then_adaptive_jones_score_selection,fixed_pol_anchor,0.36335165327706515,14.17206539350749,5.8287854820483815,0.0,True,3,4,3096725.458075429,3148910.7799984235,"[0.36335165327706515,14.17206539350749,2.9509393993605895]","[2.75215480920658,0.07056134530990438,0.33887513929080665]","[4.4391234695663085e-07,3.334881761724357e-09,3.344954514574917e-08]",direct_vp,[],3096008.6089598252,3096560,True,16183441.110817768,135.557781444371,27.63772680087227,0.04590010946562051,"[4.994049635013179,5.106091895200394,5.0581694791656435]",154.77058286219835,58.73146006464958,214.77191798388958,nan,nan,nan,nan,False,,nan,,,nan,nan,nan,,,,,,,,0.00012512783780199311,9.707011018867475e-07,0.10999797306464447,nan,nan,nan,False,not_run,not_requested
fig1,PEB,21,4000820147,5.0,snr_db,5.0,3,3,3,3,full_6d,4000820147,,,nan,,False,,3.030216209590435,nan,nan,nan,nan,nan,nan,False,,,peb_only,False,5d5c5787294cac23,,,,,,,adaptive_jones,True,fixed_anchor_then_adaptive_jones_score_selection,,nan,nan,nan,nan,True,,,nan,nan,,,,,[],nan,,,nan,nan,nan,nan,,nan,nan,nan,0.000262463655237757,nan,nan,0.000262463655237757,False,f7a047bb7013efbe33f31c7f789c22a5d5f4d1899bcaccc54b42258dbd7f4038,0.11001813187950489,computed_unscaled,cpu,nan,nan,nan,,,,,,,,nan,nan,nan,nan,nan,nan,False,,
fig1,adaptive_jones_vp_proposed,22,3206710796,5.0,snr_db,5.0,3,3,3,3,full_6d,3206710796,,,nan,,False,,66.13835056871176,0.00011320123296523891,0.00011320123296523891,1.6023448720955375e-06,3.6608544226292754e-05,6.033851178606115e-13,0.033879338823498924,False,direct_vp,global_exact_spherical_vp,main_single_proposed,True,e30d50e741b2bf8e,adaptive_jones,cupy,True,0,cupy,cupy.linalg.solve,fixed_pol_anchor,True,fixed_anchor_then_adaptive_jones_score_selection,fixed_pol_anchor,0.6977907565883578,2.220514726597523,1.2318971756426804,0.0,True,3,4,3096725.458075429,3096781.779087958,"[0.7773860437421602,0.6977907565883578,2.220514726597523]","[1.286362172371206,1.4330943632565547,0.45034603374600063]","[1.0111341452917675e-06,2.7272906664511197e-07,1.3941976424111227e-06]",direct_vp,[],3093207.334931859,3096560,True,17972905.470708158,85.48527393992696,25.357627708112577,0.03729802931912294,"[4.964771721069134,4.945611605483194,5.032553223097278]",148.99333161115646,60.072762697935104,210.22391659021378,nan,nan,nan,nan,False,,nan,,,nan,nan,nan,,,,,,,,0.00011320123296523891,1.6023448720955375e-06,0.033879338823498924,nan,nan,nan,False,not_run,not_requested
fig1,PEB,22,3206710796,5.0,snr_db,5.0,3,3,3,3,full_6d,3206710796,,,nan,,False,,5.031842693686485,nan,nan,nan,nan,nan,nan,False,,,peb_only,False,fd8bfedd69b7ba72,,,,,,,adaptive_jones,True,fixed_anchor_then_adaptive_jones_score_selection,,nan,nan,nan,nan,True,,,nan,nan,,,,,[],nan,,,nan,nan,nan,nan,,nan,nan,nan,0.00023889104109124345,nan,nan,0.00023889104109124345,False,c84ba72aa3a760a0760b6b67e247dbffd03ad56315a9283ecceeafa1a6824f29,0.033916235200905503,computed_unscaled,cpu,nan,nan,nan,,,,,,,,nan,nan,nan,nan,nan,nan,False,,
fig1,adaptive_jones_vp_proposed,23,2043173887,5.0,snr_db,5.0,3,3,3,3,full_6d,2043173887,,,nan,,False,,57.754034250974655,0.000296463774067555,0.000296463774067555,1.6275114419781164e-06,2.224367976617395e-05,8.275507379584018e-14,0.10357436633949296,False,direct_vp,global_exact_spherical_vp,main_single_proposed,True,f9ccceb918469d01,adaptive_jones,cupy,True,0,cupy,cupy.linalg.solve,fixed_pol_anchor,True,fixed_anchor_then_adaptive_jones_score_selection,fixed_pol_anchor,0.6585746391272034,3.9175634154615495,1.765974251440132,0.0,True,3,4,3096725.458075429,3097156.7033372708,"[3.9175634154615495,0.6585746391272034,0.7217846997316429]","[0.25526070517438376,1.5184307754769035,1.3854546935825527]","[1.2713886956419127e-06,1.4791225591558535e-08,6.113961624471777e-08]",direct_vp,[],3096246.5429545757,3096560,True,26542997.509691868,63.99278067513725,26.213004254998364,0.03568996541025342,"[5.047813596014929,4.962343855908597,4.989167284039359]",154.45197563618422,51.58482000231743,207.35717567056417,nan,nan,nan,nan,False,,nan,,,nan,nan,nan,,,,,,,,0.000296463774067555,1.6275114419781164e-06,0.10357436633949296,nan,nan,nan,False,not_run,not_requested
fig1,PEB,23,2043173887,5.0,snr_db,5.0,3,3,3,3,full_6d,2043173887,,,nan,,False,,5.101799577474594,nan,nan,nan,nan,nan,nan,False,,,peb_only,False,e87a7a82d3156cb5,,,,,,,adaptive_jones,True,fixed_anchor_then_adaptive_jones_score_selection,,nan,nan,nan,nan,True,,,nan,nan,,,,,[],nan,,,nan,nan,nan,nan,,nan,nan,nan,0.00019702791353009235,nan,nan,0.00019702791353009235,False,7093cfec76f40175c6c7c58aa1b5153ce86056a79427b6463226f28ede4d41bd,0.10358538720112091,computed_unscaled,cpu,nan,nan,nan,,,,,,,,nan,nan,nan,nan,nan,nan,False,,
fig1,adaptive_jones_vp_proposed,24,2465240206,5.0,snr_db,5.0,3,3,3,3,full_6d,2465240206,,,nan,,False,,64.92843804508448,7.204004572295428e-05,7.204004572295428e-05,1.0743566228132467e-06,3.765813565588863e-05,3.4201407323278315e-13,0.16606270250604274,False,direct_vp,global_exact_spherical_vp,main_single_proposed,True,172bab7809757fe2,adaptive_jones,cupy,True,0,cupy,cupy.linalg.solve,fixed_pol_anchor,True,fixed_anchor_then_adaptive_jones_score_selection,fixed_pol_anchor,0.39345029421790506,17.845673636788273,6.671831032150991,0.0,True,3,4,3096725.458075429,3516070.994001813,"[1.7763691654467963,0.39345029421790506,17.845673636788273]","[0.5629460471673418,2.5416171107138004,0.056035990589936996]","[4.252441625312831e-07,1.594960893520245e-07,2.1372047472329632e-07]",direct_vp,[],3096137.1531798746,3096560,True,16329869.028140543,105.77293817174589,12.785185351568586,0.07869626910962355,"[5.028036948543594,5.005854445011383,5.18277667963584]",149.43990736454725,58.52003609389067,209.08062244951725,nan,nan,nan,nan,False,,nan,,,nan,nan,nan,,,,,,,,7.204004572295428e-05,1.0743566228132467e-06,0.16606270250604274,nan,nan,nan,False,not_run,not_requested
fig1,PEB,24,2465240206,5.0,snr_db,5.0,3,3,3,3,full_6d,2465240206,,,nan,,False,,4.4653216898441315,nan,nan,nan,nan,nan,nan,False,,,peb_only,False,35c5a30fd27e6ef0,,,,,,,adaptive_jones,True,fixed_anchor_then_adaptive_jones_score_selection,,nan,nan,nan,nan,True,,,nan,nan,,,,,[],nan,,,nan,nan,nan,nan,,nan,nan,nan,0.0002528208709203022,nan,nan,0.0002528208709203022,False,d0abc1777196bcc1a36b4bbbb5b3c3e641533288ceccc09b778d2fb6777f61b5,0.16608624025173382,computed_unscaled,cpu,nan,nan,nan,,,,,,,,nan,nan,nan,nan,nan,nan,False,,
fig1,adaptive_jones_vp_proposed,26,890721611,5.0,snr_db,5.0,3,3,3,3,full_6d,890721611,,,nan,,False,,64.05537318438292,0.0003087853854179813,0.0003087853854179813,8.354201015269989e-07,2.125178859812885e-05,1.788593019160834e-13,0.15072659816376513,False,direct_vp,global_exact_spherical_vp,main_single_proposed,True,d16ebcdda0b024ed,adaptive_jones,cupy,True,0,cupy,cupy.linalg.solve,fixed_pol_anchor,True,fixed_anchor_then_adaptive_jones_score_selection,fixed_pol_anchor,0.6167668510406606,3.129506052516555,1.5204930744906857,0.0,True,3,4,3096725.458075429,3096875.7574025965,"[0.6167668510406606,3.129506052516555,0.815206319914842]","[1.6213582139054643,0.31953924460147076,1.226683326134722]","[1.8933133411448895e-07,4.879947996352657e-08,1.2121866619762305e-06]",direct_vp,[],3096424.1309677246,3096560,True,24342061.732508462,86.48522641546944,33.861198954962816,0.02628669993511459,"[5.025941648231792,5.028880620422517,4.971706740402609]",122.44271105527878,57.161687172949314,180.77930496633053,nan,nan,nan,nan,False,,nan,,,nan,nan,nan,,,,,,,,0.0003087853854179813,8.354201015269989e-07,0.15072659816376513,nan,nan,nan,False,not_run,not_requested
fig1,PEB,26,890721611,5.0,snr_db,5.0,3,3,3,3,full_6d,890721611,,,nan,,False,,5.289259754121304,nan,nan,nan,nan,nan,nan,False,,,peb_only,False,fd4a3e9b9a49cbcd,,,,,,,adaptive_jones,True,fixed_anchor_then_adaptive_jones_score_selection,,nan,nan,nan,nan,True,,,nan,nan,,,,,[],nan,,,nan,nan,nan,nan,,nan,nan,nan,0.00020703943895547,nan,nan,0.00020703943895547,False,c294e93a3e036e5c5731d344dd8b7b3046868b56987f9fb6b7f233813953d55d,0.15073399078881683,computed_unscaled,cpu,nan,nan,nan,,,,,,,,nan,nan,nan,nan,nan,nan,False,,
fig1,adaptive_jones_vp_proposed,83,2856883752,0.0,snr_db,0.0,3,3,3,3,full_6d,2856883752,,,nan,,False,,543.0670860856771,0.0002083866664891061,0.0002083866664891061,6.456298568769695e-06,0.00017485922916938185,5.03888014345083e-13,0.2056904636776514,False,direct_vp,global_exact_spherical_vp,main_single_proposed,True,e1338e93532d6d59,adaptive_jones,cupy,True,0,cupy,cupy.linalg.solve,fixed_pol_anchor,True,fixed_anchor_then_adaptive_jones_score_selection,fixed_pol_anchor,1.3085727822544542,797.795216912987,267.7907868722161,0.0,True,3,4,3096725.458075429,3626105.8037645193,"[4.268570921406749,797.795216912987,1.3085727822544542]","[0.23427044282684,0.0012534544930861268,0.7641913492009647]","[5.881530763976679e-07,7.602276253949641e-10,1.4884482012048121e-07]",direct_vp,[],3093013.2400210067,3096560,True,8049988.874442223,97.82115288041517,4.115083857272069,0.060531025861171636,"[4.962956269161986,5.091884845251782,4.9640084951546255]",137.70379085093737,536.6336742043495,675.7454874813557,nan,nan,nan,nan,False,,nan,,,nan,nan,nan,,,,,,,,0.0002083866664891061,6.456298568769695e-06,0.2056904636776514,nan,nan,nan,False,not_run,not_requested
fig1,PEB,83,2856883752,0.0,snr_db,0.0,3,3,3,3,full_6d,2856883752,,,nan,,False,,4.733899369835854,nan,nan,nan,nan,nan,nan,False,,,peb_only,False,8a0eb69a59d56fd8,,,,,,,adaptive_jones,True,fixed_anchor_then_adaptive_jones_score_selection,,nan,nan,nan,nan,True,,,nan,nan,,,,,[],nan,,,nan,nan,nan,nan,,nan,nan,nan,0.00031440114462357507,nan,nan,0.00031440114462357507,False,700eea5a638faf3db61de2a763659338a112f897687c33a7cb33c68c29ad4a9e,0.20592739307147653,computed_unscaled,cpu,nan,nan,nan,,,,,,,,nan,nan,nan,nan,nan,nan,False,,
fig1,adaptive_jones_vp_proposed,25,3407116044,5.0,snr_db,5.0,3,3,3,3,full_6d,3407116044,,,nan,,False,,64.03619284927845,0.00018018589328055342,0.00018018589328055342,2.2352160236405915e-06,3.391253931639177e-05,3.9547003464177605e-13,0.06468084361421304,False,direct_vp,global_exact_spherical_vp,main_single_proposed,True,271b5e631ecd1a86,adaptive_jones,cupy,True,0,cupy,cupy.linalg.solve,fixed_pol_anchor,True,fixed_anchor_then_adaptive_jones_score_selection,fixed_pol_anchor,0.6715726156395053,2.420277704223315,1.293708881414515,0.0,True,3,4,3096725.458075429,3096786.454966316,"[0.6715726156395053,0.7892763243807247,2.420277704223315]","[1.489042252038639,1.266983398727717,0.4131757270054625]","[2.6419245943943446e-07,8.407208536289462e-08,3.99961905878027e-08]",direct_vp,[],3097031.4529274893,3096560,True,17512687.187404636,82.8900430434034,29.810741912968126,0.027225738933053318,"[5.055100293791822,4.995331120316288,4.999596997122307]",148.70356903225183,57.23453603684902,207.1318513005972,nan,nan,nan,nan,False,,nan,,,nan,nan,nan,,,,,,,,0.00018018589328055342,2.2352160236405915e-06,0.06468084361421304,nan,nan,nan,False,not_run,not_requested
fig1,PEB,25,3407116044,5.0,snr_db,5.0,3,3,3,3,full_6d,3407116044,,,nan,,False,,4.873223200440407,nan,nan,nan,nan,nan,nan,False,,,peb_only,False,520ff09105b3baab,,,,,,,adaptive_jones,True,fixed_anchor_then_adaptive_jones_score_selection,,nan,nan,nan,nan,True,,,nan,nan,,,,,[],nan,,,nan,nan,nan,nan,,nan,nan,nan,0.00024231843172310883,nan,nan,0.00024231843172310883,False,b8c0aecbc648c84bc393cf0ea8f798ce1d40daafad542474a8d407dec27d44d6,0.06467133157662985,computed_unscaled,cpu,nan,nan,nan,,,,,,,,nan,nan,nan,nan,nan,nan,False,,
fig1,adaptive_jones_vp_proposed,27,4133001221,5.0,snr_db,5.0,3,3,3,3,full_6d,4133001221,,,nan,,False,,62.872561149299145,0.00016034002029737327,0.00016034002029737327,8.450279692284255e-07,3.6765915338340725e-05,8.445837936344591e-14,0.07394094489275316,False,direct_vp,global_exact_spherical_vp,main_single_proposed,True,17d444a4f1cb9d13,adaptive_jones,cupy,True,0,cupy,cupy.linalg.solve,fixed_pol_anchor,True,fixed_anchor_then_adaptive_jones_score_selection,fixed_pol_anchor,0.3920170831693839,34.91676416072735,12.349698433323757,0.0,True,3,4,3096725.458075429,3205690.7232194366,"[1.7403140560745383,0.3920170831693839,34.91676416072735]","[0.5746089313637247,2.5509092407779717,0.02863953817031631]","[1.2685897905958867e-06,9.574329610970899e-08,7.433413306826384e-08]",direct_vp,[],3096104.7916206904,3096560,True,14393950.268026147,100.74933229433272,11.549072451989499,0.09295831456845335,"[5.093124090738406,4.992146938742418,5.219379194102414]",128.8102688640356,57.46476388722658,187.5306690186262,nan,nan,nan,nan,False,,nan,,,nan,nan,nan,,,,,,,,0.00016034002029737327,8.450279692284255e-07,0.07394094489275316,nan,nan,nan,False,not_run,not_requested
fig1,PEB,27,4133001221,5.0,snr_db,5.0,3,3,3,3,full_6d,4133001221,,,nan,,False,,5.402378693223,nan,nan,nan,nan,nan,nan,False,,,peb_only,False,86eb2dfe79b7e6b9,,,,,,,adaptive_jones,True,fixed_anchor_then_adaptive_jones_score_selection,,nan,nan,nan,nan,True,,,nan,nan,,,,,[],nan,,,nan,nan,nan,nan,,nan,nan,nan,0.00026936099680586665,nan,nan,0.00026936099680586665,False,4db56e3e555632d19d051acf26a881417468b8ad38e08366b65041ee29b29feb,0.07395219825630268,computed_unscaled,cpu,nan,nan,nan,,,,,,,,nan,nan,nan,nan,nan,nan,False,,
fig1,adaptive_jones_vp_proposed,28,4133035554,5.0,snr_db,5.0,3,3,3,3,full_6d,4133035554,,,nan,,False,,62.32092274725437,0.000137147515564877,0.000137147515564877,9.240271435626514e-07,5.340746742287933e-05,1.3780188115525902e-13,0.11203217057419562,False,direct_vp,global_exact_spherical_vp,main_single_proposed,True,06e8af16e90b1380,adaptive_jones,cupy,True,0,cupy,cupy.linalg.solve,fixed_pol_anchor,True,fixed_anchor_then_adaptive_jones_score_selection,fixed_pol_anchor,0.5810933275244191,4.608418636058655,2.0026869463412367,0.0,True,3,4,3096725.458075429,3123246.993317533,"[0.5810933275244191,0.8185488754406358,4.608418636058655]","[1.7208939642443168,1.2216741479986373,0.21699417500200036]","[5.66052962950786e-08,2.125540598484927e-08,7.836068281084331e-07]",direct_vp,[],3100563.1166030997,3096560,True,16218490.36374275,88.8694774259799,27.34229155048247,0.01595416776964748,"[4.980592582054561,4.964436095635735,4.941698181209128]",145.35411150753498,55.953615605831146,202.38117790967226,nan,nan,nan,nan,False,,nan,,,nan,nan,nan,,,,,,,,0.000137147515564877,9.240271435626514e-07,0.11203217057419562,nan,nan,nan,False,not_run,not_requested
fig1,PEB,28,4133035554,5.0,snr_db,5.0,3,3,3,3,full_6d,4133035554,,,nan,,False,,5.168464921414852,nan,nan,nan,nan,nan,nan,False,,,peb_only,False,321d4e087ed1822b,,,,,,,adaptive_jones,True,fixed_anchor_then_adaptive_jones_score_selection,,nan,nan,nan,nan,True,,,nan,nan,,,,,[],nan,,,nan,nan,nan,nan,,nan,nan,nan,0.0002518746465003193,nan,nan,0.0002518746465003193,False,b0d6ccdf5e943bdc30a995d28f082c1063f363c2aa22897f8408d6a89636af3a,0.1118881047027461,computed_unscaled,cpu,nan,nan,nan,,,,,,,,nan,nan,nan,nan,nan,nan,False,,
fig1,adaptive_jones_vp_proposed,30,635628036,5.0,snr_db,5.0,3,3,3,3,full_6d,635628036,,,nan,,False,,64.85952779650688,0.0004020793496239407,0.0004020793496239407,2.121485540239654e-06,3.342912787491012e-05,1.062627463975405e-13,0.12196209809371117,False,direct_vp,global_exact_spherical_vp,main_single_proposed,True,cf18e13aceabdf36,adaptive_jones,cupy,True,0,cupy,cupy.linalg.solve,fixed_pol_anchor,True,fixed_anchor_then_adaptive_jones_score_selection,fixed_pol_anchor,0.8488516172525926,1.0291967353942792,0.9536908374602678,0.0,True,3,4,3096725.458075429,3105278.8778578145,"[1.0291967353942792,0.9830241597339318,0.8488516172525926]","[0.971631531279466,1.0172689959824384,1.1780621956470647]","[2.2646195240476527e-07,6.676105757622359e-09,1.7413912524449926e-07]",direct_vp,[],3098435.406627694,3096560,True,25806531.951943673,70.91815057284946,47.60571862349475,0.03491243740458767,"[5.0302944059482035,5.070696475266562,4.985221350181107]",143.94080172479153,59.46714586764574,204.55612544715405,nan,nan,nan,nan,False,,nan,,,nan,nan,nan,,,,,,,,0.0004020793496239407,2.121485540239654e-06,0.12196209809371117,nan,nan,nan,False,not_run,not_requested
fig1,PEB,30,635628036,5.0,snr_db,5.0,3,3,3,3,full_6d,635628036,,,nan,,False,,4.483428716659546,nan,nan,nan,nan,nan,nan,False,,,peb_only,False,5fb58bdef19a3578,,,,,,,adaptive_jones,True,fixed_anchor_then_adaptive_jones_score_selection,,nan,nan,nan,nan,True,,,nan,nan,,,,,[],nan,,,nan,nan,nan,nan,,nan,nan,nan,0.00019958767162653885,nan,nan,0.00019958767162653885,False,5590d75cc6f366b617653df89fa7a75298a3f157b3c5c00e92e68278a75325fa,0.12188890723969567,computed_unscaled,cpu,nan,nan,nan,,,,,,,,nan,nan,nan,nan,nan,nan,False,,
fig1,adaptive_jones_vp_proposed,32,2857393641,5.0,snr_db,5.0,3,3,3,3,full_6d,2857393641,,,nan,,False,,68.5760968029499,0.0003764218069179034,0.0003764218069179034,2.7354781300973283e-06,2.5435903490371517e-05,3.271685657573067e-14,0.05711765088693868,False,direct_vp,global_exact_spherical_vp,main_single_proposed,True,8689bb49e924ff2c,adaptive_jones,cupy,True,0,cupy,cupy.linalg.solve,fixed_pol_anchor,True,fixed_anchor_then_adaptive_jones_score_selection,fixed_pol_anchor,0.673958060286374,1.4313997065198052,1.0410717359987196,0.0,True,3,4,3096725.458075429,3096855.4951492753,"[0.673958060286374,1.4313997065198052,1.0178574411899801]","[1.483771853065178,0.6986168820936057,0.9824558523931202]","[1.7209685732203477e-07,9.333397301462563e-08,2.4073933329781113e-06]",direct_vp,[],3094783.9152792115,3096560,True,24646142.180930804,73.52980335866795,39.651215162489585,0.02524513129852197,"[5.048581946989201,4.986769461005708,5.0161468558481515]",141.9998977780342,62.762539468705654,205.88827570527792,nan,nan,nan,nan,False,,nan,,,nan,nan,nan,,,,,,,,0.0003764218069179034,2.7354781300973283e-06,0.05711765088693868,nan,nan,nan,False,not_run,not_requested
fig1,PEB,32,2857393641,5.0,snr_db,5.0,3,3,3,3,full_6d,2857393641,,,nan,,False,,4.5656119883060455,nan,nan,nan,nan,nan,nan,False,,,peb_only,False,8efeac68de053ec6,,,,,,,adaptive_jones,True,fixed_anchor_then_adaptive_jones_score_selection,,nan,nan,nan,nan,True,,,nan,nan,,,,,[],nan,,,nan,nan,nan,nan,,nan,nan,nan,0.00020526202885815924,nan,nan,0.00020526202885815924,False,73ca4065ba0c89751d2f0dc2de518337698a325ed5053ee6dc1f366512a9f819,0.05715072578723671,computed_unscaled,cpu,nan,nan,nan,,,,,,,,nan,nan,nan,nan,nan,nan,False,,
fig1,adaptive_jones_vp_proposed,93,3741086398,0.0,snr_db,0.0,3,3,3,3,full_6d,3741086398,,,nan,,False,,535.1214892789721,0.0001615624060868027,0.0001615624060868027,5.578521540170533e-06,1.5326545232108826e-05,8.506151539041123e-13,0.14866759379707142,False,direct_vp,global_exact_spherical_vp,main_single_proposed,True,081314e33700d754,adaptive_jones,cupy,True,0,cupy,cupy.linalg.solve,fixed_pol_anchor,True,fixed_anchor_then_adaptive_jones_score_selection,fixed_pol_anchor,1.4768392836507962,8.37719942196765,4.916328606088715,0.0,True,3,4,3096725.458075429,3596715.362850288,"[4.8949471126477,8.37719942196765,1.4768392836507962]","[0.20429229917750844,0.11937163598723799,0.6771217498538431]","[2.32704616586604e-07,5.562921826803793e-07,8.819137354606102e-07]",direct_vp,[],3096831.3307892815,3096560,True,9009751.3174721,75.51826676892122,18.324260568294047,0.07525804120519018,"[5.0996677556108105,4.916707787070757,4.988663046475726]",135.33511001616716,529.6353774666786,666.2860416099429,nan,nan,nan,nan,False,,nan,,,nan,nan,nan,,,,,,,,0.0001615624060868027,5.578521540170533e-06,0.14866759379707142,nan,nan,nan,False,not_run,not_requested
fig1,PEB,93,3741086398,0.0,snr_db,0.0,3,3,3,3,full_6d,3741086398,,,nan,,False,,4.678061604499817,nan,nan,nan,nan,nan,nan,False,,,peb_only,False,d59bd3733e720239,,,,,,,adaptive_jones,True,fixed_anchor_then_adaptive_jones_score_selection,,nan,nan,nan,nan,True,,,nan,nan,,,,,[],nan,,,nan,nan,nan,nan,,nan,nan,nan,0.00030231334204852873,nan,nan,0.00030231334204852873,False,c0a81a3b83197cd9cfba67cbec7ea74e0bc1c6abbc0cc35f29e15ac8d0f81a14,0.14865533629577085,computed_unscaled,cpu,nan,nan,nan,,,,,,,,nan,nan,nan,nan,nan,nan,False,,
fig1,adaptive_jones_vp_proposed,34,1995992425,5.0,snr_db,5.0,3,3,3,3,full_6d,1995992425,,,nan,,False,,66.09569082409143,0.0001180356705448789,0.0001180356705448789,1.3751341224775816e-06,9.903964946799613e-05,9.387824596356734e-13,0.2416927150214049,False,direct_vp,global_exact_spherical_vp,main_single_proposed,True,f72c192feabe6ca4,adaptive_jones,cupy,True,0,cupy,cupy.linalg.solve,fixed_pol_anchor,True,fixed_anchor_then_adaptive_jones_score_selection,fixed_pol_anchor,0.47060541797745725,3.7004936952644765,1.83430070775359,0.0,True,3,4,3096725.458075429,3097812.641490901,"[3.7004936952644765,0.47060541797745725,1.3318030100188365]","[0.27023421260682057,2.1249224122775208,0.7508617959832697]","[9.696095851658386e-07,4.806456844368923e-08,8.125429436048546e-07]",direct_vp,[],3099047.2157087303,3096560,True,21249401.27839746,76.7034413303465,27.54090947793542,0.028667681173626735,"[5.061115384717529,5.001724114104144,4.998973340077553]",145.42005595564842,59.64953665435314,206.3608734086156,nan,nan,nan,nan,False,,nan,,,nan,nan,nan,,,,,,,,0.0001180356705448789,1.3751341224775816e-06,0.2416927150214049,nan,nan,nan,False,not_run,not_requested
fig1,PEB,34,1995992425,5.0,snr_db,5.0,3,3,3,3,full_6d,1995992425,,,nan,,False,,4.859321221709251,nan,nan,nan,nan,nan,nan,False,,,peb_only,False,3826b5ea424aa6d6,,,,,,,adaptive_jones,True,fixed_anchor_then_adaptive_jones_score_selection,,nan,nan,nan,nan,True,,,nan,nan,,,,,[],nan,,,nan,nan,nan,nan,,nan,nan,nan,0.00022469948693132073,nan,nan,0.00022469948693132073,False,08ae9de45575216533d6edee2ff062b3deef6ce05030f7f9832ee4fff1bbeb0e,0.24149998648502796,computed_unscaled,cpu,nan,nan,nan,,,,,,,,nan,nan,nan,nan,nan,nan,False,,
fig1,adaptive_jones_vp_proposed,35,714029656,5.0,snr_db,5.0,3,3,3,3,full_6d,714029656,,,nan,,False,,61.664247907698154,0.00029596459279772737,0.00029596459279772737,2.389766953836546e-06,8.83315012150662e-05,1.1529966996990867e-12,0.06076319229330758,False,direct_vp,global_exact_spherical_vp,main_single_proposed,True,8a510db4312e39fe,adaptive_jones,cupy,True,0,cupy,cupy.linalg.solve,fixed_pol_anchor,True,fixed_anchor_then_adaptive_jones_score_selection,fixed_pol_anchor,0.4264290151887127,8.468732796579703,3.4489634994492966,0.0,True,3,4,3096725.458075429,3097931.167559657,"[8.468732796579703,0.4264290151887127,1.451728686579474]","[0.11808142068142766,2.3450561860970733,0.6888339462070717]","[5.166320101566519e-08,4.380480446485446e-08,1.0583990156212107e-07]",direct_vp,[],3096779.2847608756,3096560,True,23502313.775618266,80.86833505812103,21.09599051275879,0.02403273072193928,"[4.9734005468238935,5.01389930853175,4.956650436034188]",150.25193060189486,54.888842307031155,206.1553427129984,nan,nan,nan,nan,False,,nan,,,nan,nan,nan,,,,,,,,0.00029596459279772737,2.389766953836546e-06,0.06076319229330758,nan,nan,nan,False,not_run,not_requested
fig1,PEB,35,714029656,5.0,snr_db,5.0,3,3,3,3,full_6d,714029656,,,nan,,False,,5.216181039810181,nan,nan,nan,nan,nan,nan,False,,,peb_only,False,4d875bcec6d36b81,,,,,,,adaptive_jones,True,fixed_anchor_then_adaptive_jones_score_selection,,nan,nan,nan,nan,True,,,nan,nan,,,,,[],nan,,,nan,nan,nan,nan,,nan,nan,nan,0.00021536817566115358,nan,nan,0.00021536817566115358,False,5d8c0ccf801b5347ce0be3d5af96b3f2d9a4ebabf39c0be2596e7a64087c3f22,0.06075920355859982,computed_unscaled,cpu,nan,nan,nan,,,,,,,,nan,nan,nan,nan,nan,nan,False,,
fig1,adaptive_jones_vp_proposed,37,1911328645,5.0,snr_db,5.0,3,3,3,3,full_6d,1911328645,,,nan,,False,,60.73866471648216,0.00024840941380523747,0.00024840941380523747,1.3414165437539446e-06,5.2894801095397455e-05,2.6285966071882676e-13,0.07223941896316553,False,direct_vp,global_exact_spherical_vp,main_single_proposed,True,b04fe83e58ee4b56,adaptive_jones,cupy,True,0,cupy,cupy.linalg.solve,fixed_pol_anchor,True,fixed_anchor_then_adaptive_jones_score_selection,fixed_pol_anchor,0.470250995423742,2.2467112065158363,1.4619873538906312,0.0,True,3,4,3096725.458075429,3133390.6164981537,"[1.6689998597323146,0.470250995423742,2.2467112065158363]","[0.5991612247101793,2.126523940897631,0.44509503361962455]","[6.019291377224998e-07,1.2620095242939763e-07,2.8460492723912103e-07]",direct_vp,[],3094165.5653814953,3096560,True,17819693.852846924,84.9667259791948,24.945524628465193,0.08115612456343783,"[5.069696549143666,5.014587193546552,4.876731340580117]",137.12489492446184,54.575449123978615,192.73908653110266,nan,nan,nan,nan,False,,nan,,,nan,nan,nan,,,,,,,,0.00024840941380523747,1.3414165437539446e-06,0.07223941896316553,nan,nan,nan,False,not_run,not_requested
fig1,PEB,37,1911328645,5.0,snr_db,5.0,3,3,3,3,full_6d,1911328645,,,nan,,False,,5.017776757478714,nan,nan,nan,nan,nan,nan,False,,,peb_only,False,37df0ccc4b7b80d1,,,,,,,adaptive_jones,True,fixed_anchor_then_adaptive_jones_score_selection,,nan,nan,nan,nan,True,,,nan,nan,,,,,[],nan,,,nan,nan,nan,nan,,nan,nan,nan,0.00024251521933925908,nan,nan,0.00024251521933925908,False,89cd20fcd9a64ac709c19d36df44d0df4be8c42c9af5aab07d8f4fd5c690dd17,0.072295695329963,computed_unscaled,cpu,nan,nan,nan,,,,,,,,nan,nan,nan,nan,nan,nan,False,,
fig1,adaptive_jones_vp_proposed,4,287230138,5.0,snr_db,5.0,3,3,3,3,full_6d,287230138,,,nan,,False,,534.0549472346902,0.00018976019302163386,0.00018976019302163386,1.4451515446861987e-06,0.000147106994424862,1.5962190172517233e-13,0.15631429452681647,False,direct_vp,global_exact_spherical_vp,main_single_proposed,True,c9eb8c83d46ae5d0,adaptive_jones,cupy,True,0,cupy,cupy.linalg.solve,fixed_pol_anchor,True,fixed_anchor_then_adaptive_jones_score_selection,fixed_pol_anchor,0.633689201254825,4.4959272025049515,1.9530869558508155,0.0,True,3,4,3096725.458075429,3120852.4595470214,"[4.4959272025049515,0.72964446379267,0.633689201254825]","[0.22242353022049466,1.3705305112592787,1.5780606613134267]","[1.260527305878031e-07,3.3240088508025474e-08,1.2093722195583693e-06]",direct_vp,[],3096268.8520706394,3096560,True,29164371.95952052,76.1452915980684,27.834613972559897,0.0299320329591847,"[4.946920988050618,4.990646819430619,5.019751623322816]",141.024084597826,529.0924278199673,671.295012511313,nan,nan,nan,nan,False,,nan,,,nan,nan,nan,,,,,,,,0.00018976019302163386,1.4451515446861987e-06,0.15631429452681647,nan,nan,nan,False,not_run,not_requested
fig1,PEB,4,287230138,5.0,snr_db,5.0,3,3,3,3,full_6d,287230138,,,nan,,False,,4.728787660598755,nan,nan,nan,nan,nan,nan,False,,,peb_only,False,cbc86d9fd4e871f0,,,,,,,adaptive_jones,True,fixed_anchor_then_adaptive_jones_score_selection,,nan,nan,nan,nan,True,,,nan,nan,,,,,[],nan,,,nan,nan,nan,nan,,nan,nan,nan,0.00017845997537464458,nan,nan,0.00017845997537464458,False,72d5586e1e2071d827e37c0d5029359210d7878b9ab9d369f2c38d0e300801aa,0.15632980080685455,computed_unscaled,cpu,nan,nan,nan,,,,,,,,nan,nan,nan,nan,nan,nan,False,,
fig1,adaptive_jones_vp_proposed,84,3985341227,0.0,snr_db,0.0,3,3,3,3,full_6d,3985341227,,,nan,,False,,701.4054863601923,0.0002797099227144018,0.0002797099227144018,7.413640397765852e-06,6.706256965690802e-05,2.336795007174566e-13,0.6950777364017267,False,direct_vp,global_exact_spherical_vp,main_single_proposed,True,e5b4a3131d98a41d,adaptive_jones,cupy,True,0,cupy,cupy.linalg.solve,fixed_pol_anchor,True,fixed_anchor_then_adaptive_jones_score_selection,fixed_pol_anchor,1.5027034068227403,6.805278774342773,4.570678709160167,0.0,True,3,4,3096725.458075429,3164711.487919118,"[1.5027034068227403,5.404053946314989,6.805278774342773]","[0.665467314080867,0.1850462652536053,0.14694475173645927]","[1.4502663989142645e-07,3.2039389787530664e-08,4.897823861269149e-08]",direct_vp,[],3093751.8089110623,3096560,True,4837779.2614170695,108.44574356233858,15.88802404490391,0.02704386084475978,"[4.943522227036032,4.995107599589964,4.93332354148429]",142.69152392446995,594.4914928749204,738.4667245224118,nan,nan,nan,nan,False,,nan,,,nan,nan,nan,,,,,,,,0.0002797099227144018,7.413640397765852e-06,0.6950777364017267,nan,nan,nan,False,not_run,not_requested
fig1,PEB,84,3985341227,0.0,snr_db,0.0,3,3,3,3,full_6d,3985341227,,,nan,,False,,4.7782332971692085,nan,nan,nan,nan,nan,nan,False,,,peb_only,False,e940284bd2ae38dc,,,,,,,adaptive_jones,True,fixed_anchor_then_adaptive_jones_score_selection,,nan,nan,nan,nan,True,,,nan,nan,,,,,[],nan,,,nan,nan,nan,nan,,nan,nan,nan,0.0004651456702461851,nan,nan,0.0004651456702461851,False,763c74c3103c34dc91712b88cb00b247f3e9461f0fa66c55a5e9608e707daf96,0.6957122515375597,computed_unscaled,cpu,nan,nan,nan,,,,,,,,nan,nan,nan,nan,nan,nan,False,,
fig1,adaptive_jones_vp_proposed,39,1925729663,5.0,snr_db,5.0,3,3,3,3,full_6d,1925729663,,,nan,,False,,67.46598605066538,0.00012949124191755657,0.00012949124191755657,2.3669822694187637e-06,2.1786200808788676e-05,1.75695570465506e-13,0.028084128138801262,False,direct_vp,global_exact_spherical_vp,main_single_proposed,True,f6f9718652a11019,adaptive_jones,cupy,True,0,cupy,cupy.linalg.solve,fixed_pol_anchor,True,fixed_anchor_then_adaptive_jones_score_selection,fixed_pol_anchor,0.4314131051364715,6.570270967724083,2.812914897153764,0.0,True,3,4,3096725.458075429,3121829.019548091,"[1.437060618600737,6.570270967724083,0.4314131051364715]","[0.6958648696199474,0.1522007242784731,2.31796389143819]","[9.92877791593909e-07,4.074202966644893e-08,1.5156234242471043e-06]",direct_vp,[],3096020.386191728,3096560,True,26151654.557481334,90.07909877211715,23.604292191002642,0.06212205550107482,"[4.977807371400751,5.122552616574766,5.009525541486346]",146.24165537953377,60.87350222468376,208.35298569500446,nan,nan,nan,nan,False,,nan,,,nan,nan,nan,,,,,,,,0.00012949124191755657,2.3669822694187637e-06,0.028084128138801262,nan,nan,nan,False,not_run,not_requested
fig1,PEB,39,1925729663,5.0,snr_db,5.0,3,3,3,3,full_6d,1925729663,,,nan,,False,,4.678672477602959,nan,nan,nan,nan,nan,nan,False,,,peb_only,False,3dc845492e4a61a9,,,,,,,adaptive_jones,True,fixed_anchor_then_adaptive_jones_score_selection,,nan,nan,nan,nan,True,,,nan,nan,,,,,[],nan,,,nan,nan,nan,nan,,nan,nan,nan,0.00018344877290360064,nan,nan,0.00018344877290360064,False,96864a0d945e4bbb9c67c4c5c4b209be5179ce0b5fab7e2f47325b1eaa6bc2cc,0.0280891681344863,computed_unscaled,cpu,nan,nan,nan,,,,,,,,nan,nan,nan,nan,nan,nan,False,,
fig1,adaptive_jones_vp_proposed,40,1007248754,5.0,snr_db,5.0,3,3,3,3,full_6d,1007248754,,,nan,,False,,69.66268805414438,0.0002232115030385028,0.0002232115030385028,1.2507976187060837e-06,5.4660441258874155e-05,1.2454536212331698e-14,0.09296618977720497,False,direct_vp,global_exact_spherical_vp,main_single_proposed,True,1ada420390f6695a,adaptive_jones,cupy,True,0,cupy,cupy.linalg.solve,fixed_pol_anchor,True,fixed_anchor_then_adaptive_jones_score_selection,fixed_pol_anchor,0.4298870586244447,2.9458295667861396,1.7987112045500349,0.0,True,3,4,3096725.458075429,3097373.025999562,"[0.4298870586244447,2.0204169882395204,2.9458295667861396]","[2.3261923799227087,0.4949473330598572,0.3394629517172104]","[7.096360894282638e-07,2.6306977540192934e-08,4.4359100170579676e-07]",direct_vp,[],3096552.1704924395,3096560,True,16114352.32441567,101.44968627901618,23.171706433550618,0.036221484365021914,"[5.020365839592294,5.001496984700046,4.9358517449950945]",141.25483053177595,63.32150594890118,205.82170670479536,nan,nan,nan,nan,False,,nan,,,nan,nan,nan,,,,,,,,0.0002232115030385028,1.2507976187060837e-06,0.09296618977720497,nan,nan,nan,False,not_run,not_requested
fig1,PEB,40,1007248754,5.0,snr_db,5.0,3,3,3,3,full_6d,1007248754,,,nan,,False,,4.868457660079002,nan,nan,nan,nan,nan,nan,False,,,peb_only,False,2db71b891a94253d,,,,,,,adaptive_jones,True,fixed_anchor_then_adaptive_jones_score_selection,,nan,nan,nan,nan,True,,,nan,nan,,,,,[],nan,,,nan,nan,nan,nan,,nan,nan,nan,0.0002552588646638665,nan,nan,0.0002552588646638665,False,8bb652b717ff684281335ff9a69fbed705a14cc366cf654f3e53c1ef0c7a4d23,0.09296690519822816,computed_unscaled,cpu,nan,nan,nan,,,,,,,,nan,nan,nan,nan,nan,nan,False,,
fig1,adaptive_jones_vp_proposed,38,445142407,5.0,snr_db,5.0,3,3,3,3,full_6d,445142407,,,nan,,False,,86.49869368225336,0.0004653837187374915,0.0004653837187374915,2.187627909671789e-06,0.00013430211030649703,1.6003480093664328e-12,0.2243230026763627,False,direct_vp,global_exact_spherical_vp,main_single_proposed,True,ea0333ee3587bfd3,adaptive_jones,cupy,True,0,cupy,cupy.linalg.solve,fixed_pol_anchor,True,fixed_anchor_then_adaptive_jones_score_selection,fixed_pol_anchor,0.3648398972274844,5.130532945001462,3.299508929539153,0.0,True,3,4,3096725.458075429,3097041.14111866,"[0.3648398972274844,5.130532945001462,4.403153946388514]","[2.740928301972733,0.19491152492630268,0.22710993350932032]","[5.515999665360212e-07,1.634496326754676e-07,1.707381023985439e-08]",direct_vp,[],3095402.7119835587,3096560,True,15010667.016198965,121.44285504643175,20.714523724095997,0.05328794788207811,"[5.004019805820426,4.900030575040994,4.8837031283709305]",133.19801806658506,80.23993390798569,214.59653449058533,nan,nan,nan,nan,False,,nan,,,nan,nan,nan,,,,,,,,0.0004653837187374915,2.187627909671789e-06,0.2243230026763627,nan,nan,nan,False,not_run,not_requested
fig1,PEB,38,445142407,5.0,snr_db,5.0,3,3,3,3,full_6d,445142407,,,nan,,False,,5.055356331169605,nan,nan,nan,nan,nan,nan,False,,,peb_only,False,5797bb65651685bb,,,,,,,adaptive_jones,True,fixed_anchor_then_adaptive_jones_score_selection,,nan,nan,nan,nan,True,,,nan,nan,,,,,[],nan,,,nan,nan,nan,nan,,nan,nan,nan,0.0002701666233464015,nan,nan,0.0002701666233464015,False,188df01b21e845096046e025598027817a0fefeca6c3a9da8733d6021c9aadff,0.2244080305436038,computed_unscaled,cpu,nan,nan,nan,,,,,,,,nan,nan,nan,nan,nan,nan,False,,
fig1,adaptive_jones_vp_proposed,43,409305243,5.0,snr_db,5.0,3,3,3,3,full_6d,409305243,,,nan,,False,,52.55947516858578,0.00036361245122278166,0.00036361245122278166,1.3362211989865959e-06,5.576979445785673e-05,1.1191183758424531e-13,0.10541141686328603,False,direct_vp,global_exact_spherical_vp,main_single_proposed,True,440d068a4cde7592,adaptive_jones,cupy,True,0,cupy,cupy.linalg.solve,fixed_pol_anchor,True,fixed_anchor_then_adaptive_jones_score_selection,fixed_pol_anchor,0.5816282488196532,2.5699059021284705,1.3651045046664663,0.0,True,3,4,3096725.458075429,3096808.800334364,"[0.5816282488196532,0.943779363051275,2.5699059021284705]","[1.719311264590057,1.0595696824372358,0.38911930556258933]","[4.86944171644061e-07,3.810651934357941e-08,1.3167364209952415e-06]",direct_vp,[],3099037.3446775624,3096560,True,18197000.993799523,97.03447255583067,29.384281220001974,0.0035551876876648036,"[4.994866979991252,4.9872307959433515,4.994674303476633]",130.5383633673191,46.52422134578228,178.25461579859257,nan,nan,nan,nan,False,,nan,,,nan,nan,nan,,,,,,,,0.00036361245122278166,1.3362211989865959e-06,0.10541141686328603,nan,nan,nan,False,not_run,not_requested
fig1,PEB,43,409305243,5.0,snr_db,5.0,3,3,3,3,full_6d,409305243,,,nan,,False,,5.011330544948578,nan,nan,nan,nan,nan,nan,False,,,peb_only,False,539e10f3c4818d17,,,,,,,adaptive_jones,True,fixed_anchor_then_adaptive_jones_score_selection,,nan,nan,nan,nan,True,,,nan,nan,,,,,[],nan,,,nan,nan,nan,nan,,nan,nan,nan,0.00023836647972006847,nan,nan,0.00023836647972006847,False,d06249056a46bde512ae6accc3f5b861faabc2ef0f40296322d007b403b53207,0.105327696081316,computed_unscaled,cpu,nan,nan,nan,,,,,,,,nan,nan,nan,nan,nan,nan,False,,
fig1,adaptive_jones_vp_proposed,42,1970772956,5.0,snr_db,5.0,3,3,3,3,full_6d,1970772956,,,nan,,False,,57.05926701426506,5.1635441035191416e-05,5.1635441035191416e-05,5.821262744010913e-07,1.1688526433480694e-05,1.4972780618726996e-13,0.05438407441740773,False,direct_vp,global_exact_spherical_vp,main_single_proposed,True,b95ffb4d65f72fe1,adaptive_jones,cupy,True,0,cupy,cupy.linalg.solve,fixed_pol_anchor,True,fixed_anchor_then_adaptive_jones_score_selection,fixed_pol_anchor,0.5655683323221188,3.3096937144007166,1.5964281795332242,0.0,True,3,4,3096725.458075429,3096810.5988760646,"[3.3096937144007166,0.9140224918768372,0.5655683323221188]","[0.30214276192555767,1.0940649807705543,1.7681329431823378]","[8.372010574691234e-07,3.931538593352317e-08,2.820478629809432e-07]",direct_vp,[],3097092.7228654893,3096560,True,27091505.60147204,72.503955337451,27.953766450153584,0.027521181879128703,"[5.046379106469381,4.979456970516773,5.005886657137761]",146.12284717708826,50.51409160345793,197.8660424053669,nan,nan,nan,nan,False,,nan,,,nan,nan,nan,,,,,,,,5.1635441035191416e-05,5.821262744010913e-07,0.05438407441740773,nan,nan,nan,False,not_run,not_requested
fig1,PEB,42,1970772956,5.0,snr_db,5.0,3,3,3,3,full_6d,1970772956,,,nan,,False,,5.282429352402687,nan,nan,nan,nan,nan,nan,False,,,peb_only,False,9e18addc83a391b6,,,,,,,adaptive_jones,True,fixed_anchor_then_adaptive_jones_score_selection,,nan,nan,nan,nan,True,,,nan,nan,,,,,[],nan,,,nan,nan,nan,nan,,nan,nan,nan,0.00019028000218306246,nan,nan,0.00019028000218306246,False,4af21c66cd27ed283a830009c130c6232a0ae08038b9a036394b8e1c4ae43a65,0.05437500090967498,computed_unscaled,cpu,nan,nan,nan,,,,,,,,nan,nan,nan,nan,nan,nan,False,,
fig1,adaptive_jones_vp_proposed,44,2937526438,5.0,snr_db,5.0,3,3,3,3,full_6d,2937526438,,,nan,,False,,61.40599848330021,8.665456772691453e-05,8.665456772691453e-05,2.4150703434718576e-06,1.2249758404003619e-05,1.336846823304886e-13,0.1001750169289636,False,direct_vp,global_exact_spherical_vp,main_single_proposed,True,449621bc8c081cb5,adaptive_jones,cupy,True,0,cupy,cupy.linalg.solve,fixed_pol_anchor,True,fixed_anchor_then_adaptive_jones_score_selection,fixed_pol_anchor,0.6077551501493217,3.10616067349682,1.5169797051581526,0.0,True,3,4,3096725.458075429,3098259.9535734453,"[3.10616067349682,0.6077551501493217,0.837023291828316]","[0.3219408475966328,1.645399466797934,1.1947098841357875]","[9.237148321057594e-08,1.8261318305190589e-07,3.303782272876461e-07]",direct_vp,[],3098562.566828462,3096560,True,26858579.190629493,72.67151519215275,26.603206735376485,0.025021768301508925,"[4.9654963414873,4.999385175551871,5.026668127811831]",141.61858690530062,54.971238762140274,197.8234847933054,nan,nan,nan,nan,False,,nan,,,nan,nan,nan,,,,,,,,8.665456772691453e-05,2.4150703434718576e-06,0.1001750169289636,nan,nan,nan,False,not_run,not_requested
fig1,PEB,44,2937526438,5.0,snr_db,5.0,3,3,3,3,full_6d,2937526438,,,nan,,False,,5.107657581567764,nan,nan,nan,nan,nan,nan,False,,,peb_only,False,4729362567b4b80b,,,,,,,adaptive_jones,True,fixed_anchor_then_adaptive_jones_score_selection,,nan,nan,nan,nan,True,,,nan,nan,,,,,[],nan,,,nan,nan,nan,nan,,nan,nan,nan,0.00019514314628769216,nan,nan,0.00019514314628769216,False,a69e9e58b307bf283137f27fcdcb11ba27c21f96108559d9bf8b0d1b3c2cba08,0.10011079219204781,computed_unscaled,cpu,nan,nan,nan,,,,,,,,nan,nan,nan,nan,nan,nan,False,,
fig1,adaptive_jones_vp_proposed,46,3306807379,5.0,snr_db,5.0,3,3,3,3,full_6d,3306807379,,,nan,,False,,65.35505105555058,0.000335042898511377,0.000335042898511377,1.6536704681639148e-06,5.225494453982592e-05,1.845846542606159e-13,0.1363640268200279,False,direct_vp,global_exact_spherical_vp,main_single_proposed,True,10f5b1482424d56e,adaptive_jones,cupy,True,0,cupy,cupy.linalg.solve,fixed_pol_anchor,True,fixed_anchor_then_adaptive_jones_score_selection,fixed_pol_anchor,0.4546459322247098,4.008651786019892,1.9466844503212437,0.0,True,3,4,3096725.458075429,3102535.319340197,"[4.008651786019892,1.3767556327191286,0.4546459322247098]","[0.24946043043286398,0.7263453122930734,2.1995137955073423]","[2.5673293059625623e-07,6.865835213635035e-08,1.450191431786285e-06]",direct_vp,[],3095202.120839211,3096560,True,27003489.13999474,78.02250484536351,24.141230683012267,0.02440020925981412,"[4.98103576158402,5.017223404482743,5.040324325777185]",121.46440123021603,58.99427302926779,181.59452407062054,nan,nan,nan,nan,False,,nan,,,nan,nan,nan,,,,,,,,0.000335042898511377,1.6536704681639148e-06,0.1363640268200279,nan,nan,nan,False,not_run,not_requested
fig1,PEB,46,3306807379,5.0,snr_db,5.0,3,3,3,3,full_6d,3306807379,,,nan,,False,,5.302519887685776,nan,nan,nan,nan,nan,nan,False,,,peb_only,False,ede6334245d887a5,,,,,,,adaptive_jones,True,fixed_anchor_then_adaptive_jones_score_selection,,nan,nan,nan,nan,True,,,nan,nan,,,,,[],nan,,,nan,nan,nan,nan,,nan,nan,nan,0.00018560504410764108,nan,nan,0.00018560504410764108,False,324c3cee61ad53d18a3b7f70cef7049986ada5517935cd8531014229a0b305be,0.13642455524027805,computed_unscaled,cpu,nan,nan,nan,,,,,,,,nan,nan,nan,nan,nan,nan,False,,
fig1,adaptive_jones_vp_proposed,47,582567175,5.0,snr_db,5.0,3,3,3,3,full_6d,582567175,,,nan,,False,,54.2914170473814,0.00018173800484198613,0.00018173800484198613,2.5310050238167673e-06,3.2407762243413845e-05,5.152807353843351e-14,0.06794803024651612,False,direct_vp,global_exact_spherical_vp,main_single_proposed,True,a181cf72b7603218,adaptive_jones,cupy,True,0,cupy,cupy.linalg.solve,fixed_pol_anchor,True,fixed_anchor_then_adaptive_jones_score_selection,fixed_pol_anchor,0.46071893449128437,7.066310161044794,2.896322229681436,0.0,True,3,4,3096725.458075429,3099072.5114011616,"[1.1619375935082303,0.46071893449128437,7.066310161044794]","[0.8606314190932964,2.1705207343034796,0.14151657331795892]","[5.461207389646921e-06,2.0434052906978974e-08,9.028773466927092e-09]",direct_vp,[],3097251.2546137767,3096560,True,17046784.069944963,95.89501715831824,20.170749295534296,0.02280591610245668,"[4.964433574026969,5.008478299958071,4.956697900599541]",130.05302996188402,47.82325515151024,179.0720025524497,nan,nan,nan,nan,False,,nan,,,nan,nan,nan,,,,,,,,0.00018173800484198613,2.5310050238167673e-06,0.06794803024651612,nan,nan,nan,False,not_run,not_requested
fig1,PEB,47,582567175,5.0,snr_db,5.0,3,3,3,3,full_6d,582567175,,,nan,,False,,5.135950766503811,nan,nan,nan,nan,nan,nan,False,,,peb_only,False,af7988d40ebb126b,,,,,,,adaptive_jones,True,fixed_anchor_then_adaptive_jones_score_selection,,nan,nan,nan,nan,True,,,nan,nan,,,,,[],nan,,,nan,nan,nan,nan,,nan,nan,nan,0.00024564678632260585,nan,nan,0.00024564678632260585,False,050689952234d9ff329be9f4e449f2035a50644af1a2423c3a762752f771130c,0.06793321639476527,computed_unscaled,cpu,nan,nan,nan,,,,,,,,nan,nan,nan,nan,nan,nan,False,,
fig1,adaptive_jones_vp_proposed,45,2629875502,5.0,snr_db,5.0,3,3,3,3,full_6d,2629875502,,,nan,,False,,69.16094157099724,6.55463872611677e-05,6.55463872611677e-05,1.4161021973349042e-06,3.1297847198259234e-05,1.6506348159117287e-13,0.1166646601103173,False,direct_vp,global_exact_spherical_vp,main_single_proposed,True,ed4da5a45a14963d,adaptive_jones,cupy,True,0,cupy,cupy.linalg.solve,fixed_pol_anchor,True,fixed_anchor_then_adaptive_jones_score_selection,fixed_pol_anchor,0.7455403351713287,1.2208788186959132,0.9909869116101279,0.0,True,3,4,3096725.458075429,3096804.515478737,"[1.2208788186959132,0.7455403351713287,1.0065415809631417]","[0.8190821109231246,1.341309051735544,0.99350093320746]","[9.048424256643201e-08,6.557079815534158e-09,8.527733140150436e-07]",direct_vp,[],3094883.9586736383,3096560,True,26031419.72303014,71.67351481514571,32.3448704560538,0.024029511324189387,"[5.061338181446471,5.0232077267159685,5.003440883808173]",127.03827387839556,62.425444915890694,190.49201603978872,nan,nan,nan,nan,False,,nan,,,nan,nan,nan,,,,,,,,6.55463872611677e-05,1.4161021973349042e-06,0.1166646601103173,nan,nan,nan,False,not_run,not_requested
fig1,PEB,45,2629875502,5.0,snr_db,5.0,3,3,3,3,full_6d,2629875502,,,nan,,False,,5.170386143028736,nan,nan,nan,nan,nan,nan,False,,,peb_only,False,d43306f3da7ba87d,,,,,,,adaptive_jones,True,fixed_anchor_then_adaptive_jones_score_selection,,nan,nan,nan,nan,True,,,nan,nan,,,,,[],nan,,,nan,nan,nan,nan,,nan,nan,nan,0.0001979350763428231,nan,nan,0.0001979350763428231,False,61ef90b44bee96edd1828bab28b96f525f17a012a323714534c6c3c927bfb322,0.11672844325335868,computed_unscaled,cpu,nan,nan,nan,,,,,,,,nan,nan,nan,nan,nan,nan,False,,
fig1,adaptive_jones_vp_proposed,11,3685333214,5.0,snr_db,5.0,3,3,3,3,full_6d,3685333214,,,nan,,False,,540.6493722051382,1.749244738573503e-05,1.749244738573503e-05,8.177346727295451e-07,7.452305901682591e-06,3.1912954215513374e-13,0.09054006285060012,False,direct_vp,global_exact_spherical_vp,main_single_proposed,True,a943cdb8587c212d,adaptive_jones,cupy,True,0,cupy,cupy.linalg.solve,fixed_pol_anchor,True,fixed_anchor_then_adaptive_jones_score_selection,fixed_pol_anchor,0.3820607172824554,10.24557848258299,4.285525910308639,0.0,True,3,4,3096725.458075429,3112101.675001067,"[10.24557848258299,0.3820607172824554,2.228938531060471]","[0.09760307840984363,2.6173850248527994,0.4486440456130466]","[1.2669825155802922e-07,9.940131499573428e-08,1.005094000406287e-06]",direct_vp,"[""poor_clock_consistency""]",3091929.024477602,3096560,True,18981008.995855987,91.95748218426473,13.629915803636296,0.13390765494359466,"[5.272655056465274,4.981804269358245,4.995909310469214]",146.1724933758378,534.1167925074697,681.5323647707701,nan,nan,nan,nan,False,,nan,,,nan,nan,nan,,,,,,,,1.749244738573503e-05,8.177346727295451e-07,0.09054006285060012,nan,nan,nan,False,not_run,not_requested
fig1,PEB,11,3685333214,5.0,snr_db,5.0,3,3,3,3,full_6d,3685333214,,,nan,,False,,4.472931899130344,nan,nan,nan,nan,nan,nan,False,,,peb_only,False,1e97832fc6eddfae,,,,,,,adaptive_jones,True,fixed_anchor_then_adaptive_jones_score_selection,,nan,nan,nan,nan,True,,,nan,nan,,,,,[],nan,,,nan,nan,nan,nan,,nan,nan,nan,0.0002422267186601923,nan,nan,0.0002422267186601923,False,e9ccda1e403051d390ee49d3f08d80b8c395469b47c082ff498964bcdaeda690,0.09067613889003451,computed_unscaled,cpu,nan,nan,nan,,,,,,,,nan,nan,nan,nan,nan,nan,False,,
fig1,adaptive_jones_vp_proposed,9,3933360494,5.0,snr_db,5.0,3,3,3,3,full_6d,3933360494,,,nan,,False,,589.0077093690634,5.662101495119385e-05,5.662101495119385e-05,1.6118045284800082e-06,1.4222298201098885e-05,2.0756486530607422e-13,0.037669894455623874,False,direct_vp,global_exact_spherical_vp,main_single_proposed,True,52158f5dd52e9853,adaptive_jones,cupy,True,0,cupy,cupy.linalg.solve,fixed_pol_anchor,True,fixed_anchor_then_adaptive_jones_score_selection,fixed_pol_anchor,0.7039197979678713,1.1947165753330424,1.0010658295950352,0.0,True,3,4,3096725.458075429,4043405.496924565,"[0.7039197979678713,1.1947165753330424,1.1045611154841917]","[1.4206163868187418,0.8370186039480054,0.9053369578020487]","[4.0423416726916594e-07,3.6335611507445235e-06,8.779113829238515e-07]",direct_vp,[],3096586.574428075,3096560,True,22830519.55824606,76.99765366273235,32.90997555035969,0.030675250183529918,"[5.046217850728893,4.9810950081289125,4.981196748115414]",145.5193591043353,583.4648716747761,730.1815277263522,nan,nan,nan,nan,False,,nan,,,nan,nan,nan,,,,,,,,5.662101495119385e-05,1.6118045284800082e-06,0.037669894455623874,nan,nan,nan,False,not_run,not_requested
fig1,PEB,9,3933360494,5.0,snr_db,5.0,3,3,3,3,full_6d,3933360494,,,nan,,False,,3.618468299508095,nan,nan,nan,nan,nan,nan,False,,,peb_only,False,a8c3627a9ba0d1ba,,,,,,,adaptive_jones,True,fixed_anchor_then_adaptive_jones_score_selection,,nan,nan,nan,nan,True,,,nan,nan,,,,,[],nan,,,nan,nan,nan,nan,,nan,nan,nan,0.00021394930995070362,nan,nan,0.00021394930995070362,False,2f009590b628473d7acf259cec76359e96ba2256fe333ef7c1514fe7022a67d5,0.0376697658179837,computed_unscaled,cpu,nan,nan,nan,,,,,,,,nan,nan,nan,nan,nan,nan,False,,
fig1,adaptive_jones_vp_proposed,14,1092560480,5.0,snr_db,5.0,3,3,3,3,full_6d,1092560480,,,nan,,False,,543.6628675162792,0.00019688553033259676,0.00019688553033259676,1.918923023617971e-06,0.0001407186720498184,3.8769657828548965e-13,0.06836063143903161,False,direct_vp,global_exact_spherical_vp,main_single_proposed,True,8e8f359405c9aaae,adaptive_jones,cupy,True,0,cupy,cupy.linalg.solve,fixed_pol_anchor,True,fixed_anchor_then_adaptive_jones_score_selection,fixed_pol_anchor,0.7118243337933615,1.1810595640183388,1.0017471412215497,0.0,True,3,4,3096725.458075429,4173866.1108716303,"[1.1810595640183388,1.112357525852949,0.7118243337933615]","[0.8466973474195512,0.898991535326822,1.4048409874810242]","[6.278191000096688e-07,1.0181994191329047e-06,4.3606544159199577e-07]",direct_vp,[],3094527.368250991,3096560,True,25092015.984646317,68.80171214085365,30.505191880095268,0.02673408371474154,"[5.044879886177266,4.983876025602577,4.9937600682547005]",145.9695745036006,537.1052206009626,684.2484467625618,nan,nan,nan,nan,False,,nan,,,nan,nan,nan,,,,,,,,0.00019688553033259676,1.918923023617971e-06,0.06836063143903161,nan,nan,nan,False,not_run,not_requested
fig1,PEB,14,1092560480,5.0,snr_db,5.0,3,3,3,3,full_6d,1092560480,,,nan,,False,,4.991415798664093,nan,nan,nan,nan,nan,nan,False,,,peb_only,False,ec4f4df7786c653d,,,,,,,adaptive_jones,True,fixed_anchor_then_adaptive_jones_score_selection,,nan,nan,nan,nan,True,,,nan,nan,,,,,[],nan,,,nan,nan,nan,nan,,nan,nan,nan,0.0002032846704328461,nan,nan,0.0002032846704328461,False,f1022bc01518ff6f31f9f6e642efb32029d98d2c096644b99cc3e0e6c8ec44d7,0.06840588738389257,computed_unscaled,cpu,nan,nan,nan,,,,,,,,nan,nan,nan,nan,nan,nan,False,,
fig1,adaptive_jones_vp_proposed,12,2210497206,5.0,snr_db,5.0,3,3,3,3,full_6d,2210497206,,,nan,,False,,556.1039181500673,0.0002236681542404593,0.0002236681542404593,9.569338413570794e-07,7.788630797301147e-06,1.6101270878171487e-13,0.144173796428705,False,direct_vp,global_exact_spherical_vp,main_single_proposed,True,84885747a165eaac,adaptive_jones,cupy,True,0,cupy,cupy.linalg.solve,fixed_pol_anchor,True,fixed_anchor_then_adaptive_jones_score_selection,fixed_pol_anchor,0.5995335267334763,1.62809441723498,1.1178680012519564,0.0,True,3,4,3096725.458075429,3353485.456901495,"[1.62809441723498,1.1259760597874127,0.5995335267334763]","[0.6142149923323788,0.888118349681144,1.667963433918104]","[3.776648264429663e-07,1.6171799249014625e-07,5.182822538891902e-07]",direct_vp,[],3098867.9088276615,3096560,True,28755075.682238467,71.48678572664679,32.6864803346593,0.00854100172286538,"[5.033664366388677,5.0493975932479715,5.029588686220341]",146.89870167523623,550.708332374692,698.8361484706402,nan,nan,nan,nan,False,,nan,,,nan,nan,nan,,,,,,,,0.0002236681542404593,9.569338413570794e-07,0.144173796428705,nan,nan,nan,False,not_run,not_requested
fig1,PEB,12,2210497206,5.0,snr_db,5.0,3,3,3,3,full_6d,2210497206,,,nan,,False,,4.777221746742725,nan,nan,nan,nan,nan,nan,False,,,peb_only,False,6363b927856d3331,,,,,,,adaptive_jones,True,fixed_anchor_then_adaptive_jones_score_selection,,nan,nan,nan,nan,True,,,nan,nan,,,,,[],nan,,,nan,nan,nan,nan,,nan,nan,nan,0.0001808117699484918,nan,nan,0.0001808117699484918,False,0a1c4f0b423cde7d810066f20685360779b434f786c785131581505ed3dd312e,0.14406716613452206,computed_unscaled,cpu,nan,nan,nan,,,,,,,,nan,nan,nan,nan,nan,nan,False,,
fig1,adaptive_jones_vp_proposed,49,3038295588,5.0,snr_db,5.0,3,3,3,3,full_6d,3038295588,,,nan,,False,,62.80393971502781,0.00015033744622548758,0.00015033744622548758,3.2936639957429706e-06,2.4232888657390548e-05,8.987559830826922e-13,0.18351828622592722,False,direct_vp,global_exact_spherical_vp,main_single_proposed,True,a5c0af6d0f7168f3,adaptive_jones,cupy,True,0,cupy,cupy.linalg.solve,fixed_pol_anchor,True,fixed_anchor_then_adaptive_jones_score_selection,fixed_pol_anchor,0.5327125769510284,11.44458517546328,4.267674726527665,0.0,True,3,4,3096725.458075429,3189899.652425587,"[0.8257264271686873,11.44458517546328,0.5327125769510284]","[1.211054856785981,0.08737756630380228,1.8771848896884522]","[8.51056178785247e-07,4.9161349378372775e-08,7.359634144078551e-07]",direct_vp,[],3099200.7333608638,3096560,True,27631120.861561373,78.30816228583825,28.979804823380878,0.05304187479885169,"[5.042525560129794,5.156814575784527,5.046153735447348]",128.95417273789644,56.399359337985516,186.57202865928411,nan,nan,nan,nan,False,,nan,,,nan,nan,nan,,,,,,,,0.00015033744622548758,3.2936639957429706e-06,0.18351828622592722,nan,nan,nan,False,not_run,not_requested
fig1,PEB,49,3038295588,5.0,snr_db,5.0,3,3,3,3,full_6d,3038295588,,,nan,,False,,5.291955411434174,nan,nan,nan,nan,nan,nan,False,,,peb_only,False,3546cbfa2504d1c5,,,,,,,adaptive_jones,True,fixed_anchor_then_adaptive_jones_score_selection,,nan,nan,nan,nan,True,,,nan,nan,,,,,[],nan,,,nan,nan,nan,nan,,nan,nan,nan,0.00018520542775205518,nan,nan,0.00018520542775205518,False,acf4e48940052036015f088be14d19342fd02a5a04e03acf4cbab7169512ba81,0.1833628633896454,computed_unscaled,cpu,nan,nan,nan,,,,,,,,nan,nan,nan,nan,nan,nan,False,,
fig1,adaptive_jones_vp_proposed,52,2910844986,5.0,snr_db,5.0,3,3,3,3,full_6d,2910844986,,,nan,,False,,63.65615574270487,0.00039407671789328696,0.00039407671789328696,1.827836378528301e-06,3.323945052123141e-05,1.9120565418676958e-13,0.0526097913403619,False,direct_vp,global_exact_spherical_vp,main_single_proposed,True,8801182347e6fcbc,adaptive_jones,cupy,True,0,cupy,cupy.linalg.solve,fixed_pol_anchor,True,fixed_anchor_then_adaptive_jones_score_selection,fixed_pol_anchor,0.5146227884960491,11.331164587723313,4.242580695212089,0.0,True,3,4,3096725.458075429,3115414.8340405514,"[11.331164587723313,0.5146227884960491,0.8819547094169041]","[0.0882521820459755,1.9431708473733134,1.1338450708656664]","[1.8756949436148682e-07,1.270592613819423e-07,4.3956914754214623e-07]",direct_vp,[],3098630.8405622924,3096560,True,25156163.4657818,75.26579208031123,24.03735196892701,0.01875409026277506,"[4.980038159557063,4.984131644540767,4.942459732110534]",136.20921577513218,57.17336957901716,194.4822225123644,nan,nan,nan,nan,False,,nan,,,nan,nan,nan,,,,,,,,0.00039407671789328696,1.827836378528301e-06,0.0526097913403619,nan,nan,nan,False,not_run,not_requested
fig1,PEB,52,2910844986,5.0,snr_db,5.0,3,3,3,3,full_6d,2910844986,,,nan,,False,,5.460749007761478,nan,nan,nan,nan,nan,nan,False,,,peb_only,False,763ffd7cd41fbdc5,,,,,,,adaptive_jones,True,fixed_anchor_then_adaptive_jones_score_selection,,nan,nan,nan,nan,True,,,nan,nan,,,,,[],nan,,,nan,nan,nan,nan,,nan,nan,nan,0.00020670827590894353,nan,nan,0.00020670827590894353,False,9e98686db4702520cd73f5ec75cd23f453189f0d5a51de87101750eedce217fa,0.05257490343703222,computed_unscaled,cpu,nan,nan,nan,,,,,,,,nan,nan,nan,nan,nan,nan,False,,
fig1,adaptive_jones_vp_proposed,55,3199904066,5.0,snr_db,5.0,3,3,3,3,full_6d,3199904066,,,nan,,False,,62.90752024203539,8.913594893974046e-05,8.913594893974046e-05,1.0996186220469955e-06,7.890417493422904e-05,3.476892595554578e-13,0.12409239686341937,False,direct_vp,global_exact_spherical_vp,main_single_proposed,True,6ba31e9fc77bf8d2,adaptive_jones,cupy,True,0,cupy,cupy.linalg.solve,fixed_pol_anchor,True,fixed_anchor_then_adaptive_jones_score_selection,fixed_pol_anchor,0.656803102239849,1.2427167221765363,1.0261804310292615,0.0,True,3,4,3096725.458075429,3097174.106406505,"[1.2427167221765363,1.1790214686713991,0.656803102239849]","[0.8046886166038897,0.8481609763439579,1.5225263044420987]","[5.419378335302086e-07,1.846705473066796e-07,2.4307241101998074e-07]",direct_vp,[],3094481.9065567926,3096560,True,27032213.65285622,66.28612555279084,45.373419072165234,0.010344269454186783,"[5.001229714815931,5.0051077767959775,4.981483772347523]",137.26651012152433,56.32009947299957,194.62973272055387,nan,nan,nan,nan,False,,nan,,,nan,nan,nan,,,,,,,,8.913594893974046e-05,1.0996186220469955e-06,0.12409239686341937,nan,nan,nan,False,not_run,not_requested
fig1,PEB,55,3199904066,5.0,snr_db,5.0,3,3,3,3,full_6d,3199904066,,,nan,,False,,5.178242363035679,nan,nan,nan,nan,nan,nan,False,,,peb_only,False,7fa78569959cefd6,,,,,,,adaptive_jones,True,fixed_anchor_then_adaptive_jones_score_selection,,nan,nan,nan,nan,True,,,nan,nan,,,,,[],nan,,,nan,nan,nan,nan,,nan,nan,nan,0.0001931610534001764,nan,nan,0.0001931610534001764,False,ff385e78e5554a838decb9742089f6308b997df2029ddf9a6dfeb38655607425,0.12417637249568046,computed_unscaled,cpu,nan,nan,nan,,,,,,,,nan,nan,nan,nan,nan,nan,False,,
fig1,adaptive_jones_vp_proposed,53,3576518520,5.0,snr_db,5.0,3,3,3,3,full_6d,3576518520,,,nan,,False,,65.01843524724245,0.00013897575627543434,0.00013897575627543434,5.40603913511606e-07,0.00011338532348687222,1.22677940649387e-13,0.05929762932113032,False,direct_vp,global_exact_spherical_vp,main_single_proposed,True,96ae784f3e42bac9,adaptive_jones,cupy,True,0,cupy,cupy.linalg.solve,fixed_pol_anchor,True,fixed_anchor_then_adaptive_jones_score_selection,fixed_pol_anchor,0.3291058135041978,51.54989912579655,20.563971676923117,0.0,True,3,4,3096725.458075429,3096900.1898334688,"[51.54989912579655,0.3291058135041978,9.812910091468604]","[0.019398680053828294,3.038536418886188,0.10190656906757888]","[3.411182894809955e-09,7.456530546275692e-08,1.8857626499697076e-07]",direct_vp,"[""poor_clock_consistency""]",3093495.7669646014,3096560,True,11514781.339583209,166.88510417255804,8.586433237077424,0.22319600604898832,"[4.498481233523565,5.00524056613083,4.929541205811203]",141.4890819489956,58.635405980050564,201.2578778192401,nan,nan,nan,nan,False,,nan,,,nan,nan,nan,,,,,,,,0.00013897575627543434,5.40603913511606e-07,0.05929762932113032,nan,nan,nan,False,not_run,not_requested
fig1,PEB,53,3576518520,5.0,snr_db,5.0,3,3,3,3,full_6d,3576518520,,,nan,,False,,4.555803187191486,nan,nan,nan,nan,nan,nan,False,,,peb_only,False,5934110c71a4342f,,,,,,,adaptive_jones,True,fixed_anchor_then_adaptive_jones_score_selection,,nan,nan,nan,nan,True,,,nan,nan,,,,,[],nan,,,nan,nan,nan,nan,,nan,nan,nan,0.000300051998354177,nan,nan,0.000300051998354177,False,e200269e04ccf0a54521e583b609be7b0a3b6bdaccfd671ee9c073b4737a05cd,0.059356672723971306,computed_unscaled,cpu,nan,nan,nan,,,,,,,,nan,nan,nan,nan,nan,nan,False,,
fig1,adaptive_jones_vp_proposed,51,2092735507,5.0,snr_db,5.0,3,3,3,3,full_6d,2092735507,,,nan,,False,,68.55408535152674,0.00034315566834721675,0.00034315566834721675,1.400680033380333e-06,0.00010584157117892338,2.954059263407579e-13,0.22407368284890156,False,direct_vp,global_exact_spherical_vp,main_single_proposed,True,20282c49d087d8c5,adaptive_jones,cupy,True,0,cupy,cupy.linalg.solve,fixed_pol_anchor,True,fixed_anchor_then_adaptive_jones_score_selection,fixed_pol_anchor,0.37096892273422766,4.515368964529697,3.0010104933172705,0.0,True,3,4,3096725.458075429,3099876.3403625456,"[4.515368964529697,0.37096892273422766,4.116693592687888]","[0.2214658442866896,2.695643593617292,0.24291339092423425]","[1.2694064506717488e-07,1.6637585457123262e-07,2.100809003740488e-07]",direct_vp,[],3096492.8051350415,3096560,True,19162919.89795469,96.63926963775546,15.028349298101356,0.07912111063494337,"[5.045882358777864,5.024682823970138,4.868448510744672]",144.97188970446587,62.320272855460644,208.59490015357733,nan,nan,nan,nan,False,,nan,,,nan,nan,nan,,,,,,,,0.00034315566834721675,1.400680033380333e-06,0.22407368284890156,nan,nan,nan,False,not_run,not_requested
fig1,PEB,51,2092735507,5.0,snr_db,5.0,3,3,3,3,full_6d,2092735507,,,nan,,False,,4.7082374766469,nan,nan,nan,nan,nan,nan,False,,,peb_only,False,07e2c975ab9cf116,,,,,,,adaptive_jones,True,fixed_anchor_then_adaptive_jones_score_selection,,nan,nan,nan,nan,True,,,nan,nan,,,,,[],nan,,,nan,nan,nan,nan,,nan,nan,nan,0.00023682031963027754,nan,nan,0.00023682031963027754,False,ceb68ab38b09da961371426ea0267363a416dbe569c6f715609cdf27a87a3792,0.22407970313732414,computed_unscaled,cpu,nan,nan,nan,,,,,,,,nan,nan,nan,nan,nan,nan,False,,
fig1,adaptive_jones_vp_proposed,56,2167631329,5.0,snr_db,5.0,3,3,3,3,full_6d,2167631329,,,nan,,False,,63.48616090416908,4.694859597025785e-05,4.694859597025785e-05,1.0063734658392765e-06,4.099224260996266e-05,5.11019515496851e-13,0.12486889258925858,False,direct_vp,global_exact_spherical_vp,main_single_proposed,True,89524dcf0a23b26e,adaptive_jones,cupy,True,0,cupy,cupy.linalg.solve,fixed_pol_anchor,True,fixed_anchor_then_adaptive_jones_score_selection,fixed_pol_anchor,0.43610101902206005,7.057216678285129,2.951197304522737,0.0,True,3,4,3096725.458075429,3096767.8819502546,"[1.3602742162610229,7.057216678285129,0.43610101902206005]","[0.7351458904715061,0.14169892261773917,2.293046694185732]","[1.1731440551703202e-06,3.75559617923476e-09,1.5336765259377445e-07]",direct_vp,[],3095587.0100498353,3096560,True,25713433.738999277,84.94102695916418,23.99514642298109,0.025391752785925294,"[4.97086466932092,4.9558296241518605,5.015613728368541]",145.7184843569994,57.86550597846508,204.9388229176402,nan,nan,nan,nan,False,,nan,,,nan,nan,nan,,,,,,,,4.694859597025785e-05,1.0063734658392765e-06,0.12486889258925858,nan,nan,nan,False,not_run,not_requested
fig1,PEB,56,2167631329,5.0,snr_db,5.0,3,3,3,3,full_6d,2167631329,,,nan,,False,,5.2313670217990875,nan,nan,nan,nan,nan,nan,False,,,peb_only,False,dbcf4c42e3246cb9,,,,,,,adaptive_jones,True,fixed_anchor_then_adaptive_jones_score_selection,,nan,nan,nan,nan,True,,,nan,nan,,,,,[],nan,,,nan,nan,nan,nan,,nan,nan,nan,0.00019008863705699368,nan,nan,0.00019008863705699368,False,7d96ebe691cae134218fac4c44588ab5938392c288ecaa287b62d8519dd2dcef,0.12490878617953985,computed_unscaled,cpu,nan,nan,nan,,,,,,,,nan,nan,nan,nan,nan,nan,False,,
fig1,adaptive_jones_vp_proposed,57,476784074,5.0,snr_db,5.0,3,3,3,3,full_6d,476784074,,,nan,,False,,64.7143334671855,9.692172847260453e-05,9.692172847260453e-05,1.714310456592177e-06,2.9520033115209768e-05,2.2417195363759516e-14,0.05587020692010673,False,direct_vp,global_exact_spherical_vp,main_single_proposed,True,f11fb0df1a94caee,adaptive_jones,cupy,True,0,cupy,cupy.linalg.solve,fixed_pol_anchor,True,fixed_anchor_then_adaptive_jones_score_selection,fixed_pol_anchor,0.7002038216744098,1.2834995042016555,1.0173275932441361,0.0,True,3,4,3096725.458075429,3098117.2407357367,"[1.0682794538563434,1.2834995042016555,0.7002038216744098]","[0.9360846512483862,0.7791198958200787,1.428155587051756]","[9.816788475147924e-07,3.426564943076017e-08,2.3757696920995766e-07]",direct_vp,[],3100071.8079974875,3096560,True,26951363.74430035,61.80908742309359,30.88651307339446,0.0214521131739277,"[4.994244529257072,4.9835103179472,5.033424609248232]",137.27437114715576,58.19269569218159,196.57836255431175,nan,nan,nan,nan,False,,nan,,,nan,nan,nan,,,,,,,,9.692172847260453e-05,1.714310456592177e-06,0.05587020692010673,nan,nan,nan,False,not_run,not_requested
fig1,PEB,57,476784074,5.0,snr_db,5.0,3,3,3,3,full_6d,476784074,,,nan,,False,,4.9635863825678825,nan,nan,nan,nan,nan,nan,False,,,peb_only,False,e376b1eddb3f884d,,,,,,,adaptive_jones,True,fixed_anchor_then_adaptive_jones_score_selection,,nan,nan,nan,nan,True,,,nan,nan,,,,,[],nan,,,nan,nan,nan,nan,,nan,nan,nan,0.00019472039297561614,nan,nan,0.00019472039297561614,False,0678217d596e534740a4e9789e3054b9b6004d88d7430db9577064550d35976f,0.05580720466458842,computed_unscaled,cpu,nan,nan,nan,,,,,,,,nan,nan,nan,nan,nan,nan,False,,
fig1,adaptive_jones_vp_proposed,16,1080178429,5.0,snr_db,5.0,3,3,3,3,full_6d,1080178429,,,nan,,False,,632.8904474303126,4.770295757975472e-05,4.770295757975472e-05,5.91478890311398e-07,3.978198262356608e-05,5.602928827688814e-13,0.15208307008548053,False,direct_vp_rollback,global_exact_spherical_vp,main_single_proposed,True,00471f66cd06617f,adaptive_jones,cupy,True,0,cupy,cupy.linalg.solve,fixed_pol_anchor,True,fixed_anchor_then_adaptive_jones_score_selection,fixed_pol_anchor,0.4996947294604296,62.938921105151515,21.440556563878047,0.0,True,3,4,3096725.458075429,3107160.7781000673,"[0.883053857022197,62.938921105151515,0.4996947294604296]","[1.1324337604631292,0.015888419794587355,2.0012218281335494]","[2.861590523133341e-07,3.5824945844929566e-09,5.864818052706159e-08]",jnpp_then_vp,"[""poor_clock_consistency""]",3100975.130332072,3096560,False,27169539.910714235,87.54029742823467,12.194165820279741,0.1039759555062026,"[5.0214423506739045,5.186973044566427,4.936579570535179]",153.37994963675737,519.5787287056446,674.1681462600827,nan,nan,nan,nan,False,,nan,,,nan,nan,nan,,,,,,,,4.770295757975472e-05,5.91478890311398e-07,0.15208307008548053,4.770218652786904e-05,5.914800853409592e-07,0.15208307008548136,True,rollback,existing_selector_rollback
fig1,PEB,16,1080178429,5.0,snr_db,5.0,3,3,3,3,full_6d,1080178429,,,nan,,False,,5.165412865579128,nan,nan,nan,nan,nan,nan,False,,,peb_only,False,911d5b8a71655bbf,,,,,,,adaptive_jones,True,fixed_anchor_then_adaptive_jones_score_selection,,nan,nan,nan,nan,True,,,nan,nan,,,,,[],nan,,,nan,nan,nan,nan,,nan,nan,nan,0.00018657974469690617,nan,nan,0.00018657974469690617,False,2793ff1fce7242989610050dae2e9fefacb8b15f6d60bfd2b55605797f0e0ce8,0.15186732077486415,computed_unscaled,cpu,nan,nan,nan,,,,,,,,nan,nan,nan,nan,nan,nan,False,,
fig1,adaptive_jones_vp_proposed,58,1249403404,5.0,snr_db,5.0,3,3,3,3,full_6d,1249403404,,,nan,,False,,64.76730346679688,0.0001679876659377036,0.0001679876659377036,1.4957421185210015e-06,3.499764322440053e-06,1.0637666679107935e-12,0.214695707724692,False,direct_vp,global_exact_spherical_vp,main_single_proposed,True,ef49eaf2a3bea6be,adaptive_jones,cupy,True,0,cupy,cupy.linalg.solve,fixed_pol_anchor,True,fixed_anchor_then_adaptive_jones_score_selection,fixed_pol_anchor,0.6186106989996893,5.604899483489473,2.3190672645506143,0.0,True,3,4,3096725.458075429,3098273.698546333,"[0.6186106989996893,0.7336916111626812,5.604899483489473]","[1.6165255492936172,1.3629704698607172,0.1784153316112316]","[7.301521864014274e-07,5.373143148301549e-08,1.3056717421390335e-07]",direct_vp,"[""poor_clock_consistency""]",3097920.887464691,3096560,True,13923691.138366686,95.39489905956836,24.435589941333262,0.11405419027314193,"[5.000879763338476,4.955008432190167,5.216605946765981]",143.49571964889765,58.05878233909607,202.74985190480947,nan,nan,nan,nan,False,,nan,,,nan,nan,nan,,,,,,,,0.0001679876659377036,1.4957421185210015e-06,0.214695707724692,nan,nan,nan,False,not_run,not_requested
fig1,PEB,58,1249403404,5.0,snr_db,5.0,3,3,3,3,full_6d,1249403404,,,nan,,False,,5.006738469004631,nan,nan,nan,nan,nan,nan,False,,,peb_only,False,0f68ef93d7384f46,,,,,,,adaptive_jones,True,fixed_anchor_then_adaptive_jones_score_selection,,nan,nan,nan,nan,True,,,nan,nan,,,,,[],nan,,,nan,nan,nan,nan,,nan,nan,nan,0.00027132829894011527,nan,nan,0.00027132829894011527,False,282ef6b6a0b0bdc03992830ab54a887d3acbc9d2eab301295ecf986d4506a68e,0.21460250277320006,computed_unscaled,cpu,nan,nan,nan,,,,,,,,nan,nan,nan,nan,nan,nan,False,,
fig1,adaptive_jones_vp_proposed,61,3445288900,5.0,snr_db,5.0,3,3,3,3,full_6d,3445288900,,,nan,,False,,62.9396752640605,0.00020727993557227532,0.00020727993557227532,1.6309877073769685e-06,8.537366151507285e-05,6.610507221496784e-13,0.17933480923137177,False,direct_vp,global_exact_spherical_vp,main_single_proposed,True,c0b84a50fdd383c5,adaptive_jones,cupy,True,0,cupy,cupy.linalg.solve,fixed_pol_anchor,True,fixed_anchor_then_adaptive_jones_score_selection,fixed_pol_anchor,0.3718730588345545,4.839839703203774,2.9741727097171364,0.0,True,3,4,3096725.458075429,3098412.897005615,"[3.710805367113082,0.3718730588345545,4.839839703203774]","[0.26948327952168116,2.6890896671396836,0.20661841327786157]","[5.2255763030193147e-08,1.62986730902539e-07,3.9939579862051923e-07]",direct_vp,[],3096024.261899331,3096560,True,17839025.073837765,109.21071197133493,19.338723990248592,0.041062570039040805,"[4.9045805671144205,5.000368266716556,4.925901057781794]",136.45005157589912,56.3223455324769,194.0897959843278,nan,nan,nan,nan,False,,nan,,,nan,nan,nan,,,,,,,,0.00020727993557227532,1.6309877073769685e-06,0.17933480923137177,nan,nan,nan,False,not_run,not_requested
fig1,PEB,61,3445288900,5.0,snr_db,5.0,3,3,3,3,full_6d,3445288900,,,nan,,False,,5.069426082074642,nan,nan,nan,nan,nan,nan,False,,,peb_only,False,bbe004847e097f16,,,,,,,adaptive_jones,True,fixed_anchor_then_adaptive_jones_score_selection,,nan,nan,nan,nan,True,,,nan,nan,,,,,[],nan,,,nan,nan,nan,nan,,nan,nan,nan,0.00024730785753649266,nan,nan,0.00024730785753649266,False,ce2b3681cf373b19e71cb19b884bc3b16d08555336684f81783906b12368ba1d,0.17936676823384046,computed_unscaled,cpu,nan,nan,nan,,,,,,,,nan,nan,nan,nan,nan,nan,False,,
fig1,adaptive_jones_vp_proposed,60,1839575832,5.0,snr_db,5.0,3,3,3,3,full_6d,1839575832,,,nan,,False,,65.27336575090885,0.00032937093909120036,0.00032937093909120036,1.1874076558472502e-06,1.5001899633946482e-05,1.3671215910613219e-13,0.1773730068920566,False,direct_vp,global_exact_spherical_vp,main_single_proposed,True,fd04aacedfe4eeff,adaptive_jones,cupy,True,0,cupy,cupy.linalg.solve,fixed_pol_anchor,True,fixed_anchor_then_adaptive_jones_score_selection,fixed_pol_anchor,0.39028259259841996,5.369740814951334,2.742471638819257,0.0,True,3,4,3096725.458075429,3103883.6665370157,"[2.467391508908018,0.39028259259841996,5.369740814951334]","[0.40528631001089,2.562245969879975,0.18622872769021967]","[9.487515128437083e-07,1.8089617170194442e-09,4.78397979675063e-08]",direct_vp,[],3095668.0630882448,3096560,True,18014049.51958492,93.82220640579247,22.62149891225876,0.032309388665527725,"[5.080593839042363,5.002549326758736,5.052943709286527]",139.82639773190022,58.626575134694576,199.82243566960096,nan,nan,nan,nan,False,,nan,,,nan,nan,nan,,,,,,,,0.00032937093909120036,1.1874076558472502e-06,0.1773730068920566,nan,nan,nan,False,not_run,not_requested
fig1,PEB,60,1839575832,5.0,snr_db,5.0,3,3,3,3,full_6d,1839575832,,,nan,,False,,5.27444951236248,nan,nan,nan,nan,nan,nan,False,,,peb_only,False,bba16e862d8c69a7,,,,,,,adaptive_jones,True,fixed_anchor_then_adaptive_jones_score_selection,,nan,nan,nan,nan,True,,,nan,nan,,,,,[],nan,,,nan,nan,nan,nan,,nan,nan,nan,0.00024306361217003023,nan,nan,0.00024306361217003023,False,42d79a12e13d52ea36763a6478c0ea4b122194dbd7e070b6eef8b19740c115ec,0.17742502910400706,computed_unscaled,cpu,nan,nan,nan,,,,,,,,nan,nan,nan,nan,nan,nan,False,,
fig1,adaptive_jones_vp_proposed,59,1187262716,5.0,snr_db,5.0,3,3,3,3,full_6d,1187262716,,,nan,,False,,65.44493789225817,0.00014762694876218187,0.00014762694876218187,1.5173118573420647e-06,0.00012564477541079702,3.8965917343852343e-13,0.07885363029078572,False,direct_vp,global_exact_spherical_vp,main_single_proposed,True,a0bf5a196aadc5d8,adaptive_jones,cupy,True,0,cupy,cupy.linalg.solve,fixed_pol_anchor,True,fixed_anchor_then_adaptive_jones_score_selection,fixed_pol_anchor,0.5151329008862958,9.052870412267552,3.4837306906226644,0.0,True,3,4,3096725.458075429,3101764.7487504273,"[0.5151329008862958,9.052870412267552,0.8831887587141439]","[1.9412466147647842,0.1104622019813568,1.1322607881185458]","[5.358578069886053e-07,3.0795508434333483e-08,3.8060754774501107e-07]",direct_vp,[],3097887.2017287468,3096560,True,24246370.595926926,73.77428563085118,28.675637427748317,0.03300699507487896,"[5.042966037972861,4.972891113470495,4.973004279387755]",146.323017552495,59.01335611194372,206.60643392801285,nan,nan,nan,nan,False,,nan,,,nan,nan,nan,,,,,,,,0.00014762694876218187,1.5173118573420647e-06,0.07885363029078572,nan,nan,nan,False,not_run,not_requested
fig1,PEB,59,1187262716,5.0,snr_db,5.0,3,3,3,3,full_6d,1187262716,,,nan,,False,,5.211106009781361,nan,nan,nan,nan,nan,nan,False,,,peb_only,False,ba3dce8865634c6c,,,,,,,adaptive_jones,True,fixed_anchor_then_adaptive_jones_score_selection,,nan,nan,nan,nan,True,,,nan,nan,,,,,[],nan,,,nan,nan,nan,nan,,nan,nan,nan,0.00021165453149925905,nan,nan,0.00021165453149925905,False,ba85b3dc69f0d5910f5e051466d13a9fa16bdfb1c72eaceaa138a692faa0065e,0.07882025495797905,computed_unscaled,cpu,nan,nan,nan,,,,,,,,nan,nan,nan,nan,nan,nan,False,,
fig1,adaptive_jones_vp_proposed,62,1815661330,5.0,snr_db,5.0,3,3,3,3,full_6d,1815661330,,,nan,,False,,65.98310042917728,0.00022882529608755106,0.00022882529608755106,1.60284072048795e-06,4.745304345485437e-05,7.947245541380884e-13,0.17903568319848295,False,direct_vp,global_exact_spherical_vp,main_single_proposed,True,e17a0c24e4fb6d64,adaptive_jones,cupy,True,0,cupy,cupy.linalg.solve,fixed_pol_anchor,True,fixed_anchor_then_adaptive_jones_score_selection,fixed_pol_anchor,0.3425959072433204,14.108956364701463,6.795985990283672,0.0,True,3,4,3096725.458075429,3207425.191909107,"[0.3425959072433204,5.936405698906233,14.108956364701463]","[2.9188906780764072,0.16845209891539437,0.07087696454202269]","[1.837645049760863e-07,3.882515979731857e-08,1.2515198939870203e-07]",direct_vp,"[""poor_clock_consistency""]",3097295.763716262,3096560,True,10805224.42373299,173.70924349151912,12.187284927036092,0.1469037871641525,"[5.008161162089697,4.977656285487978,4.682400525101744]",133.30753241479397,59.30757334083319,193.77352733910084,nan,nan,nan,nan,False,,nan,,,nan,nan,nan,,,,,,,,0.00022882529608755106,1.60284072048795e-06,0.17903568319848295,nan,nan,nan,False,not_run,not_requested
fig1,PEB,62,1815661330,5.0,snr_db,5.0,3,3,3,3,full_6d,1815661330,,,nan,,False,,4.869851969182491,nan,nan,nan,nan,nan,nan,False,,,peb_only,False,6c744e957a7850a3,,,,,,,adaptive_jones,True,fixed_anchor_then_adaptive_jones_score_selection,,nan,nan,nan,nan,True,,,nan,nan,,,,,[],nan,,,nan,nan,nan,nan,,nan,nan,nan,0.0003201054728417729,nan,nan,0.0003201054728417729,False,97d98efc9e77b8da847d52d27748aedf3c40844281671ccf00f295af09763222,0.17899407806984396,computed_unscaled,cpu,nan,nan,nan,,,,,,,,nan,nan,nan,nan,nan,nan,False,,
fig1,adaptive_jones_vp_proposed,63,3424526765,5.0,snr_db,5.0,3,3,3,3,full_6d,3424526765,,,nan,,False,,63.337764866650105,6.147633169833342e-05,6.147633169833342e-05,1.8522978635470008e-06,4.858119672070325e-05,6.066229521279464e-13,0.10290575853332772,False,direct_vp,global_exact_spherical_vp,main_single_proposed,True,ed0dc0629f0cb1e4,adaptive_jones,cupy,True,0,cupy,cupy.linalg.solve,fixed_pol_anchor,True,fixed_anchor_then_adaptive_jones_score_selection,fixed_pol_anchor,0.5869977346067169,2.6072787332999185,1.375848416873526,0.0,True,3,4,3096725.458075429,3115920.377631664,"[2.6072787332999185,0.5869977346067169,0.9332687827139424]","[0.38354165483938746,1.703584087371996,1.0715026780292276]","[1.2371070509111118e-06,4.903487589476264e-08,1.2101326042852273e-06]",direct_vp,[],3097440.672442244,3096560,True,23640925.793732516,71.75982919490123,27.55175646029026,0.021644591055450975,"[4.99947668107895,5.027413396085324,5.052468780263314]",139.6415518000722,57.5519559904933,198.45236112177372,nan,nan,nan,nan,False,,nan,,,nan,nan,nan,,,,,,,,6.147633169833342e-05,1.8522978635470008e-06,0.10290575853332772,nan,nan,nan,False,not_run,not_requested
fig1,PEB,63,3424526765,5.0,snr_db,5.0,3,3,3,3,full_6d,3424526765,,,nan,,False,,5.293410196900368,nan,nan,nan,nan,nan,nan,False,,,peb_only,False,b544b670bfc466e0,,,,,,,adaptive_jones,True,fixed_anchor_then_adaptive_jones_score_selection,,nan,nan,nan,nan,True,,,nan,nan,,,,,[],nan,,,nan,nan,nan,nan,,nan,nan,nan,0.00021175117340175927,nan,nan,0.00021175117340175927,False,258f950ff6512034899ff541f16fbb81fb7ab692c62ede128038d4532b76f1bb,0.1028770316639663,computed_unscaled,cpu,nan,nan,nan,,,,,,,,nan,nan,nan,nan,nan,nan,False,,
fig1,adaptive_jones_vp_proposed,65,2236466502,5.0,snr_db,5.0,3,3,3,3,full_6d,2236466502,,,nan,,False,,61.90218799561262,0.00011171225446806839,0.00011171225446806839,1.6347411290762355e-06,6.8061185058993e-05,1.2093718892798235e-12,0.0335007518962001,False,direct_vp,global_exact_spherical_vp,main_single_proposed,True,12109be1b9a845c5,adaptive_jones,cupy,True,0,cupy,cupy.linalg.solve,fixed_pol_anchor,True,fixed_anchor_then_adaptive_jones_score_selection,fixed_pol_anchor,0.707313980470749,1.9463764492227025,1.1547278225247835,0.0,True,3,4,3096725.458075429,3098196.764837045,"[0.8104930378808991,1.9463764492227025,0.707313980470749]","[1.2338168907826426,0.5137752259576558,1.4137992851968626]","[3.7204209810588253e-07,3.419106958798858e-07,4.220867731982147e-07]",direct_vp,[],3100303.2739982973,3096560,True,27848151.125158053,69.96573672374873,31.987046624980067,0.033467573600361046,"[5.038123884895404,5.016918935330863,4.9589421438761425]",145.285986892879,55.97347626835108,202.64507362246513,nan,nan,nan,nan,False,,nan,,,nan,nan,nan,,,,,,,,0.00011171225446806839,1.6347411290762355e-06,0.0335007518962001,nan,nan,nan,False,not_run,not_requested
fig1,PEB,65,2236466502,5.0,snr_db,5.0,3,3,3,3,full_6d,2236466502,,,nan,,False,,5.382258526980877,nan,nan,nan,nan,nan,nan,False,,,peb_only,False,02e7db7f8f79774e,,,,,,,adaptive_jones,True,fixed_anchor_then_adaptive_jones_score_selection,,nan,nan,nan,nan,True,,,nan,nan,,,,,[],nan,,,nan,nan,nan,nan,,nan,nan,nan,0.00019107584873019737,nan,nan,0.00019107584873019737,False,8713a1af4c8a44df0d773df8c1e647ae5757abeba9d4009ab7b9d7ee65d54a43,0.033460476326221726,computed_unscaled,cpu,nan,nan,nan,,,,,,,,nan,nan,nan,nan,nan,nan,False,,
fig1,adaptive_jones_vp_proposed,29,1456316145,5.0,snr_db,5.0,3,3,3,3,full_6d,1456316145,,,nan,,False,,547.8634601533413,9.635987686718173e-05,9.635987686718173e-05,1.457063877888202e-06,1.3870477664142558e-05,8.47450444146053e-13,0.18521566417973404,False,direct_vp,global_exact_spherical_vp,main_single_proposed,True,66e91b60360ed1b7,adaptive_jones,cupy,True,0,cupy,cupy.linalg.solve,fixed_pol_anchor,True,fixed_anchor_then_adaptive_jones_score_selection,fixed_pol_anchor,0.7355129253757892,2.2363274910024282,1.2362797744526852,0.0,True,3,4,3096725.458075429,3325072.952882765,"[2.2363274910024282,0.7355129253757892,0.736998906979838]","[0.4471616988214531,1.3595954136201525,1.3568541154249225]","[8.442468628078352e-07,1.1982243882713254e-07,9.594209604520597e-08]",direct_vp,[],3096312.8753075697,3096560,True,27508284.373507608,77.3815160685267,32.33478890750743,0.07466155068649208,"[4.886255934411219,4.967382330488714,5.068764343970857]",143.98210477083921,540.887334741652,686.0675888732076,nan,nan,nan,nan,False,,nan,,,nan,nan,nan,,,,,,,,9.635987686718173e-05,1.457063877888202e-06,0.18521566417973404,nan,nan,nan,False,not_run,not_requested
fig1,PEB,29,1456316145,5.0,snr_db,5.0,3,3,3,3,full_6d,1456316145,,,nan,,False,,4.838413849473,nan,nan,nan,nan,nan,nan,False,,,peb_only,False,3f24695399f1139f,,,,,,,adaptive_jones,True,fixed_anchor_then_adaptive_jones_score_selection,,nan,nan,nan,nan,True,,,nan,nan,,,,,[],nan,,,nan,nan,nan,nan,,nan,nan,nan,0.00019190788238567834,nan,nan,0.00019190788238567834,False,d8fe45eb7ae04a0170dd7feb177c545054b10b09137abe9e9f00552ed53b5825,0.1852314038083288,computed_unscaled,cpu,nan,nan,nan,,,,,,,,nan,nan,nan,nan,nan,nan,False,,
fig1,adaptive_jones_vp_proposed,66,437355907,5.0,snr_db,5.0,3,3,3,3,full_6d,437355907,,,nan,,False,,64.11762645840645,0.000312708907927542,0.000312708907927542,2.5624642267019625e-06,6.59855096668654e-05,8.320811242927876e-14,0.18372747079095056,False,direct_vp,global_exact_spherical_vp,main_single_proposed,True,2978833c6722d572,adaptive_jones,cupy,True,0,cupy,cupy.linalg.solve,fixed_pol_anchor,True,fixed_anchor_then_adaptive_jones_score_selection,fixed_pol_anchor,0.640287476907132,2.433636291521802,1.3045069947680625,0.0,True,3,4,3096725.458075429,3097159.6004952244,"[0.8395972158752537,2.433636291521802,0.640287476907132]","[1.1910473035057552,0.41090774471161673,1.5617984671975724]","[1.8613048876738097e-07,3.4445836433122466e-08,5.946488115597981e-07]",direct_vp,[],3097743.0341356494,3096560,True,26395384.612267688,77.90554157853025,41.62605447594357,0.01695535808456657,"[5.0390369538917925,5.003784198077543,5.002394499611843]",150.05014541745186,57.61039927601814,208.95331908017397,nan,nan,nan,nan,False,,nan,,,nan,nan,nan,,,,,,,,0.000312708907927542,2.5624642267019625e-06,0.18372747079095056,nan,nan,nan,False,not_run,not_requested
fig1,PEB,66,437355907,5.0,snr_db,5.0,3,3,3,3,full_6d,437355907,,,nan,,False,,5.182401522994041,nan,nan,nan,nan,nan,nan,False,,,peb_only,False,d7b63e8124f300fa,,,,,,,adaptive_jones,True,fixed_anchor_then_adaptive_jones_score_selection,,nan,nan,nan,nan,True,,,nan,nan,,,,,[],nan,,,nan,nan,nan,nan,,nan,nan,nan,0.000199511453886568,nan,nan,0.000199511453886568,False,34c19cd95e99da79457cbf3518f1232a26ad19f1e8691866bda8c30a1c520f1f,0.1836582538715009,computed_unscaled,cpu,nan,nan,nan,,,,,,,,nan,nan,nan,nan,nan,nan,False,,
fig1,adaptive_jones_vp_proposed,67,804537149,5.0,snr_db,5.0,3,3,3,3,full_6d,804537149,,,nan,,False,,64.78376170992851,0.00045202119191522323,0.00045202119191522323,2.48572622323391e-06,1.6563781780740412e-05,1.2342065818993389e-12,0.14369172473005662,False,direct_vp,global_exact_spherical_vp,main_single_proposed,True,79a78d81cd45d4ec,adaptive_jones,cupy,True,0,cupy,cupy.linalg.solve,fixed_pol_anchor,True,fixed_anchor_then_adaptive_jones_score_selection,fixed_pol_anchor,0.916269826052392,0.9925225169564289,0.9512564883503737,0.0,True,3,4,3096725.458075429,3097676.806983125,"[0.916269826052392,0.9449771220423,0.9925225169564289]","[1.0913815685794546,1.0582266773166302,1.0075338170316863]","[2.542893067294491e-07,6.592437271063787e-08,2.521253127729512e-07]",direct_vp,[],3092776.9110496263,3096560,True,25715929.57019777,70.29637541255005,25.290740396436355,0.04411192550035493,"[5.0469149169540986,5.063772475737959,4.962914015480214]",146.95725055783987,58.542385160923004,206.86983440071344,nan,nan,nan,nan,False,,nan,,,nan,nan,nan,,,,,,,,0.00045202119191522323,2.48572622323391e-06,0.14369172473005662,nan,nan,nan,False,not_run,not_requested
fig1,PEB,67,804537149,5.0,snr_db,5.0,3,3,3,3,full_6d,804537149,,,nan,,False,,4.7959631234407425,nan,nan,nan,nan,nan,nan,False,,,peb_only,False,1a00959372a546af,,,,,,,adaptive_jones,True,fixed_anchor_then_adaptive_jones_score_selection,,nan,nan,nan,nan,True,,,nan,nan,,,,,[],nan,,,nan,nan,nan,nan,,nan,nan,nan,0.00019917018250204189,nan,nan,0.00019917018250204189,False,b26904abe3f7d46852807fc0a30cd211634c6c8e972ac0e965050f20e27517f2,0.14386823201117727,computed_unscaled,cpu,nan,nan,nan,,,,,,,,nan,nan,nan,nan,nan,nan,False,,
fig1,adaptive_jones_vp_proposed,68,217409269,5.0,snr_db,5.0,3,3,3,3,full_6d,217409269,,,nan,,False,,64.98639860749245,9.085149773865486e-05,9.085149773865486e-05,2.946814679850686e-06,3.909690211471754e-05,1.0012108955653971e-13,0.057834639437527285,False,direct_vp,global_exact_spherical_vp,main_single_proposed,True,fcb8ed892e2453c2,adaptive_jones,cupy,True,0,cupy,cupy.linalg.solve,fixed_pol_anchor,True,fixed_anchor_then_adaptive_jones_score_selection,fixed_pol_anchor,0.6541825935498274,3.2297814065443466,1.5463072156384488,0.0,True,3,4,3096725.458075429,3104121.3509554574,"[0.6541825935498274,0.7549576468211723,3.2297814065443466]","[1.5286252032066308,1.3245776159892533,0.30961847695652706]","[1.135071755278152e-06,1.9343064777809757e-09,3.1712241704489016e-07]",direct_vp,[],3099211.854948845,3096560,True,16130986.211281406,95.13292603478865,24.719008071385844,0.03560370083482479,"[4.978601913052266,5.023285921886334,4.936083988969505]",146.36669415980577,58.109023459255695,205.71355511248112,nan,nan,nan,nan,False,,nan,,,nan,nan,nan,,,,,,,,9.085149773865486e-05,2.946814679850686e-06,0.057834639437527285,nan,nan,nan,False,not_run,not_requested
fig1,PEB,68,217409269,5.0,snr_db,5.0,3,3,3,3,full_6d,217409269,,,nan,,False,,4.583344355225563,nan,nan,nan,nan,nan,nan,False,,,peb_only,False,9271d6a0aedcf132,,,,,,,adaptive_jones,True,fixed_anchor_then_adaptive_jones_score_selection,,nan,nan,nan,nan,True,,,nan,nan,,,,,[],nan,,,nan,nan,nan,nan,,nan,nan,nan,0.0002523834300935108,nan,nan,0.0002523834300935108,False,0b182e454a04b5041a3aee67b1d617d5e470ee5322dc8a1561fe76d42cd56704,0.057785451538244874,computed_unscaled,cpu,nan,nan,nan,,,,,,,,nan,nan,nan,nan,nan,nan,False,,
fig1,adaptive_jones_vp_proposed,69,1134195269,5.0,snr_db,5.0,3,3,3,3,full_6d,1134195269,,,nan,,False,,66.22053965181112,0.00027917252097280234,0.00027917252097280234,1.1627703782472894e-06,3.598778474850286e-05,1.9505853160057232e-13,0.21457742153392254,False,direct_vp,global_exact_spherical_vp,main_single_proposed,True,1d34b3243bd4a829,adaptive_jones,cupy,True,0,cupy,cupy.linalg.solve,fixed_pol_anchor,True,fixed_anchor_then_adaptive_jones_score_selection,fixed_pol_anchor,0.5072903500367972,22.49181496406438,7.955273578249696,0.0,True,3,4,3096725.458075429,3104871.3413881827,"[22.49181496406438,0.8667154206479131,0.5072903500367972]","[0.04446061829937816,1.1537812483497563,1.9712576829560347]","[1.5285396346013577e-07,2.2755552228436576e-07,1.5397904147730428e-07]",direct_vp,[],3097617.3340425678,3096560,True,26136188.805330414,85.6725306371446,17.296394983791984,0.0810810032111248,"[5.1314190042689924,4.9936708955163045,4.9386390389398445]",145.99221020936966,60.28144598007202,207.44103361666203,nan,nan,nan,nan,False,,nan,,,nan,nan,nan,,,,,,,,0.00027917252097280234,1.1627703782472894e-06,0.21457742153392254,nan,nan,nan,False,not_run,not_requested
fig1,PEB,69,1134195269,5.0,snr_db,5.0,3,3,3,3,full_6d,1134195269,,,nan,,False,,5.177889607846737,nan,nan,nan,nan,nan,nan,False,,,peb_only,False,0a1d5a9f40d70418,,,,,,,adaptive_jones,True,fixed_anchor_then_adaptive_jones_score_selection,,nan,nan,nan,nan,True,,,nan,nan,,,,,[],nan,,,nan,nan,nan,nan,,nan,nan,nan,0.00018683484782523326,nan,nan,0.00018683484782523326,False,3c4e17d6858814038ebdb81b7444e4cbebd5be1a61e4510cac6392db534f501a,0.2145052864863316,computed_unscaled,cpu,nan,nan,nan,,,,,,,,nan,nan,nan,nan,nan,nan,False,,
fig1,adaptive_jones_vp_proposed,70,1909013635,5.0,snr_db,5.0,3,3,3,3,full_6d,1909013635,,,nan,,False,,69.02731974422932,0.0002961649611737492,0.0002961649611737492,1.6056206704631895e-06,9.046887618808701e-05,4.3129120489832106e-13,0.0668197013026842,False,direct_vp,global_exact_spherical_vp,main_single_proposed,True,15f9c34da0594038,adaptive_jones,cupy,True,0,cupy,cupy.linalg.solve,fixed_pol_anchor,True,fixed_anchor_then_adaptive_jones_score_selection,fixed_pol_anchor,0.36941804972608294,4.797291438543313,3.095851335643531,0.0,True,3,4,3096725.458075429,3118410.2354956106,"[0.36941804972608294,4.797291438543313,4.120844518661197]","[2.706960314313589,0.20845095879746062,0.24266870430742793]","[8.775445865782657e-09,9.442471146842276e-08,8.631866151628826e-07]",direct_vp,[],3096748.07362294,3096560,True,15158678.262044666,130.6176768921729,21.4334101157625,0.06496323908799562,"[5.002902405015961,4.872186069300661,4.85895714769387]",147.51579308509827,62.40449811518192,211.1352336332202,nan,nan,nan,nan,False,,nan,,,nan,nan,nan,,,,,,,,0.0002961649611737492,1.6056206704631895e-06,0.0668197013026842,nan,nan,nan,False,not_run,not_requested
fig1,PEB,70,1909013635,5.0,snr_db,5.0,3,3,3,3,full_6d,1909013635,,,nan,,False,,4.996531784534454,nan,nan,nan,nan,nan,nan,False,,,peb_only,False,c82805e595afd6c2,,,,,,,adaptive_jones,True,fixed_anchor_then_adaptive_jones_score_selection,,nan,nan,nan,nan,True,,,nan,nan,,,,,[],nan,,,nan,nan,nan,nan,,nan,nan,nan,0.00026717639799239804,nan,nan,0.00026717639799239804,False,7231f7a6a5fbe3cc9ff17e3c4c7cf441e267b4bae6d7354446f2924a30ccbc7b,0.06681598840521448,computed_unscaled,cpu,nan,nan,nan,,,,,,,,nan,nan,nan,nan,nan,nan,False,,
fig1,adaptive_jones_vp_proposed,33,3489193506,5.0,snr_db,5.0,3,3,3,3,full_6d,3489193506,,,nan,,False,,587.5655886605382,5.6007648154090384e-05,5.6007648154090384e-05,1.113897712043609e-06,3.6713615050775676e-05,1.1867647559040548e-13,0.15874093357104171,False,direct_vp,global_exact_spherical_vp,main_single_proposed,True,e9a0322816a60cab,adaptive_jones,cupy,True,0,cupy,cupy.linalg.solve,fixed_pol_anchor,True,fixed_anchor_then_adaptive_jones_score_selection,fixed_pol_anchor,0.7340586173946637,1.8133214853242532,1.1139716820741088,0.0,True,3,4,3096725.458075429,3468624.209806576,"[0.7340586173946637,1.8133214853242532,0.7945349435034091]","[1.3622890274737007,0.5514741914721037,1.25859788568873]","[3.691325087707062e-07,8.538218766194741e-08,2.524082194948369e-07]",direct_vp,[],3094849.8704579435,3096560,True,24623823.020330437,79.35612469833357,31.899886385412753,0.040396433640608714,"[4.968755609409307,5.025545808775287,5.067326048570917]",144.84090134501457,581.2840428501368,727.2084223777056,nan,nan,nan,nan,False,,nan,,,nan,nan,nan,,,,,,,,5.6007648154090384e-05,1.113897712043609e-06,0.15874093357104171,nan,nan,nan,False,not_run,not_requested
fig1,PEB,33,3489193506,5.0,snr_db,5.0,3,3,3,3,full_6d,3489193506,,,nan,,False,,5.136956200003624,nan,nan,nan,nan,nan,nan,False,,,peb_only,False,84f969c5e90d9a46,,,,,,,adaptive_jones,True,fixed_anchor_then_adaptive_jones_score_selection,,nan,nan,nan,nan,True,,,nan,nan,,,,,[],nan,,,nan,nan,nan,nan,,nan,nan,nan,0.00020617645993753684,nan,nan,0.00020617645993753684,False,76527bb9436024da57d5b3c4ee115c2d9eeebd7e9b24b99b40e819fe3069631e,0.15882947014840082,computed_unscaled,cpu,nan,nan,nan,,,,,,,,nan,nan,nan,nan,nan,nan,False,,
fig1,adaptive_jones_vp_proposed,73,1489186484,5.0,snr_db,5.0,3,3,3,3,full_6d,1489186484,,,nan,,False,,62.56403066217899,8.566196348310388e-05,8.566196348310388e-05,2.5260607819773407e-06,3.061754292952826e-05,1.1113157077331687e-12,0.08933377781429094,False,direct_vp,global_exact_spherical_vp,main_single_proposed,True,26c041dc06b1d68f,adaptive_jones,cupy,True,0,cupy,cupy.linalg.solve,fixed_pol_anchor,True,fixed_anchor_then_adaptive_jones_score_selection,fixed_pol_anchor,0.6456527905968068,1.7496016219074764,1.1145792397128644,0.0,True,3,4,3096725.458075429,3130819.5602837955,"[0.9484833066343104,1.7496016219074764,0.6456527905968068]","[1.0543148129275441,0.5715586836893851,1.5488200694912322]","[2.6557598152988047e-07,1.2427008192505642e-07,1.8377402736753615e-06]",direct_vp,[],3096064.5024285186,3096560,True,28203336.81487501,68.20047524212629,36.577204058840415,0.014547504576468319,"[5.041283208233368,5.028461544935406,5.063665400305697]",150.617853179574,56.0837823972106,208.0059281140566,nan,nan,nan,nan,False,,nan,,,nan,nan,nan,,,,,,,,8.566196348310388e-05,2.5260607819773407e-06,0.08933377781429094,nan,nan,nan,False,not_run,not_requested
fig1,PEB,73,1489186484,5.0,snr_db,5.0,3,3,3,3,full_6d,1489186484,,,nan,,False,,4.984439507126808,nan,nan,nan,nan,nan,nan,False,,,peb_only,False,cfde49061ba0b70c,,,,,,,adaptive_jones,True,fixed_anchor_then_adaptive_jones_score_selection,,nan,nan,nan,nan,True,,,nan,nan,,,,,[],nan,,,nan,nan,nan,nan,,nan,nan,nan,0.00018992731838159726,nan,nan,0.00018992731838159726,False,d64a78118eb17c14251c66a9269a2f68d800276ea77027a48898e01b93fc8e18,0.0893485365540935,computed_unscaled,cpu,nan,nan,nan,,,,,,,,nan,nan,nan,nan,nan,nan,False,,
fig1,adaptive_jones_vp_proposed,36,3263447461,5.0,snr_db,5.0,3,3,3,3,full_6d,3263447461,,,nan,,False,,614.7497335746884,0.00021607491447427765,0.00021607491447427765,2.1832764276604715e-06,0.0001406430043506935,5.505899759534553e-14,0.0774422163117893,False,direct_vp_rollback,global_exact_spherical_vp,main_single_proposed,True,0c03fc2feeec5cb4,adaptive_jones,cupy,True,0,cupy,cupy.linalg.solve,fixed_pol_anchor,True,fixed_anchor_then_adaptive_jones_score_selection,fixed_pol_anchor,0.38762043548723496,95.33010418171126,32.49030272718867,0.0,True,3,4,3096725.458075429,7623822.051803777,"[1.753183564367499,95.33010418171126,0.38762043548723496]","[0.5703909278655711,0.010489865803550819,2.5798433427345553]","[8.47717803891297e-07,6.511031863877855e-07,1.600114051017844e-06]",jnpp_then_vp,[],3101086.1499764468,3096560,False,24501769.06070478,90.29943914999879,15.27923146855655,0.030529697376206328,"[5.002947451322115,5.054866753323123,4.982296261756626]",118.93992824107409,502.552223905921,622.0806450694799,nan,nan,nan,nan,False,,nan,,,nan,nan,nan,,,,,,,,0.00021607491447427765,2.1832764276604715e-06,0.0774422163117893,0.00021607561712579416,2.1832787539967683e-06,0.07744221631178934,True,rollback,existing_selector_rollback
fig1,PEB,36,3263447461,5.0,snr_db,5.0,3,3,3,3,full_6d,3263447461,,,nan,,False,,4.946469523012638,nan,nan,nan,nan,nan,nan,False,,,peb_only,False,54b637118a6ec23b,,,,,,,adaptive_jones,True,fixed_anchor_then_adaptive_jones_score_selection,,nan,nan,nan,nan,True,,,nan,nan,,,,,[],nan,,,nan,nan,nan,nan,,nan,nan,nan,0.00017904723747165207,nan,nan,0.00017904723747165207,False,44da4b062737b51be35373567f8e2b8ed08b76fc869f23df282060a8ccb40d9b,0.0773295860934778,computed_unscaled,cpu,nan,nan,nan,,,,,,,,nan,nan,nan,nan,nan,nan,False,,
fig1,adaptive_jones_vp_proposed,74,2087150408,5.0,snr_db,5.0,3,3,3,3,full_6d,2087150408,,,nan,,False,,64.03965608030558,4.560903537426447e-05,4.560903537426447e-05,1.8728715349217133e-06,2.1689226253848253e-05,5.741895860321683e-13,0.07616752304557725,False,direct_vp,global_exact_spherical_vp,main_single_proposed,True,b8bfd8860a9e6304,adaptive_jones,cupy,True,0,cupy,cupy.linalg.solve,fixed_pol_anchor,True,fixed_anchor_then_adaptive_jones_score_selection,fixed_pol_anchor,0.6952595884912147,1.2979328339237224,1.0121281168538288,0.0,True,3,4,3096725.458075429,3103720.7395536243,"[0.6952595884912147,1.0431919281465492,1.2979328339237224]","[1.4383116990438178,0.9585963742795327,0.7704558925253837]","[6.9331565925222494e-09,4.854750402387535e-09,5.7475914192935355e-08]",direct_vp,[],3096096.862019008,3096560,True,20748363.03739917,79.39586187778576,33.152191794346635,0.02556992360232935,"[5.074353710472704,5.016858564872097,5.06712184456072]",144.60405898839235,57.63080006092787,203.4991504177451,nan,nan,nan,nan,False,,nan,,,nan,nan,nan,,,,,,,,4.560903537426447e-05,1.8728715349217133e-06,0.07616752304557725,nan,nan,nan,False,not_run,not_requested
fig1,PEB,74,2087150408,5.0,snr_db,5.0,3,3,3,3,full_6d,2087150408,,,nan,,False,,5.116977132856846,nan,nan,nan,nan,nan,nan,False,,,peb_only,False,09439e7dd04b20fe,,,,,,,adaptive_jones,True,fixed_anchor_then_adaptive_jones_score_selection,,nan,nan,nan,nan,True,,,nan,nan,,,,,[],nan,,,nan,nan,nan,nan,,nan,nan,nan,0.00022361629637084453,nan,nan,0.00022361629637084453,False,78fd75a3c1d4026a3e7d885aa302f9406531fe623bed7ee4eda6f02c54b6aa8a,0.07617931038778121,computed_unscaled,cpu,nan,nan,nan,,,,,,,,nan,nan,nan,nan,nan,nan,False,,
fig1,adaptive_jones_vp_proposed,31,3399679668,5.0,snr_db,5.0,3,3,3,3,full_6d,3399679668,,,nan,,False,,666.6141735389829,0.0002160560004047844,0.0002160560004047844,1.0471601357093111e-06,5.999398050255721e-05,1.9382771866230607e-13,0.12737654368751786,False,direct_vp_rollback,global_exact_spherical_vp,main_single_proposed,True,8fe131d3680153f4,adaptive_jones,cupy,True,0,cupy,cupy.linalg.solve,fixed_pol_anchor,True,fixed_anchor_then_adaptive_jones_score_selection,fixed_pol_anchor,0.5615916180688455,3.1570774163317807,1.5526318883133425,0.0,True,3,4,3096725.458075429,3096768.083078019,"[0.5615916180688455,0.9392266305394011,3.1570774163317807]","[1.780653357039329,1.0647057562930868,0.3167486469681654]","[4.0251442056543887e-07,3.7521072797684866e-08,6.771270691844546e-09]",jnpp_then_vp,[],3102844.3645020546,3096560,False,16918300.952990275,93.62637730530776,31.77624797838302,0.03199153207057458,"[4.991842182506628,5.0398903570970885,4.9622557181548625]",142.15496324002743,550.1310856118798,693.622790068388,nan,nan,nan,nan,False,,nan,,,nan,nan,nan,,,,,,,,0.0002160560004047844,1.0471601357093111e-06,0.12737654368751786,0.00021605749797197276,1.0471622314997287e-06,0.12737654368751922,True,rollback,existing_selector_rollback
fig1,PEB,31,3399679668,5.0,snr_db,5.0,3,3,3,3,full_6d,3399679668,,,nan,,False,,4.713074661791325,nan,nan,nan,nan,nan,nan,False,,,peb_only,False,8210bf6be971f498,,,,,,,adaptive_jones,True,fixed_anchor_then_adaptive_jones_score_selection,,nan,nan,nan,nan,True,,,nan,nan,,,,,[],nan,,,nan,nan,nan,nan,,nan,nan,nan,0.0002465018141063327,nan,nan,0.0002465018141063327,False,579f4d92d8c766cab7fa417a5175cd99bb36ab4a51df0f587cc9ea2e392b9def,0.1271192176630547,computed_unscaled,cpu,nan,nan,nan,,,,,,,,nan,nan,nan,nan,nan,nan,False,,
fig1,adaptive_jones_vp_proposed,75,3035140021,5.0,snr_db,5.0,3,3,3,3,full_6d,3035140021,,,nan,,False,,54.28481388092041,0.0001868367766643408,0.0001868367766643408,1.9499034133083862e-06,4.692562638458771e-05,1.0018073912650814e-12,0.10476771626312485,False,direct_vp,global_exact_spherical_vp,main_single_proposed,True,55eabd906e67e67a,adaptive_jones,cupy,True,0,cupy,cupy.linalg.solve,fixed_pol_anchor,True,fixed_anchor_then_adaptive_jones_score_selection,fixed_pol_anchor,0.384736633500562,5.8695885020251435,2.939311332831133,0.0,True,3,4,3096725.458075429,3098531.7324962337,"[0.384736633500562,2.5636088629676927,5.8695885020251435]","[2.599180615843681,0.39007510640285953,0.17036969451080042]","[1.6724012639710882e-08,1.2801763189062374e-07,6.016016813062461e-07]",direct_vp,[],3092353.6322613307,3096560,True,13250529.537873866,139.49985247988204,19.73121812139225,0.03736170084818712,"[4.978524878796039,4.9582024214115785,5.045640965019669]",141.90054994821548,47.66873797029257,190.87132839858532,nan,nan,nan,nan,False,,nan,,,nan,nan,nan,,,,,,,,0.0001868367766643408,1.9499034133083862e-06,0.10476771626312485,nan,nan,nan,False,not_run,not_requested
fig1,PEB,75,3035140021,5.0,snr_db,5.0,3,3,3,3,full_6d,3035140021,,,nan,,False,,5.0469613671302795,nan,nan,nan,nan,nan,nan,False,,,peb_only,False,3ee1036277f1169f,,,,,,,adaptive_jones,True,fixed_anchor_then_adaptive_jones_score_selection,,nan,nan,nan,nan,True,,,nan,nan,,,,,[],nan,,,nan,nan,nan,nan,,nan,nan,nan,0.000282731907588512,nan,nan,0.000282731907588512,False,2f212a9fc87faf916a5915468a1ea2df60203d744fc985d035cf071254d1c26c,0.10491076840974496,computed_unscaled,cpu,nan,nan,nan,,,,,,,,nan,nan,nan,nan,nan,nan,False,,
fig1,adaptive_jones_vp_proposed,76,125194699,5.0,snr_db,5.0,3,3,3,3,full_6d,125194699,,,nan,,False,,66.50698640197515,8.725759297814907e-05,8.725759297814907e-05,1.5575378911711365e-06,2.277484959343263e-05,1.1174285935221503e-13,0.053149567852104555,False,direct_vp,global_exact_spherical_vp,main_single_proposed,True,a9413ddea36492e0,adaptive_jones,cupy,True,0,cupy,cupy.linalg.solve,fixed_pol_anchor,True,fixed_anchor_then_adaptive_jones_score_selection,fixed_pol_anchor,0.4062459058858087,3.4342567432139224,2.095944193119171,0.0,True,3,4,3096725.458075429,3099714.70107097,"[0.4062459058858087,3.4342567432139224,2.4473299302577813]","[2.461563268727889,0.2911838207706986,0.4086085768959729]","[3.808272327624035e-07,5.59853119155326e-08,5.029514585169649e-07]",direct_vp,[],3095481.459513483,3096560,True,16081799.642666956,116.65304962266228,31.605659132504893,0.04546096361268616,"[5.010523475299873,5.0521221501936955,5.120778439411525]",147.55079124122858,59.985004246234894,208.86473213881254,nan,nan,nan,nan,False,,nan,,,nan,nan,nan,,,,,,,,8.725759297814907e-05,1.5575378911711365e-06,0.053149567852104555,nan,nan,nan,False,not_run,not_requested
fig1,PEB,76,125194699,5.0,snr_db,5.0,3,3,3,3,full_6d,125194699,,,nan,,False,,4.74229109287262,nan,nan,nan,nan,nan,nan,False,,,peb_only,False,19291f6749cc74ca,,,,,,,adaptive_jones,True,fixed_anchor_then_adaptive_jones_score_selection,,nan,nan,nan,nan,True,,,nan,nan,,,,,[],nan,,,nan,nan,nan,nan,,nan,nan,nan,0.0002561942112868701,nan,nan,0.0002561942112868701,False,6b8d35b33f7212a697b02c68cfa098dd74c3e1f522985e34bcbd559db51c8fd8,0.053168361165718575,computed_unscaled,cpu,nan,nan,nan,,,,,,,,nan,nan,nan,nan,nan,nan,False,,
fig1,adaptive_jones_vp_proposed,78,3639033133,5.0,snr_db,5.0,3,3,3,3,full_6d,3639033133,,,nan,,False,,62.779650785028934,0.00011470827960797362,0.00011470827960797362,1.2953460771685094e-06,4.0519796843940586e-05,2.2331244669324767e-13,0.05437657840388499,False,direct_vp,global_exact_spherical_vp,main_single_proposed,True,fc3cb4af0e58bb1e,adaptive_jones,cupy,True,0,cupy,cupy.linalg.solve,fixed_pol_anchor,True,fixed_anchor_then_adaptive_jones_score_selection,fixed_pol_anchor,0.4876977076760404,7.481724847051602,2.999036590577051,0.0,True,3,4,3096725.458075429,3099905.904672519,"[1.0276872170035103,0.4876977076760404,7.481724847051602]","[0.9730587122750566,2.0504504824611054,0.1336590185332194]","[4.2604777999662677e-07,6.055210862330282e-08,8.209271693423198e-08]",direct_vp,[],3098183.2786696334,3096560,True,16468386.25875016,93.67891759331445,24.303458466931307,0.016494528538183506,"[4.969004500135591,4.986658892243027,5.009304771223756]",147.40384176373482,56.624688535928726,205.32775582373142,nan,nan,nan,nan,False,,nan,,,nan,nan,nan,,,,,,,,0.00011470827960797362,1.2953460771685094e-06,0.05437657840388499,nan,nan,nan,False,not_run,not_requested
fig1,PEB,78,3639033133,5.0,snr_db,5.0,3,3,3,3,full_6d,3639033133,,,nan,,False,,4.937876112759113,nan,nan,nan,nan,nan,nan,False,,,peb_only,False,860c4a3a57fc317e,,,,,,,adaptive_jones,True,fixed_anchor_then_adaptive_jones_score_selection,,nan,nan,nan,nan,True,,,nan,nan,,,,,[],nan,,,nan,nan,nan,nan,,nan,nan,nan,0.0002488928272175963,nan,nan,0.0002488928272175963,False,775d9f1d6241dae7442a88dca0b3fa5d7751717fd8d49705eaa3b8cfda4ebb75,0.054348368867283996,computed_unscaled,cpu,nan,nan,nan,,,,,,,,nan,nan,nan,nan,nan,nan,False,,
fig1,adaptive_jones_vp_proposed,77,4292676672,5.0,snr_db,5.0,3,3,3,3,full_6d,4292676672,,,nan,,False,,70.06774508953094,0.00011387038127318259,0.00011387038127318259,6.334296459070475e-07,6.698498669856666e-06,2.1681501501907291e-13,0.275871523316979,False,direct_vp,global_exact_spherical_vp,main_single_proposed,True,38d2184914182c7a,adaptive_jones,cupy,True,0,cupy,cupy.linalg.solve,fixed_pol_anchor,True,fixed_anchor_then_adaptive_jones_score_selection,fixed_pol_anchor,0.4654824147454571,69.0129575121129,23.48917893570172,0.0,True,3,4,3096725.458075429,3136725.302642935,"[0.4654824147454571,69.0129575121129,0.9890968802468101]","[2.14830886908235,0.014490032538534096,1.0110233082015991]","[1.0396569680572943e-07,2.6798624695638316e-10,4.770792174092216e-07]",direct_vp,"[""poor_clock_consistency""]",3093758.1913507152,3096560,True,21883900.001981884,87.76026701810893,14.121197885949464,0.16559064962156153,"[4.961497925720515,5.308236794975089,4.952602986427793]",142.00278571993113,63.808106765151024,206.97374998033047,nan,nan,nan,nan,False,,nan,,,nan,nan,nan,,,,,,,,0.00011387038127318259,6.334296459070475e-07,0.275871523316979,nan,nan,nan,False,not_run,not_requested
fig1,PEB,77,4292676672,5.0,snr_db,5.0,3,3,3,3,full_6d,4292676672,,,nan,,False,,5.068697899580002,nan,nan,nan,nan,nan,nan,False,,,peb_only,False,8db77529e3e438f8,,,,,,,adaptive_jones,True,fixed_anchor_then_adaptive_jones_score_selection,,nan,nan,nan,nan,True,,,nan,nan,,,,,[],nan,,,nan,nan,nan,nan,,nan,nan,nan,0.00022266872345384062,nan,nan,0.00022266872345384062,False,f60a4ab9705635604ca71e7bb7f90055bd716281a75d4d93b7beab9eb08c99af,0.2761227883210337,computed_unscaled,cpu,nan,nan,nan,,,,,,,,nan,nan,nan,nan,nan,nan,False,,
fig1,adaptive_jones_vp_proposed,79,2511075941,5.0,snr_db,5.0,3,3,3,3,full_6d,2511075941,,,nan,,False,,63.264675945043564,6.458663820242397e-05,6.458663820242397e-05,1.634790195306352e-06,5.475202224608396e-05,6.351474261593013e-14,0.12692770165605283,False,direct_vp,global_exact_spherical_vp,main_single_proposed,True,4dea46a451c674a3,adaptive_jones,cupy,True,0,cupy,cupy.linalg.solve,fixed_pol_anchor,True,fixed_anchor_then_adaptive_jones_score_selection,fixed_pol_anchor,0.38732264711799813,4.160264956594161,2.504441263939619,0.0,True,3,4,3096725.458075429,3107743.115006875,"[2.965736188106698,0.38732264711799813,4.160264956594161]","[0.3371844077053348,2.5818268243296445,0.24036930590461694]","[1.1245354951274266e-08,2.198560659804276e-07,8.209360811701511e-08]",direct_vp,[],3094959.895648299,3096560,True,15587376.450126177,90.42889217697613,25.300796799040107,0.010499705271604525,"[5.0221991998310935,5.02711921061024,5.046521096012804]",140.13620645552874,56.88187478482723,198.36447083950043,nan,nan,nan,nan,False,,nan,,,nan,nan,nan,,,,,,,,6.458663820242397e-05,1.634790195306352e-06,0.12692770165605283,nan,nan,nan,False,not_run,not_requested
fig1,PEB,79,2511075941,5.0,snr_db,5.0,3,3,3,3,full_6d,2511075941,,,nan,,False,,4.595380514860153,nan,nan,nan,nan,nan,nan,False,,,peb_only,False,2b6c11d5f7edcdc0,,,,,,,adaptive_jones,True,fixed_anchor_then_adaptive_jones_score_selection,,nan,nan,nan,nan,True,,,nan,nan,,,,,[],nan,,,nan,nan,nan,nan,,nan,nan,nan,0.0002610082056101957,nan,nan,0.0002610082056101957,False,d1d2709e7ef7e78043678a9bd3afef4c60705c0eab0a43aa5b03783626c11549,0.12699397986899064,computed_unscaled,cpu,nan,nan,nan,,,,,,,,nan,nan,nan,nan,nan,nan,False,,
fig1,adaptive_jones_vp_proposed,80,2843598472,5.0,snr_db,5.0,3,3,3,3,full_6d,2843598472,,,nan,,False,,61.608363159000874,0.0001183009449709279,0.0001183009449709279,2.10906529328257e-06,9.550887799320164e-05,2.386451191467637e-13,0.2154973496757815,False,direct_vp,global_exact_spherical_vp,main_single_proposed,True,233ccc9b62843124,adaptive_jones,cupy,True,0,cupy,cupy.linalg.solve,fixed_pol_anchor,True,fixed_anchor_then_adaptive_jones_score_selection,fixed_pol_anchor,0.595285307967768,2.9745148192822315,1.4820641429178734,0.0,True,3,4,3096725.458075429,3097423.0390048525,"[0.8763923015036205,2.9745148192822315,0.595285307967768]","[1.1410415156356692,0.33618928153073774,1.6798667573592294]","[1.4120171421836074e-07,2.9027105624039632e-08,1.6374707148290355e-07]",direct_vp,[],3095592.903242768,3096560,True,27190867.062315512,66.7902463892932,29.54991428531612,0.07542506732929086,"[5.122092161328159,5.054408331796481,4.939373089374687]",140.5846752151847,54.971502378582954,197.01185196638107,nan,nan,nan,nan,False,,nan,,,nan,nan,nan,,,,,,,,0.0001183009449709279,2.10906529328257e-06,0.2154973496757815,nan,nan,nan,False,not_run,not_requested
fig1,PEB,80,2843598472,5.0,snr_db,5.0,3,3,3,3,full_6d,2843598472,,,nan,,False,,5.258247844874859,nan,nan,nan,nan,nan,nan,False,,,peb_only,False,14c3c4e29a00fe1c,,,,,,,adaptive_jones,True,fixed_anchor_then_adaptive_jones_score_selection,,nan,nan,nan,nan,True,,,nan,nan,,,,,[],nan,,,nan,nan,nan,nan,,nan,nan,nan,0.00019495274385769303,nan,nan,0.00019495274385769303,False,ca96bdf8e3d74f1e490185f5b993e297e175166cef168c6fe33ef880dfc91c4e,0.21556578721013445,computed_unscaled,cpu,nan,nan,nan,,,,,,,,nan,nan,nan,nan,nan,nan,False,,
fig1,adaptive_jones_vp_proposed,81,3893654042,5.0,snr_db,5.0,3,3,3,3,full_6d,3893654042,,,nan,,False,,62.29805413633585,0.0004877159805956243,0.0004877159805956243,2.2974058879830614e-06,0.0004365539756182227,1.1319598782779886e-12,0.21271332254874073,False,direct_vp,global_exact_spherical_vp,main_single_proposed,True,b0532fc550446f4d,adaptive_jones,cupy,True,0,cupy,cupy.linalg.solve,fixed_pol_anchor,True,fixed_anchor_then_adaptive_jones_score_selection,fixed_pol_anchor,0.33259698041035524,24.10177155592928,11.106771490431798,0.0,True,3,4,3096725.458075429,3096950.542202009,"[8.885945934955762,24.10177155592928,0.33259698041035524]","[0.11253725909554417,0.041490726009718905,3.006641848539563]","[4.850470021545029e-07,5.043685697504649e-09,1.5020515863722694e-06]",direct_vp,[],3093708.9888037583,3096560,True,10730550.739658168,218.23048328161377,14.048035325438647,0.059368909786637475,"[4.9324432323897,5.077638903664635,4.997993635593427]",141.45049669593573,55.692966394126415,198.44818033277988,nan,nan,nan,nan,False,,nan,,,nan,nan,nan,,,,,,,,0.0004877159805956243,2.2974058879830614e-06,0.21271332254874073,nan,nan,nan,False,not_run,not_requested
fig1,PEB,81,3893654042,5.0,snr_db,5.0,3,3,3,3,full_6d,3893654042,,,nan,,False,,5.641886994242668,nan,nan,nan,nan,nan,nan,False,,,peb_only,False,995119d7fdc33789,,,,,,,adaptive_jones,True,fixed_anchor_then_adaptive_jones_score_selection,,nan,nan,nan,nan,True,,,nan,nan,,,,,[],nan,,,nan,nan,nan,nan,,nan,nan,nan,0.0002443990671359007,nan,nan,0.0002443990671359007,False,7fdbdc32913dce5e44795d5b9a7446df6f3ff25cfdfe20eb33bdaf98d154febf,0.21291044887172203,computed_unscaled,cpu,nan,nan,nan,,,,,,,,nan,nan,nan,nan,nan,nan,False,,
fig1,adaptive_jones_vp_proposed,41,4278604885,5.0,snr_db,5.0,3,3,3,3,full_6d,4278604885,,,nan,,False,,633.6491895839572,0.0001525859147841842,0.0001525859147841842,1.8733982854088947e-06,0.00010890056607920318,1.1273427525998603e-13,0.09009840702307938,False,direct_vp,global_exact_spherical_vp,main_single_proposed,True,4929b1d4bf2aab00,adaptive_jones,cupy,True,0,cupy,cupy.linalg.solve,fixed_pol_anchor,True,fixed_anchor_then_adaptive_jones_score_selection,fixed_pol_anchor,0.5380628013602516,17.05105746127574,6.131368091384548,0.0,True,3,4,3096725.458075429,3674594.5007996582,"[0.5380628013602516,0.8049840115176518,17.05105746127574]","[1.8585191123999063,1.2422606979657593,0.05864738901115229]","[2.408071212807823e-07,8.469393991017991e-08,9.593924953685879e-08]",direct_vp,[],3096803.1718603717,3096560,True,13785555.958826568,110.50284164136251,21.618676549820155,0.012816696626069008,"[4.965995921069021,4.985732065157292,4.997007979686563]",147.49586690217257,532.7399970814586,681.5480649918318,nan,nan,nan,nan,False,,nan,,,nan,nan,nan,,,,,,,,0.0001525859147841842,1.8733982854088947e-06,0.09009840702307938,nan,nan,nan,False,not_run,not_requested
fig1,PEB,41,4278604885,5.0,snr_db,5.0,3,3,3,3,full_6d,4278604885,,,nan,,False,,4.885844103991985,nan,nan,nan,nan,nan,nan,False,,,peb_only,False,817c52cef5dac85d,,,,,,,adaptive_jones,True,fixed_anchor_then_adaptive_jones_score_selection,,nan,nan,nan,nan,True,,,nan,nan,,,,,[],nan,,,nan,nan,nan,nan,,nan,nan,nan,0.00027260744672626987,nan,nan,0.00027260744672626987,False,3ffbd47003275298d380fa4fdbe537af868b54f1a66ff07176dee6a601458b33,0.09009179768383369,computed_unscaled,cpu,nan,nan,nan,,,,,,,,nan,nan,nan,nan,nan,nan,False,,
fig1,adaptive_jones_vp_proposed,48,3302385666,5.0,snr_db,5.0,3,3,3,3,full_6d,3302385666,,,nan,,False,,572.7283753752708,0.00011204752834778305,0.00011204752834778305,2.1440987311121362e-06,8.381059899152924e-05,1.1637702452070394e-12,0.13124461418278946,False,direct_vp,global_exact_spherical_vp,main_single_proposed,True,cb4f8441787c203b,adaptive_jones,cupy,True,0,cupy,cupy.linalg.solve,fixed_pol_anchor,True,fixed_anchor_then_adaptive_jones_score_selection,fixed_pol_anchor,0.679548982840736,3.659681702767234,1.6836037610230281,0.0,True,3,4,3096725.458075429,3116487.3220225065,"[0.7115805974611145,3.659681702767234,0.679548982840736]","[1.4053221849601303,0.27324780710852525,1.471564265785514]","[4.1176130505544024e-08,1.349352380582879e-08,4.473465984727546e-07]",direct_vp,[],3092814.1163622774,3096560,True,25191601.091256063,73.54653785430375,36.708690527940604,0.018500481084544832,"[5.007308241233443,5.003215641822256,5.044347016353963]",109.05678226053715,566.2752564549446,676.5700541287661,nan,nan,nan,nan,False,,nan,,,nan,nan,nan,,,,,,,,0.00011204752834778305,2.1440987311121362e-06,0.13124461418278946,nan,nan,nan,False,not_run,not_requested
fig1,PEB,48,3302385666,5.0,snr_db,5.0,3,3,3,3,full_6d,3302385666,,,nan,,False,,4.990889862179756,nan,nan,nan,nan,nan,nan,False,,,peb_only,False,3c6a2dfbf3c6bca4,,,,,,,adaptive_jones,True,fixed_anchor_then_adaptive_jones_score_selection,,nan,nan,nan,nan,True,,,nan,nan,,,,,[],nan,,,nan,nan,nan,nan,,nan,nan,nan,0.00020375798729268534,nan,nan,0.00020375798729268534,False,1b543152d623d7ef1c79c425645de2dcbaa35a96910d0ef3f1aa53205c46b486,0.13140425098864256,computed_unscaled,cpu,nan,nan,nan,,,,,,,,nan,nan,nan,nan,nan,nan,False,,
fig1,adaptive_jones_vp_proposed,85,2249164774,5.0,snr_db,5.0,3,3,3,3,full_6d,2249164774,,,nan,,False,,62.13137473911047,0.00011163379418922852,0.00011163379418922852,1.686727235183777e-06,1.8174030266188457e-05,3.975292900040302e-14,0.08137226007080342,False,direct_vp,global_exact_spherical_vp,main_single_proposed,True,92bdfebd4cf62dba,adaptive_jones,cupy,True,0,cupy,cupy.linalg.solve,fixed_pol_anchor,True,fixed_anchor_then_adaptive_jones_score_selection,fixed_pol_anchor,0.7294660991995898,1.5453576076705042,1.0524186210180653,0.0,True,3,4,3096725.458075429,3099745.8967317827,"[1.5453576076705042,0.8824321561841016,0.7294660991995898]","[0.6470994124821827,1.133231595189611,1.3708656250050897]","[4.397781262997254e-07,5.5217827525478144e-08,5.879717437004004e-07]",direct_vp,[],3096524.32633568,3096560,True,25787730.74086057,66.62625600898068,32.86147834202328,0.023135351486069274,"[4.970907859146497,5.002711955489619,5.027429789021183]",130.5139081850648,55.37476006150246,187.2982549443841,nan,nan,nan,nan,False,,nan,,,nan,nan,nan,,,,,,,,0.00011163379418922852,1.686727235183777e-06,0.08137226007080342,nan,nan,nan,False,not_run,not_requested
fig1,PEB,85,2249164774,5.0,snr_db,5.0,3,3,3,3,full_6d,2249164774,,,nan,,False,,5.402408130466938,nan,nan,nan,nan,nan,nan,False,,,peb_only,False,31c16b7a1f9ff1f3,,,,,,,adaptive_jones,True,fixed_anchor_then_adaptive_jones_score_selection,,nan,nan,nan,nan,True,,,nan,nan,,,,,[],nan,,,nan,nan,nan,nan,,nan,nan,nan,0.00020094436830757567,nan,nan,0.00020094436830757567,False,d2813a00a2d0760dea2dc8be475dff9a47f414a15a39f0f8b76a2c0e1d6af5ec,0.08137361798128909,computed_unscaled,cpu,nan,nan,nan,,,,,,,,nan,nan,nan,nan,nan,nan,False,,
fig1,adaptive_jones_vp_proposed,87,3576217426,5.0,snr_db,5.0,3,3,3,3,full_6d,3576217426,,,nan,,False,,54.33137758821249,0.00012485982431252767,0.00012485982431252767,1.6860246926153784e-06,9.519941602029415e-05,2.636211309879938e-13,0.02093657225226946,False,direct_vp,global_exact_spherical_vp,main_single_proposed,True,44c39e31a6d56b71,adaptive_jones,cupy,True,0,cupy,cupy.linalg.solve,fixed_pol_anchor,True,fixed_anchor_then_adaptive_jones_score_selection,fixed_pol_anchor,0.5171277751682579,3.7213916817708803,1.7577158235826575,0.0,True,3,4,3096725.458075429,3145660.2922473443,"[0.5171277751682579,1.0346280138088346,3.7213916817708803]","[1.9337580536533987,0.9665309528181136,0.2687166752413478]","[4.240053222936432e-07,1.3119929273488998e-07,4.658320346569969e-08]",direct_vp,[],3094137.5537304548,3096560,True,14478835.527374538,103.98377421502958,26.713011981391784,0.05477628612014232,"[4.99246020586078,5.000692281300099,4.880597100862916]",139.82178539782763,47.79442288726568,188.94332464784384,nan,nan,nan,nan,False,,nan,,,nan,nan,nan,,,,,,,,0.00012485982431252767,1.6860246926153784e-06,0.02093657225226946,nan,nan,nan,False,not_run,not_requested
fig1,PEB,87,3576217426,5.0,snr_db,5.0,3,3,3,3,full_6d,3576217426,,,nan,,False,,5.024566158652306,nan,nan,nan,nan,nan,nan,False,,,peb_only,False,7181d94b89ca0b03,,,,,,,adaptive_jones,True,fixed_anchor_then_adaptive_jones_score_selection,,nan,nan,nan,nan,True,,,nan,nan,,,,,[],nan,,,nan,nan,nan,nan,,nan,nan,nan,0.00026691906588869956,nan,nan,0.00026691906588869956,False,66c908d686e5b626f41743ba5f1b64294d5b4f17110f5310f3926b121f412ca0,0.020953072070270137,computed_unscaled,cpu,nan,nan,nan,,,,,,,,nan,nan,nan,nan,nan,nan,False,,
fig1,adaptive_jones_vp_proposed,84,3985341227,5.0,snr_db,5.0,3,3,3,3,full_6d,3985341227,,,nan,,False,,68.42360413074493,0.00015713325333242858,0.00015713325333242858,2.3440129741305123e-06,3.763921582671951e-05,1.319588013406839e-13,0.21980287992555855,False,direct_vp,global_exact_spherical_vp,main_single_proposed,True,d6d320db54839845,adaptive_jones,cupy,True,0,cupy,cupy.linalg.solve,fixed_pol_anchor,True,fixed_anchor_then_adaptive_jones_score_selection,fixed_pol_anchor,0.4746478737019064,2.152119217062125,1.4457778722949588,0.0,True,3,4,3096725.458075429,3096779.9316629726,"[0.4746478737019064,1.7105665261208456,2.152119217062125]","[2.1068249862793156,0.5846016420454863,0.46465827360760986]","[1.6139406551773083e-07,5.4425525207430725e-09,6.03613908334215e-08]",direct_vp,[],3093751.8108140184,3096560,True,15293489.699190006,108.56698455028885,27.98535636646121,0.015113829402476735,"[4.968370251669692,4.997337362213364,4.962888708482084]",140.55482500046492,62.069803319871426,203.94896633923054,nan,nan,nan,nan,False,,nan,,,nan,nan,nan,,,,,,,,0.00015713325333242858,2.3440129741305123e-06,0.21980287992555855,nan,nan,nan,False,not_run,not_requested
fig1,PEB,84,3985341227,5.0,snr_db,5.0,3,3,3,3,full_6d,3985341227,,,nan,,False,,5.090209037065506,nan,nan,nan,nan,nan,nan,False,,,peb_only,False,81682d971481abc4,,,,,,,adaptive_jones,True,fixed_anchor_then_adaptive_jones_score_selection,,nan,nan,nan,nan,True,,,nan,nan,,,,,[],nan,,,nan,nan,nan,nan,,nan,nan,nan,0.00026157063261279286,nan,nan,0.00026157063261279286,False,763c74c3103c34dc91712b88cb00b247f3e9461f0fa66c55a5e9608e707daf96,0.2200035310942669,computed_unscaled,cpu,nan,nan,nan,,,,,,,,nan,nan,nan,nan,nan,nan,False,,
fig1,adaptive_jones_vp_proposed,86,2710333116,5.0,snr_db,5.0,3,3,3,3,full_6d,2710333116,,,nan,,False,,62.209397822618484,0.00018128983049198048,0.00018128983049198048,1.3513268670304043e-06,3.212630190549202e-05,1.109782922464852e-12,0.05315358506025434,False,direct_vp,global_exact_spherical_vp,main_single_proposed,True,1274f722ea2159c8,adaptive_jones,cupy,True,0,cupy,cupy.linalg.solve,fixed_pol_anchor,True,fixed_anchor_then_adaptive_jones_score_selection,fixed_pol_anchor,0.409891956780395,6.488348884583518,2.8934469104339544,0.0,True,3,4,3096725.458075429,3110684.9808714055,"[0.409891956780395,6.488348884583518,1.7820998899379499]","[2.4396672914842124,0.1541224150830633,0.561135773389805]","[1.9799048116947e-07,2.2552439412246803e-08,3.487421908494422e-07]",direct_vp,[],3094679.731123281,3096560,True,17039647.52840984,112.87023020390697,30.605184051375883,0.04890601874447336,"[5.049758487906573,5.1188166883002655,4.999515436241826]",143.4170973226428,55.62414161115885,200.4621681123972,nan,nan,nan,nan,False,,nan,,,nan,nan,nan,,,,,,,,0.00018128983049198048,1.3513268670304043e-06,0.05315358506025434,nan,nan,nan,False,not_run,not_requested
fig1,PEB,86,2710333116,5.0,snr_db,5.0,3,3,3,3,full_6d,2710333116,,,nan,,False,,5.33788588643074,nan,nan,nan,nan,nan,nan,False,,,peb_only,False,4a7e15546143e9d4,,,,,,,adaptive_jones,True,fixed_anchor_then_adaptive_jones_score_selection,,nan,nan,nan,nan,True,,,nan,nan,,,,,[],nan,,,nan,nan,nan,nan,,nan,nan,nan,0.0002523654375243088,nan,nan,0.0002523654375243088,False,3a54fb3766786593be45a3a051de7709f83ecc3b2e8854a667fc53103d577f6b,0.05318615498599564,computed_unscaled,cpu,nan,nan,nan,,,,,,,,nan,nan,nan,nan,nan,nan,False,,
fig1,adaptive_jones_vp_proposed,54,1185050677,5.0,snr_db,5.0,3,3,3,3,full_6d,1185050677,,,nan,,False,,529.2654126659036,0.0002127036476581502,0.0002127036476581502,1.4314120952983859e-06,0.00016537863007334605,9.04328782747899e-14,0.08717894972691054,False,direct_vp,global_exact_spherical_vp,main_single_proposed,True,5adfe86363c5bace,adaptive_jones,cupy,True,0,cupy,cupy.linalg.solve,fixed_pol_anchor,True,fixed_anchor_then_adaptive_jones_score_selection,fixed_pol_anchor,0.40016576515053415,5.659823192401366,2.706112913818815,0.0,True,3,4,3096725.458075429,3643116.476928272,"[5.659823192401366,2.058349783904544,0.40016576515053415]","[0.1766839644985548,0.48582607670354855,2.4989643969753894]","[4.1555719005739397e-07,2.0072192919363606e-08,6.81332621900721e-07]",direct_vp,[],3094593.75754588,3096560,True,24321401.867862683,87.26746108946783,19.99757391728076,0.03267717196485128,"[4.965504874977454,4.887873873221048,4.94357604721786]",147.75986694544554,524.2845237702131,673.3413155823946,nan,nan,nan,nan,False,,nan,,,nan,nan,nan,,,,,,,,0.0002127036476581502,1.4314120952983859e-06,0.08717894972691054,nan,nan,nan,False,not_run,not_requested
fig1,PEB,54,1185050677,5.0,snr_db,5.0,3,3,3,3,full_6d,1185050677,,,nan,,False,,4.671718537807465,nan,nan,nan,nan,nan,nan,False,,,peb_only,False,347979602f563ff3,,,,,,,adaptive_jones,True,fixed_anchor_then_adaptive_jones_score_selection,,nan,nan,nan,nan,True,,,nan,nan,,,,,[],nan,,,nan,nan,nan,nan,,nan,nan,nan,0.00018968379789864256,nan,nan,0.00018968379789864256,False,115a7d3f95ba8b9ea29c0754c333293a0d2bf13a03dc583bd9fdf4cc7c014143,0.08723479221506682,computed_unscaled,cpu,nan,nan,nan,,,,,,,,nan,nan,nan,nan,nan,nan,False,,
fig1,adaptive_jones_vp_proposed,88,2932252539,5.0,snr_db,5.0,3,3,3,3,full_6d,2932252539,,,nan,,False,,62.627743259072304,0.00031006787227420997,0.00031006787227420997,1.833684496283362e-06,5.6977233240230495e-05,1.1650172319646949e-14,0.12377067389485223,False,direct_vp,global_exact_spherical_vp,main_single_proposed,True,70234efe1356b2ea,adaptive_jones,cupy,True,0,cupy,cupy.linalg.solve,fixed_pol_anchor,True,fixed_anchor_then_adaptive_jones_score_selection,fixed_pol_anchor,0.6264381136832246,1.787562070079066,1.1354374856149088,0.0,True,3,4,3096725.458075429,3098516.8204989224,"[0.9923122730824357,1.787562070079066,0.6264381136832246]","[1.007747285935194,0.5594211338093459,1.5963268807508266]","[8.826291431690634e-07,4.7012460571090066e-08,5.135604971806265e-07]",direct_vp,[],3097638.04788055,3096560,True,26900036.380817432,71.29874580896542,30.0756657500447,0.028642698050808657,"[5.058302382132586,5.013073768071828,4.989238123165296]",143.9081951752305,56.157808005809784,201.48389980196953,nan,nan,nan,nan,False,,nan,,,nan,nan,nan,,,,,,,,0.00031006787227420997,1.833684496283362e-06,0.12377067389485223,nan,nan,nan,False,not_run,not_requested
fig1,PEB,88,2932252539,5.0,snr_db,5.0,3,3,3,3,full_6d,2932252539,,,nan,,False,,5.039191789925098,nan,nan,nan,nan,nan,nan,False,,,peb_only,False,39f89e1806b5d852,,,,,,,adaptive_jones,True,fixed_anchor_then_adaptive_jones_score_selection,,nan,nan,nan,nan,True,,,nan,nan,,,,,[],nan,,,nan,nan,nan,nan,,nan,nan,nan,0.0001945178338826324,nan,nan,0.0001945178338826324,False,026935debd21c4cd81fb47190ca8eeaf89621d3b1a455ec08b231cab8f8cd44e,0.12372823821326115,computed_unscaled,cpu,nan,nan,nan,,,,,,,,nan,nan,nan,nan,nan,nan,False,,
fig1,adaptive_jones_vp_proposed,50,3229661427,5.0,snr_db,5.0,3,3,3,3,full_6d,3229661427,,,nan,,False,,611.5970982015133,0.0002943610544740838,0.0002943610544740838,2.0169268817966257e-06,6.463286130426699e-05,1.718320001056671e-12,0.1544916892681293,False,direct_vp,global_exact_spherical_vp,main_single_proposed,True,b047a80240d732b5,adaptive_jones,cupy,True,0,cupy,cupy.linalg.solve,fixed_pol_anchor,True,fixed_anchor_then_adaptive_jones_score_selection,fixed_pol_anchor,0.39583444709439697,4.013217568435886,2.3150531808722454,0.0,True,3,4,3096725.458075429,3601486.182654284,"[0.39583444709439697,2.5361075270864535,4.013217568435886]","[2.526308681167226,0.3943050479197505,0.24917662273309726]","[1.9868118036118204e-07,4.1107284644906656e-08,1.301515549935117e-07]",direct_vp,[],3095812.3300040057,3096560,True,13488265.96884463,123.78875136822236,25.12839555262927,0.05252273183221211,"[4.9743240970608165,5.026414885331649,5.1022457909377605]",127.693582624197,525.2752850428224,654.0628264322877,nan,nan,nan,nan,False,,nan,,,nan,nan,nan,,,,,,,,0.0002943610544740838,2.0169268817966257e-06,0.1544916892681293,nan,nan,nan,False,not_run,not_requested
fig1,PEB,50,3229661427,5.0,snr_db,5.0,3,3,3,3,full_6d,3229661427,,,nan,,False,,4.789127334952354,nan,nan,nan,nan,nan,nan,False,,,peb_only,False,7353ac2da1b68ff7,,,,,,,adaptive_jones,True,fixed_anchor_then_adaptive_jones_score_selection,,nan,nan,nan,nan,True,,,nan,nan,,,,,[],nan,,,nan,nan,nan,nan,,nan,nan,nan,0.00027901760448752796,nan,nan,0.00027901760448752796,False,1942487101149f69652abec158449acd8ba5e0555a4e067cb0f025310bb6ac8a,0.1545297990290412,computed_unscaled,cpu,nan,nan,nan,,,,,,,,nan,nan,nan,nan,nan,nan,False,,
fig1,adaptive_jones_vp_proposed,90,4175219143,5.0,snr_db,5.0,3,3,3,3,full_6d,4175219143,,,nan,,False,,64.79166629910469,2.6621274648364962e-05,2.6621274648364962e-05,1.2182883645348748e-06,1.9489549468206038e-05,8.705165743821859e-13,0.028537793851034908,False,direct_vp,global_exact_spherical_vp,main_single_proposed,True,b30daecc7e63b439,adaptive_jones,cupy,True,0,cupy,cupy.linalg.solve,fixed_pol_anchor,True,fixed_anchor_then_adaptive_jones_score_selection,fixed_pol_anchor,0.5061100817861257,7.061275836100909,2.8399496770010266,0.0,True,3,4,3096725.458075429,3096782.624918748,"[0.9524631131160448,0.5061100817861257,7.061275836100909]","[1.0499094256023025,1.975854731979195,0.14161746732515665]","[8.248612728913415e-07,4.689830412337993e-08,6.669510426504978e-07]",direct_vp,[],3092814.258959102,3096560,True,15903977.017731672,99.88633587641574,24.1333241764531,0.04221262963607873,"[4.979910887387734,4.975234190416023,5.067027409270369]",137.59557678550482,58.31971976906061,197.12602315843105,nan,nan,nan,nan,False,,nan,,,nan,nan,nan,,,,,,,,2.6621274648364962e-05,1.2182883645348748e-06,0.028537793851034908,nan,nan,nan,False,not_run,not_requested
fig1,PEB,90,4175219143,5.0,snr_db,5.0,3,3,3,3,full_6d,4175219143,,,nan,,False,,5.33120796084404,nan,nan,nan,nan,nan,nan,False,,,peb_only,False,d1e48f5525ee746f,,,,,,,adaptive_jones,True,fixed_anchor_then_adaptive_jones_score_selection,,nan,nan,nan,nan,True,,,nan,nan,,,,,[],nan,,,nan,nan,nan,nan,,nan,nan,nan,0.00025394032676889707,nan,nan,0.00025394032676889707,False,6333c10944794ce04d692bf5cb56023e51f4bf1ac8d7f2df89dad974bd0e5c09,0.028572503918099283,computed_unscaled,cpu,nan,nan,nan,,,,,,,,nan,nan,nan,nan,nan,nan,False,,
fig1,adaptive_jones_vp_proposed,91,3347136468,5.0,snr_db,5.0,3,3,3,3,full_6d,3347136468,,,nan,,False,,63.09911446273327,9.310208172965747e-05,9.310208172965747e-05,1.556771085090892e-06,8.282709345342401e-05,8.493045062674795e-14,0.07799338247568834,False,direct_vp,global_exact_spherical_vp,main_single_proposed,True,b1e872672736622b,adaptive_jones,cupy,True,0,cupy,cupy.linalg.solve,fixed_pol_anchor,True,fixed_anchor_then_adaptive_jones_score_selection,fixed_pol_anchor,0.36973385438962175,7.672130107906638,3.717990361562743,0.0,True,3,4,3096725.458075429,3120412.246948693,"[3.1121071223919703,7.672130107906638,0.36973385438962175]","[0.32132570013473266,0.13034189800323662,2.7046481898458787]","[1.878110641409918e-07,4.660439150288693e-08,1.1064012175037243e-06]",direct_vp,"[""poor_clock_consistency""]",3098743.345739994,3096560,True,21683521.436522815,113.19584074749683,23.63128118071946,0.10039927118777946,"[4.859573280429767,5.080054792871332,5.064159086606961]",140.49561584740877,56.48632435500622,198.27640739828348,nan,nan,nan,nan,False,,nan,,,nan,nan,nan,,,,,,,,9.310208172965747e-05,1.556771085090892e-06,0.07799338247568834,nan,nan,nan,False,not_run,not_requested
fig1,PEB,91,3347136468,5.0,snr_db,5.0,3,3,3,3,full_6d,3347136468,,,nan,,False,,4.993140839040279,nan,nan,nan,nan,nan,nan,False,,,peb_only,False,2885032b38b6ff5f,,,,,,,adaptive_jones,True,fixed_anchor_then_adaptive_jones_score_selection,,nan,nan,nan,nan,True,,,nan,nan,,,,,[],nan,,,nan,nan,nan,nan,,nan,nan,nan,0.00019211923055776982,nan,nan,0.00019211923055776982,False,64607f16edc43d908c3fdfcf5a1ab43160e4a3b90bfd0c732196f2f9ce351b74,0.07793883177355007,computed_unscaled,cpu,nan,nan,nan,,,,,,,,nan,nan,nan,nan,nan,nan,False,,
fig1,adaptive_jones_vp_proposed,92,971995857,5.0,snr_db,5.0,3,3,3,3,full_6d,971995857,,,nan,,False,,62.882529735565186,3.989314420002796e-05,3.989314420002796e-05,5.716577528199117e-07,1.08738885602313e-05,9.982416811076808e-14,0.16980428373867215,False,direct_vp,global_exact_spherical_vp,main_single_proposed,True,99c6706e585b7dca,adaptive_jones,cupy,True,0,cupy,cupy.linalg.solve,fixed_pol_anchor,True,fixed_anchor_then_adaptive_jones_score_selection,fixed_pol_anchor,0.4430555052971544,9.152908851535328,3.6166819109133446,0.0,True,3,4,3096725.458075429,3099444.656847049,"[9.152908851535328,1.2540813759075524,0.4430555052971544]","[0.1092548845630758,0.7973964203679103,2.2570535475659277]","[3.6115765950011643e-07,1.1468741632512645e-07,1.6049324875744642e-06]",direct_vp,[],3097912.8702753307,3096560,True,26293788.366750453,80.20555017449715,23.103013818933857,0.09630631420830472,"[4.809411569120847,4.988810103264763,5.031772820815417]",146.60559405386448,56.7911810874939,204.82781195640564,nan,nan,nan,nan,False,,nan,,,nan,nan,nan,,,,,,,,3.989314420002796e-05,5.716577528199117e-07,0.16980428373867215,nan,nan,nan,False,not_run,not_requested
fig1,PEB,92,971995857,5.0,snr_db,5.0,3,3,3,3,full_6d,971995857,,,nan,,False,,5.284831956028938,nan,nan,nan,nan,nan,nan,False,,,peb_only,False,5ebc926bccea52a8,,,,,,,adaptive_jones,True,fixed_anchor_then_adaptive_jones_score_selection,,nan,nan,nan,nan,True,,,nan,nan,,,,,[],nan,,,nan,nan,nan,nan,,nan,nan,nan,0.00017934646857743913,nan,nan,0.00017934646857743913,False,414dc620a83beefed3505e1c54ca50570728cbcfef97d68ab55ee64715d67776,0.16973100656495557,computed_unscaled,cpu,nan,nan,nan,,,,,,,,nan,nan,nan,nan,nan,nan,False,,
fig1,adaptive_jones_vp_proposed,95,1902842209,5.0,snr_db,5.0,3,3,3,3,full_6d,1902842209,,,nan,,False,,63.80701994895935,0.0002363422434003907,0.0002363422434003907,2.2383327087640808e-06,0.00013382252821808174,7.697721282416046e-13,0.08949131194188134,False,direct_vp,global_exact_spherical_vp,main_single_proposed,True,9794d3ab23c04cf7,adaptive_jones,cupy,True,0,cupy,cupy.linalg.solve,fixed_pol_anchor,True,fixed_anchor_then_adaptive_jones_score_selection,fixed_pol_anchor,0.3908469431799334,16.217534893596994,6.144292336029404,0.0,True,3,4,3096725.458075429,3115055.6172358096,"[16.217534893596994,1.8244951713112831,0.3908469431799334]","[0.06166165243637628,0.5480968191762686,2.5585462991308114]","[3.143912443331583e-07,1.4284386692485454e-07,5.876557942718055e-07]",direct_vp,[],3094777.01605284,3096560,True,22426338.93248589,97.69881989769992,16.393411113546556,0.05424596163204439,"[4.956424396820808,5.08924854974751,5.026017336329248]",140.29066424816847,57.419827722013,199.05980409681797,nan,nan,nan,nan,False,,nan,,,nan,nan,nan,,,,,,,,0.0002363422434003907,2.2383327087640808e-06,0.08949131194188134,nan,nan,nan,False,not_run,not_requested
fig1,PEB,95,1902842209,5.0,snr_db,5.0,3,3,3,3,full_6d,1902842209,,,nan,,False,,5.371139705181122,nan,nan,nan,nan,nan,nan,False,,,peb_only,False,205c98fb3ebcd914,,,,,,,adaptive_jones,True,fixed_anchor_then_adaptive_jones_score_selection,,nan,nan,nan,nan,True,,,nan,nan,,,,,[],nan,,,nan,nan,nan,nan,,nan,nan,nan,0.00018502379563828706,nan,nan,0.00018502379563828706,False,76a18cb09eabd2843f7f18de70d1414c840c1b810997a8411f8aedb26f349b2f,0.0895433329543028,computed_unscaled,cpu,nan,nan,nan,,,,,,,,nan,nan,nan,nan,nan,nan,False,,
fig1,adaptive_jones_vp_proposed,93,3741086398,5.0,snr_db,5.0,3,3,3,3,full_6d,3741086398,,,nan,,False,,64.64163190126419,9.097387191416521e-05,9.097387191416521e-05,1.7645227476495568e-06,8.62580243108881e-06,4.789651564750577e-13,0.04701282103280716,False,direct_vp,global_exact_spherical_vp,main_single_proposed,True,c2720ae6e641804e,adaptive_jones,cupy,True,0,cupy,cupy.linalg.solve,fixed_pol_anchor,True,fixed_anchor_then_adaptive_jones_score_selection,fixed_pol_anchor,0.4670565014621923,2.6547888646340336,1.5568358681729304,0.0,True,3,4,3096725.458075429,3100273.5503033064,"[1.548662238422565,2.6547888646340336,0.4670565014621923]","[0.6457185919487716,0.37667778907728566,2.141068579216602]","[1.4009259034334028e-07,1.4960197125050205e-07,7.328360034352653e-07]",direct_vp,[],3096831.328632667,3096560,True,28475424.660933323,75.54095404743428,32.97658330312922,0.04287740803134318,"[5.057895826650351,4.953794030990851,4.993793512180261]",142.71549158543348,58.0824466124177,202.1221203058958,nan,nan,nan,nan,False,,nan,,,nan,nan,nan,,,,,,,,9.097387191416521e-05,1.7645227476495568e-06,0.04701282103280716,nan,nan,nan,False,not_run,not_requested
fig1,PEB,93,3741086398,5.0,snr_db,5.0,3,3,3,3,full_6d,3741086398,,,nan,,False,,5.30181510001421,nan,nan,nan,nan,nan,nan,False,,,peb_only,False,648e117e631a8e6b,,,,,,,adaptive_jones,True,fixed_anchor_then_adaptive_jones_score_selection,,nan,nan,nan,nan,True,,,nan,nan,,,,,[],nan,,,nan,nan,nan,nan,,nan,nan,nan,0.0001700032853902929,nan,nan,0.0001700032853902929,False,c0a81a3b83197cd9cfba67cbec7ea74e0bc1c6abbc0cc35f29e15ac8d0f81a14,0.047008944903293375,computed_unscaled,cpu,nan,nan,nan,,,,,,,,nan,nan,nan,nan,nan,nan,False,,
fig1,adaptive_jones_vp_proposed,94,3608384463,5.0,snr_db,5.0,3,3,3,3,full_6d,3608384463,,,nan,,False,,62.057084143161774,8.353134164934821e-05,8.353134164934821e-05,2.3987912163013164e-06,1.5778214588270764e-05,4.488782962462314e-13,0.14797165969950227,False,direct_vp,global_exact_spherical_vp,main_single_proposed,True,071409d7aef3c87f,adaptive_jones,cupy,True,0,cupy,cupy.linalg.solve,fixed_pol_anchor,True,fixed_anchor_then_adaptive_jones_score_selection,fixed_pol_anchor,0.4273239165142762,4.82297549866897,2.2937367735592287,0.0,True,3,4,3096725.458075429,3165742.660796903,"[1.6309109054944395,0.4273239165142762,4.82297549866897]","[0.6131542787711027,2.3401451717392097,0.20734088329313594]","[5.936066791253807e-06,1.7455109199613443e-08,9.792091130742454e-09]",direct_vp,[],3098716.764178883,3096560,True,18137670.18448166,101.83514986345347,21.448021095106714,0.035272219373487956,"[5.067834373790851,5.023695056818598,5.110087130455344]",146.21722023934126,55.25291208922863,202.7727791145444,nan,nan,nan,nan,False,,nan,,,nan,nan,nan,,,,,,,,8.353134164934821e-05,2.3987912163013164e-06,0.14797165969950227,nan,nan,nan,False,not_run,not_requested
fig1,PEB,94,3608384463,5.0,snr_db,5.0,3,3,3,3,full_6d,3608384463,,,nan,,False,,5.4158491641283035,nan,nan,nan,nan,nan,nan,False,,,peb_only,False,d7efedbed79e737a,,,,,,,adaptive_jones,True,fixed_anchor_then_adaptive_jones_score_selection,,nan,nan,nan,nan,True,,,nan,nan,,,,,[],nan,,,nan,nan,nan,nan,,nan,nan,nan,0.00023966328342628877,nan,nan,0.00023966328342628877,False,ef18bf3cff118d7dc1efd356b9a296459495c6f9c6bb71ac5354d9f7a0cabc56,0.14786943272857145,computed_unscaled,cpu,nan,nan,nan,,,,,,,,nan,nan,nan,nan,nan,nan,False,,
fig1,adaptive_jones_vp_proposed,0,3147786918,10.0,snr_db,10.0,3,3,3,3,full_6d,3147786918,,,nan,,False,,65.46430614590645,0.0001176989394554334,0.0001176989394554334,2.5936219933129274e-07,1.8138282547932017e-05,9.928785434709955e-14,0.03963112900885161,False,direct_vp,global_exact_spherical_vp,main_single_proposed,True,c5760ba4692848d4,adaptive_jones,cupy,True,0,cupy,cupy.linalg.solve,fixed_pol_anchor,True,fixed_anchor_then_adaptive_jones_score_selection,fixed_pol_anchor,0.18694759424365617,0.729584791264135,0.4063865047443774,0.0,True,3,4,3096725.458075429,3104245.197755744,"[0.729584791264135,0.18694759424365617,0.3026271287253411]","[1.3706426065524104,5.349092637675099,3.3043964175045235]","[1.2236547184521046e-07,3.9524500658353305e-08,3.90749068422978e-07]",direct_vp,[],3095469.8179415516,3096560,True,82254383.1269439,69.81647194035841,57.727813203077325,0.007758291654363685,"[5.000718181959905,4.981718633799398,4.991568807003802]",143.4312141314149,58.24958489090204,202.9761374592781,nan,nan,nan,nan,False,,nan,,,nan,nan,nan,,,,,,,,0.0001176989394554334,2.5936219933129274e-07,0.03963112900885161,nan,nan,nan,False,not_run,not_requested
fig1,PEB,0,3147786918,10.0,snr_db,10.0,3,3,3,3,full_6d,3147786918,,,nan,,False,,5.1322193667292595,nan,nan,nan,nan,nan,nan,False,,,peb_only,False,b3e2f9ae55777e2b,,,,,,,adaptive_jones,True,fixed_anchor_then_adaptive_jones_score_selection,,nan,nan,nan,nan,True,,,nan,nan,,,,,[],nan,,,nan,nan,nan,nan,,nan,nan,nan,0.0001129316608688006,nan,nan,0.0001129316608688006,False,7c738a48c71d396c30709f16037cef480e872ff8eba0c095999cea8980974cb0,0.03964529139661309,computed_unscaled,cpu,nan,nan,nan,,,,,,,,nan,nan,nan,nan,nan,nan,False,,
fig1,adaptive_jones_vp_proposed,1,112311654,10.0,snr_db,10.0,3,3,3,3,full_6d,112311654,,,nan,,False,,63.38434923440218,4.065038373945754e-05,4.065038373945754e-05,8.862826121432198e-07,3.180358707370951e-05,1.8611681335625e-13,0.030381711184540167,False,direct_vp,global_exact_spherical_vp,main_single_proposed,True,a1fd748a26ff742a,adaptive_jones,cupy,True,0,cupy,cupy.linalg.solve,fixed_pol_anchor,True,fixed_anchor_then_adaptive_jones_score_selection,fixed_pol_anchor,0.12048599214672626,4.014701217185469,1.606784341568282,0.0,True,3,4,3096725.458075429,3128976.617605827,"[0.6851658153726502,0.12048599214672626,4.014701217185469]","[1.4595007187500029,8.299720010456424,0.2490845385243989]","[6.332579992525918e-09,5.195119980815798e-08,5.6226428378950385e-08]",direct_vp,[],3096430.0757178795,3096560,True,51131303.980515584,98.53732750390954,34.995781724238526,0.05130057759938702,"[5.000097990402604,4.99873235977449,4.890596642802548]",147.56906912475824,57.04204902052879,206.04536147415638,nan,nan,nan,nan,False,,nan,,,nan,nan,nan,,,,,,,,4.065038373945754e-05,8.862826121432198e-07,0.030381711184540167,nan,nan,nan,False,not_run,not_requested
fig1,PEB,1,112311654,10.0,snr_db,10.0,3,3,3,3,full_6d,112311654,,,nan,,False,,5.267409615218639,nan,nan,nan,nan,nan,nan,False,,,peb_only,False,d7c5de4814b93089,,,,,,,adaptive_jones,True,fixed_anchor_then_adaptive_jones_score_selection,,nan,nan,nan,nan,True,,,nan,nan,,,,,[],nan,,,nan,nan,nan,nan,,nan,nan,nan,0.00014365744851841219,nan,nan,0.00014365744851841219,False,e3b48bd20620d3b9b8ef02e72c1473ee968de0b883c8a7b45706956b70dd2349,0.03038314297188423,computed_unscaled,cpu,nan,nan,nan,,,,,,,,nan,nan,nan,nan,nan,nan,False,,
fig1,adaptive_jones_vp_proposed,3,3422926171,10.0,snr_db,10.0,3,3,3,3,full_6d,3422926171,,,nan,,False,,62.04751659184694,0.00016301900920903117,0.00016301900920903117,1.1423686404335744e-06,7.535785260074458e-05,4.001507858329956e-13,0.027814473024448654,False,direct_vp,global_exact_spherical_vp,main_single_proposed,True,ebebe5f698afb43f,adaptive_jones,cupy,True,0,cupy,cupy.linalg.solve,fixed_pol_anchor,True,fixed_anchor_then_adaptive_jones_score_selection,fixed_pol_anchor,0.21087478037467322,0.8744193457880025,0.44274157781808476,0.0,True,3,4,3096725.458075429,3096790.8716056147,"[0.8744193457880025,0.24293060729157853,0.21087478037467322]","[1.1436160519732705,4.116401844743683,4.742150759910845]","[2.3967402941483484e-07,3.060776066093225e-08,8.847340994958521e-08]",direct_vp,[],3097490.075763877,3096560,True,85549328.18464547,79.30691444674149,44.6563469890979,0.020642448169355787,"[4.978466662096237,4.978800984046651,5.022422111123565]",143.00024261325598,55.31669916212559,199.6883779540658,nan,nan,nan,nan,False,,nan,,,nan,nan,nan,,,,,,,,0.00016301900920903117,1.1423686404335744e-06,0.027814473024448654,nan,nan,nan,False,not_run,not_requested
fig1,PEB,3,3422926171,10.0,snr_db,10.0,3,3,3,3,full_6d,3422926171,,,nan,,False,,5.161628544330597,nan,nan,nan,nan,nan,nan,False,,,peb_only,False,a28585b8f0995f4a,,,,,,,adaptive_jones,True,fixed_anchor_then_adaptive_jones_score_selection,,nan,nan,nan,nan,True,,,nan,nan,,,,,[],nan,,,nan,nan,nan,nan,,nan,nan,nan,0.00010931293132064349,nan,nan,0.00010931293132064349,False,36031d2b9c9618797e3e0dd10eb5c7dda8abc129f14c8c8dd5b717980768d13b,0.027806264915607372,computed_unscaled,cpu,nan,nan,nan,,,,,,,,nan,nan,nan,nan,nan,nan,False,,
fig1,adaptive_jones_vp_proposed,2,3251202663,10.0,snr_db,10.0,3,3,3,3,full_6d,3251202663,,,nan,,False,,64.30951498448849,4.703470676820969e-05,4.703470676820969e-05,8.106684348096708e-07,3.626005730696663e-05,6.394024454756896e-14,0.022850568493572122,False,direct_vp,global_exact_spherical_vp,main_single_proposed,True,323c4ed4c8b1a135,adaptive_jones,cupy,True,0,cupy,cupy.linalg.solve,fixed_pol_anchor,True,fixed_anchor_then_adaptive_jones_score_selection,fixed_pol_anchor,0.21693753686118825,0.6136084981377712,0.3655068298294166,0.0,True,3,4,3096725.458075429,3096806.4319981607,"[0.6136084981377712,0.21693753686118825,0.26597445448929036]","[1.6297036351912781,4.6096218039004135,3.759759567586592]","[3.639997972694305e-08,8.929992672584156e-08,9.97012119393741e-07]",direct_vp,[],3093867.6226683403,3096560,True,84299824.42145014,73.86347803385381,69.20872616179587,0.01856028768099258,"[4.967005024901838,5.003468771546693,5.00875233230638]",146.3085709065199,58.12457486242056,205.7286010235548,nan,nan,nan,nan,False,,nan,,,nan,nan,nan,,,,,,,,4.703470676820969e-05,8.106684348096708e-07,0.022850568493572122,nan,nan,nan,False,not_run,not_requested
fig1,PEB,2,3251202663,10.0,snr_db,10.0,3,3,3,3,full_6d,3251202663,,,nan,,False,,4.630409866571426,nan,nan,nan,nan,nan,nan,False,,,peb_only,False,1519c7c8834ec0c2,,,,,,,adaptive_jones,True,fixed_anchor_then_adaptive_jones_score_selection,,nan,nan,nan,nan,True,,,nan,nan,,,,,[],nan,,,nan,nan,nan,nan,,nan,nan,nan,0.00011044035239813665,nan,nan,0.00011044035239813665,False,ba669d51e548d5d57a5c08da45514e8eda76ee1a2847f0b8bc91639b42fa1215,0.02287057192270079,computed_unscaled,cpu,nan,nan,nan,,,,,,,,nan,nan,nan,nan,nan,nan,False,,
fig1,adaptive_jones_vp_proposed,4,287230138,10.0,snr_db,10.0,3,3,3,3,full_6d,287230138,,,nan,,False,,62.186142943799496,0.0001067320224058187,0.0001067320224058187,4.5720047467317024e-07,8.27362060226734e-05,8.966165605481972e-14,0.04943092010463882,False,direct_vp,global_exact_spherical_vp,main_single_proposed,True,ddac7f95364e0e05,adaptive_jones,cupy,True,0,cupy,cupy.linalg.solve,fixed_pol_anchor,True,fixed_anchor_then_adaptive_jones_score_selection,fixed_pol_anchor,0.2003398058641449,1.421394327863385,0.6174769601229605,0.0,True,3,4,3096725.458075429,3096908.3927819002,"[1.421394327863385,0.2306967466413517,0.2003398058641449]","[0.7035345367543159,4.334694851828146,4.9915192624171905]","[1.3313063349909889e-07,2.5085030843661335e-08,7.253196062189004e-07]",direct_vp,[],3096268.8489340646,3096560,True,92244172.0005586,76.14377528486955,49.79494292552969,0.01636980149739138,"[4.971672511531586,4.995045830593438,5.011574995909796]",143.72234124690294,55.46008135378361,200.62964015454054,nan,nan,nan,nan,False,,nan,,,nan,nan,nan,,,,,,,,0.0001067320224058187,4.5720047467317024e-07,0.04943092010463882,nan,nan,nan,False,not_run,not_requested
fig1,PEB,4,287230138,10.0,snr_db,10.0,3,3,3,3,full_6d,287230138,,,nan,,False,,5.294641323387623,nan,nan,nan,nan,nan,nan,False,,,peb_only,False,072bf930c96f3929,,,,,,,adaptive_jones,True,fixed_anchor_then_adaptive_jones_score_selection,,nan,nan,nan,nan,True,,,nan,nan,,,,,[],nan,,,nan,nan,nan,nan,,nan,nan,nan,0.0001003554190456147,nan,nan,0.0001003554190456147,False,72d5586e1e2071d827e37c0d5029359210d7878b9ab9d369f2c38d0e300801aa,0.04943582367100889,computed_unscaled,cpu,nan,nan,nan,,,,,,,,nan,nan,nan,nan,nan,nan,False,,
fig1,adaptive_jones_vp_proposed,64,1096511241,5.0,snr_db,5.0,3,3,3,3,full_6d,1096511241,,,nan,,False,,565.9145555645227,0.00012671278769122577,0.00012671278769122577,1.0276747994090158e-06,1.7451883516662825e-05,4.0846380198461014e-14,0.05183764971914819,False,direct_vp,global_exact_spherical_vp,main_single_proposed,True,ac0cc13b777bcba2,adaptive_jones,cupy,True,0,cupy,cupy.linalg.solve,fixed_pol_anchor,True,fixed_anchor_then_adaptive_jones_score_selection,fixed_pol_anchor,0.7318209650103219,1.3544201542792689,1.0095541913474668,0.0,True,3,4,3096725.458075429,4156799.187612752,"[0.9424214547528096,1.3544201542792689,0.7318209650103219]","[1.0610963862886063,0.7383233310868578,1.366454430538436]","[3.402220456486458e-06,5.23206971270737e-07,1.5544024550693246e-06]",direct_vp,[],3095547.2035318897,3096560,True,25501774.467760447,78.58814273644612,38.84879559620112,0.004277681501017557,"[5.000771668825238,4.993784066900087,5.004039789195419]",146.4619992747903,559.2846613228321,707.0516213029623,nan,nan,nan,nan,False,,nan,,,nan,nan,nan,,,,,,,,0.00012671278769122577,1.0276747994090158e-06,0.05183764971914819,nan,nan,nan,False,not_run,not_requested
fig1,PEB,64,1096511241,5.0,snr_db,5.0,3,3,3,3,full_6d,1096511241,,,nan,,False,,5.209636904299259,nan,nan,nan,nan,nan,nan,False,,,peb_only,False,f49bbd0ad29ae027,,,,,,,adaptive_jones,True,fixed_anchor_then_adaptive_jones_score_selection,,nan,nan,nan,nan,True,,,nan,nan,,,,,[],nan,,,nan,nan,nan,nan,,nan,nan,nan,0.00020043971240669495,nan,nan,0.00020043971240669495,False,e140a9cd0c7a64d7d06d7886e7a75298e3fbf2d3964882a91cad3a1a2e55c6a3,0.05185487781726453,computed_unscaled,cpu,nan,nan,nan,,,,,,,,nan,nan,nan,nan,nan,nan,False,,
fig1,adaptive_jones_vp_proposed,7,1914929603,10.0,snr_db,10.0,3,3,3,3,full_6d,1914929603,,,nan,,False,,63.42378753423691,0.00013191810313334777,0.00013191810313334777,5.361954069298043e-07,7.35156247431544e-05,6.426111885333121e-14,0.0735490190287109,False,direct_vp,global_exact_spherical_vp,main_single_proposed,True,4b503b2dd6e6beae,adaptive_jones,cupy,True,0,cupy,cupy.linalg.solve,fixed_pol_anchor,True,fixed_anchor_then_adaptive_jones_score_selection,fixed_pol_anchor,0.13680402677479764,1.4802100725849796,0.7032524022615249,0.0,True,3,4,3096725.458075429,3096983.275702516,"[1.4802100725849796,0.4927431074247971,0.13680402677479764]","[0.6755797832480358,2.0294550749289337,7.309726355102331]","[3.0392959264532396e-07,6.5322352599845e-08,4.721027350834768e-07]",direct_vp,[],3093953.009467407,3096560,True,80896862.2602073,85.31798441843975,41.806848395440056,0.06311002507939867,"[4.869204120146026,4.9992243449173115,5.006629662915454]",134.70661228895187,56.98981814086437,192.96997165679932,nan,nan,nan,nan,False,,nan,,,nan,nan,nan,,,,,,,,0.00013191810313334777,5.361954069298043e-07,0.0735490190287109,nan,nan,nan,False,not_run,not_requested
fig1,PEB,7,1914929603,10.0,snr_db,10.0,3,3,3,3,full_6d,1914929603,,,nan,,False,,5.248823329806328,nan,nan,nan,nan,nan,nan,False,,,peb_only,False,017f0f1c21396f26,,,,,,,adaptive_jones,True,fixed_anchor_then_adaptive_jones_score_selection,,nan,nan,nan,nan,True,,,nan,nan,,,,,[],nan,,,nan,nan,nan,nan,,nan,nan,nan,0.00010722217098529104,nan,nan,0.00010722217098529104,False,84f1975fc112e22552cd5389ecb9ea5e68088b810ed0a30ff85dfd5971674377,0.07361137239348518,computed_unscaled,cpu,nan,nan,nan,,,,,,,,nan,nan,nan,nan,nan,nan,False,,
fig1,adaptive_jones_vp_proposed,6,1919806993,10.0,snr_db,10.0,3,3,3,3,full_6d,1919806993,,,nan,,False,,65.70655495673418,3.4937655741558154e-05,3.4937655741558154e-05,2.2977486705503345e-07,9.700670542081237e-06,1.0050377439242315e-13,0.04198014955616406,False,direct_vp,global_exact_spherical_vp,main_single_proposed,True,b72c711865040f01,adaptive_jones,cupy,True,0,cupy,cupy.linalg.solve,fixed_pol_anchor,True,fixed_anchor_then_adaptive_jones_score_selection,fixed_pol_anchor,0.18021918566719458,2.3464677783061547,0.9248660777858428,0.0,True,3,4,3096725.458075429,3099444.979661121,"[0.24791126938417934,2.3464677783061547,0.18021918566719458]","[4.033701261277023,0.42617248327165347,5.548798793522961]","[9.56355399706475e-07,1.2711736540464496e-07,1.3214511088320492e-08]",direct_vp,[],3095354.4688434396,3096560,True,82431340.43261585,72.20434479655718,69.64790856355313,0.02414257061434265,"[5.029929734138986,5.033406851700721,4.980542771294107]",136.74171778559685,58.72510676831007,196.75320445746183,nan,nan,nan,nan,False,,nan,,,nan,nan,nan,,,,,,,,3.4937655741558154e-05,2.2977486705503345e-07,0.04198014955616406,nan,nan,nan,False,not_run,not_requested
fig1,PEB,6,1919806993,10.0,snr_db,10.0,3,3,3,3,full_6d,1919806993,,,nan,,False,,5.485833488404751,nan,nan,nan,nan,nan,nan,False,,,peb_only,False,0d864a9ab7ecdc39,,,,,,,adaptive_jones,True,fixed_anchor_then_adaptive_jones_score_selection,,nan,nan,nan,nan,True,,,nan,nan,,,,,[],nan,,,nan,nan,nan,nan,,nan,nan,nan,0.00011159900905868082,nan,nan,0.00011159900905868082,False,231b7c2941d5d9c02809f94febabb8d0e1f1d4a2d4bfefa1b397f685379809da,0.04199671633749915,computed_unscaled,cpu,nan,nan,nan,,,,,,,,nan,nan,nan,nan,nan,nan,False,,
fig1,adaptive_jones_vp_proposed,8,641399591,10.0,snr_db,10.0,3,3,3,3,full_6d,641399591,,,nan,,False,,64.46983279287815,7.174105865777254e-05,7.174105865777254e-05,3.7399671004208003e-07,1.386164163228579e-05,5.883272662387842e-14,0.022558786899926884,False,direct_vp,global_exact_spherical_vp,main_single_proposed,True,ef2d4f3c14bbe58e,adaptive_jones,cupy,True,0,cupy,cupy.linalg.solve,fixed_pol_anchor,True,fixed_anchor_then_adaptive_jones_score_selection,fixed_pol_anchor,0.21826612746736515,1.0414262379122714,0.4947885570013785,0.0,True,3,4,3096725.458075429,3096800.5804526075,"[1.0414262379122714,0.22467330562449883,0.21826612746736515]","[0.9602216302938946,4.4509070502176,4.581562936966939]","[1.0525988491988049e-07,8.644433401586341e-10,3.059757096616118e-07]",direct_vp,[],3097884.644667069,3096560,True,85419559.87744233,78.36177492021528,44.1602917996776,0.02884910613497152,"[4.950514012081687,5.008207569820375,5.014699285657659]",145.4306612983346,57.81691933423281,204.5918871462345,nan,nan,nan,nan,False,,nan,,,nan,nan,nan,,,,,,,,7.174105865777254e-05,3.7399671004208003e-07,0.022558786899926884,nan,nan,nan,False,not_run,not_requested
fig1,PEB,8,641399591,10.0,snr_db,10.0,3,3,3,3,full_6d,641399591,,,nan,,False,,5.505771160125732,nan,nan,nan,nan,nan,nan,False,,,peb_only,False,74f7ebe26a1ea3f1,,,,,,,adaptive_jones,True,fixed_anchor_then_adaptive_jones_score_selection,,nan,nan,nan,nan,True,,,nan,nan,,,,,[],nan,,,nan,nan,nan,nan,,nan,nan,nan,0.00010986110724718815,nan,nan,0.00010986110724718815,False,e032c9cb8462fea3417aadc651e10a3437190e0cacf3ab5bdc4b175ff7382e20,0.02254925735329804,computed_unscaled,cpu,nan,nan,nan,,,,,,,,nan,nan,nan,nan,nan,nan,False,,
fig1,adaptive_jones_vp_proposed,10,781873798,10.0,snr_db,10.0,3,3,3,3,full_6d,781873798,,,nan,,False,,63.06174221634865,7.237533165588153e-05,7.237533165588153e-05,4.200544291424397e-07,6.440816441538907e-05,6.669901793399226e-14,0.022036030783719157,False,direct_vp,global_exact_spherical_vp,main_single_proposed,True,45c30bc4237200fb,adaptive_jones,cupy,True,0,cupy,cupy.linalg.solve,fixed_pol_anchor,True,fixed_anchor_then_adaptive_jones_score_selection,fixed_pol_anchor,0.13965911861982755,3.5815447749202742,1.3708414414270258,0.0,True,3,4,3096725.458075429,3107763.069499366,"[0.39132043074097583,3.5815447749202742,0.13965911861982755]","[2.5554505245383727,0.27920912981429324,7.160291500349547]","[1.0243845394756994e-07,3.9997040445641825e-08,1.6650535450466732e-07]",direct_vp,[],3094269.1564015574,3096560,True,81527831.12299645,81.20229089897707,46.697171885746265,0.01865952968975352,"[4.998051093211707,5.040346786368251,5.004195374467091]",142.9849739074707,56.276941888034344,200.6135925129056,nan,nan,nan,nan,False,,nan,,,nan,nan,nan,,,,,,,,7.237533165588153e-05,4.200544291424397e-07,0.022036030783719157,nan,nan,nan,False,not_run,not_requested
fig1,PEB,10,781873798,10.0,snr_db,10.0,3,3,3,3,full_6d,781873798,,,nan,,False,,5.248254738748074,nan,nan,nan,nan,nan,nan,False,,,peb_only,False,068e12f66980a4c0,,,,,,,adaptive_jones,True,fixed_anchor_then_adaptive_jones_score_selection,,nan,nan,nan,nan,True,,,nan,nan,,,,,[],nan,,,nan,nan,nan,nan,,nan,nan,nan,0.00010995103100430105,nan,nan,0.00010995103100430105,False,f2ef97a231c1a4af27e9b56c32078a57d13f76cf0fcef71f5aea3cacfcafd031,0.022052459114280942,computed_unscaled,cpu,nan,nan,nan,,,,,,,,nan,nan,nan,nan,nan,nan,False,,
fig1,adaptive_jones_vp_proposed,12,2210497206,10.0,snr_db,10.0,3,3,3,3,full_6d,2210497206,,,nan,,False,,64.34605779498816,0.00012577361178434945,0.00012577361178434945,3.025336411117084e-07,4.378286398524556e-06,9.065470993385728e-14,0.04559175757934852,False,direct_vp,global_exact_spherical_vp,main_single_proposed,True,450707090105935a,adaptive_jones,cupy,True,0,cupy,cupy.linalg.solve,fixed_pol_anchor,True,fixed_anchor_then_adaptive_jones_score_selection,fixed_pol_anchor,0.18957811053326676,0.5148652345572561,0.3535922251521683,0.0,True,3,4,3096725.458075429,3117605.766633784,"[0.5148652345572561,0.3563333303659821,0.18957811053326676]","[1.9422558232338352,2.8063611084951434,5.274870591266562]","[4.50333120959698e-07,4.096556726705863e-07,2.541820676688678e-07]",direct_vp,[],3098867.909951391,3096560,True,90907491.286727,71.49818999212265,58.44988433394613,0.0050346529200789684,"[5.018925823935795,5.028025516781989,5.0162672393441605]",149.40031874924898,57.87883859872818,208.56639747321606,nan,nan,nan,nan,False,,nan,,,nan,nan,nan,,,,,,,,0.00012577361178434945,3.025336411117084e-07,0.04559175757934852,nan,nan,nan,False,not_run,not_requested
fig1,PEB,12,2210497206,10.0,snr_db,10.0,3,3,3,3,full_6d,2210497206,,,nan,,False,,5.1132513508200645,nan,nan,nan,nan,nan,nan,False,,,peb_only,False,3791260b08d5b726,,,,,,,adaptive_jones,True,fixed_anchor_then_adaptive_jones_score_selection,,nan,nan,nan,nan,True,,,nan,nan,,,,,[],nan,,,nan,nan,nan,nan,,nan,nan,nan,0.00010167793032284744,nan,nan,0.00010167793032284744,False,0a1c4f0b423cde7d810066f20685360779b434f786c785131581505ed3dd312e,0.04555803810309657,computed_unscaled,cpu,nan,nan,nan,,,,,,,,nan,nan,nan,nan,nan,nan,False,,
fig1,adaptive_jones_vp_proposed,72,2100195688,5.0,snr_db,5.0,3,3,3,3,full_6d,2100195688,,,nan,,False,,558.3957566320896,8.858826205609113e-05,8.858826205609113e-05,2.2001699851529563e-06,6.945780344064702e-05,8.963410039775441e-13,0.10409754763233822,False,direct_vp,global_exact_spherical_vp,main_single_proposed,True,43a3efc73c6f72ed,adaptive_jones,cupy,True,0,cupy,cupy.linalg.solve,fixed_pol_anchor,True,fixed_anchor_then_adaptive_jones_score_selection,fixed_pol_anchor,0.5296670640736312,1.6723115878900319,1.2274931145664214,0.0,True,3,4,3096725.458075429,3920055.802762071,"[1.6723115878900319,0.5296670640736312,1.4805006917356016]","[0.5979746879946191,1.887978445003815,0.675447168367218]","[2.7809654177273226e-06,2.557633406225821e-08,1.0402251434377566e-06]",direct_vp,[],3100307.427775518,3096560,True,21672134.116966456,79.09916338739906,29.80818082664145,0.0226053912087132,"[5.014207762364425,4.982456673910118,5.037618576954555]",143.06574806571007,552.1436397582293,696.5607016906142,nan,nan,nan,nan,False,,nan,,,nan,nan,nan,,,,,,,,8.858826205609113e-05,2.2001699851529563e-06,0.10409754763233822,nan,nan,nan,False,not_run,not_requested
fig1,PEB,72,2100195688,5.0,snr_db,5.0,3,3,3,3,full_6d,2100195688,,,nan,,False,,4.824109889566898,nan,nan,nan,nan,nan,nan,False,,,peb_only,False,1eac9f6f57ce5267,,,,,,,adaptive_jones,True,fixed_anchor_then_adaptive_jones_score_selection,,nan,nan,nan,nan,True,,,nan,nan,,,,,[],nan,,,nan,nan,nan,nan,,nan,nan,nan,0.00021937760082228449,nan,nan,0.00021937760082228449,False,c74090ee2666e0b285da3833dfd6aa0f2593b8f113092ef5692488e84b651980,0.10397225925702464,computed_unscaled,cpu,nan,nan,nan,,,,,,,,nan,nan,nan,nan,nan,nan,False,,
fig1,adaptive_jones_vp_proposed,13,634888206,10.0,snr_db,10.0,3,3,3,3,full_6d,634888206,,,nan,,False,,63.1938793361187,0.00015929997521591974,0.00015929997521591974,4.1562763086371664e-07,4.168633449735543e-05,2.1975545086381518e-13,0.020446468044119506,False,direct_vp,global_exact_spherical_vp,main_single_proposed,True,78c632bf57a94f77,adaptive_jones,cupy,True,0,cupy,cupy.linalg.solve,fixed_pol_anchor,True,fixed_anchor_then_adaptive_jones_score_selection,fixed_pol_anchor,0.17005023751369175,2.5833759027418455,1.0076592476615895,0.0,True,3,4,3096725.458075429,3198619.089209946,"[0.17005023751369175,2.5833759027418455,0.26955160272923173]","[5.880615132450574,0.3870903955309309,3.709864789801469]","[5.928718213782614e-07,1.4546510307598708e-08,7.590033089961541e-07]",direct_vp,[],3095179.59660137,3096560,True,75410983.7885619,80.70101813114624,43.31177546109365,0.02554558594409671,"[5.002957739455909,5.064281949348239,5.044394921493849]",148.14738098531961,56.896135196089745,206.39277341216803,nan,nan,nan,nan,False,,nan,,,nan,nan,nan,,,,,,,,0.00015929997521591974,4.1562763086371664e-07,0.020446468044119506,nan,nan,nan,False,not_run,not_requested
fig1,PEB,13,634888206,10.0,snr_db,10.0,3,3,3,3,full_6d,634888206,,,nan,,False,,5.316395401954651,nan,nan,nan,nan,nan,nan,False,,,peb_only,False,52e2de5d0c1990a8,,,,,,,adaptive_jones,True,fixed_anchor_then_adaptive_jones_score_selection,,nan,nan,nan,nan,True,,,nan,nan,,,,,[],nan,,,nan,nan,nan,nan,,nan,nan,nan,0.00011789249478039746,nan,nan,0.00011789249478039746,False,11da97468c8b90c59dcc518746f48f2217739b6c2c3deec78f2d1177de9045c5,0.020455692554871042,computed_unscaled,cpu,nan,nan,nan,,,,,,,,nan,nan,nan,nan,nan,nan,False,,
fig1,adaptive_jones_vp_proposed,71,1982555292,5.0,snr_db,5.0,3,3,3,3,full_6d,1982555292,,,nan,,False,,579.4658055528998,0.0005928521669122617,0.0005928521669122617,2.2418026748676582e-06,1.623184190721702e-05,1.0517576176204914e-13,0.1372457062015028,False,direct_vp,global_exact_spherical_vp,main_single_proposed,True,c10b08fbe4b1e9e2,adaptive_jones,cupy,True,0,cupy,cupy.linalg.solve,fixed_pol_anchor,True,fixed_anchor_then_adaptive_jones_score_selection,fixed_pol_anchor,0.6307909975944134,4.848050469842777,2.0703321374642027,0.0,True,3,4,3096725.458075429,3452568.638824696,"[0.6307909975944134,4.848050469842777,0.7321549449554183]","[1.585311147135854,0.2062684797148125,1.365831108414024]","[1.0486272565464493e-06,5.895653261247855e-07,1.2988867133974892e-06]",direct_vp,[],3096594.2842103955,3096560,True,24426426.905986365,85.58819348828453,40.995436209824156,0.0376425815067426,"[5.022537742651631,5.05380641911057,4.963051909518193]",141.0360770225525,573.1796055734158,715.48034658283,nan,nan,nan,nan,False,,nan,,,nan,nan,nan,,,,,,,,0.0005928521669122617,2.2418026748676582e-06,0.1372457062015028,nan,nan,nan,False,not_run,not_requested
fig1,PEB,71,1982555292,5.0,snr_db,5.0,3,3,3,3,full_6d,1982555292,,,nan,,False,,4.688486114144325,nan,nan,nan,nan,nan,nan,False,,,peb_only,False,2a8d1030339bd828,,,,,,,adaptive_jones,True,fixed_anchor_then_adaptive_jones_score_selection,,nan,nan,nan,nan,True,,,nan,nan,,,,,[],nan,,,nan,nan,nan,nan,,nan,nan,nan,0.00020714859552336873,nan,nan,0.00020714859552336873,False,bdd039092dd082ec6fd57d77070067f9fd8178794fea592c3fc196eccf3a063c,0.1372448958178562,computed_unscaled,cpu,nan,nan,nan,,,,,,,,nan,nan,nan,nan,nan,nan,False,,
fig1,adaptive_jones_vp_proposed,15,2734808712,10.0,snr_db,10.0,3,3,3,3,full_6d,2734808712,,,nan,,False,,65.2111451253295,0.00012908404873144633,0.00012908404873144633,4.7321196247654403e-07,5.502954978654552e-05,5.092574858517221e-13,0.011545139103209449,False,direct_vp,global_exact_spherical_vp,main_single_proposed,True,13517c3dc32a31eb,adaptive_jones,cupy,True,0,cupy,cupy.linalg.solve,fixed_pol_anchor,True,fixed_anchor_then_adaptive_jones_score_selection,fixed_pol_anchor,0.2020995918265065,1.1079448819342081,0.518325344951834,0.0,True,3,4,3096725.458075429,3101417.1433648923,"[1.1079448819342081,0.2020995918265065,0.24493156109478753]","[0.9025719747476336,4.948055515412685,4.082773144996039]","[1.672760424546592e-07,2.704329033688413e-09,4.5657361791175903e-07]",direct_vp,[],3099367.524403446,3096560,True,86775060.10540584,70.021195290057,43.77132861522214,0.03406183979433756,"[4.9450562938538685,5.018628451973737,5.01592012735826]",149.41436035186052,58.748489551246166,209.4338953793049,nan,nan,nan,nan,False,,nan,,,nan,nan,nan,,,,,,,,0.00012908404873144633,4.7321196247654403e-07,0.011545139103209449,nan,nan,nan,False,not_run,not_requested
fig1,PEB,15,2734808712,10.0,snr_db,10.0,3,3,3,3,full_6d,2734808712,,,nan,,False,,5.274622701108456,nan,nan,nan,nan,nan,nan,False,,,peb_only,False,bafff7f690351b87,,,,,,,adaptive_jones,True,fixed_anchor_then_adaptive_jones_score_selection,,nan,nan,nan,nan,True,,,nan,nan,,,,,[],nan,,,nan,nan,nan,nan,,nan,nan,nan,0.00010946639617456623,nan,nan,0.00010946639617456623,False,3745774ba39f0b3a489ec82705d3e30e7ac3ac0889ba9ff94e26de5537c07034,0.011534740679242613,computed_unscaled,cpu,nan,nan,nan,,,,,,,,nan,nan,nan,nan,nan,nan,False,,
fig1,adaptive_jones_vp_proposed,17,2127997378,10.0,snr_db,10.0,3,3,3,3,full_6d,2127997378,,,nan,,False,,65.10573310405016,9.65308415510383e-05,9.65308415510383e-05,5.53347215193973e-07,8.820932254053234e-06,7.526063518433917e-14,0.04004865643729583,False,direct_vp,global_exact_spherical_vp,main_single_proposed,True,08279899944d63a5,adaptive_jones,cupy,True,0,cupy,cupy.linalg.solve,fixed_pol_anchor,True,fixed_anchor_then_adaptive_jones_score_selection,fixed_pol_anchor,0.1662581717941422,0.5879304845510034,0.39817059848841535,0.0,True,3,4,3096725.458075429,3116765.131230021,"[0.4403231391201004,0.1662581717941422,0.5879304845510034]","[2.2710593906054175,6.014741947469597,1.700881356344538]","[9.541982886247915e-07,2.5863291547245556e-08,1.0390217920558593e-06]",direct_vp,[],3099947.829828476,3096560,True,64965652.25687176,83.29348964467843,57.62661757301991,0.04146363935508683,"[4.989758369450201,4.981470354809337,5.073278675613329]",147.94549368321896,58.77339135110378,207.9308354333043,nan,nan,nan,nan,False,,nan,,,nan,nan,nan,,,,,,,,9.65308415510383e-05,5.53347215193973e-07,0.04004865643729583,nan,nan,nan,False,not_run,not_requested
fig1,PEB,17,2127997378,10.0,snr_db,10.0,3,3,3,3,full_6d,2127997378,,,nan,,False,,5.248627163469791,nan,nan,nan,nan,nan,nan,False,,,peb_only,False,ed6c076812bbc3fc,,,,,,,adaptive_jones,True,fixed_anchor_then_adaptive_jones_score_selection,,nan,nan,nan,nan,True,,,nan,nan,,,,,[],nan,,,nan,nan,nan,nan,,nan,nan,nan,0.000126521488460785,nan,nan,0.000126521488460785,False,1e7e5fb979d639b775e57b8f9a2b5887da0781d1b293b718b0219c60afc7e70e,0.04000509529956755,computed_unscaled,cpu,nan,nan,nan,,,,,,,,nan,nan,nan,nan,nan,nan,False,,
fig1,adaptive_jones_vp_proposed,20,3607282624,10.0,snr_db,10.0,3,3,3,3,full_6d,3607282624,,,nan,,False,,62.33183368295431,4.360536545958384e-05,4.360536545958384e-05,6.817572431349283e-07,3.8397461665501304e-05,7.869402778559889e-14,0.0571811980102364,False,direct_vp,global_exact_spherical_vp,main_single_proposed,True,5573e162de1bbaf3,adaptive_jones,cupy,True,0,cupy,cupy.linalg.solve,fixed_pol_anchor,True,fixed_anchor_then_adaptive_jones_score_selection,fixed_pol_anchor,0.15776096190263195,0.7774853665440093,0.4552187844563283,0.0,True,3,4,3096725.458075429,3097133.7731562075,"[0.4304100249223437,0.7774853665440093,0.15776096190263195]","[2.3233659582626904,1.286197841181642,6.3387037448277574]","[9.143318675467374e-07,9.439884867947734e-08,1.6750830721363626e-07]",direct_vp,[],3095256.764724168,3096560,True,85945509.15636629,65.45071796032934,53.03922135165656,0.014258408128133324,"[4.967654842496276,5.0000362948752075,4.995178753010596]",135.4531044512987,56.0301685705781,192.70718774944544,nan,nan,nan,nan,False,,nan,,,nan,nan,nan,,,,,,,,4.360536545958384e-05,6.817572431349283e-07,0.0571811980102364,nan,nan,nan,False,not_run,not_requested
fig1,PEB,20,3607282624,10.0,snr_db,10.0,3,3,3,3,full_6d,3607282624,,,nan,,False,,5.1020645797252655,nan,nan,nan,nan,nan,nan,False,,,peb_only,False,e9e22f99baf6f019,,,,,,,adaptive_jones,True,fixed_anchor_then_adaptive_jones_score_selection,,nan,nan,nan,nan,True,,,nan,nan,,,,,[],nan,,,nan,nan,nan,nan,,nan,nan,nan,0.00010675723028355902,nan,nan,0.00010675723028355902,False,614c1d5045ebcd05d85977496f662de337f9fdc3d750d62d2ed64ea91c25b070,0.057205569317453665,computed_unscaled,cpu,nan,nan,nan,,,,,,,,nan,nan,nan,nan,nan,nan,False,,
fig1,adaptive_jones_vp_proposed,19,3846521747,10.0,snr_db,10.0,3,3,3,3,full_6d,3846521747,,,nan,,False,,63.62691520154476,0.00022859498176326673,0.00022859498176326673,6.833007375357237e-07,6.850418912350109e-05,7.248245301124595e-14,0.011852845684939535,False,direct_vp,global_exact_spherical_vp,main_single_proposed,True,a101d24099a49c8e,adaptive_jones,cupy,True,0,cupy,cupy.linalg.solve,fixed_pol_anchor,True,fixed_anchor_then_adaptive_jones_score_selection,fixed_pol_anchor,0.18664906586945873,0.4773740810084392,0.3519576203907219,0.0,True,3,4,3096725.458075429,3146385.4233501973,"[0.3918497142942677,0.18664906586945873,0.4773740810084392]","[2.5519987983164314,5.35764802969444,2.0947932445076427]","[5.434338590849791e-07,4.1436688952122024e-08,1.8598710691584235e-07]",direct_vp,[],3095221.3073412674,3096560,True,66302877.200221285,80.94936954434299,44.5594129289744,0.04015399488674647,"[5.010352348810603,4.981103301340699,5.077053803647811]",150.9051886945963,57.314794808626175,209.69293761253357,nan,nan,nan,nan,False,,nan,,,nan,nan,nan,,,,,,,,0.00022859498176326673,6.833007375357237e-07,0.011852845684939535,nan,nan,nan,False,not_run,not_requested
fig1,PEB,19,3846521747,10.0,snr_db,10.0,3,3,3,3,full_6d,3846521747,,,nan,,False,,4.240717321634293,nan,nan,nan,nan,nan,nan,False,,,peb_only,False,1ca07019bc057089,,,,,,,adaptive_jones,True,fixed_anchor_then_adaptive_jones_score_selection,,nan,nan,nan,nan,True,,,nan,nan,,,,,[],nan,,,nan,nan,nan,nan,,nan,nan,nan,0.00012511146204778243,nan,nan,0.00012511146204778243,False,66683f008884b5deaddb95c24fc2a892e518e793d697d2821f0c6f98570400e4,0.011858033347287425,computed_unscaled,cpu,nan,nan,nan,,,,,,,,nan,nan,nan,nan,nan,nan,False,,
fig1,adaptive_jones_vp_proposed,21,4000820147,10.0,snr_db,10.0,3,3,3,3,full_6d,4000820147,,,nan,,False,,64.95380856096745,7.026151573838907e-05,7.026151573838907e-05,3.067674775361197e-07,3.951371724914761e-05,3.9198234453187354e-13,0.034784413322373975,False,direct_vp,global_exact_spherical_vp,main_single_proposed,True,2afe9b9338c8768d,adaptive_jones,cupy,True,0,cupy,cupy.linalg.solve,fixed_pol_anchor,True,fixed_anchor_then_adaptive_jones_score_selection,fixed_pol_anchor,0.1149318223648786,4.468216176957907,1.8386027272702155,0.0,True,3,4,3096725.458075429,3131912.4087251765,"[0.1149318223648786,4.468216176957907,0.9326601824878609]","[8.700810440690182,0.2238029585838797,1.0722018788575043]","[1.8760589637538582e-07,2.0481791197920105e-08,2.7257206667095442e-08]",direct_vp,[],3096008.611964756,3096560,True,51193312.18734994,135.4914185108478,35.77653432799991,0.025542373364963414,"[4.996681869729578,5.058794114052966,5.034250256923669]",148.83507128804922,58.158849984407425,208.23410069942474,nan,nan,nan,nan,False,,nan,,,nan,nan,nan,,,,,,,,7.026151573838907e-05,3.067674775361197e-07,0.034784413322373975,nan,nan,nan,False,not_run,not_requested
fig1,PEB,21,4000820147,10.0,snr_db,10.0,3,3,3,3,full_6d,4000820147,,,nan,,False,,5.249143935739994,nan,nan,nan,nan,nan,nan,False,,,peb_only,False,56e94f93c90dfced,,,,,,,adaptive_jones,True,fixed_anchor_then_adaptive_jones_score_selection,,nan,nan,nan,nan,True,,,nan,nan,,,,,[],nan,,,nan,nan,nan,nan,,nan,nan,nan,0.00014759415970070318,nan,nan,0.00014759415970070318,False,f7a047bb7013efbe33f31c7f789c22a5d5f4d1899bcaccc54b42258dbd7f4038,0.034790788065601694,computed_unscaled,cpu,nan,nan,nan,,,,,,,,nan,nan,nan,nan,nan,nan,False,,
fig1,adaptive_jones_vp_proposed,22,3206710796,10.0,snr_db,10.0,3,3,3,3,full_6d,3206710796,,,nan,,False,,62.94209532439709,6.374274865380265e-05,6.374274865380265e-05,5.069740394748937e-07,2.06116442728482e-05,3.3924398897602904e-13,0.010713587615881297,False,direct_vp,global_exact_spherical_vp,main_single_proposed,True,c1a61d2df956195b,adaptive_jones,cupy,True,0,cupy,cupy.linalg.solve,fixed_pol_anchor,True,fixed_anchor_then_adaptive_jones_score_selection,fixed_pol_anchor,0.2208059903339279,0.7015434226622353,0.38937046790182855,0.0,True,3,4,3096725.458075429,3096803.267967052,"[0.24576199070932236,0.2208059903339279,0.7015434226622353]","[4.068977457065421,4.528862638588136,1.4254285161771914]","[6.600614615285316e-07,1.6633918749064683e-07,1.568652478683791e-06]",direct_vp,[],3093207.330773943,3096560,True,56829746.523094445,85.49747228355963,45.7321280514657,0.02102404071249377,"[4.98057699669728,4.969453722458063,5.018561322342457]",145.99158216267824,56.44229684770107,203.6521566659212,nan,nan,nan,nan,False,,nan,,,nan,nan,nan,,,,,,,,6.374274865380265e-05,5.069740394748937e-07,0.010713587615881297,nan,nan,nan,False,not_run,not_requested
fig1,PEB,22,3206710796,10.0,snr_db,10.0,3,3,3,3,full_6d,3206710796,,,nan,,False,,5.080003872513771,nan,nan,nan,nan,nan,nan,False,,,peb_only,False,f774e6e4e5836e78,,,,,,,adaptive_jones,True,fixed_anchor_then_adaptive_jones_score_selection,,nan,nan,nan,nan,True,,,nan,nan,,,,,[],nan,,,nan,nan,nan,nan,,nan,nan,nan,0.000134338304623352,nan,nan,0.000134338304623352,False,c84ba72aa3a760a0760b6b67e247dbffd03ad56315a9283ecceeafa1a6824f29,0.010725255289283989,computed_unscaled,cpu,nan,nan,nan,,,,,,,,nan,nan,nan,nan,nan,nan,False,,
fig1,adaptive_jones_vp_proposed,25,3407116044,10.0,snr_db,10.0,3,3,3,3,full_6d,3407116044,,,nan,,False,,62.81046403199434,0.00010129387130614535,0.00010129387130614535,7.070476939636342e-07,1.908979884131378e-05,2.2244352951698702e-13,0.020453878658679443,False,direct_vp,global_exact_spherical_vp,main_single_proposed,True,7afa4249c79cabfd,adaptive_jones,cupy,True,0,cupy,cupy.linalg.solve,fixed_pol_anchor,True,fixed_anchor_then_adaptive_jones_score_selection,fixed_pol_anchor,0.2123936239173096,0.7654734816708197,0.4090833778131526,0.0,True,3,4,3096725.458075429,3096807.4241620707,"[0.2123936239173096,0.24938302785132857,0.7654734816708197]","[4.708239266114287,4.009895976545395,1.3063809837233125]","[1.689975813862368e-07,5.4851679507271535e-08,3.673319608738569e-08]",direct_vp,[],3097031.4496678784,3096560,True,55415143.107190706,82.8572482750725,53.2067221728472,0.015361726119978648,"[5.032181646846057,4.997802370143206,5.0017454681057165]",137.26692894101143,56.261608742177486,194.5513528957963,nan,nan,nan,nan,False,,nan,,,nan,nan,nan,,,,,,,,0.00010129387130614535,7.070476939636342e-07,0.020453878658679443,nan,nan,nan,False,not_run,not_requested
fig1,PEB,25,3407116044,10.0,snr_db,10.0,3,3,3,3,full_6d,3407116044,,,nan,,False,,4.923132382333279,nan,nan,nan,nan,nan,nan,False,,,peb_only,False,38ce433315762d23,,,,,,,adaptive_jones,True,fixed_anchor_then_adaptive_jones_score_selection,,nan,nan,nan,nan,True,,,nan,nan,,,,,[],nan,,,nan,nan,nan,nan,,nan,nan,nan,0.00013626566801322015,nan,nan,0.00013626566801322015,False,b8c0aecbc648c84bc393cf0ea8f798ce1d40daafad542474a8d407dec27d44d6,0.02045087070981185,computed_unscaled,cpu,nan,nan,nan,,,,,,,,nan,nan,nan,nan,nan,nan,False,,
fig1,adaptive_jones_vp_proposed,24,2465240206,10.0,snr_db,10.0,3,3,3,3,full_6d,2465240206,,,nan,,False,,62.14356607943773,4.051539494163586e-05,4.051539494163586e-05,3.3990336971935407e-07,2.1192949858690376e-05,1.9228262445084413e-13,0.052513637389532464,False,direct_vp,global_exact_spherical_vp,main_single_proposed,True,a5362bddb21e56ea,adaptive_jones,cupy,True,0,cupy,cupy.linalg.solve,fixed_pol_anchor,True,fixed_anchor_then_adaptive_jones_score_selection,fixed_pol_anchor,0.12440676373733525,5.6360272935651885,2.1073564729836165,0.0,True,3,4,3096725.458075429,3584918.9768071747,"[0.561635361648325,0.12440676373733525,5.6360272935651885]","[1.7805146689207239,8.038148167821596,0.1774299427428416]","[3.864653750518743e-07,7.886007411917932e-08,4.3393930527069426e-07]",direct_vp,[],3096137.150663976,3096560,True,51644313.999721505,105.7799725092786,22.401201512526203,0.056402853616490355,"[5.015704471540692,5.003696014100159,5.128895948467898]",143.60873201489449,55.67716732621193,200.53620685636997,nan,nan,nan,nan,False,,nan,,,nan,nan,nan,,,,,,,,4.051539494163586e-05,3.3990336971935407e-07,0.052513637389532464,nan,nan,nan,False,not_run,not_requested
fig1,PEB,24,2465240206,10.0,snr_db,10.0,3,3,3,3,full_6d,2465240206,,,nan,,False,,5.026046343147755,nan,nan,nan,nan,nan,nan,False,,,peb_only,False,6a780ecb85ae4daf,,,,,,,adaptive_jones,True,fixed_anchor_then_adaptive_jones_score_selection,,nan,nan,nan,nan,True,,,nan,nan,,,,,[],nan,,,nan,nan,nan,nan,,nan,nan,nan,0.00014217162358910092,nan,nan,0.00014217162358910092,False,d0abc1777196bcc1a36b4bbbb5b3c3e641533288ceccc09b778d2fb6777f61b5,0.05252108072094162,computed_unscaled,cpu,nan,nan,nan,,,,,,,,nan,nan,nan,nan,nan,nan,False,,
fig1,adaptive_jones_vp_proposed,23,2043173887,10.0,snr_db,10.0,3,3,3,3,full_6d,2043173887,,,nan,,False,,63.83528632670641,0.00016674790878839468,0.00016674790878839468,5.147182636720552e-07,1.250944392536931e-05,4.666309005694742e-14,0.03275309047563421,False,direct_vp,global_exact_spherical_vp,main_single_proposed,True,73f11abdb3e8d6b1,adaptive_jones,cupy,True,0,cupy,cupy.linalg.solve,fixed_pol_anchor,True,fixed_anchor_then_adaptive_jones_score_selection,fixed_pol_anchor,0.2083475686653461,1.2387414928155707,0.5584378897805022,0.0,True,3,4,3096725.458075429,3100303.2951367926,"[1.2387414928155707,0.2083475686653461,0.22822460786058987]","[0.8072709324734355,4.799672040358775,4.381648453135334]","[1.9927682476487115e-06,7.606005439225133e-09,2.8378784869679144e-08]",direct_vp,[],3096246.5421497948,3096560,True,83952477.29693866,63.97621622259129,47.0661789037122,0.019481287114383183,"[5.025530214955304,4.978772424802873,4.993897577734183]",152.46833818405867,57.368919156491756,211.18809611350298,nan,nan,nan,nan,False,,nan,,,nan,nan,nan,,,,,,,,0.00016674790878839468,5.147182636720552e-07,0.03275309047563421,nan,nan,nan,False,not_run,not_requested
fig1,PEB,23,2043173887,10.0,snr_db,10.0,3,3,3,3,full_6d,2043173887,,,nan,,False,,4.761354349553585,nan,nan,nan,nan,nan,nan,False,,,peb_only,False,ea8b66ec56f239dc,,,,,,,adaptive_jones,True,fixed_anchor_then_adaptive_jones_score_selection,,nan,nan,nan,nan,True,,,nan,nan,,,,,[],nan,,,nan,nan,nan,nan,,nan,nan,nan,0.00011079693799400164,nan,nan,0.00011079693799400164,False,7093cfec76f40175c6c7c58aa1b5153ce86056a79427b6463226f28ede4d41bd,0.032756575586599626,computed_unscaled,cpu,nan,nan,nan,,,,,,,,nan,nan,nan,nan,nan,nan,False,,
fig1,adaptive_jones_vp_proposed,26,890721611,10.0,snr_db,10.0,3,3,3,3,full_6d,890721611,,,nan,,False,,63.853743985295296,0.00017361031525043718,0.00017361031525043718,2.641364248308972e-07,1.1952946977392842e-05,1.007476162777617e-13,0.04766393542746764,False,direct_vp,global_exact_spherical_vp,main_single_proposed,True,d408bb91efd84853,adaptive_jones,cupy,True,0,cupy,cupy.linalg.solve,fixed_pol_anchor,True,fixed_anchor_then_adaptive_jones_score_selection,fixed_pol_anchor,0.19499368749461374,0.9897919332039525,0.48091511605918974,0.0,True,3,4,3096725.458075429,3096904.7241764497,"[0.19499368749461374,0.9897919332039525,0.2579597274790028]","[5.128371142924449,1.010313346121153,3.876574106247415]","[1.1015736737404735e-07,6.80610766448443e-08,7.925793244565245e-07]",direct_vp,[],3096424.1316707986,3096560,True,76987970.92285624,86.46029912020761,60.82492138187557,0.014653522723783313,"[5.014723199057199,5.01645139856799,4.984538534395759]",142.90684013068676,57.62623585015535,201.80378083139658,nan,nan,nan,nan,False,,nan,,,nan,nan,nan,,,,,,,,0.00017361031525043718,2.641364248308972e-07,0.04766393542746764,nan,nan,nan,False,not_run,not_requested
fig1,PEB,26,890721611,10.0,snr_db,10.0,3,3,3,3,full_6d,890721611,,,nan,,False,,4.470203951001167,nan,nan,nan,nan,nan,nan,False,,,peb_only,False,2f248286a56505ae,,,,,,,adaptive_jones,True,fixed_anchor_then_adaptive_jones_score_selection,,nan,nan,nan,nan,True,,,nan,nan,,,,,[],nan,,,nan,nan,nan,nan,,nan,nan,nan,0.0001164268324688854,nan,nan,0.0001164268324688854,False,c294e93a3e036e5c5731d344dd8b7b3046868b56987f9fb6b7f233813953d55d,0.047666273169950174,computed_unscaled,cpu,nan,nan,nan,,,,,,,,nan,nan,nan,nan,nan,nan,False,,
fig1,adaptive_jones_vp_proposed,82,2146768378,5.0,snr_db,5.0,3,3,3,3,full_6d,2146768378,,,nan,,False,,570.21610198915,0.0001311242724432322,0.0001311242724432322,1.5397129940840746e-06,7.863133679711122e-05,7.769494579205489e-13,0.20869499495104699,False,direct_vp,global_exact_spherical_vp,main_single_proposed,True,00c4a97328dd4182,adaptive_jones,cupy,True,0,cupy,cupy.linalg.solve,fixed_pol_anchor,True,fixed_anchor_then_adaptive_jones_score_selection,fixed_pol_anchor,0.643145561435112,7.3496701945256,2.891492783781919,0.0,True,3,4,3096725.458075429,3467225.5359461573,"[0.643145561435112,7.3496701945256,0.6816625953850453]","[1.5548579667843176,0.13606052700670843,1.467001426760781]","[6.097058365730888e-07,1.9917272596540047e-07,6.045079349844461e-07]",direct_vp,[],3100267.162617069,3096560,True,25697719.05654757,72.05811468204064,22.337127527736378,0.04638967863538273,"[5.052108769068087,4.968584080588471,4.94362513820766]",145.89930972456932,564.5855765268207,711.8203853070736,nan,nan,nan,nan,False,,nan,,,nan,nan,nan,,,,,,,,0.0001311242724432322,1.5397129940840746e-06,0.20869499495104699,nan,nan,nan,False,not_run,not_requested
fig1,PEB,82,2146768378,5.0,snr_db,5.0,3,3,3,3,full_6d,2146768378,,,nan,,False,,4.714963540434837,nan,nan,nan,nan,nan,nan,False,,,peb_only,False,5c281cd82cd66d39,,,,,,,adaptive_jones,True,fixed_anchor_then_adaptive_jones_score_selection,,nan,nan,nan,nan,True,,,nan,nan,,,,,[],nan,,,nan,nan,nan,nan,,nan,nan,nan,0.0002019153713037645,nan,nan,0.0002019153713037645,False,3a0d3e6549ad4d642256987481bea72461b73f437bf823d820291ff80c435722,0.20844652373120462,computed_unscaled,cpu,nan,nan,nan,,,,,,,,nan,nan,nan,nan,nan,nan,False,,
fig1,adaptive_jones_vp_proposed,83,2856883752,5.0,snr_db,5.0,3,3,3,3,full_6d,2856883752,,,nan,,False,,546.8516581952572,0.00011697870196852021,0.00011697870196852021,2.041184100302979e-06,9.812379751789064e-05,2.842747205417655e-13,0.06504503586835171,False,direct_vp,global_exact_spherical_vp,main_single_proposed,True,d4d9e4e90fc1a5f4,adaptive_jones,cupy,True,0,cupy,cupy.linalg.solve,fixed_pol_anchor,True,fixed_anchor_then_adaptive_jones_score_selection,fixed_pol_anchor,0.4139890635245037,253.165978300877,84.97644815846566,0.0,True,3,4,3096725.458075429,3639889.9391289684,"[1.3493771109955004,253.165978300877,0.4139890635245037]","[0.7410826757398475,0.003949977822685071,2.4155227471133345]","[6.20346459651913e-07,1.4386605725313298e-09,1.3115287433379144e-07]",direct_vp,"[""poor_clock_consistency""]",3093013.24233205,3096560,True,25450943.363564365,97.80088975679399,7.15104507054997,0.16885666618387785,"[5.017548134051587,4.6428723002223675,4.981933967336428]",140.08334327489138,540.7527899444103,682.1822498366237,nan,nan,nan,nan,False,,nan,,,nan,nan,nan,,,,,,,,0.00011697870196852021,2.041184100302979e-06,0.06504503586835171,nan,nan,nan,False,not_run,not_requested
fig1,PEB,83,2856883752,5.0,snr_db,5.0,3,3,3,3,full_6d,2856883752,,,nan,,False,,5.067681580781937,nan,nan,nan,nan,nan,nan,False,,,peb_only,False,d117ad326fc94a56,,,,,,,adaptive_jones,True,fixed_anchor_then_adaptive_jones_score_selection,,nan,nan,nan,nan,True,,,nan,nan,,,,,[],nan,,,nan,nan,nan,nan,,nan,nan,nan,0.00017680075630898385,nan,nan,0.00017680075630898385,False,700eea5a638faf3db61de2a763659338a112f897687c33a7cb33c68c29ad4a9e,0.06511995947266429,computed_unscaled,cpu,nan,nan,nan,,,,,,,,nan,nan,nan,nan,nan,nan,False,,
fig1,adaptive_jones_vp_proposed,27,4133001221,10.0,snr_db,10.0,3,3,3,3,full_6d,4133001221,,,nan,,False,,62.16436996310949,9.007671517987552e-05,9.007671517987552e-05,2.671746511517356e-07,2.0671427945854554e-05,4.723280506437213e-14,0.02338217982614253,False,direct_vp,global_exact_spherical_vp,main_single_proposed,True,d7374d8fac7db637,adaptive_jones,cupy,True,0,cupy,cupy.linalg.solve,fixed_pol_anchor,True,fixed_anchor_then_adaptive_jones_score_selection,fixed_pol_anchor,0.1239162590630349,11.035935863539379,3.9033440568555378,0.0,True,3,4,3096725.458075429,3107885.8019736363,"[0.5501800479642003,0.1239162590630349,11.035935863539379]","[1.8175868130799955,8.069966020287834,0.09061306737861469]","[1.1570927850095993e-06,7.761536258125371e-09,1.256983014800184e-07]",direct_vp,[],3096104.7923533414,3096560,True,45520509.95857356,100.78419356460394,21.132958530334953,0.05442902536650952,"[5.051768243489428,4.9955481326241395,5.128352070214661]",147.11862748116255,55.78129322081804,204.1192386522889,nan,nan,nan,nan,False,,nan,,,nan,nan,nan,,,,,,,,9.007671517987552e-05,2.671746511517356e-07,0.02338217982614253,nan,nan,nan,False,not_run,not_requested
fig1,PEB,27,4133001221,10.0,snr_db,10.0,3,3,3,3,full_6d,4133001221,,,nan,,False,,5.068140044808388,nan,nan,nan,nan,nan,nan,False,,,peb_only,False,72a85b10113dfd10,,,,,,,adaptive_jones,True,fixed_anchor_then_adaptive_jones_score_selection,,nan,nan,nan,nan,True,,,nan,nan,,,,,[],nan,,,nan,nan,nan,nan,,nan,nan,nan,0.00015147281989840445,nan,nan,0.00015147281989840445,False,4db56e3e555632d19d051acf26a881417468b8ad38e08366b65041ee29b29feb,0.023385738446624896,computed_unscaled,cpu,nan,nan,nan,,,,,,,,nan,nan,nan,nan,nan,nan,False,,
fig1,adaptive_jones_vp_proposed,28,4133035554,10.0,snr_db,10.0,3,3,3,3,full_6d,4133035554,,,nan,,False,,63.564892433583736,7.695811849894716e-05,7.695811849894716e-05,2.921328029273835e-07,3.005738549449499e-05,7.759155543347415e-14,0.03542768303517915,False,direct_vp,global_exact_spherical_vp,main_single_proposed,True,10dfdcd01bde0ce4,adaptive_jones,cupy,True,0,cupy,cupy.linalg.solve,fixed_pol_anchor,True,fixed_anchor_then_adaptive_jones_score_selection,fixed_pol_anchor,0.18379025109504518,1.4559140383467584,0.6328904668744437,0.0,True,3,4,3096725.458075429,3121966.8879587585,"[0.18379025109504518,0.2589671111815277,1.4559140383467584]","[5.440985003511839,3.861494208423914,0.6868537383801033]","[3.248119176121312e-08,1.059656723089967e-08,1.2976677955365757e-06]",direct_vp,[],3100563.11769567,3096560,True,51298442.46302446,88.8396139763427,49.16285747300979,0.008503991632322672,"[4.989250171532754,4.9802745494598275,4.96848326077073]",141.96796222031116,56.944848991930485,200.17888502776623,nan,nan,nan,nan,False,,nan,,,nan,nan,nan,,,,,,,,7.695811849894716e-05,2.921328029273835e-07,0.03542768303517915,nan,nan,nan,False,not_run,not_requested
fig1,PEB,28,4133035554,10.0,snr_db,10.0,3,3,3,3,full_6d,4133035554,,,nan,,False,,4.8255141749978065,nan,nan,nan,nan,nan,nan,False,,,peb_only,False,fb2c7f3347d478f1,,,,,,,adaptive_jones,True,fixed_anchor_then_adaptive_jones_score_selection,,nan,nan,nan,nan,True,,,nan,nan,,,,,[],nan,,,nan,nan,nan,nan,,nan,nan,nan,0.00014163952249484027,nan,nan,0.00014163952249484027,False,b0d6ccdf5e943bdc30a995d28f082c1063f363c2aa22897f8408d6a89636af3a,0.03538212539400746,computed_unscaled,cpu,nan,nan,nan,,,,,,,,nan,nan,nan,nan,nan,nan,False,,
fig1,adaptive_jones_vp_proposed,30,635628036,10.0,snr_db,10.0,3,3,3,3,full_6d,635628036,,,nan,,False,,61.98537325114012,0.0002262174845612151,0.0002262174845612151,6.708780333597952e-07,1.8758121977826886e-05,5.96680779124435e-14,0.03856780181732348,False,direct_vp,global_exact_spherical_vp,main_single_proposed,True,38c9e15ff176240e,adaptive_jones,cupy,True,0,cupy,cupy.linalg.solve,fixed_pol_anchor,True,fixed_anchor_then_adaptive_jones_score_selection,fixed_pol_anchor,0.26852282074461276,0.32507589448506347,0.3015183443117576,0.0,True,3,4,3096725.458075429,3105441.3983101137,"[0.32507589448506347,0.3109563177055966,0.26852282074461276]","[3.076204717005317,3.215885779000177,3.7240782635410103]","[1.668640289636227e-07,3.9174620978321975e-09,1.233103557192331e-07]",direct_vp,[],3098435.4065009817,3096560,True,81549785.07074971,70.9615787701301,85.33630647365102,0.01953032385661765,"[5.017613790021804,5.0399258114111385,4.992121727767255]",144.3012483716011,55.21981254965067,200.83960779756308,nan,nan,nan,nan,False,,nan,,,nan,nan,nan,,,,,,,,0.0002262174845612151,6.708780333597952e-07,0.03856780181732348,nan,nan,nan,False,not_run,not_requested
fig1,PEB,30,635628036,10.0,snr_db,10.0,3,3,3,3,full_6d,635628036,,,nan,,False,,5.109207957983017,nan,nan,nan,nan,nan,nan,False,,,peb_only,False,014025fcfffece91,,,,,,,adaptive_jones,True,fixed_anchor_then_adaptive_jones_score_selection,,nan,nan,nan,nan,True,,,nan,nan,,,,,[],nan,,,nan,nan,nan,nan,,nan,nan,nan,0.0001122363957541241,nan,nan,0.0001122363957541241,False,5590d75cc6f366b617653df89fa7a75298a3f157b3c5c00e92e68278a75325fa,0.03854465683864255,computed_unscaled,cpu,nan,nan,nan,,,,,,,,nan,nan,nan,nan,nan,nan,False,,
fig1,adaptive_jones_vp_proposed,89,850792180,5.0,snr_db,5.0,3,3,3,3,full_6d,850792180,,,nan,,False,,539.0385149568319,0.00023311837528733171,0.00023311837528733171,1.9923732222911005e-06,0.00010944958311751917,3.2909377368508865e-13,0.24954020662491988,False,direct_vp,global_exact_spherical_vp,main_single_proposed,True,78bb7b51610bb504,adaptive_jones,cupy,True,0,cupy,cupy.linalg.solve,fixed_pol_anchor,True,fixed_anchor_then_adaptive_jones_score_selection,fixed_pol_anchor,0.531458812962215,2.231934008057646,1.3181452243694036,0.0,True,3,4,3096725.458075429,3114355.6149495505,"[2.231934008057646,0.531458812962215,1.1910428520883503]","[0.4480419207680894,1.8816133548067917,0.8396003537953562]","[2.2387895825265972e-08,8.903891928047892e-08,2.2846934309710483e-06]",direct_vp,[],3098301.4836796126,3096560,True,22561573.14318419,67.12995297454326,38.818354624722105,0.008192858197620138,"[5.024079422499956,5.030856005721563,5.011108875387033]",143.50072227418423,532.5566288977861,677.4055885598063,nan,nan,nan,nan,False,,nan,,,nan,nan,nan,,,,,,,,0.00023311837528733171,1.9923732222911005e-06,0.24954020662491988,nan,nan,nan,False,not_run,not_requested
fig1,PEB,89,850792180,5.0,snr_db,5.0,3,3,3,3,full_6d,850792180,,,nan,,False,,5.0909531861543655,nan,nan,nan,nan,nan,nan,False,,,peb_only,False,5718a7da81c19cc8,,,,,,,adaptive_jones,True,fixed_anchor_then_adaptive_jones_score_selection,,nan,nan,nan,nan,True,,,nan,nan,,,,,[],nan,,,nan,nan,nan,nan,,nan,nan,nan,0.00021697474541474194,nan,nan,0.00021697474541474194,False,2d81d18bd4ebd93cb30153245eac7dedb296bdb9883caf62dadd0506edd2daa4,0.24940123449576893,computed_unscaled,cpu,nan,nan,nan,,,,,,,,nan,nan,nan,nan,nan,nan,False,,
fig1,adaptive_jones_vp_proposed,32,2857393641,10.0,snr_db,10.0,3,3,3,3,full_6d,2857393641,,,nan,,False,,62.31276074796915,0.00021166461507063033,0.00021166461507063033,8.650434585713801e-07,1.4301971490677254e-05,1.846429422358979e-14,0.01806218713943081,False,direct_vp,global_exact_spherical_vp,main_single_proposed,True,90c6e99c8f6d90b4,adaptive_jones,cupy,True,0,cupy,cupy.linalg.solve,fixed_pol_anchor,True,fixed_anchor_then_adaptive_jones_score_selection,fixed_pol_anchor,0.2130801504320881,0.45271225331060067,0.3292529029691129,0.0,True,3,4,3096725.458075429,3097479.129316354,"[0.2130801504320881,0.45271225331060067,0.32196630516464997]","[4.693069710960722,2.2089086228321255,3.105915072349851]","[1.0681833674700082e-07,8.517595946542289e-08,1.7511667663789913e-06]",direct_vp,[],3094783.9151634756,3096560,True,77978091.5076575,73.4890592135416,71.24321692150812,0.014200453433269363,"[5.027451744987686,4.992696704851042,5.008848117859513]",143.0051513314247,56.17223455756903,200.51247661560774,nan,nan,nan,nan,False,,nan,,,nan,nan,nan,,,,,,,,0.00021166461507063033,8.650434585713801e-07,0.01806218713943081,nan,nan,nan,False,not_run,not_requested
fig1,PEB,32,2857393641,10.0,snr_db,10.0,3,3,3,3,full_6d,2857393641,,,nan,,False,,4.814198017120361,nan,nan,nan,nan,nan,nan,False,,,peb_only,False,39a87f11ce54be32,,,,,,,adaptive_jones,True,fixed_anchor_then_adaptive_jones_score_selection,,nan,nan,nan,nan,True,,,nan,nan,,,,,[],nan,,,nan,nan,nan,nan,,nan,nan,nan,0.00011542732131935694,nan,nan,0.00011542732131935694,False,73ca4065ba0c89751d2f0dc2de518337698a325ed5053ee6dc1f366512a9f819,0.01807264634193876,computed_unscaled,cpu,nan,nan,nan,,,,,,,,nan,nan,nan,nan,nan,nan,False,,
fig1,adaptive_jones_vp_proposed,33,3489193506,10.0,snr_db,10.0,3,3,3,3,full_6d,3489193506,,,nan,,False,,63.39949484914541,3.150065189099231e-05,3.150065189099231e-05,3.523433235573875e-07,2.0652448031768754e-05,6.66014240004794e-14,0.050198290773973774,False,direct_vp,global_exact_spherical_vp,main_single_proposed,True,0578f2455d80f012,adaptive_jones,cupy,True,0,cupy,cupy.linalg.solve,fixed_pol_anchor,True,fixed_anchor_then_adaptive_jones_score_selection,fixed_pol_anchor,0.23217291157170405,0.5734793044836829,0.35225279856479236,0.0,True,3,4,3096725.458075429,3132116.7066195225,"[0.23217291157170405,0.5734793044836829,0.2511061796389901]","[4.3071346835004425,1.7437420883038672,3.982379093327878]","[1.9528079228081306e-08,2.166588779642266e-08,4.779915267978941e-07]",direct_vp,[],3094849.868939811,3096560,True,77891697.3230024,79.35078514791107,63.998660118064755,0.022968668920468897,"[4.981937776054724,5.014910654317057,5.037903461103518]",139.68789139389992,56.36476539820433,197.3138483837247,nan,nan,nan,nan,False,,nan,,,nan,nan,nan,,,,,,,,3.150065189099231e-05,3.523433235573875e-07,0.050198290773973774,nan,nan,nan,False,not_run,not_requested
fig1,PEB,33,3489193506,10.0,snr_db,10.0,3,3,3,3,full_6d,3489193506,,,nan,,False,,5.51745118945837,nan,nan,nan,nan,nan,nan,False,,,peb_only,False,d4c2cccec26f8394,,,,,,,adaptive_jones,True,fixed_anchor_then_adaptive_jones_score_selection,,nan,nan,nan,nan,True,,,nan,nan,,,,,[],nan,,,nan,nan,nan,nan,,nan,nan,nan,0.0001159415437043294,nan,nan,0.0001159415437043294,False,76527bb9436024da57d5b3c4ee115c2d9eeebd7e9b24b99b40e819fe3069631e,0.05022628852266684,computed_unscaled,cpu,nan,nan,nan,,,,,,,,nan,nan,nan,nan,nan,nan,False,,
fig1,adaptive_jones_vp_proposed,34,1995992425,10.0,snr_db,10.0,3,3,3,3,full_6d,1995992425,,,nan,,False,,61.558880522847176,6.641759197870954e-05,6.641759197870954e-05,4.3526082830480235e-07,5.5721354396938795e-05,5.28148286176039e-13,0.0764299471787426,False,direct_vp,global_exact_spherical_vp,main_single_proposed,True,ea1eb0398d1c0487,adaptive_jones,cupy,True,0,cupy,cupy.linalg.solve,fixed_pol_anchor,True,fixed_anchor_then_adaptive_jones_score_selection,fixed_pol_anchor,0.14876310615324392,1.170038943657193,0.5800324480569058,0.0,True,3,4,3096725.458075429,3098579.8012366695,"[1.170038943657193,0.14876310615324392,0.42129529436028046]","[0.8546724067774429,6.722096801136504,2.3736320186486712]","[1.3868588856482577e-06,2.3982472870511613e-08,7.035000425057911e-07]",direct_vp,[],3099047.209423028,3096560,True,67207882.43756771,76.70424614386478,49.38894073306772,0.01643014857427331,"[5.035551450550793,5.000973251062572,5.000428811901246]",132.2322822958231,55.06183269619942,188.63377179205418,nan,nan,nan,nan,False,,nan,,,nan,nan,nan,,,,,,,,6.641759197870954e-05,4.3526082830480235e-07,0.0764299471787426,nan,nan,nan,False,not_run,not_requested
fig1,PEB,34,1995992425,10.0,snr_db,10.0,3,3,3,3,full_6d,1995992425,,,nan,,False,,4.924662224948406,nan,nan,nan,nan,nan,nan,False,,,peb_only,False,bc6eac47052bab3c,,,,,,,adaptive_jones,True,fixed_anchor_then_adaptive_jones_score_selection,,nan,nan,nan,nan,True,,,nan,nan,,,,,[],nan,,,nan,nan,nan,nan,,nan,nan,nan,0.00012635780725055043,nan,nan,0.00012635780725055043,False,08ae9de45575216533d6edee2ff062b3deef6ce05030f7f9832ee4fff1bbeb0e,0.07636900121925695,computed_unscaled,cpu,nan,nan,nan,,,,,,,,nan,nan,nan,nan,nan,nan,False,,
fig1,adaptive_jones_vp_proposed,35,714029656,10.0,snr_db,10.0,3,3,3,3,full_6d,714029656,,,nan,,False,,64.11250239610672,0.00016638976028405332,0.00016638976028405332,7.554754466439087e-07,4.965100535844344e-05,6.482466400361422e-13,0.019215008577383823,False,direct_vp,global_exact_spherical_vp,main_single_proposed,True,358d7c0554844870,adaptive_jones,cupy,True,0,cupy,cupy.linalg.solve,fixed_pol_anchor,True,fixed_anchor_then_adaptive_jones_score_selection,fixed_pol_anchor,0.1348582511185199,2.674329412630246,1.0896047790453867,0.0,True,3,4,3096725.458075429,3097938.386585169,"[2.674329412630246,0.1348582511185199,0.4596266733873937]","[0.37392551391558365,7.4151932989329445,2.175678779975191]","[9.948241221554595e-08,2.154229960287818e-08,9.764940062035207e-08]",direct_vp,[],3096779.2883741255,3096560,True,74317324.92790434,80.84589765924717,35.82772740709709,0.014082765773556896,"[4.981307043575817,5.007792293313514,4.975409188487341]",142.63491996377707,57.4273282662034,201.1022867038846,nan,nan,nan,nan,False,,nan,,,nan,nan,nan,,,,,,,,0.00016638976028405332,7.554754466439087e-07,0.019215008577383823,nan,nan,nan,False,not_run,not_requested
fig1,PEB,35,714029656,10.0,snr_db,10.0,3,3,3,3,full_6d,714029656,,,nan,,False,,4.824672572314739,nan,nan,nan,nan,nan,nan,False,,,peb_only,False,0d153b6a6f14f4ef,,,,,,,adaptive_jones,True,fixed_anchor_then_adaptive_jones_score_selection,,nan,nan,nan,nan,True,,,nan,nan,,,,,[],nan,,,nan,nan,nan,nan,,nan,nan,nan,0.000121110425305121,nan,nan,0.000121110425305121,False,5d8c0ccf801b5347ce0be3d5af96b3f2d9a4ebabf39c0be2596e7a64087c3f22,0.019213747206298332,computed_unscaled,cpu,nan,nan,nan,,,,,,,,nan,nan,nan,nan,nan,nan,False,,
fig1,adaptive_jones_vp_proposed,37,1911328645,10.0,snr_db,10.0,3,3,3,3,full_6d,1911328645,,,nan,,False,,63.61626587808132,0.00013969935342808673,0.00013969935342808673,4.2403379505164357e-07,2.973017846378111e-05,1.4799596781552405e-13,0.022844110095144005,False,direct_vp,global_exact_spherical_vp,main_single_proposed,True,aeec55395e6d873e,adaptive_jones,cupy,True,0,cupy,cupy.linalg.solve,fixed_pol_anchor,True,fixed_anchor_then_adaptive_jones_score_selection,fixed_pol_anchor,0.1487576099758683,0.7096054867988754,0.4621266605838204,0.0,True,3,4,3096725.458075429,3098589.133173014,"[0.5280168849767177,0.1487576099758683,0.7096054867988754]","[1.8938788293551745,6.72234516380085,1.4092337483330677]","[5.375276137647442e-07,3.1049628487536737e-08,2.592055033473662e-07]",direct_vp,[],3094165.5678287195,3096560,True,56334778.24680791,84.99699896540147,42.26910216067508,0.045923146953413374,"[5.041659794776904,5.008216308553209,4.931925367909691]",145.80401347577572,57.54866173863411,204.64736694842577,nan,nan,nan,nan,False,,nan,,,nan,nan,nan,,,,,,,,0.00013969935342808673,4.2403379505164357e-07,0.022844110095144005,nan,nan,nan,False,not_run,not_requested
fig1,PEB,37,1911328645,10.0,snr_db,10.0,3,3,3,3,full_6d,1911328645,,,nan,,False,,4.937834084033966,nan,nan,nan,nan,nan,nan,False,,,peb_only,False,144aaa559e10b223,,,,,,,adaptive_jones,True,fixed_anchor_then_adaptive_jones_score_selection,,nan,nan,nan,nan,True,,,nan,nan,,,,,[],nan,,,nan,nan,nan,nan,,nan,nan,nan,0.00013637632982206713,nan,nan,0.00013637632982206713,False,89cd20fcd9a64ac709c19d36df44d0df4be8c42c9af5aab07d8f4fd5c690dd17,0.022861906226828144,computed_unscaled,cpu,nan,nan,nan,,,,,,,,nan,nan,nan,nan,nan,nan,False,,
fig1,adaptive_jones_vp_proposed,38,445142407,10.0,snr_db,10.0,3,3,3,3,full_6d,445142407,,,nan,,False,,66.81953079998493,0.000261642090469019,0.000261642090469019,6.915347929491306e-07,7.553807047399455e-05,8.997206327976585e-13,0.07093716209345793,False,direct_vp,global_exact_spherical_vp,main_single_proposed,True,861520b9d5f0f3e0,adaptive_jones,cupy,True,0,cupy,cupy.linalg.solve,fixed_pol_anchor,True,fixed_anchor_then_adaptive_jones_score_selection,fixed_pol_anchor,0.11534716805560759,1.6246005653329163,1.0446314781077841,0.0,True,3,4,3096725.458075429,3141782.8471162487,"[0.11534716805560759,1.6246005653329163,1.3939467009348285]","[8.669480290298898,0.6155359177740121,0.7173875438192664]","[2.2846735812847508e-07,5.85556096721572e-07,3.815999755933078e-08]",direct_vp,[],3095402.7159510422,3096560,True,47510196.73091128,121.33956941391003,37.29923468651191,0.030031071003128483,"[5.002154091179163,4.943667363330976,4.934273044684989]",142.67083041369915,60.5057437568903,204.32017185539007,nan,nan,nan,nan,False,,nan,,,nan,nan,nan,,,,,,,,0.000261642090469019,6.915347929491306e-07,0.07093716209345793,nan,nan,nan,False,not_run,not_requested
fig1,PEB,38,445142407,10.0,snr_db,10.0,3,3,3,3,full_6d,445142407,,,nan,,False,,5.071506664156914,nan,nan,nan,nan,nan,nan,False,,,peb_only,False,f8458b0f62442a80,,,,,,,adaptive_jones,True,fixed_anchor_then_adaptive_jones_score_selection,,nan,nan,nan,nan,True,,,nan,nan,,,,,[],nan,,,nan,nan,nan,nan,,nan,nan,nan,0.0001519258569948173,nan,nan,0.0001519258569948173,False,188df01b21e845096046e025598027817a0fefeca6c3a9da8733d6021c9aadff,0.07096405017504218,computed_unscaled,cpu,nan,nan,nan,,,,,,,,nan,nan,nan,nan,nan,nan,False,,
fig1,adaptive_jones_vp_proposed,39,1925729663,10.0,snr_db,10.0,3,3,3,3,full_6d,1925729663,,,nan,,False,,65.00951462239027,7.280263906776988e-05,7.280263906776988e-05,7.485082482397408e-07,1.2277192658068882e-05,9.89604317555139e-14,0.00888098110179779,False,direct_vp,global_exact_spherical_vp,main_single_proposed,True,eb0a64f731b8ab20,adaptive_jones,cupy,True,0,cupy,cupy.linalg.solve,fixed_pol_anchor,True,fixed_anchor_then_adaptive_jones_score_selection,fixed_pol_anchor,0.13649340091295487,2.0768604454733097,0.8894127732624294,0.0,True,3,4,3096725.458075429,3121987.67500907,"[0.4548844734010236,2.0768604454733097,0.13649340091295487]","[2.1983603716408906,0.4814960014176718,7.326361518661167]","[9.235014224290977e-07,6.773558588974389e-08,7.877685445884221e-07]",direct_vp,[],3096020.3861687374,3096560,True,82651614.98145978,90.08895854463923,42.69887965651095,0.033815724412397156,"[4.98801626818332,5.066992114475344,5.005873743905566]",144.84318917244673,58.63456190377474,204.6397119835019,nan,nan,nan,nan,False,,nan,,,nan,nan,nan,,,,,,,,7.280263906776988e-05,7.485082482397408e-07,0.00888098110179779,nan,nan,nan,False,not_run,not_requested
fig1,PEB,39,1925729663,10.0,snr_db,10.0,3,3,3,3,full_6d,1925729663,,,nan,,False,,4.710857316851616,nan,nan,nan,nan,nan,nan,False,,,peb_only,False,a66bb7727fb2b945,,,,,,,adaptive_jones,True,fixed_anchor_then_adaptive_jones_score_selection,,nan,nan,nan,nan,True,,,nan,nan,,,,,[],nan,,,nan,nan,nan,nan,,nan,nan,nan,0.00010316082605915418,nan,nan,0.00010316082605915418,False,96864a0d945e4bbb9c67c4c5c4b209be5179ce0b5fab7e2f47325b1eaa6bc2cc,0.008882574888439954,computed_unscaled,cpu,nan,nan,nan,,,,,,,,nan,nan,nan,nan,nan,nan,False,,
fig1,adaptive_jones_vp_proposed,41,4278604885,10.0,snr_db,10.0,3,3,3,3,full_6d,4278604885,,,nan,,False,,65.35428738594055,8.582286696382247e-05,8.582286696382247e-05,5.924042415194163e-07,6.124535982072037e-05,6.33182641899558e-14,0.02849161797691961,False,direct_vp,global_exact_spherical_vp,main_single_proposed,True,39cccebf81a3cc95,adaptive_jones,cupy,True,0,cupy,cupy.linalg.solve,fixed_pol_anchor,True,fixed_anchor_then_adaptive_jones_score_selection,fixed_pol_anchor,0.17007641635790793,5.386140120975318,1.9369553192049491,0.0,True,3,4,3096725.458075429,3100932.8227062766,"[0.17007641635790793,0.25464942028162185,5.386140120975318]","[5.879709964581068,3.9269675104456376,0.1856617127542413]","[1.764231087516463e-07,3.513236664269452e-08,3.9741405377392463e-07]",direct_vp,[],3096803.1721142144,3096560,True,43609016.55711061,110.49972394921454,37.062046976788054,0.02057127474561766,"[4.980137532842265,4.992346038868324,5.028579857805105]",141.2196125164628,58.96934601664543,201.44094912707806,nan,nan,nan,nan,False,,nan,,,nan,nan,nan,,,,,,,,8.582286696382247e-05,5.924042415194163e-07,0.02849161797691961,nan,nan,nan,False,not_run,not_requested
fig1,PEB,41,4278604885,10.0,snr_db,10.0,3,3,3,3,full_6d,4278604885,,,nan,,False,,5.141447596251965,nan,nan,nan,nan,nan,nan,False,,,peb_only,False,936a42d175e9b925,,,,,,,adaptive_jones,True,fixed_anchor_then_adaptive_jones_score_selection,,nan,nan,nan,nan,True,,,nan,nan,,,,,[],nan,,,nan,nan,nan,nan,,nan,nan,nan,0.0001532984328488081,nan,nan,0.0001532984328488081,False,3ffbd47003275298d380fa4fdbe537af868b54f1a66ff07176dee6a601458b33,0.028489527917999663,computed_unscaled,cpu,nan,nan,nan,,,,,,,,nan,nan,nan,nan,nan,nan,False,,
fig1,adaptive_jones_vp_proposed,42,1970772956,10.0,snr_db,10.0,3,3,3,3,full_6d,1970772956,,,nan,,False,,65.2517784461379,2.9007390876048046e-05,2.9007390876048046e-05,1.8408381221291126e-07,6.591413405091831e-06,8.423272555138398e-14,0.017197754359987855,False,direct_vp,global_exact_spherical_vp,main_single_proposed,True,cfc5f75daab4b58d,adaptive_jones,cupy,True,0,cupy,cupy.linalg.solve,fixed_pol_anchor,True,fixed_anchor_then_adaptive_jones_score_selection,fixed_pol_anchor,0.17889154552309458,1.0471666565531177,0.5050275351921134,0.0,True,3,4,3096725.458075429,3096851.837925508,"[1.0471666565531177,0.289024403500128,0.17889154552309458]","[0.9549578319181591,3.4599154531228646,5.589979096416957]","[1.2022132847027907e-06,2.276779691552013e-08,1.642879581362523e-07]",direct_vp,[],3097092.7228794536,3096560,True,85657665.23659931,72.50148847893682,50.30557442305333,0.014301370189507782,"[5.023494928672451,4.988638751557243,5.003039210757915]",153.04169168323278,58.9290819093585,213.18135314434767,nan,nan,nan,nan,False,,nan,,,nan,nan,nan,,,,,,,,2.9007390876048046e-05,1.8408381221291126e-07,0.017197754359987855,nan,nan,nan,False,not_run,not_requested
fig1,PEB,42,1970772956,10.0,snr_db,10.0,3,3,3,3,full_6d,1970772956,,,nan,,False,,5.149085082113743,nan,nan,nan,nan,nan,nan,False,,,peb_only,False,dc65fe049e7b7da1,,,,,,,adaptive_jones,True,fixed_anchor_then_adaptive_jones_score_selection,,nan,nan,nan,nan,True,,,nan,nan,,,,,[],nan,,,nan,nan,nan,nan,,nan,nan,nan,0.00010700230858484586,nan,nan,0.00010700230858484586,False,4af21c66cd27ed283a830009c130c6232a0ae08038b9a036394b8e1c4ae43a65,0.01719488506483005,computed_unscaled,cpu,nan,nan,nan,,,,,,,,nan,nan,nan,nan,nan,nan,False,,
fig1,adaptive_jones_vp_proposed,43,409305243,10.0,snr_db,10.0,3,3,3,3,full_6d,409305243,,,nan,,False,,63.584286607801914,0.00020444502730057848,0.00020444502730057848,4.224447680779963e-07,3.134487809899202e-05,6.314972754455312e-14,0.03333401688536391,False,direct_vp,global_exact_spherical_vp,main_single_proposed,True,f2786f99d1671147,adaptive_jones,cupy,True,0,cupy,cupy.linalg.solve,fixed_pol_anchor,True,fixed_anchor_then_adaptive_jones_score_selection,fixed_pol_anchor,0.18397671049443434,0.81168599849308,0.43136910125491507,0.0,True,3,4,3096725.458075429,3097863.6988290595,"[0.18397671049443434,0.2984445947772309,0.81168599849308]","[5.435470594687407,3.350705683733811,1.2320035110322451]","[2.6624692504069994e-07,2.5456920365270606e-08,1.627228815750024e-06]",direct_vp,[],3099037.346352619,3096560,True,57513024.38046503,97.08399636340526,52.837285088172145,0.0017101353782092393,"[4.99672851872944,4.992819490599275,4.996077905681037]",148.6794601753354,57.10484465956688,207.01773660629988,nan,nan,nan,nan,False,,nan,,,nan,nan,nan,,,,,,,,0.00020444502730057848,4.224447680779963e-07,0.03333401688536391,nan,nan,nan,False,not_run,not_requested
fig1,PEB,43,409305243,10.0,snr_db,10.0,3,3,3,3,full_6d,409305243,,,nan,,False,,5.24505490809679,nan,nan,nan,nan,nan,nan,False,,,peb_only,False,72a5bf3d66ed60e8,,,,,,,adaptive_jones,True,fixed_anchor_then_adaptive_jones_score_selection,,nan,nan,nan,nan,True,,,nan,nan,,,,,[],nan,,,nan,nan,nan,nan,,nan,nan,nan,0.0001340433220867418,nan,nan,0.0001340433220867418,False,d06249056a46bde512ae6accc3f5b861faabc2ef0f40296322d007b403b53207,0.03330754203149501,computed_unscaled,cpu,nan,nan,nan,,,,,,,,nan,nan,nan,nan,nan,nan,False,,
fig1,adaptive_jones_vp_proposed,5,2290547997,10.0,snr_db,10.0,3,3,3,3,full_6d,2290547997,,,nan,,False,,558.9643615558743,0.0001719463044212135,0.0001719463044212135,4.504478104838941e-07,1.796899207984251e-05,2.6502863883401554e-13,0.027276976694571645,False,direct_vp,global_exact_spherical_vp,main_single_proposed,True,792418446a4afcfb,adaptive_jones,cupy,True,0,cupy,cupy.linalg.solve,fixed_pol_anchor,True,fixed_anchor_then_adaptive_jones_score_selection,fixed_pol_anchor,0.17092275692341205,0.5762497931255496,0.3850049947648633,0.0,True,3,4,3096725.458075429,3254508.32347143,"[0.5762497931255496,0.17092275692341205,0.4078424342456281]","[1.7353585405653242,5.850596011904455,2.4519273033696387]","[7.78063962897266e-07,3.0810041949287624e-08,4.0469788692300886e-07]",direct_vp,[],3093962.152543049,3096560,True,71491601.53352515,75.01272261897248,60.94144665501855,0.011834601426100414,"[5.004192151710547,5.007074655435071,5.030613964781968]",146.0901849269867,552.728271342814,700.1571870520711,nan,nan,nan,nan,False,,nan,,,nan,nan,nan,,,,,,,,0.0001719463044212135,4.504478104838941e-07,0.027276976694571645,nan,nan,nan,False,not_run,not_requested
fig1,PEB,5,2290547997,10.0,snr_db,10.0,3,3,3,3,full_6d,2290547997,,,nan,,False,,4.616869658231735,nan,nan,nan,nan,nan,nan,False,,,peb_only,False,8ee4193ea1014f61,,,,,,,adaptive_jones,True,fixed_anchor_then_adaptive_jones_score_selection,,nan,nan,nan,nan,True,,,nan,nan,,,,,[],nan,,,nan,nan,nan,nan,,nan,nan,nan,0.00012132769578718878,nan,nan,0.00012132769578718878,False,38f1169f92c897947506b479f5ee71ac29695cde812eaf9f2f26b2ce8e8773e4,0.027300020886016525,computed_unscaled,cpu,nan,nan,nan,,,,,,,,nan,nan,nan,nan,nan,nan,False,,
fig1,adaptive_jones_vp_proposed,45,2629875502,10.0,snr_db,10.0,3,3,3,3,full_6d,2629875502,,,nan,,False,,62.86910776793957,3.684325110763214e-05,3.684325110763214e-05,4.479130273458199e-07,1.7612313307765067e-05,9.278558670259571e-14,0.036892604820950636,False,direct_vp,global_exact_spherical_vp,main_single_proposed,True,fe4c4c0b40055971,adaptive_jones,cupy,True,0,cupy,cupy.linalg.solve,fixed_pol_anchor,True,fixed_anchor_then_adaptive_jones_score_selection,fixed_pol_anchor,0.23583208477934825,0.38620181689198424,0.3133469529639314,0.0,True,3,4,3096725.458075429,3098219.4286118005,"[0.38620181689198424,0.23583208477934825,0.3180069572204617]","[2.589319770806001,4.24030513462744,3.144585290649542]","[7.144038527747268e-08,4.189982893673141e-09,5.935019950759773e-07]",direct_vp,[],3094883.957092439,3096560,True,82340188.72881521,71.66994986139247,57.90883576593775,0.013140927130972169,"[5.0331392935411285,5.0129436726049725,5.001334790150609]",139.03206042945385,57.13610953092575,197.43896766006947,nan,nan,nan,nan,False,,nan,,,nan,nan,nan,,,,,,,,3.684325110763214e-05,4.479130273458199e-07,0.036892604820950636,nan,nan,nan,False,not_run,not_requested
fig1,PEB,45,2629875502,10.0,snr_db,10.0,3,3,3,3,full_6d,2629875502,,,nan,,False,,5.02693597972393,nan,nan,nan,nan,nan,nan,False,,,peb_only,False,9c55d260ed1ce74b,,,,,,,adaptive_jones,True,fixed_anchor_then_adaptive_jones_score_selection,,nan,nan,nan,nan,True,,,nan,nan,,,,,[],nan,,,nan,nan,nan,nan,,nan,nan,nan,0.00011130707313227606,nan,nan,0.00011130707313227606,False,61ef90b44bee96edd1828bab28b96f525f17a012a323714534c6c3c927bfb322,0.03691277484063286,computed_unscaled,cpu,nan,nan,nan,,,,,,,,nan,nan,nan,nan,nan,nan,False,,
fig1,adaptive_jones_vp_proposed,46,3306807379,10.0,snr_db,10.0,3,3,3,3,full_6d,3306807379,,,nan,,False,,63.40844280272722,0.00018832725924980412,0.00018832725924980412,5.22847397683028e-07,2.9375305808730683e-05,1.0372002277406615e-13,0.04312209158452738,False,direct_vp,global_exact_spherical_vp,main_single_proposed,True,0ca192c0b8afe592,adaptive_jones,cupy,True,0,cupy,cupy.linalg.solve,fixed_pol_anchor,True,fixed_anchor_then_adaptive_jones_score_selection,fixed_pol_anchor,0.1437817003646266,1.2695231433506677,0.6161270015872823,0.0,True,3,4,3096725.458075429,3102542.99972945,"[1.2695231433506677,0.4350761610465525,0.1437817003646266]","[0.7876973375683554,2.298448155822002,6.9549879954394935]","[4.1771025888636787e-07,5.9006657847142506e-08,7.295079628179232e-07]",direct_vp,[],3095202.1221433952,3096560,True,85395207.96999149,78.01574728688523,43.451965427834594,0.01391971257037351,"[4.989024914052474,5.009811473452037,5.022824432288904]",152.02777982503176,56.76438956707716,209.9850823804736,nan,nan,nan,nan,False,,nan,,,nan,nan,nan,,,,,,,,0.00018832725924980412,5.22847397683028e-07,0.04312209158452738,nan,nan,nan,False,not_run,not_requested
fig1,PEB,46,3306807379,10.0,snr_db,10.0,3,3,3,3,full_6d,3306807379,,,nan,,False,,5.114646151661873,nan,nan,nan,nan,nan,nan,False,,,peb_only,False,d54f470bd8491468,,,,,,,adaptive_jones,True,fixed_anchor_then_adaptive_jones_score_selection,,nan,nan,nan,nan,True,,,nan,nan,,,,,[],nan,,,nan,nan,nan,nan,,nan,nan,nan,0.00010437338646550407,nan,nan,0.00010437338646550407,False,324c3cee61ad53d18a3b7f70cef7049986ada5517935cd8531014229a0b305be,0.043141232333473827,computed_unscaled,cpu,nan,nan,nan,,,,,,,,nan,nan,nan,nan,nan,nan,False,,
fig1,adaptive_jones_vp_proposed,47,582567175,10.0,snr_db,10.0,3,3,3,3,full_6d,582567175,,,nan,,False,,64.80902381241322,0.00010223159890737076,0.00010223159890737076,8.003981388764673e-07,1.823125393668211e-05,2.881090570213807e-14,0.021487053806832558,False,direct_vp,global_exact_spherical_vp,main_single_proposed,True,f59d4d414e329a74,adaptive_jones,cupy,True,0,cupy,cupy.linalg.solve,fixed_pol_anchor,True,fixed_anchor_then_adaptive_jones_score_selection,fixed_pol_anchor,0.14562357112849741,2.2368519715569706,0.9167546493074212,0.0,True,3,4,3096725.458075429,3098288.9605599474,"[0.3677884052367958,0.14562357112849741,2.2368519715569706]","[2.718954664587088,6.8670201688534345,0.4470568516439239]","[4.419721379312141e-06,1.0252569218276533e-08,1.8678292034598534e-08]",direct_vp,[],3097251.2541427445,3096560,True,53929388.48577875,95.86949239858562,36.50455510986219,0.011672058004445015,"[4.979356008066088,5.004689193868617,4.98054486190049]",146.68011409789324,58.250195018947124,206.25515358150005,nan,nan,nan,nan,False,,nan,,,nan,nan,nan,,,,,,,,0.00010223159890737076,8.003981388764673e-07,0.021487053806832558,nan,nan,nan,False,not_run,not_requested
fig1,PEB,47,582567175,10.0,snr_db,10.0,3,3,3,3,full_6d,582567175,,,nan,,False,,5.035759925842285,nan,nan,nan,nan,nan,nan,False,,,peb_only,False,dcc7aa9250ef080b,,,,,,,adaptive_jones,True,fixed_anchor_then_adaptive_jones_score_selection,,nan,nan,nan,nan,True,,,nan,nan,,,,,[],nan,,,nan,nan,nan,nan,,nan,nan,nan,0.0001381373393494047,nan,nan,0.0001381373393494047,False,050689952234d9ff329be9f4e449f2035a50644af1a2423c3a762752f771130c,0.02148236925885505,computed_unscaled,cpu,nan,nan,nan,,,,,,,,nan,nan,nan,nan,nan,nan,False,,
fig1,adaptive_jones_vp_proposed,49,3038295588,10.0,snr_db,10.0,3,3,3,3,full_6d,3038295588,,,nan,,False,,65.72167678922415,8.459656160095473e-05,8.459656160095473e-05,1.0416350513161782e-06,1.3620459278670672e-05,5.055878074863513e-13,0.05803357765163571,False,direct_vp,global_exact_spherical_vp,main_single_proposed,True,199afb7e4169936a,adaptive_jones,cupy,True,0,cupy,cupy.linalg.solve,fixed_pol_anchor,True,fixed_anchor_then_adaptive_jones_score_selection,fixed_pol_anchor,0.1685742486273397,3.6031688752533215,1.344326314933333,0.0,True,3,4,3096725.458075429,3099555.3970806976,"[0.26123582091933784,3.6031688752533215,0.1685742486273397]","[3.827958954788632,0.27753348083805585,5.932104150797618]","[3.7787752897717567e-07,5.3537399867716654e-08,5.566910577979315e-07]",direct_vp,[],3099200.7320349645,3096560,True,87334908.39680465,78.30097882726567,38.511397645551455,0.031936309630870165,"[5.023366241534505,5.092340477604999,5.025891014589394]",144.24456905573606,58.74686801433563,204.26869735866785,nan,nan,nan,nan,False,,nan,,,nan,nan,nan,,,,,,,,8.459656160095473e-05,1.0416350513161782e-06,0.05803357765163571,nan,nan,nan,False,not_run,not_requested
fig1,PEB,49,3038295588,10.0,snr_db,10.0,3,3,3,3,full_6d,3038295588,,,nan,,False,,5.523175612092018,nan,nan,nan,nan,nan,nan,False,,,peb_only,False,bc87132971f3652b,,,,,,,adaptive_jones,True,fixed_anchor_then_adaptive_jones_score_selection,,nan,nan,nan,nan,True,,,nan,nan,,,,,[],nan,,,nan,nan,nan,nan,,nan,nan,nan,0.00010414866567453616,nan,nan,0.00010414866567453616,False,acf4e48940052036015f088be14d19342fd02a5a04e03acf4cbab7169512ba81,0.0579844286601582,computed_unscaled,cpu,nan,nan,nan,,,,,,,,nan,nan,nan,nan,nan,nan,False,,
fig1,adaptive_jones_vp_proposed,11,3685333214,10.0,snr_db,10.0,3,3,3,3,full_6d,3685333214,,,nan,,False,,558.7939822077751,9.788529398588982e-06,9.788529398588982e-06,2.5860864128747706e-07,4.164143872388713e-06,1.7966337193081777e-13,0.028631281807882686,False,direct_vp,global_exact_spherical_vp,main_single_proposed,True,44a0beef8e96e5f7,adaptive_jones,cupy,True,0,cupy,cupy.linalg.solve,fixed_pol_anchor,True,fixed_anchor_then_adaptive_jones_score_selection,fixed_pol_anchor,0.12081599875585101,3.244531175970619,1.3569145298098262,0.0,True,3,4,3096725.458075429,11133012.208749792,"[3.244531175970619,0.12081599875585101,0.7053964147030088]","[0.3082109388878349,8.277049482665888,1.4176425895506173]","[1.2909069887368533e-07,4.553411111198745e-08,4.017288466933357e-06]",direct_vp,[],3091929.02421986,3096560,True,60008899.09431999,91.96982929479299,24.331054554887267,0.07497497130486114,"[5.152881844563871,4.989867662144343,4.998125926078095]",137.62092139571905,552.6585188284516,691.4689031392336,nan,nan,nan,nan,False,,nan,,,nan,nan,nan,,,,,,,,9.788529398588982e-06,2.5860864128747706e-07,0.028631281807882686,nan,nan,nan,False,not_run,not_requested
fig1,PEB,11,3685333214,10.0,snr_db,10.0,3,3,3,3,full_6d,3685333214,,,nan,,False,,4.929195508360863,nan,nan,nan,nan,nan,nan,False,,,peb_only,False,140f4e7129031a5a,,,,,,,adaptive_jones,True,fixed_anchor_then_adaptive_jones_score_selection,,nan,nan,nan,nan,True,,,nan,nan,,,,,[],nan,,,nan,nan,nan,nan,,nan,nan,nan,0.00013621409396788242,nan,nan,0.00013621409396788242,False,e9ccda1e403051d390ee49d3f08d80b8c395469b47c082ff498964bcdaeda690,0.028674312832228134,computed_unscaled,cpu,nan,nan,nan,,,,,,,,nan,nan,nan,nan,nan,nan,False,,
fig1,adaptive_jones_vp_proposed,9,3933360494,10.0,snr_db,10.0,3,3,3,3,full_6d,3933360494,,,nan,,False,,585.530156455934,3.186400674515815e-05,3.186400674515815e-05,5.096853489618816e-07,7.989986530565022e-06,1.165990496136882e-13,0.011912266570513206,False,direct_vp,global_exact_spherical_vp,main_single_proposed,True,2aa82e5496316005,adaptive_jones,cupy,True,0,cupy,cupy.linalg.solve,fixed_pol_anchor,True,fixed_anchor_then_adaptive_jones_score_selection,fixed_pol_anchor,0.22257488430227967,0.37811346186065914,0.3165319510442573,0.0,True,3,4,3096725.458075429,8623574.029985059,"[0.22257488430227967,0.37811346186065914,0.34890750696983314]","[4.49286990818638,2.644708800048325,2.8660890924485383]","[2.9889439728781027e-06,1.8842894726167575e-05,5.987120994440114e-06]",direct_vp,[],3096586.5746155507,3096560,True,72237586.24686064,76.987488584907,59.33421670020794,0.01704891706383648,"[5.025310445324905,4.9892958257917535,4.988994518362188]",144.72687448561192,579.5165602192283,725.6412416696548,nan,nan,nan,nan,False,,nan,,,nan,nan,nan,,,,,,,,3.186400674515815e-05,5.096853489618816e-07,0.011912266570513206,nan,nan,nan,False,not_run,not_requested
fig1,PEB,9,3933360494,10.0,snr_db,10.0,3,3,3,3,full_6d,3933360494,,,nan,,False,,4.983092859387398,nan,nan,nan,nan,nan,nan,False,,,peb_only,False,099723276a7274de,,,,,,,adaptive_jones,True,fixed_anchor_then_adaptive_jones_score_selection,,nan,nan,nan,nan,True,,,nan,nan,,,,,[],nan,,,nan,nan,nan,nan,,nan,nan,nan,0.00012031253848123944,nan,nan,0.00012031253848123944,False,2f009590b628473d7acf259cec76359e96ba2256fe333ef7c1514fe7022a67d5,0.01191222589099843,computed_unscaled,cpu,nan,nan,nan,,,,,,,,nan,nan,nan,nan,nan,nan,False,,
fig1,adaptive_jones_vp_proposed,51,2092735507,10.0,snr_db,10.0,3,3,3,3,full_6d,2092735507,,,nan,,False,,65.39359663426876,0.0001930727272771547,0.0001930727272771547,4.299490477493486e-07,5.97848617522134e-05,1.6658041401577913e-13,0.07085824536450047,False,direct_vp,global_exact_spherical_vp,main_single_proposed,True,3cafe7ea0d35af6e,adaptive_jones,cupy,True,0,cupy,cupy.linalg.solve,fixed_pol_anchor,True,fixed_anchor_then_adaptive_jones_score_selection,fixed_pol_anchor,0.11731413512459889,1.4299316913690763,0.9492001657166957,0.0,True,3,4,3096725.458075429,3116941.0879021497,"[1.4299316913690763,0.11731413512459889,1.3003546706564122]","[0.6993341052824197,8.524121998920135,0.7690209621763461]","[2.4962721669069185e-07,6.103144002463952e-08,2.2009662942152072e-07]",direct_vp,[],3096489.5370046766,3096560,True,60640551.50133627,96.57681024573719,27.37728865759051,0.04427929105891493,"[5.0244358002933005,5.014026223429374,4.925734055722669]",136.14841999858618,58.805596083402634,195.86262118071318,nan,nan,nan,nan,False,,nan,,,nan,nan,nan,,,,,,,,0.0001930727272771547,4.299490477493486e-07,0.07085824536450047,nan,nan,nan,False,not_run,not_requested
fig1,PEB,51,2092735507,10.0,snr_db,10.0,3,3,3,3,full_6d,2092735507,,,nan,,False,,5.412048026919365,nan,nan,nan,nan,nan,nan,False,,,peb_only,False,e425b4a6884a9b42,,,,,,,adaptive_jones,True,fixed_anchor_then_adaptive_jones_score_selection,,nan,nan,nan,nan,True,,,nan,nan,,,,,[],nan,,,nan,nan,nan,nan,,nan,nan,nan,0.0001331738523728923,nan,nan,0.0001331738523728923,False,ceb68ab38b09da961371426ea0267363a416dbe569c6f715609cdf27a87a3792,0.07086022393283224,computed_unscaled,cpu,nan,nan,nan,,,,,,,,nan,nan,nan,nan,nan,nan,False,,
fig1,adaptive_jones_vp_proposed,14,1092560480,10.0,snr_db,10.0,3,3,3,3,full_6d,1092560480,,,nan,,False,,560.8703644052148,0.00011070675669979949,0.00011070675669979949,6.068628198566402e-07,7.912676332698269e-05,2.1805180142011436e-13,0.021617529758422405,False,direct_vp,global_exact_spherical_vp,main_single_proposed,True,596f834d3aafdf13,adaptive_jones,cupy,True,0,cupy,cupy.linalg.solve,fixed_pol_anchor,True,fixed_anchor_then_adaptive_jones_score_selection,fixed_pol_anchor,0.22509318460396613,0.37325294327508773,0.3166344748829736,0.0,True,3,4,3096725.458075429,4361121.276358752,"[0.37325294327508773,0.3515572967698669,0.22509318460396613]","[2.679148330955359,2.8444865436949214,4.442604522918794]","[4.3338841671127666e-07,5.749684810398974e-07,3.3521262093354563e-07]",direct_vp,[],3094527.367529094,3096560,True,79357469.40815215,68.81207161984771,54.22386208892347,0.015250199779178544,"[5.025940111288147,4.990894531200514,4.997218475004078]",143.9647934436798,554.4154552295804,699.6930322498083,nan,nan,nan,nan,False,,nan,,,nan,nan,nan,,,,,,,,0.00011070675669979949,6.068628198566402e-07,0.021617529758422405,nan,nan,nan,False,not_run,not_requested
fig1,PEB,14,1092560480,10.0,snr_db,10.0,3,3,3,3,full_6d,1092560480,,,nan,,False,,5.2645403444767,nan,nan,nan,nan,nan,nan,False,,,peb_only,False,f2536b955881053d,,,,,,,adaptive_jones,True,fixed_anchor_then_adaptive_jones_score_selection,,nan,nan,nan,nan,True,,,nan,nan,,,,,[],nan,,,nan,nan,nan,nan,,nan,nan,nan,0.00011431537096209003,nan,nan,0.00011431537096209003,False,f1022bc01518ff6f31f9f6e642efb32029d98d2c096644b99cc3e0e6c8ec44d7,0.021631840949807746,computed_unscaled,cpu,nan,nan,nan,,,,,,,,nan,nan,nan,nan,nan,nan,False,,
fig1,adaptive_jones_vp_proposed,18,3644258948,10.0,snr_db,10.0,3,3,3,3,full_6d,3644258948,,,nan,,False,,529.3307839632034,5.156379453951387e-05,5.156379453951387e-05,3.6789160483852057e-07,4.2523858072907534e-05,4.849121164049754e-13,0.043947808197684415,False,direct_vp,global_exact_spherical_vp,main_single_proposed,True,e45a0feb999f5ade,adaptive_jones,cupy,True,0,cupy,cupy.linalg.solve,fixed_pol_anchor,True,fixed_anchor_then_adaptive_jones_score_selection,fixed_pol_anchor,0.13316295304717402,1.082238891760559,0.6214699362310395,0.0,True,3,4,3096725.458075429,3356255.173531676,"[0.6490079638853853,1.082238891760559,0.13316295304717402]","[1.540813141972401,0.9240104080644735,7.509596153560885]","[3.6463819361480645e-07,1.664064720803717e-06,1.3701324059302477e-07]",direct_vp,[],3093957.5286831767,3096560,True,80595275.68569899,80.86108032267283,53.719599578688594,0.031055950520280613,"[5.0328178185012185,5.0691575895778165,4.9931111970543265]",152.38946805894375,522.7166394069791,676.4780665934086,nan,nan,nan,nan,False,,nan,,,nan,nan,nan,,,,,,,,5.156379453951387e-05,3.6789160483852057e-07,0.043947808197684415,nan,nan,nan,False,not_run,not_requested
fig1,PEB,18,3644258948,10.0,snr_db,10.0,3,3,3,3,full_6d,3644258948,,,nan,,False,,4.863953307271004,nan,nan,nan,nan,nan,nan,False,,,peb_only,False,aadb88de62367c52,,,,,,,adaptive_jones,True,fixed_anchor_then_adaptive_jones_score_selection,,nan,nan,nan,nan,True,,,nan,nan,,,,,[],nan,,,nan,nan,nan,nan,,nan,nan,nan,0.00010552850122600296,nan,nan,0.00010552850122600296,False,10eabe3ea0bf687d98504e31e23e6506b4b182585a8f16e7a2bae8ed9d09e41a,0.04398500200986059,computed_unscaled,cpu,nan,nan,nan,,,,,,,,nan,nan,nan,nan,nan,nan,False,,
fig1,adaptive_jones_vp_proposed,52,2910844986,10.0,snr_db,10.0,3,3,3,3,full_6d,2910844986,,,nan,,False,,64.81005415320396,0.0002216996488286611,0.0002216996488286611,5.781179987836574e-07,1.8699824240426798e-05,1.0746294495318963e-13,0.016636676777621463,False,direct_vp,global_exact_spherical_vp,main_single_proposed,True,00aa44825f8fdf4b,adaptive_jones,cupy,True,0,cupy,cupy.linalg.solve,fixed_pol_anchor,True,fixed_anchor_then_adaptive_jones_score_selection,fixed_pol_anchor,0.1627932781576284,3.582855013896708,1.3415431653011414,0.0,True,3,4,3096725.458075429,3115226.936489199,"[3.582855013896708,0.1627932781576284,0.27898120384908787]","[0.27910702390070163,6.1427597706556645,3.5844708754667973]","[4.1229777506667127e-07,6.975867241547477e-08,2.978048107521823e-07]",direct_vp,[],3098630.838969239,3096560,True,79495988.67291911,75.29698428930692,43.646576814472894,0.010068106321276174,"[4.987815976383414,4.990886027960311,4.968159458350782]",144.4014442488551,57.88764042407274,203.49010302871466,nan,nan,nan,nan,False,,nan,,,nan,nan,nan,,,,,,,,0.0002216996488286611,5.781179987836574e-07,0.016636676777621463,nan,nan,nan,False,not_run,not_requested
fig1,PEB,52,2910844986,10.0,snr_db,10.0,3,3,3,3,full_6d,2910844986,,,nan,,False,,5.352614231407642,nan,nan,nan,nan,nan,nan,False,,,peb_only,False,ed1c54865e483246,,,,,,,adaptive_jones,True,fixed_anchor_then_adaptive_jones_score_selection,,nan,nan,nan,nan,True,,,nan,nan,,,,,[],nan,,,nan,nan,nan,nan,,nan,nan,nan,0.00011624060580244765,nan,nan,0.00011624060580244765,False,9e98686db4702520cd73f5ec75cd23f453189f0d5a51de87101750eedce217fa,0.016625644262443676,computed_unscaled,cpu,nan,nan,nan,,,,,,,,nan,nan,nan,nan,nan,nan,False,,
fig1,adaptive_jones_vp_proposed,53,3576518520,10.0,snr_db,10.0,3,3,3,3,full_6d,3576518520,,,nan,,False,,69.3416355997324,7.805543786964764e-05,7.805543786964764e-05,1.708808197953124e-07,6.368029518694225e-05,6.905525295360445e-14,0.0187515568570631,False,direct_vp,global_exact_spherical_vp,main_single_proposed,True,ea45d93ab332a8f0,adaptive_jones,cupy,True,0,cupy,cupy.linalg.solve,fixed_pol_anchor,True,fixed_anchor_then_adaptive_jones_score_selection,fixed_pol_anchor,0.10407009733346487,16.301216162132484,6.502395644603568,0.0,True,3,4,3096725.458075429,3096860.5380361876,"[16.301216162132484,0.10407009733346487,3.1019006743447544]","[0.06134511621940736,9.608908088128933,0.32238298546040267]","[1.044214080647202e-08,3.7088068081430395e-08,3.1438280338281494e-07]",direct_vp,"[""poor_clock_consistency""]",3093495.7680777567,3096560,True,36422168.47887272,166.85731063557333,16.013874867000066,0.11515587756354113,"[4.745478958767364,5.002305503210106,4.974907265367938]",140.82121428847313,62.535846680402756,204.5105501115322,nan,nan,nan,nan,False,,nan,,,nan,nan,nan,,,,,,,,7.805543786964764e-05,1.708808197953124e-07,0.0187515568570631,nan,nan,nan,False,not_run,not_requested
fig1,PEB,53,3576518520,10.0,snr_db,10.0,3,3,3,3,full_6d,3576518520,,,nan,,False,,4.733038015663624,nan,nan,nan,nan,nan,nan,False,,,peb_only,False,0b4c0b55db0904c5,,,,,,,adaptive_jones,True,fixed_anchor_then_adaptive_jones_score_selection,,nan,nan,nan,nan,True,,,nan,nan,,,,,[],nan,,,nan,nan,nan,nan,,nan,nan,nan,0.0001687316383805,nan,nan,0.0001687316383805,False,e200269e04ccf0a54521e583b609be7b0a3b6bdaccfd671ee9c073b4737a05cd,0.018770228013694025,computed_unscaled,cpu,nan,nan,nan,,,,,,,,nan,nan,nan,nan,nan,nan,False,,
fig1,adaptive_jones_vp_proposed,55,3199904066,10.0,snr_db,10.0,3,3,3,3,full_6d,3199904066,,,nan,,False,,63.78783705830574,5.015563187667248e-05,5.015563187667248e-05,3.477991513911147e-07,4.439481819428026e-05,1.9529356510386345e-13,0.039241461426108494,False,direct_vp,global_exact_spherical_vp,main_single_proposed,True,72ea7ab4ccc25e49,adaptive_jones,cupy,True,0,cupy,cupy.linalg.solve,fixed_pol_anchor,True,fixed_anchor_then_adaptive_jones_score_selection,fixed_pol_anchor,0.2076633729252948,0.3930739692585515,0.32446025543035684,0.0,True,3,4,3096725.458075429,3097194.31100417,"[0.3930739692585515,0.3726434241072243,0.2076633729252948]","[2.5440504286912953,2.6835305155200797,4.815485686826122]","[4.398441727238945e-07,1.4707014939041614e-07,1.4835327377144028e-07]",direct_vp,[],3094481.90547759,3096560,True,85498106.00785041,66.28624607137289,81.33005144920007,0.005794551422003791,"[4.999214698981709,5.003075007189903,4.9893161070312395]",140.37434862554073,57.320679254829884,198.83583384752274,nan,nan,nan,nan,False,,nan,,,nan,nan,nan,,,,,,,,5.015563187667248e-05,3.477991513911147e-07,0.039241461426108494,nan,nan,nan,False,not_run,not_requested
fig1,PEB,55,3199904066,10.0,snr_db,10.0,3,3,3,3,full_6d,3199904066,,,nan,,False,,5.406482823193073,nan,nan,nan,nan,nan,nan,False,,,peb_only,False,342b0c86c369fe15,,,,,,,adaptive_jones,True,fixed_anchor_then_adaptive_jones_score_selection,,nan,nan,nan,nan,True,,,nan,nan,,,,,[],nan,,,nan,nan,nan,nan,,nan,nan,nan,0.00010862244274421898,nan,nan,0.00010862244274421898,False,ff385e78e5554a838decb9742089f6308b997df2029ddf9a6dfeb38655607425,0.03926801686638375,computed_unscaled,cpu,nan,nan,nan,,,,,,,,nan,nan,nan,nan,nan,nan,False,,
fig1,adaptive_jones_vp_proposed,16,1080178429,10.0,snr_db,10.0,3,3,3,3,full_6d,1080178429,,,nan,,False,,636.6194527819753,2.6831713469700665e-05,2.6831713469700665e-05,1.8706028878264579e-07,2.2364942572148613e-05,3.1509368333744316e-13,0.0480928894977384,False,direct_vp_rollback,global_exact_spherical_vp,main_single_proposed,True,9d0783ea380aef11,adaptive_jones,cupy,True,0,cupy,cupy.linalg.solve,fixed_pol_anchor,True,fixed_anchor_then_adaptive_jones_score_selection,fixed_pol_anchor,0.15798624704641964,19.882423631323896,6.773176747868161,0.0,True,3,4,3096725.458075429,3111894.8816297986,"[0.27912036523416595,19.882423631323896,0.15798624704641964]","[3.5826837613972677,0.050295679164820785,6.32966488346306]","[1.9538560201967643e-07,1.0065901126335454e-08,2.8110482322493914e-08]",jnpp_then_vp,[],3100975.130049958,3096560,False,85943358.3284962,87.5370186345722,22.164751207936053,0.06163268496438697,"[5.012216689396223,5.1124268371364625,4.964535823228694]",147.39352716505527,522.3452259078622,671.088742479682,nan,nan,nan,nan,False,,nan,,,nan,nan,nan,,,,,,,,2.6831713469700665e-05,1.8706028878264579e-07,0.0480928894977384,2.6831784618217187e-05,1.870606057189047e-07,0.048092889497738475,True,rollback,existing_selector_rollback
fig1,PEB,16,1080178429,10.0,snr_db,10.0,3,3,3,3,full_6d,1080178429,,,nan,,False,,5.082884103059769,nan,nan,nan,nan,nan,nan,False,,,peb_only,False,8352a9274b89c6ad,,,,,,,adaptive_jones,True,fixed_anchor_then_adaptive_jones_score_selection,,nan,nan,nan,nan,True,,,nan,nan,,,,,[],nan,,,nan,nan,nan,nan,,nan,nan,nan,0.0001049215008865352,nan,nan,0.0001049215008865352,False,2793ff1fce7242989610050dae2e9fefacb8b15f6d60bfd2b55605797f0e0ce8,0.04802466357959781,computed_unscaled,cpu,nan,nan,nan,,,,,,,,nan,nan,nan,nan,nan,nan,False,,
fig1,adaptive_jones_vp_proposed,57,476784074,10.0,snr_db,10.0,3,3,3,3,full_6d,476784074,,,nan,,False,,69.89468723535538,5.4563782207096674e-05,5.4563782207096674e-05,5.420681602561831e-07,1.6587112209514205e-05,1.2365315721623897e-14,0.017667710725136117,False,direct_vp,global_exact_spherical_vp,main_single_proposed,True,d271ca2dab9a0540,adaptive_jones,cupy,True,0,cupy,cupy.linalg.solve,fixed_pol_anchor,True,fixed_anchor_then_adaptive_jones_score_selection,fixed_pol_anchor,0.221453296480418,0.40536917297144587,0.3215792560474199,0.0,True,3,4,3096725.458075429,3096864.942897477,"[0.3379152986903957,0.40536917297144587,0.221453296480418]","[2.9593214745683376,2.466887140601672,4.515624810706774]","[7.385753758455819e-07,2.9994923420186135e-08,1.3433929773813242e-07]",direct_vp,[],3100071.808680448,3096560,True,85227888.8844934,61.82077941643179,55.44783517002844,0.011910114103760989,"[4.997248299168045,4.990880940783239,5.0187206788910546]",150.86714586615562,64.03852891176939,216.1821070164442,nan,nan,nan,nan,False,,nan,,,nan,nan,nan,,,,,,,,5.4563782207096674e-05,5.420681602561831e-07,0.017667710725136117,nan,nan,nan,False,not_run,not_requested
fig1,PEB,57,476784074,10.0,snr_db,10.0,3,3,3,3,full_6d,476784074,,,nan,,False,,4.708350703120232,nan,nan,nan,nan,nan,nan,False,,,peb_only,False,d3f1021ed926e4f3,,,,,,,adaptive_jones,True,fixed_anchor_then_adaptive_jones_score_selection,,nan,nan,nan,nan,True,,,nan,nan,,,,,[],nan,,,nan,nan,nan,nan,,nan,nan,nan,0.00010949932382749351,nan,nan,0.00010949932382749351,False,0678217d596e534740a4e9789e3054b9b6004d88d7430db9577064550d35976f,0.017647787658727255,computed_unscaled,cpu,nan,nan,nan,,,,,,,,nan,nan,nan,nan,nan,nan,False,,
fig1,adaptive_jones_vp_proposed,58,1249403404,10.0,snr_db,10.0,3,3,3,3,full_6d,1249403404,,,nan,,False,,66.69719544798136,9.450492645189113e-05,9.450492645189113e-05,4.731413522993514e-07,1.9678469910927204e-06,5.983227209599207e-13,0.0678927439779951,False,direct_vp,global_exact_spherical_vp,main_single_proposed,True,0379cca8f37184a9,adaptive_jones,cupy,True,0,cupy,cupy.linalg.solve,fixed_pol_anchor,True,fixed_anchor_then_adaptive_jones_score_selection,fixed_pol_anchor,0.19561618580229606,1.7747126390291406,0.7341126895716732,0.0,True,3,4,3096725.458075429,3097169.9670597054,"[0.19561618580229606,0.23200924388358313,1.7747126390291406]","[5.1120514179254934,4.310173091644335,0.5634715040657382]","[4.280034837776127e-07,3.486083040583347e-08,2.3978148814704316e-07]",direct_vp,[],3097920.88522025,3096560,True,44037032.14844522,95.36776077790631,43.53769098597738,0.06692254782860942,"[5.000626704132437,4.974995477957159,5.1280291480809375]",148.6435591056943,60.61443558335304,210.42413797974586,nan,nan,nan,nan,False,,nan,,,nan,nan,nan,,,,,,,,9.450492645189113e-05,4.731413522993514e-07,0.0678927439779951,nan,nan,nan,False,not_run,not_requested
fig1,PEB,58,1249403404,10.0,snr_db,10.0,3,3,3,3,full_6d,1249403404,,,nan,,False,,4.892562188208103,nan,nan,nan,nan,nan,nan,False,,,peb_only,False,fd5bfbe8825aad6f,,,,,,,adaptive_jones,True,fixed_anchor_then_adaptive_jones_score_selection,,nan,nan,nan,nan,True,,,nan,nan,,,,,[],nan,,,nan,nan,nan,nan,,nan,nan,nan,0.00015257911518762763,nan,nan,0.00015257911518762763,False,282ef6b6a0b0bdc03992830ab54a887d3acbc9d2eab301295ecf986d4506a68e,0.06786327003359133,computed_unscaled,cpu,nan,nan,nan,,,,,,,,nan,nan,nan,nan,nan,nan,False,,
fig1,adaptive_jones_vp_proposed,59,1187262716,10.0,snr_db,10.0,3,3,3,3,full_6d,1187262716,,,nan,,False,,62.0693322122097,8.2995567511632e-05,8.2995567511632e-05,4.795116614933097e-07,7.062168701232646e-05,2.1912009218227878e-13,0.024935707387006168,False,direct_vp,global_exact_spherical_vp,main_single_proposed,True,ab3aa6b4298a6ba4,adaptive_jones,cupy,True,0,cupy,cupy.linalg.solve,fixed_pol_anchor,True,fixed_anchor_then_adaptive_jones_score_selection,fixed_pol_anchor,0.16289492488564492,2.863571547130361,1.1019459557235434,0.0,True,3,4,3096725.458075429,3101952.07576709,"[0.16289492488564492,2.863571547130361,0.27937139515462406]","[6.138926677438567,0.34921425343789836,3.579464531242539]","[2.9437277820479957e-07,6.116956681398679e-08,2.6092530614199275e-07]",direct_vp,[],3097887.2064289707,3096560,True,76664559.3814368,73.77477464611026,51.55810218152319,0.017950795152022074,"[5.023767379982822,4.986582382031218,4.984852561868725]",148.4556938558817,55.94664058089256,205.60648353397846,nan,nan,nan,nan,False,,nan,,,nan,nan,nan,,,,,,,,8.2995567511632e-05,4.795116614933097e-07,0.024935707387006168,nan,nan,nan,False,not_run,not_requested
fig1,PEB,59,1187262716,10.0,snr_db,10.0,3,3,3,3,full_6d,1187262716,,,nan,,False,,4.640699312090874,nan,nan,nan,nan,nan,nan,False,,,peb_only,False,b939d08e780ef76b,,,,,,,adaptive_jones,True,fixed_anchor_then_adaptive_jones_score_selection,,nan,nan,nan,nan,True,,,nan,nan,,,,,[],nan,,,nan,nan,nan,nan,,nan,nan,nan,0.00011902208972583581,nan,nan,0.00011902208972583581,False,ba85b3dc69f0d5910f5e051466d13a9fa16bdfb1c72eaceaa138a692faa0065e,0.02492515314223931,computed_unscaled,cpu,nan,nan,nan,,,,,,,,nan,nan,nan,nan,nan,nan,False,,
fig1,adaptive_jones_vp_proposed,60,1839575832,10.0,snr_db,10.0,3,3,3,3,full_6d,1839575832,,,nan,,False,,66.67380104213953,0.00018518945014605549,0.00018518945014605549,3.7554547935156977e-07,8.435073346642053e-06,7.676035750892454e-14,0.05609026970589975,False,direct_vp,global_exact_spherical_vp,main_single_proposed,True,9f18ecc75a4f8d27,adaptive_jones,cupy,True,0,cupy,cupy.linalg.solve,fixed_pol_anchor,True,fixed_anchor_then_adaptive_jones_score_selection,fixed_pol_anchor,0.12345620299704677,1.6965251664372123,0.8665357275899543,0.0,True,3,4,3096725.458075429,3104112.9570115106,"[0.7796258133356039,0.12345620299704677,1.6965251664372123]","[1.2826666112051275,8.10003852154596,0.5894401213619209]","[1.1323481629403332e-06,1.216108507675411e-09,8.763325806132795e-08]",direct_vp,[],3095668.062245784,3096560,True,57000265.38400859,93.74587879145128,41.17169094726662,0.01636069725320831,"[5.041125978185211,5.001294020335044,5.025029320681145]",144.23189923912287,60.01421704888344,205.40520779788494,nan,nan,nan,nan,False,,nan,,,nan,nan,nan,,,,,,,,0.00018518945014605549,3.7554547935156977e-07,0.05609026970589975,nan,nan,nan,False,not_run,not_requested
fig1,PEB,60,1839575832,10.0,snr_db,10.0,3,3,3,3,full_6d,1839575832,,,nan,,False,,5.238563023507595,nan,nan,nan,nan,nan,nan,False,,,peb_only,False,3e2320fed81b836f,,,,,,,adaptive_jones,True,fixed_anchor_then_adaptive_jones_score_selection,,nan,nan,nan,nan,True,,,nan,nan,,,,,[],nan,,,nan,nan,nan,nan,,nan,nan,nan,0.00013668471377324787,nan,nan,0.00013668471377324787,False,42d79a12e13d52ea36763a6478c0ea4b122194dbd7e070b6eef8b19740c115ec,0.05610672058903261,computed_unscaled,cpu,nan,nan,nan,,,,,,,,nan,nan,nan,nan,nan,nan,False,,
fig1,adaptive_jones_vp_proposed,61,3445288900,10.0,snr_db,10.0,3,3,3,3,full_6d,3445288900,,,nan,,False,,62.26486644893885,0.00011666457976016738,0.00011666457976016738,5.156368278207344e-07,4.7980009432275176e-05,3.716696159959931e-13,0.05671064612875925,False,direct_vp,global_exact_spherical_vp,main_single_proposed,True,8225f7a6a05999ef,adaptive_jones,cupy,True,0,cupy,cupy.linalg.solve,fixed_pol_anchor,True,fixed_anchor_then_adaptive_jones_score_selection,fixed_pol_anchor,0.11759129671963023,1.5307680055760577,0.940957149877252,0.0,True,3,4,3096725.458075429,3098448.896212082,"[1.1745121473360682,0.11759129671963023,1.5307680055760577]","[0.8514173329470821,8.504030722479024,0.6532668545173504]","[7.832803536954066e-08,7.831194570196578e-08,7.205781196932277e-07]",direct_vp,[],3096024.2638901733,3096560,True,56389401.482966654,109.25259712879586,42.41888779003003,0.02455886050054746,"[4.943319899187888,5.000230036150306,4.954891645600465]",138.34843455255032,55.428594678640366,194.93373845517635,nan,nan,nan,nan,False,,nan,,,nan,nan,nan,,,,,,,,0.00011666457976016738,5.156368278207344e-07,0.05671064612875925,nan,nan,nan,False,not_run,not_requested
fig1,PEB,61,3445288900,10.0,snr_db,10.0,3,3,3,3,full_6d,3445288900,,,nan,,False,,5.040782772004604,nan,nan,nan,nan,nan,nan,False,,,peb_only,False,e4628e9a8dc23fe0,,,,,,,adaptive_jones,True,fixed_anchor_then_adaptive_jones_score_selection,,nan,nan,nan,nan,True,,,nan,nan,,,,,[],nan,,,nan,nan,nan,nan,,nan,nan,nan,0.0001390714283370573,nan,nan,0.0001390714283370573,False,ce2b3681cf373b19e71cb19b884bc3b16d08555336684f81783906b12368ba1d,0.0567207524162473,computed_unscaled,cpu,nan,nan,nan,,,,,,,,nan,nan,nan,nan,nan,nan,False,,
fig1,adaptive_jones_vp_proposed,29,1456316145,10.0,snr_db,10.0,3,3,3,3,full_6d,1456316145,,,nan,,False,,535.1703659892082,5.418797024817918e-05,5.418797024817918e-05,4.6069479430892224e-07,7.81949428249062e-06,4.76386787866654e-13,0.058570335735266814,False,direct_vp,global_exact_spherical_vp,main_single_proposed,True,847f58df85f2b4dd,adaptive_jones,cupy,True,0,cupy,cupy.linalg.solve,fixed_pol_anchor,True,fixed_anchor_then_adaptive_jones_score_selection,fixed_pol_anchor,0.23237482554462502,0.707585088803802,0.3910474222586229,0.0,True,3,4,3096725.458075429,3166647.1151244403,"[0.707585088803802,0.23237482554462502,0.2331823524274416]","[1.413257593782577,4.303392149541296,4.288489199931769]","[6.354805426994372e-07,6.349048594976996e-08,5.1808494623119955e-08]",direct_vp,[],3096312.876385201,3096560,True,86974473.8545928,77.38995609511481,58.49456592673293,0.041073278212040855,"[4.9388924944654296,4.981810965109741,5.039155711172041]",127.81236457079649,529.5011231675744,658.4415112733841,nan,nan,nan,nan,False,,nan,,,nan,nan,nan,,,,,,,,5.418797024817918e-05,4.6069479430892224e-07,0.058570335735266814,nan,nan,nan,False,not_run,not_requested
fig1,PEB,29,1456316145,10.0,snr_db,10.0,3,3,3,3,full_6d,1456316145,,,nan,,False,,4.294712945818901,nan,nan,nan,nan,nan,nan,False,,,peb_only,False,67b403a160e2a80d,,,,,,,adaptive_jones,True,fixed_anchor_then_adaptive_jones_score_selection,,nan,nan,nan,nan,True,,,nan,nan,,,,,[],nan,,,nan,nan,nan,nan,,nan,nan,nan,0.000107917732895236,nan,nan,0.000107917732895236,False,d8fe45eb7ae04a0170dd7feb177c545054b10b09137abe9e9f00552ed53b5825,0.05857531302247063,computed_unscaled,cpu,nan,nan,nan,,,,,,,,nan,nan,nan,nan,nan,nan,False,,
fig1,adaptive_jones_vp_proposed,63,3424526765,10.0,snr_db,10.0,3,3,3,3,full_6d,3424526765,,,nan,,False,,59.70628044754267,3.451829129006628e-05,3.451829129006628e-05,5.85545546605536e-07,2.7275242318513222e-05,3.40902569839503e-13,0.032541658164136504,False,direct_vp,global_exact_spherical_vp,main_single_proposed,True,03108ef5020ae963,adaptive_jones,cupy,True,0,cupy,cupy.linalg.solve,fixed_pol_anchor,True,fixed_anchor_then_adaptive_jones_score_selection,fixed_pol_anchor,0.18568315267837832,0.823914575317974,0.4349536607930604,0.0,True,3,4,3096725.458075429,3106905.191810507,"[0.823914575317974,0.18568315267837832,0.2952632543828289]","[1.2137180600467534,5.385518209785643,3.386808162397129]","[1.5839100221235397e-06,1.0347405938643258e-09,7.294224217607299e-07]",direct_vp,[],3097440.67557133,3096560,True,74737285.65528844,71.75755160897256,49.14521471284527,0.01199754537278971,"[5.001736088835313,5.0152724754322175,5.031094315462625]",130.9746208935976,53.77351230382919,185.93853422999382,nan,nan,nan,nan,False,,nan,,,nan,nan,nan,,,,,,,,3.451829129006628e-05,5.85545546605536e-07,0.032541658164136504,nan,nan,nan,False,not_run,not_requested
fig1,PEB,63,3424526765,10.0,snr_db,10.0,3,3,3,3,full_6d,3424526765,,,nan,,False,,5.404114298522472,nan,nan,nan,nan,nan,nan,False,,,peb_only,False,2b2bcb680c9db603,,,,,,,adaptive_jones,True,fixed_anchor_then_adaptive_jones_score_selection,,nan,nan,nan,nan,True,,,nan,nan,,,,,[],nan,,,nan,nan,nan,nan,,nan,nan,nan,0.00011907643546135671,nan,nan,0.00011907643546135671,False,258f950ff6512034899ff541f16fbb81fb7ab692c62ede128038d4532b76f1bb,0.032532573897539566,computed_unscaled,cpu,nan,nan,nan,,,,,,,,nan,nan,nan,nan,nan,nan,False,,
fig1,adaptive_jones_vp_proposed,62,1815661330,10.0,snr_db,10.0,3,3,3,3,full_6d,1815661330,,,nan,,False,,66.13418637216091,0.00012874238519478917,0.00012874238519478917,5.070594564172965e-07,2.6695286068386367e-05,4.4708035927360454e-13,0.056616054080285826,False,direct_vp,global_exact_spherical_vp,main_single_proposed,True,1b76d66c37275365,adaptive_jones,cupy,True,0,cupy,cupy.linalg.solve,fixed_pol_anchor,True,fixed_anchor_then_adaptive_jones_score_selection,fixed_pol_anchor,0.10831478738648184,4.462859501472091,2.148866462688653,0.0,True,3,4,3096725.458075429,3210860.4125769096,"[0.10831478738648184,1.8754250992073853,4.462859501472091]","[9.232349747701171,0.5332124436325165,0.2240715845223636]","[9.087814754591479e-08,9.628065411920433e-08,3.2345365280348694e-07]",direct_vp,[],3097295.760714555,3096560,True,34196926.84197757,173.60588353879697,22.341700252811922,0.07781760924764271,"[5.004042894437265,4.987582185823461,4.831353137253747]",140.1644216477871,59.20131819695234,200.5099415332079,nan,nan,nan,nan,False,,nan,,,nan,nan,nan,,,,,,,,0.00012874238519478917,5.070594564172965e-07,0.056616054080285826,nan,nan,nan,False,not_run,not_requested
fig1,PEB,62,1815661330,10.0,snr_db,10.0,3,3,3,3,full_6d,1815661330,,,nan,,False,,5.487307161092758,nan,nan,nan,nan,nan,nan,False,,,peb_only,False,a2d21fc9d853803c,,,,,,,adaptive_jones,True,fixed_anchor_then_adaptive_jones_score_selection,,nan,nan,nan,nan,True,,,nan,nan,,,,,[],nan,,,nan,nan,nan,nan,,nan,nan,nan,0.0001800085357985258,nan,nan,0.0001800085357985258,False,97d98efc9e77b8da847d52d27748aedf3c40844281671ccf00f295af09763222,0.05660289743827024,computed_unscaled,cpu,nan,nan,nan,,,,,,,,nan,nan,nan,nan,nan,nan,False,,
fig1,adaptive_jones_vp_proposed,65,2236466502,10.0,snr_db,10.0,3,3,3,3,full_6d,2236466502,,,nan,,False,,64.44487950205803,6.288383063803817e-05,6.288383063803817e-05,5.170403541841695e-07,3.829902680909277e-05,6.799227820162815e-13,0.010593867927247846,False,direct_vp,global_exact_spherical_vp,main_single_proposed,True,73499777ee4156b1,adaptive_jones,cupy,True,0,cupy,cupy.linalg.solve,fixed_pol_anchor,True,fixed_anchor_then_adaptive_jones_score_selection,fixed_pol_anchor,0.22377583818731556,0.6150236423762779,0.3650574971325637,0.0,True,3,4,3096725.458075429,3098151.6639688686,"[0.2563730108340974,0.6150236423762779,0.22377583818731556]","[3.900566587513604,1.6259537538031332,4.46875770011733]","[2.3715839504422117e-07,3.5955613539350565e-07,2.666267999137355e-07]",direct_vp,[],3100303.2726018084,3096560,True,88050111.44040857,69.95822980441663,56.86875647094319,0.018764123770039862,"[5.020778522495805,5.009925361105375,4.976672849260392]",153.39682878553867,57.84323003143072,212.4530290067196,nan,nan,nan,nan,False,,nan,,,nan,nan,nan,,,,,,,,6.288383063803817e-05,5.170403541841695e-07,0.010593867927247846,nan,nan,nan,False,not_run,not_requested
fig1,PEB,65,2236466502,10.0,snr_db,10.0,3,3,3,3,full_6d,2236466502,,,nan,,False,,5.058292619884014,nan,nan,nan,nan,nan,nan,False,,,peb_only,False,e99ffd1b39c97c39,,,,,,,adaptive_jones,True,fixed_anchor_then_adaptive_jones_score_selection,,nan,nan,nan,nan,True,,,nan,nan,,,,,[],nan,,,nan,nan,nan,nan,,nan,nan,nan,0.00010744984598680987,nan,nan,0.00010744984598680987,False,8713a1af4c8a44df0d773df8c1e647ae5757abeba9d4009ab7b9d7ee65d54a43,0.01058113167850039,computed_unscaled,cpu,nan,nan,nan,,,,,,,,nan,nan,nan,nan,nan,nan,False,,
fig1,adaptive_jones_vp_proposed,66,437355907,10.0,snr_db,10.0,3,3,3,3,full_6d,437355907,,,nan,,False,,61.797307536005974,0.000175848214916097,0.000175848214916097,8.103484781349962e-07,3.710708706405778e-05,4.661155866280381e-14,0.0580997276372873,False,direct_vp,global_exact_spherical_vp,main_single_proposed,True,acce2a55f0425b2c,adaptive_jones,cupy,True,0,cupy,cupy.linalg.solve,fixed_pol_anchor,True,fixed_anchor_then_adaptive_jones_score_selection,fixed_pol_anchor,0.20241166867562105,0.7709446549969338,0.4129273153476964,0.0,True,3,4,3096725.458075429,3097176.2006182154,"[0.2654256223705343,0.7709446549969338,0.20241166867562105]","[3.767533786183363,1.2971099721849764,4.9404266391497815]","[1.3278351419984654e-07,4.2390702413509934e-08,3.460317307382127e-07]",direct_vp,[],3097743.033769951,3096560,True,83512820.26464194,77.87702819861983,74.34432190483756,0.00959135558368953,"[5.021800899572418,5.001871234018431,5.0010620340371155]",147.81063041090965,57.095872677862644,206.16844952106476,nan,nan,nan,nan,False,,nan,,,nan,nan,nan,,,,,,,,0.000175848214916097,8.103484781349962e-07,0.0580997276372873,nan,nan,nan,False,not_run,not_requested
fig1,PEB,66,437355907,10.0,snr_db,10.0,3,3,3,3,full_6d,437355907,,,nan,,False,,5.128992758691311,nan,nan,nan,nan,nan,nan,False,,,peb_only,False,414a12510376b9b0,,,,,,,adaptive_jones,True,fixed_anchor_then_adaptive_jones_score_selection,,nan,nan,nan,nan,True,,,nan,nan,,,,,[],nan,,,nan,nan,nan,nan,,nan,nan,nan,0.0001121935353692259,nan,nan,0.0001121935353692259,False,34c19cd95e99da79457cbf3518f1232a26ad19f1e8691866bda8c30a1c520f1f,0.05807783933233801,computed_unscaled,cpu,nan,nan,nan,,,,,,,,nan,nan,nan,nan,nan,nan,False,,
fig1,adaptive_jones_vp_proposed,67,804537149,10.0,snr_db,10.0,3,3,3,3,full_6d,804537149,,,nan,,False,,63.62578587979078,0.00025414443129393057,0.00025414443129393057,7.858615133102719e-07,9.321924323772612e-06,6.938010905989637e-13,0.04543931315002957,False,direct_vp,global_exact_spherical_vp,main_single_proposed,True,874d150d6d04b9a8,adaptive_jones,cupy,True,0,cupy,cupy.linalg.solve,fixed_pol_anchor,True,fixed_anchor_then_adaptive_jones_score_selection,fixed_pol_anchor,0.28970272124967694,0.3139677424404779,0.3007237802912018,0.0,True,3,4,3096725.458075429,3097727.5787607995,"[0.28970272124967694,0.29850087718345053,0.3139677424404779]","[3.451814313949339,3.3500739074382304,3.1850405784577256]","[1.7933855465546441e-07,4.6075563809734233e-08,1.697268303445406e-07]",direct_vp,[],3092776.914012947,3096560,True,81383508.03289704,70.25299443155352,45.50727760105809,0.024393508542680287,"[5.027338302037081,5.035797205441341,4.9803424681812345]",146.27879467606544,56.81480947881937,204.24522964656353,nan,nan,nan,nan,False,,nan,,,nan,nan,nan,,,,,,,,0.00025414443129393057,7.858615133102719e-07,0.04543931315002957,nan,nan,nan,False,not_run,not_requested
fig1,PEB,67,804537149,10.0,snr_db,10.0,3,3,3,3,full_6d,804537149,,,nan,,False,,5.183869913220406,nan,nan,nan,nan,nan,nan,False,,,peb_only,False,f54d7239d859bdd4,,,,,,,adaptive_jones,True,fixed_anchor_then_adaptive_jones_score_selection,,nan,nan,nan,nan,True,,,nan,nan,,,,,[],nan,,,nan,nan,nan,nan,,nan,nan,nan,0.00011200162436660195,nan,nan,0.00011200162436660195,False,b26904abe3f7d46852807fc0a30cd211634c6c8e972ac0e965050f20e27517f2,0.04549512960968673,computed_unscaled,cpu,nan,nan,nan,,,,,,,,nan,nan,nan,nan,nan,nan,False,,
fig1,adaptive_jones_vp_proposed,68,217409269,10.0,snr_db,10.0,3,3,3,3,full_6d,217409269,,,nan,,False,,64.41519422084093,5.1071316290691195e-05,5.1071316290691195e-05,9.318813083909526e-07,2.198405190864096e-05,5.6490894949820233e-14,0.018288918826221648,False,direct_vp,global_exact_spherical_vp,main_single_proposed,True,7edb81c3bee85595,adaptive_jones,cupy,True,0,cupy,cupy.linalg.solve,fixed_pol_anchor,True,fixed_anchor_then_adaptive_jones_score_selection,fixed_pol_anchor,0.2068442254918633,1.0212673502697558,0.4889772612276328,0.0,True,3,4,3096725.458075429,3097705.726914517,"[0.2068442254918633,0.23882020792127912,1.0212673502697558]","[4.834556041493798,4.187250353325985,0.9791755310055105]","[6.787405202331273e-07,1.840383211437991e-09,3.84728303275875e-07]",direct_vp,[],3099211.8546951795,3096560,True,51015974.315989695,95.12312103535633,54.33213356322013,0.020345911806819432,"[4.988187706876008,5.01312011542398,4.963283015714821]",151.68965793401003,58.22247393429279,211.1483160033822,nan,nan,nan,nan,False,,nan,,,nan,nan,nan,,,,,,,,5.1071316290691195e-05,9.318813083909526e-07,0.018288918826221648,nan,nan,nan,False,not_run,not_requested
fig1,PEB,68,217409269,10.0,snr_db,10.0,3,3,3,3,full_6d,217409269,,,nan,,False,,4.321576356887817,nan,nan,nan,nan,nan,nan,False,,,peb_only,False,23bbbc360a3dee02,,,,,,,adaptive_jones,True,fixed_anchor_then_adaptive_jones_score_selection,,nan,nan,nan,nan,True,,,nan,nan,,,,,[],nan,,,nan,nan,nan,nan,,nan,nan,nan,0.00014192563253487072,nan,nan,0.00014192563253487072,False,0b182e454a04b5041a3aee67b1d617d5e470ee5322dc8a1561fe76d42cd56704,0.01827336424821343,computed_unscaled,cpu,nan,nan,nan,,,,,,,,nan,nan,nan,nan,nan,nan,False,,
fig1,adaptive_jones_vp_proposed,70,1909013635,10.0,snr_db,10.0,3,3,3,3,full_6d,1909013635,,,nan,,False,,51.727909080684185,0.00016638108161040626,0.00016638108161040626,5.0767247340555e-07,5.08128754052812e-05,2.4264489993932184e-13,0.02113024487618992,False,direct_vp,global_exact_spherical_vp,main_single_proposed,True,30b331fd5f84ec5c,adaptive_jones,cupy,True,0,cupy,cupy.linalg.solve,fixed_pol_anchor,True,fixed_anchor_then_adaptive_jones_score_selection,fixed_pol_anchor,0.11675854598323727,1.5168600710143876,0.9783740538293807,0.0,True,3,4,3096725.458075429,3189452.64559036,"[0.11675854598323727,1.5168600710143876,1.3015035444905174]","[8.564683566232922,0.6592565913675488,0.7683421257144216]","[3.7983606601116985e-09,1.5557843439664428e-07,1.118979798254431e-06]",direct_vp,[],3096748.0746971457,3096560,True,47999991.09979327,130.51662305155602,38.861247191872934,0.03628833026198073,"[5.001564711452702,4.929175311183093,4.920697601982084]",151.2436798363924,45.68342764675617,198.18234903365374,nan,nan,nan,nan,False,,nan,,,nan,nan,nan,,,,,,,,0.00016638108161040626,5.0767247340555e-07,0.02113024487618992,nan,nan,nan,False,not_run,not_requested
fig1,PEB,70,1909013635,10.0,snr_db,10.0,3,3,3,3,full_6d,1909013635,,,nan,,False,,4.730579540133476,nan,nan,nan,nan,nan,nan,False,,,peb_only,False,6eae2b5a5e0d6602,,,,,,,adaptive_jones,True,fixed_anchor_then_adaptive_jones_score_selection,,nan,nan,nan,nan,True,,,nan,nan,,,,,[],nan,,,nan,nan,nan,nan,,nan,nan,nan,0.0001502443297066292,nan,nan,0.0001502443297066292,False,7231f7a6a5fbe3cc9ff17e3c4c7cf441e267b4bae6d7354446f2924a30ccbc7b,0.021129070747587922,computed_unscaled,cpu,nan,nan,nan,,,,,,,,nan,nan,nan,nan,nan,nan,False,,
fig1,adaptive_jones_vp_proposed,69,1134195269,10.0,snr_db,10.0,3,3,3,3,full_6d,1134195269,,,nan,,False,,61.40817726403475,0.00015705473032072767,0.00015705473032072767,3.6768694767880783e-07,2.0240497240419344e-05,1.0986638775453195e-13,0.06785533865363254,False,direct_vp,global_exact_spherical_vp,main_single_proposed,True,ea520dc8daa33dd8,adaptive_jones,cupy,True,0,cupy,cupy.linalg.solve,fixed_pol_anchor,True,fixed_anchor_then_adaptive_jones_score_selection,fixed_pol_anchor,0.16040373933544927,7.141266691927554,2.525243759576115,0.0,True,3,4,3096725.458075429,3109559.3348135683,"[7.141266691927554,0.2740608474653422,0.16040373933544927]","[0.14003117977980753,3.6488247381858736,6.234268628292753]","[3.428875551586811e-07,1.7507111749591e-07,6.576329602798979e-08]",direct_vp,[],3097617.334239178,3096560,True,82641982.10407789,85.68116632226608,30.87713389528824,0.05344670453290545,"[5.092665086088303,4.996026305691751,4.96785918984468]",156.38380385190248,55.490225717425346,213.00077832490206,nan,nan,nan,nan,False,,nan,,,nan,nan,nan,,,,,,,,0.00015705473032072767,3.6768694767880783e-07,0.06785533865363254,nan,nan,nan,False,not_run,not_requested
fig1,PEB,69,1134195269,10.0,snr_db,10.0,3,3,3,3,full_6d,1134195269,,,nan,,False,,4.579742826521397,nan,nan,nan,nan,nan,nan,False,,,peb_only,False,2e002dc1a508eeb4,,,,,,,adaptive_jones,True,fixed_anchor_then_adaptive_jones_score_selection,,nan,nan,nan,nan,True,,,nan,nan,,,,,[],nan,,,nan,nan,nan,nan,,nan,nan,nan,0.0001050649559177789,nan,nan,0.0001050649559177789,False,3c4e17d6858814038ebdb81b7444e4cbebd5be1a61e4510cac6392db534f501a,0.06783252754437447,computed_unscaled,cpu,nan,nan,nan,,,,,,,,nan,nan,nan,nan,nan,nan,False,,
fig1,adaptive_jones_vp_proposed,31,3399679668,10.0,snr_db,10.0,3,3,3,3,full_6d,3399679668,,,nan,,False,,678.1327045485377,0.00012145132679247599,0.00012145132679247599,3.31047787584056e-07,3.374162659515193e-05,1.0885233254589641e-13,0.04027999987173796,False,direct_vp_rollback,global_exact_spherical_vp,main_single_proposed,True,3f216fa549f7536c,adaptive_jones,cupy,True,0,cupy,cupy.linalg.solve,fixed_pol_anchor,True,fixed_anchor_then_adaptive_jones_score_selection,fixed_pol_anchor,0.17763359003690096,0.9978474838533167,0.4908453999507252,0.0,True,3,4,3096725.458075429,3112387.7612152128,"[0.17763359003690096,0.29705512596195804,0.9978474838533167]","[5.629565893433139,3.3663785358404033,1.0021571594662675]","[2.0709819254218378e-07,1.1281231667540936e-08,5.888368750124395e-08]",jnpp_then_vp,[],3102844.3659262224,3096560,False,53522714.612011306,93.57562831367954,57.150867765389464,0.018409595262561158,"[4.995293422696146,5.022481297704011,4.9777309165774755]",129.1201063990593,564.1407552808523,694.4273286610842,nan,nan,nan,nan,False,,nan,,,nan,nan,nan,,,,,,,,0.00012145132679247599,3.31047787584056e-07,0.04027999987173796,0.00012145335584058884,3.310490158149869e-07,0.040279999871738026,True,rollback,existing_selector_rollback
fig1,PEB,31,3399679668,10.0,snr_db,10.0,3,3,3,3,full_6d,3399679668,,,nan,,False,,4.69836849719286,nan,nan,nan,nan,nan,nan,False,,,peb_only,False,8e7a4e772b9e4de6,,,,,,,adaptive_jones,True,fixed_anchor_then_adaptive_jones_score_selection,,nan,nan,nan,nan,True,,,nan,nan,,,,,[],nan,,,nan,nan,nan,nan,,nan,nan,nan,0.0001386181568063802,nan,nan,0.0001386181568063802,False,579f4d92d8c766cab7fa417a5175cd99bb36ab4a51df0f587cc9ea2e392b9def,0.040198626219395954,computed_unscaled,cpu,nan,nan,nan,,,,,,,,nan,nan,nan,nan,nan,nan,False,,
fig1,adaptive_jones_vp_proposed,73,1489186484,10.0,snr_db,10.0,3,3,3,3,full_6d,1489186484,,,nan,,False,,63.92637502402067,4.820136964839787e-05,4.820136964839787e-05,7.987891895393956e-07,1.719981383765e-05,6.24926745169752e-13,0.028249820991072573,False,direct_vp,global_exact_spherical_vp,main_single_proposed,True,7272ca1261cc9ac7,adaptive_jones,cupy,True,0,cupy,cupy.linalg.solve,fixed_pol_anchor,True,fixed_anchor_then_adaptive_jones_score_selection,fixed_pol_anchor,0.20418375468470576,0.5533194551828976,0.3525047094408251,0.0,True,3,4,3096725.458075429,3113255.7663855786,"[0.3000109184548719,0.5533194551828976,0.20418375468470576]","[3.333212021582213,1.8072742438974978,4.8975492763563135]","[1.5017317107192727e-07,1.1022409054349021e-07,1.1071881990259868e-06]",direct_vp,[],3096064.5027589267,3096560,True,89183751.8496401,68.19514319920829,65.13211678355705,0.008343361273276678,"[5.022952692730384,5.015933880008402,5.036065703431727]",141.18534304201603,57.7057152017951,200.14935516566038,nan,nan,nan,nan,False,,nan,,,nan,nan,nan,,,,,,,,4.820136964839787e-05,7.987891895393956e-07,0.028249820991072573,nan,nan,nan,False,not_run,not_requested
fig1,PEB,73,1489186484,10.0,snr_db,10.0,3,3,3,3,full_6d,1489186484,,,nan,,False,,4.8634089305996895,nan,nan,nan,nan,nan,nan,False,,,peb_only,False,e5285205fe3a2a4f,,,,,,,adaptive_jones,True,fixed_anchor_then_adaptive_jones_score_selection,,nan,nan,nan,nan,True,,,nan,nan,,,,,[],nan,,,nan,nan,nan,nan,,nan,nan,nan,0.00010680397990855674,nan,nan,0.00010680397990855674,False,d64a78118eb17c14251c66a9269a2f68d800276ea77027a48898e01b93fc8e18,0.02825448811137477,computed_unscaled,cpu,nan,nan,nan,,,,,,,,nan,nan,nan,nan,nan,nan,False,,
fig1,adaptive_jones_vp_proposed,74,2087150408,10.0,snr_db,10.0,3,3,3,3,full_6d,2087150408,,,nan,,False,,63.505230732262135,2.572442336975713e-05,2.572442336975713e-05,5.923299544998274e-07,1.2190289609804564e-05,3.230150899698498e-13,0.024086285646579948,False,direct_vp,global_exact_spherical_vp,main_single_proposed,True,ab5262450aff9695,adaptive_jones,cupy,True,0,cupy,cupy.linalg.solve,fixed_pol_anchor,True,fixed_anchor_then_adaptive_jones_score_selection,fixed_pol_anchor,0.2199145366557565,0.4106694912958828,0.32014939453831454,0.0,True,3,4,3096725.458075429,3116791.122615094,"[0.2199145366557565,0.3298641556633043,0.4106694912958828]","[4.547221003244235,3.0315509667572984,2.4350481864237157]","[1.1408953554797015e-08,1.808618625990943e-08,1.3018754676779828e-07]",direct_vp,[],3096096.860841697,3096560,True,65586504.74056576,79.40481216730157,59.300420234637045,0.013951543797672647,"[5.040956412787995,5.0093823706718,5.036492597232592]",151.79874145239592,57.73696091026068,210.6455927491188,nan,nan,nan,nan,False,,nan,,,nan,nan,nan,,,,,,,,2.572442336975713e-05,5.923299544998274e-07,0.024086285646579948,nan,nan,nan,False,not_run,not_requested
fig1,PEB,74,2087150408,10.0,snr_db,10.0,3,3,3,3,full_6d,2087150408,,,nan,,False,,4.787708021700382,nan,nan,nan,nan,nan,nan,False,,,peb_only,False,1dad4b2606e6ec50,,,,,,,adaptive_jones,True,fixed_anchor_then_adaptive_jones_score_selection,,nan,nan,nan,nan,True,,,nan,nan,,,,,[],nan,,,nan,nan,nan,nan,,nan,nan,nan,0.00012574868443533853,nan,nan,0.00012574868443533853,False,78fd75a3c1d4026a3e7d885aa302f9406531fe623bed7ee4eda6f02c54b6aa8a,0.024090013140631347,computed_unscaled,cpu,nan,nan,nan,,,,,,,,nan,nan,nan,nan,nan,nan,False,,
fig1,adaptive_jones_vp_proposed,36,3263447461,10.0,snr_db,10.0,3,3,3,3,full_6d,3263447461,,,nan,,False,,638.1891261041164,0.00012145819555162784,0.00012145819555162784,6.901878410823057e-07,7.903479066645126e-05,3.0954766741699964e-14,0.024489379087460367,False,direct_vp_rollback,global_exact_spherical_vp,main_single_proposed,True,b99d365a75a20f04,adaptive_jones,cupy,True,0,cupy,cupy.linalg.solve,fixed_pol_anchor,True,fixed_anchor_then_adaptive_jones_score_selection,fixed_pol_anchor,0.12262331201793442,30.10491231506942,10.260568387606773,0.0,True,3,4,3096725.458075429,9240954.271179866,"[0.5541695357329589,30.10491231506942,0.12262331201793442]","[1.804501935814317,0.03321717032437034,8.155056192362682]","[4.464125712397328e-06,1.0249065671256359e-06,1.829883942250568e-07]",jnpp_then_vp,[],3101086.153495555,3096560,False,77480394.68299954,90.27481542347336,27.568750741624292,0.024848061300971343,"[4.999784534623339,5.047026830372505,4.99017103497253]",137.26549469679594,517.9157663956285,656.3718094453216,nan,nan,nan,nan,False,,nan,,,nan,nan,nan,,,,,,,,0.00012145819555162784,6.901878410823057e-07,0.024489379087460367,0.00012145740268812956,6.901860374141286e-07,0.02448937908746038,True,rollback,existing_selector_rollback
fig1,PEB,36,3263447461,10.0,snr_db,10.0,3,3,3,3,full_6d,3263447461,,,nan,,False,,4.755838118493557,nan,nan,nan,nan,nan,nan,False,,,peb_only,False,ac9f55049c2fdded,,,,,,,adaptive_jones,True,fixed_anchor_then_adaptive_jones_score_selection,,nan,nan,nan,nan,True,,,nan,nan,,,,,[],nan,,,nan,nan,nan,nan,,nan,nan,nan,0.00010068566079147998,nan,nan,0.00010068566079147998,False,44da4b062737b51be35373567f8e2b8ed08b76fc869f23df282060a8ccb40d9b,0.024453762257347224,computed_unscaled,cpu,nan,nan,nan,,,,,,,,nan,nan,nan,nan,nan,nan,False,,
fig1,adaptive_jones_vp_proposed,75,3035140021,10.0,snr_db,10.0,3,3,3,3,full_6d,3035140021,,,nan,,False,,55.23746383190155,0.00010497296221762879,0.00010497296221762879,6.16502136211646e-07,2.6377758989965575e-05,5.633667651258978e-13,0.03313046088258298,False,direct_vp,global_exact_spherical_vp,main_single_proposed,True,95d3939d10693907,adaptive_jones,cupy,True,0,cupy,cupy.linalg.solve,fixed_pol_anchor,True,fixed_anchor_then_adaptive_jones_score_selection,fixed_pol_anchor,0.12161105256100121,1.8553578288772088,0.9296651759936468,0.0,True,3,4,3096725.458075429,3098033.403459952,"[0.12161105256100121,0.8120266465427304,1.8553578288772088]","[8.22293680501013,1.2314866812028513,0.5389795889687253]","[8.01609608643798e-09,1.6159970116715832e-07,1.082938286122407e-06]",direct_vp,[],3092353.6339422734,3096560,True,41925561.161578365,139.4721870495097,42.932804507415355,0.022062399501777918,"[4.987446858099645,4.976167465507472,5.027577830359479]",142.6243967935443,48.78178936988115,192.6034248098731,nan,nan,nan,nan,False,,nan,,,nan,nan,nan,,,,,,,,0.00010497296221762879,6.16502136211646e-07,0.03313046088258298,nan,nan,nan,False,not_run,not_requested
fig1,PEB,75,3035140021,10.0,snr_db,10.0,3,3,3,3,full_6d,3035140021,,,nan,,False,,4.7858913242816925,nan,nan,nan,nan,nan,nan,False,,,peb_only,False,f2a573b669a29aca,,,,,,,adaptive_jones,True,fixed_anchor_then_adaptive_jones_score_selection,,nan,nan,nan,nan,True,,,nan,nan,,,,,[],nan,,,nan,nan,nan,nan,,nan,nan,nan,0.00015899183558691914,nan,nan,0.00015899183558691914,False,2f212a9fc87faf916a5915468a1ea2df60203d744fc985d035cf071254d1c26c,0.0331756979253235,computed_unscaled,cpu,nan,nan,nan,,,,,,,,nan,nan,nan,nan,nan,nan,False,,
fig1,adaptive_jones_vp_proposed,44,2937526438,10.0,snr_db,10.0,3,3,3,3,full_6d,2937526438,,,nan,,False,,531.8048333004117,4.880121613353029e-05,4.880121613353029e-05,7.637526808553298e-07,6.8730564387736105e-06,7.521632374569854e-14,0.031678121807699966,False,direct_vp,global_exact_spherical_vp,main_single_proposed,True,f0c78ea5f70ea613,adaptive_jones,cupy,True,0,cupy,cupy.linalg.solve,fixed_pol_anchor,True,fixed_anchor_then_adaptive_jones_score_selection,fixed_pol_anchor,0.19221203225486092,0.981616809447501,0.47950396325284084,0.0,True,3,4,3096725.458075429,6143506.499474515,"[0.981616809447501,0.19221203225486092,0.26468304805616066]","[1.0187274610363124,5.20258793515003,3.7781036879534287]","[2.145982367840204e-06,1.387043046671547e-07,3.278886977728376e-07]",direct_vp,[],3098562.5661980393,3096560,True,84944009.21404311,72.66236818952844,47.07417584513094,0.016449164990956184,"[4.973203165709078,4.999498671570837,5.012789477765869]",149.93633630126715,525.8364289179444,676.9137703180313,nan,nan,nan,nan,False,,nan,,,nan,nan,nan,,,,,,,,4.880121613353029e-05,7.637526808553298e-07,0.031678121807699966,nan,nan,nan,False,not_run,not_requested
fig1,PEB,44,2937526438,10.0,snr_db,10.0,3,3,3,3,full_6d,2937526438,,,nan,,False,,4.831677511334419,nan,nan,nan,nan,nan,nan,False,,,peb_only,False,40ebd1b6f0ae77c5,,,,,,,adaptive_jones,True,fixed_anchor_then_adaptive_jones_score_selection,,nan,nan,nan,nan,True,,,nan,nan,,,,,[],nan,,,nan,nan,nan,nan,,nan,nan,nan,0.00010973705548523495,nan,nan,0.00010973705548523495,False,a69e9e58b307bf283137f27fcdcb11ba27c21f96108559d9bf8b0d1b3c2cba08,0.031657812169067184,computed_unscaled,cpu,nan,nan,nan,,,,,,,,nan,nan,nan,nan,nan,nan,False,,
fig1,adaptive_jones_vp_proposed,76,125194699,10.0,snr_db,10.0,3,3,3,3,full_6d,125194699,,,nan,,False,,64.07369758188725,4.9080992431586486e-05,4.9080992431586486e-05,4.922007602597148e-07,1.2784498009493376e-05,6.295108833832707e-14,0.016807369134807536,False,direct_vp,global_exact_spherical_vp,main_single_proposed,True,e263cb32f29c0165,adaptive_jones,cupy,True,0,cupy,cupy.linalg.solve,fixed_pol_anchor,True,fixed_anchor_then_adaptive_jones_score_selection,fixed_pol_anchor,0.12846654148216663,1.0862177715087022,0.662667690324319,0.0,True,3,4,3096725.458075429,3187705.760666672,"[0.12846654148216663,1.0862177715087022,0.7733187579820885]","[7.784127979647438,0.9206257034535199,1.2931278204199315]","[1.8988941156091308e-07,4.646439786604714e-09,1.0055121153952156e-06]",direct_vp,[],3095481.464702802,3096560,True,50857511.27583989,116.6557038334798,56.76223925223937,0.025520740281480204,"[5.005933926623048,5.028573712015715,5.067716349164277]",144.77106204628944,57.24238856881857,203.19869106262922,nan,nan,nan,nan,False,,nan,,,nan,nan,nan,,,,,,,,4.9080992431586486e-05,4.922007602597148e-07,0.016807369134807536,nan,nan,nan,False,not_run,not_requested
fig1,PEB,76,125194699,10.0,snr_db,10.0,3,3,3,3,full_6d,125194699,,,nan,,False,,5.0396580174565315,nan,nan,nan,nan,nan,nan,False,,,peb_only,False,bbea1deda696e006,,,,,,,adaptive_jones,True,fixed_anchor_then_adaptive_jones_score_selection,,nan,nan,nan,nan,True,,,nan,nan,,,,,[],nan,,,nan,nan,nan,nan,,nan,nan,nan,0.00014406859228115486,nan,nan,0.00014406859228115486,False,6b8d35b33f7212a697b02c68cfa098dd74c3e1f522985e34bcbd559db51c8fd8,0.016813312074211585,computed_unscaled,cpu,nan,nan,nan,,,,,,,,nan,nan,nan,nan,nan,nan,False,,
fig1,adaptive_jones_vp_proposed,77,4292676672,10.0,snr_db,10.0,3,3,3,3,full_6d,4292676672,,,nan,,False,,63.85774962604046,6.408940273125209e-05,6.408940273125209e-05,2.0036441346651983e-07,3.77323763727884e-06,1.2201022781033677e-13,0.08723823550189536,False,direct_vp,global_exact_spherical_vp,main_single_proposed,True,a56fcd4c965959e2,adaptive_jones,cupy,True,0,cupy,cupy.linalg.solve,fixed_pol_anchor,True,fixed_anchor_then_adaptive_jones_score_selection,fixed_pol_anchor,0.14718919023486673,21.722155988578287,7.394085271414123,0.0,True,3,4,3096725.458075429,3184529.624845903,"[0.14718919023486673,21.722155988578287,0.3129106354292166]","[6.793977182727709,0.046035945994683365,3.195800611340667]","[5.394191760204063e-08,2.9942503231555813e-10,2.970738417845269e-07]",direct_vp,[],3093758.1904891357,3096560,True,69199601.13456286,87.75611040607076,26.04894862826141,0.08811176656355424,"[4.978146030632814,5.162464604245008,4.9730604055028556]",142.64848124235868,57.423187144100666,201.38458774983883,nan,nan,nan,nan,False,,nan,,,nan,nan,nan,,,,,,,,6.408940273125209e-05,2.0036441346651983e-07,0.08723823550189536,nan,nan,nan,False,not_run,not_requested
fig1,PEB,77,4292676672,10.0,snr_db,10.0,3,3,3,3,full_6d,4292676672,,,nan,,False,,4.244460366666317,nan,nan,nan,nan,nan,nan,False,,,peb_only,False,c4ba27a01dc69ee2,,,,,,,adaptive_jones,True,fixed_anchor_then_adaptive_jones_score_selection,,nan,nan,nan,nan,True,,,nan,nan,,,,,[],nan,,,nan,nan,nan,nan,,nan,nan,nan,0.00012521582502547605,nan,nan,0.00012521582502547605,False,f60a4ab9705635604ca71e7bb7f90055bd716281a75d4d93b7beab9eb08c99af,0.08731769249710072,computed_unscaled,cpu,nan,nan,nan,,,,,,,,nan,nan,nan,nan,nan,nan,False,,
fig1,adaptive_jones_vp_proposed,78,3639033133,10.0,snr_db,10.0,3,3,3,3,full_6d,3639033133,,,nan,,False,,63.99741153419018,6.44541065897614e-05,6.44541065897614e-05,4.0961387175880206e-07,2.2770016172059196e-05,1.2555847955458176e-13,0.01719538391331719,False,direct_vp,global_exact_spherical_vp,main_single_proposed,True,62c63f4f2ff76e06,adaptive_jones,cupy,True,0,cupy,cupy.linalg.solve,fixed_pol_anchor,True,fixed_anchor_then_adaptive_jones_score_selection,fixed_pol_anchor,0.15411841700177834,2.3610452070331593,0.9466678251506715,0.0,True,3,4,3096725.458075429,3099507.4163381862,"[0.3248398514170767,0.15411841700177834,2.3610452070331593]","[3.0784400240219587,6.488517202900592,0.4235412337801945]","[3.2736173357943886e-07,3.30490948781714e-08,1.6681376819091697e-07]",direct_vp,[],3098183.278852909,3096560,True,52130163.227282934,93.65043463509933,38.98811896301406,0.009970448908384595,"[4.982870433474657,4.992599335092161,5.007134773108963]",148.0053586959839,58.20753372460604,207.42323899269104,nan,nan,nan,nan,False,,nan,,,nan,nan,nan,,,,,,,,6.44541065897614e-05,4.0961387175880206e-07,0.01719538391331719,nan,nan,nan,False,not_run,not_requested
fig1,PEB,78,3639033133,10.0,snr_db,10.0,3,3,3,3,full_6d,3639033133,,,nan,,False,,5.369714513421059,nan,nan,nan,nan,nan,nan,False,,,peb_only,False,3f347a993ee7d9ca,,,,,,,adaptive_jones,True,fixed_anchor_then_adaptive_jones_score_selection,,nan,nan,nan,nan,True,,,nan,nan,,,,,[],nan,,,nan,nan,nan,nan,,nan,nan,nan,0.0001399627222879157,nan,nan,0.0001399627222879157,False,775d9f1d6241dae7442a88dca0b3fa5d7751717fd8d49705eaa3b8cfda4ebb75,0.017186463273560285,computed_unscaled,cpu,nan,nan,nan,,,,,,,,nan,nan,nan,nan,nan,nan,False,,
fig1,adaptive_jones_vp_proposed,79,2511075941,10.0,snr_db,10.0,3,3,3,3,full_6d,2511075941,,,nan,,False,,65.76241362094879,3.6341892934698076e-05,3.6341892934698076e-05,5.170683371991763e-07,3.081215210513471e-05,3.5653001656677795e-14,0.0401380635198115,False,direct_vp,global_exact_spherical_vp,main_single_proposed,True,0743bb7ec27fb634,adaptive_jones,cupy,True,0,cupy,cupy.linalg.solve,fixed_pol_anchor,True,fixed_anchor_then_adaptive_jones_score_selection,fixed_pol_anchor,0.12249857839282113,1.3157913372912489,0.7918039372976627,0.0,True,3,4,3096725.458075429,3107894.717005025,"[0.9371218962089182,0.12249857839282113,1.3157913372912489]","[1.0670970383303549,8.163360041560132,0.7599989235810992]","[1.4629647556557263e-08,1.054931898947548e-07,1.328611806223074e-07]",direct_vp,[],3094959.894064983,3096560,True,49287423.07348886,90.43205589972983,45.437995838723104,0.006264690711926491,"[5.0093617393683605,5.015128342537202,5.0245604089798555]",137.3837204053998,59.27593448758125,197.9005184918642,nan,nan,nan,nan,False,,nan,,,nan,nan,nan,,,,,,,,3.6341892934698076e-05,5.170683371991763e-07,0.0401380635198115,nan,nan,nan,False,not_run,not_requested
fig1,PEB,79,2511075941,10.0,snr_db,10.0,3,3,3,3,full_6d,2511075941,,,nan,,False,,5.211413212120533,nan,nan,nan,nan,nan,nan,False,,,peb_only,False,3c859dfc2ef9a053,,,,,,,adaptive_jones,True,fixed_anchor_then_adaptive_jones_score_selection,,nan,nan,nan,nan,True,,,nan,nan,,,,,[],nan,,,nan,nan,nan,nan,,nan,nan,nan,0.00014677570022839255,nan,nan,0.00014677570022839255,False,d1d2709e7ef7e78043678a9bd3afef4c60705c0eab0a43aa5b03783626c11549,0.0401590225515582,computed_unscaled,cpu,nan,nan,nan,,,,,,,,nan,nan,nan,nan,nan,nan,False,,
fig1,adaptive_jones_vp_proposed,80,2843598472,10.0,snr_db,10.0,3,3,3,3,full_6d,2843598472,,,nan,,False,,63.54848162084818,6.659088067821592e-05,6.659088067821592e-05,6.671873459103381e-07,5.377980947997406e-05,1.3445565055033923e-13,0.0681462453878478,False,direct_vp,global_exact_spherical_vp,main_single_proposed,True,ebbcf6155b5df8e9,adaptive_jones,cupy,True,0,cupy,cupy.linalg.solve,fixed_pol_anchor,True,fixed_anchor_then_adaptive_jones_score_selection,fixed_pol_anchor,0.1883803036469849,0.9411465007369981,0.4689415233494249,0.0,True,3,4,3096725.458075429,3097403.3397860294,"[0.27729776566429176,0.9411465007369981,0.1883803036469849]","[3.606231725683518,1.0625338342287554,5.308410596225392]","[8.275311876151743e-08,3.964662509477779e-08,9.547479131699408e-08]",direct_vp,[],3095592.8994872435,3096560,True,85920910.99568772,66.79403582306466,53.518469540549866,0.04258187433142618,"[5.068107189986632,5.030342452217393,4.9650236302968125]",141.85003005713224,57.10683713853359,200.20911776274443,nan,nan,nan,nan,False,,nan,,,nan,nan,nan,,,,,,,,6.659088067821592e-05,6.671873459103381e-07,0.0681462453878478,nan,nan,nan,False,not_run,not_requested
fig1,PEB,80,2843598472,10.0,snr_db,10.0,3,3,3,3,full_6d,2843598472,,,nan,,False,,5.3647725731134415,nan,nan,nan,nan,nan,nan,False,,,peb_only,False,cae042b8e02a7c37,,,,,,,adaptive_jones,True,fixed_anchor_then_adaptive_jones_score_selection,,nan,nan,nan,nan,True,,,nan,nan,,,,,[],nan,,,nan,nan,nan,nan,,nan,nan,nan,0.00010962998433042976,nan,nan,0.00010962998433042976,False,ca96bdf8e3d74f1e490185f5b993e297e175166cef168c6fe33ef880dfc91c4e,0.06816788731912188,computed_unscaled,cpu,nan,nan,nan,,,,,,,,nan,nan,nan,nan,nan,nan,False,,
fig1,adaptive_jones_vp_proposed,81,3893654042,10.0,snr_db,10.0,3,3,3,3,full_6d,3893654042,,,nan,,False,,62.19708415865898,0.0002743472119151928,0.0002743472119151928,7.264350309991629e-07,0.00024557240956712625,6.367926654160571e-13,0.06726585881502233,False,direct_vp,global_exact_spherical_vp,main_single_proposed,True,adbfea9d7db006a6,adaptive_jones,cupy,True,0,cupy,cupy.linalg.solve,fixed_pol_anchor,True,fixed_anchor_then_adaptive_jones_score_selection,fixed_pol_anchor,0.10516310077410011,7.635133033167297,3.518549100708068,0.0,True,3,4,3096725.458075429,3096927.7315966,"[2.815351168182808,7.635133033167297,0.10516310077410011]","[0.3551954766064381,0.13097348738369433,9.509038746850814]","[9.774096957728757e-07,1.4094168512882906e-08,6.579536025694044e-07]",direct_vp,[],3093708.9898806647,3096560,True,33877822.94976578,218.57722007902603,25.804488213468247,0.029867144371362564,"[4.962031968734401,5.035189486285006,4.999048480206926]",135.2146393507719,55.40482073277235,191.75839865207672,nan,nan,nan,nan,False,,nan,,,nan,nan,nan,,,,,,,,0.0002743472119151928,7.264350309991629e-07,0.06726585881502233,nan,nan,nan,False,not_run,not_requested
fig1,PEB,81,3893654042,10.0,snr_db,10.0,3,3,3,3,full_6d,3893654042,,,nan,,False,,5.211562678217888,nan,nan,nan,nan,nan,nan,False,,,peb_only,False,8df610c0dbc2e23d,,,,,,,adaptive_jones,True,fixed_anchor_then_adaptive_jones_score_selection,,nan,nan,nan,nan,True,,,nan,nan,,,,,[],nan,,,nan,nan,nan,nan,,nan,nan,nan,0.00013743569528848755,nan,nan,0.00013743569528848755,False,7fdbdc32913dce5e44795d5b9a7446df6f3ff25cfdfe20eb33bdaf98d154febf,0.06732819560834685,computed_unscaled,cpu,nan,nan,nan,,,,,,,,nan,nan,nan,nan,nan,nan,False,,
fig1,adaptive_jones_vp_proposed,40,1007248754,10.0,snr_db,10.0,3,3,3,3,full_6d,1007248754,,,nan,,False,,679.023029409349,0.00012546800597166056,0.00012546800597166056,3.9554459351304965e-07,3.073213932627286e-05,6.870405901481578e-15,0.029398490505867014,False,direct_vp,global_exact_spherical_vp,main_single_proposed,True,80507baaf511001c,adaptive_jones,cupy,True,0,cupy,cupy.linalg.solve,fixed_pol_anchor,True,fixed_anchor_then_adaptive_jones_score_selection,fixed_pol_anchor,0.1358686338750793,0.931419701506873,0.5685981939921951,0.0,True,3,4,3096725.458075429,9504124.818469435,"[0.1358686338750793,0.6385062465946331,0.931419701506873]","[7.3600504507853275,1.566155390542685,1.0736298559942898]","[1.7779629600447433e-06,1.4058951441298297e-06,3.0819916091104096e-05]",direct_vp,[],3096552.170231651,3096560,True,51005730.279814266,101.40291112633648,42.310016201406974,0.02072764555928555,"[5.011925752540296,5.000754142286005,4.963447580374412]",143.96144452691078,573.5942497104406,718.8277868255973,nan,nan,nan,nan,False,,nan,,,nan,nan,nan,,,,,,,,0.00012546800597166056,3.9554459351304965e-07,0.029398490505867014,nan,nan,nan,False,not_run,not_requested
fig1,PEB,40,1007248754,10.0,snr_db,10.0,3,3,3,3,full_6d,1007248754,,,nan,,False,,5.330872513353825,nan,nan,nan,nan,nan,nan,False,,,peb_only,False,d7941afde8840d40,,,,,,,adaptive_jones,True,fixed_anchor_then_adaptive_jones_score_selection,,nan,nan,nan,nan,True,,,nan,nan,,,,,[],nan,,,nan,nan,nan,nan,,nan,nan,nan,0.00014354260822166268,nan,nan,0.00014354260822166268,False,8bb652b717ff684281335ff9a69fbed705a14cc366cf654f3e53c1ef0c7a4d23,0.029398716744334853,computed_unscaled,cpu,nan,nan,nan,,,,,,,,nan,nan,nan,nan,nan,nan,False,,
fig1,adaptive_jones_vp_proposed,85,2249164774,10.0,snr_db,10.0,3,3,3,3,full_6d,2249164774,,,nan,,False,,58.65076166391373,6.27894981941698e-05,6.27894981941698e-05,5.334045763907762e-07,1.0251412279340291e-05,2.237368876056818e-14,0.025732168016124407,False,direct_vp,global_exact_spherical_vp,main_single_proposed,True,e57e4210a137855b,adaptive_jones,cupy,True,0,cupy,cupy.linalg.solve,fixed_pol_anchor,True,fixed_anchor_then_adaptive_jones_score_selection,fixed_pol_anchor,0.2307078904860105,0.48872134799096667,0.3328521390701073,0.0,True,3,4,3096725.458075429,3099847.0189085226,"[0.48872134799096667,0.27912717873334464,0.2307078904860105]","[2.0461557574890197,3.582596308025738,4.334485473787497]","[4.292830927349299e-07,3.2665364665778285e-08,3.693995651298182e-07]",direct_vp,[],3096524.326118243,3096560,True,81546486.6935639,66.61541436149011,58.45458043889556,0.014062184450305796,"[4.980895403145066,5.0012852742485965,5.015132853313672]",130.94338739663363,52.96807161718607,185.14381099492311,nan,nan,nan,nan,False,,nan,,,nan,nan,nan,,,,,,,,6.27894981941698e-05,5.334045763907762e-07,0.025732168016124407,nan,nan,nan,False,not_run,not_requested
fig1,PEB,85,2249164774,10.0,snr_db,10.0,3,3,3,3,full_6d,2249164774,,,nan,,False,,4.681899584829807,nan,nan,nan,nan,nan,nan,False,,,peb_only,False,f41ab42362a89bd3,,,,,,,adaptive_jones,True,fixed_anchor_then_adaptive_jones_score_selection,,nan,nan,nan,nan,True,,,nan,nan,,,,,[],nan,,,nan,nan,nan,nan,,nan,nan,nan,0.0001129993223636197,nan,nan,0.0001129993223636197,False,d2813a00a2d0760dea2dc8be475dff9a47f414a15a39f0f8b76a2c0e1d6af5ec,0.025732597426930643,computed_unscaled,cpu,nan,nan,nan,,,,,,,,nan,nan,nan,nan,nan,nan,False,,
fig1,adaptive_jones_vp_proposed,84,3985341227,10.0,snr_db,10.0,3,3,3,3,full_6d,3985341227,,,nan,,False,,58.53989426791668,8.830483566440836e-05,8.830483566440836e-05,7.411713907563817e-07,2.114225849390158e-05,7.438008253577195e-14,0.06950777370693675,False,direct_vp,global_exact_spherical_vp,main_single_proposed,True,15b39d01de763c48,adaptive_jones,cupy,True,0,cupy,cupy.linalg.solve,fixed_pol_anchor,True,fixed_anchor_then_adaptive_jones_score_selection,fixed_pol_anchor,0.14999928065118123,0.6805777399853927,0.4572662870420063,0.0,True,3,4,3096725.458075429,3100383.693899313,"[0.14999928065118123,0.5412218404894448,0.6805777399853927]","[6.666698637877602,1.8476711861722463,1.4693398582515826]","[7.809103537052595e-08,7.76947226791214e-09,6.868091325722087e-08]",direct_vp,[],3093751.8118826943,3096560,True,48353587.87837942,108.63518052100066,49.596135775689525,0.008477876590169247,"[4.982322742479569,4.9985420344782945,4.979201373967914]",147.26745534688234,53.46666031330824,201.913447804749,nan,nan,nan,nan,False,,nan,,,nan,nan,nan,,,,,,,,8.830483566440836e-05,7.411713907563817e-07,0.06950777370693675,nan,nan,nan,False,not_run,not_requested
fig1,PEB,84,3985341227,10.0,snr_db,10.0,3,3,3,3,full_6d,3985341227,,,nan,,False,,3.9448153898119926,nan,nan,nan,nan,nan,nan,False,,,peb_only,False,31d21b46f6f21c0f,,,,,,,adaptive_jones,True,fixed_anchor_then_adaptive_jones_score_selection,,nan,nan,nan,nan,True,,,nan,nan,,,,,[],nan,,,nan,nan,nan,nan,,nan,nan,nan,0.00014709197617435586,nan,nan,0.00014709197617435586,False,763c74c3103c34dc91712b88cb00b247f3e9461f0fa66c55a5e9608e707daf96,0.06957122515375597,computed_unscaled,cpu,nan,nan,nan,,,,,,,,nan,nan,nan,nan,nan,nan,False,,
fig1,adaptive_jones_vp_proposed,48,3302385666,10.0,snr_db,10.0,3,3,3,3,full_6d,3302385666,,,nan,,False,,590.3042780309916,6.303878151828564e-05,6.303878151828564e-05,6.780941597569564e-07,4.715557321192368e-05,6.540687970907362e-13,0.041503191129918446,False,direct_vp,global_exact_spherical_vp,main_single_proposed,True,8e16a87769409638,adaptive_jones,cupy,True,0,cupy,cupy.linalg.solve,fixed_pol_anchor,True,fixed_anchor_then_adaptive_jones_score_selection,fixed_pol_anchor,0.2147653971574833,1.1558262567862376,0.5318452740805225,0.0,True,3,4,3096725.458075429,5091465.095961755,"[0.22494416829784672,1.1558262567862376,0.2147653971574833]","[4.445547566610766,0.8651819372743214,4.656243571987086]","[1.6504434171411142e-06,1.2468218753637874e-06,4.17253249431227e-07]",direct_vp,[],3092814.11525589,3096560,True,79717148.53920716,73.53721802007028,65.6942857026748,0.010582326681127132,"[5.003908025529086,5.002166678154702,5.0254351453253765]",148.53983290493488,585.2592971995473,735.0234659537673,nan,nan,nan,nan,False,,nan,,,nan,nan,nan,,,,,,,,6.303878151828564e-05,6.780941597569564e-07,0.041503191129918446,nan,nan,nan,False,not_run,not_requested
fig1,PEB,48,3302385666,10.0,snr_db,10.0,3,3,3,3,full_6d,3302385666,,,nan,,False,,4.231158830225468,nan,nan,nan,nan,nan,nan,False,,,peb_only,False,222a4e1d3477b919,,,,,,,adaptive_jones,True,fixed_anchor_then_adaptive_jones_score_selection,,nan,nan,nan,nan,True,,,nan,nan,,,,,[],nan,,,nan,nan,nan,nan,,nan,nan,nan,0.00011458153659228701,nan,nan,0.00011458153659228701,False,1b543152d623d7ef1c79c425645de2dcbaa35a96910d0ef3f1aa53205c46b486,0.04155367273525431,computed_unscaled,cpu,nan,nan,nan,,,,,,,,nan,nan,nan,nan,nan,nan,False,,
fig1,adaptive_jones_vp_proposed,54,1185050677,10.0,snr_db,10.0,3,3,3,3,full_6d,1185050677,,,nan,,False,,519.3782033249736,0.0001196294814262463,0.0001196294814262463,4.526801005960075e-07,9.300615118892468e-05,5.0604402530091995e-14,0.027568404511882597,False,direct_vp,global_exact_spherical_vp,main_single_proposed,True,6faa75a05b7d56c7,adaptive_jones,cupy,True,0,cupy,cupy.linalg.solve,fixed_pol_anchor,True,fixed_anchor_then_adaptive_jones_score_selection,fixed_pol_anchor,0.12653376573149056,1.7904110952949444,0.8559328207394205,0.0,True,3,4,3096725.458075429,4480216.647826962,"[1.7904110952949444,0.6508536011918263,0.12653376573149056]","[0.5585309444440603,1.5364438303301615,7.903028841502365]","[6.627439746498295e-07,4.356998558098214e-07,1.4380400100456147e-07]",direct_vp,[],3094593.757102201,3096560,True,76914063.88290052,87.2693017992059,36.15345791138717,0.018538614467085174,"[4.981149660109245,4.937122614865391,4.96876814059873]",143.05383858829737,514.5866924896836,658.8612687662244,nan,nan,nan,nan,False,,nan,,,nan,nan,nan,,,,,,,,0.0001196294814262463,4.526801005960075e-07,0.027568404511882597,nan,nan,nan,False,not_run,not_requested
fig1,PEB,54,1185050677,10.0,snr_db,10.0,3,3,3,3,full_6d,1185050677,,,nan,,False,,3.8320502564311028,nan,nan,nan,nan,nan,nan,False,,,peb_only,False,dd806abce0ae8379,,,,,,,adaptive_jones,True,fixed_anchor_then_adaptive_jones_score_selection,,nan,nan,nan,nan,True,,,nan,nan,,,,,[],nan,,,nan,nan,nan,nan,,nan,nan,nan,0.00010666703827746101,nan,nan,0.00010666703827746101,False,115a7d3f95ba8b9ea29c0754c333293a0d2bf13a03dc583bd9fdf4cc7c014143,0.027586063461113624,computed_unscaled,cpu,nan,nan,nan,,,,,,,,nan,nan,nan,nan,nan,nan,False,,
fig1,adaptive_jones_vp_proposed,86,2710333116,10.0,snr_db,10.0,3,3,3,3,full_6d,2710333116,,,nan,,False,,50.88211654871702,0.00010199655888190864,0.00010199655888190864,4.2729912696723235e-07,1.8063654015381494e-05,6.241152660719338e-13,0.016808639461755703,False,direct_vp,global_exact_spherical_vp,main_single_proposed,True,415acb3abdd2602f,adaptive_jones,cupy,True,0,cupy,cupy.linalg.solve,fixed_pol_anchor,True,fixed_anchor_then_adaptive_jones_score_selection,fixed_pol_anchor,0.12958744648391957,2.052769693390234,0.9153419195919144,0.0,True,3,4,3096725.458075429,3096878.6302207746,"[0.12958744648391957,2.052769693390234,0.5636686189015896]","[7.7167968590534715,0.4871467087700452,1.7740920222738628]","[1.2125468500552155e-07,8.841932363524214e-08,4.3033074655573754e-07]",direct_vp,[],3094679.731558799,3096560,True,53862483.007725954,112.93203623217916,54.61414553090247,0.02838419623559912,"[5.027447196982127,5.068366226556697,4.999227081062708]",141.89173621684313,45.86520863324404,189.09705336391926,nan,nan,nan,nan,False,,nan,,,nan,nan,nan,,,,,,,,0.00010199655888190864,4.2729912696723235e-07,0.016808639461755703,nan,nan,nan,False,not_run,not_requested
fig1,PEB,86,2710333116,10.0,snr_db,10.0,3,3,3,3,full_6d,2710333116,,,nan,,False,,3.48545490950346,nan,nan,nan,nan,nan,nan,False,,,peb_only,False,2d3ad93c4bcf51ab,,,,,,,adaptive_jones,True,fixed_anchor_then_adaptive_jones_score_selection,,nan,nan,nan,nan,True,,,nan,nan,,,,,[],nan,,,nan,nan,nan,nan,,nan,nan,nan,0.00014191551456966205,nan,nan,0.00014191551456966205,False,3a54fb3766786593be45a3a051de7709f83ecc3b2e8854a667fc53103d577f6b,0.01681893897424671,computed_unscaled,cpu,nan,nan,nan,,,,,,,,nan,nan,nan,nan,nan,nan,False,,
fig1,adaptive_jones_vp_proposed,50,3229661427,10.0,snr_db,10.0,3,3,3,3,full_6d,3229661427,,,nan,,False,,622.0851161703467,0.00016549333184824155,0.00016549333184824155,6.376603354548257e-07,3.637859990966762e-05,9.660827465458588e-13,0.0488545618014998,False,direct_vp,global_exact_spherical_vp,main_single_proposed,True,ae57fd006cf64088,adaptive_jones,cupy,True,0,cupy,cupy.linalg.solve,fixed_pol_anchor,True,fixed_anchor_then_adaptive_jones_score_selection,fixed_pol_anchor,0.12515191026700365,1.2692729445004491,0.7323117385517621,0.0,True,3,4,3096725.458075429,4625688.23584313,"[0.12515191026700365,0.8025103608878338,1.2692729445004491]","[7.990289543854651,1.2460898310308128,0.7878526083231872]","[1.5682860497521206e-07,5.652624018335078e-08,6.943201011429805e-07]",direct_vp,[],3095812.332289799,3096560,True,42682247.884754196,123.72249576958018,45.36762155817795,0.029996971985544497,"[4.985611702026682,5.01520144122108,5.058651897429155]",148.9326899126172,532.6796272322536,682.6596512943506,nan,nan,nan,nan,False,,nan,,,nan,nan,nan,,,,,,,,0.00016549333184824155,6.376603354548257e-07,0.0488545618014998,nan,nan,nan,False,not_run,not_requested
fig1,PEB,50,3229661427,10.0,snr_db,10.0,3,3,3,3,full_6d,3229661427,,,nan,,False,,2.9595205783843994,nan,nan,nan,nan,nan,nan,False,,,peb_only,False,e81d613ab64369b7,,,,,,,adaptive_jones,True,fixed_anchor_then_adaptive_jones_score_selection,,nan,nan,nan,nan,True,,,nan,nan,,,,,[],nan,,,nan,nan,nan,nan,,nan,nan,nan,0.00015690312945895315,nan,nan,0.00015690312945895315,False,1942487101149f69652abec158449acd8ba5e0555a4e067cb0f025310bb6ac8a,0.04886661312998463,computed_unscaled,cpu,nan,nan,nan,,,,,,,,nan,nan,nan,nan,nan,nan,False,,
fig1,adaptive_jones_vp_proposed,87,3576217426,10.0,snr_db,10.0,3,3,3,3,full_6d,3576217426,,,nan,,False,,48.89647679030895,7.015823648535833e-05,7.015823648535833e-05,5.331151386902386e-07,5.3527885765740145e-05,1.4814783742218807e-13,0.0066207254723266865,False,direct_vp,global_exact_spherical_vp,main_single_proposed,True,056ca388a1f448da,adaptive_jones,cupy,True,0,cupy,cupy.linalg.solve,fixed_pol_anchor,True,fixed_anchor_then_adaptive_jones_score_selection,fixed_pol_anchor,0.1635763964060826,1.1780811078091575,0.5563286992895261,0.0,True,3,4,3096725.458075429,3144105.811121429,"[0.1635763964060826,0.32732859365333816,1.1780811078091575]","[6.113351449052042,3.055034052597117,0.8488379903303027]","[2.2561962585525448e-07,9.270229394128341e-08,7.187015934495756e-08]",direct_vp,[],3094137.5541704088,3096560,True,45767526.57452133,103.98304496197912,48.11006234559785,0.030525970302326098,"[4.995469863779374,5.000124715422415,4.933167527492566]",140.2427836060524,44.766214206814766,186.3495181053877,nan,nan,nan,nan,False,,nan,,,nan,nan,nan,,,,,,,,7.015823648535833e-05,5.331151386902386e-07,0.0066207254723266865,nan,nan,nan,False,not_run,not_requested
fig1,PEB,87,3576217426,10.0,snr_db,10.0,3,3,3,3,full_6d,3576217426,,,nan,,False,,3.342204988002777,nan,nan,nan,nan,nan,nan,False,,,peb_only,False,6cbbebf135c0b421,,,,,,,adaptive_jones,True,fixed_anchor_then_adaptive_jones_score_selection,,nan,nan,nan,nan,True,,,nan,nan,,,,,[],nan,,,nan,nan,nan,nan,,nan,nan,nan,0.00015009962123042143,nan,nan,0.00015009962123042143,False,66c908d686e5b626f41743ba5f1b64294d5b4f17110f5310f3926b121f412ca0,0.0066259431719713265,computed_unscaled,cpu,nan,nan,nan,,,,,,,,nan,nan,nan,nan,nan,nan,False,,
fig1,adaptive_jones_vp_proposed,88,2932252539,10.0,snr_db,10.0,3,3,3,3,full_6d,2932252539,,,nan,,False,,49.07108201086521,0.00017448730362821466,0.00017448730362821466,5.799593536901786e-07,3.202048241228481e-05,6.589489280000337e-15,0.03913972368524619,False,direct_vp,global_exact_spherical_vp,main_single_proposed,True,6e844ec07712f4e5,adaptive_jones,cupy,True,0,cupy,cupy.linalg.solve,fixed_pol_anchor,True,fixed_anchor_then_adaptive_jones_score_selection,fixed_pol_anchor,0.19814545305325768,0.5652728923205913,0.35904742306980214,0.0,True,3,4,3096725.458075429,3098485.201495273,"[0.31372392383555736,0.5652728923205913,0.19814545305325768]","[3.1875159145460956,1.7690570582540697,5.046797615542665]","[6.455467101261184e-07,4.76011879025381e-08,3.0367620090266206e-07]",direct_vp,[],3097638.0463830447,3096560,True,85023738.86693886,71.32548567569187,53.67792489104293,0.01645024316486567,"[5.033750336448402,5.007125562763876,4.9942446619066105]",129.21326337009668,45.25266583263874,175.80313774198294,nan,nan,nan,nan,False,,nan,,,nan,nan,nan,,,,,,,,0.00017448730362821466,5.799593536901786e-07,0.03913972368524619,nan,nan,nan,False,not_run,not_requested
fig1,PEB,88,2932252539,10.0,snr_db,10.0,3,3,3,3,full_6d,2932252539,,,nan,,False,,2.5712532475590706,nan,nan,nan,nan,nan,nan,False,,,peb_only,False,8a48cb8ad4e0900f,,,,,,,adaptive_jones,True,fixed_anchor_then_adaptive_jones_score_selection,,nan,nan,nan,nan,True,,,nan,nan,,,,,[],nan,,,nan,nan,nan,nan,,nan,nan,nan,0.00010938541647871567,nan,nan,0.00010938541647871567,False,026935debd21c4cd81fb47190ca8eeaf89621d3b1a455ec08b231cab8f8cd44e,0.03912630436337873,computed_unscaled,cpu,nan,nan,nan,,,,,,,,nan,nan,nan,nan,nan,nan,False,,
fig1,adaptive_jones_vp_proposed,89,850792180,10.0,snr_db,10.0,3,3,3,3,full_6d,850792180,,,nan,,False,,50.88531366735697,0.00013128977290095015,0.00013128977290095015,6.306158079096978e-07,6.160191803582396e-05,1.8536838653797398e-13,0.07891154184747211,False,direct_vp,global_exact_spherical_vp,main_single_proposed,True,32166ae740962978,adaptive_jones,cupy,True,0,cupy,cupy.linalg.solve,fixed_pol_anchor,True,fixed_anchor_then_adaptive_jones_score_selection,fixed_pol_anchor,0.16802147565443418,0.706470414819351,0.41708687145994533,0.0,True,3,4,3096725.458075429,3102623.3899156144,"[0.706470414819351,0.16802147565443418,0.3767687239060508]","[1.4154874415441725,5.9516201491796705,2.6541481193884295]","[7.072180545923634e-08,8.688814353224868e-08,1.4879982386235615e-06]",direct_vp,[],3098301.4748491175,3096560,True,71308495.72849731,67.15274057795573,69.60122184710416,0.004785997853463999,"[5.0146655713923005,5.017396522345887,5.006157728292903]",127.35139781981707,46.4822688177228,175.08946558833122,nan,nan,nan,nan,False,,nan,,,nan,nan,nan,,,,,,,,0.00013128977290095015,6.306158079096978e-07,0.07891154184747211,nan,nan,nan,False,not_run,not_requested
fig1,PEB,89,850792180,10.0,snr_db,10.0,3,3,3,3,full_6d,850792180,,,nan,,False,,2.6643831208348274,nan,nan,nan,nan,nan,nan,False,,,peb_only,False,91ee19d165c171e4,,,,,,,adaptive_jones,True,fixed_anchor_then_adaptive_jones_score_selection,,nan,nan,nan,nan,True,,,nan,nan,,,,,[],nan,,,nan,nan,nan,nan,,nan,nan,nan,0.00012201386586936464,nan,nan,0.00012201386586936464,False,2d81d18bd4ebd93cb30153245eac7dedb296bdb9883caf62dadd0506edd2daa4,0.07886759522643855,computed_unscaled,cpu,nan,nan,nan,,,,,,,,nan,nan,nan,nan,nan,nan,False,,
fig1,adaptive_jones_vp_proposed,56,2167631329,10.0,snr_db,10.0,3,3,3,3,full_6d,2167631329,,,nan,,False,,517.6541373804212,2.6411906618885785e-05,2.6411906618885785e-05,3.1828060420049305e-07,2.3062252497402815e-05,2.8735044839555824e-13,0.039487010941093394,False,direct_vp,global_exact_spherical_vp,main_single_proposed,True,fe53a940f7a2a9c4,adaptive_jones,cupy,True,0,cupy,cupy.linalg.solve,fixed_pol_anchor,True,fixed_anchor_then_adaptive_jones_score_selection,fixed_pol_anchor,0.1378862275197889,2.23317113227877,0.933705522662528,0.0,True,3,4,3096725.458075429,3900163.7481673607,"[0.430059208189025,2.23317113227877,0.1378862275197889]","[2.325261222078141,0.447793716094363,7.252355931315518]","[2.720145780278702e-07,1.208330613666108e-07,2.9708418062725908e-08]",direct_vp,[],3095587.0094693718,3096560,True,81321803.67628084,84.94097843752954,43.63521972438147,0.013303737170227285,"[4.985636910268402,4.977747289447737,5.009073988299241]",147.90162993967533,514.1938321962953,663.3272420912981,nan,nan,nan,nan,False,,nan,,,nan,nan,nan,,,,,,,,2.6411906618885785e-05,3.1828060420049305e-07,0.039487010941093394,nan,nan,nan,False,not_run,not_requested
fig1,PEB,56,2167631329,10.0,snr_db,10.0,3,3,3,3,full_6d,2167631329,,,nan,,False,,2.4668122231960297,nan,nan,nan,nan,nan,nan,False,,,peb_only,False,fd8bbc3422a8ffba,,,,,,,adaptive_jones,True,fixed_anchor_then_adaptive_jones_score_selection,,nan,nan,nan,nan,True,,,nan,nan,,,,,[],nan,,,nan,nan,nan,nan,,nan,nan,nan,0.00010689469606625713,nan,nan,0.00010689469606625713,False,7d96ebe691cae134218fac4c44588ab5938392c288ecaa287b62d8519dd2dcef,0.03949962640943077,computed_unscaled,cpu,nan,nan,nan,,,,,,,,nan,nan,nan,nan,nan,nan,False,,
fig1,adaptive_jones_vp_proposed,90,4175219143,10.0,snr_db,10.0,3,3,3,3,full_6d,4175219143,,,nan,,False,,43.54034608602524,1.4998973956639159e-05,1.4998973956639159e-05,3.8527281199601025e-07,1.096832689213052e-05,4.895523071144338e-13,0.009024442795848622,False,direct_vp,global_exact_spherical_vp,main_single_proposed,True,5c211b921750c94b,adaptive_jones,cupy,True,0,cupy,cupy.linalg.solve,fixed_pol_anchor,True,fixed_anchor_then_adaptive_jones_score_selection,fixed_pol_anchor,0.16004468895503124,2.231619652127372,0.8976764251867744,0.0,True,3,4,3096725.458075429,3098966.537819381,"[0.3013649344779199,0.16004468895503124,2.231619652127372]","[3.318236083876459,6.24825482513085,0.44810503395795176]","[5.685146928635365e-07,1.7086786145508846e-08,1.2738871557993781e-06]",direct_vp,[],3092814.258714677,3096560,True,50293091.157571025,99.8791635282084,43.242505286659835,0.022467840938214485,"[4.988229005329636,4.986013686836309,5.034744205267317]",135.51824402064085,40.173323795199394,176.96431943029165,nan,nan,nan,nan,False,,nan,,,nan,nan,nan,,,,,,,,1.4998973956639159e-05,3.8527281199601025e-07,0.009024442795848622,nan,nan,nan,False,not_run,not_requested
fig1,PEB,90,4175219143,10.0,snr_db,10.0,3,3,3,3,full_6d,4175219143,,,nan,,False,,2.512310989201069,nan,nan,nan,nan,nan,nan,False,,,peb_only,False,0a8ba1acdfcf559f,,,,,,,adaptive_jones,True,fixed_anchor_then_adaptive_jones_score_selection,,nan,nan,nan,nan,True,,,nan,nan,,,,,[],nan,,,nan,nan,nan,nan,,nan,nan,nan,0.00014280113987449186,nan,nan,0.00014280113987449186,False,6333c10944794ce04d692bf5cb56023e51f4bf1ac8d7f2df89dad974bd0e5c09,0.009035419083527885,computed_unscaled,cpu,nan,nan,nan,,,,,,,,nan,nan,nan,nan,nan,nan,False,,
fig1,adaptive_jones_vp_proposed,92,971995857,10.0,snr_db,10.0,3,3,3,3,full_6d,971995857,,,nan,,False,,44.991444781422615,2.2450030300855348e-05,2.2450030300855348e-05,1.807794614943136e-07,6.149682903157078e-06,5.61751917693845e-14,0.05369682930535837,False,direct_vp,global_exact_spherical_vp,main_single_proposed,True,1594d94f6f51a772,adaptive_jones,cupy,True,0,cupy,cupy.linalg.solve,fixed_pol_anchor,True,fixed_anchor_then_adaptive_jones_score_selection,fixed_pol_anchor,0.14014960426459547,2.8998446902668347,1.1455196775708845,0.0,True,3,4,3096725.458075429,3099522.1852854397,"[2.8998446902668347,0.39656473818122323,0.14014960426459547]","[0.3448460544640697,2.52165637465886,7.135232420006765]","[8.124589189492856e-07,9.6710811200304e-08,8.276777473249256e-07]",direct_vp,[],3097912.8701939136,3096560,True,83122583.55585667,80.21002736862573,41.79382720967049,0.05395616084282178,"[4.893439708408687,4.994137215283726,5.017921530714949]",122.59510612487793,41.49645161628723,165.33378272503614,nan,nan,nan,nan,False,,nan,,,nan,nan,nan,,,,,,,,2.2450030300855348e-05,1.807794614943136e-07,0.05369682930535837,nan,nan,nan,False,not_run,not_requested
fig1,PEB,92,971995857,10.0,snr_db,10.0,3,3,3,3,full_6d,971995857,,,nan,,False,,2.161445587873459,nan,nan,nan,nan,nan,nan,False,,,peb_only,False,002cf0f5bc4c0dda,,,,,,,adaptive_jones,True,fixed_anchor_then_adaptive_jones_score_selection,,nan,nan,nan,nan,True,,,nan,nan,,,,,[],nan,,,nan,nan,nan,nan,,nan,nan,nan,0.00010085393080804644,nan,nan,0.00010085393080804644,False,414dc620a83beefed3505e1c54ca50570728cbcfef97d68ab55ee64715d67776,0.05367365702982516,computed_unscaled,cpu,nan,nan,nan,,,,,,,,nan,nan,nan,nan,nan,nan,False,,
fig1,adaptive_jones_vp_proposed,91,3347136468,10.0,snr_db,10.0,3,3,3,3,full_6d,3347136468,,,nan,,False,,44.556625194847584,5.235208270266792e-05,5.235208270266792e-05,4.923145285779463e-07,4.657480167626143e-05,4.754225028497622e-14,0.024663673101859133,False,direct_vp,global_exact_spherical_vp,main_single_proposed,True,68d3c4c03ddb2c80,adaptive_jones,cupy,True,0,cupy,cupy.linalg.solve,fixed_pol_anchor,True,fixed_anchor_then_adaptive_jones_score_selection,fixed_pol_anchor,0.11696196911382582,2.428986675097854,1.1764298465983838,0.0,True,3,4,3096725.458075429,3120589.6643544855,"[0.983340895583471,2.428986675097854,0.11696196911382582]","[1.0169413318314813,0.4116943127970371,8.549787658129254]","[2.832162482157683e-07,8.41626303499038e-08,4.789695817491547e-07]",direct_vp,[],3098743.3454228044,3096560,True,68568734.74469154,113.1606609721587,42.87195668541366,0.05485262011202294,"[4.923655490973698,5.043717381674516,5.03592149639109]",125.7123083025217,41.317517668008804,168.35602325946093,nan,nan,nan,nan,False,,nan,,,nan,nan,nan,,,,,,,,5.235208270266792e-05,4.923145285779463e-07,0.024663673101859133,nan,nan,nan,False,not_run,not_requested
fig1,PEB,91,3347136468,10.0,snr_db,10.0,3,3,3,3,full_6d,3347136468,,,nan,,False,,2.1882819160819054,nan,nan,nan,nan,nan,nan,False,,,peb_only,False,fececf739060cdff,,,,,,,adaptive_jones,True,fixed_anchor_then_adaptive_jones_score_selection,,nan,nan,nan,nan,True,,,nan,nan,,,,,[],nan,,,nan,nan,nan,nan,,nan,nan,nan,0.00010803658270640652,nan,nan,0.00010803658270640652,False,64607f16edc43d908c3fdfcf5a1ab43160e4a3b90bfd0c732196f2f9ce351b74,0.02464642265771189,computed_unscaled,cpu,nan,nan,nan,,,,,,,,nan,nan,nan,nan,nan,nan,False,,
fig1,adaptive_jones_vp_proposed,95,1902842209,10.0,snr_db,10.0,3,3,3,3,full_6d,1902842209,,,nan,,False,,38.97020576894283,0.0001329072494393491,0.0001329072494393491,7.081163230829122e-07,7.528406618514504e-05,4.328425025484432e-13,0.0282996376114972,False,direct_vp,global_exact_spherical_vp,main_single_proposed,True,f557f41c8443dcab,adaptive_jones,cupy,True,0,cupy,cupy.linalg.solve,fixed_pol_anchor,True,fixed_anchor_then_adaptive_jones_score_selection,fixed_pol_anchor,0.12354171561793714,5.126907738703645,1.942435345854058,0.0,True,3,4,3096725.458075429,3115218.6786831566,"[5.126907738703645,0.576856583240592,0.12354171561793714]","[0.19504934571881458,1.7335331329353123,8.094431868604271]","[6.744147041275005e-07,1.3761442248496456e-07,3.026219492220893e-07]",direct_vp,[],3094777.011481707,3096560,True,70942484.89013425,97.71687290274643,30.071174211287108,0.02862489437537695,"[4.980014419072043,5.050127634947411,5.01449368766661]",109.83089253306389,35.99361182004213,147.22542236745358,nan,nan,nan,nan,False,,nan,,,nan,nan,nan,,,,,,,,0.0001329072494393491,7.081163230829122e-07,0.0282996376114972,nan,nan,nan,False,not_run,not_requested
fig1,PEB,95,1902842209,10.0,snr_db,10.0,3,3,3,3,full_6d,1902842209,,,nan,,False,,2.135819837450981,nan,nan,nan,nan,nan,nan,False,,,peb_only,False,cf65e187eb44b18a,,,,,,,adaptive_jones,True,fixed_anchor_then_adaptive_jones_score_selection,,nan,nan,nan,nan,True,,,nan,nan,,,,,[],nan,,,nan,nan,nan,nan,,nan,nan,nan,0.00010404652643098265,nan,nan,0.00010404652643098265,False,76a18cb09eabd2843f7f18de70d1414c840c1b810997a8411f8aedb26f349b2f,0.028316088141841084,computed_unscaled,cpu,nan,nan,nan,,,,,,,,nan,nan,nan,nan,nan,nan,False,,
fig1,adaptive_jones_vp_proposed,94,3608384463,10.0,snr_db,10.0,3,3,3,3,full_6d,3608384463,,,nan,,False,,40.3858425244689,4.705984269354503e-05,4.705984269354503e-05,7.586512662863894e-07,8.84187815733506e-06,2.5269347587921665e-13,0.0467927473600679,False,direct_vp,global_exact_spherical_vp,main_single_proposed,True,0a2514e4bb739442,adaptive_jones,cupy,True,0,cupy,cupy.linalg.solve,fixed_pol_anchor,True,fixed_anchor_then_adaptive_jones_score_selection,fixed_pol_anchor,0.1351718082927643,1.5269645013148943,0.7259657432428496,0.0,True,3,4,3096725.458075429,3171264.744822371,"[0.5157609201208903,0.1351718082927643,1.5269645013148943]","[1.9388828447201703,7.397992322733428,0.6548940719560649]","[5.454276787566305e-06,7.682042670646496e-09,1.948769752621344e-08]",direct_vp,[],3098716.7628207016,3096560,True,57323892.27745864,101.85774156153362,38.381140743997285,0.021272821734195316,"[5.038000331316175,5.013200570955704,5.065288322897402]",112.5005723759532,37.689578495919704,151.5138350725174,nan,nan,nan,nan,False,,nan,,,nan,nan,nan,,,,,,,,4.705984269354503e-05,7.586512662863894e-07,0.0467927473600679,nan,nan,nan,False,not_run,not_requested
fig1,PEB,94,3608384463,10.0,snr_db,10.0,3,3,3,3,full_6d,3608384463,,,nan,,False,,1.7120067924261093,nan,nan,nan,nan,nan,nan,False,,,peb_only,False,cf3304b1189c17e3,,,,,,,adaptive_jones,True,fixed_anchor_then_adaptive_jones_score_selection,,nan,nan,nan,nan,True,,,nan,nan,,,,,[],nan,,,nan,nan,nan,nan,,nan,nan,nan,0.00013477256840140945,nan,nan,0.00013477256840140945,False,ef18bf3cff118d7dc1efd356b9a296459495c6f9c6bb71ac5354d9f7a0cabc56,0.04676042037393325,computed_unscaled,cpu,nan,nan,nan,,,,,,,,nan,nan,nan,nan,nan,nan,False,,
fig1,adaptive_jones_vp_proposed,64,1096511241,10.0,snr_db,10.0,3,3,3,3,full_6d,1096511241,,,nan,,False,,463.73581118136644,7.118362341471448e-05,7.118362341471448e-05,3.2493077790913947e-07,9.8020005985215e-06,2.2837576660935698e-14,0.016392504170003434,False,direct_vp,global_exact_spherical_vp,main_single_proposed,True,17f5962166dec034,adaptive_jones,cupy,True,0,cupy,cupy.linalg.solve,fixed_pol_anchor,True,fixed_anchor_then_adaptive_jones_score_selection,fixed_pol_anchor,0.23136362730980856,0.42828135849367194,0.3191909821740966,0.0,True,3,4,3096725.458075429,9667802.652856888,"[0.29792796071880934,0.42828135849367194,0.23136362730980856]","[3.356516110763847,2.3349136733775144,4.322200562064641]","[4.3105185117436224e-07,2.905721993784628e-06,7.70350090522031e-06]",direct_vp,[],3095547.2042407603,3096560,True,80676555.22249565,78.5724777882578,69.70389635970957,0.0023939489946335052,"[5.000848397714518,4.996647946630295,5.002291704459105]",143.95661088824272,461.31173695623875,606.5512557551265,nan,nan,nan,nan,False,,nan,,,nan,nan,nan,,,,,,,,7.118362341471448e-05,3.2493077790913947e-07,0.016392504170003434,nan,nan,nan,False,not_run,not_requested
fig1,PEB,64,1096511241,10.0,snr_db,10.0,3,3,3,3,full_6d,1096511241,,,nan,,False,,1.478277049958706,nan,nan,nan,nan,nan,nan,False,,,peb_only,False,85763985fb1afa20,,,,,,,adaptive_jones,True,fixed_anchor_then_adaptive_jones_score_selection,,nan,nan,nan,nan,True,,,nan,nan,,,,,[],nan,,,nan,nan,nan,nan,,nan,nan,nan,0.00011271553349555331,nan,nan,0.00011271553349555331,False,e140a9cd0c7a64d7d06d7886e7a75298e3fbf2d3964882a91cad3a1a2e55c6a3,0.016397952169229648,computed_unscaled,cpu,nan,nan,nan,,,,,,,,nan,nan,nan,nan,nan,nan,False,,
fig1,adaptive_jones_vp_proposed,71,1982555292,10.0,snr_db,10.0,3,3,3,3,full_6d,1982555292,,,nan,,False,,386.65004310011864,0.0003332041291880545,0.0003332041291880545,7.089527569599119e-07,9.121591010020642e-06,5.914478246143084e-14,0.043400903061052196,False,direct_vp,global_exact_spherical_vp,main_single_proposed,True,147ff8c0a2bddc6f,adaptive_jones,cupy,True,0,cupy,cupy.linalg.solve,fixed_pol_anchor,True,fixed_anchor_then_adaptive_jones_score_selection,fixed_pol_anchor,0.199426507239571,1.5304780082084306,0.6537828685126565,0.0,True,3,4,3096725.458075429,6019902.709776548,"[0.199426507239571,1.5304780082084306,0.23144409008996802]","[5.014378548978451,0.6533906365430655,4.320697925840508]","[1.8464411048495012e-06,9.42312515656456e-06,1.903979335021437e-06]",direct_vp,[],3096594.2837500316,3096560,True,77347403.2261362,85.50784668442749,73.62262573635988,0.020988314780827414,"[5.012732788949238,5.030326328930366,4.979694852998141]",130.8761926665902,384.6413839608431,516.5511601045728,nan,nan,nan,nan,False,,nan,,,nan,nan,nan,,,,,,,,0.0003332041291880545,7.089527569599119e-07,0.043400903061052196,nan,nan,nan,False,not_run,not_requested
fig1,PEB,71,1982555292,10.0,snr_db,10.0,3,3,3,3,full_6d,1982555292,,,nan,,False,,1.2266254648566246,nan,nan,nan,nan,nan,nan,False,,,peb_only,False,ed3cdb90e0d2c8d2,,,,,,,adaptive_jones,True,fixed_anchor_then_adaptive_jones_score_selection,,nan,nan,nan,nan,True,,,nan,nan,,,,,[],nan,,,nan,nan,nan,nan,,nan,nan,nan,0.0001164882157179308,nan,nan,0.0001164882157179308,False,bdd039092dd082ec6fd57d77070067f9fd8178794fea592c3fc196eccf3a063c,0.04340064680169434,computed_unscaled,cpu,nan,nan,nan,,,,,,,,nan,nan,nan,nan,nan,nan,False,,
fig1,adaptive_jones_vp_proposed,72,2100195688,10.0,snr_db,10.0,3,3,3,3,full_6d,2100195688,,,nan,,False,,365.7994168102741,4.9789917687325294e-05,4.9789917687325294e-05,6.955366297392253e-07,3.905661429624442e-05,5.037036019276641e-13,0.032918534971173634,False,direct_vp,global_exact_spherical_vp,main_single_proposed,True,cc4542ccd16b0620,adaptive_jones,cupy,True,0,cupy,cupy.linalg.solve,fixed_pol_anchor,True,fixed_anchor_then_adaptive_jones_score_selection,fixed_pol_anchor,0.16750432037309085,0.5289358865469568,0.3882650430022443,0.0,True,3,4,3096725.458075429,3149965.9141450315,"[0.5289358865469568,0.16750432037309085,0.4683549220866852]","[1.8905883027293802,5.969995268017457,2.135132893541892]","[1.1443614215359418e-06,2.606802417140975e-08,2.3727225143418006e-07]",direct_vp,[],3100307.4311253494,3096560,True,68527103.0422403,79.09870706911178,53.53879337164577,0.012453655832187127,"[5.007309499078492,4.9901649618437895,5.020588307743405]",143.98324535787106,363.61905290186405,508.7828465178609,nan,nan,nan,nan,False,,nan,,,nan,nan,nan,,,,,,,,4.9789917687325294e-05,6.955366297392253e-07,0.032918534971173634,nan,nan,nan,False,not_run,not_requested
fig1,PEB,72,2100195688,10.0,snr_db,10.0,3,3,3,3,full_6d,2100195688,,,nan,,False,,1.199276976287365,nan,nan,nan,nan,nan,nan,False,,,peb_only,False,b77ec35c9e54a368,,,,,,,adaptive_jones,True,fixed_anchor_then_adaptive_jones_score_selection,,nan,nan,nan,nan,True,,,nan,nan,,,,,[],nan,,,nan,nan,nan,nan,,nan,nan,nan,0.00012336509076348284,nan,nan,0.00012336509076348284,False,c74090ee2666e0b285da3833dfd6aa0f2593b8f113092ef5692488e84b651980,0.032878915272572404,computed_unscaled,cpu,nan,nan,nan,,,,,,,,nan,nan,nan,nan,nan,nan,False,,
fig1,adaptive_jones_vp_proposed,83,2856883752,10.0,snr_db,10.0,3,3,3,3,full_6d,2856883752,,,nan,,False,,261.4349590167403,6.571695901859517e-05,6.571695901859517e-05,6.453953415515233e-07,5.511340307122131e-05,1.6014728173824129e-13,0.020569046391701994,False,direct_vp,global_exact_spherical_vp,main_single_proposed,True,f18b2a4af9d52bc0,adaptive_jones,cupy,True,0,cupy,cupy.linalg.solve,fixed_pol_anchor,True,fixed_anchor_then_adaptive_jones_score_selection,fixed_pol_anchor,0.13094715273157137,80.18928827292115,26.91562102877222,0.0,True,3,4,3096725.458075429,3252262.540975418,"[0.42662766066395524,80.18928827292115,0.13094715273157137]","[2.343964285961407,0.012470493521732596,7.636668527262823]","[4.7174178719026317e-07,1.105717598704844e-08,8.376563260033635e-08]",direct_vp,"[""poor_clock_consistency""]",3093013.2436204446,3096560,True,80473562.80023427,97.78941180196348,12.71447010117169,0.12414470877717837,"[5.013789978593671,4.739452042183199,4.990232681059629]",142.03105214983225,259.4597045555711,402.7492036893964,nan,nan,nan,nan,False,,nan,,,nan,nan,nan,,,,,,,,6.571695901859517e-05,6.453953415515233e-07,0.020569046391701994,nan,nan,nan,False,not_run,not_requested
fig1,PEB,83,2856883752,10.0,snr_db,10.0,3,3,3,3,full_6d,2856883752,,,nan,,False,,1.157430112361908,nan,nan,nan,nan,nan,nan,False,,,peb_only,False,c8f79306a8e92626,,,,,,,adaptive_jones,True,fixed_anchor_then_adaptive_jones_score_selection,,nan,nan,nan,nan,True,,,nan,nan,,,,,[],nan,,,nan,nan,nan,nan,,nan,nan,nan,9.942237159744992e-05,nan,nan,9.942237159744992e-05,False,700eea5a638faf3db61de2a763659338a112f897687c33a7cb33c68c29ad4a9e,0.020592739307147653,computed_unscaled,cpu,nan,nan,nan,,,,,,,,nan,nan,nan,nan,nan,nan,False,,
fig1,adaptive_jones_vp_proposed,82,2146768378,10.0,snr_db,10.0,3,3,3,3,full_6d,2146768378,,,nan,,False,,300.418570920825,7.371218074606612e-05,7.371218074606612e-05,4.869025080290728e-07,4.4201639598248766e-05,4.368233839370766e-13,0.06599515203109928,False,direct_vp,global_exact_spherical_vp,main_single_proposed,True,e6f79efe2f71529a,adaptive_jones,cupy,True,0,cupy,cupy.linalg.solve,fixed_pol_anchor,True,fixed_anchor_then_adaptive_jones_score_selection,fixed_pol_anchor,0.2033672428947892,2.3191532544165048,0.9126828524582771,0.0,True,3,4,3096725.458075429,4193104.376201853,"[0.2033672428947892,2.3191532544165048,0.2155280600635373]","[4.917212751500696,0.4311918576718981,4.639767089746858]","[8.421979022450792e-07,3.833403324713922e-07,5.7182765360147296e-08]",direct_vp,[],3100267.162562313,3096560,True,81272598.19009633,72.061926377127,40.31646338742297,0.025710648123443956,"[5.029261658969248,4.984960613782998,4.968346055856042]",145.93027516454458,298.74138832092285,445.95930030196905,nan,nan,nan,nan,False,,nan,,,nan,nan,nan,,,,,,,,7.371218074606612e-05,4.869025080290728e-07,0.06599515203109928,nan,nan,nan,False,not_run,not_requested
fig1,PEB,82,2146768378,10.0,snr_db,10.0,3,3,3,3,full_6d,2146768378,,,nan,,False,,1.1086770668625832,nan,nan,nan,nan,nan,nan,False,,,peb_only,False,00af4c035473c21d,,,,,,,adaptive_jones,True,fixed_anchor_then_adaptive_jones_score_selection,,nan,nan,nan,nan,True,,,nan,nan,,,,,[],nan,,,nan,nan,nan,nan,,nan,nan,nan,0.00011354535747526031,nan,nan,0.00011354535747526031,False,3a0d3e6549ad4d642256987481bea72461b73f437bf823d820291ff80c435722,0.06591657853349463,computed_unscaled,cpu,nan,nan,nan,,,,,,,,nan,nan,nan,nan,nan,nan,False,,
fig1,adaptive_jones_vp_proposed,93,3741086398,10.0,snr_db,10.0,3,3,3,3,full_6d,3741086398,,,nan,,False,,205.53355255723,5.119530188639225e-05,5.119530188639225e-05,5.580685939271917e-07,4.852929804887424e-06,2.695410693040628e-13,0.014866759363528655,False,direct_vp,global_exact_spherical_vp,main_single_proposed,True,24bd30f443b54258,adaptive_jones,cupy,True,0,cupy,cupy.linalg.solve,fixed_pol_anchor,True,fixed_anchor_then_adaptive_jones_score_selection,fixed_pol_anchor,0.14770310936744116,0.8405287245309692,0.49269792018155684,0.0,True,3,4,3096725.458075429,16213088.860296423,"[0.4898619266462601,0.8405287245309692,0.14770310936744116]","[2.041391554648483,1.1897273356805007,6.770338175563734]","[1.6484885931247343e-06,5.73784765945073e-05,2.258101161809249e-06]",direct_vp,[],3096831.3274192098,3096560,True,90019002.32062423,75.55369075886796,59.02839958581446,0.024299434330159686,"[5.033156052122761,4.974207174703025,4.996550436955912]",122.27257768809795,203.81458678096533,326.95874052494764,nan,nan,nan,nan,False,,nan,,,nan,nan,nan,,,,,,,,5.119530188639225e-05,5.580685939271917e-07,0.014866759363528655,nan,nan,nan,False,not_run,not_requested
fig1,PEB,93,3741086398,10.0,snr_db,10.0,3,3,3,3,full_6d,3741086398,,,nan,,False,,1.0765927210450172,nan,nan,nan,nan,nan,nan,False,,,peb_only,False,f22b6fbc0e5b986d,,,,,,,adaptive_jones,True,fixed_anchor_then_adaptive_jones_score_selection,,nan,nan,nan,nan,True,,,nan,nan,,,,,[],nan,,,nan,nan,nan,nan,,nan,nan,nan,9.559987279309041e-05,nan,nan,9.559987279309041e-05,False,c0a81a3b83197cd9cfba67cbec7ea74e0bc1c6abbc0cc35f29e15ac8d0f81a14,0.014865533629577085,computed_unscaled,cpu,nan,nan,nan,,,,,,,,nan,nan,nan,nan,nan,nan,False,,
