trial_id,seed,ablation,variant,snr_db,failed,error,runtime_s,y_nmse,position_rmse_m,range_rmse_m,tau_rmse_s,raw_objective_final,outlier_flag,selected_branch,final_refinement_method,global_vp_mode,selected_vp_family_branch,linear_nuisance_dim,nonlinear_dim,global_vp_runtime_s,total_runtime_s,reliability_decision,legacy_stage1_decision,bad_score,trigger_reasons,gof_stat,gof_dof,gof_pass,data_only_efim_lambda_min,data_only_efim_condition_number,data_only_scaled_efim_lambda_min,data_only_scaled_efim_condition_number,fixed_pol_score,jones_score,lambda_jones_per_path,snr_eff_per_path,jones_leakage_per_path,jones_rho_summary,stage1_assignment_margin,stage1_selected_clock_std_ns,delta_t_k_ns,stage1_runtime_s,proposed_stage2_policy
0,3147786918,vp_family,stage1_only_no_vp,-20.0,False,,30.259165654000753,0.0003072542346195432,0.6028138253220584,0.046307249903958514,2.3808778825849884e-11,27.141913916212978,True,direct_vp,global_exact_spherical_vp,adaptive_jones,fixed_pol_anchor,1,4,13.327896773998873,27.868104676999792,direct_vp,direct_vp,0,[],3094498.052457824,3096568,True,0.0,2.6753263642611203e+17,145.4692913596646,43928.30168957116,3096665.6748452573,3096668.8279373385,[99.51535129306212],[0.010048700897970917],[4.5311005467072766e-10],,nan,0.0,[5.20173197938292],13.73828412399962,reliability_gated_ris_only
0,3147786918,vp_family,fixed_pol_vp,-20.0,False,,20.996712414000285,0.0003072542346195432,0.6028138253220584,0.046307249903958514,2.3808778825849884e-11,27.141913916212978,True,direct_vp,global_exact_spherical_vp,fixed_pol,,1,6,8.480660195000382,19.829125270000077,direct_vp,direct_vp,0,[],3094498.052457824,3096568,True,0.0,2.6753263642611203e+17,145.4692913596646,43928.30168957116,nan,nan,,,,,nan,0.0,[5.20173197938292],11.032206849000431,reliability_gated_ris_only
0,3147786918,vp_family,jones_free_vp,-20.0,False,,16.914070307999282,0.00045716646537095646,0.5957468657198812,0.02162491598926497,2.3804504068464318e-11,27.141937723133687,True,direct_vp,global_exact_spherical_vp,jones_free,,2,4,4.505007691999708,15.69216914900062,direct_vp,direct_vp,0,[],3094500.7667273483,3096568,True,38976.278424889955,2.6034666384318294e+17,155.6223529448341,42428.03523128734,nan,nan,[0.0],,[4.577915888012498e-06],"{""min"":0.0,""median"":0.0,""max"":0.0}",nan,0.0,[5.20173197938292],10.876877675000287,reliability_gated_ris_only
0,3147786918,vp_family,jones_regularized_vp,-20.0,False,,16.340180642000632,0.00046037016143704004,0.5957468657198812,0.02162491598926497,2.3806814700897406e-11,27.141938035252753,True,direct_vp,global_exact_spherical_vp,jones_regularized,,2,4,4.091130007000174,15.570478613000887,direct_vp,direct_vp,0,[],3094500.8023126004,3096568,True,38976.27841146537,2.603466639324008e+17,155.62235295583508,42428.03522821417,nan,nan,[0.9999999999839999],,[1.144481160967176e-06],"{""min"":464907.27766946633,""median"":464907.27766946633,""max"":464907.27766946633}",nan,0.0,[5.20173197938292],11.157258616000036,reliability_gated_ris_only
0,3147786918,vp_family,adaptive_jones_vp_proposed,-20.0,False,,24.293694701998902,0.0003072542346195432,0.6028138253220584,0.046307249903958514,2.3808778825849884e-11,27.141913916212978,True,direct_vp,global_exact_spherical_vp,adaptive_jones,fixed_pol_anchor,1,4,12.391587853000601,23.529007893997914,direct_vp,direct_vp,0,[],3094498.052457824,3096568,True,0.0,2.6753263642611203e+17,145.4692913596646,43928.30168957116,3096665.6748452573,3096668.8279373385,[99.51535129306212],[0.010048700897970917],[4.5311005467072766e-10],,nan,0.0,[5.20173197938292],10.77930472999833,reliability_gated_ris_only
0,3147786918,stage2_gate,direct_vp_only,-20.0,False,,25.100863988998753,0.0003072542346195432,0.6028138253220584,0.046307249903958514,2.3808778825849884e-11,27.141913916212978,True,direct_vp,global_exact_spherical_vp,adaptive_jones,fixed_pol_anchor,1,4,12.498364949000461,24.36084156600009,direct_vp,direct_vp,0,[],3094498.052457824,3096568,True,0.0,2.6753263642611203e+17,145.4692913596646,43928.30168957116,3096665.6748452573,3096668.8279373385,[99.51535129306212],[0.010048700897970917],[4.5311005467072766e-10],,nan,0.0,[5.20173197938292],11.535213402999943,reliability_gated_ris_only
0,3147786918,stage2_gate,ris_jnpp_always_then_vp,-20.0,False,,39.170910525999716,0.0003072542346195432,0.6028138253220584,0.046307249903958514,2.3808778825849884e-11,27.141913916212978,True,direct_vp_rollback,global_exact_spherical_vp,adaptive_jones,fixed_pol_anchor,1,4,13.49414598399926,24.77341713199894,jnpp_then_vp,direct_vp,0,[],3094498.052457824,3096568,True,0.0,2.6753263642611203e+17,145.4692913596646,43928.30168957116,3096665.6748452573,3096668.8279373385,[99.51535129306212],[0.010048700897970917],[4.5311005467072766e-10],,nan,0.0,[5.20173197938292],10.944761011000082,force_ris_only
0,3147786918,stage2_gate,reliability_gated_ris_jnpp_then_vp_proposed,-20.0,False,,24.343931449999218,0.0003072542346195432,0.6028138253220584,0.046307249903958514,2.3808778825849884e-11,27.141913916212978,True,direct_vp,global_exact_spherical_vp,adaptive_jones,fixed_pol_anchor,1,4,12.795970645000125,23.60891085500043,direct_vp,direct_vp,0,[],3094498.052457824,3096568,True,0.0,2.6753263642611203e+17,145.4692913596646,43928.30168957116,3096665.6748452573,3096668.8279373385,[99.51535129306212],[0.010048700897970917],[4.5311005467072766e-10],,nan,0.0,[5.20173197938292],10.44684731900088,reliability_gated_ris_only
0,3147786918,jones_lambda,fixed_pol_limit,-20.0,False,,21.36506054900019,0.0003072542346195432,0.6028138253220584,0.046307249903958514,2.3808778825849884e-11,27.141913916212978,True,direct_vp,global_exact_spherical_vp,fixed_pol,,1,6,8.83074992299953,20.31752453899753,direct_vp,direct_vp,0,[],3094498.052457824,3096568,True,0.0,2.6753263642611203e+17,145.4692913596646,43928.30168957116,nan,nan,,,,,nan,0.0,[5.20173197938292],11.167449369999304,reliability_gated_ris_only
0,3147786918,jones_lambda,lambda_1e4,-20.0,False,,16.852812340999662,0.00046587089208673744,0.5957468657198812,0.02162491598926497,2.3809124886725756e-11,27.141938971358375,True,direct_vp,global_exact_spherical_vp,jones_regularized,,2,4,4.692022410999925,16.033632298998782,direct_vp,direct_vp,0,[],3094500.9090396725,3096568,True,38976.27843761378,2.6034666375638026e+17,155.62235294333973,42428.0352313995,nan,nan,[10000.0],,[4.577008477636528e-14],"{""min"":4649072776.769051,""median"":4649072776.769051,""max"":4649072776.769051}",nan,0.0,[5.20173197938292],10.885088375000123,reliability_gated_ris_only
0,3147786918,jones_lambda,lambda_1e2,-20.0,False,,16.959605447000285,0.00046574096506214784,0.5957468657198812,0.02162491598926497,2.380907959351164e-11,27.14193894700821,True,direct_vp,global_exact_spherical_vp,jones_regularized,,2,4,4.7736941349994595,15.968885209000291,direct_vp,direct_vp,0,[],3094500.906263467,3096568,True,38976.27843755961,2.6034666375677997e+17,155.6223529513722,42428.03522921496,nan,nan,[100.0],,[4.4877198869881834e-10],"{""min"":46490727.7676905,""median"":46490727.7676905,""max"":46490727.7676905}",nan,0.0,[5.20173197938292],10.843816368000262,reliability_gated_ris_only
0,3147786918,jones_lambda,lambda_1,-20.0,False,,16.092889088999073,0.00046037016143707436,0.5957468657198812,0.02162491598926497,2.3806814700897406e-11,27.141938035252753,True,direct_vp,global_exact_spherical_vp,jones_regularized,,2,4,4.360261964000529,15.090084076002313,direct_vp,direct_vp,0,[],3094500.8023126004,3096568,True,38976.27841146537,2.603466639324008e+17,155.62235295583508,42428.03522821417,nan,nan,[1.0],,[1.1444811609487972e-06],"{""min"":464907.27767690487,""median"":464907.27767690487,""max"":464907.27767690487}",nan,0.0,[5.20173197938292],10.343743665000147,reliability_gated_ris_only
0,3147786918,jones_lambda,lambda_1e_minus_2,-20.0,False,,15.684507716001463,0.0004572075993595841,0.5957468657198812,0.02162491598926497,2.3804549823410653e-11,27.141937723256078,True,direct_vp,global_exact_spherical_vp,jones_regularized,,2,4,4.500034552000216,14.81914114599931,direct_vp,direct_vp,0,[],3094500.7667413023,3096568,True,38976.27842488862,2.60346663843185e+17,155.622352950088,42428.035229853704,nan,nan,[0.01],,[4.4877131291880234e-06],"{""min"":4649.072776769144,""median"":4649.072776769144,""max"":4649.072776769144}",nan,0.0,[5.20173197938292],9.985881415999756,reliability_gated_ris_only
0,3147786918,jones_lambda,free_jones,-20.0,False,,17.276690742000937,0.00045716646537095646,0.5957468657198812,0.02162491598926497,2.3804504068464318e-11,27.141937723133687,True,direct_vp,global_exact_spherical_vp,jones_free,,2,4,4.5062357549995795,16.481643968001663,direct_vp,direct_vp,0,[],3094500.7667273483,3096568,True,38976.278424889955,2.6034666384318294e+17,155.6223529448341,42428.03523128734,nan,nan,[0.0],,[4.577915888012498e-06],"{""min"":0.0,""median"":0.0,""max"":0.0}",nan,0.0,[5.20173197938292],11.45665790699968,reliability_gated_ris_only
0,3147786918,jones_lambda,adaptive_jones,-20.0,False,,26.468644962000326,0.0003072542346195432,0.6028138253220584,0.046307249903958514,2.3808778825849884e-11,27.141913916212978,True,direct_vp,global_exact_spherical_vp,adaptive_jones,fixed_pol_anchor,1,4,13.68209844500052,25.44420465500116,direct_vp,direct_vp,0,[],3094498.052457824,3096568,True,0.0,2.6753263642611203e+17,145.4692913596646,43928.30168957116,3096665.6748452573,3096668.8279373385,[99.51535129306212],[0.010048700897970917],[4.5311005467072766e-10],,nan,0.0,[5.20173197938292],11.417181241000435,reliability_gated_ris_only
1,112311654,vp_family,stage1_only_no_vp,-20.0,False,,23.809239625999908,9.065075183999717e-05,0.5991351305943357,0.004935273357957293,2.330981311745242e-12,7.774085637478151,True,direct_vp,global_exact_spherical_vp,adaptive_jones,fixed_pol_anchor,1,4,11.782467039998664,22.974123485000746,direct_vp,direct_vp,0,[],3094668.9363613264,3096568,True,35235.17122718752,2.9031955817533434e+17,125.99884449371552,51101.858242131275,3096665.6748452573,3096666.5306747234,[98.73057760813597],[0.010128574390299764],[3.5848561016576654e-10],,nan,0.0,[4.808583771457673],10.81109282199941,reliability_gated_ris_only
1,112311654,vp_family,fixed_pol_vp,-20.0,False,,18.119408802998805,9.065075183999717e-05,0.5991351305943357,0.004935273357957293,2.330981311745242e-12,7.774085637478151,True,direct_vp,global_exact_spherical_vp,fixed_pol,,1,6,6.355045242000415,17.20876415500061,direct_vp,direct_vp,0,[],3094668.9363613264,3096568,True,35235.17122718752,2.9031955817533434e+17,125.99884449371552,51101.858242131275,nan,nan,,,,,nan,0.0,[4.808583771457673],10.357982083000024,reliability_gated_ris_only
1,112311654,vp_family,jones_free_vp,-20.0,False,,16.716997962999812,0.00010686513709580045,0.6036352824843549,0.027499637010826916,2.3012795148926888e-12,7.774086758457843,True,direct_vp,global_exact_spherical_vp,jones_free,,2,4,4.8834518319999916,15.818341015999977,direct_vp,direct_vp,0,[],3094669.382595288,3096568,True,0.0,2.8810275400420224e+17,123.27725054675341,51676.20318137703,nan,nan,[0.0],,[3.5655628153198817e-06],"{""min"":0.0,""median"":0.0,""max"":0.0}",nan,0.0,[4.808583771457673],10.579951255000196,reliability_gated_ris_only
1,112311654,vp_family,jones_regularized_vp,-20.0,False,,16.931726235001406,0.00011830232902074127,0.6036352824843549,0.027499637010826916,2.3032666419182045e-12,7.774086828645306,True,direct_vp,global_exact_spherical_vp,jones_regularized,,2,4,4.559807413999806,16.176492367998435,direct_vp,direct_vp,0,[],3094669.4105351605,3096568,True,0.0,2.881027540052262e+17,123.27725053891433,51676.20318459714,nan,nan,[0.9999999999839999],,[8.913917978808497e-07],"{""min"":529344.8962014014,""median"":529344.8962014014,""max"":529344.8962014014}",nan,0.0,[4.808583771457673],11.264725754999745,reliability_gated_ris_only
1,112311654,vp_family,adaptive_jones_vp_proposed,-20.0,False,,23.457956223999645,9.065075183999717e-05,0.5991351305943357,0.004935273357957293,2.330981311745242e-12,7.774085637478151,True,direct_vp,global_exact_spherical_vp,adaptive_jones,fixed_pol_anchor,1,4,11.370426040999519,22.677863900999,direct_vp,direct_vp,0,[],3094668.9363613264,3096568,True,35235.17122718752,2.9031955817533434e+17,125.99884449371552,51101.858242131275,3096665.6748452573,3096666.5306747234,[98.73057760813597],[0.010128574390299764],[3.5848561016576654e-10],,nan,0.0,[4.808583771457673],10.994073985999421,reliability_gated_ris_only
1,112311654,stage2_gate,direct_vp_only,-20.0,False,,23.661040541999682,9.065075183999717e-05,0.5991351305943357,0.004935273357957293,2.330981311745242e-12,7.774085637478151,True,direct_vp,global_exact_spherical_vp,adaptive_jones,fixed_pol_anchor,1,4,11.26129709399902,22.7301349749996,direct_vp,direct_vp,0,[],3094668.9363613264,3096568,True,35235.17122718752,2.9031955817533434e+17,125.99884449371552,51101.858242131275,3096665.6748452573,3096666.5306747234,[98.73057760813597],[0.010128574390299764],[3.5848561016576654e-10],,nan,0.0,[4.808583771457673],11.03960539000036,reliability_gated_ris_only
1,112311654,stage2_gate,ris_jnpp_always_then_vp,-20.0,False,,36.76256249100152,9.065075183999717e-05,0.5991351305943357,0.004935273357957293,2.330981311745242e-12,7.774085637478151,True,direct_vp_rollback,global_exact_spherical_vp,adaptive_jones,fixed_pol_anchor,1,4,11.120119025999884,22.246202934000394,jnpp_then_vp,direct_vp,0,[],3094668.9363613264,3096568,True,35235.17122718752,2.9031955817533434e+17,125.99884449371552,51101.858242131275,3096665.6748452573,3096666.5306747234,[98.73057760813597],[0.010128574390299764],[3.5848561016576654e-10],,nan,0.0,[4.808583771457673],10.732120811000641,force_ris_only
1,112311654,stage2_gate,reliability_gated_ris_jnpp_then_vp_proposed,-20.0,False,,22.50054025299869,9.065075183999717e-05,0.5991351305943357,0.004935273357957293,2.330981311745242e-12,7.774085637478151,True,direct_vp,global_exact_spherical_vp,adaptive_jones,fixed_pol_anchor,1,4,10.724307163000049,21.74832819400035,direct_vp,direct_vp,0,[],3094668.9363613264,3096568,True,35235.17122718752,2.9031955817533434e+17,125.99884449371552,51101.858242131275,3096665.6748452573,3096666.5306747234,[98.73057760813597],[0.010128574390299764],[3.5848561016576654e-10],,nan,0.0,[4.808583771457673],10.668951465000646,reliability_gated_ris_only
1,112311654,jones_lambda,fixed_pol_limit,-20.0,False,,19.400277675000325,9.065075183999717e-05,0.5991351305943357,0.004935273357957293,2.330981311745242e-12,7.774085637478151,True,direct_vp,global_exact_spherical_vp,fixed_pol,,1,6,6.6430019729996275,18.527996232000078,direct_vp,direct_vp,0,[],3094668.9363613264,3096568,True,35235.17122718752,2.9031955817533434e+17,125.99884449371552,51101.858242131275,nan,nan,,,,,nan,0.0,[4.808583771457673],11.574049721000847,reliability_gated_ris_only
1,112311654,jones_lambda,lambda_1e4,-20.0,False,,16.267514429000585,0.00013154120839480398,0.6036352824843549,0.027499637010826916,2.305253319996406e-12,7.774087039151157,True,direct_vp,global_exact_spherical_vp,jones_regularized,,2,4,4.316114690000177,15.45664798299913,direct_vp,direct_vp,0,[],3094669.4943322716,3096568,True,0.0,2.8810275471163338e+17,123.27725053080795,51676.20318779475,nan,nan,[10000.0],,[3.564853206372245e-14],"{""min"":5293448962.098698,""median"":5293448962.098698,""max"":5293448962.098698}",nan,0.0,[4.808583771457673],10.751332965999609,reliability_gated_ris_only
1,112311654,jones_lambda,lambda_1e2,-20.0,False,,16.540939812999568,0.00013126431216988128,0.6036352824843549,0.027499637010826916,2.3052143696892522e-12,7.774087033675432,True,direct_vp,global_exact_spherical_vp,jones_regularized,,2,4,4.680962690999877,15.716665390000344,direct_vp,direct_vp,0,[],3094669.4921525223,3096568,True,0.0,2.8810275387819203e+17,123.277250539812,51676.20318402579,nan,nan,[100.0],,[3.4953095894586483e-10],"{""min"":52934489.62098706,""median"":52934489.62098706,""max"":52934489.62098706}",nan,0.0,[4.808583771457673],10.669459524000558,reliability_gated_ris_only
1,112311654,jones_lambda,lambda_1,-20.0,False,,17.585259217001294,0.00011830232902078641,0.6036352824843549,0.027499637010826916,2.303266641911587e-12,7.774086828645306,True,direct_vp,global_exact_spherical_vp,jones_regularized,,2,4,4.919278719000431,16.524805245000607,direct_vp,direct_vp,0,[],3094669.4105351605,3096568,True,0.0,2.881027540049989e+17,123.2772505359613,51676.20318583462,nan,nan,[1.0],,[8.913917978665232e-07],"{""min"":529344.8962098695,""median"":529344.8962098695,""max"":529344.8962098695}",nan,0.0,[4.808583771457673],11.255835552999997,reliability_gated_ris_only
1,112311654,jones_lambda,lambda_1e_minus_2,-20.0,False,,15.35478491700087,0.00010707410339144686,0.6036352824843549,0.027499637010826916,2.3013188644369107e-12,7.7740867584853675,True,direct_vp,global_exact_spherical_vp,jones_regularized,,2,4,4.335155811999357,14.548831140000402,direct_vp,direct_vp,0,[],3094669.3826062446,3096568,True,0.0,2.881027540042028e+17,123.27725055160967,51676.2031793415,nan,nan,[0.01],,[3.495307287190035e-06],"{""min"":5293.448962098698,""median"":5293.448962098698,""max"":5293.448962098698}",nan,0.0,[4.808583771457673],9.864504240000315,reliability_gated_ris_only
1,112311654,jones_lambda,free_jones,-20.0,False,,16.811891564999314,0.00010686513709580045,0.6036352824843549,0.027499637010826916,2.3012795148926888e-12,7.774086758457843,True,direct_vp,global_exact_spherical_vp,jones_free,,2,4,4.83810345799975,15.756526090000989,direct_vp,direct_vp,0,[],3094669.382595288,3096568,True,0.0,2.8810275400420224e+17,123.27725054675341,51676.20318137703,nan,nan,[0.0],,[3.5655628153198817e-06],"{""min"":0.0,""median"":0.0,""max"":0.0}",nan,0.0,[4.808583771457673],10.591599401001076,reliability_gated_ris_only
1,112311654,jones_lambda,adaptive_jones,-20.0,False,,24.32540461499957,9.065075183999717e-05,0.5991351305943357,0.004935273357957293,2.330981311745242e-12,7.774085637478151,True,direct_vp,global_exact_spherical_vp,adaptive_jones,fixed_pol_anchor,1,4,11.940243802000623,23.25977951799905,direct_vp,direct_vp,0,[],3094668.9363613264,3096568,True,35235.17122718752,2.9031955817533434e+17,125.99884449371552,51101.858242131275,3096665.6748452573,3096666.5306747234,[98.73057760813597],[0.010128574390299764],[3.5848561016576654e-10],,nan,0.0,[4.808583771457673],10.97589795299973,reliability_gated_ris_only
2,3251202663,vp_family,stage1_only_no_vp,-20.0,False,,25.30844813299882,0.00028817530558330107,0.5998352225992744,0.07834809216101313,7.439165835080632e-12,13.980015756966438,True,direct_vp,global_exact_spherical_vp,adaptive_jones,fixed_pol_anchor,1,4,13.098742362000849,24.4604789240002,direct_vp,direct_vp,0,[],3095791.5104262573,3096568,True,0.0,3.141224857339926e+17,128.59940841716,47360.8079760463,3096665.6748452573,3096667.307796968,[100.02721176491933],[0.009997279562786773],[5.611807773200083e-10],,nan,0.0,[4.91092294812208],11.022808003999671,reliability_gated_ris_only
2,3251202663,vp_family,fixed_pol_vp,-20.0,False,,20.70378837499993,0.00028817530558330107,0.5998352225992744,0.07834809216101313,7.439165835080632e-12,13.980015756966438,True,direct_vp,global_exact_spherical_vp,fixed_pol,,1,6,8.835791124000025,19.79067868200036,direct_vp,direct_vp,0,[],3095791.5104262573,3096568,True,0.0,3.141224857339926e+17,128.59940841716,47360.8079760463,nan,nan,,,,,nan,0.0,[4.91092294812208],10.427119531999779,reliability_gated_ris_only
2,3251202663,vp_family,jones_free_vp,-20.0,False,,17.110289801999897,0.00024230101340157173,0.5985632069069721,0.054653538914221755,7.354927605263964e-12,13.980021008691773,True,direct_vp,global_exact_spherical_vp,jones_free,,2,4,4.748693243000162,16.327722975000142,direct_vp,direct_vp,0,[],3095792.6733896616,3096568,True,0.0,3.042406308031038e+17,131.54472944006153,46801.44576918507,nan,nan,[0.0],,[5.727858631354112e-06],"{""min"":0.0,""median"":0.0,""max"":0.0}",nan,0.0,[4.91092294812208],11.225839012000506,reliability_gated_ris_only
2,3251202663,vp_family,jones_regularized_vp,-20.0,False,,16.67045025400148,0.0002550652017578752,0.5985632069069721,0.054653538914221755,7.346152161361723e-12,13.980021208818682,True,direct_vp,global_exact_spherical_vp,jones_regularized,,2,4,4.666786640000282,15.59772419699948,direct_vp,direct_vp,0,[],3095792.7177065774,3096568,True,33175.033687691226,3.044500239975202e+17,131.544729421756,46801.44577450901,nan,nan,[0.9999999999839999],,[1.4319454035005241e-06],"{""min"":496636.06191292504,""median"":496636.06191292504,""max"":496636.06191292504}",nan,0.0,[4.91092294812208],10.612685682999654,reliability_gated_ris_only
2,3251202663,vp_family,adaptive_jones_vp_proposed,-20.0,False,,24.791878920999807,0.00028817530558330107,0.5998352225992744,0.07834809216101313,7.439165835080632e-12,13.980015756966438,True,direct_vp,global_exact_spherical_vp,adaptive_jones,fixed_pol_anchor,1,4,13.103451436001706,23.66356884400193,direct_vp,direct_vp,0,[],3095791.5104262573,3096568,True,0.0,3.141224857339926e+17,128.59940841716,47360.8079760463,3096665.6748452573,3096667.307796968,[100.02721176491933],[0.009997279562786773],[5.611807773200083e-10],,nan,0.0,[4.91092294812208],10.155144598000334,reliability_gated_ris_only
2,3251202663,stage2_gate,direct_vp_only,-20.0,False,,25.3911622229989,0.00028817530558330107,0.5998352225992744,0.07834809216101313,7.439165835080632e-12,13.980015756966438,True,direct_vp,global_exact_spherical_vp,adaptive_jones,fixed_pol_anchor,1,4,13.042205447000015,24.62824138399992,direct_vp,direct_vp,0,[],3095791.5104262573,3096568,True,0.0,3.141224857339926e+17,128.59940841716,47360.8079760463,3096665.6748452573,3096667.307796968,[100.02721176491933],[0.009997279562786773],[5.611807773200083e-10],,nan,0.0,[4.91092294812208],11.206424871999843,reliability_gated_ris_only
2,3251202663,stage2_gate,ris_jnpp_always_then_vp,-20.0,False,,40.907421344001705,0.00028817530558330107,0.5998352225992744,0.07834809216101313,7.439165835080632e-12,13.980015756966438,True,direct_vp_rollback,global_exact_spherical_vp,adaptive_jones,fixed_pol_anchor,1,4,13.209906169999158,25.058725208000396,jnpp_then_vp,direct_vp,0,[],3095791.5104262573,3096568,True,0.0,3.141224857339926e+17,128.59940841716,47360.8079760463,3096665.6748452573,3096667.307796968,[100.02721176491933],[0.009997279562786773],[5.611807773200083e-10],,nan,0.0,[4.91092294812208],11.504148731999521,force_ris_only
2,3251202663,stage2_gate,reliability_gated_ris_jnpp_then_vp_proposed,-20.0,False,,24.299505994000356,0.00028817530558330107,0.5998352225992744,0.07834809216101313,7.439165835080632e-12,13.980015756966438,True,direct_vp,global_exact_spherical_vp,adaptive_jones,fixed_pol_anchor,1,4,12.475812988001053,23.49806861700199,direct_vp,direct_vp,0,[],3095791.5104262573,3096568,True,0.0,3.141224857339926e+17,128.59940841716,47360.8079760463,3096665.6748452573,3096667.307796968,[100.02721176491933],[0.009997279562786773],[5.611807773200083e-10],,nan,0.0,[4.91092294812208],10.437782601000436,reliability_gated_ris_only
2,3251202663,jones_lambda,fixed_pol_limit,-20.0,False,,17.773163957999714,0.00028817530558330107,0.5998352225992744,0.07834809216101313,7.439165835080632e-12,13.980015756966438,True,direct_vp,global_exact_spherical_vp,fixed_pol,,1,6,7.810492565000459,17.02249971600031,direct_vp,direct_vp,0,[],3095791.5104262573,3096568,True,0.0,3.141224857339926e+17,128.59940841716,47360.8079760463,nan,nan,,,,,nan,0.0,[4.91092294812208],8.901219489000141,reliability_gated_ris_only
2,3251202663,jones_lambda,lambda_1e4,-20.0,False,,16.28078143499988,0.00027068853403913165,0.5985632069069721,0.054653538914221755,7.337379043206813e-12,13.98002180902512,True,direct_vp,global_exact_spherical_vp,jones_regularized,,2,4,4.489358303000699,15.477390569998533,direct_vp,direct_vp,0,[],3095792.8506187303,3096568,True,33175.03370141911,3.044500238483402e+17,131.544729425104,46801.44576975161,nan,nan,[10000.0],,[5.726543854875488e-14],"{""min"":4966360619.208712,""median"":4966360619.208712,""max"":4966360619.208712}",nan,0.0,[4.91092294812208],10.495955800999582,reliability_gated_ris_only
2,3251202663,jones_lambda,lambda_1e2,-20.0,False,,16.37480087199947,0.00027035472484598694,0.5985632069069721,0.054653538914221755,7.337551042775874e-12,13.980021793412586,True,direct_vp,global_exact_spherical_vp,jones_regularized,,2,4,4.342043123999247,15.585592829000234,direct_vp,direct_vp,0,[],3095792.847161427,3096568,True,33175.03370144959,3.044500238486646e+17,131.54472941727283,46801.44577263079,nan,nan,[100.0],,[5.61483208591621e-10],"{""min"":49663606.19208719,""median"":49663606.19208719,""max"":49663606.19208719}",nan,0.0,[4.91092294812208],10.93038153499947,reliability_gated_ris_only
2,3251202663,jones_lambda,lambda_1,-20.0,False,,15.12355745899913,0.00025506520175798853,0.5985632069069721,0.054653538914221755,7.346152161361723e-12,13.980021208818682,True,direct_vp,global_exact_spherical_vp,jones_regularized,,2,4,4.221475895999902,14.332287682997048,direct_vp,direct_vp,0,[],3095792.7177065774,3096568,True,33175.033687691226,3.044500239975202e+17,131.544729421756,46801.44577450901,nan,nan,[1.0],,[1.4319454034775394e-06],"{""min"":496636.06192087126,""median"":496636.06192087126,""max"":496636.06192087126}",nan,0.0,[4.91092294812208],9.769189607999579,reliability_gated_ris_only
2,3251202663,jones_lambda,lambda_1e_minus_2,-20.0,False,,15.46292123999956,0.00024252695676692983,0.5985632069069721,0.054653538914221755,7.354953590170143e-12,13.980021008770247,True,direct_vp,global_exact_spherical_vp,jones_regularized,,2,4,4.640866345998802,14.67419284099924,direct_vp,direct_vp,0,[],3095792.673407039,3096568,True,0.0,3.042406308031015e+17,131.54472943413745,46801.44577129232,nan,nan,[0.01],,[5.61499811658663e-06],"{""min"":4966.360619208709,""median"":4966.360619208709,""max"":4966.360619208709}",nan,0.0,[4.91092294812208],9.605543730000136,reliability_gated_ris_only
2,3251202663,jones_lambda,free_jones,-20.0,False,,15.844157534998885,0.00024230101340157173,0.5985632069069721,0.054653538914221755,7.354927605263964e-12,13.980021008691773,True,direct_vp,global_exact_spherical_vp,jones_free,,2,4,4.320388420999734,15.076545057001567,direct_vp,direct_vp,0,[],3095792.6733896616,3096568,True,0.0,3.042406308031038e+17,131.54472944006153,46801.44576918507,nan,nan,[0.0],,[5.727858631354112e-06],"{""min"":0.0,""median"":0.0,""max"":0.0}",nan,0.0,[4.91092294812208],10.359713169000315,reliability_gated_ris_only
2,3251202663,jones_lambda,adaptive_jones,-20.0,False,,24.100565583999924,0.00028817530558330107,0.5998352225992744,0.07834809216101313,7.439165835080632e-12,13.980015756966438,True,direct_vp,global_exact_spherical_vp,adaptive_jones,fixed_pol_anchor,1,4,12.901376926000012,23.32368395300182,direct_vp,direct_vp,0,[],3095791.5104262573,3096568,True,0.0,3.141224857339926e+17,128.59940841716,47360.8079760463,3096665.6748452573,3096667.307796968,[100.02721176491933],[0.009997279562786773],[5.611807773200083e-10],,nan,0.0,[4.91092294812208],10.1028312870003,reliability_gated_ris_only
3,3422926171,vp_family,stage1_only_no_vp,-20.0,False,,25.877825535999364,0.00019254113960741248,0.6018389691176164,0.0035425673132936097,3.5535973736432007e-12,60.23847199387162,True,direct_vp,global_exact_spherical_vp,adaptive_jones,fixed_pol_anchor,1,4,14.430416761000743,24.71168828000009,direct_vp,direct_vp,0,[],3094210.1620686306,3096568,True,37610.96403421494,2.7060732265733475e+17,141.16090798990857,47053.97043072941,3096665.6748452573,3096668.5554789533,[99.21697027722576],[0.010078920945747956],[6.64865723165658e-10],,nan,0.0,[5.189492582566999],9.957465334000517,reliability_gated_ris_only
3,3422926171,vp_family,fixed_pol_vp,-20.0,False,,17.629840216000957,0.00019254113960741248,0.6018389691176164,0.0035425673132936097,3.5535973736432007e-12,60.23847199387162,True,direct_vp,global_exact_spherical_vp,fixed_pol,,1,6,6.517149063998659,16.870646412997303,direct_vp,direct_vp,0,[],3094210.1620686306,3096568,True,37610.96403421494,2.7060732265733475e+17,141.16090798990857,47053.97043072941,nan,nan,,,,,nan,0.0,[5.189492582566999],9.913638432999505,reliability_gated_ris_only
3,3422926171,vp_family,jones_free_vp,-20.0,False,,15.216025969999464,0.00028845670520540083,0.6071757807952297,0.05124905789875367,3.6005550549425347e-12,60.238523150687016,True,direct_vp,global_exact_spherical_vp,jones_free,,2,4,3.7245054739996704,14.429940044998148,direct_vp,direct_vp,0,[],3094212.7897902974,3096568,True,0.0,2.5311835717931613e+17,147.8333394122574,45975.44165747701,nan,nan,[0.0],,[6.7764446633875895e-06],"{""min"":0.0,""median"":0.0,""max"":0.0}",nan,0.0,[5.189492582566999],10.357251057999747,reliability_gated_ris_only
3,3422926171,vp_family,jones_regularized_vp,-20.0,False,,18.780852156000037,0.00030086118314675815,0.6071375402993893,0.05132399924173825,3.64170264323034e-12,60.23851926782478,True,direct_vp,global_exact_spherical_vp,jones_regularized,,2,4,7.228766656999142,17.89947073699841,direct_vp,direct_vp,0,[],3094212.5903431433,3096568,True,0.0,2.5318089633606726e+17,147.87845141871358,45936.89489339016,nan,nan,[0.9999999999839999],,[1.669827183499471e-06],"{""min"":527000.8594883712,""median"":527000.8594883712,""max"":527000.8594883712}",nan,0.0,[5.189492582566999],10.32480794499861,reliability_gated_ris_only
3,3422926171,vp_family,adaptive_jones_vp_proposed,-20.0,False,,25.83980968600008,0.00019254113960741248,0.6018389691176164,0.0035425673132936097,3.5535973736432007e-12,60.23847199387162,True,direct_vp,global_exact_spherical_vp,adaptive_jones,fixed_pol_anchor,1,4,14.152001277998352,25.120185355001013,direct_vp,direct_vp,0,[],3094210.1620686306,3096568,True,37610.96403421494,2.7060732265733475e+17,141.16090798990857,47053.97043072941,3096665.6748452573,3096668.5554789533,[99.21697027722576],[0.010078920945747956],[6.64865723165658e-10],,nan,0.0,[5.189492582566999],10.640497645001233,reliability_gated_ris_only
3,3422926171,stage2_gate,direct_vp_only,-20.0,False,,24.793816368999614,0.00019254113960741248,0.6018389691176164,0.0035425673132936097,3.5535973736432007e-12,60.23847199387162,True,direct_vp,global_exact_spherical_vp,adaptive_jones,fixed_pol_anchor,1,4,14.101011916000061,24.022705369001415,direct_vp,direct_vp,0,[],3094210.1620686306,3096568,True,37610.96403421494,2.7060732265733475e+17,141.16090798990857,47053.97043072941,3096665.6748452573,3096668.5554789533,[99.21697027722576],[0.010078920945747956],[6.64865723165658e-10],,nan,0.0,[5.189492582566999],9.604273345001275,reliability_gated_ris_only
3,3422926171,stage2_gate,ris_jnpp_always_then_vp,-20.0,False,,41.33216244800133,0.00019254113960741248,0.6018389691176164,0.0035425673132936097,3.5535973736432007e-12,60.23847199387162,True,direct_vp_rollback,global_exact_spherical_vp,adaptive_jones,fixed_pol_anchor,1,4,14.368795858999874,24.71771894700032,jnpp_then_vp,direct_vp,0,[],3094210.1620686306,3096568,True,37610.96403421494,2.7060732265733475e+17,141.16090798990857,47053.97043072941,3096665.6748452573,3096668.5554789533,[99.21697027722576],[0.010078920945747956],[6.64865723165658e-10],,nan,0.0,[5.189492582566999],10.001704627999061,force_ris_only
3,3422926171,stage2_gate,reliability_gated_ris_jnpp_then_vp_proposed,-20.0,False,,26.644602435000706,0.00019254113960741248,0.6018389691176164,0.0035425673132936097,3.5535973736432007e-12,60.23847199387162,True,direct_vp,global_exact_spherical_vp,adaptive_jones,fixed_pol_anchor,1,4,14.595100726000965,25.8323041249987,direct_vp,direct_vp,0,[],3094210.1620686306,3096568,True,37610.96403421494,2.7060732265733475e+17,141.16090798990857,47053.97043072941,3096665.6748452573,3096668.5554789533,[99.21697027722576],[0.010078920945747956],[6.64865723165658e-10],,nan,0.0,[5.189492582566999],10.7435265969998,reliability_gated_ris_only
3,3422926171,jones_lambda,fixed_pol_limit,-20.0,False,,18.511910855999304,0.00019254113960741248,0.6018389691176164,0.0035425673132936097,3.5535973736432007e-12,60.23847199387162,True,direct_vp,global_exact_spherical_vp,fixed_pol,,1,6,6.365088319998904,17.495610582000154,direct_vp,direct_vp,0,[],3094210.1620686306,3096568,True,37610.96403421494,2.7060732265733475e+17,141.16090798990857,47053.97043072941,nan,nan,,,,,nan,0.0,[5.189492582566999],10.807637325000542,reliability_gated_ris_only
3,3422926171,jones_lambda,lambda_1e4,-20.0,False,,18.39341176400012,0.0002969959075238869,0.607137550135823,0.05132383476244584,3.67611430921433e-12,60.23852230896919,True,direct_vp,global_exact_spherical_vp,jones_regularized,,2,4,7.536221932999979,17.580554535003103,direct_vp,direct_vp,0,[],3094212.746554608,3096568,True,0.0,2.531809182912833e+17,147.87851552666274,45936.79552563947,nan,nan,[10000.0],,[6.676170170000722e-14],"{""min"":5270009679.063617,""median"":5270009679.063617,""max"":5270009679.063617}",nan,0.0,[5.189492582566999],9.689155927000684,reliability_gated_ris_only
3,3422926171,jones_lambda,lambda_1e2,-20.0,False,,19.18328853999992,0.0002970394515536431,0.6071375498810828,0.05132383812855501,3.675446799401149e-12,60.23852222988299,True,direct_vp,global_exact_spherical_vp,jones_regularized,,2,4,7.50893386199823,18.3377176519989,direct_vp,direct_vp,0,[],3094212.7424922655,3096568,True,40160.77662442838,2.5340712056152342e+17,147.8785143437456,45936.797400165655,nan,nan,[100.0],,[6.545965631269238e-10],"{""min"":52700096.58534208,""median"":52700096.58534208,""max"":52700096.58534208}",nan,0.0,[5.189492582566999],10.447972727000888,reliability_gated_ris_only
3,3422926171,jones_lambda,lambda_1,-20.0,False,,18.26823689699995,0.0003008919679806221,0.6071374970516191,0.05132408406890221,3.641389785642336e-12,60.23851926784534,True,direct_vp,global_exact_spherical_vp,jones_regularized,,2,4,6.6391970020013105,17.49104725000143,direct_vp,direct_vp,0,[],3094212.5903442,3096568,True,0.0,2.5318096448129782e+17,147.87850127092392,45936.851152218034,nan,nan,[1.0],,[1.669803916453666e-06],"{""min"":527000.8991961647,""median"":527000.8991961647,""max"":527000.8991961647}",nan,0.0,[5.189492582566999],10.541341251000631,reliability_gated_ris_only
3,3422926171,jones_lambda,lambda_1e_minus_2,-20.0,False,,15.472121890999915,0.00028827817619845616,0.6071757807952297,0.05124905789875367,3.6012443262828273e-12,60.238523151090405,True,direct_vp,global_exact_spherical_vp,jones_regularized,,2,4,3.8087273220007773,14.343841846000942,direct_vp,direct_vp,0,[],3094212.789811018,3096568,True,0.0,2.5311835717909117e+17,147.8333394300998,45975.4416519211,nan,nan,[0.01],,[6.642892033493511e-06],"{""min"":5269.659555083902,""median"":5269.659555083902,""max"":5269.659555083902}",nan,0.0,[5.189492582566999],10.217764476999946,reliability_gated_ris_only
3,3422926171,jones_lambda,free_jones,-20.0,False,,14.517718506000165,0.00028845670520540083,0.6071757807952297,0.05124905789875367,3.6005550549425347e-12,60.238523150687016,True,direct_vp,global_exact_spherical_vp,jones_free,,2,4,3.8274975750009617,13.462789582001278,direct_vp,direct_vp,0,[],3094212.7897902974,3096568,True,0.0,2.5311835717931613e+17,147.8333394122574,45975.44165747701,nan,nan,[0.0],,[6.7764446633875895e-06],"{""min"":0.0,""median"":0.0,""max"":0.0}",nan,0.0,[5.189492582566999],9.276690094000514,reliability_gated_ris_only
3,3422926171,jones_lambda,adaptive_jones,-20.0,False,,26.591022347000035,0.00019254113960741248,0.6018389691176164,0.0035425673132936097,3.5535973736432007e-12,60.23847199387162,True,direct_vp,global_exact_spherical_vp,adaptive_jones,fixed_pol_anchor,1,4,14.374990428001183,25.763893405999625,direct_vp,direct_vp,0,[],3094210.1620686306,3096568,True,37610.96403421494,2.7060732265733475e+17,141.16090798990857,47053.97043072941,3096665.6748452573,3096668.5554789533,[99.21697027722576],[0.010078920945747956],[6.64865723165658e-10],,nan,0.0,[5.189492582566999],10.996139480999773,reliability_gated_ris_only
4,287230138,vp_family,stage1_only_no_vp,-20.0,False,,30.575887568000326,0.00028496925122250785,0.602404829415451,0.01616207360689703,1.483129385133287e-11,3.927277266811468,True,direct_vp,global_exact_spherical_vp,adaptive_jones,fixed_pol_anchor,1,4,18.070364081000662,29.81741356999919,direct_vp,direct_vp,0,[],3097602.9934449513,3096568,True,33940.45415917388,3.032425106693292e+17,165.2289987228865,48207.202820103266,3096665.6748452573,3096666.8840071736,[98.22186703103476],[0.010181032290760795],[2.705887686808533e-09],,nan,0.0,[4.875305436323274],11.403958695000256,reliability_gated_ris_only
4,287230138,vp_family,fixed_pol_vp,-20.0,False,,18.62305968000146,0.00028496925122250785,0.602404829415451,0.01616207360689703,1.483129385133287e-11,3.927277266811468,True,direct_vp,global_exact_spherical_vp,fixed_pol,,1,6,6.492302380000183,17.664458996001486,direct_vp,direct_vp,0,[],3097602.9934449513,3096568,True,33940.45415917388,3.032425106693292e+17,165.2289987228865,48207.202820103266,nan,nan,,,,,nan,0.0,[4.875305436323274],10.862282079999204,reliability_gated_ris_only
4,287230138,vp_family,jones_free_vp,-20.0,False,,23.157120916001077,0.0002860717567486219,0.6027489855769409,0.0065263973644285045,1.4839721816267268e-11,3.9272773746009966,True,direct_vp,global_exact_spherical_vp,jones_free,,2,4,11.091248614000506,22.287865722999413,direct_vp,direct_vp,0,[],3097603.0784629276,3096568,True,0.0,2.99098662107949e+17,166.86255762157447,47973.142867508854,nan,nan,[0.0],,[2.6637163057236993e-05],"{""min"":0.0,""median"":0.0,""max"":0.0}",nan,0.0,[4.875305436323274],10.8720029899996,reliability_gated_ris_only
4,287230138,vp_family,jones_regularized_vp,-20.0,False,,23.864303461001327,0.00032777852551622036,0.6027500267863364,0.006541419332213749,1.4857704878936018e-11,3.9272776446633504,True,direct_vp,global_exact_spherical_vp,jones_regularized,,2,4,11.822404687000017,23.08268483700158,direct_vp,direct_vp,0,[],3097603.2914720685,3096568,True,34379.90509275749,2.993655666743699e+17,166.86436099158504,47972.20819642223,nan,nan,[0.9999999999839999],,[6.655727478791145e-06],"{""min"":483066.65569241805,""median"":483066.65569241805,""max"":483066.65569241805}",nan,0.0,[4.875305436323274],10.945374032000473,reliability_gated_ris_only
4,287230138,vp_family,adaptive_jones_vp_proposed,-20.0,False,,29.811081433001164,0.00028496925122250785,0.602404829415451,0.01616207360689703,1.483129385133287e-11,3.927277266811468,True,direct_vp,global_exact_spherical_vp,adaptive_jones,fixed_pol_anchor,1,4,17.879462998000236,28.74343064400091,direct_vp,direct_vp,0,[],3097602.9934449513,3096568,True,33940.45415917388,3.032425106693292e+17,165.2289987228865,48207.202820103266,3096665.6748452573,3096666.8840071736,[98.22186703103476],[0.010181032290760795],[2.705887686808533e-09],,nan,0.0,[4.875305436323274],10.510199980000834,reliability_gated_ris_only
4,287230138,stage2_gate,direct_vp_only,-20.0,False,,29.043921919999775,0.00028496925122250785,0.602404829415451,0.01616207360689703,1.483129385133287e-11,3.927277266811468,True,direct_vp,global_exact_spherical_vp,adaptive_jones,fixed_pol_anchor,1,4,17.697244031000082,28.097896371002207,direct_vp,direct_vp,0,[],3097602.9934449513,3096568,True,33940.45415917388,3.032425106693292e+17,165.2289987228865,48207.202820103266,3096665.6748452573,3096666.8840071736,[98.22186703103476],[0.010181032290760795],[2.705887686808533e-09],,nan,0.0,[4.875305436323274],10.003348191999976,reliability_gated_ris_only
4,287230138,stage2_gate,ris_jnpp_always_then_vp,-20.0,False,,50.02654101199914,0.00028496925122250785,0.602404829415451,0.01616207360689703,1.483129385133287e-11,3.927277266811468,True,direct_vp_rollback,global_exact_spherical_vp,adaptive_jones,fixed_pol_anchor,1,4,17.344404448000205,28.797532588998365,jnpp_then_vp,direct_vp,0,[],3097602.9934449513,3096568,True,33940.45415917388,3.032425106693292e+17,165.2289987228865,48207.202820103266,3096665.6748452573,3096666.8840071736,[98.22186703103476],[0.010181032290760795],[2.705887686808533e-09],,nan,0.0,[4.875305436323274],11.109638565998466,force_ris_only
4,287230138,stage2_gate,reliability_gated_ris_jnpp_then_vp_proposed,-20.0,False,,31.404223737999928,0.00028496925122250785,0.602404829415451,0.01616207360689703,1.483129385133287e-11,3.927277266811468,True,direct_vp,global_exact_spherical_vp,adaptive_jones,fixed_pol_anchor,1,4,18.567234776999612,30.115532027999507,direct_vp,direct_vp,0,[],3097602.9934449513,3096568,True,33940.45415917388,3.032425106693292e+17,165.2289987228865,48207.202820103266,3096665.6748452573,3096666.8840071736,[98.22186703103476],[0.010181032290760795],[2.705887686808533e-09],,nan,0.0,[4.875305436323274],11.064707175000876,reliability_gated_ris_only
4,287230138,jones_lambda,fixed_pol_limit,-20.0,False,,17.644463114000246,0.00028496925122250785,0.602404829415451,0.01616207360689703,1.483129385133287e-11,3.927277266811468,True,direct_vp,global_exact_spherical_vp,fixed_pol,,1,6,6.2899537140001485,16.837845255000502,direct_vp,direct_vp,0,[],3097602.9934449513,3096568,True,33940.45415917388,3.032425106693292e+17,165.2289987228865,48207.202820103266,nan,nan,,,,,nan,0.0,[4.875305436323274],10.218034708999767,reliability_gated_ris_only
4,287230138,jones_lambda,lambda_1e4,-20.0,False,,22.86120044999916,0.00038429510623224847,0.6027506876237244,0.006550422923782939,1.487508082191877e-11,3.927278447599688,True,direct_vp,global_exact_spherical_vp,jones_regularized,,2,4,11.183534383000733,21.96382486999937,direct_vp,direct_vp,0,[],3097603.92478055,3096568,True,0.0,2.9906167139170816e+17,166.86553575726202,47971.61520249372,nan,nan,[10000.0],,[2.6608453995565984e-13],"{""min"":4830653735.2964325,""median"":4830653735.2964325,""max"":4830653735.2964325}",nan,0.0,[4.875305436323274],10.457719070998792,reliability_gated_ris_only
4,287230138,jones_lambda,lambda_1e2,-20.0,False,,22.78383552000014,0.0003885533714850808,0.6027488668236068,0.0065227055189716054,1.4862488814779032e-11,3.927278418644947,True,direct_vp,global_exact_spherical_vp,jones_regularized,,2,4,11.491301469000973,21.910508267001205,direct_vp,direct_vp,0,[],3097603.901942771,3096568,True,34380.02263318119,2.993645733439199e+17,166.86262294349265,47973.220213696644,nan,nan,[100.0],,[2.6114492011953056e-09],"{""min"":48306895.85054695,""median"":48306895.85054695,""max"":48306895.85054695}",nan,0.0,[4.875305436323274],10.096884444001262,reliability_gated_ris_only
4,287230138,jones_lambda,lambda_1,-20.0,False,,23.27323559300021,0.00033156107400467133,0.6027488017554604,0.006522674376692628,1.4850602665664787e-11,3.9272776407640055,True,direct_vp,global_exact_spherical_vp,jones_regularized,,2,4,11.243445739999515,22.38113305099978,direct_vp,direct_vp,0,[],3097603.288396497,3096568,True,34380.00708622392,2.993647090489038e+17,166.86239317315182,47973.28922110297,nan,nan,[1.0],,[6.660044376642942e-06],"{""min"":483069.078597368,""median"":483069.078597368,""max"":483069.078597368}",nan,0.0,[4.875305436323274],10.780237037999541,reliability_gated_ris_only
4,287230138,jones_lambda,lambda_1e_minus_2,-20.0,False,,22.96256742100013,0.00028760697594780763,0.6027487400705295,0.006522645868160204,1.4839519154237865e-11,3.9272773745563607,True,direct_vp,global_exact_spherical_vp,jones_regularized,,2,4,11.150431140000364,22.13773639500141,direct_vp,direct_vp,0,[],3097603.0784277217,3096568,True,0.0,2.990981969032311e+17,166.8621656152026,47973.35748535401,nan,nan,[0.01],,[2.611567407483448e-05],"{""min"":4830.691971691054,""median"":4830.691971691054,""max"":4830.691971691054}",nan,0.0,[4.875305436323274],10.634999744999732,reliability_gated_ris_only
4,287230138,jones_lambda,free_jones,-20.0,False,,23.08314150499973,0.0002860717567486219,0.6027489855769409,0.0065263973644285045,1.4839721816267268e-11,3.9272773746009966,True,direct_vp,global_exact_spherical_vp,jones_free,,2,4,11.54622022500007,21.919662729000265,direct_vp,direct_vp,0,[],3097603.0784629276,3096568,True,0.0,2.99098662107949e+17,166.86255762157447,47973.142867508854,nan,nan,[0.0],,[2.6637163057236993e-05],"{""min"":0.0,""median"":0.0,""max"":0.0}",nan,0.0,[4.875305436323274],10.03881959499995,reliability_gated_ris_only
4,287230138,jones_lambda,adaptive_jones,-20.0,False,,29.561046714999975,0.00028496925122250785,0.602404829415451,0.01616207360689703,1.483129385133287e-11,3.927277266811468,True,direct_vp,global_exact_spherical_vp,adaptive_jones,fixed_pol_anchor,1,4,17.623791075000554,28.31216299999869,direct_vp,direct_vp,0,[],3097602.9934449513,3096568,True,33940.45415917388,3.032425106693292e+17,165.2289987228865,48207.202820103266,3096665.6748452573,3096666.8840071736,[98.22186703103476],[0.010181032290760795],[2.705887686808533e-09],,nan,0.0,[4.875305436323274],10.319395161999637,reliability_gated_ris_only
5,2290547997,vp_family,stage1_only_no_vp,-20.0,False,,23.09265263299858,0.0003573558200711108,0.6094663307815383,0.0917151213881855,3.761533768953322e-12,47.41499029287819,True,direct_vp,global_exact_spherical_vp,adaptive_jones,fixed_pol_anchor,1,4,10.653156529000626,22.0105064820018,direct_vp,direct_vp,0,[],3098063.148292985,3096568,True,32366.54167363718,3.0644583631146246e+17,154.15485090686622,39800.2430086865,3096665.6748452573,3096667.5680202222,[101.93666139857459],[0.00981001325899856],[4.152442824697856e-10],,nan,0.0,[4.537285691542723],10.9471421369999,reliability_gated_ris_only
5,2290547997,vp_family,fixed_pol_vp,-20.0,False,,18.417400325000926,0.0003573558200711108,0.6094663307815383,0.0917151213881855,3.761533768953322e-12,47.41499029287819,True,direct_vp,global_exact_spherical_vp,fixed_pol,,1,6,6.319730682000227,17.587474044999908,direct_vp,direct_vp,0,[],3098063.148292985,3096568,True,32366.54167363718,3.0644583631146246e+17,154.15485090686622,39800.2430086865,nan,nan,,,,,nan,0.0,[4.537285691542723],10.887193078000564,reliability_gated_ris_only
5,2290547997,vp_family,jones_free_vp,-20.0,False,,19.171008264000193,0.000498890266062033,0.6203328434100647,0.12914363299616216,3.7322876990271535e-12,47.41501282791798,True,direct_vp,global_exact_spherical_vp,jones_free,,2,4,8.128749022000193,18.336726247001934,direct_vp,direct_vp,0,[],3098064.620717125,3096568,True,31723.245776682128,3.126449124604462e+17,148.71667931913225,40547.357362927425,nan,nan,[0.0],,[4.400047064113109e-06],"{""min"":0.0,""median"":0.0,""max"":0.0}",nan,0.0,[4.537285691542723],9.875232643000345,reliability_gated_ris_only
5,2290547997,vp_family,jones_regularized_vp,-20.0,False,,16.33775003499977,0.00048227915046336053,0.6203328434100647,0.12914363299616216,3.740061833426066e-12,47.41501333955452,True,direct_vp,global_exact_spherical_vp,jones_regularized,,2,4,4.253475098999843,15.540896730002714,direct_vp,direct_vp,0,[],3098064.6541471076,3096568,True,31723.238691173072,3.12644982284738e+17,148.71667930954257,40547.35736474214,nan,nan,[0.9999999999839999],,[1.0999956911347255e-06],"{""min"":486386.7407247841,""median"":486386.7407247841,""max"":486386.7407247841}",nan,0.0,[4.537285691542723],10.984722389001035,reliability_gated_ris_only
5,2290547997,vp_family,adaptive_jones_vp_proposed,-20.0,False,,22.92952862399943,0.0003573558200711108,0.6094663307815383,0.0917151213881855,3.761533768953322e-12,47.41499029287819,True,direct_vp,global_exact_spherical_vp,adaptive_jones,fixed_pol_anchor,1,4,11.155894744999387,22.074895966999975,direct_vp,direct_vp,0,[],3098063.148292985,3096568,True,32366.54167363718,3.0644583631146246e+17,154.15485090686622,39800.2430086865,3096665.6748452573,3096667.5680202222,[101.93666139857459],[0.00981001325899856],[4.152442824697856e-10],,nan,0.0,[4.537285691542723],10.573858624000422,reliability_gated_ris_only
5,2290547997,stage2_gate,direct_vp_only,-20.0,False,,24.8495963080004,0.0003573558200711108,0.6094663307815383,0.0917151213881855,3.761533768953322e-12,47.41499029287819,True,direct_vp,global_exact_spherical_vp,adaptive_jones,fixed_pol_anchor,1,4,10.46301805099938,24.024017690997425,direct_vp,direct_vp,0,[],3098063.148292985,3096568,True,32366.54167363718,3.0644583631146246e+17,154.15485090686622,39800.2430086865,3096665.6748452573,3096667.5680202222,[101.93666139857459],[0.00981001325899856],[4.152442824697856e-10],,nan,0.0,[4.537285691542723],13.066313839999566,reliability_gated_ris_only
5,2290547997,stage2_gate,ris_jnpp_always_then_vp,-20.0,False,,36.425832585000535,0.0003573558200711108,0.6094663307815383,0.0917151213881855,3.761533768953322e-12,47.41499029287819,True,direct_vp_rollback,global_exact_spherical_vp,adaptive_jones,fixed_pol_anchor,1,4,10.970589316000769,22.129561375000776,jnpp_then_vp,direct_vp,0,[],3098063.148292985,3096568,True,32366.54167363718,3.0644583631146246e+17,154.15485090686622,39800.2430086865,3096665.6748452573,3096667.5680202222,[101.93666139857459],[0.00981001325899856],[4.152442824697856e-10],,nan,0.0,[4.537285691542723],10.65853920599875,force_ris_only
5,2290547997,stage2_gate,reliability_gated_ris_jnpp_then_vp_proposed,-20.0,False,,22.821135286001663,0.0003573558200711108,0.6094663307815383,0.0917151213881855,3.761533768953322e-12,47.41499029287819,True,direct_vp,global_exact_spherical_vp,adaptive_jones,fixed_pol_anchor,1,4,10.841261288000169,22.042711300999144,direct_vp,direct_vp,0,[],3098063.148292985,3096568,True,32366.54167363718,3.0644583631146246e+17,154.15485090686622,39800.2430086865,3096665.6748452573,3096667.5680202222,[101.93666139857459],[0.00981001325899856],[4.152442824697856e-10],,nan,0.0,[4.537285691542723],10.832568202000402,reliability_gated_ris_only
5,2290547997,jones_lambda,fixed_pol_limit,-20.0,False,,18.16237501500109,0.0003573558200711108,0.6094663307815383,0.0917151213881855,3.761533768953322e-12,47.41499029287819,True,direct_vp,global_exact_spherical_vp,fixed_pol,,1,6,6.373285330999352,17.415241651999168,direct_vp,direct_vp,0,[],3098063.148292985,3096568,True,32366.54167363718,3.0644583631146246e+17,154.15485090686622,39800.2430086865,nan,nan,,,,,nan,0.0,[4.537285691542723],10.740020253999319,reliability_gated_ris_only
5,2290547997,jones_lambda,lambda_1e4,-20.0,False,,14.331074437999632,0.00046783028046077074,0.6203328434100647,0.12914363299616216,3.7478405491217885e-12,47.415014874018226,True,direct_vp,global_exact_spherical_vp,jones_regularized,,2,4,4.092567674999373,13.48409727500075,direct_vp,direct_vp,0,[],3098064.7544079204,3096568,True,31723.245609484024,3.1264491408358835e+17,148.71667930914174,40547.35736245331,nan,nan,[10000.0],,[4.3990298854034435e-14],"{""min"":4863867407.325665,""median"":4863867407.325665,""max"":4863867407.325665}",nan,0.0,[4.537285691542723],9.063063479001357,reliability_gated_ris_only
5,2290547997,jones_lambda,lambda_1e2,-20.0,False,,16.072163699000157,0.00046809281792363396,0.6203328434100647,0.12914363299616216,3.7476880424476744e-12,47.41501483410386,True,direct_vp,global_exact_spherical_vp,jones_regularized,,2,4,4.344648426998901,14.99328201499884,direct_vp,direct_vp,0,[],3098064.7517999434,3096568,True,31723.238624500937,3.126449829238087e+17,148.71667930140632,40547.35736462504,nan,nan,[100.0],,[4.3132146686980003e-10],"{""min"":48638674.07325667,""median"":48638674.07325667,""max"":48638674.07325667}",nan,0.0,[4.537285691542723],10.305456596999647,reliability_gated_ris_only
5,2290547997,jones_lambda,lambda_1,-20.0,False,,15.386349472000802,0.00048227915046323736,0.6203328434100647,0.12914363299616216,3.740061833426066e-12,47.41501333955452,True,direct_vp,global_exact_spherical_vp,jones_regularized,,2,4,4.129456897999262,14.595155798999258,direct_vp,direct_vp,0,[],3098064.6541471076,3096568,True,31723.238691173072,3.12644982284738e+17,148.71667930954257,40547.35736474214,nan,nan,[1.0],,[1.0999956911173098e-06],"{""min"":486386.74073256634,""median"":486386.74073256634,""max"":486386.74073256634}",nan,0.0,[4.537285691542723],10.12569518700002,reliability_gated_ris_only
5,2290547997,jones_lambda,lambda_1e_minus_2,-20.0,False,,16.363866802999837,0.0004985403590826758,0.6203328434100647,0.12914363299616216,3.732435406922132e-12,47.4150128281186,True,direct_vp,global_exact_spherical_vp,jones_regularized,,2,4,4.389494162000119,15.415630569003042,direct_vp,direct_vp,0,[],3098064.620730234,3096568,True,31723.23878847024,3.126449813320007e+17,148.71667931897161,40547.35736297096,nan,nan,[0.01],,[4.313347660042353e-06],"{""min"":4863.867407325666,""median"":4863.867407325666,""max"":4863.867407325666}",nan,0.0,[4.537285691542723],10.709529212001144,reliability_gated_ris_only
5,2290547997,jones_lambda,free_jones,-20.0,False,,19.834795104001387,0.000498890266062033,0.6203328434100647,0.12914363299616216,3.7322876990271535e-12,47.41501282791798,True,direct_vp,global_exact_spherical_vp,jones_free,,2,4,8.158214111999769,18.987821517997872,direct_vp,direct_vp,0,[],3098064.620717125,3096568,True,31723.245776682128,3.126449124604462e+17,148.71667931913225,40547.357362927425,nan,nan,[0.0],,[4.400047064113109e-06],"{""min"":0.0,""median"":0.0,""max"":0.0}",nan,0.0,[4.537285691542723],10.502187749998484,reliability_gated_ris_only
5,2290547997,jones_lambda,adaptive_jones,-20.0,False,,22.737019333999342,0.0003573558200711108,0.6094663307815383,0.0917151213881855,3.761533768953322e-12,47.41499029287819,True,direct_vp,global_exact_spherical_vp,adaptive_jones,fixed_pol_anchor,1,4,10.773343916998783,21.777080177000244,direct_vp,direct_vp,0,[],3098063.148292985,3096568,True,32366.54167363718,3.0644583631146246e+17,154.15485090686622,39800.2430086865,3096665.6748452573,3096667.5680202222,[101.93666139857459],[0.00981001325899856],[4.152442824697856e-10],,nan,0.0,[4.537285691542723],10.661702621000586,reliability_gated_ris_only
6,1919806993,vp_family,stage1_only_no_vp,-20.0,False,,20.929000981999707,0.00016650919261105806,0.6052766703553354,0.01108010755252753,1.731232524631798e-11,13.780526835765878,True,direct_vp,global_exact_spherical_vp,adaptive_jones,fixed_pol_anchor,1,4,10.749090360000991,20.015147797999816,direct_vp,direct_vp,0,[],3097043.5545998462,3096568,True,33228.705373115554,3.053706893022941e+17,135.61403427564926,44646.09472965244,3096665.6748452573,3096666.3936023135,[99.60857000865678],[0.010039296817668233],[7.010903856028355e-10],,nan,0.0,[4.884752227724557],8.92170204499962,reliability_gated_ris_only
6,1919806993,vp_family,fixed_pol_vp,-20.0,False,,15.486313912999321,0.00016650919261105806,0.6052766703553354,0.01108010755252753,1.731232524631798e-11,13.780526835765878,True,direct_vp,global_exact_spherical_vp,fixed_pol,,1,6,5.959052549000262,14.733541493002122,direct_vp,direct_vp,0,[],3097043.5545998462,3096568,True,33228.705373115554,3.053706893022941e+17,135.61403427564926,44646.09472965244,nan,nan,,,,,nan,0.0,[4.884752227724557],8.451657372999762,reliability_gated_ris_only
6,1919806993,vp_family,jones_free_vp,-20.0,False,,14.133341800999915,0.00015459929144863075,0.6045521025366298,0.024671254692113287,1.7320949165409494e-11,13.780527749846932,True,direct_vp,global_exact_spherical_vp,jones_free,,2,4,4.2819760919992405,13.131605553000554,direct_vp,direct_vp,0,[],3097043.76003095,3096568,True,0.0,3.094850561484343e+17,133.7463242281758,44964.8001319049,nan,nan,[0.0],,[7.096686609660678e-06],"{""min"":0.0,""median"":0.0,""max"":0.0}",nan,0.0,[4.884752227724557],8.526976320999893,reliability_gated_ris_only
6,1919806993,vp_family,jones_regularized_vp,-20.0,False,,17.159367559999737,0.0001579083060182756,0.6045521025366298,0.024671254692113287,1.7311343896497543e-11,13.780527995296271,True,direct_vp,global_exact_spherical_vp,jones_regularized,,2,4,7.737890834001519,16.371697836999374,direct_vp,direct_vp,0,[],3097043.815193376,3096568,True,32439.718499261995,3.127957359085294e+17,133.7463242313138,44964.8001294874,nan,nan,[0.9999999999839999],,[1.774150735997235e-06],"{""min"":511170.6571621254,""median"":511170.6571621254,""max"":511170.6571621254}",nan,0.0,[4.884752227724557],8.295744822000415,reliability_gated_ris_only
6,1919806993,vp_family,adaptive_jones_vp_proposed,-20.0,False,,19.378713306999998,0.00016650919261105806,0.6052766703553354,0.01108010755252753,1.731232524631798e-11,13.780526835765878,True,direct_vp,global_exact_spherical_vp,adaptive_jones,fixed_pol_anchor,1,4,10.760911332999967,18.579723735001608,direct_vp,direct_vp,0,[],3097043.5545998462,3096568,True,33228.705373115554,3.053706893022941e+17,135.61403427564926,44646.09472965244,3096665.6748452573,3096666.3936023135,[99.60857000865678],[0.010039296817668233],[7.010903856028355e-10],,nan,0.0,[4.884752227724557],7.494405132001702,reliability_gated_ris_only
6,1919806993,stage2_gate,direct_vp_only,-20.0,False,,21.0422148130001,0.00016650919261105806,0.6052766703553354,0.01108010755252753,1.731232524631798e-11,13.780526835765878,True,direct_vp,global_exact_spherical_vp,adaptive_jones,fixed_pol_anchor,1,4,11.184603695000987,20.021038275001047,direct_vp,direct_vp,0,[],3097043.5545998462,3096568,True,33228.705373115554,3.053706893022941e+17,135.61403427564926,44646.09472965244,3096665.6748452573,3096666.3936023135,[99.60857000865678],[0.010039296817668233],[7.010903856028355e-10],,nan,0.0,[4.884752227724557],8.4719370290004,reliability_gated_ris_only
6,1919806993,stage2_gate,ris_jnpp_always_then_vp,-20.0,False,,34.585609785001,0.00016650919261105806,0.6052766703553354,0.01108010755252753,1.731232524631798e-11,13.780526835765878,True,direct_vp_rollback,global_exact_spherical_vp,adaptive_jones,fixed_pol_anchor,1,4,11.165469374000168,19.503742354998394,jnpp_then_vp,direct_vp,0,[],3097043.5545998462,3096568,True,33228.705373115554,3.053706893022941e+17,135.61403427564926,44646.09472965244,3096665.6748452573,3096666.3936023135,[99.60857000865678],[0.010039296817668233],[7.010903856028355e-10],,nan,0.0,[4.884752227724557],7.923105572999702,force_ris_only
6,1919806993,stage2_gate,reliability_gated_ris_jnpp_then_vp_proposed,-20.0,False,,20.932242759001383,0.00016650919261105806,0.6052766703553354,0.01108010755252753,1.731232524631798e-11,13.780526835765878,True,direct_vp,global_exact_spherical_vp,adaptive_jones,fixed_pol_anchor,1,4,10.958140299000661,20.11710855000092,direct_vp,direct_vp,0,[],3097043.5545998462,3096568,True,33228.705373115554,3.053706893022941e+17,135.61403427564926,44646.09472965244,3096665.6748452573,3096666.3936023135,[99.60857000865678],[0.010039296817668233],[7.010903856028355e-10],,nan,0.0,[4.884752227724557],8.817056928999591,reliability_gated_ris_only
6,1919806993,jones_lambda,fixed_pol_limit,-20.0,False,,15.644665927999085,0.00016650919261105806,0.6052766703553354,0.01108010755252753,1.731232524631798e-11,13.780526835765878,True,direct_vp,global_exact_spherical_vp,fixed_pol,,1,6,6.415830021000147,14.869372855999245,direct_vp,direct_vp,0,[],3097043.5545998462,3096568,True,33228.705373115554,3.053706893022941e+17,135.61403427564926,44646.09472965244,nan,nan,,,,,nan,0.0,[4.884752227724557],8.160431211999821,reliability_gated_ris_only
6,1919806993,jones_lambda,lambda_1e4,-20.0,False,,21.093969040000957,0.0001647448757385071,0.6045521029067461,0.024671254673279464,1.7298787105791526e-11,13.780528731430758,True,direct_vp,global_exact_spherical_vp,jones_regularized,,2,4,12.109920482000234,20.229802098001528,direct_vp,direct_vp,0,[],3097043.9806326656,3096568,True,0.0,3.0948505510652486e+17,133.74632459835072,44964.79998752346,nan,nan,[10000.0],,[7.095039029560006e-14],"{""min"":5111706568.666756,""median"":5111706568.666756,""max"":5111706568.666756}",nan,0.0,[4.884752227724557],7.778155506000985,reliability_gated_ris_only
6,1919806993,jones_lambda,lambda_1e2,-20.0,False,,15.090293840999948,0.00016460887731614763,0.6045521025366298,0.024671254692113287,1.7301890873406645e-11,13.780528712282864,True,direct_vp,global_exact_spherical_vp,jones_regularized,,2,4,4.528296411001065,14.15806317300121,direct_vp,direct_vp,0,[],3097043.976329357,3096568,True,32439.718378216152,3.127957370478709e+17,133.7463242256181,44964.80012740111,nan,nan,[100.0],,[6.956667010156796e-10],"{""min"":51117065.717030406,""median"":51117065.717030406,""max"":51117065.717030406}",nan,0.0,[4.884752227724557],9.293035108999902,reliability_gated_ris_only
6,1919806993,jones_lambda,lambda_1,-20.0,False,,13.567885770999055,0.00015790808859286095,0.6045521025366298,0.024671254692113287,1.731132465201486e-11,13.780527995296284,True,direct_vp,global_exact_spherical_vp,jones_regularized,,2,4,4.31773681499908,12.743668246999732,direct_vp,direct_vp,0,[],3097043.815193379,3096568,True,32439.71849912232,3.1279573590984314e+17,133.74632422889513,44964.80013029523,nan,nan,[1.0],,[1.7741506751417065e-06],"{""min"":511170.6571703042,""median"":511170.6571703042,""max"":511170.6571703042}",nan,0.0,[4.884752227724557],8.098161911999341,reliability_gated_ris_only
6,1919806993,jones_lambda,lambda_1e_minus_2,-20.0,False,,15.070792042999528,0.0001546303449595666,0.6045521025366298,0.024671254692113287,1.732076823202512e-11,13.780527749943184,True,direct_vp,global_exact_spherical_vp,jones_regularized,,2,4,5.344587355999465,14.254591113998686,direct_vp,direct_vp,0,[],3097043.760052582,3096568,True,32439.71854044388,3.127957355209151e+17,133.7463242409992,44964.80012759297,nan,nan,[0.01],,[6.956852577701356e-06],"{""min"":5111.70657170304,""median"":5111.70657170304,""max"":5111.70657170304}",nan,0.0,[4.884752227724557],8.542973785999493,reliability_gated_ris_only
6,1919806993,jones_lambda,free_jones,-20.0,False,,13.914866930999779,0.00015459929144863075,0.6045521025366298,0.024671254692113287,1.7320949165409494e-11,13.780527749846932,True,direct_vp,global_exact_spherical_vp,jones_free,,2,4,4.372800925000774,13.143557570001576,direct_vp,direct_vp,0,[],3097043.76003095,3096568,True,0.0,3.094850561484343e+17,133.7463242281758,44964.8001319049,nan,nan,[0.0],,[7.096686609660678e-06],"{""min"":0.0,""median"":0.0,""max"":0.0}",nan,0.0,[4.884752227724557],8.384064497000509,reliability_gated_ris_only
6,1919806993,jones_lambda,adaptive_jones,-20.0,False,,20.200717853000242,0.00016650919261105806,0.6052766703553354,0.01108010755252753,1.731232524631798e-11,13.780526835765878,True,direct_vp,global_exact_spherical_vp,adaptive_jones,fixed_pol_anchor,1,4,10.962855985000715,19.210038842998983,direct_vp,direct_vp,0,[],3097043.5545998462,3096568,True,33228.705373115554,3.053706893022941e+17,135.61403427564926,44646.09472965244,3096665.6748452573,3096666.3936023135,[99.60857000865678],[0.010039296817668233],[7.010903856028355e-10],,nan,0.0,[4.884752227724557],7.930192967998664,reliability_gated_ris_only
7,1914929603,vp_family,stage1_only_no_vp,-20.0,False,,26.257227686000988,0.00021975781477340877,0.6103855859505308,0.011492712659913806,5.255550347048867e-12,12.748127665273714,True,direct_vp,global_exact_spherical_vp,adaptive_jones,fixed_pol_anchor,1,4,14.97781180399943,25.40227165399847,direct_vp,direct_vp,0,[],3096237.560892868,3096568,True,0.0,2.824380133982808e+17,137.74857070687875,43629.86984411894,3096665.6748452573,3096666.837990222,[99.81031511180629],[0.010019004536555184],[3.7254876602986313e-10],,nan,0.0,[4.9347182063044635],10.040509307998946,reliability_gated_ris_only
7,1914929603,vp_family,fixed_pol_vp,-20.0,False,,15.505624927998724,0.00021975781477340877,0.6103855859505308,0.011492712659913806,5.255550347048867e-12,12.748127665273714,True,direct_vp,global_exact_spherical_vp,fixed_pol,,1,6,5.648604002000866,14.616435728999932,direct_vp,direct_vp,0,[],3096237.560892868,3096568,True,0.0,2.824380133982808e+17,137.74857070687875,43629.86984411894,nan,nan,,,,,nan,0.0,[4.9347182063044635],8.437957419999293,reliability_gated_ris_only
7,1914929603,vp_family,jones_free_vp,-20.0,False,,17.778200644999743,0.0003393072350190159,0.6163863592502075,0.014552624707339312,5.240912167831517e-12,12.74813075897198,True,direct_vp,global_exact_spherical_vp,jones_free,,2,4,7.206013830000302,16.986292116000186,direct_vp,direct_vp,0,[],3096238.312283584,3096568,True,0.0,2.8002690969398394e+17,134.3068170019144,44160.05648566395,nan,nan,[0.0],,[3.7866839522420036e-06],"{""min"":0.0,""median"":0.0,""max"":0.0}",nan,0.0,[4.9347182063044635],9.481532612999217,reliability_gated_ris_only
7,1914929603,vp_family,jones_regularized_vp,-20.0,False,,19.49407893100033,0.0003561822013282537,0.6163856149249914,0.014554762394696219,5.2317721642574996e-12,12.748130882297907,True,direct_vp,global_exact_spherical_vp,jones_regularized,,2,4,8.086074922999615,18.640103995001482,direct_vp,direct_vp,0,[],3096238.342236717,3096568,True,0.0,2.8033873503918646e+17,134.30597304953426,44160.20764989974,nan,nan,[0.9999999999839999],,[9.464663993175491e-07],"{""min"":543803.6340482039,""median"":543803.6340482039,""max"":543803.6340482039}",nan,0.0,[4.9347182063044635],10.202924693001478,reliability_gated_ris_only
7,1914929603,vp_family,adaptive_jones_vp_proposed,-20.0,False,,24.754753965999043,0.00021975781477340877,0.6103855859505308,0.011492712659913806,5.255550347048867e-12,12.748127665273714,True,direct_vp,global_exact_spherical_vp,adaptive_jones,fixed_pol_anchor,1,4,13.625416013999711,23.89693300699946,direct_vp,direct_vp,0,[],3096237.560892868,3096568,True,0.0,2.824380133982808e+17,137.74857070687875,43629.86984411894,3096665.6748452573,3096666.837990222,[99.81031511180629],[0.010019004536555184],[3.7254876602986313e-10],,nan,0.0,[4.9347182063044635],9.946910785,reliability_gated_ris_only
7,1914929603,stage2_gate,direct_vp_only,-20.0,False,,26.6133551310013,0.00021975781477340877,0.6103855859505308,0.011492712659913806,5.255550347048867e-12,12.748127665273714,True,direct_vp,global_exact_spherical_vp,adaptive_jones,fixed_pol_anchor,1,4,14.355954189999466,25.810814380998636,direct_vp,direct_vp,0,[],3096237.560892868,3096568,True,0.0,2.824380133982808e+17,137.74857070687875,43629.86984411894,3096665.6748452573,3096666.837990222,[99.81031511180629],[0.010019004536555184],[3.7254876602986313e-10],,nan,0.0,[4.9347182063044635],11.09323401599977,reliability_gated_ris_only
7,1914929603,stage2_gate,ris_jnpp_always_then_vp,-20.0,False,,42.95816512999954,0.00021975781477340877,0.6103855859505308,0.011492712659913806,5.255550347048867e-12,12.748127665273714,True,direct_vp_rollback,global_exact_spherical_vp,adaptive_jones,fixed_pol_anchor,1,4,14.957103837999966,25.361153499001375,jnpp_then_vp,direct_vp,0,[],3096237.560892868,3096568,True,0.0,2.824380133982808e+17,137.74857070687875,43629.86984411894,3096665.6748452573,3096666.837990222,[99.81031511180629],[0.010019004536555184],[3.7254876602986313e-10],,nan,0.0,[4.9347182063044635],9.997109499001454,force_ris_only
7,1914929603,stage2_gate,reliability_gated_ris_jnpp_then_vp_proposed,-20.0,False,,25.642622343000767,0.00021975781477340877,0.6103855859505308,0.011492712659913806,5.255550347048867e-12,12.748127665273714,True,direct_vp,global_exact_spherical_vp,adaptive_jones,fixed_pol_anchor,1,4,14.378797794999628,24.906236598999385,direct_vp,direct_vp,0,[],3096237.560892868,3096568,True,0.0,2.824380133982808e+17,137.74857070687875,43629.86984411894,3096665.6748452573,3096666.837990222,[99.81031511180629],[0.010019004536555184],[3.7254876602986313e-10],,nan,0.0,[4.9347182063044635],10.139584073998776,reliability_gated_ris_only
7,1914929603,jones_lambda,fixed_pol_limit,-20.0,False,,17.27679554899987,0.00021975781477340877,0.6103855859505308,0.011492712659913806,5.255550347048867e-12,12.748127665273714,True,direct_vp,global_exact_spherical_vp,fixed_pol,,1,6,6.255845227000464,16.4608248379991,direct_vp,direct_vp,0,[],3096237.560892868,3096568,True,0.0,2.824380133982808e+17,137.74857070687875,43629.86984411894,nan,nan,,,,,nan,0.0,[4.9347182063044635],9.878776431000006,reliability_gated_ris_only
7,1914929603,jones_lambda,lambda_1e4,-20.0,False,,18.215701524000906,0.00037508074572592146,0.6163857127812565,0.014554572657378806,5.216890940609108e-12,12.748131244242876,True,direct_vp,global_exact_spherical_vp,jones_regularized,,2,4,7.412186428000496,17.287690829001804,direct_vp,direct_vp,0,[],3096238.4301451254,3096568,True,36097.89694752818,2.8045073610573373e+17,134.30606834075755,44160.19045442295,nan,nan,[10000.0],,[3.7849071449047636e-14],"{""min"":5438033618.953834,""median"":5438033618.953834,""max"":5438033618.953834}",nan,0.0,[4.9347182063044635],9.5442723210017,reliability_gated_ris_only
7,1914929603,jones_lambda,lambda_1e2,-20.0,False,,19.69333526400078,0.0003747931820183469,0.6163863805375092,0.014552826088644721,5.2117350999223845e-12,12.748131233080324,True,direct_vp,global_exact_spherical_vp,jones_regularized,,2,4,7.838045954000336,18.87058173800142,direct_vp,direct_vp,0,[],3096238.4274339885,3096568,True,0.0,2.8033420073157818e+17,134.30677256804515,44160.064022231134,nan,nan,[100.0],,[3.7115129661598846e-10],"{""min"":54380151.54237291,""median"":54380151.54237291,""max"":54380151.54237291}",nan,0.0,[4.9347182063044635],10.696533700000145,reliability_gated_ris_only
7,1914929603,jones_lambda,lambda_1,-20.0,False,,18.948095628000374,0.00035629441206172914,0.6163863951574409,0.014552537780835983,5.2210861243050084e-12,12.748130879897651,True,direct_vp,global_exact_spherical_vp,jones_regularized,,2,4,8.208487181998862,18.136898659999133,direct_vp,direct_vp,0,[],3096238.341653748,3096568,True,0.0,2.8002661368729187e+17,134.30686979249916,44160.04692426772,nan,nan,[1.0],,[9.465901108577273e-07],"{""min"":543801.2807664291,""median"":543801.2807664291,""max"":543801.2807664291}",nan,0.0,[4.9347182063044635],9.61939355100003,reliability_gated_ris_only
7,1914929603,jones_lambda,lambda_1e_minus_2,-20.0,False,,18.030580245998863,0.0003396318191053927,0.6163863897807657,0.014552515041788894,5.240123757531617e-12,12.748130759032508,True,direct_vp,global_exact_spherical_vp,jones_regularized,,2,4,6.991443888000504,17.109848280000733,direct_vp,direct_vp,0,[],3096238.312298285,3096568,True,36098.45249742903,2.804464240714657e+17,134.30686117282517,44160.04857615858,nan,nan,[0.01],,[3.712090735061666e-06],"{""min"":5438.013263178331,""median"":5438.013263178331,""max"":5438.013263178331}",nan,0.0,[4.9347182063044635],9.81625066000015,reliability_gated_ris_only
7,1914929603,jones_lambda,free_jones,-20.0,False,,18.55226725600005,0.0003393072350190159,0.6163863592502075,0.014552624707339312,5.240912167831517e-12,12.74813075897198,True,direct_vp,global_exact_spherical_vp,jones_free,,2,4,7.237840170999334,17.58247451099851,direct_vp,direct_vp,0,[],3096238.312283584,3096568,True,0.0,2.8002690969398394e+17,134.3068170019144,44160.05648566395,nan,nan,[0.0],,[3.7866839522420036e-06],"{""min"":0.0,""median"":0.0,""max"":0.0}",nan,0.0,[4.9347182063044635],9.992838129999654,reliability_gated_ris_only
7,1914929603,jones_lambda,adaptive_jones,-20.0,False,,24.848849453001094,0.00021975781477340877,0.6103855859505308,0.011492712659913806,5.255550347048867e-12,12.748127665273714,True,direct_vp,global_exact_spherical_vp,adaptive_jones,fixed_pol_anchor,1,4,14.130939408001723,24.05060485300055,direct_vp,direct_vp,0,[],3096237.560892868,3096568,True,0.0,2.824380133982808e+17,137.74857070687875,43629.86984411894,3096665.6748452573,3096666.837990222,[99.81031511180629],[0.010019004536555184],[3.7254876602986313e-10],,nan,0.0,[4.9347182063044635],9.544599442999242,reliability_gated_ris_only
8,641399591,vp_family,stage1_only_no_vp,-20.0,False,,20.513846586,0.00011479634133647797,0.5961440345479725,0.032759750978252455,4.804849392009552e-13,36.7291873456528,True,direct_vp,global_exact_spherical_vp,adaptive_jones,fixed_pol_anchor,1,4,10.200171691998548,19.732343915000456,direct_vp,direct_vp,0,[],3098588.3930891505,3096568,True,34080.2826569978,2.9306209527393626e+17,153.8718895058948,38810.255738509506,3096665.6748452573,3096667.179044457,[101.24910994087212],[0.00987663003144161],[2.737723846714797e-10],,nan,0.0,[4.967583233195127],9.205405026001245,reliability_gated_ris_only
8,641399591,vp_family,fixed_pol_vp,-20.0,False,,16.54153339199911,0.00011479634133647797,0.5961440345479725,0.032759750978252455,4.804849392009552e-13,36.7291873456528,True,direct_vp,global_exact_spherical_vp,fixed_pol,,1,6,7.064847568000914,15.566206318000695,direct_vp,direct_vp,0,[],3098588.3930891505,3096568,True,34080.2826569978,2.9306209527393626e+17,153.8718895058948,38810.255738509506,nan,nan,,,,,nan,0.0,[4.967583233195127],8.020960476000255,reliability_gated_ris_only
8,641399591,vp_family,jones_free_vp,-20.0,False,,13.085787936999623,0.00014877840488912458,0.5971593980556404,0.01770551826165967,4.96085236938009e-13,36.729200701710305,True,direct_vp,global_exact_spherical_vp,jones_free,,2,4,3.769459437000478,12.233916671999395,direct_vp,direct_vp,0,[],3098589.5198476706,3096568,True,32778.874036131725,3.046862228639374e+17,146.24662801496765,39819.858229361394,nan,nan,[0.0],,[2.862258895422514e-06],"{""min"":0.0,""median"":0.0,""max"":0.0}",nan,0.0,[4.967583233195127],8.097272316999806,reliability_gated_ris_only
8,641399591,vp_family,jones_regularized_vp,-20.0,False,,13.009973569998692,0.0001540679682480918,0.5971593980556404,0.01770551826165967,4.941641588285677e-13,36.72920096127944,True,direct_vp,global_exact_spherical_vp,jones_regularized,,2,4,3.70810954999979,12.23640283900022,direct_vp,direct_vp,0,[],3098589.5417457297,3096568,True,32778.874036070294,3.046862228641426e+17,146.24662800525562,39819.858231957944,nan,nan,[0.9999999999839999],,[7.155650574824244e-07],"{""min"":520856.5348134755,""median"":520856.5348134755,""max"":520856.5348134755}",nan,0.0,[4.967583233195127],8.228140892999363,reliability_gated_ris_only
8,641399591,vp_family,adaptive_jones_vp_proposed,-20.0,False,,19.30097143600142,0.00011479634133647797,0.5961440345479725,0.032759750978252455,4.804849392009552e-13,36.7291873456528,True,direct_vp,global_exact_spherical_vp,adaptive_jones,fixed_pol_anchor,1,4,10.239517326999703,18.54793569299909,direct_vp,direct_vp,0,[],3098588.3930891505,3096568,True,34080.2826569978,2.9306209527393626e+17,153.8718895058948,38810.255738509506,3096665.6748452573,3096667.179044457,[101.24910994087212],[0.00987663003144161],[2.737723846714797e-10],,nan,0.0,[4.967583233195127],7.983995517999574,reliability_gated_ris_only
8,641399591,stage2_gate,direct_vp_only,-20.0,False,,19.526972283998475,0.00011479634133647797,0.5961440345479725,0.032759750978252455,4.804849392009552e-13,36.7291873456528,True,direct_vp,global_exact_spherical_vp,adaptive_jones,fixed_pol_anchor,1,4,10.534434983999745,18.608351349999793,direct_vp,direct_vp,0,[],3098588.3930891505,3096568,True,34080.2826569978,2.9306209527393626e+17,153.8718895058948,38810.255738509506,3096665.6748452573,3096667.179044457,[101.24910994087212],[0.00987663003144161],[2.737723846714797e-10],,nan,0.0,[4.967583233195127],7.759378960001413,reliability_gated_ris_only
8,641399591,stage2_gate,ris_jnpp_always_then_vp,-20.0,False,,33.37215101200127,0.00011479634133647797,0.5961440345479725,0.032759750978252455,4.804849392009552e-13,36.7291873456528,True,direct_vp_rollback,global_exact_spherical_vp,adaptive_jones,fixed_pol_anchor,1,4,10.418602926001768,19.017466893001256,jnpp_then_vp,direct_vp,0,[],3098588.3930891505,3096568,True,34080.2826569978,2.9306209527393626e+17,153.8718895058948,38810.255738509506,3096665.6748452573,3096667.179044457,[101.24910994087212],[0.00987663003144161],[2.737723846714797e-10],,nan,0.0,[4.967583233195127],8.19688746599968,force_ris_only
8,641399591,stage2_gate,reliability_gated_ris_jnpp_then_vp_proposed,-20.0,False,,20.67701260799913,0.00011479634133647797,0.5961440345479725,0.032759750978252455,4.804849392009552e-13,36.7291873456528,True,direct_vp,global_exact_spherical_vp,adaptive_jones,fixed_pol_anchor,1,4,10.681670973001019,19.7483271960009,direct_vp,direct_vp,0,[],3098588.3930891505,3096568,True,34080.2826569978,2.9306209527393626e+17,153.8718895058948,38810.255738509506,3096665.6748452573,3096667.179044457,[101.24910994087212],[0.00987663003144161],[2.737723846714797e-10],,nan,0.0,[4.967583233195127],8.672045159000845,reliability_gated_ris_only
8,641399591,jones_lambda,fixed_pol_limit,-20.0,False,,16.47670440300135,0.00011479634133647797,0.5961440345479725,0.032759750978252455,4.804849392009552e-13,36.7291873456528,True,direct_vp,global_exact_spherical_vp,fixed_pol,,1,6,6.5556540620000305,15.703388346000793,direct_vp,direct_vp,0,[],3098588.3930891505,3096568,True,34080.2826569978,2.9306209527393626e+17,153.8718895058948,38810.255738509506,nan,nan,,,,,nan,0.0,[4.967583233195127],8.786563866000506,reliability_gated_ris_only
8,641399591,jones_lambda,lambda_1e4,-20.0,False,,13.492547507999916,0.00016077036189512213,0.5971593980556404,0.01770551826165967,4.922434683690487e-13,36.72920173977745,True,direct_vp,global_exact_spherical_vp,jones_regularized,,2,4,3.938871874999677,12.634416303000762,direct_vp,direct_vp,0,[],3098589.6074222415,3096568,True,32778.87403594723,3.046862228641885e+17,146.24662801220086,39819.85822992349,nan,nan,[10000.0],,[2.861686103578644e-14],"{""min"":5208565348.218126,""median"":5208565348.218126,""max"":5208565348.218126}",nan,0.0,[4.967583233195127],8.360736051999993,reliability_gated_ris_only
8,641399591,jones_lambda,lambda_1e2,-20.0,False,,12.971480107999014,0.00016062536816170543,0.5971593980556404,0.01770551826165967,4.922811252304221e-13,36.729201719526976,True,direct_vp,global_exact_spherical_vp,jones_regularized,,2,4,3.7427664789993287,12.188765563001652,direct_vp,direct_vp,0,[],3098589.6057138485,3096568,True,32778.8740345564,3.046862228771432e+17,146.2466280179644,39819.858228358,nan,nan,[100.0],,[2.8058597810272524e-10],"{""min"":52085653.48218112,""median"":52085653.48218112,""max"":52085653.48218112}",nan,0.0,[4.967583233195127],8.147135639001135,reliability_gated_ris_only
8,641399591,jones_lambda,lambda_1,-20.0,False,,12.598833509999167,0.0001540679682481364,0.5971593980556404,0.01770551826165967,4.941641588285677e-13,36.72920096127944,True,direct_vp,global_exact_spherical_vp,jones_regularized,,2,4,3.655791091001447,11.816275550001592,direct_vp,direct_vp,0,[],3098589.5417457297,3096568,True,32778.874036070294,3.046862228641426e+17,146.24662800525562,39819.858231957944,nan,nan,[1.0],,[7.155650574710515e-07],"{""min"":520856.53482180927,""median"":520856.53482180927,""max"":520856.53482180927}",nan,0.0,[4.967583233195127],7.843064766999305,reliability_gated_ris_only
8,641399591,jones_lambda,lambda_1e_minus_2,-20.0,False,,13.167795480998393,0.00014886942286893931,0.5971593980556404,0.01770551826165967,4.96047195755288e-13,36.72920070181208,True,direct_vp,global_exact_spherical_vp,jones_regularized,,2,4,3.786003774999699,12.247426465002718,direct_vp,direct_vp,0,[],3098589.519856257,3096568,True,32778.87403613141,3.0468622286394086e+17,146.24662801566018,39819.858229173326,nan,nan,[0.01],,[2.805861152440165e-06],"{""min"":5208.565348218125,""median"":5208.565348218125,""max"":5208.565348218125}",nan,0.0,[4.967583233195127],8.134383366001202,reliability_gated_ris_only
8,641399591,jones_lambda,free_jones,-20.0,False,,13.308500147999439,0.00014877840488912458,0.5971593980556404,0.01770551826165967,4.96085236938009e-13,36.729200701710305,True,direct_vp,global_exact_spherical_vp,jones_free,,2,4,3.7320225130006293,12.512190481002108,direct_vp,direct_vp,0,[],3098589.5198476706,3096568,True,32778.874036131725,3.046862228639374e+17,146.24662801496765,39819.858229361394,nan,nan,[0.0],,[2.862258895422514e-06],"{""min"":0.0,""median"":0.0,""max"":0.0}",nan,0.0,[4.967583233195127],8.412439349000124,reliability_gated_ris_only
8,641399591,jones_lambda,adaptive_jones,-20.0,False,,20.29414538200035,0.00011479634133647797,0.5961440345479725,0.032759750978252455,4.804849392009552e-13,36.7291873456528,True,direct_vp,global_exact_spherical_vp,adaptive_jones,fixed_pol_anchor,1,4,10.882590819999677,19.32403037199765,direct_vp,direct_vp,0,[],3098588.3930891505,3096568,True,34080.2826569978,2.9306209527393626e+17,153.8718895058948,38810.255738509506,3096665.6748452573,3096667.179044457,[101.24910994087212],[0.00987663003144161],[2.737723846714797e-10],,nan,0.0,[4.967583233195127],8.091729112999019,reliability_gated_ris_only
9,3933360494,vp_family,stage1_only_no_vp,-20.0,False,,23.319537398001557,0.00031076201274590277,0.6090844748382012,0.0549254296490016,1.4567067991991207e-11,18.28658668154809,True,direct_vp,global_exact_spherical_vp,adaptive_jones,fixed_pol_anchor,1,4,10.676144377999663,22.592404326000178,direct_vp,direct_vp,0,[],3090791.331552617,3096568,True,0.0,3.2553229823948346e+17,121.10589530503991,44696.26978295624,3096665.6748452573,3096666.837553567,[98.56248387229813],[0.010145848203227927],[6.611101744801896e-10],,nan,0.0,[4.785764219332278],11.47106542199981,reliability_gated_ris_only
9,3933360494,vp_family,fixed_pol_vp,-20.0,False,,18.048140916000193,0.00031076201274590277,0.6090844748382012,0.0549254296490016,1.4567067991991207e-11,18.28658668154809,True,direct_vp,global_exact_spherical_vp,fixed_pol,,1,6,6.659533105001174,17.287107038000613,direct_vp,direct_vp,0,[],3090791.331552617,3096568,True,0.0,3.2553229823948346e+17,121.10589530503991,44696.26978295624,nan,nan,,,,,nan,0.0,[4.785764219332278],10.31716750400119,reliability_gated_ris_only
9,3933360494,vp_family,jones_free_vp,-20.0,False,,21.72003832200062,0.00036015295402423605,0.612817389646873,0.08992503791783157,1.4589999211874356e-11,18.28659058310931,True,direct_vp,global_exact_spherical_vp,jones_free,,2,4,10.271808264000356,20.916932834001273,direct_vp,direct_vp,0,[],3090791.990992883,3096568,True,30306.920133404856,3.376737270683309e+17,116.96780327100733,45501.45292742253,nan,nan,[0.0],,[6.5555706088055915e-06],"{""min"":0.0,""median"":0.0,""max"":0.0}",nan,0.0,[4.785764219332278],10.32071790000009,reliability_gated_ris_only
9,3933360494,vp_family,jones_regularized_vp,-20.0,False,,29.57320799899935,0.00033528327572818846,0.6128335391636228,0.08992357217836577,1.4550736567416047e-11,18.286590171506983,True,direct_vp,global_exact_spherical_vp,jones_regularized,,2,4,17.2975181769998,28.688603721000618,direct_vp,direct_vp,0,[],3090791.9214240285,3096568,True,0.0,3.3728608556449126e+17,117.06489375668924,45460.67262922212,nan,nan,[0.9999999999839999],,[1.6424671618573603e-06],"{""min"":596306.0165847882,""median"":596306.0165847882,""max"":596306.0165847882}",nan,0.0,[4.785764219332278],10.972918916000708,reliability_gated_ris_only
9,3933360494,vp_family,adaptive_jones_vp_proposed,-20.0,False,,23.341370045000076,0.00031076201274590277,0.6090844748382012,0.0549254296490016,1.4567067991991207e-11,18.28658668154809,True,direct_vp,global_exact_spherical_vp,adaptive_jones,fixed_pol_anchor,1,4,10.852774758999658,22.50553075300013,direct_vp,direct_vp,0,[],3090791.331552617,3096568,True,0.0,3.2553229823948346e+17,121.10589530503991,44696.26978295624,3096665.6748452573,3096666.837553567,[98.56248387229813],[0.010145848203227927],[6.611101744801896e-10],,nan,0.0,[4.785764219332278],11.2963692609992,reliability_gated_ris_only
9,3933360494,stage2_gate,direct_vp_only,-20.0,False,,21.328927426999144,0.00031076201274590277,0.6090844748382012,0.0549254296490016,1.4567067991991207e-11,18.28658668154809,True,direct_vp,global_exact_spherical_vp,adaptive_jones,fixed_pol_anchor,1,4,10.790822644999935,20.5327266029999,direct_vp,direct_vp,0,[],3090791.331552617,3096568,True,0.0,3.2553229823948346e+17,121.10589530503991,44696.26978295624,3096665.6748452573,3096666.837553567,[98.56248387229813],[0.010145848203227927],[6.611101744801896e-10],,nan,0.0,[4.785764219332278],9.410214265999457,reliability_gated_ris_only
9,3933360494,stage2_gate,ris_jnpp_always_then_vp,-20.0,False,,34.556025005000265,0.00031076201274590277,0.6090844748382012,0.0549254296490016,1.4567067991991207e-11,18.28658668154809,True,direct_vp_rollback,global_exact_spherical_vp,adaptive_jones,fixed_pol_anchor,1,4,11.800116481999794,21.367660178002552,jnpp_then_vp,direct_vp,0,[],3090791.331552617,3096568,True,0.0,3.2553229823948346e+17,121.10589530503991,44696.26978295624,3096665.6748452573,3096666.837553567,[98.56248387229813],[0.010145848203227927],[6.611101744801896e-10],,nan,0.0,[4.785764219332278],9.237888851001117,force_ris_only
9,3933360494,stage2_gate,reliability_gated_ris_jnpp_then_vp_proposed,-20.0,False,,22.26363776800099,0.00031076201274590277,0.6090844748382012,0.0549254296490016,1.4567067991991207e-11,18.28658668154809,True,direct_vp,global_exact_spherical_vp,adaptive_jones,fixed_pol_anchor,1,4,11.08610006500021,21.410462623998683,direct_vp,direct_vp,0,[],3090791.331552617,3096568,True,0.0,3.2553229823948346e+17,121.10589530503991,44696.26978295624,3096665.6748452573,3096666.837553567,[98.56248387229813],[0.010145848203227927],[6.611101744801896e-10],,nan,0.0,[4.785764219332278],9.968653613999777,reliability_gated_ris_only
9,3933360494,jones_lambda,fixed_pol_limit,-20.0,False,,17.563144437999654,0.00031076201274590277,0.6090844748382012,0.0549254296490016,1.4567067991991207e-11,18.28658668154809,True,direct_vp,global_exact_spherical_vp,fixed_pol,,1,6,6.461199478999333,16.724616052000783,direct_vp,direct_vp,0,[],3090791.331552617,3096568,True,0.0,3.2553229823948346e+17,121.10589530503991,44696.26978295624,nan,nan,,,,,nan,0.0,[4.785764219332278],9.89014953700098,reliability_gated_ris_only
9,3933360494,jones_lambda,lambda_1e4,-20.0,False,,37.0202330129996,0.00033275064653079243,0.6128335023397841,0.08992357140124074,1.4519840441825887e-11,18.28659108540655,True,direct_vp,global_exact_spherical_vp,jones_regularized,,2,4,25.14927339499991,36.21930695999981,direct_vp,direct_vp,0,[],3090792.0758909555,3096568,True,30309.62021962076,3.376449492112514e+17,117.06479777291015,45460.713249187305,nan,nan,[10000.0],,[6.567357229740513e-14],"{""min"":5963060959.329458,""median"":5963060959.329458,""max"":5963060959.329458}",nan,0.0,[4.785764219332278],10.605058627999824,reliability_gated_ris_only
9,3933360494,jones_lambda,lambda_1e2,-20.0,False,,17.35124873099994,0.00035177133808317687,0.612817389646873,0.08992503791783157,1.453217911436144e-11,18.286591775191997,True,direct_vp,global_exact_spherical_vp,jones_regularized,,2,4,4.429091140998935,16.479858073998912,direct_vp,direct_vp,0,[],3090792.1924782074,3096568,True,0.0,3.37309178122482e+17,116.96780316763007,45501.45291726522,nan,nan,[100.0],,[6.424251249226658e-10],"{""min"":59638753.396094546,""median"":59638753.396094546,""max"":59638753.396094546}",nan,0.0,[4.785764219332278],11.724090304000129,reliability_gated_ris_only
9,3933360494,jones_lambda,lambda_1,-20.0,False,,22.400490967000223,0.0003542924718911641,0.612817389646873,0.08992503791783157,1.4560776903631108e-11,18.286590887171613,True,direct_vp,global_exact_spherical_vp,jones_regularized,,2,4,11.071721410000464,21.535487725001076,direct_vp,direct_vp,0,[],3090792.0423853686,3096568,True,0.0,3.373091780569044e+17,116.96780325507926,45501.45292073427,nan,nan,[1.0],,[1.6386183208482735e-06],"{""min"":596387.5339609468,""median"":596387.5339609468,""max"":596387.5339609468}",nan,0.0,[4.785764219332278],10.105796652000208,reliability_gated_ris_only
9,3933360494,jones_lambda,lambda_1e_minus_2,-20.0,False,,15.945149754999875,0.00036000505532760404,0.612817389646873,0.08992503791783157,1.4589460691216234e-11,18.286590583228556,True,direct_vp,global_exact_spherical_vp,jones_regularized,,2,4,4.344263720999152,15.152923416000704,direct_vp,direct_vp,0,[],3090791.9910130384,3096568,True,0.0,3.3730917809538016e+17,116.96780325900359,45501.45293208698,nan,nan,[0.01],,[6.426380393022183e-06],"{""min"":5963.875339609453,""median"":5963.875339609453,""max"":5963.875339609453}",nan,0.0,[4.785764219332278],10.366288802000781,reliability_gated_ris_only
9,3933360494,jones_lambda,free_jones,-20.0,False,,22.1886356899995,0.00036015295402423605,0.612817389646873,0.08992503791783157,1.4589999211874356e-11,18.28659058310931,True,direct_vp,global_exact_spherical_vp,jones_free,,2,4,10.600111914998706,21.350278439998874,direct_vp,direct_vp,0,[],3090791.990992883,3096568,True,30306.920133404856,3.376737270683309e+17,116.96780327100733,45501.45292742253,nan,nan,[0.0],,[6.5555706088055915e-06],"{""min"":0.0,""median"":0.0,""max"":0.0}",nan,0.0,[4.785764219332278],10.401756007000586,reliability_gated_ris_only
9,3933360494,jones_lambda,adaptive_jones,-20.0,False,,22.1849926520008,0.00031076201274590277,0.6090844748382012,0.0549254296490016,1.4567067991991207e-11,18.28658668154809,True,direct_vp,global_exact_spherical_vp,adaptive_jones,fixed_pol_anchor,1,4,10.709412501999395,21.226882439998008,direct_vp,direct_vp,0,[],3090791.331552617,3096568,True,0.0,3.2553229823948346e+17,121.10589530503991,44696.26978295624,3096665.6748452573,3096666.837553567,[98.56248387229813],[0.010145848203227927],[6.611101744801896e-10],,nan,0.0,[4.785764219332278],10.17538470799991,reliability_gated_ris_only
10,781873798,vp_family,stage1_only_no_vp,-20.0,False,,21.759925603000738,0.00011035015050831864,0.5997353637020453,0.09525139441848873,1.1480777977613512e-12,33.89971317576892,True,direct_vp,global_exact_spherical_vp,adaptive_jones,fixed_pol_anchor,1,4,10.253774369999519,20.996064111999658,direct_vp,direct_vp,0,[],3094241.965817595,3096568,True,0.0,3.028655711472097e+17,138.35502868165,44249.06684408904,3096665.6748452573,3096667.2446232294,[99.4852125890449],[0.01005174511745108],[1.6875996208060124e-09],,nan,0.0,[5.16463955107026],10.380537306000406,reliability_gated_ris_only
10,781873798,vp_family,fixed_pol_vp,-20.0,False,,18.505418996001026,0.00011035015050831864,0.5997353637020453,0.09525139441848873,1.1480777977613512e-12,33.89971317576892,True,direct_vp,global_exact_spherical_vp,fixed_pol,,1,6,6.665250660000311,17.727783535001436,direct_vp,direct_vp,0,[],3094241.965817595,3096568,True,0.0,3.028655711472097e+17,138.35502868165,44249.06684408904,nan,nan,,,,,nan,0.0,[5.16463955107026],10.717716778000977,reliability_gated_ris_only
10,781873798,vp_family,jones_free_vp,-20.0,False,,14.352526093000051,4.877731540982113e-05,0.5971701671078725,0.04220393568241665,1.1646472451525777e-12,33.899721411523515,True,direct_vp,global_exact_spherical_vp,jones_free,,2,4,3.711816577000718,13.563575323001714,direct_vp,direct_vp,0,[],3094242.7175471853,3096568,True,32507.264251142857,3.122446342631804e+17,131.02885341122555,45471.56056063789,nan,nan,[0.0],,[1.7041968483130486e-05],"{""min"":0.0,""median"":0.0,""max"":0.0}",nan,0.0,[5.16463955107026],9.501782270999684,reliability_gated_ris_only
10,781873798,vp_family,jones_regularized_vp,-20.0,False,,14.770602516999134,5.2200289190085495e-05,0.5971701431120026,0.04220357897164195,1.1395912223159939e-12,33.899722863887405,True,direct_vp,global_exact_spherical_vp,jones_regularized,,2,4,3.701415186000304,13.969960607000758,direct_vp,direct_vp,0,[],3094242.850113655,3096568,True,32507.25755248106,3.122446979453484e+17,131.02885366026504,45471.544469521315,nan,nan,[0.9999999999839999],,[4.260280946433571e-06],"{""min"":546714.8957017155,""median"":546714.8957017155,""max"":546714.8957017155}",nan,0.0,[5.16463955107026],9.955184370999632,reliability_gated_ris_only
10,781873798,vp_family,adaptive_jones_vp_proposed,-20.0,False,,21.07418533300006,0.00011035015050831864,0.5997353637020453,0.09525139441848873,1.1480777977613512e-12,33.89971317576892,True,direct_vp,global_exact_spherical_vp,adaptive_jones,fixed_pol_anchor,1,4,10.065148612000485,20.292471598000702,direct_vp,direct_vp,0,[],3094241.965817595,3096568,True,0.0,3.028655711472097e+17,138.35502868165,44249.06684408904,3096665.6748452573,3096667.2446232294,[99.4852125890449],[0.01005174511745108],[1.6875996208060124e-09],,nan,0.0,[5.16463955107026],9.876428862000466,reliability_gated_ris_only
10,781873798,stage2_gate,direct_vp_only,-20.0,False,,22.820840619999217,0.00011035015050831864,0.5997353637020453,0.09525139441848873,1.1480777977613512e-12,33.89971317576892,True,direct_vp,global_exact_spherical_vp,adaptive_jones,fixed_pol_anchor,1,4,10.318893071000275,22.010517398999582,direct_vp,direct_vp,0,[],3094241.965817595,3096568,True,0.0,3.028655711472097e+17,138.35502868165,44249.06684408904,3096665.6748452573,3096667.2446232294,[99.4852125890449],[0.01005174511745108],[1.6875996208060124e-09],,nan,0.0,[5.16463955107026],11.399066124000456,reliability_gated_ris_only
10,781873798,stage2_gate,ris_jnpp_always_then_vp,-20.0,False,,34.866017197000474,0.00011035015050831864,0.5997353637020453,0.09525139441848873,1.1480777977613512e-12,33.89971317576892,True,direct_vp_rollback,global_exact_spherical_vp,adaptive_jones,fixed_pol_anchor,1,4,10.537252608999552,20.95158542399986,jnpp_then_vp,direct_vp,0,[],3094241.965817595,3096568,True,0.0,3.028655711472097e+17,138.35502868165,44249.06684408904,3096665.6748452573,3096667.2446232294,[99.4852125890449],[0.01005174511745108],[1.6875996208060124e-09],,nan,0.0,[5.16463955107026],10.07783220300007,force_ris_only
10,781873798,stage2_gate,reliability_gated_ris_jnpp_then_vp_proposed,-20.0,False,,22.185583780999877,0.00011035015050831864,0.5997353637020453,0.09525139441848873,1.1480777977613512e-12,33.89971317576892,True,direct_vp,global_exact_spherical_vp,adaptive_jones,fixed_pol_anchor,1,4,10.208981326999492,21.387798804998965,direct_vp,direct_vp,0,[],3094241.965817595,3096568,True,0.0,3.028655711472097e+17,138.35502868165,44249.06684408904,3096665.6748452573,3096667.2446232294,[99.4852125890449],[0.01005174511745108],[1.6875996208060124e-09],,nan,0.0,[5.16463955107026],10.81444520399964,reliability_gated_ris_only
10,781873798,jones_lambda,fixed_pol_limit,-20.0,False,,18.019063223000558,0.00011035015050831864,0.5997353637020453,0.09525139441848873,1.1480777977613512e-12,33.89971317576892,True,direct_vp,global_exact_spherical_vp,fixed_pol,,1,6,6.155878211000527,17.00435430499965,direct_vp,direct_vp,0,[],3094241.965817595,3096568,True,0.0,3.028655711472097e+17,138.35502868165,44249.06684408904,nan,nan,,,,,nan,0.0,[5.16463955107026],10.524092505000226,reliability_gated_ris_only
10,781873798,jones_lambda,lambda_1e4,-20.0,False,,14.923515282000153,6.417827905898677e-05,0.5971701200624738,0.04220322236447327,1.114565237874993e-12,33.899727218147014,True,direct_vp,global_exact_spherical_vp,jones_regularized,,2,4,3.687957877000372,14.139306835999378,direct_vp,direct_vp,0,[],3094243.2475545635,3096568,True,0.0,3.120364451420706e+17,131.02885255261032,45471.52904416754,nan,nan,[10000.0],,[1.7036735244790205e-13],"{""min"":5467149064.900673,""median"":5467149064.900673,""max"":5467149064.900673}",nan,0.0,[5.16463955107026],10.08390699499978,reliability_gated_ris_only
10,781873798,jones_lambda,lambda_1e2,-20.0,False,,15.000271913999313,6.386123102763358e-05,0.5971701205054472,0.04220322935579279,1.1150556584238642e-12,33.8997271048917,True,direct_vp,global_exact_spherical_vp,jones_regularized,,2,4,3.588517284999398,14.200126066998564,direct_vp,direct_vp,0,[],3094243.237217033,3096568,True,32507.251049829672,3.122447596411328e+17,131.02885257283054,45471.52934526916,nan,nan,[100.0],,[1.6704403814991053e-09],"{""min"":54671490.628164425,""median"":54671490.628164425,""max"":54671490.628164425}",nan,0.0,[5.16463955107026],10.305209588999787,reliability_gated_ris_only
10,781873798,jones_lambda,lambda_1,-20.0,False,,15.922251142999812,5.220028919014761e-05,0.5971701431120026,0.04220357897164195,1.1395912223159939e-12,33.899722863887405,True,direct_vp,global_exact_spherical_vp,jones_regularized,,2,4,4.187901182000132,15.060492147998957,direct_vp,direct_vp,0,[],3094242.850113655,3096568,True,32507.25755248106,3.122446979453484e+17,131.02885366026504,45471.544469521315,nan,nan,[1.0],,[4.260280946365624e-06],"{""min"":546714.8957104629,""median"":546714.8957104629,""max"":546714.8957104629}",nan,0.0,[5.16463955107026],10.563193541000146,reliability_gated_ris_only
10,781873798,jones_lambda,lambda_1e_minus_2,-20.0,False,,14.074269255999752,4.876202940433924e-05,0.5971701666234512,0.04220392861850186,1.1641508392042034e-12,33.89972141210576,True,direct_vp,global_exact_spherical_vp,jones_regularized,,2,4,3.57378928900107,13.311764943002345,direct_vp,direct_vp,0,[],3094242.7176003302,3096568,True,32507.26412430929,3.122446354695562e+17,131.02885343615796,45471.56023320198,nan,nan,[0.01],,[1.670615928971355e-05],"{""min"":5467.1488484785705,""median"":5467.1488484785705,""max"":5467.1488484785705}",nan,0.0,[5.16463955107026],9.294621253000514,reliability_gated_ris_only
10,781873798,jones_lambda,free_jones,-20.0,False,,15.432950431999416,4.877731540982113e-05,0.5971701671078725,0.04220393568241665,1.1646472451525777e-12,33.899721411523515,True,direct_vp,global_exact_spherical_vp,jones_free,,2,4,4.076285801998893,14.621091499999238,direct_vp,direct_vp,0,[],3094242.7175471853,3096568,True,32507.264251142857,3.122446342631804e+17,131.02885341122555,45471.56056063789,nan,nan,[0.0],,[1.7041968483130486e-05],"{""min"":0.0,""median"":0.0,""max"":0.0}",nan,0.0,[5.16463955107026],10.217692287998943,reliability_gated_ris_only
10,781873798,jones_lambda,adaptive_jones,-20.0,False,,22.2684427589993,0.00011035015050831864,0.5997353637020453,0.09525139441848873,1.1480777977613512e-12,33.89971317576892,True,direct_vp,global_exact_spherical_vp,adaptive_jones,fixed_pol_anchor,1,4,10.752862270999685,21.280936500999815,direct_vp,direct_vp,0,[],3094241.965817595,3096568,True,0.0,3.028655711472097e+17,138.35502868165,44249.06684408904,3096665.6748452573,3096667.2446232294,[99.4852125890449],[0.01005174511745108],[1.6875996208060124e-09],,nan,0.0,[5.16463955107026],10.046682780999618,reliability_gated_ris_only
11,3685333214,vp_family,stage1_only_no_vp,-20.0,False,,21.28498061299979,0.00034801352918814083,0.6073477106507598,0.07162229458719693,1.7678053698848624e-11,60.43465096397026,True,direct_vp,global_exact_spherical_vp,adaptive_jones,fixed_pol_anchor,1,4,10.199316342999737,20.515855514002396,direct_vp,direct_vp,0,[],3092522.1700528343,3096568,True,35111.082795991904,2.883631426820534e+17,138.18574792699147,54477.03430087459,3096665.6748452573,3096667.316261487,[99.68252070486967],[0.010031849042632261],[1.5757900249192426e-09],,nan,0.0,[4.738147900117839],9.922147233000942,reliability_gated_ris_only
11,3685333214,vp_family,fixed_pol_vp,-20.0,False,,18.78005139800007,0.00034801352918814083,0.6073477106507598,0.07162229458719693,1.7678053698848624e-11,60.43465096397026,True,direct_vp,global_exact_spherical_vp,fixed_pol,,1,6,6.914855884000644,17.957521537000503,direct_vp,direct_vp,0,[],3092522.1700528343,3096568,True,35111.082795991904,2.883631426820534e+17,138.18574792699147,54477.03430087459,nan,nan,,,,,nan,0.0,[4.738147900117839],10.709189400000469,reliability_gated_ris_only
11,3685333214,vp_family,jones_free_vp,-20.0,False,,16.19372690199998,0.00038824242468712424,0.6160971023272322,0.10095545579956688,1.769473691114897e-11,60.43466771174336,True,direct_vp,global_exact_spherical_vp,jones_free,,2,4,3.7642590010000276,15.102841525002077,direct_vp,direct_vp,0,[],3092523.027058853,3096568,True,35197.470182912744,2.8764744844550506e+17,134.48119679998982,55163.37505475428,nan,nan,[0.0],,[1.597426050775802e-05],"{""min"":0.0,""median"":0.0,""max"":0.0}",nan,0.0,[4.738147900117839],10.986149598000338,reliability_gated_ris_only
11,3685333214,vp_family,jones_regularized_vp,-20.0,False,,15.83517102299993,0.00038699444682383074,0.6160971023272322,0.10095545579956688,1.7677346322946708e-11,60.43467013286045,True,direct_vp,global_exact_spherical_vp,jones_regularized,,2,4,3.6963375700015604,14.996117446000426,direct_vp,direct_vp,0,[],3092523.1509506623,3096568,True,35197.4701806925,2.876474484353084e+17,134.4811967873234,55163.375054514494,nan,nan,[0.9999999999839999],,[3.993514559705665e-06],"{""min"":480541.1508640431,""median"":480541.1508640431,""max"":480541.1508640431}",nan,0.0,[4.738147900117839],10.987131620999207,reliability_gated_ris_only
11,3685333214,vp_family,adaptive_jones_vp_proposed,-20.0,False,,22.807552488999136,0.00034801352918814083,0.6073477106507598,0.07162229458719693,1.7678053698848624e-11,60.43465096397026,True,direct_vp,global_exact_spherical_vp,adaptive_jones,fixed_pol_anchor,1,4,10.78249723800036,21.374562384000455,direct_vp,direct_vp,0,[],3092522.1700528343,3096568,True,35111.082795991904,2.883631426820534e+17,138.18574792699147,54477.03430087459,3096665.6748452573,3096667.316261487,[99.68252070486967],[0.010031849042632261],[1.5757900249192426e-09],,nan,0.0,[4.738147900117839],10.25250657200013,reliability_gated_ris_only
11,3685333214,stage2_gate,direct_vp_only,-20.0,False,,21.60558792199845,0.00034801352918814083,0.6073477106507598,0.07162229458719693,1.7678053698848624e-11,60.43465096397026,True,direct_vp,global_exact_spherical_vp,adaptive_jones,fixed_pol_anchor,1,4,10.508846586999425,20.774217580999903,direct_vp,direct_vp,0,[],3092522.1700528343,3096568,True,35111.082795991904,2.883631426820534e+17,138.18574792699147,54477.03430087459,3096665.6748452573,3096667.316261487,[99.68252070486967],[0.010031849042632261],[1.5757900249192426e-09],,nan,0.0,[4.738147900117839],9.917948133001119,reliability_gated_ris_only
11,3685333214,stage2_gate,ris_jnpp_always_then_vp,-20.0,False,,34.089458873000694,0.00034801352918814083,0.6073477106507598,0.07162229458719693,1.7678053698848624e-11,60.43465096397026,True,direct_vp_rollback,global_exact_spherical_vp,adaptive_jones,fixed_pol_anchor,1,4,10.435304680999252,21.063627931000156,jnpp_then_vp,direct_vp,0,[],3092522.1700528343,3096568,True,35111.082795991904,2.883631426820534e+17,138.18574792699147,54477.03430087459,3096665.6748452573,3096667.316261487,[99.68252070486967],[0.010031849042632261],[1.5757900249192426e-09],,nan,0.0,[4.738147900117839],10.317378466999799,force_ris_only
11,3685333214,stage2_gate,reliability_gated_ris_jnpp_then_vp_proposed,-20.0,False,,22.48586493000039,0.00034801352918814083,0.6073477106507598,0.07162229458719693,1.7678053698848624e-11,60.43465096397026,True,direct_vp,global_exact_spherical_vp,adaptive_jones,fixed_pol_anchor,1,4,10.558515611000985,21.68772120000176,direct_vp,direct_vp,0,[],3092522.1700528343,3096568,True,35111.082795991904,2.883631426820534e+17,138.18574792699147,54477.03430087459,3096665.6748452573,3096667.316261487,[99.68252070486967],[0.010031849042632261],[1.5757900249192426e-09],,nan,0.0,[4.738147900117839],10.79703408900059,reliability_gated_ris_only
11,3685333214,jones_lambda,fixed_pol_limit,-20.0,False,,17.213291931999265,0.00034801352918814083,0.6073477106507598,0.07162229458719693,1.7678053698848624e-11,60.43465096397026,True,direct_vp,global_exact_spherical_vp,fixed_pol,,1,6,6.1910794180002995,16.366471848998117,direct_vp,direct_vp,0,[],3092522.1700528343,3096568,True,35111.082795991904,2.883631426820534e+17,138.18574792699147,54477.03430087459,nan,nan,,,,,nan,0.0,[4.738147900117839],9.837788146998719,reliability_gated_ris_only
11,3685333214,jones_lambda,lambda_1e4,-20.0,False,,16.074250028999813,0.00039374559646315386,0.6160971023272322,0.10095545579956688,1.765995916631976e-11,60.43467739403643,True,direct_vp,global_exact_spherical_vp,jones_regularized,,2,4,3.893085173000145,15.2646731870027,direct_vp,direct_vp,0,[],3092523.522514779,3096568,True,35156.75734567143,2.8798055481391478e+17,134.4811967474485,55163.37505458316,nan,nan,[10000.0],,[1.5970535183885443e-13],"{""min"":4805411508.717372,""median"":4805411508.717372,""max"":4805411508.717372}",nan,0.0,[4.738147900117839],11.021127550000529,reliability_gated_ris_only
11,3685333214,jones_lambda,lambda_1e2,-20.0,False,,14.998560894000548,0.00039353637005713543,0.6160971023272322,0.10095545579956688,1.7660300057495475e-11,60.434677205159964,True,direct_vp,global_exact_spherical_vp,jones_regularized,,2,4,3.645414344000528,14.202904092999233,direct_vp,direct_vp,0,[],3092523.5128497165,3096568,True,35156.757346205246,2.8798055481175466e+17,134.4811967452294,55163.37505591778,nan,nan,[100.0],,[1.5658990438107313e-09],"{""min"":48054115.0871733,""median"":48054115.0871733,""max"":48054115.0871733}",nan,0.0,[4.738147900117839],10.17957317499895,reliability_gated_ris_only
11,3685333214,jones_lambda,lambda_1,-20.0,False,,14.838013135000438,0.0003869944468239581,0.6160971023272322,0.10095545579956688,1.7677346322953325e-11,60.43467013286045,True,direct_vp,global_exact_spherical_vp,jones_regularized,,2,4,3.6587978359984845,14.03502562399808,direct_vp,direct_vp,0,[],3092523.1509506623,3096568,True,35197.47017779993,2.876474484589487e+17,134.48119678970045,55163.37505353963,nan,nan,[1.0],,[3.993514559641487e-06],"{""min"":480541.15087173216,""median"":480541.15087173216,""max"":480541.15087173216}",nan,0.0,[4.738147900117839],10.034177610999905,reliability_gated_ris_only
11,3685333214,jones_lambda,lambda_1e_minus_2,-20.0,False,,15.172150815998975,0.00038814005661604007,0.6160971023272322,0.10095545579956688,1.7694392543525047e-11,60.43466771269278,True,direct_vp,global_exact_spherical_vp,jones_regularized,,2,4,3.691814333000366,14.405686188998516,direct_vp,direct_vp,0,[],3092523.0271074357,3096568,True,35197.470181289675,2.876474484587584e+17,134.48119679924667,55163.37505505693,nan,nan,[0.01],,[1.5659501755502083e-05],"{""min"":4805.411508717328,""median"":4805.411508717328,""max"":4805.411508717328}",nan,0.0,[4.738147900117839],10.38525811799991,reliability_gated_ris_only
11,3685333214,jones_lambda,free_jones,-20.0,False,,15.19098146899887,0.00038824242468712424,0.6160971023272322,0.10095545579956688,1.769473691114897e-11,60.43466771174336,True,direct_vp,global_exact_spherical_vp,jones_free,,2,4,3.6002734980011155,14.410201851003876,direct_vp,direct_vp,0,[],3092523.027058853,3096568,True,35197.470182912744,2.8764744844550506e+17,134.48119679998982,55163.37505475428,nan,nan,[0.0],,[1.597426050775802e-05],"{""min"":0.0,""median"":0.0,""max"":0.0}",nan,0.0,[4.738147900117839],10.514512585001285,reliability_gated_ris_only
11,3685333214,jones_lambda,adaptive_jones,-20.0,False,,20.95330286799981,0.00034801352918814083,0.6073477106507598,0.07162229458719693,1.7678053698848624e-11,60.43465096397026,True,direct_vp,global_exact_spherical_vp,adaptive_jones,fixed_pol_anchor,1,4,9.978182532999199,20.17980528300177,direct_vp,direct_vp,0,[],3092522.1700528343,3096568,True,35111.082795991904,2.883631426820534e+17,138.18574792699147,54477.03430087459,3096665.6748452573,3096667.316261487,[99.68252070486967],[0.010031849042632261],[1.5757900249192426e-09],,nan,0.0,[4.738147900117839],9.863914715000647,reliability_gated_ris_only
12,2210497206,vp_family,stage1_only_no_vp,-20.0,False,,27.68932501800191,0.0002397060720842669,0.6124146288605099,0.10401739077645189,9.066852803046345e-12,18.235766597242687,True,direct_vp,global_exact_spherical_vp,adaptive_jones,fixed_pol_anchor,1,4,16.538750812000217,26.920108051999705,jnpp_then_vp,direct_vp,0,[],3100697.0417978726,3096568,False,28194.81180836817,3.571292739184684e+17,134.56908580986862,41140.448441940105,3096665.6748452573,3096666.7594667543,[100.49740477619697],[0.00995050570834596],[1.3581356830543175e-09],,nan,0.0,[4.6553691635295635],10.074647945999459,reliability_gated_ris_only
12,2210497206,vp_family,fixed_pol_vp,-20.0,False,,15.92842989300334,0.0002397060720842669,0.6124146288605099,0.10401739077645189,9.066852803046345e-12,18.235766597242687,True,direct_vp,global_exact_spherical_vp,fixed_pol,,1,6,4.88306265600113,15.012536917001853,jnpp_then_vp,direct_vp,0,[],3100697.0417978726,3096568,False,28194.81180836817,3.571292739184684e+17,134.56908580986862,41140.448441940105,nan,nan,,,,,nan,0.0,[4.6553691635295635],9.80386867100242,reliability_gated_ris_only
12,2210497206,vp_family,jones_free_vp,-20.0,False,,22.65807686500193,0.00030636332504856866,0.6129817202947792,0.1187656891047082,9.058568274512416e-12,18.23576876063346,True,direct_vp,global_exact_spherical_vp,jones_free,,2,4,11.398441405002814,21.775489809006103,jnpp_then_vp,direct_vp,0,[],3100697.409647468,3096568,False,27383.304704157148,3.677084533047054e+17,132.68375288920555,41414.99462569062,nan,nan,[0.0],,[1.3990261675406664e-05],"{""min"":0.0,""median"":0.0,""max"":0.0}",nan,0.0,[4.6553691635295635],10.046798327002762,reliability_gated_ris_only
12,2210497206,vp_family,jones_regularized_vp,-20.0,False,,23.719857166997826,0.00032245178457888284,0.6129771488358263,0.1187430353359682,9.083601059463313e-12,18.235769404690807,True,direct_vp,global_exact_spherical_vp,jones_regularized,,2,4,12.175550176998513,22.946844576999865,jnpp_then_vp,direct_vp,0,[],3100697.5191589985,3096568,False,27384.746661736117,3.67689073048904e+17,132.68585125273432,41415.85502775054,nan,nan,[0.9999999999839999],,[3.4994875939975138e-06],"{""min"":562163.8718826687,""median"":562163.8718826687,""max"":562163.8718826687}",nan,0.0,[4.6553691635295635],10.441405953999492,reliability_gated_ris_only
12,2210497206,vp_family,adaptive_jones_vp_proposed,-20.0,False,,27.502692515998206,0.0002397060720842669,0.6124146288605099,0.10401739077645189,9.066852803046345e-12,18.235766597242687,True,direct_vp,global_exact_spherical_vp,adaptive_jones,fixed_pol_anchor,1,4,16.597847156997886,26.687062874996627,jnpp_then_vp,direct_vp,0,[],3100697.0417978726,3096568,False,28194.81180836817,3.571292739184684e+17,134.56908580986862,41140.448441940105,3096665.6748452573,3096666.7594667543,[100.49740477619697],[0.00995050570834596],[1.3581356830543175e-09],,nan,0.0,[4.6553691635295635],9.753753582997888,reliability_gated_ris_only
12,2210497206,stage2_gate,direct_vp_only,-20.0,False,,27.796539726001356,0.0002397060720842669,0.6124146288605099,0.10401739077645189,9.066852803046345e-12,18.235766597242687,True,direct_vp,global_exact_spherical_vp,adaptive_jones,fixed_pol_anchor,1,4,16.60593457900177,27.039839666998887,jnpp_then_vp,direct_vp,0,[],3100697.0417978726,3096568,False,28194.81180836817,3.571292739184684e+17,134.56908580986862,41140.448441940105,3096665.6748452573,3096666.7594667543,[100.49740477619697],[0.00995050570834596],[1.3581356830543175e-09],,nan,0.0,[4.6553691635295635],9.997615311000118,reliability_gated_ris_only
12,2210497206,stage2_gate,ris_jnpp_always_then_vp,-20.0,False,,45.83524562000093,0.0002397060720842669,0.6124146288605099,0.10401739077645189,9.066852803046345e-12,18.235766597242687,True,direct_vp_rollback,global_exact_spherical_vp,adaptive_jones,fixed_pol_anchor,1,4,16.543996527998388,27.39592990500023,jnpp_then_vp,direct_vp,0,[],3100697.0417978726,3096568,False,28194.81180836817,3.571292739184684e+17,134.56908580986862,41140.448441940105,3096665.6748452573,3096666.7594667543,[100.49740477619697],[0.00995050570834596],[1.3581356830543175e-09],,nan,0.0,[4.6553691635295635],10.520260596000298,force_ris_only
12,2210497206,stage2_gate,reliability_gated_ris_jnpp_then_vp_proposed,-20.0,False,,46.50041463699745,0.0002397060720842669,0.6124146288605099,0.10401739077645189,9.066852803046345e-12,18.235766597242687,True,direct_vp_rollback,global_exact_spherical_vp,adaptive_jones,fixed_pol_anchor,1,4,16.377671517002454,26.911299378003605,jnpp_then_vp,direct_vp,0,[],3100697.0417978726,3096568,False,28194.81180836817,3.571292739184684e+17,134.56908580986862,41140.448441940105,3096665.6748452573,3096666.7594667543,[100.49740477619697],[0.00995050570834596],[1.3581356830543175e-09],,nan,0.0,[4.6553691635295635],10.108205088999966,reliability_gated_ris_only
12,2210497206,jones_lambda,fixed_pol_limit,-20.0,False,,15.603528231000382,0.0002397060720842669,0.6124146288605099,0.10401739077645189,9.066852803046345e-12,18.235766597242687,True,direct_vp,global_exact_spherical_vp,fixed_pol,,1,6,4.799244868998358,14.572318764996453,jnpp_then_vp,direct_vp,0,[],3100697.0417978726,3096568,False,28194.81180836817,3.571292739184684e+17,134.56908580986862,41140.448441940105,nan,nan,,,,,nan,0.0,[4.6553691635295635],9.356063813000219,reliability_gated_ris_only
12,2210497206,jones_lambda,lambda_1e4,-20.0,False,,23.53407402299854,0.00034742403259621456,0.6129790368333893,0.11875222081383363,9.101640359402289e-12,18.235771302302,True,direct_vp,global_exact_spherical_vp,jones_regularized,,2,4,11.931609978000779,22.480340554000577,jnpp_then_vp,direct_vp,0,[],3100697.841817077,3096568,False,27384.08684798967,3.676979446133379e+17,132.68507063213244,41415.38743202231,nan,nan,[10000.0],,[1.3990627413441592e-13],"{""min"":5621661898.838459,""median"":5621661898.838459,""max"":5621661898.838459}",nan,0.0,[4.6553691635295635],10.183739118998346,reliability_gated_ris_only
12,2210497206,jones_lambda,lambda_1e2,-20.0,False,,22.580240097999194,0.00034818692090204717,0.6129833741741664,0.11877335526303412,9.097947807916026e-12,18.235771247280052,True,direct_vp,global_exact_spherical_vp,jones_regularized,,2,4,11.376450648000173,21.77121578399965,jnpp_then_vp,direct_vp,0,[],3100697.832461485,3096568,False,0.0,3.6755808305064544e+17,132.68315085461563,41414.51184468043,nan,nan,[100.0],,[1.3709816176521588e-09],"{""min"":56217079.9292297,""median"":56217079.9292297,""max"":56217079.9292297}",nan,0.0,[4.6553691635295635],10.060965158001636,reliability_gated_ris_only
12,2210497206,jones_lambda,lambda_1,-20.0,False,,22.826662965999276,0.0003236304125014338,0.6129810837848724,0.11876258313830323,9.079196805927147e-12,18.23576939552187,True,direct_vp,global_exact_spherical_vp,jones_regularized,,2,4,12.051354299001105,21.84330987600333,jnpp_then_vp,direct_vp,0,[],3100697.5175999696,3096568,False,27383.451316743336,3.677064840868874e+17,132.68408215936822,41415.041211791126,nan,nan,[1.0],,[3.4976315231640634e-06],"{""min"":562168.1493331213,""median"":562168.1493331213,""max"":562168.1493331213}",nan,0.0,[4.6553691635295635],9.448017931001232,reliability_gated_ris_only
12,2210497206,jones_lambda,lambda_1e_minus_2,-20.0,False,,22.352696548001404,0.00030669335782965856,0.6129819373259224,0.11876662502239377,9.057831992221511e-12,18.235768760680436,True,direct_vp,global_exact_spherical_vp,jones_regularized,,2,4,11.087314660002448,21.502153032000933,jnpp_then_vp,direct_vp,0,[],3100697.4096554555,3096568,False,0.0,3.674722270638779e+17,132.68366903735478,41414.95424676799,nan,nan,[0.01],,[1.3714255754277031e-05],"{""min"":5621.687372944691,""median"":5621.687372944691,""max"":5621.687372944691}",nan,0.0,[4.6553691635295635],10.03803042099753,reliability_gated_ris_only
12,2210497206,jones_lambda,free_jones,-20.0,False,,22.804981040000712,0.00030636332504856866,0.6129817202947792,0.1187656891047082,9.058568274512416e-12,18.23576876063346,True,direct_vp,global_exact_spherical_vp,jones_free,,2,4,11.437412963998213,21.89995632100181,jnpp_then_vp,direct_vp,0,[],3100697.409647468,3096568,False,27383.304704157148,3.677084533047054e+17,132.68375288920555,41414.99462569062,nan,nan,[0.0],,[1.3990261675406664e-05],"{""min"":0.0,""median"":0.0,""max"":0.0}",nan,0.0,[4.6553691635295635],10.152499990999786,reliability_gated_ris_only
12,2210497206,jones_lambda,adaptive_jones,-20.0,False,,27.92913612099801,0.0002397060720842669,0.6124146288605099,0.10401739077645189,9.066852803046345e-12,18.235766597242687,True,direct_vp,global_exact_spherical_vp,adaptive_jones,fixed_pol_anchor,1,4,17.147850373999972,27.09527491100016,jnpp_then_vp,direct_vp,0,[],3100697.0417978726,3096568,False,28194.81180836817,3.571292739184684e+17,134.56908580986862,41140.448441940105,3096665.6748452573,3096666.7594667543,[100.49740477619697],[0.00995050570834596],[1.3581356830543175e-09],,nan,0.0,[4.6553691635295635],9.601288170000771,reliability_gated_ris_only
13,634888206,vp_family,stage1_only_no_vp,-20.0,False,,28.17954873200142,0.0001755267701077635,0.602690442802523,0.030626424698243504,1.5432522703385758e-11,2.3825152650732315,True,direct_vp,global_exact_spherical_vp,adaptive_jones,fixed_pol_anchor,1,4,18.06363620799675,27.131003950999002,direct_vp,direct_vp,0,[],3095318.9821504764,3096568,True,0.0,2.8498403852678896e+17,124.24267896392618,48731.453831330866,3096665.6748452573,3096666.856750217,[101.38972987245099],[0.009862931888235796],[4.201898521395137e-11],,nan,0.0,[4.718903805360633],8.721875842002191,reliability_gated_ris_only
13,634888206,vp_family,fixed_pol_vp,-20.0,False,,17.72351658000116,0.0001755267701077635,0.602690442802523,0.030626424698243504,1.5432522703385758e-11,2.3825152650732315,True,direct_vp,global_exact_spherical_vp,fixed_pol,,1,6,6.5062424409989035,16.87853545100006,direct_vp,direct_vp,0,[],3095318.9821504764,3096568,True,0.0,2.8498403852678896e+17,124.24267896392618,48731.453831330866,nan,nan,,,,,nan,0.0,[4.718903805360633],9.997115523001412,reliability_gated_ris_only
13,634888206,vp_family,jones_free_vp,-20.0,False,,22.93352706299993,0.00023404774167281721,0.6115816347780147,0.08893151333200144,1.5428861521036777e-11,2.3825159396623343,True,direct_vp,global_exact_spherical_vp,jones_free,,2,4,11.165711428999202,22.113547709002887,direct_vp,direct_vp,0,[],3095319.8585639396,3096568,True,0.0,2.946663040414477e+17,117.54245305657874,50033.78444719217,nan,nan,[0.0],,[4.405998070660204e-07],"{""min"":0.0,""median"":0.0,""max"":0.0}",nan,0.0,[4.718903805360633],10.61386015500102,reliability_gated_ris_only
13,634888206,vp_family,jones_regularized_vp,-20.0,False,,21.702783438999177,0.00023234707165334525,0.6115816403487533,0.0889315446292871,1.543440056724404e-11,2.3825159422516795,True,direct_vp,global_exact_spherical_vp,jones_regularized,,2,4,10.903139084999566,20.83724546400117,direct_vp,direct_vp,0,[],3095319.8619279684,3096568,True,0.0,2.946659215662043e+17,117.542419843335,50033.779256188805,nan,nan,[0.9999999999839999],,[1.1013923914375836e-07],"{""min"":512101.3057708454,""median"":512101.3057708454,""max"":512101.3057708454}",nan,0.0,[4.718903805360633],9.594988683998963,reliability_gated_ris_only
13,634888206,vp_family,adaptive_jones_vp_proposed,-20.0,False,,27.716170485000475,0.0001755267701077635,0.602690442802523,0.030626424698243504,1.5432522703385758e-11,2.3825152650732315,True,direct_vp,global_exact_spherical_vp,adaptive_jones,fixed_pol_anchor,1,4,16.917746802999318,26.940608000000793,direct_vp,direct_vp,0,[],3095318.9821504764,3096568,True,0.0,2.8498403852678896e+17,124.24267896392618,48731.453831330866,3096665.6748452573,3096666.856750217,[101.38972987245099],[0.009862931888235796],[4.201898521395137e-11],,nan,0.0,[4.718903805360633],9.662919204998616,reliability_gated_ris_only
13,634888206,stage2_gate,direct_vp_only,-20.0,False,,28.717369568999857,0.0001755267701077635,0.602690442802523,0.030626424698243504,1.5432522703385758e-11,2.3825152650732315,True,direct_vp,global_exact_spherical_vp,adaptive_jones,fixed_pol_anchor,1,4,17.51577547099805,27.97620512299909,direct_vp,direct_vp,0,[],3095318.9821504764,3096568,True,0.0,2.8498403852678896e+17,124.24267896392618,48731.453831330866,3096665.6748452573,3096666.856750217,[101.38972987245099],[0.009862931888235796],[4.201898521395137e-11],,nan,0.0,[4.718903805360633],10.135533370001212,reliability_gated_ris_only
13,634888206,stage2_gate,ris_jnpp_always_then_vp,-20.0,False,,47.61873777599976,0.0001755267701077635,0.602690442802523,0.030626424698243504,1.5432522703385758e-11,2.3825152650732315,True,direct_vp_rollback,global_exact_spherical_vp,adaptive_jones,fixed_pol_anchor,1,4,17.465284615998826,27.553531374003796,jnpp_then_vp,direct_vp,0,[],3095318.9821504764,3096568,True,0.0,2.8498403852678896e+17,124.24267896392618,48731.453831330866,3096665.6748452573,3096666.856750217,[101.38972987245099],[0.009862931888235796],[4.201898521395137e-11],,nan,0.0,[4.718903805360633],9.777036933002819,force_ris_only
13,634888206,stage2_gate,reliability_gated_ris_jnpp_then_vp_proposed,-20.0,False,,28.117789127001743,0.0001755267701077635,0.602690442802523,0.030626424698243504,1.5432522703385758e-11,2.3825152650732315,True,direct_vp,global_exact_spherical_vp,adaptive_jones,fixed_pol_anchor,1,4,17.379476453003008,27.244122414005687,direct_vp,direct_vp,0,[],3095318.9821504764,3096568,True,0.0,2.8498403852678896e+17,124.24267896392618,48731.453831330866,3096665.6748452573,3096666.856750217,[101.38972987245099],[0.009862931888235796],[4.201898521395137e-11],,nan,0.0,[4.718903805360633],9.491847081997548,reliability_gated_ris_only
13,634888206,jones_lambda,fixed_pol_limit,-20.0,False,,17.689437215001817,0.0001755267701077635,0.602690442802523,0.030626424698243504,1.5432522703385758e-11,2.3825152650732315,True,direct_vp,global_exact_spherical_vp,fixed_pol,,1,6,6.564013917999546,16.862646904995927,direct_vp,direct_vp,0,[],3095318.9821504764,3096568,True,0.0,2.8498403852678896e+17,124.24267896392618,48731.453831330866,nan,nan,,,,,nan,0.0,[4.718903805360633],9.82633804299985,reliability_gated_ris_only
13,634888206,jones_lambda,lambda_1e4,-20.0,False,,27.838003344000754,0.0002308650636116964,0.6115816452440371,0.08893157633569526,1.5439861943415248e-11,2.382515950014528,True,direct_vp,global_exact_spherical_vp,jones_regularized,,2,4,17.381628268001805,27.001203164003527,direct_vp,direct_vp,0,[],3095319.872013315,3096568,True,33716.09252497415,2.954962018436352e+17,117.54239351987638,50033.77545880721,nan,nan,[10000.0],,[4.404282523481975e-15],"{""min"":5121013797.466953,""median"":5121013797.466953,""max"":5121013797.466953}",nan,0.0,[4.718903805360633],9.293875268002012,reliability_gated_ris_only
13,634888206,jones_lambda,lambda_1e2,-20.0,False,,22.111071399998764,0.0002302394742358966,0.6115819531050674,0.0889313986226723,1.5440758810533485e-11,2.382515949969703,True,direct_vp,global_exact_spherical_vp,jones_regularized,,2,4,10.82935187700059,21.1985548080047,direct_vp,direct_vp,0,[],3095319.871955079,3096568,True,0.0,2.9462959800277645e+17,117.53975535827315,50033.248142929406,nan,nan,[100.0],,[4.3153967942248683e-11],"{""min"":51211001.50359906,""median"":51211001.50359906,""max"":51211001.50359906}",nan,0.0,[4.718903805360633],10.005283894999593,reliability_gated_ris_only
13,634888206,jones_lambda,lambda_1,-20.0,False,,21.74469768599738,0.0002323575828059617,0.6115816354717344,0.08893154748255672,1.5434379366750525e-11,2.38251594225169,True,direct_vp,global_exact_spherical_vp,jones_regularized,,2,4,10.539758393002558,20.89716944700558,direct_vp,direct_vp,0,[],3095319.861927982,3096568,True,33716.103218671575,2.9549610814397965e+17,117.54246200456485,50033.787687539916,nan,nan,[1.0],,[1.1014045802222028e-07],"{""min"":512101.16772349336,""median"":512101.16772349336,""max"":512101.16772349336}",nan,0.0,[4.718903805360633],10.015767656001117,reliability_gated_ris_only
13,634888206,jones_lambda,lambda_1e_minus_2,-20.0,False,,21.13401062200137,0.00023401367921710363,0.6115816343107974,0.08893151429211699,1.542901700470083e-11,2.3825159396633704,True,direct_vp,global_exact_spherical_vp,jones_regularized,,2,4,10.376049554000929,20.34554927499994,direct_vp,direct_vp,0,[],3095319.858565286,3096568,True,0.0,2.9466636295530195e+17,117.54245740310796,50033.78533153967,nan,nan,[0.01],,[4.3191764495835975e-07],"{""min"":5121.011947704251,""median"":5121.011947704251,""max"":5121.011947704251}",nan,0.0,[4.718903805360633],9.641425663001428,reliability_gated_ris_only
13,634888206,jones_lambda,free_jones,-20.0,False,,21.48853668099764,0.00023404774167281721,0.6115816347780147,0.08893151333200144,1.5428861521036777e-11,2.3825159396623343,True,direct_vp,global_exact_spherical_vp,jones_free,,2,4,11.200231529997836,20.632723069997155,direct_vp,direct_vp,0,[],3095319.8585639396,3096568,True,0.0,2.946663040414477e+17,117.54245305657874,50033.78444719217,nan,nan,[0.0],,[4.405998070660204e-07],"{""min"":0.0,""median"":0.0,""max"":0.0}",nan,0.0,[4.718903805360633],9.099222292999912,reliability_gated_ris_only
13,634888206,jones_lambda,adaptive_jones,-20.0,False,,28.56041456499952,0.0001755267701077635,0.602690442802523,0.030626424698243504,1.5432522703385758e-11,2.3825152650732315,True,direct_vp,global_exact_spherical_vp,adaptive_jones,fixed_pol_anchor,1,4,17.395830166999076,27.652678269001626,direct_vp,direct_vp,0,[],3095318.9821504764,3096568,True,0.0,2.8498403852678896e+17,124.24267896392618,48731.453831330866,3096665.6748452573,3096666.856750217,[101.38972987245099],[0.009862931888235796],[4.201898521395137e-11],,nan,0.0,[4.718903805360633],9.884014643001137,reliability_gated_ris_only
14,1092560480,vp_family,stage1_only_no_vp,-20.0,False,,27.253663947998575,0.00020858122030118284,0.6023911583415599,0.0162970591068472,1.7547158491992638e-11,44.5969806200713,True,direct_vp,global_exact_spherical_vp,adaptive_jones,fixed_pol_anchor,1,4,16.26678969599743,26.551723737993598,direct_vp,direct_vp,0,[],3097938.066854437,3096568,True,33646.65751621393,2.9837655863548506e+17,132.5549889775787,45656.77185927218,3096665.6748452573,3096672.4522558167,[100.7062132067334],[0.009929873917972242],[9.180298569477389e-09],,nan,0.0,[5.060865025983994],9.904374113000813,reliability_gated_ris_only
14,1092560480,vp_family,fixed_pol_vp,-20.0,False,,16.492135198997858,0.00020858122030118284,0.6023911583415599,0.0162970591068472,1.7547158491992638e-11,44.5969806200713,True,direct_vp,global_exact_spherical_vp,fixed_pol,,1,6,6.24450185400201,15.648366551999061,direct_vp,direct_vp,0,[],3097938.066854437,3096568,True,33646.65751621393,2.9837655863548506e+17,132.5549889775787,45656.77185927218,nan,nan,,,,,nan,0.0,[5.060865025983994],9.134373040000355,reliability_gated_ris_only
14,1092560480,vp_family,jones_free_vp,-20.0,False,,13.34521709099863,0.00033559377772258856,0.6104216383703,0.008711969497649186,1.7699990834631243e-11,44.597033908940986,True,direct_vp,global_exact_spherical_vp,jones_free,,2,4,3.7237978930024838,12.560499325005367,direct_vp,direct_vp,0,[],3097941.7685762946,3096568,True,36306.271167681545,2.7648572770731104e+17,135.65789611431984,45114.79145938868,nan,nan,[0.0],,[9.493790275817083e-05],"{""min"":0.0,""median"":0.0,""max"":0.0}",nan,0.0,[5.060865025983994],8.490020188000926,reliability_gated_ris_only
14,1092560480,vp_family,jones_regularized_vp,-20.0,False,,15.535573604000092,0.00041567018169442235,0.6104216383703,0.008711969497649186,1.7788561329262694e-11,44.59704441830829,True,direct_vp,global_exact_spherical_vp,jones_regularized,,2,4,3.9010205779995886,14.36978053999701,direct_vp,direct_vp,0,[],3097942.4986115703,3096568,True,36306.27108008789,2.7648572766430378e+17,135.6578957536647,45114.79146346589,nan,nan,[0.9999999999839999],,[2.373359735034891e-05],"{""min"":541244.1827230144,""median"":541244.1827230144,""max"":541244.1827230144}",nan,0.0,[5.060865025983994],10.089993555997353,reliability_gated_ris_only
14,1092560480,vp_family,adaptive_jones_vp_proposed,-20.0,False,,27.268435399000737,0.00020858122030118284,0.6023911583415599,0.0162970591068472,1.7547158491992638e-11,44.5969806200713,True,direct_vp,global_exact_spherical_vp,adaptive_jones,fixed_pol_anchor,1,4,16.69827340499978,26.427879000999383,direct_vp,direct_vp,0,[],3097938.066854437,3096568,True,33646.65751621393,2.9837655863548506e+17,132.5549889775787,45656.77185927218,3096665.6748452573,3096672.4522558167,[100.7062132067334],[0.009929873917972242],[9.180298569477389e-09],,nan,0.0,[5.060865025983994],9.38276779700027,reliability_gated_ris_only
14,1092560480,stage2_gate,direct_vp_only,-20.0,False,,26.642549193999002,0.00020858122030118284,0.6023911583415599,0.0162970591068472,1.7547158491992638e-11,44.5969806200713,True,direct_vp,global_exact_spherical_vp,adaptive_jones,fixed_pol_anchor,1,4,16.235435749000317,25.903618330001336,direct_vp,direct_vp,0,[],3097938.066854437,3096568,True,33646.65751621393,2.9837655863548506e+17,132.5549889775787,45656.77185927218,3096665.6748452573,3096672.4522558167,[100.7062132067334],[0.009929873917972242],[9.180298569477389e-09],,nan,0.0,[5.060865025983994],9.29073042500022,reliability_gated_ris_only
14,1092560480,stage2_gate,ris_jnpp_always_then_vp,-20.0,False,,45.23499061199982,0.00020858122030118284,0.6023911583415599,0.0162970591068472,1.7547158491992638e-11,44.5969806200713,True,direct_vp_rollback,global_exact_spherical_vp,adaptive_jones,fixed_pol_anchor,1,4,16.603598470002908,25.28174801100249,jnpp_then_vp,direct_vp,0,[],3097938.066854437,3096568,True,33646.65751621393,2.9837655863548506e+17,132.5549889775787,45656.77185927218,3096665.6748452573,3096672.4522558167,[100.7062132067334],[0.009929873917972242],[9.180298569477389e-09],,nan,0.0,[5.060865025983994],8.384128308000072,force_ris_only
14,1092560480,stage2_gate,reliability_gated_ris_jnpp_then_vp_proposed,-20.0,False,,31.169918261999555,0.00020858122030118284,0.6023911583415599,0.0162970591068472,1.7547158491992638e-11,44.5969806200713,True,direct_vp,global_exact_spherical_vp,adaptive_jones,fixed_pol_anchor,1,4,16.476785790997383,30.332506031994853,direct_vp,direct_vp,0,[],3097938.066854437,3096568,True,33646.65751621393,2.9837655863548506e+17,132.5549889775787,45656.77185927218,3096665.6748452573,3096672.4522558167,[100.7062132067334],[0.009929873917972242],[9.180298569477389e-09],,nan,0.0,[5.060865025983994],13.378198738999345,reliability_gated_ris_only
14,1092560480,jones_lambda,fixed_pol_limit,-20.0,False,,16.789314068999374,0.00020858122030118284,0.6023911583415599,0.0162970591068472,1.7547158491992638e-11,44.5969806200713,True,direct_vp,global_exact_spherical_vp,fixed_pol,,1,6,5.9484837939999125,15.951414737999585,direct_vp,direct_vp,0,[],3097938.066854437,3096568,True,33646.65751621393,2.9837655863548506e+17,132.5549889775787,45656.77185927218,nan,nan,,,,,nan,0.0,[5.060865025983994],9.556042584001261,reliability_gated_ris_only
14,1092560480,jones_lambda,lambda_1e4,-20.0,False,,30.01477485000214,0.0005507887424258549,0.6100831960405168,0.008826419580262979,1.7899962152246962e-11,44.5970723715224,True,direct_vp,global_exact_spherical_vp,jones_regularized,,2,4,19.951118992001284,29.25068721000207,direct_vp,direct_vp,0,[],3097944.4403871084,3096568,True,0.0,2.7678711360980515e+17,135.6526935919808,45119.342860492296,nan,nan,[10000.0],,[9.498077532649967e-13],"{""min"":5412517518.020295,""median"":5412517518.020295,""max"":5412517518.020295}",nan,0.0,[5.060865025983994],8.983717554998293,reliability_gated_ris_only
14,1092560480,jones_lambda,lambda_1e2,-20.0,False,,28.850000664999243,0.0005486869695636046,0.6100918566840947,0.008838731575220748,1.7899411230060345e-11,44.59707167717648,True,direct_vp,global_exact_spherical_vp,jones_regularized,,2,4,18.207563105999725,28.088079213001038,direct_vp,direct_vp,0,[],3097944.392154232,3096568,True,0.0,2.7676943035928662e+17,135.65319378216486,45119.34467948467,nan,nan,[100.0],,[9.312733181130227e-09],"{""min"":54125284.432684936,""median"":54125284.432684936,""max"":54125284.432684936}",nan,0.0,[5.060865025983994],9.574191806001181,reliability_gated_ris_only
14,1092560480,jones_lambda,lambda_1,-20.0,False,,13.35810104200209,0.0004156701816952437,0.6104216383703,0.008711969497649186,1.7788561329262694e-11,44.5970444183083,True,direct_vp,global_exact_spherical_vp,jones_regularized,,2,4,3.8763981289994263,12.469362776999333,direct_vp,direct_vp,0,[],3097942.4986115703,3096568,True,36306.27108008789,2.7648572766430378e+17,135.6578957536647,45114.79146346589,nan,nan,[1.0],,[2.3733597349968926e-05],"{""min"":541244.1827316743,""median"":541244.1827316743,""max"":541244.1827316743}",nan,0.0,[5.060865025983994],8.282002317999286,reliability_gated_ris_only
14,1092560480,jones_lambda,lambda_1e_minus_2,-20.0,False,,14.221834755997406,0.0003367217930210282,0.6104216383703,0.008711969497649186,1.7701744610472242e-11,44.59703391306233,True,direct_vp,global_exact_spherical_vp,jones_regularized,,2,4,3.7356075630013947,13.438931567998225,direct_vp,direct_vp,0,[],3097941.7688625846,3096568,True,0.0,2.7622983962054214e+17,135.65789610090795,45114.7914638036,nan,nan,[0.01],,[9.306722571697297e-05],"{""min"":5412.441827316738,""median"":5412.441827316738,""max"":5412.441827316738}",nan,0.0,[5.060865025983994],9.35184668799775,reliability_gated_ris_only
14,1092560480,jones_lambda,free_jones,-20.0,False,,13.803260060001776,0.00033559377772258856,0.6104216383703,0.008711969497649186,1.7699990834631243e-11,44.597033908940986,True,direct_vp,global_exact_spherical_vp,jones_free,,2,4,3.7827295850001974,12.901044587997603,direct_vp,direct_vp,0,[],3097941.7685762946,3096568,True,36306.271167681545,2.7648572770731104e+17,135.65789611431984,45114.79145938868,nan,nan,[0.0],,[9.493790275817083e-05],"{""min"":0.0,""median"":0.0,""max"":0.0}",nan,0.0,[5.060865025983994],8.805823021000833,reliability_gated_ris_only
14,1092560480,jones_lambda,adaptive_jones,-20.0,False,,26.94619638700169,0.00020858122030118284,0.6023911583415599,0.0162970591068472,1.7547158491992638e-11,44.5969806200713,True,direct_vp,global_exact_spherical_vp,adaptive_jones,fixed_pol_anchor,1,4,16.153245363999304,26.210214331000316,direct_vp,direct_vp,0,[],3097938.066854437,3096568,True,33646.65751621393,2.9837655863548506e+17,132.5549889775787,45656.77185927218,3096665.6748452573,3096672.4522558167,[100.7062132067334],[0.009929873917972242],[9.180298569477389e-09],,nan,0.0,[5.060865025983994],9.67123479699876,reliability_gated_ris_only
15,2734808712,vp_family,stage1_only_no_vp,-20.0,False,,30.83849186599764,0.0005036447817491968,0.6040299886085467,0.05149720889817688,2.267273609495859e-11,8.220753849888846,True,direct_vp,global_exact_spherical_vp,adaptive_jones,fixed_pol_anchor,1,4,19.205022058002214,30.080087037003977,direct_vp,direct_vp,0,[],3099028.989295043,3096568,True,35815.24802154956,2.8764523078004858e+17,142.14133359151492,42981.09918392412,3096665.6748452573,3096666.140733318,[98.17268315226514],[0.01018613292203529],[4.2775346564989086e-10],,nan,0.0,[5.272084801594496],10.558716080999147,reliability_gated_ris_only
15,2734808712,vp_family,fixed_pol_vp,-20.0,False,,18.152128215999255,0.0005036447817491968,0.6040299886085467,0.05149720889817688,2.267273609495859e-11,8.220753849888846,True,direct_vp,global_exact_spherical_vp,fixed_pol,,1,6,6.366386270001385,17.365276939002797,direct_vp,direct_vp,0,[],3099028.989295043,3096568,True,35815.24802154956,2.8764523078004858e+17,142.14133359151492,42981.09918392412,nan,nan,,,,,nan,0.0,[5.272084801594496],10.66240643600031,reliability_gated_ris_only
15,2734808712,vp_family,jones_free_vp,-20.0,False,,23.448619907001557,0.0005132943870955174,0.6041168417608476,0.06184981440049153,2.2690500166893827e-11,8.22075393764924,True,direct_vp,global_exact_spherical_vp,jones_free,,2,4,12.525482720000582,22.65598444099669,direct_vp,direct_vp,0,[],3099029.022378628,3096568,True,35860.11180204973,2.8728506320522515e+17,143.6438193167958,42748.479468158934,nan,nan,[0.0],,[4.205150349717529e-06],"{""min"":0.0,""median"":0.0,""max"":0.0}",nan,0.0,[5.272084801594496],9.787571985998511,reliability_gated_ris_only
15,2734808712,vp_family,jones_regularized_vp,-20.0,False,,23.66719441299938,0.0005123782552115307,0.6041163143947086,0.06183277153541056,2.268140266427658e-11,8.220754021217212,True,direct_vp,global_exact_spherical_vp,jones_regularized,,2,4,12.233673138001905,22.894373658000404,direct_vp,direct_vp,0,[],3099029.053881769,3096568,True,35979.99449494112,2.8632786549104195e+17,143.64378561661184,42748.088606937854,nan,nan,[0.9999999999839999],,[1.0502502364625353e-06],"{""min"":535632.9060930741,""median"":535632.9060930741,""max"":535632.9060930741}",nan,0.0,[5.272084801594496],10.367269682999904,reliability_gated_ris_only
15,2734808712,vp_family,adaptive_jones_vp_proposed,-20.0,False,,31.4132692710009,0.0005036447817491968,0.6040299886085467,0.05149720889817688,2.267273609495859e-11,8.220753849888846,True,direct_vp,global_exact_spherical_vp,adaptive_jones,fixed_pol_anchor,1,4,19.41891956100153,30.601281537998148,direct_vp,direct_vp,0,[],3099028.989295043,3096568,True,35815.24802154956,2.8764523078004858e+17,142.14133359151492,42981.09918392412,3096665.6748452573,3096666.140733318,[98.17268315226514],[0.01018613292203529],[4.2775346564989086e-10],,nan,0.0,[5.272084801594496],10.861506935998477,reliability_gated_ris_only
15,2734808712,stage2_gate,direct_vp_only,-20.0,False,,31.446081885998865,0.0005036447817491968,0.6040299886085467,0.05149720889817688,2.267273609495859e-11,8.220753849888846,True,direct_vp,global_exact_spherical_vp,adaptive_jones,fixed_pol_anchor,1,4,19.3321941840004,30.396023582005,direct_vp,direct_vp,0,[],3099028.989295043,3096568,True,35815.24802154956,2.8764523078004858e+17,142.14133359151492,42981.09918392412,3096665.6748452573,3096666.140733318,[98.17268315226514],[0.01018613292203529],[4.2775346564989086e-10],,nan,0.0,[5.272084801594496],10.746099394000339,reliability_gated_ris_only
15,2734808712,stage2_gate,ris_jnpp_always_then_vp,-20.0,False,,51.341456707999896,0.0005036447817491968,0.6040299886085467,0.05149720889817688,2.267273609495859e-11,8.220753849888846,True,direct_vp_rollback,global_exact_spherical_vp,adaptive_jones,fixed_pol_anchor,1,4,18.869021448997955,29.413152251996507,jnpp_then_vp,direct_vp,0,[],3099028.989295043,3096568,True,35815.24802154956,2.8764523078004858e+17,142.14133359151492,42981.09918392412,3096665.6748452573,3096666.140733318,[98.17268315226514],[0.01018613292203529],[4.2775346564989086e-10],,nan,0.0,[5.272084801594496],10.188947369999369,force_ris_only
15,2734808712,stage2_gate,reliability_gated_ris_jnpp_then_vp_proposed,-20.0,False,,29.690454562001833,0.0005036447817491968,0.6040299886085467,0.05149720889817688,2.267273609495859e-11,8.220753849888846,True,direct_vp,global_exact_spherical_vp,adaptive_jones,fixed_pol_anchor,1,4,19.39029615199979,28.69341920899751,direct_vp,direct_vp,0,[],3099028.989295043,3096568,True,35815.24802154956,2.8764523078004858e+17,142.14133359151492,42981.09918392412,3096665.6748452573,3096666.140733318,[98.17268315226514],[0.01018613292203529],[4.2775346564989086e-10],,nan,0.0,[5.272084801594496],8.918414165000286,reliability_gated_ris_only
15,2734808712,jones_lambda,fixed_pol_limit,-20.0,False,,17.411578803999873,0.0005036447817491968,0.6040299886085467,0.05149720889817688,2.267273609495859e-11,8.220753849888846,True,direct_vp,global_exact_spherical_vp,fixed_pol,,1,6,6.338782650000212,16.623837602001004,direct_vp,direct_vp,0,[],3099028.989295043,3096568,True,35815.24802154956,2.8764523078004858e+17,142.14133359151492,42981.09918392412,nan,nan,,,,,nan,0.0,[5.272084801594496],9.942941929999506,reliability_gated_ris_only
15,2734808712,jones_lambda,lambda_1e4,-20.0,False,,31.857724559999042,0.0005139715734612494,0.6041168374706365,0.06184568588633743,2.2672089987027626e-11,8.22075428770465,True,direct_vp,global_exact_spherical_vp,jones_regularized,,2,4,20.755462724999234,31.008662922999065,direct_vp,direct_vp,0,[],3099029.1543412055,3096568,True,35980.48614467372,2.8632394444414474e+17,143.64404218580682,42748.312277413876,nan,nan,[10000.0],,[4.2027642755506806e-14],"{""min"":5356331120.6054125,""median"":5356331120.6054125,""max"":5356331120.6054125}",nan,0.0,[5.272084801594496],9.918651511001372,reliability_gated_ris_only
15,2734808712,jones_lambda,lambda_1e2,-20.0,False,,23.8382844259977,0.0005141717565079589,0.6041176629410033,0.06186911100272452,2.2667876795490676e-11,8.220754291062034,True,direct_vp,global_exact_spherical_vp,jones_regularized,,2,4,12.112388544999703,23.05243174199859,direct_vp,direct_vp,0,[],3099029.1556068594,3096568,True,35858.267313691475,2.8729981348955728e+17,143.6442652232871,42748.791906581806,nan,nan,[100.0],,[4.125921889095504e-10],"{""min"":53563352.19091589,""median"":53563352.19091589,""max"":53563352.19091589}",nan,0.0,[5.272084801594496],10.580638363000617,reliability_gated_ris_only
15,2734808712,jones_lambda,lambda_1,-20.0,False,,25.111520972001017,0.0005124377363073271,0.6041165375395527,0.06183915081713387,2.268046367567895e-11,8.220754022365691,True,direct_vp,global_exact_spherical_vp,jones_regularized,,2,4,12.721381199000461,24.26358613100092,direct_vp,direct_vp,0,[],3099029.0543147186,3096568,True,35861.02238343972,2.8727777965606624e+17,143.64384593593525,42748.22010952996,nan,nan,[1.0],,[1.050608457596209e-06],"{""min"":535633.0188072175,""median"":535633.0188072175,""max"":535633.0188072175}",nan,0.0,[5.272084801594496],11.230399640000542,reliability_gated_ris_only
15,2734808712,jones_lambda,lambda_1e_minus_2,-20.0,False,,23.457212063000043,0.0005129702129387764,0.6041161232382176,0.061829165776626116,2.2689229721433005e-11,8.220753932963712,True,direct_vp,global_exact_spherical_vp,jones_regularized,,2,4,12.28634901499754,22.603831730997626,direct_vp,direct_vp,0,[],3099029.0206122953,3096568,True,35861.9092464615,2.8727068030568566e+17,143.64363002845187,42748.05247431753,nan,nan,[0.01],,[4.117691835209618e-06],"{""min"":5356.328621426469,""median"":5356.328621426469,""max"":5356.328621426469}",nan,0.0,[5.272084801594496],9.828907291001087,reliability_gated_ris_only
15,2734808712,jones_lambda,free_jones,-20.0,False,,24.09707765299754,0.0005132943870955174,0.6041168417608476,0.06184981440049153,2.2690500166893827e-11,8.22075393764924,True,direct_vp,global_exact_spherical_vp,jones_free,,2,4,12.221432790996914,23.268672642996535,direct_vp,direct_vp,0,[],3099029.022378628,3096568,True,35860.11180204973,2.8728506320522515e+17,143.6438193167958,42748.479468158934,nan,nan,[0.0],,[4.205150349717529e-06],"{""min"":0.0,""median"":0.0,""max"":0.0}",nan,0.0,[5.272084801594496],10.687125232001563,reliability_gated_ris_only
15,2734808712,jones_lambda,adaptive_jones,-20.0,False,,31.02872214299714,0.0005036447817491968,0.6040299886085467,0.05149720889817688,2.267273609495859e-11,8.220753849888846,True,direct_vp,global_exact_spherical_vp,adaptive_jones,fixed_pol_anchor,1,4,19.543126493001182,30.2507208370007,direct_vp,direct_vp,0,[],3099028.989295043,3096568,True,35815.24802154956,2.8764523078004858e+17,142.14133359151492,42981.09918392412,3096665.6748452573,3096666.140733318,[98.17268315226514],[0.01018613292203529],[4.2775346564989086e-10],,nan,0.0,[5.272084801594496],10.399895651000406,reliability_gated_ris_only
16,1080178429,vp_family,stage1_only_no_vp,-20.0,False,,26.44295286600027,0.00012188723827144228,0.6026205502080024,0.016931053522030837,4.906879024344908e-12,9.973920544827312,True,direct_vp,global_exact_spherical_vp,adaptive_jones,fixed_pol_anchor,1,4,14.674728015001165,25.46249326900579,direct_vp,direct_vp,0,[],3096513.8912868784,3096568,True,36038.66405369214,2.8054144219444278e+17,146.36550732485478,47462.88690276484,3096665.6748452573,3096667.354025035,[99.95338047518254],[0.010004664125875532],[2.0089386397452954e-09],,nan,0.0,[4.76420551990584],10.426138303002517,reliability_gated_ris_only
16,1080178429,vp_family,fixed_pol_vp,-20.0,False,,17.414859427997726,0.00012188723827144228,0.6026205502080024,0.016931053522030837,4.906879024344908e-12,9.973920544827312,True,direct_vp,global_exact_spherical_vp,fixed_pol,,1,6,6.539465154000936,16.641274744997645,direct_vp,direct_vp,0,[],3096513.8912868784,3096568,True,36038.66405369214,2.8054144219444278e+17,146.36550732485478,47462.88690276484,nan,nan,,,,,nan,0.0,[4.76420551990584],9.766898606998438,reliability_gated_ris_only
16,1080178429,vp_family,jones_free_vp,-20.0,False,,18.986200774997997,0.00016143107628505777,0.6090416838182656,0.06804371014577626,4.929173254646476e-12,9.97392299699987,True,direct_vp,global_exact_spherical_vp,jones_free,,2,4,7.823855085996911,18.2153728519952,direct_vp,direct_vp,0,[],3096514.6525909565,3096568,True,34904.06365666617,2.8965367564325946e+17,139.0502173297724,48709.980162307234,nan,nan,[0.0],,[2.047398071154299e-05],"{""min"":0.0,""median"":0.0,""max"":0.0}",nan,0.0,[4.76420551990584],10.078909675001341,reliability_gated_ris_only
16,1080178429,vp_family,jones_regularized_vp,-20.0,False,,21.323971607002022,0.00015324354527344522,0.6090417101679134,0.06804374068827901,4.935733296640225e-12,9.973923507740441,True,direct_vp,global_exact_spherical_vp,jones_regularized,,2,4,9.472953764998238,20.54059394900105,direct_vp,direct_vp,0,[],3096514.811156013,3096568,True,0.0,2.8945789249894554e+17,139.0501942128262,48709.98291839166,nan,nan,[0.9999999999839999],,[5.118557098475914e-06],"{""min"":469481.88440064783,""median"":469481.88440064783,""max"":469481.88440064783}",nan,0.0,[4.76420551990584],10.74522918799994,reliability_gated_ris_only
16,1080178429,vp_family,adaptive_jones_vp_proposed,-20.0,False,,26.343313384000794,0.00012188723827144228,0.6026205502080024,0.016931053522030837,4.906879024344908e-12,9.973920544827312,True,direct_vp,global_exact_spherical_vp,adaptive_jones,fixed_pol_anchor,1,4,14.971500712999841,25.519771640003455,direct_vp,direct_vp,0,[],3096513.8912868784,3096568,True,36038.66405369214,2.8054144219444278e+17,146.36550732485478,47462.88690276484,3096665.6748452573,3096667.354025035,[99.95338047518254],[0.010004664125875532],[2.0089386397452954e-09],,nan,0.0,[4.76420551990584],10.213253942001757,reliability_gated_ris_only
16,1080178429,stage2_gate,direct_vp_only,-20.0,False,,26.638509651002096,0.00012188723827144228,0.6026205502080024,0.016931053522030837,4.906879024344908e-12,9.973920544827312,True,direct_vp,global_exact_spherical_vp,adaptive_jones,fixed_pol_anchor,1,4,15.12483196500034,25.593464993999078,direct_vp,direct_vp,0,[],3096513.8912868784,3096568,True,36038.66405369214,2.8054144219444278e+17,146.36550732485478,47462.88690276484,3096665.6748452573,3096667.354025035,[99.95338047518254],[0.010004664125875532],[2.0089386397452954e-09],,nan,0.0,[4.76420551990584],10.09108294300313,reliability_gated_ris_only
16,1080178429,stage2_gate,ris_jnpp_always_then_vp,-20.0,False,,42.64386857499994,0.00012188723827144228,0.6026205502080024,0.016931053522030837,4.906879024344908e-12,9.973920544827312,True,direct_vp_rollback,global_exact_spherical_vp,adaptive_jones,fixed_pol_anchor,1,4,14.18542831099694,25.6208056439973,jnpp_then_vp,direct_vp,0,[],3096513.8912868784,3096568,True,36038.66405369214,2.8054144219444278e+17,146.36550732485478,47462.88690276484,3096665.6748452573,3096667.354025035,[99.95338047518254],[0.010004664125875532],[2.0089386397452954e-09],,nan,0.0,[4.76420551990584],10.973887403000845,force_ris_only
16,1080178429,stage2_gate,reliability_gated_ris_jnpp_then_vp_proposed,-20.0,False,,26.244419784998172,0.00012188723827144228,0.6026205502080024,0.016931053522030837,4.906879024344908e-12,9.973920544827312,True,direct_vp,global_exact_spherical_vp,adaptive_jones,fixed_pol_anchor,1,4,14.679519926998182,25.376588415001606,direct_vp,direct_vp,0,[],3096513.8912868784,3096568,True,36038.66405369214,2.8054144219444278e+17,146.36550732485478,47462.88690276484,3096665.6748452573,3096667.354025035,[99.95338047518254],[0.010004664125875532],[2.0089386397452954e-09],,nan,0.0,[4.76420551990584],10.2014828020001,reliability_gated_ris_only
16,1080178429,jones_lambda,fixed_pol_limit,-20.0,False,,17.40971790599724,0.00012188723827144228,0.6026205502080024,0.016931053522030837,4.906879024344908e-12,9.973920544827312,True,direct_vp,global_exact_spherical_vp,fixed_pol,,1,6,6.640846894002607,16.62079435200212,direct_vp,direct_vp,0,[],3096513.8912868784,3096568,True,36038.66405369214,2.8054144219444278e+17,146.36550732485478,47462.88690276484,nan,nan,,,,,nan,0.0,[4.76420551990584],9.650897480001731,reliability_gated_ris_only
16,1080178429,jones_lambda,lambda_1e4,-20.0,False,,18.578989041998284,0.00015529991004362321,0.6090417384037804,0.06804377187052868,4.942292603521873e-12,9.973925039545763,True,direct_vp,global_exact_spherical_vp,jones_regularized,,2,4,7.903507918999821,17.81985878699561,direct_vp,direct_vp,0,[],3096515.286721909,3096568,True,0.0,2.8950004256666534e+17,139.050174060884,48709.98540706706,nan,nan,[10000.0],,[2.047017484177835e-13],"{""min"":4694819087.532511,""median"":4694819087.532511,""max"":4694819087.532511}",nan,0.0,[4.76420551990584],9.59096859499914,reliability_gated_ris_only
16,1080178429,jones_lambda,lambda_1e2,-20.0,False,,19.179488630001288,0.00015516076947529302,0.6090417377453998,0.06804377094799374,4.942164386979977e-12,9.97392499970016,True,direct_vp,global_exact_spherical_vp,jones_regularized,,2,4,7.800100643002224,18.318760698002734,direct_vp,direct_vp,0,[],3096515.274351401,3096568,True,0.0,2.894578799480659e+17,139.05017415765505,48709.98538364969,nan,nan,[100.0],,[2.007084515436247e-09],"{""min"":46948190.882443786,""median"":46948190.882443786,""max"":46948190.882443786}",nan,0.0,[4.76420551990584],10.211377846000687,reliability_gated_ris_only
16,1080178429,jones_lambda,lambda_1,-20.0,False,,18.794283356997767,0.00015324341402916835,0.6090417101371495,0.06804374057980223,4.935736626412768e-12,9.973923507740444,True,direct_vp,global_exact_spherical_vp,jones_regularized,,2,4,7.854285821002122,17.97600185400006,direct_vp,direct_vp,0,[],3096514.8111560144,3096568,True,0.0,2.8945789269362355e+17,139.05019411997037,48709.98292538446,nan,nan,[1.0],,[5.118557076529774e-06],"{""min"":469481.8845863835,""median"":469481.8845863835,""max"":469481.8845863835}",nan,0.0,[4.76420551990584],9.72953046999828,reliability_gated_ris_only
16,1080178429,jones_lambda,lambda_1e_minus_2,-20.0,False,,19.17853626500073,0.00016116898515251013,0.6090416842021298,0.06804371032250156,4.92930992979835e-12,9.973922997200155,True,direct_vp,global_exact_spherical_vp,jones_regularized,,2,4,7.831241179999779,18.361957270000858,direct_vp,direct_vp,0,[],3096514.6526531377,3096568,True,0.0,2.894578980259664e+17,139.05021648347008,48709.98024616687,nan,nan,[0.01],,[2.0070568912239952e-05],"{""min"":4694.81856394809,""median"":4694.81856394809,""max"":4694.81856394809}",nan,0.0,[4.76420551990584],10.23051033700176,reliability_gated_ris_only
16,1080178429,jones_lambda,free_jones,-20.0,False,,18.99597742699916,0.00016143107628505777,0.6090416838182656,0.06804371014577626,4.929173254646476e-12,9.97392299699987,True,direct_vp,global_exact_spherical_vp,jones_free,,2,4,7.714906178000092,18.209743384995818,direct_vp,direct_vp,0,[],3096514.6525909565,3096568,True,34904.06365666617,2.8965367564325946e+17,139.0502173297724,48709.980162307234,nan,nan,[0.0],,[2.047398071154299e-05],"{""min"":0.0,""median"":0.0,""max"":0.0}",nan,0.0,[4.76420551990584],10.163466516998596,reliability_gated_ris_only
16,1080178429,jones_lambda,adaptive_jones,-20.0,False,,25.957895044000907,0.00012188723827144228,0.6026205502080024,0.016931053522030837,4.906879024344908e-12,9.973920544827312,True,direct_vp,global_exact_spherical_vp,adaptive_jones,fixed_pol_anchor,1,4,14.65516102300171,25.175878766003734,direct_vp,direct_vp,0,[],3096513.8912868784,3096568,True,36038.66405369214,2.8054144219444278e+17,146.36550732485478,47462.88690276484,3096665.6748452573,3096667.354025035,[99.95338047518254],[0.010004664125875532],[2.0089386397452954e-09],,nan,0.0,[4.76420551990584],10.198133568999765,reliability_gated_ris_only
17,2127997378,vp_family,stage1_only_no_vp,-20.0,False,,22.47834722799962,0.00022516655443708048,0.6053568370518752,0.007405788783700018,4.639001350560728e-12,40.57040179455977,True,direct_vp,global_exact_spherical_vp,adaptive_jones,fixed_pol_anchor,1,4,11.29721747199801,21.522293899000942,direct_vp,direct_vp,0,[],3093956.6205240656,3096568,True,0.0,2.605361597649767e+17,143.32125497711417,48389.03511538298,3096665.6748452573,3096666.626526173,[98.63074705174816],[0.010138826175337632],[9.789914161236446e-10],,nan,0.0,[4.977743775895537],9.879509430000326,reliability_gated_ris_only
17,2127997378,vp_family,fixed_pol_vp,-20.0,False,,18.272973135997745,0.00022516655443708048,0.6053568370518752,0.007405788783700018,4.639001350560728e-12,40.57040179455977,True,direct_vp,global_exact_spherical_vp,fixed_pol,,1,6,7.0877399500022875,17.405602908002038,direct_vp,direct_vp,0,[],3093956.6205240656,3096568,True,0.0,2.605361597649767e+17,143.32125497711417,48389.03511538298,nan,nan,,,,,nan,0.0,[4.977743775895537],9.959352632999071,reliability_gated_ris_only
17,2127997378,vp_family,jones_free_vp,-20.0,False,,15.268007487000432,0.0002895013087175016,0.6065494168432237,0.022147095873918055,4.66984692373567e-12,40.570406414806236,True,direct_vp,global_exact_spherical_vp,jones_free,,2,4,4.189622256002622,14.352626878997398,direct_vp,direct_vp,0,[],3093956.9728706405,3096568,True,0.0,2.5511833787233974e+17,145.4147362067124,48034.289954027314,nan,nan,[0.0],,[9.718758131164349e-06],"{""min"":0.0,""median"":0.0,""max"":0.0}",nan,0.0,[4.977743775895537],9.735337291000178,reliability_gated_ris_only
17,2127997378,vp_family,jones_regularized_vp,-20.0,False,,21.16400135299773,0.0002917123136084479,0.6065494168432237,0.022147095873918055,4.690505450731116e-12,40.570407414213946,True,direct_vp,global_exact_spherical_vp,jones_regularized,,2,4,9.640386327002489,20.296548390004318,direct_vp,direct_vp,0,[],3093957.049086896,3096568,True,0.0,2.5511833795379222e+17,145.41473616805195,48034.28996018023,nan,nan,[0.9999999999839999],,[2.429568395138012e-06],"{""min"":531222.5425015169,""median"":531222.5425015169,""max"":531222.5425015169}",nan,0.0,[4.977743775895537],10.325531302001764,reliability_gated_ris_only
17,2127997378,vp_family,adaptive_jones_vp_proposed,-20.0,False,,22.912802130998898,0.00022516655443708048,0.6053568370518752,0.007405788783700018,4.639001350560728e-12,40.57040179455977,True,direct_vp,global_exact_spherical_vp,adaptive_jones,fixed_pol_anchor,1,4,11.182107665998046,21.97984734500278,direct_vp,direct_vp,0,[],3093956.6205240656,3096568,True,0.0,2.605361597649767e+17,143.32125497711417,48389.03511538298,3096665.6748452573,3096666.626526173,[98.63074705174816],[0.010138826175337632],[9.789914161236446e-10],,nan,0.0,[4.977743775895537],10.375528160002432,reliability_gated_ris_only
17,2127997378,stage2_gate,direct_vp_only,-20.0,False,,23.447154383000452,0.00022516655443708048,0.6053568370518752,0.007405788783700018,4.639001350560728e-12,40.57040179455977,True,direct_vp,global_exact_spherical_vp,adaptive_jones,fixed_pol_anchor,1,4,11.469547540000349,22.610789539998223,direct_vp,direct_vp,0,[],3093956.6205240656,3096568,True,0.0,2.605361597649767e+17,143.32125497711417,48389.03511538298,3096665.6748452573,3096666.626526173,[98.63074705174816],[0.010138826175337632],[9.789914161236446e-10],,nan,0.0,[4.977743775895537],10.82720819899987,reliability_gated_ris_only
17,2127997378,stage2_gate,ris_jnpp_always_then_vp,-20.0,False,,37.10964795900145,0.00022516655443708048,0.6053568370518752,0.007405788783700018,4.639001350560728e-12,40.57040179455977,True,direct_vp_rollback,global_exact_spherical_vp,adaptive_jones,fixed_pol_anchor,1,4,11.559801226998388,22.491780822998408,jnpp_then_vp,direct_vp,0,[],3093956.6205240656,3096568,True,0.0,2.605361597649767e+17,143.32125497711417,48389.03511538298,3096665.6748452573,3096666.626526173,[98.63074705174816],[0.010138826175337632],[9.789914161236446e-10],,nan,0.0,[4.977743775895537],10.607403232999786,force_ris_only
17,2127997378,stage2_gate,reliability_gated_ris_jnpp_then_vp_proposed,-20.0,False,,23.48399453699676,0.00022516655443708048,0.6053568370518752,0.007405788783700018,4.639001350560728e-12,40.57040179455977,True,direct_vp,global_exact_spherical_vp,adaptive_jones,fixed_pol_anchor,1,4,11.277810695999506,22.540262709997478,direct_vp,direct_vp,0,[],3093956.6205240656,3096568,True,0.0,2.605361597649767e+17,143.32125497711417,48389.03511538298,3096665.6748452573,3096666.626526173,[98.63074705174816],[0.010138826175337632],[9.789914161236446e-10],,nan,0.0,[4.977743775895537],10.882848920999095,reliability_gated_ris_only
17,2127997378,jones_lambda,fixed_pol_limit,-20.0,False,,17.69498551200013,0.00022516655443708048,0.6053568370518752,0.007405788783700018,4.639001350560728e-12,40.57040179455977,True,direct_vp,global_exact_spherical_vp,fixed_pol,,1,6,6.41912298600073,16.88273484199817,direct_vp,direct_vp,0,[],3093956.6205240656,3096568,True,0.0,2.605361597649767e+17,143.32125497711417,48389.03511538298,nan,nan,,,,,nan,0.0,[4.977743775895537],10.160843984998792,reliability_gated_ris_only
17,2127997378,jones_lambda,lambda_1e4,-20.0,False,,16.072443064000254,0.00029884500302025104,0.6065494168432237,0.022147095873918055,4.711480916431802e-12,40.57041041140934,True,direct_vp,global_exact_spherical_vp,jones_regularized,,2,4,4.3871054660012305,15.241093772998283,direct_vp,direct_vp,0,[],3093957.2776572853,3096568,True,40085.40062954652,2.5538827436143824e+17,145.4147361164202,48034.28995697528,nan,nan,[10000.0],,[9.715791043778232e-14],"{""min"":5312225425.100164,""median"":5312225425.100164,""max"":5312225425.100164}",nan,0.0,[4.977743775895537],10.544163161997858,reliability_gated_ris_only
17,2127997378,jones_lambda,lambda_1e2,-20.0,False,,15.17685116299981,0.0002986578835875614,0.6065494168432237,0.022147095873918055,4.71107284860167e-12,40.57041033344851,True,direct_vp,global_exact_spherical_vp,jones_regularized,,2,4,4.114900458000193,14.395053266995092,direct_vp,direct_vp,0,[],3093957.2717118813,3096568,True,40085.40062345816,2.553882744030159e+17,145.41473611168243,48034.28995906465,nan,nan,[100.0],,[9.526266306463483e-10],"{""min"":53122254.25100157,""median"":53122254.25100157,""max"":53122254.25100157}",nan,0.0,[4.977743775895537],9.908250005999435,reliability_gated_ris_only
17,2127997378,jones_lambda,lambda_1,-20.0,False,,20.09094208100214,0.0002917122715839595,0.6065494168432237,0.022147095873918055,4.690491445339118e-12,40.57040741421391,True,direct_vp,global_exact_spherical_vp,jones_regularized,,2,4,8.16338079200068,19.12269559899869,direct_vp,direct_vp,0,[],3093957.0490868934,3096568,True,0.0,2.5511833804083222e+17,145.41473616404207,48034.28996151413,nan,nan,[1.0],,[2.429568489229315e-06],"{""min"":531222.5425100164,""median"":531222.5425100164,""max"":531222.5425100164}",nan,0.0,[4.977743775895537],10.639520881999488,reliability_gated_ris_only
17,2127997378,jones_lambda,lambda_1e_minus_2,-20.0,False,,20.666316769998957,0.0002894967973720529,0.6065494168432237,0.022147095873918055,4.670083413805914e-12,40.57040641519812,True,direct_vp,global_exact_spherical_vp,jones_regularized,,2,4,9.991412291998131,19.543246371998976,direct_vp,direct_vp,0,[],3093956.9729005266,3096568,True,0.0,2.5511833802250323e+17,145.41473620116378,48034.2899558596,nan,nan,[0.01],,[9.527255792918451e-06],"{""min"":5312.225425100166,""median"":5312.225425100166,""max"":5312.225425100166}",nan,0.0,[4.977743775895537],9.213648213000852,reliability_gated_ris_only
17,2127997378,jones_lambda,free_jones,-20.0,False,,14.387476590000006,0.0002895013087175016,0.6065494168432237,0.022147095873918055,4.66984692373567e-12,40.570406414806236,True,direct_vp,global_exact_spherical_vp,jones_free,,2,4,4.2548896680018515,13.620871183004056,direct_vp,direct_vp,0,[],3093956.9728706405,3096568,True,0.0,2.5511833787233974e+17,145.4147362067124,48034.289954027314,nan,nan,[0.0],,[9.718758131164349e-06],"{""min"":0.0,""median"":0.0,""max"":0.0}",nan,0.0,[4.977743775895537],8.997712001000764,reliability_gated_ris_only
17,2127997378,jones_lambda,adaptive_jones,-20.0,False,,23.469227737001347,0.00022516655443708048,0.6053568370518752,0.007405788783700018,4.639001350560728e-12,40.57040179455977,True,direct_vp,global_exact_spherical_vp,adaptive_jones,fixed_pol_anchor,1,4,11.437963844997284,22.66072988599626,direct_vp,direct_vp,0,[],3093956.6205240656,3096568,True,0.0,2.605361597649767e+17,143.32125497711417,48389.03511538298,3096665.6748452573,3096666.626526173,[98.63074705174816],[0.010138826175337632],[9.789914161236446e-10],,nan,0.0,[4.977743775895537],10.908380405999196,reliability_gated_ris_only
18,3644258948,vp_family,stage1_only_no_vp,-20.0,False,,24.360077698998793,0.00015083743860771982,0.5978490704332357,0.0003031109437614532,1.2419315834827684e-11,13.840370462635903,True,direct_vp,global_exact_spherical_vp,adaptive_jones,fixed_pol_anchor,1,4,13.296444548999716,23.41953517699949,direct_vp,direct_vp,0,[],3098328.637936053,3096568,True,33545.63482756095,3.032760233598012e+17,135.7003788862408,41176.94008316016,3096665.6748452573,3096666.4127360163,[99.39019716784874],[0.010061354423231741],[7.047323409620772e-10],,nan,0.0,[4.98285661547372],9.761877630997333,reliability_gated_ris_only
18,3644258948,vp_family,fixed_pol_vp,-20.0,False,,16.378136911000183,0.00015083743860771982,0.5978490704332357,0.0003031109437614532,1.2419315834827684e-11,13.840370462635903,True,direct_vp,global_exact_spherical_vp,fixed_pol,,1,6,5.0109525230000145,15.529825309000444,direct_vp,direct_vp,0,[],3098328.637936053,3096568,True,33545.63482756095,3.032760233598012e+17,135.7003788862408,41176.94008316016,nan,nan,,,,,nan,0.0,[4.98285661547372],10.088394984999468,reliability_gated_ris_only
18,3644258948,vp_family,jones_free_vp,-20.0,False,,19.542866939002124,0.0001442410371232994,0.600791129227002,0.006195717257988065,1.2500568919712009e-11,13.840371463708715,True,direct_vp,global_exact_spherical_vp,jones_free,,2,4,7.77588812400063,18.47711051599981,direct_vp,direct_vp,0,[],3098328.862037899,3096568,True,33994.43818501763,2.9926994349310854e+17,134.91806467683966,41302.43954451133,nan,nan,[0.0],,[7.096183381208025e-06],"{""min"":0.0,""median"":0.0,""max"":0.0}",nan,0.0,[4.98285661547372],10.311639790001209,reliability_gated_ris_only
18,3644258948,vp_family,jones_regularized_vp,-20.0,False,,18.629658719000872,0.0001566360258644756,0.6007916396206783,0.006193580536165477,1.2495413858189718e-11,13.840371707624763,True,direct_vp,global_exact_spherical_vp,jones_regularized,,2,4,7.74281533100293,17.827077326004655,direct_vp,direct_vp,0,[],3098328.9166413555,3096568,True,33994.01008825863,2.992737195162934e+17,134.91302766816366,41303.23182015024,nan,nan,[0.9999999999839999],,[1.7757758173130283e-06],"{""min"":571509.6637374267,""median"":571509.6637374267,""max"":571509.6637374267}",nan,0.0,[4.98285661547372],9.760189571003139,reliability_gated_ris_only
18,3644258948,vp_family,adaptive_jones_vp_proposed,-20.0,False,,24.14860474500165,0.00015083743860771982,0.5978490704332357,0.0003031109437614532,1.2419315834827684e-11,13.840370462635903,True,direct_vp,global_exact_spherical_vp,adaptive_jones,fixed_pol_anchor,1,4,12.866848483001377,23.414992245001486,direct_vp,direct_vp,0,[],3098328.637936053,3096568,True,33545.63482756095,3.032760233598012e+17,135.7003788862408,41176.94008316016,3096665.6748452573,3096666.4127360163,[99.39019716784874],[0.010061354423231741],[7.047323409620772e-10],,nan,0.0,[4.98285661547372],10.238463628000318,reliability_gated_ris_only
18,3644258948,stage2_gate,direct_vp_only,-20.0,False,,24.73036216699984,0.00015083743860771982,0.5978490704332357,0.0003031109437614532,1.2419315834827684e-11,13.840370462635903,True,direct_vp,global_exact_spherical_vp,adaptive_jones,fixed_pol_anchor,1,4,13.125263408001047,23.953110004003975,direct_vp,direct_vp,0,[],3098328.637936053,3096568,True,33545.63482756095,3.032760233598012e+17,135.7003788862408,41176.94008316016,3096665.6748452573,3096666.4127360163,[99.39019716784874],[0.010061354423231741],[7.047323409620772e-10],,nan,0.0,[4.98285661547372],10.414478771002905,reliability_gated_ris_only
18,3644258948,stage2_gate,ris_jnpp_always_then_vp,-20.0,False,,40.947068765999575,0.00015083743860771982,0.5978490704332357,0.0003031109437614532,1.2419315834827684e-11,13.840370462635903,True,direct_vp_rollback,global_exact_spherical_vp,adaptive_jones,fixed_pol_anchor,1,4,13.60391510699992,24.290850846995454,jnpp_then_vp,direct_vp,0,[],3098328.637936053,3096568,True,33545.63482756095,3.032760233598012e+17,135.7003788862408,41176.94008316016,3096665.6748452573,3096666.4127360163,[99.39019716784874],[0.010061354423231741],[7.047323409620772e-10],,nan,0.0,[4.98285661547372],10.175892520997877,force_ris_only
18,3644258948,stage2_gate,reliability_gated_ris_jnpp_then_vp_proposed,-20.0,False,,25.355966039998748,0.00015083743860771982,0.5978490704332357,0.0003031109437614532,1.2419315834827684e-11,13.840370462635903,True,direct_vp,global_exact_spherical_vp,adaptive_jones,fixed_pol_anchor,1,4,13.362592821998987,24.591562160996546,direct_vp,direct_vp,0,[],3098328.637936053,3096568,True,33545.63482756095,3.032760233598012e+17,135.7003788862408,41176.94008316016,3096665.6748452573,3096666.4127360163,[99.39019716784874],[0.010061354423231741],[7.047323409620772e-10],,nan,0.0,[4.98285661547372],10.887019099998724,reliability_gated_ris_only
18,3644258948,jones_lambda,fixed_pol_limit,-20.0,False,,16.257482146000257,0.00015083743860771982,0.5978490704332357,0.0003031109437614532,1.2419315834827684e-11,13.840370462635903,True,direct_vp,global_exact_spherical_vp,fixed_pol,,1,6,5.346532170999126,15.216679016004491,direct_vp,direct_vp,0,[],3098328.637936053,3096568,True,33545.63482756095,3.032760233598012e+17,135.7003788862408,41176.94008316016,nan,nan,,,,,nan,0.0,[4.98285661547372],9.515239988002577,reliability_gated_ris_only
18,3644258948,jones_lambda,lambda_1e4,-20.0,False,,19.348454547001893,0.00016894558573302354,0.6007911920700677,0.006194958795951777,1.2481185027939832e-11,13.840372450896425,True,direct_vp,global_exact_spherical_vp,jones_regularized,,2,4,7.805717174000165,18.536633711999457,direct_vp,direct_vp,0,[],3098329.0830314015,3096568,True,33994.38150377413,2.992704443960857e+17,134.91733341574434,41302.554961352325,nan,nan,[10000.0],,[7.095654003842697e-14],"{""min"":5715019477.472924,""median"":5715019477.472924,""max"":5715019477.472924}",nan,0.0,[4.98285661547372],10.287603490000038,reliability_gated_ris_only
18,3644258948,jones_lambda,lambda_1e2,-20.0,False,,19.389508644999296,0.00016851215951363768,0.6007911493193173,0.006195079921530677,1.2480786091296926e-11,13.840372431902292,True,direct_vp,global_exact_spherical_vp,jones_regularized,,2,4,7.938676085999759,18.547992973002692,direct_vp,direct_vp,0,[],3098329.078779343,3096568,True,33994.40601587433,2.992702278707774e+17,134.91764841808404,41302.50537229202,nan,nan,[100.0],,[6.956803022581075e-10],"{""min"":57150137.87250159,""median"":57150137.87250159,""max"":57150137.87250159}",nan,0.0,[4.98285661547372],10.275015939001605,reliability_gated_ris_only
18,3644258948,jones_lambda,lambda_1,-20.0,False,,20.074415669998416,0.00015663444294126825,0.6007916392437145,0.006193582270013209,1.249543670029926e-11,13.840371707624966,True,direct_vp,global_exact_spherical_vp,jones_regularized,,2,4,8.318871543997375,19.154297529996256,direct_vp,direct_vp,0,[],3098328.9166414016,3096568,True,33994.01049315404,2.9927371595085126e+17,134.9130322173666,41303.23110854126,nan,nan,[1.0],,[1.775774323082746e-06],"{""min"":571509.6554958445,""median"":571509.6554958445,""max"":571509.6554958445}",nan,0.0,[4.98285661547372],10.443887122997694,reliability_gated_ris_only
18,3644258948,jones_lambda,lambda_1e_minus_2,-20.0,False,,18.798357463001594,0.00014651647678338498,0.6007916451890474,0.006193669510751398,1.2505605964914618e-11,13.840371460394502,True,direct_vp,global_exact_spherical_vp,jones_regularized,,2,4,7.453951395000331,17.767372457998135,direct_vp,direct_vp,0,[],3098328.8612959734,3096568,True,33993.97018230743,2.992740709415894e+17,134.91268482970207,41303.285445082765,nan,nan,[0.01],,[6.963659473042177e-06],"{""min"":5715.102337191085,""median"":5715.102337191085,""max"":5715.102337191085}",nan,0.0,[4.98285661547372],9.987176178998197,reliability_gated_ris_only
18,3644258948,jones_lambda,free_jones,-20.0,False,,18.860829420998925,0.0001442410371232994,0.600791129227002,0.006195717257988065,1.2500568919712009e-11,13.840371463708715,True,direct_vp,global_exact_spherical_vp,jones_free,,2,4,7.4446026789992175,17.917777203998412,direct_vp,direct_vp,0,[],3098328.862037899,3096568,True,33994.43818501763,2.9926994349310854e+17,134.91806467683966,41302.43954451133,nan,nan,[0.0],,[7.096183381208025e-06],"{""min"":0.0,""median"":0.0,""max"":0.0}",nan,0.0,[4.98285661547372],10.112388245001057,reliability_gated_ris_only
18,3644258948,jones_lambda,adaptive_jones,-20.0,False,,24.464380645000347,0.00015083743860771982,0.5978490704332357,0.0003031109437614532,1.2419315834827684e-11,13.840370462635903,True,direct_vp,global_exact_spherical_vp,adaptive_jones,fixed_pol_anchor,1,4,13.347467924999364,23.50838965299772,direct_vp,direct_vp,0,[],3098328.637936053,3096568,True,33545.63482756095,3.032760233598012e+17,135.7003788862408,41176.94008316016,3096665.6748452573,3096666.4127360163,[99.39019716784874],[0.010061354423231741],[7.047323409620772e-10],,nan,0.0,[4.98285661547372],9.832823644999735,reliability_gated_ris_only
19,3846521747,vp_family,stage1_only_no_vp,-20.0,False,,27.816681987002084,0.00012845863396806776,0.6001673612358477,0.001990527368799455,2.051488303703021e-12,37.26356459213654,True,direct_vp,global_exact_spherical_vp,adaptive_jones,fixed_pol_anchor,1,4,16.559445070997754,27.076168695999513,direct_vp,direct_vp,0,[],3096971.2155571138,3096568,True,30533.16283674206,3.283446011115373e+17,144.64363707872528,38888.77155743734,3096665.6748452573,3096666.870112408,[100.81511691519579],[0.009919147351089919],[1.907228925200389e-09],,nan,0.0,[5.008034664924902],10.151996634998795,reliability_gated_ris_only
19,3846521747,vp_family,fixed_pol_vp,-20.0,False,,16.12113284499719,0.00012845863396806776,0.6001673612358477,0.001990527368799455,2.051488303703021e-12,37.26356459213654,True,direct_vp,global_exact_spherical_vp,fixed_pol,,1,6,4.646681883001293,15.200191027000983,direct_vp,direct_vp,0,[],3096971.2155571138,3096568,True,30533.16283674206,3.283446011115373e+17,144.64363707872528,38888.77155743734,nan,nan,,,,,nan,0.0,[5.008034664924902],10.205355164998764,reliability_gated_ris_only
19,3846521747,vp_family,jones_free_vp,-20.0,False,,20.365590296001756,0.0001395260418850231,0.5979409843635988,0.0113029753075784,2.0551623044067332e-12,37.26356827751811,True,direct_vp,global_exact_spherical_vp,jones_free,,2,4,9.319331400998635,19.504566413997964,direct_vp,direct_vp,0,[],3096971.521848816,3096568,True,0.0,3.364539745774401e+17,143.23916430309512,39084.28125476438,nan,nan,[0.0],,[1.9768592015211398e-05],"{""min"":0.0,""median"":0.0,""max"":0.0}",nan,0.0,[5.008034664924902],9.82945342399762,reliability_gated_ris_only
19,3846521747,vp_family,jones_regularized_vp,-20.0,False,,22.67497807900145,0.00011680694132691074,0.5979413034702509,0.011321753384716082,2.0325151701162872e-12,37.2635701043577,True,direct_vp,global_exact_spherical_vp,jones_regularized,,2,4,10.911551586999849,21.75156111299657,direct_vp,direct_vp,0,[],3096971.673677276,3096568,True,0.0,3.364519810560504e+17,143.2397383048851,39084.87456276307,nan,nan,[0.9999999999839999],,[4.9445617093631365e-06],"{""min"":573027.0385271522,""median"":573027.0385271522,""max"":573027.0385271522}",nan,0.0,[5.008034664924902],10.545540353999968,reliability_gated_ris_only
19,3846521747,vp_family,adaptive_jones_vp_proposed,-20.0,False,,28.223921273998712,0.00012845863396806776,0.6001673612358477,0.001990527368799455,2.051488303703021e-12,37.26356459213654,True,direct_vp,global_exact_spherical_vp,adaptive_jones,fixed_pol_anchor,1,4,16.992826518002403,27.413154012007,direct_vp,direct_vp,0,[],3096971.2155571138,3096568,True,30533.16283674206,3.283446011115373e+17,144.64363707872528,38888.77155743734,3096665.6748452573,3096666.870112408,[100.81511691519579],[0.009919147351089919],[1.907228925200389e-09],,nan,0.0,[5.008034664924902],10.046246344001702,reliability_gated_ris_only
19,3846521747,stage2_gate,direct_vp_only,-20.0,False,,27.679469787002745,0.00012845863396806776,0.6001673612358477,0.001990527368799455,2.051488303703021e-12,37.26356459213654,True,direct_vp,global_exact_spherical_vp,adaptive_jones,fixed_pol_anchor,1,4,16.349019181001495,26.785250127002655,direct_vp,direct_vp,0,[],3096971.2155571138,3096568,True,30533.16283674206,3.283446011115373e+17,144.64363707872528,38888.77155743734,3096665.6748452573,3096666.870112408,[100.81511691519579],[0.009919147351089919],[1.907228925200389e-09],,nan,0.0,[5.008034664924902],10.054724087000068,reliability_gated_ris_only
19,3846521747,stage2_gate,ris_jnpp_always_then_vp,-20.0,False,,45.99140165100107,0.00012845863396806776,0.6001673612358477,0.001990527368799455,2.051488303703021e-12,37.26356459213654,True,direct_vp_rollback,global_exact_spherical_vp,adaptive_jones,fixed_pol_anchor,1,4,16.186248191999766,26.39314664199628,jnpp_then_vp,direct_vp,0,[],3096971.2155571138,3096568,True,30533.16283674206,3.283446011115373e+17,144.64363707872528,38888.77155743734,3096665.6748452573,3096666.870112408,[100.81511691519579],[0.009919147351089919],[1.907228925200389e-09],,nan,0.0,[5.008034664924902],9.667214294997393,force_ris_only
19,3846521747,stage2_gate,reliability_gated_ris_jnpp_then_vp_proposed,-20.0,False,,28.919821650000813,0.00012845863396806776,0.6001673612358477,0.001990527368799455,2.051488303703021e-12,37.26356459213654,True,direct_vp,global_exact_spherical_vp,adaptive_jones,fixed_pol_anchor,1,4,16.65400214500187,28.174350558001606,direct_vp,direct_vp,0,[],3096971.2155571138,3096568,True,30533.16283674206,3.283446011115373e+17,144.64363707872528,38888.77155743734,3096665.6748452573,3096666.870112408,[100.81511691519579],[0.009919147351089919],[1.907228925200389e-09],,nan,0.0,[5.008034664924902],11.154215552000096,reliability_gated_ris_only
19,3846521747,jones_lambda,fixed_pol_limit,-20.0,False,,16.215017321999767,0.00012845863396806776,0.6001673612358477,0.001990527368799455,2.051488303703021e-12,37.26356459213654,True,direct_vp,global_exact_spherical_vp,fixed_pol,,1,6,4.83228767500259,15.318735480002942,direct_vp,direct_vp,0,[],3096971.2155571138,3096568,True,30533.16283674206,3.283446011115373e+17,144.64363707872528,38888.77155743734,nan,nan,,,,,nan,0.0,[5.008034664924902],10.1481678070013,reliability_gated_ris_only
19,3846521747,jones_lambda,lambda_1e4,-20.0,False,,20.754783157997736,0.0001064715253594833,0.597940725549705,0.011302182675530403,2.0129253491564294e-12,37.263575587278915,True,direct_vp,global_exact_spherical_vp,jones_regularized,,2,4,9.130400050999015,19.854610408001463,direct_vp,direct_vp,0,[],3096972.129362323,3096568,True,0.0,3.358412028545443e+17,143.2376826382629,39084.16346732987,nan,nan,[10000.0],,[1.9759058650562748e-13],"{""min"":5730382579.723005,""median"":5730382579.723005,""max"":5730382579.723005}",nan,0.0,[5.008034664924902],10.37649219100058,reliability_gated_ris_only
19,3846521747,jones_lambda,lambda_1e2,-20.0,False,,19.83020056500027,0.00010451486827793701,0.5979415423646527,0.011332897420084365,2.0092019333711375e-12,37.26357544886455,True,direct_vp,global_exact_spherical_vp,jones_regularized,,2,4,8.47331616700103,19.033637806001934,direct_vp,direct_vp,0,[],3096972.1178587186,3096568,True,29786.024496503815,3.3657728048431174e+17,143.23990123064326,39085.2157294189,nan,nan,[100.0],,[1.9393300705496337e-09],"{""min"":57302297.25761968,""median"":57302297.25761968,""max"":57302297.25761968}",nan,0.0,[5.008034664924902],10.223569124998903,reliability_gated_ris_only
19,3846521747,jones_lambda,lambda_1,-20.0,False,,19.68917151200003,0.00011779487412624994,0.5979409187449075,0.011307066623810869,2.0338139398096176e-12,37.26357010504838,True,direct_vp,global_exact_spherical_vp,jones_regularized,,2,4,9.115932636999787,18.82703908399708,direct_vp,direct_vp,0,[],3096971.6737346784,3096568,True,0.0,3.35848500632946e+17,143.23871372476347,39084.37375277493,nan,nan,[1.0],,[4.942183604080742e-06],"{""min"":573034.2633042334,""median"":573034.2633042334,""max"":573034.2633042334}",nan,0.0,[5.008034664924902],9.314264567001374,reliability_gated_ris_only
19,3846521747,jones_lambda,lambda_1e_minus_2,-20.0,False,,20.046104355998978,0.00013880210586855155,0.5979411224023994,0.011306015383824253,2.054771936435148e-12,37.26356827697818,True,direct_vp,global_exact_spherical_vp,jones_regularized,,2,4,9.290545561001636,19.26198713299891,direct_vp,direct_vp,0,[],3096971.5218039425,3096568,True,0.0,3.358503085749672e+17,143.23935855631285,39084.38333725449,nan,nan,[0.01],,[1.9380953059660824e-05],"{""min"":5730.331178642427,""median"":5730.331178642427,""max"":5730.331178642427}",nan,0.0,[5.008034664924902],9.659810849996575,reliability_gated_ris_only
19,3846521747,jones_lambda,free_jones,-20.0,False,,20.190869857000507,0.0001395260418850231,0.5979409843635988,0.0113029753075784,2.0551623044067332e-12,37.26356827751811,True,direct_vp,global_exact_spherical_vp,jones_free,,2,4,9.17398501199932,19.22209330500482,direct_vp,direct_vp,0,[],3096971.521848816,3096568,True,0.0,3.364539745774401e+17,143.23916430309512,39084.28125476438,nan,nan,[0.0],,[1.9768592015211398e-05],"{""min"":0.0,""median"":0.0,""max"":0.0}",nan,0.0,[5.008034664924902],9.700280855002347,reliability_gated_ris_only
19,3846521747,jones_lambda,adaptive_jones,-20.0,False,,27.485903739001515,0.00012845863396806776,0.6001673612358477,0.001990527368799455,2.051488303703021e-12,37.26356459213654,True,direct_vp,global_exact_spherical_vp,adaptive_jones,fixed_pol_anchor,1,4,16.565531894000742,26.68769907100068,direct_vp,direct_vp,0,[],3096971.2155571138,3096568,True,30533.16283674206,3.283446011115373e+17,144.64363707872528,38888.77155743734,3096665.6748452573,3096666.870112408,[100.81511691519579],[0.009919147351089919],[1.907228925200389e-09],,nan,0.0,[5.008034664924902],9.732011806998344,reliability_gated_ris_only
